0.00023626,0.26173875,0.00001351,0.86148387,0.99710250,0.10184289,0.03476273,0.07423275,0.82617843,0.00082354,0.29761475,0.07290410,0.00013369,0.00233480,0.00019906,0.55277479,0.00240889,0.44682926,0.00022661,0.59538567,0.00063750,0.18131122,0.62405914,0.09808189,0.28060427,0.55165642,0.00744907,0.00090597,0.23234068,0.99483538,0.31016275,0.16447733,0.00119946,0.06422610,0.00090957,0.09019846,0.00013447,0.00078634,0.11971346,0.00339249,0.81887656,0.57844764,0.00601665,0.56387824,0.03551219,0.02860183,0.28257126,0.88499933,0.15118395,0.14905627,0.11705195,0.00001885,0.78663248,0.00338482,0.39009264,0.27473339,0.49867344,0.09509572,0.04353208,0.07261452,0.08636025,0.97860253,0.95566952,0.51501513,0.00036285,0.92167544,0.99085361,0.00147895,0.01914611,0.26471493,0.04371918,0.30877382,0.93068713,0.72219658,0.61604869,0.81910378,0.82423747,0.12704206,0.46422836,0.08401930,0.96475899,0.03564250,0.31934190,0.07048386,0.97936082,0.22878395,0.42184171,0.06310961,0.17097504,0.07256196,0.98364794,0.20240782,0.00016063,0.89425522,0.09715006,0.26036254,0.80193543,0.55809826,0.00048028,0.93699932,0.01827913,0.10362922,0.00825447,0.00299264,0.45952380,0.00598469,0.00000402,0.00214187,0.11131551,0.00970461,0.09856216,0.40639618,0.14317200,0.21734481,0.00493283,0.00252155,0.03742393,0.00127660,0.00107860
0.00000393,0.38078785,0.00008240,0.02545622,0.99038923,0.07761326,0.02339445,0.01432698,0.61810338,0.00193921,0.00861331,0.27289063,0.00003100,0.00027468,0.00046892,0.83881509,0.04768369,0.00333133,0.00041101,0.81795728,0.00108516,0.86566478,0.90037107,0.05962044,0.09065810,0.19001354,0.00688413,0.00021938,0.17125507,0.95559049,0.80216932,0.73779833,0.00755566,0.04320829,0.36858678,0.35655534,0.00019226,0.02255709,0.25502956,0.05141488,0.08012672,0.69710451,0.14791441,0.24309173,0.42996228,0.14992622,0.04068836,0.92849445,0.82753706,0.03875035,0.28328168,0.00001407,0.68646324,0.02398552,0.00048964,0.01558254,0.36483401,0.53702134,0.06272195,0.03866938,0.03339965,0.96163779,0.99091852,0.48150501,0.00042342,0.02306141,0.33966905,0.00036869,0.01574264,0.54722691,0.02905030,0.47976995,0.85552680,0.80408645,0.00051328,0.84631693,0.25137055,0.06195190,0.95642400,0.17562936,0.99482536,0.06165168,0.63425243,0.68528378,0.99149817,0.34988168,0.00014732,0.06039800,0.74613482,0.06574644,0.96046847,0.42028722,0.00058383,0.78637069,0.25470638,0.35346675,0.43350202,0.39680743,0.00035948,0.01625294,0.00619317,0.42428160,0.00012365,0.02214849,0.73895156,0.00235870,0.00929680,0.00513676,0.15564024,0.14303055,0.41932034,0.00002586,0.01315602,0.22876878,0.00635850,0.03253935,0.14551467,0.58133471,0.00060911
0.00011582,0.68640476,0.00114135,0.92297626,0.92992181,0.13787638,0.41214237,0.00130761,0.88091230,0.03301992,0.00025869,0.80416459,0.00100328,0.00062136,0.02375367,0.62104839,0.73997849,0.06414641,0.00044137,0.29405496,0.04291370,0.00017821,0.82591003,0.04362065,0.11535704,0.20540124,0.04791056,0.00091507,0.07928777,0.93048495,0.12772967,0.94980103,0.09712853,0.00424772,0.26601890,0.07888165,0.00129752,0.03229873,0.06418301,0.26109695,0.66037792,0.36291793,0.26800820,0.53640199,0.19050995,0.82789785,0.21999986,0.90948939,0.08273759,0.02551539,0.16202825,0.00044447,0.00499095,0.09703239,0.19909875,0.08562431,0.04570896,0.40608892,0.07401201,0.08897717,0.09155289,0.96834302,0.90985274,0.41548443,0.00566686,0.71564603,0.00384863,0.00052146,0.03202035,0.41741338,0.52432078,0.35538229,0.00356048,0.91533434,0.28605026,0.62022513,0.00542306,0.01980525,0.80361909,0.31963196,0.88161904,0.08827874,0.25828138,0.74353296,0.79311311,0.12571353,0.14824903,0.80297446,0.86536026,0.27279752,0.98089331,0.27359468,0.04384065,0.56374288,0.60540074,0.20678097,0.51250523,0.57758224,0.00013377,0.90902418,0.00486818,0.25456822,0.00352615,0.06234647,0.70405507,0.02235457,0.01646196,0.01875865,0.42413214,0.00257026,0.00636205,0.00043004,0.02779812,0.10233668,0.08983206,0.00203376,0.14399235,0.00322934,0.00329058
0.00004537,0.30522543,0.01309353,0.01649245,0.55211294,0.12900677,0.89416564,0.00304505,0.60293663,0.22906467,0.02506817,0.84377986,0.00322517,0.00780034,0.07523455,0.78261250,0.52928168,0.45232511,0.00640816,0.01690665,0.00141025,0.68656129,0.84198719,0.00202098,0.21831459,0.21386692,0.40842763,0.00109820,0.30899927,0.79219794,0.00021386,0.48926279,0.14292398,0.00817202,0.55542701,0.51030231,0.00543547,0.05517332,0.03000703,0.00474097,0.42927071,0.46812701,0.00085164,0.27498993,0.42726800,0.46323401,0.31090376,0.93302447,0.00528979,0.01713821,0.19003397,0.00234596,0.00505710,0.00014335,0.91961461,0.86939436,0.01109256,0.30100149,0.26921698,0.07680833,0.62510687,0.53166008,0.01078510,0.08853022,0.03291922,0.05709475,0.99378127,0.02173643,0.23246606,0.49259609,0.35413715,0.69698071,0.05576642,0.67365098,0.98787683,0.19726864,0.01164364,0.11525875,0.00895613,0.22372833,0.15706722,0.34664729,0.92592013,0.01805611,0.00789779,0.09427276,0.05543858,0.11141149,0.47377598,0.39907157,0.87695873,0.33747190,0.04647524,0.14929721,0.64754051,0.09712587,0.53344053,0.66965753,0.00021838,0.03240445,0.02574035,0.69283283,0.00270297,0.00399899,0.43592075,0.12131649,0.00007292,0.01126805,0.58630550,0.00070485,0.01274623,0.22457702,0.10031477,0.11385518,0.01093748,0.03846037,0.12879616,0.17162608,0.01651824
0.00000033,0.29515165,0.04321620,0.92527902,0.32375473,0.13231921,0.49003968,0.04735359,0.05066152,0.02243093,0.24959190,0.45496544,0.03650128,0.01100414,0.19816969,0.41775286,0.00457375,0.02284836,0.06427088,0.14391106,0.00135733,0.99135494,0.63061857,0.07817671,0.35703138,0.42558059,0.00148116,0.00677532,0.42667168,0.33966753,0.06622619,0.00483328,0.02198790,0.07972694,0.00976500,0.37538451,0.01697141,0.08850120,0.01661772,0.02202541,0.81696522,0.42687494,0.00482916,0.47888878,0.44791925,0.01295623,0.61283779,0.82817101,0.17648636,0.02718140,0.08287240,0.03791216,0.05694338,0.09084444,0.01178888,0.24211451,0.43080223,0.55723792,0.07688675,0.01431113,0.38361740,0.50168657,0.03550737,0.07665400,0.00170004,0.48196441,0.29066831,0.02431062,0.21706650,0.56232673,0.18338078,0.71314281,0.39530590,0.29675758,0.00024200,0.33186990,0.05543092,0.22020991,0.01487668,0.15631002,0.19786386,0.35219526,0.11972074,0.01850069,0.00410004,0.22517791,0.40182239,0.02276934,0.58538187,0.45164564,0.72651744,0.07314206,0.04043017,0.15329938,0.16850631,0.27076718,0.53800410,0.66529763,0.11755648,0.84513724,0.11758855,0.50492984,0.00056066,0.01968049,0.69079053,0.08122176,0.01435470,0.01648970,0.53473568,0.00558084,0.41372231,0.06099109,0.26060393,0.19059844,0.00572503,0.01604357,0.30362222,0.27052549,0.01980409
0.00000229,0.38149440,0.00022140,0.00386104,0.27127182,0.12173681,0.66163182,0.06606703,0.76888049,0.00049402,0.36055455,0.22933201,0.00155421,0.00791017,0.10593778,0.20326839,0.02673460,0.37928405,0.02935679,0.77684283,0.00461486,0.00010124,0.65218049,0.04069554,0.48942655,0.45629787,0.00367247,0.00476853,0.48249403,0.09381189,0.82106483,0.00181727,0.05468533,0.16072568,0.02342869,0.31896701,0.00246155,0.30069056,0.11206137,0.05060447,0.25516233,0.48671916,0.21972825,0.46778795,0.14167038,0.01815767,0.16625041,0.39671782,0.52549505,0.14896418,0.05523955,0.00719218,0.29151469,0.18824148,0.44158202,0.08860205,0.84550881,0.38396674,0.07836755,0.43685284,0.11266921,0.41367173,0.71808976,0.23305495,0.00096899,0.07636096,0.00366625,0.05609358,0.13161500,0.26261851,0.36575744,0.68758744,0.65922385,0.20925489,0.41351923,0.46100724,0.55336708,0.01388044,0.36106730,0.29341018,0.63849705,0.09845179,0.52823812,0.03237505,0.88555789,0.12521385,0.32433084,0.00949523,0.41911310,0.37583736,0.55007142,0.01081648,0.01782251,0.09114696,0.07198976,0.32127422,0.25095081,0.51938331,0.28927881,0.01745416,0.07548366,0.25389564,0.00020775,0.13417621,0.57747310,0.16101654,0.05798763,0.05820724,0.10216606,0.21246429,0.73749185,0.67063993,0.55454874,0.19872142,0.00706831,0.03356984,0.20279886,0.00087335,0.02922167
0.00104888,0.35934421,0.00005882,0.65468794,0.32532609,0.04104937,0.29865953,0.14479128,0.82905853,0.00009238,0.03603080,0.26219094,0.00004564,0.02141663,0.04084361,0.50488251,0.16923214,0.07146680,0.00226842,0.63749647,0.01402883,0.40793979,0.39889070,0.10327576,0.53819460,0.45345858,0.09072284,0.00364692,0.30607563,0.13215928,0.10622428,0.34471127,0.00451002,0.12709825,0.12212403,0.12127025,0.00478468,0.23390453,0.07853360,0.03068144,0.59536541,0.43184668,0.02188117,0.24459358,0.02959031,0.06939553,0.29126704,0.41545996,0.08027688,0.49123052,0.01705740,0.00042627,0.59356451,0.00574999,0.40264720,0.57145959,0.41446248,0.57120204,0.02681633,0.00925958,0.05729870,0.52949512,0.91619307,0.04032673,0.00062854,0.23349133,0.58944070,0.04662548,0.02593258,0.14260903,0.17820996,0.59122211,0.77626979,0.54255867,0.07114233,0.51385498,0.10667605,0.01789613,0.70200408,0.32312909,0.77100146,0.02867594,0.32926902,0.22567452,0.94325876,0.10197676,0.09721700,0.06398816,0.24768740,0.05257660,0.44116655,0.00632988,0.00185066,0.25049338,0.03259841,0.13505633,0.31584594,0.60952914,0.01167403,0.33891639,0.03671477,0.48199856,0.00297213,0.02327882,0.60583550,0.04390378,0.00712538,0.07675734,0.01077107,0.10887646,0.05900735,0.72340882,0.53957587,0.27421132,0.00938983,0.02669881,0.28751656,0.01258532,0.00664018
0.00404235,0.40150517,0.00083423,0.00337175,0.37969908,0.03193030,0.61374921,0.04280972,0.32922870,0.00604513,0.00039813,0.19184585,0.00011706,0.04757049,0.01329019,0.49904221,0.59367341,0.00364799,0.00999252,0.35478374,0.09513389,0.43544281,0.42916390,0.22378372,0.54889071,0.40078533,0.29707050,0.01769440,0.42454365,0.18801588,0.00298459,0.89726329,0.07788366,0.08333986,0.76431632,0.05874822,0.01407460,0.33513966,0.06821702,0.05717636,0.02441723,0.36613443,0.57409149,0.20417334,0.06873935,0.80035192,0.24163006,0.50795025,0.04547388,0.36937171,0.00168274,0.00106521,0.02095413,0.09701338,0.17901693,0.29020518,0.10613982,0.42395458,0.23684493,0.00650186,0.28491485,0.40879211,0.60514867,0.10630313,0.00569886,0.02241538,0.06889259,0.46271628,0.04083625,0.12590295,0.27816254,0.74002969,0.03946014,0.55123568,0.00005272,0.71024430,0.00095249,0.05383809,0.54440397,0.45326614,0.58589119,0.01396032,0.14382046,0.71833873,0.75547814,0.09907984,0.00833606,0.07212374,0.57645583,0.12760341,0.42944112,0.01081157,0.04206460,0.25898236,0.00968598,0.12791044,0.19826402,0.54814178,0.13112848,0.00798754,0.11858389,0.42963114,0.01483373,0.16194887,0.55851692,0.23968047,0.01858953,0.06974360,0.00262207,0.11048034,0.16212556,0.34178630,0.54387265,0.42641136,0.04100461,0.09694570,0.44852883,0.79252470,0.10553722
0.23406248,0.51781690,0.05470035,0.92304599,0.29780239,0.01498907,0.80495369,0.01466432,0.01598288,0.31739992,0.01319808,0.44269520,0.01158521,0.57501459,0.00409307,0.58134389,0.38053074,0.06719800,0.00693700,0.01850465,0.16750926,0.00048069,0.45629102,0.14201133,0.35322472,0.54852068,0.50138557,0.12308977,0.20695037,0.33616543,0.00015638,0.34846908,0.08144324,0.06971615,0.03772420,0.09626664,0.07436042,0.11744899,0.00748875,0.00768189,0.91558921,0.18951693,0.04582210,0.34705237,0.00724402,0.37133470,0.59379935,0.17983778,0.00059052,0.26454768,0.00021095,0.00787846,0.07576040,0.03031502,0.22760104,0.77874720,0.04322301,0.16295569,0.22783604,0.36462411,0.77903086,0.53063083,0.00538614,0.06054607,0.14192796,0.65647209,0.08430834,0.32551622,0.02538242,0.13463591,0.20521368,0.80623037,0.00856216,0.42116901,0.89129949,0.22907501,0.00375445,0.01652237,0.00852481,0.42756221,0.02555289,0.01278464,0.08041138,0.28094411,0.00099145,0.23753262,0.02447082,0.54328328,0.37540758,0.04287237,0.50309581,0.01277831,0.04885302,0.58132172,0.01119302,0.08057453,0.25919241,0.59246016,0.26478356,0.77460319,0.13879612,0.39951715,0.03145212,0.13178103,0.78316033,0.48603231,0.00089363,0.18054669,0.00402621,0.03743323,0.02492983,0.40910318,0.65483761,0.38237324,0.20147616,0.02169267,0.44466689,0.00050422,0.25088787
0.57146806,0.50561196,0.00989231,0.00252787,0.19392388,0.01043567,0.58859897,0.02081128,0.02064552,0.09879598,0.52368033,0.10404330,0.01412045,0.07031153,0.00223762,0.03359810,0.02567515,0.28408816,0.00904345,0.07561362,0.02772751,0.98065770,0.49716678,0.02515150,0.30675349,0.70634604,0.18056969,0.36009896,0.14379779,0.46826798,0.13558765,0.00038754,0.00936953,0.27606601,0.57767832,0.17911252,0.00611756,0.23672567,0.03026361,0.00002575,0.48153898,0.55128872,0.00073617,0.11096424,0.00682809,0.00209174,0.40075836,0.12193321,0.00400764,0.17287278,0.00007873,0.00952554,0.53995234,0.00004502,0.64990735,0.52734894,0.51341975,0.53347689,0.08306921,0.00332368,0.27706185,0.38007894,0.04770296,0.01756654,0.35728830,0.04910422,0.95648247,0.17039652,0.02414003,0.00703770,0.16804554,0.89396995,0.26530805,0.19249080,0.16098037,0.69242883,0.50093240,0.01036758,0.13128833,0.28330940,0.43623534,0.10072804,0.10019070,0.00230664,0.00186012,0.07754377,0.05182508,0.00056766,0.22086582,0.00764477,0.25848415,0.01544761,0.02647849,0.58731222,0.00076429,0.08054142,0.15399840,0.78240293,0.32705396,0.02443281,0.21032792,0.19316801,0.05836661,0.02372957,0.87061137,0.26901656,0.00070825,0.40283200,0.00222591,0.01593552,0.20088999,0.74365664,0.57926428,0.66990149,0.35195336,0.40577590,0.48558584,0.50693536,0.16672288
0.46866211,0.50793874,0.00615633,0.99013436,0.25387955,0.00028344,0.13891973,0.24985580,0.68596548,0.00000847,0.04201773,0.04532103,0.03796478,0.22820568,0.00000972,0.92985481,0.00472876,0.00000521,0.00210443,0.27139732,0.08478323,0.33025327,0.62407267,0.13000400,0.17871097,0.53075552,0.01117994,0.19960798,0.08315028,0.32917553,0.89655793,0.00085495,0.00343869,0.58128154,0.01841713,0.04650502,0.00040345,0.37761921,0.00715190,0.00005633,0.92319113,0.41265738,0.00098361,0.19285989,0.00460464,0.00644207,0.20469671,0.65638590,0.86782622,0.10918996,0.00002424,0.00741781,0.94960165,0.11266323,0.01757641,0.01568909,0.97696555,0.50102228,0.01776461,0.14506838,0.06489218,0.58911771,0.86307579,0.02778895,0.57791817,0.88450676,0.35031360,0.04413371,0.22482724,0.07267508,0.04130715,0.74052137,0.97964048,0.34467405,0.00007975,0.44949797,0.68856710,0.00144869,0.90413392,0.07228789,0.86793447,0.06836995,0.07496961,0.01010657,0.43881279,0.24017535,0.66352648,0.00064275,0.19890051,0.00156770,0.46642429,0.00055760,0.00230986,0.96566749,0.00026614,0.06093365,0.40252730,0.87173045,0.06847624,0.91339958,0.00474021,0.03341789,0.01918562,0.10388840,0.90128815,0.10248251,0.06373465,0.08132722,0.00239932,0.38350758,0.36216575,0.03995689,0.42802787,0.59462571,0.24531887,0.15266462,0.46092051,0.04786189,0.03154934
0.04215751,0.29554209,0.00000427,0.00094359,0.38586536,0.00023873,0.13974117,0.15857936,0.99129212,0.00017619,0.00522270,0.28564176,0.00042738,0.03338697,0.00005014,0.11066417,0.64769119,0.77014905,0.00329540,0.92553496,0.03465242,0.00021158,0.57763380,0.16177787,0.07567801,0.59624898,0.32150468,0.09673881,0.04393261,0.28234106,0.50677532,0.75779438,0.00105057,0.22369011,0.16042015,0.21428874,0.00000411,0.29768649,0.00548701,0.00499252,0.33953705,0.52506000,0.83424985,0.02204023,0.00077986,0.92480749,0.06075935,0.40458757,0.11690415,0.54510516,0.00000090,0.00001933,0.30888736,0.00010139,0.32503328,0.10905789,0.74289471,0.67624366,0.01475998,0.15285119,0.02980054,0.52073383,0.99426901,0.03652400,0.20294651,0.02918147,0.02586089,0.01741276,0.01838840,0.00392234,0.10282707,0.93368083,0.93354803,0.16171850,0.86639982,0.70890981,0.65112132,0.00004493,0.85938787,0.40137613,0.98840773,0.00051485,0.91064143,0.81434220,0.99868518,0.13040633,0.42233157,0.00120015,0.35881799,0.00304317,0.27155155,0.00039006,0.00138543,0.93937719,0.00322208,0.05502181,0.28940508,0.69675773,0.03321374,0.00535162,0.00043739,0.55301106,0.04553054,0.03086980,0.93071210,0.02121942,0.00221469,0.01857740,0.00046683,0.34068337,0.11663003,0.69228315,0.29645067,0.75046545,0.17069943,0.09682637,0.59126234,0.00002530,0.00425906
0.02644491,0.45452273,0.00002237,0.96325278,0.10928338,0.00000744,0.19274758,0.27843362,0.96960807,0.17011611,0.00050844,0.37733406,0.00008217,0.03586909,0.00044666,0.54262996,0.09579106,0.00044486,0.00002804,0.52867752,0.08315002,0.91503978,0.88700467,0.06923033,0.16254777,0.41029060,0.11893958,0.09273638,0.06458225,0.52174336,0.00102630,0.95346600,0.00029829,0.07909369,0.69601685,0.08726209,0.00001461,0.24707639,0.00516358,0.09764008,0.96897030,0.50858140,0.04049764,0.00810787,0.00020642,0.55131173,0.28397435,0.80852097,0.00043545,0.69274974,0.00001994,0.00001035,0.14718360,0.00018669,0.81583887,0.88287741,0.06839965,0.55192059,0.01434592,0.00026926,0.05528183,0.45079908,0.97391933,0.00009571,0.02680973,0.89698601,0.97209942,0.00661837,0.00076168,0.02784555,0.10826011,0.98435074,0.83916545,0.49969998,0.00023114,0.69192630,0.00266882,0.00014596,0.85519624,0.15514390,0.96610814,0.00028562,0.03472245,0.79475099,0.97874278,0.18628541,0.35569769,0.01018528,0.69870055,0.00072520,0.20619895,0.00177730,0.00024565,0.99882025,0.00056962,0.00461133,0.55747467,0.96222234,0.01103148,0.94592404,0.00060806,0.71476322,0.08924217,0.03680028,0.76645035,0.02236879,0.00000225,0.04671613,0.00197068,0.01723839,0.00067737,0.81689006,0.77529335,0.45932531,0.02847629,0.02759690,0.21603973,0.54057759,0.00004343
0.00961837,0.16735519,0.00038175,0.75362110,0.06700681,0.01833019,0.37050813,0.02091982,0.74803281,0.00215140,0.05738484,0.21686569,0.00069456,0.03263790,0.00281778,0.52374285,0.12370383,0.04894124,0.00358413,0.67384964,0.07774653,0.21424350,0.29616150,0.09550897,0.09619623,0.87980479,0.02931224,0.01339506,0.43027791,0.05082759,0.09743934,0.23316550,0.00449686,0.45531327,0.34680846,0.13074316,0.00245222,0.43418613,0.12879500,0.00749642,0.67025799,0.20843111,0.03320614,0.68227184,0.01453664,0.21556850,0.23490258,0.25404572,0.08914792,0.94343090,0.25546953,0.00055976,0.24138398,0.03463408,0.03515600,0.75840586,0.41524011,0.17510560,0.01982193,0.04083314,0.02608377,0.13808084,0.86084378,0.03233087,0.00937564,0.71456933,0.50062394,0.01760840,0.01574996,0.35407415,0.04816667,0.72276425,0.48385379,0.34753960,0.14497088,0.32919922,0.14330736,0.00246300,0.57370383,0.74238878,0.93506664,0.06597681,0.57388788,0.12730016,0.83682507,0.01931153,0.08070317,0.06649339,0.28333452,0.03124238,0.02469840,0.03429734,0.00286434,0.04506022,0.04709867,0.35116139,0.56987441,0.20201185,0.00367969,0.58260095,0.02161213,0.56506526,0.08061761,0.05433332,0.39667383,0.03085319,0.00126265,0.03483674,0.01766521,0.10626949,0.05971314,0.28418568,0.78288251,0.82903105,0.05105242,0.44331685,0.62173730,0.00984516,0.00862140
0.01904812,0.52302259,0.00064826,0.17930584,0.05180664,0.02642542,0.21778347,0.02529237,0.73984039,0.00256489,0.03943695,0.13612148,0.00069123,0.04356324,0.02411721,0.57835102,0.25932547,0.06067937,0.01408467,0.67212361,0.05697262,0.49156886,0.25725970,0.12942982,0.09538485,0.83416766,0.03255780,0.01970356,0.30386081,0.05640149,0.11268613,0.37435645,0.01112637,0.58249360,0.43473980,0.07787939,0.00333668,0.57333434,0.16879480,0.04416528,0.35655415,0.31675944,0.07004049,0.73739368,0.06274781,0.25643355,0.14072005,0.38665640,0.06514730,0.86314887,0.13543631,0.00151788,0.15475668,0.01901061,0.04995159,0.43550533,0.33914837,0.24346963,0.02864941,0.06684859,0.01428306,0.15259638,0.87256396,0.05074837,0.01897127,0.14147860,0.42148125,0.02294827,0.04556639,0.42194641,0.06047131,0.79824626,0.55187523,0.43132967,0.02687324,0.38781622,0.07363315,0.00443100,0.47203541,0.79220009,0.88442677,0.04107046,0.68122697,0.05469966,0.88867623,0.01866475,0.12749809,0.04307607,0.28163052,0.05835302,0.02611056,0.01699934,0.00493339,0.03664017,0.02345802,0.27793184,0.44772366,0.30320391,0.00482055,0.10011066,0.01398902,0.43523854,0.18769129,0.06302589,0.63039827,0.01434976,0.00357780,0.02044766,0.01549757,0.08033641,0.15263957,0.34249792,0.73851788,0.57556915,0.03032481,0.08646238,0.63448131,0.08748560,0.00970167
0.00572368,0.50438690,0.00042842,0.84541559,0.11399718,0.02909074,0.16121449,0.02031010,0.81993783,0.00446360,0.02529361,0.12754321,0.00063983,0.05241575,0.01349971,0.52477920,0.20590907,0.07846103,0.01028247,0.54199439,0.22824337,0.14359468,0.19776817,0.14875758,0.09018870,0.89236194,0.01541883,0.02778947,0.32263163,0.04298276,0.06066822,0.32182595,0.00585699,0.29995820,0.46328795,0.25470346,0.00201006,0.49734780,0.18452288,0.02284536,0.68656218,0.14564461,0.08051442,0.74074835,0.02844675,0.45505309,0.12234972,0.59309977,0.08630204,0.87310272,0.08730768,0.00111587,0.19129087,0.01359051,0.09794077,0.62643856,0.29300812,0.33975652,0.09662570,0.06024003,0.03601418,0.28417826,0.74957508,0.02234028,0.02703021,0.43530607,0.29844666,0.01040751,0.01562296,0.48326445,0.05849422,0.86829931,0.47470090,0.40406746,0.08622392,0.31881049,0.06058238,0.00354002,0.54950571,0.82527584,0.76525021,0.03576625,0.60389245,0.21821326,0.83939677,0.03183520,0.15301859,0.02912583,0.33535680,0.02677200,0.09350809,0.03274643,0.00475719,0.05385780,0.04828049,0.45643145,0.46066546,0.24312665,0.00409410,0.54058731,0.01382342,0.54386830,0.06663374,0.05996289,0.67685831,0.02741676,0.00631491,0.00570628,0.02549922,0.11006758,0.08812825,0.29784203,0.83961231,0.60948771,0.05167457,0.11813107,0.70215249,0.00416445,0.00552023
0.00757602,0.29916468,0.00051627,0.15071675,0.07968872,0.02712762,0.34418526,0.01526830,0.79440707,0.00332137,0.04459395,0.15749121,0.00075425,0.03495590,0.01561414,0.74255604,0.40201482,0.09037153,0.00605916,0.38259536,0.05000194,0.16058117,0.13677034,0.15200841,0.09758270,0.83600450,0.01463704,0.01249805,0.44733402,0.03704968,0.08737094,0.20376553,0.01259024,0.47275239,0.49514061,0.23401888,0.00183589,0.65143079,0.20481661,0.02270399,0.50194699,0.26215747,0.03753339,0.81130886,0.02219742,0.10586812,0.15793182,0.42197233,0.06790937,0.92872226,0.11826532,0.00247523,0.23069511,0.01468606,0.30485743,0.65418315,0.16880749,0.28012532,0.03763938,0.03629304,0.04747774,0.34000212,0.74953145,0.04403763,0.05659281,0.22295298,0.78993964,0.02573657,0.02429515,0.68587810,0.02990538,0.59877980,0.41199723,0.31009203,0.27707559,0.55104780,0.01790118,0.00863848,0.36814296,0.74052125,0.85751420,0.02591450,0.55579644,0.17240193,0.82648611,0.03654995,0.10220239,0.04332896,0.45400661,0.05670377,0.04749854,0.02666627,0.00899509,0.08984133,0.03307670,0.16396344,0.44079235,0.24655585,0.00261341,0.09754574,0.03170882,0.55173999,0.08781026,0.06722509,0.70477968,0.01326016,0.00147490,0.00690512,0.04095108,0.12594083,0.06468933,0.39002290,0.87280017,0.61458087,0.11215502,0.13290328,0.70346701,0.14924055,0.00718535
0.01085522,0.18497722,0.00104510,0.62930477,0.06596163,0.06067087,0.26505232,0.01245018,0.76072180,0.00416597,0.07789857,0.16838309,0.00056075,0.01011238,0.01122460,0.66162854,0.31782880,0.03098907,0.00942716,0.41203234,0.08436896,0.12769733,0.27044171,0.17066866,0.08918852,0.83715916,0.00604532,0.02738061,0.44635293,0.06324070,0.23741591,0.23240268,0.01100577,0.72849947,0.70448709,0.14120905,0.00267539,0.67570984,0.16633850,0.02534285,0.45446593,0.18848234,0.03079603,0.89277649,0.01210125,0.15174441,0.17638569,0.59239978,0.06790744,0.89167196,0.31282005,0.00236214,0.11687121,0.03855258,0.08927058,0.39484936,0.26145962,0.28422853,0.03927546,0.15391858,0.17615755,0.33182415,0.73411477,0.07388240,0.03841195,0.28134131,0.48474222,0.00934439,0.02380866,0.44172168,0.01521566,0.62025589,0.16273755,0.51197875,0.02598426,0.38292447,0.03242982,0.02573816,0.17115940,0.55620092,0.75401062,0.04543887,0.33136523,0.16295406,0.81802285,0.02631247,0.19143964,0.03366627,0.38114867,0.09457435,0.10265773,0.01629067,0.02370098,0.21309151,0.05443579,0.18099873,0.44875687,0.22801341,0.00476557,0.56970805,0.02257780,0.57525736,0.12388925,0.07468752,0.86355007,0.01906552,0.01146393,0.00392567,0.03467701,0.04791443,0.07963465,0.27684489,0.87939292,0.54196101,0.10125411,0.10986371,0.35218397,0.09353877,0.01306840
0.00346579,0.42635226,0.00041245,0.17593598,0.07023301,0.06488852,0.33392286,0.02150680,0.77866590,0.00301776,0.03822894,0.15841651,0.00091285,0.02824527,0.00742658,0.73005700,0.16546524,0.05450780,0.00391895,0.59617108,0.02342206,0.07510955,0.27005392,0.22322443,0.09229658,0.89145011,0.01886147,0.01497911,0.34975922,0.05222638,0.10058680,0.26823726,0.01330056,0.59306729,0.54400587,0.19187045,0.00125059,0.60438490,0.22718182,0.02923409,0.48497501,0.28978434,0.05303295,0.46981451,0.02204186,0.08171176,0.18162423,0.65508485,0.05704840,0.90416384,0.06275959,0.00100266,0.16387345,0.01676498,0.06708146,0.57738316,0.35230061,0.38582891,0.04524507,0.05382653,0.06266326,0.28265569,0.75754654,0.08082931,0.04737947,0.25201583,0.44564897,0.00943246,0.01934296,0.37030777,0.03045907,0.62167001,0.55410463,0.54931849,0.41506773,0.26602036,0.18207622,0.01141061,0.35739923,0.67503601,0.62486786,0.05927309,0.70740837,0.15015042,0.56903166,0.03266394,0.08499211,0.03737258,0.37472180,0.06935320,0.32169417,0.01487689,0.00741596,0.05923650,0.06755916,0.17009565,0.58414191,0.14851286,0.00716994,0.07576261,0.01128690,0.57659191,0.13344765,0.07187033,0.61029863,0.04463836,0.00702478,0.01226628,0.02468092,0.08560557,0.06826036,0.25908279,0.84695262,0.53778201,0.06720806,0.21087661,0.50539279,0.00212982,0.01637851
0.00650915,0.29409704,0.00023419,0.18018237,0.13531600,0.04957438,0.29250368,0.01390933,0.67620713,0.00285710,0.03132519,0.16637789,0.00086800,0.05295290,0.00870571,0.73185718,0.15217982,0.03528665,0.00311052,0.41139114,0.03699317,0.25336719,0.22541821,0.16778328,0.11403341,0.80993778,0.01545474,0.00997363,0.58204621,0.03676656,0.16023183,0.17974067,0.01531329,0.54536992,0.35805684,0.09106649,0.00147287,0.58679777,0.27220669,0.02933433,0.48395291,0.24893732,0.04311172,0.61767888,0.02395063,0.13300464,0.23171736,0.50013363,0.09298307,0.83077508,0.02774122,0.00048816,0.10319570,0.02027070,0.18397991,0.61818570,0.27362424,0.33440223,0.02074218,0.11566716,0.01975618,0.34788048,0.92533755,0.05215936,0.02300530,0.16477072,0.50528651,0.01659799,0.02077709,0.44146264,0.02000844,0.70723248,0.42672253,0.44379371,0.03292635,0.23647241,0.04431862,0.00776995,0.24004681,0.59344995,0.79569715,0.07720637,0.55106407,0.22781868,0.83790308,0.03670767,0.14604434,0.02068434,0.26154220,0.09545068,0.28185648,0.02476808,0.00344334,0.15626982,0.04777348,0.10038052,0.47665119,0.32799700,0.00305849,0.19811025,0.01196790,0.38041377,0.14927372,0.05594496,0.50513607,0.02787269,0.00173797,0.02112809,0.03494024,0.06041592,0.11970620,0.26640889,0.76090831,0.68751204,0.04815778,0.17342822,0.46223235,0.02696829,0.00326409
0.02334296,0.52469522,0.00089754,0.32268402,0.18391925,0.10907204,0.17911828,0.02519934,0.65089029,0.00405587,0.02315391,0.21899039,0.00050992,0.03771480,0.01430127,0.57274073,0.18606061,0.06730627,0.00311891,0.62071466,0.12767392,0.19581677,0.50070548,0.18026780,0.25169230,0.45458511,0.02371545,0.01936876,0.39123785,0.17707919,0.06800085,0.20698620,0.01277997,0.16692032,0.13208427,0.12288768,0.00170914,0.36302525,0.21157724,0.03104348,0.56608373,0.37452123,0.05216336,0.48403284,0.03251453,0.21515094,0.10787240,0.72618055,0.07370019,0.68398237,0.07251099,0.00054648,0.17686686,0.01168085,0.20290306,0.56747872,0.41681874,0.37210605,0.02648473,0.04209500,0.05603822,0.37765598,0.79610723,0.09478357,0.01539465,0.31489727,0.48752961,0.03621423,0.02335977,0.47792011,0.17198808,0.46604919,0.54728055,0.50895530,0.04772266,0.32924411,0.05155616,0.01178830,0.42613819,0.43822378,0.82454747,0.05224349,0.45125470,0.21725288,0.74901170,0.07044210,0.21573786,0.02493448,0.35389242,0.05347187,0.41775867,0.03196144,0.00499446,0.11833633,0.09074913,0.19905318,0.48932150,0.37828583,0.01095969,0.20346150,0.00996140,0.54960650,0.33159676,0.03997675,0.47169501,0.02635993,0.00166103,0.06228653,0.06573658,0.08855141,0.07927445,0.59311187,0.68415123,0.30110282,0.04618819,0.03701758,0.17608632,0.02218176,0.00872759
0.02138285,0.46247962,0.00056119,0.26651484,0.16919456,0.10106588,0.20886426,0.02663970,0.78947216,0.00240007,0.02325341,0.20516957,0.00051434,0.03900503,0.00923912,0.67849749,0.16898359,0.05920880,0.00311964,0.55341601,0.05778738,0.28036159,0.46543825,0.23036245,0.46899843,0.46275055,0.02629673,0.01541262,0.22225901,0.09974451,0.08483116,0.33435133,0.00768087,0.13538162,0.23865595,0.06629299,0.00205810,0.44980240,0.22713096,0.01923813,0.56479800,0.40841812,0.02968510,0.62142199,0.02946110,0.18029346,0.17302731,0.60086274,0.04066257,0.83705616,0.03050139,0.00047976,0.15041038,0.01739774,0.21555035,0.55365515,0.55899912,0.36516860,0.02397323,0.05015524,0.06550564,0.37721956,0.73939729,0.05517974,0.01524597,0.25655144,0.47775608,0.02839516,0.02261658,0.36210391,0.10378140,0.53697175,0.63596314,0.54553527,0.07416732,0.40813595,0.08284631,0.00752108,0.43121454,0.31916752,0.72334826,0.06730752,0.38374698,0.19482966,0.81643385,0.05192312,0.17767604,0.02319233,0.35042301,0.06820484,0.44662988,0.02347852,0.00385287,0.11960442,0.04470286,0.17720212,0.43148968,0.35800394,0.01227178,0.18322459,0.01542799,0.43127197,0.37886801,0.05009792,0.44633916,0.03200870,0.00151945,0.05458623,0.05624520,0.09994003,0.06487012,0.48910668,0.71015114,0.20430565,0.01884327,0.02105290,0.25227222,0.05108632,0.01010880
0.02178678,0.51121539,0.00058273,0.19969276,0.12717763,0.05803033,0.25054604,0.03145678,0.75622338,0.00330380,0.02314526,0.19296044,0.00038038,0.03721917,0.00757828,0.60042083,0.10506428,0.05098497,0.00258724,0.55816364,0.10591690,0.24290997,0.34688514,0.32324496,0.26256776,0.54540980,0.02674125,0.01355157,0.39231727,0.10139625,0.13480905,0.35433283,0.00911255,0.11005725,0.17217875,0.13052864,0.00207323,0.27432638,0.30897099,0.01832549,0.54486108,0.47969908,0.02112284,0.55876994,0.03183656,0.19361906,0.08871600,0.71532500,0.06854617,0.75987804,0.05820809,0.00085965,0.27066717,0.01690798,0.22861621,0.34111193,0.47658071,0.31657755,0.02536544,0.04760447,0.04620527,0.53209406,0.76324970,0.09918649,0.01341686,0.25528565,0.42415902,0.02848883,0.04718722,0.49081069,0.15850672,0.48351657,0.59102589,0.59438056,0.04749772,0.23790914,0.06319844,0.01174460,0.44296905,0.36918083,0.86042130,0.03929008,0.35006279,0.11946406,0.81687802,0.06407084,0.26482436,0.04603482,0.35647863,0.08703391,0.45030504,0.01900588,0.00395630,0.17541914,0.09432796,0.22964323,0.28125903,0.39095330,0.00748932,0.16307944,0.01601278,0.51013124,0.37806201,0.06558044,0.53383678,0.03025638,0.00131665,0.07173204,0.03437856,0.13488030,0.07160148,0.41766164,0.56972259,0.25957111,0.02577063,0.02529876,0.31562638,0.03610438,0.01617023
0.01481241,0.40793243,0.00049762,0.17531605,0.18416305,0.07744755,0.24495177,0.04977737,0.79330629,0.00276224,0.03065002,0.25632146,0.00050702,0.04194067,0.01022819,0.62302780,0.08860775,0.06552120,0.00281128,0.50029111,0.05496497,0.16119359,0.33019745,0.16930516,0.26032245,0.42626485,0.03198164,0.01041845,0.33918875,0.10400414,0.13329063,0.19542453,0.01861905,0.24011272,0.16666488,0.10574872,0.00159910,0.37065783,0.30162603,0.03374057,0.37504676,0.43440193,0.04502914,0.58853501,0.02646393,0.13889447,0.10468492,0.71774912,0.04119305,0.82350761,0.07322533,0.00041069,0.20127061,0.01038845,0.26120704,0.55886436,0.43071982,0.32398596,0.03010344,0.03790658,0.07540404,0.36696678,0.65944707,0.08768175,0.02254593,0.25333288,0.46829826,0.01756771,0.02645705,0.48201016,0.14760070,0.50816137,0.54113978,0.41715020,0.10067675,0.33539826,0.08054235,0.01045344,0.41152865,0.31293333,0.82149291,0.04123200,0.43657944,0.19669220,0.83481693,0.08510272,0.13798709,0.03827884,0.31263220,0.06004797,0.51969820,0.03149923,0.00900407,0.10466963,0.09225506,0.22961281,0.37549508,0.24965580,0.01076365,0.21464036,0.01097241,0.54001760,0.28510326,0.06807151,0.60809940,0.01658680,0.00200351,0.08637276,0.03982607,0.06801326,0.07273142,0.36851406,0.55784976,0.18573596,0.01989305,0.02728750,0.19581953,0.02460790,0.00797866
0.01960567,0.49669713,0.00073362,0.16502373,0.18355958,0.08896029,0.19500427,0.02994663,0.78681976,0.00524809,0.04172385,0.28850967,0.00070961,0.03284880,0.01235734,0.65370888,0.14617501,0.07984390,0.00401791,0.66729164,0.05597864,0.31689158,0.33994636,0.26967949,0.39196312,0.36710939,0.05189183,0.01223045,0.21265808,0.09747388,0.11452385,0.26309687,0.00908507,0.21318565,0.23086007,0.08748147,0.00149865,0.45232630,0.23878531,0.02011665,0.44401622,0.44098926,0.03020171,0.41482133,0.02170258,0.12117703,0.11659794,0.75401276,0.04689299,0.81000131,0.03145858,0.00078073,0.28056347,0.01770512,0.28314891,0.40676096,0.53066677,0.33922702,0.02696505,0.03434058,0.08727516,0.51208925,0.70080733,0.07381254,0.01477609,0.29802996,0.48749816,0.02439197,0.02575581,0.31411353,0.10126472,0.48246560,0.53259832,0.42988053,0.06987903,0.38167560,0.06261396,0.00851587,0.34357676,0.35984287,0.78477722,0.07343807,0.44099954,0.22388189,0.77366257,0.06487302,0.17782016,0.03749463,0.36862361,0.09001647,0.36809960,0.01413806,0.00794312,0.15402389,0.08749333,0.21222334,0.29332405,0.36066359,0.01810218,0.19306612,0.01464784,0.59356749,0.33979747,0.02775488,0.40310481,0.01597145,0.00225246,0.03740388,0.04446884,0.09390843,0.12413196,0.58450741,0.68216217,0.22925220,0.02083760,0.03587304,0.18035839,0.04074939,0.01459707
0.01441378,0.41957974,0.00090556,0.20244394,0.12832722,0.06210735,0.21612288,0.02835017,0.64778459,0.00224768,0.02303444,0.19196291,0.00068467,0.04092209,0.00787641,0.70287949,0.13274182,0.03798401,0.00196583,0.48679385,0.08887517,0.17417252,0.40551242,0.18376783,0.28515065,0.46543646,0.03406170,0.01373935,0.33062834,0.16968273,0.14109007,0.18873475,0.01076589,0.15540591,0.12831523,0.08302514,0.00156632,0.27883273,0.21127777,0.03248736,0.41804340,0.50303340,0.04017342,0.38848296,0.01941493,0.09831333,0.10278294,0.61904514,0.08337320,0.83466321,0.06022978,0.00047194,0.16916580,0.01884822,0.36240959,0.56205368,0.40133247,0.27707922,0.03869282,0.04110340,0.04073798,0.38867450,0.80996794,0.04718773,0.01067697,0.16208614,0.47125700,0.03302479,0.02952625,0.47390339,0.14339183,0.57783043,0.55578697,0.58838552,0.04078628,0.45737514,0.07610370,0.00640507,0.51304120,0.32056171,0.78240049,0.09455736,0.37421253,0.23724325,0.78615957,0.08953814,0.22048916,0.02337816,0.26528263,0.09067599,0.38355434,0.03402705,0.00783305,0.08796924,0.10291087,0.17825972,0.28721821,0.23024835,0.01300330,0.20332104,0.01958313,0.42311382,0.32860321,0.03124961,0.39423755,0.02725878,0.00220271,0.07030522,0.04888659,0.07641666,0.09748056,0.55773979,0.74794149,0.23361532,0.04757364,0.02221257,0.17892209,0.04172268,0.00713938
0.02495167,0.34455833,0.00041304,0.38583821,0.10103834,0.09410500,0.38732439,0.03739290,0.83439571,0.00174927,0.01485013,0.29283831,0.00058961,0.05515579,0.02322029,0.43903810,0.15866360,0.09514851,0.00159128,0.45616308,0.07992407,0.04078113,0.32224527,0.22473009,0.21659310,0.37666181,0.06289036,0.01268823,0.33717415,0.13927872,0.12367357,0.38433820,0.00967219,0.22050995,0.17876428,0.11953742,0.00242195,0.48863536,0.19760795,0.01594201,0.54173195,0.43273249,0.02114584,0.70188665,0.04787242,0.18105334,0.08344045,0.53988510,0.04773611,0.74010193,0.03438582,0.00100433,0.13728669,0.01737213,0.25179210,0.53810209,0.33419883,0.16634344,0.02712910,0.04330179,0.07524326,0.47439343,0.77351964,0.05093153,0.01500842,0.14255151,0.77046883,0.01706530,0.01378603,0.56244999,0.24986170,0.48007211,0.55177027,0.27044222,0.06908264,0.36474779,0.08462403,0.00537266,0.40015727,0.48497152,0.84650767,0.10810224,0.24867666,0.21522099,0.81204075,0.06931178,0.15313439,0.02736896,0.22332618,0.04556814,0.23091149,0.03339543,0.00589643,0.03614559,0.09636666,0.09736707,0.38321739,0.20570743,0.01047216,0.13878310,0.04433747,0.46803960,0.25387192,0.03632580,0.51664388,0.03003916,0.00412757,0.05098299,0.04552738,0.08523370,0.15811017,0.56046981,0.80832165,0.17627901,0.04106046,0.02453912,0.29706058,0.04117740,0.01225378
0.01090988,0.38052753,0.00046350,0.10946662,0.06532082,0.05958837,0.12551741,0.03831936,0.96454394,0.00285413,0.03007895,0.35683280,0.00064701,0.02593083,0.04378900,0.69524413,0.19395335,0.02464489,0.00259946,0.67880267,0.09337907,0.15490133,0.24685043,0.09860624,0.26563054,0.47132942,0.03420023,0.00997186,0.19697371,0.20351774,0.11175022,0.16884096,0.04181063,0.37375674,0.27002835,0.15860605,0.00235655,0.31936547,0.08901154,0.00679599,0.34764197,0.47671667,0.00540004,0.54334843,0.01793144,0.20604613,0.10052539,0.68140775,0.09706616,0.50329274,0.05659673,0.00086611,0.66358626,0.00933787,0.13291626,0.79314840,0.46610031,0.33361706,0.01192420,0.02142108,0.14152199,0.12160201,0.77119243,0.17130737,0.02815195,0.22190902,0.55922055,0.03208097,0.03631385,0.32044461,0.04272891,0.93368828,0.74651271,0.63894480,0.00467872,0.22261739,0.11742780,0.00563765,0.42859247,0.77028471,0.98695117,0.07188457,0.20235255,0.30004409,0.91768384,0.06969529,0.45782685,0.15637405,0.06631765,0.17079435,0.11017881,0.00995944,0.01920156,0.00670533,0.01886148,0.11706533,0.44950193,0.23338500,0.01365865,0.05916071,0.03220465,0.32843095,0.34178215,0.03034957,0.14153692,0.01818638,0.00434275,0.04677576,0.02033691,0.13535333,0.03826379,0.84926170,0.79715508,0.06916799,0.04583473,0.03571824,0.94979841,0.07761283,0.01001251
0.01809704,0.17403530,0.00031022,0.50061935,0.41509318,0.00794164,0.18956023,0.03501803,0.99901867,0.00310779,0.00201972,0.85534102,0.00028398,0.08058122,0.07011034,0.27674702,0.14315055,0.17985784,0.00307649,0.29997632,0.06052363,0.10251211,0.25382787,0.10739212,0.18584818,0.79845256,0.04516847,0.01819820,0.13722256,0.06927168,0.04714607,0.82580531,0.01738356,0.21765409,0.42211223,0.23829679,0.00334342,0.10378792,0.02770450,0.01517694,0.47348955,0.49957675,0.02662529,0.85193354,0.00996047,0.39482844,0.02046197,0.95403469,0.01932641,0.93134391,0.05185689,0.00123676,0.13462847,0.06657945,0.06779160,0.96245730,0.92924654,0.59558755,0.01492601,0.17252415,0.36735311,0.17038348,0.63934439,0.83877838,0.03238766,0.30530041,0.10258248,0.01760211,0.02732309,0.92744756,0.01833323,0.57671118,0.92416853,0.90199709,0.48789257,0.38884917,0.06670491,0.02312299,0.14796697,0.23762870,0.70613021,0.04400828,0.18001649,0.44274753,0.73267460,0.06526403,0.24662618,0.02378198,0.00720213,0.34808415,0.90993178,0.00836130,0.07359177,0.01777207,0.01011306,0.01915110,0.03920805,0.16118234,0.00786918,0.45643595,0.02457035,0.46018246,0.71930003,0.04528342,0.59810638,0.02586867,0.08910681,0.04479685,0.05356479,0.22410023,0.01377574,0.33018309,0.96126002,0.02131435,0.02912353,0.01042544,0.98926526,0.02662974,0.01487653
0.00612066,0.23495562,0.00039376,0.00841906,0.31066200,0.01718134,0.57966155,0.01597304,0.96959215,0.00377579,0.01045703,0.83165812,0.00078407,0.11998437,0.06634017,0.18316956,0.60689789,0.43451160,0.00982307,0.24247779,0.05458487,0.72034484,0.31917664,0.05974292,0.59029812,0.72850114,0.04787021,0.00522139,0.28239506,0.02511901,0.02043730,0.76492542,0.02795595,0.21360689,0.94414204,0.25632793,0.00369143,0.05772243,0.09419696,0.14513892,0.70320237,0.67112470,0.00928914,0.73363531,0.01837787,0.02045592,0.02638959,0.89357096,0.00305406,0.89062864,0.12804742,0.00294957,0.32010648,0.02453348,0.12459593,0.88411313,0.92519021,0.87774289,0.01138339,0.34217075,0.21045309,0.10356341,0.84336209,0.77045542,0.00958021,0.02189172,0.98603755,0.02322436,0.01018075,0.77736485,0.03282382,0.42721075,0.15500619,0.73281246,0.06320442,0.10139940,0.30746743,0.03841910,0.52754384,0.54881048,0.77401298,0.03849622,0.23724551,0.35652000,0.70835829,0.04730931,0.19294457,0.04671517,0.01030311,0.77465570,0.46716875,0.00914975,0.13442864,0.02484642,0.01438309,0.07772306,0.10087901,0.70508337,0.01317064,0.00350287,0.01517510,0.29781741,0.22619721,0.32882938,0.24147207,0.01387599,0.00001778,0.02943138,0.06629576,0.11025896,0.00933263,0.75346959,0.91588980,0.02556626,0.00346318,0.00845619,0.97682154,0.17625192,0.03181578
0.02159396,0.28193697,0.00209862,0.63177276,0.20631410,0.03778154,0.38759223,0.01194959,0.97774464,0.01437392,0.12965401,0.70344561,0.00235961,0.24187540,0.02909909,0.73210877,0.05552465,0.00050839,0.00829528,0.04804936,0.01468427,0.57675999,0.35249040,0.07538562,0.30137450,0.40224478,0.00813013,0.00828742,0.75122958,0.01475839,0.08966642,0.26968935,0.07499065,0.46371663,0.66339117,0.03341047,0.03022105,0.04507102,0.06878621,0.01440502,0.71326160,0.44884712,0.00791922,0.74596506,0.10002338,0.00702190,0.07519918,0.95925921,0.03686295,0.96841437,0.20685957,0.00357135,0.34118631,0.44783279,0.02229925,0.12099177,0.21806134,0.26723671,0.00202487,0.08905242,0.35160848,0.10558454,0.44884863,0.42211580,0.06726445,0.86881715,0.21630003,0.02808570,0.07966176,0.89895916,0.04945910,0.35767442,0.13283883,0.82961071,0.01216377,0.36724851,0.03500365,0.10411891,0.58555984,0.54927683,0.22186334,0.15758669,0.02019596,0.65279961,0.17400160,0.33704603,0.58695060,0.04942545,0.04194679,0.51022905,0.48548612,0.01859043,0.21686190,0.06531889,0.01482379,0.15452552,0.68484581,0.66127723,0.06148105,0.63758886,0.01981431,0.34139225,0.29102850,0.19456716,0.08812875,0.02943587,0.00377709,0.03552680,0.04439903,0.10249915,0.01557792,0.30023694,0.91402262,0.03652698,0.00173764,0.00566730,0.91118181,0.26589426,0.00547787
0.00994395,0.43387213,0.00166810,0.04612445,0.18708983,0.06474306,0.39870873,0.00507723,0.61444825,0.00352300,0.15903457,0.65811253,0.00064151,0.23244999,0.00350578,0.47208592,0.64063537,0.42037103,0.01795415,0.09410990,0.02535657,0.06723964,0.14643173,0.23952170,0.16893867,0.43131462,0.06628906,0.01268938,0.68325025,0.04834612,0.21310122,0.06068150,0.01247429,0.75616443,0.30118486,0.12160731,0.00831613,0.11107508,0.22630195,0.00527324,0.33808878,0.25733548,0.14458576,0.81568736,0.07366859,0.11972211,0.15016243,0.88041025,0.47570717,0.90339023,0.18232082,0.00230420,0.63615662,0.02338604,0.04874299,0.34161910,0.41888350,0.38424546,0.01442509,0.15247717,0.42710599,0.21551307,0.84487867,0.71369183,0.03526553,0.02288709,0.01105881,0.01133397,0.00832421,0.64991188,0.15916626,0.69704258,0.79130197,0.57890135,0.60836130,0.16951481,0.30168542,0.03402687,0.35906449,0.36835098,0.20510918,0.11273329,0.08512084,0.23911840,0.59537661,0.07957611,0.31693015,0.06866137,0.08869721,0.17853007,0.58836561,0.00668920,0.27318841,0.08558027,0.06411905,0.11170605,0.40390676,0.61555225,0.07274184,0.01037996,0.00850870,0.34871373,0.14383568,0.07530361,0.20999444,0.16048366,0.07672080,0.01433310,0.01314799,0.12723012,0.31103411,0.56538236,0.83280843,0.13006379,0.00613325,0.00833107,0.88768923,0.00080028,0.02843876
0.02524874,0.32040909,0.00026717,0.36406389,0.17742918,0.03023271,0.38156185,0.01658153,0.80886978,0.00117072,0.00941857,0.10159171,0.00024517,0.09470402,0.00020306,0.17063072,0.23722962,0.03816864,0.00201626,0.59070057,0.03256184,0.48388708,0.24544586,0.16105361,0.19676700,0.61665899,0.02086818,0.00631823,0.80191398,0.04267735,0.08626168,0.22516133,0.00125137,0.21315919,0.27278128,0.01300367,0.00164561,0.11521999,0.17250109,0.01218497,0.70586616,0.53518838,0.07231756,0.70349437,0.04329258,0.40182894,0.06133285,0.88229311,0.05622007,0.79386920,0.11462070,0.00190672,0.21810694,0.01171805,0.03297421,0.42077425,0.78356510,0.53354084,0.02181778,0.15728614,0.30651823,0.27387324,0.86408359,0.08109062,0.01448674,0.72807574,0.85847753,0.00729126,0.00609986,0.54954433,0.17884153,0.72849220,0.69904912,0.71320885,0.03106428,0.14660324,0.17725113,0.00677744,0.37476072,0.43371052,0.80793858,0.08921003,0.62840241,0.77666038,0.77254432,0.04038639,0.46140134,0.09321887,0.08122005,0.04069459,0.72974014,0.00408737,0.02755183,0.09013985,0.07913359,0.02109842,0.20162188,0.62888771,0.01410627,0.30796504,0.00320170,0.44769332,0.28653756,0.09339324,0.46879759,0.01572829,0.00031954,0.01153825,0.01462217,0.45028552,0.04681175,0.65841609,0.83958596,0.12132656,0.00956989,0.01116505,0.90103471,0.10027317,0.00913579
0.05313200,0.41150290,0.00207692,0.07869333,0.35303563,0.00314017,0.04677927,0.01203903,0.87193066,0.00141839,0.00935909,0.67150927,0.00035236,0.23887032,0.00242905,0.93521267,0.77748549,0.00610787,0.07204157,0.10274918,0.12619509,0.69306403,0.08826295,0.12152631,0.50421613,0.60165048,0.01232176,0.02654395,0.86385167,0.04762148,0.01150673,0.40791506,0.00031278,0.21030594,0.89862162,0.02728827,0.00081126,0.25908706,0.08914301,0.06449378,0.09666497,0.52875674,0.15967345,0.78183734,0.23521088,0.41139129,0.16816327,0.91453105,0.01237567,0.83187252,0.09608380,0.00131284,0.03015836,0.00723312,0.27114025,0.12959652,0.48622364,0.56995350,0.11771082,0.06747790,0.28465000,0.39018911,0.65750420,0.12776107,0.00882554,0.00202484,0.00704490,0.00824123,0.02398455,0.90503323,0.13955021,0.64972812,0.48683545,0.87231171,0.01563395,0.17135464,0.02276277,0.01489183,0.14368831,0.15633042,0.62115490,0.07265129,0.59673548,0.23381202,0.60419589,0.02041137,0.53834331,0.03043776,0.12451126,0.20318364,0.67094237,0.00847349,0.26213151,0.10332225,0.00755904,0.00682497,0.34699139,0.70512670,0.03625911,0.00696830,0.00147807,0.48975214,0.38968617,0.17625168,0.44020939,0.07596467,0.01187184,0.04034476,0.02935190,0.32300451,0.03738359,0.66716647,0.76641405,0.04980891,0.03473287,0.04127788,0.96851063,0.19939220,0.04299179
0.02940611,0.78571361,0.00053938,0.36068097,0.55872244,0.00395167,0.05276893,0.01685073,0.71813828,0.00901707,0.01546684,0.55940610,0.00109057,0.30414742,0.00057038,0.64140725,0.49290740,0.17294979,0.00430172,0.04186018,0.02470433,0.02370230,0.23524098,0.05240337,0.25071630,0.66349620,0.01188206,0.13912526,0.75955993,0.01090246,0.00715412,0.52781969,0.00352120,0.18451028,0.67238659,0.01614500,0.00185166,0.04065834,0.42465273,0.01070802,0.15784130,0.81989622,0.12324689,0.62180603,0.10125856,0.04572015,0.38511431,0.67839479,0.00118315,0.97730362,0.34801996,0.01022348,0.16944218,0.00692860,0.23197690,0.82248551,0.62827814,0.59540540,0.09453174,0.17198192,0.45773956,0.48060641,0.21909493,0.22517502,0.00282435,0.94878989,0.07067700,0.05621267,0.05294963,0.88916594,0.02352406,0.75453395,0.36204174,0.89196903,0.14998095,0.07744302,0.03764528,0.00145787,0.06103982,0.42185414,0.37181336,0.30663130,0.55761528,0.30346081,0.31736255,0.05502092,0.68273044,0.00673625,0.15965116,0.05970524,0.82820296,0.02358354,0.01563456,0.09427692,0.01361229,0.02282520,0.49943435,0.68978506,0.24499910,0.25573704,0.00139097,0.13781130,0.30017224,0.20558538,0.79154372,0.06515217,0.00201581,0.13310316,0.00899111,0.50362003,0.00902323,0.23263131,0.75898379,0.05969746,0.02444112,0.02738291,0.94706500,0.02250777,0.03519531
0.09423745,0.75223082,0.00110534,0.04745717,0.38818789,0.02459350,0.20520613,0.01726548,0.85110182,0.00232770,0.05704736,0.15128241,0.00027049,0.01026550,0.00158232,0.75355035,0.49966633,0.03415311,0.00171607,0.50062144,0.11237133,0.12420171,0.07237488,0.19727907,0.24385256,0.51829696,0.02627218,0.03639466,0.45945618,0.01861933,0.10477474,0.04182243,0.00349057,0.52474773,0.17205119,0.01243031,0.00107540,0.05988952,0.07556867,0.01379667,0.61546761,0.73724717,0.02584742,0.62446028,0.06685002,0.00560004,0.24244046,0.84764248,0.02570805,0.96716243,0.18157665,0.00039777,0.33611915,0.02362600,0.10227205,0.73712856,0.48771042,0.65309894,0.04436496,0.12255570,0.25223005,0.41427973,0.90002066,0.10016352,0.00158449,0.05503454,0.87223536,0.02523789,0.02830510,0.98054707,0.17249905,0.76970124,0.41283217,0.94710559,0.34886947,0.31793118,0.10619997,0.00322732,0.51660889,0.13494600,0.65841967,0.05414529,0.10916395,0.43149003,0.25212929,0.02488233,0.76942611,0.01935254,0.11606224,0.11861941,0.94063151,0.00673467,0.01466281,0.06265188,0.03816628,0.01071928,0.81710297,0.69826144,0.04762372,0.03096804,0.00233727,0.36213052,0.27801704,0.06604238,0.58755529,0.08166039,0.00006415,0.01786473,0.05510573,0.13461758,0.04031867,0.52685851,0.79957002,0.07101476,0.00841175,0.03068946,0.94259268,0.27216613,0.01389081
0.00985088,0.84275401,0.00048011,0.10398287,0.45961204,0.05192929,0.02526861,0.01295312,0.86459512,0.00242792,0.01864607,0.41702148,0.00047649,0.00273867,0.00347400,0.72806269,0.28329527,0.01630003,0.00359240,0.52880889,0.01679905,0.66751444,0.11757739,0.12276485,0.06839860,0.22681747,0.00739143,0.01792172,0.47691602,0.03555385,0.05478170,0.33420941,0.00452533,0.31203210,0.65183210,0.02009518,0.00158354,0.30870607,0.33318540,0.01345538,0.69360828,0.79599303,0.14646837,0.62898254,0.02443952,0.15937479,0.47517765,0.51857561,0.03191961,0.98290938,0.19872354,0.00065987,0.20118228,0.01056870,0.10351556,0.21522334,0.74252421,0.15742081,0.04263397,0.08598307,0.11907128,0.19598371,0.89965963,0.07662073,0.00121060,0.34255397,0.19085550,0.00520021,0.02108808,0.87771022,0.18914495,0.80725825,0.28483382,0.79881191,0.14458060,0.85620421,0.25421017,0.00512043,0.66765916,0.27167729,0.77946734,0.09578543,0.13953476,0.82703489,0.46809030,0.04028859,0.48120889,0.01137039,0.17298174,0.07285019,0.92563665,0.02304715,0.01558595,0.05940516,0.05042922,0.05834582,0.36248252,0.85888863,0.02561240,0.48836228,0.00557501,0.49704409,0.23208199,0.13373734,0.37154123,0.03783908,0.00171092,0.02479627,0.02254743,0.03407323,0.10164297,0.62332207,0.32386118,0.06782582,0.02390790,0.06918436,0.84494758,0.03485508,0.00695344
0.00918963,0.51478183,0.00060312,0.49805582,0.29657254,0.06393213,0.09843960,0.02546052,0.84063041,0.00425386,0.04062926,0.35228565,0.00039455,0.02141883,0.00486261,0.48345143,0.31244195,0.03546713,0.00236504,0.41305804,0.20690149,0.13179335,0.26752549,0.41200307,0.46914274,0.61054164,0.03224474,0.01068856,0.16787347,0.01925088,0.11912514,0.37624589,0.00594062,0.19239108,0.31399676,0.03878754,0.00124232,0.30458179,0.19812463,0.03101386,0.40648034,0.62944835,0.02951427,0.47640395,0.01560693,0.17627780,0.15968406,0.81183922,0.05423466,0.87603444,0.03104969,0.00074772,0.18842120,0.01225670,0.17732112,0.38091493,0.42228276,0.23705016,0.02263116,0.03442916,0.03237861,0.42609251,0.82564610,0.05863696,0.00569231,0.45615447,0.32383361,0.03578574,0.04367125,0.39936429,0.29371899,0.82738715,0.43035626,0.77968323,0.05697151,0.43060252,0.07581724,0.00596831,0.65741861,0.42511883,0.69298041,0.06074336,0.47224456,0.57468456,0.81390578,0.05543953,0.23116510,0.03125791,0.70074791,0.09688780,0.77226222,0.01697220,0.00521500,0.02533786,0.04621246,0.16696891,0.28473425,0.62502313,0.00873841,0.08199073,0.01184050,0.45527890,0.25552627,0.03758904,0.57753575,0.01694872,0.00120366,0.03979431,0.05586387,0.08440802,0.03493309,0.41329920,0.38251895,0.28565252,0.04993264,0.05325089,0.58862334,0.00764145,0.04046708
0.01442720,0.48332798,0.00074942,0.25957862,0.11938427,0.05680655,0.16435118,0.03402139,0.75197053,0.00238915,0.02646399,0.19089606,0.00072100,0.04305347,0.00900810,0.74528599,0.14965671,0.09166436,0.00205495,0.52624524,0.09698953,0.15713954,0.32474515,0.17825530,0.30752939,0.51526880,0.05001147,0.00792828,0.22661725,0.15760677,0.10068852,0.26644307,0.01640771,0.12042589,0.19994594,0.09441804,0.00181805,0.25938350,0.24184065,0.02494518,0.45382786,0.51434273,0.04274603,0.39879861,0.01844297,0.19869964,0.13753557,0.65007222,0.06993134,0.74370706,0.05739709,0.00099102,0.21826869,0.01532125,0.24445818,0.38257420,0.46287286,0.26165450,0.03038706,0.04195022,0.04196176,0.41793510,0.74178505,0.08505937,0.01135686,0.17004076,0.46041730,0.02829882,0.03985660,0.41987446,0.14067622,0.55717009,0.51232100,0.42237231,0.09467743,0.35469979,0.08625513,0.01453809,0.49124238,0.30017874,0.78948867,0.06514076,0.55557394,0.13633771,0.73243737,0.07754924,0.21757378,0.02842849,0.34742489,0.04837380,0.53405768,0.02192312,0.00830653,0.19421881,0.06562679,0.10570084,0.43572408,0.40886885,0.01788835,0.10041798,0.02001983,0.51519692,0.33365944,0.07059716,0.60771197,0.01801751,0.00257707,0.04512965,0.03332119,0.13115537,0.07532166,0.42117980,0.73906648,0.28979278,0.04644856,0.03096856,0.24081075,0.04173761,0.00697600
0.00124412,0.16832583,0.00002086,0.63541716,0.01321646,0.04248210,0.07895679,0.02189595,0.89789867,0.00136806,0.27196017,0.11229464,0.00016713,0.00845287,0.00164750,0.20269996,0.01569934,0.30137694,0.00028036,0.64461428,0.00185621,0.11673126,0.70138907,0.43398315,0.22402330,0.93447840,0.00982507,0.00966454,0.50100142,0.95546919,0.42705125,0.08122490,0.00174694,0.00420646,0.06728312,0.03932105,0.00025092,0.00214820,0.73567230,0.00477965,0.91432267,0.50296855,0.00848487,0.09337225,0.02978423,0.00253584,0.07429343,0.17035396,0.19791920,0.89159572,0.08068421,0.00010352,0.83524752,0.01132451,0.98617971,0.29836228,0.55972195,0.02921819,0.00053197,0.71075749,0.00803903,0.96121514,0.95875365,0.08682416,0.00305845,0.72932905,0.96238846,0.00545478,0.04769396,0.13258468,0.00627374,0.68822318,0.88491327,0.80330002,0.68665034,0.20554741,0.85137922,0.04978046,0.36313239,0.18015304,0.91537184,0.04274420,0.49095550,0.00225885,0.93807060,0.30045432,0.97685373,0.04946114,0.03671570,0.10814600,0.99583805,0.00728415,0.00149377,0.08954720,0.09387030,0.98494655,0.02226391,0.05567438,0.00229816,0.89528447,0.04180920,0.07151819,0.67339236,0.06759950,0.79071599,0.00186096,0.00001343,0.18264154,0.01587795,0.04118380,0.44509360,0.39584252,0.57772255,0.38745072,0.00680443,0.00230358,0.36151704,0.00211873,0.00106200
0.00064129,0.07994129,0.00002092,0.04574706,0.00018018,0.09236807,0.06444364,0.01501102,0.98496330,0.00024950,0.00727017,0.31715325,0.00003728,0.00252003,0.02843850,0.70151794,0.02467720,0.00029386,0.00211393,0.81817156,0.00291990,0.94333631,0.46448636,0.10116725,0.21243201,0.52369744,0.00389487,0.00231157,0.39093402,0.76927280,0.19097996,0.74222732,0.00624340,0.07249257,0.14529967,0.01190308,0.00013382,0.00034161,0.61933011,0.09209304,0.01810308,0.31932220,0.34691522,0.10169087,0.03318403,0.11887761,0.01126881,0.03088942,0.54880118,0.95494264,0.09520782,0.00001984,0.03481404,0.05947202,0.99955785,0.05448987,0.57034802,0.06473546,0.01534889,0.02645265,0.00933183,0.97532004,0.98625231,0.27111509,0.00085381,0.01277486,0.49168965,0.00209393,0.06651795,0.11167847,0.00384273,0.57053822,0.13797420,0.77591515,0.00086627,0.37795180,0.46384677,0.01284686,0.94420588,0.48189229,0.98595250,0.00748914,0.89818579,0.14354247,0.98873419,0.17471883,0.97635531,0.11296846,0.47336283,0.32775912,0.99087870,0.03220236,0.00776588,0.13795099,0.12298038,0.99999028,0.00154062,0.40312651,0.00219858,0.06773411,0.03495943,0.48803490,0.58883303,0.02097281,0.44020164,0.00045508,0.01732424,0.03681961,0.02790221,0.06784870,0.58011997,0.28018686,0.77420551,0.61167145,0.00407033,0.00692710,0.38530988,0.57264787,0.00097819
0.00044253,0.17178699,0.00013709,0.59260774,0.00013275,0.31683144,0.00263887,0.00078732,0.94742721,0.00604726,0.00000704,0.85812038,0.00003214,0.00360034,0.10558126,0.66086704,0.28387195,0.08878919,0.01130805,0.44561857,0.05506428,0.00039042,0.61712277,0.20021775,0.18557994,0.24616130,0.00035253,0.00351699,0.03788243,0.73120689,0.00187775,0.95858800,0.08571190,0.02821464,0.31983495,0.01513503,0.00020724,0.00094089,0.35721636,0.52593476,0.89497280,0.06682364,0.23786163,0.25742614,0.15901914,0.96493083,0.06894589,0.67995667,0.04597737,0.80661356,0.05733458,0.00128996,0.02621014,0.14602831,0.92445004,0.21541540,0.12792234,0.00047482,0.02758927,0.74060011,0.01399788,0.93449605,0.70083940,0.07124698,0.00090734,0.75773287,0.07841523,0.09077428,0.07230385,0.17508672,0.00653358,0.69407308,0.00234743,0.74229783,0.07331814,0.41868907,0.00001524,0.15671441,0.48526329,0.48185405,0.90595049,0.06045225,0.24995963,0.67257714,0.84282827,0.56382304,0.98758411,0.68604279,0.73751551,0.28084782,0.97506285,0.04360180,0.02687955,0.16329253,0.32024950,0.99492556,0.03434247,0.29201475,0.00114187,0.79537255,0.11618026,0.33939463,0.45039567,0.83244675,0.61658186,0.00399997,0.01473828,0.42180887,0.18867482,0.00782312,0.03695230,0.65033019,0.56376272,0.70792460,0.07621029,0.00364289,0.47432464,0.00101454,0.00107862
0.61238372,0.21591654,0.00146467,0.02767885,0.00045289,0.22339264,0.00510361,0.00051858,0.47114158,0.15822065,0.10261907,0.84958720,0.00162809,0.00332898,0.35405436,0.29340425,0.09627923,0.55968338,0.02410400,0.24327402,0.00059538,0.33514208,0.70371354,0.21261665,0.09179323,0.52819514,0.00147178,0.00370093,0.12092262,0.87600249,0.00009341,0.01572045,0.05609790,0.00252708,0.18284322,0.06724641,0.00149553,0.00314178,0.26834735,0.04718680,0.04704608,0.32292733,0.01222375,0.23726135,0.14689225,0.29898879,0.05998769,0.74642420,0.00702839,0.71388096,0.10670301,0.00465719,0.00046413,0.00006362,0.97091550,0.91712189,0.06514540,0.00065058,0.69387478,0.00627542,0.49895674,0.73162442,0.08084057,0.14719214,0.00470831,0.04652846,0.97508055,0.07188924,0.20617756,0.60129851,0.00150081,0.69842041,0.10616807,0.62052876,0.96518868,0.28267458,0.01169761,0.17187823,0.03366997,0.52749777,0.35459915,0.13537845,0.81437147,0.12030212,0.82253152,0.22472140,0.74663383,0.13907818,0.39932615,0.52918106,0.86902028,0.28357142,0.06448411,0.06325446,0.29388899,0.79588288,0.38189784,0.21249907,0.00042750,0.05438033,0.17395419,0.70534128,0.50486803,0.05814055,0.68756032,0.00000230,0.00020193,0.15465480,0.50413126,0.00337610,0.00986501,0.73645103,0.30328432,0.37258473,0.02829618,0.01611446,0.48536947,0.38480440,0.00903376
0.67731762,0.33930454,0.00927674,0.64033645,0.00272844,0.19801092,0.00023432,0.00663744,0.00346096,0.01397773,0.55073005,0.59287834,0.04263673,0.01287967,0.19775909,0.24929738,0.00286088,0.01021361,0.03172492,0.27081305,0.00046920,0.98570049,0.70262247,0.17463104,0.29318804,0.40172407,0.00004592,0.00749894,0.37481159,0.41920158,0.18040997,0.00088765,0.04969556,0.02949323,0.01954811,0.19462173,0.02219871,0.04294572,0.13656677,0.00374439,0.79254949,0.34555626,0.00839710,0.62330168,0.27854815,0.00047487,0.24498050,0.45243418,0.12529436,0.54170084,0.06785429,0.01261633,0.04192508,0.04377569,0.01336490,0.17656933,0.32666844,0.06896552,0.05924612,0.09760679,0.35897860,0.53019696,0.15109706,0.14487250,0.00225625,0.61268425,0.28477225,0.02555083,0.36879280,0.84054488,0.00231096,0.46997833,0.58951885,0.39417180,0.00037958,0.38149244,0.23337486,0.27441350,0.07773629,0.37308559,0.08301538,0.23436394,0.10157481,0.00890910,0.21962646,0.48027074,0.62114710,0.07293691,0.46868712,0.25798878,0.70346022,0.20602101,0.05754735,0.02700416,0.01860457,0.66768968,0.59534228,0.29306358,0.01216648,0.61893398,0.26893792,0.50441325,0.29627126,0.50477588,0.69182670,0.00000722,0.02190027,0.37325609,0.54422796,0.02364964,0.08339290,0.22381407,0.58786935,0.32268164,0.01161782,0.01727871,0.39954260,0.30245441,0.01315129
0.10693038,0.29971322,0.00018022,0.02608104,0.01063017,0.19277313,0.00000359,0.01047049,0.11944532,0.00157613,0.08601487,0.22985342,0.00875302,0.00927225,0.03917070,0.16817755,0.14445296,0.49982393,0.01922373,0.51716316,0.01556690,0.00017798,0.67098206,0.22023328,0.45818201,0.38545582,0.01657770,0.00504765,0.36916029,0.19569014,0.90831381,0.02977625,0.04217465,0.18679763,0.01756840,0.29431412,0.00288095,0.07749563,0.56126410,0.00079094,0.06925596,0.44329733,0.02587571,0.49626324,0.22701831,0.00867711,0.24158207,0.41020334,0.62890667,0.71210945,0.09352005,0.00080800,0.76952219,0.09551309,0.22410758,0.06393264,0.51112676,0.15272665,0.02578556,0.32427472,0.12926556,0.50038576,0.72493190,0.31626004,0.00213617,0.06024274,0.02867237,0.02994861,0.14833112,0.64319092,0.05283086,0.37197375,0.62816775,0.39143366,0.50548279,0.62986398,0.53859866,0.03722816,0.49828824,0.28376478,0.37566280,0.12701613,0.44569635,0.03046845,0.47451308,0.45082855,0.35504726,0.01149958,0.43567494,0.36935201,0.75662017,0.04597662,0.01175941,0.08261980,0.00865356,0.51806015,0.47059357,0.38527381,0.04857624,0.02941592,0.08770046,0.30317333,0.29937062,0.25361624,0.56571090,0.00019791,0.03328576,0.16140929,0.21324420,0.09553926,0.59293270,0.55041182,0.55866534,0.48361471,0.02303837,0.02708988,0.15152609,0.00058221,0.02701160
0.04274118,0.43405768,0.00056226,0.22326300,0.02270223,0.15782559,0.00000369,0.04938087,0.66848010,0.00239902,0.00025127,0.06524006,0.00015652,0.02060085,0.00623663,0.75375408,0.11265602,0.07275464,0.00112380,0.63785362,0.01107002,0.33855289,0.38864124,0.31362557,0.34154302,0.42306697,0.01484218,0.00632108,0.31998551,0.21155441,0.06999726,0.80063385,0.00509718,0.12242229,0.40736532,0.02791420,0.00095719,0.15011054,0.35326037,0.00501906,0.60617262,0.55384111,0.04990845,0.33089885,0.05979762,0.33344135,0.25324100,0.37217405,0.05807893,0.65048194,0.02620059,0.00042155,0.59826428,0.02042045,0.16598709,0.57768440,0.28935400,0.10406639,0.01476075,0.00226250,0.09349043,0.49414819,0.84770060,0.02442135,0.00572737,0.28739762,0.40445217,0.02235061,0.03526437,0.62043178,0.04872681,0.41257048,0.42334038,0.57975459,0.08496463,0.61775494,0.07747517,0.01741289,0.57292044,0.20518810,0.82460767,0.03483512,0.38649327,0.22732981,0.68251330,0.31845242,0.34862921,0.03435893,0.33234766,0.04507980,0.53914559,0.07208978,0.00506866,0.06624017,0.02939943,0.24570782,0.48687854,0.60813028,0.01719454,0.16309452,0.03777105,0.33210802,0.32293785,0.06069025,0.62914413,0.00141308,0.00478026,0.12205140,0.09062137,0.05701473,0.13433772,0.47395375,0.59621048,0.35739958,0.03488329,0.00421418,0.15369417,0.03152811,0.03974415
0.07581587,0.53788257,0.02326595,0.04019397,0.00953832,0.20533612,0.00000153,0.08334171,0.86141342,0.01550705,0.00028393,0.03849179,0.00068605,0.03181217,0.00436009,0.53286242,0.24652112,0.00547111,0.02305347,0.52028728,0.31113788,0.40221417,0.61747730,0.32204336,0.41877294,0.33432233,0.03474931,0.05315958,0.40452009,0.44149151,0.00049622,0.76338035,0.14115338,0.07664038,0.56765151,0.02933732,0.00163497,0.10358921,0.41977853,0.15660164,0.02089169,0.44008112,0.66675955,0.48046470,0.03146898,0.95984590,0.32217884,0.36665246,0.02041385,0.73465067,0.00780684,0.00361553,0.01458405,0.15707463,0.46874857,0.33685210,0.41768405,0.02508774,0.21936800,0.00743102,0.64279073,0.39303085,0.27608380,0.03259405,0.08651371,0.01640409,0.02114785,0.11416142,0.02327598,0.79977834,0.09042214,0.64615560,0.03383538,0.44071528,0.00022690,0.63324004,0.00118351,0.00620138,0.24772288,0.10307450,0.76621813,0.07855517,0.18005911,0.73514396,0.41034445,0.38536140,0.11499686,0.02748763,0.55132240,0.03712910,0.44580150,0.33875999,0.04629704,0.08629937,0.09194469,0.15134671,0.38580269,0.75582713,0.11955149,0.02663831,0.02961165,0.46189782,0.66606331,0.45487550,0.54956961,0.03086943,0.04025293,0.07508112,0.43675974,0.07521543,0.02698415,0.38049406,0.34347534,0.39693987,0.05113024,0.05687048,0.17139800,0.63589120,0.15771966
0.29657871,0.63603991,0.07111971,0.36913124,0.02750406,0.45714569,0.00040470,0.08640413,0.29562113,0.06251144,0.05238579,0.02202182,0.00714519,0.20987721,0.00290078,0.15844207,0.07785645,0.12886132,0.02465843,0.15983807,0.11246436,0.00112193,0.50258917,0.22063188,0.32873842,0.56492680,0.63830560,0.10260418,0.36145449,0.30067652,0.00069201,0.00072854,0.03529913,0.01703628,0.11641556,0.01774980,0.04285741,0.15960577,0.28079191,0.10898222,0.87482780,0.54681259,0.08804360,0.41048157,0.00406493,0.01900241,0.44523764,0.21471900,0.00069798,0.75286561,0.00173968,0.04324231,0.02069079,0.06860538,0.71549147,0.62152356,0.09672743,0.02282865,0.28919715,0.01286130,0.65259129,0.25740743,0.02616094,0.02774597,0.32612011,0.37197345,0.37028536,0.14739196,0.02254029,0.90570027,0.16310723,0.64706635,0.09323633,0.43248615,0.95216405,0.69904584,0.02446554,0.00204446,0.02821723,0.21533144,0.09165904,0.04562928,0.02968746,0.23651460,0.42229122,0.61188692,0.35103956,0.06753118,0.15670170,0.00952765,0.50105298,0.12255611,0.06592552,0.02750330,0.08122919,0.48319849,0.48254120,0.43994159,0.08319673,0.33980185,0.00552411,0.25157851,0.48430526,0.16874939,0.78925008,0.33840463,0.00067262,0.46192867,0.20666300,0.16835761,0.00063921,0.61304021,0.54740870,0.13291112,0.36728984,0.00916620,0.30514771,0.00262602,0.27664265
0.58447456,0.50832635,0.00093568,0.04182424,0.18331125,0.43798405,0.00019898,0.61938351,0.03049765,0.01136226,0.70122445,0.01783791,0.00735668,0.11776894,0.00154838,0.01959018,0.06863689,0.20505686,0.01873721,0.16014907,0.03316925,0.96163684,0.51456505,0.38734829,0.25610197,0.59640592,0.19116673,0.19816257,0.43150848,0.34940746,0.37049982,0.00012666,0.00642819,0.13103861,0.34913257,0.00606662,0.04436181,0.20955707,0.33224845,0.00967545,0.19997746,0.85821998,0.00048869,0.10798696,0.00219789,0.00152048,0.42069805,0.11796401,0.04938879,0.70219052,0.00163303,0.01029419,0.49450848,0.00112215,0.29149660,0.27729028,0.28708982,0.06276561,0.01630117,0.01943279,0.18978058,0.24810643,0.57129854,0.03079052,0.33563742,0.06847677,0.91939694,0.02948158,0.02000241,0.89934736,0.32023260,0.78856152,0.62579131,0.16000609,0.01823202,0.54211712,0.68976116,0.00584560,0.72180176,0.04940476,0.12925754,0.08709983,0.08670268,0.02631483,0.76763266,0.65335858,0.27991062,0.00099753,0.10720263,0.01442835,0.41062716,0.00113052,0.00928168,0.00518940,0.10121512,0.82327425,0.57896024,0.60996366,0.05585641,0.03972947,0.00124410,0.22606523,0.41580248,0.12039986,0.45846614,0.61866146,0.00068045,0.22303297,0.00250738,0.33366355,0.03792231,0.60692590,0.68484443,0.40769935,0.23126478,0.12046269,0.10947908,0.61707443,0.10699132
0.09777823,0.41729870,0.00035448,0.72135037,0.49261460,0.58319426,0.00013137,0.31170768,0.02928941,0.00020160,0.04536913,0.00367134,0.00887884,0.07130055,0.00140610,0.26026428,0.00469619,0.00025400,0.00417847,0.20166865,0.28020900,0.08236275,0.67044598,0.53548735,0.17666526,0.56087792,0.09125076,0.15033187,0.30384740,0.18102613,0.69059598,0.14827918,0.00225056,0.33521810,0.00805806,0.00297351,0.01154058,0.09126645,0.30957294,0.00079409,0.36415973,0.39686441,0.04390491,0.15666610,0.01364797,0.04165206,0.24679323,0.63877290,0.79690015,0.79543000,0.00071320,0.00012668,0.84852338,0.07750624,0.00965803,0.03259867,0.87108254,0.60723370,0.03157089,0.12533215,0.08918723,0.68444157,0.97700125,0.00255450,0.25364313,0.44312045,0.15038818,0.00728705,0.01431320,0.88890404,0.15450294,0.84330237,0.97814715,0.15117675,0.00044118,0.30743265,0.54578555,0.00094232,0.94505221,0.01446244,0.72920036,0.00712604,0.18697165,0.05179794,0.83275986,0.87069786,0.51975739,0.00910220,0.04703436,0.03200986,0.55758512,0.00487697,0.00687444,0.00286974,0.00095915,0.97375518,0.67700499,0.73124999,0.09845487,0.64741063,0.00097970,0.23657510,0.21388662,0.03808393,0.65709180,0.62354785,0.02903295,0.12749083,0.02003543,0.80602157,0.49187195,0.84060752,0.77492565,0.62704843,0.16551954,0.26034245,0.14929785,0.04835814,0.00219720
0.01566407,0.43545663,0.00001651,0.03120889,0.63868535,0.99971199,0.00055817,0.14241964,0.78964245,0.00143928,0.00438955,0.06867700,0.00046378,0.06519879,0.00148240,0.08097166,0.03654939,0.72037512,0.00118412,0.79711872,0.07269915,0.00183974,0.69884145,0.53845477,0.08628383,0.41907853,0.45869568,0.06995679,0.79820389,0.11430841,0.06994218,0.81976438,0.00155840,0.69985390,0.12066856,0.00570734,0.00030220,0.15496482,0.58762753,0.01867350,0.22253235,0.78986198,0.71851313,0.06053146,0.00467784,0.77067411,0.06463818,0.11308799,0.13337821,0.58433795,0.00124853,0.00002766,0.77959377,0.00230654,0.42168164,0.51094234,0.77150494,0.54921752,0.01072647,0.03098327,0.01791917,0.44005764,0.99581599,0.00114921,0.22997659,0.04312458,0.38844356,0.00394870,0.00628616,0.88602620,0.50430441,0.81147861,0.93340486,0.24842273,0.86386985,0.46637613,0.25134578,0.00058822,0.93845415,0.02370408,0.99153376,0.00256007,0.42504898,0.66182774,0.97776383,0.49476051,0.23708227,0.02185318,0.05075743,0.01178759,0.60639501,0.01009888,0.00183552,0.00357936,0.01642964,0.98604900,0.67363203,0.82644743,0.05210942,0.02923366,0.00098632,0.20062095,0.31465766,0.03142333,0.65838456,0.07997919,0.00137229,0.12198740,0.00299920,0.68518740,0.34138113,0.94211406,0.94461411,0.52390546,0.00303183,0.05088867,0.14814402,0.00079697,0.00148149
0.00834950,0.67265511,0.00020747,0.90259624,0.49471983,0.50541127,0.00673880,0.06144249,0.81969446,0.00115948,0.00252366,0.03087146,0.00286825,0.05338153,0.00267968,0.81274116,0.05798412,0.02170593,0.00028447,0.64371574,0.09020410,0.74528205,0.65473485,0.86605674,0.15033177,0.32894275,0.30007306,0.04438317,0.78346586,0.07809779,0.01465151,0.87415832,0.00150135,0.01265232,0.03353174,0.00423332,0.00059981,0.77022940,0.08605412,0.20143716,0.40672615,0.81449550,0.24096064,0.40775320,0.00213204,0.53499031,0.04448602,0.84250736,0.01489362,0.62549114,0.00001006,0.00013357,0.16220129,0.00600968,0.69338274,0.72355330,0.52646333,0.29991955,0.01153601,0.00328985,0.09331355,0.11533957,0.97189778,0.00301077,0.03104346,0.70310301,0.96558809,0.00208779,0.00760768,0.80472839,0.12948100,0.82763070,0.69569826,0.15235521,0.03637986,0.13879934,0.45531344,0.00249718,0.65877384,0.01236720,0.99374717,0.04967292,0.03985684,0.67767233,0.93041486,0.67568552,0.06575944,0.05200931,0.04632966,0.11261941,0.89043695,0.01362276,0.02856162,0.00745192,0.01885702,0.99196839,0.45852363,0.97650754,0.01150983,0.90164900,0.00101698,0.23280083,0.14461811,0.02964033,0.24660535,0.08014753,0.00096746,0.06285195,0.01281130,0.52503687,0.02295111,0.94234329,0.92249233,0.28707474,0.02381738,0.60010707,0.11512667,0.63853961,0.00024722
0.01464839,0.32640338,0.00065528,0.22578888,0.14646348,0.09540760,0.43275380,0.01185700,0.91751915,0.00180033,0.02361799,0.43289304,0.00047946,0.02094864,0.00436574,0.74188358,0.17409299,0.17163897,0.00248737,0.33871055,0.04873247,0.03812660,0.65178490,0.32973000,0.11548652,0.43932626,0.06282667,0.00988877,0.56164187,0.17736188,0.36568764,0.18101878,0.01318565,0.27469954,0.11725481,0.18785509,0.00176455,0.29174343,0.03209328,0.00932394,0.76430255,0.58018142,0.00992944,0.62323922,0.31498578,0.05093931,0.03879146,0.57533443,0.28641114,0.87499201,0.06599692,0.00050766,0.42428121,0.01194995,0.54404789,0.21796872,0.53583372,0.23709740,0.01459213,0.01915291,0.00377431,0.11508800,0.91525185,0.01012754,0.00847269,0.19313805,0.86486238,0.01736310,0.01853383,0.44203457,0.09194373,0.49010774,0.89292383,0.83017504,0.06722278,0.13600540,0.04518197,0.00763302,0.33857378,0.46316981,0.89893860,0.05734618,0.17493537,0.23648396,0.93750584,0.07922386,0.25921565,0.04463970,0.04805548,0.02549044,0.55357230,0.00700897,0.00266899,0.15459925,0.02485221,0.02682168,0.37688646,0.06714951,0.01256667,0.36703235,0.00427896,0.27597597,0.20767608,0.03034873,0.32420412,0.03209641,0.00977168,0.05828181,0.09238447,0.07859681,0.11950283,0.64974833,0.86051321,0.04589330,0.02617962,0.01383650,0.13512605,0.01184889,0.00621421
0.01438064,0.35995468,0.00028442,0.07036262,0.11431348,0.07509850,0.45829445,0.01044030,0.74553144,0.00497763,0.02128449,0.38743016,0.00047287,0.02138048,0.01359370,0.84437603,0.41890198,0.02462072,0.00360058,0.50794685,0.27850971,0.39686364,0.68707538,0.26693204,0.16143608,0.44561160,0.02473651,0.00707269,0.79596782,0.14084703,0.13504019,0.42519918,0.00957286,0.28263929,0.16106513,0.11236528,0.00329637,0.33966255,0.06130368,0.02298317,0.52945673,0.38063860,0.04901811,0.76514727,0.20698991,0.25964662,0.04470398,0.85158736,0.45311081,0.85690641,0.13234662,0.00042277,0.13550359,0.01479828,0.31064308,0.24004865,0.21006265,0.33715031,0.02316586,0.00767196,0.01412010,0.17537102,0.91974837,0.00959521,0.00846846,0.10098277,0.69300169,0.02620216,0.03984279,0.26767009,0.03817977,0.44799221,0.74287874,0.84900540,0.00830282,0.11336672,0.04369616,0.00461066,0.43309626,0.51401788,0.86470467,0.09811644,0.41556522,0.15268376,0.89627993,0.06418285,0.17813340,0.02198544,0.09931102,0.06749522,0.55109960,0.01176489,0.00373810,0.06012210,0.02821820,0.03471620,0.31123823,0.08059943,0.00641428,0.09017128,0.01006158,0.52940637,0.26026297,0.04345223,0.61251146,0.02753033,0.01944922,0.04827750,0.08459142,0.05623185,0.05442825,0.58945042,0.81208068,0.03125092,0.04754137,0.00842645,0.18677200,0.14718822,0.01450676
0.00798266,0.50098526,0.00045497,0.81609935,0.07848663,0.10045090,0.33451247,0.01042964,0.91180789,0.01497028,0.01832440,0.55277592,0.00288512,0.01254594,0.01121170,0.48735958,0.51956421,0.07998645,0.00236662,0.52166760,0.32078189,0.08784094,0.73098940,0.43813312,0.44273108,0.78779715,0.09363777,0.01510451,0.70739466,0.25239620,0.04215288,0.72811669,0.02512940,0.09322443,0.16775994,0.01993428,0.00206534,0.58353853,0.07989112,0.03260321,0.92194837,0.79987317,0.06514753,0.66304851,0.17655234,0.54109120,0.02974914,0.84901381,0.35595688,0.85028636,0.15723681,0.00138549,0.10665795,0.09739032,0.25852290,0.23157530,0.25030562,0.45448190,0.04026221,0.04797563,0.03397167,0.41251126,0.85382986,0.02001302,0.01039299,0.26660833,0.32476452,0.01174880,0.06086466,0.35493815,0.03424992,0.38360244,0.55848294,0.84670603,0.09466787,0.05008374,0.02789387,0.00420284,0.21310049,0.75916129,0.55806786,0.03365944,0.23659511,0.12203953,0.88182372,0.02161959,0.17104214,0.01457196,0.12837058,0.07558111,0.22344792,0.02271723,0.00154903,0.04602919,0.01972265,0.23756811,0.26104200,0.10262771,0.00584124,0.30889639,0.01605179,0.28956214,0.11913853,0.03442618,0.60414875,0.01176398,0.00632968,0.04656437,0.11806820,0.05499660,0.03279126,0.77714384,0.85755473,0.08704834,0.01613040,0.00666801,0.09331226,0.00450950,0.01649989
0.05082466,0.66771656,0.00075288,0.03153191,0.03639895,0.07847622,0.27011704,0.00844245,0.89927173,0.01561895,0.02335204,0.65006036,0.00050130,0.00872622,0.01094819,0.88994443,0.41122884,0.05108486,0.00231809,0.64302409,0.11619000,0.24795015,0.60276008,0.60366064,0.17070752,0.58110785,0.20344710,0.01859858,0.58710593,0.15646309,0.04008157,0.20708780,0.03737338,0.07931849,0.15595989,0.04290203,0.00378964,0.70422786,0.12648317,0.07752936,0.65053976,0.59118021,0.00845940,0.65028864,0.11751259,0.11315838,0.04572298,0.93693608,0.04344568,0.80161864,0.09170581,0.00105526,0.22250675,0.07291745,0.60813046,0.30163202,0.32700646,0.27272081,0.02686065,0.02469609,0.00621299,0.21956015,0.75635976,0.06168177,0.00932657,0.06364809,0.98867095,0.01533656,0.03769714,0.68027598,0.04531750,0.40792048,0.38674650,0.88438112,0.04278639,0.06935272,0.04152858,0.01188177,0.12836207,0.20174131,0.55023593,0.20139633,0.59071082,0.23671778,0.46735069,0.06085884,0.32503614,0.01566260,0.30793047,0.03726420,0.34525385,0.01201779,0.00240545,0.05806028,0.02631920,0.04890262,0.39180276,0.10556249,0.00844803,0.06410942,0.02031193,0.57909256,0.16638955,0.02494433,0.39265934,0.01103412,0.00248354,0.04225946,0.07140291,0.06073093,0.14170834,0.75977296,0.83421707,0.06660389,0.01649570,0.00475630,0.28060955,0.29513046,0.02377919
0.02000402,0.51009142,0.00048835,0.60508060,0.03708483,0.05870971,0.46070307,0.00722283,0.59624362,0.01564722,0.12903719,0.72449899,0.00192102,0.01919792,0.00845356,0.81543249,0.03094954,0.00953504,0.00237067,0.52183729,0.40364975,0.62133390,0.74868101,0.20268255,0.19222878,0.42715752,0.00702890,0.01711168,0.61328167,0.15400986,0.13022244,0.05736758,0.02221145,0.23697704,0.06353447,0.10645770,0.01920589,0.73586911,0.19162314,0.02427126,0.42717719,0.69213140,0.00483880,0.86033839,0.04022112,0.01469881,0.04540854,0.97829998,0.33317167,0.88554716,0.15121171,0.00219735,0.13349883,0.01613652,0.28681359,0.40325367,0.78629255,0.33661607,0.02543395,0.13376752,0.02307567,0.23447660,0.89083534,0.07328434,0.00645224,0.18631360,0.11377233,0.00942196,0.02166490,0.60956186,0.03696446,0.46332523,0.62309968,0.94787949,0.02645808,0.04042853,0.11386988,0.00463814,0.14078963,0.45083708,0.60717326,0.05853210,0.37326559,0.07361548,0.72313291,0.05850930,0.32945934,0.02303312,0.33319989,0.07740885,0.30878979,0.02169409,0.00415239,0.16969787,0.03380445,0.05251087,0.34124973,0.16818362,0.00775588,0.44529250,0.00507612,0.32786775,0.09247256,0.03053389,0.27782732,0.01535606,0.00528366,0.03846368,0.03406514,0.24127111,0.19850746,0.62235779,0.80204451,0.02985506,0.01519869,0.04226971,0.24262662,0.12848099,0.00812172
0.01424370,0.60514551,0.00151607,0.09663043,0.03997605,0.09114575,0.21594442,0.00382471,0.48672020,0.00793669,0.04567165,0.58678317,0.00048593,0.03966837,0.00698387,0.75246358,0.17287980,0.16660279,0.00403410,0.42742735,0.13116936,0.18409094,0.64415556,0.29257721,0.36170211,0.41027066,0.03356317,0.00374953,0.57257789,0.14989533,0.67939121,0.17565964,0.00886775,0.28574735,0.09260825,0.04264166,0.00390344,0.78894210,0.28679100,0.01846452,0.72576636,0.73064542,0.03865184,0.92167985,0.02119981,0.03594213,0.08205377,0.72226745,0.49724996,0.78796542,0.13897300,0.00135354,0.09324128,0.01062016,0.13038345,0.20668420,0.72958744,0.34974870,0.03293864,0.04790803,0.04556011,0.15693229,0.87290597,0.05200608,0.00918400,0.09338038,0.13939977,0.03451145,0.05093479,0.52825588,0.07365149,0.43209237,0.83646262,0.84484392,0.45400664,0.08572677,0.05555575,0.00498006,0.24542916,0.67033476,0.80151331,0.10534005,0.53654557,0.21132706,0.89212298,0.11038220,0.21293466,0.03100465,0.41706961,0.05682563,0.45571521,0.01377666,0.00834900,0.14369240,0.04165618,0.18331338,0.20726486,0.09679855,0.00355304,0.02761098,0.00571331,0.32044682,0.22586305,0.01990849,0.38791886,0.01045044,0.04995205,0.07887217,0.04111775,0.14689530,0.27815372,0.64780349,0.91948843,0.10992691,0.01485467,0.01194417,0.33491707,0.00231251,0.00940765
0.04346842,0.47327787,0.00033655,0.30027381,0.04808824,0.04224920,0.34527442,0.00598136,0.77868831,0.00204361,0.01956071,0.29874367,0.00033993,0.02834962,0.00732873,0.76309574,0.21968383,0.02540237,0.00177263,0.41975245,0.10590958,0.26295424,0.77583808,0.32432047,0.26655212,0.20781446,0.02107093,0.00611101,0.57873350,0.13895591,0.19629955,0.23003401,0.00764816,0.14381917,0.32475314,0.07364827,0.00094525,0.71652865,0.27813405,0.01555910,0.43426341,0.45646834,0.02653817,0.79746264,0.04629702,0.23788698,0.17949612,0.78436184,0.06642006,0.90038168,0.02604540,0.00052997,0.05407853,0.02615803,0.28101477,0.30348223,0.40913174,0.45258099,0.04785946,0.06010370,0.01694471,0.20816013,0.93348879,0.05844777,0.00468940,0.14003842,0.43293956,0.02249482,0.06246214,0.44219574,0.09997050,0.41572422,0.55305803,0.74265987,0.05632113,0.18401426,0.03795286,0.00745806,0.14371927,0.42827290,0.85782540,0.08648445,0.28165168,0.19078796,0.91758031,0.06404816,0.35126975,0.02872724,0.18376455,0.04032435,0.47413892,0.01643670,0.00618818,0.10602654,0.02258088,0.05268686,0.37935171,0.16719688,0.01367184,0.17259189,0.00794134,0.35629842,0.27841619,0.01219211,0.37177509,0.00894741,0.00416542,0.14267343,0.04973722,0.13041291,0.12095224,0.60114503,0.78544259,0.14724372,0.01502452,0.02130788,0.28869262,0.02161440,0.00748596
0.02003594,0.59921581,0.00068936,0.14622861,0.24010035,0.05620838,0.33358926,0.01893018,0.76879054,0.00422030,0.03426672,0.04987819,0.00053449,0.01354979,0.00590627,0.61192763,0.32485828,0.04334838,0.00342186,0.69991881,0.08941590,0.29106858,0.59301943,0.28713432,0.33181581,0.36488032,0.01544137,0.00810569,0.27051285,0.17778683,0.09860799,0.33220601,0.01148976,0.15288109,0.15068588,0.07655939,0.00221459,0.45578197,0.27176055,0.03574797,0.46611631,0.29685739,0.04456146,0.53243411,0.01343811,0.09571195,0.13712101,0.73105580,0.03630134,0.69631219,0.01994275,0.00047830,0.11800768,0.02338062,0.43542874,0.61522591,0.37140644,0.31578800,0.08220551,0.03084765,0.06652624,0.68566996,0.85886180,0.07922231,0.01502758,0.17944780,0.32394588,0.02099857,0.03198812,0.32763296,0.15929063,0.59522945,0.63934964,0.49373049,0.09042321,0.35276842,0.11871359,0.00720187,0.19479451,0.39447048,0.74195039,0.13263869,0.40110865,0.16208996,0.96622479,0.07261071,0.23906024,0.04111620,0.23997979,0.10132823,0.56058955,0.02637719,0.00596841,0.25748715,0.06448073,0.15815634,0.34829256,0.29975984,0.01485447,0.13775197,0.01663652,0.29398489,0.45972309,0.05340762,0.59013361,0.02062260,0.00427661,0.06841118,0.05786428,0.08660412,0.08579891,0.39936826,0.71073341,0.15359217,0.01737419,0.05673952,0.14428121,0.02432587,0.02594497
0.02261847,0.39607725,0.00078547,0.35141352,0.12008702,0.09500869,0.43361211,0.02638733,0.77245235,0.00359316,0.04190027,0.10668261,0.00052247,0.03660431,0.00857280,0.81198609,0.11802459,0.06399699,0.00177666,0.48267293,0.11531291,0.12708980,0.40225986,0.27436683,0.41499674,0.40867168,0.04527526,0.00841110,0.36606005,0.16338493,0.11349623,0.27856779,0.01208745,0.13662133,0.24650383,0.14820771,0.00271569,0.33549717,0.28640768,0.02753826,0.52819407,0.25659788,0.04201788,0.34825796,0.01642731,0.06946431,0.19650537,0.64308172,0.04974770,0.74706364,0.03383998,0.00047731,0.23926869,0.01489440,0.23629922,0.47334063,0.58378005,0.31618696,0.02405651,0.04177718,0.08982129,0.60361707,0.70047051,0.11086518,0.01149819,0.23159394,0.54539651,0.01696617,0.02755998,0.49397534,0.13623212,0.57025588,0.58632129,0.57314014,0.09711675,0.55130655,0.10232135,0.00670587,0.17589878,0.42359239,0.73695135,0.04687741,0.36485180,0.10651112,0.77404952,0.07111928,0.14704199,0.04073523,0.32695228,0.04837302,0.36484104,0.01379573,0.00396346,0.14909028,0.04209206,0.29845670,0.51285481,0.38351327,0.01455611,0.09222066,0.01779939,0.33693257,0.26447135,0.03709088,0.60749853,0.02553619,0.00165948,0.07385881,0.05427336,0.06066321,0.06569993,0.48646086,0.59225798,0.23906039,0.02702241,0.05946500,0.25330919,0.05056270,0.01217284
0.02279548,0.51275456,0.00073889,0.17915177,0.16306812,0.09550349,0.18872273,0.02475247,0.65893435,0.00363004,0.04494347,0.25084129,0.00044999,0.03443057,0.01052015,0.70847577,0.10318003,0.06547082,0.00306322,0.58159196,0.11306459,0.19205128,0.47694337,0.20936279,0.44890708,0.45501313,0.05657164,0.01017184,0.32571891,0.09119804,0.08176011,0.31823784,0.01223884,0.10618985,0.24687879,0.08454894,0.00144834,0.34001398,0.32538775,0.03278171,0.47953808,0.45578682,0.03788843,0.43256688,0.01465958,0.16853496,0.14994219,0.59488958,0.04542529,0.79250848,0.03519018,0.00097253,0.21831968,0.01008509,0.35908684,0.35582039,0.50200045,0.25841969,0.03069759,0.03889620,0.03974632,0.51620620,0.77715933,0.05357357,0.01006593,0.15309979,0.36207110,0.02577878,0.02489809,0.45941281,0.08941251,0.56102496,0.58333784,0.53164697,0.06688232,0.32709470,0.08333143,0.01430630,0.51394302,0.40752128,0.75377494,0.05775053,0.37504947,0.12148143,0.76701593,0.10011287,0.19555803,0.02875486,0.35116264,0.09086828,0.52959263,0.02621352,0.00461054,0.11198428,0.04696828,0.15234330,0.40832925,0.25721067,0.01301572,0.18955025,0.01180921,0.58518797,0.37631506,0.04187754,0.61250114,0.02738140,0.00218339,0.03842115,0.03930651,0.10962807,0.15165874,0.45115170,0.67047787,0.28143796,0.03647473,0.02993877,0.32597709,0.03180901,0.00842605
0.01235036,0.36103812,0.00078191,0.26649630,0.19597954,0.05151270,0.17799462,0.02832797,0.80714905,0.00287875,0.02509906,0.14744222,0.00059593,0.02196944,0.01380975,0.72284698,0.08846340,0.07864775,0.00201659,0.58323354,0.13010426,0.25493851,0.31506974,0.20303866,0.29662904,0.36764455,0.04522500,0.01229238,0.21546344,0.19759661,0.08327867,0.23886216,0.01314566,0.23604952,0.20258832,0.11258886,0.00266986,0.33247793,0.33198351,0.03428878,0.53417939,0.41757426,0.03205713,0.52926731,0.02295396,0.14735198,0.15525784,0.61985272,0.04543833,0.73426360,0.03710327,0.00084265,0.21340753,0.02152060,0.38094968,0.37472820,0.36973342,0.28634688,0.02810041,0.05437632,0.08690121,0.53186238,0.67281699,0.05798158,0.02033481,0.22902347,0.36477336,0.01845495,0.03483337,0.48040387,0.08767486,0.62099707,0.52162540,0.53342134,0.09828760,0.31886667,0.07891823,0.00784562,0.36189872,0.48761612,0.83797055,0.05782648,0.53490651,0.12523009,0.85155255,0.10325726,0.15427423,0.03979534,0.24002405,0.07478288,0.46476561,0.02665149,0.00889591,0.12019351,0.10033872,0.15692106,0.29726452,0.41937855,0.01248329,0.19589649,0.01173778,0.52344292,0.44383067,0.03328977,0.57900542,0.02264086,0.00174283,0.07180657,0.05912614,0.10880420,0.09584935,0.49591127,0.71202952,0.28985822,0.01896821,0.02531538,0.19597417,0.01975281,0.00910459
0.01442331,0.37320822,0.00069456,0.22368212,0.22648098,0.07916259,0.17178884,0.04573682,0.70849782,0.00227163,0.02700222,0.23101068,0.00043187,0.04519809,0.01328436,0.68591118,0.09751685,0.06766704,0.00181605,0.56959432,0.06868207,0.25593683,0.48884818,0.23648977,0.31653762,0.41441563,0.03692359,0.01763842,0.34169552,0.17350531,0.09547174,0.24285467,0.01542260,0.12657467,0.14064409,0.06431208,0.00213016,0.35559097,0.28568241,0.01511735,0.45381847,0.38277918,0.02529600,0.54649794,0.01741601,0.17203631,0.10037223,0.76279843,0.08117563,0.73621136,0.03731699,0.00040705,0.15458775,0.01738285,0.24154963,0.51926786,0.54706270,0.33918500,0.02282596,0.02958031,0.05086420,0.44799539,0.75724757,0.08040343,0.00974977,0.20685928,0.39842287,0.02963323,0.04489524,0.39632493,0.09951618,0.64344281,0.71132034,0.53542012,0.04391511,0.24109526,0.11374393,0.01217495,0.48390338,0.31021279,0.71680838,0.07387318,0.36268145,0.14404076,0.76969141,0.07910550,0.14953542,0.04132301,0.27205712,0.10255709,0.44246447,0.03275308,0.00598345,0.12949215,0.04172561,0.19486268,0.30045980,0.36474672,0.01287892,0.17705424,0.01456984,0.53719443,0.41165370,0.06780344,0.39209959,0.03589343,0.00120717,0.05530540,0.03705687,0.07659775,0.12915471,0.40560651,0.73561013,0.29105839,0.02741707,0.04257600,0.19754231,0.04507052,0.01570863
0.02358463,0.36397144,0.00099283,0.22915268,0.11978260,0.06352084,0.23726025,0.03441437,0.77771920,0.00385124,0.03049908,0.20801051,0.00058315,0.02197431,0.01111898,0.76507050,0.13466722,0.07426677,0.00225807,0.56988382,0.06657328,0.27662534,0.30926180,0.29995444,0.25617477,0.37740120,0.04521359,0.01545168,0.38117945,0.16235140,0.14317310,0.22751127,0.01482479,0.23552348,0.17349458,0.10950515,0.00247951,0.46129200,0.28939378,0.01535638,0.56356311,0.39619213,0.04716554,0.56372893,0.02641791,0.21350752,0.12245231,0.65112126,0.06400388,0.81773287,0.03602696,0.00077233,0.18355615,0.00970572,0.28030640,0.33325621,0.34755829,0.34986943,0.02912555,0.03492086,0.03705087,0.48977563,0.72322267,0.10682739,0.01883123,0.20076139,0.37459970,0.03811445,0.02064632,0.47063014,0.08515586,0.55720448,0.49317375,0.60096049,0.04658699,0.39130595,0.06138634,0.01306594,0.48607656,0.29438791,0.73204976,0.04260542,0.43375620,0.20993020,0.83679515,0.04152364,0.17834780,0.02262944,0.34513474,0.04830601,0.38397244,0.03450444,0.00371336,0.09842626,0.04798456,0.16707408,0.45545262,0.36740893,0.01191922,0.20397647,0.01824977,0.57909495,0.26673183,0.02916384,0.61770970,0.02915862,0.00223795,0.04866187,0.03756010,0.09511494,0.09837835,0.35534704,0.72680628,0.24212302,0.03243851,0.02111011,0.27272004,0.05107608,0.01852554
0.02372235,0.26110330,0.00077298,0.17849766,0.13422136,0.15564664,0.26523638,0.02735203,0.86794573,0.00444487,0.02588765,0.32888588,0.00061888,0.01760141,0.00425274,0.70044559,0.07849216,0.03091925,0.00186650,0.41191965,0.03442252,0.24886294,0.56154865,0.32322577,0.48388508,0.46069211,0.04381875,0.00864423,0.28252146,0.20468061,0.10697387,0.17052129,0.01124832,0.18197761,0.14863701,0.14722049,0.00246390,0.19894215,0.44482422,0.01580433,0.51205480,0.44710180,0.02776992,0.66380280,0.01365557,0.13459352,0.13301979,0.80934936,0.07709495,0.86104387,0.05862484,0.00074403,0.16486113,0.01849115,0.36330009,0.32886380,0.17706330,0.14815491,0.02190305,0.05791767,0.10395354,0.75256127,0.84518003,0.06976125,0.01183639,0.23693623,0.49168649,0.03514208,0.02812092,0.37711197,0.06788405,0.42559215,0.57114077,0.46818924,0.03206185,0.30199483,0.04609447,0.01670835,0.17237565,0.33415326,0.63282669,0.12766518,0.37330976,0.21980880,0.92370105,0.05055794,0.21140482,0.03011817,0.12981786,0.07978772,0.50566339,0.01077814,0.00451236,0.36531544,0.03417234,0.05891700,0.41450480,0.43866891,0.00775492,0.08023684,0.00499429,0.51707667,0.33819291,0.03884698,0.58570623,0.02443783,0.00171408,0.03289126,0.02489648,0.06617875,0.12194586,0.70983750,0.69953853,0.23687837,0.02827691,0.04164930,0.19857034,0.02341947,0.01856647
0.01341273,0.51772106,0.00042904,0.21046586,0.12437779,0.19616066,0.29095688,0.05313380,0.86055797,0.00274863,0.04070513,0.22932433,0.00052283,0.02332879,0.00702890,0.70136553,0.12279821,0.03881910,0.00162535,0.58993059,0.04549354,0.22414097,0.34008259,0.13813823,0.36756474,0.57265663,0.01660176,0.01684096,0.33960527,0.37684295,0.08045705,0.22106366,0.00837354,0.13989359,0.12608126,0.10761780,0.00100790,0.24932241,0.36109719,0.01545271,0.40979636,0.42542100,0.01950743,0.61414498,0.01830171,0.17323214,0.12493445,0.80776125,0.06845797,0.82586390,0.10516807,0.00094226,0.20797279,0.02279231,0.35057166,0.37865433,0.28462362,0.24676119,0.04105781,0.07275894,0.08156312,0.75122088,0.76628590,0.04641876,0.01570040,0.31002748,0.32981375,0.01628136,0.03854552,0.36302668,0.10174673,0.48578954,0.63889033,0.54493159,0.04158428,0.42098248,0.13578878,0.02731382,0.57289404,0.52314901,0.81322354,0.07561832,0.31596622,0.30188188,0.96444267,0.06531855,0.23987016,0.03535725,0.18115681,0.02805874,0.52812517,0.02532670,0.00263134,0.23383017,0.06868117,0.11524083,0.34237319,0.45765975,0.01047924,0.07037207,0.01683167,0.54295319,0.44968754,0.06378859,0.49679130,0.02577357,0.00132466,0.03760453,0.04511961,0.12020808,0.17212747,0.78544837,0.58260828,0.08339611,0.02735948,0.05143611,0.50030708,0.02077517,0.01821700
0.01786869,0.37951407,0.00046427,0.35574746,0.14228511,0.10728952,0.21132605,0.08885919,0.44681323,0.01111862,0.01463102,0.28921854,0.00109278,0.01053003,0.00547616,0.46795952,0.11109674,0.03993008,0.00178917,0.61976862,0.01724284,0.08141216,0.48705950,0.26163316,0.25544506,0.62754697,0.01278223,0.00958622,0.15366597,0.26242688,0.13478051,0.32073098,0.00827147,0.11907761,0.25481674,0.05678077,0.00090565,0.12147327,0.26298305,0.01081479,0.52663082,0.27109766,0.05114599,0.51868540,0.03782182,0.12222455,0.07770175,0.90526062,0.04847858,0.49387723,0.04977123,0.00076656,0.07115260,0.01978797,0.25901243,0.18123712,0.27086747,0.17794599,0.04749076,0.06962354,0.02820442,0.51176119,0.63579583,0.12847702,0.00889879,0.34688088,0.20833313,0.02625267,0.06908949,0.31158617,0.11666909,0.52918839,0.65921700,0.50648010,0.04558672,0.45519596,0.05736618,0.01701199,0.67763323,0.50609386,0.87698859,0.10874303,0.28966314,0.34243649,0.84666848,0.07962129,0.22696897,0.02578820,0.28666860,0.04128846,0.67071503,0.02379650,0.00381965,0.20650780,0.09155106,0.05691530,0.50378454,0.43310815,0.00808584,0.17984061,0.00655470,0.45655456,0.56847137,0.04708548,0.60986626,0.02722503,0.00339073,0.03742796,0.04188085,0.09798092,0.07335717,0.77995062,0.73001784,0.21910666,0.05773871,0.01760167,0.52417374,0.02212252,0.02671115
0.01123187,0.63921136,0.00024965,0.27587247,0.14294450,0.05630327,0.31474489,0.08871411,0.34115952,0.01745920,0.03777663,0.35956123,0.00067134,0.03486323,0.01138264,0.56320059,0.11730742,0.05444485,0.00142682,0.32481200,0.03679683,0.23771082,0.57000935,0.28115711,0.55848527,0.90614408,0.02869625,0.01238576,0.10320916,0.18921338,0.05750801,0.57856566,0.00765433,0.30667880,0.31546134,0.07039007,0.00191072,0.10896505,0.11119017,0.02833059,0.29928243,0.42521751,0.00917047,0.62163270,0.02037081,0.07900503,0.10629912,0.59189510,0.10408811,0.54432201,0.09775015,0.00053756,0.20709735,0.00605520,0.55627567,0.58293998,0.14212397,0.17425011,0.02344975,0.04493573,0.10310929,0.55731320,0.68815500,0.19624816,0.00868719,0.17141835,0.33120227,0.03385725,0.04752927,0.42263228,0.12864757,0.74056339,0.50080186,0.28639540,0.02469691,0.56696767,0.05375524,0.00938565,0.37837836,0.55187225,0.54263937,0.08493885,0.71434706,0.34815186,0.64408773,0.06118562,0.14884911,0.02229569,0.43262976,0.01154587,0.41658953,0.03083522,0.00275405,0.14913301,0.08370045,0.08695795,0.36789677,0.40085903,0.00614349,0.05406789,0.01828927,0.34138590,0.43152228,0.03353641,0.54920787,0.03803831,0.00082468,0.01812283,0.03960782,0.15967166,0.14589308,0.56369495,0.78225631,0.38140234,0.02915017,0.02561575,0.54995292,0.01234910,0.01468351
0.02284508,0.76521927,0.00283770,0.41786700,0.08772989,0.01506114,0.34713790,0.05909752,0.35780147,0.00677844,0.02172205,0.30141521,0.00247785,0.03416196,0.00913899,0.59357238,0.11282440,0.03678590,0.00141125,0.27981946,0.02416338,0.11720520,0.44397959,0.13520552,0.50390720,0.57777297,0.02606804,0.01087998,0.07610968,0.31458351,0.08129995,0.15593030,0.00655442,0.27528045,0.27044550,0.13047421,0.00143901,0.23498012,0.05038402,0.02567525,0.51605862,0.21644850,0.02535574,0.74079287,0.07987197,0.10272843,0.05262822,0.92471361,0.09321391,0.50246501,0.14141573,0.00154166,0.10562210,0.01423048,0.08893674,0.35536888,0.13307546,0.19515941,0.01335280,0.04959184,0.05384200,0.41602895,0.66806006,0.10740410,0.00426544,0.68436873,0.15605669,0.04820968,0.20242713,0.31654233,0.09948745,0.45082465,0.38372782,0.72590357,0.03289124,0.61277586,0.05722759,0.00482904,0.31962645,0.47726750,0.74284101,0.16681689,0.38803661,0.05567425,0.80727321,0.06987938,0.45863697,0.02720306,0.26336849,0.04732975,0.41072851,0.02560192,0.00168572,0.09955610,0.15014628,0.08309223,0.17000362,0.38321313,0.00399548,0.32906118,0.03519621,0.24892586,0.39861891,0.04005035,0.55323488,0.05847657,0.00263815,0.01161064,0.10608730,0.07208946,0.03945417,0.30771977,0.55156779,0.39785975,0.01751450,0.03179445,0.26713490,0.08487665,0.00839201
0.03571918,0.64678270,0.00440271,0.07477996,0.18150787,0.01726411,0.25625277,0.06765041,0.84849072,0.01769713,0.05435851,0.21231860,0.00089589,0.06533890,0.00608800,0.82813632,0.27717549,0.12576856,0.00140688,0.37897560,0.03315057,0.13101834,0.67041534,0.26285943,0.34466237,0.72152632,0.01329146,0.01829155,0.04771842,0.13855954,0.24116017,0.14322866,0.01420445,0.39290988,0.13214362,0.11459081,0.00193269,0.33622009,0.12416659,0.01046033,0.22752453,0.20281382,0.04404997,0.67741698,0.04892896,0.12529103,0.11892056,0.86539757,0.20877290,0.53908765,0.09047793,0.00057864,0.08634336,0.01820216,0.12945223,0.44371662,0.37114000,0.46498513,0.02746699,0.19464864,0.06610721,0.46547887,0.53964204,0.05226114,0.01084554,0.22261561,0.14770487,0.02374352,0.15794972,0.52523041,0.11076201,0.79553270,0.23203211,0.65159708,0.04245155,0.61222416,0.27033320,0.00337557,0.38093805,0.35220057,0.85495257,0.01205058,0.45382744,0.53056872,0.89207590,0.03567944,0.28131735,0.04499283,0.19141842,0.03096119,0.41035655,0.01053515,0.01040725,0.18117626,0.08568079,0.29098752,0.34680381,0.10889377,0.01439209,0.01743536,0.02165189,0.24264368,0.63702399,0.09824648,0.53908163,0.05456751,0.00796838,0.00758212,0.04376069,0.07847485,0.07229030,0.40457851,0.44705379,0.22519405,0.01605869,0.04368435,0.39448112,0.00173157,0.01388295
0.00874230,0.52739668,0.00057922,0.44378066,0.11914993,0.05485454,0.14721422,0.04460433,0.66759920,0.00658283,0.02257919,0.30206075,0.00029183,0.01460646,0.01514536,0.47018352,0.17136772,0.06235434,0.00223162,0.38620061,0.03736440,0.27092794,0.25079411,0.36584756,0.34315261,0.61966670,0.01221988,0.00991679,0.12754241,0.11720074,0.03864943,0.17812774,0.00816297,0.20313926,0.27038547,0.17685981,0.00337143,0.21662644,0.14087874,0.04240136,0.57009441,0.17241743,0.04164465,0.67273855,0.01124119,0.24576668,0.06782711,0.77324224,0.06101108,0.75032097,0.05561330,0.00038069,0.05749261,0.00447042,0.47402978,0.37597886,0.42847905,0.47045401,0.03089209,0.12118559,0.01901207,0.60150051,0.63555342,0.11829503,0.00789711,0.36591810,0.29380259,0.01849680,0.04612958,0.35894862,0.07388878,0.78559726,0.64333671,0.63662535,0.05186350,0.60203022,0.18895110,0.00578912,0.60855544,0.30349603,0.81846040,0.03197965,0.30077493,0.45275939,0.87449253,0.02692559,0.14060347,0.02623692,0.40164539,0.03346618,0.52092123,0.01056939,0.00501868,0.07013028,0.07314327,0.26152804,0.24594347,0.49039677,0.00691706,0.12816176,0.01452081,0.50338942,0.39843845,0.08097599,0.53536361,0.03378267,0.00026648,0.01523133,0.05424188,0.07062602,0.08995569,0.36403605,0.64355290,0.28033242,0.04684526,0.02284158,0.65940481,0.02422957,0.00596411
0.01865672,0.27017745,0.00072565,0.12883577,0.13884190,0.04759116,0.24769765,0.04148356,0.53754789,0.00319499,0.01457153,0.27071193,0.00056604,0.04357675,0.00645570,0.51877135,0.11655233,0.01144856,0.00253761,0.41101357,0.10476565,0.43148142,0.28182459,0.18493834,0.33185592,0.79559642,0.01495453,0.00733803,0.16595310,0.08334543,0.04050579,0.36143607,0.04113094,0.08731321,0.53462029,0.05163968,0.00354498,0.21616866,0.22225697,0.03056743,0.57401270,0.20486213,0.06764472,0.68218189,0.02481043,0.08089473,0.06317102,0.85087383,0.05091801,0.59263325,0.12416884,0.00053649,0.08797934,0.01607421,0.33272776,0.36507231,0.42892346,0.34979635,0.02656341,0.06501196,0.02214261,0.41903514,0.72443455,0.05697333,0.00541286,0.19415574,0.12981766,0.01994607,0.06283914,0.55957395,0.09908807,0.85900134,0.48766109,0.86126101,0.02949849,0.26851279,0.02071074,0.01615882,0.33864054,0.51124221,0.75942153,0.12157016,0.64617294,0.49625048,0.61921823,0.02570587,0.09353499,0.02356813,0.67419922,0.07674161,0.77976513,0.01045155,0.00356738,0.06216491,0.05866250,0.06141354,0.20378762,0.64289981,0.00337229,0.04437021,0.01037610,0.22152275,0.39478382,0.15034097,0.82395041,0.02148937,0.00708988,0.03095526,0.03059118,0.06555475,0.12172162,0.26621151,0.72558790,0.46311793,0.05694016,0.02413326,0.38535303,0.02461054,0.01120071
0.04875964,0.32439113,0.00094311,0.30618832,0.10298333,0.05767343,0.16906095,0.02149349,0.81641865,0.00422527,0.01680417,0.33792442,0.00073273,0.01901245,0.00578960,0.59993547,0.08614977,0.04237691,0.00311182,0.32520542,0.06076785,0.19512737,0.27969098,0.20742673,0.26070446,0.68913978,0.03129154,0.00606567,0.15257612,0.10252260,0.01954214,0.32373440,0.04394367,0.18300979,0.28483009,0.06893971,0.00184160,0.31717664,0.18836221,0.02286690,0.72268158,0.26395905,0.06422824,0.45938385,0.01465516,0.06372573,0.16136311,0.74119461,0.04438482,0.74586350,0.04049958,0.00073265,0.16859025,0.01301028,0.19888374,0.45670590,0.43252370,0.16408439,0.05785372,0.05470221,0.02170353,0.21301068,0.69865340,0.09581637,0.00824881,0.36764207,0.40532193,0.02955271,0.07273607,0.32276908,0.06382394,0.83499408,0.11052255,0.84359723,0.09527674,0.37597618,0.10949799,0.01492321,0.39633957,0.38475737,0.70082062,0.05481343,0.59435517,0.22462127,0.80150324,0.03672713,0.17995466,0.04755787,0.62143129,0.04666504,0.72075444,0.01338683,0.00512310,0.05746924,0.04060706,0.15052819,0.19617544,0.53216034,0.00571437,0.23622261,0.01413576,0.41414219,0.32860550,0.08082626,0.71197897,0.04752963,0.00299771,0.04924125,0.04466538,0.08587599,0.11228517,0.39786440,0.57801503,0.44861451,0.04111759,0.06640968,0.57574016,0.00512929,0.01996939
0.02717294,0.40128076,0.00067737,0.25349250,0.20675552,0.08944235,0.15311912,0.05029349,0.81020218,0.00469248,0.04118470,0.28548798,0.00103844,0.03519195,0.00556506,0.64196593,0.09677369,0.01980526,0.00392447,0.46341565,0.05449458,0.30214298,0.32973891,0.21650933,0.26708895,0.40118957,0.02995962,0.00962015,0.36857626,0.15736918,0.04219875,0.14832586,0.01008023,0.19296025,0.10938070,0.09347356,0.00141343,0.29803941,0.26869619,0.03007905,0.63539201,0.13319612,0.04914134,0.51830244,0.01379241,0.18384603,0.15268506,0.65073746,0.07417095,0.66109115,0.02628476,0.00080743,0.32711715,0.00892842,0.26237425,0.46404222,0.41800958,0.27626261,0.03134927,0.08227983,0.04586417,0.46083134,0.76719975,0.06635494,0.01240546,0.22867084,0.46716517,0.01392103,0.02928403,0.39837474,0.09887754,0.65046251,0.51750851,0.54455960,0.04908403,0.29621065,0.07511612,0.00776021,0.49141231,0.53908426,0.80008674,0.05411752,0.41145557,0.31258214,0.81520933,0.03766026,0.17720626,0.02479482,0.36180353,0.09288874,0.53792328,0.01964728,0.00712641,0.07963929,0.06885163,0.13917726,0.24491236,0.38764018,0.00822112,0.17252575,0.02234994,0.46190444,0.40317973,0.05242034,0.60485023,0.02754388,0.00132995,0.07077022,0.03808910,0.07092272,0.10293026,0.42589390,0.66866022,0.33689609,0.04121900,0.04302392,0.23404707,0.03969571,0.01795117
0.02186642,0.49997976,0.00089249,0.25749248,0.14071482,0.10684978,0.15867063,0.02688914,0.55070537,0.00326091,0.01845723,0.20922460,0.00052762,0.03186493,0.01281409,0.77210873,0.11227438,0.04869492,0.00207356,0.53425294,0.04676221,0.34579942,0.37753704,0.24082926,0.39396819,0.40589201,0.02933638,0.00438152,0.33284906,0.18789424,0.09476704,0.17249185,0.01210953,0.17605840,0.07824569,0.09442803,0.00151798,0.32916871,0.22959174,0.04355431,0.50562811,0.32712579,0.05072037,0.56980222,0.03039304,0.08977469,0.11407042,0.68199223,0.09493936,0.69907326,0.06374114,0.00083822,0.30832905,0.01037250,0.37811863,0.29309627,0.33982283,0.40380946,0.01766355,0.06643261,0.08718572,0.53000402,0.64836824,0.07983314,0.00955272,0.20931910,0.42551491,0.03649789,0.03912790,0.42071581,0.06802870,0.51744556,0.60956156,0.68558621,0.06816743,0.53616560,0.07902037,0.01503601,0.58651149,0.42455453,0.79401505,0.06464548,0.51517397,0.31389347,0.82486242,0.04881919,0.26661658,0.03210472,0.19024499,0.10956720,0.64924002,0.01306621,0.00785280,0.08250116,0.05600519,0.19790387,0.25980821,0.23455346,0.00632054,0.13958687,0.02016165,0.37341911,0.48383996,0.10144538,0.54753917,0.02604075,0.00152882,0.12709884,0.04142193,0.03858133,0.10992004,0.39544964,0.71588230,0.39484492,0.02064146,0.02884685,0.18845856,0.03212117,0.01221307
0.02086822,0.43783662,0.00061958,0.20384023,0.24448454,0.06399659,0.18732183,0.04154965,0.74803096,0.00319498,0.01881866,0.15576926,0.00070630,0.02958807,0.00915284,0.69848126,0.16102378,0.04845196,0.00289736,0.56192964,0.08985573,0.23948355,0.53885442,0.29847160,0.33350569,0.41431734,0.02539577,0.01633736,0.28671908,0.13317885,0.07147336,0.21926492,0.01938477,0.18952885,0.19022050,0.06603992,0.00196348,0.47522143,0.24710351,0.01994677,0.58673632,0.43995520,0.02371443,0.46424171,0.02205635,0.10027215,0.12041152,0.74488550,0.05965456,0.80402935,0.03201045,0.00085777,0.27475038,0.01871108,0.36716416,0.48674044,0.53158349,0.28561994,0.03479188,0.03470425,0.04442244,0.54590929,0.76174229,0.10567245,0.02402271,0.28282389,0.38264945,0.01629830,0.04971027,0.33717582,0.11576064,0.64401901,0.70988232,0.58397490,0.09813306,0.39497572,0.11067430,0.01299343,0.54443884,0.41339016,0.82786810,0.05150023,0.45525473,0.16059925,0.86164206,0.07830270,0.14763613,0.02433042,0.27036014,0.09342108,0.50670785,0.02357197,0.00349135,0.09009315,0.09889648,0.13588032,0.36194587,0.32459652,0.01578271,0.17016092,0.01308343,0.52851844,0.27342978,0.03445270,0.55422193,0.01583082,0.00150944,0.05474365,0.05035776,0.06704006,0.14723229,0.36241782,0.57349718,0.20699063,0.04383435,0.03151871,0.24427442,0.03198304,0.01077900
0.01193867,0.41946164,0.00097285,0.33015376,0.14782235,0.08080100,0.26412511,0.03422923,0.70253456,0.00288149,0.04243009,0.20748830,0.00066955,0.05190033,0.00952784,0.67046756,0.15049571,0.05297010,0.00231054,0.59778154,0.09692558,0.23541710,0.40292120,0.32237729,0.32553369,0.48712078,0.03679721,0.00985206,0.27767783,0.17128675,0.09277648,0.32301432,0.01588027,0.19014905,0.22637093,0.09631977,0.00140456,0.33725747,0.24918121,0.01910629,0.59292310,0.41571227,0.02890873,0.51099032,0.02545882,0.09887522,0.13213244,0.69202977,0.04440340,0.74185067,0.03470530,0.00063261,0.15652756,0.01548543,0.39978924,0.44807893,0.37090257,0.36164421,0.02065752,0.04595260,0.05531697,0.41916391,0.83606452,0.08048100,0.01031857,0.24341846,0.45603690,0.01977568,0.03454325,0.42783788,0.15074192,0.46322614,0.51675504,0.41289282,0.04097837,0.31330544,0.07816474,0.00732281,0.50106722,0.40824035,0.86313480,0.06909642,0.56491238,0.20182118,0.74124861,0.04201023,0.25633293,0.03491025,0.21725638,0.05841856,0.34102663,0.01362869,0.00362818,0.19154975,0.05738903,0.10371543,0.42067492,0.23460256,0.01204380,0.19476250,0.01478661,0.37229222,0.29054534,0.03477882,0.59899378,0.04065321,0.00138104,0.04094192,0.05470005,0.10317117,0.08619575,0.48499399,0.58604079,0.32604644,0.02110350,0.02654394,0.23323023,0.03329719,0.01452846
0.00175496,0.94616312,0.00037680,0.51578981,0.29799166,0.06582668,0.17312166,0.02296918,0.94800586,0.00127440,0.13338390,0.46902204,0.00023385,0.00574259,0.00674319,0.08805928,0.03683766,0.40443149,0.00011005,0.97472006,0.03134002,0.11255847,0.85294533,0.18841979,0.52527982,0.03556079,0.03899962,0.01309143,0.01441181,0.00551704,0.46017665,0.15086842,0.00236085,0.91311008,0.01497949,0.68426210,0.00416279,0.99155104,0.08977422,0.00762883,0.94858247,0.53466994,0.00125891,0.26481074,0.04072336,0.13465121,0.73357433,0.89481330,0.31173000,0.88456768,0.10367227,0.00013672,0.90865231,0.00596761,0.91821116,0.52757967,0.76935154,0.45282215,0.00151546,0.06229125,0.08652324,0.12577721,0.98798823,0.30732074,0.17372029,0.78754961,0.98175067,0.00089748,0.03623164,0.81140631,0.03559728,0.53892815,0.97535223,0.85754746,0.43598512,0.05152481,0.67836112,0.00614365,0.81746709,0.87917286,0.93550622,0.02609148,0.69925827,0.01660161,0.93932551,0.01215733,0.02376199,0.06730305,0.04817602,0.00214680,0.52376944,0.11857829,0.00062968,0.01915857,0.33186662,0.33105624,0.23055911,0.43683946,0.00107969,0.89768624,0.21085215,0.67766452,0.15237318,0.00352366,0.49406132,0.00358033,0.00004248,0.01612078,0.11962539,0.04942715,0.27899963,0.79097891,0.99531138,0.01962065,0.04485507,0.00440544,0.13135548,0.00590435,0.00142711
0.00204458,0.97517669,0.00014241,0.01360505,0.50108427,0.07372646,0.07695871,0.01995016,0.76056123,0.00109058,0.00237751,0.72565740,0.00009836,0.00211557,0.11211866,0.31723925,0.25077328,0.00247162,0.00371748,0.98359382,0.27421400,0.96008289,0.58122855,0.04232914,0.57874876,0.03182730,0.00874977,0.00303271,0.01274464,0.00127023,0.60729331,0.80263728,0.00495068,0.86821169,0.24319905,0.57091296,0.00135722,0.98928732,0.28822178,0.10043398,0.20348950,0.48849520,0.38246760,0.10671578,0.06256247,0.66817135,0.11600861,0.75240374,0.13466562,0.92277491,0.13965894,0.00006243,0.06836309,0.02547962,0.44309828,0.02018382,0.95630699,0.72824627,0.03182981,0.00328178,0.17982954,0.14098899,0.99560571,0.09409874,0.04979389,0.00507969,0.02586590,0.00017669,0.12736376,0.71465057,0.25930136,0.73967534,0.39863595,0.82943887,0.00596025,0.01013179,0.10084310,0.00826662,0.90768784,0.81899101,0.99359864,0.00157039,0.97366822,0.22237660,0.98870760,0.00280619,0.03006422,0.07531241,0.17897744,0.02645663,0.37561157,0.08334094,0.00028350,0.00549192,0.59555054,0.46876165,0.32760558,0.20972350,0.01197590,0.00029267,0.30318737,0.75525790,0.25660017,0.04008455,0.47512320,0.00164439,0.05332728,0.00779851,0.03745759,0.04111372,0.69271672,0.80825454,0.98910189,0.06749608,0.14500716,0.01460312,0.10117882,0.46111280,0.00195254
0.00057314,0.95344561,0.00035133,0.76599807,0.06520104,0.03174059,0.25711331,0.00160218,0.77060157,0.01676849,0.00728958,0.75659335,0.01469120,0.02978612,0.14994462,0.67480028,0.77775264,0.56978923,0.00082822,0.94305223,0.53894305,0.00595737,0.53799182,0.33483249,0.70262891,0.01407482,0.32712153,0.00187801,0.04802243,0.00108092,0.18116286,0.96661317,0.24289551,0.53640068,0.01779377,0.28014639,0.00700487,0.96544415,0.56217515,0.61247885,0.90579402,0.38142109,0.31267050,0.08235838,0.00689515,0.77320945,0.33038819,0.95136899,0.03635336,0.96063811,0.11482210,0.00061755,0.00206277,0.45268643,0.29191682,0.01684777,0.58846188,0.12741551,0.03449617,0.38346368,0.37499180,0.04241792,0.00015086,0.27333081,0.15118390,0.85379386,0.01727336,0.00866182,0.21268603,0.68621033,0.36428338,0.72450286,0.17838696,0.90229833,0.13942568,0.07101547,0.06285070,0.00530693,0.03215032,0.53623205,0.51236969,0.02045182,0.51199663,0.42929989,0.97992414,0.02155413,0.21784635,0.41328546,0.72814190,0.10211114,0.61314476,0.12816919,0.00428936,0.01651748,0.26281565,0.37916350,0.20866345,0.14891718,0.01699881,0.89931911,0.12830868,0.83422607,0.17039096,0.01083146,0.52560222,0.02019761,0.09381685,0.01158735,0.14321296,0.02030567,0.14356060,0.29326504,0.99807101,0.02368157,0.70456070,0.00997465,0.15916440,0.00005782,0.00322257
0.00918335,0.89432538,0.00027408,0.01323239,0.25948396,0.11331447,0.86869794,0.00341754,0.72333461,0.03712277,0.06840640,0.56570089,0.00250118,0.03152084,0.16900799,0.48056644,0.01234998,0.20625012,0.00283662,0.21659164,0.59805655,0.12446376,0.67586201,0.44077972,0.77484411,0.03245305,0.37787837,0.00462036,0.00468360,0.00498005,0.00934743,0.18360314,0.09978376,0.77908105,0.69967157,0.66575807,0.01312775,0.91815305,0.70549232,0.15498990,0.48051348,0.60122311,0.00008965,0.05079798,0.01862357,0.00691334,0.17342910,0.84290606,0.00388196,0.98659742,0.10321046,0.00254968,0.45699829,0.00358964,0.95096767,0.88117462,0.04655403,0.53717971,0.00786580,0.02839965,0.32795075,0.01164422,0.00507439,0.48619974,0.20132582,0.02709896,0.98407537,0.05981998,0.20916754,0.76376891,0.16073988,0.72166193,0.20763490,0.92347538,0.58478826,0.09134719,0.00107506,0.03326918,0.16099292,0.77653760,0.27074575,0.03875424,0.95305574,0.20545718,0.89645147,0.00634262,0.02841011,0.02630128,0.33206919,0.19124739,0.22442694,0.48945242,0.06439470,0.07221819,0.10921030,0.35134590,0.01951633,0.32583883,0.00352759,0.00021993,0.24571778,0.63847607,0.38485649,0.02401655,0.30716160,0.04831672,0.00000468,0.03271987,0.16993131,0.01564267,0.18042032,0.74548686,0.97890180,0.01804742,0.08456143,0.01328950,0.06554597,0.36860859,0.00856020
0.00919235,0.86295152,0.00960196,0.81607229,0.74869877,0.17978224,0.76727307,0.02810571,0.06647528,0.01412387,0.24607575,0.45773944,0.00569433,0.01808618,0.09229399,0.40087631,0.00674443,0.00495400,0.00788669,0.16647069,0.65017712,0.92227739,0.78954113,0.33727938,0.88846731,0.10381648,0.00117830,0.01116075,0.02489532,0.00486644,0.08223771,0.01887266,0.12093125,0.70599878,0.00711067,0.34286800,0.07327724,0.58521384,0.39765921,0.01793425,0.64124733,0.35912257,0.00093210,0.12599280,0.05428493,0.00459532,0.26689658,0.67808974,0.14508478,0.97252160,0.10050526,0.00229718,0.55240822,0.15646212,0.02330922,0.00166830,0.13090490,0.27315792,0.00984253,0.03175944,0.24006508,0.13354406,0.59647888,0.48864284,0.08141132,0.76821244,0.05134084,0.04777222,0.56794590,0.76382071,0.04568913,0.77432054,0.17045571,0.83326036,0.00339183,0.21626900,0.04096030,0.44489107,0.47337580,0.44253528,0.26062527,0.04630687,0.08835150,0.00871339,0.29889759,0.02762491,0.20122458,0.03437086,0.23038338,0.18940878,0.31513944,0.01473290,0.10682417,0.02507619,0.07913490,0.19767028,0.10473600,0.32677281,0.00396043,0.77753586,0.28405073,0.39704061,0.20730272,0.07501620,0.28841963,0.07280262,0.02267112,0.02253697,0.51170933,0.17545897,0.13500878,0.07053677,0.97813988,0.06702476,0.03351535,0.00527106,0.13356937,0.11835340,0.03453521
0.02335377,0.64856404,0.00271086,0.00614104,0.40674257,0.31980777,0.45844173,0.03785048,0.64538658,0.00478420,0.17688029,0.26748416,0.00058448,0.03752476,0.01623728,0.10417154,0.14706755,0.67242837,0.01487775,0.61321300,0.18995586,0.02055956,0.69934183,0.62046933,0.71122283,0.16054176,0.05645764,0.01743850,0.04883149,0.04497646,0.74732095,0.01567220,0.06156435,0.69539875,0.02793045,0.25065428,0.00207867,0.83953530,0.31192872,0.00269676,0.53569376,0.26784912,0.21646614,0.25386241,0.00803029,0.21536550,0.14218490,0.46987611,0.35555658,0.92759269,0.07972127,0.00334583,0.27555034,0.04843516,0.00578966,0.00708068,0.80865079,0.08746265,0.01778890,0.72340786,0.21833198,0.18753490,0.85550469,0.46571299,0.15029402,0.01847340,0.00697096,0.04425747,0.40633678,0.58864439,0.08232138,0.70661378,0.40220943,0.59403169,0.42106363,0.20198937,0.60195249,0.09104729,0.65577984,0.61325002,0.68428826,0.00129351,0.68222952,0.10237896,0.53383428,0.01557824,0.07155143,0.08019602,0.24731712,0.45100909,0.63495982,0.00588932,0.12433371,0.01704845,0.09498419,0.34155861,0.22845238,0.16529706,0.02339790,0.00051376,0.05426718,0.53324479,0.33568633,0.30725643,0.27377093,0.02993266,0.08581479,0.01363639,0.17360108,0.17724803,0.51593184,0.24982181,0.93588012,0.12177639,0.09170561,0.00741692,0.06056996,0.00057362,0.02826093
0.01314512,0.52891886,0.00288810,0.46520579,0.66918564,0.10972887,0.15258808,0.04141791,0.75842452,0.00421390,0.01507116,0.19195502,0.00012676,0.02891891,0.00109331,0.43686682,0.12682578,0.01664261,0.00313820,0.77091485,0.27135056,0.16869223,0.62179142,0.33636719,0.62769234,0.37578163,0.01798861,0.01094055,0.03592021,0.09768963,0.21940419,0.39843684,0.00423000,0.25702995,0.09253002,0.07954615,0.00010943,0.67513525,0.32170236,0.00715650,0.84767509,0.49964797,0.00773103,0.07715163,0.00548466,0.16943692,0.14838243,0.43519700,0.21196041,0.92212456,0.01071598,0.00038535,0.07374036,0.01652887,0.69233853,0.64582658,0.74890071,0.05311840,0.01367553,0.01780069,0.10001419,0.33184183,0.94019932,0.24071677,0.07852075,0.41821697,0.63998979,0.05531686,0.04563455,0.54238498,0.09403487,0.67014766,0.45903412,0.64305836,0.03610265,0.18757565,0.13479874,0.02316580,0.62910610,0.53361875,0.89158219,0.00216146,0.44480282,0.18209256,0.71002257,0.02654657,0.08087575,0.20944808,0.27462471,0.26161551,0.71704131,0.00152154,0.01821467,0.01372633,0.04236862,0.04312615,0.11883928,0.34400296,0.00700379,0.55100638,0.00884990,0.57175350,0.38531411,0.05285950,0.45854732,0.01225836,0.00048580,0.03047660,0.09790307,0.07931084,0.25000009,0.09355804,0.86855185,0.25045413,0.05009229,0.00754259,0.06333090,0.03530490,0.00385278
0.09505353,0.46923700,0.01439156,0.06615136,0.53107846,0.22370017,0.31492552,0.11462931,0.69284987,0.00472044,0.00230867,0.23170917,0.00064275,0.02514424,0.00094477,0.29233128,0.08300193,0.00541523,0.15541141,0.12402488,0.90579587,0.62348962,0.55454123,0.61964804,0.81518805,0.20502284,0.11005033,0.00846431,0.12182759,0.33064616,0.02106000,0.65287501,0.12388138,0.50198716,0.31210458,0.01545669,0.00616712,0.53890830,0.47664210,0.01758585,0.13448781,0.52239954,0.00280529,0.06635515,0.00680070,0.30753246,0.05411485,0.93259412,0.03178696,0.98095739,0.02789777,0.02425493,0.01660303,0.00110812,0.38183585,0.14083178,0.67130327,0.11672742,0.04938016,0.00828292,0.19968985,0.11496989,0.12454481,0.19179052,0.09360819,0.00806253,0.00389031,0.35389242,0.04226106,0.43570206,0.23407644,0.63448620,0.18325974,0.87189102,0.01112780,0.69394076,0.01020739,0.01022544,0.41007310,0.31153041,0.46503440,0.00687562,0.62026405,0.37582994,0.80309123,0.03131161,0.03750920,0.00953839,0.79711908,0.57518286,0.82496220,0.01088002,0.02271334,0.01798346,0.04968244,0.07085675,0.02449738,0.46169579,0.01404880,0.00080358,0.00865778,0.91040760,0.69890791,0.63806838,0.23129036,0.03444307,0.07138984,0.05938363,0.01371718,0.09964079,0.37397924,0.31189901,0.77195936,0.19678986,0.01346482,0.03061861,0.03313973,0.06363789,0.02295920
0.11169305,0.21448886,0.00018190,0.55894589,0.60942101,0.42497918,0.48477352,0.03018837,0.56033033,0.00518534,0.02537595,0.66374600,0.00146360,0.21605888,0.00328368,0.72329587,0.25642127,0.02842820,0.00379493,0.19622752,0.80082089,0.00280001,0.71315390,0.81941092,0.74142069,0.50524825,0.04112958,0.06819311,0.23275222,0.37954903,0.01161582,0.16254659,0.00325520,0.27023706,0.30283162,0.01482335,0.00103503,0.43592942,0.35777938,0.05370719,0.88617784,0.27476573,0.04223771,0.10908900,0.00597315,0.12486936,0.18628046,0.48203573,0.00108114,0.96550113,0.00556179,0.00029984,0.05409880,0.00162748,0.09306847,0.28701976,0.80507469,0.04241200,0.12428581,0.59135729,0.30721954,0.09698914,0.00043000,0.75460368,0.05659793,0.53121179,0.11488204,0.38700381,0.02398449,0.43334982,0.29921636,0.69259322,0.32592013,0.65826571,0.01076583,0.64564991,0.00561761,0.00428784,0.39476836,0.26580775,0.12643097,0.02284152,0.16584693,0.10740150,0.44144377,0.03137900,0.11373047,0.01770516,0.43158337,0.28235701,0.76534891,0.01492607,0.02328194,0.02252006,0.01540828,0.07790663,0.09404755,0.75013030,0.00254972,0.80024463,0.00435349,0.85371512,0.68558133,0.56836182,0.13830197,0.12865391,0.00547265,0.04901355,0.01051033,0.17943226,0.33420423,0.09211142,0.92291731,0.24892266,0.01802312,0.02328524,0.01628174,0.00559973,0.02727979
0.07677417,0.15663344,0.00030239,0.09912128,0.58681172,0.24007127,0.37224376,0.01511397,0.28843048,0.00229913,0.02035303,0.57412416,0.00064550,0.67124033,0.00850184,0.78947848,0.50625503,0.00967629,0.00200243,0.85244596,0.11142312,0.16953860,0.83304679,0.18836984,0.78889537,0.56113172,0.00301356,0.02566571,0.55659604,0.51367915,0.01290968,0.00678111,0.00644893,0.23162647,0.17322204,0.08357832,0.00129452,0.19190846,0.18230841,0.03952623,0.76021236,0.53456783,0.00169662,0.19645245,0.00603091,0.02828218,0.00900399,0.60997272,0.07694434,0.99562734,0.00914182,0.00032892,0.88735938,0.00956850,0.57452267,0.24329463,0.93375814,0.42566603,0.02624680,0.10885537,0.02317088,0.04773206,0.17205657,0.24754281,0.02430603,0.09195177,0.91652036,0.04256379,0.05381500,0.74221581,0.14111564,0.61221898,0.93472958,0.88052738,0.04880544,0.98253745,0.12550156,0.00824998,0.85298055,0.16615854,0.29799303,0.02265099,0.69663870,0.25121129,0.78760284,0.01525818,0.23639026,0.02170335,0.28771380,0.11022955,0.96587712,0.01210178,0.00695880,0.02815377,0.03457336,0.05721658,0.07010268,0.94125909,0.01031958,0.01395949,0.01507456,0.76077682,0.50789714,0.26676413,0.58425760,0.10054129,0.00004236,0.19636339,0.05004906,0.05000357,0.42424887,0.13600619,0.64582574,0.35887119,0.00862562,0.00444955,0.06322352,0.05284229,0.00913987
0.00640522,0.20693177,0.00049559,0.16690835,0.66776955,0.08053945,0.08026432,0.00976903,0.81154972,0.00238724,0.01905081,0.18544774,0.00052218,0.00777686,0.00690235,0.60140491,0.13585159,0.09624828,0.00230170,0.39575553,0.03194689,0.81704861,0.49045441,0.24375927,0.54095066,0.39282554,0.05119522,0.00845981,0.23767944,0.15525515,0.04401809,0.22296126,0.00928948,0.24511577,0.03023858,0.04621753,0.00163915,0.24070029,0.09048760,0.02139371,0.67920578,0.53332829,0.01227376,0.42760727,0.02249559,0.16907126,0.02019490,0.47323918,0.03863344,0.97032005,0.08398247,0.00056210,0.21264227,0.01708838,0.42234483,0.27680340,0.69252688,0.13147731,0.04952783,0.03105806,0.02583968,0.31203878,0.82289284,0.12352220,0.00907554,0.22542521,0.04192534,0.01017770,0.02062806,0.33868584,0.49012092,0.51838797,0.83977908,0.29247785,0.08246215,0.54882604,0.06952374,0.00699740,0.43304312,0.36362463,0.49171740,0.05799703,0.29823026,0.27237654,0.81333238,0.02293389,0.63418382,0.02544872,0.77446687,0.08392387,0.80762005,0.02175000,0.00728730,0.03774018,0.07709336,0.15961900,0.33054116,0.68406391,0.00634908,0.33841100,0.01862002,0.29998371,0.26622945,0.09379997,0.39597499,0.07167295,0.00115534,0.05059431,0.03720489,0.16491374,0.26154053,0.26521739,0.42760143,0.55296630,0.02489739,0.01603462,0.09896956,0.07019785,0.01805412
0.01486205,0.36854061,0.00102628,0.17125028,0.45140892,0.07958852,0.22606038,0.02598678,0.74384582,0.00512154,0.03043847,0.16566794,0.00088901,0.03579585,0.00701715,0.61362749,0.06810635,0.04558361,0.00278418,0.60789424,0.05990533,0.21172872,0.42897803,0.20459530,0.24535628,0.43202233,0.07039054,0.01689583,0.46303695,0.30951595,0.13840295,0.20311360,0.01002812,0.19679408,0.16701818,0.18405092,0.00149369,0.23892824,0.30710140,0.02215348,0.42577183,0.38055316,0.02448584,0.33370629,0.02018103,0.12584150,0.07239480,0.58469033,0.06104478,0.82204926,0.05966244,0.00051010,0.18723743,0.02221759,0.32078442,0.48283485,0.42882934,0.22372943,0.03712359,0.06621941,0.05956415,0.42557693,0.70554298,0.05200427,0.01131642,0.29840031,0.53341758,0.01526998,0.04265837,0.32455111,0.17066784,0.56926906,0.70119178,0.34658328,0.06519856,0.39965019,0.04487203,0.01346038,0.31276411,0.21509503,0.89368623,0.05402780,0.44818887,0.09966082,0.80997354,0.07576951,0.26105958,0.03089063,0.25336114,0.06272583,0.46025866,0.03463188,0.00732412,0.21064819,0.09076963,0.23068105,0.34866530,0.38745752,0.00769237,0.18747401,0.01169773,0.46648449,0.43178549,0.08154864,0.43935391,0.02157524,0.00122810,0.05289013,0.02849309,0.07174134,0.14426965,0.40192166,0.65315229,0.29198778,0.04355015,0.03383789,0.21111050,0.03363680,0.01228230
0.01027323,0.40845042,0.00108156,0.17696276,0.16567025,0.11525740,0.16732927,0.03564039,0.73408502,0.00303528,0.04177466,0.20142974,0.00038913,0.02898884,0.00924536,0.65268219,0.14702252,0.03970147,0.00207912,0.50010329,0.09766863,0.22826023,0.34863308,0.22730404,0.43550915,0.56419098,0.05277844,0.00965768,0.39488468,0.14319475,0.13035133,0.20351110,0.01111622,0.12376606,0.12080521,0.13965859,0.00224998,0.25167581,0.17715959,0.01544209,0.44389412,0.47323817,0.03508678,0.59831941,0.03257454,0.12272574,0.13997763,0.71932375,0.05619373,0.78619611,0.04408317,0.00060567,0.19073479,0.02133550,0.23529555,0.35420707,0.43455666,0.28072605,0.02199537,0.06397491,0.06891798,0.50559849,0.66217023,0.05651141,0.01142963,0.15392824,0.50744575,0.02345175,0.04451986,0.32513532,0.09885429,0.48113051,0.53317422,0.39784902,0.09248139,0.32801160,0.07210461,0.01575408,0.38613820,0.31103167,0.73674405,0.07497314,0.37837622,0.23378250,0.73964632,0.09067445,0.15641074,0.04704621,0.33365193,0.11460514,0.51596099,0.02649032,0.00713805,0.14592274,0.06052016,0.13620529,0.49332073,0.27627060,0.00806750,0.10960010,0.02190899,0.59520054,0.38676733,0.03956443,0.51150346,0.01910713,0.00175198,0.04865297,0.02980898,0.09164637,0.08782043,0.52306277,0.59768736,0.20590942,0.02585554,0.04187627,0.19240415,0.04811895,0.00917826
0.03701456,0.42397055,0.00015474,0.85080892,0.84365952,0.12125647,0.09575950,0.01974473,0.94943148,0.00060432,0.04512114,0.17137447,0.00009586,0.00682291,0.00269808,0.87154561,0.00892771,0.18141548,0.00007122,0.88345426,0.00139099,0.33994561,0.22879227,0.12462962,0.78186095,0.95845413,0.02789428,0.00860556,0.95226490,0.01536152,0.18276607,0.28391933,0.37066880,0.01263188,0.05170217,0.49391752,0.00062405,0.13019539,0.93731117,0.00813188,0.51155627,0.38815933,0.01069837,0.26105055,0.00258086,0.01663540,0.21239901,0.52618527,0.34350672,0.04940679,0.09288372,0.00044038,0.85643435,0.02682039,0.95834714,0.14310518,0.69162160,0.10906708,0.00305033,0.52031577,0.03623683,0.63773847,0.90286672,0.05317547,0.00347164,0.90782511,0.97556722,0.00239234,0.03168398,0.16685420,0.13255374,0.17675386,0.73591816,0.23559614,0.32432050,0.07427185,0.59723186,0.00906336,0.64649963,0.15820830,0.72579193,0.07338646,0.19574325,0.03475821,0.98399693,0.02916428,0.71400261,0.03479790,0.11501130,0.03750236,0.92608786,0.04499488,0.35673189,0.69780177,0.07500716,0.01080367,0.25835323,0.28945521,0.00196783,0.81520480,0.01655527,0.03718116,0.54516411,0.00220490,0.23334357,0.00238579,0.00010028,0.04394316,0.00733225,0.04831553,0.04126587,0.57217836,0.60566401,0.99224591,0.00612262,0.01035690,0.19071166,0.00272753,0.00201530
0.00151531,0.06336264,0.00003954,0.00015267,0.16002941,0.18401484,0.03333427,0.00377026,0.99078876,0.00111032,0.13612312,0.11853201,0.00000840,0.00018067,0.00464256,0.93768644,0.00090897,0.01373421,0.00041851,0.50671941,0.00007995,0.96365875,0.82331961,0.58234650,0.76262742,0.67376733,0.00239957,0.00209424,0.91765666,0.13810380,0.13382494,0.51193321,0.99823731,0.00041208,0.23165916,0.75916266,0.00006436,0.05402216,0.98039132,0.07313368,0.41008660,0.81987023,0.43001661,0.06496066,0.03549180,0.26648822,0.04479129,0.71012282,0.32678577,0.21553764,0.15649356,0.00004223,0.70904678,0.04600342,0.77045321,0.08831040,0.97702098,0.17951806,0.00186273,0.01291625,0.03848317,0.82909346,0.98560929,0.48000979,0.00084914,0.02747139,0.92958838,0.03970633,0.02707773,0.34954256,0.59049183,0.13328832,0.90792698,0.34298250,0.00200503,0.03522288,0.06403926,0.01699619,0.95014536,0.61146992,0.91827887,0.01657049,0.14335084,0.39499664,0.98075700,0.14543422,0.31645459,0.05295744,0.19541927,0.10603651,0.97047406,0.25006026,0.08799396,0.86765206,0.09026913,0.10091928,0.00068253,0.42348820,0.00007181,0.12852748,0.00585334,0.27778623,0.50558418,0.00605998,0.00042689,0.00032919,0.01399656,0.04069673,0.00588863,0.01247447,0.18049641,0.86127841,0.37405151,0.99037445,0.00756139,0.02087281,0.38438275,0.06334551,0.00053748
0.00911248,0.44776124,0.00005192,0.98441720,0.82743770,0.33261716,0.12475015,0.00159746,0.97000551,0.03506757,0.03339937,0.80331415,0.00066027,0.00016532,0.08478096,0.93092370,0.19873892,0.02835325,0.07002063,0.37902766,0.00157546,0.00015380,0.73677981,0.25599185,0.36619112,0.10739798,0.00178724,0.00153949,0.43405327,0.19251768,0.06036983,0.71789360,0.80007797,0.00510796,0.03071530,0.20813812,0.00187754,0.25677800,0.94621503,0.02318660,0.05385117,0.22324836,0.45010838,0.31956428,0.05506063,0.65393394,0.05044608,0.52022904,0.00334834,0.34069628,0.09711406,0.00078958,0.00016740,0.16405021,0.87692773,0.38345107,0.76827216,0.17329165,0.00057852,0.29315481,0.06499264,0.88397008,0.80445594,0.29765895,0.00032231,0.93826813,0.34781468,0.00128417,0.08926741,0.41427097,0.18206108,0.13680908,0.49449795,0.66125268,0.06228117,0.04746932,0.00022453,0.03242315,0.59812993,0.94690835,0.13372625,0.08047519,0.00619635,0.76566398,0.16929385,0.17563656,0.12718254,0.70249093,0.77137631,0.26037019,0.75656718,0.15099671,0.02795636,0.78823292,0.18141481,0.05432659,0.00087939,0.22457181,0.00022288,0.43525460,0.00441080,0.85953832,0.37318754,0.00013281,0.00092367,0.00386453,0.03756076,0.05439314,0.00763725,0.10196418,0.04391138,0.52429640,0.06362239,0.86784893,0.00539293,0.00016615,0.60337245,0.00523317,0.00207899
0.07095750,0.19579808,0.93574721,0.00042935,0.15156700,0.15224843,0.71393114,0.00066323,0.78504443,0.01731645,0.00241445,0.56974322,0.00090456,0.00071623,0.19527775,0.76896697,0.71009713,0.25895864,0.00952214,0.31152526,0.00080571,0.55779523,0.54356557,0.12603331,0.26464868,0.53304589,0.03927670,0.00327055,0.65591508,0.09898391,0.24481213,0.17060725,0.03447364,0.12595561,0.94723505,0.15001045,0.00679502,0.11340281,0.75133801,0.49314505,0.95363301,0.39967656,0.01117380,0.40600309,0.37145165,0.08151212,0.13030453,0.21190396,0.00049175,0.28592652,0.15403441,0.00829727,0.00291925,0.00066775,0.98469311,0.79697847,0.02028063,0.05062053,0.08972359,0.02983015,0.52136594,0.24118322,0.47254074,0.08805999,0.00176125,0.03163214,0.94304216,0.00023469,0.66652548,0.45297715,0.33516669,0.71713591,0.11653289,0.48634622,0.97609746,0.09830212,0.06994472,0.01878343,0.03868287,0.74763441,0.02054451,0.19733639,0.75797552,0.03509992,0.03710606,0.03645169,0.04269717,0.17435195,0.29396233,0.16697715,0.78916281,0.45054233,0.05182537,0.10349885,0.64993811,0.05165892,0.10324098,0.12735741,0.00093522,0.04761077,0.07561547,0.65382314,0.45614326,0.00000456,0.00421739,0.00011964,0.00009595,0.03176103,0.25572076,0.00119712,0.01983020,0.50676477,0.04881836,0.72409189,0.01391930,0.06067915,0.49506155,0.11307713,0.00832137
0.21746902,0.44379762,0.10674059,0.98492670,0.60200614,0.22150515,0.63790852,0.00459504,0.01430751,0.00082553,0.01590625,0.35896391,0.00904673,0.00125249,0.06701491,0.65935475,0.00990475,0.02211189,0.02689261,0.41776055,0.00207964,0.99096268,0.65230787,0.23046300,0.53199047,0.49624729,0.00247942,0.00077752,0.76162195,0.12472693,0.06621999,0.15956451,0.00909707,0.02399308,0.00345901,0.16327758,0.02847404,0.40926865,0.62477052,0.28156701,0.27023816,0.48131996,0.00106422,0.68733275,0.44850811,0.02028482,0.20638262,0.41110817,0.59064740,0.76149237,0.12897786,0.11543987,0.13586731,0.02222519,0.00141829,0.35752913,0.10281543,0.47425190,0.10468794,0.02408716,0.34395131,0.44370896,0.13846701,0.19063672,0.00272169,0.82599849,0.19922544,0.00007632,0.41674942,0.56936991,0.10369253,0.47454733,0.15840237,0.57183152,0.00028438,0.21076639,0.30243555,0.16125219,0.02410327,0.82034624,0.11219821,0.19996482,0.06054924,0.02328177,0.16995846,0.20162258,0.21590668,0.02503952,0.50799108,0.46684268,0.40713900,0.06713844,0.08975428,0.10772007,0.13501398,0.12434726,0.51372492,0.20146440,0.06877550,0.64654946,0.09332356,0.42509043,0.26783410,0.00133367,0.02486907,0.00000785,0.00822528,0.10503028,0.11798897,0.04193620,0.03211445,0.13767625,0.06523451,0.51820004,0.01820111,0.00368886,0.48237267,0.32864305,0.01352166
0.08638646,0.28541788,0.00301769,0.00065924,0.37015137,0.07659573,0.42263266,0.01130512,0.22052443,0.00150761,0.56321532,0.24341375,0.00478737,0.00836029,0.02166614,0.30346033,0.00490041,0.30517656,0.01993618,0.56685883,0.00329168,0.00009519,0.66141289,0.36558971,0.32134458,0.47078103,0.01392493,0.00381942,0.50578296,0.07280368,0.12818776,0.04840898,0.00000025,0.24127252,0.21593782,0.11469576,0.00233261,0.44159830,0.72857100,0.03258234,0.10644208,0.57103699,0.11755294,0.62729448,0.21205598,0.05558944,0.05013199,0.40224999,0.83292997,0.56606573,0.19444989,0.00336421,0.35596785,0.13947520,0.53175282,0.10473132,0.72520030,0.24145766,0.06492477,0.35678598,0.21834195,0.46223924,0.58252692,0.33820745,0.01040953,0.01872793,0.04862069,0.00114311,0.19593337,0.46048975,0.44794279,0.35552591,0.26520568,0.32872635,0.36876011,0.76707530,0.25264603,0.00821561,0.33451080,0.58295023,0.85449302,0.01916098,0.53174418,0.02175731,0.94083422,0.11136315,0.18432496,0.02676657,0.57712066,0.44452336,0.66305995,0.03363938,0.01838914,0.09209216,0.08229719,0.19267227,0.17792864,0.10228004,0.07522611,0.02079271,0.07299363,0.49163696,0.31934807,0.00319618,0.02382441,0.00002768,0.06007537,0.09648979,0.13810445,0.13795021,0.65952635,0.25486797,0.29398829,0.63036621,0.00347718,0.19171841,0.11681027,0.00119104,0.05739660
0.03966648,0.41054207,0.00028722,0.86444318,0.30064109,0.01831514,0.26931143,0.11229965,0.77062488,0.01486744,0.06456816,0.18145403,0.00024278,0.00624498,0.01428775,0.80800587,0.09980169,0.09863108,0.00226575,0.42974237,0.00701909,0.32712600,0.54678923,0.44868141,0.36184871,0.53238791,0.08049303,0.02156048,0.41833523,0.18079503,0.07232613,0.17926092,0.00000264,0.05362083,0.02186324,0.03041727,0.00043389,0.48016778,0.34651652,0.01100120,0.77005899,0.39054960,0.06637700,0.44593352,0.01212914,0.03094815,0.10000890,0.39849150,0.01504385,0.69091123,0.04274148,0.00012728,0.63448519,0.01504464,0.23991331,0.50828862,0.52211708,0.41866004,0.03478623,0.01236318,0.08189780,0.38362944,0.69001091,0.08210524,0.00350286,0.49418783,0.37412226,0.00114585,0.01850368,0.29001763,0.18766561,0.26519594,0.68812186,0.67625493,0.07738002,0.42059952,0.00914683,0.00596429,0.70436507,0.54979134,0.95764977,0.02109009,0.37551221,0.10260667,0.89403051,0.15818751,0.24974725,0.11544060,0.40990388,0.06465505,0.16074473,0.02437541,0.00346994,0.08311635,0.13828777,0.13630481,0.37757435,0.25848693,0.01107614,0.24710079,0.05887717,0.42231813,0.30212462,0.00325167,0.02128020,0.00130374,0.00650438,0.07010674,0.05364004,0.14247546,0.14900737,0.62655908,0.49112895,0.48131531,0.00530271,0.03060355,0.06940787,0.00511205,0.02318224
0.04430759,0.32034254,0.00012587,0.00069260,0.25592053,0.00424038,0.47284588,0.08840566,0.85815579,0.03930151,0.00277975,0.30854562,0.00208438,0.02894347,0.01373610,0.46567228,0.86760765,0.00616501,0.01239145,0.32154208,0.04720060,0.28846875,0.74198681,0.52233958,0.41600871,0.28312871,0.07195881,0.01759873,0.44163388,0.25855273,0.23177016,0.29085231,0.00770993,0.10525908,0.89943612,0.01966955,0.00383902,0.52258945,0.56821722,0.00937098,0.08371300,0.58741248,0.71735352,0.25574666,0.02936079,0.70011830,0.13231957,0.59696394,0.01641218,0.57660508,0.04102800,0.00013570,0.03396142,0.05470123,0.04590215,0.25786009,0.25897452,0.34630406,0.45394737,0.00354681,0.24741612,0.32295629,0.26853091,0.18961397,0.03534384,0.00318968,0.01775896,0.04749389,0.02870703,0.18009150,0.37104580,0.20736514,0.15595193,0.65191698,0.00013817,0.55892318,0.00405991,0.00528031,0.31829545,0.35962462,0.43239459,0.05131167,0.30368277,0.82112545,0.19445536,0.14648497,0.13977671,0.17884260,0.44539395,0.05936129,0.59029531,0.02847090,0.03170969,0.03680135,0.29122019,0.13176760,0.14053124,0.17812160,0.16311648,0.01395790,0.19020304,0.38303033,0.38793066,0.08843184,0.00160027,0.02107101,0.01379384,0.06259044,0.02884471,0.02028005,0.04987101,0.33402228,0.11283723,0.57844383,0.03344684,0.50328982,0.04916453,0.89601749,0.12219503
0.20281351,0.57081372,0.01192575,0.97894001,0.17518905,0.00165977,0.74500751,0.14289948,0.51458180,0.01566675,0.00049431,0.20781243,0.00518620,0.21944705,0.01557726,0.05669719,0.21543966,0.03070452,0.02745294,0.23102668,0.16231282,0.00067963,0.68450761,0.63870096,0.29431179,0.57713628,0.34895071,0.07868245,0.44798267,0.29188243,0.01218049,0.10268395,0.02365242,0.08978026,0.07588826,0.00877580,0.06478077,0.66469216,0.33568433,0.00214822,0.94338500,0.52106404,0.00834385,0.57555002,0.00484854,0.51179492,0.25536233,0.36037165,0.00937594,0.81491405,0.00459490,0.01548940,0.02192183,0.07032009,0.69347334,0.77086294,0.01407970,0.27148715,0.17613858,0.12039264,0.28285626,0.57793927,0.02665008,0.12630816,0.15986462,0.81260258,0.70636767,0.08954988,0.01119631,0.14164507,0.33294427,0.04160360,0.15938027,0.77991807,0.78592652,0.70882678,0.24362043,0.02185480,0.00371925,0.43656501,0.00084472,0.08716992,0.02102980,0.67602187,0.01504113,0.12505136,0.45858943,0.07782207,0.37707719,0.01456108,0.34985322,0.00345321,0.04253524,0.06181733,0.18091352,0.19112730,0.11308572,0.11484934,0.20864652,0.54858202,0.03059545,0.23073050,0.66271561,0.07999679,0.00031899,0.18339990,0.00094279,0.48913136,0.01443413,0.00794371,0.00037464,0.04321769,0.04058541,0.23302136,0.34776765,0.04796866,0.08321062,0.00030255,0.13713580
0.50395691,0.42142954,0.00360842,0.00055184,0.08591659,0.00005908,0.37757173,0.27520388,0.18433842,0.00406330,0.29703504,0.14760515,0.00259151,0.12481395,0.00417686,0.37882066,0.00077917,0.59937024,0.01566538,0.15775840,0.01458717,0.98118758,0.56420845,0.21740046,0.19970550,0.80572075,0.60282576,0.40474659,0.49030229,0.35295269,0.00189776,0.13521586,0.05057901,0.72499245,0.14512259,0.02451141,0.00618078,0.50960213,0.43766028,0.00074526,0.15852495,0.70630592,0.00193258,0.52042007,0.00438612,0.02496593,0.23199879,0.07079891,0.07484005,0.47638777,0.00649909,0.04393632,0.24781245,0.00015167,0.66318339,0.21887240,0.08667649,0.72568780,0.64639038,0.00572950,0.17709246,0.34381685,0.49979606,0.19264370,0.38702971,0.00943511,0.90865153,0.29874030,0.02775116,0.03935974,0.26284248,0.02085305,0.50916100,0.71970433,0.06972727,0.68589246,0.73979473,0.02357580,0.22427793,0.11180586,0.09537078,0.04107480,0.38446552,0.00496058,0.58919257,0.01859042,0.27258661,0.00010561,0.16756807,0.00231844,0.24837686,0.00239206,0.03259805,0.00734501,0.01582555,0.26385456,0.44266552,0.20556088,0.08805855,0.03569972,0.04372209,0.28452256,0.32188722,0.06050714,0.00010654,0.24029267,0.00042988,0.23736690,0.00397721,0.00140755,0.06923541,0.69912595,0.10541321,0.63370019,0.43958563,0.67128831,0.01863627,0.30217436,0.16171788
0.18053931,0.48498803,0.00531684,0.99438584,0.10978892,0.00000525,0.15957847,0.33299714,0.01499560,0.00005003,0.13094923,0.06373232,0.00103773,0.01457543,0.00063089,0.56165671,0.02808534,0.00001574,0.00489320,0.04616116,0.26102674,0.14360508,0.63913679,0.57814640,0.26662064,0.66435045,0.00044114,0.57372159,0.42199031,0.36801171,0.54402685,0.39472345,0.04281580,0.51778299,0.06745089,0.02510977,0.00685244,0.23283052,0.20900898,0.00039449,0.92850584,0.73321509,0.04171416,0.70876169,0.00033988,0.00955507,0.48590204,0.22461751,0.80371249,0.67139363,0.00154116,0.02539406,0.91492581,0.01252881,0.00073499,0.02246202,0.93209511,0.91110456,0.23124443,0.01068545,0.04913300,0.76632428,0.93569988,0.15824397,0.13540407,0.95908153,0.00396146,0.04114852,0.00363290,0.06401023,0.04628203,0.00333822,0.90231651,0.69637120,0.00008285,0.49264765,0.10726478,0.00159807,0.86354262,0.14350440,0.97552633,0.04649951,0.00490457,0.01657538,0.85997522,0.08579111,0.55186361,0.00139338,0.20804907,0.00300224,0.39249679,0.00007729,0.00390611,0.00722777,0.00707208,0.06855637,0.80779338,0.25450277,0.02675389,0.85735530,0.00934519,0.11582801,0.10571669,0.29062068,0.00001480,0.17936313,0.02164385,0.17849809,0.06959161,0.12072651,0.41099256,0.25693426,0.15419109,0.79051906,0.47166204,0.06283420,0.03275297,0.15284157,0.00516933
0.02710813,0.09318270,0.00000703,0.00049320,0.15584056,0.00000111,0.22266977,0.11928815,0.93805748,0.00021884,0.04691236,0.61759973,0.00000924,0.10698508,0.00037444,0.24682735,0.60696787,0.94856924,0.00111890,0.78133452,0.28729159,0.00099620,0.74931687,0.46636555,0.20864621,0.32935798,0.67915893,0.27705628,0.32167816,0.08564942,0.61168212,0.35013774,0.00543595,0.16341683,0.48167735,0.16626006,0.00013066,0.23200312,0.59816182,0.00209462,0.28923732,0.79104686,0.37895823,0.35475823,0.00095860,0.41222906,0.06367322,0.22686489,0.13367465,0.64530045,0.01770619,0.00001598,0.63595945,0.00136147,0.37373307,0.15470222,0.56159955,0.64791483,0.10170565,0.04912781,0.12039291,0.65627384,0.98256689,0.73303807,0.05264523,0.00455468,0.60181373,0.16357085,0.00108358,0.02025148,0.04409458,0.00067236,0.85210943,0.86924243,0.62632990,0.25829723,0.00223877,0.00006377,0.91844571,0.33698010,0.99700779,0.00531781,0.83737957,0.63296151,0.99411482,0.03594044,0.42888466,0.00504959,0.35005581,0.01460981,0.45365876,0.00025328,0.00032056,0.06553744,0.02524674,0.11978368,0.70450234,0.02168646,0.36121115,0.01891616,0.00024771,0.45090416,0.15493567,0.18405831,0.00000020,0.02687423,0.00026240,0.03281085,0.00358280,0.29490927,0.37278709,0.32399955,0.25443035,0.94800192,0.41464412,0.07114216,0.00024864,0.00002718,0.00474481
0.03673755,0.25267199,0.00013803,0.97295469,0.21101633,0.00002455,0.12522180,0.04806157,0.98966205,0.00078088,0.00638526,0.63488269,0.00000735,0.12487960,0.00264939,0.26941383,0.06911594,0.00850839,0.00017375,0.88887614,0.11340640,0.85760903,0.27727562,0.27078000,0.10624255,0.23605192,0.34571782,0.04706267,0.69883871,0.03517160,0.00279574,0.94132751,0.00070249,0.00643545,0.41530272,0.00601886,0.00117039,0.08836213,0.28895420,0.00505579,0.99592078,0.79875004,0.02013100,0.83688390,0.00289147,0.38014898,0.08081163,0.64468265,0.00046262,0.66618633,0.00260993,0.00005948,0.26232332,0.00048247,0.88189173,0.70601851,0.05229984,0.45195961,0.19828257,0.00047960,0.02587159,0.69762206,0.92990774,0.07464126,0.08205812,0.90971404,0.97075999,0.27993354,0.00430102,0.02479783,0.02112890,0.00087617,0.89218861,0.92650539,0.00470042,0.31749314,0.00112117,0.00145382,0.86853445,0.04645391,0.96898037,0.00510756,0.01286427,0.79899532,0.95258343,0.00350777,0.37508518,0.04891744,0.45236471,0.00250353,0.82814062,0.00420454,0.00112274,0.03965651,0.20655899,0.22975497,0.51317358,0.03753947,0.00739804,0.94241720,0.00657308,0.84609002,0.11568506,0.01691549,0.00112868,0.05404699,0.00001808,0.11659257,0.00316533,0.48367003,0.00251238,0.37468365,0.48616275,0.88089675,0.13704754,0.02361207,0.00407244,0.42766571,0.00014214
0.00274210,0.02624181,0.00005368,0.66361570,0.38643822,0.20714962,0.10991476,0.01315831,0.92573565,0.00442757,0.16858411,0.56135422,0.00016068,0.01434298,0.00584212,0.49643359,0.02902133,0.33318934,0.00057908,0.85377437,0.99153912,0.18718037,0.56853265,0.17576069,0.20203431,0.57819533,0.04701384,0.00309014,0.31930870,0.33358717,0.54843611,0.03974045,0.00555839,0.14798309,0.05918901,0.15825899,0.00029823,0.18121371,0.43224037,0.00868924,0.65774578,0.70729929,0.00630994,0.60613042,0.25216785,0.12960462,0.08719836,0.64716458,0.61942631,0.19596805,0.13738556,0.00009104,0.86376619,0.18636408,0.10795417,0.88771355,0.67675591,0.15460972,0.01987877,0.03261013,0.01345513,0.92809695,0.97544467,0.04703486,0.00616908,0.89964521,0.98567402,0.00398386,0.01749446,0.32446301,0.01124338,0.67744952,0.87756097,0.23465130,0.41703415,0.00707479,0.61582947,0.03386838,0.96901852,0.68185669,0.98960578,0.03453317,0.68365842,0.02134451,0.90530378,0.02055419,0.00638766,0.12140523,0.39812011,0.03836617,0.00254313,0.03001822,0.29840520,0.05332506,0.08074112,0.05232966,0.38499609,0.05707492,0.00164092,0.72059375,0.02204953,0.49125707,0.37057009,0.00863525,0.52253765,0.00706576,0.00010669,0.69133759,0.11366127,0.01666753,0.01808725,0.75082415,0.81000060,0.07827670,0.00837825,0.00292998,0.85992634,0.00999900,0.00108541
0.00162446,0.15255949,0.00061596,0.10000785,0.71978533,0.25172022,0.09560629,0.03508206,0.90464246,0.00177323,0.00510017,0.58553159,0.00039083,0.00939271,0.05460168,0.72719967,0.54006755,0.00405305,0.00902907,0.74403924,0.99454850,0.91997635,0.61689860,0.31158501,0.19694735,0.49491936,0.05548861,0.00281078,0.19324325,0.14309309,0.27223352,0.47404051,0.00344174,0.47668749,0.74743229,0.03705632,0.00062787,0.28290603,0.77838135,0.14529704,0.37901065,0.58468086,0.33068302,0.56709290,0.32403517,0.88746399,0.01925108,0.76668465,0.25843933,0.24683055,0.20769563,0.00014738,0.06130235,0.08493695,0.21991466,0.65900338,0.66302520,0.56033409,0.04508279,0.00934274,0.01548759,0.97579300,0.97575706,0.03661766,0.00411095,0.00511820,0.12605953,0.00466432,0.05981071,0.70827824,0.00667440,0.81141990,0.53038484,0.53452069,0.00088865,0.02477277,0.00500528,0.05105403,0.96338648,0.58520401,0.98610049,0.01124208,0.88520908,0.17296997,0.98028541,0.01341358,0.02606057,0.02183451,0.32253557,0.24833135,0.00262773,0.05119926,0.01118873,0.04306109,0.11155403,0.00738450,0.51156193,0.02803923,0.00419578,0.00255055,0.03801316,0.55252612,0.13355847,0.01444752,0.40200669,0.00322987,0.02549973,0.13049309,0.42278042,0.02867717,0.04746930,0.73743153,0.73875898,0.16898847,0.01120596,0.01103475,0.79005879,0.16887312,0.00278205
0.00416168,0.28989470,0.00476048,0.60498458,0.59123647,0.25631434,0.11059042,0.01316199,0.93579102,0.00663546,0.00020559,0.76703084,0.00840335,0.30919385,0.09372123,0.75712711,0.22737128,0.64048773,0.00354392,0.46927050,0.96281964,0.01182029,0.62762946,0.21521382,0.18081851,0.08027125,0.06895756,0.00042813,0.28089491,0.02459010,0.06002485,0.85896844,0.00810974,0.14307909,0.23861212,0.16487300,0.00045648,0.35192302,0.88781989,0.13431202,0.56402779,0.76804489,0.81384236,0.22949535,0.31628948,0.91853791,0.02981324,0.81763864,0.00044120,0.25282514,0.16258921,0.00064960,0.00311397,0.48808858,0.09638657,0.91183615,0.28167632,0.15737620,0.04010359,0.42423871,0.33405697,0.98107767,0.65874565,0.03672783,0.00575898,0.78170800,0.00610947,0.04084558,0.10974704,0.68846041,0.01574872,0.89346164,0.10507976,0.55839616,0.21412237,0.06368949,0.00650321,0.02268393,0.00307844,0.67491406,0.96894902,0.00755474,0.15179600,0.54314911,0.68079913,0.04098591,0.02386741,0.16783419,0.65364516,0.45352864,0.00412068,0.10028114,0.45144093,0.04382577,0.15299872,0.04686341,0.34898064,0.03868585,0.00301205,0.67635691,0.01884109,0.61847943,0.22632955,0.01506919,0.55900562,0.00757915,0.04112100,0.23917085,0.14785363,0.04823713,0.00422925,0.64190322,0.89430511,0.27780533,0.32245049,0.00606188,0.47746965,0.00083562,0.00402397
0.02459515,0.14842868,0.00018765,0.01157146,0.38278207,0.08792406,0.54203343,0.02123432,0.47927368,0.01088180,0.45097020,0.60538810,0.00348220,0.06679615,0.16794521,0.83936775,0.10633960,0.27752477,0.00389625,0.82509530,0.91581023,0.15200327,0.22278012,0.01507384,0.58899224,0.06853443,0.11770834,0.00519006,0.34166208,0.03040385,0.02455938,0.15391657,0.02827170,0.27051562,0.84854662,0.35605645,0.00123706,0.48650387,0.30336732,0.05502674,0.89218956,0.78663248,0.00060804,0.35228533,0.07893068,0.01353031,0.11738223,0.80865133,0.00076372,0.62202609,0.24419360,0.00200868,0.23676287,0.03574975,0.47729599,0.91416538,0.02413687,0.19731592,0.01005501,0.03501463,0.24104209,0.99995989,0.42516175,0.02052303,0.04988789,0.01855431,0.98483300,0.01863929,0.15922125,0.54453623,0.04393188,0.65465266,0.10249738,0.78371859,0.53911942,0.02816620,0.33040839,0.04193458,0.14224917,0.57459551,0.90595305,0.03863536,0.98671806,0.06690285,0.26520017,0.02144829,0.02051024,0.85801303,0.55858588,0.54760778,0.01241992,0.27791268,0.10247880,0.15097991,0.00291816,0.11542352,0.28924406,0.07894536,0.01159362,0.00090853,0.00255850,0.48082924,0.11568084,0.04306180,0.31681675,0.08112817,0.00001281,0.37171051,0.35718685,0.01302612,0.03187412,0.89621764,0.72289306,0.10623913,0.07862409,0.02282226,0.66687602,0.05564519,0.00150678
0.04990885,0.13293621,0.00818261,0.80360931,0.12824297,0.10745375,0.63713288,0.02797153,0.06635650,0.00401769,0.14732508,0.25939485,0.00846531,0.12773776,0.07792892,0.74104476,0.00575636,0.00023551,0.01116515,0.44166735,0.94540066,0.91739005,0.25030246,0.37083328,0.35107434,0.08720554,0.00858471,0.00136992,0.58482170,0.01653383,0.29220015,0.02141722,0.13041452,0.58767426,0.02786355,0.37271798,0.01594286,0.25133467,0.52589822,0.04146492,0.56704777,0.64562154,0.00135817,0.53229076,0.08906766,0.01409684,0.10469288,0.84372091,0.64573914,0.32355204,0.37184778,0.01333730,0.39715880,0.43383402,0.00963398,0.09343469,0.22825710,0.24977536,0.02017517,0.10720392,0.05784342,0.99991131,0.34575427,0.07306755,0.00563386,0.81090778,0.15641847,0.01654744,0.11869363,0.72057563,0.00536488,0.86168545,0.24535809,0.73519677,0.00354658,0.07027047,0.35633078,0.03003197,0.56871235,0.14870274,0.06664415,0.19135799,0.16948944,0.01719676,0.13166651,0.04566424,0.03337671,0.25117710,0.70016134,0.28576660,0.06585304,0.15133311,0.25688377,0.09889699,0.02770609,0.18033445,0.21441270,0.19903474,0.00441415,0.76921290,0.00376666,0.47598436,0.23095420,0.09801259,0.26877677,0.09673712,0.07540433,0.25228527,0.02729159,0.04998169,0.35337862,0.08991941,0.63053638,0.10993487,0.05929789,0.03393785,0.86260384,0.18279144,0.01989772
0.01210634,0.26688576,0.00338960,0.01186186,0.11939097,0.20388052,0.47518596,0.01165939,0.48309359,0.00301974,0.01625807,0.21363808,0.00076378,0.04479762,0.00640854,0.24576059,0.06899601,0.66913611,0.01924498,0.61744112,0.79472232,0.01801437,0.34224778,0.50959820,0.50428283,0.20385022,0.16399525,0.00681098,0.49396610,0.10252663,0.66167670,0.01656263,0.10587342,0.62938142,0.05982047,0.13863629,0.01136033,0.25456139,0.38500559,0.05728681,0.35281610,0.37157825,0.27006680,0.60200107,0.00881356,0.32168129,0.06326948,0.59965736,0.38717422,0.36429575,0.11796302,0.01577254,0.25193402,0.07026954,0.01190090,0.09546939,0.76446944,0.23603344,0.01625098,0.20896633,0.07053249,0.99979442,0.71253449,0.21417628,0.01268874,0.01214494,0.01706767,0.04182636,0.12588041,0.68585497,0.05057663,0.88958728,0.58059311,0.61952180,0.40445036,0.15096740,0.49784243,0.00235697,0.89406747,0.53839731,0.74406660,0.07031086,0.79351085,0.07036780,0.65772974,0.12866433,0.13455722,0.01573928,0.34282821,0.15379441,0.05322471,0.14789228,0.20971714,0.32684377,0.04786412,0.33700413,0.50590789,0.15798138,0.01066671,0.00159024,0.00291600,0.40498167,0.26431921,0.17077701,0.26588640,0.01843484,0.09835558,0.16835032,0.00853173,0.16495343,0.52633303,0.33488426,0.52033526,0.12524982,0.01802913,0.09596586,0.21229318,0.00013051,0.05052662
0.00938210,0.34084728,0.00045128,0.34177622,0.38664061,0.04033535,0.31294489,0.01648013,0.90215415,0.00965893,0.02866678,0.51155549,0.00011102,0.03067350,0.00325221,0.90404838,0.05532098,0.02406407,0.00298391,0.62283021,0.69045049,0.25279191,0.28513068,0.12270830,0.35417426,0.40762651,0.23230831,0.00523900,0.33396584,0.17651002,0.07345467,0.59742582,0.03932020,0.63718647,0.26239628,0.09324339,0.00240086,0.21379657,0.23733167,0.04311700,0.41805851,0.42837787,0.09866784,0.20152536,0.00476316,0.26403141,0.12451436,0.51452559,0.01637961,0.57599014,0.09420869,0.00099819,0.04113521,0.00770099,0.58064646,0.65785724,0.58431751,0.15578379,0.04139679,0.04393244,0.02524214,0.99961132,0.78181851,0.03418121,0.01553266,0.43643683,0.67013836,0.03572283,0.01177065,0.79411191,0.07803212,0.89220285,0.68186432,0.55725759,0.10164994,0.13520925,0.04301836,0.00152458,0.72507399,0.40887386,0.91305405,0.01206731,0.42346808,0.11504843,0.90224087,0.04963557,0.11600354,0.01379492,0.27886671,0.04585259,0.13131329,0.05104145,0.00299565,0.20026460,0.17160848,0.23152244,0.45062864,0.31026405,0.00710436,0.38754642,0.00213433,0.65897501,0.44777772,0.07505080,0.43048608,0.01841205,0.00059705,0.11907165,0.00581382,0.03114253,0.00600813,0.55580789,0.41615406,0.28489691,0.02515220,0.02463185,0.10691526,0.02435105,0.01394790
0.00814115,0.28430617,0.00528286,0.09913564,0.58851355,0.27431643,0.12822008,0.00248187,0.36303705,0.01227123,0.00597255,0.28173274,0.00177250,0.07845570,0.00733220,0.72750926,0.46226233,0.00062393,0.01153058,0.57926875,0.78186661,0.65624177,0.37580833,0.23006621,0.60431284,0.27800164,0.12142764,0.06122827,0.57037586,0.11619507,0.06112624,0.70773280,0.02660881,0.21459331,0.49399602,0.20197788,0.00737355,0.68502581,0.05045024,0.04556968,0.24307901,0.29297879,0.12886010,0.66497320,0.02551524,0.19877249,0.47024208,0.84413868,0.06906527,0.89589226,0.17487754,0.00474704,0.00428769,0.00914709,0.35736069,0.30798540,0.27211696,0.25615343,0.06005675,0.00201856,0.02105899,0.99709260,0.46037850,0.00920406,0.07422741,0.00299564,0.06253950,0.19242136,0.07549185,0.84150779,0.31167689,0.98184508,0.10009636,0.68390030,0.01558096,0.53143668,0.00078873,0.00325489,0.17137480,0.42947721,0.95408642,0.08939582,0.44638419,0.46271071,0.67573780,0.04012160,0.68562323,0.00401937,0.45986688,0.05884776,0.19220293,0.02531048,0.00354457,0.14640740,0.22587009,0.58004475,0.22642604,0.44720194,0.02219135,0.00139307,0.00576584,0.81103146,0.23683783,0.17519481,0.23344512,0.11835570,0.03756047,0.06184829,0.00573547,0.28348383,0.04327150,0.78249800,0.07391469,0.49985141,0.00799959,0.05550231,0.13490605,0.28154823,0.05201156
0.05703652,0.29874933,0.00364286,0.22050750,0.36760890,0.09598541,0.12072119,0.01744535,0.33195859,0.01243829,0.07483342,0.62280375,0.01401057,0.12375525,0.00039239,0.92415416,0.07824852,0.71584499,0.00968972,0.67825651,0.59572619,0.00981861,0.45778891,0.65161085,0.56049573,0.71184587,0.10689835,0.26970842,0.16097896,0.02805069,0.01618885,0.01459614,0.02592456,0.27641821,0.08541967,0.05682044,0.09237861,0.71146870,0.04296567,0.00207186,0.92354894,0.15362653,0.00470314,0.87152994,0.01571891,0.00764856,0.46743274,0.58995241,0.04470690,0.75970376,0.07894193,0.00134480,0.11473165,0.02933959,0.26903921,0.25778314,0.02939043,0.20317778,0.13239677,0.40850407,0.12272540,0.99795747,0.59687841,0.00844534,0.03309767,0.70084542,0.40709105,0.23163673,0.02968533,0.87022299,0.60945040,0.99469799,0.05748710,0.68581396,0.19536699,0.76409358,0.00423101,0.00331439,0.02297442,0.35714039,0.28262123,0.24153686,0.37133071,0.03857318,0.11146297,0.25206310,0.59942818,0.00739677,0.35979548,0.02164650,0.17884488,0.01374681,0.13081627,0.10755811,0.08441357,0.53757018,0.31596842,0.25355062,0.01942366,0.72551876,0.01647361,0.65515459,0.39136860,0.07134957,0.74247742,0.14464366,0.00052112,0.06608184,0.02576747,0.62272865,0.31297785,0.40618667,0.20602709,0.38699675,0.06790857,0.01242164,0.02249764,0.00101481,0.06237132
0.16917346,0.28555185,0.00026324,0.19710031,0.54215670,0.29526407,0.10735947,0.03507866,0.39813974,0.00107337,0.14628994,0.66056055,0.00156576,0.08377139,0.00216199,0.67972636,0.05990744,0.00187572,0.00225440,0.83847743,0.17191502,0.38842046,0.39163491,0.72750753,0.74409187,0.70042700,0.16121638,0.09423176,0.41019124,0.08486778,0.04219288,0.00684136,0.00540610,0.07533503,0.17578244,0.03077996,0.00741517,0.82550538,0.03166424,0.00390491,0.86864591,0.21109317,0.00809242,0.47175714,0.02624325,0.04469392,0.50490063,0.48912537,0.03655340,0.95368290,0.23859464,0.00014090,0.38971964,0.00098362,0.40894467,0.84810591,0.19621974,0.20575584,0.05131276,0.01854713,0.02369315,0.99774873,0.38692182,0.00561394,0.14017497,0.01927455,0.38813120,0.05428125,0.10726251,0.96522069,0.69891971,0.99976414,0.73396027,0.84352851,0.71363586,0.21408358,0.38949144,0.00213644,0.55798990,0.66465163,0.73702180,0.58738446,0.94957316,0.06992416,0.37556693,0.10787908,0.34144565,0.00463319,0.11655540,0.05639779,0.07384837,0.08288208,0.00326523,0.17852455,0.02560534,0.56139320,0.55802292,0.26878881,0.04411123,0.01171954,0.00621496,0.77605700,0.65745896,0.03860402,0.29110554,0.03877350,0.00006001,0.12573519,0.00229393,0.24143913,0.33154711,0.17421696,0.04271536,0.21401130,0.03999016,0.00718730,0.12983824,0.61553907,0.03607320
0.03084595,0.33271354,0.00048413,0.15673900,0.30525762,0.27436876,0.04334569,0.08956199,0.57085758,0.00128530,0.04336603,0.80355752,0.00022165,0.01257459,0.00498217,0.47074699,0.26829204,0.12290324,0.00049324,0.75572580,0.12591328,0.96050227,0.42687577,0.78577030,0.87269771,0.67353338,0.06447735,0.02052262,0.10399708,0.12275514,0.28002256,0.02985272,0.00369005,0.35783371,0.01666048,0.01155818,0.00245258,0.79445565,0.22042708,0.01756143,0.21352023,0.28540215,0.29739875,0.28726989,0.00915291,0.20511597,0.66898018,0.71568763,0.24655335,0.90283853,0.35217112,0.00017559,0.19350059,0.02623637,0.02384022,0.17859028,0.63253093,0.08200279,0.14390466,0.03878072,0.05242720,0.99816066,0.52372456,0.00231776,0.14721030,0.24754477,0.02757145,0.23941781,0.15103054,0.99437958,0.48652685,0.99987817,0.88277304,0.83282548,0.00052190,0.74446809,0.13199072,0.00639580,0.80157852,0.58232141,0.94913948,0.12850089,0.26766452,0.09887459,0.72399843,0.08027492,0.58780789,0.01047577,0.13682087,0.02157612,0.14265752,0.03063380,0.00192799,0.26762003,0.16359062,0.92205733,0.50776643,0.64093769,0.02274568,0.96701342,0.00654096,0.81568050,0.18668410,0.04161080,0.57287318,0.03933229,0.02163881,0.11202989,0.01007551,0.01372724,0.04328874,0.89923978,0.08737240,0.27985150,0.05536541,0.00548517,0.00620615,0.01607577,0.00239371
0.07056837,0.13019761,0.00042159,0.11282972,0.11932556,0.06744809,0.12143832,0.11248223,0.35738945,0.00258606,0.03994129,0.77658123,0.00096121,0.00199415,0.00789043,0.84033984,0.47963673,0.05624038,0.00098690,0.97093827,0.43925095,0.02135273,0.81185156,0.48918453,0.87132555,0.71221185,0.10290457,0.00711492,0.14388292,0.03377782,0.07736242,0.33999205,0.00607010,0.13182810,0.11964724,0.01923870,0.00120765,0.94241834,0.20765847,0.01326787,0.60275751,0.51556110,0.12006131,0.40036011,0.00573870,0.24421613,0.34271741,0.69359779,0.01366635,0.85242546,0.03335473,0.00039562,0.85929674,0.03561145,0.09662869,0.40238056,0.49024066,0.00864211,0.05945925,0.02209308,0.05547059,0.98330587,0.87628144,0.01361218,0.02700940,0.07615314,0.83430564,0.24141708,0.08969089,0.95279306,0.46769425,0.99990565,0.83660263,0.87473941,0.04636194,0.87015051,0.01780053,0.00444664,0.67914814,0.84759247,0.76864463,0.05777804,0.88530642,0.48218971,0.98829126,0.09702409,0.23203562,0.02527516,0.13961166,0.05452585,0.21485756,0.02072736,0.00184348,0.37018645,0.08535184,0.64914829,0.18257752,0.59494209,0.00413692,0.00541985,0.00765671,0.54166961,0.28804138,0.01479399,0.28319657,0.02952605,0.00089933,0.03061794,0.01821689,0.05306469,0.13032636,0.96586990,0.06249695,0.50340301,0.04899072,0.00358485,0.02044205,0.00198219,0.00328743
0.01855350,0.43325856,0.00052020,0.30499473,0.18403099,0.08824716,0.14970580,0.04565925,0.80035269,0.00482193,0.03273898,0.26825178,0.00046826,0.03732250,0.00720070,0.64460284,0.11115006,0.06325030,0.00182770,0.64796609,0.08389995,0.15755954,0.42116818,0.27352369,0.42875114,0.42597109,0.04861705,0.00746863,0.39956811,0.12278008,0.08518577,0.32816133,0.00799473,0.15795051,0.17729686,0.14311124,0.00259207,0.38453686,0.26900381,0.02975595,0.38436985,0.34612444,0.04660208,0.59636742,0.02329615,0.14203563,0.08229910,0.78482217,0.04297671,0.78280085,0.03755116,0.00062489,0.24744070,0.01281216,0.24218088,0.35059318,0.33964455,0.39800864,0.02249823,0.05794078,0.06835999,0.60084605,0.69472545,0.07142869,0.01944626,0.24554555,0.35636339,0.01694090,0.02792492,0.37113425,0.18528497,0.64331442,0.67216909,0.52753800,0.07319403,0.41399792,0.05763761,0.00914160,0.57424337,0.43720043,0.83900625,0.04131152,0.41123623,0.24664776,0.81474608,0.10271739,0.12524383,0.04797073,0.21518308,0.11492183,0.38214755,0.01376474,0.00643464,0.10279925,0.04696304,0.13410939,0.46683815,0.22882783,0.01219521,0.16673656,0.02245096,0.48836446,0.27574310,0.06238559,0.38446474,0.04125006,0.00145334,0.06306306,0.04783772,0.06574335,0.06718279,0.48377508,0.63731599,0.27461842,0.01900800,0.03482898,0.22325478,0.02057284,0.00981152
0.00209630,0.79122221,0.00003301,0.81808692,0.48261249,0.16151837,0.24814998,0.00539270,0.86179590,0.00051741,0.24202487,0.32108518,0.00002782,0.01508433,0.00399710,0.90106308,0.00387290,0.69818568,0.00064979,0.98701686,0.00180649,0.08853882,0.62536645,0.34365401,0.12640366,0.96237749,0.00986147,0.00096107,0.00426861,0.00021665,0.39288801,0.06911916,0.00300443,0.42689300,0.01673711,0.09629599,0.00018927,0.13452914,0.07473198,0.00620176,0.88692981,0.65529805,0.00336181,0.68477166,0.01009401,0.00634763,0.19199969,0.78048056,0.26109913,0.99630779,0.11630172,0.00001452,0.83194923,0.00116535,0.51464224,0.86237252,0.65987617,0.03671682,0.00072213,0.04407223,0.00617415,0.40459552,0.95089918,0.13280585,0.00212345,0.93754971,0.97947764,0.00030918,0.01262741,0.31036747,0.00241794,0.29810902,0.93148655,0.05469574,0.68979722,0.90909499,0.58636361,0.00117235,0.97488582,0.29691273,0.93463576,0.18817815,0.50677294,0.00071671,0.96700490,0.31773737,0.14705478,0.08464412,0.16364449,0.16087173,0.00263504,0.05664074,0.00002574,0.24541140,0.47702163,0.01399144,0.16183721,0.56655818,0.00032768,0.86766577,0.05672890,0.47475463,0.21360606,0.00466223,0.59797072,0.00496632,0.00000920,0.00819574,0.01385980,0.01822080,0.13139310,0.85582805,0.94380367,0.03231462,0.00275901,0.12829739,0.24470334,0.00438235,0.00042306
0.00411845,0.78436327,0.00003544,0.01102384,0.48728198,0.31213376,0.28166607,0.00295957,0.93049216,0.00083763,0.00141178,0.46257976,0.00002839,0.00552027,0.03011095,0.95099580,0.53739125,0.00099097,0.02107036,0.99108779,0.35889915,0.96748143,0.79026854,0.18535125,0.09881485,0.14376505,0.00633620,0.00027384,0.03122309,0.00062278,0.48789653,0.73487067,0.00776342,0.17633265,0.65693986,0.12981661,0.00083130,0.11997215,0.11945295,0.08276414,0.00118324,0.53451204,0.37162337,0.61967683,0.12278026,0.59227574,0.08988746,0.93866020,0.38561007,0.99724209,0.14755186,0.00002160,0.02387871,0.02091474,0.19507504,0.00194484,0.45092613,0.15800805,0.02024183,0.00131142,0.00989956,0.18431588,0.98321700,0.08712151,0.00175973,0.00014170,0.09667785,0.00109879,0.02679578,0.40084088,0.00378964,0.65472031,0.97274488,0.11216024,0.00071870,0.91409701,0.02850669,0.00151432,0.98360360,0.32986930,0.96159244,0.06360346,0.71794701,0.35535774,0.99327487,0.08487074,0.00553856,0.10570499,0.61710292,0.39782861,0.00586001,0.10039108,0.00031138,0.08013562,0.74639523,0.03746616,0.33911553,0.43016064,0.00439166,0.00290837,0.06267966,0.73549050,0.10250321,0.18823737,0.48813024,0.01393388,0.05580324,0.00062751,0.06806327,0.01263974,0.41548291,0.94558579,0.89990991,0.21532814,0.00078835,0.24823175,0.21346627,0.68674016,0.00040514
0.01190234,0.74728554,0.00231450,0.89161158,0.32719365,0.14039546,0.67668337,0.00046036,0.35758916,0.02439324,0.00014320,0.40685534,0.00262575,0.80886859,0.02191796,0.88417810,0.52365381,0.40333900,0.01728651,0.94362861,0.59342831,0.00179719,0.63526744,0.60836512,0.20581196,0.20379835,0.08125753,0.00005617,0.11031104,0.00177144,0.00025288,0.89001232,0.21809402,0.23713343,0.14563476,0.01820829,0.00179241,0.15595154,0.04400072,0.51816267,0.86222845,0.61153489,0.91161400,0.69720447,0.15720779,0.89409220,0.10942221,0.95535719,0.00012291,0.99335176,0.09258628,0.00069814,0.03520212,0.35348418,0.05959130,0.76976961,0.13283141,0.07372103,0.05872588,0.23146258,0.23912351,0.67010319,0.73600286,0.14459741,0.01776711,0.91296631,0.00039021,0.01894703,0.05169402,0.35591209,0.01767396,0.38383421,0.72704327,0.00768801,0.15094516,0.71771866,0.00279448,0.01456701,0.01449334,0.40825137,0.00379469,0.08790667,0.06947593,0.83075762,0.96370161,0.03403036,0.00648324,0.84634942,0.91257966,0.48818088,0.03822553,0.10367677,0.00664217,0.36990699,0.73270887,0.22317706,0.25272048,0.37748161,0.00167711,0.79988277,0.07093760,0.84930331,0.34542125,0.12442157,0.53643262,0.49552029,0.03753480,0.00069696,0.16489564,0.03548660,0.03797465,0.88134342,0.92794609,0.08576006,0.00030798,0.01519155,0.25876206,0.00046924,0.00281163
0.02116429,0.48249030,0.00070771,0.03137849,0.23519683,0.34462890,0.85122710,0.00082779,0.18301159,0.11832558,0.25656632,0.54748577,0.00483663,0.34794313,0.03107660,0.47917938,0.13992922,0.43517831,0.01095518,0.82041591,0.24559373,0.22951142,0.43480247,0.43647930,0.29356751,0.16068164,0.21958028,0.00235838,0.09953417,0.00478221,0.00066388,0.06204055,0.08015842,0.17328590,0.39943144,0.15318006,0.00378559,0.24155386,0.16668066,0.08458848,0.15279606,0.54912227,0.00000323,0.48334083,0.10218194,0.00679655,0.14923616,0.95211685,0.01230420,0.98523766,0.18084016,0.00223819,0.12845762,0.00945464,0.88221341,0.77427316,0.03760600,0.13884977,0.14018410,0.00815101,0.20838821,0.33083260,0.43928891,0.32806364,0.06552185,0.00073667,0.99337238,0.02222445,0.17112634,0.10951406,0.01725437,0.62109190,0.24559182,0.00543791,0.78679878,0.16252582,0.12655775,0.11225998,0.07435012,0.52174419,0.00877042,0.37163556,0.95489174,0.10907192,0.43651694,0.00265055,0.02394489,0.24737266,0.37308916,0.57622004,0.06260192,0.10967849,0.02012686,0.39772257,0.28419650,0.25953290,0.25038487,0.18765581,0.07738869,0.00100154,0.15766555,0.52451628,0.39724424,0.07567443,0.52616352,0.21630242,0.00000209,0.00042667,0.22550400,0.03945340,0.24141517,0.95201147,0.60792142,0.10970154,0.00012479,0.05441509,0.10272235,0.47713909,0.00349927
0.11345450,0.64980191,0.04062197,0.78345317,0.21803668,0.13925998,0.34328279,0.00235784,0.07212569,0.00042289,0.21515387,0.53155786,0.01767327,0.31194118,0.00319495,0.72502261,0.03352374,0.00038759,0.00555112,0.53179616,0.30699381,0.90400600,0.71907198,0.23209716,0.41757154,0.30514842,0.00081537,0.00090117,0.34407410,0.01543336,0.33606309,0.04973233,0.15988825,0.52734417,0.01305406,0.00820214,0.01455458,0.10819416,0.48303485,0.05610635,0.59143621,0.59205532,0.00063179,0.70503175,0.17416237,0.00079947,0.38552842,0.71918464,0.63414454,0.93821210,0.14414251,0.00336641,0.43657824,0.58596390,0.03091139,0.22082649,0.17245215,0.27745116,0.02589105,0.11699221,0.13537546,0.43112496,0.22024809,0.47797665,0.03333146,0.91365451,0.19875178,0.01276717,0.14457506,0.07943640,0.00935330,0.50732696,0.16333190,0.00837998,0.00217513,0.21933281,0.10047343,0.27521750,0.64509994,0.41093686,0.33817187,0.59777546,0.09261803,0.04572277,0.02821589,0.01047518,0.13731964,0.03900271,0.46819010,0.36005014,0.06991188,0.02688866,0.04556724,0.54203612,0.09037799,0.24388881,0.35336837,0.25246561,0.05034065,0.80875510,0.02325959,0.57719833,0.47920710,0.09281320,0.48604414,0.21488371,0.04098678,0.00032287,0.64464468,0.02628611,0.24475513,0.10300154,0.83820200,0.08894429,0.00211722,0.05946862,0.08654978,0.17852217,0.00686696
0.02304146,0.51745373,0.00071095,0.01280563,0.16918339,0.20155689,0.24654940,0.00485050,0.62776124,0.00011808,0.03387954,0.32855198,0.00290000,0.14167804,0.00270826,0.37278634,0.08293634,0.72043979,0.00050685,0.63834494,0.35549626,0.02077247,0.78051096,0.42162240,0.34904650,0.30993408,0.08383447,0.00803671,0.12453891,0.04854153,0.86271948,0.03304509,0.05250334,0.48005655,0.03960897,0.00440709,0.00976081,0.35768685,0.33052564,0.01070621,0.08552791,0.64473802,0.48386306,0.85250121,0.03679845,0.20879471,0.19947565,0.53216183,0.41597688,0.90373862,0.07625601,0.00298687,0.36218211,0.05726593,0.13832912,0.26276192,0.60693061,0.45031112,0.06562649,0.36996692,0.09785216,0.52051693,0.65573996,0.66519189,0.11256284,0.00251929,0.00164908,0.01226323,0.23648627,0.04496996,0.04345189,0.50404161,0.40456638,0.07080010,0.40418926,0.47912148,0.36624506,0.08367476,0.63810587,0.34513947,0.87739927,0.49397913,0.61024636,0.10598162,0.64651865,0.01458639,0.16286305,0.00317263,0.35602060,0.14688048,0.19388613,0.02530207,0.13655059,0.25813633,0.08889882,0.32134548,0.24217579,0.20095371,0.06065003,0.00462043,0.02393550,0.58867294,0.55186582,0.17821558,0.51454043,0.03226586,0.05677167,0.00004551,0.09381923,0.08002484,0.41003564,0.44389892,0.75155145,0.13177857,0.01287533,0.04206439,0.02646987,0.00023975,0.12573084
0.01805199,0.54687160,0.00005369,0.40372655,0.27959898,0.05584637,0.27737004,0.02958062,0.84812272,0.00137546,0.00867497,0.11632387,0.00066964,0.04531207,0.00716818,0.94737858,0.09878708,0.01765247,0.00043009,0.89999396,0.19902059,0.18602505,0.63152474,0.45752504,0.38262847,0.35780558,0.02341077,0.01573337,0.37712160,0.07533018,0.02521688,0.43433413,0.01797099,0.03695941,0.17759480,0.00107105,0.00258757,0.21465395,0.27346733,0.02159529,0.62879318,0.47392106,0.06238784,0.66872984,0.00288675,0.44633257,0.15483242,0.78099173,0.00173069,0.83189058,0.02167631,0.00083887,0.18704984,0.02187142,0.24685548,0.25582847,0.48363876,0.23977840,0.03775903,0.14218774,0.06272784,0.54084563,0.77523082,0.09865727,0.09076728,0.64334893,0.75592440,0.01258354,0.17020088,0.01983174,0.01867399,0.36692566,0.66623014,0.21792543,0.01922222,0.20715541,0.04861046,0.04125243,0.68261099,0.14787748,0.92400646,0.14977263,0.74128771,0.06252787,0.90124214,0.00408046,0.26392239,0.00018845,0.30474433,0.01744855,0.28470537,0.00562787,0.00721176,0.30019048,0.03224321,0.18090554,0.49732503,0.16570288,0.01558094,0.38965076,0.00449295,0.27619180,0.46678039,0.06319686,0.66291612,0.02705165,0.00039743,0.00090842,0.09676858,0.04600420,0.02591173,0.56085986,0.73809600,0.14605246,0.01705598,0.01030877,0.01893357,0.07067443,0.03126084
0.11124366,0.27361932,0.04561546,0.04021880,0.22842838,0.21208386,0.22768654,0.04340072,0.70214409,0.04686664,0.00827707,0.30933839,0.00256039,0.07684872,0.04434498,0.89174789,0.45876348,0.00297134,0.00910978,0.98427057,0.57126594,0.68780595,0.50480664,0.47543046,0.44901365,0.08803108,0.37356192,0.04991013,0.61446369,0.19421501,0.00317733,0.30851120,0.04070722,0.12882559,0.43966600,0.00079765,0.01998682,0.17477132,0.47277758,0.28812930,0.01035917,0.49537647,0.00307005,0.75201875,0.00521842,0.59051740,0.24399066,0.82048333,0.03908744,0.36851555,0.01259676,0.00231767,0.02725924,0.04552329,0.10401615,0.07073732,0.33526152,0.24839853,0.41480428,0.07119816,0.43314123,0.63947099,0.72548491,0.32138562,0.03708728,0.00046600,0.04824027,0.24202713,0.14042746,0.05957789,0.03882951,0.78318048,0.63353342,0.12477786,0.04884366,0.07529557,0.00738090,0.02950505,0.40682364,0.32373598,0.27862105,0.22136368,0.49751943,0.40912771,0.76425672,0.00291711,0.08516333,0.00004310,0.44821721,0.04547275,0.66037107,0.00535216,0.00650421,0.28092763,0.01896702,0.24327303,0.28038797,0.26014951,0.23484346,0.00335947,0.00086866,0.55726969,0.61357504,0.21220067,0.67887115,0.06917016,0.05706613,0.00076017,0.04915813,0.04159826,0.04859749,0.31673750,0.70651519,0.19594362,0.18596302,0.02510894,0.00147636,0.01030378,0.04500063
0.11520808,0.51631558,0.00435446,0.38445869,0.49162680,0.05801867,0.20392726,0.07628913,0.05986184,0.11684348,0.63198525,0.08469337,0.00801167,0.49240354,0.03609581,0.97724575,0.59920204,0.60815132,0.02912805,0.82773650,0.23094280,0.00831712,0.70730954,0.30874979,0.31811398,0.35956842,0.03165916,0.28829724,0.26427391,0.06919587,0.00629172,0.06604601,0.04201220,0.22290291,0.03616993,0.00043426,0.00423393,0.12218156,0.31256524,0.02558945,0.51895344,0.72179031,0.02171220,0.83533573,0.00164678,0.00659265,0.51421905,0.89203262,0.05113232,0.41284889,0.00328399,0.00503215,0.15763873,0.00296374,0.65642875,0.72221553,0.01949611,0.18212716,0.21328476,0.58615303,0.37267613,0.62044632,0.28091386,0.44509062,0.07889550,0.97289646,0.02363916,0.16865286,0.83795524,0.06560361,0.02597305,0.63531226,0.48427078,0.03096739,0.58251327,0.01390378,0.00639117,0.00795858,0.14459409,0.38224864,0.04451467,0.76260376,0.17198004,0.25301224,0.08865202,0.00156796,0.28751841,0.00065541,0.53626370,0.02729001,0.79979134,0.00157629,0.04493548,0.09737123,0.01041404,0.15797254,0.33149078,0.26072919,0.32489842,0.65551108,0.00029080,0.30034712,0.80814296,0.14140205,0.60789019,0.05105875,0.00143981,0.01874163,0.03075157,0.23731984,0.00915136,0.58332276,0.78579706,0.15824354,0.21158452,0.01104247,0.00142354,0.01684092,0.08210971
0.39112547,0.58942431,0.00143851,0.02931098,0.18695381,0.00115215,0.07684699,0.45652789,0.18058199,0.00108623,0.56430966,0.26888368,0.00068522,0.03001183,0.00927425,0.87054461,0.17264771,0.00513293,0.09163256,0.79438382,0.13604806,0.40154943,0.72863877,0.30136040,0.70486456,0.56351024,0.28185794,0.26248974,0.47207829,0.27504835,0.09486046,0.02009173,0.00532347,0.20106021,0.82299161,0.00125340,0.00032457,0.08779274,0.80412990,0.01170710,0.19702193,0.73769188,0.07447030,0.96802425,0.00176317,0.01616497,0.39211297,0.65416968,0.00228372,0.51074541,0.01345638,0.00022419,0.60040808,0.01944853,0.90085077,0.56008834,0.38292077,0.20132263,0.31918654,0.32005599,0.28009865,0.41740295,0.57720417,0.95459735,0.01204905,0.00389926,0.94859701,0.09441009,0.19358288,0.00540269,0.01839717,0.37165797,0.75975108,0.03446537,0.19587365,0.03804881,0.88297611,0.00091849,0.65736955,0.08906023,0.38460824,0.39028746,0.96967959,0.03465648,0.49766958,0.00135180,0.02381405,0.00099403,0.26028726,0.00425163,0.52727789,0.00399146,0.00160132,0.59808707,0.05810110,0.13461311,0.30460495,0.48279187,0.01611498,0.01595229,0.00052535,0.54641896,0.25760528,0.02321979,0.63173556,0.03908597,0.00007437,0.08422938,0.00317601,0.17620198,0.27686605,0.78102845,0.64235395,0.00769481,0.16654594,0.08143303,0.00008199,0.57304054,0.00402716
0.04172975,0.74132544,0.00076338,0.83844399,0.34938774,0.00068178,0.02404548,0.62632656,0.41931891,0.00115805,0.03277628,0.18901545,0.00008225,0.01472167,0.00216520,0.98542410,0.02790927,0.13845183,0.00137225,0.88679343,0.47383150,0.86801308,0.62809753,0.60227388,0.23482434,0.25423044,0.01103248,0.00863509,0.25938043,0.04586071,0.36246833,0.17069688,0.00181396,0.13154802,0.02275750,0.00134229,0.00237947,0.27665499,0.21403837,0.01665947,0.37329018,0.96507049,0.86533022,0.99386358,0.00186825,0.34647694,0.13619569,0.75722402,0.01027604,0.58410966,0.01380342,0.00008972,0.23757592,0.00474242,0.05865354,0.48616534,0.88962573,0.79072309,0.07886697,0.19298491,0.07510618,0.18762249,0.89342958,0.99097842,0.00475139,0.93161762,0.34371448,0.10654618,0.02638470,0.01486792,0.02447503,0.44968215,0.79204959,0.01891257,0.00436437,0.19355482,0.31393665,0.00290804,0.78520441,0.10289670,0.64353263,0.36011460,0.46733961,0.02934912,0.97038341,0.01486392,0.01213613,0.00429638,0.28450382,0.00581324,0.80627471,0.00209554,0.00173481,0.63244468,0.05859759,0.03640033,0.12912448,0.82610035,0.02555384,0.73159641,0.00145063,0.68720710,0.77694988,0.07487417,0.81517428,0.01420768,0.03685884,0.17750601,0.00605386,0.31786594,0.26999059,0.37107041,0.79696733,0.47990406,0.03335908,0.00164680,0.00111588,0.00208911,0.00420264
0.00893028,0.83408362,0.00075841,0.14677298,0.13527277,0.07778496,0.17423290,0.11453308,0.88518691,0.00508707,0.05821070,0.01997007,0.00020257,0.00114646,0.00542423,0.98241878,0.38608283,0.11585493,0.00092652,0.69463348,0.12468615,0.01185477,0.89223862,0.67035508,0.68179315,0.57983559,0.00778006,0.00227195,0.14315537,0.02834885,0.07360192,0.28319490,0.00628713,0.01285097,0.03862192,0.01420987,0.00207398,0.16626033,0.11700898,0.03653818,0.23863700,0.98704600,0.45859963,0.98385727,0.00325105,0.65672988,0.07582601,0.85441107,0.01155160,0.85130078,0.01140396,0.00021048,0.04338748,0.02005351,0.31297585,0.89385468,0.39655021,0.59057444,0.09937308,0.02608714,0.02122032,0.18546833,0.68574017,0.87929642,0.00064395,0.20779929,0.48506534,0.00202803,0.05711070,0.09195006,0.47501150,0.65698606,0.77157903,0.06315617,0.09012736,0.72525704,0.50000107,0.00419532,0.23250146,0.39385390,0.82856405,0.27277979,0.68773788,0.08219484,0.93112737,0.00669901,0.02704481,0.01326393,0.66482031,0.01161620,0.89237666,0.01682687,0.00254008,0.43253177,0.08384626,0.05947944,0.16957751,0.93973070,0.01538831,0.16294752,0.00374316,0.72899717,0.77105016,0.11195990,0.71183658,0.01206063,0.00134356,0.21951410,0.02571878,0.07181385,0.09581557,0.75574493,0.21231528,0.31713182,0.15855402,0.00241902,0.04427440,0.08015294,0.00201287
0.01631737,0.39045569,0.00049735,0.25646496,0.21652733,0.06590082,0.27745864,0.02434860,0.80362123,0.00316988,0.03258191,0.16445521,0.00045147,0.03916013,0.01241853,0.62683475,0.09395266,0.07658750,0.00303601,0.49618292,0.06498196,0.19842637,0.50951678,0.27340037,0.37616208,0.39423856,0.05804773,0.01343096,0.28126895,0.12517823,0.14577833,0.37734991,0.01536280,0.16172272,0.15608762,0.15364361,0.00225364,0.28734195,0.29828763,0.01495796,0.53306478,0.44153473,0.03247032,0.49034250,0.01918033,0.11055037,0.08941452,0.66514659,0.06345719,0.81126195,0.06383631,0.00084380,0.26045591,0.01811889,0.22543325,0.33815154,0.56251746,0.38256964,0.03918560,0.06242111,0.04027260,0.51877582,0.70293528,0.07492837,0.02321970,0.19841331,0.48831367,0.01564221,0.02052500,0.33219880,0.10825435,0.63422877,0.70267993,0.45742467,0.07491048,0.39423615,0.09556393,0.00975589,0.55304408,0.27594820,0.73872942,0.05288155,0.52425277,0.19111295,0.73236734,0.09266877,0.16904826,0.03329067,0.27875987,0.07466841,0.44594347,0.01717892,0.00515667,0.10616447,0.06813304,0.11274574,0.31461260,0.37521693,0.01664015,0.18556076,0.01069675,0.39194673,0.36152974,0.04843115,0.42062634,0.03327965,0.00169642,0.04439500,0.03338097,0.07003244,0.13879046,0.44431522,0.60474831,0.29509374,0.02850829,0.04118419,0.27967975,0.02024763,0.01012201
0.00339160,0.75621873,0.00021549,0.62094194,0.00631977,0.11048031,0.06560603,0.04002488,0.83662218,0.00066193,0.24942729,0.43055752,0.00022791,0.00531200,0.00094412,0.98136824,0.01353557,0.69281238,0.00020650,0.35148859,0.01338122,0.23567003,0.48211128,0.91427070,0.20989063,0.66326749,0.00650764,0.00173908,0.11579824,0.00327470,0.43327349,0.05691471,0.00462760,0.69186616,0.78964263,0.03786892,0.00058565,0.54820728,0.04339653,0.03628793,0.98266882,0.02796308,0.00405498,0.44088340,0.05371157,0.12807468,0.05223928,0.41449776,0.34733120,0.99221277,0.10449582,0.00006500,0.50819767,0.00070074,0.08806437,0.61699533,0.74809152,0.98364919,0.00588733,0.01801288,0.00182926,0.18997039,0.93766612,0.09817214,0.00468423,0.96389836,0.97521079,0.00469494,0.04334737,0.52347088,0.63217521,0.76371574,0.94867158,0.12974149,0.36673793,0.02617261,0.32176211,0.00927604,0.73023713,0.46458033,0.98563921,0.04987948,0.46205577,0.01689745,0.94248897,0.20559290,0.00277643,0.08670326,0.96884179,0.22367492,0.00412703,0.01037072,0.00049751,0.15067425,0.12421934,0.24639452,0.62079227,0.16433984,0.00290024,0.76930767,0.08131732,0.78514522,0.16162264,0.00586032,0.92296094,0.00174568,0.00004874,0.13120456,0.08964344,0.17671758,0.23014234,0.60085434,0.52033329,0.19667560,0.00481574,0.00287096,0.42658907,0.01214687,0.00364667
0.00062248,0.78227615,0.00040208,0.09810831,0.01353638,0.16590294,0.06877314,0.01633096,0.95729405,0.00068722,0.00447057,0.41906428,0.00006859,0.00312945,0.04901386,0.95755589,0.09887967,0.00472905,0.00023517,0.80259115,0.47074538,0.97178394,0.41648027,0.86285824,0.10905909,0.10487517,0.00444233,0.00062802,0.27638584,0.00090967,0.82662421,0.76029950,0.00919551,0.12743565,0.72599733,0.00178324,0.00014652,0.98102945,0.07808177,0.12292857,0.08525307,0.00813965,0.19298331,0.42861903,0.00691375,0.79634416,0.05331787,0.87089968,0.54083806,0.97693980,0.43786952,0.00002704,0.06482880,0.02312247,0.06308688,0.01484074,0.98628742,0.99604410,0.01816207,0.00192987,0.01628320,0.02473010,0.99374294,0.14285541,0.04730603,0.01635876,0.05349925,0.07023291,0.05649222,0.57410783,0.52310234,0.79592651,0.96331459,0.11713745,0.00196652,0.05948219,0.00715235,0.26383373,0.96951228,0.63017571,0.99525678,0.00385706,0.94286150,0.24699871,0.98366576,0.39782447,0.00149859,0.09538413,0.99825221,0.51725554,0.00239996,0.01035207,0.00005502,0.14376414,0.08719521,0.17121115,0.74669939,0.05220235,0.10085461,0.00007580,0.15180716,0.17112315,0.14869671,0.03959393,0.59349275,0.00350802,0.03027686,0.05432822,0.09670342,0.04945947,0.71458161,0.89748955,0.58517802,0.11842034,0.00246939,0.02179600,0.19189180,0.42400938,0.00218111
0.00044204,0.88935375,0.00794730,0.77076858,0.02950114,0.10214463,0.42505816,0.00403720,0.99602801,0.00973225,0.00004591,0.56153947,0.00581133,0.00306402,0.05703659,0.90887785,0.64028960,0.44605359,0.00106076,0.76257569,0.36533287,0.01245383,0.50912273,0.79562432,0.59254867,0.15072978,0.14089152,0.00045979,0.38921815,0.00103565,0.01429650,0.94089258,0.07374404,0.28998488,0.95238459,0.04216088,0.00977791,0.82841820,0.20091833,0.43955463,0.92455232,0.01010194,0.14679447,0.56493908,0.03896907,0.76341963,0.20410395,0.67401803,0.15346028,0.98657143,0.18907560,0.00031899,0.00253247,0.12199719,0.04443957,0.78878254,0.00004118,0.75720215,0.03981103,0.03176963,0.03384759,0.15549637,0.82093215,0.16942540,0.01259222,0.84880435,0.07956005,0.22762161,0.07798436,0.74961358,0.49977237,0.79321194,0.69906235,0.30731115,0.29977643,0.01413006,0.00017671,0.23848589,0.03446441,0.39076272,0.24986835,0.03599544,0.17448008,0.95579225,0.56498891,0.36243024,0.00074041,0.58812839,0.97228056,0.26057932,0.06265609,0.06544720,0.03199152,0.21282737,0.12156269,0.29819545,0.77815920,0.00876893,0.02362440,0.92378628,0.24017909,0.00000500,0.19135725,0.02973247,0.79822969,0.01309648,0.01066343,0.01265416,0.10485811,0.12053395,0.09607490,0.61195481,0.65208656,0.13881534,0.02434948,0.05519752,0.48152530,0.00024884,0.00429258
0.01214888,0.69671673,0.00151751,0.04511532,0.03555579,0.20811149,0.88865095,0.00200554,0.86563778,0.02603289,0.11550844,0.82694727,0.00251850,0.01009103,0.25790226,0.00312014,0.07537027,0.23537707,0.00361289,0.21497548,0.66516107,0.19378747,0.38629436,0.57416648,0.28112301,0.12035223,0.20898823,0.00066602,0.36598226,0.00311777,0.00154533,0.46994382,0.08217281,0.57569301,0.79434383,0.28848284,0.01230682,0.67001641,0.28050908,0.06229991,0.74075413,0.06383508,0.02377848,0.57555044,0.00147428,0.02049132,0.04530250,0.75864500,0.00058976,0.95845789,0.24775325,0.00126020,0.44244015,0.00609994,0.95686972,0.39295959,0.01149562,0.82371926,0.02374005,0.00917641,0.00459585,0.33838940,0.11417904,0.53381014,0.04998497,0.07251777,0.98577976,0.16795121,0.06061941,0.67845178,0.28834990,0.75335002,0.01583173,0.06039420,0.68999785,0.05376272,0.45944217,0.26343974,0.06118509,0.84809899,0.08175410,0.15268676,0.94849426,0.73461562,0.52705491,0.15932824,0.00610916,0.11779216,0.87615448,0.43537390,0.05725530,0.20104495,0.01177262,0.20189750,0.24568991,0.18288477,0.23398851,0.05066447,0.00239114,0.00038518,0.16265756,0.00033005,0.43468934,0.00355704,0.55557710,0.01674916,0.00002869,0.23747091,0.17501196,0.32838196,0.08122081,0.77391124,0.67933369,0.04315349,0.04173846,0.14183772,0.55424082,0.32836324,0.00874670
0.07249682,0.42135197,0.05589174,0.69438273,0.06962695,0.12884881,0.56234843,0.01383092,0.10650076,0.00315414,0.24483536,0.32352173,0.01358617,0.04992585,0.09254856,0.41736248,0.00378214,0.00100375,0.00059658,0.07429504,0.48519012,0.91145039,0.52395511,0.52983612,0.38616297,0.07694936,0.00034568,0.00343072,0.80388570,0.01497230,0.24752170,0.09324963,0.07431068,0.57267934,0.03139031,0.25693026,0.01853358,0.25739720,0.34798986,0.00392010,0.26651251,0.16697590,0.00485865,0.72173542,0.17045985,0.00361686,0.13027625,0.48602623,0.17140175,0.88604629,0.12425915,0.00805531,0.40816462,0.20754455,0.07900217,0.22420804,0.85778368,0.55208701,0.04959612,0.28633749,0.04673083,0.56940049,0.17424184,0.22072265,0.41443753,0.72906476,0.04440509,0.19677770,0.09517623,0.82203907,0.22413903,0.65930444,0.02198351,0.04237877,0.00152045,0.04224446,0.39840782,0.28984576,0.63580436,0.40069714,0.67535204,0.30532607,0.05668934,0.00321111,0.16278684,0.25699058,0.00925699,0.02190632,0.72658306,0.56116652,0.26606578,0.20326136,0.00081344,0.24857733,0.12860221,0.13786709,0.33642951,0.14987347,0.00127624,0.92186373,0.04676459,0.00127245,0.42490268,0.02687795,0.49994770,0.02599467,0.03878733,0.13086790,0.17978619,0.13467073,0.24322502,0.15977018,0.80151391,0.13805215,0.18270139,0.07075945,0.53434986,0.15470695,0.04023196
0.01753784,0.61988068,0.00049844,0.01759623,0.08297432,0.22842963,0.19091895,0.04727558,0.26480108,0.00089977,0.14546977,0.26238191,0.00108366,0.02743141,0.01929787,0.77018362,0.15597279,0.54104424,0.00182854,0.21651268,0.32552278,0.03147491,0.57178080,0.51308197,0.31407094,0.29258373,0.02500519,0.00565214,0.50129330,0.03581815,0.76299965,0.02081018,0.04712393,0.72050792,0.13173616,0.20260257,0.00063198,0.49801564,0.32988206,0.00563047,0.18621589,0.22010894,0.02067600,0.50866109,0.08123425,0.25728655,0.14210723,0.36058980,0.57433033,0.83237547,0.05139454,0.00650251,0.19683491,0.03897959,0.01594965,0.27099866,0.93053490,0.69461524,0.08043945,0.43452749,0.06699903,0.37035808,0.77082413,0.15312648,0.27098182,0.03562172,0.02899801,0.06809124,0.19863021,0.52875352,0.21908885,0.33969867,0.43380469,0.11055735,0.37834078,0.29117632,0.16406859,0.03526640,0.65879136,0.34331653,0.78114778,0.21566248,0.80100501,0.03062930,0.77839166,0.21802871,0.04120440,0.01057384,0.47367364,0.17168571,0.34728071,0.32409379,0.00006687,0.31627917,0.38477907,0.20190240,0.24735087,0.11434843,0.00001252,0.00100912,0.01608712,0.00341101,0.30275574,0.12844557,0.44801450,0.02180805,0.02639961,0.12213852,0.07204763,0.36149627,0.85076404,0.36247849,0.85635716,0.15081710,0.11120069,0.05660699,0.41562605,0.00012164,0.05373413
0.01119235,0.51529312,0.00013440,0.36616939,0.22389923,0.07170507,0.17704581,0.08347365,0.85400271,0.00507459,0.00104205,0.24391939,0.00017614,0.06553474,0.02151186,0.81123006,0.45073116,0.03176897,0.00205201,0.51171148,0.22843504,0.19744821,0.56525022,0.43142757,0.38683075,0.42506233,0.10693743,0.00753088,0.57121903,0.05099974,0.12039687,0.17030481,0.03007248,0.33339155,0.22679004,0.02821765,0.00020337,0.45775136,0.25011659,0.04845576,0.62362790,0.18160106,0.00850188,0.39850536,0.05975488,0.21703814,0.15576501,0.58058262,0.07713532,0.93326622,0.01959430,0.00167737,0.12185504,0.02102989,0.76237136,0.14325489,0.26936737,0.64065844,0.03203612,0.07580087,0.04818138,0.47828397,0.93779558,0.02239700,0.06811375,0.39696828,0.66873097,0.04321556,0.04205836,0.47042301,0.19516405,0.24642211,0.72266215,0.22534674,0.03602214,0.18595631,0.01519415,0.00348428,0.57411081,0.17326176,0.74911630,0.09996149,0.28162944,0.26647928,0.90966356,0.10056562,0.03703134,0.00555830,0.54272062,0.03279395,0.45672393,0.15437753,0.00086160,0.34760314,0.15906532,0.10507128,0.25973997,0.10012510,0.00000107,0.58712947,0.00466499,0.19102262,0.31212044,0.04124785,0.51185280,0.00977816,0.00094160,0.06143448,0.01428496,0.13181362,0.13422383,0.57411820,0.87411100,0.33761549,0.08989208,0.06268721,0.48564041,0.04272388,0.01278052
0.05423360,0.56622237,0.00904862,0.04965223,0.51941854,0.11419833,0.51446450,0.03943987,0.79611057,0.02262394,0.00030358,0.24972947,0.00219497,0.23145361,0.02786880,0.75212920,0.72942752,0.00096891,0.03252417,0.77364033,0.77781665,0.50285268,0.26593331,0.35219139,0.30361947,0.14746231,0.01017647,0.02677403,0.57086426,0.24511626,0.00877810,0.51366985,0.10646365,0.22769645,0.57980573,0.10413381,0.00626401,0.62649143,0.36851227,0.32268047,0.05139528,0.35553706,0.46594268,0.24066734,0.64952421,0.31480750,0.39993423,0.42496032,0.00332680,0.94497436,0.01814277,0.00382998,0.01356845,0.01100552,0.31895471,0.21954829,0.00900771,0.49708083,0.26013631,0.00640996,0.30544642,0.41942194,0.47512755,0.00299718,0.10153215,0.00956839,0.00312411,0.13508454,0.10606946,0.21068107,0.30280298,0.21661383,0.42882407,0.06697263,0.00997717,0.61004728,0.00724794,0.00736834,0.08201588,0.14924654,0.28352672,0.11871061,0.51873702,0.86398429,0.27565771,0.08287982,0.01603616,0.00722910,0.67403078,0.22295557,0.49938691,0.22459082,0.01545259,0.09378161,0.08741018,0.11805646,0.17953506,0.04870067,0.00000305,0.00092303,0.00016558,0.04402469,0.54268891,0.26223126,0.41204908,0.06045781,0.08559105,0.25459093,0.02224356,0.21681830,0.06745587,0.04368053,0.79899740,0.34359115,0.11575404,0.06243525,0.57415253,0.20875020,0.01750895
0.28847155,0.53201175,0.00981837,0.53379774,0.54427111,0.10341570,0.51760095,0.04649072,0.77558249,0.01379813,0.13136433,0.07696513,0.02871036,0.57008576,0.00308732,0.11233743,0.04123404,0.71667409,0.03482299,0.21554801,0.58788747,0.01005174,0.39867175,0.27345198,0.43906924,0.32714364,0.01286273,0.10999745,0.80112094,0.16701630,0.00145530,0.30641267,0.05059597,0.05915917,0.16744839,0.10239956,0.12631349,0.53769010,0.14366086,0.01371635,0.48192710,0.11250919,0.00162580,0.33863541,0.98418081,0.02750465,0.77835149,0.63473094,0.00078909,0.90624577,0.02902042,0.00872321,0.27247787,0.00521617,0.39510152,0.93479669,0.01153220,0.22055335,0.17478885,0.15721856,0.84823763,0.64897299,0.05014130,0.00222597,0.02691506,0.58641028,0.48475358,0.24922885,0.37650692,0.16722389,0.61967033,0.17546901,0.22450113,0.05205402,0.59751505,0.38510901,0.09499889,0.01510669,0.01646620,0.49453121,0.14868467,0.45474714,0.45605290,0.11043194,0.05364872,0.09546686,0.29859722,0.00222248,0.22819582,0.29353389,0.71836704,0.04820140,0.21685581,0.33356711,0.05664593,0.02820268,0.20042357,0.01773747,0.00024001,0.95492816,0.00044681,0.00144531,0.61337191,0.19859745,0.77454299,0.29216295,0.00046166,0.24915616,0.00832996,0.70825589,0.07679770,0.16326614,0.64142394,0.31735781,0.42653036,0.07146491,0.41848281,0.00219197,0.09098580
0.50352544,0.50227845,0.00149249,0.06939445,0.34482861,0.07793993,0.19271041,0.25871286,0.12689731,0.00030299,0.77232766,0.12037080,0.00047989,0.26167575,0.00057750,0.09943440,0.07947294,0.00076606,0.04087089,0.42072514,0.14649646,0.43447974,0.50236851,0.46549034,0.18115750,0.17380358,0.54332280,0.48844245,0.77692258,0.31204963,0.11109120,0.06145767,0.00629314,0.32850841,0.04657357,0.02596309,0.06559325,0.96957266,0.38739732,0.00103183,0.76945448,0.13609195,0.00047680,0.35454297,0.00797270,0.02161722,0.69656283,0.48065472,0.04861923,0.73571086,0.06453768,0.00048514,0.89032447,0.00022076,0.12141652,0.00874531,0.46185002,0.57303214,0.06291661,0.15376206,0.04345245,0.74950337,0.37693709,0.00015278,0.00323058,0.02027632,0.95069617,0.06862942,0.72676092,0.23859678,0.50938755,0.10021266,0.81313539,0.00060783,0.23002651,0.54320174,0.68877804,0.00657028,0.45952502,0.37591463,0.90941602,0.61487865,0.93008173,0.01192185,0.46283221,0.10163156,0.44064227,0.00116576,0.39650106,0.25990179,0.58283126,0.00554263,0.00490635,0.03700822,0.08400729,0.01060460,0.12365098,0.01336030,0.01739028,0.00196848,0.00110314,0.00094470,0.54751891,0.17777233,0.76062578,0.09096556,0.00014985,0.35247758,0.02149599,0.15629314,0.17503816,0.16903493,0.90795314,0.33244064,0.07918800,0.27231723,0.45642185,0.24022448,0.14436589
0.05585504,0.79252374,0.00009188,0.49904203,0.19022419,0.30449474,0.08819028,0.35826451,0.70993179,0.00012646,0.62211901,0.09327535,0.00002668,0.15543979,0.00088974,0.89000839,0.18680017,0.09097644,0.00069674,0.59997427,0.30563349,0.77474427,0.85482532,0.55188847,0.21461843,0.28780922,0.03877352,0.16150741,0.91736394,0.56471086,0.57352304,0.05202004,0.00052399,0.64178139,0.02219665,0.00111070,0.00069567,0.93188423,0.83555436,0.01071875,0.06667780,0.05222476,0.00480367,0.27322084,0.00067142,0.32197604,0.79132468,0.37506482,0.87259448,0.86870492,0.01057522,0.00002936,0.56730103,0.00176893,0.10122515,0.01856180,0.94924521,0.80925745,0.09462994,0.37421599,0.03228446,0.77674121,0.91161972,0.00032125,0.00153600,0.43669128,0.01039234,0.07255644,0.30643204,0.40524140,0.12016588,0.02241165,0.81618971,0.00319194,0.00062739,0.26825744,0.08161791,0.00159795,0.90057302,0.04806442,0.97236639,0.03179001,0.22148053,0.08223002,0.87820870,0.15727967,0.75852519,0.00265398,0.20234475,0.00769297,0.72882771,0.00638757,0.00083897,0.15109555,0.07998913,0.01456542,0.06731246,0.07074510,0.08685254,0.96017373,0.00060741,0.00099976,0.20917785,0.14586753,0.89151233,0.13955797,0.04896154,0.62762225,0.03099161,0.22736144,0.26208788,0.04709201,0.99124295,0.26323840,0.03320518,0.41436329,0.75601560,0.00287902,0.10315902
0.01094492,0.48153749,0.00012123,0.13749394,0.20404477,0.05191197,0.01091377,0.00619662,0.92916328,0.00245392,0.00997902,0.12318030,0.00007698,0.26432592,0.00491661,0.90708160,0.49236023,0.01819264,0.00077088,0.54698199,0.41168258,0.01837148,0.92787695,0.76630807,0.08274177,0.04060886,0.43891233,0.01956056,0.72146767,0.56062686,0.09038066,0.34283635,0.00168986,0.05683294,0.06920099,0.00812112,0.00175629,0.98626143,0.89033210,0.05676302,0.69731605,0.00394468,0.00118658,0.05781578,0.00560518,0.59969401,0.93360263,0.73377788,0.15419342,0.89906371,0.01280901,0.00007662,0.10555480,0.00226340,0.95254159,0.65477496,0.82115060,0.89841360,0.12936467,0.01850980,0.02888222,0.72570974,0.97525877,0.00319159,0.00115618,0.02604722,0.83009815,0.04075927,0.13927437,0.09071824,0.51317936,0.17993122,0.79403394,0.00598691,0.06737103,0.07989216,0.00138992,0.00311720,0.53847641,0.08489941,0.93372905,0.01198575,0.91767591,0.75305080,0.99171084,0.07961517,0.41981700,0.01578249,0.11721060,0.01434640,0.83534110,0.02958021,0.00142075,0.02524453,0.09026736,0.00187521,0.11613459,0.14704295,0.29286090,0.01229382,0.00409273,0.03854125,0.38089219,0.12033959,0.85457414,0.10582346,0.00061931,0.29345593,0.00544295,0.04750096,0.17332965,0.13678549,0.99777740,0.02076073,0.05131307,0.23864591,0.75210071,0.00152463,0.04376280
0.01781839,0.52617043,0.00048123,0.16866651,0.25468871,0.07345499,0.22976394,0.01998322,0.63802993,0.00366962,0.02991805,0.30932954,0.00051536,0.04796975,0.01451081,0.67427731,0.12075500,0.04103354,0.00305284,0.65378290,0.08167452,0.32102445,0.47754282,0.21247225,0.46482190,0.43595204,0.03388218,0.01976424,0.34924531,0.10679623,0.10888665,0.35312325,0.00975064,0.14082997,0.24299797,0.12109848,0.00155487,0.39897272,0.24834564,0.01625215,0.43117172,0.42061582,0.05115961,0.50372982,0.03073693,0.16545509,0.10585054,0.62707680,0.09948774,0.72451514,0.07071782,0.00103631,0.28881493,0.01137870,0.39392382,0.50789869,0.40071902,0.30614206,0.02400038,0.05384449,0.06012935,0.42073050,0.76529425,0.05732545,0.02529785,0.22929057,0.35227737,0.02511215,0.02405000,0.30001628,0.11632086,0.61763155,0.50926477,0.53381240,0.04323849,0.36368755,0.09217597,0.00943594,0.46209842,0.40481505,0.82313061,0.05280896,0.49923867,0.17496219,0.82810813,0.05907474,0.14770204,0.04196780,0.22404420,0.10851286,0.37238798,0.03452420,0.00732940,0.17330694,0.04675835,0.22193745,0.31367618,0.26179516,0.00854385,0.19594806,0.01274037,0.58885807,0.38324732,0.03828663,0.41545486,0.02170424,0.00152529,0.06112710,0.04546438,0.09480481,0.12933782,0.52823639,0.73069638,0.36103877,0.03083010,0.02306556,0.19199693,0.03524379,0.01012957
0.01514902,0.62231255,0.00003282,0.75033611,0.00349947,0.15283301,0.19963436,0.03379296,0.95941865,0.00072759,0.16086999,0.28818014,0.00004453,0.11536202,0.23930718,0.25888702,0.55175436,0.36893877,0.00048830,0.95921880,0.03204376,0.12328144,0.73070043,0.09320944,0.20825101,0.59356999,0.00700524,0.00525436,0.17901950,0.00314818,0.66659635,0.15920390,0.00219035,0.35498831,0.01650527,0.60828829,0.00114279,0.33413529,0.26749215,0.00208627,0.88855147,0.20220646,0.00082192,0.84510088,0.03511249,0.04003037,0.03397694,0.77408934,0.16204086,0.49599126,0.07212307,0.00028909,0.95103496,0.00082266,0.12442085,0.98143816,0.98977071,0.96445644,0.00178839,0.03208624,0.00415269,0.29914355,0.96973652,0.02097398,0.01836536,0.76683283,0.98070800,0.00175299,0.23767926,0.58415437,0.34389591,0.77614939,0.91565084,0.47893023,0.68051207,0.27248952,0.70838886,0.01431710,0.55180198,0.29758671,0.94912094,0.17204122,0.72259724,0.00602599,0.96551251,0.20954861,0.01225464,0.18094857,0.01875035,0.01153027,0.00995514,0.17352730,0.00017288,0.04382304,0.58682233,0.13597472,0.01765688,0.77652276,0.00355303,0.82897103,0.11515294,0.88581979,0.10866076,0.00181934,0.36077517,0.00429882,0.00009385,0.10698242,0.48289761,0.22130965,0.08930724,0.44755292,0.89263844,0.81086010,0.01121509,0.00749075,0.16225629,0.02563177,0.00187003
0.00091611,0.79317349,0.00028047,0.03030314,0.00700992,0.24162522,0.11093204,0.01419609,0.97867179,0.00152581,0.00638327,0.59420395,0.00001508,0.10157957,0.08377691,0.39653966,0.83285105,0.00193022,0.00873642,0.98015589,0.71056515,0.96221364,0.74918538,0.13600907,0.25020555,0.24160172,0.01134004,0.00351534,0.13679801,0.08329023,0.18977278,0.71544939,0.00926883,0.14267761,0.03934192,0.75768137,0.00198325,0.37453178,0.28308183,0.18205126,0.01217966,0.19027993,0.37360433,0.83193332,0.01594264,0.96255636,0.00247887,0.86278617,0.21442406,0.42534244,0.05938068,0.00037760,0.07925193,0.03387822,0.21984172,0.91875988,0.97704893,0.89938116,0.04591042,0.00189377,0.00788097,0.31556869,0.97152776,0.03140773,0.00654296,0.00050922,0.03707623,0.00635622,0.16654526,0.62891954,0.06633901,0.86253589,0.96759021,0.12796248,0.00156184,0.25585687,0.02465129,0.01686284,0.86136681,0.16073683,0.98766595,0.12350496,0.91584384,0.53606111,0.99434739,0.08863688,0.01585209,0.05162494,0.21492757,0.02050615,0.00440185,0.23250730,0.00033355,0.02214080,0.67354137,0.13292198,0.03022029,0.58305258,0.02231723,0.00142734,0.09385039,0.86064714,0.26382470,0.07063569,0.14170267,0.00995114,0.05273683,0.03125255,0.71402454,0.03698742,0.15325485,0.18751466,0.81080621,0.93856859,0.00343166,0.02723663,0.44605494,0.68524158,0.00088505
0.00161247,0.88783991,0.00018650,0.81191117,0.01144256,0.09687219,0.36122534,0.00930218,0.89859360,0.02385970,0.01150174,0.72730577,0.00276741,0.97752398,0.05856138,0.01118823,0.48161423,0.68653166,0.00175359,0.97145963,0.77233869,0.01672927,0.69005847,0.35134286,0.59338510,0.14804465,0.29353517,0.01385733,0.12549140,0.03161452,0.01082779,0.96136862,0.11357119,0.06542579,0.00635535,0.36207244,0.00608517,0.28313410,0.51703316,0.75695902,0.69219106,0.09974047,0.65271270,0.84993196,0.08322550,0.66605115,0.03334394,0.58386135,0.01976911,0.28555688,0.07276414,0.03092295,0.00094827,0.29552621,0.22136074,0.83323306,0.55277085,0.91746753,0.02224692,0.08592790,0.44039112,0.34928223,0.17695712,0.08932331,0.02885621,0.88204944,0.02619637,0.07137924,0.19018376,0.24743107,0.56738812,0.73205316,0.93917900,0.84130615,0.23210166,0.17771706,0.00630314,0.02883330,0.28709811,0.21078338,0.84512055,0.13794646,0.34500328,0.76045966,0.03184149,0.11934932,0.02004905,0.30748051,0.36274150,0.23682423,0.01682030,0.31480169,0.05270205,0.08683644,0.11694703,0.45141473,0.00022469,0.67201293,0.00738211,0.82028484,0.16889189,0.78476316,0.12057004,0.16324605,0.35185131,0.01263280,0.05000563,0.74006772,0.06264305,0.01980026,0.00000727,0.60579795,0.92117226,0.59548002,0.00100133,0.00180517,0.25199279,0.00044904,0.00113134
0.01585085,0.72172934,0.00027825,0.02068569,0.08382221,0.22173141,0.44999605,0.02363769,0.43020561,0.04932679,0.11892553,0.53438139,0.00137211,0.76706111,0.11291664,0.00718829,0.53388488,0.32608148,0.04035985,0.68131572,0.85819536,0.18615875,0.54197079,0.11078765,0.49992594,0.08863287,0.03343071,0.10905286,0.14187460,0.05563010,0.00919766,0.22762915,0.10859502,0.42420912,0.70467174,0.83917570,0.01504806,0.44894969,0.35459271,0.47715920,0.20317380,0.27905473,0.00109088,0.84714842,0.13225001,0.00239592,0.01282481,0.46758080,0.01239862,0.61149043,0.16176116,0.01112150,0.01492712,0.00344058,0.94830227,0.95858771,0.03050412,0.69180328,0.10992022,0.02077519,0.59177202,0.26443404,0.05675953,0.20868136,0.11734938,0.00324273,0.98685914,0.01410541,0.27442011,0.44555148,0.18525092,0.65449554,0.07899991,0.81895512,0.63826400,0.17243686,0.05734470,0.04622650,0.04346690,0.06907852,0.48928010,0.21482952,0.91711760,0.25259686,0.22299340,0.01970870,0.04651381,0.06799173,0.12691012,0.61796957,0.01428124,0.07752293,0.07535443,0.28713799,0.71920449,0.45851138,0.00387827,0.51251066,0.03426987,0.00037147,0.12931199,0.76039088,0.28283164,0.01698250,0.48922321,0.09458884,0.00000082,0.16066605,0.16172124,0.01754008,0.00005944,0.88837969,0.58698767,0.43797275,0.00148286,0.01687772,0.25734153,0.40143991,0.00822330
0.02635317,0.86300397,0.04628205,0.76398164,0.02171318,0.18630163,0.60832363,0.01700879,0.03965712,0.00038918,0.15040505,0.50828522,0.00250256,0.26574999,0.00574720,0.18061283,0.00179251,0.00025650,0.01314948,0.05211006,0.71924824,0.75880879,0.49935412,0.11322410,0.54772854,0.33787736,0.00184189,0.05813003,0.57893550,0.07011615,0.23726441,0.02188550,0.08766962,0.78609788,0.02091192,0.66657138,0.01504652,0.41962022,0.39903268,0.07130475,0.17471747,0.20179611,0.00449742,0.91918868,0.02066571,0.00358496,0.04059321,0.54333574,0.20003535,0.54538351,0.17852882,0.01023088,0.65420651,0.26393002,0.03381166,0.00558933,0.69621843,0.57555312,0.13169868,0.07128976,0.25278157,0.32200277,0.34115812,0.09458081,0.21350466,0.75605589,0.05858202,0.03424205,0.11943846,0.54043400,0.15396278,0.66861111,0.14978026,0.84140086,0.00417758,0.19589965,0.12599240,0.16569431,0.09082285,0.00799963,0.42719907,0.25460538,0.03926346,0.16293779,0.10824294,0.18994719,0.02833098,0.04213915,0.13607007,0.32292116,0.03047822,0.03066326,0.10799232,0.35670555,0.53874856,0.35582390,0.00424404,0.59136927,0.04774427,0.84374297,0.11682823,0.17140748,0.28564894,0.03126303,0.61014354,0.24087812,0.02445083,0.15892166,0.24138740,0.30653158,0.06304938,0.34737536,0.93405730,0.30665794,0.00678045,0.00698399,0.35256916,0.28778926,0.01879445
0.05694103,0.49478564,0.00549519,0.00844516,0.06780601,0.51435506,0.30116928,0.03279537,0.82737231,0.00072181,0.15917836,0.32569405,0.00401587,0.09748886,0.00214364,0.30639949,0.12857594,0.71139860,0.01708181,0.38723123,0.35626420,0.04970995,0.80477911,0.26448321,0.55712128,0.35657078,0.03430391,0.00768851,0.21064188,0.09519873,0.69674081,0.03085909,0.08746598,0.44416264,0.05202564,0.37291154,0.00043110,0.73951817,0.37367460,0.02228592,0.07230113,0.36727443,0.15617153,0.86013019,0.01383842,0.26404503,0.03645599,0.54829037,0.22069152,0.50105941,0.09997886,0.00003523,0.63213187,0.17886014,0.14711066,0.08595833,0.89218926,0.46599051,0.01529024,0.46163639,0.08909776,0.42487091,0.83482134,0.15602496,0.11215995,0.00325721,0.01678531,0.05074713,0.02500710,0.34166333,0.13367429,0.47577474,0.53641176,0.59880430,0.40808752,0.33741519,0.29850125,0.00824558,0.66438490,0.01518026,0.49486700,0.31709132,0.45305693,0.14828883,0.86730176,0.14164104,0.06405514,0.01114590,0.27763090,0.52777207,0.09038136,0.00372453,0.02938116,0.11622395,0.37008333,0.34619221,0.01763026,0.30123883,0.02928503,0.00153560,0.05818239,0.50518614,0.39059645,0.20135152,0.38366798,0.04712134,0.10425811,0.16814584,0.03856372,0.45589557,0.18435311,0.22044101,0.75438440,0.48901609,0.03848317,0.00978797,0.20252357,0.00021294,0.05926465
0.01862860,0.40496007,0.00042782,0.34940359,0.30752328,0.17788024,0.43303922,0.10382194,0.93362892,0.00780288,0.03553527,0.21946304,0.00094776,0.06902280,0.00801812,0.81777960,0.23593505,0.02895236,0.00026142,0.77577770,0.21826167,0.19590160,0.64132565,0.46234325,0.69880992,0.44570705,0.01292284,0.00534050,0.33069691,0.07689013,0.07432011,0.44699213,0.05589174,0.10435563,0.16334185,0.05271326,0.00080805,0.78990257,0.25874808,0.01971609,0.52031225,0.38879290,0.02532515,0.75936341,0.00364119,0.31464538,0.10026587,0.67651302,0.04811017,0.48249802,0.04972041,0.00003150,0.18871671,0.01105538,0.45051759,0.69527751,0.90316182,0.46797544,0.01655810,0.12755953,0.03932479,0.58755416,0.90255219,0.01596259,0.02255836,0.57779706,0.74394810,0.03503029,0.00491320,0.27756050,0.07077809,0.48716566,0.80205023,0.60600263,0.02019163,0.25438851,0.04645114,0.00395432,0.74335366,0.01003856,0.76707047,0.10486608,0.31988195,0.03637934,0.94482028,0.08893304,0.07510211,0.00553020,0.12027079,0.26231283,0.20438355,0.00044095,0.00182803,0.12114730,0.05715410,0.16949734,0.01780785,0.45944262,0.00951250,0.44060639,0.03509784,0.63102901,0.32690439,0.09830209,0.61184055,0.01749223,0.00017011,0.09325498,0.02539282,0.18434428,0.00085047,0.32663608,0.76939982,0.63205326,0.06024383,0.00057425,0.25941867,0.03990598,0.00768064
0.05727280,0.37404439,0.00311555,0.07406707,0.48697704,0.63601100,0.52333421,0.07330474,0.24742579,0.04871464,0.00710494,0.37769550,0.00601826,0.06051390,0.01805812,0.62256652,0.60977459,0.00305151,0.00099986,0.83054948,0.44751984,0.32611147,0.59566718,0.57883292,0.34045395,0.20391533,0.26606175,0.00075265,0.45730659,0.17808224,0.01594937,0.52840173,0.08514875,0.29562661,0.52431643,0.01048137,0.09608848,0.86810625,0.46293327,0.01839580,0.06826741,0.24962609,0.20057890,0.85420209,0.00674677,0.38441873,0.15985411,0.69971061,0.05082439,0.35945871,0.03044277,0.00317058,0.00334897,0.01467505,0.19990046,0.24177743,0.11650591,0.63470465,0.12540662,0.01123706,0.35635954,0.53398013,0.26223117,0.01325431,0.04561699,0.00130451,0.01334370,0.17112528,0.02010918,0.66114706,0.08102997,0.66755354,0.51459146,0.83957940,0.04655633,0.17260343,0.00490973,0.02724305,0.48403734,0.02823591,0.51770258,0.16459054,0.75701731,0.49989629,0.06955470,0.03865632,0.76505214,0.00303037,0.50751942,0.71286303,0.24059783,0.00022242,0.00295250,0.09840157,0.02812052,0.33485609,0.00740393,0.20983328,0.21280593,0.00171050,0.00530265,0.55800658,0.41525513,0.55913848,0.27169156,0.06476872,0.03937769,0.17682476,0.08728408,0.03232286,0.00040970,0.01648858,0.58882874,0.76020211,0.33115807,0.00025746,0.56676883,0.04548398,0.03073450
0.18401560,0.66464466,0.00033395,0.32733724,0.21773994,0.38438937,0.75119305,0.06235236,0.13977170,0.04864844,0.11393866,0.04899538,0.00131412,0.29536080,0.05093372,0.31573910,0.20070802,0.69576538,0.00083692,0.59540737,0.30886313,0.02552554,0.70627302,0.53599048,0.52755964,0.39207846,0.02557278,0.00200010,0.61456674,0.09808371,0.01583371,0.39815402,0.01983915,0.54458147,0.50622791,0.00722955,0.05708238,0.84576327,0.52830720,0.00417235,0.18750133,0.20611686,0.14841886,0.97760791,0.00249382,0.01491700,0.37066475,0.44405782,0.02129150,0.31827649,0.01367041,0.08502205,0.01812792,0.00805438,0.46051142,0.48672479,0.03364056,0.19149242,0.05767557,0.08010174,0.54860854,0.64189303,0.17431064,0.00667568,0.01566996,0.92345166,0.23699947,0.14500950,0.01278942,0.39379346,0.13965841,0.26053715,0.16851041,0.93485445,0.34909901,0.18936005,0.20121057,0.01867091,0.02865079,0.00581973,0.27958128,0.47598496,0.17784119,0.60900313,0.00790666,0.02836702,0.80043662,0.00496584,0.64351106,0.14881659,0.50833774,0.00071328,0.00370262,0.59579277,0.02941474,0.27677205,0.00283790,0.51258278,0.04720392,0.82444328,0.00239274,0.43368924,0.52191168,0.07276798,0.71141165,0.21939246,0.00170164,0.37250879,0.05173951,0.32122761,0.01417058,0.03829945,0.36837047,0.45766529,0.28642574,0.00255780,0.62781626,0.00657412,0.04737679
0.32513702,0.53164744,0.00020954,0.17243244,0.61134225,0.93758976,0.63352102,0.08045004,0.02244797,0.00033939,0.01174423,0.09013373,0.00001648,0.07895128,0.00255380,0.38955507,0.02265785,0.00589994,0.00932580,0.24708229,0.02387558,0.29206979,0.70868111,0.52617955,0.76199526,0.37335584,0.03074000,0.03354635,0.70608807,0.27258340,0.30044731,0.02357183,0.00475196,0.09507994,0.26862484,0.03831799,0.02059429,0.93640482,0.16720708,0.00489394,0.24255210,0.08033494,0.04904932,0.99535602,0.01565066,0.00976540,0.30643061,0.88886416,0.00180525,0.88051879,0.03726337,0.01508321,0.28395393,0.00247883,0.96988195,0.07393722,0.67467141,0.37898508,0.01733211,0.03027909,0.74471611,0.52518278,0.81923538,0.00911870,0.00182512,0.01021979,0.99139166,0.05855931,0.01872013,0.52262545,0.00562140,0.33446074,0.69569027,0.99461836,0.19624293,0.22230282,0.87195832,0.02215866,0.45183042,0.00072385,0.72486418,0.23495169,0.95648772,0.02618629,0.57674509,0.10920662,0.29912490,0.00522367,0.59294069,0.16266997,0.17102495,0.00126853,0.00883873,0.62937641,0.03289162,0.41654691,0.03246182,0.38039273,0.01277493,0.00656348,0.00299468,0.56728101,0.38576356,0.09610645,0.54705507,0.02202758,0.00006058,0.32098532,0.07172728,0.77190149,0.16266043,0.42103830,0.44157007,0.80236626,0.40785399,0.05459118,0.91466403,0.58310676,0.00243533
0.07572475,0.43850550,0.00037740,0.10764756,0.64767593,0.79808950,0.65340430,0.01410223,0.04055344,0.00104690,0.00539350,0.05117721,0.00011718,0.63030815,0.00270084,0.70988190,0.01877692,0.09159008,0.00431907,0.23481043,0.04206331,0.88142455,0.80153060,0.09086227,0.83552098,0.13493201,0.06613214,0.02764960,0.62924182,0.09216416,0.38219833,0.03576307,0.00253719,0.19302648,0.29449168,0.04464199,0.00276275,0.84250301,0.26538947,0.02599957,0.50989115,0.04870820,0.66550177,0.99944717,0.00828577,0.40262866,0.31656361,0.78524464,0.01735712,0.81528062,0.01670604,0.00017694,0.44435430,0.00862808,0.36485130,0.21236394,0.94432950,0.36473083,0.01023145,0.02909087,0.21763006,0.77882546,0.95747298,0.01866395,0.00083540,0.37131226,0.04612486,0.14283390,0.00348526,0.72309309,0.00914661,0.64592510,0.97000289,0.98851907,0.00174118,0.10450619,0.10422397,0.00537057,0.74181533,0.00031780,0.79998797,0.23644808,0.12885877,0.02209923,0.97280437,0.04093274,0.25299814,0.03714456,0.87708807,0.11962488,0.37588617,0.00241622,0.00263743,0.50457770,0.02110549,0.60436398,0.02158163,0.93223315,0.07449102,0.89779890,0.00478394,0.51547307,0.38294744,0.12005065,0.56291270,0.01922504,0.02708597,0.09703766,0.01950714,0.34132287,0.12912370,0.12391785,0.58900416,0.72530532,0.11460079,0.32033223,0.53867531,0.00927090,0.00184045
0.03022811,0.08867123,0.00059096,0.06596468,0.23651338,0.19605839,0.35157570,0.04044417,0.37734509,0.00279864,0.01260523,0.07222779,0.00048421,0.27396214,0.00370705,0.97843879,0.22593957,0.08271207,0.00096200,0.26882392,0.01484424,0.02154340,0.98416340,0.06977446,0.62954807,0.10890239,0.42384127,0.02858130,0.13522398,0.01536364,0.07992141,0.48864585,0.01023298,0.04076199,0.22042577,0.02989789,0.00207985,0.92857045,0.50919712,0.02978552,0.32593507,0.11815710,0.29206559,0.99403507,0.00912878,0.54094583,0.15865442,0.81082481,0.02295254,0.82812661,0.03334090,0.00038487,0.40459159,0.00808193,0.86933988,0.41014162,0.97642517,0.01687404,0.11404161,0.02768052,0.05392075,0.85498512,0.98320967,0.01011557,0.00674847,0.04758171,0.76264244,0.28591102,0.00763424,0.68842566,0.00760232,0.59516954,0.96480298,0.92960864,0.04022905,0.02159416,0.25537774,0.00422978,0.56925189,0.04613129,0.80731165,0.24785860,0.48214108,0.00745852,0.97104955,0.03603898,0.02245732,0.03659097,0.72693646,0.45002732,0.59460157,0.01186995,0.01527813,0.36340392,0.08434761,0.60764176,0.07798741,0.82644421,0.01010774,0.02535348,0.00646151,0.27610767,0.52334428,0.01699956,0.72397411,0.05163897,0.00398751,0.15307155,0.08306535,0.05622989,0.11677045,0.20945880,0.59271467,0.93553257,0.00610073,0.20714183,0.25222400,0.00578469,0.00127139
0.01592234,0.35465416,0.00069442,0.33641502,0.14363140,0.06423347,0.25147271,0.04297261,0.67736107,0.00242436,0.02161352,0.23090175,0.00055805,0.04908109,0.00758970,0.58083826,0.11436427,0.06041369,0.00234414,0.53982329,0.11907836,0.19455203,0.50349087,0.31612983,0.41153163,0.33482417,0.02361845,0.00992420,0.36263064,0.12746805,0.07408686,0.36901224,0.01885812,0.12975283,0.23579490,0.06799921,0.00202221,0.26068369,0.20230582,0.02988584,0.44789520,0.36851802,0.02934501,0.38394868,0.01637664,0.19947636,0.09413900,0.64718741,0.04241712,0.75809580,0.03475809,0.00047186,0.28585008,0.01262675,0.35081887,0.57436186,0.34224871,0.24214348,0.04103572,0.02893921,0.08229901,0.38548037,0.70691252,0.07756452,0.01946582,0.29698142,0.49303514,0.02912602,0.04496405,0.30074772,0.15059140,0.48595846,0.68025815,0.45176452,0.06280105,0.29968259,0.10839436,0.00835663,0.38999462,0.48871303,0.83876395,0.06280479,0.55271083,0.15715000,0.71987450,0.10519084,0.19543712,0.02698800,0.37573376,0.07863109,0.33384529,0.03254427,0.00518213,0.13610202,0.07170906,0.22838442,0.31961188,0.29185978,0.01421006,0.11412777,0.01302397,0.57569855,0.42829254,0.05640282,0.57163870,0.02526227,0.00145638,0.04562965,0.03977858,0.10839740,0.07989302,0.44800064,0.74486607,0.21674839,0.03600409,0.03939541,0.21930915,0.04245389,0.00701871
0.00238112,0.62440455,0.00039247,0.69682336,0.01001099,0.08610203,0.15239064,0.01285806,0.48693296,0.00039813,0.19990148,0.39315930,0.00012130,0.00323013,0.07796835,0.90275329,0.00621192,0.84212154,0.00038489,0.76436871,0.01514038,0.09622813,0.85162014,0.44592986,0.18209702,0.45257285,0.02384481,0.00359436,0.22052249,0.00871073,0.40154028,0.34817877,0.00070935,0.24410394,0.02660663,0.06166410,0.00036585,0.14640343,0.09934390,0.02200871,0.93539703,0.41634223,0.00153779,0.81083757,0.07874642,0.01851231,0.31687787,0.68126172,0.04830986,0.16631046,0.17164844,0.00015242,0.62334496,0.00208410,0.04652410,0.69330066,0.36506045,0.90091836,0.00198890,0.64502680,0.00255864,0.04141253,0.93807060,0.02727162,0.07442075,0.77022809,0.95561624,0.01361919,0.14226772,0.26191229,0.01716777,0.67521322,0.90394145,0.93934208,0.44208860,0.13736308,0.45817670,0.00249550,0.90256220,0.67803484,0.95757562,0.02947135,0.86285466,0.07600303,0.94151139,0.04537473,0.99422252,0.08994410,0.31914920,0.55699009,0.00617707,0.02803432,0.00011913,0.00645013,0.02502774,0.04045014,0.39535508,0.35498539,0.00135611,0.77668810,0.02127002,0.76005095,0.32226843,0.00280403,0.91312462,0.03378515,0.00012203,0.04515814,0.03459314,0.91875875,0.03635389,0.92374414,0.80108136,0.26213083,0.01364583,0.57411182,0.21991286,0.00684688,0.00941711
0.00125858,0.50348318,0.00280580,0.02244794,0.01227955,0.14357674,0.08402611,0.00733490,0.87202507,0.00072610,0.01622640,0.26646808,0.00011410,0.00364208,0.02501429,0.81111741,0.13632110,0.00696726,0.00361057,0.86065584,0.06544723,0.96885055,0.51821744,0.46575820,0.28039941,0.13940552,0.01272790,0.00032115,0.43386933,0.01887758,0.07581696,0.69978011,0.02370525,0.06495301,0.12916724,0.03848805,0.00015641,0.58602333,0.03241605,0.13417965,0.20396347,0.46681809,0.05481986,0.78449434,0.30976269,0.82252431,0.21429640,0.70268977,0.47958696,0.23457451,0.10987368,0.00026687,0.02194165,0.04815371,0.03721466,0.06265324,0.71994042,0.90688664,0.00746238,0.08926687,0.00044507,0.00120032,0.98199493,0.03088091,0.15078960,0.01342741,0.10195386,0.07876346,0.28813469,0.36465779,0.00678110,0.58328742,0.99715543,0.98183459,0.00394776,0.26101750,0.00055459,0.00249749,0.99217302,0.80179983,0.99196780,0.05974257,0.98067242,0.10857219,0.98169148,0.04250097,0.28038958,0.22893216,0.77646506,0.37534097,0.01599245,0.05920935,0.00009557,0.01316466,0.07816866,0.10934735,0.07093109,0.51714754,0.00174696,0.00016141,0.00913449,0.72306347,0.30992514,0.03707479,0.82019520,0.10772333,0.17390682,0.01114236,0.07396170,0.21297778,0.37960160,0.94636726,0.86234879,0.41523957,0.00987433,0.79527366,0.36680251,0.60268694,0.00152326
0.00162983,0.55819476,0.01693724,0.88252211,0.02088239,0.11727186,0.81126320,0.00328395,0.95638138,0.01626841,0.00014271,0.38406879,0.00468691,0.00487550,0.07412100,0.85341543,0.17561096,0.58247316,0.00807111,0.77184242,0.43536407,0.03878523,0.73992842,0.56270558,0.70815849,0.07374449,0.05901193,0.00017028,0.49335223,0.00957284,0.02581052,0.81015241,0.10664877,0.05634529,0.10007221,0.02102368,0.00062020,0.36620089,0.04276821,0.68531740,0.80249041,0.57871431,0.27903941,0.56603670,0.40048310,0.78291899,0.67390805,0.36079195,0.01769185,0.08603849,0.06993234,0.00336693,0.00868584,0.06942587,0.02912018,0.94755030,0.19248399,0.87592363,0.01106898,0.33319825,0.00080592,0.00098626,0.53131223,0.05688387,0.09046282,0.83478481,0.24596502,0.41633812,0.64489955,0.84278989,0.03916522,0.67451888,0.11295238,0.95349693,0.17656273,0.01561846,0.00000102,0.00816662,0.00063218,0.74307877,0.80880708,0.11097018,0.14931615,0.86833990,0.99109155,0.11498364,0.12430771,0.55820137,0.49236616,0.18140149,0.11779997,0.02770693,0.00077398,0.10839652,0.29275656,0.29191774,0.42484221,0.48147550,0.00148930,0.90930748,0.00271732,0.78447288,0.38904563,0.10265905,0.50490171,0.40746906,0.01825998,0.01171859,0.09764592,0.11927215,0.13819554,0.65330702,0.95131034,0.45122516,0.00127434,0.05651237,0.45170572,0.00014582,0.80794984
0.00794229,0.63358265,0.00176289,0.00467311,0.06847920,0.27501789,0.46352246,0.00489510,0.76624095,0.09979630,0.28276458,0.35245222,0.00195907,0.00366359,0.02428402,0.43758324,0.29607627,0.53869295,0.08507688,0.94248557,0.22414401,0.07427274,0.47678390,0.18087101,0.31395146,0.15861715,0.14877634,0.00009616,0.18142270,0.00614737,0.00436174,0.19717737,0.20802118,0.13475555,0.22067751,0.31235513,0.01603340,0.10122832,0.11853078,0.00857378,0.16225085,0.73905677,0.02879588,0.51555669,0.28978199,0.06545923,0.24441572,0.38675234,0.00118490,0.47861189,0.23143700,0.00130616,0.05562494,0.01408500,0.84726220,0.95389158,0.03283777,0.72311318,0.00075567,0.02598081,0.00033145,0.00440741,0.16484606,0.03630555,0.10328148,0.02611028,0.97616583,0.29175669,0.55919415,0.65100306,0.00283222,0.43288401,0.00273592,0.79789919,0.63743675,0.14064868,0.79758197,0.05539221,0.00202736,0.51864171,0.13735482,0.06566110,0.97698021,0.95729762,0.68956786,0.17620614,0.08098516,0.45774055,0.34484407,0.25503862,0.10873671,0.05197886,0.00711706,0.24717827,0.42458466,0.23725927,0.59002888,0.23069350,0.01660870,0.00005250,0.00135678,0.71296877,0.48593783,0.03130812,0.45852563,0.02336353,0.00003854,0.03643692,0.27451098,0.23887938,0.04649684,0.89318931,0.47788352,0.48225281,0.00114598,0.25088766,0.58498627,0.29230705,0.03873311
0.04687859,0.71922821,0.06676728,0.89795685,0.02141828,0.42369068,0.60370308,0.00581281,0.35314173,0.02486166,0.09257888,0.11623499,0.00566531,0.01135129,0.00533147,0.37811384,0.01235237,0.00298400,0.00593753,0.67170858,0.40112641,0.90922511,0.59786218,0.46651483,0.33372638,0.12658341,0.00020212,0.00009387,0.23482431,0.08321615,0.26082769,0.02524450,0.06492372,0.12434776,0.03880097,0.09516726,0.32998753,0.31416419,0.06339074,0.00085031,0.34815663,0.34456488,0.00223563,0.78636152,0.08103658,0.00500463,0.38696298,0.57430661,0.20514706,0.52598643,0.19909555,0.00946543,0.23734556,0.44558871,0.04707275,0.01487552,0.23012486,0.20070393,0.01098484,0.31551927,0.00000304,0.15092066,0.26203027,0.10831499,0.23396987,0.58584172,0.00799172,0.06771510,0.34179750,0.44044328,0.01668752,0.63448137,0.11448613,0.86053973,0.00443211,0.24123572,0.56849527,0.37017012,0.88445765,0.64029908,0.08951525,0.21895942,0.08018494,0.01013100,0.00800661,0.36935186,0.16250871,0.27602479,0.17672564,0.25003663,0.23960190,0.05662510,0.04707716,0.21101119,0.39539081,0.14228195,0.58809483,0.45505962,0.08941470,0.90222555,0.01565430,0.59977859,0.27398846,0.04210971,0.38393375,0.06229577,0.04185316,0.18650848,0.21513416,0.56220502,0.01996810,0.13647763,0.62790579,0.36170807,0.01870170,0.15463398,0.69222373,0.19527145,0.03260129
0.00820761,0.49719369,0.00125680,0.00585416,0.03483272,0.46643662,0.28525987,0.00871297,0.78262424,0.00233288,0.03184652,0.38232154,0.00103466,0.00512222,0.00500773,0.60885251,0.05982577,0.66423136,0.01149227,0.51942086,0.42916587,0.07681047,0.54709774,0.26927105,0.45615488,0.24684067,0.02992761,0.00113728,0.08900277,0.08338659,0.73080218,0.01627374,0.05337548,0.42757738,0.18530151,0.13955383,0.01557976,0.42521384,0.10825688,0.02502639,0.10780642,0.53944641,0.03978489,0.56442022,0.01972552,0.07248057,0.22961804,0.61116791,0.79997438,0.65139157,0.06366682,0.00853740,0.29567987,0.06812132,0.02739679,0.07268069,0.59482712,0.37665927,0.07568315,0.24303076,0.00000185,0.16794781,0.72546363,0.03065768,0.07252420,0.02093551,0.07902826,0.06406312,0.07073195,0.38694900,0.05339187,0.41359457,0.92550373,0.58507848,0.34656867,0.44398487,0.18972108,0.03330889,0.84389412,0.51710278,0.74304837,0.43043402,0.52310526,0.01357316,0.44258752,0.15080707,0.20681067,0.14526141,0.29954070,0.01022442,0.28406247,0.03343311,0.06581661,0.18282384,0.12047766,0.22825792,0.24406447,0.20337367,0.13256308,0.00043858,0.01999655,0.52414852,0.39694679,0.10099602,0.28796738,0.03620641,0.02929867,0.14670303,0.05696428,0.37943357,0.22813523,0.36366102,0.71071935,0.36460680,0.06483725,0.33614498,0.60831290,0.00036798,0.02754185
0.00966763,0.49318573,0.00016558,0.69972801,0.07006288,0.17970145,0.13856812,0.01265997,0.79428196,0.00021704,0.01088445,0.16976941,0.00054666,0.04539323,0.00972817,0.85484684,0.00894618,0.02868693,0.00054310,0.42098683,0.42397407,0.17629510,0.30556908,0.38613382,0.31714010,0.48476458,0.18048619,0.00125268,0.12219641,0.25095558,0.10426135,0.38656193,0.00720611,0.37873727,0.15188558,0.09319767,0.00090111,0.26354071,0.12931961,0.03807623,0.81062895,0.60012949,0.03700667,0.34643227,0.00402232,0.19246550,0.29484645,0.75516397,0.06227713,0.68754512,0.13990869,0.00056017,0.27324030,0.01057138,0.22730689,0.73291445,0.55260164,0.26946300,0.02205773,0.05566374,0.00000619,0.24245171,0.85140353,0.00931842,0.01271375,0.41503111,0.50126249,0.01125063,0.00975051,0.26395980,0.13393147,0.45050389,0.91265941,0.65029228,0.03886271,0.28681490,0.00929937,0.01928394,0.75214547,0.47260383,0.95172489,0.14841498,0.44266194,0.25494537,0.86578333,0.08543564,0.25709969,0.05256246,0.23311646,0.00133121,0.32420787,0.05455387,0.00638371,0.32547647,0.14800943,0.17203575,0.32871318,0.63541061,0.01528740,0.52235550,0.02353884,0.48845014,0.42737946,0.05797030,0.66158509,0.02063866,0.00028530,0.05340844,0.02555123,0.10175040,0.16645648,0.40966746,0.51830298,0.37231308,0.06062366,0.12114756,0.45027268,0.03968171,0.00066163
0.04823438,0.48662290,0.00151685,0.00927567,0.43207979,0.22326316,0.48752105,0.02331962,0.49121121,0.00256628,0.00133269,0.32629630,0.01137472,0.09785715,0.04237337,0.66879684,0.65242779,0.00552902,0.02290524,0.63231319,0.75487000,0.42801160,0.25701571,0.33418965,0.53060323,0.25349268,0.00674078,0.01439292,0.36373574,0.24291910,0.01228218,0.63150930,0.09290954,0.19958103,0.66959137,0.12849875,0.00031501,0.35674042,0.12384186,0.30247521,0.00951257,0.68794143,0.78713948,0.24352387,0.00469893,0.84737223,0.10053474,0.80419862,0.00758704,0.53567857,0.37472817,0.00159270,0.00985662,0.03852746,0.12203728,0.03353401,0.36352777,0.49639070,0.37865362,0.00082914,0.00021846,0.13541891,0.42313889,0.00273376,0.02219271,0.00230831,0.00266526,0.10345503,0.00156584,0.18920870,0.35537726,0.42992705,0.18953271,0.62406039,0.00756112,0.13687348,0.00098117,0.01613037,0.10380980,0.52892971,0.69228560,0.20847237,0.67447960,0.89368325,0.87828618,0.05544367,0.09776891,0.00871388,0.57938695,0.00541322,0.60353065,0.07774507,0.03324486,0.25963858,0.04306545,0.26142624,0.16401754,0.56848228,0.26855052,0.00023112,0.07039601,0.54943758,0.42107642,0.20812562,0.75524652,0.09887642,0.02943167,0.05771210,0.03642597,0.09714026,0.13518234,0.27209979,0.37658241,0.39432892,0.21297072,0.74329090,0.52287221,0.60938501,0.01104707
0.45318747,0.37702307,0.00493347,0.89948082,0.70243049,0.26815686,0.53236866,0.04514404,0.02972718,0.11928761,0.08420331,0.31138635,0.10479208,0.55882049,0.03083898,0.12148844,0.79503870,0.40075460,0.01208157,0.89005804,0.53666180,0.00747881,0.14546034,0.53215313,0.44429630,0.49562871,0.10522865,0.19180447,0.53332317,0.41035458,0.00106883,0.13082276,0.07628062,0.08455500,0.07475251,0.07806089,0.01603429,0.14318691,0.06229958,0.05901895,0.87301731,0.70703918,0.01396752,0.39605319,0.00346045,0.08731873,0.33929664,0.46408221,0.00035816,0.66145915,0.75026602,0.01821863,0.02735008,0.00738715,0.41880757,0.51859307,0.01378891,0.07693151,0.13362117,0.59788793,0.00575530,0.10975336,0.04144876,0.00108720,0.05501795,0.81521004,0.49898648,0.11519251,0.00045772,0.10062481,0.46173400,0.30029312,0.01627675,0.55198884,0.66890860,0.11264635,0.16639365,0.01214989,0.00565886,0.58285785,0.03490817,0.10004637,0.00840268,0.40055010,0.14625159,0.17186630,0.25049499,0.00006264,0.33594003,0.02664659,0.52321905,0.02061866,0.03255448,0.49205250,0.00665928,0.18034394,0.59689957,0.60118300,0.36666521,0.86782891,0.07420523,0.36971471,0.52886254,0.14190334,0.77229953,0.06716835,0.00157265,0.45389038,0.03911836,0.16819943,0.00007485,0.17499322,0.37681657,0.27328438,0.48706147,0.21374105,0.52956855,0.00796663,0.05278901
0.51968628,0.40416285,0.01304472,0.00370819,0.63504797,0.46558353,0.44627315,0.21135966,0.02109754,0.04456943,0.71965283,0.00043951,0.00241454,0.58110666,0.00532786,0.22229651,0.00805214,0.07750944,0.01102474,0.39861405,0.16043970,0.95382494,0.21242858,0.26530230,0.37798610,0.52115262,0.14922678,0.66176963,0.23891295,0.35356918,0.02435979,0.00310073,0.00922535,0.67751062,0.57679999,0.15496470,0.05022553,0.37222028,0.16160479,0.00014619,0.10855890,0.95509362,0.00013614,0.22041853,0.01617931,0.00188635,0.30137971,0.33518639,0.06258871,0.44193456,0.98730934,0.00444851,0.61646318,0.00080482,0.76506269,0.67866147,0.26575303,0.49434462,0.40619329,0.00927616,0.01302527,0.05641404,0.66522443,0.00204636,0.22521961,0.00207042,0.97879267,0.05549875,0.00005213,0.04655406,0.59924185,0.22144113,0.02452510,0.42980361,0.07567517,0.33542719,0.79361445,0.03420871,0.72427678,0.76355660,0.26084062,0.12532410,0.97988391,0.00185419,0.05133478,0.07294995,0.66662478,0.00000425,0.28801358,0.03122809,0.32857141,0.00744131,0.03539295,0.39139560,0.00319998,0.13064025,0.49977565,0.93787622,0.16384733,0.00023247,0.02613880,0.31170592,0.41969156,0.11451079,0.74497300,0.06248553,0.00000137,0.52007574,0.01540961,0.63407433,0.06767727,0.57717812,0.24323191,0.48564371,0.48068640,0.26711127,0.55120987,0.50806653,0.08392557
0.06153037,0.39832264,0.01547469,0.98173791,0.56404006,0.90179849,0.21167222,0.75287563,0.43621299,0.00002191,0.14457920,0.00254884,0.00004493,0.47538763,0.00006445,0.70487803,0.00011179,0.00350892,0.00129066,0.63958365,0.34777537,0.61900115,0.13983686,0.57182157,0.28411096,0.39108679,0.00077782,0.31958625,0.55625594,0.22670843,0.87393129,0.02670292,0.00079569,0.51942956,0.01620715,0.07923220,0.03566372,0.12041478,0.06800649,0.00029348,0.78132075,0.87530851,0.04466547,0.24083145,0.00956188,0.11345296,0.36683896,0.78136265,0.88629758,0.63315386,0.99971455,0.00170954,0.94969302,0.10566162,0.00355222,0.01101983,0.97495836,0.17305562,0.05807187,0.19078086,0.01704171,0.17153238,0.89797688,0.00053126,0.05696444,0.94457829,0.00239662,0.06594370,0.00003417,0.01973630,0.52608550,0.09457768,0.96768320,0.50099629,0.00133505,0.26196489,0.43231153,0.00440627,0.97714585,0.93598950,0.95656931,0.20269889,0.04173776,0.01229068,0.15496221,0.31631863,0.77737594,0.00012072,0.25056991,0.01690165,0.40475935,0.00012851,0.00319663,0.67379588,0.00206480,0.09037005,0.70296609,0.92894459,0.06120029,0.89043158,0.00210523,0.50399417,0.33316571,0.34107447,0.86515975,0.05171581,0.10199638,0.08259606,0.00146953,0.89818239,0.37666312,0.02853719,0.33697113,0.70618665,0.16998947,0.04021287,0.85916668,0.00384143,0.05035964
0.00685144,0.53624129,0.00000271,0.00119097,0.64892739,0.99596149,0.11363129,0.25879210,0.99782908,0.00018721,0.01206156,0.05542631,0.00000026,0.26187703,0.00029017,0.38846397,0.94740373,0.93234938,0.00087417,0.91222185,0.15156956,0.00991806,0.06803247,0.51186162,0.29734036,0.41041738,0.60733253,0.12483110,0.11377597,0.17441384,0.53211409,0.82293743,0.00023337,0.08223768,0.28529128,0.05844550,0.00001973,0.34049445,0.17284191,0.00240181,0.09185035,0.98431003,0.76557988,0.01361948,0.00142787,0.98400199,0.07149665,0.40911198,0.09173092,0.85807818,0.99999565,0.00000183,0.14465064,0.00045072,0.36264381,0.08001710,0.86297899,0.30400586,0.02371657,0.60840297,0.02037102,0.38603437,0.97780001,0.00034461,0.06130630,0.00014424,0.05532052,0.06843915,0.00013611,0.05239038,0.35609609,0.03099873,0.92539907,0.63885343,0.89222282,0.25965479,0.03386350,0.00006479,0.68118477,0.94573790,0.99710292,0.03277979,0.99754161,0.88454717,0.99198377,0.04297901,0.64261270,0.00114085,0.66643143,0.00142227,0.23213659,0.00038782,0.00053880,0.62606025,0.01683013,0.12483386,0.33381337,0.93704593,0.03595295,0.00003403,0.00052423,0.73922652,0.34240660,0.11781803,0.94872445,0.01345176,0.03120701,0.03509251,0.00587443,0.28345150,0.12661126,0.53141314,0.08611444,0.85990375,0.07176314,0.01593302,0.83645922,0.05720747,0.09553783
0.01758120,0.72755241,0.00001929,0.98864782,0.29407924,0.99200785,0.16295239,0.35315835,0.97453380,0.01912059,0.00020972,0.00842575,0.00000226,0.41536108,0.00057565,0.93841356,0.94894427,0.00010745,0.00002875,0.80657870,0.09751166,0.96113157,0.09118434,0.25461268,0.32995370,0.20703037,0.24975370,0.01974312,0.07447854,0.17889158,0.00108506,0.86396205,0.00019770,0.01542128,0.64164114,0.00133156,0.00002021,0.16451052,0.09156320,0.02393555,0.99068898,0.88617986,0.00286430,0.03351951,0.00048888,0.24819367,0.37408817,0.76490986,0.00010760,0.90057439,1.00000000,0.00001160,0.12601042,0.00084076,0.94240904,0.88331622,0.10866191,0.12375151,0.05420372,0.00083764,0.02547177,0.53310758,0.97391486,0.00001694,0.00896592,0.88495147,0.99675447,0.03093374,0.00020539,0.09149311,0.13859808,0.01456456,0.83542019,0.96011037,0.01413075,0.08438732,0.00012217,0.00045784,0.14407206,0.96973228,0.87696284,0.00285374,0.99952787,0.78002900,0.95625782,0.03838042,0.39736366,0.00450791,0.64485455,0.00045204,0.33050781,0.00057507,0.00005776,0.79396224,0.01947938,0.01757591,0.55026740,0.99827170,0.00200016,0.90756714,0.00104557,0.78552878,0.34570643,0.01137258,0.97295761,0.09362242,0.00001893,0.05648552,0.00333446,0.00751817,0.00015678,0.56327099,0.17691332,0.66444606,0.09091244,0.00749758,0.97215199,0.90188622,0.00190205
0.00288088,0.03150825,0.00005990,0.47748870,0.01370166,0.07627925,0.13241543,0.02264855,0.81760973,0.00111117,0.23600034,0.11314637,0.00008387,0.00869856,0.02648713,0.72971731,0.00494670,0.70798236,0.00056803,0.46087378,0.00084815,0.21431543,0.70536363,0.02331113,0.26893735,0.45069867,0.01335607,0.00735144,0.01878167,0.57811129,0.36146533,0.43185556,0.00855432,0.00808552,0.02726278,0.53211606,0.00086444,0.04175972,0.05198287,0.02298712,0.67893797,0.73234564,0.00082630,0.11952487,0.17452672,0.00245678,0.24135186,0.62673539,0.07875590,0.94588327,0.06676133,0.00020145,0.51689887,0.00124276,0.29153278,0.44143352,0.64248389,0.01735721,0.00272335,0.95590258,0.09756479,0.98517025,0.86076730,0.22660588,0.00071315,0.56832236,0.98895013,0.00395479,0.04210170,0.31329697,0.90216362,0.67814910,0.96472716,0.52717990,0.60004628,0.27712867,0.68055344,0.00429948,0.24139364,0.01376106,0.93032801,0.67496955,0.70164728,0.01707052,0.89572531,0.04700181,0.40061435,0.07641745,0.05770032,0.02153523,0.99821788,0.02135901,0.00065830,0.48888749,0.03163832,0.02380974,0.96536249,0.39499369,0.00123968,0.91429925,0.08356332,0.28772634,0.02296990,0.00313311,0.30085421,0.00272695,0.00001395,0.40103585,0.02249763,0.04528783,0.25134045,0.41752765,0.45714149,0.95234883,0.00508719,0.00542950,0.13233484,0.00250367,0.00153632
0.00109236,0.17542291,0.00053092,0.05372646,0.16386965,0.16106032,0.18401761,0.02133097,0.91321111,0.00128496,0.02152544,0.17986983,0.00001315,0.00238396,0.02678678,0.94169307,0.07071503,0.00246213,0.00108916,0.66700453,0.00005768,0.93830949,0.87730533,0.17370065,0.06733445,0.46695626,0.00202245,0.00275975,0.04169006,0.26930866,0.51818860,0.90097946,0.04870467,0.08258323,0.03956150,0.64104950,0.00030162,0.03599834,0.23530112,0.06625400,0.00847818,0.97360098,0.15163057,0.10654805,0.55616552,0.18919088,0.02764085,0.65357149,0.28293300,0.96786463,0.11182614,0.00054910,0.03533147,0.09810179,0.05125052,0.14292990,0.89467198,0.01606833,0.01921707,0.19069293,0.02157773,0.97950506,0.99268967,0.08586235,0.00049997,0.01797806,0.56137943,0.00629170,0.07232926,0.76681876,0.87737405,0.71429127,0.92751139,0.61630374,0.00341421,0.00097440,0.32570478,0.00808129,0.57123792,0.00477002,0.99820137,0.57852048,0.85751706,0.26562971,0.98575276,0.01448015,0.29891038,0.05670880,0.15799014,0.04247987,0.95561504,0.02213118,0.00086305,0.35133678,0.22245133,0.00002493,0.98830384,0.39659500,0.00189424,0.01634791,0.07151716,0.76377547,0.00983410,0.00123021,0.08485514,0.00248752,0.00406447,0.06811159,0.07531820,0.05254974,0.83150828,0.78365505,0.80595428,0.94097805,0.00067158,0.01225203,0.27785778,0.58643794,0.00177095
0.00023040,0.27550754,0.00118778,0.66908312,0.06776707,0.13350993,0.52759176,0.00857773,0.75529677,0.02724373,0.00029366,0.54186010,0.00014918,0.00434032,0.02414082,0.79421145,0.87117851,0.14089410,0.00217126,0.46760949,0.00154513,0.00151664,0.78646868,0.07347633,0.00019761,0.16926858,0.02321357,0.00058269,0.02893586,0.22088681,0.14170976,0.93647671,0.17641941,0.01199347,0.09342480,0.23912199,0.00103096,0.04737538,0.36004356,0.25345227,0.89960635,0.90322638,0.38509285,0.31874332,0.12209079,0.79710424,0.06535038,0.09294504,0.15712416,0.92703867,0.02501144,0.00132098,0.15172139,0.20205627,0.39915684,0.40847594,0.56732666,0.00152708,0.00623287,0.51022041,0.03250588,0.93168867,0.74248552,0.13477600,0.00317024,0.83955860,0.00636311,0.01117520,0.10115463,0.78051209,0.92724824,0.66778535,0.63519734,0.48731053,0.08099413,0.00193934,0.00063490,0.00477176,0.49360877,0.03952560,0.92683268,0.22676000,0.36914891,0.24083516,0.69647402,0.01450678,0.03342870,0.69245541,0.32246959,0.06082263,0.92384648,0.03050110,0.00562454,0.31323621,0.39293501,0.00012234,0.97104645,0.41608888,0.00359512,0.91187590,0.21508309,0.58826244,0.01206114,0.01439142,0.22440079,0.01115448,0.00976496,0.25145954,0.37855557,0.00241957,0.03665687,0.55265164,0.91271138,0.73414403,0.00156132,0.00948067,0.59503818,0.00101156,0.01458518
0.95232928,0.32694307,0.00247056,0.05154775,0.06452480,0.17490168,0.81323647,0.02170813,0.12888812,0.19272697,0.06602337,0.84767050,0.00050896,0.03444138,0.08767153,0.77996087,0.15021345,0.54413730,0.00319467,0.07284138,0.00020393,0.46970913,0.83842367,0.18487044,0.00018450,0.19196874,0.28910869,0.00071988,0.05997394,0.28494200,0.01819548,0.30137017,0.11756499,0.00396643,0.44637251,0.44227389,0.00579863,0.11995745,0.09981389,0.02122159,0.01114364,0.68329453,0.00190137,0.42014161,0.15407039,0.27627856,0.23354740,0.10436881,0.00996983,0.80949473,0.12690338,0.00896343,0.04369018,0.00148669,0.91885096,0.96221519,0.06722926,0.01191816,0.00287099,0.11565547,0.26937678,0.68624139,0.00456911,0.17670152,0.00307058,0.04218253,0.99411470,0.02432648,0.15558620,0.58290231,0.69270533,0.66978586,0.00730945,0.55356312,0.98884505,0.12355416,0.02043345,0.13226454,0.01756919,0.19359863,0.04961506,0.42619213,0.94136894,0.41050276,0.48833525,0.00180091,0.16219120,0.29655588,0.27151734,0.13848935,0.74619097,0.28872252,0.03871460,0.09695920,0.44878092,0.00476144,0.94617409,0.36498618,0.00128408,0.02095588,0.27375025,0.89838958,0.12278827,0.00014282,0.37216431,0.09762102,0.00036550,0.23546547,0.33963886,0.00206842,0.05497456,0.64243293,0.39850593,0.21953042,0.00784758,0.00488858,0.28171980,0.30978522,0.01263320
0.61012667,0.50697964,0.02117022,0.62249565,0.05645324,0.15617074,0.65468156,0.02534724,0.01885707,0.01628215,0.18713167,0.50679356,0.02332275,0.01908422,0.03703559,0.36977145,0.00063451,0.00811159,0.01230706,0.21405809,0.00233402,0.99327457,0.50321156,0.28788000,0.00077028,0.28168231,0.01528780,0.00308264,0.22365931,0.14040011,0.04802952,0.01614534,0.03661840,0.22052433,0.07114803,0.29546529,0.20219170,0.15646073,0.01980914,0.04439683,0.74631035,0.64812601,0.00522286,0.61337411,0.05285336,0.00369096,0.06255316,0.06422801,0.05002497,0.86913091,0.14736329,0.03740216,0.00578872,0.07819340,0.02094592,0.42172709,0.04587965,0.08781423,0.00001490,0.17829247,0.29044476,0.80389005,0.02837964,0.11691590,0.00180439,0.45109951,0.47017998,0.01760770,0.49919987,0.89137709,0.71606004,0.51971799,0.02849645,0.21454246,0.00021410,0.34559017,0.19366202,0.20615096,0.11370897,0.18537165,0.03398740,0.41107091,0.07538347,0.04691865,0.36372522,0.00156964,0.40333498,0.04284321,0.43240622,0.24646340,0.64278877,0.22771339,0.04451842,0.12842560,0.23810017,0.10478502,0.66729128,0.30821210,0.00949446,0.74040169,0.20142375,0.81700641,0.16696385,0.00065019,0.58869344,0.20130217,0.03587367,0.36251712,0.63045800,0.01292321,0.23535675,0.08683675,0.61723846,0.20746560,0.00451128,0.01454014,0.21669273,0.29295370,0.02723794
0.05033635,0.39160818,0.00036940,0.01073867,0.11670246,0.11065908,0.57123446,0.01384022,0.73912710,0.00228092,0.27115867,0.17919642,0.00751336,0.00893414,0.00184465,0.25929150,0.04003531,0.83549035,0.01813331,0.53381252,0.00553937,0.00007192,0.48161733,0.29922527,0.00311173,0.49184126,0.02274562,0.00712355,0.22094072,0.09515117,0.38360417,0.02589929,0.02517438,0.18304750,0.00343610,0.36199605,0.01969371,0.23766953,0.07414114,0.00460629,0.01741439,0.69544613,0.09017490,0.53839499,0.00436447,0.01493478,0.10581781,0.05982549,0.45906225,0.88342601,0.08354568,0.00534340,0.00291967,0.12803365,0.34159595,0.03667646,0.53573400,0.12706336,0.00000952,0.52910876,0.09470068,0.70397896,0.78837925,0.29167807,0.00494652,0.04831433,0.00163556,0.02623641,0.33543625,0.64879727,0.55052638,0.45335490,0.60537469,0.28386280,0.33463430,0.57367510,0.50542015,0.05825823,0.44849914,0.37572747,0.82516742,0.06058075,0.57613260,0.01103338,0.78531039,0.00025369,0.25228277,0.01763528,0.35990685,0.38876742,0.52610415,0.09239808,0.07945655,0.08483829,0.20859167,0.20175181,0.63521814,0.12333703,0.06221812,0.02488089,0.01707047,0.53874373,0.26208314,0.00368268,0.64071798,0.09796840,0.03889098,0.37972143,0.21350238,0.18059932,0.66958076,0.39827979,0.61653668,0.22982833,0.01501301,0.02572358,0.20353694,0.00031592,0.01095143
0.02384049,0.41473389,0.00011879,0.13012673,0.19147815,0.02473826,0.41178352,0.05347639,0.85596871,0.00158491,0.04093729,0.09201147,0.00041001,0.02285629,0.00358905,0.82834929,0.28941435,0.03881707,0.00296131,0.56721026,0.01114027,0.37971994,0.42126784,0.25422302,0.00957157,0.56439757,0.03364940,0.02323297,0.15210944,0.12971315,0.07635932,0.40509307,0.00987037,0.04595644,0.20546719,0.11394297,0.00070264,0.17434774,0.03897546,0.00859566,0.60090035,0.59596789,0.03215311,0.35307634,0.00035161,0.12876204,0.24096568,0.33714518,0.18301885,0.81180090,0.01708444,0.00011860,0.06136103,0.00372548,0.20949842,0.47398272,0.63651752,0.13407834,0.00005593,0.00097171,0.08354869,0.61184961,0.95507717,0.05827501,0.00519447,0.23286331,0.62178713,0.04218733,0.02544643,0.47240686,0.52297574,0.29976049,0.81100392,0.39676362,0.10305554,0.44337511,0.09686032,0.06338794,0.31085107,0.17637709,0.95810515,0.01412208,0.50550801,0.02764900,0.72058570,0.00121513,0.19758426,0.02446737,0.19271886,0.09423883,0.44657943,0.06640708,0.00476470,0.07712126,0.14488126,0.16588436,0.64371073,0.22165644,0.03971357,0.24885227,0.00694100,0.58264381,0.28779328,0.00061851,0.72750998,0.01915096,0.00515668,0.35073334,0.16309661,0.04018056,0.08513401,0.71971327,0.67716718,0.23509793,0.04282249,0.02444703,0.26666215,0.03205471,0.00305728
0.35708284,0.45935139,0.00970098,0.04602780,0.14831904,0.01224540,0.74583012,0.03228606,0.42277208,0.01410868,0.00040563,0.09637316,0.00205284,0.03686402,0.03066221,0.72621733,0.32704434,0.00249907,0.02151961,0.33382449,0.12432585,0.37297019,0.46330094,0.53764129,0.02139790,0.29858774,0.25058883,0.05440323,0.31530860,0.19016328,0.05998966,0.61105669,0.07009476,0.01805127,0.44141254,0.05716550,0.00011052,0.41979548,0.09401599,0.06029448,0.01612121,0.55775923,0.40540695,0.43236572,0.00046127,0.85915297,0.12023924,0.79071301,0.15584776,0.72413355,0.00572928,0.00068817,0.05159283,0.08538876,0.06854087,0.51823533,0.63101137,0.09764410,0.00140500,0.01310762,0.35725471,0.57990950,0.48124263,0.09383516,0.00582713,0.02433438,0.04934647,0.46628681,0.04716611,0.61775506,0.76304299,0.58787262,0.25422582,0.37542051,0.00003803,0.33672491,0.00086802,0.11522568,0.22311960,0.61411852,0.69261342,0.06745430,0.08766363,0.75149214,0.28650635,0.00001230,0.14337568,0.04651658,0.56739962,0.23821199,0.33832347,0.19486645,0.01642863,0.19621141,0.36851683,0.35222331,0.29501480,0.14165658,0.32553595,0.01312076,0.00056268,0.62649578,0.37677714,0.07495323,0.57371300,0.34534013,0.01304583,0.14717060,0.36001182,0.03871670,0.06637559,0.62373841,0.77035069,0.34885296,0.17253728,0.10787169,0.42187852,0.52166635,0.01462866
0.30226591,0.31673253,0.21496551,0.19881275,0.26502064,0.00255628,0.85910988,0.02629869,0.00937541,0.11404927,0.00749096,0.02082191,0.01160077,0.33550078,0.06583779,0.72006708,0.08503265,0.30726165,0.01623107,0.16720423,0.05524486,0.00045147,0.46093726,0.28138667,0.01225392,0.51946259,0.51022780,0.13967797,0.30494142,0.19737355,0.00601250,0.15490454,0.00638027,0.11678157,0.78066784,0.09350958,0.00215832,0.37064603,0.01743462,0.11391214,0.83205432,0.47523811,0.10007677,0.64972711,0.00033319,0.15065235,0.17470758,0.37273434,0.00022189,0.58384889,0.00164359,0.01619411,0.48669496,0.03102963,0.55103928,0.76576734,0.00802793,0.13426659,0.00386043,0.17094429,0.65654600,0.47348815,0.00154519,0.05183635,0.00667158,0.22008127,0.05227744,0.22822767,0.06365705,0.57687044,0.92577720,0.59091628,0.06569641,0.43019009,0.67016965,0.23125254,0.00600624,0.01204019,0.10447574,0.16556652,0.00433035,0.19441690,0.13238980,0.71519172,0.20525996,0.00035688,0.48664036,0.09862489,0.23944274,0.01961393,0.36080638,0.01093332,0.03787562,0.14907171,0.32345340,0.49174845,0.28507158,0.05778539,0.07157367,0.38627991,0.00520688,0.40930793,0.35477769,0.38274643,0.72175407,0.25532371,0.00034583,0.35446519,0.58730006,0.01804862,0.06022232,0.49879637,0.76755899,0.12980868,0.46115464,0.06639384,0.27451125,0.00239935,0.20546019
0.31112120,0.54183018,0.10339273,0.13155690,0.50904876,0.00039649,0.40061018,0.12531810,0.05303942,0.00681334,0.20681107,0.00337402,0.00174238,0.15048710,0.21319939,0.98370767,0.01507155,0.02433953,0.00028526,0.23058538,0.03065738,0.98373163,0.58995461,0.10244708,0.01247385,0.54405385,0.04322605,0.34250864,0.13916221,0.29780564,0.01118347,0.03366449,0.00965273,0.61238891,0.33343971,0.39876726,0.01868673,0.29649627,0.01667383,0.00558712,0.00214313,0.65777117,0.00340094,0.33386388,0.00120701,0.00480781,0.10122220,0.24149975,0.01050207,0.61424208,0.00656576,0.01116979,0.95636344,0.00007659,0.79732043,0.62530833,0.07831653,0.30893186,0.01444063,0.00013336,0.44954881,0.67282891,0.02389756,0.19811067,0.01566731,0.14916450,0.97515154,0.10137689,0.04952497,0.44087157,0.95631206,0.80723482,0.23965661,0.45150173,0.05562082,0.11616565,0.45673841,0.00300087,0.81037807,0.09467490,0.02999998,0.21027127,0.06428038,0.01967287,0.78504294,0.00006197,0.47676283,0.00300730,0.05581260,0.00672799,0.23725761,0.00974057,0.00465385,0.20956714,0.02957086,0.20169649,0.32411563,0.04010639,0.07884138,0.04561551,0.01136206,0.30771375,0.67078549,0.10972541,0.89546537,0.09364113,0.00084191,0.37581065,0.74901599,0.20261952,0.00660579,0.22721130,0.61240423,0.05213371,0.29667306,0.57697922,0.30717030,0.32440865,0.13228308
0.14760076,0.41705683,0.00055821,0.60827386,0.43898067,0.00032609,0.69390625,0.52399749,0.29297948,0.00036713,0.09647612,0.00258145,0.00145668,0.06007862,0.03053320,0.98665798,0.08113286,0.00152760,0.00022435,0.93763363,0.04269206,0.13360803,0.70933574,0.30757803,0.04523038,0.56391466,0.00368325,0.13333130,0.34875593,0.18539786,0.19132318,0.04466967,0.01081316,0.69580460,0.00041480,0.52389920,0.05617007,0.32652947,0.09716266,0.00155517,0.17859672,0.57343769,0.00152773,0.50652093,0.00132665,0.03591061,0.19388290,0.03282661,0.85385704,0.80951023,0.00174132,0.00126372,0.73998553,0.14452288,0.00306306,0.05377561,0.92758530,0.51782328,0.01015850,0.04953792,0.05933154,0.86288488,0.97775334,0.77562714,0.00012953,0.26730058,0.35880226,0.08558206,0.00443568,0.12090444,0.97525138,0.52356040,0.91841179,0.75095046,0.00008693,0.58076435,0.59881306,0.00328447,0.97256976,0.07859398,0.64959192,0.00238055,0.23050798,0.01042116,0.86376983,0.00047211,0.63094145,0.00527277,0.01630962,0.01171696,0.32846618,0.00100166,0.00064681,0.18488261,0.53905421,0.25085655,0.41177952,0.00913928,0.06666599,0.66385496,0.07629577,0.35225096,0.37277031,0.57815337,0.94629365,0.05840996,0.03231367,0.24757507,0.12033370,0.48740283,0.17865297,0.40500617,0.55963618,0.00481607,0.07824528,0.24714361,0.20464082,0.01907397,0.05385213
0.03220577,0.23497951,0.00007392,0.05325232,0.82047987,0.00057534,0.09499759,0.20450372,0.95307350,0.00100573,0.00298269,0.02352762,0.00011378,0.07263944,0.00341752,0.94874531,0.30018362,0.47333044,0.00077889,0.91300482,0.03214626,0.00005439,0.84019727,0.07452969,0.23205280,0.43173540,0.06088993,0.01998159,0.15934110,0.35399163,0.87549376,0.41012505,0.00104105,0.15512800,0.57366210,0.02195750,0.00049978,0.17997232,0.03937202,0.00548898,0.70603055,0.42453799,0.11102964,0.22143678,0.00257079,0.52103758,0.24995920,0.12008440,0.33396903,0.87976283,0.00231301,0.00012876,0.72184253,0.04367739,0.06995744,0.85322261,0.90510857,0.22770609,0.00986371,0.08491631,0.02281022,0.55897701,0.95111096,0.02643990,0.00043987,0.15865712,0.01658751,0.01057448,0.00511716,0.36672589,0.98382962,0.25257984,0.97709972,0.55542660,0.67705125,0.30411413,0.74182069,0.00101747,0.88437855,0.13625017,0.99455082,0.01267092,0.49143687,0.61012506,0.97200084,0.00056871,0.19520937,0.01538516,0.01023105,0.03274902,0.22102638,0.00934219,0.00026202,0.20046246,0.08079128,0.33704439,0.09426640,0.00035390,0.08158951,0.02702664,0.00859392,0.67396247,0.09411724,0.90709972,0.95967752,0.00371605,0.00049037,0.17212835,0.04181687,0.52317959,0.28277087,0.79622322,0.75511718,0.39391443,0.07413623,0.23477995,0.21130651,0.00011458,0.08363710
0.03137483,0.10123205,0.00090812,0.34282476,0.87142187,0.00158026,0.11775781,0.20696209,0.75061423,0.00140200,0.00496510,0.06782927,0.00016437,0.02498301,0.00537895,0.99658418,0.04403980,0.06520347,0.00070447,0.38261583,0.03450178,0.75691110,0.94306701,0.04350837,0.61518615,0.73773026,0.01819566,0.01057740,0.41343257,0.43717748,0.02517119,0.86017889,0.00576334,0.06194277,0.14691679,0.12620674,0.00073857,0.16700438,0.05859045,0.04656730,0.05916984,0.69946522,0.01495098,0.60299087,0.00289067,0.37838286,0.12491013,0.48706451,0.01064817,0.67912930,0.00691227,0.00027403,0.28289708,0.00214316,0.83054930,0.94376612,0.86515152,0.12339795,0.01068699,0.00704820,0.02848449,0.46207976,0.71499544,0.22620295,0.00455775,0.43588084,0.94807404,0.10468456,0.02200242,0.22500689,0.90293097,0.21656944,0.75018722,0.33256015,0.03869610,0.22398613,0.06299404,0.00704743,0.79427689,0.11012284,0.92449713,0.16479649,0.06897242,0.42072332,0.92804414,0.00973068,0.06628676,0.04402670,0.08613883,0.05790573,0.05054153,0.00903679,0.00072058,0.05499671,0.25768816,0.34863278,0.14477237,0.00622738,0.00044207,0.77208817,0.00849933,0.66668916,0.19085883,0.19469734,0.98596263,0.00732319,0.00008499,0.05071336,0.01836144,0.17563260,0.07482474,0.21843442,0.94665194,0.43257573,0.00510050,0.14182313,0.07590509,0.56012368,0.15954825
0.00271051,0.32938039,0.00003929,0.64548910,0.08609777,0.33810264,0.14463165,0.00490400,0.94460875,0.00046177,0.12459998,0.41747683,0.00004386,0.00718755,0.00514083,0.52548754,0.18735904,0.53706169,0.00048323,0.79898363,0.03019251,0.11154667,0.41159460,0.01993827,0.23505592,0.48004410,0.00945074,0.00350453,0.97849846,0.00231001,0.46976683,0.11405630,0.00053443,0.86725026,0.02500511,0.16509341,0.00052282,0.44947147,0.40597549,0.04388835,0.95781916,0.26636809,0.00105431,0.46157256,0.00771715,0.02724605,0.05637668,0.85614401,0.12831429,0.91742152,0.08307835,0.00015385,0.88693154,0.02812405,0.08247086,0.99914908,0.94831598,0.20691942,0.00024831,0.00964202,0.02774617,0.27420270,0.97265643,0.20910722,0.00327377,0.91470635,0.98726708,0.00350299,0.08390065,0.23897506,0.06485679,0.44765818,0.91866225,0.11051012,0.69398379,0.75456113,0.66981381,0.03456533,0.80611646,0.11445718,0.99537045,0.00479007,0.89971215,0.00201752,0.96749973,0.04944647,0.75269282,0.13113892,0.91788489,0.00427846,0.09837799,0.05778793,0.00008337,0.03265444,0.05113663,0.09712896,0.61997253,0.69003433,0.00074259,0.89514750,0.02192270,0.89523709,0.04007218,0.00119085,0.73753238,0.00409866,0.00005738,0.00663902,0.04988698,0.36050144,0.10362457,0.54319125,0.64374769,0.01110570,0.00609264,0.01206606,0.26303864,0.00689065,0.00158667
0.00488198,0.75905168,0.00027035,0.01056216,0.90125799,0.29419798,0.06613599,0.00647729,0.95893526,0.00156676,0.00221155,0.53720438,0.00016603,0.01725205,0.03469401,0.91379416,0.82772785,0.00266152,0.00662370,0.77801108,0.22181101,0.98585260,0.16119754,0.11169284,0.28972369,0.08904886,0.04594706,0.00274364,0.95705575,0.01131536,0.30739915,0.89771128,0.05178763,0.45193163,0.19826937,0.24300152,0.00044015,0.55004138,0.42584556,0.19958796,0.10596970,0.61809903,0.20183994,0.57872856,0.05805653,0.88533026,0.06846906,0.70990247,0.27064082,0.91284174,0.08322590,0.00006789,0.02136121,0.14781281,0.01818087,0.99998665,0.95455128,0.22577892,0.00633947,0.00102706,0.06214030,0.04887306,0.98128229,0.11568180,0.00921727,0.00105054,0.01447709,0.08234867,0.15530643,0.22840701,0.01818102,0.57622296,0.91072267,0.11269819,0.00031302,0.97794527,0.02168111,0.01447089,0.92434633,0.26096177,0.99121624,0.00673712,0.96466178,0.15608226,0.99109840,0.04159423,0.14845680,0.21551739,0.98224121,0.04122344,0.05379530,0.04097350,0.00049027,0.01839206,0.25533727,0.09973454,0.78849888,0.39722258,0.00615620,0.00026948,0.01534396,0.95158958,0.11152072,0.11828928,0.27848166,0.00119574,0.04042963,0.00658964,0.03763244,0.02599098,0.13954934,0.87450111,0.51872712,0.04620247,0.00395518,0.10996704,0.33669579,0.48175690,0.00093181
0.00712284,0.77214164,0.00027330,0.89026493,0.50585186,0.05113709,0.45189890,0.00121575,0.37751463,0.02757113,0.00491203,0.65754265,0.00360158,0.49111575,0.04603801,0.90141904,0.86057806,0.48964995,0.00332658,0.23733146,0.66894263,0.00254872,0.46404278,0.32936209,0.36138299,0.09690925,0.33098203,0.02820387,0.91881847,0.01365239,0.00067386,0.95258677,0.05807815,0.04297677,0.09796404,0.17269544,0.00281825,0.67743099,0.59637606,0.33177659,0.86798400,0.32475176,0.45920211,0.51375300,0.10332879,0.82763100,0.03107948,0.87290525,0.00206774,0.99183828,0.05246990,0.00233187,0.00175729,0.56145430,0.02753447,0.99851114,0.07791777,0.04549998,0.01845045,0.29319578,0.16922475,0.18803148,0.95159173,0.07673562,0.01251641,0.90049827,0.00139439,0.08510866,0.14871931,0.06749099,0.01181101,0.53170180,0.37389374,0.29320973,0.18130723,0.89366233,0.00041666,0.02048406,0.16605458,0.21275857,0.52454215,0.01290543,0.77128690,0.47961473,0.24847174,0.04297040,0.12565151,0.77390260,0.99478877,0.09991589,0.43784913,0.07774170,0.00625758,0.10486834,0.19658732,0.43324512,0.82778966,0.37431678,0.00747393,0.85410374,0.06614014,0.90094554,0.08261427,0.08112010,0.54337400,0.00149922,0.03909727,0.02096605,0.09251489,0.00412092,0.00126791,0.85262328,0.74849784,0.00686816,0.01241106,0.01092735,0.48186356,0.00019279,0.00152396
0.02967569,0.63475412,0.00147428,0.00501852,0.28919184,0.12046675,0.54725707,0.00172720,0.03011175,0.08105482,0.14422905,0.63493067,0.00350790,0.05840273,0.00916771,0.66472191,0.09653253,0.27179360,0.04396430,0.25324014,0.54274625,0.19083183,0.59024912,0.29317954,0.56244928,0.08329140,0.41458008,0.28819168,0.80484027,0.02338559,0.00168673,0.05770595,0.13125637,0.24127755,0.29936138,0.67678016,0.01603482,0.47869277,0.50319201,0.18691626,0.14640616,0.42679068,0.00266190,0.51361161,0.17520538,0.00113056,0.00527427,0.94117939,0.00250431,0.97977638,0.14305578,0.00363923,0.12391452,0.00010837,0.85937470,0.99944776,0.04375870,0.19745016,0.00513277,0.00771957,0.10795082,0.15975764,0.40736645,0.36086211,0.05796894,0.00169112,0.99369144,0.11455084,0.02773022,0.08580082,0.03182512,0.72492319,0.02365703,0.25991157,0.70544171,0.81878167,0.13881682,0.01454402,0.09128384,0.21584807,0.13108891,0.10204126,0.97843385,0.02872451,0.07448176,0.02442956,0.01841872,0.02527697,0.87529826,0.12097244,0.21253145,0.13417147,0.00826652,0.13818501,0.24036619,0.35974762,0.23557296,0.09142002,0.02457201,0.00033215,0.20092778,0.81761307,0.21800314,0.02566669,0.15915883,0.00974859,0.00000269,0.12795055,0.16227786,0.02309573,0.02943046,0.84872067,0.63964361,0.00527025,0.02518247,0.10512738,0.57083076,0.40207395,0.00533357
0.05546601,0.84966677,0.04416633,0.87956339,0.19869107,0.12072473,0.51961917,0.00533986,0.02290580,0.00047514,0.10152493,0.29436508,0.00317861,0.05681385,0.00028422,0.58034950,0.00036688,0.00136708,0.01875634,0.35426921,0.80482566,0.78740257,0.33656406,0.30716044,0.48831290,0.22038472,0.00138375,0.07865451,0.67906922,0.07019400,0.33005023,0.01920644,0.32513225,0.58425242,0.03197559,0.47051394,0.05703963,0.30567977,0.65416139,0.03300789,0.64781404,0.39792448,0.00344569,0.61055267,0.30945814,0.00106726,0.00377567,0.84366775,0.31185919,0.97016162,0.09330641,0.01084572,0.41400746,0.07213601,0.05443769,0.99999356,0.61092293,0.12533863,0.00695948,0.10048077,0.19360358,0.17345488,0.00477946,0.23210368,0.03255108,0.80417496,0.11728889,0.13966943,0.08102608,0.35593116,0.02175841,0.68440014,0.25262415,0.29647702,0.00060667,0.90453297,0.20524751,0.00606054,0.49108288,0.42251956,0.38929197,0.40887052,0.06762722,0.03820818,0.02713302,0.09639104,0.04026321,0.01831409,0.72861820,0.07784277,0.38917580,0.08347131,0.02281247,0.24513191,0.60522419,0.36563849,0.45169899,0.14058478,0.02594776,0.83814704,0.07349416,0.44597733,0.31280237,0.02893122,0.40767178,0.15116827,0.01084569,0.13155793,0.09627577,0.23621534,0.09463666,0.04587555,0.47786662,0.05166704,0.01081421,0.08530062,0.54750335,0.11122918,0.00602889
0.02463243,0.59251362,0.00562331,0.00422806,0.15890166,0.24071524,0.20708510,0.00955775,0.79353839,0.00058728,0.12109441,0.53921163,0.00060817,0.03079518,0.00032368,0.36080694,0.34394124,0.73738414,0.02087547,0.49867922,0.58434635,0.01679457,0.63360918,0.47272870,0.56232971,0.19353275,0.05210397,0.01302538,0.57140571,0.09147445,0.72907114,0.02366719,0.06235016,0.48096389,0.12483913,0.58708233,0.00156784,0.40442562,0.63197124,0.02179740,0.14072897,0.42609784,0.13152689,0.67164898,0.27962944,0.38890305,0.00459602,0.70039415,0.38902572,0.80176651,0.05666853,0.00017084,0.23276868,0.00354051,0.10291229,0.99771088,0.79723614,0.22268292,0.01426480,0.48411554,0.14526775,0.34334970,0.41662505,0.33528134,0.05389589,0.00829799,0.00412260,0.05646584,0.02345751,0.21838233,0.06435001,0.63586283,0.41906717,0.33929911,0.55280375,0.77684164,0.35556436,0.00052405,0.64256364,0.40559790,0.82211190,0.21303532,0.55766797,0.12343668,0.76388097,0.09623352,0.03570519,0.00623703,0.66587007,0.27441421,0.50170571,0.02226567,0.01925207,0.19455063,0.58082587,0.39681399,0.55631632,0.10507220,0.02862708,0.00189846,0.04490917,0.49976119,0.47745717,0.11566044,0.47747439,0.04375812,0.04210392,0.03075548,0.03222969,0.10728402,0.34547943,0.44507897,0.55341905,0.05704977,0.03385089,0.12141538,0.30652839,0.00016535,0.04145441
0.02556085,0.56030995,0.00318048,0.51337397,0.23087305,0.05968267,0.13272001,0.03154215,0.91568232,0.00304282,0.04043132,0.14822926,0.00041862,0.04062737,0.00422987,0.80819744,0.09301021,0.01058425,0.00037897,0.47556454,0.51158643,0.26758525,0.48586354,0.45070222,0.53188568,0.17592680,0.07289826,0.00542630,0.87049693,0.17623465,0.02237452,0.46009392,0.00336331,0.01593261,0.11707532,0.29168293,0.00157023,0.44586551,0.32108009,0.00519227,0.68658727,0.39263982,0.04699998,0.33596632,0.02870675,0.29044735,0.01908365,0.81148112,0.01374981,0.79076302,0.02669745,0.00010346,0.34329683,0.00147934,0.42245811,0.95173192,0.28476182,0.12770525,0.00877625,0.12888758,0.04214862,0.37052098,0.85338217,0.02471968,0.04224561,0.55368006,0.75209063,0.02828456,0.00153709,0.24620122,0.05660875,0.63823897,0.71471757,0.61117810,0.01084724,0.63003045,0.06242693,0.00041277,0.47213423,0.40834010,0.90178829,0.03780246,0.40260375,0.05632717,0.93751770,0.10415164,0.05856410,0.01327870,0.73613775,0.10761289,0.54191065,0.01978185,0.00294992,0.04325876,0.29503992,0.17646103,0.53951460,0.18217248,0.02860946,0.46708277,0.00789224,0.72172093,0.49755073,0.06125075,0.62420124,0.01528077,0.00042925,0.00911139,0.02342111,0.04981414,0.01816683,0.51409936,0.72430605,0.10795796,0.05440170,0.03323910,0.41594276,0.04350830,0.00615175
0.02397725,0.85202920,0.02108925,0.03011149,0.10537793,0.04800015,0.26681373,0.00594479,0.69458145,0.03082980,0.00864162,0.62300372,0.00338618,0.16630454,0.00896104,0.51946735,0.09395970,0.00166270,0.00047849,0.64540476,0.80498278,0.39005244,0.42856702,0.65347922,0.39382797,0.02006621,0.13916744,0.00049786,0.71160930,0.26087525,0.01612261,0.14266457,0.08861516,0.01634718,0.49177039,0.14840959,0.02206161,0.45158428,0.20234276,0.07090005,0.18554242,0.15787166,0.44389191,0.53509539,0.00254157,0.14191860,0.00167060,0.54593003,0.00972924,0.46171764,0.02391972,0.00178179,0.02183304,0.01573935,0.49731311,0.08771418,0.20039064,0.23789658,0.10182599,0.01874805,0.15520039,0.44355384,0.87849152,0.07676702,0.04718379,0.00494559,0.02563237,0.19431470,0.00186528,0.26848060,0.15320796,0.75618577,0.45463997,0.78977662,0.01157423,0.94779134,0.01423703,0.01248828,0.66808993,0.58694214,0.63602090,0.18260683,0.58745807,0.13437639,0.64297295,0.13921061,0.10576649,0.00035136,0.89436209,0.25194496,0.58591402,0.00247897,0.00818662,0.04181431,0.19644177,0.30440453,0.77675378,0.11331341,0.21099421,0.00118041,0.00129604,0.35343415,0.88648003,0.42377007,0.27908993,0.11452424,0.05440547,0.05559834,0.01806323,0.01424722,0.14325970,0.36779293,0.54400682,0.09309573,0.15076956,0.04318664,0.89697021,0.02668014,0.02014193
0.14492667,0.79169399,0.00182737,0.69683564,0.03513396,0.02788554,0.54966784,0.05880043,0.17472830,0.00277395,0.03242019,0.44764715,0.03896305,0.25117853,0.01605415,0.43656832,0.06143953,0.31276309,0.00063688,0.81661755,0.76621634,0.00626495,0.42285818,0.17284562,0.86138862,0.02037551,0.05604457,0.00043738,0.91294819,0.12313781,0.00319641,0.04681807,0.12652563,0.02778170,0.19358435,0.81911111,0.00079517,0.38787615,0.40998778,0.01048955,0.36044252,0.09759310,0.00967348,0.41273654,0.00181493,0.02560679,0.00722246,0.50778836,0.04373539,0.65455633,0.06469812,0.00474127,0.22453377,0.00135555,0.12668242,0.50361145,0.17244105,0.22477955,0.03759296,0.04685480,0.23813570,0.40603828,0.37375420,0.29137179,0.03634892,0.71250784,0.12714721,0.23604804,0.00157242,0.08043609,0.22330892,0.67047578,0.18442728,0.91943628,0.28601593,0.60646927,0.07072498,0.20308740,0.29049203,0.85526437,0.08430413,0.25223112,0.57356495,0.20657752,0.03880570,0.07593968,0.50026512,0.00088202,0.68827409,0.32311496,0.94327992,0.00233989,0.02363992,0.05629019,0.08539348,0.13397263,0.91587245,0.09652346,0.12376283,0.67683274,0.00478461,0.12603663,0.65108275,0.09476528,0.68952674,0.43751010,0.00527596,0.02774216,0.01809974,0.01745959,0.32539204,0.15328422,0.39383584,0.07644151,0.09700172,0.05484837,0.93411762,0.01347199,0.01098503
0.08432891,0.92270392,0.00009946,0.03002983,0.08209549,0.00766249,0.67347074,0.06468540,0.30057859,0.00295443,0.02196420,0.31028232,0.00002434,0.11679351,0.01606776,0.74619430,0.02753588,0.00354924,0.00060017,0.85247982,0.14237466,0.22082229,0.67266673,0.33249700,0.62316102,0.01265055,0.16839710,0.00218477,0.65220934,0.09770188,0.30046040,0.01920876,0.00714561,0.07839238,0.22161376,0.39168707,0.00164871,0.41383907,0.12804078,0.01104999,0.50349915,0.06306995,0.01816642,0.62030596,0.00643441,0.01567384,0.01619438,0.58098185,0.07058223,0.79055476,0.07292721,0.00137983,0.33510917,0.02011311,0.97164011,0.98374397,0.57081455,0.28913206,0.02369532,0.01240240,0.18804783,0.49954990,0.36190704,0.11267271,0.00408577,0.02833385,0.94618833,0.00998051,0.00123222,0.24952546,0.26385453,0.46601784,0.57417458,0.97449064,0.03511338,0.79730707,0.07188672,0.00771792,0.84041476,0.84347820,0.75789630,0.06308214,0.79212224,0.26063374,0.07317924,0.05266289,0.58324230,0.00074247,0.48652008,0.17932121,0.77316380,0.00330929,0.00491563,0.06797032,0.11258063,0.23668113,0.61821830,0.02581732,0.02523507,0.00915007,0.00593735,0.43760416,0.43273982,0.43040651,0.48432094,0.13809961,0.00052800,0.04435441,0.05389446,0.06804740,0.29761386,0.51427954,0.36929139,0.11269588,0.02252927,0.02297080,0.63199490,0.40778974,0.01396732
0.02358181,0.92745781,0.00077614,0.41348743,0.12671518,0.04054724,0.28514990,0.11620186,0.26396427,0.00536527,0.02283518,0.21641958,0.00009648,0.17062441,0.01057773,0.71298432,0.06147441,0.21873099,0.00236237,0.96231633,0.04197522,0.14672981,0.30259076,0.26135838,0.61547118,0.01835324,0.04898942,0.00214431,0.65786725,0.08460978,0.17195435,0.07365847,0.00816621,0.06952949,0.41581368,0.44252172,0.00202131,0.24899098,0.25076061,0.01423178,0.32556108,0.06575078,0.03483126,0.79237115,0.03040684,0.09072743,0.01632469,0.55647016,0.03817626,0.67769355,0.04035588,0.00086304,0.48848215,0.00634717,0.26094955,0.82677221,0.50456709,0.27747762,0.03809908,0.02474611,0.12860969,0.07980458,0.44713143,0.03665790,0.00582946,0.23005319,0.06656165,0.02044178,0.01541850,0.24899606,0.20636041,0.73897338,0.78374100,0.81136584,0.00755091,0.95032227,0.04332250,0.00606995,0.37259114,0.63639653,0.63409197,0.06862194,0.63328123,0.18782037,0.90783381,0.24362017,0.70683992,0.03983960,0.49201912,0.07406496,0.72563893,0.01314280,0.00342336,0.16576920,0.11452828,0.14397457,0.09743088,0.23314863,0.02668607,0.46776673,0.00731726,0.63858402,0.16738169,0.24002522,0.42107564,0.01001179,0.00170099,0.08257008,0.03980089,0.02526810,0.06953473,0.33263671,0.49167207,0.30257556,0.02332427,0.00606243,0.39383310,0.04631989,0.02642251
0.06361774,0.64734298,0.00041065,0.28635263,0.09048285,0.08729185,0.13996249,0.00854949,0.88168269,0.00289590,0.01999021,0.28513673,0.00011718,0.05252904,0.00901687,0.77468377,0.24285047,0.06258883,0.00124431,0.50395465,0.06608578,0.05370486,0.11692497,0.08431448,0.63052100,0.13627698,0.06541815,0.00678111,0.52081978,0.19224307,0.11241210,0.17170523,0.01426807,0.21862833,0.28299254,0.10485372,0.00181854,0.12709390,0.25147566,0.02433646,0.62398016,0.11495902,0.02406712,0.82264704,0.02239722,0.03287772,0.16229215,0.69349295,0.03658441,0.76418173,0.06172678,0.00058335,0.33483279,0.02029862,0.38555247,0.78557277,0.34414193,0.26558283,0.02251665,0.04195854,0.31059635,0.43774104,0.59551179,0.06230634,0.01286986,0.18733804,0.38642827,0.02656275,0.01390540,0.48608890,0.06140978,0.64270765,0.49634212,0.57218462,0.06646182,0.81355143,0.02018614,0.00651171,0.22895108,0.44795179,0.84323579,0.10322268,0.58987290,0.25323129,0.75579858,0.08040784,0.20194158,0.03807423,0.55840760,0.06381860,0.80573648,0.01370230,0.00440218,0.09247745,0.05080753,0.06463695,0.08827031,0.24575077,0.00536938,0.18908240,0.01719885,0.35949984,0.32152039,0.06623200,0.30351174,0.01077104,0.00195226,0.03425732,0.04971112,0.15581258,0.25240695,0.61093026,0.52921551,0.05888956,0.03207921,0.00915783,0.28076780,0.02171029,0.03626691
0.01577533,0.46598604,0.00084572,0.18702051,0.20675482,0.07256917,0.30956563,0.02419551,0.61147207,0.00478962,0.01807071,0.17620760,0.00040735,0.02236905,0.00616565,0.58669388,0.09033220,0.07551407,0.00314797,0.49343601,0.06461741,0.24532250,0.46623537,0.20324428,0.30965933,0.35756779,0.03985502,0.01520969,0.20764381,0.12643573,0.09473261,0.24661759,0.01610389,0.20828867,0.13480280,0.11099166,0.00264805,0.45369926,0.18378243,0.01899764,0.55419624,0.36343563,0.02349017,0.41554648,0.02970821,0.21799688,0.13014475,0.68007469,0.04557168,0.82649118,0.06123079,0.00084162,0.15296993,0.00982884,0.31779253,0.42760518,0.49194822,0.29894790,0.04369385,0.02691761,0.05032193,0.36449808,0.69941270,0.04910821,0.01302548,0.30902708,0.44634229,0.03071813,0.04337615,0.44983560,0.10998779,0.47278726,0.48856372,0.39095572,0.09662218,0.25080085,0.07271084,0.00638260,0.36241964,0.30078036,0.70967269,0.09147473,0.50352895,0.17684451,0.74248308,0.10143995,0.13706106,0.03200527,0.23592250,0.10667909,0.42697924,0.02599534,0.00368850,0.11108441,0.04943613,0.20164759,0.46553406,0.39926845,0.00885404,0.14362344,0.01205370,0.53353804,0.28778377,0.06002706,0.46717593,0.03186495,0.00282375,0.04715334,0.06727977,0.11898196,0.06342465,0.35512182,0.73207992,0.21933301,0.02833975,0.04278470,0.32104656,0.02856828,0.01032893
0.00896351,0.70460182,0.00020103,0.89487791,0.71815604,0.09835716,0.25299835,0.00856885,0.84174001,0.00029524,0.18530858,0.47060403,0.00023429,0.02059415,0.00855843,0.99242467,0.01922885,0.53054696,0.00014939,0.62435973,0.12047604,0.45577604,0.93452054,0.09275363,0.09550407,0.03287494,0.02114685,0.00493919,0.10172764,0.00428462,0.20801739,0.49486136,0.00028113,0.29469407,0.84302062,0.63003033,0.00680537,0.76995826,0.08677778,0.00379395,0.96751106,0.06127990,0.00739230,0.73719978,0.01279742,0.18010546,0.00559095,0.67925984,0.02052294,0.98630440,0.04915911,0.00007972,0.48750857,0.03533120,0.27679425,0.86894810,0.27132192,0.97826070,0.02565910,0.02450988,0.00189257,0.05078245,0.96224517,0.02321391,0.00627940,0.92958665,0.97678471,0.01676238,0.01824219,0.15047659,0.02629413,0.57695377,0.73953581,0.20379788,0.75486869,0.51729840,0.45517668,0.00182526,0.94677109,0.93216240,0.93560702,0.01267610,0.54473907,0.99981248,0.97801799,0.12186809,0.03514773,0.04002005,0.00226364,0.00428555,0.06325428,0.01650623,0.05656425,0.09996109,0.45585191,0.48070499,0.54364067,0.89016432,0.00219337,0.79745775,0.03726614,0.43049794,0.58839828,0.00242355,0.58491188,0.00538138,0.00033482,0.03558642,0.05865335,0.12903745,0.35518739,0.73611265,0.69361162,0.34233025,0.01585700,0.01410297,0.06922653,0.00481166,0.00893644
0.00137360,0.84175634,0.00087859,0.03090957,0.72334093,0.17492294,0.09056883,0.01008751,0.96014673,0.00059470,0.02597261,0.18728545,0.00009940,0.00325451,0.04532780,0.99001551,0.09409375,0.00286474,0.00108427,0.40959668,0.89665681,0.98672074,0.81539649,0.40955096,0.06730506,0.02784038,0.14085513,0.00318353,0.37532347,0.00097944,0.05635799,0.77100486,0.05196620,0.31241974,0.96482396,0.75613707,0.00269993,0.58142638,0.74644417,0.08249954,0.16003674,0.34787792,0.06960876,0.90582526,0.02598418,0.77383125,0.00008444,0.86082178,0.24062441,0.95373297,0.14158368,0.00006994,0.01937125,0.07326359,0.15652506,0.00114499,0.00615061,0.96325397,0.02043667,0.00245815,0.00424261,0.10082315,0.97958350,0.00727169,0.00784505,0.12995259,0.02027617,0.26075622,0.10064270,0.44344684,0.01179447,0.57357639,0.91241765,0.14896910,0.00167804,0.97909021,0.00805721,0.02455615,0.98796529,0.91914731,0.92283869,0.05278226,0.69795525,0.98183358,0.99528754,0.04494615,0.00709536,0.05851127,0.00028728,0.08030699,0.02848860,0.06279923,0.01337901,0.07852179,0.30742410,0.18596826,0.64989215,0.78672838,0.00341672,0.00001056,0.00618612,0.80894369,0.17655136,0.02083872,0.93374014,0.00116017,0.09536090,0.00306538,0.00853806,0.02768737,0.33479092,0.85846734,0.73334199,0.44398680,0.01217919,0.02573458,0.08284435,0.73580289,0.01263887
0.00033170,0.72300780,0.00069499,0.86708868,0.23851895,0.10620255,0.40347654,0.01735013,0.95191222,0.01982620,0.01157088,0.85366786,0.00398758,0.00814026,0.08050667,0.90746266,0.09470084,0.62561005,0.00079126,0.46931332,0.96857744,0.00932245,0.87249273,0.77551943,0.17734589,0.11777111,0.05679017,0.00084811,0.58357376,0.00171517,0.00820050,0.49941111,0.04947200,0.04677093,0.85320747,0.41315091,0.00226248,0.65841800,0.43867031,0.53829879,0.80356961,0.26723912,0.42358866,0.73778838,0.04798894,0.87247115,0.00049256,0.97730148,0.02891967,0.97703892,0.02943938,0.00005234,0.01373182,0.13575546,0.00674206,0.95451820,0.00002900,0.01857775,0.19129230,0.02886778,0.27795964,0.53780431,0.89012444,0.01031132,0.06057334,0.75547689,0.05857762,0.62672704,0.08579092,0.33263507,0.01434206,0.16323256,0.54616851,0.24817224,0.14629348,0.60705012,0.00077207,0.02834123,0.00200420,0.90599573,0.36887839,0.02969643,0.49414262,0.99610782,0.90675062,0.04116649,0.03794008,0.89868957,0.00000354,0.09039850,0.29593694,0.11911141,0.05613682,0.46342865,0.22335976,0.38477042,0.47018906,0.78769803,0.02087147,0.95737672,0.00794949,0.76457888,0.17384972,0.00169199,0.86433464,0.01285030,0.04357195,0.00385149,0.04689318,0.03875606,0.07523179,0.50635529,0.84663236,0.53578764,0.01058156,0.05122901,0.29262954,0.00018734,0.00215521
0.01117157,0.64699185,0.00101772,0.02597534,0.18184698,0.31152824,0.58444703,0.01317488,0.86257285,0.02324641,0.07372691,0.44334874,0.01374734,0.00410010,0.05586149,0.75350302,0.41041878,0.24129574,0.01719661,0.06288105,0.89948219,0.11642598,0.62513447,0.77283800,0.32572156,0.09341028,0.10484558,0.00541217,0.49460807,0.00881683,0.00729275,0.22422948,0.07811926,0.02615135,0.89039546,0.73396754,0.01106252,0.49511778,0.30933121,0.18550177,0.92455608,0.22449885,0.01790632,0.85627961,0.08543064,0.01162527,0.00065976,0.88674486,0.00408784,0.95413113,0.11236615,0.00048003,0.05137961,0.00523140,0.89183593,0.62364763,0.00787007,0.17190984,0.02045862,0.00549931,0.02407369,0.14785367,0.51465017,0.02201725,0.04312072,0.17287263,0.99565101,0.26596391,0.12952280,0.43911424,0.01114029,0.17701767,0.01972761,0.17108797,0.72330201,0.80990076,0.48897123,0.01166113,0.03270069,0.93605822,0.32986924,0.04457807,0.99160594,0.02094798,0.40682605,0.04934807,0.01039636,0.47813934,0.00000184,0.46123466,0.09866156,0.12636477,0.03429251,0.63704401,0.02428733,0.15136734,0.47748870,0.54144222,0.00879327,0.00010426,0.11557608,0.59877545,0.33219153,0.01108055,0.38995737,0.00461208,0.00001655,0.02018219,0.17058173,0.12574302,0.48894250,0.57041013,0.69991195,0.46115932,0.01943362,0.02576967,0.39329749,0.36350670,0.00603448
0.02450025,0.49643683,0.02514875,0.85860354,0.28899321,0.05059431,0.26495600,0.03038954,0.24377823,0.00492733,0.20918553,0.38976449,0.01603711,0.00717566,0.03637088,0.84566718,0.03202534,0.00136040,0.01545194,0.02344466,0.72082829,0.80682576,0.44332305,0.45524335,0.31206843,0.06816545,0.00019441,0.01749816,0.77018350,0.01929740,0.06335860,0.10467590,0.08148529,0.42323294,0.08338413,0.51868945,0.01311749,0.45207602,0.48902994,0.07808270,0.57567143,0.27821741,0.00332827,0.96202284,0.20028614,0.00555083,0.00008560,0.88071156,0.24135815,0.87567919,0.17407009,0.00940013,0.16282879,0.17144924,0.11156464,0.11401782,0.92446244,0.21352319,0.07455579,0.13444799,0.05380606,0.23916420,0.13981321,0.05753780,0.01421387,0.62407959,0.01806091,0.16380180,0.17059489,0.45723504,0.02758934,0.24352403,0.37274048,0.12901379,0.00051572,0.67414647,0.08898726,0.08039381,0.84976083,0.75416768,0.65872413,0.36988649,0.03090445,0.00024346,0.02851966,0.04966341,0.02913027,0.26806340,0.00008140,0.56948948,0.37991768,0.15941724,0.00075588,0.40682533,0.00508817,0.33143893,0.46761227,0.59786397,0.01518220,0.91886187,0.14268066,0.45009857,0.12386299,0.04171048,0.40201339,0.00188277,0.04799601,0.05817844,0.11198124,0.01346356,0.07500732,0.07724249,0.87514544,0.20469217,0.01531495,0.09319077,0.32388002,0.15977539,0.01967882
0.01350634,0.57363600,0.00231823,0.00742737,0.12607020,0.12180927,0.34513161,0.03390646,0.74858469,0.00213432,0.19621283,0.19043785,0.00169159,0.00923988,0.01659114,0.79526246,0.08421892,0.64275730,0.01099407,0.22669001,0.35238934,0.03882146,0.57068908,0.34392154,0.34859782,0.12337772,0.02351581,0.02017148,0.47265714,0.04069329,0.69572890,0.04307745,0.06431007,0.67496020,0.31724107,0.49488452,0.00361358,0.74414027,0.50576478,0.01858901,0.27586833,0.26445338,0.11437432,0.80546522,0.14714700,0.12423692,0.00008539,0.74199080,0.32286224,0.64249533,0.12558936,0.00579182,0.32463676,0.00841486,0.02280289,0.48543879,0.89027143,0.22940814,0.20840560,0.13868620,0.04317571,0.33215696,0.37134975,0.03915605,0.03832591,0.07089788,0.03785573,0.10060574,0.17351493,0.37370160,0.09718491,0.19720796,0.46068668,0.24091567,0.45161188,0.41695023,0.18089211,0.05069168,0.79173434,0.76370090,0.76749319,0.30931404,0.72314256,0.27899468,0.63385636,0.03555964,0.23517978,0.01969281,0.00322575,0.40111807,0.32612357,0.03456503,0.00003195,0.34011325,0.01206172,0.41702285,0.26232177,0.57407707,0.03118492,0.00059933,0.04134346,0.38610068,0.25524873,0.20168538,0.25124919,0.05357919,0.01828520,0.11188895,0.07625651,0.07288557,0.32740369,0.11286111,0.89165890,0.14960384,0.04420988,0.02941904,0.19950044,0.00022993,0.05059180
0.01403876,0.36617830,0.00054965,0.53033024,0.18954659,0.04304444,0.34609899,0.04497093,0.69170541,0.00472247,0.01067270,0.17326774,0.00021827,0.01818625,0.00312382,0.85424346,0.05109849,0.02017486,0.00414196,0.42462578,0.39843008,0.16299272,0.48150408,0.39728957,0.47903618,0.33287534,0.07211306,0.01423894,0.58501422,0.09956782,0.09413225,0.30671075,0.01386495,0.22020373,0.26253229,0.20447777,0.00151521,0.44922420,0.24050483,0.01754933,0.82937646,0.29986367,0.01897632,0.59013152,0.02752520,0.18131477,0.00075162,0.92430460,0.02000437,0.84925038,0.06358124,0.00135787,0.13627547,0.02629393,0.17606537,0.03600178,0.03491859,0.17523724,0.11655355,0.04433029,0.09908065,0.34682280,0.60008460,0.00393698,0.02755210,0.27527702,0.69800043,0.03010949,0.04222189,0.35627967,0.06399187,0.23532946,0.61608428,0.17496485,0.02386979,0.30457935,0.04955831,0.00409182,0.43178743,0.38271019,0.65451896,0.17715020,0.12880303,0.90111077,0.88657391,0.01634914,0.28634623,0.01268069,0.03675710,0.22128864,0.35582107,0.01187204,0.00000591,0.31100425,0.00463014,0.21369231,0.29739621,0.51604867,0.01833769,0.66565156,0.01671751,0.65943372,0.22992612,0.04361440,0.35352460,0.02127296,0.00098260,0.08602038,0.07973043,0.23034777,0.18773913,0.16031575,0.90873587,0.26287943,0.05350114,0.05551968,0.29449287,0.04262345,0.01480189
0.03750167,0.61439937,0.00288562,0.04251909,0.41650194,0.01583047,0.45491639,0.00825602,0.45248711,0.00291555,0.00311463,0.05696705,0.00415457,0.09379495,0.00398128,0.78218597,0.70674789,0.00255858,0.03673481,0.58687258,0.69516432,0.65820140,0.18153584,0.73689449,0.58351153,0.23372893,0.00345218,0.02253345,0.70413947,0.29986840,0.01812546,0.35625204,0.26206157,0.07350007,0.12274485,0.41159746,0.01141906,0.52718109,0.19864163,0.10440614,0.34027070,0.36030665,0.64999539,0.82727897,0.19522354,0.35738310,0.00326658,0.37327442,0.02363745,0.82299089,0.03282297,0.00186522,0.01752463,0.00483270,0.08155143,0.01981395,0.00550932,0.14307719,0.65389740,0.00311223,0.16702834,0.40538007,0.70647925,0.00577364,0.07827485,0.03195489,0.00459292,0.08066470,0.34894699,0.80922943,0.16787133,0.06128041,0.16744323,0.29094881,0.00456540,0.64138341,0.00701226,0.00060527,0.01485945,0.65795296,0.62800163,0.04589911,0.82638621,0.50085247,0.42670980,0.01403827,0.18503138,0.00019357,0.13369943,0.57727814,0.26409242,0.01740926,0.00091520,0.18899755,0.00522118,0.23152538,0.41796136,0.30980209,0.21110742,0.00046451,0.21874540,0.56418562,0.20531125,0.28164461,0.30860254,0.15455617,0.06762539,0.01717251,0.16939346,0.48147878,0.27343270,0.07037293,0.93975055,0.23525967,0.24791931,0.06762414,0.40110001,0.10609670,0.17683147
0.13642050,0.47340760,0.00202118,0.55462295,0.36940566,0.01606129,0.71333271,0.00403398,0.20229010,0.00751604,0.07380309,0.07437404,0.01233103,0.25703409,0.00059749,0.00973250,0.33981493,0.29050186,0.00164215,0.11473606,0.46747413,0.03033421,0.14500330,0.59484488,0.40326446,0.88571179,0.24664129,0.06257969,0.47401941,0.60725355,0.00214436,0.12622851,0.08403350,0.03007122,0.22076656,0.43721253,0.01852031,0.38024288,0.06020288,0.00847397,0.98429930,0.26834095,0.00560099,0.95853370,0.79408675,0.05028618,0.02323633,0.90006691,0.04011939,0.87692833,0.02116532,0.00806839,0.01715443,0.00031494,0.63199615,0.92219365,0.02266807,0.01416527,0.55944014,0.00270881,0.36509222,0.36587223,0.25715640,0.00236510,0.19116944,0.41697562,0.67568284,0.11706078,0.41083902,0.25923336,0.48545524,0.01832768,0.09342988,0.24217887,0.08385576,0.55817407,0.03000614,0.00118786,0.00586319,0.81146437,0.08471914,0.12643117,0.01879268,0.00318925,0.06719502,0.00189544,0.43735227,0.00242300,0.02236596,0.73674703,0.33957189,0.01389522,0.03267075,0.24577445,0.00017115,0.44477144,0.49547169,0.50014877,0.11849231,0.86894780,0.02332350,0.41094416,0.30235308,0.33510351,0.17876181,0.08741111,0.00007199,0.20308276,0.03182188,0.71032059,0.09315789,0.06339467,0.96202338,0.40713379,0.57506227,0.01678060,0.80001879,0.00339016,0.18377165
0.57925737,0.63640702,0.00035812,0.01114130,0.58100271,0.00326221,0.13717952,0.21744113,0.84260374,0.00069261,0.88578081,0.36888826,0.00007822,0.02963508,0.00052635,0.66270620,0.72145748,0.00159080,0.00079515,0.03809695,0.02770260,0.37091774,0.09582479,0.56256908,0.26306304,0.95364827,0.43490791,0.06513993,0.79985052,0.75383717,0.00899598,0.16602874,0.00089075,0.46927992,0.09679440,0.01234362,0.00359970,0.47730902,0.03581274,0.15261519,0.49709469,0.23549153,0.00163371,0.99086642,0.02666812,0.00888214,0.05941625,0.30828437,0.01029121,0.20264426,0.06065350,0.00004262,0.28554150,0.00109370,0.82435977,0.08881403,0.60032117,0.03884772,0.39100096,0.00217957,0.27157807,0.13790976,0.56401265,0.00218717,0.20178419,0.06878376,0.80972612,0.02145112,0.01669543,0.50201428,0.46716332,0.01511303,0.32577088,0.06218662,0.33323771,0.92752838,0.07050353,0.00325497,0.78178018,0.61105251,0.91811925,0.05925795,0.85329455,0.00779902,0.30907246,0.00206675,0.58931267,0.02261395,0.03934230,0.07985470,0.07781127,0.00917798,0.00170715,0.27508751,0.00071174,0.45586088,0.15177773,0.61155826,0.03808815,0.00349266,0.00189888,0.60864902,0.37476596,0.16370781,0.04696400,0.17096482,0.00003991,0.10024109,0.01023092,0.96370864,0.05207401,0.11112615,0.96044910,0.13200249,0.13274910,0.14957462,0.34927610,0.48503894,0.02369175
0.03513900,0.78769761,0.00086447,0.33411565,0.03867669,0.00155645,0.04324241,0.05547258,0.98068476,0.00051681,0.04141413,0.09971029,0.00006511,0.02169403,0.00183584,0.64186478,0.32154140,0.00387274,0.00052520,0.36057028,0.15914790,0.81590992,0.05925495,0.55841380,0.08942955,0.95408034,0.03426752,0.02465847,0.88567877,0.66409671,0.70367628,0.07422288,0.00063932,0.20997447,0.00190449,0.02807737,0.00105184,0.22059362,0.34180930,0.01286879,0.59734166,0.07248387,0.00520181,0.99313986,0.02363186,0.11071195,0.07380347,0.83626229,0.04232114,0.49590883,0.01295160,0.00009354,0.23826060,0.03184553,0.03764487,0.06134930,0.64063954,0.01854884,0.21925652,0.04115172,0.07558237,0.74500638,0.81754375,0.00116297,0.01377031,0.27559987,0.03523872,0.01480066,0.00980989,0.30828744,0.65310055,0.00168380,0.82132339,0.36123413,0.02348780,0.88886875,0.00462008,0.00275718,0.78168887,0.44887567,0.95550722,0.07440706,0.57732296,0.96435672,0.56658208,0.00328825,0.27778563,0.01057299,0.55028033,0.11022586,0.05657539,0.01833278,0.00031349,0.11303187,0.00722036,0.81539464,0.54865390,0.92917556,0.29903129,0.91777563,0.01494384,0.53424108,0.18198170,0.11360762,0.16571888,0.49109498,0.14594491,0.08728658,0.02384181,0.23757653,0.29576573,0.10567082,0.99763054,0.03230944,0.10745404,0.00789122,0.17763241,0.03091273,0.01680494
0.00416333,0.58945763,0.00036681,0.04357429,0.04874467,0.01383032,0.44419712,0.03622155,0.96787912,0.00153301,0.03085820,0.07374157,0.00024073,0.00161892,0.00292304,0.77695161,0.78314495,0.06223372,0.00180918,0.27278784,0.81766021,0.03415814,0.09189722,0.82975715,0.16280766,0.85136765,0.13899012,0.02128127,0.77031964,0.34109733,0.12101147,0.69394833,0.00625216,0.24712679,0.03841383,0.03058397,0.00074305,0.11323228,0.07746827,0.01300238,0.75964141,0.35614240,0.00732752,0.91897988,0.03116699,0.11472854,0.27334604,0.84202349,0.02407292,0.15996888,0.03934706,0.00051718,0.18132327,0.00969988,0.68596840,0.49444914,0.45406470,0.03232421,0.59744298,0.02241082,0.03573817,0.92524278,0.79189843,0.01224405,0.02824821,0.25596094,0.76159352,0.03460604,0.03023843,0.69999903,0.74226129,0.05955870,0.89575225,0.16422062,0.05896048,0.81976336,0.00382263,0.00565383,0.11646381,0.39154613,0.66119725,0.01771288,0.52920610,0.92252260,0.90246701,0.01101744,0.45528680,0.02472449,0.30139208,0.07734801,0.06429377,0.01601974,0.00110494,0.02320942,0.02656929,0.92178047,0.59200913,0.45003054,0.03971500,0.00878815,0.01639703,0.81002259,0.08210141,0.03754075,0.11192022,0.22294720,0.00095686,0.07708056,0.03075170,0.03620512,0.04968196,0.22157286,0.98712212,0.33224294,0.29695302,0.08253652,0.07710975,0.01645367,0.00671111
0.02434320,0.38819140,0.00048291,0.27841222,0.17357962,0.09699095,0.18173258,0.03015470,0.75901002,0.00448828,0.02461822,0.21961823,0.00040899,0.04227682,0.00641220,0.68097615,0.19643900,0.05551183,0.00302954,0.64160323,0.05938322,0.31516007,0.47811785,0.23191051,0.46808895,0.50490600,0.02344229,0.01603442,0.36861038,0.10733534,0.08379164,0.36832082,0.01681066,0.12926230,0.21558930,0.09338888,0.00236617,0.44025493,0.19238847,0.01816634,0.35930526,0.32836166,0.02788196,0.45075554,0.03164005,0.10128721,0.10761346,0.77283329,0.04609391,0.72185290,0.06557176,0.00066220,0.27264202,0.01768997,0.29825795,0.53753906,0.42339802,0.23736553,0.03241553,0.04233288,0.05753165,0.58290386,0.73724514,0.09022179,0.02262646,0.18387051,0.47278494,0.03508825,0.03163241,0.43871269,0.10522787,0.62979579,0.69706064,0.43127507,0.07221490,0.28933871,0.06916909,0.00799067,0.55609840,0.38765991,0.78471619,0.03897852,0.52840853,0.22835250,0.81828350,0.05661127,0.18778701,0.01970104,0.20475535,0.05024037,0.31184366,0.01983656,0.00491950,0.10606187,0.06121701,0.16826694,0.40398368,0.40363023,0.01643154,0.16609813,0.01671808,0.45108849,0.38868955,0.05809120,0.55536419,0.02106093,0.00165652,0.08711982,0.04565107,0.07911874,0.10064238,0.36779362,0.64923614,0.19912352,0.03605852,0.02824471,0.27516970,0.03657472,0.01501540
0.00134694,0.92535847,0.00006156,0.88231480,0.00384127,0.02990473,0.35975495,0.00531662,0.66991478,0.00080045,0.09053804,0.36920455,0.00005921,0.00299089,0.00232402,0.90723628,0.00889535,0.26335919,0.00104036,0.39001518,0.00342433,0.16773659,0.04734961,0.03036010,0.05275489,0.89861268,0.01187064,0.00104684,0.10479880,0.02862846,0.63813519,0.04751085,0.00272326,0.60966539,0.24368612,0.26915976,0.00011777,0.99511993,0.49392983,0.00457595,0.91309631,0.92249089,0.00048158,0.06899402,0.00347058,0.02256561,0.93084794,0.66476309,0.16700315,0.89644980,0.03927772,0.00012789,0.73009974,0.00127441,0.34026849,0.84125763,0.96458471,0.90707582,0.00528690,0.26830420,0.00139870,0.74020654,0.97066885,0.06001592,0.00320206,0.85819912,0.96477431,0.00234724,0.01034113,0.38125759,0.00607635,0.17677809,0.88914526,0.71645844,0.28926849,0.25229362,0.54930472,0.01292624,0.79785186,0.70641118,0.92860281,0.10643725,0.66952878,0.00697550,0.86644346,0.22261621,0.01695773,0.14167362,0.01304142,0.01735778,0.00190750,0.00675580,0.00017952,0.09281721,0.12683350,0.90545166,0.89939582,0.24214432,0.00049446,0.84751254,0.14343508,0.63140112,0.54816145,0.00181185,0.75967228,0.00193969,0.00006750,0.00106661,0.05554837,0.91709512,0.12851658,0.40512237,0.90994495,0.05260126,0.00546350,0.00664335,0.40335810,0.00361182,0.00061261
0.00178695,0.88039374,0.00037922,0.01589721,0.00308683,0.04985192,0.26977599,0.00398337,0.93976629,0.00054975,0.01175751,0.51096308,0.00003362,0.00184389,0.03505785,0.96843994,0.30849534,0.00099899,0.08352159,0.74959600,0.35679454,0.97078019,0.00007759,0.00354541,0.08001618,0.13810714,0.00904242,0.00056766,0.29159692,0.02953213,0.40993163,0.83638048,0.01019337,0.41281348,0.69920927,0.42424786,0.00071260,0.99717641,0.60298336,0.10966676,0.03502611,0.96455622,0.06421588,0.13183874,0.01642243,0.84314549,0.94697887,0.63013679,0.38903412,0.22850175,0.07391226,0.00012462,0.00113573,0.05166087,0.41610295,0.13660768,0.94646019,0.89426357,0.02567085,0.01427142,0.03110773,0.32867029,0.99468637,0.04755516,0.00195834,0.04362134,0.43183535,0.02254380,0.02031790,0.72915173,0.02350476,0.27999362,0.08953622,0.85814005,0.00021105,0.89880866,0.01647378,0.01659610,0.88936323,0.49994192,0.95707953,0.04405975,0.93619335,0.07486822,0.98604304,0.17569283,0.00935337,0.10050315,0.28077424,0.04973884,0.00212882,0.00706492,0.00012808,0.10716591,0.30483377,0.69326544,0.90348959,0.10172366,0.00042726,0.00025106,0.11031309,0.70997941,0.76536208,0.01435136,0.78446835,0.00042337,0.05855707,0.00011336,0.11779036,0.27242860,0.47136754,0.88388979,0.96461821,0.20662613,0.00246604,0.03541538,0.22253980,0.36755520,0.00049627
0.00153376,0.61742884,0.00073209,0.91082907,0.01148938,0.08343979,0.38841003,0.00095549,0.86339551,0.00708648,0.00291297,0.62958550,0.01168001,0.00467589,0.03483956,0.92935479,0.57719243,0.49902597,0.06547850,0.86655021,0.85351115,0.00375964,0.00000599,0.00329098,0.14652672,0.12597829,0.25743738,0.00170472,0.23145953,0.02280137,0.00275466,0.96599352,0.17599951,0.00470731,0.58681977,0.23660164,0.00353627,0.95518541,0.72442639,0.80015534,0.85454893,0.80468190,0.35536262,0.28917202,0.21573536,0.82444596,0.97318059,0.84014058,0.00051474,0.85286391,0.03416366,0.00261503,0.00026545,0.21554488,0.05432894,0.94980490,0.00755788,0.39260134,0.04822327,0.10558839,0.50213158,0.45960408,0.06376320,0.08761845,0.00479918,0.57370228,0.02580939,0.13595675,0.12400305,0.60689747,0.12358640,0.30400226,0.33207709,0.82632977,0.23153798,0.58345598,0.00342306,0.02745859,0.23368646,0.30374557,0.21155246,0.21361358,0.20146361,0.94253129,0.95179677,0.74884605,0.00808381,0.34990934,0.20739354,0.10537484,0.12248086,0.00903558,0.00041512,0.51509339,0.26931387,0.56802118,0.74996102,0.13363020,0.00150422,0.91497755,0.04834976,0.85458243,0.76657969,0.01633620,0.66160524,0.00241895,0.05027995,0.00035915,0.32217604,0.14895700,0.02890323,0.00017802,0.87691766,0.26647449,0.09756987,0.03309719,0.35192332,0.00026772,0.00035081
0.11936630,0.57738209,0.00132852,0.00394814,0.02983046,0.24236299,0.71553999,0.00035307,0.29295480,0.11318123,0.05390706,0.45010704,0.00593720,0.01353159,0.20102920,0.76340371,0.22722635,0.38935861,0.00781458,0.08590625,0.43918848,0.15428610,0.00021594,0.00198364,0.18472593,0.09196446,0.34087175,0.00193011,0.25486290,0.04954513,0.00304517,0.30599055,0.15374322,0.01447770,0.76255471,0.48526022,0.01614091,0.81834728,0.69233263,0.03653888,0.13413864,0.79610169,0.10347179,0.32398853,0.23228417,0.01294067,0.32687500,0.64866352,0.00011816,0.89131320,0.10332371,0.00320728,0.39370114,0.00519502,0.95708185,0.93735743,0.00191084,0.50708902,0.11756137,0.03561166,0.02559277,0.40498835,0.08343136,0.05379208,0.04726234,0.18601464,0.97967035,0.23825227,0.36893550,0.52073342,0.05800698,0.54158121,0.31046245,0.75638336,0.72490746,0.26244572,0.15205099,0.02945874,0.03995632,0.52702242,0.14370206,0.10789849,0.95128006,0.00253458,0.58715695,0.24402605,0.00311472,0.09295729,0.27881947,0.41601819,0.04400308,0.04278887,0.04671486,0.37603763,0.54009676,0.48908281,0.70453179,0.04953079,0.00390500,0.00005581,0.08198994,0.83234179,0.89953661,0.00758223,0.29380840,0.00586211,0.00000536,0.00027316,0.36687234,0.16929625,0.04995811,0.00175331,0.79705691,0.14247128,0.18807016,0.02512586,0.60652971,0.63684642,0.00199044
0.04309049,0.74075758,0.03985361,0.89421648,0.03033115,0.28107765,0.29367563,0.01122406,0.02803092,0.00896958,0.11246224,0.31347218,0.00115823,0.07957442,0.08893040,0.69963551,0.00407698,0.00091078,0.00038046,0.05172615,0.78528440,0.96638089,0.00200090,0.00511383,0.22381088,0.10663385,0.00034012,0.00217211,0.60485548,0.07552235,0.29869974,0.11611361,0.10915013,0.38977185,0.03557781,0.39240724,0.01529364,0.60310560,0.39018407,0.00320651,0.75841701,0.46639210,0.00021149,0.69771659,0.13251233,0.00055337,0.50046211,0.65532100,0.37882283,0.80801284,0.17880152,0.00544985,0.73875511,0.23366413,0.04337164,0.07096107,0.68377364,0.40493587,0.28756496,0.11070690,0.19346948,0.23212340,0.62604219,0.21744040,0.00857195,0.43471429,0.12796959,0.09048112,0.14532465,0.33600447,0.08634815,0.79089391,0.48131603,0.77388471,0.00364209,0.37144756,0.27708423,0.28253606,0.09515337,0.35730651,0.58109945,0.27594903,0.01181972,0.00108738,0.03587350,0.28869423,0.09251633,0.03587277,0.16491844,0.29345372,0.08375353,0.05712995,0.05893292,0.50980932,0.27310994,0.45769832,0.81452554,0.06544477,0.02920869,0.94503576,0.06504419,0.67204559,0.58279341,0.01142312,0.49046445,0.04004278,0.01795753,0.00089853,0.29555389,0.58319914,0.25053611,0.00997255,0.69309229,0.17967823,0.04342517,0.12602167,0.30111787,0.10399148,0.00089098
0.03547710,0.51397997,0.00155818,0.00445660,0.06702884,0.36317852,0.15696746,0.01623823,0.49508354,0.00257009,0.16587487,0.39770412,0.00030889,0.04477867,0.17954573,0.28714132,0.23011225,0.64227366,0.00004817,0.50999504,0.51198208,0.03490345,0.01327855,0.02203525,0.22400455,0.24997564,0.03167380,0.01479871,0.37493145,0.08968014,0.70990616,0.07757824,0.15328464,0.44396898,0.08170702,0.40877441,0.00091213,0.51967877,0.71134025,0.00404374,0.03331697,0.63248760,0.11221845,0.74754095,0.04528680,0.23252890,0.14579806,0.29000875,0.88298833,0.70061356,0.07694412,0.00030703,0.15892656,0.08718012,0.00737853,0.14520499,0.86803836,0.49683967,0.10099036,0.48142833,0.15321237,0.56319588,0.77973163,0.15112293,0.04150966,0.06416615,0.02914532,0.11924831,0.05806949,0.14703885,0.06560037,0.70720911,0.24324559,0.47440162,0.44663432,0.54831940,0.38844761,0.01573460,0.57977819,0.42357600,0.61483735,0.13612989,0.59030658,0.26217619,0.67900807,0.14013664,0.13363411,0.07262253,0.27477810,0.36602560,0.28781128,0.07416792,0.03485461,0.39491823,0.26409063,0.40481067,0.59318495,0.02793655,0.12899640,0.00036602,0.00926304,0.35460991,0.62211335,0.03276147,0.25406665,0.01442746,0.09385730,0.00487256,0.08529907,0.58874565,0.51995510,0.04586566,0.74492222,0.24780712,0.03915934,0.10573974,0.26404503,0.00027033,0.00711617
0.00828440,0.50343716,0.00022643,0.48263597,0.10844848,0.14113659,0.23220523,0.03096353,0.90652496,0.00545509,0.02248733,0.28995612,0.00021214,0.03120422,0.07045601,0.68269283,0.14532439,0.02997864,0.00001098,0.81759888,0.42925388,0.20495294,0.01640222,0.01793146,0.16969323,0.43019989,0.10319266,0.01408137,0.46128595,0.19050795,0.10155854,0.27124053,0.01421846,0.01885889,0.24770643,0.10231785,0.00030547,0.56244642,0.30024821,0.03238779,0.75277352,0.55819970,0.08718605,0.59600824,0.00675650,0.31866610,0.27812764,0.57426232,0.02702265,0.77979869,0.03579533,0.00016665,0.00452810,0.01859670,0.68096000,0.73157358,0.33193362,0.31725952,0.04910767,0.03788990,0.10758707,0.34091541,0.79527622,0.06277326,0.08602225,0.16892017,0.48331216,0.02776500,0.00888760,0.05870599,0.13617793,0.72166735,0.49445590,0.65460384,0.02002572,0.23004763,0.06182402,0.00189605,0.59216058,0.16860047,0.82598954,0.03660660,0.36946809,0.40033054,0.88252294,0.14755233,0.11836001,0.09687688,0.15820289,0.10300984,0.40877759,0.13352522,0.00711662,0.24855231,0.01316622,0.11583407,0.60422462,0.08735556,0.02021826,0.57601023,0.00257883,0.59291744,0.48257223,0.04743062,0.48626730,0.00567097,0.00032217,0.01498558,0.01999453,0.18265627,0.11283071,0.28067639,0.62433380,0.32970098,0.00901670,0.05046510,0.16824394,0.03519530,0.00245435
0.03092390,0.37847105,0.00499785,0.01069311,0.27614078,0.11885300,0.46173450,0.05448048,0.71692628,0.01931688,0.00201085,0.36589658,0.01063239,0.07482471,0.06641953,0.67485797,0.48197100,0.00220273,0.00447164,0.64350206,0.78836054,0.50141215,0.00484038,0.00815178,0.14733224,0.22133645,0.02347330,0.04560810,0.91978377,0.36095068,0.01331901,0.32304475,0.10227171,0.01591838,0.79351419,0.20063494,0.02267179,0.55829340,0.23263276,0.23693880,0.04626585,0.61661410,0.43885541,0.61566222,0.00453409,0.61430287,0.14432590,0.30450201,0.00166218,0.68574846,0.03716162,0.00249387,0.00055827,0.01542978,0.29031682,0.05513273,0.06177298,0.37635696,0.29097295,0.00098256,0.42516097,0.26130629,0.09064379,0.01951196,0.22177958,0.03128536,0.04553775,0.21393330,0.01473894,0.08098995,0.23937993,0.81627536,0.09591683,0.68883270,0.03147418,0.24275078,0.00404202,0.00323743,0.26511005,0.15519746,0.19574374,0.07773680,0.66029555,0.17794961,0.73932260,0.14556669,0.11652759,0.03522047,0.47820187,0.37781432,0.54841632,0.34474024,0.02551589,0.21570352,0.00408808,0.15804243,0.58800608,0.00612255,0.27713707,0.00040515,0.00128142,0.31253725,0.70132017,0.31936887,0.42885822,0.03980840,0.04904708,0.07731487,0.02821636,0.01473398,0.10466744,0.12077370,0.66146260,0.43662500,0.00145040,0.11707771,0.07872316,0.20232527,0.04969746
0.44395217,0.44124621,0.00208540,0.85893261,0.21108501,0.26530161,0.88603795,0.49161392,0.25416476,0.03162209,0.03474311,0.74042642,0.18582280,0.30739760,0.01255447,0.16486868,0.23994057,0.38612285,0.06863789,0.05073103,0.60427099,0.01151049,0.00241316,0.12332178,0.06167391,0.46748397,0.16421761,0.13864970,0.71835947,0.22089191,0.00171169,0.05496160,0.01847170,0.13315529,0.22995459,0.45613882,0.21162814,0.53340769,0.49236783,0.02715425,0.63363665,0.41280946,0.00204674,0.55391079,0.00069255,0.01042629,0.62182230,0.56555754,0.00810780,0.86803532,0.01442723,0.02662624,0.11561396,0.00174451,0.08592042,0.19164434,0.01660559,0.10384763,0.28644142,0.44500977,0.38798845,0.40489295,0.03429974,0.05448427,0.18294051,0.30340141,0.27790573,0.14287530,0.01059410,0.06511518,0.25052911,0.86402041,0.53703600,0.57908374,0.47565186,0.16222212,0.03080971,0.02897058,0.03796700,0.12214147,0.05196754,0.21935289,0.14185441,0.02764065,0.12226424,0.46298236,0.38226631,0.00775984,0.24238552,0.61046225,0.79087603,0.07018843,0.01417556,0.51046246,0.00052910,0.14468765,0.66048646,0.00628909,0.36958289,0.93390805,0.00221544,0.72316033,0.59048396,0.10282890,0.34922639,0.25469244,0.00195892,0.23399165,0.03176640,0.03474324,0.02402633,0.00057681,0.43836766,0.22712928,0.00011276,0.07269347,0.05505709,0.00644885,0.06652556
0.60980439,0.37327871,0.01029774,0.01097471,0.47523442,0.81430602,0.39286211,0.72659606,0.08635530,0.02029934,0.24591324,0.30203485,0.00224781,0.26648971,0.00002974,0.58273035,0.30376247,0.03277817,0.10363293,0.08888094,0.10508402,0.65954518,0.00596792,0.04748832,0.04612086,0.70048982,0.35008150,0.30833343,0.49783194,0.26324946,0.08186648,0.02658678,0.00174693,0.50687265,0.29485753,0.42380303,0.00971712,0.86038905,0.62323177,0.00010811,0.10373288,0.93165779,0.00657775,0.10618187,0.00075264,0.00638059,0.41763157,0.69688380,0.49271151,0.75920409,0.01707630,0.00272709,0.72793686,0.00329484,0.61566740,0.49267244,0.13445736,0.38601518,0.15987808,0.01690328,0.05287969,0.32181203,0.82412988,0.03510117,0.32910335,0.10618101,0.77355671,0.09153719,0.00168962,0.00912354,0.05151965,0.91911936,0.69239599,0.35233051,0.05119677,0.26887974,0.13499327,0.01601564,0.82672411,0.08659544,0.64469320,0.07085469,0.84965008,0.22820069,0.54732108,0.27930930,0.17803466,0.00039279,0.15415007,0.38487372,0.70761633,0.00637546,0.00477859,0.18268101,0.00014214,0.18177222,0.63041866,0.00394224,0.18453524,0.00094014,0.00169920,0.34827861,0.56734145,0.37160969,0.18341129,0.06021435,0.00000277,0.47206101,0.00445442,0.37512353,0.18707906,0.06073013,0.54127848,0.47890285,0.00005490,0.14528169,0.19365601,0.53786618,0.19524647
0.02654915,0.25693619,0.00326348,0.94973141,0.28385198,0.91293555,0.00885832,0.38355777,0.01026439,0.00042890,0.07867414,0.14879814,0.00005840,0.22677079,0.00001772,0.96469229,0.00491749,0.00456546,0.02679635,0.94418281,0.04834807,0.73208046,0.00300637,0.13741900,0.05062424,0.74265313,0.00091839,0.30458841,0.81840599,0.36887515,0.71756446,0.09139193,0.00108183,0.40696615,0.00111665,0.11323836,0.00051343,0.86049414,0.19300552,0.00146574,0.92104250,0.86504233,0.12069351,0.24581914,0.00014228,0.30178371,0.23349969,0.29460198,0.45882243,0.73958623,0.00182402,0.00045556,0.97498280,0.00733847,0.04498684,0.01762403,0.97867072,0.25843403,0.05927788,0.18463609,0.02310203,0.37418357,0.94368637,0.12488905,0.15551652,0.84137160,0.25593740,0.02918778,0.00717356,0.00504906,0.05193582,0.95215923,0.97410542,0.30566651,0.02140873,0.17780074,0.30324054,0.06695675,0.91444278,0.05498034,0.97594661,0.05714064,0.01541317,0.05297995,0.61986756,0.32277542,0.34456968,0.00326583,0.13766292,0.02122539,0.81327957,0.00148629,0.00046946,0.22203328,0.00037224,0.10478704,0.60148478,0.00004215,0.03713142,0.93506014,0.00649827,0.70770109,0.47317058,0.17776465,0.77439755,0.20527193,0.20148137,0.41755638,0.00367287,0.91636312,0.04640303,0.00823081,0.88401502,0.73717695,0.00053179,0.08854030,0.01031674,0.00181608,0.77165699
0.01235093,0.54521877,0.00002403,0.01860464,0.53632218,0.99672204,0.02220515,0.29988769,0.88298094,0.00013126,0.00164594,0.27008861,0.00000211,0.14341129,0.00030049,0.58743155,0.52265280,0.70799965,0.00277754,0.97810370,0.08483499,0.03950218,0.00087396,0.31283325,0.13008927,0.43783775,0.23367229,0.10940096,0.45644835,0.41239527,0.38835454,0.56495792,0.00412017,0.02417894,0.45490855,0.34867623,0.00003706,0.89910650,0.37863418,0.01533119,0.56518108,0.98242366,0.12810087,0.14185180,0.00041216,0.97291470,0.16275945,0.61842197,0.08122269,0.82299292,0.00207276,0.00007205,0.46952564,0.00077978,0.42184436,0.23406252,0.81781584,0.78109133,0.03121467,0.30125573,0.02846799,0.09751018,0.97878498,0.01810744,0.04225783,0.07885210,0.25497109,0.04538456,0.00132949,0.00640895,0.02743694,0.96051013,0.60365921,0.36510548,0.84644401,0.25889152,0.02050528,0.00119778,0.56511468,0.04260812,0.99523950,0.00929554,0.99284446,0.21679085,0.99266762,0.02924000,0.22724010,0.00663736,0.12413519,0.14982100,0.90589672,0.00398118,0.00044607,0.44065294,0.00321247,0.06955594,0.53182852,0.04202674,0.00075456,0.00490015,0.00354794,0.73492944,0.23881848,0.03934772,0.67043793,0.06010063,0.05763464,0.11636251,0.00814912,0.50539118,0.19064774,0.45013845,0.47881392,0.69229180,0.10068939,0.09408305,0.07097289,0.06882349,0.88438958
0.05935172,0.78701311,0.00042269,0.71661657,0.68460864,0.96708447,0.10197415,0.03108333,0.89124864,0.00921513,0.00457769,0.10560681,0.00003159,0.08896183,0.00180975,0.92264044,0.76329708,0.00172323,0.00104243,0.85737157,0.04411098,0.66054398,0.00322553,0.34245700,0.14799823,0.29475531,0.59427232,0.01069068,0.33315587,0.43891516,0.01171509,0.95579988,0.00762968,0.00541681,0.44557202,0.14173405,0.00033456,0.84278464,0.09713525,0.01566238,0.76823264,0.94300079,0.00969248,0.70661366,0.00381354,0.17564468,0.48293075,0.81111598,0.00344618,0.92799783,0.00030019,0.00022979,0.31466794,0.00130120,0.71048266,0.56872904,0.05900158,0.69540483,0.14179519,0.00273634,0.06858436,0.21003240,0.81796068,0.00908197,0.00221635,0.53952503,0.95830643,0.00794190,0.00288166,0.03726996,0.02498098,0.99606520,0.34425727,0.85180831,0.00320972,0.07053222,0.00173468,0.00613697,0.12476758,0.06200089,0.94636303,0.00978185,0.99766123,0.34998727,0.98076409,0.05495151,0.41734236,0.02154959,0.14032149,0.05076928,0.85373825,0.00823046,0.00095087,0.04435966,0.00568184,0.12124801,0.42070201,0.25121865,0.00133162,0.76002806,0.00313118,0.78156871,0.20814086,0.05129714,0.18889077,0.03911397,0.00087712,0.14078915,0.02276496,0.36632231,0.00477607,0.17638171,0.09562138,0.54417104,0.26934105,0.07058833,0.19704627,0.62997204,0.41800666
0.00192586,0.84831417,0.00008587,0.77332449,0.07306609,0.08612062,0.14333649,0.01224205,0.92182982,0.00084694,0.05901630,0.29897633,0.00020166,0.00500568,0.00218818,0.53481084,0.06782382,0.39128527,0.00006934,0.65903455,0.01978994,0.21168980,0.43213448,0.63357127,0.25473800,0.99361843,0.00550058,0.00742318,0.00505413,0.00030351,0.54675031,0.07318576,0.00197987,0.78983301,0.01345852,0.03212335,0.00025661,0.98510832,0.03028205,0.00154447,0.92418325,0.06785571,0.00043201,0.57563764,0.00823449,0.03977644,0.23081303,0.55454201,0.18608099,0.71798366,0.08716754,0.00005565,0.65798730,0.01769663,0.51195592,0.96651798,0.76565003,0.01870253,0.00370891,0.01211116,0.00571678,0.20874172,0.97439915,0.18071997,0.00142887,0.95871294,0.99196851,0.00155715,0.01878511,0.50154167,0.05735443,0.11669543,0.96816301,0.19433296,0.59778994,0.22121494,0.80764455,0.00293896,0.98983449,0.55148345,0.96782392,0.00153232,0.82684374,0.00503868,0.96277106,0.18478630,0.02833904,0.12178348,0.19280571,0.29145449,0.45857686,0.05101477,0.00010479,0.35301271,0.45373440,0.05217065,0.84608412,0.63039619,0.00074685,0.83825231,0.04868540,0.90481693,0.18000622,0.00328927,0.52201736,0.00128930,0.00011807,0.04401469,0.05175149,0.12379318,0.21193293,0.98064303,0.45985636,0.14596753,0.00673793,0.00123206,0.44614613,0.00266902,0.00101814
0.00215826,0.94037080,0.00031458,0.00380077,0.06183767,0.10222348,0.02517175,0.00518742,0.97152102,0.00054748,0.00105411,0.78428227,0.00066288,0.00125538,0.02526278,0.85556108,0.85531104,0.00039718,0.00066229,0.79052454,0.73152065,0.98643482,0.37311211,0.18399733,0.20826711,0.99863625,0.00799538,0.00101744,0.03522525,0.00026071,0.38240394,0.70602322,0.00187263,0.51738322,0.52403653,0.09808797,0.00012981,0.97833294,0.08872282,0.15309058,0.07117842,0.08623775,0.15886909,0.42894673,0.01105267,0.93077105,0.03208251,0.76351058,0.21515422,0.70853519,0.10617777,0.00005802,0.04236306,0.11844891,0.01286632,0.11440023,0.75154704,0.26779658,0.00635165,0.00169643,0.01773239,0.08570562,0.98982829,0.02477675,0.00398200,0.00022456,0.00742057,0.00338596,0.04143298,0.42872962,0.03360696,0.20642158,0.94902349,0.20457679,0.00017339,0.20268878,0.01327252,0.00190975,0.99481708,0.48737037,0.97898674,0.00244816,0.97547865,0.75414443,0.99300361,0.09275864,0.02919018,0.16071641,0.24684380,0.30427498,0.48425022,0.06856773,0.00030846,0.13692464,0.80078667,0.19728853,0.88634717,0.35086179,0.00066186,0.00341397,0.04575554,0.94606578,0.24625410,0.08260880,0.27876821,0.00369564,0.06038406,0.00680146,0.15775998,0.14160049,0.63151234,0.98814809,0.53669322,0.33591208,0.00314933,0.01921864,0.62030894,0.46698144,0.00346774
0.00873551,0.95394397,0.00242878,0.89773989,0.22915988,0.04502380,0.79573232,0.00092184,0.82034343,0.00888194,0.00839142,0.86887074,0.06067085,0.01273620,0.10644480,0.00701226,0.37931317,0.43453020,0.00199977,0.35926035,0.62279606,0.00369183,0.47105673,0.50557661,0.17434232,0.99999607,0.00166230,0.00049437,0.13235173,0.00211162,0.00034870,0.80311769,0.07498471,0.03390955,0.02272097,0.04782899,0.00136604,0.96277833,0.07773360,0.63217169,0.55185443,0.06082368,0.39063227,0.55751485,0.12632141,0.71310788,0.12506698,0.90159464,0.07030822,0.81941801,0.10328534,0.01024154,0.02911235,0.43804923,0.23363717,0.91305155,0.17008121,0.00932835,0.03705257,0.19390965,0.01928437,0.15144975,0.85110074,0.02777926,0.01065143,0.92981511,0.01087093,0.21522239,0.28665370,0.45973226,0.10518944,0.13970968,0.00427958,0.39142412,0.24899475,0.03828457,0.00046795,0.01620593,0.00329521,0.56678158,0.00127215,0.01155479,0.11672041,0.78872061,0.91240257,0.14042532,0.09379338,0.27281970,0.85414976,0.21577056,0.32405838,0.15693149,0.01370122,0.33236653,0.78340012,0.37070104,0.63428819,0.26408517,0.00342669,0.83047080,0.02612523,0.94118488,0.13709468,0.21868898,0.80569798,0.01394787,0.16202222,0.00403098,0.37831804,0.00367864,0.04021473,0.88316345,0.54885864,0.18994734,0.00183589,0.00039966,0.58744276,0.00008732,0.00483035
0.03412370,0.90306515,0.00111981,0.01991069,0.10490724,0.19415712,0.53776348,0.00040839,0.81487256,0.05161126,0.06766724,0.13273481,0.00538880,0.01007754,0.23364265,0.01861926,0.62573719,0.33076191,0.00574896,0.33259472,0.82859558,0.21356964,0.45653471,0.41941074,0.21228535,0.99999166,0.02112177,0.10066760,0.10299249,0.00539322,0.00543206,0.57737637,0.09807747,0.28809550,0.67008764,0.39571843,0.00410364,0.93125153,0.16901974,0.09494312,0.26446718,0.20959456,0.02321246,0.70623046,0.14352922,0.00176883,0.03354581,0.85661703,0.04616450,0.83352691,0.35984758,0.00947716,0.00603609,0.00101250,0.95623535,0.75891352,0.06706464,0.59631169,0.02098265,0.00662337,0.02518919,0.24474905,0.11700204,0.26296964,0.01421021,0.00018515,0.99287862,0.08690877,0.50677270,0.51177430,0.03203173,0.40570864,0.00633160,0.43943015,0.63857377,0.06716949,0.15682496,0.03678523,0.03631914,0.39217240,0.04682616,0.09660855,0.90249634,0.02879888,0.32845771,0.02684942,0.13729794,0.07023682,0.56513608,0.14326496,0.18178022,0.10879368,0.01335847,0.47520936,0.77954865,0.39611074,0.56488508,0.20210947,0.00102756,0.00206422,0.09991317,0.89886308,0.20707701,0.02583226,0.49456739,0.03778108,0.00000010,0.02806183,0.31433737,0.08443079,0.11907268,0.94327796,0.35124403,0.03937817,0.00112520,0.04008944,0.69521427,0.35915637,0.05986447
0.03590327,0.85817003,0.02051482,0.77519852,0.06307798,0.11336412,0.52144915,0.00086993,0.16205202,0.00140661,0.09374057,0.01166730,0.00177802,0.01417064,0.06192295,0.49312589,0.00204671,0.00016369,0.00683397,0.31627479,0.88598454,0.82721180,0.39133117,0.21429600,0.31848791,0.99996102,0.00201180,0.07672453,0.20294717,0.01741003,0.40029323,0.14361073,0.12548858,0.79192555,0.00972502,0.21454756,0.05986772,0.69248289,0.30954754,0.12760738,0.15810996,0.15010732,0.03662431,0.63851672,0.24682550,0.00018395,0.15074892,0.66658854,0.20510104,0.78732586,0.35078707,0.00744498,0.28473777,0.04105238,0.00474248,0.08790424,0.24659741,0.48581746,0.00574769,0.10772964,0.19900408,0.42387933,0.01715889,0.29844970,0.01791267,0.88728428,0.02789263,0.04874927,0.53833038,0.70872766,0.02465600,0.27694666,0.47942510,0.49004948,0.00069496,0.12230720,0.22174926,0.11679891,0.81488544,0.36671263,0.78054810,0.19076502,0.03041640,0.01654823,0.05826031,0.21894291,0.16384329,0.12156952,0.45851499,0.10451690,0.24998739,0.12515140,0.01861616,0.62812120,0.12551190,0.41093200,0.73567659,0.22145611,0.00690457,0.72170818,0.01451642,0.72770023,0.26629904,0.07616261,0.48406208,0.10255622,0.03863539,0.13709837,0.27415195,0.35308376,0.17206720,0.20753427,0.57664931,0.10379609,0.00709454,0.02068453,0.39016250,0.17103730,0.05719130
0.03012219,0.68747872,0.00114194,0.01351359,0.10144682,0.11926167,0.26592317,0.00048796,0.52690870,0.00113603,0.35933658,0.00657046,0.00009297,0.02224456,0.03003936,0.13553300,0.03127794,0.70540249,0.04763883,0.62470698,0.58315384,0.04034710,0.42846054,0.27952608,0.23290096,0.99933952,0.00228581,0.03529230,0.24878259,0.04803985,0.69912863,0.02472786,0.04754924,0.42159310,0.14444250,0.33638236,0.00321244,0.74755895,0.25853905,0.02324754,0.21698707,0.24293725,0.02141189,0.76363701,0.09481664,0.22554022,0.17616707,0.25630760,0.16466855,0.65776283,0.21161607,0.00009494,0.51338398,0.00462596,0.07158992,0.18691877,0.74723971,0.22338229,0.11224215,0.70185226,0.12454148,0.32868755,0.67061752,0.38631636,0.02428330,0.00088779,0.00445124,0.03055610,0.15051416,0.66981214,0.06520855,0.52944022,0.77257538,0.45835170,0.56264943,0.16226240,0.65251136,0.04712598,0.69550353,0.37797481,0.85687453,0.19581661,0.51314831,0.15146589,0.74171281,0.11441997,0.14931189,0.16869926,0.34158653,0.06012591,0.34215596,0.04249043,0.00918152,0.36121288,0.11326747,0.21946944,0.36526412,0.11850594,0.07672892,0.00485396,0.02585613,0.54644245,0.39901337,0.10076869,0.55160779,0.06325569,0.07113237,0.11395457,0.04483737,0.13388084,0.79003030,0.46360561,0.61035460,0.11772863,0.12415314,0.02915811,0.18194206,0.00021389,0.06820846
0.01837101,0.72551072,0.00050685,0.35951373,0.25576395,0.05424851,0.19309333,0.00197824,0.78358018,0.00834504,0.02511307,0.00066496,0.00030556,0.46630296,0.01080960,0.85479188,0.17244373,0.03256284,0.00326784,0.36635435,0.23561652,0.28086534,0.44747850,0.29069147,0.42376038,0.98848748,0.00282356,0.01262348,0.33272120,0.12070151,0.03596478,0.18717863,0.01394741,0.04934835,0.21311967,0.15522991,0.00096347,0.59956700,0.16976134,0.02708879,0.47789568,0.23512372,0.01106378,0.34279341,0.00756642,0.47575861,0.17907736,0.68608528,0.08180007,0.56013584,0.05038982,0.00001988,0.21628651,0.02107516,0.24838905,0.32783005,0.46865666,0.22307664,0.03585010,0.05198554,0.05302647,0.55369848,0.94580197,0.09559538,0.02627273,0.71480256,0.77016675,0.00967188,0.01931088,0.48861659,0.05602941,0.46256143,0.83316946,0.44081974,0.01253501,0.10191697,0.01720251,0.00734994,0.64536375,0.30887923,0.86206555,0.09459779,0.66983235,0.18401369,0.89479506,0.06494435,0.15703130,0.06298044,0.28769568,0.01740436,0.48235306,0.00906195,0.00272715,0.29751590,0.11006559,0.13088359,0.54563951,0.26669607,0.01212333,0.38298461,0.01644465,0.57930577,0.41383761,0.04983022,0.59501362,0.01816743,0.00017767,0.09390353,0.03029505,0.00914323,0.06192206,0.65115941,0.66591018,0.17481190,0.11227152,0.00798563,0.19671728,0.07408962,0.00695425
0.03683615,0.61787701,0.01818425,0.02889889,0.31660885,0.07601248,0.49008289,0.39175242,0.63649142,0.00937370,0.00275259,0.00051079,0.02232886,0.65825981,0.02735663,0.69104433,0.70234317,0.00202878,0.03875292,0.20435742,0.80653149,0.28835046,0.35902378,0.34833604,0.37272623,0.97423518,0.38726309,0.00785411,0.36355540,0.14298080,0.00666652,0.42553490,0.14825687,0.06197496,0.68783098,0.18935087,0.00573546,0.66720319,0.11323185,0.22379757,0.08180291,0.20572580,0.73184055,0.33054999,0.01852687,0.76230299,0.12163631,0.52326775,0.05724816,0.56466925,0.07996533,0.00085362,0.00368586,0.04860985,0.15616757,0.22842073,0.19235501,0.49192461,0.38292259,0.00891978,0.26537743,0.43341506,0.73395556,0.45423019,0.04968494,0.00017092,0.00525143,0.11955959,0.00142212,0.71268719,0.06566858,0.47204539,0.09336422,0.33003452,0.02058196,0.14118502,0.00091493,0.01315963,0.20087044,0.33028191,0.05310575,0.13163479,0.58337653,0.63882357,0.77213401,0.07441650,0.16495061,0.02105739,0.43655038,0.11122258,0.69926131,0.00549591,0.02958309,0.20328510,0.01871159,0.14308000,0.23132962,0.20511946,0.24444975,0.00245222,0.01974488,0.76000041,0.69708204,0.38856426,0.50348121,0.11717980,0.04262061,0.11749855,0.05027314,0.00160364,0.06472082,0.33038613,0.55597389,0.17280883,0.26571223,0.11783156,0.24748643,0.03832662,0.01931707
0.42111573,0.69485795,0.01341587,0.68283242,0.61144847,0.11146972,0.41627106,0.91196591,0.36832091,0.04028387,0.03099562,0.00005520,0.14192517,0.89187580,0.00328558,0.20188947,0.30903849,0.64405394,0.01106395,0.02234030,0.24454306,0.01678590,0.30373162,0.15714580,0.50654954,0.98323101,0.04247445,0.00755060,0.60597479,0.13372697,0.01388749,0.27982166,0.06755625,0.04340952,0.05180870,0.38283414,0.02016448,0.60665607,0.09909037,0.01082305,0.59345359,0.04048563,0.06405195,0.13095447,0.00811005,0.00446341,0.52281302,0.45975024,0.00167203,0.58673233,0.03211559,0.10145044,0.02660307,0.00155167,0.61112356,0.73255831,0.00750051,0.30760482,0.17040449,0.15788236,0.12462059,0.58951539,0.03299991,0.22647896,0.15824431,0.97786593,0.16445094,0.24384917,0.00016112,0.27011988,0.09912039,0.24561484,0.03126918,0.37488517,0.79894650,0.10991283,0.05969643,0.00860313,0.04771198,0.52617335,0.00704047,0.46879888,0.11770948,0.27319926,0.05105482,0.08933245,0.55983037,0.00012773,0.28282133,0.23033696,0.58548826,0.00854582,0.14339736,0.20229316,0.00200898,0.08477738,0.44754291,0.36809489,0.17928626,0.79102731,0.01674025,0.48671550,0.56708604,0.23679970,0.61279893,0.37644663,0.00270348,0.66774863,0.01451557,0.06042314,0.03461516,0.32038745,0.61616337,0.05273079,0.70236093,0.04437806,0.10444687,0.01936684,0.01333700
0.25094911,0.55964732,0.00262809,0.02938919,0.40094888,0.39655662,0.14741051,0.76379681,0.24096939,0.00779408,0.81009388,0.00008631,0.00321578,0.46673760,0.00004898,0.48095196,0.04458639,0.00209584,0.00111480,0.30214691,0.08201914,0.90518165,0.18705529,0.09973729,0.16198890,0.98387748,0.15746269,0.08750566,0.42697707,0.41354257,0.04823281,0.15794523,0.00509256,0.43095547,0.18890460,0.55176842,0.02890749,0.69753808,0.07729144,0.00024187,0.28568795,0.03875683,0.00002491,0.02858913,0.00722432,0.00918013,0.22132801,0.40890330,0.00631039,0.53480113,0.07886597,0.00850388,0.69499731,0.03412896,0.46172675,0.25681958,0.45780131,0.54865968,0.22378141,0.06356133,0.07354355,0.65725750,0.01435657,0.62912488,0.43607119,0.00130357,0.98603535,0.03918779,0.00000510,0.10178190,0.22111857,0.35855484,0.35061160,0.53126907,0.02632344,0.33141917,0.79727155,0.01070500,0.64936101,0.74388844,0.85666555,0.65068430,0.97744966,0.01533635,0.13417999,0.06289920,0.39797840,0.00003739,0.16168407,0.23231839,0.34921992,0.00544436,0.04270031,0.28574499,0.00069434,0.11101528,0.59337115,0.27655625,0.10931829,0.00460242,0.02953643,0.55445814,0.54826355,0.20885798,0.68065041,0.25080243,0.00000899,0.46684831,0.01845267,0.38766742,0.22394878,0.82759368,0.61389256,0.08198765,0.55451196,0.49077991,0.07228369,0.33755070,0.01566477
0.10797135,0.52021784,0.00499479,0.92238325,0.62888789,0.53550965,0.01569745,0.69132477,0.06513046,0.00051550,0.13722926,0.00003073,0.00002473,0.15750006,0.00001059,0.77235401,0.02220028,0.02522180,0.00002655,0.92155153,0.14116992,0.19067721,0.18068875,0.24169242,0.06507766,0.96637881,0.01515997,0.02405279,0.34446341,0.28835344,0.72308922,0.07499234,0.00046101,0.46648225,0.03649016,0.49502334,0.00310108,0.30208805,0.10121370,0.00162195,0.10252652,0.00037467,0.01089053,0.01140476,0.00278208,0.33999017,0.27600959,0.42670050,0.90248179,0.87204152,0.01099986,0.00317900,0.90751100,0.06722401,0.00289366,0.01967076,0.94368565,0.37790421,0.05122091,0.67466831,0.03023165,0.87803859,0.64857727,0.01235362,0.26380610,0.96920758,0.00718521,0.09486768,0.00001978,0.12823837,0.07957385,0.10495115,0.98468852,0.57273120,0.03705441,0.36684385,0.33406505,0.00087295,0.89764339,0.92468953,0.97900575,0.84822029,0.00058917,0.00447633,0.75277096,0.05884246,0.46683142,0.00115933,0.27355009,0.19491149,0.68305171,0.00031233,0.01066141,0.21444777,0.00193645,0.07773969,0.65220869,0.55883515,0.10197683,0.88420081,0.00268589,0.85854393,0.51670110,0.09222807,0.86783177,0.04196359,0.20253313,0.30425739,0.00548996,0.75151002,0.04836529,0.33233827,0.77071619,0.57069176,0.40701479,0.11225907,0.05308455,0.00055855,0.00761951
0.00485416,0.65292597,0.00000290,0.00651099,0.71451527,0.98694664,0.10791144,0.27141276,0.99051958,0.00014232,0.02903550,0.00013077,0.00000311,0.04267196,0.00033386,0.42521054,0.87352580,0.59783739,0.00023702,0.98198503,0.06025482,0.02476947,0.10030113,0.11570473,0.05539405,0.91796792,0.84816384,0.02023690,0.20580539,0.27247101,0.27899960,0.06579156,0.00037309,0.05496582,0.70814347,0.23366985,0.00000767,0.18510102,0.07238320,0.01705753,0.30385226,0.00002436,0.54428387,0.00679510,0.00010273,0.96357483,0.09375032,0.13491774,0.10879120,0.78796583,0.03306217,0.00002498,0.20012933,0.00106862,0.47428173,0.36449021,0.66412979,0.77197617,0.03084224,0.22052135,0.06033817,0.53854126,0.99562281,0.02834795,0.08883280,0.00027777,0.10259150,0.11636458,0.00010239,0.28029248,0.06843285,0.11286515,0.95691431,0.55669308,0.75794345,0.77295673,0.01309949,0.00015781,0.39718628,0.96975058,0.99326247,0.78472382,0.99829972,0.64505064,0.99244583,0.04432434,0.38762343,0.00885389,0.28893125,0.00644834,0.33006722,0.00107456,0.00189935,0.09556732,0.03839926,0.03436761,0.55654836,0.37848696,0.03843804,0.00147942,0.00215701,0.97080696,0.28727022,0.16921958,0.78002876,0.00923543,0.04426217,0.05263540,0.00364507,0.23646878,0.03359648,0.98802078,0.80455047,0.80884784,0.02269429,0.10494544,0.02226428,0.11637580,0.00609006
0.01155321,0.88206559,0.00003000,0.98801613,0.64717805,0.98699003,0.13110615,0.10607947,0.98175055,0.00182674,0.00200662,0.00207429,0.00001802,0.00701385,0.00185159,0.89125794,0.76824635,0.00048484,0.00010493,0.91444534,0.18434702,0.86840838,0.05558724,0.09701163,0.13751833,0.82508695,0.48502567,0.00254140,0.14245030,0.40573579,0.00827213,0.89208561,0.00138136,0.01361792,0.71367091,0.06667551,0.00004069,0.44101968,0.06463667,0.01273008,0.98887664,0.00192308,0.00550389,0.01512459,0.00171778,0.29429650,0.48270544,0.74911004,0.00085008,0.85338145,0.00178109,0.00013209,0.20858461,0.01137961,0.81219959,0.85899472,0.33026433,0.23632249,0.05785936,0.00087120,0.03203755,0.79220051,0.90650362,0.01575088,0.00438541,0.92234248,0.99438071,0.04416621,0.00033235,0.92193860,0.02392713,0.88316715,0.94981790,0.74581248,0.00374239,0.70745277,0.00193522,0.00074415,0.14631508,0.97085124,0.89982480,0.99976599,0.99989831,0.56075686,0.95813113,0.01859532,0.41720527,0.01175861,0.44759539,0.00304923,0.59112281,0.00828148,0.00077963,0.02715240,0.01718428,0.00828377,0.41314873,0.64984149,0.00110892,0.89879078,0.00706296,0.96306890,0.22985998,0.03829697,0.86094522,0.04009647,0.00004663,0.08552259,0.01803607,0.01170029,0.00060998,0.93501550,0.49062186,0.38729641,0.02017974,0.04828013,0.05677089,0.62319851,0.00082667
0.00750766,0.00975882,0.00014396,0.80988234,0.05771191,0.22389401,0.08607237,0.02848246,0.85815358,0.00188216,0.22468765,0.20527630,0.00019159,0.00281525,0.15917687,0.88880044,0.00917593,0.43821013,0.00017253,0.25363970,0.00212158,0.23788004,0.03518894,0.20316699,0.37164018,0.49002418,0.01659899,0.06404579,0.13531038,0.10976198,0.68619704,0.17014852,0.01979398,0.03104021,0.00934987,0.01163092,0.00053387,0.01031743,0.74061102,0.02113450,0.84381509,0.58951151,0.02344905,0.08747479,0.00048089,0.00638167,0.45219374,0.71459711,0.02838762,0.09178929,0.09323692,0.00019308,0.40338263,0.01582302,0.88079852,0.55776203,0.79664487,0.24793075,0.01996457,0.25956702,0.13735016,0.51410156,0.88339531,0.04865885,0.00901091,0.91956812,0.95488083,0.00317633,0.30515993,0.43851954,0.28318954,0.24796519,0.97242641,0.76927805,0.72743833,0.98508954,0.57891899,0.09611292,0.78504014,0.18170652,0.93084681,0.34708166,0.07064511,0.13353986,0.94113052,0.10589265,0.07148390,0.09945202,0.00885602,0.35625985,0.99951518,0.06650818,0.01352944,0.88739866,0.03265382,0.01774454,0.47013170,0.48182246,0.00354354,0.80800402,0.01700149,0.14347219,0.41718256,0.01836710,0.36151564,0.01352372,0.00001432,0.02806515,0.04033604,0.04732112,0.12895088,0.15436970,0.69185591,0.04780078,0.02405498,0.02221764,0.04135506,0.00489262,0.00289179
0.00233908,0.00000012,0.00044341,0.00362751,0.02653755,0.13301298,0.17042147,0.01252621,0.89239955,0.00005653,0.05385502,0.22309485,0.00000976,0.00150234,0.01174833,0.46800584,0.00487929,0.08959412,0.00011394,0.48148930,0.00055012,0.70978194,0.42212877,0.82825613,0.59321696,0.27584016,0.00823248,0.00489228,0.12787738,0.15814908,0.63178277,0.46524003,0.06706309,0.00179843,0.07816325,0.04304040,0.00005865,0.02087032,0.58870769,0.07456680,0.07132713,0.60707605,0.11711790,0.13066581,0.00160538,0.38666648,0.10074244,0.50726378,0.71388543,0.16342494,0.22561811,0.00008315,0.73329067,0.07942779,0.05314815,0.16291054,0.98489815,0.62738156,0.00204261,0.00008880,0.01480438,0.95097172,0.54539639,0.10537913,0.00128209,0.02899931,0.39483088,0.00208164,0.11085623,0.27765724,0.22786973,0.16859058,0.95009303,0.93518752,0.00260945,0.99582094,0.19803606,0.06462394,0.00142069,0.21872298,0.98518389,0.52226877,0.45932269,0.50632328,0.96306390,0.35927328,0.05753569,0.02009778,0.24261002,0.32558170,0.99988014,0.34659374,0.13190670,0.86928636,0.06359158,0.11895568,0.43233490,0.39928028,0.07584894,0.15929669,0.02939243,0.32984009,0.42613509,0.00743535,0.28764373,0.00332845,0.00208786,0.04269422,0.00674096,0.11276057,0.18672933,0.14158478,0.90304840,0.09321137,0.00064747,0.03212019,0.14066681,0.17344736,0.00663689
0.00034860,0.00000203,0.00039165,0.97862029,0.16016774,0.29703566,0.17986421,0.00853388,0.97754216,0.00820570,0.01404937,0.77731282,0.00112110,0.00219559,0.30576989,0.63931066,0.20945941,0.00315605,0.00046475,0.36634195,0.01264529,0.00023378,0.19714524,0.75440001,0.08097866,0.20222974,0.00888878,0.00117812,0.39081135,0.01342349,0.00087603,0.97218728,0.19869408,0.00019460,0.03632157,0.09667157,0.00031794,0.05474323,0.31758571,0.20226927,0.29627019,0.55754101,0.10320170,0.44701210,0.00215674,0.80763435,0.09351168,0.01919492,0.19489752,0.12448519,0.06785138,0.00016508,0.03210997,0.33394063,0.85905117,0.39203125,0.43764329,0.23220849,0.00118413,0.36040312,0.03455131,0.92335600,0.84446299,0.17061746,0.00318236,0.50935006,0.65796888,0.00015725,0.25433254,0.59169459,0.04286657,0.35008577,0.16511594,0.91368359,0.13388869,0.97438830,0.03319677,0.02383569,0.00210039,0.60367066,0.86430478,0.32956019,0.13359620,0.83039778,0.68044186,0.31282520,0.13376226,0.37227890,0.93929058,0.28278977,0.99298710,0.29634377,0.00514250,0.47685915,0.41397896,0.05774964,0.23456517,0.74242705,0.01424672,0.62326765,0.01797107,0.29840654,0.54553288,0.01495445,0.78579068,0.00841640,0.02903592,0.01804174,0.10021278,0.01458538,0.00836850,0.21536447,0.75846094,0.00438482,0.05126810,0.00116998,0.41494069,0.00628427,0.01121508
0.00693475,0.00001466,0.00590994,0.00215457,0.03727136,0.41627347,0.54414737,0.00281048,0.96392339,0.19131823,0.12284417,0.70734066,0.00047258,0.00343033,0.10449651,0.80776531,0.10920953,0.30332989,0.00302122,0.26042730,0.00023678,0.44353834,0.31995863,0.44915545,0.04546446,0.17868403,0.23837687,0.06640167,0.04247004,0.77452213,0.00310586,0.52665490,0.37107342,0.01326370,0.66453236,0.19210224,0.00448661,0.07620096,0.73358434,0.02582254,0.81843108,0.35912386,0.00441319,0.28005350,0.07287276,0.04633120,0.14645799,0.28071389,0.00030266,0.14070334,0.18599959,0.00189201,0.00077392,0.00375528,0.97218776,0.80967653,0.00362447,0.31150979,0.02192402,0.00156054,0.31065404,0.38970339,0.82583767,0.07018080,0.03510013,0.19132514,0.93993956,0.00021065,0.17441343,0.24554275,0.05060541,0.71859366,0.00441573,0.76265204,0.98819971,0.72624493,0.00194162,0.03333108,0.77868468,0.54349178,0.34939027,0.27141881,0.21082525,0.20511931,0.30322123,0.09353485,0.01634024,0.04741477,0.66811359,0.21864918,0.84981894,0.36872858,0.04535794,0.11599959,0.52298820,0.13066581,0.57032275,0.55195445,0.00111302,0.04339473,0.08527376,0.58044899,0.54425538,0.17729160,0.61692882,0.00705125,0.00033159,0.27390906,0.37785500,0.00310171,0.01085725,0.61632919,0.87147981,0.03551859,0.02411526,0.02012986,0.17460372,0.14429601,0.00798510
0.34329382,0.00091664,0.06557979,0.95519435,0.20956530,0.18898167,0.88241547,0.03685302,0.24125832,0.03505579,0.11353745,0.43980527,0.00382226,0.00320339,0.02354791,0.78384215,0.00802803,0.02593844,0.11835599,0.14536308,0.00042738,0.99738950,0.20827413,0.53665870,0.02971589,0.21117656,0.00669395,0.58333254,0.18635832,0.46037605,0.23752050,0.00452177,0.11169062,0.17210318,0.00669002,0.20846662,0.05028171,0.23511049,0.29103330,0.00128064,0.07850263,0.25779790,0.01663520,0.80106342,0.28591642,0.02381974,0.17842579,0.44507182,0.04199672,0.19580124,0.21666141,0.00540440,0.02816716,0.01391715,0.03141703,0.44066730,0.46218410,0.52320564,0.05574108,0.06310008,0.43276861,0.57251436,0.43176645,0.12135166,0.02768841,0.33537930,0.13911556,0.00095304,0.18729219,0.73501354,0.03163145,0.68724775,0.23340163,0.58983755,0.00023235,0.18617347,0.06980947,0.03406139,0.52643973,0.54826111,0.02563038,0.25311461,0.13392298,0.00156632,0.09621785,0.44426760,0.02191770,0.04008484,0.35271725,0.17332068,0.75724888,0.10101033,0.13941620,0.09068273,0.02531371,0.26078537,0.39737943,0.58770359,0.00420037,0.69043154,0.27222407,0.23953508,0.38922766,0.30816206,0.59375137,0.10857810,0.00493884,0.14481626,0.34466651,0.06081728,0.07343883,0.22585134,0.62539083,0.04314528,0.02463818,0.00660861,0.16479798,0.36867100,0.00605593
0.26543874,0.00322286,0.00254810,0.00264152,0.12467403,0.32446629,0.71068734,0.02065518,0.29241267,0.00019850,0.04085796,0.37239236,0.00666730,0.00163597,0.00048346,0.21597911,0.06247050,0.19505619,0.03426347,0.34454390,0.00728695,0.00016425,0.44760552,0.80501622,0.24367349,0.22504175,0.00288198,0.04674152,0.14439639,0.07545369,0.77525532,0.01239526,0.03262332,0.10202851,0.09928817,0.42990741,0.02434251,0.26674211,0.43598780,0.00851723,0.09488719,0.38303903,0.04311581,0.73121297,0.16360995,0.06382862,0.14847490,0.65068656,0.66413021,0.57579935,0.03045235,0.00200994,0.35807130,0.24060166,0.01146157,0.08895323,0.90530962,0.32671475,0.04076983,0.69976521,0.20358443,0.63886464,0.13214481,0.17540151,0.01496501,0.06880110,0.05999873,0.00511729,0.07458371,0.35915446,0.24800700,0.44386983,0.76931834,0.38036770,0.29012993,0.79263651,0.34026590,0.00178961,0.50945336,0.60158622,0.42673045,0.09439160,0.39515513,0.01134842,0.65180647,0.22139126,0.06667621,0.04343867,0.34509715,0.07453690,0.74785936,0.02336363,0.02283494,0.12498297,0.03127047,0.38865563,0.25250143,0.26936096,0.02138377,0.02312900,0.05827110,0.12687561,0.35189837,0.24247521,0.41944709,0.13125367,0.03540840,0.38327745,0.43024981,0.16699407,0.63660443,0.14042512,0.70743608,0.09237099,0.02423944,0.11781988,0.12037117,0.00068211,0.00613751
0.02405143,0.03144273,0.00019573,0.70273584,0.18725486,0.10634037,0.37095448,0.04603301,0.52256882,0.00054360,0.01968217,0.44483232,0.00017593,0.00241517,0.00047637,0.56404537,0.16425468,0.11906715,0.00667210,0.67731404,0.01255464,0.37271711,0.25325388,0.30321866,0.19565047,0.42131042,0.03952617,0.03551618,0.02350512,0.14116763,0.05648915,0.39576736,0.01328523,0.02587991,0.03429799,0.08204030,0.00035333,0.33994526,0.60437375,0.08331618,0.36237288,0.30243573,0.02050844,0.61849540,0.05864295,0.06099345,0.36336035,0.69754827,0.15427323,0.75912923,0.01561966,0.00061891,0.47801751,0.00746945,0.08800962,0.57210845,0.37293389,0.52561629,0.03793105,0.00292286,0.05887681,0.40972713,0.34218401,0.08248578,0.01309074,0.14601143,0.40672866,0.00482872,0.00558924,0.18701775,0.15220249,0.48776975,0.73640609,0.70115632,0.09983467,0.65534794,0.07204311,0.00132537,0.34586728,0.65931213,0.80867553,0.03184722,0.49949813,0.23836257,0.83156365,0.20486359,0.23673382,0.10689947,0.26656386,0.00196805,0.31062198,0.00906131,0.00601309,0.09406238,0.06201385,0.24034242,0.48888743,0.57312101,0.01170773,0.18236817,0.00756485,0.27015978,0.17980549,0.04583668,0.65296161,0.03536519,0.00447277,0.15902771,0.17128700,0.14322278,0.19807106,0.70953596,0.70525873,0.11862238,0.01310037,0.03029225,0.12093620,0.00783823,0.00325901
0.04999537,0.01689250,0.00062554,0.00257156,0.48706260,0.04750246,0.37092331,0.01135281,0.40572056,0.01487566,0.01962412,0.47394288,0.00091263,0.05190846,0.00846507,0.60187739,0.76088774,0.00219181,0.04159437,0.26258343,0.12147604,0.31622782,0.31633314,0.54503793,0.26161554,0.29936653,0.21126415,0.02720599,0.02598125,0.17052153,0.00200228,0.85333729,0.28555840,0.01371108,0.67376757,0.03913577,0.00030988,0.39326230,0.80771518,0.36723769,0.06437693,0.38191235,0.69940054,0.75820452,0.09377415,0.73767567,0.18346165,0.63359213,0.00439400,0.39657366,0.00694542,0.00500162,0.04076919,0.02069384,0.56838870,0.30006188,0.05185779,0.33306822,0.35967278,0.03972812,0.40058076,0.20319046,0.14670335,0.06236238,0.07240249,0.01508878,0.01051937,0.10869371,0.00724999,0.14656283,0.44934872,0.65217888,0.10974220,0.47309417,0.00005502,0.64763349,0.00362548,0.01934784,0.07337528,0.61988491,0.62220502,0.00321972,0.09400443,0.77036756,0.47649217,0.23897608,0.25769910,0.11180874,0.66314614,0.00413508,0.29971376,0.00109857,0.07064786,0.05001298,0.13693678,0.42255577,0.60934836,0.36323050,0.07787184,0.02013287,0.00011811,0.35781795,0.20642778,0.46064630,0.38373992,0.23707846,0.02205011,0.13758884,0.29303408,0.02754427,0.02768458,0.52536398,0.94501489,0.12212708,0.13339829,0.25880611,0.07952978,0.90922117,0.03335216
0.33848268,0.03483866,0.01459269,0.87157893,0.26239526,0.05087882,0.61790776,0.02132678,0.32763296,0.09603969,0.02328168,0.48307288,0.01902597,0.34328023,0.07153521,0.66168916,0.15083210,0.04058767,0.00634784,0.16857457,0.33892193,0.00219980,0.28416815,0.47043464,0.41065797,0.61235923,0.32559672,0.04032964,0.04306668,0.21550025,0.00432185,0.21542184,0.06899831,0.07666878,0.16331303,0.06784041,0.00569619,0.45521221,0.38421664,0.15732199,0.64856476,0.13599424,0.04348035,0.81676626,0.07146291,0.25204769,0.37376973,0.27870467,0.00080126,0.35314128,0.00089030,0.01117537,0.07277189,0.03337534,0.57704729,0.64465523,0.03829678,0.34571981,0.28570402,0.10470436,0.80571586,0.34552696,0.11365080,0.04128654,0.13669996,0.43968391,0.80496430,0.06992893,0.00244289,0.32345051,0.37637722,0.33200794,0.00605797,0.59443974,0.87031978,0.34880465,0.00379285,0.11324663,0.01099349,0.72268456,0.11796660,0.01310964,0.05110286,0.13740128,0.03520851,0.07138991,0.92831171,0.16649576,0.59526002,0.00129934,0.63704300,0.00717947,0.03203791,0.04731644,0.22883989,0.09020156,0.50893891,0.71483219,0.06313524,0.46930018,0.00021316,0.04690800,0.33545226,0.21332270,0.67661941,0.43144244,0.00029136,0.16218422,0.95254362,0.25893757,0.00087410,0.25530493,0.79108208,0.07030360,0.19150943,0.03458064,0.01115279,0.00061125,0.39404449
0.70644200,0.02714580,0.00326731,0.00974801,0.11828665,0.04183940,0.79313028,0.18904921,0.04186892,0.01298440,0.09521386,0.02998866,0.00209202,0.16802096,0.03050077,0.71564734,0.09393150,0.54228419,0.00517679,0.04013865,0.18143304,0.99200648,0.36936602,0.70818031,0.46896395,0.59531468,0.00433229,0.03336016,0.02509796,0.28870201,0.34435207,0.02396906,0.00044207,0.44890085,0.32276455,0.12010610,0.01310594,0.37437788,0.19757834,0.00308251,0.15499370,0.24316682,0.00759401,0.51729089,0.00809520,0.00355920,0.54074579,0.21618649,0.01882088,0.47343665,0.00158772,0.00461771,0.48930094,0.00024622,0.02401732,0.26095939,0.46993846,0.51278394,0.12082238,0.00983842,0.23689014,0.61719024,0.72714674,0.06320011,0.08733427,0.06915325,0.80883837,0.09416053,0.00303919,0.10754423,0.41581473,0.54518968,0.14697476,0.69663715,0.04882133,0.77588135,0.61215180,0.10197695,0.56849444,0.72933859,0.20493288,0.05604245,0.03358940,0.01357369,0.35061711,0.22086805,0.70758384,0.00864411,0.24868372,0.00854242,0.60228872,0.00128580,0.01057645,0.00294374,0.08034822,0.06370031,0.78692836,0.56330901,0.05064082,0.02064960,0.00035869,0.01055783,0.09864957,0.00712718,0.41590777,0.25379762,0.00016314,0.10301769,0.82279629,0.67640281,0.79246074,0.27660340,0.91140962,0.01911412,0.14606437,0.17758301,0.00848489,0.41733715,0.27430105
0.02209191,0.11453968,0.00141383,0.95839459,0.07983906,0.00993525,0.73689258,0.45576119,0.40363738,0.00012780,0.00686792,0.46597221,0.00704123,0.31586480,0.00905478,0.56971800,0.09242394,0.00011812,0.00395600,0.24909821,0.27649143,0.12867463,0.25231442,0.64081806,0.22346480,0.75382352,0.02582857,0.02535616,0.26309523,0.19087350,0.76303595,0.08474962,0.00020259,0.70871043,0.08288995,0.02069820,0.03027923,0.22459759,0.37703270,0.00249426,0.01708194,0.19271874,0.15694803,0.50016612,0.00223853,0.01174104,0.34400693,0.16714367,0.69647557,0.47396579,0.00219512,0.00100109,0.89542383,0.11836223,0.01099211,0.04846238,0.79466593,0.69287366,0.03631554,0.04494545,0.01822614,0.85757643,0.40317667,0.29741824,0.00058513,0.64197177,0.00168407,0.01649446,0.00076249,0.17600134,0.28901675,0.33570415,0.98051393,0.74443758,0.00036385,0.67568493,0.34552640,0.01783022,0.86479676,0.79434502,0.65677917,0.00782245,0.08396079,0.05543736,0.82555491,0.52174568,0.53851384,0.00039201,0.58094031,0.00249171,0.62427950,0.00178157,0.00361145,0.00254632,0.00488908,0.08248650,0.87496448,0.70075160,0.12776926,0.56466347,0.00019047,0.00271762,0.03909103,0.00741985,0.65072221,0.07527553,0.03007225,0.03813364,0.00366710,0.52483255,0.83352160,0.09181048,0.97793829,0.00135161,0.02949539,0.01165263,0.00236855,0.26189324,0.20521569
0.02562962,0.08303636,0.00012194,0.02539714,0.27037263,0.00460636,0.11996368,0.25660944,0.91831684,0.00139953,0.00344790,0.41951868,0.00021947,0.67686713,0.00462543,0.84240991,0.35432929,0.96033084,0.00016528,0.91145396,0.14334372,0.01181248,0.22581200,0.29680780,0.43359071,0.77472711,0.23374577,0.01801711,0.19491290,0.27597642,0.15784863,0.26518080,0.00153188,0.47020060,0.42093030,0.00793504,0.00027541,0.39652994,0.44031528,0.01690868,0.05695487,0.18023437,0.60631949,0.35067502,0.00298005,0.88220763,0.14001429,0.22968096,0.08851155,0.73322117,0.00033145,0.00002383,0.38425881,0.01053075,0.76204169,0.72502524,0.72120786,0.89561731,0.03279364,0.03889054,0.01007111,0.81569666,0.93888652,0.05616635,0.00606337,0.08538542,0.77803904,0.01769471,0.00027774,0.01301239,0.65488940,0.34148464,0.87640655,0.89972138,0.80899119,0.56456316,0.30913016,0.00006194,0.71772355,0.60713440,0.92767483,0.01140444,0.45195726,0.51234031,0.99582100,0.07508461,0.22822019,0.00753465,0.23726362,0.01499208,0.84281099,0.00267440,0.00102804,0.00099929,0.02598810,0.01063637,0.80602556,0.54463553,0.04307464,0.07599129,0.00114276,0.00523305,0.02392526,0.01044075,0.61597568,0.03003888,0.00011990,0.02171842,0.01228267,0.13839583,0.82136703,0.52446836,0.96871442,0.00022228,0.01222260,0.00360751,0.00377203,0.00006869,0.33796215
0.01120645,0.14314879,0.00015347,0.77942878,0.11326435,0.00430553,0.10012246,0.44783497,0.30324820,0.00179360,0.00373241,0.48230693,0.00007239,0.63531971,0.00911644,0.93036163,0.09862208,0.01659098,0.00061641,0.60414022,0.24170320,0.87463856,0.19411299,0.19373316,0.55543035,0.44771928,0.02315779,0.00710931,0.32882330,0.41572586,0.00499057,0.61997896,0.00388140,0.52530164,0.12726434,0.00778128,0.00322438,0.33259964,0.46255201,0.08148569,0.35414883,0.11936224,0.04863005,0.63360232,0.01311042,0.82983476,0.53589034,0.64979362,0.01515158,0.76372087,0.00424040,0.00007278,0.03772318,0.00175886,0.68117952,0.79259181,0.33297259,0.71409744,0.01131217,0.00194840,0.04469699,0.89994425,0.94304955,0.05213466,0.00345070,0.55701721,0.95038265,0.01158556,0.00201414,0.48014542,0.22180086,0.16039522,0.69280428,0.89971650,0.00176609,0.53675961,0.01639782,0.00185758,0.21267872,0.39704338,0.90307695,0.00083890,0.03157552,0.34594959,0.96506846,0.04171715,0.03906101,0.02026251,0.67871475,0.00543514,0.58037001,0.00628130,0.00164834,0.00324332,0.05757665,0.00699557,0.52935910,0.89823771,0.01595949,0.60599303,0.00332947,0.17576285,0.03758261,0.00575818,0.76094753,0.03068803,0.00004061,0.01901687,0.03544484,0.00313429,0.95078790,0.67442101,0.99294817,0.10044613,0.02872972,0.00086144,0.07417562,0.90571678,0.08126742
0.00243523,0.58297187,0.00004629,0.94082850,0.00124492,0.08226664,0.15361314,0.01209399,0.96224844,0.00070433,0.39394289,0.35455310,0.00021261,0.00659908,0.01337388,0.85588795,0.00908916,0.58298695,0.00035974,0.55440921,0.00594396,0.19511929,0.78366482,0.10314126,0.31852782,0.02932468,0.01096146,0.00387433,0.04922513,0.99981999,0.35537630,0.14274681,0.00039516,0.81591529,0.01135079,0.10379206,0.00032101,0.34986570,0.05259193,0.00164293,0.92218029,0.55944127,0.00150213,0.97385895,0.02397014,0.01956442,0.00242953,0.48518753,0.07195986,0.98035449,0.12307102,0.00006268,0.78171951,0.01345227,0.43243706,0.97909993,0.86448967,0.96774763,0.00090273,0.13854568,0.01790247,0.08171508,0.90949696,0.08909651,0.00940174,0.88820797,0.96693975,0.00364284,0.00904940,0.56129789,0.14521159,0.68483287,0.92403138,0.10451055,0.59772927,0.24491198,0.66048479,0.00062867,0.95958108,0.65473151,0.97494209,0.09095556,0.77352524,0.00311463,0.97201043,0.17208287,0.06599870,0.11154923,0.11383774,0.16112959,0.03687191,0.01845264,0.00067590,0.03356289,0.50726581,0.07616364,0.67999792,0.76545000,0.00147486,0.86498958,0.02926303,0.92396146,0.20660734,0.00146927,0.85494131,0.00238763,0.00007979,0.00359707,0.12238295,0.36632189,0.06344152,0.90967298,0.56355625,0.02547325,0.00704521,0.00506615,0.38328168,0.00632737,0.00268096
0.00149185,0.54933876,0.00056960,0.00455903,0.04532282,0.02317174,0.13881263,0.01345695,0.97150129,0.00231071,0.00111590,0.12516727,0.00008490,0.00409862,0.04507015,0.62885994,0.65700656,0.00184655,0.00050358,0.81832409,0.05050918,0.98163944,0.84502047,0.25437945,0.26511112,0.03527282,0.00816165,0.00312456,0.13587557,0.99976468,0.79274994,0.71286368,0.00468398,0.62274653,0.58303750,0.01655089,0.00033651,0.93680364,0.08925463,0.02831541,0.05095274,0.82568181,0.28470808,0.96911788,0.01732458,0.74595249,0.00145994,0.42164001,0.34470922,0.98744839,0.07204791,0.00005598,0.10334801,0.09724433,0.08888992,0.75076288,0.90935761,0.93188888,0.00819657,0.00146568,0.04506671,0.10676656,0.98991400,0.03775691,0.01507261,0.00123162,0.04699850,0.08115196,0.00916058,0.73743868,0.14335893,0.57194024,0.15330499,0.08866316,0.00016959,0.56865931,0.00408878,0.00120834,0.97909701,0.63462675,0.98736393,0.03927168,0.96277833,0.22508207,0.96886170,0.19759734,0.00561595,0.06035065,0.80611366,0.23944266,0.04045850,0.02176493,0.00322303,0.02887145,0.43842012,0.12468398,0.43565747,0.22271064,0.01003056,0.00012135,0.04796248,0.95635307,0.07610048,0.01900363,0.64706028,0.00174991,0.07045718,0.00161451,0.35561770,0.05401786,0.30416882,0.89489096,0.69734579,0.08964962,0.00471806,0.07105888,0.49047494,0.56839174,0.00134380
0.00143355,0.56003034,0.00094154,0.94071084,0.07857275,0.07745396,0.34050781,0.00067358,0.69623119,0.00584194,0.00289104,0.25706771,0.00079385,0.74076396,0.04561201,0.82206261,0.36086482,0.50378644,0.00101660,0.23899029,0.34883985,0.00433588,0.75211853,0.08054814,0.71412015,0.06280696,0.01518014,0.02143152,0.13379543,0.99350101,0.00591022,0.96810156,0.28986350,0.96952313,0.04783991,0.05199127,0.00189400,0.72055042,0.06642620,0.65806752,0.60688895,0.49888387,0.26988599,0.99984515,0.14127241,0.63537669,0.01876597,0.74910498,0.00271959,0.99459434,0.02694612,0.05366860,0.05741517,0.34765962,0.04613694,0.14984941,0.06681822,0.83025986,0.04801084,0.30616990,0.70755965,0.20897570,0.77276766,0.03640921,0.04052408,0.95313513,0.03084625,0.36661944,0.07187382,0.54524893,0.06594161,0.53473157,0.00125884,0.52134991,0.12645543,0.06875744,0.00994351,0.01074649,0.00052226,0.68563789,0.92985171,0.06256717,0.30215156,0.70639229,0.13600323,0.08134520,0.06600998,0.19288839,0.60420197,0.18995954,0.05072077,0.07716145,0.00833725,0.22794104,0.27169964,0.34796438,0.93385881,0.38465822,0.00746547,0.91803443,0.03795058,0.90761185,0.20592257,0.06947866,0.67189389,0.04415391,0.03955549,0.00651986,0.06941533,0.02869336,0.00745813,0.88500172,0.72320038,0.01896540,0.00258054,0.00163688,0.30909362,0.00033049,0.00150249
0.01596195,0.67550105,0.00045102,0.01157406,0.05276769,0.13726029,0.69783390,0.00065699,0.61267883,0.01413129,0.18733750,0.38077036,0.00071735,0.23362406,0.06901154,0.29990020,0.01260124,0.35986900,0.01103283,0.01370332,0.00667688,0.18557848,0.61743432,0.03612519,0.50986224,0.12357623,0.14059219,0.00800894,0.01664911,0.86673659,0.00347831,0.00587639,0.10035777,0.85144645,0.82436699,0.10473422,0.00765284,0.69389343,0.24618946,0.41791266,0.64417011,0.61894614,0.00740331,0.96255285,0.17986098,0.03147076,0.00912927,0.78696424,0.00099907,0.99146104,0.13186891,0.01854161,0.00732966,0.00337405,0.93006831,0.96130949,0.00154468,0.69637328,0.01194863,0.00119161,0.32602611,0.04492066,0.15242359,0.14254940,0.16929099,0.00414433,0.98626506,0.19208442,0.15117438,0.63625795,0.15040091,0.34865850,0.01441029,0.52850103,0.64037824,0.17176434,0.29820478,0.02502472,0.02197454,0.79320663,0.28718063,0.08655421,0.98086560,0.46789637,0.28910285,0.12487078,0.01122937,0.01902702,0.63204384,0.33200267,0.08769037,0.31647515,0.02484018,0.49515399,0.00145085,0.47470167,0.64921129,0.07789087,0.00593084,0.00021396,0.06215533,0.86644316,0.59876543,0.03059584,0.37290573,0.01871562,0.00000334,0.04746172,0.04738878,0.01689160,0.10176258,0.93438137,0.46615142,0.00626692,0.00092003,0.02118537,0.32336751,0.30140412,0.00149042
0.04612667,0.78080541,0.03107950,0.91272771,0.07609296,0.11764561,0.54361409,0.00125886,0.16044301,0.01036565,0.09447864,0.18793587,0.01007911,0.12810518,0.03720776,0.71546853,0.00136894,0.00038590,0.01179228,0.08462065,0.11252389,0.92445910,0.78324223,0.08737598,0.66437966,0.13355702,0.00275050,0.00729169,0.04005669,0.75803745,0.19122824,0.00194960,0.15073928,0.86397529,0.01724918,0.17735371,0.03697309,0.38453308,0.18799013,0.11932829,0.32840207,0.61496764,0.00425012,0.97350222,0.16268353,0.02005938,0.07110475,0.75961614,0.19524211,0.96935648,0.09605279,0.00325351,0.53987163,0.42873064,0.03982015,0.01920330,0.43747035,0.55217779,0.04746267,0.08310976,0.17283918,0.25353080,0.08902179,0.17810327,0.03207535,0.89416790,0.03277075,0.19304347,0.10836820,0.85717374,0.02576511,0.37274683,0.89437091,0.44330007,0.00182377,0.13688026,0.07791119,0.25603434,0.89993167,0.71244049,0.15859245,0.39699093,0.08224828,0.02488935,0.06756128,0.66617817,0.04465818,0.00658007,0.40050340,0.23526348,0.22038406,0.09679423,0.00646262,0.35940811,0.01959977,0.38307104,0.75183749,0.16841376,0.01796146,0.86776614,0.11104606,0.70274687,0.45123342,0.07283913,0.53121364,0.02262499,0.03887019,0.06496437,0.00299284,0.10188317,0.09732787,0.06675962,0.77082318,0.04475782,0.00210930,0.03480703,0.12586325,0.37814897,0.00505633
0.02319388,0.63348323,0.00389946,0.00589545,0.07778979,0.33682045,0.24277455,0.00521041,0.72623485,0.00076134,0.20152418,0.38059691,0.00655063,0.02610110,0.00403012,0.39104769,0.19328816,0.65125895,0.00546063,0.75022906,0.21700856,0.03114585,0.76850843,0.02746470,0.61878920,0.28612363,0.01570414,0.01301398,0.01294185,0.32918417,0.82216293,0.05334043,0.10490023,0.60829192,0.02797312,0.17950587,0.00586100,0.48006508,0.22405009,0.03331356,0.12848371,0.62435055,0.06868006,0.92840904,0.04386999,0.11335452,0.02886539,0.24592870,0.23913227,0.91632915,0.05114286,0.00009169,0.44442695,0.16122329,0.02805847,0.01311414,0.87108570,0.67574322,0.04834026,0.62034059,0.34275535,0.27240750,0.57211095,0.18809050,0.03787753,0.00897113,0.01984473,0.26814088,0.13757341,0.67782825,0.09843635,0.33874929,0.67713499,0.24550337,0.48347074,0.22638585,0.35300159,0.07063834,0.76813048,0.76425666,0.83260310,0.18949421,0.59286726,0.02524116,0.60236979,0.42757887,0.10549695,0.00315601,0.27227399,0.45033100,0.34673440,0.04414403,0.00006305,0.14874713,0.01543855,0.20670190,0.55198741,0.06022153,0.10328136,0.00080541,0.05009951,0.43276766,0.43459874,0.10942033,0.50916880,0.02756545,0.06209722,0.08469298,0.00602544,0.34918466,0.22055876,0.45365953,0.75586885,0.07957953,0.01734853,0.07798626,0.04098333,0.00003178,0.02570856
0.01528566,0.69970989,0.00123671,0.63221723,0.23771001,0.20396951,0.17437685,0.03725740,0.89667577,0.00457234,0.04407183,0.54556280,0.00052799,0.03247732,0.00696582,0.85853380,0.11135103,0.02274115,0.00019371,0.83430570,0.07921867,0.19947973,0.56186777,0.07108387,0.38675189,0.21628365,0.01520370,0.01266633,0.01090127,0.43562406,0.06048268,0.70760065,0.00898418,0.70014817,0.11018081,0.18238136,0.00293204,0.29656607,0.35436538,0.00954462,0.45071259,0.54293311,0.01105149,0.80225748,0.00746580,0.05245757,0.07083368,0.56030989,0.04384381,0.92180419,0.02090227,0.00007949,0.56598377,0.00703902,0.40479302,0.79254401,0.54507941,0.34846517,0.02420340,0.08497138,0.15625362,0.53017026,0.85398233,0.01691096,0.01062120,0.54016602,0.72731942,0.06843539,0.03463137,0.86697340,0.06312102,0.26219782,0.74985969,0.25476015,0.06539693,0.08843111,0.07245529,0.02235930,0.58084351,0.67423660,0.96689582,0.04411224,0.54705870,0.21096016,0.76277822,0.45563689,0.29176137,0.01560158,0.49084234,0.07778601,0.50803769,0.00999179,0.00049871,0.11107106,0.01401633,0.11448389,0.65746152,0.35475850,0.01795552,0.56926417,0.01311259,0.66187078,0.17730947,0.04232634,0.60993397,0.02582569,0.00034241,0.06620919,0.00075961,0.23614481,0.02149163,0.20281936,0.72308791,0.06694630,0.02000530,0.02937147,0.01962684,0.04641821,0.01168204
0.05662956,0.62584484,0.00724683,0.02751233,0.39210719,0.29365367,0.24606800,0.13003042,0.18777233,0.01173128,0.04955408,0.47088835,0.00058288,0.05703062,0.03090200,0.84607112,0.81613636,0.00207974,0.04255684,0.17702979,0.21446967,0.53578222,0.42990497,0.01848578,0.37371504,0.09449137,0.28052941,0.03714545,0.00155220,0.35644466,0.01028294,0.81829315,0.03286018,0.47821102,0.08590973,0.29515019,0.00210104,0.60115170,0.57810909,0.01277688,0.07490753,0.85386753,0.35718253,0.93791604,0.00376355,0.42193505,0.18873809,0.92054945,0.02762759,0.96783888,0.01705378,0.00830581,0.01402558,0.03491416,0.23702385,0.12100939,0.05055657,0.30405590,0.07682797,0.00545685,0.03223985,0.66749316,0.48666370,0.00244849,0.15763804,0.00120790,0.00681968,0.05284010,0.31248510,0.87664407,0.17964794,0.13457510,0.02062614,0.30345765,0.02404295,0.26028901,0.01970934,0.05282984,0.04052611,0.85579062,0.76930821,0.04117823,0.71910220,0.84443885,0.41027072,0.03231533,0.42107895,0.00134926,0.90160239,0.17239696,0.67601180,0.00537400,0.02666209,0.06951077,0.07971855,0.16417404,0.44990909,0.30835313,0.04632892,0.00034801,0.01658145,0.85340434,0.39307183,0.40057373,0.49417838,0.08220803,0.02590895,0.05666982,0.01581968,0.27588192,0.11109387,0.25055438,0.60066414,0.04185800,0.21744969,0.64120942,0.01127735,0.42333025,0.06641815
0.08971447,0.67811924,0.00033706,0.66277301,0.29589251,0.05649386,0.39286321,0.39367139,0.76391989,0.02077704,0.13788918,0.62741059,0.00177333,0.02446107,0.00599550,0.72452110,0.16276073,0.77178478,0.00645336,0.00493072,0.41438168,0.01344751,0.46195814,0.03332125,0.76300067,0.32649171,0.09046850,0.06966598,0.00242871,0.11332349,0.00568665,0.01769496,0.01005870,0.46898076,0.08429751,0.24562681,0.00449040,0.43785501,0.40835905,0.04406064,0.69252157,0.89435941,0.03019516,0.97429627,0.00281705,0.12277419,0.44621605,0.68507123,0.00191027,0.95171928,0.00991073,0.16081342,0.07619438,0.00710033,0.40430632,0.03118844,0.03749200,0.30148673,0.01152325,0.50622267,0.13526696,0.93010551,0.09748009,0.01500033,0.06834241,0.88441646,0.54820317,0.04945781,0.13769306,0.75571728,0.21802413,0.20590408,0.08902662,0.17879233,0.18994923,0.29771107,0.02132884,0.04976111,0.03778980,0.84012729,0.05228843,0.06002126,0.13150802,0.07219201,0.05654630,0.05663933,0.71865016,0.00364423,0.86783278,0.20686342,0.65850794,0.00035837,0.07350339,0.09823515,0.00884914,0.10966166,0.59133023,0.35421729,0.06462293,0.80716795,0.01101730,0.66093385,0.27576861,0.48451635,0.77327132,0.50359005,0.00201243,0.15179475,0.01962449,0.13626261,0.02121660,0.30367512,0.74542272,0.08861307,0.68992424,0.34720498,0.00910562,0.00090355,0.11795613
0.12349755,0.43064797,0.00142413,0.02502759,0.26652831,0.87531477,0.12769157,0.24074034,0.91773522,0.00284145,0.04247956,0.14930952,0.00017860,0.01152181,0.00131218,0.35557809,0.18328297,0.00179000,0.02077702,0.09323870,0.10071065,0.69732475,0.61288804,0.01346461,0.63497609,0.23963824,0.00891593,0.03434442,0.01038591,0.10646455,0.08540998,0.00054659,0.00076268,0.12072286,0.01615393,0.68376154,0.00225542,0.43442011,0.87652987,0.01533621,0.41882229,0.94002050,0.02416056,0.89135808,0.00149358,0.08624645,0.49008843,0.62164170,0.04083434,0.91353011,0.01482041,0.01258115,0.17260404,0.00018228,0.71063769,0.70169866,0.56587118,0.46793395,0.00524671,0.01292057,0.06040665,0.98216528,0.34116417,0.00113829,0.04048225,0.01275592,0.98389566,0.01271504,0.18226300,0.63218355,0.05239022,0.16941504,0.80182707,0.10230324,0.32420245,0.40007091,0.14645781,0.00169489,0.76585722,0.92951584,0.24215183,0.00440117,0.98862660,0.00936607,0.76778805,0.03210250,0.22805414,0.00352494,0.81077540,0.53395402,0.61392546,0.00448985,0.09245606,0.05004479,0.01454458,0.05216981,0.54351848,0.06669439,0.05842551,0.00130260,0.01057022,0.96366209,0.19963904,0.31628570,0.63426381,0.39505833,0.00002082,0.10396977,0.00630135,0.28158349,0.23653924,0.66906023,0.45474103,0.58281302,0.46916604,0.65116239,0.00385958,0.73873085,0.02609195
0.03317805,0.74074095,0.00053218,0.36501709,0.03304132,0.44497514,0.11316416,0.19758561,0.89614689,0.00426694,0.02677269,0.15932406,0.00027088,0.00854094,0.00248815,0.61539543,0.72143096,0.09654977,0.00080694,0.66351700,0.11086208,0.90023190,0.82895929,0.01219134,0.52512807,0.55201232,0.00170968,0.00333875,0.02699787,0.09473703,0.64741081,0.07026324,0.00262215,0.19672820,0.00411575,0.29639906,0.00066223,0.35301378,0.81433845,0.01702426,0.62452024,0.98858541,0.25646406,0.93186307,0.00816811,0.17869243,0.33748782,0.17335328,0.82277757,0.73904902,0.01025749,0.00026449,0.39479098,0.01377935,0.11355843,0.24952964,0.94064099,0.38407439,0.01404502,0.02394450,0.35622296,0.98542237,0.65579575,0.00349213,0.03558360,0.63983351,0.01044613,0.00361939,0.00432244,0.75611287,0.37111974,0.07583293,0.96266031,0.10495077,0.00318499,0.35173151,0.04431414,0.00577925,0.98469371,0.86084121,0.78931403,0.00806327,0.26534057,0.22230275,0.78003895,0.13305794,0.11778954,0.00488089,0.88863093,0.13965398,0.73121959,0.00709654,0.02802894,0.00933123,0.01489881,0.03931899,0.52263528,0.63217628,0.01079911,0.99039227,0.01327443,0.87855303,0.19075435,0.76020491,0.96685988,0.58669543,0.03284560,0.07808153,0.01442196,0.05281263,0.02292881,0.12384345,0.90529531,0.56859487,0.08131103,0.76492083,0.01607032,0.00377052,0.00550069
0.01558388,0.86047441,0.00043617,0.10402385,0.01764160,0.08523448,0.51364619,0.13796660,0.91299468,0.00388912,0.06104409,0.22600070,0.00015808,0.00638983,0.00811685,0.74901712,0.95303571,0.04521739,0.00174814,0.17704421,0.04118250,0.02971224,0.58953494,0.03648490,0.53186202,0.63133508,0.00452845,0.00021782,0.01923551,0.12348296,0.08950317,0.74741942,0.00443909,0.06602593,0.48863992,0.19147310,0.00077559,0.12824106,0.42334244,0.02173112,0.84753531,0.98790425,0.19444796,0.97550422,0.01065578,0.58188415,0.16872123,0.77549303,0.06077728,0.73548937,0.02640945,0.00066330,0.25633842,0.01087615,0.48118186,0.09660794,0.72991186,0.49458256,0.00675078,0.01332655,0.47135434,0.97103167,0.92604792,0.00673474,0.02152474,0.07518615,0.64518124,0.00151583,0.02008866,0.38044205,0.21698286,0.05315357,0.92364985,0.41093689,0.03698101,0.04820928,0.01710124,0.01186492,0.93040502,0.74055338,0.84018624,0.00583823,0.40574220,0.70303935,0.94149721,0.08242529,0.01989790,0.01685503,0.75696051,0.05362171,0.89870197,0.02220120,0.00652951,0.03261289,0.06056024,0.06138639,0.23291403,0.48552835,0.00191108,0.06604054,0.01234561,0.93178052,0.53804117,0.28108716,0.96593440,0.41720787,0.00163775,0.03737018,0.02661079,0.07674757,0.09702692,0.52379215,0.99417681,0.24351069,0.04974554,0.11405472,0.08359157,0.00282126,0.01099706
0.01668559,0.40058711,0.00082397,0.19678573,0.15312299,0.04951786,0.15195224,0.03521677,0.61167461,0.00373517,0.01989491,0.21486786,0.00054382,0.05091503,0.00947941,0.72626954,0.19312942,0.03920016,0.00281236,0.65700865,0.08552486,0.18181390,0.46894810,0.30216423,0.35003397,0.39077243,0.05332199,0.01556164,0.35725582,0.20381093,0.12005120,0.35626251,0.00919618,0.10519955,0.11927337,0.08076510,0.00138370,0.47301328,0.25396654,0.02930059,0.45076072,0.35152018,0.03051637,0.50495899,0.01658955,0.21083198,0.17345414,0.62261629,0.07699936,0.82501423,0.05237121,0.00062085,0.16771562,0.02279248,0.35334632,0.38104066,0.38430971,0.22521143,0.04655854,0.03366897,0.07780892,0.58462447,0.80199200,0.04902285,0.01348464,0.15330288,0.41200218,0.01979387,0.04886154,0.33511049,0.09963200,0.58496219,0.48552758,0.39216867,0.04070502,0.43993807,0.10771018,0.01577043,0.48808482,0.33629888,0.75853908,0.06725766,0.52012825,0.13759498,0.76642364,0.04508238,0.14124046,0.03816918,0.33948353,0.05116944,0.40984505,0.02025762,0.00908195,0.13636875,0.10417563,0.14519693,0.31173939,0.43580118,0.00700411,0.15212183,0.02051946,0.44258770,0.44422165,0.04769626,0.53054518,0.01786816,0.00298786,0.04118852,0.03731157,0.06869897,0.13163619,0.41837025,0.57780355,0.27029422,0.03875751,0.01959677,0.21404493,0.02592242,0.00715963
0.09669736,0.02320668,0.00031534,0.35178491,0.07589690,0.08516484,0.03704181,0.07618434,0.72621405,0.00169696,0.26666325,0.03922668,0.00014600,0.00679373,0.00329305,0.50226861,0.01122890,0.26894811,0.00053122,0.65435803,0.01797983,0.20126565,0.55467737,0.02319017,0.82748860,0.04494200,0.01936282,0.00724262,0.92692983,0.64825088,0.56499594,0.08325002,0.00671759,0.00571164,0.00511797,0.03492949,0.00406855,0.04904037,0.94107765,0.06090961,0.70165986,0.37056845,0.03161189,0.10581886,0.02506505,0.00921907,0.05646626,0.99720967,0.08707025,0.96954292,0.04246395,0.00017955,0.67351753,0.06286629,0.25217897,0.14774717,0.75097907,0.02881112,0.00168886,0.52238649,0.28123292,0.87620103,0.70852518,0.37797499,0.00219336,0.73959494,0.97537917,0.00364450,0.06213949,0.36731404,0.05540427,0.38840711,0.90376890,0.57388884,0.54795289,0.21527712,0.23329550,0.02480790,0.24793315,0.03486192,0.71512032,0.13595633,0.67539948,0.72963768,0.90671486,0.00836132,0.24274205,0.05520668,0.07218400,0.13923198,0.79329199,0.02873575,0.00897414,0.66623914,0.05519712,0.04503511,0.94232541,0.09235056,0.00365613,0.50056505,0.02214082,0.23620744,0.33762851,0.00663943,0.33994490,0.00675420,0.00006074,0.05388018,0.04297159,0.07980157,0.01981707,0.16643363,0.53518051,0.95746261,0.00909718,0.00479998,0.20005508,0.00744520,0.00648653
0.00291845,0.00583591,0.00049488,0.02722962,0.07155641,0.19779597,0.18978505,0.05964185,0.94255751,0.00089038,0.02144113,0.06928609,0.00003260,0.00409970,0.00556449,0.94239706,0.02084760,0.01024829,0.00131310,0.61464459,0.00214145,0.80189812,0.66124272,0.00315556,0.61173952,0.28863668,0.01569554,0.00798214,0.46815741,0.35865092,0.46124089,0.67186636,0.02859900,0.02976153,0.05165523,0.01579414,0.00192454,0.13324890,0.96587467,0.10245883,0.28974462,0.20436640,0.12073067,0.05328328,0.16312987,0.22400494,0.08368125,0.99998611,0.15857597,0.95711982,0.06396906,0.00004535,0.28893632,0.05265415,0.14158930,0.23977734,0.95667428,0.23653071,0.01023044,0.04349887,0.05063562,0.47716954,0.96877134,0.21121359,0.00221000,0.14351387,0.44869614,0.00395044,0.07428435,0.57518572,0.17507145,0.50465471,0.84499687,0.95808685,0.00486834,0.38711375,0.62041008,0.06669971,0.41799361,0.11156493,0.96501148,0.09159672,0.85168213,0.75464094,0.96488404,0.03953641,0.05608939,0.17091481,0.07095385,0.31367242,0.89674699,0.14205390,0.11866111,0.52436697,0.24447270,0.08934389,0.97923577,0.30973557,0.00187150,0.18812898,0.01923338,0.38272813,0.73240364,0.01868524,0.63968140,0.00348527,0.00344908,0.01272494,0.00175972,0.00240972,0.25128135,0.24422225,0.29311574,0.98418063,0.01113368,0.03663198,0.19228378,0.48265263,0.00532585
0.00706870,0.00386916,0.00022861,0.52229345,0.43286613,0.20708673,0.19092336,0.02043922,0.48074940,0.02599866,0.00632194,0.04145174,0.00029983,0.00192104,0.02544016,0.25910023,0.09968238,0.17156011,0.00013031,0.84781635,0.09029578,0.00035433,0.69555247,0.02897131,0.36563370,0.18505114,0.01050144,0.00136381,0.09933668,0.29027793,0.05154388,0.83409703,0.08014181,0.00150343,0.01262421,0.01893783,0.00224013,0.03792458,0.89912397,0.31504390,0.14792943,0.25300670,0.25052306,0.30553851,0.40865162,0.91277295,0.01005957,0.99995685,0.06807356,0.78684127,0.10671273,0.00022633,0.00703678,0.13407980,0.06614339,0.42105290,0.21460201,0.52517277,0.01675424,0.63608676,0.17026018,0.54947579,0.51746452,0.17246719,0.00192577,0.61919004,0.73497546,0.00080501,0.24190372,0.48097277,0.11214364,0.54685223,0.01804425,0.88708323,0.11275052,0.66311067,0.04275759,0.05982523,0.24881095,0.31971741,0.89283425,0.03440626,0.19485407,0.68931079,0.80150843,0.02534476,0.23435497,0.22645098,0.30962509,0.39838278,0.94199783,0.07651065,0.04984745,0.12054204,0.38956758,0.05317818,0.96373814,0.30961385,0.00594819,0.38882089,0.04900242,0.62539011,0.98187304,0.00840442,0.63674700,0.00053024,0.01009192,0.08610926,0.06247621,0.00730131,0.01199963,0.48361334,0.48939416,0.82291394,0.02531625,0.03769541,0.65765691,0.00198568,0.09267834
0.03292691,0.03917452,0.00036288,0.04377649,0.41810635,0.42182684,0.74312884,0.01472592,0.08086009,0.14896978,0.07713326,0.51710445,0.00103051,0.00311821,0.05340557,0.68292260,0.07580851,0.42104900,0.00800947,0.57639354,0.00310374,0.16248915,0.68073964,0.00651737,0.47812381,0.28053743,0.15969208,0.00102585,0.17883880,0.60328078,0.05508522,0.25649971,0.08864456,0.00069937,0.26435688,0.02433962,0.01139045,0.03447288,0.86242199,0.00403047,0.45380697,0.09482037,0.00227637,0.16024922,0.41369826,0.26888305,0.01858613,0.99990690,0.00142724,0.92168307,0.19601715,0.01175764,0.00163440,0.00605882,0.82528543,0.81025440,0.05755460,0.45089644,0.02692031,0.00850905,0.41260335,0.15493435,0.44736248,0.12415307,0.00867431,0.28765342,0.96666873,0.00045134,0.47649768,0.52892131,0.39234293,0.68370724,0.01052062,0.95122766,0.95218754,0.77079505,0.00309463,0.18205856,0.04110247,0.30420506,0.35467759,0.12107044,0.26687038,0.14473264,0.33967793,0.02389991,0.10069712,0.05646214,0.32951045,0.46130934,0.88173610,0.40145031,0.01123697,0.02144394,0.76217586,0.02245479,0.96273184,0.17227827,0.00583974,0.07693227,0.31522411,0.80533391,0.98034847,0.00409434,0.61261898,0.00006116,0.00044551,0.14537822,0.13717726,0.00510050,0.00668787,0.75457460,0.46893325,0.57605332,0.03460333,0.02705297,0.60025489,0.49991640,0.03684658
0.06795212,0.11896186,0.01609359,0.72638369,0.15425819,0.15298456,0.39319938,0.05527022,0.23222315,0.03273975,0.09764721,0.80405468,0.01509999,0.01030873,0.05920119,0.60698330,0.00543028,0.03149114,0.02145018,0.42243204,0.00174084,0.98544985,0.70351648,0.12575258,0.61626691,0.35883793,0.00524204,0.01237111,0.13029094,0.31910005,0.33805159,0.16361974,0.05404433,0.09071472,0.03417294,0.09150992,0.04280220,0.11082575,0.85946816,0.00275758,0.21711802,0.24608333,0.00313911,0.56290901,0.53352916,0.00175980,0.20673476,0.99986356,0.03943599,0.87188464,0.07812896,0.01823361,0.15675700,0.09007660,0.02810943,0.37038851,0.42420852,0.66393042,0.01958904,0.32053486,0.63713485,0.15232986,0.03101394,0.06065726,0.00184351,0.34233451,0.15404133,0.01058089,0.19884577,0.90394032,0.13516727,0.48960307,0.66933250,0.67349762,0.00068254,0.47544587,0.12352014,0.16759631,0.29255578,0.31187806,0.11488967,0.22144344,0.31080422,0.03936349,0.10825491,0.01516043,0.13749370,0.09612525,0.29584330,0.29198718,0.65314156,0.04223783,0.02322568,0.00697089,0.26359579,0.07976583,0.91252786,0.19902538,0.01136616,0.38279486,0.14800426,0.68386698,0.89164591,0.02815635,0.83346707,0.01241168,0.00476547,0.38909119,0.09091567,0.02817886,0.06296579,0.45467207,0.35411707,0.50478691,0.01147947,0.02543284,0.33158270,0.26356283,0.01998162
0.03170375,0.12901776,0.00062413,0.00939223,0.16137666,0.38569996,0.56984574,0.22390680,0.77652735,0.00428215,0.13143405,0.48656428,0.00434198,0.00413093,0.01701620,0.58992618,0.01058327,0.48888886,0.01833350,0.60225344,0.01893181,0.00027107,0.73095429,0.25854865,0.40549514,0.22892478,0.01115578,0.01248309,0.13209686,0.15357825,0.57577342,0.05278776,0.05419741,0.30650055,0.05528602,0.19543058,0.00523675,0.15289080,0.85431743,0.00806785,0.12725700,0.17413367,0.08682779,0.42485529,0.08489229,0.02207958,0.09650425,0.99267441,0.69891429,0.67967367,0.07648114,0.00894105,0.56150275,0.11701070,0.05305587,0.07076938,0.77483499,0.32914117,0.00098971,0.32067919,0.16057526,0.31041893,0.50152767,0.30517858,0.00066905,0.10947188,0.03081555,0.02280114,0.16526538,0.83709460,0.13825542,0.43026546,0.70173466,0.34496635,0.26603034,0.66647130,0.30247226,0.00995791,0.45516860,0.25480026,0.48424461,0.05692093,0.25706324,0.09735557,0.79678607,0.01395177,0.11629392,0.06522980,0.27996117,0.35988742,0.51925850,0.01223087,0.00463749,0.04679701,0.44776812,0.30071083,0.56913006,0.18325444,0.07262301,0.05440608,0.04405149,0.49109682,0.94250971,0.01608316,0.54984337,0.14882644,0.03996965,0.34519634,0.24628471,0.15899576,0.72186637,0.12360097,0.33943158,0.39565897,0.00717034,0.07894645,0.32498962,0.00087113,0.01755918
0.08693536,0.23136291,0.00245089,0.43542951,0.19632791,0.07983252,0.28368613,0.11583611,0.83565044,0.00648799,0.04409797,0.37575284,0.00009655,0.01065324,0.00505060,0.63874817,0.15551564,0.06422432,0.00367464,0.84231335,0.01184032,0.26504171,0.63039547,0.20155804,0.35293591,0.23277915,0.03467031,0.01056221,0.16124442,0.18821728,0.05815622,0.28565639,0.00678597,0.06225013,0.10533553,0.07843541,0.00019961,0.22769012,0.72689092,0.02588401,0.69785422,0.20207779,0.01665095,0.31962135,0.00310075,0.17814977,0.19683978,0.99886382,0.20729983,0.72712833,0.02576534,0.00061708,0.60837698,0.00534721,0.14613639,0.48383418,0.50640261,0.51973450,0.00503043,0.00772774,0.08894437,0.42620814,0.78028119,0.04344438,0.00480927,0.14727701,0.32017276,0.02088586,0.02321697,0.71368343,0.14185914,0.45632738,0.73098141,0.38170788,0.17671183,0.31909937,0.19831853,0.00044917,0.32156155,0.45594785,0.88574517,0.02312822,0.53999305,0.24685554,0.80520874,0.04146492,0.15401375,0.21404266,0.22407497,0.10944425,0.22248194,0.00380958,0.00122620,0.10596783,0.10441330,0.18910937,0.69021875,0.31875190,0.02475692,0.11510389,0.01417177,0.66188020,0.88039863,0.03112144,0.53856033,0.03067794,0.01172937,0.14656468,0.30678794,0.03884137,0.16087732,0.50359535,0.31007889,0.26445016,0.01806303,0.09474823,0.11677051,0.01257965,0.00927476
0.13016753,0.37060100,0.00118478,0.01442549,0.46478871,0.04975205,0.74333280,0.15047705,0.07551374,0.01526453,0.00043633,0.65527517,0.00069955,0.16761175,0.01488823,0.84283400,0.82418287,0.00747416,0.01593070,0.60452574,0.15330543,0.29391000,0.56326115,0.26580676,0.46700028,0.22468860,0.01464690,0.11246203,0.18143035,0.21384341,0.12489980,0.66061789,0.46214294,0.01914600,0.62594599,0.04353459,0.00230739,0.15724486,0.77908152,0.12693329,0.19938362,0.19452827,0.56915683,0.56735098,0.00335559,0.83318454,0.09797333,0.99936306,0.01278372,0.36620551,0.02388628,0.00126546,0.02812498,0.01751188,0.14145285,0.39454696,0.20806305,0.77150422,0.05083824,0.00505909,0.63116616,0.24765551,0.48602632,0.03700420,0.01713602,0.11070661,0.04375787,0.12604432,0.05247994,0.97625387,0.09596004,0.50110710,0.05406791,0.52588928,0.00004201,0.38355166,0.00910729,0.00045139,0.17830694,0.41065961,0.78077328,0.01325782,0.18892148,0.69557309,0.40272674,0.23925236,0.05422964,0.64588970,0.49109256,0.14150360,0.20907980,0.00055971,0.07633707,0.15292934,0.07150874,0.29067761,0.67555308,0.09630724,0.02249478,0.03036712,0.00173589,0.35119045,0.94395643,0.27319914,0.31498331,0.21941623,0.01047686,0.07388137,0.05835396,0.02444647,0.12131136,0.27632812,0.38516137,0.32826647,0.15038452,0.33619180,0.18370382,0.91147774,0.02217608
0.26038873,0.44152245,0.00661489,0.63330770,0.21192682,0.06927811,0.75333315,0.12856038,0.01150475,0.00916667,0.00143839,0.24551480,0.02090924,0.52679724,0.01905168,0.07048184,0.16351098,0.02683335,0.00651660,0.70723879,0.15471517,0.00156871,0.48958561,0.43381545,0.35627291,0.40685123,0.50060850,0.17281529,0.18400957,0.88658255,0.01184126,0.11603549,0.04473866,0.20524250,0.60645705,0.05261423,0.06906361,0.17284474,0.83899885,0.01291720,0.97372073,0.18577920,0.00554610,0.57679373,0.00165255,0.28978336,0.28551680,0.99324447,0.00060164,0.38746944,0.00179477,0.00883670,0.03719414,0.04459298,0.25942171,0.80029672,0.14197807,0.43222800,0.03426898,0.07527577,0.24551678,0.40509662,0.07750688,0.01452029,0.04871052,0.17822683,0.67922115,0.08111132,0.02607029,0.96877748,0.06962422,0.24580835,0.04004088,0.50846046,0.80844378,0.22999743,0.01417475,0.00086587,0.23349223,0.48070604,0.17783162,0.00256632,0.10295784,0.14142478,0.14014626,0.00834808,0.42830509,0.24785477,0.48802882,0.15864512,0.38313928,0.00301020,0.03532259,0.20118722,0.02383366,0.44099966,0.58049321,0.24604458,0.06294645,0.19473670,0.00275276,0.25955859,0.97859818,0.33101025,0.42258930,0.89560133,0.00089574,0.22166367,0.08959073,0.01571143,0.21841082,0.47189778,0.51377720,0.07053734,0.10253563,0.09527108,0.33692276,0.00056503,0.15068196
0.18384935,0.41272265,0.00285820,0.01917515,0.53474307,0.01804011,0.68168366,0.14452483,0.21917185,0.00453556,0.30849501,0.03794696,0.00698414,0.21947561,0.00529879,0.38513136,0.02593516,0.46668893,0.00313634,0.51457787,0.07956181,0.89862663,0.74918467,0.31485933,0.54412115,0.59977162,0.05544998,0.08635118,0.51172149,0.80258948,0.04269471,0.16735463,0.00541009,0.43148851,0.14995837,0.06533436,0.03607323,0.06207517,0.77751559,0.00326124,0.31460261,0.29059526,0.00158779,0.40044492,0.00253199,0.00342253,0.24538580,0.97975850,0.11739771,0.73889893,0.00307558,0.00764081,0.35278296,0.00018247,0.35369772,0.45494786,0.33311749,0.54389232,0.11343081,0.00935455,0.12221009,0.08246911,0.40603623,0.09022458,0.04254876,0.12622927,0.63409221,0.11328521,0.00109014,0.99889600,0.13605551,0.61947298,0.23838206,0.23663586,0.04578833,0.21406886,0.66530186,0.00123640,0.75749475,0.29566342,0.45501044,0.00251286,0.08443534,0.03369262,0.34793511,0.01027389,0.25959793,0.00541434,0.21991599,0.13718612,0.09679439,0.00430558,0.01675699,0.08900975,0.09297357,0.39215305,0.57697421,0.15880258,0.12282943,0.03486965,0.00051960,0.16013725,0.98794329,0.17377591,0.40236846,0.12004550,0.00067989,0.11971850,0.03687578,0.58938390,0.83289248,0.27846780,0.28039855,0.14738905,0.11925382,0.14107822,0.32807896,0.17510445,0.06316029
0.04914648,0.33595139,0.00069852,0.58907259,0.18867236,0.00531468,0.30739459,0.05098582,0.94275862,0.00152120,0.09395523,0.10896329,0.00678138,0.23979852,0.00687479,0.40041324,0.13157092,0.03516052,0.00625274,0.94033635,0.10041260,0.23870975,0.70459539,0.16490652,0.65208107,0.85388333,0.02066345,0.05507343,0.71873951,0.77726328,0.76079112,0.14362168,0.00381610,0.06100314,0.11994168,0.12183975,0.00877772,0.49878541,0.67115992,0.00684058,0.71444243,0.43983248,0.02817516,0.29735368,0.00247581,0.00447593,0.23070025,0.73796928,0.41743711,0.46434519,0.00243773,0.00240808,0.55612350,0.16506293,0.03342251,0.12764037,0.76304775,0.49593195,0.11292110,0.01267418,0.01381499,0.05678365,0.69547141,0.14626911,0.00228592,0.20815143,0.07522913,0.04252473,0.00458403,0.99947512,0.32150373,0.78469300,0.96503836,0.38455021,0.00020701,0.41262230,0.67047971,0.00081989,0.85356355,0.18968232,0.88578981,0.01122273,0.03965194,0.21245481,0.60033560,0.02686828,0.35957599,0.03516508,0.41416731,0.39340475,0.02906214,0.00221739,0.00710478,0.33471724,0.09938227,0.06812364,0.58786201,0.24771447,0.30134383,0.14692056,0.00059773,0.05354348,0.99507058,0.46789843,0.57450682,0.03166228,0.00470607,0.09608325,0.00472252,0.70557928,0.75296628,0.49331146,0.37692896,0.04528335,0.09245094,0.01555203,0.09525183,0.43399057,0.12940733
0.01437811,0.27613446,0.00014606,0.01791149,0.24174508,0.00214342,0.23472229,0.05247801,0.85975617,0.00084858,0.03929459,0.31197083,0.00032481,0.20059951,0.00491967,0.53119713,0.56129974,0.27850455,0.00079440,0.97065502,0.03251640,0.01711992,0.51025122,0.14433832,0.15108830,0.75958347,0.10213146,0.06195192,0.67086428,0.84424514,0.16271546,0.60316485,0.02206810,0.09063526,0.79292387,0.02845583,0.00208529,0.70894712,0.77291614,0.00772589,0.77871788,0.11249021,0.02647799,0.29465556,0.00763842,0.25734445,0.27222663,0.88404620,0.16867134,0.55594349,0.00110735,0.00055653,0.33282790,0.04137808,0.19950587,0.57570684,0.30030677,0.46383274,0.05963418,0.00400560,0.01533555,0.22590271,0.94687545,0.23442155,0.01049850,0.49185318,0.71965885,0.01885502,0.00504000,0.99016291,0.13480577,0.84814966,0.91289121,0.66678959,0.77975631,0.27786377,0.78318095,0.00295187,0.90373349,0.14097585,0.93588549,0.00282115,0.17689814,0.10385373,0.95055413,0.02856128,0.10442130,0.04440454,0.27799371,0.19083183,0.11841800,0.00152769,0.00229731,0.42136419,0.16888371,0.15028143,0.57095510,0.14877400,0.01018963,0.06239479,0.00322654,0.07673582,0.99747229,0.27379018,0.26078779,0.04096728,0.00016066,0.20533939,0.00843421,0.21660493,0.30252868,0.40620500,0.58841246,0.02933233,0.02192382,0.00665175,0.10362945,0.00022712,0.02051908
0.00379851,0.33357182,0.00080662,0.68221635,0.11706200,0.00161027,0.15314914,0.07987443,0.43318328,0.00221311,0.03526937,0.43623865,0.00060936,0.08513425,0.00725415,0.77355468,0.10452671,0.06063036,0.00092836,0.94516385,0.07917821,0.87613791,0.41277441,0.31568775,0.06368277,0.70216620,0.04652330,0.00753146,0.42631334,0.42275834,0.00486284,0.66767579,0.01224033,0.04499599,0.26269117,0.04410143,0.00229835,0.22550741,0.67862463,0.01212435,0.82769161,0.32276174,0.00672319,0.60225284,0.01507344,0.28501403,0.29373127,0.79896194,0.06079178,0.76718360,0.02420915,0.00024111,0.04700484,0.00234201,0.62411416,0.70061135,0.29619336,0.61989903,0.05775714,0.00835609,0.05269316,0.30408448,0.91300762,0.13738799,0.01339766,0.16780773,0.84278405,0.02054349,0.01569997,0.97527552,0.09326395,0.67066550,0.93400234,0.24524131,0.05773349,0.19585350,0.57723081,0.00256512,0.48897853,0.20909849,0.94017613,0.00127674,0.15648066,0.05798960,0.66863614,0.01113451,0.02054983,0.02086108,0.09770320,0.26338172,0.21291816,0.00431837,0.00471072,0.24576038,0.20221142,0.08528212,0.19530688,0.28825799,0.02996531,0.32275084,0.00615430,0.13866723,0.96371669,0.01581570,0.60406655,0.02140651,0.00015095,0.10008931,0.01703374,0.25901666,0.32114926,0.40320468,0.64748001,0.02878213,0.02279311,0.00132009,0.23083928,0.50096160,0.01242737
0.00873651,0.74252522,0.00068675,0.33680484,0.38303795,0.02575907,0.06844793,0.01735647,0.92247081,0.00211013,0.06830263,0.18139963,0.00050467,0.00831853,0.00429197,0.81107932,0.12352988,0.20661110,0.00200878,0.55228060,0.05788053,0.41460156,0.45417708,0.89093345,0.56299669,0.12272324,0.02810100,0.01710387,0.22680691,0.24049397,0.04907181,0.59312385,0.00196892,0.13270825,0.21168876,0.05884484,0.00261278,0.25842583,0.40478238,0.04588549,0.73390442,0.73898077,0.03947397,0.26621869,0.02556915,0.09072559,0.02923872,0.60833544,0.25431749,0.68515623,0.17234379,0.00040305,0.46125585,0.02762008,0.14712667,0.61259532,0.55203259,0.19156267,0.07002674,0.03828030,0.05124613,0.64345938,0.89454734,0.14953475,0.00954136,0.30715212,0.58729988,0.06337231,0.02923814,0.33210012,0.08029041,0.27088156,0.71070701,0.50669193,0.54774076,0.26516500,0.02639417,0.01612248,0.14223942,0.13023101,0.75228888,0.05771767,0.53357059,0.13828650,0.86950350,0.18716151,0.70371807,0.07892288,0.11080067,0.03293445,0.57611698,0.18260980,0.00275934,0.17463823,0.00647373,0.07124540,0.36540139,0.57884055,0.00925737,0.85184097,0.00520449,0.73646200,0.71115804,0.02405680,0.37053028,0.00892575,0.00416146,0.06664744,0.03832227,0.07849625,0.15911010,0.38572007,0.74318486,0.07039682,0.03560080,0.01233537,0.07985166,0.01533828,0.00979096
0.00033586,0.96023327,0.00020694,0.14614654,0.75642389,0.22992471,0.42561811,0.00530088,0.71205425,0.00198703,0.00380378,0.16982149,0.00011891,0.00362058,0.00472210,0.88931203,0.16883609,0.01089955,0.00346512,0.50667870,0.01321517,0.95337594,0.54638213,0.92372507,0.94817078,0.00206604,0.00146708,0.00241784,0.16371606,0.91552651,0.62278843,0.69943470,0.02431644,0.09355644,0.69912803,0.50077826,0.00020611,0.05109014,0.52537298,0.21823518,0.06680709,0.95372570,0.49863952,0.54627877,0.06934591,0.04846680,0.00858406,0.84997916,0.70103598,0.30932498,0.57913220,0.00053047,0.25543702,0.15775271,0.45868170,0.28440252,0.20207201,0.01824083,0.00338925,0.02217713,0.01338613,0.93017846,0.93616617,0.41805443,0.01713775,0.02988318,0.15064186,0.01315559,0.11305468,0.65289521,0.00823788,0.04912017,0.77423638,0.13650787,0.00054577,0.15489374,0.07129007,0.01809865,0.06642810,0.00525215,0.98746312,0.15993342,0.22498567,0.07865554,0.98026139,0.72983366,0.52198464,0.11913826,0.49052018,0.17198606,0.92091471,0.02749357,0.01013763,0.62932789,0.05487095,0.00213856,0.65057415,0.29732722,0.00194763,0.03529480,0.07273322,0.83131868,0.99727941,0.02158044,0.48001349,0.00276976,0.00754799,0.33494577,0.48151690,0.13870332,0.08359461,0.33671981,0.52473664,0.07270367,0.00859111,0.00391489,0.06645600,0.82697588,0.00616664
0.00029486,0.55541623,0.00348071,0.78950363,0.37448081,0.21814375,0.73750573,0.01122679,0.94027132,0.01227156,0.01678485,0.47484711,0.00083374,0.00464321,0.02080377,0.83762503,0.14785202,0.05614622,0.00015587,0.42721635,0.04875276,0.00064827,0.30091041,0.96922022,0.61736298,0.05775092,0.02275670,0.00184430,0.69622451,0.85463864,0.52825779,0.76317465,0.01051614,0.04208275,0.98642087,0.12169524,0.00041215,0.03031016,0.12969740,0.07271122,0.88656873,0.66376257,0.28849122,0.35517442,0.11149539,0.34960189,0.01469156,0.94973612,0.39815015,0.26780924,0.36049476,0.00037415,0.09220167,0.37309065,0.16329093,0.71985781,0.02693680,0.01837441,0.00724668,0.21454890,0.07660457,0.77598256,0.88741821,0.07208902,0.01883888,0.67281407,0.00499266,0.02165961,0.09853654,0.51902997,0.02810112,0.21888088,0.00958009,0.02600833,0.18261558,0.07270600,0.00327688,0.01551505,0.03775924,0.04814090,0.93194228,0.05144837,0.02197940,0.60130131,0.93906742,0.48802415,0.58912265,0.48881441,0.39191720,0.43729934,0.98159754,0.03265093,0.00671429,0.36007991,0.03536568,0.00403011,0.52231389,0.40008503,0.00195907,0.91970891,0.03102332,0.66016662,0.99379581,0.06487465,0.42083099,0.00161059,0.01961488,0.08837346,0.75383079,0.09059352,0.01226214,0.31645161,0.32605857,0.15935817,0.01689564,0.00340677,0.13405702,0.00180495,0.01682782
0.00003505,0.51262009,0.00414553,0.01071532,0.31352097,0.36593711,0.59012508,0.00172007,0.35120079,0.15255371,0.05302814,0.74639153,0.00265150,0.02678283,0.11394298,0.54077697,0.07475579,0.37178275,0.00257153,0.29945689,0.00028883,0.59058577,0.23534086,0.72885901,0.62940276,0.37582251,0.27923343,0.00158421,0.43847898,0.64526665,0.00020217,0.30165842,0.21111961,0.09049038,0.92691839,0.15853044,0.00241466,0.09386728,0.31551635,0.01597716,0.75106275,0.60110152,0.00226998,0.40957338,0.19440137,0.23274983,0.05835331,0.79698426,0.00622910,0.46553469,0.28215480,0.00239168,0.03654036,0.00638569,0.93618846,0.93713129,0.00890011,0.01786449,0.61507088,0.03804751,0.51877081,0.43566361,0.07393310,0.06687470,0.09425297,0.05035325,0.99213171,0.09745984,0.21734458,0.69931477,0.10766289,0.49968168,0.00840271,0.17952822,0.97550917,0.03245411,0.03655566,0.37708917,0.06612223,0.08451447,0.36895522,0.32838503,0.82938033,0.28463706,0.01934691,0.33278662,0.80301410,0.02183539,0.22137469,0.47609657,0.72709256,0.10073396,0.06275874,0.12117258,0.25554734,0.01889321,0.23897381,0.28618380,0.00078373,0.01796631,0.04745504,0.86298001,0.99680871,0.10036550,0.60788590,0.11401875,0.00041476,0.11182182,0.63921791,0.00200498,0.10343809,0.25948849,0.30763397,0.43978375,0.05217538,0.03693263,0.19931455,0.12562974,0.00633667
0.00002248,0.44965166,0.01775311,0.91494596,0.16455328,0.14945367,0.33872989,0.00797518,0.08166376,0.02695661,0.17928651,0.47775921,0.02276655,0.00460770,0.04332746,0.61971962,0.01646556,0.01791974,0.03064326,0.38635561,0.00171145,0.98954254,0.02974254,0.73892152,0.65643907,0.47816727,0.04151382,0.00416045,0.83327091,0.61952621,0.01803312,0.01238777,0.01582230,0.42783225,0.06535999,0.44411772,0.00758819,0.08680496,0.37660834,0.00832857,0.12278640,0.67695588,0.00841047,0.58970684,0.10918404,0.02766547,0.13167760,0.72767252,0.27230319,0.37571681,0.13422556,0.03870604,0.01868905,0.20300508,0.03732326,0.24310930,0.72184056,0.09600895,0.03934188,0.00894345,0.38411662,0.74456865,0.07989033,0.04757639,0.01545511,0.36981609,0.21633817,0.08249147,0.19195248,0.66828567,0.04772430,0.47195819,0.28533050,0.12459307,0.00028550,0.01145131,0.08213435,0.33049551,0.29274958,0.24363808,0.41435677,0.53391325,0.07404866,0.01221021,0.00668378,0.19767319,0.58249646,0.00327031,0.41275963,0.28754786,0.75494874,0.32678619,0.03894028,0.02909686,0.15392171,0.07003992,0.52632141,0.60650760,0.00110433,0.81525099,0.06503316,0.67322397,0.87660742,0.04769515,0.69354355,0.14207426,0.00106385,0.20587040,0.36664990,0.01737104,0.50867957,0.11299320,0.43820176,0.33909953,0.00606138,0.02473829,0.58961427,0.35939005,0.00569681
0.00000147,0.33474633,0.00011040,0.00279322,0.18091646,0.18537600,0.79353064,0.00510115,0.86320502,0.00007374,0.17678653,0.38307568,0.00474289,0.00466860,0.04770764,0.49845448,0.09510044,0.23211478,0.02696146,0.70175225,0.00390775,0.00040552,0.08210515,0.28905365,0.84132534,0.33687624,0.00490721,0.01520130,0.35503283,0.11320921,0.82100707,0.00785765,0.09543664,0.27818766,0.28527191,0.30703768,0.00217282,0.23562412,0.47659954,0.01878372,0.25947261,0.44651431,0.33968729,0.59059572,0.05467354,0.02628968,0.10469025,0.30637550,0.41686901,0.54220432,0.10282219,0.00262919,0.13698463,0.08591592,0.13505380,0.13102116,0.89482492,0.15407014,0.08160817,0.63273960,0.24971299,0.57628715,0.76661187,0.41624752,0.01396166,0.05594385,0.00978900,0.04119484,0.10667667,0.42177269,0.22888942,0.46717444,0.87900990,0.10420690,0.46870977,0.07752629,0.45610055,0.04286213,0.33593678,0.13887180,0.59540021,0.03978023,0.49239880,0.01121115,0.88196492,0.33241254,0.44795671,0.01113245,0.27762139,0.27115017,0.44964957,0.05940254,0.02389081,0.03227426,0.20619865,0.23716812,0.42606696,0.37852702,0.05648510,0.01154428,0.01823445,0.32648844,0.66968226,0.25243437,0.50952846,0.07131210,0.01858526,0.17738615,0.09442253,0.33379096,0.51894814,0.69315898,0.59567231,0.35392267,0.00749861,0.05723005,0.09395397,0.00069023,0.00858399
0.00001803,0.36302260,0.00005746,0.68267840,0.19500048,0.02229658,0.27050740,0.01707879,0.64319849,0.00007810,0.01343609,0.18242329,0.00003576,0.00692846,0.00847476,0.78227121,0.18868212,0.07225841,0.00138839,0.63070387,0.01138315,0.39887771,0.11812859,0.42823982,0.92305529,0.39475313,0.02727321,0.01168655,0.28133717,0.14107412,0.16676168,0.45239702,0.01073737,0.08501986,0.08768333,0.11009295,0.00169803,0.16835284,0.46714315,0.04736559,0.39152265,0.49037284,0.01679457,0.40411022,0.02395414,0.06182227,0.13717635,0.56819737,0.11023017,0.78367084,0.02268739,0.00077010,0.73606884,0.00322364,0.16097941,0.52486908,0.49172571,0.26558405,0.09328172,0.00564987,0.07430707,0.54805398,0.88050437,0.09618527,0.00085556,0.32269514,0.75720888,0.02935255,0.02167258,0.31191465,0.09078452,0.51497471,0.71827346,0.39052477,0.10805021,0.16521728,0.09130437,0.05124784,0.49231756,0.27888110,0.80805415,0.01918584,0.50786370,0.26007855,0.94275570,0.26850846,0.42947137,0.11516430,0.23413077,0.03358901,0.31746379,0.03159092,0.00274313,0.08734684,0.11985998,0.10041042,0.46544769,0.57730091,0.01557071,0.29918569,0.04439809,0.56351584,0.58388978,0.03243886,0.68521935,0.02994387,0.00450435,0.13558468,0.00699349,0.19841458,0.17036732,0.71054316,0.50834733,0.34368369,0.01776878,0.05164179,0.23510639,0.01560001,0.00182636
0.00157615,0.34052971,0.00108140,0.00325382,0.36001021,0.00628747,0.76304144,0.01589028,0.29902866,0.02177041,0.00243731,0.26257107,0.00003010,0.03929460,0.00360930,0.39808795,0.50327963,0.00225452,0.01988398,0.46459439,0.04085573,0.40045419,0.06765781,0.48562625,0.95155001,0.23135507,0.50226367,0.04126907,0.39744979,0.32614487,0.00315967,0.83732998,0.07455867,0.05109406,0.73304915,0.08969422,0.01575130,0.29140308,0.41836897,0.10881076,0.05538002,0.41530719,0.50112170,0.58965248,0.01566188,0.81302041,0.10846316,0.56717223,0.03643916,0.63289517,0.00692508,0.00192163,0.05286758,0.04610379,0.36139163,0.23479845,0.11401945,0.13598230,0.22224301,0.00624942,0.35261068,0.43241280,0.46431252,0.13747238,0.00287968,0.01333531,0.02728659,0.23562019,0.02394318,0.25522137,0.14941704,0.70319009,0.05040486,0.16458552,0.00020750,0.16600773,0.00244624,0.07881003,0.43034703,0.39245060,0.66469985,0.02177059,0.12561463,0.86535054,0.75676125,0.22163199,0.04356560,0.21029946,0.56403476,0.03518002,0.38080168,0.10846784,0.03027223,0.08321060,0.06933962,0.33754584,0.15576759,0.38252243,0.10869732,0.01025300,0.10141016,0.71352053,0.93703038,0.36685753,0.68477100,0.11828714,0.03308744,0.16433591,0.00711551,0.09194838,0.23953407,0.61095476,0.52281386,0.37197772,0.04974918,0.36907479,0.36696970,0.80596012,0.02165078
0.09531122,0.29983237,0.04132876,0.94290566,0.38417476,0.00177682,0.77097946,0.01200410,0.02728909,0.29068610,0.01523093,0.27531052,0.01111599,0.29631096,0.00407533,0.47371504,0.58804947,0.04352767,0.00469499,0.28460896,0.13735162,0.00054931,0.03465468,0.77877927,0.95781147,0.71993822,0.19814429,0.22594532,0.45802662,0.26814303,0.00029286,0.16455570,0.06001849,0.02618584,0.11790606,0.07929263,0.03333624,0.18908286,0.58063585,0.00987068,0.87976187,0.30965465,0.04646217,0.54328638,0.00731941,0.40854493,0.46220216,0.31934848,0.00173191,0.61534387,0.00171704,0.01235935,0.05651144,0.03894115,0.61024076,0.76312542,0.03732486,0.13983071,0.17821792,0.31254825,0.62608838,0.58772016,0.00391298,0.04173312,0.13680671,0.69155055,0.11252017,0.09812313,0.01957227,0.32425633,0.26005840,0.58486319,0.01469810,0.13499521,0.81845969,0.06951807,0.01099865,0.03371219,0.00410343,0.34025306,0.12080657,0.00676435,0.06412077,0.42942390,0.00081936,0.46010953,0.39158231,0.51177758,0.25642547,0.01412585,0.41999045,0.08816976,0.04729852,0.05188363,0.08591393,0.17467214,0.12434121,0.53672236,0.25392690,0.74556315,0.04888345,0.20973857,0.96939123,0.14330715,0.79984576,0.20299983,0.00081348,0.36972585,0.05619701,0.09249618,0.03087921,0.59605330,0.46221352,0.31344193,0.47002473,0.07999647,0.41289648,0.00036112,0.16657308
0.20707081,0.19087560,0.01454128,0.00168218,0.17743954,0.00078870,0.47476694,0.06768537,0.14345461,0.04322674,0.42653638,0.03200744,0.01630212,0.24610922,0.00316097,0.09604532,0.05240074,0.24555756,0.01729470,0.31837767,0.04331755,0.99132138,0.03808373,0.23780511,0.99215114,0.65287000,0.09427694,0.18075640,0.16213369,0.32078713,0.12802148,0.00056306,0.00508968,0.35442489,0.30859184,0.33498940,0.01554457,0.23674512,0.55536354,0.00088264,0.19499059,0.62312341,0.00031416,0.23087114,0.00270363,0.00206665,0.22855380,0.23751915,0.01146657,0.34003839,0.00044245,0.00460782,0.21956468,0.00003722,0.78007072,0.37561557,0.26123708,0.42479515,0.22827516,0.00533646,0.28928497,0.47058800,0.03308208,0.03350179,0.32949033,0.02342473,0.98147255,0.42545870,0.03940783,0.18900681,0.43341872,0.62015289,0.58214319,0.04278308,0.11156923,0.04136832,0.65436035,0.13919987,0.06499056,0.21232629,0.44404814,0.14078589,0.08272998,0.00662019,0.00098011,0.21492913,0.87507021,0.00351304,0.18599910,0.00324465,0.18761218,0.07752413,0.01706134,0.01564969,0.02460628,0.12784976,0.08844306,0.70920682,0.15855746,0.01514106,0.02634574,0.56149209,0.84852284,0.03686546,0.88800567,0.07599586,0.00051938,0.14318088,0.06103104,0.08901719,0.08745179,0.74222958,0.64727253,0.35060978,0.36252680,0.34060073,0.23628624,0.46958220,0.39804149
0.27175781,0.10512423,0.00746844,0.99163568,0.44004828,0.00002033,0.08039799,0.21941049,0.78663474,0.00011449,0.10159935,0.00253406,0.06889874,0.16842484,0.00042762,0.85072726,0.00810000,0.00000903,0.00268242,0.74325472,0.03897863,0.35677254,0.02362515,0.92801040,0.99980086,0.77686667,0.00572305,0.29773596,0.48800546,0.34882355,0.79593986,0.00912924,0.00112697,0.53949738,0.02017167,0.01181641,0.00319897,0.33622316,0.46739098,0.00074548,0.89886111,0.54906982,0.00764621,0.23676261,0.02915480,0.00559561,0.14905073,0.61121857,0.65172142,0.38584599,0.00015968,0.00096657,0.80346411,0.07368638,0.01155867,0.02159625,0.92217344,0.42718062,0.00175429,0.20548581,0.08836320,0.81070828,0.92584383,0.01482654,0.21831736,0.89865625,0.12161509,0.03865871,0.13562870,0.05392945,0.10629615,0.61271703,0.97977728,0.14894196,0.00005840,0.09048577,0.44263121,0.00213606,0.95817471,0.08204430,0.86187440,0.12448718,0.04509522,0.02813829,0.79766488,0.71694899,0.82766294,0.00154272,0.15609749,0.00221981,0.16854054,0.00509795,0.00220168,0.00852865,0.02311963,0.19591758,0.31604049,0.34538549,0.06283924,0.85778898,0.00079399,0.45566693,0.60876119,0.04989924,0.84885091,0.14404516,0.10576829,0.05120068,0.00387300,0.54473150,0.59013146,0.37278593,0.58170640,0.74389809,0.30120510,0.14764087,0.32298553,0.00673235,0.03973959
0.06629127,0.27874902,0.00000656,0.00107177,0.55457187,0.00000448,0.11191956,0.11891323,0.98277044,0.00056156,0.00276055,0.06810470,0.00049481,0.05033587,0.00200088,0.44159514,0.53798252,0.67698514,0.00355829,0.95126379,0.04776434,0.00010405,0.04010625,0.57532102,0.99962652,0.42412901,0.10398206,0.09882867,0.16099125,0.28967756,0.27146748,0.59585637,0.00030096,0.21918663,0.66037309,0.01290177,0.00005750,0.10806177,0.46482944,0.01046917,0.21828577,0.47731444,0.61313009,0.21282734,0.00296343,0.91943663,0.04267531,0.35599467,0.21100852,0.75271648,0.00085277,0.00002032,0.34905407,0.00078395,0.52481860,0.42263630,0.67001396,0.56781936,0.01450269,0.03625497,0.02763152,0.59352982,0.99549115,0.28384438,0.05686922,0.01281833,0.01720027,0.04875348,0.00399092,0.01788680,0.77940178,0.54140252,0.95031351,0.11012398,0.81216842,0.85869145,0.25124836,0.00047752,0.86804479,0.03110577,0.98539448,0.00324378,0.81887186,0.83512318,0.99787283,0.60062122,0.92063802,0.01055369,0.18885073,0.00179156,0.06487990,0.00373594,0.00037355,0.03360177,0.15636757,0.02278385,0.25557750,0.05629615,0.01578178,0.00607010,0.00180819,0.75092340,0.77571696,0.02345912,0.91040266,0.00464911,0.00330261,0.06404612,0.01191161,0.34741050,0.21391492,0.91051459,0.58613402,0.62508363,0.39447179,0.22463985,0.30023578,0.00012842,0.00742269
0.09362096,0.34530976,0.00005848,0.96968132,0.29324219,0.00001135,0.20363587,0.21156195,0.92141402,0.00348384,0.00055638,0.02991728,0.00017918,0.02642905,0.00778718,0.85739702,0.21064341,0.00035791,0.00015632,0.38273478,0.10331926,0.94406742,0.03754183,0.72957081,0.99820977,0.36533239,0.06641046,0.04824208,0.33013374,0.44246247,0.00226398,0.95883834,0.00132043,0.05525102,0.46102935,0.00846054,0.00018183,0.16550194,0.89823729,0.04832388,0.82602316,0.19971944,0.01555312,0.20170519,0.00359254,0.33794284,0.23887479,0.90828806,0.00284180,0.85798573,0.00009016,0.00005682,0.44359252,0.00040956,0.85559422,0.83164990,0.05013086,0.28921610,0.03586560,0.00263971,0.01362725,0.76505023,0.98174816,0.01633668,0.02434938,0.92811412,0.98974639,0.02162546,0.00350032,0.09506422,0.90513557,0.62805414,0.59801328,0.42210662,0.00331210,0.61972433,0.00227776,0.00295310,0.92795086,0.03923482,0.95553088,0.00345458,0.01631692,0.89101589,0.98648900,0.41196400,0.90030700,0.09795517,0.13488610,0.00116021,0.02775175,0.02579853,0.00027216,0.06201251,0.01860747,0.00969976,0.26575842,0.13563876,0.00741091,0.93621629,0.00125714,0.84476984,0.50259161,0.02976557,0.95062703,0.01180043,0.00000663,0.10569522,0.00573032,0.03328626,0.00373676,0.96011841,0.70113528,0.27591747,0.21317518,0.01717330,0.64042830,0.76879168,0.00083814
0.01386165,0.38228205,0.00043245,0.19524901,0.18770771,0.05011304,0.26054627,0.02024922,0.78409082,0.00241813,0.04624445,0.23062405,0.00066699,0.04211769,0.00666867,0.60133982,0.14157130,0.07148366,0.00343692,0.49238053,0.09768896,0.25096035,0.41034836,0.23652463,0.28917056,0.42848808,0.05065173,0.01528832,0.39551336,0.18660368,0.13423374,0.33887395,0.01502506,0.12154206,0.17805891,0.14127478,0.00266381,0.34972984,0.19138423,0.02258636,0.43223670,0.49435255,0.02143581,0.57660162,0.02812228,0.16307977,0.11358706,0.71264291,0.09329282,0.80929846,0.05184358,0.00042494,0.15185396,0.01550210,0.28669170,0.53508735,0.52730560,0.25524342,0.03999259,0.03532789,0.07803819,0.55285668,0.75253797,0.06049346,0.01902645,0.17773913,0.36991104,0.03022834,0.03654986,0.37248561,0.08592777,0.47100905,0.50593096,0.39766139,0.04615017,0.24051154,0.10291924,0.01492502,0.47309840,0.35818321,0.84828341,0.05327060,0.37861541,0.18579543,0.84023964,0.09396373,0.14473228,0.04434391,0.29680717,0.11054242,0.51464194,0.01637586,0.00365282,0.13064510,0.09375533,0.21286723,0.36674213,0.23314485,0.01043561,0.14208570,0.01673048,0.38727459,0.27236396,0.03574672,0.52466244,0.02905785,0.00188252,0.03795245,0.05895526,0.08821020,0.06617030,0.46253011,0.65323710,0.20507181,0.02145335,0.01922722,0.32722160,0.02393198,0.00792737
0.01937645,0.26476797,0.00079278,0.25321519,0.33058316,0.42533740,0.14740051,0.02142916,0.71251184,0.00445037,0.01624475,0.48135316,0.00071451,0.02873144,0.00537312,0.72456187,0.29249287,0.04972367,0.00360970,0.71072191,0.06091948,0.37744021,0.56378722,0.51908952,0.94515294,0.48522329,0.08290626,0.01885312,0.51242280,0.07961994,0.38829687,0.66122001,0.01082495,0.15070626,0.04575505,0.05320444,0.00147450,0.23136885,0.27842543,0.02586427,0.39242217,0.50110203,0.02605398,0.26837313,0.00795754,0.06946375,0.04917538,0.85453010,0.03446092,0.85038364,0.10240025,0.00060136,0.22378176,0.00368319,0.80807602,0.46927148,0.68215543,0.40664050,0.03045277,0.04203424,0.05880748,0.52260613,0.46807754,0.25681663,0.00964286,0.09436065,0.17009462,0.02253592,0.03242242,0.04020456,0.06236836,0.81188023,0.52772200,0.40343013,0.00623515,0.71633232,0.01222041,0.02275857,0.05723547,0.22339140,0.55726302,0.02883035,0.09874280,0.09931283,0.99064088,0.02869416,0.39085093,0.04371636,0.30140892,0.26659545,0.85554612,0.11829047,0.00783151,0.08790421,0.12792964,0.05343723,0.31395203,0.57065105,0.00934880,0.01341212,0.03129101,0.30271199,0.60646540,0.03583317,0.16515459,0.03642149,0.00139370,0.03472416,0.15772364,0.08544418,0.06770360,0.13936424,0.81189162,0.09268659,0.02950851,0.01921228,0.11416848,0.03837497,0.01222686
0.00603060,0.02267185,0.00085964,0.55137360,0.05770316,0.12111004,0.59082913,0.02753239,0.94143254,0.00199642,0.17792100,0.11220204,0.00020054,0.04407583,0.00912559,0.83887196,0.11171804,0.04605046,0.03560863,0.71769595,0.01914013,0.00415687,0.60274774,0.06153274,0.98171508,0.72574747,0.04575506,0.02169758,0.34237206,0.02351946,0.01537589,0.52221817,0.11565180,0.24785912,0.03145331,0.09990133,0.02930296,0.27787659,0.05108574,0.01387017,0.14479329,0.36420181,0.00224394,0.29786277,0.00294483,0.06537088,0.18013103,0.98450816,0.07377795,0.25650525,0.09429950,0.00038360,0.22613984,0.00296067,0.89025128,0.33744353,0.95034671,0.17660309,0.04354416,0.01692653,0.02404484,0.09451184,0.33595264,0.04015655,0.00394981,0.32756412,0.16760881,0.01222528,0.04172526,0.05386845,0.31188491,0.77308315,0.42320281,0.55065161,0.44259909,0.84106368,0.06558773,0.02924448,0.04673339,0.82621747,0.80826485,0.02930971,0.04105285,0.05720251,0.89189243,0.03597940,0.10932937,0.00672416,0.07987095,0.08565151,0.47005647,0.03446238,0.00623079,0.07140311,0.02871451,0.09680338,0.64540219,0.36510596,0.00413721,0.67591500,0.00959888,0.15759107,0.35263562,0.01683926,0.32929519,0.04078393,0.00174064,0.00990685,0.04137084,0.07224420,0.17940873,0.26895842,0.34936094,0.33747604,0.02116054,0.00171258,0.22742294,0.00319959,0.01284445
0.00580059,0.07165743,0.00024741,0.05933487,0.01045544,0.33996603,0.45424497,0.03433280,0.93107724,0.01020050,0.02706407,0.14740163,0.00007923,0.35798112,0.01239429,0.78707594,0.52637225,0.10669291,0.00315969,0.29503578,0.02696998,0.17154993,0.83461034,0.28161642,0.96113753,0.54529452,0.04134589,0.02406518,0.19553883,0.01822259,0.00313206,0.24881156,0.15581641,0.16343828,0.08117022,0.11151826,0.00438772,0.86151481,0.01801590,0.05580673,0.16842768,0.79801625,0.01198810,0.25272873,0.00433674,0.33418721,0.01903461,0.98124015,0.07019935,0.60723561,0.27215704,0.00101446,0.13295040,0.00764966,0.78628105,0.70791429,0.94994384,0.32865512,0.03683491,0.07080891,0.03060425,0.14146484,0.86331761,0.13943471,0.00204586,0.05986883,0.40144730,0.00415023,0.03824928,0.11320214,0.22987376,0.52421051,0.24711935,0.27010763,0.01038935,0.81481171,0.03339576,0.01011275,0.37079144,0.84709305,0.43096203,0.03355018,0.33407867,0.02774908,0.17277719,0.03462641,0.66333240,0.01682487,0.10429856,0.02825868,0.75883710,0.06163615,0.02300060,0.12025701,0.02252383,0.07018308,0.36686173,0.38070828,0.00312308,0.01201290,0.00355991,0.40907446,0.90630484,0.00363193,0.50201297,0.01625547,0.00010267,0.01222541,0.05023720,0.10973344,0.22988911,0.68052918,0.16601306,0.33120012,0.05452131,0.00256837,0.17526317,0.11824095,0.00518641
0.00518073,0.32775572,0.00186021,0.58752811,0.03478044,0.05015109,0.37678656,0.03420437,0.86765194,0.00431570,0.02135483,0.16117175,0.00040267,0.10829823,0.03051287,0.57209474,0.20718032,0.01465109,0.01592151,0.04203347,0.02742701,0.94833016,0.73959112,0.26811787,0.82663798,0.55358583,0.00372094,0.01232952,0.25241640,0.00900331,0.11121655,0.06863890,0.10002299,0.08568101,0.03162219,0.13734274,0.28150678,0.36985326,0.08189851,0.07615399,0.05120879,0.77739519,0.03329609,0.62687361,0.02763112,0.16171925,0.06826939,0.88814473,0.34291202,0.85627586,0.30236262,0.00460143,0.08916666,0.04588877,0.69441026,0.55807847,0.83409959,0.09227695,0.04900108,0.00833473,0.02389307,0.14570443,0.44079834,0.37842968,0.00238108,0.47451636,0.66114473,0.00262140,0.04495196,0.36136997,0.45097464,0.57688117,0.19393790,0.20207007,0.00353793,0.86879033,0.04627413,0.01524239,0.30039293,0.88468564,0.18745324,0.10839162,0.04277166,0.11840956,0.16179056,0.04464235,0.49234819,0.06513080,0.42072222,0.14316054,0.23978221,0.03762901,0.05105453,0.12104555,0.01752658,0.15991947,0.37060305,0.59868723,0.00096866,0.58709836,0.01843068,0.30346838,0.67391545,0.00227218,0.51381451,0.10351855,0.02229816,0.04495016,0.03938809,0.05447210,0.01781023,0.48063478,0.24435157,0.64217049,0.05898913,0.00135604,0.40304348,0.05981349,0.00225104
0.08865038,0.13208592,0.00052945,0.02050265,0.03669469,0.10945211,0.56433702,0.04850250,0.80531842,0.00134425,0.04990889,0.26597282,0.00121625,0.00951832,0.06082944,0.62513870,0.49631041,0.20568462,0.00870527,0.13366072,0.00514067,0.00435962,0.59339994,0.11557116,0.44656372,0.17441325,0.01174001,0.03115938,0.61909240,0.00914173,0.62360269,0.03784489,0.05708898,0.54826772,0.19604778,0.38607490,0.02540856,0.51882517,0.03394231,0.00312590,0.16422468,0.37015691,0.04813778,0.51693088,0.07206599,0.07804102,0.09773794,0.73645610,0.33614498,0.54624492,0.25727791,0.00232448,0.32773134,0.10587315,0.23645854,0.05413066,0.75011015,0.71897030,0.03653969,0.07704803,0.03321311,0.43374535,0.26103559,0.46790129,0.00194799,0.03626694,0.05208251,0.00080646,0.03101242,0.27857119,0.50200105,0.49114016,0.53123200,0.19028610,0.62613791,0.81244791,0.07594652,0.00358713,0.23166282,0.80994374,0.56517208,0.09542188,0.65576291,0.10382461,0.92525452,0.08779529,0.39808181,0.04736727,0.20363525,0.08228698,0.49556452,0.02077166,0.03452461,0.12213571,0.01116312,0.18842287,0.52735323,0.34714437,0.00193049,0.00327547,0.00574437,0.31945586,0.80694413,0.00679816,0.56611115,0.05279068,0.00522249,0.02886108,0.17655189,0.00593709,0.12687300,0.15930530,0.41347754,0.25185367,0.02415040,0.00329726,0.17327607,0.00101371,0.00194892
0.02948569,0.45595011,0.00024237,0.48928139,0.06455071,0.05171508,0.36730346,0.01085363,0.78186250,0.00129765,0.07450670,0.39832181,0.00090285,0.02264968,0.02095911,0.73541987,0.11930539,0.14532377,0.00057272,0.45990044,0.01229917,0.16195013,0.51158720,0.05376305,0.37230989,0.19818272,0.01426611,0.00909606,0.76071173,0.04598005,0.03143125,0.59315288,0.04625027,0.16319995,0.01541168,0.25870600,0.00869842,0.48971877,0.14198720,0.05756642,0.22324619,0.41263333,0.01591220,0.28986251,0.07218527,0.08652171,0.14649883,0.85852766,0.03697351,0.88622409,0.06495655,0.00029248,0.45594165,0.03161116,0.74305058,0.35590675,0.70114130,0.39472526,0.18486267,0.01505793,0.01377589,0.14948283,0.48969680,0.29283082,0.00123634,0.26198673,0.62537551,0.00422367,0.01352771,0.16863176,0.36340439,0.62586862,0.76779395,0.22391728,0.15598753,0.81666076,0.01927394,0.00239078,0.22883400,0.81648093,0.87908775,0.02570410,0.19760582,0.06700488,0.88262415,0.08171738,0.54100001,0.04427845,0.21226837,0.00432580,0.42447609,0.02557526,0.00952065,0.07513922,0.01253496,0.13765725,0.52243018,0.52135617,0.00149266,0.44632509,0.00922933,0.61407626,0.52352989,0.00303004,0.71614552,0.45819196,0.00357826,0.00763758,0.06698518,0.04384978,0.03440865,0.89292026,0.44195816,0.36968800,0.02732041,0.00561949,0.14214630,0.01085639,0.00249130
0.01579928,0.31126314,0.00061601,0.02064729,0.22271585,0.01906987,0.81161314,0.02984591,0.33630675,0.02021218,0.01770603,0.08959150,0.00121121,0.16825612,0.03814972,0.67279273,0.73809773,0.00324988,0.00347262,0.21913770,0.10283387,0.41051960,0.43403745,0.12261014,0.83538699,0.33686703,0.03504666,0.04793808,0.72366047,0.02222458,0.00326417,0.61434603,0.00734454,0.32076824,0.37953702,0.53864288,0.00101395,0.69079661,0.09141231,0.03011216,0.03776357,0.35600677,0.06562572,0.33692017,0.03692722,0.61250561,0.10723092,0.86987090,0.04984567,0.76330411,0.05469966,0.00078480,0.12477302,0.04237995,0.07181675,0.22222914,0.78191978,0.47292811,0.14259325,0.00199921,0.06472279,0.19334738,0.23066308,0.35673434,0.00572628,0.01740595,0.08712124,0.03963870,0.01854547,0.07368515,0.45607603,0.81573957,0.25693205,0.30268598,0.00096552,0.90087408,0.00142078,0.00107357,0.30213183,0.92563242,0.64167178,0.04880171,0.12844636,0.51760107,0.42200941,0.05564431,0.10335101,0.03078147,0.59823662,0.01620477,0.74867851,0.01334062,0.03827108,0.16538957,0.02269817,0.34224677,0.39091200,0.46784851,0.00362926,0.00437251,0.00186550,0.28041658,0.46062803,0.00203669,0.71995229,0.21696869,0.05613391,0.04931420,0.03453154,0.06743808,0.05187961,0.65010566,0.25721020,0.27089873,0.07061321,0.00260188,0.29209781,0.79371947,0.05072816
0.21183541,0.36017954,0.00404775,0.72318000,0.12064926,0.01157016,0.86527383,0.03058717,0.57757944,0.05499137,0.01583890,0.06529777,0.00624011,0.01255545,0.06544435,0.62737048,0.62252533,0.78049195,0.00195234,0.04646228,0.23518337,0.00272335,0.48178411,0.10394739,0.70979106,0.71296579,0.73488456,0.02143958,0.82137907,0.07746755,0.00666278,0.07496633,0.00817904,0.54362214,0.02822868,0.59168518,0.00689085,0.76803988,0.02756608,0.01642764,0.28760090,0.16566554,0.02515085,0.49588859,0.05751805,0.34453282,0.36160958,0.87635386,0.04454078,0.85500842,0.04661896,0.00260623,0.05422305,0.03473685,0.39892665,0.47122064,0.32905850,0.08113823,0.15038198,0.04384687,0.05373204,0.39700440,0.16269949,0.57088590,0.00500429,0.12128822,0.30871049,0.00797231,0.03272650,0.10679169,0.38927835,0.81782883,0.10244504,0.11265607,0.66659433,0.31183028,0.00466144,0.00455052,0.22012524,0.87038201,0.21843424,0.01954683,0.09125395,0.14562292,0.11498947,0.01992266,0.26216590,0.01412760,0.14381772,0.02240640,0.75502175,0.01909099,0.01567105,0.17881618,0.00824629,0.30208319,0.46456879,0.42343041,0.01606472,0.64963406,0.00878980,0.28312704,0.56062520,0.00395930,0.80184001,0.26601860,0.00060135,0.11042807,0.12949298,0.08478721,0.01245592,0.38350549,0.24301527,0.15732871,0.22175629,0.00692578,0.28627968,0.00023654,0.19188595
0.06022671,0.58891910,0.00446796,0.04887245,0.05970707,0.03812260,0.64976954,0.09986558,0.28745985,0.00506352,0.16338518,0.03203094,0.00594792,0.05340527,0.01561392,0.88063121,0.24638885,0.31313753,0.00479465,0.03208977,0.05689276,0.93622684,0.30671221,0.21494226,0.37619591,0.63098681,0.15353090,0.02128783,0.82624853,0.21626988,0.04322359,0.27052796,0.01744811,0.64116639,0.15429586,0.72262996,0.00458755,0.50676972,0.04243753,0.00737478,0.16298738,0.35766757,0.00645926,0.32140180,0.04203117,0.01539470,0.33738419,0.50976247,0.06198039,0.95546263,0.04336122,0.00151049,0.36301091,0.00079607,0.54646927,0.22414647,0.51745141,0.34091043,0.06954525,0.00337557,0.01692703,0.12048603,0.35364240,0.62238353,0.02346217,0.08870260,0.88914245,0.02792010,0.01318302,0.06043950,0.26667598,0.77118891,0.27391684,0.06166179,0.08676712,0.48814067,0.07621026,0.00116473,0.42841032,0.95079309,0.33102715,0.02121345,0.08557958,0.06620432,0.35212195,0.01107312,0.13180593,0.00233344,0.08477041,0.00355024,0.56236255,0.01062069,0.00518904,0.15528885,0.04134610,0.40747935,0.52587497,0.31383261,0.08609488,0.01244975,0.00713734,0.32927805,0.91978937,0.08106466,0.86724579,0.44893256,0.00011453,0.01888028,0.14959964,0.06349082,0.05827406,0.42184788,0.21280231,0.69968390,0.11899662,0.02224767,0.22039612,0.34709203,0.11260215
0.04119821,0.52598703,0.00258996,0.92184514,0.10583875,0.02341071,0.23537727,0.34001842,0.80142415,0.00038492,0.03824395,0.01795896,0.00327553,0.02670198,0.00523846,0.84666407,0.01228654,0.07559350,0.01192322,0.09404194,0.17659165,0.51966929,0.34051612,0.41428733,0.59959185,0.59837765,0.03318278,0.00535794,0.92757815,0.09766326,0.74503756,0.13479371,0.00096247,0.58323240,0.03889913,0.84265244,0.00317872,0.74325001,0.07249659,0.02990640,0.11789061,0.13197768,0.01571604,0.13738728,0.00665642,0.18825220,0.78869408,0.61330295,0.03872114,0.77063012,0.11989108,0.00067783,0.64893728,0.05106982,0.15772499,0.04415208,0.88341677,0.32049462,0.04063013,0.00417306,0.01152199,0.16285412,0.29165676,0.48882976,0.00799001,0.34126776,0.48039711,0.01814035,0.00883603,0.07025621,0.24875045,0.84241205,0.94142824,0.04877004,0.00050592,0.27273166,0.05374882,0.00626902,0.35915068,0.84773201,0.95262069,0.04123024,0.02161937,0.04444751,0.90840054,0.05442887,0.10358835,0.00382912,0.04378967,0.00454744,0.86722982,0.01796672,0.00210449,0.11092835,0.05922280,0.07893988,0.67812812,0.23984329,0.03124814,0.86277860,0.02980806,0.31791717,0.86374938,0.14356118,0.62459844,0.39514226,0.01583040,0.01568125,0.01932521,0.23731774,0.11209787,0.23723289,0.18881811,0.79322225,0.19420934,0.00731859,0.16877587,0.39437300,0.11263526
0.00691798,0.81540328,0.00049375,0.06031188,0.12223645,0.02550800,0.35286158,0.04963439,0.94397736,0.00192501,0.04132073,0.05111187,0.00013753,0.00966280,0.00655608,0.87284088,0.12941857,0.46877724,0.00265385,0.23692670,0.06544259,0.05149085,0.38881701,0.06469952,0.82622761,0.59084159,0.10640448,0.00489751,0.84203291,0.13749242,0.05531460,0.50384539,0.00470965,0.23792863,0.14935212,0.72915345,0.00027092,0.73028773,0.20163101,0.01959314,0.05855539,0.07199394,0.10036451,0.05638288,0.00292802,0.74629301,0.39100945,0.53816849,0.09026697,0.89836639,0.01155448,0.00066920,0.51399785,0.01869436,0.17048700,0.17555025,0.85711008,0.53043830,0.04051496,0.03387822,0.00556647,0.04628961,0.54147929,0.24561340,0.00509485,0.08131626,0.71772730,0.01197407,0.03014734,0.18389732,0.22591031,0.76129395,0.93237168,0.11435103,0.62414652,0.55664778,0.09743734,0.00307132,0.31669509,0.73239064,0.95930028,0.00758695,0.18613613,0.10087452,0.98699999,0.07347947,0.08944849,0.00988788,0.16304487,0.01066690,0.67824703,0.01076628,0.00119621,0.37960663,0.08340232,0.41664809,0.71435142,0.05523129,0.01656121,0.00368465,0.02009877,0.42436242,0.88734621,0.09186712,0.82954204,0.10111400,0.00134382,0.02406722,0.02580125,0.23428504,0.08715990,0.40844783,0.47128636,0.43759361,0.11816347,0.01667354,0.22569199,0.00120009,0.06237782
0.01299420,0.65540314,0.00068487,0.60998303,0.13445956,0.03073260,0.22934815,0.01496574,0.73214489,0.00244736,0.02659938,0.08511426,0.00004229,0.00214650,0.00959971,0.94848692,0.49647757,0.08830376,0.00569461,0.68860048,0.09885331,0.77272898,0.71777135,0.14450508,0.58417737,0.82286316,0.02547595,0.01127678,0.79326874,0.03922799,0.01833892,0.46113679,0.00608813,0.15428461,0.16657642,0.23132206,0.00158680,0.76622438,0.26652732,0.02437008,0.08818696,0.41840315,0.10780971,0.23390204,0.01362872,0.61505252,0.31420383,0.81716305,0.07063443,0.88551879,0.02053498,0.00017142,0.41489214,0.00861428,0.22974332,0.50359499,0.79316008,0.09250360,0.01157832,0.08073127,0.00862148,0.17503804,0.86636001,0.14582278,0.00464658,0.36758828,0.98735470,0.00512016,0.04321535,0.17263722,0.04901394,0.78662181,0.45732480,0.09640861,0.23106164,0.33834907,0.01563227,0.01173097,0.19523621,0.86717445,0.92998523,0.02187447,0.18436946,0.03150288,0.73993361,0.01073151,0.10876816,0.02216664,0.25245082,0.04006115,0.82535791,0.01456201,0.00476174,0.19493240,0.06408916,0.13109358,0.60385150,0.10265972,0.02354457,0.57318008,0.01452061,0.16168015,0.88558114,0.19630720,0.33815846,0.00905517,0.00024183,0.03824248,0.03070844,0.04225123,0.02022513,0.54289168,0.27427670,0.35533875,0.03042058,0.00503044,0.15088339,0.43712354,0.06824604
