0.00159053,0.01809843,0.00032142,0.90624267,0.19570634,0.02030877,0.00052702,0.01077469,0.51063067,0.06146127,0.05383836,0.00109060,0.01037609,0.31607667,0.17068861,0.97513205,0.00195839,0.89817232,0.12130268,0.19652623,0.00217950,0.00001458,0.84798479,0.00007508,0.00033275,0.20394523,0.02680869,0.00846437,0.00001418,0.00008149,0.92095423,0.51849681,0.90697026,0.01409488,0.42677715,0.02787794,0.00039820,0.92952299,0.16766706,0.00055963,0.06712723,0.49308220,0.03044981,0.00100081,0.96310157,0.82626879,0.06769682,0.02679964,0.00098768,0.04690298,0.00148028,0.06257064,0.00005521,0.04335996,0.53091598,0.92664438,0.38989398,0.71655929,0.00284852,0.00055530,0.00058342,0.00033897,0.99207169,0.34370977,0.43010783,0.01852338,0.47004417,0.02807400,0.07379954,0.00025581,0.36239311,0.00167466,0.00062953,0.02385506,0.57009625,0.00024134,0.95444173,0.00002116,0.02641849,0.05153833,0.00408560,0.13663475,0.00014867,0.25120544,0.00245923,0.00101028,0.05506619,0.00078942,0.00234912,0.99415588,0.02170436,0.00135852,0.02410471,0.00068203,0.01042872,0.00284430,0.01158108,0.00133686,0.43991011,0.41257995,0.03842882,0.00012781,0.17537086,0.00002893,0.13497777,0.00230525,0.00007245,0.00101658,0.08244488,0.00029100,0.00126623,0.41292790,0.83063889,0.00315312,0.40601587,0.12810768,0.64282268,0.00970775
0.00553593,0.02253354,0.00108598,0.97810584,0.15460065,0.05527494,0.02350683,0.02671519,0.51163894,0.16525878,0.01960169,0.00000049,0.00047938,0.86590964,0.81139010,0.99228239,0.01395486,0.34129196,0.00259446,0.65657783,0.00408170,0.00013104,0.00858658,0.00029812,0.00000009,0.87637508,0.00099994,0.10623976,0.00010387,0.00003183,0.95907056,0.48172519,0.97606891,0.00662388,0.92065233,0.05486318,0.04027568,0.98629659,0.99105018,0.00088430,0.00647023,0.47437459,0.07039268,0.00076618,0.05023356,0.63821596,0.22236086,0.95750481,0.00430106,0.12284539,0.00006619,0.07380726,0.00002867,0.02231596,0.94305980,0.99800974,0.45341200,0.24829115,0.00071293,0.01611846,0.00017310,0.04776623,0.99010235,0.84449989,0.38860506,0.03797268,0.10488396,0.03907792,0.05743059,0.00662277,0.49110889,0.58770537,0.00005149,0.00587236,0.06631084,0.00929316,0.97655469,0.00034902,0.04985384,0.54599804,0.00020921,0.32771978,0.00089549,0.02589577,0.00993431,0.00315085,0.00078315,0.01924816,0.03652591,0.99057174,0.03831184,0.00930623,0.00338643,0.01582672,0.01366581,0.00005489,0.00518689,0.00002858,0.26089314,0.27724794,0.03066136,0.00040160,0.02944516,0.00022060,0.05384667,0.00879130,0.00418075,0.03613823,0.07190432,0.00108858,0.00007798,0.67883700,0.99606639,0.10196415,0.48343629,0.00189207,0.59596723,0.01994898
0.04009180,0.10566319,0.00129565,0.97735351,0.03835845,0.00617004,0.01121527,0.06973882,0.35261962,0.11555766,0.13018604,0.00000014,0.00356212,0.42239729,0.40893075,0.14590371,0.14055459,0.47955719,0.04528481,0.99619579,0.00250870,0.01656485,0.22123627,0.00113614,0.00046189,0.33218116,0.00424398,0.05956564,0.00024985,0.00037590,0.94338834,0.66795546,0.99536890,0.00152952,0.73223400,0.00217564,0.00788497,0.96103323,0.93617564,0.00004757,0.02361893,0.27045393,0.02648479,0.00008670,0.02144900,0.81637901,0.24309738,0.94258416,0.01285492,0.50183403,0.01155555,0.66399682,0.00012241,0.07824158,0.83624339,0.94781542,0.16669422,0.43844518,0.00184777,0.00796578,0.00005556,0.00016705,0.92644376,0.88790977,0.83381331,0.16573291,0.15871397,0.07294677,0.19559191,0.05776006,0.72805119,0.07068852,0.00018498,0.01742901,0.00786597,0.03631559,0.98882771,0.00085737,0.06476636,0.01419971,0.00011520,0.04096586,0.00136949,0.01423568,0.14559975,0.00333757,0.00123604,0.01027203,0.07986385,0.92080861,0.00123147,0.07447708,0.00055127,0.00809629,0.12469303,0.00008884,0.01999770,0.00010371,0.16194689,0.35018620,0.00920535,0.00007184,0.01916343,0.00200736,0.00755466,0.00362717,0.00024582,0.00025914,0.06294377,0.00019555,0.00283840,0.19802628,0.47286984,0.02342220,0.70384258,0.16043147,0.05978712,0.00032684
0.02211973,0.04234389,0.04771154,0.07142276,0.08282863,0.03363796,0.00085563,0.53000063,0.15714189,0.12359789,0.01765266,0.00122676,0.01323124,0.68030059,0.20722501,0.39219147,0.03613527,0.10055699,0.20431644,0.78209859,0.00574852,0.00806480,0.17092709,0.00311442,0.00001587,0.08592830,0.00112315,0.13565147,0.00020132,0.01233406,0.75220788,0.10657670,0.99634385,0.13761050,0.19076641,0.00050120,0.02814016,0.89010227,0.42504188,0.00265908,0.08675637,0.49994528,0.04187367,0.02708520,0.41070089,0.30219570,0.32974020,0.83565873,0.05169830,0.02384186,0.00969665,0.39074257,0.00010514,0.10010212,0.80851454,0.84697366,0.09126420,0.44711006,0.00372932,0.00308776,0.00289064,0.00182102,0.31905803,0.16118066,0.37556499,0.78404170,0.19667913,0.01432503,0.04255032,0.08507291,0.77548182,0.01616607,0.00047955,0.03081194,0.09371670,0.04101629,0.96055466,0.00164785,0.09892971,0.07714956,0.00988715,0.11008316,0.00426371,0.07113682,0.02152366,0.19400398,0.00006341,0.05986803,0.03856414,0.86766034,0.00020625,0.00106231,0.02466575,0.00036785,0.48940045,0.00034199,0.26053953,0.00002386,0.24342927,0.64580315,0.10374236,0.00151764,0.22936453,0.03479796,0.26319280,0.00657092,0.00299361,0.00669337,0.01375052,0.00004659,0.00030314,0.16801853,0.09746730,0.05546328,0.38907883,0.34437305,0.00136868,0.00024687
0.00856043,0.23842721,0.12982513,0.00216323,0.19310802,0.08426871,0.00059178,0.17285174,0.21127315,0.04265279,0.03414373,0.06737676,0.01701173,0.53763252,0.33170190,0.90800554,0.01064672,0.11868145,0.32841337,0.83655787,0.02709273,0.07797347,0.02382807,0.01245991,0.00094389,0.31038553,0.00438426,0.13383131,0.00201554,0.09048671,0.07871045,0.38434410,0.97819978,0.00963547,0.53897339,0.02451382,0.02681085,0.72435433,0.35332900,0.00487626,0.05132906,0.73727202,0.07967286,0.00182136,0.06426830,0.43659291,0.06540737,0.48770261,0.28736430,0.01332206,0.00138854,0.22891918,0.00014231,0.09904934,0.54493409,0.52251774,0.07724032,0.88443542,0.00350549,0.01041485,0.00220229,0.00545476,0.08537649,0.01791777,0.49007607,0.90041625,0.04435709,0.02589426,0.12265881,0.01353529,0.51696354,0.14733022,0.00200418,0.01283194,0.10940426,0.05756154,0.98716182,0.02957835,0.10036050,0.09919637,0.01200090,0.13425034,0.01658965,0.03495643,0.01344330,0.24885805,0.00006235,0.02632666,0.05462400,0.66112471,0.03623675,0.00608437,0.00732741,0.00027334,0.07817101,0.00599696,0.29191703,0.00004647,0.36904562,0.42759332,0.06062984,0.00349414,0.15181236,0.00847463,0.08947876,0.02043228,0.00122968,0.00129687,0.20214339,0.00205237,0.00098312,0.21675007,0.23987484,0.08629919,0.33954039,0.57026732,0.00591992,0.00127421
0.01442837,0.10062414,0.24459113,0.33771625,0.07721175,0.12384690,0.03079754,0.00345167,0.16671796,0.02995726,0.03685267,0.04351025,0.15997201,0.51450491,0.58863384,0.51755911,0.09448086,0.41249323,0.15112224,0.22835495,0.20297725,0.08970656,0.01360160,0.09820727,0.00035314,0.21396154,0.00203895,0.09158915,0.00327038,0.00872987,0.59838134,0.26269400,0.94088978,0.00593952,0.34275562,0.13863927,0.06580118,0.62959033,0.30555820,0.01345938,0.23520185,0.61122316,0.02265699,0.01334832,0.06774025,0.70697272,0.31204379,0.41568890,0.72622257,0.00425495,0.00168820,0.26004770,0.00055386,0.08808637,0.12318435,0.38598531,0.32185632,0.99691361,0.00117003,0.02490105,0.01499768,0.01492572,0.50100034,0.07805905,0.31166345,0.10774922,0.04857422,0.12435736,0.37100703,0.17805307,0.13548434,0.45278916,0.00617041,0.03639746,0.26968321,0.01275731,0.38808182,0.00599299,0.06834830,0.39991069,0.00894410,0.10950204,0.02869799,0.04226916,0.02398538,0.02198092,0.00214934,0.09700804,0.15926145,0.64434832,0.06751573,0.00307234,0.05206587,0.00094127,0.00399006,0.01515965,0.06663130,0.00004767,0.20456322,0.09295145,0.10342149,0.00293973,0.04817257,0.00405678,0.25305235,0.00491697,0.00015890,0.00052699,0.42832255,0.01448649,0.00099882,0.34801731,0.35719749,0.02589284,0.28001869,0.25526497,0.03199556,0.02789746
0.02935281,0.08130677,0.01082029,0.65627813,0.19240367,0.00150824,0.00281932,0.00146881,0.01518388,0.04250700,0.00355008,0.09702755,0.22324726,0.42671296,0.15472473,0.58260798,0.00430836,0.28546110,0.16849719,0.21794410,0.00522847,0.06580510,0.01839584,0.02173148,0.00351403,0.13983452,0.00624867,0.00243651,0.00004729,0.04201544,0.95346302,0.43015173,0.70717746,0.00973975,0.16788968,0.11979810,0.00031464,0.19561426,0.09780014,0.02230295,0.14265840,0.25605056,0.00686683,0.00897356,0.08658902,0.35496992,0.52112097,0.25725114,0.01441977,0.00960463,0.00319348,0.01381656,0.00674445,0.00105881,0.07160047,0.82730156,0.19091955,0.99318689,0.00445819,0.02445797,0.00158151,0.00600809,0.89876992,0.27735579,0.19820386,0.02073932,0.07169814,0.00759844,0.65156174,0.00338423,0.20840175,0.65942043,0.00293196,0.01850687,0.65159076,0.00149408,0.84420931,0.00343122,0.02850917,0.18038873,0.01260325,0.07549895,0.00089905,0.10711393,0.01821965,0.00112292,0.00570311,0.00093233,0.50751704,0.31284776,0.13077953,0.00088758,0.00409180,0.00491729,0.00076020,0.03249308,0.07155112,0.00000568,0.13085981,0.69408268,0.00052044,0.00155984,0.24806000,0.01344581,0.08314265,0.00079271,0.00006190,0.00803867,0.30735645,0.00086232,0.00026781,0.10790408,0.64504606,0.00480233,0.04034851,0.00602468,0.08728662,0.02957986
0.09790134,0.05934621,0.20055488,0.92385083,0.42554447,0.00126567,0.00998946,0.00011859,0.01804162,0.06786589,0.00071918,0.05170749,0.31004405,0.48280394,0.36154038,0.24732615,0.00662891,0.25110155,0.57544577,0.39695516,0.01547954,0.32240650,0.01271458,0.11921649,0.00268479,0.02917606,0.02081109,0.00041221,0.02113833,0.87652814,0.68975240,0.16856936,0.71459186,0.00412627,0.14277264,0.04754875,0.00206678,0.16216591,0.21704142,0.22049439,0.08982471,0.15904579,0.00071680,0.00449998,0.07088730,0.38083836,0.79697913,0.21454206,0.05632430,0.03913569,0.00218828,0.09133141,0.23256171,0.00205878,0.00630404,0.86005807,0.24828711,0.99980819,0.00638084,0.20783442,0.00368001,0.01549272,0.51000774,0.02422426,0.11739910,0.00526561,0.01687072,0.00919986,0.79756904,0.01469413,0.07753717,0.53377682,0.30799621,0.10778891,0.04502986,0.00136897,0.59311938,0.00078367,0.08724904,0.11765916,0.28223729,0.02582619,0.00891761,0.09197522,0.18051037,0.00435760,0.06348466,0.00015780,0.48148364,0.13171996,0.07021480,0.03471734,0.00307849,0.01531721,0.00034152,0.01952181,0.26989597,0.00000181,0.05486183,0.74507177,0.00211928,0.15374003,0.05022280,0.18576804,0.08425358,0.00616775,0.00402919,0.10343077,0.18430546,0.00879225,0.00119865,0.33518288,0.47978705,0.00033083,0.04123407,0.01848357,0.22966862,0.00712770
0.00649403,0.21910298,0.18813178,0.44492176,0.53336459,0.00048675,0.00173082,0.00008197,0.01818510,0.15308638,0.00002830,0.15254413,0.61967367,0.27474558,0.05292317,0.28398839,0.00402510,0.43386436,0.28207633,0.38676327,0.20493342,0.22239397,0.01157084,0.27195671,0.09654684,0.13278851,0.28155991,0.00032875,0.00289232,0.24857400,0.46667951,0.18698186,0.26757994,0.00484598,0.27960238,0.03639624,0.00046024,0.05130471,0.21246514,0.47561789,0.08385327,0.48228428,0.00055412,0.01116188,0.29604638,0.76349175,0.72950590,0.16810818,0.02273985,0.12243284,0.02974117,0.04407186,0.21886936,0.00184763,0.02532117,0.24004702,0.48419070,0.99986994,0.05011260,0.08884941,0.01668659,0.04660273,0.12311795,0.00446066,0.02882431,0.00124177,0.00550846,0.00480275,0.71620935,0.00791243,0.06318018,0.91660309,0.08584921,0.08749378,0.21306065,0.00011046,0.33592394,0.00077976,0.13544448,0.32879594,0.13482818,0.00478747,0.04133534,0.08971626,0.02579433,0.00602311,0.31508389,0.00011112,0.13112544,0.02832130,0.05747100,0.00778818,0.00329755,0.07777910,0.00031292,0.03627016,0.21000870,0.00000022,0.16992828,0.04892202,0.00228117,0.04061855,0.37107253,0.05137404,0.08377629,0.00800067,0.03740375,0.07228214,0.37813169,0.01721644,0.03433333,0.11574336,0.71649742,0.00081867,0.04565543,0.01929424,0.08796037,0.02629605
0.00850073,0.24646896,0.40848067,0.01610096,0.43568406,0.00050342,0.00249784,0.00000173,0.02589081,0.21492718,0.00000094,0.19546394,0.09013025,0.50719905,0.04890149,0.84156567,0.00006584,0.11376259,0.08131471,0.71271729,0.00956030,0.09232386,0.07943010,0.03561420,0.05133741,0.00138996,0.19642401,0.00030676,0.00010521,0.08371465,0.12795818,0.28686506,0.25867495,0.09791547,0.24308437,0.20780268,0.00099337,0.02491194,0.32360810,0.74950087,0.45294690,0.07649945,0.00234054,0.01830583,0.24404582,0.94067597,0.71258479,0.15051512,0.27419630,0.96704739,0.05583121,0.47276527,0.42240340,0.00229078,0.02734888,0.45965680,0.30587289,0.99998033,0.23734719,0.06382311,0.06617045,0.38999063,0.76235336,0.00015077,0.03174769,0.00016198,0.00264817,0.02183892,0.18353178,0.00133482,0.20261052,0.82937795,0.01929029,0.08645644,0.99081790,0.00018716,0.22633182,0.00027568,0.16355558,0.50516593,0.09839974,0.00677258,0.24882053,0.05011822,0.00163405,0.00185887,0.13779847,0.00024176,0.06842096,0.08045841,0.97814709,0.01379338,0.00098953,0.03978078,0.00969786,0.01604806,0.14311922,0.00000016,0.23203206,0.24631312,0.00193823,0.09320952,0.33647782,0.00661975,0.44026414,0.00057849,0.03735993,0.22404820,0.04547272,0.00212498,0.07847001,0.01557665,0.99481612,0.00001401,0.07738119,0.00156663,0.05025490,0.01165930
0.01896110,0.20914681,0.00236176,0.09549662,0.73077971,0.00149153,0.01878023,0.00018114,0.00926351,0.28641605,0.00000252,0.12484072,0.19649738,0.35653332,0.02140522,0.85410708,0.00220635,0.06206431,0.11731216,0.24368446,0.00472983,0.01973676,0.08190089,0.01718116,0.41690618,0.01166264,0.09643613,0.00053361,0.00001871,0.70651299,0.75408906,0.84257811,0.21337022,0.67301190,0.02195191,0.25737143,0.00271284,0.47774464,0.43554765,0.38343719,0.99951184,0.55505651,0.00121556,0.09630921,0.14259593,0.75096840,0.88113296,0.11244306,0.05556608,0.66724628,0.11703367,0.12490949,0.08186541,0.07123663,0.01327280,0.71016550,0.00522809,0.99979258,0.14553177,0.00437105,0.05224805,0.51407081,0.80078840,0.00139187,0.01808208,0.00010956,0.00248503,0.01755123,0.28728083,0.00236802,0.03315151,0.97828716,0.00245557,0.08744969,0.98678851,0.00048531,0.04129599,0.00072234,0.13917485,0.09556761,0.12418940,0.00167854,0.21051157,0.18673420,0.00607606,0.00063589,0.01400856,0.00000855,0.00753661,0.01880750,0.90666699,0.00582957,0.00857780,0.01408456,0.68742633,0.00227376,0.10824588,0.00000039,0.32850772,0.61337322,0.05127028,0.38456935,0.36692518,0.00213747,0.24955601,0.00003250,0.00335406,0.02298233,0.36173195,0.00012688,0.35861337,0.21825564,0.78530383,0.00004095,0.01080331,0.00018610,0.00849258,0.08793597
0.01085312,0.84222358,0.00223030,0.57728463,0.33588517,0.00015014,0.01580112,0.00024685,0.04565229,0.62245047,0.00000381,0.84479624,0.00117878,0.08842678,0.00687351,0.24806818,0.02842072,0.26400757,0.03806178,0.00357841,0.00016264,0.21283844,0.71072012,0.00186813,0.81660300,0.19786419,0.00430857,0.00353861,0.00000663,0.64224899,0.99278444,0.68955594,0.10463978,0.00905213,0.07310741,0.09209092,0.05809893,0.26802698,0.07056846,0.16989489,0.99966568,0.47875443,0.00186982,0.06921371,0.10206408,0.08057529,0.93811935,0.00967440,0.02589867,0.00041363,0.00658787,0.00631014,0.03659375,0.07586160,0.00130377,0.93564647,0.59639299,0.99999982,0.03583692,0.00036215,0.00025753,0.04834849,0.99100387,0.05084578,0.06537677,0.00792072,0.06371629,0.00658643,0.57210422,0.09791034,0.18756913,0.96222526,0.00067685,0.00147366,0.93303347,0.00060284,0.08769155,0.00006264,0.77352160,0.46328261,0.22543836,0.00122097,0.33510900,0.62932861,0.01562603,0.00004180,0.03239490,0.00014400,0.15877396,0.01471994,0.32025868,0.06669134,0.00015175,0.00074902,0.00286465,0.08798765,0.00596260,0.00127230,0.77332401,0.55983961,0.06593388,0.02930371,0.92819357,0.00185971,0.59976804,0.00102993,0.00008749,0.32428947,0.23432130,0.00222144,0.02554020,0.14153472,0.74603552,0.00091203,0.01027273,0.00158145,0.79927766,0.08114309
0.00360452,0.35506001,0.01156840,0.84142923,0.01322396,0.00036472,0.00127547,0.00108921,0.00054714,0.46233785,0.00019032,0.52460223,0.00032906,0.06133056,0.02543995,0.52175272,0.00023171,0.95197666,0.05539737,0.02377622,0.00020788,0.42186627,0.98267478,0.01556560,0.01068075,0.45512447,0.00264959,0.03008090,0.00000185,0.00143472,0.97730523,0.95956737,0.11912031,0.04131781,0.02666285,0.01264944,0.00046990,0.97613996,0.31892636,0.12374094,0.09141701,0.24911004,0.00139759,0.00418600,0.06338742,0.14950478,0.99984461,0.17647342,0.00281414,0.00184082,0.00395401,0.00551207,0.00862858,0.00104092,0.15579721,0.98201543,0.04905787,0.99890786,0.00020208,0.00046942,0.00670707,0.22292903,0.94777596,0.01965167,0.15184785,0.01847263,0.02732111,0.00055612,0.79042369,0.29589579,0.00926690,0.60729736,0.01505439,0.00583315,0.85589623,0.01147932,0.62360650,0.00002489,0.00001061,0.20720769,0.99609852,0.00004212,0.80243993,0.00883710,0.00077467,0.00059199,0.00110617,0.00000110,0.07328875,0.03094971,0.47015408,0.05448807,0.00003066,0.00018147,0.02342983,0.00002946,0.03052904,0.00563923,0.49619365,0.81527340,0.00123276,0.15420167,0.77213848,0.00003981,0.01188368,0.00182041,0.00632363,0.09163681,0.07701895,0.00489930,0.03732163,0.01158481,0.57338035,0.00041370,0.27480218,0.00060684,0.25381181,0.84067696
0.00358678,0.95557433,0.00438925,0.98182601,0.12133849,0.05416368,0.00012267,0.03486840,0.10865723,0.04282685,0.00210366,0.00056209,0.03142818,0.05633638,0.86366457,0.98056352,0.03034941,0.52283877,0.00301097,0.15233068,0.00618595,0.00945091,0.84921658,0.01426505,0.99999982,0.86323220,0.84332585,0.05087900,0.00000065,0.00001527,0.97119105,0.78114104,0.02684971,0.21356972,0.14593819,0.02207978,0.00035463,0.33814153,0.99472600,0.02129280,0.32538125,0.08070315,0.02217379,0.00018635,0.00002738,0.39018664,0.89324278,0.83188462,0.00019504,0.00996444,0.00012385,0.00201020,0.00002502,0.00227405,0.57147396,0.00015219,0.07712145,0.76302803,0.00330234,0.06321333,0.00767240,0.00078761,0.99329764,0.28818476,0.00036137,0.02717588,0.38744375,0.02917942,0.24286298,0.00114876,0.38599464,0.40725487,0.00234409,0.00011615,0.76081789,0.00036111,0.37865895,0.00098677,0.04820611,0.18056329,0.00010452,0.51405710,0.00367551,0.12967086,0.00390987,0.20096457,0.22700457,0.00250795,0.40553269,0.13696045,0.75889891,0.00066510,0.01249898,0.00023675,0.03847250,0.00022820,0.09674190,0.17143708,0.66335374,0.07611589,0.00879439,0.00002686,0.48894507,0.00023627,0.03386024,0.00011747,0.00000142,0.00019510,0.00785833,0.00592118,0.01008619,0.12713058,0.61705005,0.02363346,0.03597718,0.47613552,0.46250141,0.05459803
0.00382408,0.96279359,0.06051278,0.99575162,0.80809170,0.43946683,0.00011622,0.28925180,0.14588583,0.13773021,0.01728530,0.06609998,0.18604149,0.06961749,0.14065450,0.99765956,0.00199426,0.11982093,0.00824853,0.15279374,0.03591685,0.08157478,0.89129144,0.02958204,0.99993956,0.78710526,0.22981274,0.02892843,0.00000124,0.04598592,0.99614131,0.96491975,0.25380638,0.03531802,0.16693538,0.00701936,0.00022085,0.09605654,0.96010244,0.00018072,0.11664116,0.03516184,0.04311427,0.00186670,0.00002255,0.86365622,0.89734513,0.98343933,0.00000002,0.04676375,0.00004777,0.02604360,0.00002821,0.03039445,0.27535614,0.00092366,0.03915782,0.75613296,0.00054498,0.01000852,0.03722728,0.00001418,0.99874091,0.45302022,0.00000134,0.02427392,0.82730389,0.09969894,0.05454631,0.03275748,0.66081554,0.83757770,0.00292867,0.00777827,0.89535075,0.00125494,0.79557604,0.00575848,0.32693848,0.54014945,0.00097631,0.59201527,0.00139548,0.11763731,0.01590909,0.07013670,0.00533937,0.00469830,0.12752071,0.76622641,0.51915473,0.00133746,0.00210333,0.00148958,0.38133982,0.00087594,0.06498986,0.38353962,0.17832124,0.01408868,0.02594732,0.00065235,0.40252185,0.00076875,0.24569860,0.00001339,0.00019281,0.00533175,0.00203606,0.05330782,0.00241164,0.18195331,0.00889328,0.05809419,0.00440348,0.22416461,0.61907148,0.00173984
0.00374549,0.89458889,0.06589134,0.98171479,0.80186844,0.07523403,0.00214929,0.20840831,0.28901356,0.32601815,0.01049097,0.00458511,0.27798375,0.02001732,0.19856773,0.01443710,0.00267203,0.24941979,0.00295250,0.06288545,0.05701211,0.05479319,0.76212209,0.03445566,0.99934626,0.86775649,0.04127809,0.02909608,0.00044305,0.00354390,0.88476664,0.77138197,0.64597565,0.39776614,0.18761624,0.00445733,0.00120304,0.61199307,0.95231789,0.00152388,0.14004421,0.09984403,0.00401631,0.00007265,0.00295872,0.73454887,0.81878787,0.85799134,0.00000020,0.05962691,0.00005657,0.01940339,0.00010831,0.06195575,0.06563870,0.00006199,0.25033200,0.89203447,0.00805241,0.00226276,0.00547682,0.00301799,0.81672382,0.88929248,0.00000493,0.01462542,0.61134273,0.02208219,0.16839153,0.09605093,0.58908123,0.13909021,0.00652280,0.22054631,0.00301272,0.00045799,0.83117974,0.04763558,0.38004199,0.69888717,0.00033648,0.57948202,0.00268335,0.16265978,0.02757659,0.05719902,0.01357840,0.00904955,0.21630646,0.75104964,0.00010438,0.00680716,0.03392572,0.00006762,0.12556668,0.00639423,0.00375646,0.12135724,0.07349680,0.01221472,0.03455839,0.00025419,0.28644264,0.10410730,0.31100473,0.00128687,0.00108416,0.00624106,0.00216865,0.02725746,0.00032048,0.27242854,0.01122707,0.31009597,0.06408872,0.27320915,0.18329513,0.00171434
0.04333058,0.66054112,0.02672379,0.37322265,0.54364425,0.05213542,0.00114573,0.27789885,0.23244318,0.25806955,0.02547646,0.00567919,0.08617474,0.04760574,0.11972870,0.01037827,0.04443459,0.72787422,0.00074624,0.62622774,0.04514410,0.04206836,0.84292769,0.00786756,0.93255484,0.79178876,0.00647714,0.05005055,0.00094454,0.01113366,0.53450924,0.95409274,0.35303310,0.20957097,0.23809680,0.00912774,0.00302630,0.62017131,0.64922059,0.00674260,0.25727093,0.06462961,0.01715367,0.00009881,0.00159362,0.25784132,0.43591365,0.84337002,0.00000013,0.19224048,0.00018586,0.06466600,0.00089835,0.14235856,0.40818849,0.00004098,0.10349303,0.80000472,0.07309457,0.00446852,0.02403834,0.01631893,0.78158689,0.32911387,0.00001232,0.04092970,0.75711071,0.02147989,0.26960009,0.03535513,0.29804343,0.14316000,0.01988096,0.12560533,0.37158698,0.00020466,0.84358561,0.11123566,0.18413126,0.81049114,0.00046603,0.62663728,0.00113737,0.34931311,0.00458768,0.12271489,0.02324877,0.02686987,0.73572809,0.88594723,0.00131195,0.00226191,0.02474349,0.00000112,0.48994747,0.04756063,0.03671113,0.24693671,0.12822711,0.32362005,0.27216479,0.00243810,0.75379628,0.05127732,0.15859170,0.00199331,0.00050607,0.03618525,0.00021706,0.08389679,0.00123847,0.31660706,0.00365085,0.23662010,0.00471674,0.64042169,0.13601054,0.00391175
0.10226055,0.05101538,0.05434979,0.01004393,0.22989115,0.08634565,0.00125317,0.17197043,0.18852083,0.11170829,0.00837475,0.00974062,0.07767250,0.11348654,0.10055465,0.55227417,0.07655364,0.29738018,0.00410616,0.28867778,0.01917520,0.06272131,0.71546513,0.01081207,0.66235918,0.74051571,0.01137643,0.04609312,0.00542310,0.03547242,0.02662960,0.88544554,0.28538230,0.18556049,0.08590589,0.00502643,0.00529629,0.36640316,0.56083506,0.00151093,0.26278606,0.30413923,0.01549276,0.00021678,0.00257045,0.48254567,0.04716058,0.80319506,0.00027328,0.04941334,0.00032487,0.24669068,0.00078596,0.17582873,0.63521719,0.00666405,0.18505150,0.38804138,0.04529537,0.01099824,0.00739654,0.00583093,0.01143526,0.04114273,0.00030093,0.14472717,0.32975188,0.00900465,0.36267254,0.02256956,0.10705062,0.09220476,0.00762857,0.12111310,0.34395379,0.00072902,0.14643197,0.27149832,0.11332665,0.29060173,0.00555381,0.30032834,0.00662227,0.61175185,0.01089495,0.15019564,0.00469170,0.03365733,0.42964885,0.78605586,0.00817889,0.02677074,0.00902136,0.00000654,0.12040157,0.16879572,0.03834110,0.19421095,0.10289207,0.05409644,0.29771692,0.00717427,0.55164528,0.04270723,0.06202935,0.00210469,0.00085875,0.00277523,0.00410114,0.04162040,0.00132154,0.19409381,0.08676492,0.12998150,0.00711083,0.89900672,0.02766664,0.01417021
0.09483124,0.13618995,0.05871371,0.31810251,0.41095641,0.29863781,0.00981624,0.07369065,0.29358512,0.27317479,0.07295121,0.01714298,0.03542291,0.16725282,0.39840168,0.96236724,0.18726262,0.42714974,0.00640365,0.30694568,0.02850289,0.22980602,0.10683975,0.05907256,0.10066979,0.53513640,0.02313112,0.36727706,0.00405575,0.02428568,0.65476841,0.74635565,0.16427138,0.04806846,0.26228622,0.01424448,0.12059965,0.36988014,0.22037254,0.00324903,0.79390842,0.24686073,0.01075835,0.00273247,0.00135284,0.17559771,0.09241134,0.83515501,0.00795486,0.01694971,0.00196078,0.15524784,0.00316149,0.12451488,0.16118824,0.00334192,0.29815453,0.51049465,0.01991223,0.01566049,0.09548780,0.14569074,0.41156793,0.01768380,0.00004486,0.01610324,0.29176500,0.46215022,0.49526194,0.34669992,0.22049345,0.23532641,0.00345586,0.04522022,0.12179267,0.00059658,0.01728555,0.35602975,0.11896691,0.43977520,0.00408767,0.11233310,0.04238926,0.30329043,0.00582904,0.00615397,0.00814398,0.11599180,0.30510941,0.61467701,0.04602237,0.02414156,0.01703586,0.00000372,0.01481913,0.11471269,0.00832544,0.15676139,0.16279081,0.03902085,0.24620585,0.01480217,0.49314493,0.00074785,0.15696642,0.00275841,0.00001631,0.00040445,0.01345478,0.15113629,0.00216672,0.12927987,0.69483596,0.10848655,0.00301160,0.76812232,0.06034930,0.00894019
0.04960253,0.15776734,0.00158121,0.35407266,0.25112417,0.00929728,0.01237232,0.00238847,0.04455213,0.24064031,0.02115546,0.03432690,0.02052522,0.19648024,0.17016917,0.90801054,0.00160559,0.31634721,0.01500175,0.17923251,0.00275830,0.16812508,0.29580098,0.01988150,0.06395450,0.29670832,0.01202497,0.00858676,0.00002486,0.01620397,0.93796915,0.70904583,0.27835301,0.26034945,0.34719843,0.08773452,0.00084867,0.26566115,0.17691627,0.00571886,0.67985231,0.01833297,0.00642019,0.03151904,0.00348073,0.09628270,0.18417987,0.51843297,0.00091963,0.01332236,0.00308977,0.01055674,0.00709832,0.00346278,0.10900177,0.02036845,0.07752744,0.38512450,0.00432412,0.05096570,0.00003546,0.02226431,0.91469449,0.03627656,0.00019374,0.00444490,0.42078662,0.01066391,0.60577404,0.00255064,0.40611365,0.39965758,0.00151683,0.02017665,0.63598436,0.00036872,0.25611681,0.11221527,0.01168986,0.45538709,0.02975611,0.12272688,0.00093811,0.15411456,0.00454642,0.00006542,0.04547008,0.00105956,0.34493074,0.50630450,0.28617826,0.01211059,0.00217122,0.00007552,0.00856532,0.06751058,0.01998276,0.11955870,0.16493253,0.19439450,0.00046193,0.00175399,0.30088726,0.00531807,0.05328574,0.00268355,0.00000508,0.00052813,0.03926955,0.00202420,0.00248317,0.10133817,0.63939089,0.00375931,0.00079185,0.01170254,0.18777588,0.02525516
0.17816487,0.04128296,0.01002662,0.13710243,0.34923825,0.00313882,0.45486623,0.00046765,0.03363407,0.16507252,0.03472546,0.01915088,0.14122951,0.38056937,0.38635549,0.05199235,0.08392590,0.34759358,0.09323060,0.27372107,0.00300451,0.58857042,0.21658635,0.14696990,0.02010919,0.22667427,0.03158699,0.01015095,0.00137417,0.87072313,0.31708318,0.76640707,0.36241558,0.05056081,0.46593785,0.01835704,0.00451173,0.22723550,0.12444054,0.02124023,0.58561504,0.01462191,0.00154476,0.07763241,0.00467144,0.15386671,0.26488787,0.43883640,0.00349287,0.00740779,0.04891466,0.01169087,0.36168802,0.00318386,0.10500205,0.00743055,0.13460025,0.67998660,0.00346278,0.62880576,0.00012419,0.02060044,0.41877159,0.00281723,0.00009140,0.00315547,0.16150083,0.00891938,0.57751435,0.04307781,0.40756837,0.11392903,0.06399982,0.20548126,0.21526580,0.00436792,0.33048469,0.20550184,0.00206821,0.48085225,0.67154145,0.03652440,0.01861653,0.25969818,0.19346966,0.00005044,0.15372965,0.00071881,0.63087398,0.46285009,0.31704369,0.35782224,0.00537727,0.00045130,0.02283932,0.55511177,0.01364934,0.41213733,0.10568566,0.09865033,0.00028118,0.11540657,0.09555149,0.33881018,0.01321423,0.04156165,0.00076726,0.00182324,0.05471388,0.01005245,0.00296653,0.17233400,0.35970536,0.00020355,0.00006559,0.00275940,0.08904818,0.01188916
0.12073480,0.04966246,0.00935160,0.21103275,0.27616057,0.00759049,0.38643935,0.00019731,0.01372234,0.11594930,0.18227768,0.01049082,0.23805152,0.15436241,0.37345949,0.00204339,0.00583435,0.52499729,0.04130659,0.51953071,0.00229232,0.51966131,0.76139271,0.31984419,0.23408234,0.24625815,0.21340702,0.00597659,0.00216701,0.24498791,0.03739390,0.86410058,0.62228686,0.80359697,0.21211468,0.07283135,0.01640810,0.32286060,0.09175502,0.08411405,0.36782840,0.03184079,0.00344131,0.03792925,0.03091965,0.29568839,0.27589718,0.50815362,0.03090994,0.00268235,0.16984507,0.00356795,0.43552437,0.00266875,0.05457538,0.00112287,0.14786352,0.76179475,0.00026656,0.73614901,0.00004555,0.01682984,0.29257256,0.00016906,0.00005496,0.01080109,0.22256289,0.00829822,0.73630625,0.00230484,0.64511359,0.22367792,0.10787112,0.15243889,0.01380263,0.01051988,0.34616083,0.37119526,0.00053127,0.30186394,0.67757177,0.13601065,0.02747167,0.35925308,0.05007770,0.00003499,0.08595473,0.00070414,0.51855868,0.62862158,0.05151482,0.07720499,0.00328897,0.00151921,0.03568421,0.50671488,0.01560272,0.53846604,0.10079084,0.04130488,0.00022505,0.06833792,0.07280463,0.02822117,0.02435458,0.12249051,0.03445285,0.00368248,0.00737986,0.01014571,0.00067033,0.34034765,0.31041658,0.00104650,0.00001906,0.00172223,0.04098465,0.02233220
0.08631078,0.01365564,0.00223985,0.42452997,0.56976163,0.06049659,0.08332780,0.00004845,0.09073338,0.34495744,0.00905342,0.01183386,0.44559100,0.15891171,0.42921185,0.81633353,0.01893567,0.60376191,0.12072646,0.54593414,0.00444620,0.42317036,0.67858285,0.11532661,0.09104924,0.20603698,0.43071350,0.00040699,0.00093788,0.35691011,0.10092969,0.77676433,0.58081275,0.98397756,0.18860723,0.38078532,0.00799058,0.04918858,0.02061025,0.03848620,0.69756073,0.03706992,0.00869503,0.19784920,0.07685241,0.50534594,0.24525054,0.71064198,0.00998439,0.00384881,0.13212380,0.00532064,0.35933045,0.00056594,0.01651222,0.00694641,0.04552858,0.79896945,0.00030098,0.40307277,0.00003685,0.00236381,0.75171983,0.00001185,0.00001206,0.06020891,0.38031435,0.05959778,0.81388712,0.00059673,0.60141915,0.48643816,0.01027173,0.05700405,0.17772911,0.06444217,0.78268456,0.51479381,0.00110309,0.56600279,0.49258816,0.02060913,0.01073884,0.40517670,0.02530648,0.00044920,0.00904146,0.00092630,0.89050007,0.36312777,0.68250793,0.00334022,0.00162649,0.03197879,0.06608234,0.45836824,0.06985853,0.41096801,0.08104941,0.04539291,0.00000783,0.03913848,0.21370976,0.00858342,0.00192608,0.01797651,0.06038605,0.00087302,0.01103330,0.00417566,0.26404494,0.07209597,0.88862079,0.00012114,0.00004665,0.00010247,0.05699904,0.02980081
0.01939642,0.00050152,0.00038631,0.28102964,0.75312001,0.00621315,0.09418812,0.00118647,0.32867426,0.13643374,0.00013343,0.01696408,0.23476054,0.06852870,0.13939714,0.98615342,0.06162298,0.52650195,0.65473360,0.13935459,0.01271698,0.23403676,0.70772815,0.00587636,0.02313780,0.70360601,0.82058287,0.00013746,0.00008788,0.07545603,0.99198705,0.98307645,0.83019090,0.98925680,0.20305732,0.31681642,0.00064473,0.01855255,0.11136075,0.13670240,0.05042729,0.05912746,0.00080740,0.11413917,0.09533149,0.70609468,0.00616351,0.47403574,0.00775760,0.00011806,0.24974188,0.00243569,0.04296931,0.00147772,0.02323240,0.05070318,0.00882797,0.58658648,0.02947580,0.07248924,0.00021279,0.01352786,0.94883770,0.00789057,0.00005171,0.21872216,0.33188722,0.01494227,0.88150817,0.00027246,0.53268790,0.09932329,0.03547260,0.03370516,0.76407850,0.01617039,0.96526045,0.17235111,0.00108438,0.80673075,0.57497495,0.00064502,0.00419035,0.57404739,0.10770243,0.00231755,0.03249842,0.00076483,0.90733886,0.85846257,0.25143409,0.00012834,0.00171975,0.02459730,0.03492491,0.26460513,0.05130400,0.33340573,0.09332700,0.00531999,0.00000073,0.03847705,0.37712809,0.01696285,0.00010412,0.01838956,0.45865071,0.00240602,0.06163418,0.00017215,0.30885524,0.30518904,0.86898488,0.00080583,0.00001600,0.00141020,0.08861119,0.16375610
0.15886422,0.01871262,0.00000268,0.94733948,0.85752690,0.00601602,0.09552526,0.02925533,0.36332029,0.45995024,0.00006915,0.44841442,0.73111260,0.03166026,0.09988453,0.81267625,0.03415074,0.68101996,0.03525751,0.09457576,0.00356771,0.52332163,0.52232122,0.00313655,0.00214134,0.48142552,0.16269372,0.00203149,0.00000107,0.34226501,0.99938744,0.91253382,0.96013004,0.96246403,0.48558947,0.25751570,0.00012762,0.09556468,0.02265081,0.03639659,0.01254538,0.31365570,0.00192145,0.09431837,0.01187529,0.80715448,0.74271560,0.65123779,0.01869229,0.00136189,0.04617854,0.00228946,0.03197626,0.00008908,0.00438911,0.01530591,0.00331065,0.46397299,0.10144317,0.07578303,0.00087925,0.14621653,0.99417907,0.00568929,0.00002440,0.00249337,0.07425526,0.00662412,0.56842554,0.05454333,0.67923248,0.16903992,0.07727709,0.01412515,0.03537583,0.09012157,0.99641502,0.08765055,0.00041984,0.62856978,0.01168247,0.00346416,0.00022383,0.03305610,0.05400823,0.07475054,0.03240887,0.00206926,0.91003352,0.82087058,0.07616226,0.00007278,0.00052507,0.02681623,0.01086204,0.29567355,0.32222793,0.17398804,0.02804232,0.00048020,0.00000634,0.13317764,0.20794114,0.18137957,0.00019728,0.00421614,0.94050151,0.06891917,0.07081655,0.02484749,0.01637845,0.03565856,0.67920649,0.00332878,0.00000000,0.00000955,0.37429523,0.06466299
0.01478728,0.00366740,0.00000097,0.96403569,0.71834809,0.00001889,0.00679675,0.03653676,0.81873888,0.10554290,0.04380505,0.02806948,0.65999258,0.24579985,0.00073793,0.63861102,0.00013527,0.41466478,0.15280573,0.24671963,0.00030940,0.24461108,0.82739311,0.00264418,0.02337024,0.34468880,0.03188495,0.00305320,0.00000024,0.11151451,0.99545455,0.92816025,0.99729490,0.98639166,0.55627370,0.34826267,0.00013273,0.00229594,0.00505564,0.00969750,0.00090126,0.04855620,0.00639502,0.00880186,0.24845579,0.95050895,0.26454759,0.03173348,0.00229821,0.00671450,0.42554206,0.00058181,0.00147550,0.00074293,0.00813080,0.02561144,0.05847723,0.03334953,0.03008165,0.12492367,0.00004985,0.07077634,0.93807632,0.00077119,0.00215652,0.10925367,0.04935339,0.00246313,0.67914742,0.00037060,0.89433461,0.02843304,0.00323314,0.01350506,0.87854761,0.02732150,0.99996853,0.00277479,0.00041944,0.80361915,0.06507708,0.00173401,0.00002344,0.00129095,0.00413537,0.00019633,0.02184644,0.00005923,0.94104916,0.79477036,0.17214027,0.00038980,0.00039859,0.01414745,0.00188230,0.66753912,0.77477038,0.13855244,0.00912656,0.02003413,0.00007003,0.00857499,0.18516344,0.01136275,0.00047885,0.00531571,0.96648806,0.45040685,0.18859267,0.14103684,0.11161616,0.01272631,0.55481619,0.00040693,0.00000100,0.00534398,0.48724484,0.11154610
0.01980354,0.00000103,0.02013618,0.06056698,0.70261955,0.00040610,0.01597358,0.01276988,0.02617923,0.58148670,0.02848071,0.01319720,0.00001507,0.02831534,0.00086098,0.97535235,0.00073968,0.37961963,0.00068876,0.00500745,0.00656668,0.00007867,0.00189779,0.00113373,0.00000097,0.00741342,0.12133088,0.03194871,0.00000346,0.00000409,0.99012119,0.01078281,0.99684191,0.63882428,0.02190099,0.02186694,0.25208071,0.03540762,0.06559584,0.56019002,0.95410633,0.36571431,0.07677744,0.00002498,0.00012663,0.00710445,0.00179946,0.33421004,0.09278563,0.01280339,0.00067699,0.36528167,0.00002840,0.00037674,0.00132889,0.00056844,0.05854714,0.58211392,0.00381933,0.05489878,0.01417887,0.48183927,0.99516302,0.03078717,0.00141490,0.03252776,0.31547651,0.00964358,0.09495230,0.15160477,0.02001132,0.00000834,0.00035094,0.00003621,0.73912567,0.00249696,0.79682076,0.07855278,0.12223540,0.60756284,0.19544829,0.93509948,0.00003255,0.00123399,0.00004084,0.00006104,0.50458676,0.00180076,0.78860152,0.00403846,0.01714970,0.00002766,0.00321332,0.00024686,0.01121497,0.01055249,0.13792492,0.01210367,0.00711251,0.41335139,0.00317893,0.00253518,0.99577987,0.00006880,0.06236416,0.00010185,0.00001822,0.09555308,0.02977905,0.00022683,0.00204557,0.96631593,0.01761900,0.54203367,0.83722776,0.00188402,0.01391019,0.43489015
0.52998471,0.00000381,0.02342181,0.74493974,0.95730388,0.00070718,0.26791805,0.21868484,0.04040161,0.32092687,0.02909291,0.19331957,0.00054609,0.02026501,0.02827219,0.99428886,0.00657437,0.20665689,0.20894478,0.04619871,0.00452882,0.00027319,0.12499194,0.00156448,0.00000239,0.02559954,0.04451831,0.16655374,0.00016128,0.00495832,0.99953568,0.01328573,0.96307993,0.24686986,0.14354655,0.13780777,0.07081009,0.24050727,0.10043766,0.80204439,0.95758671,0.35379803,0.05109396,0.00000913,0.00019496,0.01948153,0.02289009,0.73804450,0.24765150,0.13112009,0.00001768,0.40564543,0.00001785,0.00361323,0.00038947,0.00045857,0.08803428,0.18510851,0.00020586,0.00018396,0.05913798,0.65440691,0.97152048,0.01934502,0.05885050,0.22638002,0.26712373,0.05270134,0.21584001,0.03051269,0.00083928,0.00771811,0.00145429,0.00005649,0.75988501,0.02177136,0.89266598,0.00298215,0.00315941,0.68331426,0.47919667,0.91202480,0.00166519,0.00000001,0.00046977,0.00002199,0.05810586,0.00212823,0.16363221,0.00198577,0.02594054,0.00218839,0.01137798,0.00008531,0.01861505,0.16270740,0.39502484,0.00968652,0.58852249,0.77315402,0.00380776,0.02228975,0.99247605,0.06519178,0.00391010,0.00044662,0.00028994,0.24791807,0.00530606,0.00741337,0.01844410,0.91719240,0.14371558,0.28411815,0.79020703,0.00723837,0.00330871,0.63668996
0.49992332,0.00002368,0.05261812,0.99140960,0.93175477,0.00004399,0.08947563,0.15485373,0.06598415,0.11753798,0.24540327,0.00106905,0.00072544,0.00914927,0.05781578,0.55287516,0.00831989,0.22150649,0.01649274,0.05558081,0.03483666,0.03027855,0.02618777,0.04860763,0.00061730,0.03848625,0.00009771,0.00908873,0.00052792,0.00779378,0.93679017,0.00332131,0.65337819,0.70025122,0.39228892,0.00426899,0.32553625,0.64327228,0.19419482,0.71211809,0.95284587,0.25915694,0.00997662,0.00025240,0.00016179,0.00078221,0.01693083,0.46769795,0.29315972,0.61442757,0.00001386,0.64194822,0.00002513,0.01196172,0.00308384,0.00068313,0.18297696,0.07982260,0.00008721,0.01326737,0.01405773,0.86154789,0.24878736,0.07075827,0.03314079,0.03121824,0.61641318,0.16320312,0.61932981,0.02904434,0.01623903,0.02954205,0.00021465,0.00222365,0.00000834,0.08281399,0.36978531,0.00412212,0.02383758,0.53014141,0.05061382,0.61005872,0.00175967,0.00004388,0.00173676,0.00011730,0.53099728,0.00551455,0.56165218,0.00397324,0.01073172,0.00420370,0.02312532,0.00459343,0.01372467,0.00675296,0.20760748,0.00441757,0.47998053,0.45694435,0.00264620,0.01921391,0.94525504,0.00911511,0.00007836,0.00356084,0.00003031,0.00449694,0.02959704,0.04949731,0.95218515,0.55369800,0.01751151,0.32066765,0.43824193,0.01949230,0.34283182,0.63710862
0.39899391,0.00005327,0.03679115,0.38270444,0.86834383,0.00019512,0.00514990,0.04921104,0.08198838,0.10027626,0.66520381,0.01477490,0.00000033,0.02841665,0.18693762,0.11448478,0.12913936,0.40531370,0.02522312,0.13671477,0.41385591,0.03116246,0.02812830,0.07884135,0.00265093,0.18076646,0.00017267,0.00172719,0.00069842,0.00165354,0.17389251,0.00717219,0.66348302,0.36803433,0.58978993,0.04056991,0.17757453,0.42819810,0.08495244,0.31969649,0.75740570,0.22238259,0.12555864,0.00001252,0.00131486,0.00404383,0.05584820,0.43468836,0.09142032,0.76419616,0.00109475,0.52972335,0.00028710,0.00518724,0.01421341,0.00106396,0.46071562,0.20608257,0.00005190,0.00787304,0.00773099,0.41124755,0.37752402,0.22761194,0.03676663,0.10272404,0.63250399,0.38510075,0.86041272,0.15719019,0.02505817,0.00241749,0.00016714,0.00036309,0.00343260,0.26484764,0.17584160,0.00451652,0.03505284,0.24132517,0.04647722,0.28478765,0.00209629,0.00001020,0.00126587,0.00380787,0.04820744,0.01660697,0.61477655,0.01161338,0.02329306,0.00020878,0.35277948,0.00226651,0.26072919,0.00985798,0.71622384,0.00444537,0.73648471,0.33639264,0.03192305,0.00040017,0.88523781,0.01264279,0.00032569,0.00095207,0.00030844,0.00199100,0.00106805,0.18248972,0.78161263,0.17865619,0.21253330,0.02816163,0.70281816,0.22397010,0.32330978,0.31576765
0.34915411,0.00149029,0.01950893,0.00727826,0.55616575,0.00042707,0.00229327,0.00582885,0.19814776,0.08257622,0.03164843,0.12303957,0.00006053,0.03005072,0.13117091,0.11837283,0.20111391,0.09786692,0.00848824,0.28444612,0.22199626,0.01715317,0.04697803,0.08886939,0.06851391,0.29642022,0.00007570,0.00410356,0.00563163,0.00225911,0.07694151,0.00631415,0.57208043,0.44542620,0.41244796,0.01618216,0.29752573,0.18977222,0.07260100,0.40952387,0.76171947,0.27879271,0.15649199,0.00012786,0.00753773,0.01957463,0.02944301,0.42788783,0.11881167,0.35065788,0.00048199,0.49987310,0.00159969,0.06888379,0.01859750,0.02696531,0.16539790,0.16165751,0.00051637,0.00711941,0.00122272,0.75361437,0.29838017,0.07826640,0.13508917,0.22790508,0.56198108,0.11243857,0.85125434,0.07257096,0.18843845,0.05843081,0.00151994,0.00181993,0.13994993,0.05334199,0.92206150,0.01317559,0.23356779,0.14659832,0.03087696,0.15616320,0.01508782,0.00000578,0.00088784,0.14016141,0.00156017,0.12675925,0.12355952,0.01717902,0.00679225,0.00009408,0.12619770,0.00019913,0.29318073,0.03438884,0.12797251,0.00619136,0.59128851,0.31711900,0.07915621,0.00168616,0.74952394,0.01256961,0.00134802,0.00331329,0.00253040,0.00517770,0.00549406,0.27191663,0.05064650,0.20871475,0.16370937,0.03127423,0.65405303,0.34724653,0.37826630,0.52837783
0.37552744,0.00611965,0.08878653,0.28676575,0.61586303,0.00247490,0.01154398,0.00345082,0.37878200,0.19181976,0.03146276,0.28484407,0.00264492,0.05601553,0.70161140,0.88741767,0.41796759,0.28909999,0.03000847,0.27639997,0.20091489,0.05151115,0.07294336,0.09049535,0.00069901,0.17459421,0.00085964,0.03966955,0.00154485,0.00503307,0.70129257,0.03387628,0.47964388,0.11151949,0.49721205,0.01433202,0.53606564,0.26059881,0.36294639,0.05312277,0.85454041,0.40823615,0.22390519,0.00084652,0.00421954,0.07651412,0.09347802,0.29169083,0.09683201,0.04142708,0.00368875,0.49154049,0.01003146,0.03351149,0.07340944,0.01513917,0.16129598,0.54772019,0.00549612,0.00090079,0.40145728,0.56448132,0.84696758,0.10881085,0.24785875,0.02403366,0.27820578,0.20209280,0.85711801,0.33723411,0.30807924,0.06925930,0.00525936,0.00025449,0.07535803,0.00902669,0.02806684,0.03522123,0.39307663,0.36013800,0.00368778,0.06381997,0.05781320,0.00001499,0.00070418,0.05478109,0.01055092,0.45398146,0.11927360,0.05735017,0.11704360,0.00009891,0.11135481,0.00132215,0.03116037,0.00275819,0.19601339,0.01359491,0.55232829,0.16600411,0.10271937,0.00590246,0.80424690,0.00035050,0.03053899,0.00170539,0.00571284,0.00264654,0.02330415,0.65631473,0.01803512,0.12124082,0.24478668,0.06463874,0.22086646,0.27269095,0.30260038,0.17776130
0.11329807,0.02444089,0.00295311,0.83930159,0.35895950,0.00034308,0.00990422,0.00108565,0.10992908,0.39368853,0.00084536,0.17831385,0.00714381,0.03930833,0.18942720,0.90002352,0.00203393,0.50251919,0.04589761,0.18061978,0.00748387,0.07156033,0.26590833,0.03135932,0.00979913,0.13596223,0.00134845,0.00358409,0.00002977,0.01234092,0.94833481,0.04490388,0.52627134,0.50294495,0.36086869,0.04932399,0.00254483,0.23733012,0.38239220,0.05218719,0.70612252,0.07769123,0.03435041,0.00275113,0.01706142,0.11376991,0.15574083,0.12764986,0.00550885,0.00380212,0.01113133,0.05102848,0.01280732,0.00108738,0.08711712,0.06225627,0.01313460,0.57170022,0.01554414,0.00101144,0.00087516,0.31367293,0.94754082,0.16648394,0.13809536,0.00487718,0.37620962,0.00217248,0.69177979,0.00279610,0.66591722,0.16701712,0.00214558,0.00358578,0.33838245,0.00198048,0.28971511,0.00976199,0.11951294,0.17545928,0.04751287,0.27894753,0.00081495,0.00000881,0.00072746,0.00148050,0.00797166,0.00656641,0.14764901,0.08576400,0.11252938,0.00238476,0.01536624,0.00177980,0.00173777,0.00036695,0.11303969,0.02010673,0.29137829,0.23843265,0.00101155,0.00093909,0.79523629,0.00051763,0.01326185,0.00117245,0.00147461,0.00904365,0.06570449,0.00201004,0.00511874,0.06655790,0.12649868,0.00293213,0.16504413,0.00826899,0.47648153,0.15586962
0.34219894,0.02569204,0.02087438,0.95944172,0.12425938,0.00114897,0.11136530,0.00097670,0.41676942,0.33552638,0.00043386,0.20631526,0.02581486,0.03160856,0.50310433,0.20262013,0.00374493,0.42366382,0.33922729,0.29767850,0.00615563,0.13133645,0.41796991,0.20494433,0.03249599,0.04640268,0.02806975,0.00126141,0.00340101,0.78205323,0.33825061,0.05022982,0.50326407,0.04124034,0.48125747,0.01056598,0.00596401,0.29502204,0.66442722,0.13203362,0.86662614,0.14297564,0.06780444,0.02638465,0.09703377,0.51058984,0.05576381,0.06694409,0.00541422,0.00047859,0.15454386,0.14914784,0.24611314,0.00145394,0.13401908,0.01282856,0.00161002,0.66900605,0.03212427,0.02425961,0.00293492,0.29269233,0.22301123,0.02481891,0.14836691,0.00124297,0.34167448,0.00613459,0.68417817,0.02692724,0.70219016,0.43617392,0.04756775,0.04290174,0.01252031,0.00563233,0.02522941,0.00474041,0.38655314,0.04271346,0.37476778,0.14852433,0.00747605,0.00000013,0.00946782,0.00707118,0.01133178,0.01316540,0.19557430,0.19029424,0.13464670,0.15992258,0.04997220,0.04134884,0.00101880,0.00026027,0.09647615,0.12917972,0.25640145,0.24036622,0.00102733,0.15526836,0.56065583,0.03484612,0.00238780,0.04184879,0.04323320,0.08873343,0.03421060,0.00705381,0.00091154,0.13299403,0.00924627,0.00003247,0.24665214,0.00267349,0.40240422,0.09057652
0.33005494,0.09741989,0.00551186,0.61149871,0.02019533,0.00082801,0.04409407,0.00227215,0.20320410,0.76598221,0.00005958,0.24510071,0.07065722,0.02084246,0.52038729,0.01930714,0.00048443,0.49273229,0.36788252,0.45481029,0.00117572,0.18853495,0.24677490,0.40816122,0.23475163,0.03347994,0.14731254,0.00089053,0.00106722,0.21897103,0.02893280,0.14403006,0.20313075,0.18398935,0.42529756,0.06410115,0.00636617,0.17567135,0.89777255,0.09790786,0.92952824,0.08067122,0.35048079,0.07072771,0.14162751,0.37298268,0.16733500,0.10786597,0.01194022,0.00024496,0.31933257,0.17639127,0.59356397,0.00739291,0.15649685,0.03837957,0.00014422,0.63400340,0.02034843,0.05646678,0.00190967,0.28347990,0.00594564,0.00116563,0.13424568,0.00068224,0.21909292,0.01095770,0.64886862,0.01286732,0.92339623,0.17235105,0.06589360,0.10169677,0.00060439,0.00862245,0.02154765,0.00214898,0.47819835,0.04738987,0.15549980,0.11872385,0.00483793,0.00002371,0.00143567,0.00139418,0.01215674,0.05709418,0.24061912,0.26275650,0.43100527,0.74811399,0.16187395,0.04330417,0.00012658,0.00013170,0.01008496,0.57749557,0.23985243,0.06382110,0.00082424,0.12701353,0.57814908,0.05114461,0.00386409,0.10851411,0.03889136,0.01978096,0.09827155,0.00082512,0.00015375,0.17136030,0.02978974,0.00000182,0.50475043,0.00039218,0.19909172,0.15020102
0.22767462,0.21006837,0.00181602,0.00244494,0.06814361,0.00157281,0.01178126,0.05555099,0.31445658,0.86286467,0.00000727,0.53982782,0.17178831,0.01157890,0.81085777,0.92757159,0.00009137,0.38435304,0.49191070,0.63193488,0.00503238,0.20536496,0.40698180,0.02920749,0.18778352,0.03350237,0.68727428,0.04682117,0.00002525,0.02847355,0.25177807,0.02293520,0.40162873,0.59473360,0.52031189,0.39625466,0.00060919,0.06499173,0.74108565,0.17121635,0.94654173,0.12900580,0.19329296,0.02660440,0.06121003,0.21556430,0.12238856,0.03620552,0.07227242,0.00086370,0.04302436,0.05569749,0.60534996,0.00095822,0.27405530,0.04282938,0.00002367,0.86155254,0.04429843,0.01094442,0.00622486,0.53445148,0.82323265,0.00001039,0.07579688,0.00011191,0.07862069,0.00549201,0.83557391,0.00617945,0.91557580,0.10833601,0.06826829,0.24236666,0.68808448,0.00099421,0.02525234,0.00086247,0.24206446,0.13680215,0.02500027,0.05097844,0.00325005,0.00001553,0.00821989,0.00201902,0.03670106,0.02942309,0.07077767,0.45227426,0.90735507,0.49737135,0.08787350,0.00697359,0.00000193,0.00003807,0.00507995,0.81268996,0.20268166,0.06518562,0.00180180,0.13114500,0.85475993,0.02808035,0.00591806,0.05703716,0.01947571,0.01086392,0.01421644,0.00013175,0.00001483,0.42306939,0.61014783,0.00000156,0.51222277,0.00003828,0.11759489,0.07111198
0.31616816,0.32030195,0.00036143,0.00538255,0.03531726,0.00194987,0.03894715,0.79611129,0.20831916,0.81125879,0.00000100,0.50382733,0.05158270,0.00073912,0.95576203,0.98999637,0.00001020,0.24002197,0.23549263,0.41525936,0.00532127,0.37049019,0.55048311,0.00375308,0.12812652,0.05468336,0.24111715,0.10730033,0.00000009,0.10109898,0.90995258,0.03528783,0.01435916,0.81956351,0.77466655,0.72616369,0.00002221,0.07767003,0.37265933,0.02832139,0.99172485,0.02964381,0.39134410,0.13165298,0.01183347,0.60841203,0.01718207,0.12612762,0.01636834,0.00022382,0.01246134,0.23981956,0.17464904,0.00099800,0.37273458,0.20550828,0.00000292,0.48378235,0.11642630,0.02260504,0.00210807,0.88560629,0.98305309,0.00242208,0.21495977,0.00047376,0.31373933,0.00546931,0.98980540,0.00419286,0.97743082,0.68675286,0.01230283,0.02978147,0.80692375,0.01188209,0.84637773,0.00889029,0.07307966,0.22483717,0.01525563,0.14208293,0.00235419,0.00006161,0.03021366,0.00040469,0.04120216,0.04877993,0.15970148,0.45213571,0.84112793,0.86791325,0.15413250,0.01136084,0.00003503,0.00002856,0.00144776,0.91322172,0.23200902,0.62805963,0.00004454,0.00195437,0.41359320,0.04506092,0.01391238,0.04141765,0.00067642,0.11309332,0.08846486,0.00000145,0.00031141,0.53962505,0.52929860,0.00000376,0.38514930,0.00000311,0.44249943,0.09426878
0.42651191,0.04688814,0.00022877,0.99129754,0.02767046,0.00016640,0.00474494,0.02002573,0.10791130,0.96381313,0.00001239,0.26816154,0.05253236,0.00335191,0.97649121,0.93977988,0.00000207,0.00545760,0.91004008,0.39736354,0.00600766,0.05381817,0.21141647,0.00603420,0.10077115,0.01825377,0.16478163,0.14098386,0.00000046,0.07559645,0.99907947,0.10901288,0.00036886,0.99874282,0.40806946,0.21736096,0.00004955,0.37613890,0.16578609,0.01890375,0.99597377,0.05176963,0.65438098,0.36926255,0.02807012,0.31062305,0.39843103,0.07987019,0.01353199,0.00024325,0.00350504,0.14287411,0.00782241,0.00409831,0.35522544,0.14943695,0.00001617,0.14325051,0.01209835,0.73250121,0.01122978,0.68888712,0.99208945,0.07811157,0.06495065,0.00006574,0.06565616,0.00112674,0.95476967,0.00012080,0.97141933,0.37704888,0.00265661,0.11565924,0.01276152,0.00058088,0.01520654,0.00055007,0.00875392,0.02323059,0.00309431,0.02640514,0.00002655,0.00014796,0.15059662,0.00001970,0.22732203,0.00006856,0.29802516,0.21264066,0.43468672,0.03407675,0.62909830,0.00142803,0.00041278,0.00074779,0.01428430,0.73704398,0.19517002,0.37580183,0.00000155,0.02456255,0.18264140,0.12971623,0.02260815,0.04271444,0.00003984,0.00404440,0.19597238,0.00110787,0.02263037,0.10148665,0.31768405,0.00000675,0.76687855,0.00329330,0.32132906,0.02749311
0.09366345,0.34245160,0.00002046,0.57164615,0.31651288,0.00012178,0.00359535,0.00001150,0.07379819,0.96598345,0.01739616,0.25726715,0.00130986,0.00716539,0.99994105,0.19610998,0.00002519,0.11113984,0.48599434,0.18764052,0.02314960,0.02007201,0.25621226,0.00085545,0.07868591,0.00324649,0.01858959,0.00128697,0.00000033,0.18445732,0.96620631,0.02749460,0.01524306,0.99516165,0.02828269,0.04115164,0.00002532,0.80386508,0.06093543,0.00607796,0.98476279,0.23092650,0.86402380,0.08227828,0.00795611,0.84534293,0.03744418,0.01565520,0.19619872,0.00228424,0.00039980,0.28017679,0.02923729,0.00013433,0.47426158,0.13453594,0.00000754,0.73653787,0.05474735,0.79505783,0.00029348,0.74836415,0.98938233,0.55661452,0.01829545,0.00072892,0.34100798,0.00037304,0.44759047,0.00025633,0.87530905,0.29274106,0.00106862,0.05252690,0.40338016,0.00392135,0.87615305,0.00000181,0.32377890,0.00256728,0.00018109,0.15817773,0.00005901,0.00047535,0.04853822,0.00007454,0.11280028,0.00013047,0.46610105,0.37305391,0.08082012,0.03669460,0.13410158,0.00046553,0.00104003,0.00017900,0.00496905,0.24926606,0.13609286,0.03142084,0.00010337,0.04809969,0.01836234,0.26490536,0.04810259,0.01129433,0.00015561,0.00089905,0.34310773,0.00007650,0.00547163,0.75648451,0.40404201,0.00021741,0.98902130,0.00008401,0.32936853,0.01269219
0.02421859,0.54425436,0.00005341,0.00030901,0.00684809,0.05545639,0.00059800,0.00109769,0.10548279,0.19252852,0.00874078,0.36434028,0.01362821,0.23512679,0.40588486,0.94795370,0.00217973,0.87408304,0.00044687,0.12899770,0.00258662,0.00006089,0.35059911,0.00203050,0.00007289,0.05871820,0.00459976,0.01922130,0.00000045,0.00043322,0.96592849,0.99149060,0.01873275,0.55309689,0.21054156,0.11714663,0.00007749,0.45118019,0.05354200,0.00204113,0.00253805,0.53791380,0.80983114,0.00002521,0.08180806,0.00038532,0.00935117,0.44460404,0.02247819,0.03357819,0.00054676,0.04071351,0.00013074,0.00129303,0.46324375,0.52573752,0.11690836,0.99514365,0.00119195,0.00014185,0.01420239,0.00941829,0.98692691,0.29608738,0.03696832,0.33278573,0.34164131,0.90760070,0.70136172,0.00532745,0.03152784,0.30463979,0.00001363,0.96397305,0.99759835,0.00113852,0.79717004,0.50864428,0.00306367,0.33362669,0.00046356,0.17795531,0.00206270,0.00336710,0.00310047,0.45856702,0.00001869,0.01079958,0.97321737,0.01038473,0.00536709,0.00049113,0.05972198,0.10527885,0.00545668,0.00702311,0.40801376,0.30660987,0.00336555,0.92064494,0.00219627,0.00001916,0.01924506,0.00002972,0.08198706,0.06038431,0.00000804,0.00015120,0.23235568,0.00310836,0.00371229,0.00195205,0.29230928,0.02691370,0.21081132,0.00086632,0.07754961,0.00412252
0.07068843,0.21412769,0.00113447,0.01348851,0.01681886,0.15498050,0.00000164,0.00006455,0.22686197,0.25789094,0.02105716,0.66276467,0.00647060,0.14392252,0.05900728,0.98683983,0.00106539,0.78991365,0.22813886,0.38431653,0.00075251,0.00384963,0.47709474,0.02188695,0.00004825,0.82890779,0.00518676,0.01824715,0.00012702,0.08332304,0.93051296,0.98723108,0.03354050,0.60722071,0.64231145,0.06885102,0.00015016,0.59543592,0.14781487,0.45630583,0.00959440,0.61730826,0.31567582,0.00010728,0.01210052,0.00751773,0.05708238,0.55648738,0.08801721,0.01799895,0.00005772,0.03459820,0.00009189,0.16994311,0.60592842,0.84228575,0.24396764,0.99146771,0.00036878,0.00014129,0.00720783,0.00886557,0.99473274,0.52006328,0.03097363,0.16505015,0.18244195,0.63561809,0.64009148,0.02699566,0.55160391,0.03771091,0.00001640,0.97954059,0.99993098,0.02503634,0.85765964,0.35740602,0.00150343,0.90409833,0.13257481,0.57438070,0.00010291,0.00571609,0.26312500,0.08643147,0.00092740,0.00388254,0.84458703,0.01884217,0.00616585,0.01421932,0.11650893,0.00319800,0.00868884,0.02717045,0.06002616,0.19079749,0.01838456,0.92592978,0.00595241,0.00313004,0.46156111,0.00068894,0.25051096,0.00067664,0.00000084,0.00408522,0.03019391,0.00088758,0.00091422,0.10818217,0.00283481,0.01342423,0.01717327,0.00366030,0.42994022,0.00000065
0.06837443,0.43995222,0.00673414,0.88915050,0.39785317,0.08629941,0.00003949,0.00011694,0.61559486,0.11046319,0.02821505,0.58809143,0.03913919,0.13407941,0.04935507,0.08536232,0.00330966,0.84461409,0.25908706,0.90084618,0.02135312,0.00386032,0.81586188,0.01566013,0.00011995,0.81810629,0.01504822,0.00455256,0.00004025,0.07728031,0.39936468,0.98815644,0.64598572,0.40837529,0.74522054,0.00238754,0.00450939,0.25542232,0.05131204,0.02593998,0.02892677,0.29589957,0.05985913,0.00031380,0.00018495,0.00273045,0.00268971,0.50568479,0.07927307,0.02825037,0.01057933,0.01599582,0.00110393,0.01779810,0.00855809,0.97663879,0.28525651,0.97894752,0.00372286,0.00493697,0.00950361,0.00202653,0.71540695,0.94132668,0.22200295,0.08097164,0.23207101,0.06242583,0.56754142,0.44070432,0.37929600,0.06284798,0.00000242,0.78459752,0.10939220,0.15026733,0.93684900,0.11185626,0.00150809,0.79002434,0.35763901,0.44373405,0.00017892,0.03120622,0.49577710,0.12794313,0.00022289,0.00190362,0.72994334,0.00632366,0.00783751,0.00779336,0.05226388,0.00238593,0.02683227,0.01618945,0.29984671,0.04461535,0.08650228,0.59086102,0.01599940,0.00753059,0.83137798,0.03129578,0.14816917,0.01558645,0.00002120,0.10582172,0.04802889,0.00025094,0.00049013,0.06639942,0.01772985,0.24263762,0.07083015,0.07957552,0.02297502,0.00055509
0.08124537,0.16553935,0.00453400,0.03056279,0.36140087,0.13260791,0.00037279,0.00609369,0.55936265,0.31297287,0.42014503,0.08735024,0.09120265,0.10368564,0.00040500,0.06406586,0.00498506,0.65640646,0.03425017,0.80268431,0.02374491,0.03021385,0.94016856,0.00053661,0.00002025,0.53472114,0.00847541,0.06228242,0.00002826,0.00517158,0.32294336,0.90419698,0.27822274,0.09062726,0.61773777,0.55478680,0.00098916,0.10829751,0.23747122,0.19419661,0.11435592,0.07817148,0.03200033,0.00005647,0.00060639,0.00432470,0.00041483,0.46295568,0.06009937,0.09267260,0.00295020,0.38055930,0.00059460,0.05296669,0.04932699,0.97680324,0.17978059,0.94049048,0.00369046,0.00514014,0.00987064,0.12076635,0.75715691,0.29949468,0.15623276,0.08236094,0.44964373,0.14018379,0.33821094,0.02516822,0.46027705,0.00085169,0.00002755,0.42167670,0.44198057,0.30506232,0.92499763,0.16893876,0.00091276,0.34703001,0.43632078,0.25716478,0.00025103,0.00946608,0.43544441,0.14727435,0.00050834,0.01249112,0.42568356,0.00542605,0.00459429,0.00604931,0.13756932,0.00037403,0.42330986,0.04450154,0.13564901,0.12251613,0.08347592,0.32519808,0.03565281,0.00455181,0.87925291,0.03534925,0.33385834,0.00248235,0.00032698,0.11714674,0.00501651,0.00000051,0.00019824,0.07082580,0.01930577,0.08291455,0.02380916,0.23714966,0.00657836,0.00900651
0.16961801,0.16106378,0.01366291,0.03976147,0.12882109,0.16295713,0.00047532,0.04480701,0.88551801,0.34309283,0.07389818,0.09858287,0.06191422,0.21711561,0.00087426,0.04454987,0.05593835,0.40320724,0.17165160,0.48064780,0.11555657,0.52274340,0.69340575,0.00264530,0.00041660,0.75414979,0.00646445,0.03387960,0.00154713,0.04285335,0.17288829,0.92639297,0.05078855,0.49956048,0.53049642,0.32225010,0.00385104,0.07825466,0.25544724,0.11850160,0.09135950,0.22858362,0.02543207,0.00020082,0.01450697,0.00614732,0.00238397,0.55076343,0.07417458,0.10141128,0.00130288,0.54421961,0.00082025,0.20776902,0.18096456,0.74698180,0.17568436,0.86687464,0.00077231,0.00081721,0.01800140,0.01166767,0.02003680,0.03111119,0.22039425,0.07410277,0.29945746,0.22990277,0.20758791,0.05266788,0.35467207,0.00918251,0.00062795,0.14775862,0.53797919,0.46117210,0.80418837,0.06933150,0.00046144,0.13750570,0.42396194,0.20265161,0.00346097,0.02255734,0.06271222,0.48060271,0.00000913,0.00864774,0.36461765,0.09947491,0.02490767,0.07958975,0.35142538,0.00047080,0.32479566,0.04082108,0.07329042,0.07526560,0.17052174,0.48113039,0.02711002,0.00388175,0.83666307,0.23893687,0.10778031,0.00234807,0.00734233,0.06865422,0.00063576,0.00006422,0.01199425,0.05728951,0.03243063,0.05031809,0.02224314,0.77197546,0.03434729,0.06855474
0.20750290,0.24647197,0.07487863,0.33390096,0.20175736,0.11727985,0.00772779,0.02042857,0.70405072,0.09039914,0.03751886,0.13343507,0.01838016,0.17917949,0.02394232,0.80221415,0.36366266,0.38696373,0.06970222,0.34953704,0.01744299,0.36664897,0.57978773,0.01273132,0.00093661,0.48131341,0.00229838,0.05480005,0.00354769,0.00019020,0.71396846,0.72594094,0.08185311,0.40311238,0.41915622,0.08301095,0.01975792,0.13085116,0.17644975,0.01651872,0.03836236,0.37280858,0.03722600,0.00009269,0.00358767,0.02013009,0.02661186,0.50178635,0.26524240,0.03815302,0.00042579,0.72582763,0.00389165,0.17618886,0.14030164,0.42329004,0.35227877,0.93749273,0.00078443,0.00061757,0.21888199,0.12767491,0.64425242,0.12488568,0.22506127,0.01376329,0.26854035,0.68063271,0.32650807,0.28917658,0.51360363,0.03092787,0.00239105,0.01222119,0.75085646,0.02060471,0.12705185,0.17824122,0.00071889,0.19043200,0.07949144,0.22789511,0.01088470,0.02275651,0.04102839,0.08541045,0.00070456,0.07690554,0.10486722,0.27167425,0.02968498,0.05077418,0.24820963,0.00240787,0.01471874,0.10532191,0.05775902,0.22468756,0.16528565,0.36456022,0.02304604,0.00444046,0.66600102,0.00884289,0.08533790,0.00301337,0.00615213,0.01595878,0.02512410,0.00262458,0.00674112,0.08019114,0.09379626,0.05211155,0.07769942,0.61951399,0.07871383,0.02505531
0.09007681,0.17364658,0.01044662,0.27239597,0.11665306,0.00219873,0.01045424,0.00527839,0.35684019,0.20892352,0.00434942,0.43952566,0.04520829,0.11414116,0.00362285,0.96382898,0.00371315,0.71581388,0.10584232,0.14024577,0.00172119,0.22990367,0.56443793,0.00251517,0.00464681,0.28476164,0.01953017,0.00412161,0.00004175,0.00120172,0.94602609,0.61139214,0.21602239,0.28283012,0.40512726,0.05916632,0.00051724,0.08932803,0.20200710,0.02226531,0.06685252,0.00552947,0.00848501,0.00333176,0.01621319,0.01499555,0.18832521,0.35474372,0.00466203,0.01880125,0.00026490,0.07426532,0.00674189,0.00245075,0.13021959,0.67957383,0.22079453,0.93189687,0.00118512,0.00106288,0.00199022,0.09892882,0.94796973,0.26390857,0.31563884,0.00398966,0.37577316,0.07939593,0.18575542,0.00348026,0.47792718,0.08503661,0.00118109,0.01440127,0.92178446,0.00330393,0.51484889,0.04771499,0.00007007,0.24924393,0.04453073,0.28884646,0.00055564,0.05952389,0.00286024,0.00112401,0.00885437,0.00253322,0.25919232,0.30613118,0.07646528,0.01088639,0.01362889,0.00120412,0.00105593,0.01351090,0.08332221,0.12038337,0.12316889,0.85789120,0.00012959,0.00104946,0.55417478,0.00349368,0.11865600,0.00769793,0.00022744,0.03579134,0.01618006,0.00003898,0.01356873,0.10387667,0.20883192,0.01518565,0.02799316,0.00571269,0.18515086,0.03141156
0.13859841,0.03022242,0.11094439,0.16138940,0.30838925,0.00152493,0.53035682,0.04583947,0.36963952,0.05787858,0.00385032,0.77080727,0.65944999,0.09154925,0.00325251,0.67024833,0.04760359,0.53239912,0.54981983,0.19527890,0.00122519,0.21769717,0.48976567,0.01607147,0.03376963,0.19502345,0.04297704,0.00433662,0.00427808,0.16041584,0.23650895,0.44629624,0.24358951,0.15829097,0.27444893,0.00778297,0.00753679,0.14137058,0.16026728,0.05627658,0.02321710,0.01616515,0.01230144,0.03040881,0.05943603,0.05073632,0.16941559,0.21491447,0.00451249,0.00789135,0.00012053,0.30724710,0.09791639,0.00184313,0.03605813,0.76683056,0.66325492,0.96349764,0.00026018,0.03778455,0.02134818,0.10433402,0.39432070,0.05861347,0.52026153,0.00314036,0.34278747,0.08617747,0.18480343,0.00758746,0.26022357,0.21950670,0.07298100,0.00615797,0.15880530,0.00483119,0.45880839,0.04218099,0.00000135,0.26208758,0.25231788,0.34917790,0.01584094,0.45577893,0.04816564,0.00054505,0.09631031,0.00333127,0.62103271,0.47926140,0.04318611,0.26616165,0.01503538,0.03603785,0.00050309,0.06640041,0.03754063,0.24249963,0.19058082,0.91938424,0.00004249,0.32720059,0.62710959,0.26752719,0.08035296,0.16047812,0.00838336,0.06165749,0.01052857,0.00040628,0.00230395,0.59846830,0.01863647,0.07829393,0.01336678,0.00351637,0.18786567,0.04205620
0.10360301,0.00460024,0.36307099,0.10064978,0.21281673,0.00058459,0.03707356,0.09607602,0.27737349,0.03175419,0.00220785,0.87528676,0.36234853,0.22163637,0.00262005,0.02759883,0.00706748,0.85342681,0.09170990,0.36426729,0.00039072,0.09637188,0.16457132,0.04213636,0.15167549,0.19902556,0.07646666,0.00124554,0.00070232,0.00207384,0.02130834,0.39863968,0.01490632,0.65211481,0.31617498,0.04262000,0.01581611,0.06323962,0.18220037,0.05270872,0.00817216,0.05488244,0.05638373,0.37392631,0.10489535,0.01356900,0.02142529,0.25603235,0.00831178,0.00427776,0.00011565,0.70448238,0.19513014,0.00202860,0.10173694,0.60204506,0.53968471,0.96683913,0.00528736,0.16664132,0.00054738,0.65751976,0.05066948,0.00382626,0.47989196,0.01704852,0.39027536,0.39097875,0.07791936,0.00093058,0.09013467,0.03472126,0.39070725,0.00591285,0.02583469,0.00013763,0.53228343,0.05863329,0.00000001,0.29997429,0.02817023,0.12703431,0.01475142,0.55947208,0.00365513,0.00034869,0.43361524,0.00865573,0.64692998,0.36364701,0.05112586,0.38384631,0.01484543,0.04947101,0.00009561,0.11784345,0.02319645,0.31245422,0.22296883,0.97654665,0.00008550,0.24860081,0.26651207,0.04819102,0.07439105,0.34079567,0.01914578,0.05548387,0.01227405,0.00327981,0.01279606,0.38738364,0.10915554,0.28160930,0.02259729,0.00036689,0.04567797,0.21135183
0.05849382,0.00996730,0.68652606,0.38808075,0.28141874,0.00040273,0.06093636,0.21314196,0.44052091,0.38021541,0.00608036,0.98177326,0.18706526,0.25022408,0.00017651,0.46908322,0.00896073,0.75031567,0.14897735,0.07551492,0.00476182,0.32200083,0.30152866,0.00908623,0.07678132,0.10825416,0.82004672,0.00080608,0.00004613,0.06006921,0.55122197,0.56762648,0.01033475,0.28942731,0.37404010,0.03001193,0.02121540,0.01978303,0.29379314,0.23469587,0.00274310,0.05127650,0.02796218,0.19648416,0.18624061,0.02784287,0.00428664,0.26250643,0.00359979,0.00279048,0.00399309,0.69382781,0.10346448,0.00255130,0.45262706,0.69976896,0.70702034,0.98162961,0.32386896,0.06645302,0.00034971,0.48695487,0.49461535,0.00016026,0.37392560,0.02745630,0.32606471,0.04956482,0.00945802,0.00382251,0.03912893,0.11098596,0.31930178,0.00654314,0.43502608,0.00017751,0.01350195,0.09287195,0.00000032,0.15273826,0.02138977,0.11145920,0.00092069,0.52613866,0.01685981,0.00303836,0.11215127,0.00916684,0.95326978,0.58182818,0.78536922,0.09163798,0.05871892,0.03125599,0.00000503,0.16652979,0.10355669,0.21644029,0.22311571,0.99199575,0.00003131,0.44958529,0.42413294,0.01312640,0.13844864,0.42746079,0.01012739,0.19014944,0.03073762,0.01055769,0.00834647,0.24026595,0.60626632,0.80017745,0.02580455,0.00052124,0.02098205,0.15938441
0.01528944,0.02119868,0.85238224,0.54868472,0.15299350,0.00139853,0.11815760,0.00186822,0.13539316,0.12222852,0.00133138,0.99211574,0.70063150,0.28692454,0.00281841,0.83872628,0.00010519,0.36724713,0.06353495,0.15567155,0.00115998,0.21086620,0.25995550,0.07935562,0.06597444,0.01311557,0.05778316,0.00121016,0.00008606,0.01455607,0.96397150,0.70341009,0.08085058,0.44090566,0.21404628,0.27940330,0.01805566,0.00210683,0.19931324,0.02600085,0.00140705,0.08194015,0.22350591,0.11649013,0.17192291,0.31605422,0.05930086,0.30132177,0.07653753,0.00002141,0.02219553,0.59927297,0.02528941,0.00019189,0.96480173,0.38408181,0.65172249,0.98638421,0.18872018,0.32442975,0.00010445,0.39368767,0.97923446,0.01003967,0.56902802,0.23365934,0.10538282,0.01487617,0.00442581,0.00182494,0.39090985,0.34088159,0.08824389,0.00688764,0.31027937,0.00000185,0.32649273,0.05848408,0.00000000,0.22871815,0.00172103,0.10596871,0.00020198,0.62557107,0.00074154,0.00070684,0.18101449,0.67152315,0.93756491,0.73287797,0.80125797,0.04940035,0.00796775,0.33314928,0.00000309,0.06913953,0.00290549,0.30928567,0.31243476,0.94659853,0.00002077,0.35492745,0.22624560,0.00959292,0.06656478,0.19486146,0.00621298,0.02693190,0.03420304,0.00653592,0.00043358,0.10331865,0.15552883,0.75386816,0.00600434,0.00000663,0.09233762,0.22809742
0.01150383,0.01024758,0.91711342,0.27874720,0.41756335,0.05003659,0.08319853,0.00000445,0.30331928,0.05528964,0.01525993,0.99582893,0.75110286,0.22996362,0.01239771,0.98533648,0.01103025,0.27932602,0.18055069,0.00444717,0.00040239,0.06253775,0.54715699,0.13036211,0.01664779,0.05317225,0.03647452,0.00001504,0.00000459,0.21354268,0.97986078,0.17317958,0.04384102,0.01084920,0.21618125,0.45617950,0.58377945,0.05509799,0.52520084,0.01275973,0.00340296,0.04637401,0.20544437,0.17239924,0.37822294,0.08801170,0.20241302,0.29929048,0.01634593,0.18607046,0.00863255,0.07523174,0.01113628,0.00000147,0.99099219,0.31606475,0.99113047,0.99603522,0.27528724,0.17093763,0.25920674,0.46640825,0.99880582,0.02166550,0.55148095,0.00021988,0.03793975,0.00117006,0.00128911,0.00233425,0.01142594,0.28198192,0.07119977,0.00005472,0.92663234,0.00000454,0.16333041,0.10983279,0.00000157,0.47257537,0.00031856,0.06852839,0.00008541,0.03162934,0.00003756,0.00131065,0.60825723,0.96119875,0.78677869,0.43519086,0.16979963,0.00468525,0.01692462,0.01520111,0.00004247,0.01208785,0.00512702,0.10186535,0.70939010,0.95923209,0.00001468,0.83127016,0.11364379,0.00042264,0.00406870,0.00139320,0.00281570,0.04109755,0.21016718,0.02863904,0.01236446,0.20659572,0.09071679,0.79853648,0.08325363,0.00000535,0.22334458,0.36412233
0.00347765,0.03296493,0.98591411,0.44346020,0.51888561,0.00889697,0.37623137,0.00001399,0.44174904,0.31282857,0.02106877,0.99919552,0.27539855,0.49547753,0.02055432,0.92413932,0.00021579,0.21107994,0.58678669,0.02694853,0.00044534,0.16496046,0.03276627,0.00092670,0.18263561,0.07349012,0.01490811,0.00019306,0.00000102,0.31201440,0.97441983,0.29591623,0.17628482,0.00194916,0.75608712,0.19569091,0.06172322,0.00267175,0.88191313,0.02382508,0.00024284,0.00747471,0.00617155,0.00848410,0.08503205,0.24132113,0.28983507,0.26870379,0.00010435,0.01199287,0.01580442,0.00012243,0.06036277,0.00019994,0.98578429,0.07518406,0.96210843,0.95497203,0.06055095,0.23863375,0.00164270,0.18294716,0.98898333,0.36132309,0.87655818,0.00795158,0.10979919,0.01332618,0.01288455,0.00004732,0.00147666,0.37038302,0.00567672,0.00048841,0.93069780,0.00178332,0.61766851,0.23387629,0.00003628,0.29222387,0.01396578,0.83702803,0.00000391,0.04419395,0.00009392,0.00015302,0.26404828,0.00248211,0.84216666,0.06783693,0.16413306,0.01186770,0.00000663,0.03299750,0.00020677,0.01113228,0.00066634,0.01004024,0.26300955,0.65458304,0.00003069,0.07268653,0.24920577,0.00088410,0.00270417,0.02520095,0.00115605,0.00782580,0.03690191,0.00019523,0.15004981,0.00155423,0.74733526,0.01035133,0.00179944,0.00021736,0.56596446,0.00187929
0.04404062,0.00034194,0.00148355,0.00658146,0.06980361,0.01093018,0.00012983,0.02544976,0.05394671,0.19857523,0.18113770,0.02543349,0.01368401,0.99488389,0.17401786,0.96918321,0.00095863,0.83523238,0.00093145,0.15779915,0.05071717,0.00000967,0.01665258,0.03320261,0.00427148,0.64758641,0.01007805,0.00799947,0.00000104,0.00037925,0.99147642,0.37776586,0.96858734,0.39158523,0.59011251,0.00600244,0.02529839,0.12250254,0.00008420,0.00109400,0.75608486,0.00644039,0.45404413,0.95755118,0.00032045,0.18056785,0.90665144,0.32544199,0.34461075,0.01264179,0.00049886,0.02258725,0.00011178,0.00936704,0.32292753,0.90245795,0.12705758,0.28067604,0.00193655,0.00360634,0.00613547,0.80035484,0.99500924,0.43550140,0.92170691,0.01433598,0.10146243,0.01271995,0.04609407,0.00313060,0.14985372,0.62649041,0.00004965,0.02760081,0.95180470,0.01751730,0.17386656,0.26350951,0.11707857,0.33287516,0.00004178,0.06250899,0.00002849,0.02653812,0.00005006,0.00481314,0.83727378,0.03412668,0.06930661,0.00295645,0.35201487,0.00009577,0.00580437,0.00002115,0.02808024,0.00002082,0.00680696,0.08823190,0.05611793,0.01234861,0.01035520,0.00001687,0.53493214,0.00005530,0.02928180,0.00019259,0.50248957,0.00110003,0.86510444,0.00243476,0.00628576,0.04952670,0.03483933,0.00158626,0.22843152,0.00361686,0.89760202,0.82332397
0.39181548,0.00000030,0.00945344,0.81175816,0.00253635,0.21813597,0.00085072,0.01434958,0.22253355,0.02591665,0.10899810,0.00248759,0.54263586,0.96120256,0.76033580,0.99478257,0.05381743,0.42777869,0.00756873,0.06401421,0.43456581,0.00523868,0.01934745,0.00276270,0.00389831,0.80864835,0.00358178,0.03550357,0.00002690,0.10439014,0.99607456,0.07118078,0.99548179,0.08827779,0.90390974,0.00421384,0.00397186,0.00870411,0.00024733,0.01170147,0.76190776,0.00092511,0.09197342,0.93248171,0.00002948,0.11536583,0.97839713,0.03517393,0.56724405,0.04190538,0.00014288,0.16379528,0.00159130,0.02147865,0.78996187,0.90629089,0.11065099,0.82392198,0.00040720,0.02931217,0.06268096,0.73734879,0.99883074,0.46216616,0.73912746,0.00028009,0.58436328,0.07720973,0.04331598,0.42805058,0.47971711,0.48844633,0.00000486,0.07534856,0.99821097,0.01200078,0.50057411,0.52445042,0.15063970,0.76710498,0.00002266,0.07389400,0.00001131,0.02023747,0.00058986,0.00721904,0.99915159,0.07279141,0.39295301,0.04984578,0.49982876,0.00003657,0.00982421,0.00025055,0.16071373,0.00011644,0.18210497,0.03325897,0.09279344,0.14838311,0.03399473,0.00001535,0.54362088,0.00263831,0.01701254,0.00021794,0.93362373,0.00905441,0.59112376,0.00464466,0.00001737,0.01615740,0.00142403,0.00122649,0.17751315,0.00590018,0.93157017,0.72839236
0.39628902,0.00000008,0.10972969,0.86583430,0.04726565,0.01848090,0.00002063,0.07081842,0.10470594,0.09769975,0.55306596,0.00043007,0.45420265,0.94121748,0.24482146,0.95128286,0.04344489,0.68396670,0.00227340,0.27057192,0.16029684,0.00098315,0.14734188,0.00035923,0.00443604,0.61443299,0.02081250,0.03478951,0.00012339,0.02995653,0.79275018,0.09837452,0.99202955,0.44560653,0.92717707,0.00265971,0.00847149,0.06930237,0.00000234,0.00023802,0.53499275,0.00169992,0.06726729,0.95871639,0.00017361,0.38854325,0.90666264,0.00047896,0.10623979,0.18681961,0.00153786,0.34426874,0.00106587,0.04180495,0.39810160,0.79476523,0.12576438,0.41383973,0.00003423,0.01759520,0.02574620,0.68879700,0.21625346,0.82040131,0.27588683,0.00005115,0.53898329,0.00265480,0.00232501,0.01825326,0.32227775,0.20105588,0.00040974,0.09456778,0.02392246,0.00365262,0.13379905,0.24884285,0.14631258,0.57197404,0.00844376,0.02723351,0.00084108,0.22042567,0.00438082,0.00108193,0.99954557,0.02920028,0.75269973,0.02518753,0.00181291,0.00396281,0.01399400,0.00174137,0.13520521,0.00143058,0.12465961,0.17879988,0.03566090,0.01040600,0.02478656,0.00000854,0.16904816,0.00286936,0.03919779,0.00510608,0.00406198,0.01284852,0.34970915,0.01748136,0.00032617,0.03769411,0.00874046,0.00140949,0.13997763,0.07058068,0.65619361,0.46282226
0.37320992,0.00000014,0.02845216,0.05623265,0.06659539,0.20298034,0.00060826,0.37172100,0.03207413,0.45811081,0.35971937,0.01596965,0.11793861,0.96675557,0.55722100,0.02032466,0.03240725,0.70911461,0.00126037,0.94423503,0.00286879,0.00049705,0.52493626,0.00164303,0.00626767,0.23145998,0.00069595,0.13446373,0.00146204,0.00930465,0.11132389,0.30614004,0.98364842,0.59069318,0.50628603,0.00772702,0.01663414,0.02019301,0.00038112,0.00052437,0.44981021,0.00292717,0.10408235,0.86804432,0.00025029,0.36601281,0.80886906,0.00000762,0.05932524,0.54281694,0.00035413,0.40682667,0.00323929,0.03635556,0.27682287,0.44298840,0.18435046,0.24446973,0.00065449,0.01972654,0.01296741,0.88798738,0.11578802,0.08035380,0.13465115,0.00069895,0.26073223,0.00230229,0.01035906,0.04329926,0.64787370,0.01779253,0.00341484,0.03932958,0.33672711,0.00082632,0.46925646,0.24653506,0.04366158,0.08588776,0.01369856,0.02030629,0.00289854,0.16543598,0.00543417,0.01699810,0.99608302,0.09973864,0.93715626,0.01282414,0.01943848,0.00147073,0.01687561,0.00076074,0.15816946,0.00187289,0.33510372,0.27601531,0.01749362,0.06202891,0.09111383,0.00093129,0.34071329,0.00695732,0.13560064,0.00339495,0.00104285,0.10089932,0.14297773,0.02952711,0.00003635,0.01966284,0.00073997,0.01247926,0.15894918,0.45122415,0.95885038,0.44354889
0.40399405,0.00000023,0.02098187,0.00124321,0.09970017,0.10015053,0.00085474,0.30636021,0.03201726,0.26906940,0.01677463,0.05038821,0.02949683,0.80347735,0.35103545,0.00613246,0.02020455,0.47599065,0.00065644,0.63699538,0.00531395,0.00273264,0.26022106,0.00669096,0.03927106,0.70720756,0.00265766,0.05829064,0.00120348,0.06154937,0.02237801,0.20922580,0.97409141,0.42580518,0.43323013,0.01227089,0.00919913,0.01314334,0.00304294,0.00434674,0.26649788,0.01150285,0.24847439,0.32572681,0.00055078,0.42970437,0.11897427,0.00093478,0.26468334,0.09484155,0.00034753,0.51100850,0.00408377,0.13308483,0.28041598,0.70352286,0.14016835,0.44188669,0.00477466,0.03339302,0.00448691,0.65746844,0.06197371,0.02743849,0.20490272,0.02994732,0.34548971,0.00123069,0.02183884,0.02938499,0.49944472,0.00241783,0.01376540,0.15232305,0.23127738,0.00332193,0.43931323,0.15787905,0.09089687,0.10719824,0.05943475,0.06524813,0.00279390,0.38365579,0.00308539,0.12929423,0.63597566,0.22393975,0.89541608,0.03221919,0.00840831,0.00088490,0.01105380,0.00609961,0.18535145,0.01080741,0.17079680,0.16501445,0.03317031,0.06815042,0.18117702,0.00290013,0.25667387,0.04350407,0.03585436,0.00611006,0.00075997,0.06130181,0.34586996,0.08149116,0.00029824,0.07144564,0.00023024,0.00585990,0.28376976,0.41535905,0.93754727,0.49680242
0.23073050,0.00002483,0.09487773,0.08792233,0.14097157,0.09480245,0.00704203,0.15455422,0.01007381,0.11250341,0.01115106,0.09516229,0.06398189,0.69279939,0.58980268,0.51993096,0.28076339,0.76501429,0.00260467,0.47696784,0.00249399,0.00248883,0.26510242,0.01697200,0.00253965,0.41642028,0.01996671,0.12685467,0.00063036,0.00663479,0.74412811,0.40161738,0.89473701,0.06438860,0.39697918,0.01280302,0.04602746,0.05989006,0.00132572,0.00081421,0.21130885,0.04519317,0.14141294,0.05241201,0.00219100,0.39151484,0.12836713,0.01608784,0.34035161,0.06571493,0.00218300,0.46288231,0.00264546,0.06249156,0.13087985,0.51727706,0.39438838,0.59995031,0.00420071,0.03232562,0.33811373,0.78399760,0.89192653,0.07037576,0.29623371,0.01101564,0.38362092,0.03160832,0.02434682,0.29253253,0.46266159,0.04613091,0.01190481,0.09004563,0.53279400,0.00192405,0.03900711,0.13887961,0.42649513,0.30563545,0.01332324,0.19681549,0.00281927,0.23253806,0.00781390,0.06786170,0.08697611,0.34902629,0.83381480,0.11450947,0.01950942,0.00271918,0.02606049,0.00598668,0.00553869,0.04296459,0.06699197,0.27372420,0.04191355,0.24944013,0.16811769,0.00494209,0.48423150,0.00265355,0.27167210,0.00482526,0.00093109,0.01192666,0.23026161,0.35450912,0.00017634,0.23673539,0.00639030,0.02965647,0.26621023,0.30467802,0.92051470,0.38344234
0.09142224,0.00003735,0.00290966,0.57198960,0.07728017,0.00565306,0.00905313,0.01645180,0.00110464,0.17518978,0.00136352,0.12600577,0.13739552,0.37276056,0.03240604,0.94173676,0.00165160,0.73708498,0.01258455,0.19129579,0.00024738,0.00123398,0.41588345,0.01497928,0.02597269,0.55411273,0.05646566,0.00837185,0.00000410,0.00723102,0.96177280,0.28861853,0.93863285,0.11926753,0.26199046,0.03738923,0.00006151,0.09422679,0.00192561,0.00689242,0.14934561,0.01594955,0.03413024,0.06786662,0.01181466,0.14629985,0.14303219,0.02621708,0.00750850,0.01528931,0.00472734,0.00538874,0.00969294,0.00222283,0.04857691,0.73782027,0.10020620,0.49619341,0.00244381,0.02815458,0.00244477,0.18892655,0.94531256,0.16409419,0.21288294,0.00643688,0.28084627,0.00142318,0.04751883,0.00151235,0.24932201,0.12114529,0.00280360,0.05956077,0.88927442,0.00079444,0.40011704,0.06308661,0.04512370,0.25306797,0.09724671,0.37916195,0.00005040,0.13248478,0.00418506,0.00132438,0.03114242,0.00333302,0.20149931,0.07822050,0.03176229,0.00303624,0.00962291,0.00658920,0.00206691,0.02565787,0.03977849,0.12353487,0.10325821,0.35042673,0.00097332,0.00626659,0.58595026,0.00764075,0.13332464,0.00119271,0.00005823,0.01491894,0.19899780,0.00982477,0.00097870,0.10308988,0.05905662,0.00638148,0.33686024,0.00770808,0.90280032,0.36047459
0.24193156,0.00055153,0.04548641,0.86230987,0.18099256,0.03097560,0.37788016,0.00481588,0.00053961,0.09988563,0.00078917,0.18334430,0.65004420,0.45104736,0.01149611,0.75301844,0.05269452,0.47756323,0.11506018,0.21216312,0.00077932,0.00115153,0.52658272,0.11940426,0.01846763,0.48914832,0.17851529,0.00210713,0.00137300,0.89983481,0.57983088,0.68397713,0.98645723,0.01854207,0.13387431,0.01558399,0.00002951,0.12421910,0.01004319,0.00567158,0.09167326,0.01937574,0.01269106,0.10015991,0.38955364,0.86134392,0.27788997,0.00644021,0.00715398,0.00816023,0.03382517,0.00709500,0.10331202,0.00123821,0.00637905,0.63679767,0.22362630,0.69838661,0.00108685,0.10721677,0.01708346,0.06681322,0.11655468,0.14500573,0.13669115,0.00795175,0.37643486,0.00126282,0.01279349,0.00305263,0.49879923,0.55433428,0.02738220,0.27716067,0.24354139,0.00612247,0.15858021,0.04474513,0.01616019,0.19668850,0.35248202,0.52502477,0.00050778,0.53584033,0.16866022,0.00028554,0.01095547,0.00208369,0.10940823,0.12289777,0.03560560,0.57092655,0.05461257,0.07241164,0.00288949,0.12619169,0.28428674,0.25893143,0.25523952,0.77324259,0.00246365,0.35803956,0.32400790,0.40474051,0.22714458,0.01676962,0.00354122,0.30234003,0.03224655,0.04406176,0.00534798,0.50034571,0.02148765,0.00589397,0.60063738,0.03540866,0.76638919,0.40716773
0.01918685,0.00135283,0.04976673,0.18750143,0.14621666,0.00040658,0.09895004,0.00028962,0.00002978,0.33181486,0.00150366,0.17383139,0.90940881,0.49221110,0.01769488,0.09868170,0.04577542,0.57906801,0.01810901,0.45277715,0.00107616,0.00083950,0.36972368,0.22468786,0.15487400,0.27448559,0.56811380,0.00116889,0.00188108,0.12062544,0.00459857,0.55358815,0.95455509,0.00711001,0.13385378,0.00318443,0.00000478,0.24159664,0.03265209,0.02822112,0.11219109,0.12172686,0.02821477,0.22290075,0.59681702,0.10825585,0.17838834,0.02379330,0.00502650,0.00085764,0.39041999,0.00111420,0.23731394,0.00092937,0.00081457,0.70355558,0.41298041,0.72563249,0.00026313,0.59558982,0.00178061,0.54646295,0.00300838,0.00141940,0.03094716,0.05989749,0.31357479,0.00377929,0.01448278,0.00058518,0.68926454,0.19782747,0.01639537,0.73262590,0.00476204,0.01501591,0.33151439,0.00679027,0.01451754,0.01042048,0.39233512,0.46901086,0.00392869,0.59712666,0.03637365,0.00297680,0.01213809,0.00115906,0.05996190,0.01198573,0.05502935,0.21966287,0.14152460,0.09137835,0.00032269,0.12645188,0.01289139,0.33373460,0.21870780,0.86542386,0.00345304,0.81456572,0.32912874,0.05343469,0.33457240,0.39911959,0.00423773,0.01761714,0.03198936,0.05291620,0.32591736,0.84782130,0.08581144,0.01048916,0.94158506,0.00393844,0.82966274,0.61190784
0.00626901,0.02171963,0.04155098,0.00117166,0.07551213,0.00449487,0.04592490,0.00006932,0.00000138,0.46790209,0.00037119,0.05582764,0.62533790,0.52195007,0.03181211,0.31439498,0.00060918,0.70160133,0.05769238,0.35206959,0.00150714,0.00037026,0.29478347,0.11638197,0.02635007,0.25401166,0.79350066,0.00847963,0.00334294,0.10470898,0.06428739,0.42556053,0.95767587,0.00031051,0.09310462,0.01924519,0.00000435,0.05899834,0.06168143,0.10516036,0.16879284,0.02934177,0.01579536,0.04627798,0.36526296,0.11505037,0.61116624,0.02229748,0.00346217,0.00007966,0.06615341,0.00093337,0.09930298,0.00032834,0.00000524,0.61220300,0.08661279,0.61776471,0.00209645,0.20776466,0.00175080,0.46176487,0.71745688,0.00041807,0.00852353,0.18120494,0.16787691,0.00296212,0.00319223,0.00324725,0.73689276,0.37196788,0.00450792,0.66227919,0.73182869,0.04420454,0.80536729,0.00340948,0.00408347,0.01997419,0.23633356,0.62609082,0.00255377,0.46480340,0.01874745,0.00172645,0.00121843,0.00097034,0.06415431,0.01034157,0.84025687,0.12249377,0.49014896,0.02028742,0.00001213,0.01099785,0.00671074,0.53906167,0.07681235,0.93168586,0.00071856,0.49715704,0.49812156,0.01417740,0.43894076,0.19301273,0.00692481,0.02099379,0.06435677,0.02091003,0.36767548,0.96166027,0.82036787,0.00829580,0.97589427,0.00240785,0.91809517,0.74871010
0.00115439,0.02861852,0.02080432,0.00046072,0.06865239,0.28256536,0.01130164,0.00000881,0.00000117,0.32892254,0.02564771,0.08417765,0.80536008,0.34243819,0.03055042,0.24044649,0.00012220,0.75140333,0.03643493,0.43915570,0.00001897,0.00147538,0.06571660,0.03149397,0.02427943,0.16848883,0.52737474,0.00263726,0.00007646,0.13467708,0.92299026,0.42964363,0.98898000,0.00056686,0.47308066,0.26315880,0.00000135,0.08982129,0.03423367,0.01835383,0.55954772,0.05274184,0.01571430,0.26042372,0.13605303,0.04943319,0.08099699,0.35451055,0.00741494,0.00005564,0.02648454,0.00035684,0.02317188,0.00000310,0.00035359,0.83652008,0.21014060,0.85068476,0.40975821,0.46298876,0.02682766,0.38073942,0.99109519,0.00033264,0.00350260,0.21094404,0.22465211,0.01213209,0.00001682,0.01236341,0.50218475,0.80088687,0.02375516,0.82535237,0.09550897,0.00029931,0.59749269,0.04547781,0.01873928,0.13914400,0.02608737,0.10896014,0.00043229,0.48704627,0.08604731,0.00002466,0.00072115,0.00008932,0.03140388,0.03647903,0.36875653,0.16685678,0.92701316,0.00290763,0.00000937,0.01052944,0.00794562,0.31748137,0.26816013,0.83194393,0.00011281,0.03624322,0.73006213,0.00643201,0.72577959,0.23595946,0.00276757,0.01433094,0.03204863,0.06178542,0.34997499,0.70529115,0.89379483,0.52097678,0.97833043,0.05392940,0.94509673,0.41570014
0.05570291,0.00248718,0.00072538,0.97906071,0.00988517,0.21529107,0.00807554,0.02572557,0.00001176,0.41596061,0.02453893,0.01016260,0.74704427,0.44158337,0.00426108,0.91932476,0.00005611,0.38385424,0.39863160,0.52651691,0.00001732,0.00040203,0.03940631,0.06297609,0.00776570,0.53928173,0.21744461,0.01793780,0.00032341,0.02719305,0.99782729,0.42046651,0.91269183,0.00008538,0.57832670,0.22431210,0.00000947,0.24943770,0.25260940,0.30294770,0.93058664,0.01431971,0.00002425,0.01983973,0.12471697,0.01133290,0.06453870,0.35803673,0.00005924,0.00013186,0.00336289,0.00519730,0.02030098,0.00012659,0.00000048,0.27053446,0.36450455,0.67838526,0.20967755,0.04914567,0.00226903,0.24238938,0.99809504,0.01847320,0.00024597,0.01972457,0.17796543,0.14946376,0.00008903,0.00541489,0.33596963,0.66669226,0.02378357,0.52640408,0.11660552,0.00001026,0.18657413,0.00592658,0.00032491,0.04758047,0.06545099,0.03618907,0.00001384,0.47991502,0.03652309,0.00151019,0.00094982,0.00000115,0.08970695,0.23249625,0.09122269,0.10892489,0.99918276,0.00559389,0.00000604,0.00125762,0.00872776,0.17546777,0.07493688,0.88001537,0.00011141,0.20006692,0.95293432,0.00022836,0.15789720,0.19284852,0.00825192,0.04048593,0.00017499,0.29596621,0.38505000,0.73097521,0.84177375,0.28287819,0.99899471,0.91771817,0.76129586,0.17727169
0.07610857,0.02953487,0.00005760,0.96557105,0.01032015,0.00009011,0.00519647,0.00600245,0.00000256,0.11288111,0.02368456,0.00409272,0.41803983,0.46343002,0.00001942,0.91899657,0.00004848,0.58288878,0.04269801,0.40553829,0.00013048,0.15713510,0.70633799,0.00234925,0.01463310,0.32996351,0.05646048,0.00010129,0.00000371,0.01111255,0.99256319,0.23497614,0.85549593,0.00002229,0.50209600,0.04644718,0.00000618,0.43012139,0.61081445,0.08085638,0.99388003,0.00899290,0.00003494,0.01139557,0.01882762,0.00180802,0.05759129,0.58933842,0.00073077,0.00155538,0.00217649,0.00004462,0.04866830,0.00009052,0.00233525,0.75385445,0.06835668,0.39343533,0.21330991,0.40037632,0.00001152,0.28987074,0.99043435,0.03571523,0.00001240,0.00457645,0.05536644,0.00087993,0.01652553,0.00008073,0.86240083,0.16000481,0.00408450,0.93671185,0.59886062,0.00012536,0.29908910,0.03843996,0.00001848,0.02889481,0.01427971,0.02417712,0.00000404,0.28330219,0.01523442,0.00006859,0.00950239,0.00027671,0.11219405,0.17862661,0.05737570,0.09034467,0.99968064,0.00493435,0.00075831,0.00013081,0.00693409,0.17139414,0.83051217,0.73617929,0.00005266,0.79234982,0.98679650,0.00018692,0.24998070,0.80267578,0.00177867,0.00314714,0.00802345,0.58117449,0.05638599,0.84969091,0.86997676,0.01819066,0.99985099,0.01257850,0.53907692,0.34665418
0.00138222,0.00192161,0.00028503,0.09953308,0.07730648,0.08054940,0.00006747,0.04130983,0.15438803,0.20750062,0.02763793,0.13850404,0.00089199,0.67345524,0.08016124,0.98626572,0.00157431,0.73298138,0.00000738,0.08408929,0.00729808,0.99124527,0.09683090,0.00002915,0.00000556,0.31572598,0.00007114,0.03628863,0.00000264,0.00009592,0.99790931,0.06067477,0.97797912,0.20284204,0.82270169,0.00830346,0.04761740,0.09246223,0.97406000,0.01069658,0.00373856,0.00750262,0.54876620,0.00083539,0.32129765,0.00122439,0.03363166,0.77199554,0.00502321,0.03310730,0.00593161,0.24467807,0.03267623,0.00252583,0.07110626,0.10243453,0.01724053,0.17471346,0.00052278,0.15019305,0.09471889,0.44747463,0.96110445,0.06327204,0.07327279,0.01701142,0.17674640,0.00229701,0.95302254,0.00164578,0.92451364,0.99668288,0.00014075,0.00151256,0.93812770,0.01947839,0.52132154,0.10616509,0.01064483,0.70367283,0.01131926,0.35561660,0.00000104,0.03377776,0.02328376,0.00021144,0.00547861,0.00922190,0.10789140,0.95252407,0.02098473,0.00000536,0.07082110,0.00163483,0.00460901,0.56650805,0.99388319,0.12429482,0.99080163,0.01663740,0.00260880,0.00113415,0.06017183,0.00006287,0.09897104,0.00400981,0.00000362,0.51819390,0.01295983,0.06487355,0.00048118,0.02872143,0.31448546,0.00351222,0.09196650,0.00783586,0.25858995,0.00075394
0.00042346,0.00821118,0.00219446,0.97105026,0.24968967,0.08645999,0.00414806,0.21347669,0.27670637,0.16642888,0.00997818,0.14530727,0.00001299,0.71846712,0.09302723,0.99939311,0.00690216,0.01295107,0.00000007,0.06739955,0.01327020,0.72159344,0.23051807,0.00004599,0.00143520,0.23365608,0.00001120,0.00480680,0.00000404,0.00323210,0.99927729,0.11021990,0.78038234,0.14914680,0.89344090,0.04601631,0.03293078,0.99422193,0.88305634,0.00164417,0.02998011,0.19065811,0.10001557,0.00002044,0.04494076,0.00656268,0.89411473,0.77963346,0.00380593,0.54661322,0.00450617,0.33278042,0.99994552,0.00000003,0.11994468,0.05808708,0.05904568,0.16264610,0.00024088,0.72290826,0.07165505,0.86178297,0.99979109,0.47201228,0.15277039,0.01519541,0.24371542,0.00390939,0.92531228,0.01631946,0.75902659,0.99970448,0.00004172,0.00000009,0.96560496,0.06534601,0.02564938,0.07134790,0.20078023,0.77822536,0.02270928,0.81953871,0.00001270,0.02246690,0.46780574,0.00307382,0.53235060,0.00689937,0.90239996,0.62918776,0.02685229,0.00014617,0.07380880,0.19474539,0.00326009,0.14402051,0.99986374,0.04441152,0.85847998,0.01664560,0.00664376,0.00246211,0.46528676,0.00017509,0.03343893,0.00907172,0.00000355,0.58461106,0.00015739,0.03112554,0.00036381,0.06660263,0.00000024,0.06486842,0.14934167,0.02532838,0.04668280,0.00000014
0.00267381,0.07330346,0.08337401,0.99801028,0.01804399,0.03015772,0.02035296,0.03285664,0.27478021,0.41171217,0.01166528,0.08628911,0.00239137,0.57818240,0.16136004,0.72530288,0.02724109,0.81433159,0.00000190,0.01390635,0.13711190,0.83892697,0.19492008,0.00094919,0.00084051,0.61779898,0.00318847,0.03303124,0.00014287,0.00492378,0.99554521,0.77693498,0.04004004,0.63972253,0.73458081,0.00048871,0.00828566,0.99618018,0.92066973,0.00224856,0.03779269,0.40714315,0.27789846,0.00004747,0.01385731,0.00800855,0.88271403,0.30663291,0.00962559,0.16934563,0.00003886,0.22951522,0.61254758,0.00000001,0.17415304,0.04372343,0.05159526,0.06509817,0.00002223,0.61244321,0.01167192,0.07429549,0.73619682,0.61120278,0.25672254,0.04476540,0.66193897,0.00678743,0.82277453,0.01029143,0.75138164,0.99816185,0.00009177,0.00016901,0.97833091,0.22417021,0.01084785,0.06182336,0.04604011,0.48346120,0.03196662,0.62022763,0.00007574,0.28195104,0.02477476,0.00462281,0.06264713,0.02276159,0.65565991,0.76410574,0.00006295,0.00524350,0.21745098,0.54298896,0.01723965,0.27416304,0.85245967,0.33026803,0.85682970,0.00453024,0.07219129,0.02151591,0.18179704,0.00385204,0.00635104,0.00260539,0.00016456,0.08298682,0.06267598,0.49812105,0.00005929,0.12950464,0.00237365,0.02584928,0.01354937,0.02456360,0.16494638,0.00000208
0.00339305,0.01411894,0.07248982,0.81382257,0.02117643,0.03362049,0.00209536,0.10069071,0.39531571,0.20697822,0.05998695,0.04935886,0.01930441,0.54797161,0.01592597,0.00009098,0.01236792,0.27344590,0.00000049,0.05166322,0.18462345,0.71767479,0.14086911,0.00159447,0.00267605,0.30866709,0.02505709,0.08688170,0.00041845,0.00329495,0.59798408,0.39581594,0.07308681,0.05369597,0.78490323,0.00008093,0.00348863,0.91013104,0.73477733,0.27764007,0.02617103,0.29903623,0.35242611,0.00000994,0.00733291,0.01365843,0.70566446,0.47316036,0.00602956,0.21999495,0.00000056,0.30478656,0.02717613,0.00000224,0.14274971,0.08723851,0.04049053,0.24358799,0.00010112,0.06849592,0.04190524,0.00884202,0.29767868,0.31801218,0.12531881,0.19377220,0.52338803,0.10132345,0.90119892,0.01455447,0.37949961,0.98708653,0.00025687,0.00103982,0.37141746,0.19841652,0.00485746,0.14807348,0.12338832,0.07442011,0.00565100,0.62946558,0.00041834,0.13771331,0.01013254,0.26779610,0.00097317,0.09739932,0.56826144,0.46174598,0.25050226,0.00067725,0.23644775,0.08894563,0.08527710,0.05574287,0.19923024,0.13820536,0.60235208,0.01317723,0.22033621,0.21413732,0.38963878,0.01005505,0.02849225,0.02125968,0.00284238,0.28210333,0.07210851,0.30036989,0.00081142,0.12867111,0.00895998,0.03264511,0.04511214,0.03528699,0.15130362,0.00000003
0.00160106,0.07009806,0.02339813,0.00023624,0.09049252,0.00900883,0.00202733,0.27354687,0.58618790,0.27924073,0.01627205,0.07120571,0.01426731,0.51997793,0.08454159,0.00213351,0.11133347,0.48183531,0.00000033,0.04918798,0.13028318,0.78188097,0.27220896,0.00614095,0.01758747,0.49150777,0.01261389,0.03797228,0.00213922,0.00968619,0.09723975,0.40631309,0.41230789,0.14889009,0.78090662,0.00000509,0.01926623,0.73236352,0.29111800,0.18511969,0.10731874,0.25181291,0.13488373,0.00008283,0.02429185,0.08247323,0.17914253,0.45427883,0.05979400,0.17309876,0.00043326,0.47092181,0.00362971,0.00343021,0.22824249,0.10547334,0.18024313,0.10634477,0.00030940,0.00552506,0.00975201,0.04879776,0.07866550,0.03112425,0.59274822,0.58112186,0.31558970,0.01032789,0.71138287,0.03246222,0.51312804,0.95491242,0.00096420,0.00971581,0.83634180,0.19643271,0.00174798,0.21380335,0.16136433,0.22509381,0.00863338,0.53779781,0.01217783,0.04295797,0.05287458,0.59905171,0.00002352,0.07402890,0.05374246,0.45865852,0.43034089,0.00974352,0.14380832,0.02813833,0.01615190,0.11130751,0.00356316,0.17781080,0.71434647,0.00452265,0.09869001,0.10847698,0.23037234,0.03375649,0.02736783,0.24086195,0.00115497,0.06421745,0.41639456,0.12668699,0.00264339,0.09370489,0.00000456,0.03675008,0.08918916,0.02925327,0.02915316,0.00000054
0.05981940,0.21033370,0.05905654,0.02079277,0.05738688,0.00371613,0.00679752,0.02184653,0.26606703,0.09331508,0.03183421,0.25539806,0.01741350,0.41435781,0.33182326,0.48632753,0.37044021,0.63626635,0.00000835,0.14709498,0.07983130,0.50541884,0.09088313,0.03971506,0.00149539,0.33849514,0.01171993,0.26602253,0.00098863,0.00018038,0.64664477,0.48258170,0.48047826,0.00864764,0.47313005,0.00227577,0.02227535,0.70936626,0.13049285,0.04039872,0.21391618,0.44160157,0.06052326,0.00063934,0.01330244,0.12075296,0.21705216,0.36955807,0.16204789,0.02702870,0.00238407,0.28826341,0.00225424,0.00878747,0.15870439,0.04156502,0.41361198,0.30709118,0.00184845,0.00161228,0.19758631,0.16270816,0.39343989,0.06409730,0.29714799,0.02987754,0.17757794,0.03881007,0.66876274,0.22475913,0.22312552,0.69402528,0.00662761,0.01114455,0.67910457,0.00695573,0.00007429,0.20697904,0.65165806,0.30642107,0.00195676,0.53519285,0.04028986,0.04762040,0.05747109,0.15316470,0.00409825,0.26087004,0.03031382,0.49363419,0.16413839,0.03908032,0.16903286,0.01126709,0.00796509,0.19371578,0.00116950,0.27781063,0.57407749,0.00282111,0.16512790,0.17154074,0.19745204,0.00515137,0.01360663,0.03006151,0.00105235,0.01036337,0.14160705,0.64165485,0.00194179,0.13405973,0.00038829,0.02112710,0.23397729,0.09154506,0.06836440,0.00000675
0.01701700,0.16955519,0.00534039,0.46436197,0.03284293,0.00050630,0.01210306,0.00702762,0.05534133,0.31593478,0.00325976,0.13241576,0.01349231,0.23635134,0.03657424,0.95900071,0.00592536,0.65467483,0.00228853,0.24383974,0.00417271,0.44870135,0.10970533,0.01317501,0.01011309,0.23991725,0.01682089,0.01434130,0.00004732,0.00028868,0.87286741,0.26909941,0.57246989,0.00697340,0.38392276,0.05786904,0.00043635,0.63335389,0.12538826,0.03817415,0.16123265,0.07369976,0.01266539,0.00480926,0.06395413,0.09573860,0.31310755,0.24119273,0.00383110,0.01549318,0.00568951,0.01922073,0.00225164,0.00033025,0.15080656,0.16449450,0.08205737,0.49024281,0.00214080,0.00454955,0.00227481,0.04063670,0.96738452,0.03580635,0.38453442,0.00240111,0.28580344,0.00496294,0.80790496,0.00101362,0.22591692,0.47345048,0.00453365,0.01801384,0.88896734,0.00205419,0.01275937,0.26440206,0.26959583,0.25573176,0.00568682,0.69276756,0.00093624,0.02508124,0.01351425,0.00426637,0.00674729,0.00227692,0.04419200,0.33375710,0.08741184,0.02551170,0.00817451,0.00468693,0.00167797,0.02411756,0.00167131,0.05215746,0.53834319,0.00621454,0.00082887,0.07190229,0.21932574,0.01019759,0.02589414,0.00811086,0.00010946,0.02427011,0.08211462,0.01032600,0.00428402,0.17360526,0.01052271,0.00042777,0.12102244,0.00129956,0.15130265,0.00008289
0.15650952,0.12798823,0.00834394,0.95894969,0.20778419,0.00057568,0.08749895,0.00714536,0.13038033,0.26509997,0.00297036,0.14043662,0.16144425,0.12788075,0.04448370,0.51316082,0.00473880,0.43602258,0.00511918,0.49927905,0.00258687,0.27022135,0.22261649,0.02477541,0.03765382,0.24191068,0.04761825,0.01165703,0.01345955,0.06784762,0.35767573,0.31089953,0.66368490,0.00015372,0.27570245,0.35086831,0.00574086,0.91424239,0.04886918,0.17139950,0.35084295,0.11691295,0.01692767,0.03721060,0.50618452,0.36760193,0.56055629,0.03974722,0.00054731,0.00131635,0.11304897,0.01030705,0.03544372,0.00354182,0.04186709,0.07589489,0.18282133,0.45168471,0.00604493,0.03060361,0.00375958,0.06036783,0.58344692,0.01046908,0.33291090,0.00212480,0.21774361,0.02018867,0.86630350,0.00334886,0.28777885,0.53451711,0.25973734,0.22666748,0.14542946,0.00168494,0.00117199,0.63291138,0.43996075,0.19040756,0.04942892,0.89384705,0.01168431,0.04686856,0.42760971,0.01569022,0.00765753,0.00554524,0.02792764,0.48052621,0.00313450,0.46860194,0.00676950,0.01618943,0.00037512,0.08446137,0.00009778,0.03636804,0.39452600,0.00568379,0.00066740,0.61029875,0.49352056,0.36009133,0.01004280,0.08861773,0.01101766,0.30557194,0.02086717,0.08624585,0.00374402,0.17194073,0.00825154,0.00042964,0.07989471,0.00607726,0.03369398,0.00000837
0.06727127,0.09159476,0.00143471,0.13305016,0.12493543,0.00017108,0.04093872,0.00623713,0.11264643,0.22109921,0.00025937,0.06109471,0.03052955,0.10497107,0.02337797,0.00349636,0.00808624,0.48712379,0.00207056,0.47180504,0.00066593,0.26314828,0.23134716,0.07093304,0.20687360,0.25966227,0.17742911,0.00972937,0.00271236,0.00261214,0.02327702,0.72814697,0.64554197,0.00655775,0.36808175,0.44636396,0.01600660,0.54698408,0.03432313,0.09033539,0.38043952,0.10213317,0.09335822,0.06669600,0.61663467,0.40220803,0.26767436,0.08208957,0.00020854,0.00057341,0.53488511,0.01652232,0.31480756,0.01935819,0.24957293,0.10119691,0.25910068,0.49265602,0.09100387,0.16105838,0.00336197,0.08040065,0.01239200,0.00032370,0.54045397,0.00372121,0.26158857,0.04182390,0.92092669,0.00383206,0.20653057,0.24812284,0.21481815,0.23996754,0.05217823,0.00107208,0.00208926,0.64235026,0.82680178,0.12920359,0.00426032,0.87003702,0.02619004,0.01136464,0.17396636,0.00208142,0.15518381,0.00304976,0.07528043,0.14889424,0.00016509,0.80428565,0.00141029,0.03006683,0.00009166,0.06234762,0.00004787,0.13277602,0.53836131,0.05694153,0.00029294,0.28940895,0.30734548,0.22233428,0.00698804,0.04612342,0.05140300,0.29527757,0.06013743,0.01289567,0.03412704,0.21176933,0.13357070,0.00001525,0.26312378,0.00106267,0.12539819,0.00000596
0.18017405,0.20501925,0.00019348,0.00009115,0.11503787,0.00122340,0.02228942,0.00700382,0.12091982,0.05814869,0.00001020,0.16947940,0.00965522,0.06462279,0.02172958,0.00368972,0.00075872,0.12131619,0.00165259,0.50813055,0.00026087,0.06976883,0.13960597,0.06379785,0.06274303,0.19605446,0.36941653,0.05553627,0.00016146,0.00025744,0.27323598,0.50645995,0.92147613,0.00207359,0.56729358,0.43441576,0.03514380,0.46939200,0.02567177,0.15612416,0.47044685,0.22677426,0.01921600,0.02846541,0.59491837,0.17629673,0.32337776,0.19203311,0.00080016,0.00000861,0.15167789,0.00118263,0.19258250,0.01023449,0.53922188,0.10146800,0.26101562,0.15735094,0.55296594,0.33137393,0.03653027,0.03852145,0.80811989,0.00028192,0.64476329,0.00090682,0.24701075,0.02473961,0.96184236,0.00112344,0.10822947,0.17673001,0.10437211,0.19634713,0.70526338,0.00010597,0.00040031,0.59555936,0.90970975,0.23322794,0.06561905,0.90846258,0.00770654,0.01644757,0.04594920,0.00183926,0.24502292,0.00215989,0.22311310,0.19990997,0.00063303,0.12022306,0.00035482,0.00344986,0.00675241,0.02427723,0.00000001,0.10878497,0.91781658,0.01136652,0.00022711,0.11855699,0.90146357,0.08258622,0.02257157,0.01391724,0.09546853,0.34153917,0.00216876,0.04583837,0.08802722,0.18925895,0.40679106,0.00008619,0.34370810,0.00139454,0.05675120,0.00004560
0.21387243,0.07534273,0.00001314,0.00205342,0.17258871,0.00318478,0.00437325,0.06364498,0.43154231,0.00629000,0.00002748,0.27846980,0.00087907,0.01450809,0.00382180,0.94407535,0.00199941,0.31257620,0.02809770,0.34411329,0.00000084,0.08442444,0.37476999,0.00937144,0.36028245,0.20868181,0.29403144,0.02546288,0.00000197,0.00000240,0.99404311,0.64327735,0.43410710,0.01036527,0.30565763,0.33584338,0.05933979,0.44568631,0.00632028,0.30383438,0.40583885,0.05229867,0.00340956,0.13358267,0.08458129,0.02588214,0.19095911,0.28436950,0.10145533,0.00001772,0.03327309,0.00118563,0.17126586,0.00955465,0.41421238,0.42118701,0.12339845,0.68605721,0.20610681,0.18776827,0.01980137,0.00871343,0.99181330,0.00043779,0.89930046,0.01740952,0.29022303,0.14963786,0.92356050,0.00071171,0.03363020,0.03878142,0.09558520,0.19514486,0.95742178,0.00001480,0.00000030,0.17799449,0.98395419,0.58420306,0.13950533,0.94678754,0.00840734,0.00193341,0.19958392,0.00073062,0.11194779,0.00014791,0.08601695,0.29021677,0.08105844,0.00736410,0.00000287,0.00148670,0.16025487,0.03482229,0.00000002,0.00309475,0.63425767,0.00281848,0.00045827,0.01196312,0.52358782,0.05198036,0.01418490,0.00241941,0.00509923,0.45111603,0.00107878,0.04071547,0.03542831,0.04476782,0.69761437,0.00007268,0.15154248,0.00102936,0.00085290,0.00001948
0.06754740,0.06378485,0.00001522,0.80809802,0.02229634,0.08773923,0.01046489,0.01701116,0.08072889,0.87163478,0.00167189,0.36429885,0.00547376,0.01066723,0.00080801,0.98815578,0.00087109,0.66030240,0.01897949,0.76384050,0.00000096,0.09999922,0.58640116,0.00223041,0.00096719,0.20094386,0.71644396,0.00251723,0.00001337,0.00004129,0.99470824,0.67923361,0.72434723,0.00046381,0.16175359,0.33237696,0.15044193,0.73452735,0.00530007,0.04143139,0.22961974,0.08055748,0.00053820,0.13279213,0.02529697,0.03573053,0.49565637,0.21930803,0.02855216,0.00201586,0.08165089,0.00081676,0.02077701,0.04189929,0.27951258,0.79888439,0.19625756,0.29706848,0.01292831,0.24403562,0.29168054,0.15601522,0.99904978,0.31318703,0.97001970,0.05604937,0.53577363,0.51014334,0.99510747,0.00131251,0.05728643,0.02639041,0.00189842,0.08302885,0.92303234,0.00003576,0.12459476,0.64911300,0.99630445,0.78399777,0.01702046,0.99886179,0.00365587,0.03128948,0.12171376,0.00011812,0.08308993,0.00622547,0.13775697,0.27758005,0.23005271,0.00317935,0.00000029,0.00011604,0.00187748,0.17290981,0.00000004,0.01398142,0.83460617,0.00611060,0.00171715,0.00027017,0.31037238,0.30040777,0.00792520,0.00108398,0.00010417,0.15526722,0.00480854,0.00024745,0.02220592,0.12561615,0.44208214,0.00001146,0.17315449,0.00063451,0.00780365,0.00000934
0.10236735,0.06470254,0.00013285,0.80865937,0.05094250,0.00286365,0.00050915,0.02603889,0.05353909,0.40188730,0.00003621,0.12785679,0.00085753,0.00044494,0.00373775,0.94761044,0.00772406,0.60376871,0.00480511,0.96881241,0.00020961,0.14455922,0.15888746,0.00300932,0.00796188,0.15535954,0.20167774,0.00021441,0.00003732,0.00000020,0.99125427,0.63615859,0.91442555,0.00102483,0.06624693,0.04167132,0.03598650,0.23245427,0.07591966,0.13753946,0.00485647,0.02822322,0.00002010,0.02150967,0.00252089,0.00414816,0.75717670,0.08398471,0.00014461,0.00219779,0.00633118,0.00041137,0.00943532,0.01380846,0.56977177,0.59015203,0.24458683,0.05184949,0.04694030,0.28384632,0.00019398,0.24382161,0.99663752,0.06291854,0.99869978,0.00100845,0.97633642,0.32886222,0.99898487,0.00001907,0.02980876,0.07789971,0.00125236,0.72199690,0.76129192,0.00163301,0.18682404,0.68073893,0.99965149,0.07284468,0.22106043,0.96684706,0.00059633,0.01022569,0.06598882,0.00055040,0.10089412,0.00026439,0.17747165,0.11875320,0.03134616,0.00504275,0.00000084,0.00007644,0.00134458,0.14504237,0.00012996,0.06964688,0.67434466,0.02014126,0.01088049,0.00001544,0.58745176,0.88866341,0.02286555,0.00006104,0.00000835,0.84041309,0.01100343,0.00002106,0.00512865,0.01685475,0.15664813,0.00000048,0.24462003,0.00004704,0.90918308,0.00028447
0.22416535,0.00634897,0.16848683,0.98082125,0.40909654,0.00069667,0.00005811,0.08011072,0.01159522,0.39385113,0.01412302,0.28079244,0.00032691,0.01306184,0.00044932,0.97650844,0.00022788,0.22430284,0.19517592,0.01255374,0.00752721,0.06733837,0.26928267,0.00005609,0.00003153,0.00791999,0.00022770,0.00753954,0.00000361,0.00033547,0.99642283,0.00405282,0.01282117,0.08201886,0.91680628,0.52787864,0.02766124,0.63117898,0.00079241,0.00009696,0.34699768,0.00004725,0.03191195,0.00878334,0.00007707,0.99877179,0.11548471,0.75281906,0.00413527,0.22448139,0.00027298,0.59470153,0.00071466,0.04429035,0.27732778,0.01305213,0.26006937,0.07976080,0.19667590,0.00182345,0.00947521,0.12411343,0.98978597,0.04852682,0.68397737,0.01319311,0.66881043,0.12055743,0.50644267,0.00180329,0.29501420,0.00261902,0.00028265,0.00619244,0.96790808,0.00566735,0.54015356,0.68287671,0.10459822,0.01388908,0.00463730,0.05186893,0.00004498,0.00001791,0.00002661,0.00143047,0.00849718,0.00706051,0.07988910,0.06524664,0.13665366,0.00040410,0.00301742,0.00001425,0.00360143,0.07919110,0.72660667,0.02998520,0.11344609,0.11821708,0.01238959,0.00344723,0.37791970,0.00010384,0.98048788,0.00020332,0.00000086,0.00004772,0.98289227,0.00756315,0.00071077,0.77839404,0.46024030,0.02777039,0.06714150,0.08887934,0.97326648,0.00720752
0.06736890,0.01550264,0.04648845,0.79545790,0.81063318,0.00092696,0.00622263,0.12334445,0.05642990,0.34699547,0.04094567,0.28034183,0.00009119,0.01882258,0.00399775,0.99711680,0.00094453,0.20650832,0.72891200,0.01446532,0.08969527,0.00264507,0.20822772,0.00002029,0.00000109,0.00000005,0.00000549,0.00535205,0.00082143,0.02211341,0.99934775,0.00085955,0.14400563,0.02764508,0.32241654,0.00070220,0.01132822,0.86479288,0.00268836,0.00485624,0.11435430,0.00004238,0.03448300,0.03210675,0.00006181,0.98895979,0.56372535,0.63643140,0.05591737,0.17775036,0.00012764,0.57248092,0.00085253,0.00767611,0.27549368,0.00088138,0.15617612,0.44541088,0.00051860,0.00368756,0.01239759,0.06831181,0.98556954,0.18253119,0.85232419,0.11921169,0.60049129,0.24394402,0.46442357,0.15536401,0.66860592,0.01306139,0.00556877,0.09295782,0.95721716,0.08248999,0.71960443,0.35611036,0.01866176,0.00049955,0.15138321,0.05624123,0.00012644,0.00311609,0.00069808,0.00106254,0.00009326,0.00349897,0.09239510,0.14296313,0.03878846,0.00104393,0.00718226,0.00000024,0.00743685,0.06441956,0.87312847,0.01616979,0.16234012,0.64610082,0.02326084,0.00163508,0.17706282,0.02605938,0.97902292,0.00650789,0.00000453,0.00011823,0.99405658,0.00076377,0.00024664,0.82066727,0.00632041,0.04502149,0.03985667,0.41004333,0.88561416,0.03296271
0.02929872,0.00700027,0.01351028,0.74578381,0.80678421,0.00264870,0.00013152,0.16751625,0.15943179,0.76248151,0.43905491,0.23399456,0.00023816,0.04541998,0.00712653,0.38999000,0.00260948,0.36863005,0.22383484,0.03938834,0.05185869,0.06309326,0.38251132,0.00074369,0.00000305,0.00000000,0.00034722,0.00011330,0.00165567,0.03901940,0.88128287,0.00369819,0.26822826,0.29814398,0.38476393,0.00062775,0.07218724,0.71767664,0.01368132,0.00115380,0.35505441,0.00540393,0.03621678,0.24115615,0.00109954,0.50046074,0.40827048,0.56283909,0.34054711,0.31196767,0.00020355,0.68608278,0.00363426,0.02763217,0.11202399,0.04158337,0.42701754,0.60930204,0.00354683,0.01381550,0.01850261,0.00724449,0.56831753,0.17761675,0.58914238,0.10755795,0.79032248,0.12029695,0.82650363,0.05723187,0.75655359,0.01070230,0.00128875,0.26978454,0.02354415,0.29931098,0.84309524,0.72736174,0.03701460,0.00002466,0.14539672,0.12638606,0.00079008,0.00270747,0.00988280,0.00210484,0.00003564,0.01582370,0.05318080,0.23340851,0.00002228,0.00163144,0.01433904,0.00001138,0.00493611,0.04447577,0.48162922,0.07261069,0.04458329,0.29046562,0.00881134,0.04053996,0.20069709,0.00882294,0.89163655,0.00564520,0.00014562,0.00026572,0.98684305,0.01026066,0.00002466,0.91583234,0.02605482,0.12714614,0.01942842,0.08189242,0.72974563,0.00835602
0.02845754,0.07712893,0.00892988,0.02895865,0.55746615,0.01819475,0.00000006,0.03661331,0.38050595,0.49861795,0.42478943,0.22074169,0.00054725,0.01652823,0.03065590,0.12531908,0.02021707,0.38323721,0.32493514,0.25645691,0.61694270,0.01523778,0.29481241,0.00260045,0.00000529,0.00000013,0.00015186,0.00133906,0.00059098,0.00532349,0.43117341,0.01230126,0.01507382,0.41107529,0.17749648,0.00568666,0.03649668,0.37782738,0.01066656,0.00022604,0.36593714,0.00816241,0.06932792,0.03612491,0.00085497,0.45907661,0.82035917,0.67596233,0.27124712,0.36165258,0.00000641,0.89174235,0.01141672,0.03637994,0.11682962,0.02756493,0.64608198,0.57823992,0.00033540,0.00569655,0.12936510,0.45095003,0.00400214,0.03824388,0.14079729,0.45425284,0.64781332,0.26917681,0.83470726,0.02559362,0.90259176,0.01200406,0.00246176,0.13650620,0.34375751,0.07283068,0.83482265,0.51770192,0.13738510,0.00000358,0.00983224,0.07161413,0.00335653,0.00358325,0.00992224,0.02368471,0.00002641,0.08264885,0.00323003,0.24962659,0.00936074,0.00001090,0.03212415,0.00035972,0.03822720,0.25950423,0.79624814,0.03126295,0.03539570,0.10866719,0.00846157,0.02637298,0.24545796,0.00052080,0.72478497,0.00724588,0.00196900,0.00012003,0.89948899,0.01977990,0.00000681,0.76136005,0.04117375,0.03060147,0.07448959,0.08438522,0.65925813,0.04074082
0.02840029,0.03826534,0.01192168,0.00030948,0.38702697,0.06843601,0.00000001,0.10975315,0.34253767,0.40460640,0.03217286,0.43589944,0.00040556,0.16196220,0.04524008,0.07655966,0.00604711,0.63903433,0.18314818,0.11050360,0.07531200,0.09677546,0.26046395,0.00233249,0.00003220,0.00003354,0.00002491,0.00287550,0.00028709,0.02435960,0.09369309,0.07310671,0.05796235,0.20486183,0.26807591,0.00869758,0.01234766,0.17667079,0.01405414,0.00097431,0.47727367,0.04171765,0.21647651,0.00759858,0.01926098,0.46007475,0.34112170,0.67447984,0.19376010,0.01588188,0.00017146,0.81786239,0.00353810,0.14923540,0.50619143,0.16959828,0.58692497,0.37517560,0.00222260,0.01252706,0.05695323,0.29580075,0.04092900,0.02853726,0.09700418,0.67985624,0.41851622,0.05294115,0.56787127,0.04000394,0.83823949,0.00204377,0.04356337,0.33858824,0.12359896,0.02046659,0.77517778,0.27466941,0.02805375,0.00022139,0.03089279,0.10936974,0.04339633,0.01296647,0.00705789,0.14916645,0.00008757,0.23873161,0.08833594,0.26028728,0.12545016,0.00110631,0.05810479,0.00053727,0.04888962,0.11365406,0.31999949,0.04662151,0.03975851,0.10064572,0.00426845,0.00582007,0.29265070,0.01257991,0.45083866,0.02749849,0.00481257,0.00004830,0.95195103,0.02070142,0.00004214,0.58120561,0.00049977,0.06139444,0.04894448,0.12248735,0.39553878,0.08002610
0.15282083,0.15403974,0.05176089,0.46369568,0.29590574,0.22119130,0.00001823,0.01964798,0.39883542,0.09300011,0.01443648,0.40462190,0.00015575,0.16963027,0.34635893,0.47691298,0.03412722,0.60791218,0.15350790,0.14433946,0.02143653,0.19914578,0.04181311,0.01522671,0.00008312,0.00014633,0.00012488,0.11894485,0.00011373,0.00133188,0.84396583,0.13736488,0.07674230,0.04649800,0.20258996,0.01960360,0.08197338,0.18700270,0.02689775,0.00107592,0.45855364,0.20267345,0.12546067,0.00537585,0.00891067,0.34012517,0.49130696,0.47404766,0.36868820,0.00506866,0.00059185,0.82976949,0.00929000,0.12403174,0.37784177,0.15108979,0.71324295,0.52086228,0.01044209,0.01184374,0.32472688,0.13505895,0.88373435,0.06318851,0.15776572,0.05526060,0.44367391,0.47103196,0.47862646,0.53318065,0.35737932,0.01694223,0.05588387,0.07362922,0.32598031,0.00217120,0.09650023,0.32957372,0.28333738,0.01762000,0.02549401,0.10908496,0.07121442,0.03994460,0.00334392,0.05589549,0.00304764,0.37233156,0.07517554,0.31217980,0.26610100,0.00816493,0.11127011,0.00296922,0.04211259,0.02731081,0.09952389,0.12331918,0.06481954,0.09576797,0.00638456,0.00699979,0.25820753,0.00297983,0.37798327,0.01134572,0.00419331,0.00026720,0.90819395,0.22742635,0.00087308,0.22511648,0.01469290,0.06275785,0.04113624,0.12290707,0.58502102,0.04181324
0.08493791,0.16903003,0.00172519,0.78068364,0.29658872,0.00404237,0.00011116,0.00473621,0.13156749,0.09569237,0.00040035,0.26297131,0.00118632,0.11784413,0.09423880,0.92333549,0.00225754,0.57088614,0.13093351,0.08151681,0.00120474,0.08150508,0.16660641,0.02384734,0.00674065,0.00021454,0.00188170,0.00718190,0.00000742,0.00803994,0.97047669,0.09617102,0.13983317,0.11991926,0.17657858,0.03747673,0.00079121,0.19643509,0.03408769,0.00702889,0.52137673,0.03458187,0.00998245,0.01828994,0.02353550,0.14066805,0.45491394,0.15616339,0.00557109,0.00439656,0.00187376,0.11940148,0.00797877,0.00098465,0.16469489,0.39361763,0.51699471,0.15376045,0.03026654,0.00680011,0.00150893,0.06261085,0.94138920,0.10230038,0.06884802,0.00538798,0.28064424,0.01170264,0.70254230,0.00743911,0.34629962,0.08952536,0.00650207,0.04390970,0.70444566,0.00281618,0.62582332,0.16186908,0.04916168,0.04503830,0.09686241,0.08211637,0.00030248,0.07803012,0.00571913,0.00323563,0.00754501,0.01023758,0.15942445,0.31443885,0.30081013,0.00520922,0.01092151,0.00458904,0.00560334,0.02753379,0.22794132,0.11184797,0.05081234,0.11752275,0.00004956,0.01201614,0.53447217,0.00663711,0.33271331,0.00411650,0.00006546,0.00107127,0.78430176,0.00511169,0.00507520,0.08506710,0.10405643,0.00175654,0.00818107,0.00450598,0.50595713,0.06229692
0.38619053,0.16363780,0.03951508,0.63042927,0.56448042,0.00987211,0.00008837,0.00338456,0.36505058,0.05147192,0.00001788,0.57278842,0.00305892,0.16581744,0.35407749,0.34700143,0.00874884,0.58990955,0.22395948,0.11234835,0.00015044,0.39651504,0.21649379,0.17036854,0.01877277,0.00006403,0.00123354,0.00167865,0.00287940,0.60067821,0.37195024,0.06534382,0.12485565,0.03735450,0.27250394,0.01022139,0.00622110,0.08275244,0.04875081,0.04124063,0.38270184,0.20212027,0.00162726,0.06643289,0.02398876,0.11332767,0.29835534,0.18877026,0.00394087,0.00156994,0.04413778,0.14278349,0.21692500,0.00041289,0.01681186,0.50970703,0.82364565,0.06626582,0.08116404,0.08743063,0.00732171,0.12046827,0.21078226,0.00647912,0.03915721,0.00062952,0.32774717,0.00450895,0.40339124,0.05297657,0.33862633,0.16550082,0.06876775,0.25916335,0.15183100,0.00941238,0.26847509,0.11713029,0.10145788,0.02114931,0.58190495,0.02218292,0.00287684,0.56160539,0.33957842,0.00184673,0.02575259,0.01598076,0.11331924,0.44006318,0.07127428,0.15136547,0.01810205,0.07386477,0.00312793,0.03718763,0.34115136,0.47864434,0.03685521,0.08306723,0.00000306,0.26297602,0.64133412,0.32358661,0.38741452,0.01781502,0.00070267,0.00457614,0.20914905,0.02043859,0.02504668,0.25416315,0.06104123,0.00009895,0.00320141,0.00417253,0.22125885,0.06795426
0.23833905,0.17991045,0.02177033,0.16612366,0.23414932,0.04716243,0.00001499,0.00351712,0.53711832,0.03160058,0.00001988,0.25956607,0.00005383,0.05875451,0.49974841,0.04255187,0.04482630,0.78027773,0.14855696,0.06816616,0.00001822,0.55216736,0.36270508,0.19922875,0.57938045,0.00002578,0.03034474,0.00104997,0.00208570,0.01727317,0.00426647,0.08358402,0.05056812,0.26172408,0.51828682,0.08729739,0.04830331,0.07783359,0.00513144,0.03137101,0.14664344,0.21787059,0.00192966,0.05391876,0.17953867,0.08184175,0.71551943,0.47674644,0.00255778,0.00086668,0.26172277,0.19845784,0.29587749,0.00024020,0.11359347,0.43557271,0.77379489,0.14158477,0.05239548,0.41738483,0.00168782,0.33918554,0.00319226,0.00040925,0.03336525,0.00191360,0.42596492,0.01381931,0.34200969,0.01680783,0.16767283,0.00483951,0.03921129,0.21977508,0.11037235,0.02382994,0.05551459,0.06582350,0.40550357,0.00672840,0.26688257,0.03832110,0.01489836,0.58915716,0.05168955,0.00046519,0.04281021,0.00064791,0.01111997,0.09673296,0.00699433,0.44577363,0.16977955,0.15297548,0.00208660,0.00825101,0.29953435,0.56706607,0.04345484,0.05546251,0.00000027,0.03011891,0.32483017,0.03917537,0.55715626,0.05130502,0.00309015,0.00471286,0.31232449,0.02221690,0.36289501,0.37419954,0.33313304,0.00000237,0.01382598,0.01543828,0.37825829,0.26608568
0.21563707,0.23838896,0.00468302,0.00862849,0.82241976,0.00702442,0.00618685,0.00286444,0.05966470,0.03394900,0.00001351,0.81027019,0.00000394,0.06004139,0.10170884,0.23374778,0.06958887,0.52443558,0.18627936,0.08244346,0.00000024,0.66664910,0.33369943,0.01382861,0.33003551,0.00001449,0.16521804,0.00216115,0.00043466,0.00368233,0.13413893,0.02333658,0.02199994,0.56833684,0.37969127,0.42346838,0.05141877,0.51039255,0.00362018,0.46573660,0.35759199,0.14616710,0.00040221,0.01663809,0.41174808,0.11987376,0.63316190,0.59241903,0.00624011,0.00488631,0.37539035,0.16786547,0.07903846,0.00012584,0.23939620,0.42232576,0.98168862,0.06154945,0.22432654,0.31502178,0.00955098,0.36202624,0.25689930,0.00000457,0.01993728,0.00063763,0.72203285,0.00240514,0.45669881,0.01120635,0.14581174,0.00763044,0.01272601,0.36465463,0.98912597,0.31790128,0.29823646,0.00811337,0.66762990,0.01040059,0.12301975,0.09026808,0.00208115,0.02394802,0.00533208,0.00205602,0.00966425,0.00227109,0.02467790,0.08699694,0.07281031,0.04280935,0.49153730,0.05285924,0.00197007,0.02096488,0.72025996,0.38734177,0.08078082,0.00423432,0.00000279,0.03832890,0.94786412,0.00313259,0.86444747,0.01242509,0.00289400,0.18193808,0.48779947,0.00820007,0.26470950,0.53884012,0.56310505,0.00001989,0.00260402,0.01502560,0.73349798,0.61482757
0.30277741,0.79688591,0.02257192,0.91697109,0.98520035,0.00348664,0.01823258,0.00443273,0.12383049,0.01242509,0.00000146,0.88007611,0.00044311,0.03024220,0.07933716,0.78447688,0.00986212,0.90776938,0.13178399,0.06468933,0.00004411,0.41344324,0.79639447,0.00458259,0.23507991,0.00001911,0.65159535,0.00193920,0.00050856,0.00506455,0.92029303,0.03071639,0.39040235,0.99055499,0.66088682,0.38709730,0.00395371,0.56783712,0.00378487,0.08505111,0.15858272,0.27649024,0.00007795,0.01535542,0.39513677,0.23666070,0.96750003,0.07088111,0.01000364,0.00026401,0.09024961,0.01337824,0.03030880,0.00058445,0.00090582,0.76628274,0.99651408,0.01442012,0.03190909,0.01240493,0.00000324,0.04138118,0.99009383,0.00012805,0.01818125,0.00010375,0.18135989,0.02752634,0.31032598,0.06342654,0.31331107,0.01367155,0.00163328,0.46180043,0.98355877,0.99889904,0.14061241,0.05180472,0.70464468,0.13508835,0.29337284,0.39246431,0.00055795,0.07267238,0.00155931,0.00022786,0.00920068,0.00591145,0.00059942,0.62518835,0.05602892,0.10456992,0.32511395,0.09671011,0.00051236,0.01494430,0.48794976,0.10560396,0.67587608,0.12975121,0.00004045,0.06387360,0.97836870,0.00533706,0.96984714,0.03425201,0.00030505,0.08288998,0.89373446,0.00652501,0.57821327,0.24543068,0.46252084,0.00000085,0.00446450,0.00288837,0.87446707,0.82034999
0.77124476,0.72213858,0.06230291,0.97150582,0.99284369,0.00527942,0.01742523,0.00370962,0.01009531,0.00776294,0.00014012,0.84502417,0.40074176,0.03845018,0.48928717,0.99492359,0.02456421,0.72465903,0.02831412,0.07637522,0.00045522,0.09650617,0.01875450,0.00149780,0.00622262,0.00000080,0.06214424,0.00103020,0.00004015,0.00096812,0.99841911,0.00064570,0.00885250,0.51509833,0.66126180,0.39070773,0.00003478,0.73056579,0.02741736,0.01196060,0.56990838,0.59084517,0.00004145,0.01603233,0.24659130,0.13939521,0.94589835,0.03892890,0.00083721,0.00375242,0.00408543,0.00100026,0.15709013,0.01559008,0.00384312,0.68874884,0.99980360,0.54250097,0.00534880,0.00102066,0.00047054,0.12912099,0.99531215,0.00214958,0.02065046,0.00036745,0.59315819,0.04193010,0.12917228,0.17289016,0.01550645,0.10193440,0.00028088,0.15190363,0.96260548,0.01787057,0.68786108,0.48259106,0.79191792,0.35859066,0.00551630,0.05833244,0.00150181,0.04033177,0.00081173,0.00051141,0.20823263,0.08291735,0.00297003,0.94958353,0.19317225,0.06713899,0.02787680,0.05685801,0.00074807,0.15274020,0.10656612,0.06112979,0.74958456,0.78753108,0.00402885,0.00187523,0.95930058,0.00450240,0.99433762,0.07268495,0.00000084,0.07316500,0.81984729,0.00351279,0.19667050,0.15535143,0.60021162,0.00157670,0.00115979,0.00004022,0.25975910,0.33802524
0.96661085,0.92628032,0.00100100,0.34036100,0.99222422,0.82186252,0.04663173,0.00835285,0.00011817,0.00063162,0.00010864,0.86587083,0.04481821,0.32766902,0.03570015,0.86211193,0.00004801,0.79836267,0.05463617,0.05752831,0.00139069,0.02861250,0.08210984,0.00050350,0.02557359,0.00017854,0.15217099,0.00325904,0.02250781,0.07563328,0.97055602,0.00426181,0.49802759,0.86297649,0.63715279,0.50383329,0.00001474,0.93830729,0.02399201,0.17132394,0.24566434,0.66893339,0.00091315,0.01942753,0.36441314,0.64866501,0.96305305,0.05732761,0.00018572,0.00052915,0.00681755,0.01352075,0.03418328,0.00013213,0.00067745,0.50015938,0.99990529,0.30002475,0.02420672,0.00091634,0.00007922,0.02691187,0.62825841,0.00416125,0.00565543,0.00065977,0.38626701,0.00010884,0.29162902,0.00264917,0.07666714,0.85878319,0.00422819,0.02434658,0.56384349,0.00131492,0.98326838,0.18835720,0.62657487,0.75474238,0.01647218,0.02998548,0.00046558,0.19325542,0.00027771,0.00073508,0.02033689,0.00238053,0.00807145,0.70360297,0.17477770,0.00960081,0.02042663,0.00318835,0.00495674,0.07757544,0.23967966,0.04847449,0.26659244,0.31382987,0.00012496,0.00002348,0.98469490,0.00055872,0.98483908,0.98173034,0.00000050,0.84727877,0.63389194,0.03730067,0.02274018,0.74399960,0.04289516,0.00007341,0.00000874,0.00039053,0.02122363,0.76134574
0.00691830,0.48809999,0.00057075,0.00227365,0.00756916,0.00203700,0.00032991,0.24302678,0.03396363,0.73968595,0.01103365,0.95930123,0.98752266,0.41086414,0.02792971,0.66433543,0.00238934,0.88451803,0.77917540,0.43791786,0.06921514,0.99914223,0.66197455,0.03699714,0.40369037,0.72413981,0.16151868,0.08276275,0.00000073,0.00001708,0.98080528,0.00331502,0.85657650,0.43431920,0.35762605,0.06221464,0.00178682,0.01505428,0.95984894,0.00027808,0.87731242,0.80495501,0.00200950,0.00378582,0.00024429,0.51204723,0.46947351,0.30934832,0.05695720,0.00578592,0.00018357,0.49399444,0.00002562,0.03399407,0.67884171,0.13981643,0.23983243,0.06638569,0.00958274,0.00050261,0.00854481,0.00604686,0.99429196,0.21221113,0.01618255,0.00784608,0.06287075,0.34770700,0.82745796,0.00036998,0.00893489,0.00016289,0.00001824,0.00015289,0.94591707,0.00275156,0.09224436,0.07175428,0.06612708,0.14972688,0.00041001,0.03412025,0.94634289,0.80716419,0.00328494,0.00341323,0.00023451,0.00342188,0.81514639,0.02882598,0.06120529,0.00028297,0.04901882,0.00003058,0.04451177,0.00017122,0.05353311,0.00351949,0.38570577,0.00195974,0.00194464,0.00002184,0.02721049,0.00002074,0.56428814,0.00007006,0.00001223,0.00002454,0.02049793,0.00049767,0.00948953,0.95412892,0.89813113,0.24294493,0.25132710,0.00304776,0.13649489,0.97510785
0.13591772,0.01135981,0.00059016,0.79148477,0.01148805,0.00991259,0.07643603,0.24000306,0.01207635,0.66269201,0.00660779,0.97297752,0.99778098,0.32951459,0.03505375,0.94048959,0.00420248,0.13591227,0.90609717,0.85256213,0.05120494,0.99831212,0.18449743,0.02459327,0.21790022,0.88759422,0.00251026,0.10446084,0.00003550,0.00909439,0.99840540,0.00505744,0.67795938,0.77106267,0.89213598,0.07177204,0.00061094,0.00329616,0.33971244,0.99680632,0.63174993,0.10794568,0.00009700,0.00905314,0.00288214,0.61620939,0.21900927,0.40564430,0.39286876,0.02205354,0.00016542,0.50061560,0.00651156,0.01765545,0.39290908,0.17391813,0.31927106,0.51053339,0.00016228,0.00128970,0.07662160,0.00157076,0.99182272,0.63210654,0.02140871,0.01685909,0.24332081,0.01450388,0.97180146,0.32000071,0.00034572,0.00146648,0.00031148,0.00012520,0.94933420,0.00662660,0.03494461,0.03309326,0.02453023,0.08696080,0.00532534,0.04420854,0.91794425,0.51829135,0.22724803,0.00687990,0.00040057,0.00473905,0.05628313,0.00417883,0.01257421,0.00127389,0.01649840,0.46842730,0.08640780,0.00031213,0.10522541,0.04166848,0.29503423,0.00006105,0.00108630,0.00002819,0.07785200,0.00072643,0.33211577,0.00007890,0.00000115,0.00002705,0.03796716,0.00282425,0.00026646,0.96485019,0.68680990,0.13306795,0.58565575,0.00690406,0.64799422,0.45668092
0.10575251,0.13568659,0.00545689,0.43777385,0.00085410,0.01677625,0.00110087,0.06269066,0.00884386,0.78649127,0.07395730,0.94139886,0.99566549,0.64022565,0.16862175,0.45946148,0.00455041,0.59568572,0.88634324,0.81650203,0.03473670,0.96211010,0.01406626,0.36616048,0.71381193,0.83694607,0.00052280,0.06112315,0.00044553,0.06426109,0.99443477,0.00638356,0.64417672,0.54609531,0.85122192,0.00117281,0.00127190,0.00042335,0.13097465,0.45275819,0.24498683,0.15757394,0.01160021,0.00059399,0.02666307,0.71787673,0.40932563,0.30223319,0.06383980,0.14959587,0.00000696,0.33984354,0.00021015,0.00965710,0.19106399,0.14442234,0.16223003,0.32967022,0.00020354,0.07861047,0.05849250,0.00111194,0.01012210,0.94295162,0.02077860,0.01435538,0.21245645,0.02627417,0.93756574,0.07102586,0.00169018,0.00038619,0.00183941,0.01954591,0.20108373,0.04051172,0.19286396,0.06907488,0.05187886,0.04478942,0.06603525,0.16231167,0.14129420,0.26215357,0.02906319,0.00108915,0.00000686,0.00000881,0.00892174,0.00208460,0.00470186,0.03426101,0.10811277,0.34004676,0.05096564,0.00050960,0.16520149,0.07382921,0.27681959,0.00001211,0.00201159,0.00019804,0.17923386,0.00750722,0.68116963,0.00091226,0.00000237,0.00014336,0.00230119,0.00664661,0.00000891,0.98744369,0.00090323,0.15831286,0.53384924,0.01098745,0.85842359,0.21816862
0.00833429,0.01594806,0.02704667,0.01895893,0.00085926,0.00909343,0.00079940,0.06745101,0.04189212,0.45422632,0.23287196,0.65373379,0.89422160,0.33006483,0.27810395,0.29675460,0.00614560,0.60581088,0.76444304,0.29490039,0.04184821,0.83992505,0.04762208,0.02617468,0.35022548,0.43917724,0.00501927,0.03024402,0.00054332,0.00507140,0.40629351,0.00156841,0.53656673,0.88690072,0.62181109,0.00280371,0.02184282,0.00000325,0.12105433,0.28513664,0.12335424,0.07577540,0.01085109,0.00654310,0.01343257,0.58879918,0.43664348,0.54215437,0.37004694,0.48202527,0.00003433,0.21828805,0.00006959,0.05396604,0.36546728,0.11426906,0.36282516,0.39047945,0.00135574,0.06091468,0.16464995,0.00740873,0.05466909,0.83638358,0.03651721,0.08658295,0.23903227,0.08550353,0.69997752,0.04893713,0.01119418,0.00061042,0.00033795,0.00316319,0.00831542,0.31152657,0.34923193,0.05549976,0.28356066,0.02835314,0.03038127,0.10646142,0.14319430,0.24227709,0.04923577,0.01647761,0.00001300,0.00040640,0.04344293,0.00354748,0.00790516,0.00214184,0.07078465,0.54828900,0.56957573,0.00255868,0.08054750,0.12785454,0.35134301,0.00035184,0.00716364,0.00304466,0.01535403,0.00095756,0.42282349,0.00213118,0.00011045,0.00199478,0.22501606,0.03088499,0.00001018,0.81684947,0.05412740,0.01676121,0.64758325,0.02220108,0.08750401,0.04570141
0.00143077,0.02465361,0.00470233,0.00789901,0.00010858,0.03039281,0.00016879,0.18469843,0.15204802,0.08568516,0.12236921,0.17692138,0.85283488,0.44381112,0.33058503,0.28523734,0.00747698,0.48357549,0.36008894,0.39760670,0.02992405,0.27814579,0.02437334,0.01108620,0.14648421,0.37833941,0.14576514,0.05048846,0.00352152,0.03165006,0.01382664,0.01674353,0.20179956,0.59883815,0.42155099,0.00044872,0.02366582,0.00000761,0.05902679,0.05780288,0.26577672,0.09561103,0.00978687,0.03929172,0.01225550,0.69219142,0.01482447,0.45661083,0.61670548,0.10704945,0.00094371,0.32043004,0.00046836,0.14973895,0.53271383,0.35322079,0.37535131,0.18585123,0.00380704,0.11756296,0.03779263,0.00366980,0.15884861,0.04165408,0.04939412,0.17802106,0.19694199,0.12953146,0.83168447,0.06726802,0.12976985,0.01803495,0.00023588,0.00528007,0.06323111,0.19165760,0.46433258,0.35186365,0.07686865,0.08010959,0.02404501,0.03951802,0.13316447,0.51370633,0.04511381,0.78462052,0.00007042,0.00655122,0.02261393,0.01280509,0.13335559,0.00366582,0.04285315,0.05637763,0.35194150,0.00591396,0.03644320,0.27134958,0.22715595,0.00329388,0.06920458,0.04122344,0.03313732,0.00104746,0.30228817,0.03487155,0.00108886,0.01922021,0.71391577,0.02253334,0.00002361,0.45089611,0.06103619,0.02549066,0.37909532,0.04132026,0.15747008,0.08319884
0.00084154,0.04407483,0.17155808,0.39821351,0.00130050,0.23220296,0.00027040,0.02833291,0.23041292,0.07268551,0.13293992,0.21207069,0.27204496,0.15410523,0.42405906,0.72251201,0.13798416,0.29375425,0.22277808,0.37165165,0.03224143,0.63062179,0.01223594,0.02905516,0.02692010,0.34818277,0.12515078,0.25924465,0.00383109,0.00828340,0.43548909,0.01864557,0.15571453,0.30552143,0.59905261,0.00655330,0.32956871,0.00001419,0.02621043,0.00723842,0.20951790,0.44151005,0.02051789,0.01842902,0.00455816,0.57607186,0.02222966,0.60359657,0.61774665,0.05296595,0.00040115,0.46740475,0.00082859,0.08067488,0.12049229,0.16574091,0.73161662,0.41073066,0.00631152,0.04296679,0.47103539,0.02748602,0.94317389,0.00054864,0.06757800,0.00895487,0.29870838,0.39205149,0.80436707,0.47003135,0.10622770,0.17069346,0.00109415,0.00281178,0.30412364,0.02770511,0.08961681,0.31028733,0.30057171,0.17514318,0.00892974,0.04671262,0.09729152,0.39132285,0.01943748,0.33846086,0.00303232,0.02159830,0.10078150,0.02160315,0.11866762,0.00299141,0.06669585,0.01103898,0.05621231,0.02236738,0.02033163,0.30876610,0.30868500,0.00106232,0.03641384,0.02745522,0.04418328,0.00037891,0.22865550,0.02379686,0.00135552,0.01446412,0.68784493,0.14700103,0.00119030,0.73531789,0.30569124,0.03272986,0.28092280,0.02271585,0.17356758,0.06950490
0.00056264,0.04911635,0.00755196,0.62615579,0.00071002,0.00922911,0.00062100,0.00208604,0.04058972,0.13330661,0.00302818,0.35498944,0.21169634,0.05215767,0.11854659,0.83786398,0.00290469,0.48390579,0.08643951,0.11975145,0.00601909,0.17475176,0.02808622,0.02104399,0.02517590,0.32731092,0.04354639,0.00639843,0.00004140,0.01362390,0.96842659,0.02722478,0.42669651,0.59417564,0.51895189,0.09286948,0.00116844,0.00000374,0.08338512,0.01669476,0.37556061,0.17440695,0.01555457,0.04150526,0.01043804,0.22487502,0.06404077,0.26156291,0.01720108,0.01154343,0.00130529,0.05437288,0.00728241,0.00059295,0.13678899,0.50022155,0.38270232,0.35424811,0.01960653,0.02383969,0.00231634,0.02880400,0.97721910,0.00173471,0.06125195,0.00163928,0.30462250,0.05908407,0.83271819,0.00680625,0.14480053,0.07186978,0.00188616,0.00341307,0.71200901,0.00141075,0.37910661,0.10081495,0.03786669,0.07172943,0.01124837,0.05797234,0.00081128,0.16850528,0.00593604,0.00441859,0.00786241,0.00046186,0.09259567,0.05414883,0.15972364,0.00272801,0.00217418,0.00658140,0.00315023,0.01325589,0.02350063,0.17107542,0.39533707,0.11370069,0.00050351,0.00264548,0.08812663,0.00321319,0.11896229,0.00474273,0.00035853,0.01875641,0.57369179,0.00237694,0.00326197,0.37949613,0.35276487,0.00881988,0.30250010,0.00109843,0.24503535,0.14828861
0.00247507,0.15072390,0.02642353,0.68731552,0.00130712,0.02540213,0.00214649,0.00094933,0.08976914,0.01513589,0.00051223,0.25853869,0.78588575,0.04345738,0.34294662,0.11615255,0.01096239,0.44036978,0.22557949,0.08987299,0.01070398,0.05524281,0.00914424,0.10592892,0.05749201,0.19920176,0.04108672,0.00155961,0.00648487,0.79091507,0.81339538,0.02383477,0.59772909,0.39451945,0.61816025,0.06074132,0.00112957,0.00000185,0.28939340,0.03044346,0.33018389,0.36239922,0.00432538,0.09079887,0.03321456,0.26248085,0.06679764,0.19307621,0.01462509,0.00512509,0.00676803,0.09604676,0.27330166,0.00032539,0.06051883,0.34131670,0.55149770,0.27056810,0.05210685,0.46791878,0.00743032,0.06014945,0.19805856,0.00003978,0.04750268,0.00092457,0.22230504,0.07652722,0.88426691,0.06262622,0.36501840,0.11878721,0.07491155,0.01050162,0.08491813,0.00062279,0.20639475,0.05068024,0.01476768,0.01335619,0.24484521,0.02283528,0.01107755,0.25133207,0.14489307,0.01160848,0.04556259,0.00036645,0.01209511,0.17530233,0.03753852,0.18812610,0.00309740,0.02875978,0.00092209,0.14742148,0.03455818,0.64432710,0.46795312,0.09923995,0.00149049,0.03659847,0.05708405,0.44606370,0.09151621,0.20588268,0.02619628,0.08324137,0.66741723,0.00810717,0.01370217,0.38199517,0.02796354,0.01129254,0.16770174,0.00429478,0.12212847,0.02064866
0.00035008,0.15435904,0.06763666,0.03019901,0.00020646,0.05828819,0.01255652,0.00019185,0.10391159,0.01084359,0.00004852,0.30918768,0.81844896,0.04060544,0.30568579,0.00932677,0.00577747,0.60991758,0.26032370,0.09265933,0.08460028,0.02232031,0.00336736,0.50677335,0.04846006,0.42040411,0.07703412,0.00017033,0.00407711,0.20058329,0.17373741,0.01969127,0.27763838,0.34000555,0.86555302,0.16646895,0.00071430,0.00000093,0.26211533,0.13416527,0.36467686,0.46987650,0.02291912,0.08717828,0.23748875,0.22301617,0.06062780,0.21986097,0.19773416,0.00087018,0.26517779,0.04134842,0.33266228,0.00009174,0.24124426,0.26969466,0.51736301,0.51972198,0.15745091,0.30581999,0.00287310,0.05037038,0.00035953,0.00009776,0.18398978,0.00065625,0.18557097,0.09113196,0.89332688,0.00278230,0.51826024,0.04737785,0.10842988,0.00752352,0.21116738,0.00009265,0.43507791,0.02514334,0.03128349,0.09102028,0.13853422,0.01959723,0.02217488,0.18257496,0.20808981,0.01374255,0.04495012,0.00044094,0.02105574,0.16079432,0.02455054,0.07253440,0.00063639,0.01250076,0.00000810,0.11551336,0.01095947,0.36696619,0.56004113,0.18760253,0.00180243,0.00458288,0.17035303,0.04054967,0.12270465,0.67360413,0.04683314,0.02002861,0.54760176,0.00111054,0.23867148,0.57390380,0.02836059,0.00656132,0.09208099,0.01225731,0.04641328,0.10792268
0.00021054,0.52419913,0.02987270,0.01559367,0.00040023,0.59810144,0.05220992,0.00000995,0.21066497,0.01078473,0.00009312,0.66716528,0.85171682,0.04846916,0.24050310,0.28626940,0.00104869,0.62666738,0.04431878,0.01889934,0.11008260,0.07100881,0.00241980,0.44982120,0.03353389,0.37970376,0.04565668,0.00197285,0.00111950,0.13533483,0.04601704,0.01388317,0.87221402,0.61081964,0.79035932,0.29481849,0.00011220,0.00000000,0.76951993,0.59007365,0.78615516,0.41680065,0.00382065,0.01352936,0.08302471,0.76689994,0.12985516,0.12970272,0.04909622,0.00005608,0.42606458,0.08550477,0.03661130,0.00037357,0.43274379,0.40594867,0.69700557,0.38207701,0.72001868,0.04000640,0.01194974,0.41580269,0.44421044,0.00254887,0.46509722,0.00107646,0.46952379,0.10793801,0.97265279,0.00602027,0.56288368,0.55091935,0.07726018,0.00447577,0.95803118,0.00000236,0.09277946,0.05363355,0.01867219,0.01322653,0.06561010,0.01342846,0.00129142,0.10141709,0.02252013,0.00016388,0.01772824,0.00239222,0.01063009,0.45024350,0.40995631,0.01880218,0.00040487,0.00124903,0.00000007,0.02657040,0.00650603,0.58626205,0.65848720,0.34764725,0.00211065,0.00020516,0.25817007,0.01657981,0.20997383,0.05164282,0.00689480,0.08022855,0.91232789,0.00203771,0.84828216,0.17519461,0.34971604,0.00914447,0.05151238,0.10576384,0.03144691,0.07639342
0.00011387,0.44850233,0.15136816,0.83817399,0.00040374,0.12513563,0.06555778,0.00001394,0.17477030,0.00459147,0.00002179,0.75843304,0.54708421,0.09839295,0.23877615,0.98702514,0.00007543,0.97861856,0.03071285,0.02675470,0.94931346,0.06689883,0.00329914,0.72639424,0.01062123,0.27256915,0.03652483,0.00529491,0.00004847,0.02418122,0.65320742,0.19599126,0.56910205,0.52550918,0.95075196,0.21979170,0.00000103,0.00000080,0.69278949,0.09287436,0.90389371,0.20663133,0.00015039,0.00306517,0.18604621,0.62205732,0.04394352,0.07532649,0.01025751,0.00009054,0.14799672,0.02167861,0.00928552,0.00061069,0.62378681,0.04558917,0.66331947,0.00764305,0.31671074,0.07423929,0.03145915,0.81143826,0.97139037,0.00220885,0.32789725,0.00074125,0.73986167,0.30613622,0.99043280,0.00287623,0.85836250,0.75601131,0.01508132,0.01627016,0.89993191,0.00000992,0.83046609,0.07709174,0.00634889,0.04950421,0.14406130,0.01160135,0.00186655,0.04260827,0.15530004,0.00004308,0.01668347,0.00049456,0.00060341,0.25693110,0.44918087,0.07893166,0.00000111,0.00206773,0.00001390,0.02707235,0.00144217,0.84702611,0.50446039,0.07148872,0.00006694,0.00013000,0.52165842,0.00214230,0.22107542,0.06979976,0.00097318,0.00402720,0.97871494,0.00612667,0.47723606,0.62100464,0.21560547,0.00096566,0.01666427,0.02166178,0.10991555,0.03289895
0.00049252,0.55348063,0.20738792,0.99551332,0.00052261,0.32966498,0.01485254,0.00232606,0.02642345,0.00252131,0.00000103,0.99414128,0.07583345,0.31575111,0.45630577,0.96546680,0.00128598,0.99570447,0.01648937,0.04204039,0.05917350,0.04176180,0.06146212,0.21305828,0.00741168,0.69791043,0.00068669,0.00006975,0.00000174,0.03081740,0.98035324,0.59661692,0.79178029,0.92959905,0.85956895,0.01472390,0.00000019,0.00000571,0.89359570,0.06883463,0.98405355,0.22107279,0.00003564,0.00113233,0.03040530,0.78731388,0.07298966,0.23714857,0.00101059,0.00003534,0.00997662,0.18158109,0.02026225,0.00000428,0.11724468,0.98010606,0.71701902,0.00471600,0.09720963,0.03513667,0.00091104,0.53332078,0.99888813,0.00412988,0.17959675,0.00205268,0.43489367,0.27598238,0.98260617,0.02182451,0.86544549,0.22175388,0.00383795,0.00960638,0.68808717,0.00070893,0.84299910,0.01250160,0.00549677,0.14177820,0.00216301,0.00286710,0.00020019,0.01247714,0.07253325,0.00000599,0.03492414,0.00548674,0.03928615,0.13753833,0.40062103,0.01560399,0.00043448,0.00189118,0.00010288,0.00291377,0.00988577,0.49921423,0.36960050,0.48889583,0.00148890,0.00056651,0.56393361,0.00302991,0.16421200,0.00649851,0.00000211,0.01055853,0.62596220,0.00984976,0.04992671,0.28624356,0.61267143,0.00053921,0.06290233,0.00015442,0.03244251,0.07044701
0.04474881,0.24007002,0.02268534,0.98790532,0.00021611,0.00073723,0.04045499,0.00258872,0.07984682,0.00778336,0.00001961,0.99762642,0.04786678,0.81195480,0.00301098,0.78091925,0.00005606,0.99863988,0.01143793,0.02085563,0.00249813,0.00611773,0.00179498,0.00972510,0.12527287,0.88296545,0.00147006,0.00209881,0.00000044,0.03651834,0.98280591,0.53590918,0.48934427,0.95161623,0.94883978,0.25608668,0.00001217,0.00001410,0.75981277,0.37630731,0.98823649,0.00022604,0.00004501,0.00216149,0.05584780,0.91437811,0.80938947,0.00235778,0.00032931,0.00660147,0.00491074,0.47677523,0.01163695,0.00019009,0.02203930,0.89423549,0.86058027,0.00387147,0.00309549,0.09900501,0.00226842,0.10395052,0.99336159,0.00915836,0.02183547,0.00078958,0.11173874,0.35568956,0.98417819,0.00003940,0.90129572,0.27777240,0.00555429,0.01144034,0.88015765,0.00077606,0.99731439,0.00393085,0.00018430,0.01068393,0.03451413,0.00007809,0.00001605,0.14922418,0.00857048,0.00330712,0.00772169,0.00045131,0.00003360,0.38444832,0.12592146,0.02597574,0.00871284,0.00141508,0.00061856,0.00044758,0.00327373,0.10306600,0.08543479,0.52979839,0.00098601,0.00000754,0.90739751,0.00272966,0.40985537,0.00125214,0.00001867,0.26960918,0.00637336,0.00981804,0.00148544,0.69579273,0.63009870,0.00355104,0.01669539,0.00086246,0.16426280,0.00697232
0.75444978,0.26012638,0.00000405,0.35082266,0.13146268,0.21713434,0.00188730,0.02714752,0.07407214,0.09124817,0.14190428,0.88725263,0.00088959,0.34111819,0.13602604,0.99809831,0.00262218,0.05077086,0.00028547,0.51800334,0.00520922,0.86571324,0.94521809,0.56640476,0.00003391,0.25794050,0.00014750,0.04246848,0.00000270,0.00004914,0.98835212,0.99565631,0.13383856,0.07696825,0.79907537,0.10384922,0.00006095,0.00213225,0.27743658,0.00679866,0.40257162,0.00322813,0.00000982,0.00004464,0.00024712,0.72370964,0.00209439,0.64569122,0.25481284,0.09937595,0.00122379,0.24953359,0.00027971,0.00862245,0.15948972,0.44501376,0.41662490,0.12530994,0.00081503,0.16443761,0.00433253,0.19129661,0.98564750,0.31583685,0.07337967,0.00322918,0.80866688,0.02098045,0.81368721,0.00102675,0.35429958,0.99691141,0.00001696,0.01350267,0.74145198,0.00865784,0.06692892,0.16150786,0.08451234,0.41603899,0.00503540,0.40600175,0.00040786,0.57008857,0.00000685,0.00013768,0.00002106,0.01446183,0.07587942,0.96591955,0.00565828,0.00003237,0.00762033,0.00544257,0.07019685,0.00001087,0.03664246,0.00005827,0.07862414,0.99832690,0.00183035,0.00108499,0.00415547,0.00000863,0.55074108,0.00006147,0.00002740,0.00052586,0.08164930,0.00973890,0.00067508,0.41170007,0.23960920,0.02637360,0.62080306,0.11613227,0.00927834,0.33185583
0.95511758,0.47009364,0.00012851,0.98631072,0.21401098,0.20532019,0.02909029,0.02984553,0.09935892,0.05963378,0.03467674,0.96715838,0.00000614,0.45974228,0.02559309,0.99181777,0.00471467,0.05114230,0.03012763,0.27619615,0.03465695,0.99618047,0.76353168,0.02021537,0.00001659,0.14579895,0.00038918,0.03735441,0.00000452,0.04532864,0.99764210,0.99963921,0.26648134,0.01217768,0.64717144,0.00160533,0.00462259,0.00188520,0.05820088,0.00158166,0.43783447,0.00510361,0.00000015,0.00006837,0.00617203,0.61653954,0.04467056,0.59852248,0.48889056,0.14870676,0.00043738,0.55319601,0.00011400,0.05192823,0.05682189,0.31491742,0.73847377,0.07207948,0.00009611,0.94760317,0.03296436,0.46078834,0.99750483,0.45648909,0.07090159,0.01069390,0.93130761,0.10908404,0.21970725,0.01466472,0.43811986,0.97749317,0.19782177,0.17918304,0.05688290,0.06256292,0.00198740,0.04483880,0.09298911,0.46672767,0.03695902,0.40982682,0.00129546,0.53744602,0.00010928,0.00125377,0.00001491,0.00275981,0.63964528,0.91709548,0.00164512,0.00055479,0.01879616,0.00053732,0.07869962,0.00027665,0.18504395,0.00063112,0.07828426,0.99490309,0.00029300,0.02397055,0.01409986,0.01072091,0.72362912,0.00015017,0.00000023,0.01669070,0.01515222,0.01813919,0.00009998,0.12911159,0.01110203,0.03722356,0.17422885,0.03172161,0.15674904,0.57621455
0.56628168,0.24233666,0.00685818,0.94508082,0.03659032,0.07175550,0.50759208,0.03277678,0.05943048,0.01347077,0.03124342,0.96770769,0.07684774,0.40128368,0.21756785,0.29053646,0.00340069,0.36160320,0.00319777,0.08625419,0.17750138,0.90438390,0.64962238,0.31394604,0.00004229,0.28619504,0.28096461,0.17768636,0.00009735,0.00440818,0.79373175,0.99978054,0.16756827,0.03926172,0.75843483,0.00039393,0.00417735,0.01542715,0.50800741,0.00046684,0.55183733,0.01366299,0.00000006,0.00003783,0.00362353,0.40275267,0.02476249,0.79134566,0.70762759,0.18042275,0.00071002,0.38173079,0.00048842,0.05136449,0.11050382,0.00829252,0.51633078,0.23884006,0.00002139,0.36831892,0.04224689,0.07934833,0.12881750,0.84043211,0.07919597,0.05203909,0.50719321,0.31858215,0.14716077,0.01235904,0.33167261,0.97783482,0.05256763,0.04557610,0.00022609,0.07760590,0.03527872,0.47563514,0.01935424,0.21679573,0.02108438,0.33841088,0.00532876,0.49690816,0.00038157,0.00016204,0.00098801,0.02381202,0.37079740,0.90590852,0.00091612,0.02273291,0.00548831,0.00084275,0.05589813,0.00211954,0.21841015,0.00883954,0.06417242,0.93626338,0.00013261,0.03478706,0.00383946,0.00268434,0.74774164,0.00344074,0.00060044,0.00161528,0.25438783,0.04697281,0.00070091,0.29810336,0.00011577,0.01229498,0.13685101,0.00307886,0.00057626,0.82227445
0.24692075,0.69514835,0.02067740,0.09363558,0.09072593,0.20866680,0.00317968,0.09950932,0.22607373,0.05430546,0.06347892,0.19765064,0.00567757,0.17474732,0.19046310,0.36337382,0.00214937,0.15341747,0.01377009,0.21764894,0.63781542,0.64320189,0.74668419,0.02343728,0.00027260,0.27422237,0.23643711,0.15098262,0.00043118,0.00164197,0.20383987,0.99722517,0.00367218,0.48160809,0.64438903,0.00071936,0.01378833,0.01535735,0.04606752,0.00015479,0.42192030,0.01603663,0.00000149,0.00002221,0.00266511,0.58003527,0.00302597,0.67187673,0.24517740,0.19035450,0.00025924,0.41761160,0.00194464,0.04967629,0.17375301,0.00356755,0.70912176,0.10617640,0.00023968,0.13282664,0.06268752,0.10773451,0.25762627,0.73622906,0.08562066,0.03272894,0.80410379,0.16314025,0.24316354,0.01332802,0.43781692,0.88943994,0.00129621,0.04891134,0.00826524,0.07326259,0.04071424,0.12274763,0.01756822,0.23660192,0.00866810,0.34118763,0.00379058,0.20991617,0.00001163,0.01949622,0.00001100,0.00539532,0.26385662,0.86312151,0.00136895,0.00388624,0.02044937,0.00564232,0.14317273,0.00044132,0.61224973,0.01181215,0.04586965,0.85511231,0.00282205,0.00584861,0.02179288,0.00043281,0.42761672,0.02285995,0.00682376,0.00477894,0.01332421,0.04149532,0.00076783,0.13918722,0.00973328,0.00527604,0.11479086,0.00084689,0.06142786,0.24258794
0.15621983,0.53045583,0.13774669,0.00075952,0.42828038,0.43728161,0.00384479,0.04739540,0.15797676,0.04043450,0.00769591,0.31035125,0.02615280,0.20956944,0.12556295,0.43083382,0.00001679,0.23617195,0.02001169,0.19369259,0.32245097,0.41069540,0.63282919,0.00780887,0.00397935,0.51197517,0.09194263,0.08615320,0.00274585,0.01910928,0.03150830,0.99562657,0.01509451,0.45608026,0.43606856,0.00614470,0.01626137,0.01892513,0.01905610,0.00015271,0.43699706,0.06818927,0.00004533,0.00031406,0.00280813,0.50230026,0.01211850,0.25873905,0.18712597,0.08001218,0.00030829,0.46368256,0.00383030,0.11088938,0.18531281,0.00285485,0.49690983,0.04020060,0.00221288,0.11537419,0.04980225,0.19344725,0.00048637,0.04995721,0.11748682,0.05886272,0.57648838,0.11199116,0.10876492,0.03796481,0.28747243,0.97542328,0.00083992,0.01458264,0.64770341,0.12935528,0.07296682,0.07962043,0.01885472,0.15797982,0.00974796,0.34063557,0.03063086,0.08383425,0.00000046,0.14686079,0.00001306,0.00366854,0.20439135,0.68811333,0.02195841,0.00249547,0.02670808,0.01892775,0.03260541,0.00466763,0.55827886,0.01589259,0.03813676,0.52496910,0.01067127,0.01905751,0.14491037,0.00332054,0.20598902,0.02481247,0.00705829,0.02941092,0.05041903,0.16465366,0.00305127,0.10056525,0.03330478,0.01292292,0.12321234,0.00339659,0.10690277,0.31458402
0.17511892,0.50581717,0.45826417,0.27037373,0.33582520,0.31051505,0.00590531,0.02356857,0.05571295,0.03102093,0.04657536,0.38292694,0.03868204,0.22718599,0.36220637,0.85579193,0.00002790,0.25035781,0.05322062,0.21517639,0.14006661,0.38858965,0.24158940,0.00399977,0.00034288,0.55196846,0.14820111,0.17594582,0.00183763,0.00088910,0.83154118,0.96027499,0.04094703,0.19556662,0.45578358,0.01624448,0.08388080,0.08420126,0.06569247,0.00111028,0.54753751,0.20767573,0.00034562,0.00537624,0.00759846,0.42145196,0.01391498,0.46623012,0.26883483,0.03606262,0.00087867,0.39786208,0.00179093,0.30605096,0.26650828,0.04295001,0.71508449,0.18553628,0.00645469,0.02037503,0.35967147,0.26944685,0.50257444,0.00709473,0.10756332,0.00366115,0.61231917,0.47071746,0.15334052,0.42509440,0.20213924,0.86170614,0.00078906,0.00755495,0.26320437,0.01560162,0.05224377,0.32232019,0.01284403,0.44255835,0.00578809,0.17639484,0.09351567,0.11246270,0.00000465,0.07505338,0.00027737,0.02425215,0.10243384,0.51608658,0.07545766,0.04135185,0.05484947,0.01762627,0.01161766,0.02307463,0.21518095,0.04467383,0.13328385,0.54032832,0.01966583,0.01696266,0.01240601,0.01292551,0.43426582,0.01032822,0.00270412,0.02052863,0.06931082,0.31123754,0.00484758,0.18272153,0.10722405,0.16954803,0.38820389,0.00750628,0.14853580,0.31728390
0.08059470,0.40928599,0.02795798,0.84572685,0.19755591,0.00440726,0.00206040,0.00230768,0.01372717,0.08879405,0.00731166,0.30923596,0.00950749,0.02052591,0.11375377,0.68696380,0.00000001,0.31523651,0.07845218,0.23736346,0.00310049,0.31813541,0.26680678,0.00090424,0.00144945,0.22770990,0.03244298,0.00129579,0.00001551,0.00810578,0.96647650,0.92678410,0.22196148,0.44243777,0.32197362,0.04749566,0.00140454,0.10408722,0.07430983,0.01837868,0.43578607,0.01584834,0.00061152,0.01751862,0.01702336,0.23768914,0.09490532,0.10030831,0.00311914,0.00538246,0.00105571,0.05843802,0.00575300,0.00174423,0.25290522,0.09870349,0.46981925,0.38483834,0.04553528,0.01217263,0.00285801,0.26810458,0.97899514,0.01340858,0.08046875,0.00119778,0.70999736,0.02488600,0.13098612,0.01160048,0.23840511,0.59143662,0.00052510,0.00552465,0.57865369,0.00529406,0.27230272,0.14850259,0.00047749,0.30226871,0.02431017,0.40087754,0.00055235,0.07520945,0.00001474,0.00077064,0.00123002,0.00033570,0.09091891,0.55876923,0.08602970,0.02008031,0.00741644,0.01281825,0.00499019,0.00167897,0.19628575,0.08104870,0.18240690,0.52065200,0.00068686,0.00358937,0.06586993,0.01139223,0.12831792,0.00401316,0.00011450,0.11373518,0.20455408,0.01929595,0.00497489,0.06077246,0.14159352,0.01557388,0.14628206,0.00073867,0.16222072,0.37089229
0.10277355,0.39950314,0.11852478,0.70136440,0.18941036,0.00083025,0.02014459,0.00111708,0.01672667,0.15807007,0.01341038,0.23536204,0.05379285,0.07897361,0.65208358,0.06123000,0.00000000,0.30222884,0.24037538,0.22090930,0.00229443,0.15154767,0.42882064,0.00011317,0.00379371,0.10871264,0.01969440,0.00169334,0.00432423,0.64211428,0.32628369,0.95968068,0.07474928,0.20496769,0.24483328,0.02597069,0.00201558,0.26811013,0.15842229,0.09896670,0.45610934,0.01347716,0.00138062,0.08156946,0.28660733,0.33107913,0.35835040,0.01849785,0.00042265,0.00082751,0.00247252,0.05154385,0.10545142,0.00021975,0.79274660,0.02087913,0.57387954,0.67623430,0.14586945,0.11109055,0.00222340,0.36759937,0.72035134,0.00089567,0.13218810,0.00046986,0.70921767,0.01931963,0.05408653,0.14167708,0.37401125,0.45377424,0.02055192,0.03108123,0.02948040,0.01769539,0.21931167,0.05523477,0.00013456,0.25594553,0.57337433,0.51298934,0.01240803,0.08236195,0.00004393,0.00623336,0.00103133,0.00124916,0.01994539,0.55298156,0.08482533,0.71606028,0.00446926,0.25945947,0.00822026,0.00410142,0.30461088,0.26019949,0.30736381,0.75295413,0.00415872,0.07577597,0.03895684,0.52015239,0.05727912,0.11981340,0.00793696,0.41061077,0.57269150,0.36636600,0.00164172,0.05932141,0.01737384,0.00194302,0.08559731,0.00493059,0.08687248,0.38316533
0.03110159,0.14879836,0.03937582,0.00968978,0.08676151,0.00000798,0.01239133,0.00326788,0.00719479,0.12271093,0.01625927,0.05545155,0.01714258,0.19744185,0.64320689,0.03047557,0.00000000,0.19745098,0.09242652,0.33947271,0.00040323,0.32740378,0.58793706,0.00010362,0.13925259,0.20495564,0.00295118,0.00113013,0.00098653,0.15280651,0.00553273,0.94988501,0.01208964,0.88337964,0.27684417,0.10592634,0.02504346,0.46744525,0.31424499,0.41383457,0.44855455,0.00468937,0.00193828,0.14341129,0.24861677,0.39299962,0.01954301,0.06359313,0.00084819,0.00006887,0.20762868,0.02106600,0.05374292,0.00015131,0.92852384,0.00934995,0.65268487,0.54015934,0.18332002,0.07644208,0.00359502,0.90206736,0.10448861,0.00014312,0.14894326,0.00086733,0.70422643,0.00204200,0.10396722,0.00256788,0.65964222,0.00871438,0.02277218,0.06073058,0.01995681,0.01963549,0.56708658,0.04909975,0.00001610,0.01412065,0.68970180,0.65095830,0.05628834,0.11213339,0.00007943,0.04649159,0.00077913,0.00190701,0.01552046,0.66706175,0.16420400,0.32377222,0.00252423,0.56145269,0.05056195,0.00104223,0.58799869,0.29429990,0.53157532,0.67247677,0.00438522,0.04313036,0.02539074,0.08683416,0.05310148,0.37270328,0.04699879,0.18350770,0.75697285,0.05800388,0.01673716,0.05413509,0.01653914,0.00788754,0.07908714,0.06035522,0.00952289,0.66104019
0.02847656,0.04798063,0.02191164,0.00478031,0.26520017,0.00000325,0.05162816,0.00379274,0.00150254,0.02451988,0.04075482,0.14770953,0.00565840,0.45926818,0.28043917,0.93898642,0.00000015,0.22927782,0.07377023,0.24078484,0.00010342,0.27874497,0.92978191,0.00013881,0.03291073,0.33778101,0.00092321,0.00001661,0.00023665,0.00444002,0.07140473,0.89607465,0.00975997,0.97681117,0.16350217,0.06751368,0.00471297,0.30455917,0.21886081,0.63260972,0.16738315,0.00658243,0.01154574,0.08782934,0.11601766,0.09643789,0.05022185,0.02979324,0.00233649,0.00000141,0.13282923,0.14141515,0.14973818,0.00004648,0.99557197,0.00569284,0.94733143,0.54213554,0.24699663,0.00251362,0.00029161,0.90595996,0.10191143,0.00001843,0.32436663,0.00209111,0.99105000,0.00237526,0.21110047,0.00223503,0.92539769,0.00153528,0.02117120,0.00126328,0.94575506,0.01093650,0.14416881,0.02830197,0.00001182,0.02203100,0.62323380,0.96223259,0.04583472,0.04154717,0.00246880,0.00314625,0.01229054,0.03147296,0.00533781,0.41100863,0.70522916,0.05971785,0.00021593,0.22894116,0.11034097,0.00071912,0.77806187,0.13614359,0.66338426,0.84671873,0.00428192,0.00258382,0.02124673,0.00140137,0.08531836,0.10014807,0.01946222,0.19407186,0.75008702,0.02645026,0.30871621,0.05595138,0.87362534,0.01641556,0.14125358,0.24642114,0.12744164,0.76196194
0.06582593,0.08638143,0.00537354,0.71849412,0.45445779,0.00000041,0.01480020,0.01060689,0.00959916,0.04496388,0.00112746,0.11866905,0.05337448,0.32957697,0.26132804,0.99330515,0.00000297,0.59287763,0.03067030,0.04911598,0.00004513,0.50932419,0.29875594,0.00042138,0.00875740,0.56525832,0.00093456,0.00168442,0.00002620,0.18056935,0.96020865,0.88930231,0.35404617,0.03739382,0.36951041,0.00904305,0.00334885,0.70726097,0.31203619,0.14039539,0.05773329,0.02623791,0.15844966,0.14125608,0.21858890,0.10354462,0.14478287,0.01486562,0.00055099,0.00005254,0.12328690,0.00006553,0.17758591,0.00000154,0.99950558,0.01755989,0.99487311,0.50853342,0.22836523,0.00006222,0.00784068,0.95882469,0.25535065,0.00016197,0.13021342,0.00129517,0.98341233,0.00061264,0.08717433,0.00760774,0.18544477,0.01860385,0.04672737,0.00469300,0.98643959,0.00000379,0.72216165,0.13624725,0.00002966,0.54707599,0.20194726,0.99898702,0.00285637,0.21771373,0.00067296,0.00013756,0.06316955,0.66040319,0.00346872,0.69510543,0.50185168,0.08920576,0.00053500,0.01066251,0.05815573,0.00624740,0.98820257,0.07458431,0.68751872,0.92822582,0.77185977,0.00093517,0.00314986,0.02007592,0.15755953,0.39046684,0.00021132,0.54663569,0.97444576,0.11252494,0.46592838,0.07121395,0.54317456,0.40517437,0.85223937,0.68191689,0.04010624,0.89707989
0.01485937,0.00539450,0.00412040,0.99726874,0.60849750,0.00029594,0.01515516,0.00656371,0.00079671,0.26603976,0.04113381,0.05407421,0.02627556,0.52035075,0.08346928,0.98669851,0.00023835,0.71913064,0.00768630,0.03588810,0.00000928,0.29088148,0.15420653,0.00253828,0.00370479,0.28113148,0.02239286,0.00004200,0.00000009,0.00241648,0.99211413,0.79881203,0.22557350,0.57760769,0.48597500,0.00001189,0.16376393,0.30241743,0.17375568,0.02414311,0.00217765,0.03759450,0.23647052,0.13069844,0.04873589,0.15066262,0.73367494,0.01707164,0.00480911,0.00009204,0.03970606,0.00187179,0.09865263,0.00002589,0.99970007,0.00755334,0.96954405,0.45070064,0.03882142,0.00064506,0.00072665,0.89834827,0.99742424,0.02716093,0.30844378,0.00153633,0.95839339,0.00941041,0.27202526,0.01884025,0.83025563,0.01337062,0.00494447,0.00824924,0.89027566,0.00003485,0.74517208,0.03260892,0.00051605,0.18989220,0.86822051,0.99970984,0.01899919,0.01696504,0.00196346,0.00001034,0.15591188,0.84933573,0.00363596,0.22259292,0.32090184,0.01407556,0.01918479,0.00461743,0.00029536,0.00010431,0.92501253,0.00739627,0.04766325,0.10108930,0.99532831,0.00574847,0.00006833,0.00000237,0.68303519,0.34487027,0.00028839,0.56389004,0.90318525,0.49438632,0.04980666,0.12257410,0.86988449,0.09814996,0.99734735,0.00000311,0.77142614,0.78541064
0.00353219,0.01685373,0.00002283,0.98716855,0.03628016,0.00003373,0.03408314,0.00125488,0.00040775,0.78549755,0.25605807,0.24948795,0.22038423,0.68822986,0.03261934,0.98959827,0.00042896,0.34317142,0.11318940,0.30751300,0.00071078,0.91827130,0.48021048,0.00033090,0.00602191,0.50577229,0.06449662,0.00011100,0.00000613,0.03067846,0.99501598,0.97721875,0.19834425,0.99377859,0.82801610,0.01482835,0.00846172,0.13751231,0.00597931,0.02896970,0.00815046,0.01652596,0.00409282,0.14320777,0.39468229,0.11181732,0.70836222,0.00687796,0.01699843,0.00175846,0.09786309,0.00003575,0.01586725,0.00003181,0.99998456,0.16322093,0.99124211,0.89187729,0.03330542,0.00022124,0.00033851,0.38399091,0.97784191,0.00026388,0.24450986,0.00374147,0.59454405,0.00081334,0.50041080,0.00011765,0.46572000,0.19627096,0.00883325,0.06801140,0.47117677,0.00017369,0.68802488,0.13030085,0.00011531,0.01354545,0.11711992,0.99998230,0.02900017,0.08708378,0.00779469,0.00038527,0.03624417,0.00005347,0.16536193,0.18626754,0.24364157,0.00624247,0.00084916,0.00294516,0.00232027,0.00156568,0.99301386,0.00336348,0.46441370,0.59666300,0.00002716,0.00039031,0.00103249,0.00343036,0.05835992,0.44029307,0.00001498,0.07132768,0.97510362,0.00125212,0.04399886,0.00289544,0.37597466,0.04869235,0.97825664,0.00017497,0.31427869,0.86065978
0.07929976,0.43820009,0.00108441,0.27734768,0.09004301,0.05415582,0.00006100,0.02572400,0.02364479,0.27144971,0.10662803,0.09272195,0.00003585,0.07835215,0.66512102,0.85047513,0.01152990,0.78442478,0.00307972,0.16449328,0.01325615,0.00003817,0.61220807,0.00041812,0.00031507,0.54776329,0.00014025,0.00083878,0.00000214,0.00001996,0.97732991,0.21364735,0.29575887,0.26648235,0.00021109,0.53279781,0.01661825,0.00491819,0.99246502,0.00010240,0.04829121,0.00359977,0.03057124,0.00080495,0.00024297,0.87678021,0.00600701,0.98308390,0.00370698,0.03745868,0.00044130,0.02019724,0.00188632,0.00007268,0.44784549,0.94669133,0.25096497,0.60501748,0.00179972,0.00019388,0.02019145,0.02364994,0.99159658,0.28446513,0.97663790,0.02552329,0.42130458,0.05388383,0.96992522,0.00110757,0.01022498,0.03501383,0.00007903,0.00140032,0.86370963,0.06170018,0.16737300,0.30482650,0.18752840,0.40923238,0.00031122,0.00848737,0.00032187,0.00058552,0.00032682,0.00192227,0.00173910,0.00053455,0.02189887,0.00262397,0.81736082,0.00006806,0.00182616,0.00001233,0.00406023,0.00019763,0.14251907,0.54021221,0.00089733,0.20786513,0.00311570,0.85130614,0.07515771,0.00004357,0.06961600,0.00082229,0.00002045,0.32010117,0.63123941,0.00147633,0.00040317,0.26989114,0.95180428,0.07089587,0.01206493,0.06061041,0.60223055,0.69735116
0.11824436,0.82050276,0.00177214,0.94337606,0.76843238,0.23731235,0.00031093,0.02737638,0.48535106,0.20352122,0.23754190,0.17752929,0.01785398,0.26447240,0.22588940,0.99628139,0.09500267,0.80745280,0.00983420,0.52089530,0.01864691,0.00031628,0.86797184,0.00006328,0.00000160,0.29908827,0.00000005,0.00100192,0.00008208,0.01357256,0.99556935,0.48814473,0.69029552,0.15410881,0.00000000,0.12676440,0.00563189,0.00533717,0.95144898,0.00001046,0.27324486,0.00387811,0.05395057,0.00229038,0.00248404,0.09627044,0.02232491,0.97756064,0.06652046,0.08653399,0.00016691,0.01214246,0.00067243,0.01026095,0.22963676,0.71533668,0.09674746,0.77309471,0.00042320,0.00004036,0.14116879,0.01330453,0.99502802,0.47797534,0.94047993,0.02639833,0.16097571,0.03004264,0.92592114,0.03211382,0.28958163,0.01463907,0.00186015,0.00276322,0.46013129,0.03798981,0.09151869,0.38808015,0.31897673,0.76089829,0.00640133,0.01011395,0.00268220,0.00214419,0.28460222,0.00073252,0.00004636,0.00207729,0.00010486,0.00042882,0.69199520,0.00006266,0.00277047,0.00000836,0.04065299,0.00441503,0.10335132,0.27429172,0.00076819,0.29633075,0.00685425,0.38024855,0.25419036,0.00065041,0.11682685,0.00014215,0.00008476,0.02396721,0.74182320,0.00555956,0.00015120,0.55349171,0.94271618,0.17257002,0.02356878,0.32575867,0.85662144,0.88954210
0.11678538,0.66935104,0.00241106,0.91188550,0.49746808,0.01900015,0.00011310,0.16183300,0.46717405,0.63514131,0.22613242,0.13924514,0.00308782,0.14871186,0.35199401,0.03577621,0.01578793,0.72242236,0.00697412,0.72446442,0.04294812,0.00104218,0.45657948,0.00032058,0.02136330,0.75103253,0.00000019,0.00038786,0.00038086,0.01588618,0.92659628,0.39446679,0.55683601,0.27987447,0.00000001,0.00059810,0.00773503,0.00718191,0.83178848,0.00081375,0.15259638,0.00305848,0.21251060,0.00017555,0.02267509,0.40185678,0.06779219,0.48181075,0.01703102,0.05126924,0.00501178,0.05163515,0.00397105,0.00161985,0.05284907,0.75055194,0.14584126,0.90746653,0.00003277,0.00132841,0.05134345,0.19429412,0.41900012,0.77264971,0.88107473,0.02657472,0.06434429,0.02690368,0.94611293,0.06810386,0.31368133,0.00999557,0.00144055,0.03413233,0.01231977,0.04185168,0.53646916,0.21439452,0.27067184,0.83477890,0.00579485,0.00563137,0.02858146,0.00446463,0.00426855,0.00815116,0.00057054,0.01761609,0.00002892,0.00242574,0.03257399,0.00097324,0.00289530,0.00000466,0.05322047,0.01205517,0.17259836,0.17412286,0.00066743,0.77043521,0.00648775,0.06239533,0.39135808,0.02579323,0.00821467,0.01286129,0.00040695,0.01455227,0.27844068,0.01172104,0.00001789,0.56474948,0.00039634,0.16592330,0.03255049,0.24635066,0.94953728,0.92477870
0.31705257,0.18501249,0.03367686,0.03199659,0.53309560,0.17132041,0.00128840,0.33318266,0.23114827,0.73019600,0.14495389,0.64783704,0.00154980,0.08797292,0.22513843,0.00293427,0.17877597,0.05366749,0.00036078,0.46559548,0.17705323,0.00407745,0.75716883,0.00063842,0.00527517,0.58874208,0.00000012,0.00391019,0.00022666,0.05831630,0.07512105,0.62318873,0.32594201,0.19596207,0.00000102,0.00017960,0.06806236,0.00701799,0.68608588,0.00038995,0.25349686,0.02285872,0.31891030,0.00000804,0.02040759,0.88623130,0.47700325,0.55577928,0.03123173,0.15853965,0.00063261,0.07704952,0.01234682,0.00158939,0.03244248,0.64687943,0.13269158,0.76310170,0.00002926,0.00569381,0.07504688,0.28324071,0.15461446,0.11741956,0.85431844,0.32751799,0.29132369,0.01367276,0.91056186,0.04914842,0.47234175,0.00350416,0.00075097,0.01856120,0.00436724,0.16306940,0.33855298,0.29165933,0.05243032,0.69674903,0.00600414,0.08230392,0.00744409,0.01006907,0.02089278,0.08636203,0.00075979,0.00674018,0.00395088,0.00248995,0.03992305,0.00048540,0.02798771,0.00000662,0.31333563,0.01372921,0.22084697,0.09975038,0.00228123,0.52724451,0.05860980,0.02634213,0.59804332,0.00573808,0.00036687,0.03136743,0.00127581,0.03182358,0.04859920,0.00638258,0.00010229,0.42044133,0.33985990,0.00609053,0.00831615,0.42880628,0.51268446,0.81766129
0.27214095,0.08853784,0.06788136,0.00352312,0.40832359,0.04320846,0.00079538,0.21089076,0.22913282,0.11810794,0.01729097,0.65484899,0.00189409,0.12341274,0.25587761,0.08635498,0.01191938,0.68315005,0.00049043,0.62312073,0.19419129,0.00449138,0.78490394,0.00212816,0.13561723,0.77214402,0.00001009,0.00577429,0.00108646,0.00123512,0.00263350,0.65436584,0.50141406,0.13251363,0.00004734,0.08652810,0.16335054,0.01089213,0.18954988,0.00127320,0.18851705,0.01368524,0.17158350,0.00070930,0.02130852,0.66034859,0.40434074,0.37384033,0.12774831,0.08913123,0.00054788,0.01326778,0.43858066,0.00348029,0.35934344,0.30527696,0.10775106,0.84455395,0.00007932,0.02605125,0.00197705,0.36171457,0.13883732,0.00467670,0.54073471,0.49718788,0.13684620,0.02347876,0.81190115,0.04828034,0.24046724,0.02401195,0.00264537,0.05249937,0.11082939,0.09035686,0.59939581,0.18005052,0.31056714,0.74614882,0.02629315,0.06453810,0.05414889,0.03667777,0.00684073,0.33094096,0.00000804,0.07565369,0.00142520,0.00923221,0.00378569,0.00058243,0.02115352,0.00032140,0.17779404,0.02048812,0.72599506,0.05632848,0.00729788,0.24089357,0.03943598,0.00522562,0.64687270,0.00176341,0.00025444,0.02601421,0.00428793,0.02590771,0.01379848,0.03102079,0.00026672,0.52834392,0.51764745,0.00023844,0.17799503,0.16039799,0.39421871,0.42893192
0.31190464,0.17518514,0.14729771,0.22423315,0.17459922,0.42860016,0.00306432,0.03830155,0.20792304,0.11277324,0.00369949,0.36187491,0.00816975,0.38348186,0.42837927,0.70829225,0.04048931,0.47021011,0.00938719,0.46443799,0.01745646,0.03967208,0.40442812,0.00988117,0.00935613,0.43719682,0.00113815,0.11450294,0.00486425,0.00010405,0.79584920,0.84815550,0.16887760,0.10577624,0.00078002,0.03880556,0.63757527,0.00900845,0.22307786,0.00178409,0.38415080,0.03355650,0.20379579,0.00789832,0.00991126,0.31589022,0.33641198,0.53693599,0.28805745,0.15105300,0.00128826,0.02562062,0.04131969,0.01082299,0.22952874,0.28967801,0.21597919,0.73944461,0.00218605,0.02876521,0.06070469,0.48257828,0.84822285,0.00921108,0.56097454,0.13453639,0.26082700,0.37970236,0.65730453,0.25566649,0.18855138,0.03007746,0.00620615,0.01930203,0.42669222,0.00720872,0.06276212,0.14310509,0.17436118,0.29258728,0.00722498,0.07607246,0.02950416,0.09181420,0.00104325,0.25031549,0.00058427,0.27416277,0.01051191,0.04101610,0.04747567,0.00155065,0.02126088,0.00253148,0.01276824,0.03294253,0.32611626,0.08200569,0.00751350,0.24383800,0.09529879,0.03651547,0.35270959,0.00027323,0.01191163,0.01339507,0.00153145,0.02112402,0.03617647,0.19827175,0.00320945,0.25230122,0.39764157,0.00029257,0.28031510,0.09115992,0.50642747,0.43528280
0.26312095,0.16720247,0.00324483,0.74076462,0.16986874,0.00966514,0.00239725,0.00479246,0.01471708,0.25222552,0.00314321,0.36982518,0.02429239,0.23869589,0.04107922,0.89880878,0.00069860,0.71516377,0.03121340,0.26206252,0.00114812,0.07687154,0.48601544,0.01083159,0.05319799,0.23087010,0.00492929,0.00793453,0.00012584,0.00151336,0.99105877,0.74181879,0.45674807,0.24554743,0.00167305,0.11763696,0.00723691,0.02175735,0.25869769,0.00918180,0.49971178,0.00379018,0.06236219,0.00734514,0.02423666,0.16009209,0.23419128,0.26406810,0.00573185,0.04844714,0.00228667,0.00404619,0.01115949,0.00030796,0.21520151,0.42025766,0.20128952,0.47653264,0.00964033,0.01915532,0.00011930,0.30567911,0.94115108,0.03253814,0.41280100,0.00574912,0.30948317,0.01070333,0.72891462,0.00822662,0.30494288,0.09731362,0.00188898,0.04617634,0.95348084,0.00431069,0.26263645,0.07149883,0.02701056,0.33036509,0.01232152,0.04826041,0.00034815,0.05082424,0.00044442,0.00987016,0.00343540,0.00462196,0.06966075,0.10912371,0.11767692,0.00368038,0.00072404,0.00180214,0.00074640,0.02417255,0.41257095,0.05446080,0.01278338,0.43951637,0.00138162,0.00192861,0.54059809,0.00070667,0.01792666,0.01033108,0.00006686,0.01741104,0.20373517,0.00724081,0.00714708,0.17345282,0.35944796,0.00011880,0.14495513,0.00260530,0.61760092,0.34152845
0.47804201,0.04187972,0.04482927,0.64777273,0.16026689,0.03269302,0.06150077,0.00139582,0.00214101,0.16668089,0.01235717,0.30027771,0.54463792,0.41238663,0.00936951,0.23322575,0.00201291,0.39542004,0.16985904,0.31648824,0.00053092,0.17439367,0.26025569,0.11263835,0.01840938,0.12736955,0.01188299,0.01194632,0.01504322,0.46044904,0.89933532,0.93688869,0.40046003,0.28576225,0.00105999,0.03190010,0.00816248,0.04035883,0.35626817,0.03149272,0.57539904,0.01355304,0.04280973,0.08166756,0.21134433,0.15507014,0.36681670,0.16377495,0.00185324,0.05564378,0.04356367,0.01008922,0.16280779,0.00049653,0.13285996,0.24475785,0.20226318,0.52341437,0.08418724,0.54431754,0.00001526,0.29375377,0.27679804,0.03709760,0.47644296,0.00526636,0.37789276,0.01063675,0.78702247,0.00505620,0.39820081,0.44418901,0.02574165,0.39037484,0.55746859,0.00162063,0.18248558,0.13153182,0.01242627,0.42864394,0.20345491,0.05054229,0.01080173,0.11362360,0.01073103,0.00691833,0.04819934,0.00362246,0.04319718,0.11508092,0.16021900,0.22615005,0.00301434,0.04065788,0.00019237,0.07862622,0.44003201,0.08675624,0.00587920,0.20030373,0.00165031,0.04933953,0.39393422,0.24101393,0.03534990,0.15078785,0.00074502,0.02914152,0.06069699,0.06039558,0.00586020,0.34056583,0.02303275,0.00002438,0.07112606,0.00093547,0.53017372,0.12932435
0.44656679,0.28901628,0.10751114,0.43285990,0.11909483,0.00299465,0.02160577,0.00034244,0.00165291,0.42113560,0.06002586,0.12444223,0.31033534,0.64432067,0.00736299,0.00552506,0.00058039,0.73549938,0.31379482,0.49873921,0.00039230,0.07763428,0.13105144,0.04584919,0.20385221,0.29278526,0.06133688,0.00136994,0.00365667,0.07468276,0.08399902,0.86654037,0.73322529,0.67081529,0.00042097,0.00367948,0.04364453,0.22229309,0.24982002,0.04336411,0.75890428,0.00502102,0.29221317,0.11552881,0.34711641,0.08140452,0.11818602,0.10310028,0.00133541,0.00107135,0.58758736,0.00200586,0.18798932,0.00114724,0.10662194,0.83221513,0.42919752,0.30937156,0.20590992,0.57607615,0.00000011,0.20532562,0.01125077,0.18637834,0.55281293,0.00094209,0.31609765,0.01991471,0.83818108,0.03088316,0.66366094,0.06776209,0.03354083,0.52722168,0.13008909,0.00246200,0.02187600,0.13857120,0.01742186,0.24264845,0.02357867,0.00338201,0.03414548,0.09218517,0.01104038,0.00789611,0.20513639,0.00325695,0.25599551,0.08630063,0.17807725,0.14502242,0.00127100,0.08513055,0.00001576,0.09690635,0.43333620,0.06556321,0.00530219,0.38193640,0.00159963,0.00768245,0.60388798,0.12642285,0.03728031,0.44426817,0.00015462,0.00486434,0.16420916,0.03500153,0.16580151,0.53999603,0.07136091,0.00000820,0.30375260,0.00370486,0.44052222,0.13525303
0.23445661,0.08898000,0.03686504,0.34273666,0.11156157,0.00194462,0.00979119,0.00071618,0.00038366,0.11877101,0.77922273,0.45835671,0.83230525,0.70806760,0.00009437,0.12366087,0.00034553,0.54171598,0.63255537,0.25689742,0.00001720,0.03884841,0.04731428,0.07842842,0.00282899,0.59782761,0.49247211,0.01103247,0.00021543,0.01217501,0.03415891,0.87505335,0.53299534,0.95083308,0.00026967,0.03436203,0.01341205,0.29104051,0.45777130,0.39978245,0.90548158,0.00485840,0.01464905,0.12557013,0.51838255,0.12092451,0.01220208,0.62644869,0.00175784,0.00014957,0.48154834,0.00254086,0.01359465,0.00482216,0.63089138,0.83718431,0.16571335,0.33631432,0.46335745,0.16639812,0.00001504,0.06636631,0.70920670,0.00345451,0.50779909,0.00022697,0.60537195,0.06358106,0.96398431,0.00459581,0.74821591,0.89229769,0.02636867,0.57087874,0.82087141,0.00057960,0.02913486,0.59823114,0.02992032,0.08226093,0.02182668,0.00126484,0.00817020,0.04386835,0.00506386,0.02965574,0.15500814,0.00125136,0.39981839,0.30715984,0.89052963,0.01241731,0.00029340,0.01561011,0.00000061,0.01770400,0.11794767,0.05340099,0.00278401,0.51606560,0.00219010,0.04430753,0.41759121,0.00984575,0.14153375,0.04864642,0.00178700,0.00268041,0.32196364,0.01407900,0.64004594,0.72585654,0.52770692,0.00000067,0.62568891,0.00063791,0.54052281,0.00976960
0.10101124,0.03515566,0.05272170,0.24686041,0.07209812,0.00007440,0.00322862,0.00054308,0.00027686,0.15074649,0.95868683,0.21376731,0.04750282,0.04310989,0.00125550,0.98719323,0.00549729,0.94053626,0.92435938,0.24629121,0.00001861,0.06125102,0.27918133,0.02070507,0.01009955,0.67579460,0.36414394,0.01019718,0.00000712,0.00297315,0.26930219,0.73040742,0.88620883,0.98365939,0.00019366,0.11469010,0.01836065,0.17328298,0.77446920,0.01083959,0.62807637,0.00081208,0.00584389,0.07768390,0.10803651,0.04774645,0.00298652,0.70215297,0.00174732,0.00037102,0.09886060,0.06089408,0.00259048,0.00953400,0.94015050,0.63709563,0.01720781,0.56768435,0.19590347,0.01953109,0.00000055,0.05490999,0.98452038,0.01546185,0.35486591,0.00000325,0.30527818,0.00431322,0.81188345,0.01076135,0.88955581,0.66608828,0.04608514,0.13168982,0.77121186,0.00053977,0.01254138,0.18695261,0.05509838,0.73238552,0.00131961,0.00009628,0.00632302,0.03265519,0.00780878,0.00034784,0.25509572,0.00002394,0.12085725,0.18813217,0.63417625,0.18827623,0.00005808,0.03290928,0.00000063,0.00811247,0.66433311,0.15864672,0.00104480,0.09703812,0.00518809,0.01194588,0.26118609,0.01809336,0.25703698,0.00869583,0.00045462,0.00528850,0.62335837,0.01879255,0.20080872,0.69907439,0.03659556,0.00003181,0.84470612,0.00155469,0.79279357,0.00976866
0.10152938,0.05593876,0.04663643,0.92316663,0.02995113,0.00026370,0.00515009,0.00135973,0.00041588,0.16308911,0.99503392,0.35510609,0.24642000,0.01503040,0.00022462,0.98772901,0.00435595,0.52595097,0.76052839,0.30118585,0.00050433,0.08795501,0.40895608,0.00674736,0.00012450,0.66847008,0.26356667,0.00532236,0.00002024,0.01832939,0.99814415,0.81065071,0.89855069,0.90528584,0.00015036,0.28100821,0.01382249,0.28504732,0.39313921,0.00680876,0.86481553,0.00297479,0.00075080,0.02964043,0.00794555,0.01578770,0.01010310,0.71872199,0.00482743,0.00037777,0.02176318,0.03901260,0.01763831,0.00010431,0.95761383,0.88015705,0.03744181,0.85179073,0.01253409,0.05514970,0.00001852,0.05325318,0.98980814,0.50900900,0.42646644,0.00004662,0.43336040,0.00063916,0.53520161,0.00646206,0.89251524,0.41219550,0.03013542,0.11672843,0.81653601,0.00013783,0.00040970,0.14942563,0.00479222,0.83545965,0.00118246,0.00000311,0.00050239,0.15597434,0.05619579,0.00000571,0.28617120,0.00000911,0.41084063,0.29173818,0.04528631,0.00231668,0.00010176,0.01168548,0.00003106,0.01118680,0.99619085,0.02798851,0.00042968,0.96327418,0.00001548,0.00016891,0.38502795,0.05889591,0.01226605,0.00409418,0.00504938,0.01133576,0.78042603,0.00452513,0.00870203,0.59611976,0.02675291,0.00417625,0.25656483,0.01319365,0.74220610,0.19688055
0.03696465,0.03193602,0.00913558,0.96641642,0.01457639,0.07468411,0.00119144,0.00016576,0.00003069,0.00867813,0.12133273,0.43948361,0.64779609,0.00823234,0.00008997,0.12773338,0.00038662,0.55023378,0.31480470,0.42159751,0.00007260,0.06488862,0.29907155,0.00102539,0.04839327,0.03561144,0.00359843,0.00029736,0.00000063,0.07755066,0.98484075,0.83812618,0.86148918,0.99943507,0.00198100,0.41887623,0.00031965,0.03199100,0.33841267,0.07407887,0.89513379,0.00751763,0.00054908,0.01459443,0.00630769,0.00125129,0.07750787,0.71340477,0.00003446,0.00582273,0.00083075,0.06753395,0.08786459,0.00025128,0.99535054,0.53776252,0.00714555,0.19168553,0.00615055,0.01195879,0.00001791,0.00260448,0.96629775,0.84744710,0.68293941,0.00009643,0.28604221,0.00003028,0.91971338,0.00120008,0.91964948,0.69269288,0.01543068,0.07669219,0.78265208,0.00069420,0.00038083,0.93506426,0.00484379,0.58806038,0.00535937,0.00062897,0.01596938,0.48749462,0.00041594,0.00025209,0.00697064,0.00004996,0.32672489,0.20412853,0.07318338,0.00034577,0.00979569,0.00796896,0.00024188,0.00628087,0.95945466,0.08040433,0.27598760,0.76113069,0.00002176,0.00004997,0.78805399,0.14939570,0.05116004,0.00058383,0.00095712,0.00160965,0.84479582,0.00212102,0.00090403,0.03815872,0.02808889,0.00019753,0.53538620,0.00040771,0.28116545,0.04998136
0.01535297,0.72803265,0.00239484,0.10725571,0.06498877,0.18431228,0.00001602,0.08363429,0.00335476,0.70050573,0.03460772,0.21112935,0.31435597,0.30511332,0.00109290,0.99716389,0.01585855,0.82708955,0.00059538,0.00490324,0.00688870,0.87312704,0.01160025,0.00109449,0.01080161,0.04998418,0.00002002,0.14308557,0.00001315,0.00018009,0.96377504,0.27465793,0.05149646,0.06036301,0.24682550,0.10505159,0.00029171,0.18977843,0.00020008,0.00022290,0.93926275,0.90534139,0.09174541,0.00045464,0.00012259,0.99346095,0.97973144,0.12335241,0.00221885,0.11222693,0.00036296,0.03343781,0.83644873,0.00262108,0.65609485,0.93670362,0.43035483,0.03008300,0.00485023,0.00002591,0.00120708,0.99999565,0.98097914,0.26479724,0.14823760,0.00844118,0.18391187,0.00292965,0.02089730,0.00014118,0.36668995,0.01217888,0.00043342,0.00095886,0.37696290,0.00064590,0.60960996,0.67007494,0.20448114,0.40454325,0.79860681,0.19834940,0.00001692,0.01934495,0.01549804,0.04259366,0.00014743,0.05552373,0.20578246,0.04221055,0.00130555,0.00063842,0.06291708,0.00000848,0.05352633,0.01886911,0.57117045,0.00494385,0.74578154,0.01842189,0.00096018,0.00005695,0.43757048,0.00031887,0.00014142,0.00041975,0.00000224,0.09911145,0.01411442,0.00316485,0.00267274,0.03736661,0.00538698,0.01077377,0.15731452,0.01596603,0.08136138,0.29886025
0.02383687,0.97756892,0.01326806,0.66693419,0.22725700,0.65395945,0.00010119,0.07340285,0.00321208,0.45991138,0.05977876,0.48489457,0.98201227,0.45190692,0.04624186,0.99763942,0.00196041,0.31372455,0.91725355,0.00624239,0.00426785,0.91255379,0.00080394,0.02307526,0.00004032,0.21730962,0.00045409,0.13810286,0.00013617,0.06982823,0.99430209,0.52049267,0.37805426,0.01187888,0.06389746,0.05766555,0.00177967,0.01768507,0.07922617,0.00016962,0.88138920,0.92427051,0.18751018,0.00000258,0.00275018,0.99574751,0.83223122,0.66365409,0.00565485,0.08023901,0.00842797,0.01266268,0.03716721,0.00030714,0.29240862,0.97072774,0.15781127,0.05538781,0.00036239,0.00000632,0.01491865,0.98366731,0.99567837,0.75435501,0.53728807,0.00000013,0.57013750,0.51649457,0.29427961,0.00606214,0.50740349,0.32421967,0.00244777,0.03632106,0.01661156,0.02359748,0.05938669,0.94377625,0.19039451,0.42905372,0.76558453,0.14757255,0.00030045,0.00511842,0.00133268,0.06472912,0.00047262,0.03976803,0.75827056,0.14602965,0.00246405,0.00066343,0.38063169,0.00019239,0.10220458,0.01926946,0.18907204,0.01446781,0.75189108,0.24446823,0.00231051,0.00836857,0.43077430,0.30825806,0.00000342,0.00001546,0.00000027,0.01672832,0.00268996,0.02739638,0.00004213,0.01784301,0.00167946,0.07188606,0.30056232,0.00596237,0.05467902,0.08225821
0.06111421,0.96590537,0.00710942,0.96741843,0.23555987,0.35199466,0.00000060,0.11753745,0.01906359,0.64697182,0.35596651,0.07984181,0.42732280,0.56662333,0.04619947,0.87868017,0.00030308,0.26931795,0.94197989,0.00206242,0.00176145,0.84217304,0.00117662,0.00635123,0.00313478,0.20805943,0.00026417,0.16786483,0.00042955,0.04761598,0.29838365,0.02122051,0.40388253,0.00014247,0.06769072,0.06020366,0.00270071,0.06257625,0.02802124,0.00000611,0.88245189,0.60024667,0.36121693,0.00037298,0.00001276,0.97321051,0.71417361,0.75403214,0.02101062,0.15329435,0.02730023,0.00785499,0.01174684,0.00623962,0.19561164,0.91187423,0.41000047,0.09585323,0.00003134,0.00342802,0.01736322,0.98639631,0.25878987,0.87974769,0.19433044,0.00001387,0.49167541,0.53817523,0.41082734,0.45031738,0.17213668,0.00180050,0.00235312,0.01261099,0.01778664,0.34037781,0.12575991,0.81825012,0.37437245,0.70000237,0.54056811,0.07050841,0.00109147,0.01065044,0.01627934,0.01941694,0.00000953,0.13309413,0.16260006,0.02569680,0.00387694,0.00023889,0.15817000,0.00073586,0.13339005,0.04236647,0.34872019,0.02337011,0.60824996,0.15127683,0.00674363,0.04091871,0.43247953,0.03313306,0.00000059,0.00123161,0.00004200,0.00315422,0.00547657,0.03060612,0.00010239,0.03786360,0.00176381,0.02099608,0.11278266,0.05292757,0.24639091,0.07873603
0.03939265,0.88392961,0.01315834,0.43250048,0.20981035,0.59413946,0.00005112,0.38122857,0.02976567,0.67900813,0.02684688,0.05071343,0.06207160,0.16588216,0.00814133,0.29696617,0.00001983,0.38000098,0.31372073,0.00309814,0.00084039,0.38398936,0.00512169,0.01515635,0.02621029,0.10569322,0.00117730,0.06770250,0.00014105,0.00440735,0.05105828,0.04706179,0.15822232,0.00037607,0.13286787,0.00124091,0.00100521,0.19511858,0.02455147,0.00006139,0.47496030,0.93935579,0.23188667,0.00019188,0.00587097,0.75954157,0.87492508,0.81812876,0.01152079,0.51534218,0.00161907,0.01856199,0.15559776,0.03876217,0.45880377,0.95215195,0.70906150,0.03069274,0.00013857,0.00540104,0.03946678,0.93742764,0.68778473,0.79640037,0.20701310,0.00186073,0.44090301,0.31075424,0.31770214,0.16771266,0.16466048,0.01696590,0.00175470,0.02698141,0.57674265,0.30779389,0.29586223,0.47602773,0.34592286,0.63666695,0.23036394,0.46519965,0.00164778,0.00508973,0.00243514,0.05933236,0.00008267,0.36003667,0.17721640,0.02469994,0.00182830,0.00010013,0.23352672,0.00208351,0.25423339,0.10298703,0.54598862,0.01937198,0.46936229,0.06762621,0.01326099,0.01697503,0.34390941,0.06188048,0.00006584,0.00290868,0.00060319,0.00905826,0.00291373,0.00763120,0.00016523,0.01134645,0.05238654,0.20859264,0.14279424,0.06870814,0.59584069,0.37547192
0.04212172,0.86682552,0.04147649,0.02849781,0.32807925,0.30283299,0.00152400,0.14622916,0.18934132,0.14722006,0.01493013,0.12508513,0.09685577,0.03767263,0.03053855,0.35793686,0.00001345,0.74828064,0.07678135,0.00550954,0.01214662,0.32627690,0.08867784,0.03944820,0.00847746,0.28558198,0.03415163,0.02072572,0.00126993,0.01401799,0.06676069,0.05406740,0.47365916,0.00057800,0.26489067,0.00461955,0.00069141,0.08635547,0.13237010,0.00039520,0.54363608,0.92297882,0.04476576,0.00080839,0.00273886,0.58127236,0.64914960,0.58162904,0.09565720,0.19203772,0.00224380,0.13784833,0.07031216,0.22408736,0.74838096,0.45796689,0.53803414,0.20426972,0.00301984,0.00298458,0.04546870,0.88819242,0.13785686,0.26799732,0.49694455,0.03232027,0.52358651,0.11470164,0.49904865,0.14686768,0.37233159,0.00600678,0.00473306,0.01323665,0.50650507,0.15302844,0.10300077,0.69101197,0.22218892,0.41242978,0.19347709,0.18297917,0.00180294,0.02897530,0.00444806,0.01935984,0.00046098,0.73621905,0.20633984,0.12140160,0.00027633,0.00131711,0.10557985,0.00172027,0.02032870,0.18714665,0.64428228,0.02938529,0.56687295,0.33174032,0.01497100,0.00628963,0.58021259,0.06601997,0.00034844,0.02143730,0.00161818,0.00580407,0.01751377,0.00805229,0.00025283,0.03028705,0.02579998,0.03514423,0.15033415,0.13668793,0.19993226,0.51517648
0.10647759,0.53040844,0.15525788,0.17174402,0.23549308,0.20246527,0.00845120,0.12834680,0.31363410,0.21247664,0.07502788,0.13165466,0.17994991,0.03756548,0.03289009,0.49145111,0.00032254,0.55267674,0.05972285,0.04654123,0.02392359,0.13189705,0.01576768,0.07915363,0.00106246,0.19991948,0.03858439,0.03092430,0.00195017,0.00089389,0.82730693,0.02900349,0.11584895,0.00427706,0.17827232,0.02250527,0.00153830,0.15874130,0.10751645,0.00063022,0.53343970,0.97801197,0.01895142,0.00120403,0.00668264,0.43568367,0.69509578,0.44548091,0.12622215,0.00025234,0.00114676,0.36688125,0.03660909,0.05576411,0.64338738,0.18769048,0.43327293,0.31993791,0.00631738,0.00448763,0.22181241,0.83825880,0.57066268,0.04905662,0.26494044,0.01748425,0.45177007,0.47731087,0.55933595,0.52388352,0.42507261,0.00700763,0.01075370,0.00721774,0.35833853,0.01328191,0.00061156,0.54293889,0.39918861,0.34825096,0.06538717,0.04918352,0.01270627,0.07524423,0.00152543,0.00602758,0.00143087,0.75502515,0.07711773,0.35877150,0.00190161,0.00365665,0.31706819,0.00370837,0.00393722,0.24244092,0.16690986,0.17367300,0.38379303,0.25711453,0.05608580,0.00237970,0.24698348,0.00893041,0.00072236,0.00773915,0.00535583,0.00828667,0.05312729,0.22759341,0.00065913,0.17713445,0.11294559,0.09007410,0.08720176,0.11569174,0.29802924,0.33529282
0.04223699,0.37247285,0.00574675,0.39104700,0.35220608,0.03185102,0.00516718,0.00651025,0.03359555,0.27921483,0.00618266,0.06835961,0.03080532,0.04159362,0.01479693,0.93947369,0.00001494,0.64943206,0.12098421,0.06120092,0.00145696,0.04541160,0.16658279,0.01238236,0.02881827,0.19571958,0.08428150,0.00090597,0.00001476,0.01174763,0.92869323,0.03034682,0.35151210,0.01111288,0.26777261,0.11536484,0.00004615,0.04694088,0.09910496,0.00700596,0.36087129,0.63838774,0.00133335,0.00285078,0.02172577,0.24586508,0.49930131,0.26164639,0.00495927,0.00004606,0.00230126,0.09611639,0.01267669,0.00448540,0.71676254,0.59572941,0.27264467,0.33127445,0.00943115,0.01380823,0.00054306,0.47794792,0.86951071,0.01233995,0.40551907,0.00567953,0.55566674,0.00641821,0.71095324,0.00357543,0.27914506,0.01340669,0.00481601,0.01488408,0.38184702,0.00060929,0.00168411,0.61371899,0.11066895,0.40972856,0.02496370,0.04437033,0.00019328,0.03463319,0.00037001,0.00065832,0.01051107,0.00290338,0.09133136,0.19542107,0.01479319,0.01052351,0.03078724,0.00367867,0.00211689,0.06913873,0.19357336,0.06939990,0.45433095,0.33277598,0.00079776,0.00172481,0.23137094,0.00658316,0.00033489,0.01442529,0.00052136,0.03764923,0.11830898,0.00481270,0.00266882,0.08837414,0.09087860,0.00971319,0.10295264,0.00214080,0.43324384,0.17932707
0.08399557,0.38936546,0.03296445,0.37728000,0.29353434,0.03298355,0.30499318,0.01514703,0.02132436,0.13463204,0.00171589,0.03060051,0.11882535,0.02119495,0.05536756,0.71612233,0.00003584,0.47668439,0.22050367,0.08840281,0.00228938,0.04479785,0.11214606,0.12641874,0.05922065,0.10274911,0.30279979,0.00023063,0.00257343,0.32843214,0.15337051,0.02673816,0.51646531,0.00173540,0.23213509,0.01545091,0.00001548,0.02780140,0.08469759,0.34027210,0.28600764,0.73582411,0.00041140,0.00097213,0.17380612,0.31361771,0.39023432,0.37673515,0.01311145,0.00001862,0.01000741,0.52974766,0.12186196,0.00659749,0.57651919,0.24284308,0.30571473,0.61449218,0.00862164,0.27986875,0.00038413,0.13177027,0.12209773,0.00064971,0.54140055,0.01619864,0.50318092,0.02853639,0.89119297,0.04319140,0.13963234,0.01197246,0.29826695,0.41051358,0.00756222,0.00064964,0.00064659,0.88283002,0.20517404,0.47366413,0.03950424,0.04754728,0.00354992,0.03733074,0.00495632,0.00316503,0.02402528,0.00239395,0.04825315,0.28916132,0.02038455,0.47054783,0.03047908,0.03662840,0.00581314,0.09305718,0.11386654,0.21373798,0.46862480,0.68303305,0.00239090,0.27154315,0.19162636,0.42119640,0.00008964,0.24853471,0.03236120,0.15402947,0.05552819,0.02378036,0.00329124,0.09392598,0.01653430,0.01222559,0.02640596,0.00099756,0.90956908,0.40511066
0.05066107,0.16572340,0.02628475,0.01105836,0.06708705,0.05045264,0.38976315,0.00890232,0.00459695,0.67102796,0.00010711,0.00889399,0.05056529,0.01399832,0.02476010,0.10326330,0.00029342,0.54910076,0.04984907,0.10378391,0.00150712,0.02551470,0.10550767,0.26462403,0.12986593,0.06138282,0.27737874,0.00000718,0.00116362,0.00522225,0.00109335,0.20405094,0.29295990,0.00066195,0.33410195,0.00677472,0.00031384,0.03273760,0.03348624,0.67061871,0.19900580,0.47792590,0.00128055,0.01395299,0.27443075,0.36797404,0.26379228,0.37051654,0.01840495,0.00003501,0.28029892,0.30901369,0.03148558,0.01126224,0.63372594,0.41183040,0.50168628,0.34220481,0.01287370,0.26321238,0.00009905,0.16080323,0.04644859,0.00009856,0.71684116,0.01762707,0.57362413,0.02133127,0.89529634,0.01648804,0.04946906,0.00737573,0.22745469,0.22592059,0.40651295,0.00006131,0.00004499,0.90425557,0.23923221,0.39288956,0.01661588,0.03473429,0.01138282,0.20964423,0.00174073,0.00247753,0.12468848,0.01686388,0.19197598,0.25830787,0.63389373,0.72084492,0.03331232,0.02234099,0.00095193,0.15190502,0.03071087,0.24567711,0.61077833,0.72104263,0.00201431,0.17146944,0.45931551,0.03850072,0.00002616,0.45824426,0.02727224,0.17919111,0.20313111,0.00269284,0.07446546,0.12780698,0.20868771,0.03431651,0.06514562,0.00019175,0.83583224,0.70194238
0.01581119,0.23123722,0.01812840,0.00874474,0.08941688,0.13970642,0.10710547,0.00031167,0.00150845,0.67105317,0.00031182,0.00318113,0.06273893,0.02121618,0.01936172,0.60509396,0.00023891,0.04473510,0.23143031,0.06649974,0.00728374,0.23079909,0.34664869,0.11452121,0.02257576,0.07956673,0.21102731,0.00002303,0.00008564,0.00258315,0.29882589,0.46051118,0.25589648,0.00066583,0.08354597,0.02830773,0.00045721,0.00552884,0.10673857,0.43790904,0.02459493,0.73301363,0.00124661,0.01883799,0.11087949,0.18893979,0.84962744,0.34131783,0.02091687,0.00004728,0.03287512,0.60425925,0.01296315,0.00473977,0.96206242,0.10880806,0.63826299,0.13089584,0.07466306,0.16497502,0.00029388,0.50845796,0.89822823,0.00002274,0.85601765,0.06489038,0.16685496,0.03725377,0.99061215,0.00434725,0.00550431,0.01118047,0.06162481,0.02720852,0.99576342,0.00008617,0.00003065,0.82008755,0.10203295,0.93654442,0.00201032,0.03663080,0.00146760,0.11251452,0.00027419,0.00450744,0.05634456,0.00624045,0.01555465,0.27999777,0.97786611,0.02671267,0.00499944,0.01572330,0.00784490,0.08497752,0.04370170,0.26020488,0.82957023,0.86993700,0.02662516,0.20151056,0.17555735,0.02276145,0.00001413,0.11663624,0.00537652,0.02579184,0.14165767,0.00383703,0.05408792,0.00568039,0.78713858,0.04083188,0.02848820,0.00006537,0.81245250,0.67806983
0.01505759,0.19941437,0.00720406,0.15686478,0.03081866,0.00708709,0.06442218,0.00023975,0.00035139,0.95059204,0.00020908,0.00257340,0.10021537,0.13635352,0.06231083,0.97329634,0.00015689,0.36839747,0.44260845,0.53772122,0.10040961,0.10531861,0.46227232,0.03795909,0.11563005,0.31512022,0.06276895,0.00006030,0.00006814,0.00068571,0.98560691,0.84030068,0.30057278,0.00000541,0.48224333,0.05122151,0.00015462,0.00125068,0.03894417,0.21056131,0.00385212,0.05167010,0.00200205,0.05609704,0.01861592,0.03367822,0.62491387,0.28553763,0.01710214,0.00001950,0.06843589,0.34596330,0.00090582,0.01346420,0.99337822,0.28835985,0.40267962,0.22592478,0.02851281,0.17037924,0.00660248,0.34763983,0.85096920,0.00005196,0.95227313,0.06593431,0.33858526,0.37705383,0.99644977,0.00465915,0.00451086,0.00045265,0.06316626,0.05169683,0.99350226,0.00002381,0.00003078,0.88378531,0.00299972,0.96684259,0.00050890,0.00470209,0.00063747,0.18521756,0.00013736,0.00145519,0.21994907,0.00017877,0.24120045,0.08620463,0.93566459,0.00936724,0.00199433,0.00750113,0.03127794,0.10505765,0.00821148,0.25277323,0.89996558,0.87771928,0.03434053,0.06520005,0.91632450,0.07290482,0.00002234,0.05258422,0.00005363,0.09274636,0.19314817,0.00875011,0.11706341,0.02560120,0.95356923,0.65751898,0.14106216,0.00002784,0.52857602,0.71028417
0.00562938,0.19815312,0.08552023,0.98143727,0.07375211,0.00823315,0.03982627,0.00065557,0.00062958,0.99773473,0.00005395,0.00538849,0.01341320,0.09545358,0.13879420,0.99745357,0.00037065,0.08856916,0.39871672,0.36056820,0.05688489,0.33180603,0.94874942,0.00386540,0.01178697,0.20958923,0.02510506,0.00014586,0.00003562,0.00004980,0.99831855,0.86359537,0.94687712,0.00068664,0.67267489,0.54115695,0.02109042,0.00048767,0.00852916,0.01966615,0.00019237,0.00062930,0.00050290,0.01321507,0.11181463,0.02034586,0.07058283,0.52248716,0.00032932,0.00158756,0.10556701,0.15569629,0.00004866,0.02145578,0.99787843,0.07361903,0.06220285,0.13008279,0.02595472,0.08073522,0.06170148,0.25775635,0.99825090,0.00719595,0.92040890,0.00859434,0.57287818,0.00580314,0.99440545,0.00285879,0.01438069,0.18343362,0.00945734,0.01103301,0.96163595,0.00007553,0.00009199,0.87088543,0.00835232,0.87147969,0.00000132,0.04899217,0.00046547,0.43856910,0.00055030,0.00048302,0.10024074,0.00000060,0.04998147,0.16975841,0.66636848,0.02192625,0.00024988,0.00399107,0.01061181,0.01604113,0.03745335,0.44503668,0.68065023,0.91963238,0.00055422,0.01389076,0.97407126,0.05312160,0.00004338,0.00977925,0.00000187,0.01389987,0.27596763,0.02030304,0.14706677,0.04922935,0.64540970,0.00004533,0.73806322,0.00013522,0.96608955,0.25480905
0.00072505,0.05402531,0.04025482,0.52230477,0.25116032,0.00585026,0.02579942,0.00211070,0.01233440,0.97801381,0.00013935,0.00140813,0.81500953,0.21046667,0.00740841,0.99544328,0.00019014,0.39747077,0.02272072,0.29648551,0.00024745,0.70071179,0.97957963,0.00060382,0.36316013,0.40141073,0.04683067,0.00033593,0.00000189,0.00825303,0.81199729,0.86824191,0.83722192,0.00002251,0.78923106,0.12855975,0.00015088,0.00276616,0.06139301,0.05655218,0.00471270,0.00025959,0.02965006,0.01944670,0.02492194,0.00051194,0.73816252,0.31482971,0.00050071,0.00168473,0.04779633,0.26415285,0.00089685,0.00359585,0.99772686,0.45196900,0.00429694,0.32695258,0.00388292,0.06268402,0.00001873,0.01313836,0.98844004,0.00300409,0.99690235,0.02393455,0.56150830,0.00253747,0.99978918,0.00017316,0.23688114,0.01777843,0.00513128,0.00272788,0.91790700,0.00029352,0.00036968,0.59796643,0.00303111,0.49035272,0.00146304,0.32964370,0.00094295,0.26877844,0.00329904,0.00005841,0.04078150,0.00001043,0.80595154,0.03981399,0.34132507,0.00164039,0.00202358,0.00390315,0.00239820,0.00136361,0.00743557,0.34162441,0.95638871,0.99354798,0.01846822,0.13526039,0.99993169,0.02208235,0.00000327,0.01369604,0.00000013,0.01784697,0.92035693,0.00143157,0.02507150,0.00980761,0.42658940,0.00348145,0.00994259,0.00017852,0.79931206,0.32316992
0.01607664,0.15253980,0.00010907,0.47563717,0.20828599,0.10572568,0.00001194,0.02926978,0.03659838,0.09185451,0.02050748,0.96245319,0.00216606,0.08604555,0.45584804,0.83985043,0.00173822,0.77040637,0.18448651,0.03619653,0.00119053,0.00072211,0.26384398,0.00356494,0.99299490,0.02301894,0.00145506,0.08787881,0.00000115,0.00010015,0.98843390,0.00133467,0.99021226,0.15858893,0.00122970,0.00398691,0.00000606,0.50585073,0.96511889,0.00006975,0.93878233,0.00779319,0.00263441,0.00483769,0.00034471,0.03278524,0.01421497,0.98503059,0.00066889,0.02448759,0.00171177,0.11629035,0.00190342,0.24196258,0.38414687,0.99892646,0.25957164,0.36964950,0.03300593,0.00002293,0.00328069,0.76394373,0.99581075,0.08064462,0.06857564,0.32631242,0.71331024,0.14171651,0.90767378,0.00056785,0.05816782,0.94358540,0.00071559,0.00006590,0.95961630,0.00519246,0.69364005,0.49690008,0.04003122,0.37083116,0.00054037,0.08497476,0.00534971,0.00049930,0.00000872,0.00029588,0.00007294,0.02771413,0.07176749,0.00009929,0.15788691,0.00003951,0.00862716,0.00000618,0.07088540,0.00728211,0.00343467,0.34198585,0.98517489,0.97188771,0.00908609,0.00009744,0.23143962,0.00114156,0.15185292,0.00006533,0.00002500,0.02400721,0.37123552,0.00210843,0.00087825,0.02956699,0.29114676,0.00878183,0.01233117,0.00057125,0.00391336,0.07777614
0.47932687,0.40188614,0.00056213,0.73304522,0.59574080,0.01055795,0.00047896,0.01026756,0.07400758,0.00059422,0.05071643,0.99931461,0.00033698,0.16718167,0.28365260,0.99166656,0.00069410,0.26784325,0.35378680,0.54337955,0.01418354,0.00169899,0.53137732,0.00000241,0.96841151,0.17777571,0.00003484,0.18101969,0.00001075,0.00941108,0.99609119,0.00321640,0.99414110,0.12487305,0.10004417,0.04294430,0.00001543,0.64423335,0.93446666,0.00004413,0.79038733,0.00150099,0.00168496,0.06474201,0.00069549,0.02927243,0.10783617,0.97699732,0.00035247,0.01365132,0.00013385,0.09392306,0.00013230,0.29069400,0.80984205,0.99866331,0.70168221,0.52763915,0.01572849,0.00002203,0.02616721,0.62109834,0.99541903,0.31559467,0.14080742,0.18558246,0.88467681,0.10718846,0.45001560,0.28805247,0.10596109,0.95118153,0.04998842,0.00014895,0.71219081,0.02832058,0.76863211,0.62648219,0.01302726,0.51652652,0.00107205,0.06154415,0.00090944,0.00039027,0.00379987,0.00029485,0.00001064,0.06315315,0.04290166,0.00061950,0.00298181,0.00431317,0.01560188,0.00000142,0.07289950,0.07605712,0.03024636,0.29043409,0.84252709,0.90808398,0.03692098,0.04700332,0.70255333,0.09867869,0.17690612,0.00000521,0.00000092,0.56010199,0.35809243,0.05549059,0.00002268,0.04539096,0.80320728,0.20945311,0.00478739,0.00459893,0.00493969,0.41379207
0.06697141,0.15918986,0.00941662,0.98354244,0.83080465,0.00499275,0.00002206,0.07075629,0.04025869,0.03246044,0.01038119,0.95335311,0.12667568,0.32024324,0.40711108,0.98090661,0.01501300,0.82333428,0.15167025,0.56116563,0.01000729,0.00060422,0.78667909,0.00512533,0.41899973,0.21805029,0.00052776,0.11675218,0.00009735,0.00354860,0.92502338,0.00455569,0.99454409,0.08683094,0.08935435,0.01821603,0.00000776,0.70445269,0.23236744,0.00050630,0.44272053,0.00953105,0.00140984,0.01628395,0.00280596,0.08834070,0.35379118,0.94331241,0.00000000,0.14739498,0.00041205,0.04039338,0.32488582,0.05503840,0.39825970,0.99727374,0.32995570,0.31700936,0.00037325,0.00145231,0.04740456,0.01018244,0.25976595,0.58722091,0.40529606,0.36504176,0.79750901,0.07158099,0.23393118,0.00086325,0.10131336,0.99524146,0.11599240,0.00006157,0.04682074,0.09576950,0.70026797,0.23690332,0.04704090,0.53823888,0.00107927,0.28168321,0.00162474,0.00167007,0.01280972,0.00213298,0.00263248,0.07661806,0.17676345,0.00000002,0.00002374,0.00424662,0.05315042,0.07577159,0.10170629,0.13975766,0.03035399,0.81792939,0.83795768,0.95880765,0.03231292,0.00745938,0.54955167,0.06874994,0.17589909,0.00045901,0.00004271,0.80312270,0.70897186,0.19097832,0.00013496,0.08568571,0.00075796,0.20837146,0.00225826,0.00195990,0.00000005,0.18769190
0.14614123,0.61150211,0.02609540,0.31820938,0.77419806,0.02345215,0.00165831,0.11203072,0.05628639,0.10902108,0.00779567,0.85620070,0.00074655,0.07832281,0.54947478,0.15946887,0.03411238,0.50896251,0.03483899,0.59017462,0.08954526,0.00136882,0.86990774,0.00020088,0.44140047,0.12990759,0.00908926,0.10924472,0.00027713,0.00069034,0.77014196,0.00237855,0.99080002,0.70958024,0.28039408,0.00084533,0.00031110,0.72403926,0.35063189,0.01058539,0.19607164,0.01087667,0.00816520,0.00120436,0.00037521,0.24643290,0.57932502,0.49986660,0.00000028,0.54875851,0.00103828,0.08165515,0.10422552,0.29624054,0.72472441,0.96732342,0.26934981,0.50175422,0.00015402,0.00139577,0.13255480,0.04808770,0.00003301,0.17253026,0.18386133,0.64564472,0.64957982,0.16686004,0.27750289,0.02250745,0.20054491,0.85218525,0.00984946,0.00069810,0.20664947,0.02680844,0.79532826,0.34533957,0.02741814,0.09866724,0.00087722,0.24114336,0.01583827,0.00185050,0.00903942,0.03259737,0.00013341,0.17765881,0.19962491,0.00000035,0.02011290,0.00159068,0.08050023,0.00138545,0.08805572,0.10206061,0.28845540,0.40275607,0.45278010,0.55283612,0.06912220,0.00324519,0.67875665,0.10273886,0.28198355,0.00477756,0.00105146,0.41872862,0.13872933,0.00664232,0.00028522,0.04594890,0.12942638,0.23516963,0.09636454,0.02265636,0.00003999,0.10733870
0.29838762,0.83463633,0.02626620,0.00154644,0.70875520,0.15182959,0.01967342,0.11844850,0.29547861,0.15104201,0.01196294,0.76544535,0.00010507,0.05408790,0.50065249,0.01133105,0.08527755,0.53485036,0.15959845,0.38760117,0.06067518,0.18727848,0.58798116,0.00033450,0.27752852,0.46074852,0.00161914,0.03853428,0.00083908,0.02186242,0.03156368,0.03696406,0.97432512,0.20341979,0.23667440,0.00595198,0.00125459,0.47911462,0.18533741,0.00272988,0.26215819,0.02497596,0.01206440,0.00088602,0.00188136,0.11899404,0.79787105,0.65464687,0.00002962,0.26563066,0.00355107,0.15806210,0.01078421,0.33268261,0.27068704,0.93167329,0.21807604,0.22294185,0.00287341,0.00205952,0.02623121,0.15505239,0.00432282,0.05428850,0.42665249,0.00811766,0.38794392,0.22676858,0.36781746,0.06077674,0.34478411,0.76245540,0.00203583,0.00481156,0.45919365,0.05957090,0.89019650,0.24255705,0.03868486,0.13839601,0.00187491,0.04089845,0.07323834,0.00209815,0.00566953,0.19948179,0.00062734,0.17743564,0.04469024,0.00003220,0.22102119,0.00423130,0.10768276,0.00019718,0.08682416,0.03108004,0.18582541,0.16048701,0.28379962,0.12582003,0.07850374,0.00546238,0.55252963,0.10838857,0.31158102,0.00405438,0.00899906,0.20297539,0.05332351,0.00980265,0.01610957,0.03884127,0.17957607,0.07223114,0.04632831,0.04186813,0.00017269,0.13996053
0.12539136,0.52973610,0.11935209,0.01540507,0.24327335,0.22018681,0.01255937,0.04361412,0.24810626,0.01044795,0.05073073,0.28680691,0.00047365,0.04747047,0.69578099,0.58172709,0.17410359,0.63872457,0.09465418,0.17067719,0.14317256,0.14718765,0.37439939,0.03296569,0.02856153,0.31384498,0.00166472,0.05806128,0.00049776,0.00087838,0.24565215,0.13844259,0.68718725,0.03223819,0.22793114,0.00824501,0.07767995,0.49807355,0.10487518,0.00283388,0.52409095,0.17690930,0.01717537,0.00203332,0.00232438,0.10943836,0.26347980,0.78998500,0.00130688,0.05435521,0.00460048,0.44562206,0.01296786,0.06207610,0.37223423,0.54111850,0.30818292,0.77085465,0.04534835,0.03216888,0.44443500,0.38360873,0.69511867,0.05103892,0.33070794,0.00069375,0.38470995,0.45756584,0.60844851,0.49298176,0.19670181,0.71318477,0.00519299,0.00079664,0.24186890,0.01076109,0.37531137,0.30652139,0.05590453,0.16187052,0.00549905,0.04125953,0.12048995,0.01634435,0.00839618,0.20274754,0.00159500,0.46722719,0.35467041,0.00042523,0.11520947,0.00874957,0.12546046,0.00223806,0.04353877,0.00703099,0.06537705,0.15618230,0.36309478,0.07898657,0.06737716,0.02183905,0.51739645,0.00062957,0.37165576,0.00522705,0.01100145,0.03808208,0.08298591,0.09253613,0.01441626,0.05624415,0.29772016,0.15496770,0.11111243,0.01537949,0.00048392,0.08539087
0.10970468,0.29506570,0.00136255,0.60220796,0.19688734,0.00945358,0.01506976,0.01009666,0.08344433,0.01368421,0.01133337,0.24951857,0.00108367,0.02472567,0.19489804,0.84870839,0.00269714,0.49007130,0.09419647,0.13818826,0.01162123,0.14674662,0.41902962,0.01632512,0.05194417,0.38527060,0.00538502,0.00165434,0.00000798,0.00212272,0.93949234,0.07793125,0.76078421,0.05695570,0.16143063,0.04481533,0.00025046,0.34357965,0.18710434,0.00808189,0.82745588,0.10184842,0.01070985,0.00931964,0.01642297,0.04287362,0.14029047,0.18238536,0.00012505,0.00256452,0.00389070,0.03552322,0.00283113,0.00123810,0.34741846,0.55519742,0.12692170,0.56843686,0.14798106,0.02864662,0.00080041,0.13344863,0.99162662,0.07555163,0.23955047,0.00041662,0.49995843,0.03731369,0.54594076,0.00199809,0.27662647,0.45612687,0.00156113,0.00039271,0.85113180,0.00136496,0.60127109,0.12336241,0.00343816,0.23562567,0.04312410,0.19558704,0.00127663,0.01014389,0.00690841,0.00301807,0.00220557,0.00275490,0.16689806,0.00148386,0.05364568,0.00776461,0.01235800,0.00228452,0.00322911,0.01366129,0.05665733,0.14162485,0.30619639,0.30685577,0.00028060,0.00737242,0.78069031,0.00041721,0.27188778,0.01967829,0.00024457,0.03881172,0.18221846,0.00083642,0.01859363,0.02191984,0.08402872,0.00811093,0.02146991,0.00075156,0.01587537,0.09201210
0.13861132,0.44620153,0.00562843,0.80271268,0.20714363,0.03315494,0.29631114,0.00256623,0.13259156,0.00214190,0.00925707,0.34758684,0.00509351,0.04283266,0.26637432,0.41509333,0.00623970,0.14014098,0.68716216,0.12399862,0.04676929,0.32332388,0.19373649,0.06025297,0.05235956,0.19559853,0.00311158,0.00128509,0.00132710,0.51737481,0.51904029,0.06614999,0.55717200,0.00394111,0.09402549,0.01317925,0.00236632,0.19812736,0.31973621,0.00999600,0.68150568,0.74313182,0.00480199,0.08941121,0.15446180,0.02365437,0.06640363,0.10202430,0.00016941,0.00092717,0.02692296,0.07117102,0.00914432,0.00165173,0.30221015,0.57280809,0.10922723,0.69867903,0.40680468,0.48865977,0.00055969,0.11231880,0.80862260,0.00317523,0.65167814,0.00039791,0.51262677,0.05117920,0.45053083,0.00900197,0.24637192,0.43789878,0.06451101,0.01530252,0.06275798,0.00799707,0.24289022,0.45315874,0.00121582,0.08087365,0.67641610,0.43991986,0.00130564,0.01527131,0.20184341,0.01898258,0.00613575,0.00036562,0.02413419,0.00317064,0.00288038,0.21907213,0.05830349,0.02514306,0.00111824,0.04846872,0.07688127,0.14591876,0.24799438,0.14500174,0.00018640,0.52172732,0.71913236,0.03103156,0.42979881,0.38788956,0.00400227,0.08213472,0.13882111,0.00420607,0.00338882,0.03896112,0.00297098,0.03415623,0.00647924,0.00219138,0.00259388,0.03631103
0.23512651,0.41008005,0.00361154,0.02904947,0.05262123,0.01976936,0.16868648,0.00060224,0.11069883,0.00026485,0.03854495,0.45591813,0.04336450,0.43592304,0.23644178,0.01560787,0.00574143,0.05004091,0.28806016,0.08119722,0.05309849,0.42787939,0.01935863,0.28321558,0.15428114,0.11434199,0.00473691,0.00152862,0.00200027,0.02160199,0.18135886,0.11950468,0.36889285,0.00305156,0.08502809,0.01082890,0.00272672,0.18203817,0.26916006,0.11491823,0.45353234,0.88114876,0.06451937,0.07609090,0.56194913,0.03944998,0.07206777,0.19169848,0.00060237,0.00015360,0.05864391,0.01463353,0.00549928,0.00589503,0.57098830,0.20587850,0.02820737,0.92218447,0.56426358,0.64899379,0.00046089,0.12013029,0.00100901,0.00133363,0.53020823,0.00301017,0.59289145,0.06632097,0.20364386,0.03226018,0.01892291,0.04392732,0.16153686,0.00378202,0.09432702,0.00043813,0.06613652,0.19699840,0.00283087,0.15565918,0.48292717,0.55207914,0.00163425,0.02792807,0.16796580,0.02303087,0.01199291,0.00009307,0.01501877,0.00226899,0.00041012,0.08929155,0.04217719,0.02282049,0.00047661,0.14018065,0.05858931,0.16878366,0.18318969,0.02903056,0.00089901,0.29724428,0.68476403,0.01294594,0.58597636,0.51790935,0.00577367,0.00817533,0.71681684,0.00774257,0.00420656,0.00605684,0.02676953,0.00012900,0.00918686,0.01833105,0.00094302,0.01591408
0.12661418,0.44143632,0.00038415,0.00091624,0.09357026,0.28590930,0.03243641,0.00057814,0.19654946,0.00004703,0.01364030,0.28859979,0.01007838,0.49376005,0.43716121,0.20580299,0.00057682,0.06278028,0.35158840,0.02358664,0.01133580,0.35739854,0.12455086,0.25611654,0.01753207,0.14509571,0.07859328,0.00685751,0.00028207,0.00405339,0.32645568,0.10224368,0.43148977,0.02375088,0.06849229,0.16601054,0.00276917,0.07147229,0.49415675,0.04480772,0.58819950,0.94495440,0.03375885,0.10264872,0.63706529,0.10580117,0.00486130,0.08906229,0.00075331,0.00001017,0.02187365,0.15909058,0.00069975,0.00565534,0.89793211,0.26016477,0.01770376,0.61108732,0.61198545,0.50813252,0.00004844,0.52328736,0.00051060,0.00001274,0.53243643,0.08915497,0.66693205,0.13346185,0.05376342,0.00626700,0.03210253,0.31983542,0.14112961,0.00050380,0.97981560,0.00001290,0.10875647,0.06472372,0.00024044,0.04373166,0.52723771,0.66673845,0.00320360,0.02632988,0.13004412,0.00465681,0.00204804,0.00009277,0.00431632,0.00222548,0.53307217,0.04530401,0.06171639,0.03962000,0.00001073,0.16880496,0.18945922,0.04228805,0.29658064,0.01801016,0.00007694,0.09862832,0.82431257,0.00208954,0.95192415,0.09616306,0.00622167,0.01710957,0.68580073,0.01502421,0.00760424,0.00871578,0.56146222,0.00008776,0.00761281,0.01895407,0.00132097,0.01681974
0.07233591,0.32772183,0.00015017,0.03524657,0.04668747,0.02799045,0.21510409,0.00591064,0.06441928,0.00000018,0.00088024,0.34686312,0.03810686,0.81949264,0.16905519,0.99005312,0.00071294,0.24184301,0.07928781,0.00883177,0.00212457,0.38690031,0.04273538,0.10009104,0.07482086,0.03781502,0.10207365,0.35437417,0.00002853,0.01437776,0.74433416,0.04538581,0.93020654,0.26829290,0.05520288,0.41867423,0.00711361,0.01735612,0.36818221,0.04970026,0.73995984,0.93843877,0.05976024,0.27889660,0.36733803,0.02394135,0.00813553,0.16329776,0.01820279,0.00001923,0.08653771,0.42260459,0.00218090,0.00060111,0.93187118,0.01131893,0.00551017,0.90126991,0.02329870,0.74021006,0.00012722,0.86629546,0.24055639,0.00020658,0.57583743,0.90086186,0.77603704,0.23751110,0.03963091,0.00888802,0.05485803,0.07304053,0.14965072,0.00087533,0.97203612,0.00000861,0.82058942,0.01105548,0.00008442,0.05910069,0.46908471,0.97526294,0.00371530,0.01362728,0.03353217,0.00020262,0.00538199,0.00011073,0.00096151,0.01982176,0.74092001,0.04224069,0.23904641,0.06020677,0.00000118,0.60934031,0.29547024,0.03151603,0.04108063,0.02286555,0.00000011,0.01073410,0.59783661,0.00015812,0.99070430,0.01830024,0.00089433,0.04485772,0.88541359,0.02077415,0.00264920,0.06957985,0.84230310,0.01733011,0.00116511,0.00961197,0.00066713,0.02607493
0.43560636,0.04195872,0.00042755,0.97123462,0.13856156,0.00032825,0.04201892,0.00001236,0.00509729,0.00000008,0.05539902,0.34439713,0.72167987,0.97686565,0.48601159,0.99945891,0.02735761,0.49299526,0.01810536,0.02036384,0.00003170,0.41717640,0.03934699,0.03601208,0.09529858,0.06771775,0.01074340,0.00002128,0.00000171,0.00028225,0.99528217,0.00210511,0.80962235,0.74844396,0.01725926,0.38638011,0.03439489,0.05607569,0.45226687,0.02021430,0.98248321,0.79957110,0.47180131,0.22822104,0.24479905,0.04649159,0.00243095,0.26424009,0.00461387,0.00073548,0.04644772,0.25970992,0.00005046,0.00006379,0.97882706,0.02010724,0.08425246,0.56065571,0.00206997,0.26081538,0.00148565,0.77356380,0.99851185,0.00061024,0.82111394,0.00992330,0.84195715,0.71857125,0.08029278,0.00019672,0.03675792,0.09995297,0.03789694,0.01655333,0.97990745,0.00010053,0.57414138,0.40528995,0.00064259,0.51338154,0.07106032,0.99976522,0.00281278,0.03555926,0.02729796,0.00000113,0.13148381,0.00047549,0.00818492,0.03027566,0.60509765,0.00740247,0.29121751,0.02713637,0.00007254,0.08076272,0.20025210,0.07863273,0.09143424,0.13251211,0.00000297,0.00064618,0.54680973,0.00048320,0.99885744,0.00044666,0.00023455,0.04826274,0.81988448,0.28380862,0.01293682,0.01128996,0.54724616,0.00010692,0.00036729,0.23679163,0.00260653,0.00078413
0.36973482,0.40052593,0.00188014,0.91132337,0.13437173,0.02789548,0.00306315,0.00061292,0.04336529,0.00121696,0.11018308,0.72751564,0.53593886,0.99685293,0.26113293,0.97033840,0.00002023,0.86537868,0.06412945,0.00930385,0.00075184,0.08148900,0.06384945,0.01506024,0.02555967,0.08066702,0.12128456,0.00057436,0.00000173,0.01495416,0.93397260,0.09262283,0.98332530,0.84261221,0.00260221,0.38973457,0.00038893,0.10143853,0.55723703,0.01411367,0.99989939,0.89485306,0.83589995,0.03411071,0.08168661,0.00011888,0.01464718,0.38013861,0.00066347,0.00185894,0.00229934,0.15093037,0.00106026,0.00078477,0.63240618,0.03376224,0.01889852,0.33091325,0.00208911,0.42970917,0.00008459,0.02635166,0.99486482,0.11846157,0.45376712,0.00056799,0.58036971,0.06387857,0.00991851,0.00004453,0.00853897,0.23702706,0.01371092,0.14178263,0.93630153,0.03022161,0.61570221,0.90492517,0.00005899,0.76352364,0.00250322,0.99983186,0.00043593,0.15418325,0.00971799,0.00003380,0.01123440,0.00023003,0.00519887,0.00676616,0.20904000,0.00169627,0.37993455,0.02218226,0.00025187,0.13356969,0.14474943,0.04695183,0.02411355,0.01447545,0.00003293,0.02425950,0.81053370,0.12925501,0.99891835,0.00001391,0.00018094,0.00323373,0.38929328,0.79292959,0.00022008,0.00020548,0.11643362,0.00000633,0.00289624,0.00401355,0.03293194,0.00205687
0.99818581,0.01815700,0.00324449,0.28719398,0.26057643,0.00358609,0.00151741,0.00221530,0.01033028,0.10604503,0.14097771,0.06742084,0.10652392,0.07256790,0.02739859,0.90922695,0.00082853,0.91178399,0.99988335,0.18066929,0.01519386,0.75225329,0.00043698,0.00023962,0.00007598,0.27965200,0.00041079,0.01338090,0.00009101,0.00001172,0.97684097,0.72542000,0.00134478,0.15985641,0.81266838,0.05376226,0.00000054,0.20278607,0.07034073,0.00093663,0.96819913,0.08931828,0.97766078,0.17749955,0.00041116,0.12540948,0.98184705,0.01493347,0.46968165,0.04904007,0.00022671,0.00027281,0.00056499,0.00711415,0.60484338,0.04848692,0.04100201,0.77526891,0.00325872,0.45397568,0.18513863,0.00048859,0.82438391,0.20335996,0.44194800,0.00078479,0.43134260,0.00020289,0.32692027,0.03750772,0.19957951,0.00185899,0.00011095,0.00041016,0.98194176,0.00929508,0.32395962,0.92093784,0.18765853,0.01033196,0.00041700,0.21605231,0.00016363,0.20835230,0.00004450,0.18248251,0.01751149,0.00271882,0.84446818,0.11388265,0.00705215,0.00064881,0.00525015,0.00216096,0.00429824,0.03707824,0.13752522,0.14353353,0.00494022,0.65371585,0.00193080,0.00020689,0.65459943,0.00000817,0.03053683,0.00013072,0.00004271,0.00235703,0.00000903,0.00092844,0.00076306,0.18196544,0.08729232,0.19397242,0.09172007,0.34430575,0.84036559,0.36317837
0.93375933,0.04404441,0.00214443,0.89607161,0.05923447,0.12989450,0.01666560,0.00037020,0.00844860,0.00333279,0.05361950,0.00673675,0.16088250,0.47048119,0.03266143,0.92018849,0.00969292,0.55241579,0.96570027,0.05826781,0.01109822,0.96335530,0.05066521,0.00070947,0.00001310,0.08230343,0.01681679,0.06308828,0.00009501,0.00393350,0.99929810,0.09253055,0.00836058,0.07981592,0.84684622,0.00895160,0.00004644,0.03415663,0.12478624,0.00005670,0.92399681,0.09053925,0.93717092,0.00051675,0.00016378,0.19081005,0.51589364,0.17792265,0.13615085,0.04480217,0.00001549,0.00892980,0.00079767,0.00752264,0.78921431,0.01815049,0.03066217,0.60631675,0.00247911,0.55351013,0.50768781,0.00000091,0.98887140,0.05234565,0.21648349,0.00425075,0.06961021,0.00051652,0.02957550,0.04162527,0.57325989,0.00328598,0.00010813,0.00213283,0.99231607,0.01996501,0.43260911,0.80449682,0.02229246,0.03792373,0.10818509,0.32981616,0.00060054,0.32109401,0.02893991,0.11529867,0.00456504,0.00697053,0.59096974,0.12607625,0.00613933,0.00359619,0.00304418,0.00070714,0.01278383,0.02772291,0.75276631,0.01853189,0.01900430,0.62015826,0.00122187,0.00092832,0.92625749,0.00117217,0.00613975,0.00001098,0.42825070,0.04160186,0.00132142,0.00437830,0.00018568,0.02400593,0.03128342,0.02457472,0.05342028,0.00582988,0.94808018,0.39793700
0.90571678,0.17669171,0.02137088,0.91018283,0.13535893,0.03027609,0.02187824,0.00011240,0.05380256,0.00013400,0.21349168,0.01665867,0.14272262,0.71823800,0.25867468,0.48442972,0.00904746,0.51269805,0.99489260,0.05399565,0.05941234,0.67884362,0.00763218,0.00145566,0.00000384,0.13746221,0.01342357,0.12043559,0.00062022,0.00063216,0.99738514,0.08549507,0.00349292,0.34072798,0.92934841,0.00001476,0.00000988,0.03800138,0.06146896,0.00008303,0.42743841,0.07320762,0.78211343,0.00791317,0.01477483,0.09244446,0.97613597,0.10173832,0.53219253,0.03461028,0.00000324,0.00276931,0.00007256,0.00880322,0.57016218,0.02067844,0.01323855,0.45594847,0.00010806,0.08418809,0.14622527,0.00001175,0.90897524,0.35601011,0.07853206,0.00399991,0.21602590,0.03593430,0.07247026,0.03702763,0.37093198,0.00430824,0.00130529,0.00336311,0.08654755,0.13053946,0.34393591,0.83550286,0.14503211,0.03164237,0.05115181,0.45050895,0.00030105,0.78391856,0.01616969,0.03899585,0.00158957,0.00618898,0.39013246,0.10493977,0.00483753,0.00251874,0.00918398,0.00114055,0.03663080,0.19367872,0.43610817,0.10047106,0.03319260,0.70456707,0.00156819,0.01272966,0.72375274,0.01023270,0.00833394,0.00068237,0.00901048,0.01510918,0.02737605,0.01698499,0.00016771,0.05743390,0.00003124,0.02406148,0.06014536,0.09312018,0.96715379,0.31318092
0.82764536,0.08514246,0.03931198,0.00555238,0.10529024,0.06738834,0.00475164,0.01353359,0.10878102,0.00028358,0.01315407,0.01346598,0.00992476,0.15216120,0.36147526,0.00397456,0.05319680,0.08972674,0.63517618,0.07631236,0.06258955,0.40706649,0.01900742,0.00111393,0.00000164,0.14052249,0.00953778,0.02986938,0.00067186,0.00027622,0.85954458,0.72170085,0.01536800,0.19448641,0.78756678,0.00001608,0.00155711,0.03995307,0.74272025,0.00618130,0.11397289,0.05494378,0.15997158,0.00185447,0.00126252,0.06860086,0.84208810,0.16957752,0.03990992,0.13019703,0.00000124,0.00700579,0.00520769,0.01259910,0.50226367,0.02684351,0.00277552,0.21334429,0.03167318,0.06291040,0.02558342,0.00004640,0.94513720,0.07570599,0.02843046,0.00191355,0.19600604,0.02385997,0.00238347,0.26219007,0.53436702,0.00530431,0.00031086,0.00060653,0.49350169,0.38163403,0.30606025,0.46361539,0.04176786,0.01037474,0.07400891,0.50319541,0.00105831,0.64415920,0.07122204,0.01541576,0.02612921,0.01252988,0.66059309,0.14511947,0.02689674,0.16461067,0.01179083,0.02113202,0.37403402,0.05501277,0.27007708,0.22534403,0.10681465,0.57409406,0.02549165,0.14776312,0.82261014,0.02059078,0.01710705,0.00009420,0.00381755,0.04334307,0.00264879,0.05236926,0.00000931,0.05272841,0.00921623,0.01371545,0.23213302,0.26255748,0.77414310,0.25846514
0.77134961,0.08759577,0.01713858,0.00003238,0.09336021,0.05899954,0.00171148,0.13356377,0.19134003,0.00000039,0.01177147,0.00878267,0.01400625,0.37815911,0.23707855,0.08295426,0.06557910,0.09205574,0.14279728,0.10222324,0.07489570,0.41327167,0.02871987,0.00776900,0.00003680,0.25112566,0.00278491,0.04666131,0.00296512,0.00045135,0.01785942,0.57372886,0.00622918,0.17878112,0.66932136,0.00036120,0.05271453,0.03477695,0.37550849,0.00847582,0.26601928,0.11050077,0.11573658,0.03302583,0.00395528,0.11322666,0.33733237,0.25565419,0.15134977,0.02973419,0.00015717,0.01034358,0.00815235,0.03614266,0.23931718,0.30051965,0.00070578,0.19138952,0.00612256,0.07579942,0.01928873,0.00006345,0.01944724,0.00819289,0.09656630,0.00870306,0.21268779,0.15673487,0.01282044,0.22438665,0.52889973,0.01005049,0.00108785,0.00157054,0.97476584,0.27387291,0.07562494,0.61880451,0.04891105,0.00814571,0.02687280,0.13982840,0.06581257,0.35745433,0.04922397,0.01706796,0.00723935,0.04761126,0.69716454,0.16256233,0.02322664,0.08442918,0.03906791,0.00126259,0.06195845,0.05859831,0.25944269,0.27552271,0.01651938,0.46264416,0.03684910,0.08971500,0.88985872,0.03590367,0.03236376,0.00038419,0.00047030,0.05867173,0.02141355,0.02776591,0.00087474,0.22725116,0.13814263,0.04409948,0.15500616,0.34689447,0.34488004,0.09236032
0.70508814,0.02944061,0.02514577,0.26182979,0.11406545,0.27793065,0.01274088,0.12902571,0.16831775,0.00023035,0.03528506,0.06240968,0.10258120,0.14415915,0.55970335,0.45582220,0.10137398,0.29788816,0.10776255,0.29394892,0.06797641,0.09690323,0.01680979,0.04852136,0.00009386,0.15241770,0.00666983,0.07551973,0.00178522,0.00083562,0.28695333,0.58738768,0.00254507,0.03933434,0.82052612,0.00255351,0.39523232,0.24713126,0.32984596,0.00383708,0.49801376,0.30403712,0.09645496,0.06106512,0.00124459,0.14255676,0.35490850,0.33095682,0.27466494,0.03257745,0.00137000,0.16710229,0.01575043,0.03919053,0.23876327,0.06232376,0.00127350,0.36669978,0.01637566,0.03093734,0.36998895,0.00304317,0.24957329,0.02386639,0.11441489,0.00504911,0.16725633,0.44498810,0.02482063,0.30510345,0.45176828,0.15344675,0.00205842,0.00038418,0.81217593,0.00841858,0.00905197,0.74244297,0.06155278,0.06833943,0.00438638,0.13463923,0.18382975,0.19515923,0.00372532,0.00023509,0.03655953,0.18091571,0.41649675,0.11964595,0.04584164,0.02258826,0.03824769,0.00512016,0.04052470,0.01057335,0.21205357,0.21111822,0.03516495,0.77436602,0.14664268,0.04870965,0.61973524,0.00045452,0.07688034,0.00123768,0.00007162,0.10695598,0.03500691,0.25876486,0.00535215,0.28084058,0.16414221,0.02679189,0.16201186,0.08868894,0.47269449,0.12598504
0.37709013,0.02924369,0.00080941,0.87243122,0.09333503,0.03605438,0.00312462,0.05144266,0.03707630,0.00016959,0.00291148,0.08384919,0.14819576,0.16744724,0.13577694,0.87828833,0.00173272,0.73320603,0.09705059,0.22067559,0.00043477,0.12312371,0.05186178,0.01398595,0.00220866,0.03486561,0.00821257,0.00297085,0.00002820,0.00364968,0.96941274,0.30279383,0.03000144,0.05427757,0.82310522,0.01484606,0.00205569,0.12907861,0.33981121,0.00945802,0.34209570,0.03208740,0.02475134,0.05797096,0.00452457,0.05346442,0.32106689,0.16223074,0.00477395,0.04357816,0.00157776,0.01535427,0.00819561,0.00323449,0.52792871,0.25274065,0.00045766,0.16914801,0.02018226,0.01955669,0.00646577,0.00657727,0.78827971,0.10688090,0.05160488,0.00276626,0.28344467,0.08129422,0.06030461,0.00247478,0.60200834,0.17726417,0.00136731,0.00273394,0.63119358,0.00077638,0.33120236,0.51108873,0.00769868,0.08500919,0.00494675,0.04721811,0.00281643,0.06832794,0.00228636,0.00001599,0.01637233,0.00063433,0.25505966,0.09548323,0.04832280,0.00302855,0.00887131,0.00304112,0.00492009,0.02394088,0.29150313,0.12101428,0.05295864,0.85402179,0.00133238,0.00625163,0.59614217,0.00147995,0.04181470,0.00392201,0.00001892,0.22806655,0.07997517,0.00184356,0.01489647,0.15034533,0.19432737,0.00137019,0.04457587,0.00110024,0.80411774,0.27817330
0.63762873,0.04141155,0.00448025,0.44219127,0.11244725,0.03034283,0.13845588,0.26055318,0.04920363,0.00000699,0.00152340,0.09848087,0.66358590,0.06116787,0.34477231,0.73864961,0.00303052,0.62198055,0.24995163,0.61227649,0.00035705,0.18218681,0.01721254,0.05083251,0.00034571,0.01231899,0.08786786,0.00212110,0.00340972,0.28925827,0.81903094,0.38309383,0.03123473,0.03295853,0.92314655,0.02699472,0.01910656,0.16205022,0.49242908,0.07420185,0.47855651,0.20589571,0.01862328,0.18587741,0.07272570,0.29776439,0.12207288,0.07262429,0.00305329,0.01995178,0.02170416,0.01952760,0.11270883,0.01844146,0.38791603,0.12792927,0.00002812,0.57229149,0.07213226,0.07871908,0.06980615,0.00584723,0.11925806,0.11083008,0.03087279,0.00818348,0.14285997,0.29728201,0.02343270,0.02572801,0.69177508,0.33368352,0.08851781,0.02542491,0.00754833,0.00015781,0.26122636,0.77988917,0.00303854,0.06608985,0.04039005,0.03825813,0.01883752,0.06500266,0.03522984,0.00002005,0.00617960,0.00012068,0.10353414,0.10943102,0.04265677,0.09664046,0.00474952,0.04192899,0.00340266,0.13584302,0.24578644,0.20398553,0.12365468,0.92980921,0.00298374,0.34642503,0.29714131,0.48067540,0.03175312,0.26502833,0.00066235,0.59429806,0.09730849,0.00095044,0.01182655,0.15390669,0.01140643,0.00185670,0.12541741,0.00288850,0.77340138,0.06120961
0.08838724,0.02981628,0.01514272,0.00038598,0.07155266,0.03063406,0.05695625,0.12169679,0.04509655,0.00000252,0.00124870,0.23599967,0.49553138,0.17726953,0.46426830,0.15784523,0.00123314,0.80771708,0.10875499,0.70095432,0.00006942,0.04736546,0.08253038,0.31399029,0.00784823,0.02314431,0.36245176,0.00032945,0.00272703,0.02193356,0.40203190,0.18092293,0.00657710,0.11947186,0.89134884,0.20459092,0.00854862,0.27405342,0.23374023,0.01599365,0.26833314,0.14817108,0.18636313,0.25977311,0.14967336,0.03240521,0.03093782,0.07288873,0.00067903,0.00848143,0.12801331,0.00588721,0.13515629,0.00187562,0.51956278,0.50725639,0.00000088,0.89191359,0.45036140,0.09007271,0.01389074,0.02634008,0.71902561,0.23379838,0.09346369,0.05144344,0.08539126,0.45357534,0.00642555,0.02345102,0.69994837,0.05328495,0.03085887,0.03382467,0.10133149,0.00033592,0.37177223,0.94593567,0.00488591,0.04698647,0.01523226,0.01296359,0.00796998,0.11837387,0.01169299,0.00049226,0.00259012,0.00015603,0.07447018,0.08077951,0.18996216,0.03383969,0.00814287,0.08353330,0.00083107,0.17375319,0.12329417,0.27365485,0.30742967,0.91167051,0.00501029,0.06617197,0.32680738,0.23486494,0.01291461,0.19173160,0.01222943,0.60007107,0.66033435,0.00025051,0.04346364,0.33805546,0.01134489,0.00002881,0.39806551,0.00132738,0.77692038,0.17726704
0.04217230,0.18653487,0.32571805,0.00010804,0.23287439,0.01276914,0.01452094,0.00022305,0.03094623,0.00000112,0.00000049,0.71846855,0.02277939,0.12000049,0.74487644,0.71994287,0.00018287,0.41350469,0.17173822,0.45458195,0.00000294,0.10644215,0.00781668,0.27091563,0.00181554,0.01807043,0.84408385,0.00063893,0.00126059,0.00159633,0.05445099,0.31704617,0.00052876,0.01537364,0.93501782,0.64283639,0.13238643,0.28819066,0.59679836,0.09972671,0.60954767,0.10477389,0.29383203,0.05899229,0.40938359,0.01225157,0.00408059,0.25384504,0.00120395,0.00083192,0.16150345,0.00347753,0.01072270,0.00210162,0.27563757,0.44865739,0.00000013,0.83855385,0.48025957,0.05808125,0.01424146,0.10825833,0.93665546,0.55115849,0.07171661,0.26847798,0.17052725,0.21708728,0.00512055,0.00265049,0.32876492,0.11380931,0.01967729,0.01685438,0.86230385,0.00094058,0.02692942,0.95659447,0.00605842,0.06432974,0.01055948,0.00142639,0.00080063,0.06738186,0.00276171,0.00834557,0.00757131,0.00013104,0.23136702,0.06607150,0.92539275,0.00023242,0.00744895,0.01306218,0.00053009,0.11837529,0.03158198,0.41703704,0.29549825,0.68125665,0.01045513,0.05321142,0.23845638,0.37493563,0.04425367,0.03595786,0.00494526,0.28170404,0.21261847,0.00026761,0.09549614,0.43122554,0.22854410,0.00000026,0.53055984,0.00121782,0.79520798,0.08365207
0.01937968,0.50706893,0.81455684,0.23738587,0.10696743,0.00346692,0.03768677,0.00001124,0.00181307,0.00000001,0.00007456,0.32932284,0.03457422,0.14857799,0.70124888,0.99864620,0.00010119,0.79557157,0.03230239,0.42273626,0.00020211,0.31795773,0.11626672,0.61388552,0.00052482,0.02312834,0.76031071,0.00000253,0.00013762,0.00610322,0.40496826,0.19688874,0.00004518,0.00380230,0.92183119,0.47116119,0.00019107,0.42168060,0.05844891,0.00935703,0.92706203,0.01360126,0.08604172,0.01237100,0.45276076,0.02470510,0.00383472,0.18494728,0.00179008,0.00045446,0.21421941,0.00488308,0.00538611,0.00549215,0.27174428,0.85920364,0.00000001,0.91255468,0.23920257,0.03337859,0.00993308,0.09366027,0.95744270,0.27421305,0.09956882,0.01724650,0.08725245,0.18169357,0.06928425,0.00080218,0.37774491,0.22479907,0.00186643,0.02312173,0.93639696,0.01210083,0.30517116,0.99077553,0.00408844,0.05242236,0.05764465,0.00349843,0.00043966,0.11198920,0.00068002,0.59021562,0.24901219,0.00055666,0.22962922,0.01185226,0.94017690,0.00206020,0.00058634,0.05573764,0.00259256,0.08109217,0.03316929,0.04245428,0.32987759,0.29410127,0.00638828,0.12660241,0.12253508,0.66391146,0.03161784,0.00908829,0.00284749,0.15982006,0.11476879,0.00005132,0.01801768,0.90352112,0.08384012,0.00000721,0.32350853,0.00029572,0.98211610,0.10423382
0.00273055,0.63480884,0.97256756,0.96554601,0.18195917,0.00539978,0.05910359,0.00066949,0.00020945,0.00000001,0.00002298,0.75733405,0.05289805,0.22670345,0.89887452,0.98614609,0.01284290,0.84803015,0.02864869,0.33702713,0.00011447,0.95753860,0.02220536,0.01780134,0.00389758,0.00539178,0.39640674,0.01952644,0.00000756,0.00586156,0.98343968,0.28115544,0.00009483,0.00265809,0.99238861,0.30388612,0.00021296,0.13878298,0.28883040,0.00846711,0.98715687,0.01901465,0.38954285,0.00907000,0.06096882,0.00855619,0.00224453,0.33747563,0.00974254,0.00076891,0.02860218,0.00056972,0.00211116,0.03458921,0.07363205,0.35997069,0.00000001,0.95644790,0.08129433,0.00573493,0.02643059,0.30263248,0.99401385,0.10100739,0.00748434,0.00004261,0.08249417,0.50032943,0.49640980,0.00102557,0.17361495,0.37274951,0.00056748,0.06654362,0.76576293,0.00096032,0.00320818,0.99945694,0.00447842,0.18338868,0.02788187,0.00881852,0.00065741,0.07751713,0.00414752,0.47742483,0.11156663,0.00002503,0.11382053,0.04167752,0.68461698,0.01582441,0.00125509,0.00724705,0.00220589,0.03888643,0.00033854,0.00579656,0.22845808,0.09478359,0.00127642,0.03044270,0.01074421,0.52479273,0.08096417,0.00290399,0.00051517,0.08673279,0.01385477,0.00007423,0.01197818,0.93627399,0.49058679,0.00001757,0.06720608,0.00159464,0.98932433,0.24719858
0.01064975,0.10162957,0.93484998,0.78164935,0.10622585,0.00015704,0.00184156,0.55971456,0.00005469,0.00051971,0.00083843,0.42369679,0.00548439,0.03244773,0.92962801,0.91870028,0.00007775,0.92674965,0.01113060,0.27097100,0.00042651,0.56174958,0.43146792,0.36840668,0.02019086,0.00003480,0.23666266,0.00151428,0.00002264,0.00187789,0.97643012,0.41596031,0.03488130,0.01400523,0.78376210,0.12837422,0.00014260,0.28532809,0.50122893,0.02440061,0.99984223,0.15730523,0.04513195,0.01273551,0.47163349,0.05712777,0.00125493,0.06678139,0.00022080,0.20517020,0.00265879,0.00182206,0.02273830,0.00042908,0.40415886,0.71966100,0.00000005,0.99902463,0.07360620,0.00501592,0.03802872,0.05697399,0.93182212,0.23765939,0.00084621,0.00249356,0.16249317,0.28544596,0.02908452,0.00003879,0.93786871,0.18772769,0.00204767,0.17792116,0.59021628,0.00006147,0.33768490,0.99990499,0.01443749,0.46075970,0.05254544,0.00006181,0.00001136,0.01488279,0.00128710,0.00052707,0.00700641,0.00007277,0.09709746,0.10883906,0.58414972,0.00724230,0.00007569,0.00155464,0.00083886,0.01856232,0.01091901,0.00308304,0.05259183,0.65113854,0.00001425,0.00265434,0.10167141,0.51046562,0.68880922,0.00201887,0.00223758,0.16200963,0.00281332,0.00000544,0.00437554,0.93764853,0.37661633,0.00008737,0.06503867,0.00138547,0.96855444,0.08421964
0.00040410,0.99104118,0.01030991,0.99109489,0.40500599,0.07603806,0.00196287,0.02475386,0.07244153,0.10744444,0.00091010,0.00019556,0.30646229,0.03994393,0.00101450,0.96800345,0.20990604,0.91064328,0.86671466,0.08744296,0.00429479,0.82568049,0.08535422,0.00005904,0.00001764,0.94151479,0.05049881,0.03911441,0.00000105,0.00004028,0.92390412,0.52023751,0.15603639,0.84906763,0.46597070,0.11353120,0.00598827,0.37856960,0.03280988,0.00006285,0.02563948,0.13647477,0.56414372,0.13555941,0.00005824,0.00167204,0.35411268,0.01098154,0.02460409,0.07032248,0.00025744,0.21661614,0.00003303,0.00147618,0.02497211,0.58874851,0.01364845,0.04419057,0.00277705,0.00071578,0.00194206,0.77469409,0.99773479,0.75637668,0.00005663,0.00500144,0.16793688,0.52029651,0.04968761,0.12154366,0.52321410,0.00201323,0.00025407,0.00003392,0.90191841,0.00891640,0.51862216,0.21891308,0.01225685,0.91536117,0.00121212,0.95254230,0.00014777,0.37221128,0.00001143,0.00270464,0.00002216,0.00560875,0.27640191,0.00643239,0.04054765,0.00046194,0.02139417,0.00000083,0.00408094,0.01269024,0.01878354,0.23537961,0.00706927,0.01182814,0.00732762,0.00049472,0.63893878,0.00339346,0.01902342,0.00020973,0.00002834,0.08075842,0.64549291,0.02898676,0.00117678,0.76865250,0.91397595,0.38586888,0.02243854,0.00017019,0.99864423,0.02978002
0.00600698,0.98191255,0.00152653,0.99227297,0.21763140,0.35902190,0.26277071,0.22139637,0.08902667,0.23379757,0.00870401,0.00009387,0.52271181,0.07369000,0.00032262,0.94845802,0.15348777,0.74475545,0.66498995,0.08259568,0.01530996,0.07552519,0.46196163,0.00166796,0.00000955,0.03698172,0.00342078,0.29891029,0.00000359,0.00378762,0.99552649,0.38031879,0.19267981,0.15118524,0.67037493,0.01215473,0.00354414,0.60579312,0.27716085,0.00000776,0.08696871,0.19287741,0.63837373,0.94970125,0.00178609,0.00123561,0.37872362,0.01583825,0.03576376,0.03798711,0.00012579,0.84645128,0.00003289,0.00247563,0.00674499,0.24614969,0.08018075,0.10850109,0.00005286,0.01185063,0.00306327,0.74409974,0.99872416,0.38672128,0.00065981,0.01542016,0.00613632,0.13141493,0.15083463,0.27764019,0.15280452,0.03646682,0.00847548,0.00042793,0.81552452,0.01458359,0.52545810,0.12054621,0.01167415,0.99430263,0.14748821,0.96535701,0.00097871,0.27094293,0.00015212,0.00153767,0.00002523,0.01056627,0.27201366,0.07999420,0.02554065,0.00618152,0.02982084,0.00000005,0.01857227,0.06135870,0.01442737,0.18910870,0.00062803,0.06408618,0.00868158,0.00471871,0.04668390,0.00486513,0.34863514,0.00567642,0.00001405,0.09419819,0.56127262,0.03834212,0.00016406,0.78606641,0.88085705,0.11180118,0.12752275,0.00208159,0.99575448,0.06206352
0.00625698,0.88040745,0.00952888,0.99487591,0.22314565,0.00606964,0.07028151,0.28258145,0.05368127,0.33764496,0.01636714,0.00006316,0.43115044,0.06788055,0.00002866,0.41223538,0.06407937,0.44811690,0.13580909,0.12685481,0.07702251,0.15369453,0.34376609,0.00696020,0.00008521,0.15497024,0.00060298,0.26816174,0.00009827,0.02105705,0.99441677,0.04216937,0.13359347,0.00235845,0.49389908,0.00235233,0.01538302,0.87532318,0.58330870,0.00000979,0.10443243,0.41298929,0.59580392,0.11065696,0.00277020,0.00022180,0.21424472,0.07107820,0.00320691,0.00352903,0.00034526,0.49708971,0.00014102,0.00399923,0.00587418,0.82330281,0.07691776,0.25450936,0.00064215,0.00497256,0.00143050,0.88007331,0.75148475,0.76545221,0.00053548,0.07005450,0.00000064,0.02372365,0.75633544,0.04354196,0.10907445,0.00879768,0.00112592,0.00019852,0.52345109,0.15843472,0.60948831,0.09280229,0.02791383,0.90981919,0.10037859,0.83296162,0.00727393,0.38884786,0.00041519,0.00931135,0.00028752,0.19979918,0.88551164,0.02046149,0.00036693,0.02203020,0.08097726,0.00000070,0.01727748,0.08222553,0.04410821,0.08477561,0.00669785,0.15452103,0.01276609,0.00780769,0.22494861,0.00917174,0.26442182,0.02684777,0.00010517,0.08836274,0.78810316,0.12313739,0.00003502,0.47258765,0.71968311,0.37849420,0.17223845,0.02588194,0.98299718,0.16318326
0.02091254,0.74547690,0.00279041,0.09144942,0.28192878,0.15144916,0.00419739,0.11080398,0.04489345,0.66549593,0.02803760,0.00229955,0.11167331,0.15970071,0.00046536,0.29666260,0.01105848,0.50183511,0.11189070,0.37004673,0.03875438,0.13514414,0.13863918,0.01924475,0.00017466,0.09380136,0.00238239,0.44511047,0.00099661,0.02367663,0.17283788,0.18605664,0.02321601,0.00393740,0.66460437,0.01735716,0.06557672,0.34674677,0.64335257,0.09527882,0.13357730,0.34906286,0.32391772,0.00672230,0.00651117,0.00091080,0.28444275,0.12617771,0.00424722,0.00911620,0.00062633,0.24426578,0.00029874,0.02894060,0.01980740,0.98517084,0.27350631,0.45244619,0.00001885,0.03508831,0.00541445,0.92117512,0.21571742,0.01807116,0.00051552,0.22477958,0.00000055,0.04137800,0.79187709,0.04601169,0.09174737,0.00932193,0.00088131,0.00020173,0.15291388,0.20116189,0.58561194,0.07717954,0.01866969,0.14399579,0.02158113,0.39878052,0.00570039,0.06269890,0.00009862,0.06545448,0.00005292,0.22058165,0.77012789,0.13694197,0.00082666,0.00379669,0.14710078,0.00002094,0.05425074,0.02212663,0.00683215,0.04484486,0.04724051,0.73597288,0.21702889,0.00467397,0.11489625,0.00428058,0.10863091,0.00538435,0.00140382,0.15189353,0.85048622,0.17013282,0.00006165,0.64090478,0.82935458,0.10157214,0.31611052,0.07328998,0.96268028,0.30919090
0.02417938,0.45891473,0.00399874,0.01021329,0.36816487,0.27979141,0.00507032,0.15740441,0.03358350,0.34832400,0.00783806,0.00015578,0.14984503,0.44767359,0.00062694,0.11006425,0.01005246,0.62222654,0.22118679,0.57347512,0.03092925,0.06578188,0.21777485,0.02960645,0.00593401,0.12565656,0.00287554,0.39870742,0.00354547,0.05850922,0.00153953,0.09740926,0.09241908,0.06266191,0.67349541,0.20577051,0.10617504,0.55062300,0.12893234,0.02200634,0.21378227,0.24419455,0.06704757,0.01043625,0.00600213,0.02391480,0.35058740,0.11588113,0.10806841,0.03151006,0.00474013,0.39451000,0.00299983,0.28876570,0.06937436,0.69416964,0.25499374,0.71150696,0.00034381,0.10474898,0.04207291,0.80598402,0.06821439,0.00060392,0.00378360,0.17316622,0.00000527,0.03033199,0.35862172,0.08177482,0.29769787,0.00285857,0.00968840,0.00796808,0.06353269,0.07904247,0.44838658,0.03859469,0.03495308,0.10061522,0.03601827,0.36342454,0.01108129,0.03948177,0.00034390,0.27112287,0.00039431,0.16079064,0.52717531,0.05850168,0.00125835,0.00301193,0.12413850,0.00018085,0.03542512,0.04930800,0.01590450,0.08573839,0.08488375,0.19786577,0.39287841,0.00143626,0.05084022,0.01487894,0.19098397,0.00407368,0.01455710,0.23857413,0.69902110,0.01663999,0.00029797,0.36229336,0.42376715,0.21383783,0.09369254,0.22224067,0.76617628,0.26567307
0.04667567,0.25846040,0.00939827,0.23865739,0.08995368,0.39657161,0.00189633,0.04182457,0.05160623,0.21886209,0.03375067,0.00200911,0.10527385,0.44163525,0.00893768,0.37519273,0.14915314,0.54467547,0.12503393,0.45728770,0.02059325,0.15066312,0.06905978,0.12022223,0.00140346,0.21904851,0.00648684,0.13307153,0.00616244,0.00453612,0.46204412,0.09820602,0.05171805,0.03833854,0.67952931,0.09265536,0.31040537,0.50238061,0.09406551,0.00467811,0.23191510,0.46856061,0.02958246,0.01607106,0.00899701,0.08430949,0.33756796,0.44569945,0.07609147,0.05082646,0.01119415,0.62346864,0.00249699,0.17624801,0.05100754,0.82820088,0.47933140,0.90697169,0.00064774,0.06936658,0.34164867,0.67769504,0.34468505,0.00022857,0.00447112,0.03800157,0.00005063,0.20811456,0.43980029,0.30765226,0.10269081,0.02392866,0.02123086,0.00158301,0.36463448,0.02094446,0.13398473,0.09253387,0.32576802,0.58000350,0.00906759,0.13982403,0.01571373,0.06435362,0.00321484,0.03908909,0.00233152,0.30870950,0.70686471,0.12819523,0.00645871,0.00687508,0.27186584,0.00075758,0.00842454,0.12987107,0.02666723,0.14409330,0.08046318,0.51432812,0.48250663,0.00013235,0.01667039,0.00458772,0.37871256,0.00372545,0.00694015,0.09554287,0.31505439,0.23602015,0.00524356,0.17980099,0.20982522,0.31815860,0.24817632,0.21413702,0.46223062,0.30516416
0.07124102,0.27683407,0.00045827,0.78694022,0.05725730,0.01713287,0.00101403,0.00176282,0.03112467,0.23207073,0.00530764,0.00179699,0.02580049,0.20648959,0.00874647,0.87001109,0.00166591,0.52853245,0.15272948,0.14907421,0.00056247,0.12633944,0.20375490,0.00933991,0.00214424,0.13835856,0.01248368,0.00070139,0.00007252,0.00043891,0.98379624,0.03517385,0.15250328,0.04534124,0.31964311,0.06767794,0.00632001,0.37908226,0.15482260,0.01251088,0.08485245,0.09723299,0.00399341,0.01201634,0.01341260,0.02737699,0.49313483,0.32022479,0.00180006,0.03907615,0.00532631,0.05708032,0.00640960,0.00872860,0.04300645,0.91863555,0.17751805,0.73109514,0.00080089,0.04389089,0.00268183,0.29015556,0.94907892,0.00854461,0.00311212,0.00907109,0.00008486,0.00662997,0.40278870,0.00085880,0.09603120,0.04488313,0.00729324,0.00251129,0.72600049,0.00267762,0.10425830,0.02958050,0.02166303,0.54393572,0.01789990,0.24906196,0.00018289,0.04853017,0.00312021,0.00116133,0.01347547,0.00094732,0.65486765,0.21707176,0.02519917,0.00486017,0.01220685,0.00136156,0.00063843,0.01905828,0.14865798,0.15799634,0.05235351,0.74141139,0.00263585,0.00007120,0.02364633,0.00601775,0.27768245,0.00584242,0.00057698,0.01858820,0.16741085,0.00207048,0.00671568,0.04839974,0.22683351,0.01296633,0.17253439,0.00288653,0.65266544,0.34124112
0.38510358,0.14290871,0.00265668,0.61388886,0.05153950,0.02222677,0.05592842,0.00035934,0.03556621,0.07168788,0.00353159,0.00078590,0.12961014,0.41099048,0.03108074,0.82924682,0.00047137,0.51405716,0.55884713,0.18911417,0.00024347,0.10704242,0.18241024,0.06807472,0.08087354,0.18577868,0.01050872,0.00019640,0.00922298,0.03308310,0.96850109,0.00765791,0.06001870,0.04468838,0.47406974,0.01157233,0.00404523,0.52982974,0.56174952,0.01539211,0.25127044,0.47966424,0.00169049,0.03561016,0.03382713,0.21771392,0.41390610,0.22376415,0.00312481,0.04329843,0.03357513,0.19777575,0.26418555,0.00300505,0.01404679,0.92324126,0.35907891,0.80287510,0.00199479,0.33815062,0.00226263,0.42619655,0.50542212,0.00501427,0.00271156,0.01364016,0.00000709,0.00029803,0.54976225,0.00111597,0.20161286,0.09350818,0.11611092,0.04487710,0.33922604,0.00417150,0.02272297,0.04408389,0.01748250,0.22997764,0.10034083,0.32889366,0.00257609,0.14132309,0.16141912,0.00116114,0.03082139,0.00057497,0.60654855,0.46268544,0.05517752,0.07086557,0.02382453,0.09374171,0.00075720,0.29806840,0.60768199,0.14421670,0.05802625,0.97918308,0.00705996,0.00493549,0.00984272,0.27223897,0.37332410,0.13986629,0.02089351,0.11905809,0.19745935,0.00265376,0.01857730,0.02089881,0.00422943,0.01772729,0.07819939,0.00479976,0.54838902,0.16928521
0.36377352,0.32508510,0.00520233,0.05885482,0.06514490,0.04389177,0.31484348,0.00020693,0.03233376,0.08648172,0.02253665,0.00050246,0.42442176,0.59191442,0.02155602,0.14646296,0.00027788,0.61884838,0.26896492,0.20421891,0.00003178,0.12728225,0.02377895,0.14351502,0.02586044,0.39591724,0.01591116,0.00003439,0.00077401,0.00250612,0.16365182,0.00859536,0.12019127,0.05170205,0.58958805,0.00155396,0.00147420,0.57557905,0.43102312,0.08801512,0.66803437,0.48504144,0.01840604,0.00771248,0.20635062,0.30842116,0.53389418,0.07998588,0.01041376,0.01403986,0.18638356,0.33218256,0.28161934,0.00522603,0.01062337,0.86085087,0.56281787,0.58906096,0.40327284,0.28065515,0.00288352,0.41125086,0.01404609,0.07664012,0.00519874,0.03934116,0.00000029,0.00600057,0.58168608,0.00342617,0.11252035,0.20636779,0.05486089,0.12987186,0.14153033,0.00389453,0.00635806,0.06121095,0.00529907,0.05023230,0.03699508,0.33482996,0.05879471,0.22148895,0.13197400,0.00057562,0.00730336,0.00065191,0.57851261,0.24527870,0.70220625,0.11827332,0.01847654,0.06292104,0.00306936,0.14300571,0.09230876,0.36497396,0.03304366,0.97238189,0.00359852,0.00852221,0.00555329,0.05122247,0.41086227,0.25541022,0.01611307,0.00536989,0.12897107,0.00157319,0.05038191,0.00690406,0.00611102,0.00170704,0.10240560,0.00076809,0.45252639,0.15889029
0.21433400,0.60269016,0.01010751,0.20547290,0.07348445,0.01132869,0.19613242,0.00029525,0.10363664,0.05675861,0.60735643,0.00080617,0.11270068,0.74594009,0.21239871,0.48793620,0.00011506,0.91126871,0.29587546,0.03460895,0.00002280,0.34440324,0.06500683,0.05543234,0.01202847,0.27395692,0.00306697,0.00000177,0.00010349,0.00154386,0.01350254,0.00894569,0.34187174,0.00977985,0.59143925,0.01666179,0.00003324,0.62365985,0.40246755,0.05597059,0.92512280,0.55051029,0.03201059,0.00053300,0.18781756,0.40596700,0.66731876,0.04683154,0.00194581,0.01782073,0.03664839,0.22447924,0.23662961,0.00250799,0.00684624,0.97505420,0.30596760,0.71797621,0.86186206,0.10052827,0.00204600,0.38640881,0.97211790,0.20523973,0.01202630,0.01288107,0.00000005,0.00982103,0.50551480,0.00793618,0.03490114,0.18370977,0.03829380,0.14034882,0.85225481,0.00001645,0.00089809,0.05336656,0.00419480,0.18396758,0.01684409,0.73393971,0.01609343,0.04882109,0.03602861,0.00298652,0.02189085,0.00034134,0.98761010,0.11496059,0.94797665,0.00595375,0.01051158,0.07172214,0.02275947,0.02990252,0.69908231,0.54032564,0.08526079,0.99574751,0.00135296,0.02227337,0.01614595,0.01278809,0.75875974,0.05114269,0.00185150,0.00583521,0.01939150,0.00007828,0.10032420,0.00020143,0.02676371,0.00058157,0.10643400,0.00218595,0.74779761,0.48577744
0.06401818,0.19723172,0.04551985,0.96694469,0.01903235,0.13714090,0.05150082,0.00000016,0.11867645,0.00806650,0.20125416,0.00239903,0.12146827,0.68535060,0.74169654,0.83033210,0.00025902,0.60488605,0.44025379,0.12597342,0.00000069,0.31297010,0.11899046,0.07749338,0.02009672,0.48060331,0.00185859,0.00000031,0.00000482,0.00237012,0.65019274,0.00211340,0.35128459,0.13458227,0.72183901,0.57401657,0.00021028,0.32438609,0.42553306,0.01354908,0.93733478,0.47634009,0.00281122,0.00862433,0.04096334,0.04185623,0.77429670,0.06248597,0.02302928,0.07092553,0.01997329,0.45029965,0.29709041,0.02495747,0.00070340,0.98189670,0.18200944,0.68345928,0.61771655,0.01646543,0.00000009,0.17380695,0.98819733,0.00021277,0.03809051,0.00031671,0.00000005,0.00050537,0.97212124,0.00090859,0.04430539,0.41125295,0.00738957,0.25631079,0.68895870,0.00043849,0.00114279,0.03104598,0.00622972,0.53675359,0.01499866,0.76841539,0.01480117,0.10990391,0.00127978,0.04168186,0.10936805,0.00195573,0.99714851,0.13036521,0.87171268,0.00773047,0.01147884,0.09743557,0.00102031,0.07417347,0.82820648,0.08510506,0.04518203,0.97801757,0.00011634,0.00051882,0.00722878,0.00412937,0.87690431,0.00957922,0.00149499,0.00089535,0.06947779,0.00000836,0.19280998,0.00000856,0.72767919,0.00010556,0.23142530,0.00004364,0.60405040,0.41353196
0.24427749,0.31727016,0.00001282,0.98495370,0.00245953,0.01503026,0.04079290,0.00002068,0.63025218,0.01553075,0.54793692,0.00023808,0.26232964,0.19875616,0.66068065,0.99942040,0.00003064,0.85201210,0.34153861,0.04827339,0.05015690,0.27583840,0.21679416,0.25092888,0.01607639,0.42309561,0.06967497,0.00003452,0.00011254,0.00000247,0.99889416,0.00205113,0.60651052,0.40234321,0.64983505,0.13209076,0.00002201,0.39716509,0.34960097,0.01803270,0.63448381,0.67852771,0.00016041,0.00583587,0.01560616,0.04215010,0.98788357,0.27281234,0.01667096,0.00997909,0.00106894,0.41663462,0.13708189,0.28952262,0.00007104,0.95403743,0.57401258,0.31790349,0.06285822,0.00021635,0.00110131,0.74288946,0.99550766,0.00134154,0.01707999,0.00005681,0.00000328,0.00383726,0.99229181,0.00016565,0.00346735,0.31720304,0.00453323,0.08737031,0.84338242,0.00032927,0.00877317,0.27836674,0.00223430,0.58522874,0.00403389,0.75522763,0.00924065,0.05502828,0.00005076,0.00001035,0.19959922,0.00000815,0.94297546,0.12586655,0.35228580,0.00395441,0.00034623,0.00445172,0.00723792,0.13371754,0.97580743,0.66129810,0.78723717,0.98669297,0.00000215,0.11663442,0.00810290,0.00020698,0.55554467,0.00150800,0.00021661,0.00000002,0.27370679,0.00003518,0.07442604,0.00046675,0.82215959,0.00305414,0.51164216,0.00000221,0.70893401,0.95070475
0.48245734,0.50784063,0.00030431,0.00708744,0.03472138,0.00196407,0.01548798,0.00048840,0.99960750,0.07029258,0.00722811,0.08244216,0.02513039,0.22097757,0.27642918,0.99683326,0.00054874,0.94094664,0.17735726,0.02326429,0.00027517,0.14085914,0.02302156,0.14067222,0.02181786,0.74746478,0.10723976,0.00029613,0.00000118,0.00000481,0.98524964,0.00023101,0.36192167,0.47616529,0.42067757,0.00621242,0.00020066,0.54857868,0.29709449,0.02651482,0.72062457,0.99258065,0.00179403,0.12319443,0.21262823,0.03653521,0.94648230,0.15336622,0.00054427,0.00540707,0.00140223,0.03523025,0.00570252,0.00147455,0.00000285,0.93291181,0.01820775,0.00993737,0.11218946,0.00217776,0.00000963,0.96166843,0.98464632,0.03163424,0.03923168,0.00021152,0.00208645,0.00346776,0.94377446,0.00011873,0.06616485,0.08100232,0.00221924,0.17371342,0.96776283,0.00072233,0.00012320,0.11939690,0.01447309,0.26431429,0.00057662,0.96875453,0.00037895,0.05009177,0.00042129,0.00046104,0.01181560,0.00009761,0.95112664,0.33486676,0.14152393,0.00162363,0.00024022,0.00017514,0.00014445,0.43326637,0.79405856,0.42898789,0.32775429,0.98508567,0.00007951,0.71653205,0.00002153,0.01560545,0.98927969,0.00005414,0.00000890,0.00011364,0.04999419,0.00000507,0.13607559,0.00207231,0.05371155,0.00458156,0.40412098,0.00003064,0.77750802,0.64683324
0.08845185,0.04951216,0.57921588,0.88905454,0.01496812,0.01184323,0.00889337,0.00850818,0.01617335,0.36913443,0.01615136,0.81518924,0.00156374,0.00031609,0.32011721,0.99754971,0.00148385,0.96851397,0.00101935,0.12717199,0.02711681,0.95447397,0.03886824,0.00003044,0.01453930,0.21624810,0.64506876,0.04329715,0.00000141,0.00002708,0.96157765,0.13088153,0.14494662,0.93959039,0.54627901,0.18697985,0.00173274,0.21819873,0.00008858,0.00360440,0.31188071,0.00021642,0.00042329,0.00937090,0.00042596,0.00057310,0.06884028,0.11389979,0.00219895,0.22440830,0.00066203,0.00372565,0.00008267,0.00161223,0.43723208,0.68110687,0.19142285,0.72946656,0.00248883,0.00027277,0.00176900,0.00175702,0.98482239,0.10389374,0.07410685,0.00724248,0.50954831,0.01726743,0.81358433,0.00133721,0.68471551,0.00096783,0.00015927,0.00034205,0.99145311,0.00216060,0.67409480,0.00080505,0.03430732,0.86198121,0.00024755,0.52961379,0.00000895,0.15759441,0.00048365,0.00694110,0.03333652,0.00382845,0.33023277,0.61226606,0.63933986,0.00012771,0.04373501,0.00002563,0.00396103,0.99950987,0.39626887,0.25130415,0.85588229,0.79321063,0.01127057,0.00068224,0.88322228,0.00079371,0.46605819,0.00180238,0.00003503,0.08415045,0.90897834,0.00072621,0.00450709,0.00478618,0.87748915,0.03201599,0.04700037,0.01604871,0.51875120,0.78168607
0.94902188,0.00957283,0.44353309,0.97222978,0.00014391,0.05647840,0.01250177,0.12882811,0.00867786,0.13434522,0.18247247,0.83866894,0.05265849,0.00001060,0.97626978,0.99908102,0.00025757,0.91958421,0.16224147,0.20828202,0.06096244,0.98161268,0.12694475,0.00000104,0.00104452,0.35196197,0.11543822,0.01710836,0.00006807,0.00227627,0.99351990,0.01702553,0.07584202,0.00454006,0.81063330,0.00333509,0.03007931,0.16033223,0.00505826,0.00035172,0.71659803,0.00741193,0.00113758,0.00333988,0.00051499,0.00590042,0.31851399,0.45767027,0.00244448,0.24655938,0.00014612,0.00136194,0.00101736,0.00752172,0.31500110,0.99247390,0.38931748,0.40760028,0.00029803,0.00287170,0.00460966,0.00676111,0.98890674,0.77240777,0.01038365,0.01437902,0.48276478,0.87595421,0.84172666,0.00099465,0.19795188,0.00468425,0.00004438,0.04177541,0.11290963,0.01005900,0.71008760,0.00452145,0.00959088,0.93747371,0.00261162,0.17002460,0.00024146,0.34533745,0.00018399,0.01430874,0.00002418,0.00675636,0.20367041,0.71520740,0.15044105,0.03972457,0.02660530,0.00000586,0.00355653,0.99247289,0.70494688,0.51946563,0.91717803,0.68922323,0.01806678,0.04332498,0.73352230,0.07647312,0.43779096,0.12578332,0.00061987,0.04557604,0.28847164,0.00096681,0.00045768,0.00097227,0.40097147,0.01284709,0.14165123,0.02935056,0.67902780,0.98863149
0.93936759,0.00003070,0.04609307,0.97304058,0.00000000,0.06144097,0.00352371,0.13568197,0.02887052,0.06109997,0.25541186,0.94349551,0.13276069,0.00000014,0.77380419,0.95727396,0.00655251,0.21550937,0.38140732,0.22393745,0.15756267,0.79514790,0.02666956,0.00000386,0.13058999,0.69942617,0.00012959,0.00009928,0.00005484,0.00248287,0.99742883,0.03917588,0.01359764,0.25558001,0.39333004,0.00151671,0.07115261,0.25808278,0.00378346,0.00028731,0.34479260,0.00420205,0.00104589,0.02981384,0.00559528,0.02182677,0.17521347,0.49398115,0.01314919,0.43908852,0.02864623,0.00255770,0.00332282,0.04853090,0.50186336,0.74056387,0.18038386,0.44735929,0.00026315,0.01661806,0.00365487,0.00655189,0.57055050,0.31174996,0.20031410,0.03732563,0.20412104,0.70493901,0.35485688,0.00203851,0.56251013,0.00175564,0.00062400,0.01430636,0.00089092,0.09097212,0.82610607,0.02380456,0.02034593,0.69879603,0.00219929,0.04416214,0.00115776,0.35228729,0.00115565,0.03142883,0.00021635,0.00359688,0.01677431,0.51184970,0.00416952,0.07109126,0.12401660,0.00009700,0.00729973,0.96663338,0.34848431,0.33441195,0.49605194,0.68866813,0.05695546,0.02158289,0.66279757,0.03631072,0.21826228,0.01561521,0.00104240,0.07034581,0.66778868,0.00289926,0.00033704,0.03616134,0.00000161,0.02767722,0.67570853,0.00406063,0.81934863,0.96110940
0.58994901,0.00267950,0.02693550,0.31903815,0.00000007,0.47230518,0.00375682,0.54993016,0.29124814,0.27216366,0.11829087,0.97355443,0.04539416,0.00088946,0.16266805,0.39516982,0.04656775,0.61907476,0.04271866,0.20907503,0.01018526,0.51449561,0.01802706,0.00000006,0.01204403,0.17951055,0.00066112,0.00075582,0.00058467,0.02658699,0.90976608,0.02863550,0.09804516,0.40197363,0.25856116,0.00491477,0.06811698,0.63848466,0.03779646,0.20865908,0.10464986,0.01603501,0.02665164,0.00865451,0.00297944,0.01377969,0.44050786,0.49495307,0.00821931,0.53533906,0.12846805,0.00296079,0.00057001,0.09367894,0.53375328,0.64141655,0.08739335,0.56550944,0.00220884,0.00605610,0.53231889,0.00033317,0.31856480,0.12214778,0.05910840,0.13059509,0.30766913,0.74776238,0.46379173,0.00479786,0.76633066,0.03814941,0.03584065,0.12455166,0.00894344,0.18174811,0.54760659,0.01254594,0.00418303,0.17780636,0.00432587,0.04131647,0.00154789,0.39931229,0.00165184,0.05152131,0.00004601,0.02869275,0.61493599,0.87159753,0.05309064,0.00015881,0.31873330,0.00000257,0.01712947,0.48281020,0.01750856,0.38780281,0.32984334,0.42043364,0.02958775,0.00424181,0.32950473,0.00750545,0.27843389,0.00039400,0.00391842,0.05199613,0.86128962,0.00931147,0.00003472,0.05792653,0.12360215,0.02868259,0.40680394,0.00630752,0.64806378,0.63125074
0.13436407,0.01211326,0.01470464,0.00653948,0.00000002,0.76838928,0.06830208,0.23671766,0.67654711,0.04328042,0.04648532,0.84834296,0.04242033,0.00524279,0.23474354,0.03803658,0.38587818,0.46370897,0.03669117,0.38085026,0.01408071,0.35960326,0.01969007,0.00000019,0.20964375,0.55653274,0.00059499,0.00431009,0.01826852,0.01185256,0.02289194,0.08742454,0.13503154,0.65636063,0.18709876,0.00162923,0.05257672,0.36798081,0.03940501,0.03580185,0.14483008,0.02575913,0.15559497,0.00440706,0.02068384,0.03139877,0.22137725,0.42768133,0.02807899,0.19272058,0.01862374,0.00165426,0.00192629,0.19798346,0.62160134,0.69274336,0.03745235,0.64140147,0.00143971,0.00487969,0.08444098,0.00320992,0.11218753,0.01864891,0.14681594,0.19226314,0.47242481,0.65503037,0.31568351,0.00836194,0.67334765,0.00367505,0.00531198,0.07651789,0.78543681,0.07333608,0.75400680,0.07270303,0.00829361,0.46403766,0.00515396,0.02823661,0.01444063,0.75224161,0.00182947,0.16298892,0.00003062,0.10254967,0.36377636,0.55058587,0.00883308,0.00019601,0.21555591,0.00008603,0.01173016,0.35047382,0.03714116,0.39247093,0.61180192,0.16157705,0.12108359,0.01896458,0.69290859,0.00328387,0.15823586,0.00043862,0.00643701,0.05771271,0.77525300,0.01450965,0.00049573,0.11701861,0.11445869,0.09136180,0.51880932,0.00716955,0.35746908,0.53582287
0.15436733,0.08444880,0.06004751,0.31284508,0.00001137,0.89386922,0.11839369,0.03886608,0.59757680,0.20120642,0.01270206,0.60332757,0.01990411,0.01283771,0.24535684,0.59741122,0.83033186,0.42959550,0.09615418,0.36567113,0.02641285,0.30994081,0.02203721,0.00000092,0.00298185,0.62800497,0.00131063,0.04037983,0.00400585,0.01269626,0.11477948,0.03127221,0.05220748,0.24668692,0.35929143,0.00335019,0.43497851,0.35764894,0.12300017,0.00628380,0.35167319,0.31937954,0.03206082,0.01473078,0.00552992,0.04913506,0.27855828,0.50384235,0.13442469,0.17627414,0.01771507,0.00396691,0.00220460,0.08138654,0.49231300,0.37401503,0.23442951,0.64291900,0.01190397,0.00072861,0.72785807,0.18134004,0.81871694,0.02502051,0.08523486,0.01164740,0.40723142,0.66188544,0.52862358,0.25953183,0.27974501,0.05160457,0.00523894,0.03228280,0.76371235,0.01619887,0.10423803,0.25271645,0.01133657,0.72641563,0.00478903,0.05398918,0.06799916,0.48110580,0.00278882,0.02755999,0.00150687,0.31223422,0.09426685,0.48028362,0.07798614,0.00178641,0.25956789,0.00012274,0.00610479,0.20195498,0.03298914,0.22690485,0.40313977,0.06132443,0.04356762,0.00727549,0.29671454,0.00058728,0.63394433,0.00010800,0.00092582,0.01966298,0.42704916,0.11051713,0.00276652,0.29967910,0.15789729,0.11818328,0.13600110,0.01195631,0.26323608,0.14518717
0.07536085,0.14908770,0.00248937,0.73664194,0.00018270,0.01693399,0.04696730,0.00821614,0.25277731,0.20989475,0.00069077,0.45641375,0.01856439,0.01911750,0.04393111,0.74951208,0.01211196,0.64523131,0.10925334,0.19002599,0.00478850,0.17311868,0.02500995,0.00000118,0.02779061,0.29065362,0.00347346,0.00287367,0.00000757,0.02286474,0.90980315,0.02297803,0.33948919,0.31000978,0.33401239,0.01680055,0.00252239,0.45820186,0.14757968,0.02118757,0.17299029,0.03760172,0.01415247,0.04408523,0.01794879,0.07280367,0.12908171,0.27696821,0.00330430,0.01266847,0.00679395,0.00016111,0.00269850,0.00338554,0.33774817,0.72492558,0.05796159,0.24339637,0.04884859,0.00766104,0.00743174,0.08130972,0.94707602,0.03573411,0.07960095,0.00208850,0.27435446,0.03044380,0.18306732,0.00364832,0.09313804,0.13763933,0.00514514,0.03566154,0.69712347,0.00163248,0.08634676,0.13017955,0.00242504,0.41282633,0.03133049,0.02278360,0.00284122,0.22202925,0.00183797,0.00092442,0.01095212,0.00107970,0.08868547,0.38297677,0.25362578,0.00460564,0.01355257,0.00073651,0.00587215,0.04526073,0.09927713,0.11773083,0.22346017,0.06640313,0.00022077,0.02436735,0.47391605,0.01151397,0.24909176,0.00051722,0.00005983,0.01548911,0.57333279,0.00217136,0.00342486,0.06250510,0.18830736,0.00845919,0.14174165,0.00309283,0.42025232,0.09000102
0.22112593,0.07296364,0.00778897,0.75333184,0.00006064,0.03058225,0.67087281,0.00658274,0.61976629,0.28892076,0.00002104,0.51740509,0.16867171,0.04890290,0.04508224,0.70220268,0.08671949,0.08483146,0.66731024,0.22816727,0.00898851,0.16142869,0.01303827,0.00013121,0.04574823,0.22035356,0.00954994,0.00294690,0.00011533,0.66979271,0.84326589,0.00624229,0.10554997,0.00504858,0.48246098,0.02098319,0.00222007,0.40609232,0.30186993,0.05216366,0.10724249,0.12812600,0.00528664,0.07722757,0.13512397,0.20657562,0.14595729,0.39485586,0.00246248,0.00657842,0.02840314,0.00021998,0.02653937,0.00249827,0.39491382,0.47079012,0.47631988,0.20680547,0.07106123,0.10495723,0.10804009,0.10408893,0.13836063,0.00422146,0.02717089,0.00134250,0.39803508,0.02426160,0.09922770,0.03309835,0.01718350,0.05295068,0.16914135,0.40142184,0.00749112,0.00174003,0.00659013,0.19854379,0.00033461,0.40288341,0.16839632,0.00726312,0.00721773,0.62649763,0.08715793,0.00196015,0.03125615,0.00056852,0.03022240,0.36935246,0.07810038,0.07793219,0.03173075,0.01959222,0.01565550,0.18505459,0.64421833,0.21930392,0.24850489,0.12922856,0.00006589,0.23312546,0.23992360,0.43143037,0.12673408,0.01338773,0.00361187,0.17869961,0.21756493,0.01172097,0.00434717,0.05775047,0.03164969,0.02688450,0.17017460,0.01607740,0.31394753,0.01697534
0.09852960,0.05424069,0.10455137,0.28011128,0.00002016,0.11607367,0.16768737,0.00668424,0.64486319,0.23654230,0.00000387,0.71389997,0.10226969,0.04027722,0.00937276,0.07120866,0.23946664,0.15900792,0.68763930,0.57048213,0.00716317,0.20083213,0.01996808,0.00479145,0.02960925,0.02155821,0.01179394,0.00261692,0.00040808,0.12539226,0.74213713,0.00440135,0.31177500,0.00903564,0.23874858,0.13643540,0.00159314,0.55813736,0.13138330,0.02116853,0.08111262,0.14892925,0.03688649,0.00490694,0.18368179,0.07993924,0.39708230,0.25939611,0.00372082,0.00097875,0.01687727,0.00013512,0.04867803,0.00135862,0.12134909,0.58925092,0.55691063,0.17974697,0.23687670,0.05845078,0.21373019,0.12756313,0.04008776,0.00001233,0.01696250,0.00073724,0.08957453,0.00326165,0.11003043,0.00615799,0.01079698,0.03783052,0.06116590,0.16392322,0.00404835,0.00072846,0.00467808,0.05291766,0.00060288,0.63688344,0.26596433,0.00078364,0.01022262,0.80123341,0.11759064,0.00244824,0.14475185,0.00270708,0.02741364,0.47585544,0.21274231,0.01987246,0.01203768,0.04520417,0.07615978,0.27282164,0.13302073,0.25681785,0.52690881,0.03063991,0.00012960,0.08433884,0.13440597,0.03566492,0.09742873,0.21259230,0.02083522,0.07076105,0.83687258,0.02781540,0.01773666,0.05744756,0.05412205,0.00178302,0.09428762,0.00661183,0.03203126,0.05729714
0.22779667,0.14437969,0.23628409,0.31263638,0.00007429,0.01876637,0.14812170,0.00995565,0.69038475,0.25257170,0.00000157,0.72822326,0.04349189,0.07970393,0.03803528,0.83913159,0.02004613,0.18784656,0.51476729,0.87143797,0.04347366,0.09361525,0.00392849,0.01765675,0.36788294,0.01945056,0.11109903,0.00452806,0.00120085,0.00036921,0.70260000,0.00508595,0.41224664,0.00017902,0.25106102,0.71807271,0.00087071,0.72400934,0.28732881,0.13185267,0.13392384,0.03917501,0.06654833,0.00338167,0.09913702,0.05348305,0.54593366,0.28331500,0.02056308,0.00045693,0.00243552,0.00002761,0.02792058,0.00102917,0.08632705,0.69772112,0.15947790,0.08467481,0.06884576,0.08786650,0.00844307,0.06851287,0.71233553,0.00006150,0.00394562,0.00030966,0.68099385,0.00212440,0.14603244,0.01315626,0.01143182,0.01731778,0.00309230,0.15089010,0.60486698,0.00006776,0.00060996,0.11427677,0.00003381,0.59213710,0.18589725,0.03579937,0.00539876,0.61346382,0.06039272,0.00353454,0.27065924,0.00083818,0.06873431,0.71354693,0.60518694,0.01915862,0.00154185,0.05091983,0.08510860,0.26349416,0.05657891,0.22266564,0.53626412,0.10536129,0.00034398,0.02485432,0.05323754,0.03059886,0.09688368,0.29000771,0.00620242,0.03205630,0.93560088,0.00117170,0.09243236,0.03221192,0.88183582,0.00462817,0.24470083,0.00236108,0.28936073,0.05306107
0.27887234,0.04408725,0.36863527,0.20538671,0.00004250,0.00609470,0.10495669,0.00038808,0.23063689,0.18675978,0.00000039,0.65083885,0.00241543,0.00946780,0.02625919,0.99903512,0.00952791,0.14694777,0.82409328,0.88314974,0.26102635,0.06190159,0.00252606,0.16378455,0.27098235,0.52769500,0.06922183,0.00001650,0.02689138,0.00164584,0.28044304,0.00120944,0.43331480,0.00051047,0.37959269,0.93546379,0.00032734,0.93800014,0.48474190,0.12409091,0.11774054,0.03798408,0.02107457,0.00630230,0.03524652,0.17927632,0.17630778,0.41547230,0.00531720,0.00000525,0.01031147,0.00043888,0.00709216,0.00077690,0.19047536,0.75848752,0.59773207,0.06866014,0.02020868,0.01852313,0.00035608,0.21227545,0.99507707,0.00007105,0.01335962,0.00000279,0.35859206,0.00018963,0.28902709,0.00734469,0.02232365,0.14502178,0.00073362,0.04918807,0.99268657,0.00001228,0.00012083,0.07055462,0.00007945,0.91052091,0.36787650,0.07590399,0.00500689,0.02686001,0.07187937,0.00178396,0.13758352,0.00627426,0.01339105,0.70444757,0.20111483,0.01536835,0.00010164,0.02809231,0.24914080,0.55936813,0.08849803,0.03489765,0.47040060,0.07584172,0.00012068,0.01355238,0.08663045,0.02886636,0.04445055,0.17474774,0.00212677,0.01184189,0.98276436,0.00116184,0.16923895,0.06789325,0.64962584,0.01716126,0.30271754,0.00667634,0.85156572,0.10987285
0.36075285,0.05799554,0.69270349,0.98584431,0.00001609,0.04131590,0.01458292,0.00302209,0.77417368,0.22451665,0.03842450,0.53317124,0.17917594,0.01929818,0.20526016,0.99411339,0.00458061,0.33410877,0.43810391,0.75349557,0.00006381,0.03891591,0.00129162,0.04939954,0.03450535,0.00184118,0.29101485,0.00033543,0.24797784,0.00355320,0.96901435,0.00360445,0.77359521,0.12551026,0.50397891,0.36418411,0.00001667,0.97612631,0.41725606,0.07067639,0.00943871,0.28959879,0.04693268,0.05422779,0.01714750,0.65888083,0.09001317,0.56829321,0.00000748,0.00220383,0.00555590,0.00120547,0.04484850,0.00001051,0.83727062,0.89629596,0.11640551,0.09451913,0.00534797,0.39686641,0.00526834,0.22634982,0.99193555,0.00085870,0.00182721,0.00010928,0.22047378,0.00143051,0.14698003,0.00077839,0.00516170,0.78224301,0.00174731,0.03496238,0.73998272,0.00002957,0.00001700,0.18788905,0.00000891,0.75232750,0.45176557,0.03392991,0.00754775,0.01738564,0.05680743,0.00042862,0.11698543,0.00047384,0.00098260,0.36747986,0.38377762,0.03354625,0.00008615,0.01673942,0.00004301,0.22063340,0.05700119,0.09349847,0.14126071,0.18479025,0.00035317,0.00530116,0.07834356,0.08114250,0.05170675,0.15035987,0.00048171,0.03289321,0.99673986,0.00529588,0.01722487,0.01040618,0.57537025,0.03974566,0.48867449,0.00024478,0.46485201,0.02245722
0.33898154,0.00845012,0.42108688,0.93761188,0.00043386,0.02918386,0.01986208,0.00244237,0.93550193,0.25271043,0.00049131,0.07226057,0.16425142,0.00295764,0.01799073,0.99463028,0.00096038,0.55761677,0.30410495,0.19630633,0.00243455,0.08962473,0.11971504,0.02387352,0.17496897,0.08423632,0.02529642,0.00002727,0.69787604,0.00181780,0.97692496,0.00166564,0.62443984,0.05072467,0.43844432,0.06022325,0.00004033,0.49600795,0.06108333,0.03946854,0.00013304,0.00093665,0.14039016,0.04022051,0.07063299,0.37084880,0.05614937,0.61465013,0.01923470,0.01423190,0.00171428,0.00000136,0.04096258,0.00015063,0.77189440,0.96717274,0.84493536,0.00097045,0.00042366,0.33610779,0.31424052,0.66699195,0.95997739,0.00160942,0.00072623,0.00010994,0.07455568,0.00000492,0.75458741,0.00038061,0.11983365,0.11370952,0.00026197,0.01035256,0.67942303,0.00146027,0.00017895,0.12825391,0.00006021,0.84244400,0.06962888,0.16002963,0.00006498,0.02192402,0.07024737,0.00022559,0.03959733,0.00190304,0.00723097,0.80077147,0.00735606,0.00032665,0.00024825,0.00105906,0.14347255,0.01829004,0.14948826,0.14635584,0.01293442,0.47728372,0.00002968,0.00422828,0.10579962,0.01607409,0.04365722,0.70721644,0.00002381,0.00109227,0.98728818,0.00000692,0.04433590,0.00458911,0.55336785,0.00304509,0.62326109,0.00020329,0.90327185,0.01843684
0.02517623,0.26991421,0.00000641,0.78300202,0.02260951,0.01889625,0.00046679,0.01949537,0.02292974,0.52791756,0.00814130,0.01011643,0.00003126,0.01742976,0.02489236,0.99673522,0.00029730,0.99703205,0.05814143,0.02622351,0.00262188,0.02149891,0.16880079,0.00007289,0.01565915,0.72241950,0.04906017,0.01788308,0.00000061,0.00006780,0.98852181,0.99532849,0.64770800,0.38081583,0.00394525,0.00916676,0.08431695,0.00737690,0.20331295,0.00419863,0.03140922,0.12242853,0.13566409,0.00020119,0.00577742,0.00002222,0.01014779,0.00782123,0.09860889,0.04116900,0.00036798,0.01230006,0.00388971,0.00872818,0.07091775,0.62307256,0.03450935,0.06730659,0.00034042,0.00214951,0.00752275,0.63391495,0.98800910,0.38309574,0.61988908,0.02402443,0.15295957,0.47396579,0.65195465,0.00034198,0.30699310,0.08165031,0.01440636,0.17595522,0.98628134,0.01879493,0.49296442,0.31515184,0.02373721,0.08491279,0.00054275,0.88375455,0.00053724,0.00025640,0.00001335,0.00507982,0.00560638,0.14626674,0.00394920,0.26949021,0.20028885,0.00001308,0.06000696,0.99963123,0.00968044,0.02159193,0.00033613,0.61834556,0.32332954,0.97044837,0.00780414,0.00001666,0.24965596,0.00010322,0.04345483,0.00129330,0.00003431,0.01031037,0.23925336,0.00268593,0.00065744,0.06419616,0.90169418,0.06666144,0.13021792,0.01692505,0.04350556,0.03203759
0.03927321,0.35336420,0.00021755,0.98475152,0.08846191,0.03255730,0.27768001,0.08622693,0.00433896,0.91764116,0.00476739,0.39870554,0.02122534,0.13751630,0.25304434,0.99914068,0.00219070,1.00000000,0.12250259,0.09808493,0.00530409,0.12340360,0.20670980,0.00026235,0.00004014,0.64045942,0.32997680,0.04975737,0.00003158,0.05479852,0.99833012,0.99769288,0.85047704,0.23838530,0.00547802,0.00120498,0.01019657,0.31292975,0.45286912,0.00007043,0.25801939,0.46449235,0.10390218,0.00000452,0.00036255,0.00023920,0.11609246,0.06228640,0.01343151,0.11570297,0.00001355,0.00582622,0.00149425,0.00545466,0.01353186,0.97601569,0.06743239,0.34114379,0.00014446,0.00162102,0.08158701,0.82088560,0.99946117,0.77373928,0.49195635,0.17040753,0.08710358,0.77346110,0.67608935,0.00843107,0.04596606,0.49547362,0.11135282,0.30442664,0.96345741,0.01687840,0.59960485,0.12372018,0.20428441,0.09593459,0.01487867,0.96038920,0.00024732,0.00006617,0.00143851,0.12844729,0.00190136,0.07622121,0.23793522,0.25479501,0.00687872,0.00015821,0.09280848,0.99954307,0.07894934,0.09312828,0.00758272,0.41293642,0.49631476,0.98301482,0.00366473,0.00043252,0.01264167,0.00245683,0.11558753,0.00458874,0.00000391,0.00415821,0.06383549,0.04573741,0.00045074,0.00000812,0.59629172,0.08322629,0.01163837,0.03977434,0.02053006,0.41635317
0.13794258,0.08192296,0.00009367,0.40326953,0.13354486,0.00932571,0.01750902,0.09536612,0.01068699,0.63646191,0.00572020,0.02842737,0.01056166,0.05370081,0.37231103,0.44876036,0.01263252,1.00000000,0.28052595,0.02717640,0.01220916,0.19025494,0.37312457,0.00510518,0.00016824,0.33245909,0.01480472,0.02176768,0.00041000,0.00262459,0.59003884,0.99766022,0.95833176,0.72940236,0.02085404,0.00009715,0.00435438,0.20428962,0.24948654,0.00040955,0.02159864,0.17181057,0.10354662,0.00003148,0.01381827,0.00255138,0.35565975,0.14362983,0.17696971,0.24154922,0.00027805,0.01832326,0.02615566,0.01297211,0.04463679,0.81112814,0.04843006,0.09892621,0.00000636,0.02580201,0.01866473,0.50107789,0.22149891,0.97934264,0.47504422,0.07891246,0.37385407,0.23599476,0.41301852,0.16520745,0.02466096,0.14299411,0.39219245,0.34478605,0.00013043,0.03629759,0.22059318,0.31977516,0.14301170,0.12507853,0.00156012,0.95831120,0.00096773,0.00008379,0.00175537,0.00803731,0.00016484,0.00968569,0.15871853,0.40913647,0.00019310,0.04388319,0.05968458,0.71496809,0.01827357,0.12814966,0.12849705,0.58208299,0.28630397,0.82522762,0.00283974,0.00194935,0.05463892,0.06616263,0.18210463,0.00645315,0.00018968,0.01899367,0.10711729,0.01374611,0.00002695,0.00212531,0.19866064,0.32704827,0.02320865,0.29176298,0.06459169,0.16762498
0.02301774,0.02108315,0.00307877,0.16328038,0.10796893,0.00618527,0.00151137,0.29388744,0.00817115,0.80339795,0.05936150,0.03032477,0.01673882,0.28745443,0.11981720,0.31295907,0.08971566,0.99999994,0.32620752,0.17742202,0.03852509,0.35803545,0.26090404,0.00190921,0.00497519,0.32219693,0.00196463,0.01229571,0.00101057,0.00873400,0.00888225,0.90850991,0.84750980,0.90156287,0.01032140,0.00011651,0.01202271,0.28301507,0.21018800,0.00180341,0.01408617,0.28541151,0.02160384,0.00005643,0.01448663,0.00841312,0.65046233,0.30569044,0.13693872,0.34931403,0.00326443,0.06933837,0.00729761,0.09398009,0.04041754,0.51986676,0.11118149,0.03540085,0.00033812,0.01387951,0.15475512,0.05803173,0.05240588,0.59047639,0.18662086,0.42161345,0.13630831,0.22292766,0.46663740,0.01082286,0.03969562,0.07194903,0.05424436,0.23987420,0.00914030,0.08538434,0.05192525,0.25025225,0.37094799,0.09618385,0.00676215,0.84008431,0.00250402,0.00011258,0.00210054,0.05774300,0.00136578,0.00922026,0.13835505,0.33610174,0.00079995,0.01032854,0.35297814,0.35608271,0.00479705,0.06613184,0.29628012,0.22441834,0.27754766,0.97819978,0.01148741,0.00628009,0.20337161,0.00940475,0.04955741,0.00928804,0.00023744,0.06039615,0.14074899,0.00133422,0.00016693,0.00174059,0.00739401,0.03051633,0.03484822,0.40278006,0.03901160,0.26815993
0.03957534,0.03212131,0.00539358,0.07747265,0.14853047,0.00040550,0.00433852,0.54997486,0.01229297,0.19605280,0.00412077,0.04638124,0.00758597,0.05376795,0.30284643,0.24465421,0.08721071,0.99999917,0.13398223,0.22274126,0.07529484,0.34031311,0.52472597,0.00347103,0.02203007,0.39069119,0.00494277,0.05471756,0.00091303,0.00293639,0.02372261,0.94198054,0.72183990,0.57946521,0.01795828,0.00012189,0.00416522,0.38537031,0.13380675,0.00000182,0.05993649,0.33823240,0.05183419,0.00012906,0.01782830,0.02864788,0.17092887,0.24816303,0.46913108,0.12836619,0.00320323,0.08827358,0.00899369,0.21255340,0.08942621,0.64797515,0.26681158,0.06329264,0.00081724,0.01830591,0.00953832,0.08433451,0.00135957,0.00916307,0.16619679,0.59148502,0.09839250,0.23756734,0.54840654,0.02148878,0.03883571,0.04934900,0.01222261,0.23764439,0.62425369,0.18559061,0.01503022,0.18133506,0.09044389,0.15718527,0.04032600,0.88658893,0.00575833,0.00259132,0.00138982,0.35696629,0.00553017,0.04167645,0.11706075,0.18765350,0.01112815,0.01175399,0.13008502,0.06451698,0.02224146,0.29251808,0.20809554,0.04141979,0.27436087,0.87689114,0.02894327,0.04374702,0.67144316,0.01302591,0.09434696,0.03596019,0.00046355,0.01131187,0.10665179,0.01126822,0.00117422,0.00443575,0.10205453,0.04028233,0.07733428,0.40499017,0.05134812,0.24841033
0.08797783,0.05661531,0.03135610,0.79605711,0.20085561,0.00136817,0.00496731,0.11209662,0.02097057,0.20038317,0.02087190,0.15342472,0.01527738,0.14090116,0.53865808,0.47853136,0.36310440,0.99997783,0.03607484,0.48848870,0.01582898,0.39001012,0.10190510,0.01175256,0.00377644,0.36675724,0.05097405,0.31948993,0.00012827,0.00106851,0.84791565,0.94969988,0.68301415,0.05839682,0.04841086,0.00085367,0.01727073,0.33003083,0.20122604,0.00004390,0.14606038,0.69374377,0.01680614,0.00034519,0.00909542,0.06750883,0.11678735,0.59136188,0.36918235,0.05716892,0.00586681,0.09254167,0.00631673,0.30463681,0.11696991,0.43353030,0.45428318,0.12028462,0.00825642,0.02104405,0.15286443,0.38226312,0.84300053,0.00386778,0.20309880,0.04129188,0.05587666,0.64622098,0.33642998,0.40878728,0.03349405,0.29736727,0.00964044,0.06911758,0.25472763,0.01154422,0.00037316,0.33884215,0.31983545,0.36047548,0.00181193,0.39988434,0.00717796,0.00688107,0.00498466,0.04876995,0.01764311,0.02796196,0.21728419,0.27648455,0.02669417,0.01192211,0.22900246,0.01428115,0.00597445,0.36627656,0.07840895,0.10949907,0.29665738,0.67608106,0.08899455,0.05154109,0.18603086,0.00174786,0.26926893,0.00905631,0.00055824,0.00678781,0.06976197,0.37632897,0.00142827,0.01366811,0.38545316,0.16124302,0.05226935,0.07443774,0.14424361,0.14191023
0.04452173,0.03757464,0.00601332,0.53632104,0.10222412,0.00021257,0.00227134,0.01189757,0.00368997,0.31322265,0.01310163,0.47939819,0.01532668,0.03721730,0.05051108,0.87978882,0.00520963,0.99999887,0.11676656,0.17139675,0.00075718,0.25720993,0.35101169,0.00581338,0.00942310,0.22634998,0.04548767,0.01272132,0.00000874,0.00785563,0.99203861,0.95186847,0.64082021,0.13648437,0.06890465,0.02059749,0.00026815,0.43170136,0.17280813,0.00298702,0.14433475,0.07373206,0.01059127,0.00444485,0.02916530,0.08625741,0.48044235,0.23736632,0.00475142,0.00990202,0.00291055,0.03570789,0.01307418,0.00165617,0.48293012,0.62866813,0.15480049,0.16751288,0.00687650,0.03934250,0.00601922,0.10168780,0.96906203,0.00922942,0.11343994,0.00217402,0.11889612,0.15109646,0.60821456,0.00393641,0.13045561,0.53031087,0.00104643,0.03672175,0.82542175,0.00149790,0.04216066,0.17763038,0.05966944,0.14906548,0.01295887,0.49345893,0.00021049,0.01113136,0.00152043,0.00080219,0.02445333,0.00029911,0.25847113,0.36758626,0.03710933,0.00141357,0.06810542,0.00231505,0.00197254,0.05842622,0.23807669,0.05329386,0.17976977,0.67406219,0.00232319,0.00311704,0.42569569,0.00196778,0.36539698,0.00526607,0.00029657,0.01426093,0.09116885,0.00462541,0.00203658,0.01954379,0.55600601,0.01611736,0.02224687,0.00110490,0.29014400,0.07437991
0.13016932,0.06599017,0.08311719,0.14266208,0.22889945,0.00004860,0.06813160,0.00320428,0.03415313,0.55466181,0.01752110,0.62656695,0.05839481,0.07816973,0.11804851,0.45414844,0.00232742,0.99999386,0.51981634,0.38122392,0.00040945,0.34235343,0.76189637,0.08147598,0.04068692,0.10476457,0.12881570,0.00644521,0.00164396,0.54810899,0.82363468,0.97210890,0.89883912,0.01544392,0.05160482,0.08467638,0.00004186,0.68955731,0.10222061,0.00070528,0.40202987,0.11238465,0.01680904,0.01480990,0.30319405,0.53658497,0.57009900,0.12076419,0.01287323,0.00081254,0.02362892,0.18768826,0.11615647,0.00055604,0.38156736,0.36040902,0.30568159,0.20447265,0.02920779,0.20340550,0.00379634,0.16933113,0.37369645,0.00139523,0.10086174,0.00023064,0.05891930,0.03655350,0.15339260,0.04840770,0.15962896,0.74331069,0.00515055,0.16425632,0.50570703,0.00068122,0.01518955,0.40242937,0.15260714,0.08351491,0.11828842,0.55787063,0.01011133,0.07656348,0.02967763,0.00069247,0.12385856,0.00016186,0.10368108,0.73880166,0.07365143,0.04040550,0.09453028,0.00428072,0.00343942,0.26960543,0.52112269,0.02755768,0.13702799,0.63452154,0.00918433,0.16036177,0.28267518,0.30726340,0.21761559,0.03768648,0.02035921,0.02645439,0.01491500,0.02255471,0.01023096,0.12793124,0.06769738,0.04567551,0.00990633,0.00146884,0.17234464,0.12540253
0.10262751,0.05275607,0.10035057,0.08759960,0.07727370,0.00009776,0.06398166,0.00058879,0.06926119,0.69774526,0.01090364,0.32252181,0.02772069,0.03190360,0.03374624,0.06873010,0.00022325,0.99999052,0.32396537,0.62713832,0.00027564,0.20562620,0.71495086,0.41261879,0.23611002,0.26126820,0.71176511,0.00250060,0.00388422,0.10290970,0.00102071,0.99217308,0.36908326,0.02112116,0.14897029,0.22414114,0.00098809,0.28011289,0.02950287,0.02258956,0.31563583,0.04283551,0.00634945,0.03361987,0.33678648,0.37467706,0.38777146,0.08624556,0.03710060,0.00160899,0.11327436,0.11804010,0.09802627,0.00064495,0.43708858,0.64031404,0.15642597,0.09986609,0.13575469,0.55234021,0.00048654,0.27571958,0.00556616,0.00108981,0.18505433,0.00071879,0.04012748,0.03137729,0.12874839,0.00464620,0.09586629,0.34732798,0.00385056,0.04813445,0.16409524,0.00020533,0.02672478,0.24657705,0.22460602,0.15287745,0.13794334,0.76331288,0.01627371,0.11032148,0.03751972,0.00128493,0.26314536,0.00003440,0.06214388,0.22994067,0.02229008,0.01713052,0.20685492,0.00605777,0.00151907,0.07534342,0.66568249,0.03680126,0.08608799,0.32656842,0.00871970,0.02680194,0.38030759,0.00418760,0.18790150,0.31613809,0.06282286,0.01128948,0.02671435,0.09724323,0.24535885,0.23799297,0.02166596,0.01366452,0.00963959,0.00141607,0.01137993,0.20090297
0.14467004,0.29289988,0.07892881,0.09059662,0.04846116,0.00040941,0.03811477,0.00144973,0.27533618,0.85885644,0.00487488,0.61281550,0.00156859,0.00782905,0.03650125,0.63884246,0.00004315,0.99999768,0.27390212,0.68173319,0.00002380,0.07191547,0.75998753,0.19705674,0.13480586,0.22227412,0.31754056,0.00000695,0.00069328,0.09763183,0.00155544,0.98063707,0.23842749,0.02659358,0.21730430,0.75364685,0.00091029,0.28073099,0.01735632,0.09468069,0.80823600,0.00118261,0.00595493,0.06532738,0.09074762,0.52034593,0.35516617,0.09313469,0.01094692,0.00046721,0.15679388,0.07428458,0.16219941,0.00278869,0.74234623,0.82778889,0.16938770,0.09067789,0.06248382,0.11639247,0.00016826,0.46134266,0.04293669,0.00000724,0.39334735,0.00028829,0.03190023,0.19533534,0.09493704,0.00138354,0.22060458,0.52061903,0.00717018,0.01433705,0.79401934,0.00018956,0.01532803,0.59433353,0.61644310,0.18432559,0.06790596,0.73658311,0.01518546,0.51747942,0.06773861,0.01215376,0.03501986,0.00006072,0.15934864,0.15378493,0.93070877,0.00205136,0.31336105,0.00996069,0.00501471,0.06412894,0.74506259,0.00790437,0.15159009,0.85334176,0.00223600,0.01309740,0.28694105,0.00157043,0.25914061,0.07773376,0.01739500,0.01353107,0.03767656,0.03820872,0.56433284,0.60394019,0.03154052,0.02782347,0.00047253,0.00038265,0.01354462,0.31165174
0.10073356,0.32197714,0.00334565,0.15241593,0.00827755,0.00025251,0.01292919,0.00257499,0.72966534,0.54270893,0.00086494,0.38948515,0.00412520,0.00183767,0.02416876,0.80312622,0.00004502,0.99999249,0.11334611,0.21805747,0.00000018,0.09899072,0.81767815,0.11772727,0.01235635,0.35501972,0.12124304,0.00010293,0.00215417,0.27772823,0.77370608,0.99790382,0.83904326,0.00002354,0.25383750,0.73221898,0.05466086,0.19437560,0.01206793,0.11575123,0.81480908,0.00406446,0.00096410,0.12515230,0.19870928,0.19913489,0.30988148,0.17878164,0.00643718,0.00091556,0.02776981,0.22220461,0.05767578,0.00055758,0.78557009,0.87513828,0.04220831,0.04769225,0.17054708,0.01082633,0.00141759,0.06315095,0.54438084,0.00073494,0.35956770,0.00000516,0.13642766,0.04722932,0.02277198,0.00659926,0.07527305,0.87998050,0.01259990,0.00117647,0.93429840,0.00005311,0.12016111,0.76537716,0.86037815,0.32303590,0.00560269,0.88988698,0.00056877,0.17258780,0.12447585,0.00273207,0.00562135,0.00077103,0.40875295,0.46170339,0.16603379,0.00035244,0.96563900,0.01910115,0.00000663,0.02195207,0.98372543,0.00866312,0.04280486,0.42951334,0.01269244,0.02465356,0.82277501,0.00053471,0.08596066,0.00663931,0.00452220,0.00072661,0.01612835,0.07337652,0.64042354,0.52806336,0.00317572,0.00297907,0.00078038,0.00486880,0.24342304,0.58639503
0.00367591,0.21161604,0.00501984,0.84491313,0.04211319,0.00087994,0.25661215,0.00123790,0.60486913,0.97196972,0.06079727,0.24401185,0.00095388,0.00435833,0.04091915,0.99577105,0.00000038,0.99995697,0.24242456,0.04517884,0.00007946,0.01668347,0.82801962,0.39505294,0.03744691,0.09403256,0.02172626,0.00630408,0.00050201,0.88312572,0.99850315,0.99959803,0.82452589,0.00008440,0.18288007,0.75888586,0.00075324,0.25340271,0.00500909,0.22414967,0.91996795,0.00021327,0.06044357,0.08462968,0.06339739,0.37478387,0.05524363,0.27206427,0.02679732,0.02187597,0.00525793,0.08758681,0.05127205,0.00001216,0.99837023,0.92394596,0.00326739,0.63969761,0.11592912,0.01511936,0.00339374,0.34790543,0.96868879,0.00031276,0.40297857,0.00000931,0.04090630,0.21285927,0.37902957,0.00216090,0.13108504,0.86898142,0.00989817,0.00031194,0.76743650,0.00024979,0.00000021,0.39462596,0.99709594,0.51767707,0.00442380,0.99276555,0.00003427,0.06009525,0.12911719,0.00000522,0.07810510,0.00019970,0.68636435,0.15585032,0.32403597,0.00102365,0.98075646,0.01383391,0.00008213,0.00720862,0.79743731,0.00041427,0.18975770,0.14818035,0.00413371,0.05069426,0.23930824,0.00053773,0.05746715,0.00821819,0.00020322,0.00582504,0.22541495,0.00136663,0.01986920,0.70930523,0.07180780,0.88565266,0.00089723,0.00216261,0.22665453,0.90851146
0.00046708,0.10574201,0.00158932,0.21503432,0.00904554,0.00000559,0.05823388,0.00205535,0.98743618,0.95381200,0.01661187,0.05713560,0.00218975,0.00291795,0.05232045,0.76711452,0.00006466,0.99134827,0.24044071,0.00241996,0.00025366,0.01264338,0.43477955,0.00876795,0.04347512,0.11177607,0.00447175,0.00019609,0.00444114,0.95520520,0.96383005,0.99899381,0.28396678,0.00643595,0.37011248,0.27231780,0.00210505,0.18248640,0.00045014,0.18330616,0.98291785,0.00020802,0.15449877,0.03402762,0.01209261,0.04319113,0.00292233,0.20557128,0.00013632,0.01003485,0.03468939,0.06553278,0.02760192,0.00017974,0.99993193,0.65687782,0.02519675,0.13348268,0.89775968,0.03569978,0.00047891,0.02112499,0.66322267,0.00252056,0.12604043,0.00056179,0.02210920,0.06338402,0.13973027,0.00437392,0.49230227,0.44375676,0.00841267,0.00015423,0.44948161,0.00008216,0.00762480,0.05187185,0.99510497,0.03846211,0.24259062,0.98812175,0.00000381,0.23826562,0.37082541,0.00011670,0.00273093,0.00013619,0.86794919,0.11225061,0.33653924,0.00021834,0.99953073,0.00388024,0.00071012,0.00262886,0.67300606,0.00060174,0.04037650,0.04767618,0.00007891,0.01628786,0.20156452,0.00377395,0.00900826,0.41422254,0.00000580,0.00005917,0.07135675,0.00002288,0.00384901,0.79075664,0.01899537,0.09843408,0.00341690,0.00054132,0.17321372,0.69673121
0.21793967,0.02563450,0.02541996,0.01320267,0.03310377,0.10595047,0.00009243,0.05104197,0.08044366,0.16156694,0.02951184,0.55979794,0.06561346,0.00308778,0.09845100,0.99343735,0.00242865,0.10809444,0.00188262,0.20698604,0.01154157,0.59245265,0.90583956,0.84403580,0.00026331,0.01749391,0.00011266,0.06076836,0.00000067,0.00002383,0.98874527,0.67284620,0.89610308,0.24234861,0.84199297,0.03092118,0.00006945,0.41402486,0.00001314,0.51799119,0.00123008,0.38920072,0.00986348,0.00293014,0.00025346,0.21544999,0.84995979,0.31744677,0.00396165,0.05273187,0.00015398,0.14253835,0.00139202,0.00082119,0.24064866,0.88308185,0.34588379,0.07076081,0.00114996,0.05166256,0.00352869,0.32796922,0.98432845,0.02294368,0.08430482,0.02636277,0.08771662,0.00739759,0.62314278,0.00103375,0.10430560,0.00002273,0.00010784,0.01082714,0.94323510,0.00507716,0.36977187,0.45431626,0.04746625,0.00011149,0.00003617,0.08700762,0.00751159,0.03461270,0.00003329,0.00082472,0.00007493,0.00142860,0.06549700,0.97227919,0.44848272,0.00144674,0.10795733,0.00000024,0.01620829,0.00853293,0.00187133,0.00005660,0.87015104,0.16428536,0.01259524,0.00002029,0.06728276,0.00026857,0.95612633,0.00027740,0.00003197,0.00005873,0.96727341,0.00076030,0.00079703,0.00037302,0.00161557,0.00359345,0.60048640,0.79114527,0.45422700,0.12296765
0.11193857,0.55234236,0.02021405,0.06537838,0.07462557,0.07382175,0.00016219,0.06549729,0.18790288,0.50532806,0.03809573,0.98431373,0.70906657,0.00339810,0.04003678,0.99977988,0.00025584,0.64022917,0.00357365,0.15546933,0.06290701,0.52111447,0.93706614,0.08283281,0.00072730,0.03728098,0.00003155,0.10144126,0.00027838,0.02216942,0.99858904,0.43998909,0.95976746,0.06915263,0.74307340,0.76743966,0.00000146,0.50821543,0.00028139,0.00035284,0.00045632,0.32615384,0.01764479,0.00006104,0.00042576,0.12766074,0.82165205,0.12406839,0.00151183,0.04945368,0.00012552,0.03635609,0.12074608,0.01118299,0.04892873,0.94316804,0.20447609,0.01945549,0.00382023,0.00764843,0.00654672,0.33510587,0.99828070,0.26175290,0.03697153,0.01793187,0.02028721,0.00037181,0.58919460,0.00231890,0.57904017,0.43069687,0.00021533,0.01409369,0.13110292,0.01706515,0.51264578,0.93891782,0.05647512,0.00000247,0.00017677,0.09897187,0.00386663,0.11251098,0.00012288,0.00146941,0.00019014,0.00352392,0.00017879,0.97365129,0.00380380,0.00111491,0.63171220,0.00002359,0.01084105,0.14390723,0.04785488,0.00213752,0.94523567,0.11215588,0.00763617,0.00235308,0.07392906,0.32934725,0.65169424,0.00004300,0.00004259,0.01052297,0.74380028,0.00951034,0.00004715,0.00121043,0.47255507,0.01100666,0.86051524,0.02167598,0.86533839,0.62986851
0.08984624,0.04830189,0.04219180,0.02903322,0.03494738,0.01615229,0.00015175,0.02552175,0.02310714,0.45019880,0.25565159,0.92612964,0.74334568,0.01041557,0.10413529,0.51233643,0.00099280,0.83916754,0.00410893,0.35864043,0.06177660,0.56612766,0.62502062,0.06796251,0.00029367,0.50407690,0.00000056,0.01768343,0.00011489,0.01977537,0.96537519,0.63971347,0.72292674,0.07569775,0.72021484,0.00009325,0.00043142,0.56919330,0.00565965,0.00350216,0.02332892,0.20834015,0.02916565,0.00060306,0.00116906,0.01162771,0.80966550,0.01926247,0.00394618,0.21004173,0.00673764,0.01483302,0.00645662,0.00554548,0.03736514,0.91097814,0.21423605,0.05344414,0.01173525,0.06521237,0.00278070,0.01566645,0.96071559,0.62013340,0.07079369,0.04239642,0.03839450,0.00012894,0.36582220,0.02739997,0.41494420,0.00030671,0.00177896,0.00758354,0.00596914,0.02324759,0.38600814,0.92900532,0.07822657,0.00003289,0.00039172,0.06427806,0.00111319,0.23576626,0.00545081,0.00052640,0.00030246,0.00307313,0.00026400,0.99195254,0.00011585,0.00885865,0.54379195,0.00005353,0.00391185,0.24243903,0.10644867,0.01139761,0.94927889,0.10233174,0.04818717,0.00039689,0.17180890,0.12518770,0.48533788,0.00604976,0.00013044,0.00590213,0.90718257,0.04616306,0.00003057,0.00054541,0.01680215,0.01360224,0.20526440,0.01616501,0.96743101,0.16864406
0.12424772,0.15972692,0.07456955,0.03096618,0.14917010,0.03668464,0.00212084,0.19465536,0.05952253,0.13355799,0.34457418,0.89390999,0.34567118,0.06540684,0.09121690,0.00130174,0.00532983,0.26681280,0.00793782,0.43060523,0.13587445,0.53866583,0.72665417,0.02466458,0.30045050,0.13770616,0.00000042,0.03654108,0.00009693,0.02197819,0.38187808,0.27160570,0.84730709,0.30910116,0.37035397,0.00237126,0.00098748,0.21595810,0.00361138,0.00550427,0.21001075,0.08873763,0.12167701,0.00118692,0.00160218,0.01009349,0.30208442,0.08612766,0.10433919,0.82285202,0.00513504,0.02501324,0.11761807,0.01787024,0.01131814,0.67834586,0.52414471,0.17189795,0.01821193,0.05827541,0.02669769,0.00775616,0.28070772,0.40868500,0.19664592,0.05372648,0.09514114,0.00011590,0.63733727,0.06755459,0.43163905,0.00028628,0.00105556,0.00558550,0.49793038,0.08519443,0.72508699,0.89763284,0.26937523,0.00001236,0.00029195,0.25099304,0.00377153,0.32594240,0.01807586,0.00342965,0.00055128,0.02177016,0.00033926,0.98011452,0.00433018,0.00823045,0.15427056,0.00063876,0.05520112,0.04852314,0.31909806,0.00975724,0.61736661,0.18139501,0.31355637,0.00039450,0.47726360,0.04119732,0.74498475,0.02506509,0.00034843,0.00049393,0.34468263,0.00515087,0.00007508,0.00014686,0.00000524,0.01743720,0.24004462,0.07543671,0.95429873,0.04437484
0.10513694,0.08681236,0.05560788,0.04056384,0.11411966,0.10805470,0.00213158,0.11723536,0.13407888,0.06770752,0.02450050,0.66674286,0.31920317,0.09651748,0.04513054,0.05932422,0.00416348,0.33999115,0.00784323,0.20518568,0.19231798,0.20548812,0.37107509,0.02471303,0.12132645,0.62308753,0.00000123,0.02316887,0.00084278,0.07470401,0.05651234,0.18090460,0.78133965,0.25669330,0.21911649,0.02860267,0.00028815,0.12357479,0.01017092,0.01129781,0.61275899,0.22148809,0.09431279,0.00034198,0.00240984,0.02455706,0.01671341,0.05542699,0.11789398,0.19478677,0.00405263,0.03300098,0.04329267,0.14417063,0.05039329,0.57186002,0.43495020,0.27956784,0.02055115,0.09754572,0.03117640,0.00219583,0.00293164,0.17976433,0.18899359,0.23884873,0.29597193,0.00009073,0.45094866,0.05955055,0.50458157,0.00250512,0.00106398,0.02233734,0.62114120,0.03355150,0.60258442,0.42733520,0.21861435,0.00005875,0.00078954,0.27366370,0.05056328,0.28117663,0.00293275,0.12696488,0.00059289,0.09418884,0.00315063,0.95456445,0.00435880,0.00892202,0.07221159,0.02881301,0.12148786,0.08535712,0.30839229,0.00572989,0.64316183,0.41176459,0.46504226,0.00068585,0.67908359,0.00096035,0.50588214,0.03715471,0.00231529,0.02809761,0.39266369,0.00797707,0.00046441,0.00007605,0.00292049,0.04119419,0.22119592,0.03697722,0.71135855,0.03748255
0.06453609,0.13864258,0.26963058,0.33877906,0.03610390,0.37015802,0.00214122,0.00531472,0.21722466,0.04428834,0.10104797,0.72346890,0.08054824,0.12539710,0.10956427,0.86501652,0.05678518,0.54330784,0.06694023,0.16119948,0.01140018,0.32085693,0.20888381,0.05239875,0.01483495,0.60546815,0.00004733,0.09658049,0.00163526,0.00949608,0.34383675,0.22086276,0.35089347,0.10594093,0.34193483,0.03839161,0.01899897,0.18188643,0.01381789,0.00876174,0.70533079,0.42289543,0.06700268,0.00070604,0.00424612,0.00803994,0.03717568,0.31624928,0.20304397,0.02108519,0.00840705,0.23277631,0.00946218,0.08822674,0.08844932,0.44914594,0.43855596,0.50191307,0.01042623,0.02862979,0.49291262,0.03354480,0.26642808,0.03380550,0.08561628,0.02842533,0.47241840,0.00104727,0.56083655,0.43266654,0.28347138,0.01575736,0.00521833,0.02170539,0.38205984,0.00120924,0.19485776,0.78142995,0.46251729,0.00000454,0.00018715,0.24924782,0.15415135,0.07955193,0.02334662,0.01272519,0.00136852,0.19489521,0.00115657,0.78273207,0.01473020,0.01325008,0.16253136,0.00748388,0.04050016,0.09639933,0.08176143,0.01525012,0.29698741,0.12506826,0.10047431,0.00298000,0.49537665,0.00004627,0.36071625,0.00862656,0.00647668,0.00707964,0.34491947,0.04199394,0.00160073,0.00332425,0.06666331,0.10215211,0.28708053,0.00386807,0.62093461,0.05219037
0.03058598,0.19703971,0.01409812,0.63039684,0.08240354,0.03020503,0.00376102,0.00026550,0.02378967,0.08665909,0.01141788,0.65168273,0.02846645,0.12520398,0.06416157,0.97130126,0.00080529,0.58774120,0.10991456,0.10877415,0.00025240,0.17190106,0.36366352,0.02080783,0.02272054,0.40684438,0.00029066,0.00924402,0.00003558,0.00169482,0.95358050,0.35373861,0.56060898,0.70792478,0.26404339,0.11085594,0.00030221,0.29272762,0.01287694,0.03621907,0.42014557,0.12296025,0.07122121,0.00421994,0.01277021,0.00361246,0.20387790,0.13023327,0.00594651,0.00742176,0.00234519,0.01858958,0.00590496,0.00213416,0.12517677,0.68860632,0.06798842,0.71363187,0.00699157,0.01718230,0.00393915,0.03379813,0.97325999,0.03446577,0.16347131,0.00835505,0.55116510,0.00037751,0.42612833,0.00179072,0.14502776,0.05655653,0.00510011,0.00312517,0.59541726,0.00018149,0.57503867,0.63631356,0.06651872,0.00051839,0.00381477,0.19943826,0.00063867,0.02146184,0.00193329,0.00020149,0.00098960,0.00137046,0.00067911,0.61776632,0.02434527,0.00549103,0.00882048,0.00268526,0.00691818,0.03131954,0.04808113,0.02972477,0.54611790,0.15911913,0.00153893,0.00082734,0.50851279,0.00048390,0.17700970,0.00218309,0.00033400,0.00700538,0.48436707,0.00204020,0.00651630,0.00132016,0.18691990,0.00409022,0.17507072,0.00002219,0.77983463,0.13596861
0.04576628,0.48450375,0.04614498,0.26765993,0.08050598,0.11530176,0.17780989,0.00002360,0.02869811,0.11685658,0.00221601,0.63221121,0.03407829,0.30890468,0.20615268,0.60796714,0.00565153,0.26112941,0.38019103,0.08808891,0.00024796,0.23952572,0.28727770,0.17080991,0.15637130,0.56441444,0.00126289,0.00401986,0.01283715,0.61036670,0.56973469,0.37021568,0.47294012,0.56659508,0.19310477,0.01401235,0.01710209,0.18290462,0.04398381,0.33699703,0.31098306,0.22585268,0.18153162,0.01605839,0.13485345,0.00500244,0.08109338,0.17859781,0.00217542,0.00139215,0.00619773,0.00742925,0.05989794,0.00111233,0.02179832,0.68554693,0.06131541,0.96684074,0.00619684,0.13677852,0.06541077,0.01530984,0.82486516,0.00709541,0.17227547,0.00546039,0.65983951,0.00011437,0.14906009,0.05804787,0.04174485,0.17902073,0.35202554,0.02595011,0.05482832,0.00120222,0.11984183,0.72922927,0.07537688,0.00005993,0.07904143,0.13286379,0.00530032,0.03563189,0.08978201,0.00200386,0.00054668,0.00095141,0.00048940,0.28953943,0.03424627,0.07615737,0.00390876,0.05340759,0.01132095,0.14818025,0.04427177,0.12343448,0.62603396,0.08429891,0.00198903,0.29010090,0.55123121,0.05654581,0.13826008,0.00598763,0.04355926,0.04176148,0.42912549,0.03215990,0.00802901,0.00041435,0.13772456,0.00152648,0.20764914,0.00006020,0.64704561,0.04866203
0.00874521,0.88328475,0.02254053,0.06372394,0.04830601,0.00921478,0.27933195,0.00000080,0.02990062,0.20559606,0.00049872,0.56988913,0.00702192,0.46039653,0.50691056,0.00911882,0.00163246,0.38165051,0.59796292,0.05311725,0.00028623,0.22403322,0.36951885,0.22982641,0.06122829,0.48931408,0.02910678,0.00923679,0.00299925,0.03344152,0.03705664,0.37968150,0.10238812,0.73092067,0.57269156,0.02191281,0.01768867,0.05534368,0.03402885,0.39552200,0.03396871,0.07874642,0.45374429,0.37859908,0.30475464,0.00362406,0.02101147,0.09790568,0.00952642,0.00121889,0.04250343,0.00999415,0.05725824,0.00225782,0.00050853,0.66414559,0.03913326,0.90846539,0.01032417,0.15665583,0.02528007,0.05733057,0.16971287,0.00284422,0.19790654,0.00427922,0.51904005,0.00079444,0.07115456,0.06941660,0.02115295,0.04337239,0.32614785,0.00726879,0.01900196,0.00075949,0.06103456,0.60544044,0.24640095,0.00000019,0.41020519,0.04065357,0.01873423,0.07199272,0.02092258,0.07363477,0.03196079,0.00126098,0.00046292,0.31959203,0.17691737,0.18506598,0.00102044,0.16676974,0.00115724,0.03085969,0.08005072,0.36472622,0.73428804,0.03340453,0.00009646,0.11002845,0.43965629,0.04552965,0.16703850,0.13538291,0.01007680,0.00271166,0.36797392,0.03047226,0.35437393,0.00010301,0.08002486,0.00057057,0.12056788,0.00077948,0.84247112,0.06149819
0.03628609,0.91490901,0.00113454,0.00957297,0.03192071,0.01720944,0.28251502,0.00000739,0.08952510,0.27655703,0.00025387,0.13672441,0.00130082,0.52732539,0.26610997,0.12135112,0.00384889,0.03381279,0.36591011,0.01834837,0.00000727,0.21039750,0.73452353,0.03958709,0.04072774,0.49507764,0.04824837,0.15772870,0.00145116,0.01739954,0.44019789,0.53354400,0.41213626,0.97307295,0.38779578,0.13479222,0.02405014,0.13789330,0.16362181,0.65591908,0.00356102,0.09281923,0.64598840,0.67430574,0.39636740,0.01025554,0.00534332,0.04331260,0.00643482,0.00243536,0.01302299,0.03013954,0.01680103,0.00522027,0.00431759,0.94730276,0.08824389,0.81836987,0.02169201,0.03259935,0.04255004,0.07642768,0.55777860,0.06867793,0.64919823,0.00229082,0.56570703,0.00026068,0.40131810,0.00009720,0.01565575,0.06821173,0.18841657,0.00011946,0.90075123,0.00040250,0.01428086,0.42264637,0.25032791,0.00000430,0.67913890,0.01013743,0.00407240,0.03984123,0.00139409,0.04598216,0.12190162,0.00280468,0.00239096,0.77778643,0.94328016,0.06044920,0.00021279,0.03535981,0.00010837,0.06272756,0.02092426,0.18046196,0.75818652,0.11108086,0.00011985,0.16217254,0.38103446,0.04264707,0.22621293,0.03140799,0.00337734,0.00124627,0.48338607,0.01993294,0.61793935,0.00000424,0.22486782,0.01198809,0.37281272,0.00267851,0.89879286,0.20870562
0.07248034,0.70330513,0.00000280,0.38718599,0.04181730,0.02228735,0.35480598,0.00000054,0.50379336,0.75315624,0.00063547,0.09349307,0.01663558,0.68866515,0.12639938,0.98802590,0.00319540,0.08945692,0.16159636,0.00892054,0.00000225,0.61033392,0.32308280,0.01428295,0.12611161,0.68036902,0.13831897,0.97801602,0.00088346,0.03216871,0.71696353,0.17389849,0.65178394,0.97969639,0.68173081,0.37353164,0.18772361,0.12694597,0.10596181,0.18198647,0.00131763,0.07436815,0.29953006,0.88654000,0.35045591,0.02442723,0.18888529,0.04088621,0.00353664,0.00214112,0.00612972,0.01333811,0.02022977,0.01287022,0.00268920,0.96894395,0.10454176,0.79056960,0.01565360,0.00516836,0.03402804,0.04109086,0.34467593,0.01519095,0.94927609,0.00039163,0.89643055,0.00020510,0.35148814,0.00103263,0.00708779,0.61371958,0.04118782,0.00003975,0.82856524,0.00001503,0.02171887,0.57965153,0.82492632,0.00000004,0.46657833,0.02231728,0.00282092,0.00741783,0.01287088,0.00154125,0.47253454,0.00380795,0.00013937,0.49989951,0.68131101,0.23843686,0.00006017,0.00474241,0.00000046,0.01572271,0.01540414,0.06671145,0.86237317,0.40011868,0.00000043,0.07147881,0.55772209,0.00460626,0.55648088,0.04833622,0.00010494,0.00076198,0.93757766,0.09729977,0.62798625,0.00000201,0.70697498,0.00005249,0.06144862,0.01510233,0.93094939,0.14805889
0.50037098,0.90507090,0.00001452,0.99521178,0.11955734,0.06009817,0.24475741,0.00002397,0.95858735,0.82518995,0.00001754,0.04607222,0.09092933,0.02901079,0.24917080,0.64697224,0.00025300,0.80504614,0.15332988,0.00642645,0.00000237,0.47736543,0.90687412,0.00392500,0.01083311,0.57268161,0.41948012,0.99861991,0.00008887,0.01420191,0.99973798,0.34548876,0.39758709,0.42614612,0.27801770,0.11593335,0.00026489,0.17637518,0.26336697,0.15886015,0.00047342,0.04325121,0.18970211,0.07919414,0.08043934,0.53882664,0.72932875,0.02177605,0.00035092,0.00018453,0.00216467,0.04480089,0.02022432,0.00024643,0.16472924,0.96798331,0.00014485,0.46465480,0.02501604,0.00849356,0.00240975,0.00652051,0.25817510,0.00880356,0.95708036,0.00280433,0.99827081,0.10378038,0.45339140,0.00058539,0.00019267,0.52108842,0.00439155,0.00001561,0.49399245,0.00000185,0.00523860,0.46007875,0.99256164,0.00000207,0.92484981,0.00355360,0.00044964,0.06376044,0.00029440,0.00003711,0.15732715,0.00207225,0.00012432,0.89188296,0.32993555,0.22073972,0.00005402,0.00657243,0.00003341,0.04085290,0.00996363,0.07926413,0.80794609,0.03918045,0.03365708,0.00008993,0.35420796,0.02418442,0.45863113,0.02034547,0.00005136,0.00000002,0.52645141,0.00349584,0.12923899,0.00008750,0.69275051,0.00010586,0.00741725,0.00523319,0.95557761,0.72925413
0.67308384,0.03272389,0.00003793,0.96937227,0.17287894,0.30296484,0.26041794,0.00153944,0.90610242,0.91474223,0.00018908,0.00501191,0.04582866,0.00996355,0.19234583,0.92909271,0.00006311,0.54177666,0.15005589,0.00046362,0.00008803,0.88976270,0.64004695,0.00377447,0.02704994,0.98865283,0.10360043,0.00189320,0.00002863,0.91851389,0.98368365,0.00965737,0.04201790,0.92418993,0.80211401,0.09445773,0.00010263,0.01651761,0.10159284,0.39582691,0.00009398,0.00004603,0.01613693,0.01149187,0.01462369,0.48456654,0.05308792,0.00364340,0.00002855,0.00136550,0.01587511,0.26280522,0.00324137,0.00038682,0.01338989,0.97751069,0.00008641,0.94831932,0.01367968,0.00366564,0.00026887,0.00656497,0.91975039,0.10945398,0.91374582,0.05579361,0.54437685,0.00734332,0.49854058,0.00011752,0.00552908,0.08703490,0.00058499,0.00001023,0.11171934,0.00011949,0.55256790,0.45078790,0.31101805,0.00003410,0.81601208,0.01261953,0.00002040,0.18105005,0.00239900,0.00040100,0.08282447,0.00009384,0.00052853,0.39698461,0.45255625,0.10922275,0.00000808,0.00236607,0.00085731,0.04865282,0.12106397,0.13718851,0.81124884,0.86765414,0.00044256,0.00006532,0.49536854,0.11992914,0.04054002,0.08943474,0.00050508,0.00015733,0.32774732,0.00322233,0.01747303,0.00050061,0.08408741,0.00457656,0.00005255,0.02085719,0.96832788,0.67858893
0.04157328,0.53285205,0.00539207,0.29871348,0.00312504,0.04608144,0.00027872,0.27516499,0.01933072,0.07863079,0.06584141,0.17219725,0.00019094,0.13706759,0.00869321,0.98515111,0.00987706,0.58598071,0.00083588,0.00660790,0.01657558,0.70497781,0.00899611,0.96695828,0.00120765,0.17296600,0.00065252,0.09306781,0.00000129,0.00003159,0.98825717,0.20510326,0.32968771,0.84216833,0.03020379,0.09296918,0.01642684,0.08632166,0.02768039,0.00371303,0.98950046,0.09089889,0.00603169,0.00151433,0.99503207,0.55907732,0.01742239,0.00480908,0.22119968,0.15112798,0.00054475,0.13997336,0.00058920,0.03831783,0.75875741,0.90877175,0.15841118,0.93634909,0.00158658,0.00007349,0.03714170,0.00034807,0.94871056,0.14953147,0.28095165,0.00784081,0.54468930,0.24738607,0.52508914,0.00030271,0.05808951,0.02118763,0.00012368,0.00003315,0.99681008,0.00250718,0.62704080,0.11835862,0.00216218,0.16487576,0.00017782,0.06089012,0.01880544,0.33488047,0.00000739,0.00069346,0.00854240,0.01088089,0.85083246,0.99823159,0.02050075,0.00476988,0.01176522,0.00000107,0.01398227,0.00001301,0.28720155,0.43175656,0.41077584,0.01686453,0.00280299,0.00037175,0.96212554,0.00329996,0.00274677,0.00083054,0.00000458,0.00394655,0.65448105,0.00008078,0.00268075,0.00161929,0.11209243,0.05743586,0.33370140,0.00890756,0.70794207,0.57230920
0.29866612,0.04728510,0.01172239,0.90324169,0.00556764,0.00314105,0.02137106,0.24628396,0.11150470,0.08170538,0.15930848,0.09091043,0.00031672,0.18874565,0.00503514,0.99570519,0.06102217,0.65706015,0.18645865,0.00000000,0.04219959,0.90581775,0.60072863,0.35915998,0.00552793,0.52284884,0.00202845,0.39270455,0.00000011,0.05058682,0.99669331,0.83026934,0.17810617,0.77191162,0.00409591,0.00012609,0.00073399,0.04663887,0.18137069,0.08421939,0.89558613,0.01450499,0.01972291,0.00009955,0.98856229,0.46606672,0.00974241,0.03948008,0.05970822,0.04774452,0.00002879,0.11932981,0.00007007,0.02702440,0.36631945,0.05154104,0.22405170,0.88729423,0.00077462,0.00004925,0.06913097,0.00002407,0.99915391,0.16912742,0.32758367,0.01105241,0.68479884,0.04425399,0.98675936,0.00183430,0.00890458,0.00018788,0.00069408,0.00095467,0.97465819,0.01843509,0.67571634,0.00123045,0.00056551,0.24521014,0.00843063,0.03169899,0.00593749,0.60720372,0.00000336,0.00056442,0.26780900,0.00850420,0.63921362,0.90233719,0.84197491,0.00093756,0.03582780,0.02224598,0.12123193,0.00064777,0.23717204,0.40045819,0.47602111,0.00013296,0.00262831,0.00652725,0.21307175,0.18128520,0.00114948,0.00003567,0.00001039,0.00262870,0.27183485,0.00139689,0.00032797,0.17058541,0.35213092,0.07845779,0.19295326,0.01925367,0.37561664,0.00858860
0.03963987,0.07244685,0.01663957,0.98859686,0.04194234,0.00164212,0.05386101,0.34270215,0.02975003,0.08902165,0.75186026,0.31588382,0.00007094,0.10389004,0.01102754,0.73558289,0.49261874,0.86248249,0.05767222,0.00000001,0.17103460,0.65804893,0.70842004,0.21520354,0.00613266,0.69449526,0.00035837,0.72003818,0.00002798,0.41918615,0.96419674,0.67258507,0.83176517,0.08702927,0.02844527,0.00080739,0.00173382,0.15544415,0.36059889,0.00138563,0.77611113,0.05025776,0.11874023,0.00129016,0.44691804,0.41008565,0.05478812,0.07302563,0.01517266,0.00633512,0.00000100,0.06242639,0.00003901,0.06959221,0.13979207,0.28103322,0.28955561,0.90015465,0.00229708,0.00703827,0.37047979,0.01120192,0.97270238,0.17601791,0.40530750,0.16474265,0.71285778,0.10585450,0.86805314,0.05804374,0.01984625,0.00055767,0.00002541,0.00222956,0.15887409,0.01832592,0.08250225,0.00002093,0.00131039,0.11819877,0.00006461,0.19639388,0.00418463,0.21349315,0.00001815,0.00061863,0.14101177,0.00800753,0.60716093,0.95926279,0.00998193,0.00036623,0.09382900,0.24296691,0.05765768,0.00022965,0.40613076,0.16412990,0.70282859,0.00115157,0.00568250,0.00366640,0.18658215,0.10150487,0.03807168,0.08817371,0.00001020,0.02642120,0.64463276,0.00120956,0.00063116,0.15097800,0.01140986,0.02085247,0.25597906,0.02470107,0.35571080,0.00695597
0.10810900,0.04582794,0.00537699,0.40811843,0.12109609,0.01939342,0.00207721,0.20640564,0.07044528,0.16657415,0.76902068,0.68587309,0.00002954,0.06564537,0.00787969,0.00044803,0.05614484,0.89434028,0.02692478,0.00000000,0.19729637,0.17592852,0.28351498,0.01882849,0.00253735,0.16158195,0.00151527,0.37143019,0.00035036,0.05264551,0.15436181,0.11700292,0.33780175,0.13789183,0.00516163,0.00001347,0.00036425,0.11289644,0.14867224,0.01738048,0.73294640,0.47178403,0.14980334,0.00025608,0.05176057,0.65512645,0.15890011,0.13270117,0.01381054,0.00005088,0.00005376,0.15479988,0.00007859,0.13648783,0.26052254,0.07315478,0.51070511,0.84770775,0.00215150,0.11388803,0.33358303,0.11096068,0.00953889,0.07317720,0.42925528,0.43405020,0.72013152,0.08833399,0.29124075,0.03625525,0.05514186,0.00364015,0.00000013,0.00566035,0.01972373,0.00189767,0.22990996,0.01889937,0.00626775,0.05498681,0.00036420,0.29171246,0.00985363,0.18878901,0.00001354,0.09726183,0.03732613,0.00728702,0.56793588,0.94054997,0.00616716,0.00023010,0.41130349,0.14135408,0.31963351,0.00002045,0.40583685,0.16193148,0.77425814,0.00131652,0.18352345,0.00643886,0.00144757,0.03127571,0.01895727,0.02834809,0.00049590,0.03968230,0.36683878,0.01889839,0.00010155,0.03686617,0.02331021,0.10970826,0.17691845,0.04942199,0.35390463,0.00224230
0.04628890,0.08944121,0.01135619,0.00556580,0.11744757,0.10138302,0.04545091,0.36032626,0.15009363,0.20515202,0.04593098,0.21201952,0.00009716,0.09192677,0.11699896,0.05138682,0.22595742,0.72607100,0.03314644,0.00000013,0.47809798,0.13062143,0.60487235,0.02883895,0.00157736,0.25687847,0.00177781,0.17530328,0.00784316,0.02401741,0.01620951,0.26185015,0.80061251,0.67199320,0.04630158,0.00000296,0.04745929,0.11053103,0.25428635,0.00159204,0.30586556,0.42081437,0.17404528,0.00115462,0.01696783,0.76923871,0.13834125,0.15474446,0.06533606,0.00004361,0.00054075,0.11683986,0.00122436,0.54957938,0.29930231,0.44574273,0.56093144,0.32179579,0.00422448,0.03784925,0.00938914,0.01162401,0.00049598,0.00589234,0.78300476,0.59616023,0.78191030,0.29641533,0.45234102,0.04438938,0.10344284,0.04545138,0.00000253,0.02759715,0.01414129,0.06174134,0.60835648,0.08597843,0.00803808,0.10514341,0.00055912,0.23419894,0.03323957,0.31406713,0.00028723,0.34656787,0.01008641,0.01618330,0.62172616,0.75118333,0.00646857,0.05372902,0.14205422,0.04514530,0.09996964,0.00032144,0.60151154,0.11379775,0.64336437,0.00450273,0.06382997,0.00494164,0.00141097,0.12855820,0.06504883,0.00790621,0.00197714,0.09203593,0.08419612,0.00087718,0.00000457,0.05157649,0.38773811,0.04382880,0.15775946,0.15893655,0.34925124,0.02161464
0.14539196,0.06847654,0.12918168,0.09785450,0.25872096,0.31888247,0.03714567,0.05908270,0.22632720,0.10611185,0.04253757,0.26889449,0.00140674,0.20080853,0.20148903,0.86810583,0.36201835,0.59492809,0.02410517,0.00000575,0.07295656,0.04525023,0.40036523,0.05677765,0.00016518,0.21152608,0.01881238,0.10170643,0.02571518,0.00190684,0.78912348,0.34689525,0.22170882,0.09115303,0.12344188,0.00083544,0.40484762,0.20630515,0.33138606,0.00316576,0.54064226,0.74679852,0.17460603,0.00249330,0.00251226,0.42524514,0.36258516,0.14067195,0.20386694,0.00051013,0.00129222,0.16270891,0.00424069,0.22421083,0.27191964,0.30943221,0.70255774,0.56294972,0.01233008,0.03644895,0.36648279,0.07705682,0.52037841,0.05808221,0.74091923,0.03618130,0.52821189,0.70192999,0.50593209,0.50999272,0.19204837,0.21660192,0.00002681,0.00462583,0.30182853,0.01124203,0.49610314,0.13827640,0.06255778,0.09721924,0.00025741,0.32089880,0.06061466,0.19830582,0.00738130,0.13521558,0.01562923,0.10101055,0.36112264,0.40109771,0.01076212,0.01206423,0.04099935,0.01340979,0.00326500,0.00346250,0.36030263,0.24352625,0.46904978,0.02914329,0.18036924,0.01723863,0.00633106,0.00422838,0.11181007,0.00651318,0.00442025,0.01587547,0.30143854,0.00496682,0.00082886,0.08441477,0.61717314,0.00679865,0.20879188,0.03426450,0.30388480,0.03543552
0.02951830,0.11744459,0.00932954,0.58073205,0.20391537,0.02663062,0.02694359,0.00761771,0.06451884,0.14423552,0.00441086,0.13237655,0.00532282,0.04104593,0.03337499,0.97182745,0.00405936,0.60896987,0.01710949,0.00000906,0.00269720,0.04186378,0.50871050,0.01587866,0.01934212,0.21685672,0.02880232,0.00077085,0.00015089,0.00188012,0.97142857,0.20666149,0.39792225,0.30466413,0.11002168,0.01801852,0.00368142,0.27482826,0.37922066,0.00523783,0.48011583,0.15364683,0.05471625,0.01257001,0.00416336,0.48712385,0.14607818,0.09240830,0.00444953,0.00167352,0.00102953,0.01099194,0.00756602,0.00826177,0.03197104,0.43711132,0.51113808,0.49679953,0.02531122,0.04810102,0.00323420,0.05676923,0.97585821,0.11506116,0.65406591,0.00547966,0.46455982,0.03008975,0.28614402,0.00304693,0.23134199,0.27206647,0.00007648,0.00666619,0.81267291,0.00663182,0.49969181,0.06967132,0.01449488,0.08230091,0.00773327,0.31456694,0.00032081,0.20802337,0.00940211,0.00263067,0.01352999,0.00185080,0.37572801,0.16304386,0.09048498,0.00465166,0.00231675,0.00448153,0.00055333,0.00284562,0.23972113,0.12673433,0.54421270,0.07900014,0.00235011,0.00906044,0.01166365,0.00262358,0.06500702,0.00188786,0.00033481,0.04633545,0.50068718,0.00011071,0.00210238,0.10736834,0.67915231,0.00284107,0.17422163,0.00263712,0.46967080,0.03573594
0.20866376,0.09443551,0.03780270,0.90951347,0.24109024,0.29738837,0.34734240,0.00326726,0.15643451,0.07758073,0.00333936,0.01394253,0.03536736,0.01820620,0.21688174,0.25518036,0.01527675,0.64974809,0.02822970,0.00002982,0.00185494,0.02556087,0.82813936,0.04139812,0.00308756,0.18062161,0.04239471,0.00006046,0.00448095,0.09944469,0.44933087,0.34711719,0.25213048,0.24964958,0.18511896,0.06172244,0.01614325,0.40398988,0.67110056,0.00691492,0.75484955,0.38740817,0.02956511,0.16795895,0.00194432,0.54398400,0.16682985,0.02696500,0.00561615,0.00670328,0.01224449,0.02119658,0.17795905,0.01363587,0.02370611,0.39540306,0.62006348,0.41580710,0.11513099,0.51652551,0.00177096,0.10725228,0.97431201,0.02892878,0.42126086,0.00103674,0.39227408,0.09252924,0.13699508,0.04784931,0.19416240,0.55304241,0.00529280,0.12785122,0.19329607,0.02156718,0.34011504,0.14807801,0.00846319,0.05842689,0.29971832,0.42115223,0.00246924,0.41398919,0.17766163,0.00202470,0.02846876,0.00516172,0.14624166,0.10710033,0.39458787,0.36496994,0.00105088,0.05445950,0.00028076,0.00939144,0.21964557,0.13566911,0.34775215,0.02517694,0.00672640,0.41889724,0.00620705,0.20759109,0.07010971,0.00758454,0.01125051,0.32549727,0.24943028,0.00022998,0.00456510,0.17920078,0.26220950,0.00100203,0.06310380,0.00233479,0.26253465,0.03402181
0.23178108,0.06377065,0.05983255,0.47480634,0.21311453,0.79271585,0.13754445,0.00215076,0.18228450,0.15818295,0.00022208,0.00337283,0.03897551,0.01022000,0.10636310,0.00128242,0.02725818,0.47667953,0.00228991,0.00025777,0.00019699,0.01924457,0.65595996,0.16711858,0.13166724,0.21073736,0.20777258,0.00000309,0.00037043,0.04688808,0.00760129,0.64423555,0.23699667,0.36260667,0.36978078,0.32363284,0.01067103,0.36129507,0.72497791,0.04859152,0.65270281,0.25298041,0.30225152,0.11107341,0.00116494,0.66330653,0.02890748,0.01426015,0.00849776,0.04025677,0.16289559,0.09191522,0.38530555,0.00770534,0.02266974,0.17433664,0.70216691,0.48562822,0.45881766,0.52019405,0.00101187,0.57889801,0.03045288,0.00036400,0.83821690,0.00139419,0.12308378,0.21324927,0.12715857,0.01746583,0.03811819,0.15765667,0.05663552,0.01791828,0.03241228,0.01865662,0.20192733,0.09931101,0.00959608,0.06031102,0.29495570,0.42946473,0.00562266,0.53544009,0.07322316,0.00022428,0.00944182,0.00451569,0.18854374,0.07264236,0.87069315,0.71780509,0.00113586,0.09787716,0.00023465,0.00804164,0.02601952,0.05919551,0.61827672,0.01224698,0.01917619,0.12324117,0.00244006,0.04911425,0.01442967,0.04076041,0.02088801,0.15001956,0.60448778,0.00097377,0.13696218,0.28843147,0.06419428,0.00064982,0.26816589,0.00111615,0.04976994,0.17859696
0.28025097,0.09702566,0.01811481,0.01905467,0.50454730,0.58154190,0.02850896,0.00160026,0.36736095,0.12798239,0.00001191,0.00322638,0.15344352,0.00333481,0.17423993,0.00315492,0.18500084,0.62749648,0.00001089,0.00510821,0.00014170,0.03115951,0.86285770,0.02695553,0.05049249,0.25029489,0.42433280,0.00001755,0.00001945,0.00924473,0.00431504,0.61065429,0.17965351,0.24317345,0.55211800,0.58254701,0.00038039,0.17674994,0.80560839,0.03243629,0.95714647,0.31867155,0.34548265,0.12653054,0.00361427,0.26558691,0.06264838,0.00829382,0.00603339,0.09188066,0.11126584,0.02570854,0.52611375,0.00244616,0.03551190,0.11137705,0.81545240,0.56984669,0.66024685,0.06878352,0.00020911,0.38240239,0.00287578,0.00071792,0.68391103,0.00632286,0.07230838,0.17137991,0.14858365,0.00364803,0.01893005,0.47884077,0.07077141,0.06775544,0.74368793,0.00002482,0.30641732,0.19617614,0.01328352,0.02713181,0.10411517,0.13946486,0.01129097,0.65591758,0.03874302,0.00065491,0.01556534,0.05534997,0.74117404,0.06639941,0.98414040,0.12580457,0.00044348,0.01889329,0.00091005,0.15409888,0.03130356,0.01348585,0.68219954,0.11859173,0.04792006,0.02002771,0.00076929,0.05848468,0.02791664,0.03457431,0.00289266,0.79263741,0.72029322,0.00001469,0.53132313,0.31517729,0.44232136,0.00001816,0.51954651,0.00452799,0.06883367,0.68118370
0.79774112,0.13591571,0.02234152,0.11240238,0.39696828,0.35916567,0.00059703,0.00037626,0.33145016,0.53124481,0.00007187,0.01849883,0.47985041,0.00231281,0.64459145,0.94621241,0.00073709,0.91596282,0.00002523,0.01823128,0.00010345,0.02387563,0.76013321,0.53804439,0.14522517,0.65511101,0.69375134,0.00000082,0.00000968,0.00066419,0.98588133,0.83292264,0.40261391,0.06085249,0.62591738,0.80290735,0.00012515,0.18594441,0.58666307,0.48519057,0.97688508,0.03865631,0.27640685,0.04654783,0.00167669,0.27005190,0.01458698,0.00466957,0.00452138,0.65085173,0.01669763,0.02690442,0.25535330,0.00043094,0.00692844,0.02965059,0.91852665,0.66009289,0.15086788,0.52036184,0.00143813,0.08210131,0.24412932,0.00522847,0.86048919,0.01432352,0.22553489,0.40804124,0.05467612,0.00611364,0.00128301,0.81738025,0.13588528,0.07218134,0.74568462,0.00000355,0.31883821,0.30090505,0.00929161,0.01697928,0.18542723,0.01031182,0.00491893,0.27478537,0.01253936,0.00075154,0.26444367,0.00814394,0.78168476,0.00749020,0.97786111,0.04245968,0.00038504,0.00826007,0.00000578,0.38609916,0.00514446,0.02486002,0.92487115,0.76079732,0.59814996,0.00112976,0.00002276,0.03003717,0.00072038,0.01934485,0.00116810,0.64303362,0.66622257,0.03267674,0.42445764,0.16011006,0.72271973,0.00000332,0.75580752,0.00007868,0.46817800,0.15661590
0.74643862,0.24406154,0.00444186,0.93267286,0.02960536,0.75946850,0.00235389,0.00009351,0.07212037,0.66199368,0.02364154,0.00008615,0.06201999,0.00016229,0.02225361,0.97259593,0.00048612,0.94516861,0.00189301,0.08301943,0.05012258,0.01972256,0.95393342,0.30753705,0.00035920,0.22294547,0.18942373,0.00183508,0.00000007,0.00004882,0.99773908,0.70815748,0.34686205,0.00770714,0.59476686,0.63279587,0.00014024,0.22491218,0.85911298,0.03097370,0.97329050,0.02759339,0.22996670,0.05215410,0.00093466,0.07548600,0.12898080,0.00905055,0.03030411,0.14757559,0.00816526,0.02127176,0.01293801,0.00000455,0.00025682,0.01220496,0.72856635,0.95999199,0.05724007,0.13010953,0.04737116,0.02445880,0.99824315,0.00686774,0.92965311,0.07364175,0.01055173,0.01463530,0.00813571,0.00025215,0.22321084,0.87285334,0.52714550,0.05944682,0.82070875,0.00012601,0.95651019,0.16446823,0.00450059,0.00680431,0.71597016,0.15763140,0.00036762,0.51852572,0.00168386,0.00022247,0.07273144,0.03553001,0.98241842,0.01553306,0.79641569,0.04472176,0.00719008,0.00569016,0.00234409,0.09325083,0.00699531,0.01577349,0.93091816,0.23792455,0.00010297,0.00138353,0.00058818,0.00012890,0.00674726,0.06773040,0.00125569,0.92670035,0.90591103,0.02124053,0.06594144,0.60845333,0.60688710,0.01033800,0.31862178,0.00000337,0.04543610,0.48871329
0.85129750,0.10217467,0.04405408,0.73372120,0.03052022,0.08456268,0.00053686,0.00069580,0.59022349,0.08505448,0.00000815,0.05053828,0.01502186,0.00053152,0.07095669,0.95768970,0.00005512,0.67544633,0.16354430,0.10632947,0.00040360,0.02961843,0.32953015,0.20724843,0.11383156,0.02103024,0.01338249,0.00018990,0.00000015,0.00000408,0.98723418,0.69269419,0.41242063,0.22306606,0.40085295,0.12177907,0.00003170,0.05429865,0.82550097,0.01667854,0.95381868,0.00070406,0.07303584,0.01910667,0.00618674,0.22140090,0.00551751,0.01793292,0.00035383,0.00113407,0.00232855,0.64607078,0.00337818,0.00005092,0.00001600,0.00920255,0.66684049,0.07561320,0.00259885,0.06062005,0.00014064,0.02131953,0.93787754,0.00108357,0.92697901,0.00055314,0.06147907,0.24386087,0.00001472,0.00053030,0.18181902,0.37121770,0.62845004,0.01412946,0.90845269,0.00000798,0.89703888,0.00358100,0.00434225,0.00496050,0.45347708,0.00178612,0.00018531,0.35792017,0.00187727,0.00020530,0.07290454,0.02859648,0.99843204,0.04533549,0.03688204,0.25469726,0.00175076,0.00479769,0.00090695,0.15135807,0.01063789,0.00537925,0.92333990,0.61294693,0.00016020,0.00061680,0.00408643,0.00132095,0.00638946,0.38529313,0.00270318,0.99779737,0.25429142,0.00003905,0.04734692,0.84075248,0.69088614,0.00203530,0.66970015,0.00021125,0.03793298,0.01951275
0.00045912,0.03060082,0.94419122,0.94919592,0.08790812,0.01072078,0.00032810,0.02680771,0.00940928,0.16359203,0.00861104,0.06168453,0.00001834,0.25851598,0.00931228,0.98268545,0.00019379,0.84237999,0.75684208,0.43706521,0.00636225,0.99865913,0.78202105,0.00076654,0.07538974,0.42625338,0.00049592,0.01405034,0.00000168,0.03076330,0.97613543,0.38110048,0.33199096,0.74602312,0.29915825,0.00425562,0.05679741,0.15222599,0.00001522,0.00000486,0.97078437,0.91297448,0.00790120,0.02863858,0.08160000,0.00019018,0.08842392,0.08575290,0.02237541,0.00487247,0.00034663,0.00262291,0.00009246,0.00237607,0.71435386,0.77569371,0.11947423,0.01259381,0.00165042,0.00105543,0.00117204,0.00006895,0.99495161,0.45879045,0.98262221,0.00379523,0.33360296,0.00035565,0.11197723,0.00010673,0.01918258,0.99971271,0.00005181,0.00001200,0.99101472,0.00419248,0.19764362,0.02549688,0.33800766,0.40931541,0.00130538,0.22013502,0.00029508,0.08886711,0.00009191,0.00085750,0.00021717,0.01000464,0.93798500,0.00237448,0.73769277,0.00006330,0.02231971,0.00019732,0.03282445,0.02749686,0.00983228,0.20664026,0.00000414,0.00001002,0.00072564,0.00007195,0.34705287,0.00011869,0.98441052,0.00026134,0.00000857,0.12714784,0.91464096,0.00049925,0.00084770,0.59687346,0.68420428,0.24474344,0.21532136,0.00007676,0.00481679,0.06121651
0.14214084,0.00000150,0.15426546,0.94753730,0.11666659,0.07278460,0.00005623,0.24848659,0.02730515,0.01060295,0.00707530,0.08294100,0.01910101,0.08480173,0.01110431,0.98787189,0.00380993,0.77656066,0.17061517,0.09650047,0.02257763,0.59400874,0.99578315,0.02743293,0.14118585,0.62904412,0.00011002,0.13117695,0.00006306,0.19259967,0.99940276,0.51276374,0.07814927,0.28544423,0.31714591,0.00539708,0.43591088,0.02809037,0.00009914,0.00008665,0.96120566,0.99963444,0.21364017,0.00050706,0.08029945,0.01452866,0.13904467,0.05312983,0.26043916,0.05357604,0.00007173,0.00735343,0.00002194,0.00242398,0.91839886,0.51579982,0.04850254,0.01270192,0.06595191,0.00886923,0.01365061,0.00028212,0.71247089,0.29386175,0.88505495,0.01655945,0.51777965,0.00069875,0.37956956,0.00000000,0.29920444,0.99678558,0.00078802,0.00219800,0.91797894,0.00567719,0.08911971,0.29867116,0.04032535,0.42298737,0.01040894,0.19599141,0.00010308,0.02965430,0.00223144,0.00424651,0.00003901,0.02410471,0.96777487,0.00257278,0.02789010,0.00001193,0.00851210,0.00000240,0.05980472,0.12313239,0.02224167,0.10022929,0.00000000,0.04557762,0.00606506,0.01223334,0.26865345,0.00530849,0.79688954,0.00144094,0.00386012,0.06713570,0.32580817,0.00115415,0.00022647,0.04536524,0.52185178,0.34405881,0.33085352,0.03071102,0.00496920,0.41079956
0.05853900,0.00000060,0.17374076,0.89618713,0.56584305,0.04236547,0.00004259,0.12145653,0.06362380,0.03565812,0.07734796,0.11037747,0.01885510,0.48749307,0.03336266,0.05711604,0.00874498,0.61568028,0.70809680,0.06789235,0.01399249,0.73822063,0.86643291,0.00022183,0.04940719,0.61121309,0.00012431,0.18427296,0.00036061,0.14526811,0.99243963,0.54795766,0.22526748,0.39029229,0.10564744,0.29892117,0.13669501,0.02887188,0.00002383,0.00398792,0.84499025,0.96449274,0.12971760,0.00000127,0.03566554,0.08570534,0.11299108,0.05133991,0.16187945,0.09338482,0.00101308,0.01520754,0.00018933,0.00358546,0.79978704,0.89057052,0.05497154,0.03386149,0.00961212,0.04549741,0.03058892,0.00495554,0.05115030,0.70821917,0.81495059,0.00774573,0.38370895,0.00105995,0.13277487,0.00000000,0.05148463,0.99094439,0.00260188,0.01841373,0.04890905,0.09243248,0.55415672,0.43881246,0.02210146,0.10253900,0.01579765,0.19702184,0.00122303,0.03020104,0.00000493,0.00451934,0.01266912,0.01067760,0.82053298,0.00666460,0.07595769,0.00574281,0.02707936,0.00000036,0.03174730,0.01064639,0.32984382,0.27084410,0.00000000,0.02605711,0.01915991,0.00536860,0.27927279,0.00894770,0.58480799,0.00030918,0.00162283,0.20112121,0.51186025,0.00457545,0.00010969,0.23033352,0.10627547,0.70753694,0.48783922,0.03159600,0.00779599,0.14527437
0.04785728,0.00011511,0.12648879,0.33751285,0.49927253,0.27898085,0.00083245,0.15468305,0.06474210,0.04392588,0.37781975,0.02266067,0.00221372,0.84596217,0.04765589,0.00055677,0.00992797,0.85129189,0.17940180,0.56570339,0.04710714,0.53288716,0.57546973,0.00025836,0.02572260,0.22669353,0.00014755,0.10249593,0.00089038,0.02087222,0.19108950,0.39113608,0.29656333,0.11505837,0.09361620,0.00108295,0.38679725,0.12587495,0.00007216,0.00863538,0.27171040,0.76432300,0.20618500,0.00000021,0.00649639,0.12121144,0.43125063,0.08192354,0.06615920,0.07060347,0.00022220,0.00336095,0.01075267,0.00301280,0.77707070,0.65004843,0.12631308,0.03774838,0.00096604,0.34819657,0.02501449,0.00763816,0.37954101,0.18082950,0.59940702,0.14005864,0.57271528,0.03425271,0.05405698,0.00000000,0.01278733,0.85184079,0.00196534,0.01841414,0.24389018,0.50506550,0.50066000,0.20217113,0.03781127,0.01178716,0.02708277,0.16588394,0.00314825,0.02836863,0.00022649,0.01115702,0.00015584,0.00008006,0.89567596,0.02598939,0.00405623,0.01139829,0.12767807,0.00003698,0.08265505,0.00228946,0.33508223,0.44912890,0.00001880,0.05932163,0.12834495,0.00721271,0.34819576,0.00071863,0.56785309,0.00181437,0.00063543,0.31204659,0.19463828,0.00220929,0.00006618,0.17836000,0.29094777,0.07461994,0.59460872,0.05099488,0.05237740,0.16468786
0.11121323,0.00414409,0.09215034,0.00108299,0.30421373,0.74470150,0.00247085,0.42863190,0.23905711,0.10824890,0.04973608,0.08199528,0.00486910,0.86315817,0.21714850,0.60572022,0.05845117,0.47393516,0.23722635,0.15791558,0.12690344,0.66910428,0.52332228,0.00541455,0.03592494,0.63903505,0.00056391,0.20425606,0.00671829,0.03243639,0.00429348,0.31793588,0.32006791,0.32248527,0.33381733,0.00127818,0.36498079,0.10672103,0.00030028,0.00741127,0.33046785,0.49543285,0.06228565,0.00000460,0.00555632,0.32201347,0.25760993,0.30585840,0.23171332,0.11146838,0.00044253,0.00481872,0.00355621,0.14914843,0.80536860,0.45819068,0.23823074,0.06947593,0.00137251,0.01432158,0.04675009,0.00478782,0.06878989,0.07587550,0.60248399,0.14366256,0.48057109,0.02032662,0.22193584,0.00000007,0.00602376,0.79484117,0.01970273,0.04877809,0.40296775,0.44648975,0.34949392,0.53520423,0.04346662,0.02088078,0.00967532,0.11095793,0.02568179,0.07450111,0.00019195,0.04814477,0.00001211,0.00041705,0.15725137,0.13929132,0.00434623,0.04050225,0.20766276,0.00013518,0.07975119,0.00878994,0.26324365,0.34215400,0.00000665,0.03111923,0.22225605,0.02104925,0.29422322,0.02640506,0.32544062,0.00323222,0.00443917,0.22380653,0.07884024,0.02025655,0.00062944,0.22970678,0.00969796,0.02362467,0.62825948,0.04013539,0.01659987,0.26215267
0.12331840,0.02158207,0.21214953,0.22949702,0.26244754,0.21668662,0.00498677,0.04860470,0.30131090,0.13095115,0.00163279,0.08148506,0.01584331,0.54639721,0.20514497,0.93431795,0.25595379,0.45166492,0.10839685,0.32491970,0.09383140,0.55325282,0.28739744,0.00789476,0.00004371,0.13344194,0.00425546,0.07628537,0.00186123,0.00120762,0.40066066,0.18553011,0.21131994,0.00685874,0.54022682,0.01291932,0.39928940,0.10415004,0.00280133,0.01363859,0.31876794,0.65885341,0.09940390,0.00028319,0.01008626,0.28700417,0.22384213,0.40780786,0.49946904,0.04389388,0.00261823,0.12553562,0.00295118,0.10007525,0.29155734,0.47128174,0.51180547,0.35911277,0.00167019,0.00365317,0.09951919,0.16680010,0.42570129,0.07370619,0.36331820,0.01748846,0.32125387,0.06127591,0.23901299,0.00002477,0.00388276,0.24003406,0.02790832,0.02058871,0.08601753,0.04776005,0.09949636,0.62641025,0.17936693,0.24978854,0.00321996,0.12271217,0.06651457,0.06660143,0.00466323,0.02093626,0.00118287,0.00079097,0.10224336,0.13591246,0.12644450,0.03990602,0.16075654,0.00169462,0.01123929,0.01603783,0.20121935,0.20990847,0.00024703,0.03647731,0.14730603,0.00980387,0.11182173,0.01190848,0.43695357,0.01089161,0.00173151,0.01920681,0.17066202,0.22100173,0.00287387,0.44176340,0.03104377,0.09204972,0.46767309,0.04482399,0.08098816,0.08082648
0.11097692,0.01339566,0.00884999,0.78477037,0.45474237,0.02081107,0.01161389,0.00486911,0.03653895,0.23947741,0.00053745,0.08935212,0.05568798,0.29917219,0.02252309,0.95639640,0.00880276,0.57536602,0.17051598,0.18042736,0.00283435,0.38373381,0.37789422,0.00308381,0.00752669,0.17386149,0.00782603,0.00169604,0.00001459,0.00695750,0.98549217,0.16005595,0.20276166,0.01860593,0.33383521,0.04276668,0.00017901,0.11013576,0.00711586,0.09614920,0.50452799,0.05634879,0.01645133,0.00135631,0.01401160,0.28035718,0.38014570,0.23003493,0.01575243,0.01310027,0.00625389,0.00902855,0.00566382,0.00605479,0.26974681,0.56522012,0.50929594,0.56067866,0.00663873,0.00204880,0.00536950,0.30556276,0.88462049,0.03858653,0.38133711,0.00335308,0.57690978,0.00999596,0.41525307,0.00001044,0.00519575,0.25412935,0.01042263,0.01119633,0.66176873,0.00186587,0.57728815,0.27287081,0.02105866,0.22461058,0.00322164,0.19006149,0.00135637,0.01819045,0.00434668,0.00030480,0.00155652,0.00001400,0.08236160,0.25494537,0.22224639,0.00766316,0.01714111,0.00332721,0.00660310,0.02409697,0.09715349,0.11816426,0.00038087,0.35758078,0.00087897,0.00144776,0.13409263,0.00642257,0.31526008,0.00698155,0.00030002,0.09849371,0.24544756,0.00437334,0.00562459,0.37809241,0.09169814,0.00867932,0.36019257,0.00085013,0.28270382,0.14361227
0.41737399,0.01467441,0.05938866,0.79323900,0.57440686,0.00620304,0.61483938,0.00088117,0.04015944,0.27451172,0.00009993,0.06864728,0.01754591,0.17696500,0.01898061,0.20855820,0.00459935,0.29736641,0.34343320,0.21814048,0.00561641,0.35995150,0.51313472,0.02035558,0.02807753,0.09997751,0.01699932,0.00043386,0.00020742,0.16484758,0.92017454,0.12090538,0.17101873,0.00004587,0.53362405,0.04020372,0.00048671,0.13956456,0.01118490,0.41595516,0.41748995,0.03042827,0.01249268,0.00079595,0.02851822,0.66100407,0.45386401,0.14217521,0.03751588,0.00225051,0.05817453,0.01874860,0.10832959,0.00953737,0.28238431,0.16000666,0.77035475,0.94297451,0.07515129,0.02331520,0.00566200,0.66748136,0.17515787,0.00576652,0.15587606,0.00666278,0.71744359,0.00046866,0.40596893,0.00064931,0.00225493,0.04660125,0.23166218,0.09500372,0.15740547,0.00062330,0.35271552,0.12095734,0.05774798,0.11831281,0.07745329,0.10916734,0.01393293,0.03394156,0.18820047,0.00021691,0.00605179,0.00000198,0.09377266,0.48439553,0.02355604,0.29724807,0.05723055,0.16601858,0.01483865,0.15654461,0.34474191,0.14675099,0.00000387,0.32602552,0.00023162,0.00665723,0.04824118,0.08400513,0.35897106,0.18969433,0.01607517,0.27057409,0.19887634,0.02585318,0.00377800,0.30748224,0.02143984,0.00037489,0.51814926,0.00141085,0.24417125,0.06799970
0.58434379,0.02521630,0.05088819,0.30961144,0.37332699,0.00431443,0.09582768,0.00025224,0.01194438,0.50187635,0.00007457,0.02584792,0.02152754,0.06695332,0.06781343,0.00048891,0.00900669,0.56700522,0.20824179,0.53532255,0.00089059,0.39570624,0.54431605,0.39548206,0.01562192,0.29528037,0.01207837,0.00011241,0.00022170,0.00069855,0.06095148,0.14804038,0.04232284,0.00003873,0.38066474,0.03599714,0.00061619,0.15229708,0.01392387,0.27962580,0.50941157,0.09631890,0.02374756,0.00706141,0.02711914,0.54236639,0.56255478,0.59953570,0.09729896,0.00135295,0.59727317,0.03155626,0.22724435,0.00353524,0.06619982,0.58268881,0.77380651,0.89108765,0.40430757,0.02310925,0.00360554,0.88941300,0.03844803,0.00267202,0.07047215,0.00167566,0.84684056,0.00119551,0.50365412,0.00187426,0.00126005,0.04530586,0.18456705,0.03042682,0.07188978,0.00005147,0.18007979,0.35736108,0.18951285,0.00870700,0.05296716,0.08422016,0.02815912,0.01030591,0.25734189,0.00038266,0.08539815,0.00000073,0.11029746,0.34937453,0.01387548,0.11702431,0.18616043,0.27544928,0.02781498,0.06293692,0.08718560,0.57550973,0.00002076,0.35505104,0.00002843,0.00265037,0.21184687,0.01000159,0.51915294,0.04361074,0.06273112,0.10845666,0.39329487,0.00598169,0.01829640,0.40159208,0.47592783,0.00248412,0.69682837,0.00205540,0.08211561,0.26172632
0.35209852,0.03904980,0.00205854,0.01599921,0.42630163,0.00016672,0.13912998,0.00352167,0.00207944,0.51630306,0.00001222,0.12189426,0.02534555,0.12269725,0.00262056,0.24364647,0.01538844,0.91306955,0.09597640,0.68950760,0.00005575,0.30746895,0.54017383,0.46568942,0.72454321,0.36821017,0.01038448,0.00002604,0.00007140,0.00090702,0.13967207,0.09096704,0.00945695,0.00150730,0.24856065,0.09237017,0.00047371,0.37431666,0.02352523,0.80803871,0.62974805,0.02245014,0.07035650,0.40096343,0.01161637,0.67912513,0.53803968,0.60717952,0.25502560,0.00119168,0.51183754,0.03557470,0.18608193,0.00891618,0.00892790,0.40330997,0.64703172,0.82514077,0.80643088,0.00488185,0.01690682,0.97715652,0.89762050,0.00008088,0.11133593,0.00014902,0.92543566,0.00319990,0.70815647,0.01595702,0.00160250,0.53773302,0.03301757,0.02074584,0.94227344,0.00000086,0.66028559,0.97503775,0.49306443,0.00187538,0.02510619,0.07794480,0.00619924,0.00412566,0.19340381,0.00072713,0.04077317,0.00000006,0.41039774,0.66331142,0.22050934,0.01390823,0.36914504,0.13267958,0.03555343,0.05840790,0.08651060,0.38296315,0.00002238,0.19572721,0.00000213,0.02107134,0.29774007,0.00096534,0.80260372,0.00065842,0.00438355,0.05439989,0.69650191,0.00232609,0.03027196,0.42691109,0.98864311,0.00313438,0.48081556,0.00051691,0.11449080,0.11577553
0.02208092,0.08498503,0.00295958,0.08141994,0.43556595,0.00032743,0.03624807,0.01233566,0.00570840,0.46289527,0.00005613,0.38947269,0.37774760,0.45554543,0.02047598,0.99131137,0.00314266,0.82408947,0.09841578,0.58766299,0.00047480,0.11573754,0.11921403,0.25979367,0.03187932,0.40564734,0.04426448,0.00171216,0.00108882,0.00000601,0.38929000,0.08999005,0.00534041,0.00018910,0.36613104,0.22875124,0.10937535,0.08439869,0.04605429,0.41118860,0.57629365,0.12059859,0.02083678,0.35627222,0.00913507,0.42719206,0.85101759,0.80183250,0.03323935,0.00614011,0.04870258,0.00919745,0.02961390,0.00067773,0.00351456,0.60359609,0.94192344,0.96418053,0.42230231,0.00147550,0.00456818,0.88290852,0.98705941,0.00043812,0.29267991,0.00000218,0.85996473,0.00779262,0.93687266,0.00371327,0.00013651,0.96711892,0.00473228,0.00460341,0.84094185,0.00002551,0.80442393,0.97966695,0.53712136,0.05004516,0.10107361,0.64425546,0.00048830,0.01514353,0.02555400,0.00066170,0.00352478,0.00000107,0.45456675,0.72891307,0.17177249,0.01224396,0.84484518,0.01173723,0.00000322,0.00978688,0.09646830,0.70335555,0.00000144,0.08654469,0.00000002,0.01236859,0.10618774,0.00005990,0.89636475,0.00057417,0.00020716,0.23149051,0.96261960,0.02059348,0.09626228,0.67431897,0.98117399,0.00363469,0.64285052,0.00084746,0.02226650,0.16396470
0.07687291,0.32331330,0.04832989,0.99514502,0.89511007,0.00251964,0.00747414,0.00202430,0.00156001,0.55841488,0.00052950,0.04480340,0.13335912,0.15563938,0.01760267,0.99231070,0.00820135,0.99079967,0.09203127,0.21206948,0.00005689,0.52341622,0.08670411,0.03607976,0.02953073,0.77661890,0.00184239,0.00001093,0.00008210,0.00002143,0.99075693,0.04910535,0.01608718,0.00000395,0.59712273,0.23818925,0.00015089,0.09728396,0.04358311,0.09151257,0.25210586,0.02095849,0.00792222,0.23717275,0.02113229,0.47202259,0.90946853,0.88048118,0.00998808,0.00141744,0.03098980,0.00052911,0.07533552,0.00005385,0.00001205,0.80110812,0.70547158,0.98879689,0.01701278,0.00066554,0.52409935,0.70815557,0.99375075,0.00265088,0.66565013,0.00000242,0.99357766,0.19151385,0.91070688,0.00688085,0.00101954,0.31625721,0.00155396,0.00069497,0.90520251,0.00000220,0.31120473,0.55969286,0.87959886,0.11374924,0.33300537,0.99272043,0.00042115,0.02278932,0.00087360,0.00003837,0.00109214,0.00019528,0.05010514,0.82851177,0.62317979,0.02493026,0.98596227,0.11190042,0.00009599,0.00235301,0.05871055,0.21866974,0.00000476,0.58731216,0.00000236,0.00017778,0.16530447,0.00000398,0.82477045,0.00064447,0.00008452,0.45633093,0.94727570,0.00506011,0.00751530,0.64481437,0.86224240,0.00012720,0.92547047,0.01114932,0.07214067,0.00006920
0.08360171,0.00551630,0.00225381,0.99299210,0.95141262,0.00004000,0.00085602,0.00308612,0.00010243,0.21260996,0.00000827,0.01265906,0.37149641,0.44347218,0.23889828,0.72433776,0.00004602,0.82812440,0.17237110,0.04099531,0.00052013,0.05604129,0.08780142,0.14901951,0.13678053,0.99270695,0.00172305,0.00384549,0.00000562,0.00050202,0.99755949,0.00593032,0.00317890,0.00193083,0.06680076,0.04012214,0.00001941,0.31915826,0.00990231,0.00655687,0.95733911,0.00036625,0.00038533,0.01145712,0.06104161,0.01336244,0.23128453,0.99233317,0.00067276,0.46619156,0.00044467,0.00016105,0.00538702,0.00024948,0.00000840,0.95712817,0.20461424,0.86650938,0.44109067,0.00691201,0.00053422,0.90872705,0.97635329,0.09044094,0.43613702,0.00024444,0.99351865,0.01169917,0.16103655,0.07959837,0.00019313,0.08662497,0.00000042,0.00308611,0.94106084,0.00030896,0.07054287,0.50174707,0.03290935,0.17611744,0.18895110,0.99758035,0.00001091,0.02632592,0.00126525,0.00068678,0.00343319,0.00004317,0.05038015,0.85333890,0.07394315,0.03806530,0.66952246,0.04088491,0.00036350,0.00633779,0.06188502,0.39332989,0.00094326,0.82274026,0.00004721,0.00036461,0.75345004,0.00008939,0.98228037,0.00000489,0.00018242,0.20403861,0.90849751,0.00118162,0.00154021,0.02481821,0.89068067,0.00344175,0.83316541,0.00043624,0.31371233,0.07854424
0.01169227,0.12273486,0.00680637,0.99986684,0.27533314,0.00924273,0.00005034,0.00756362,0.16368437,0.05565942,0.00531490,0.62722176,0.00183972,0.34739771,0.48326495,0.95331597,0.00825728,0.71788174,0.00301492,0.23779567,0.02354722,0.00046334,0.86315519,0.00041024,0.00008289,0.33049527,0.00303464,0.02697170,0.00000074,0.00004305,0.99073935,0.00173687,0.20828262,0.01157699,0.91482365,0.28850561,0.00161677,0.12430356,0.29725233,0.99999678,0.06156888,0.00319737,0.00134678,0.00157637,0.00014101,0.00082818,0.99227226,0.00232202,0.00930674,0.02538269,0.00061305,0.00028012,0.00041280,0.02161612,0.95612943,0.64559025,0.27320486,0.57165378,0.00055535,0.00006021,0.00558279,0.38174766,0.98866749,0.18778636,0.19647260,0.01047277,0.01770940,0.00900826,0.15011702,0.00037824,0.97999519,0.95117033,0.00007900,0.00001482,0.70515496,0.00628163,0.34063974,0.88601637,0.09546547,0.41671133,0.00034793,0.01082994,0.01371264,0.38292566,0.00013333,0.06195679,0.00001269,0.04185569,0.02930140,0.95433700,0.06450698,0.00104524,0.00621849,0.01432969,0.01805916,0.11223652,0.01552572,0.28106192,0.14438990,0.85721701,0.00249616,0.00007587,0.13554204,0.00001455,0.48411757,0.00024675,0.00066406,0.00453538,0.03157928,0.04740092,0.00267606,0.00680128,0.23838231,0.00382834,0.03429300,0.00006748,0.78340679,0.03468630
0.01010297,0.12645602,0.02299855,0.99921471,0.48826486,0.02866340,0.00014069,0.04459372,0.02726454,0.05645607,0.10181842,0.00818913,0.00006271,0.38321590,0.94985837,0.01566043,0.31376609,0.25214431,0.00996475,0.46569026,0.18811263,0.02605046,0.86836398,0.00186971,0.00848182,0.48078623,0.01546379,0.14861220,0.00000818,0.01926309,0.99818063,0.00047122,0.31193963,0.00606810,0.55584866,0.00161285,0.00378718,0.02235906,0.14293250,0.99721366,0.19430009,0.09652220,0.00000000,0.07163374,0.00000662,0.71078473,0.96391708,0.00000000,0.00809661,0.09799605,0.00008695,0.00427854,0.00009496,0.01242107,0.98075199,0.00167793,0.21403781,0.86730635,0.00843820,0.00013136,0.12931299,0.18330316,0.99472237,0.07353631,0.38700068,0.02576637,0.05777893,0.02950958,0.12508728,0.01862492,0.99333423,0.99517423,0.00001587,0.00490582,0.42942080,0.03359888,0.46155864,0.94363588,0.10183787,0.08687415,0.00000854,0.05911130,0.00134468,0.07426255,0.00063829,0.00448447,0.00002685,0.02552706,0.01418170,0.99217236,0.10008986,0.93674248,0.03582312,0.00003660,0.02777366,0.15795656,0.02316245,0.43619600,0.01115539,0.71063620,0.00134150,0.00240556,0.16480862,0.00277518,0.83601058,0.00549974,0.00419586,0.00074896,0.22014423,0.01082810,0.00032971,0.01916470,0.02269496,0.03047789,0.11092076,0.00047745,0.75885111,0.00336720
0.03730505,0.11995209,0.03625451,0.99831337,0.15107200,0.01248357,0.00096378,0.02112612,0.06787840,0.34021288,0.21779324,0.00781803,0.00527535,0.31832814,0.52431411,0.04513092,0.01987084,0.94379669,0.32235691,0.64620763,0.09281540,0.02038322,0.80380297,0.00137414,0.00116589,0.77505916,0.09509574,0.12516999,0.00003285,0.00221163,0.99463642,0.01658103,0.08231550,0.01557201,0.52295500,0.00169001,0.01345304,0.27925426,0.18423983,0.92488372,0.06842986,0.01362185,0.00000339,0.40480742,0.00000034,0.00841541,0.87269557,0.00000006,0.00529105,0.14189623,0.00594577,0.00266910,0.00066111,0.05196946,0.97930241,0.05825490,0.32319564,0.90005863,0.00005477,0.00829229,0.07108386,0.74064434,0.57438123,0.07919694,0.70937401,0.10821124,0.05132110,0.24488376,0.30559573,0.03738465,0.94277191,0.42192450,0.01194116,0.00041928,0.00106488,0.05915915,0.79615414,0.13835253,0.02976953,0.14365909,0.00486965,0.19239874,0.00181925,0.06818588,0.00495936,0.00086872,0.00000154,0.23059103,0.01120412,0.96047175,0.00021529,0.25707215,0.02858571,0.00018404,0.15798432,0.59570366,0.01327138,0.53436524,0.10130257,0.84151649,0.00300940,0.00083127,0.09595000,0.00197095,0.87425905,0.02441307,0.00046726,0.01096803,0.72135913,0.03226456,0.00000119,0.07319658,0.00038164,0.09124404,0.02060515,0.00412348,0.11688290,0.00499301
0.02322853,0.09294298,0.02599715,0.06865462,0.30176795,0.07156608,0.00648779,0.00001941,0.10967620,0.70767790,0.01835686,0.00261820,0.00739974,0.28948635,0.24383748,0.30462509,0.05305029,0.63352907,0.08546690,0.62803060,0.22375144,0.00552093,0.79956734,0.00615041,0.00003553,0.65223151,0.10198043,0.03894472,0.00045187,0.00182557,0.84135723,0.01228949,0.00488591,0.01674985,0.17256831,0.00287399,0.03489291,0.02058419,0.47192860,0.38986027,0.06132124,0.18851681,0.00002084,0.00344206,0.00000047,0.05306368,0.68838358,0.00000624,0.07313047,0.50458014,0.01039241,0.00547793,0.00008564,0.03631234,0.94666457,0.01836343,0.18819085,0.92783552,0.01486462,0.01518501,0.33124956,0.87747067,0.48631129,0.05491108,0.51503485,0.38636959,0.04112924,0.00559765,0.60242605,0.02035003,0.89453554,0.14171506,0.00172759,0.00026872,0.51268184,0.15664588,0.78477013,0.27980444,0.15504645,0.04489544,0.00055034,0.14042674,0.00079730,0.21055058,0.00324626,0.01983320,0.00000202,0.13175458,0.00317276,0.76003778,0.00123783,0.01174431,0.03528275,0.00034683,0.19175987,0.26824135,0.14408715,0.50465119,0.08502032,0.47405842,0.05535067,0.00981111,0.04778653,0.00038440,0.61558414,0.00187242,0.00185368,0.01334005,0.67985910,0.02693982,0.00001765,0.31901294,0.00311330,0.01099042,0.02624762,0.04295347,0.40071025,0.00495808
0.07758148,0.08145874,0.06756596,0.00861932,0.21143666,0.02929693,0.00035688,0.00000101,0.15272409,0.50003749,0.00732541,0.02364928,0.00262963,0.31285563,0.11433252,0.65024126,0.00942537,0.80315930,0.04239497,0.35090485,0.08359427,0.01987119,0.81888103,0.07108805,0.00410103,0.80153936,0.05655373,0.04926259,0.00914793,0.00051971,0.00284526,0.05605290,0.02582157,0.06320149,0.39711645,0.00477871,0.11983531,0.05579739,0.21984327,0.14341706,0.19717214,0.29806840,0.00006069,0.01073159,0.00000020,0.03459291,0.33957061,0.00010851,0.15495139,0.26044366,0.01349805,0.04029113,0.00001249,0.39625388,0.91280937,0.02772206,0.34681311,0.49872702,0.00955321,0.01801389,0.11317539,0.74666113,0.30069119,0.01276981,0.63681990,0.43891260,0.15805225,0.06143388,0.16806565,0.03093830,0.89341182,0.43707943,0.00148754,0.01723498,0.90077651,0.13068099,0.70879835,0.28141549,0.11247236,0.02451622,0.03162217,0.17054428,0.01181018,0.39262614,0.00216012,0.19511363,0.00000069,0.64949566,0.00042444,0.49535847,0.02841656,0.01090392,0.11525840,0.00028277,0.01515914,0.12765335,0.03100402,0.43979058,0.03206301,0.15343931,0.07527597,0.07305471,0.18015650,0.01400423,0.60590756,0.00598487,0.00203827,0.02163784,0.19888231,0.07323363,0.00027663,0.46046117,0.04250726,0.02478309,0.13910808,0.09831072,0.15174940,0.00970434
0.24181417,0.13008033,0.03724088,0.17276886,0.19414690,0.18389037,0.00232348,0.00006392,0.23281887,0.14899014,0.03455448,0.03709543,0.02050263,0.33828846,0.36582786,0.60053712,0.11492646,0.45879030,0.09766034,0.49712846,0.02896200,0.01113827,0.43370780,0.09045824,0.00538114,0.78826648,0.02074255,0.12793931,0.01595994,0.00101868,0.01962393,0.09421594,0.01031438,0.02472181,0.55258727,0.01939610,0.38636529,0.03677412,0.17345512,0.04025115,0.43746871,0.37189916,0.00008080,0.00702368,0.00000803,0.05948277,0.21327917,0.00058828,0.19489034,0.10335512,0.00387590,0.23349583,0.00011468,0.33452556,0.44638675,0.02499378,0.58831531,0.54070687,0.00826496,0.00814859,0.54383665,0.65296632,0.44673717,0.03098896,0.54247320,0.02640009,0.19182788,0.30391219,0.44145787,0.24520670,0.81718445,0.37002376,0.00189360,0.00490739,0.51279664,0.00992973,0.24042432,0.56985682,0.21893911,0.10438415,0.00243106,0.02536730,0.02381071,0.20824116,0.00830681,0.09478210,0.00082684,0.56923211,0.01666037,0.42148158,0.06909187,0.00384704,0.16310929,0.00148672,0.00041844,0.09485882,0.00917951,0.58294499,0.02779417,0.21443546,0.12050213,0.01185879,0.19622152,0.00140434,0.70656872,0.00493283,0.00085091,0.04399654,0.18070324,0.11244244,0.00410161,0.60627121,0.03689727,0.16355601,0.07311189,0.24205360,0.10492934,0.01395597
0.25112569,0.08421274,0.00115805,0.93052435,0.32924494,0.00476528,0.00233620,0.00048924,0.08395251,0.16162936,0.02040529,0.06204524,0.03420741,0.22091085,0.01928736,0.81614691,0.00105333,0.65372801,0.25425178,0.23037583,0.00309848,0.08333710,0.34040257,0.00629332,0.01906312,0.52712750,0.01234521,0.00566996,0.00001555,0.00340395,0.95150465,0.08071294,0.11206611,0.02965368,0.48696414,0.07547226,0.00276877,0.10946597,0.13394931,0.02659290,0.26047862,0.07199682,0.00008497,0.01315100,0.00036957,0.01721097,0.40080330,0.00195411,0.01444235,0.02448596,0.00322418,0.03520494,0.00064924,0.00716635,0.41401497,0.07278411,0.44131505,0.31257388,0.00944550,0.02841806,0.00661609,0.35488856,0.90464407,0.04138394,0.39792591,0.00596334,0.30983692,0.04001064,0.18629830,0.00425844,0.84110093,0.22207199,0.00262688,0.00751312,0.46154183,0.00197281,0.40407518,0.21667241,0.01519864,0.10771294,0.01318747,0.01320913,0.00062971,0.07058220,0.00453447,0.00209739,0.00419669,0.00049151,0.02387528,0.36035639,0.17442438,0.00193443,0.03375683,0.00157439,0.00010785,0.07331187,0.04230861,0.25813979,0.02912140,0.54786313,0.00077452,0.00103608,0.22128868,0.00521747,0.27782404,0.00871635,0.00013520,0.32908633,0.15868707,0.00048169,0.01327734,0.36827722,0.24029322,0.00966305,0.01542368,0.00710920,0.58786362,0.22605646
0.78511024,0.14277825,0.00750434,0.94629252,0.23177859,0.00327052,0.03035007,0.00058318,0.07182958,0.03298210,0.06061998,0.32851177,0.46085510,0.74388015,0.01811665,0.27785969,0.00323356,0.20285346,0.62179422,0.22753935,0.00816767,0.20288368,0.20709419,0.03791721,0.06222244,0.23084973,0.01756358,0.01020060,0.00041844,0.13867806,0.97956914,0.25290763,0.26156983,0.00076482,0.52562606,0.04233651,0.00327248,0.14822279,0.12760952,0.03466235,0.32176012,0.13481902,0.00005030,0.01199153,0.00510250,0.03107893,0.34213555,0.00297571,0.06112624,0.00900765,0.00795529,0.07199065,0.00788450,0.00606305,0.20890410,0.11884133,0.82290721,0.36442316,0.02258553,0.31604785,0.01795032,0.12370354,0.39805907,0.01449081,0.47617242,0.00292922,0.28152597,0.06666412,0.16295952,0.06296354,0.76895541,0.43006343,0.09636263,0.06619877,0.03333190,0.00122674,0.38460892,0.05080636,0.01727370,0.10302062,0.25823444,0.00481528,0.00269516,0.14296605,0.42583326,0.00337020,0.00372863,0.00037489,0.00261239,0.37966347,0.17349532,0.00410055,0.12413388,0.02144322,0.00003093,0.64993346,0.11030279,0.33013090,0.04347841,0.28470758,0.00289465,0.00586880,0.17208099,0.35381883,0.31639755,0.35166615,0.00552127,0.67807716,0.36895576,0.00540105,0.04474183,0.36344895,0.10150248,0.00322482,0.00219433,0.01163503,0.28869975,0.15032986
0.61177176,0.16487676,0.08401056,0.13834676,0.42358264,0.00082856,0.00024107,0.00045828,0.06916453,0.06126345,0.06798947,0.59104151,0.13701245,0.88716727,0.00259077,0.27605271,0.00847143,0.79498261,0.27886015,0.23041251,0.01942339,0.08701643,0.14105909,0.13544971,0.17946005,0.06230477,0.00291395,0.00613408,0.00082217,0.00756082,0.55190039,0.05150267,0.34165663,0.00097690,0.62196201,0.01882653,0.02816505,0.12539424,0.01596927,0.01410420,0.05456473,0.45898250,0.00158121,0.01041557,0.14848310,0.01765453,0.14252806,0.00224632,0.00649031,0.00452504,0.01119518,0.03409506,0.08430780,0.00071285,0.44718772,0.03468348,0.60446841,0.05673569,0.15099528,0.47702768,0.00110315,0.58397645,0.02235843,0.00657433,0.34448171,0.00038318,0.57559931,0.00190948,0.04376311,0.00472179,0.76140332,0.14515370,0.06109541,0.04373584,0.02283510,0.00006209,0.55022568,0.09605620,0.15099962,0.06892716,0.02934846,0.00129674,0.01180966,0.30816227,0.04506621,0.00549767,0.29791069,0.00008256,0.00443805,0.27856615,0.03493202,0.00030299,0.23467657,0.01862738,0.00000494,0.44450229,0.14393836,0.42350343,0.03352383,0.50682592,0.01635522,0.00226708,0.34862524,0.13361406,0.34490013,0.75196415,0.00707771,0.74425566,0.19872817,0.00164245,0.48081946,0.48705730,0.05415543,0.01596925,0.00040283,0.05832116,0.21892270,0.12401760
0.38194171,0.37343678,0.05910400,0.03151419,0.40115622,0.04653642,0.00393808,0.04466105,0.06943718,0.01814879,0.10954125,0.42133272,0.24999598,0.92155248,0.00401943,0.89197958,0.00047803,0.03010112,0.18925716,0.08862723,0.08233020,0.03743871,0.14044537,0.11741923,0.05468839,0.06362999,0.00227361,0.00170035,0.00010549,0.00147603,0.23346649,0.21883927,0.17315768,0.00039458,0.57743496,0.22642693,0.13082078,0.13356550,0.06406652,0.08752258,0.07413711,0.84815621,0.00250370,0.03384531,0.14709279,0.01462928,0.20910056,0.00394963,0.00427130,0.00369994,0.00434915,0.05240057,0.15932301,0.00033459,0.24103604,0.01720146,0.86075681,0.00731741,0.15758631,0.11079422,0.00095574,0.63457507,0.94048291,0.00027563,0.08573667,0.00019688,0.65856463,0.01711256,0.01710141,0.00203574,0.81758213,0.59854472,0.02057415,0.01182493,0.94431365,0.00006814,0.23709740,0.12021778,0.12313492,0.02455076,0.05190830,0.00006576,0.02783830,0.16988136,0.04978065,0.01002350,0.42247438,0.00001273,0.00037374,0.43319979,0.42171025,0.00027000,0.74083298,0.04169960,0.00000131,0.08894116,0.26353031,0.60269463,0.04958227,0.85934311,0.00518930,0.00284009,0.54696840,0.02841520,0.03501682,0.33314800,0.01292613,0.77438372,0.00566321,0.00294309,0.50242656,0.62324625,0.58135337,0.00250866,0.00011972,0.05350028,0.42676809,0.26956689
0.53579420,0.15870857,0.01349016,0.28870466,0.14548269,0.06391501,0.07763859,0.01261735,0.19587287,0.13690606,0.06882380,0.47383660,0.03633976,0.95681351,0.00092412,0.99815792,0.01001837,0.04178472,0.26127291,0.05483120,0.01673016,0.09264274,0.20491454,0.15488884,0.02021048,0.05826432,0.00325770,0.00004348,0.00005603,0.00340978,0.16153049,0.09778485,0.54544955,0.00052066,0.41526034,0.14247908,0.00082801,0.83297515,0.11704426,0.00985875,0.06117491,0.97412425,0.01141213,0.07910581,0.07750985,0.00418188,0.05692868,0.00506379,0.00345690,0.00141122,0.01814498,0.05749238,0.18199724,0.00048099,0.28689772,0.10396668,0.95506567,0.00681322,0.14341061,0.02226730,0.00004437,0.46838298,0.99045324,0.00491319,0.01067368,0.00013516,0.89946330,0.00294663,0.00141899,0.00278533,0.95809895,0.81395715,0.01725770,0.00620931,0.98222572,0.00008859,0.72108263,0.01247493,0.02757446,0.21792908,0.01045096,0.00002269,0.07942653,0.13260582,0.04594303,0.00024818,0.25553080,0.00000263,0.00211002,0.26295045,0.76547116,0.00092577,0.86009079,0.05341635,0.00000244,0.42774957,0.09960084,0.82408023,0.15148839,0.06725021,0.00006536,0.01154695,0.41651252,0.00840300,0.02617178,0.00853282,0.00219379,0.75959182,0.02938046,0.00009361,0.16512892,0.27851894,0.51099879,0.00063280,0.00318754,0.00009242,0.72892690,0.57901680
0.17591335,0.12250718,0.00184151,0.93926847,0.19667745,0.00282208,0.19934130,0.01849486,0.04811507,0.34113303,0.00017732,0.15289062,0.03009222,0.98459655,0.01555376,0.99725634,0.00490269,0.39583361,0.30934182,0.06298130,0.01908379,0.02456125,0.04387791,0.06559104,0.00642229,0.01591452,0.01841585,0.00035879,0.00000090,0.00011832,0.97294366,0.82759601,0.96766800,0.00931116,0.48222145,0.33972326,0.14120120,0.38704091,0.25032613,0.00781223,0.14301173,0.40015799,0.00022449,0.12750117,0.01906935,0.00357509,0.06351517,0.00488940,0.02881336,0.00117426,0.03693944,0.02777871,0.02269338,0.00003097,0.39206615,0.00554584,0.95044512,0.01423495,0.10697103,0.03712907,0.04662069,0.56955844,0.99886012,0.03846062,0.01266002,0.00001741,0.89943600,0.00386357,0.00048601,0.03875391,0.97079855,0.53599489,0.01395314,0.00628398,0.76074976,0.00101482,0.99624193,0.01155866,0.14145234,0.49528360,0.00162559,0.00005383,0.06823042,0.05247912,0.00898905,0.00050062,0.13637204,0.00000257,0.00385731,0.34006065,0.66247350,0.00183900,0.10657278,0.05010049,0.00245410,0.29116488,0.84085017,0.96112037,0.04183231,0.04982002,0.00007295,0.03704911,0.47505555,0.02251120,0.05113398,0.00028614,0.01853049,0.90273118,0.18534292,0.00084957,0.00458356,0.55422229,0.05942595,0.34835768,0.00795796,0.00341586,0.36324707,0.37916154
0.02571327,0.07540016,0.00006580,0.39909163,0.67725134,0.00089682,0.18057932,0.00081689,0.00025731,0.17907429,0.00008658,0.66074848,0.04478500,0.99882817,0.00027093,0.99755734,0.00045780,0.78550154,0.03767896,0.03568587,0.00029674,0.00256465,0.01812512,0.05810230,0.00369989,0.00402850,0.01806440,0.01501126,0.00000022,0.00067698,0.99840349,0.49791566,0.96271139,0.00257980,0.16133253,0.22208156,0.00011831,0.12039743,0.07507346,0.03973763,0.22729050,0.75152999,0.00062205,0.01035554,0.01273138,0.07396671,0.04742335,0.00141514,0.00810259,0.00510874,0.04797141,0.00032199,0.05508306,0.00028057,0.75258201,0.15929171,0.99838746,0.08689159,0.04666943,0.03096460,0.00027839,0.42298272,0.99458879,0.07996235,0.00686703,0.00039065,0.96558940,0.00041705,0.00899272,0.00040788,0.57393074,0.33580086,0.00683606,0.00044658,0.94015449,0.00005249,0.98541415,0.00202108,0.94966632,0.33397987,0.00090109,0.00089199,0.51588058,0.26866987,0.00046487,0.00003688,0.15823193,0.00002739,0.00108588,0.21578112,0.67340964,0.00016648,0.18412802,0.02431409,0.00068907,0.96345103,0.49667749,0.83678156,0.05425030,0.24510349,0.00078764,0.00255021,0.03667984,0.01112250,0.00727494,0.00005154,0.02894329,0.69288820,0.57300371,0.00010558,0.00030600,0.16988695,0.28599092,0.03178000,0.00003146,0.00226872,0.91016674,0.14293930
0.01388623,0.00369707,0.00020373,0.00371273,0.05859140,0.00162751,0.00101379,0.01324383,0.12478226,0.00166943,0.02571982,0.93455786,0.00098444,0.91461593,0.05026798,0.84276336,0.00042430,0.97008157,0.00020765,0.13788648,0.02140763,0.00006719,0.03145224,0.00008813,0.99393362,0.13125440,0.00517517,0.01846123,0.00000388,0.00004035,0.98302406,0.21204951,0.02764750,0.62546515,0.94132113,0.00225399,0.00044287,0.39559358,0.02211218,0.00037035,0.06509026,0.11012911,0.11628461,0.00225476,0.00065820,0.10527558,0.82503426,0.22050676,0.01721242,0.31624886,0.00246539,0.00077863,0.00004844,0.04841194,0.21421275,0.00023163,0.21292542,0.77032286,0.00147275,0.00087956,0.00061143,0.03104005,0.99265987,0.45255640,0.31990263,0.02838690,0.08580891,0.00049061,0.95066231,0.00164615,0.99718589,0.99999249,0.00050258,0.09181012,0.83213395,0.00568696,0.35910624,0.99838859,0.10669857,0.32117239,0.44385728,0.02947342,0.00075219,0.70523226,0.00005129,0.08568354,0.00080400,0.01017919,0.65745854,0.09785890,0.75615054,0.01256068,0.13665448,0.00004523,0.00311873,0.10805326,0.52456713,0.00600624,0.47124463,0.18947056,0.00038150,0.00025228,0.38058874,0.00005312,0.00743215,0.00059175,0.00001064,0.00748766,0.94961518,0.01722592,0.00408459,0.00465415,0.01722178,0.10601443,0.40931481,0.00296420,0.80095738,0.00227694
0.35748541,0.00133988,0.00000020,0.70812213,0.21876456,0.00196260,0.01375382,0.02708708,0.20491421,0.05809851,0.09383342,0.98324513,0.00002470,0.05881407,0.07585868,0.85012597,0.01001297,0.96682900,0.01078100,0.17698072,0.02207932,0.00000000,0.06130135,0.00166939,0.99954349,0.72878504,0.10992985,0.02404542,0.00028284,0.07560481,0.98580098,0.02147604,0.05182908,0.55999798,0.73300380,0.00830183,0.00152734,0.51072896,0.02220247,0.00008544,0.01499823,0.04918416,0.04101259,0.00010903,0.01762806,0.09060717,0.53232974,0.23251228,0.07838957,0.44929966,0.16450320,0.00281494,0.00000338,0.09582207,0.15403610,0.00331293,0.26084462,0.82489640,0.00068220,0.00564547,0.00427158,0.51951188,0.99874729,0.66253954,0.03629281,0.18578763,0.12953655,0.00000002,0.95415759,0.02569492,0.99711841,0.99862641,0.00591563,0.06582280,0.60610127,0.02160018,0.35841605,0.99566412,0.09990967,0.20278610,0.03075286,0.33207521,0.00112794,0.54574645,0.00000017,0.00452281,0.00011209,0.01013144,0.44201541,0.32492220,0.11766146,0.03245588,0.05530056,0.00001440,0.00912003,0.00884256,0.88667941,0.02745876,0.37906626,0.92883748,0.00089272,0.00136059,0.64389729,0.00000761,0.01080016,0.00030621,0.00000829,0.00351075,0.89061797,0.06459685,0.00019503,0.00560130,0.02027599,0.35359341,0.24421428,0.00870044,0.99218297,0.00098016
0.28159231,0.00716460,0.00013197,0.49378011,0.12195987,0.00756234,0.00028990,0.07241372,0.17510770,0.01478931,0.63176644,0.65712321,0.00428207,0.57074988,0.05579044,0.42809945,0.01188258,0.96971869,0.02952256,0.11900148,0.03121801,0.00000000,0.07693493,0.00382103,0.93930322,0.48464733,0.00085448,0.20131055,0.00036914,0.02916184,0.97935599,0.08270244,0.25881070,0.54247624,0.58576655,0.00304992,0.00165816,0.56935477,0.05242180,0.00000004,0.10661522,0.10100892,0.01027237,0.00006605,0.02129827,0.00965878,0.82549143,0.24803552,0.07549375,0.14129077,0.06039620,0.00111876,0.00047456,0.44171557,0.29454449,0.02005906,0.35832095,0.92371231,0.00454836,0.12209017,0.00305964,0.06441801,0.17635536,0.54442126,0.06443396,0.16260971,0.06626475,0.00000000,0.96406657,0.00273191,0.99478447,0.98723584,0.00450089,0.12319161,0.16912055,0.02705139,0.16174915,0.98435420,0.30939421,0.46788019,0.02208753,0.22716913,0.00163410,0.67008293,0.00001110,0.00430562,0.00268180,0.00053133,0.47667789,0.04820573,0.00165613,0.04746022,0.08217842,0.00000427,0.06991553,0.06268171,0.74457633,0.01044651,0.23129430,0.55115104,0.01032713,0.00396776,0.85393631,0.00012703,0.04168878,0.00332225,0.00000019,0.01377511,0.93053067,0.02372555,0.00028032,0.02235943,0.14858739,0.48965409,0.25959218,0.00928983,0.93433481,0.00028534
0.36076632,0.05719785,0.01108379,0.43989962,0.23391330,0.00485714,0.00035291,0.10148849,0.14554782,0.16228025,0.30188337,0.49539283,0.00253532,0.90549046,0.06813384,0.03689798,0.01400549,0.94086826,0.04131649,0.05755822,0.04293634,0.00003080,0.01586893,0.02389720,0.47353014,0.19330864,0.00202219,0.02097402,0.00021245,0.01927859,0.05878301,0.14196822,0.39805377,0.85766530,0.08991132,0.00007448,0.01297505,0.64549905,0.00966138,0.00000989,0.13370635,0.07353582,0.23376656,0.00001464,0.53446305,0.14898156,0.45515391,0.39826247,0.07713997,0.03215004,0.18179107,0.00271061,0.00022521,0.29926214,0.22857934,0.02047730,0.18341918,0.63632005,0.00040664,0.06592029,0.02445149,0.13350181,0.31951243,0.53626782,0.07638439,0.17161238,0.19977055,0.00000016,0.95893157,0.00000023,0.98862231,0.92251974,0.04847901,0.05043193,0.02957032,0.44805527,0.50355512,0.97256690,0.64656210,0.19391789,0.12529007,0.20813634,0.00690987,0.68137604,0.00000014,0.04526428,0.00024927,0.02383906,0.42459816,0.10201619,0.22688553,0.02909097,0.13886088,0.00003209,0.51058394,0.01174414,0.48012549,0.05188746,0.23852824,0.64270955,0.00540647,0.01231796,0.86640555,0.01281045,0.02341186,0.00079084,0.00046379,0.00886264,0.00752917,0.05990981,0.00186622,0.01911718,0.00099573,0.58738387,0.27052414,0.05383941,0.97215790,0.00211740
0.54296994,0.00629610,0.00319316,0.01423792,0.07083990,0.01331004,0.00086494,0.01939074,0.14185530,0.02605195,0.00743296,0.63356739,0.00991917,0.51366234,0.05906327,0.06444649,0.01201131,0.72299188,0.09044232,0.05537466,0.05389179,0.00007330,0.00194140,0.12436694,0.06570508,0.15923294,0.00287403,0.00116439,0.00250168,0.01819198,0.00659990,0.16923161,0.61413717,0.31844604,0.05924334,0.02927390,0.03670494,0.25073144,0.03176517,0.00034511,0.12529230,0.17670999,0.17867798,0.00012553,0.05060518,0.06744453,0.27001530,0.54260170,0.22099894,0.00407748,0.00316720,0.03485894,0.00047706,0.34330839,0.11484154,0.03167117,0.30159506,0.44796714,0.00181286,0.07723819,0.00598914,0.05692286,0.06799402,0.09877834,0.29244092,0.60363549,0.13435751,0.00000921,0.75973916,0.00001427,0.94865233,0.66414917,0.04326562,0.04169777,0.04307138,0.13408780,0.65690857,0.93418604,0.42246845,0.24001643,0.05095185,0.09922190,0.00753379,0.88456625,0.00008515,0.15875892,0.00863435,0.09448373,0.37436521,0.19452471,0.04719463,0.00938573,0.10866681,0.00057621,0.40194476,0.02853660,0.53737730,0.02312257,0.25474432,0.54647344,0.03045953,0.00824677,0.40227744,0.06708167,0.05596475,0.00408745,0.00467930,0.08258975,0.01554363,0.03982178,0.00028275,0.02563415,0.00021766,0.32602346,0.30487260,0.06344868,0.84851062,0.04843406
0.58879757,0.05019743,0.05091089,0.09766448,0.04368070,0.19284479,0.00116597,0.01409639,0.15728608,0.03940850,0.00186287,0.33865249,0.01046628,0.47113645,0.43496823,0.74545050,0.07105664,0.65736181,0.08568608,0.03078724,0.02549379,0.00138583,0.00523872,0.15892763,0.00011454,0.25515327,0.00805680,0.01072017,0.00159150,0.00193342,0.55598891,0.19211300,0.21041444,0.05048385,0.31099421,0.02408429,0.44733745,0.23574078,0.10576036,0.00022456,0.12459540,0.36444831,0.07282130,0.00157276,0.01468272,0.27822465,0.14053348,0.67519432,0.56897491,0.00329467,0.00176436,0.19267504,0.00030318,0.40829977,0.19541900,0.01730177,0.47946039,0.40940559,0.00547261,0.01104711,0.44471562,0.11740670,0.86635005,0.02232366,0.30630097,0.05812807,0.09554324,0.00003138,0.58131510,0.00006170,0.86023670,0.44559664,0.04223673,0.00348640,0.25152633,0.01043466,0.36294144,0.83150643,0.45889425,0.57286662,0.01724667,0.10081331,0.03062363,0.50231636,0.00011646,0.07623250,0.02554036,0.12951116,0.27410498,0.27204022,0.10569420,0.01398212,0.08794241,0.00129396,0.03651831,0.02313268,0.21064098,0.12322749,0.24763420,0.35181892,0.09625687,0.01103407,0.39258167,0.00318871,0.14116965,0.02066633,0.01299565,0.01694598,0.01971356,0.34609753,0.00338546,0.17260072,0.05187578,0.02698728,0.19686529,0.04579804,0.66034108,0.10851478
0.47675920,0.05241918,0.00423644,0.26875457,0.07658698,0.00443764,0.00153127,0.00058140,0.00603121,0.08420051,0.00017390,0.38864374,0.02371894,0.35204765,0.09487030,0.97196174,0.00102497,0.60029578,0.12491219,0.02670242,0.00261496,0.00310750,0.01287262,0.04829369,0.01028494,0.16099964,0.01639467,0.00264757,0.00001548,0.00242413,0.97837943,0.18030597,0.58324391,0.05482385,0.18914790,0.06190448,0.00326663,0.19342251,0.13195008,0.00197239,0.10169782,0.04942800,0.06980985,0.00415578,0.02042369,0.17017391,0.23453689,0.42482525,0.00306612,0.01043698,0.00161446,0.02098049,0.00104800,0.00748272,0.39789346,0.10474708,0.28185251,0.08979480,0.00801085,0.01249476,0.00303520,0.14796996,0.96640080,0.11079232,0.33655229,0.00882433,0.31845003,0.00014141,0.59988385,0.00000259,0.75607377,0.48526892,0.01031936,0.00142968,0.63206500,0.00168206,0.60254151,0.58949077,0.06705862,0.46021211,0.03927897,0.26498574,0.00019363,0.18604222,0.00019532,0.00183801,0.01514509,0.00438664,0.15889491,0.08394893,0.22668481,0.02399861,0.00752316,0.00110937,0.00312325,0.00943209,0.07601057,0.09454707,0.21295357,0.46407008,0.00095832,0.00114742,0.53198504,0.01453190,0.06475128,0.01795743,0.00101869,0.02293363,0.05094303,0.00412426,0.01173664,0.07240967,0.22596213,0.00051403,0.11229831,0.00320907,0.67542356,0.11561760
0.78566033,0.02469417,0.05120629,0.32801116,0.09072229,0.00387068,0.11461178,0.00007177,0.00322254,0.02871279,0.00005881,0.30206540,0.25590700,0.41799927,0.14171568,0.41836333,0.02236244,0.56473839,0.34677660,0.02661610,0.01078286,0.01064252,0.00183301,0.38939571,0.00240576,0.09244458,0.05017313,0.00400124,0.00246396,0.60612571,0.90238661,0.43283370,0.70671362,0.00667221,0.10459554,0.01105150,0.00503345,0.12502810,0.19865125,0.00903338,0.09893291,0.11524357,0.03600245,0.00433449,0.02546840,0.33191270,0.18435450,0.40923727,0.00550882,0.01859760,0.00189743,0.13177733,0.00440667,0.00740332,0.26315680,0.05310776,0.42123601,0.11835383,0.12922029,0.06131062,0.01128432,0.23113662,0.53316152,0.02598978,0.33046728,0.00603385,0.23937340,0.00031082,0.46914506,0.00001912,0.83396643,0.24668635,0.10048357,0.00403121,0.57634807,0.00203037,0.65645951,0.61042768,0.02247659,0.23229520,0.38305891,0.47662109,0.00033528,0.17362137,0.01067314,0.00200005,0.03448624,0.00637058,0.26001599,0.13951895,0.07246521,0.24641228,0.00787074,0.02589812,0.00113792,0.05717665,0.10328066,0.13410263,0.34998551,0.52731252,0.00467051,0.09573852,0.56923336,0.54852295,0.16985396,0.37901974,0.01143654,0.10935657,0.00755873,0.01025365,0.01404013,0.34350386,0.16500661,0.00009763,0.12400549,0.01364674,0.53974980,0.23408379
0.43657336,0.10670335,0.07559581,0.30125308,0.04746213,0.00093453,0.10370323,0.00003397,0.00214874,0.01533130,0.00004848,0.04618210,0.32483795,0.21152261,0.15617739,0.00621305,0.00730479,0.79810482,0.07884920,0.03020707,0.04083458,0.00775979,0.00039255,0.16889246,0.19239056,0.40388805,0.15187865,0.00143974,0.00238621,0.08966549,0.01819197,0.24847639,0.35868368,0.00159433,0.07968087,0.00753929,0.00838045,0.10373034,0.10701205,0.05332623,0.08675274,0.07433686,0.13035990,0.01291052,0.01554234,0.27381423,0.03541285,0.18128334,0.01975424,0.01570711,0.00221443,0.19642764,0.00757038,0.00618587,0.30175397,0.01784235,0.76824629,0.05141508,0.38119033,0.06539299,0.00942881,0.11732833,0.00905151,0.10374326,0.30553272,0.00274655,0.22106336,0.00003048,0.66353297,0.00003482,0.81200165,0.30365604,0.05269006,0.00690731,0.51304835,0.00093509,0.76860225,0.48740181,0.00790010,0.08409427,0.45392451,0.32607687,0.00950531,0.54650021,0.00193896,0.00245645,0.01451501,0.03336408,0.15053380,0.10209172,0.02758081,0.46417060,0.00539112,0.24941725,0.00072218,0.07225358,0.13743617,0.05797769,0.22159648,0.24692129,0.01089557,0.05106734,0.75898480,0.10285704,0.08075734,0.34454510,0.00821349,0.08687967,0.01270905,0.00318204,0.00917160,0.28274241,0.36363155,0.00001561,0.16994587,0.08699052,0.85737121,0.39607650
0.08722450,0.61954314,0.01712773,0.02940332,0.09955692,0.04090504,0.16872275,0.00002313,0.00050545,0.00336684,0.00000097,0.35740736,0.06580855,0.61782277,0.13561477,0.54163587,0.01085523,0.08199003,0.18065943,0.15099123,0.28860444,0.09242655,0.00015854,0.03536785,0.29035401,0.31153661,0.13290811,0.01766227,0.00041932,0.36984625,0.05566423,0.29155061,0.55673081,0.02354424,0.06455836,0.30410942,0.00112470,0.03323402,0.01254565,0.17363486,0.07612470,0.01654555,0.05630790,0.04001712,0.00411718,0.14159746,0.02094987,0.34324127,0.07311250,0.00807543,0.00357209,0.39280757,0.29708183,0.00735937,0.26606935,0.03095870,0.57713699,0.45730424,0.30020696,0.01415246,0.00044871,0.04947768,0.07104723,0.04446007,0.31329116,0.00107066,0.14141381,0.00034437,0.75172007,0.00016035,0.90160751,0.38214949,0.01056105,0.00195245,0.98178345,0.00008945,0.59983379,0.90424162,0.00066462,0.30267987,0.17240533,0.25117496,0.00368951,0.23926699,0.00131454,0.00083679,0.00294515,0.00828090,0.25491771,0.47685137,0.56797963,0.59825039,0.00407076,0.01765693,0.00044732,0.04906407,0.10547125,0.00253748,0.37299374,0.23924193,0.06397589,0.09997558,0.86484027,0.00541653,0.04121856,0.21269099,0.00483048,0.16866161,0.00036340,0.00142913,0.02746571,0.20156564,0.92092419,0.00001903,0.34834924,0.00079724,0.99005568,0.50933886
0.24229045,0.59025037,0.00169688,0.03356300,0.11777062,0.04331457,0.04337674,0.00009905,0.00036112,0.00356750,0.00000356,0.19975072,0.09317390,0.12343361,0.14153154,0.99706715,0.00278188,0.56070256,0.12506281,0.10561541,0.17242043,0.17943013,0.00001661,0.00644697,0.42770845,0.76481730,0.00275884,0.03934923,0.00042893,0.15833879,0.50410783,0.04094648,0.86298001,0.00015058,0.11343342,0.65807867,0.02224198,0.03509710,0.05429397,0.14808187,0.12304042,0.06026816,0.09647918,0.16234170,0.00043062,0.11540774,0.00993115,0.50611848,0.02005145,0.00242392,0.00656771,0.83918750,0.00994764,0.14686251,0.34791014,0.03088879,0.81128412,0.14155254,0.18006395,0.00195380,0.00526275,0.01080716,0.83021688,0.02859238,0.17118089,0.00004124,0.04501070,0.00047188,0.41780430,0.00010364,0.97109354,0.71143419,0.01917964,0.00015280,0.98111409,0.00008523,0.28021619,0.93109566,0.00105560,0.72856027,0.23115058,0.33251429,0.00155302,0.23096530,0.00532500,0.00001126,0.00144470,0.00099778,0.74252135,0.27311540,0.67017865,0.79627645,0.00099917,0.03700044,0.00004036,0.04005434,0.00846691,0.00457032,0.14225778,0.38837132,0.00062469,0.05186175,0.97241724,0.00081939,0.01739008,0.02810793,0.00200136,0.06189617,0.00053168,0.00321654,0.14014497,0.11040103,0.62724876,0.00005619,0.18832819,0.01754635,0.98383886,0.45171985
0.22312662,0.43404073,0.01815706,0.88509834,0.07300474,0.00124347,0.04530736,0.00005291,0.00014312,0.00071859,0.00000651,0.12267634,0.00482129,0.13746621,0.08655524,0.99695462,0.00137297,0.51221883,0.36310837,0.24277870,0.87838733,0.03433460,0.00056030,0.04224949,0.02501020,0.62948930,0.00953764,0.01393160,0.00009990,0.59859365,0.99544388,0.03896888,0.97233069,0.00227284,0.07171311,0.60086942,0.07223424,0.34913555,0.00524206,0.03768427,0.04925886,0.11953525,0.16465211,0.34204358,0.00633488,0.05733000,0.12775262,0.45042425,0.00021727,0.16851383,0.00866349,0.99930727,0.04368039,0.17254832,0.20369542,0.00063995,0.34626770,0.38634264,0.05027435,0.00118594,0.00003667,0.04357297,0.97661054,0.06771917,0.10856952,0.00000761,0.04140510,0.00571110,0.05189296,0.00048238,0.99548274,0.91236198,0.00465113,0.00004784,0.81422818,0.00863813,0.57500768,0.98780096,0.00023088,0.79311860,0.03274906,0.01792734,0.00001476,0.00849497,0.01154175,0.00019582,0.02085439,0.01281869,0.97691262,0.19814958,0.52568483,0.43257466,0.00047579,0.02132118,0.00000914,0.04419289,0.00058018,0.03142992,0.02387475,0.69893521,0.00005611,0.04138885,0.54072744,0.00180584,0.01611843,0.00195445,0.00026467,0.62393600,0.00473548,0.00030582,0.11500806,0.06940396,0.60921437,0.00004264,0.31767863,0.02070694,0.96212023,0.70179904
0.04225967,0.48630205,0.00001236,0.75626701,0.26103783,0.00205136,0.00902384,0.00063722,0.00000806,0.00035554,0.00098769,0.00374195,0.02091846,0.05510186,0.07264976,0.96728694,0.00014455,0.28306094,0.34678191,0.70411360,0.63444781,0.09427664,0.08185283,0.00335514,0.25481284,0.54403508,0.04429066,0.00387531,0.00000151,0.86891085,0.95347089,0.01902548,0.98684138,0.00001673,0.00781674,0.06118559,0.00043525,0.12293909,0.00502607,0.01553932,0.00737201,0.01969116,0.13119690,0.07977630,0.00236049,0.10638125,0.11744201,0.34979051,0.00083275,0.00735913,0.03514799,0.93854320,0.01524994,0.00179786,0.19430171,0.00221837,0.00069193,0.98607206,0.00982150,0.00015651,0.00042637,0.00866040,0.85202706,0.94564795,0.18812557,0.00050845,0.06543344,0.01590951,0.00208563,0.00001843,0.99780524,0.87554646,0.00033580,0.00213151,0.91055191,0.00063535,0.68472070,0.99992418,0.00047826,0.70302200,0.06493448,0.02192017,0.00003674,0.03513019,0.01463517,0.00027123,0.00203796,0.00057071,0.91942561,0.20098689,0.16979414,0.01051138,0.00000322,0.14434215,0.00006173,0.17879340,0.09602377,0.00135096,0.01533146,0.08638563,0.00000955,0.46006575,0.77373236,0.00025308,0.01298027,0.00010200,0.00025163,0.33725896,0.00970865,0.00000893,0.04612963,0.13609929,0.10486279,0.00035951,0.92435271,0.00085903,0.97894955,0.90468293
0.06551392,0.01910089,0.70112020,0.84425664,0.64182615,0.00347705,0.00013717,0.02364522,0.00887816,0.33272538,0.04578763,0.97164655,0.01902455,0.09880640,0.07717453,0.98662108,0.00117834,0.66849655,0.01798796,0.63871205,0.00502532,0.99914551,0.00684336,0.00007407,0.00001115,0.98228681,0.74825674,0.01157594,0.00000091,0.00003036,0.98936337,0.03070060,0.32584786,0.41271475,0.12227914,0.00146637,0.00455222,0.28356785,0.00025144,0.09216798,0.96876717,0.00929837,0.05157540,0.00392208,0.00008202,0.64678180,0.01060488,0.85127074,0.00060616,0.09404597,0.00077312,0.03414811,0.00287623,0.03716737,0.24697362,0.41703466,0.03600213,0.11685551,0.00158483,0.00057069,0.00139763,0.80000061,0.98864663,0.08988994,0.19881178,0.01149676,0.03848547,0.02734209,0.05059262,0.00684032,0.39759174,0.00916397,0.00040013,0.01412614,0.98846787,0.06274319,0.31891799,0.32047302,0.05783036,0.02254994,0.00095564,0.47349894,0.00005217,0.95410746,0.06770031,0.00329588,0.00009197,0.02055717,0.37659973,0.05697292,0.08923768,0.00147718,0.00462021,0.00041011,0.02230879,0.00013403,0.00566868,0.33748648,0.15528831,0.99083030,0.00224586,0.00002514,0.98662436,0.00002145,0.19248557,0.00043393,0.00000774,0.28865463,0.71441984,0.04662196,0.00105100,0.05476460,0.99178207,0.03569826,0.00345844,0.00043183,0.98506278,0.45448196
0.03732134,0.09892523,0.24030733,0.99349678,0.95730716,0.00729806,0.00014077,0.11043231,0.30987623,0.39710692,0.13562346,0.99877453,0.00271249,0.07630312,0.10115336,0.99962348,0.00062950,0.02268015,0.10730626,0.45515135,0.02635305,0.99364573,0.00000001,0.00004011,0.00019434,0.84135807,0.51829475,0.07947484,0.00069808,0.00613479,0.99877691,0.01705940,0.67376357,0.63386345,0.16156858,0.00896532,0.01142302,0.28512144,0.00000009,0.19364487,0.97372305,0.10944921,0.00643918,0.68146640,0.00000189,0.31844580,0.26861018,0.42151505,0.00044004,0.07311384,0.00003409,0.06966715,0.09267902,0.10344532,0.00091903,0.44414681,0.08903497,0.65481955,0.00429802,0.00089708,0.00053948,0.37116510,0.99774384,0.09397838,0.15850818,0.04265969,0.37223172,0.00641247,0.05984592,0.04080335,0.26251227,0.08672644,0.00252392,0.01043149,0.67167133,0.02130109,0.62747216,0.21237820,0.30881634,0.23014095,0.00743058,0.51990712,0.00000155,0.97607118,0.11014718,0.00679504,0.00000184,0.01077455,0.43074283,0.50166535,0.35502288,0.00133425,0.01040356,0.05006838,0.03247843,0.00001163,0.38024369,0.15075406,0.19866759,0.99874920,0.00328645,0.00016049,0.76059532,0.00024198,0.25472730,0.38031694,0.00000032,0.48704928,0.72664899,0.03042099,0.00042580,0.04689879,0.93349606,0.07132530,0.00031364,0.00078334,0.93869680,0.12255590
0.11924598,0.00129083,0.15736468,0.99629635,0.96852684,0.00374467,0.01315929,0.11550385,0.27329975,0.45217907,0.02879788,0.91508842,0.00093698,0.04322779,0.36158830,0.94801211,0.00864230,0.66074473,0.00319535,0.55319220,0.16096660,0.47476754,0.00000067,0.00009554,0.00003108,0.84560221,0.32222548,0.12174991,0.00018408,0.00790010,0.99015325,0.04754810,0.94992650,0.04468441,0.12092538,0.00059771,0.04271645,0.64397979,0.00000004,0.19774365,0.60630161,0.22568503,0.12154237,0.18065073,0.00129988,0.08061120,0.51041371,0.27522522,0.00078707,0.58310550,0.00000488,0.00270538,0.50567925,0.00777917,0.04922841,0.30093741,0.01058647,0.83468145,0.01489613,0.00710954,0.00002821,0.61054218,0.43593070,0.20149739,0.54616213,0.19856733,0.10706332,0.00141658,0.06189818,0.04834477,0.49734798,0.15110755,0.06763689,0.00133776,0.02971246,0.06277759,0.67932284,0.17983530,0.40753803,0.40139106,0.03458328,0.48468956,0.00006442,0.99284953,0.01775633,0.00472312,0.00000118,0.02264596,0.22537579,0.30215582,0.00065673,0.05028306,0.00925539,0.00261586,0.06765849,0.00002037,0.25750002,0.70788610,0.19715057,0.98610812,0.00354898,0.00009519,0.93652129,0.00250602,0.05184622,0.00821412,0.00007446,0.22858390,0.77792066,0.14906032,0.00000341,0.27969047,0.27475029,0.05280245,0.00548902,0.01866216,0.83692807,0.28379041
0.13478826,0.00482029,0.05328868,0.06591808,0.35402009,0.00074040,0.02520214,0.13824178,0.43719879,0.60957855,0.02658325,0.68695682,0.00469733,0.02061096,0.27537319,0.00587129,0.00486690,0.26498079,0.00301545,0.49532884,0.64341784,0.19568990,0.00007779,0.00011351,0.00040971,0.43209741,0.89148855,0.40351370,0.00029522,0.00006270,0.09181523,0.44060862,0.65210074,0.08549344,0.23661484,0.00029541,0.08020256,0.64997739,0.00000004,0.05219183,0.39560422,0.12025321,0.12958917,0.08307680,0.01118216,0.43046266,0.71244186,0.31141084,0.00248516,0.55904943,0.00005423,0.11992226,0.10517629,0.00002311,0.06336312,0.08674894,0.03778526,0.63562918,0.00066351,0.01455105,0.00022110,0.22864832,0.01582183,0.10734944,0.20617369,0.49584410,0.26275280,0.01744864,0.00589632,0.10341150,0.48371550,0.00949352,0.01105026,0.00625058,0.16874316,0.04564520,0.83196187,0.15159465,0.12525387,0.07298880,0.00308498,0.40077215,0.00121482,0.97967821,0.01832651,0.01409410,0.00000072,0.04592127,0.21196470,0.17065664,0.00144879,0.01224230,0.01316238,0.00009178,0.21192129,0.00000192,0.56714374,0.66811395,0.08688316,0.96570784,0.02728975,0.00125900,0.89699221,0.00572075,0.15216012,0.00828330,0.00265540,0.31199700,0.15235542,0.03958597,0.00049847,0.19139376,0.59917176,0.01720638,0.00537984,0.06551018,0.92748350,0.18933108
0.13622352,0.00554500,0.03325262,0.00221731,0.31637719,0.00343958,0.00737603,0.07236945,0.39752311,0.53062826,0.00610349,0.33805531,0.00205904,0.01332146,0.22870222,0.06805336,0.00706223,0.52526724,0.00668169,0.51724702,0.27373296,0.15920256,0.00007970,0.00031079,0.00588058,0.74435031,0.39675188,0.12213062,0.00088889,0.00159079,0.00043367,0.24172953,0.59317815,0.23191592,0.19641317,0.00077565,0.19513445,0.26697391,0.00003931,0.00379028,0.25336462,0.17839153,0.24221499,0.06315580,0.00998339,0.75635433,0.15755549,0.29725131,0.01105945,0.14094783,0.00384681,0.15520743,0.00864337,0.00024492,0.17073467,0.14964737,0.06895868,0.52550757,0.00698148,0.02553955,0.01214385,0.57783347,0.00242744,0.03785661,0.46379492,0.68096292,0.15997547,0.17158735,0.00766493,0.15621166,0.29075170,0.02518582,0.01150984,0.00159010,0.86594611,0.02500760,0.31938368,0.09314549,0.09716520,0.06525963,0.01939591,0.37857336,0.02742643,0.72787207,0.00963757,0.09717183,0.00003815,0.08726738,0.34369302,0.05354748,0.01729001,0.00049116,0.03837324,0.00781348,0.04178585,0.00000553,0.56794697,0.36888909,0.05021639,0.86221105,0.10328595,0.00457049,0.91156673,0.00235311,0.25452974,0.01335133,0.00604518,0.13380039,0.66336340,0.08172800,0.05814961,0.12189580,0.25429386,0.00118061,0.11086825,0.55071181,0.55484861,0.44534341
0.22082214,0.02602185,0.01691738,0.55373448,0.24122252,0.00579089,0.00362869,0.03256227,0.53683090,0.21108130,0.02031849,0.11018555,0.01746573,0.02644531,0.39848918,0.75031698,0.02168521,0.42474708,0.03233366,0.42246687,0.05791188,0.34614268,0.00064935,0.00166821,0.00030860,0.52516693,0.07432079,0.18675913,0.00030275,0.00018588,0.23796621,0.28737906,0.71080130,0.03762197,0.28629795,0.01355586,0.29792133,0.36545107,0.00022576,0.00324095,0.77416843,0.31181169,0.28281465,0.01988862,0.00295146,0.46461061,0.24066719,0.42722461,0.06741133,0.00573909,0.00741886,0.41258940,0.00327298,0.00136651,0.14843249,0.24816626,0.41616958,0.71174240,0.00256395,0.01866799,0.66500413,0.50297654,0.79306978,0.10854570,0.29264843,0.09735285,0.13301027,0.64018548,0.02069946,0.16400245,0.42924961,0.05774320,0.01657053,0.00396583,0.71750122,0.00254172,0.03976189,0.33641344,0.17260383,0.16441852,0.01277460,0.15830314,0.07521771,0.32661903,0.01363076,0.00977468,0.00094720,0.05269094,0.23179784,0.13059594,0.09941643,0.00048186,0.06366651,0.00141297,0.01365622,0.00003055,0.23865668,0.32420504,0.07183038,0.75335699,0.09763183,0.00506909,0.48653188,0.00098643,0.24522597,0.00611694,0.00695921,0.02708689,0.29291201,0.45652443,0.04812662,0.16256213,0.34884638,0.00457095,0.01941684,0.15974976,0.32771432,0.14760233
0.14201361,0.04769754,0.00034413,0.71721083,0.19871975,0.00011532,0.00322856,0.00282907,0.06960326,0.30450073,0.00298192,0.14695607,0.02457455,0.00878497,0.03957108,0.95836407,0.00011682,0.66801989,0.05863087,0.25508764,0.00269189,0.36163628,0.02001039,0.00406267,0.00794264,0.32122931,0.07230800,0.00575083,0.00000610,0.00008081,0.96820998,0.26855737,0.77081108,0.20266047,0.21763501,0.02943570,0.00224067,0.47303420,0.00165814,0.01315014,0.45042858,0.04750202,0.06637100,0.03160561,0.00596294,0.24400689,0.23496462,0.25861439,0.00494131,0.00126806,0.01950816,0.01060797,0.00588551,0.00021349,0.10114226,0.29992223,0.16806611,0.50978851,0.00182705,0.02107387,0.00631476,0.22628742,0.95928705,0.14086412,0.31097415,0.01294335,0.18297078,0.07465910,0.01871566,0.00226253,0.71206647,0.18468533,0.00283176,0.00774580,0.79856884,0.00040799,0.15217148,0.16928832,0.04730582,0.14210324,0.01555601,0.23637334,0.00053710,0.18240058,0.00563361,0.00025190,0.00476750,0.00101885,0.08347805,0.14988585,0.09214272,0.00049931,0.00493936,0.00094893,0.01039322,0.00001781,0.20791686,0.41552785,0.07903877,0.74681687,0.00178842,0.00554530,0.57560772,0.00219530,0.29961249,0.01210796,0.00114781,0.05255942,0.22956300,0.01031033,0.01335012,0.20715585,0.22285311,0.00071052,0.01239556,0.00185430,0.45473075,0.08150791
0.41890192,0.11910994,0.00010621,0.33986443,0.35978085,0.00004014,0.03012098,0.00928249,0.18459693,0.28444406,0.00637509,0.17884932,0.29716989,0.00809749,0.09499691,0.83799243,0.00014831,0.50642920,0.59990388,0.39586738,0.00317545,0.63559645,0.00614304,0.06077030,0.10286696,0.35876003,0.02825960,0.00472100,0.00501365,0.00708903,0.96815079,0.27086303,0.55230331,0.08368666,0.21423993,0.00654342,0.00957268,0.37897640,0.00086810,0.18357983,0.44619930,0.15676278,0.01558834,0.02456884,0.01130234,0.28147221,0.46444941,0.18790974,0.01760707,0.00211822,0.22221699,0.03719921,0.01181517,0.00028601,0.05355580,0.56748796,0.74219882,0.56303358,0.00302923,0.12390751,0.05722519,0.14711674,0.36271930,0.23427947,0.35218686,0.00405707,0.13214043,0.15563679,0.01782103,0.00645398,0.93769628,0.64523107,0.02050150,0.14986727,0.07277213,0.00095328,0.01177208,0.26918402,0.10863142,0.20208344,0.30467170,0.10480510,0.00076336,0.19432670,0.43650839,0.00141483,0.00633945,0.00061195,0.11702589,0.19254559,0.08895645,0.00670808,0.00610056,0.01533756,0.00417374,0.00258904,0.30792582,0.51175267,0.21429554,0.84226042,0.00759296,0.26357237,0.90001398,0.09652529,0.10385697,0.33268228,0.03738321,0.26734900,0.04666708,0.16681005,0.01784611,0.07814038,0.07849763,0.00046416,0.00629668,0.00492965,0.09707306,0.01721432
0.28068206,0.13017784,0.00001965,0.00759174,0.13066603,0.00000088,0.00147000,0.00129551,0.06452857,0.11825111,0.00678639,0.21214931,0.32184505,0.00696816,0.06945315,0.20824164,0.00445216,0.70784992,0.50633883,0.62320536,0.00000361,0.58762753,0.03926193,0.22955762,0.32283819,0.13948074,0.04771327,0.01053363,0.00301629,0.00000121,0.18691482,0.25148997,0.27380738,0.03004672,0.24228895,0.12182702,0.00165532,0.33882916,0.00120294,0.19107740,0.37260467,0.07270378,0.18398239,0.09048403,0.03493411,0.45060697,0.67123044,0.35214034,0.03554911,0.00091372,0.81031513,0.00141438,0.03083882,0.00151003,0.17517035,0.38301879,0.89001870,0.33739278,0.00095511,0.17116459,0.36865446,0.16767535,0.00229033,0.07445726,0.25500208,0.00370140,0.03383667,0.22113757,0.05062953,0.00418196,0.99009818,0.20961648,0.00698354,0.22117317,0.17387317,0.00009023,0.05364193,0.45662910,0.16097999,0.18038057,0.07421783,0.12893008,0.00057275,0.13942601,0.21732469,0.00555629,0.09980334,0.00181154,0.02294512,0.06684054,0.09053985,0.00130714,0.01260305,0.05634620,0.00750621,0.03353984,0.08672095,0.84020019,0.40037990,0.41154805,0.06195706,0.20783485,0.81829327,0.04657555,0.55787921,0.25739908,0.10940509,0.39065945,0.04194706,0.01457218,0.00295875,0.06216445,0.22928065,0.00002148,0.00662059,0.00304777,0.11340978,0.02354645
0.09604907,0.59607947,0.00000089,0.05392007,0.07332680,0.00000034,0.00019679,0.00061090,0.11700642,0.08705593,0.00125374,0.69542211,0.02202264,0.00527695,0.09734177,0.41018075,0.00133748,0.18251453,0.10188618,0.38622251,0.00000344,0.48302796,0.01147637,0.32660657,0.27163112,0.25441679,0.03790246,0.00303313,0.00128685,0.00000819,0.04511396,0.04358808,0.05497802,0.00216598,0.65825325,0.36645490,0.01492326,0.17075676,0.03134941,0.21692453,0.16437784,0.03826886,0.12013264,0.04569705,0.00430245,0.37914869,0.54873681,0.74648029,0.04622700,0.00022315,0.42437950,0.00040166,0.14552508,0.02239356,0.17581685,0.57130915,0.97982335,0.23621149,0.03398219,0.30707133,0.34663036,0.12253342,0.21415797,0.02200038,0.12821281,0.00092148,0.01727081,0.26381516,0.01050727,0.02532778,0.99493784,0.13861567,0.00222838,0.03116936,0.90841120,0.00005701,0.20929717,0.49744374,0.22765917,0.15566224,0.11525942,0.48519385,0.00053157,0.03012816,0.13044664,0.00685904,0.21113326,0.00126136,0.04535378,0.07024036,0.37590915,0.00318490,0.07373456,0.02027012,0.01355899,0.02623050,0.42949927,0.64970815,0.32242188,0.51346421,0.20228848,0.08225521,0.61573833,0.00941995,0.55597287,0.09690990,0.00312683,0.54928631,0.01110512,0.01988299,0.00123037,0.25392506,0.96429127,0.00000773,0.01159992,0.00017018,0.24096803,0.01553545
0.12015013,0.62148601,0.00000271,0.86114728,0.11091573,0.00000044,0.00172827,0.00008267,0.03051520,0.54255164,0.00003887,0.34456626,0.01616067,0.00298893,0.13667050,0.97748888,0.00262200,0.02413794,0.19299600,0.41439480,0.00000206,0.61107850,0.00341948,0.51046365,0.19144298,0.09002960,0.02038719,0.00014833,0.00068795,0.00001391,0.10358214,0.01449587,0.04520331,0.18060474,0.45532155,0.79941291,0.00150583,0.08753410,0.02099135,0.03162147,0.16755801,0.06486992,0.05554356,0.24953811,0.03381968,0.39745566,0.15479209,0.37096941,0.31949222,0.01350905,0.19338730,0.00002897,0.23320273,0.14424701,0.04250013,0.91106898,0.99353904,0.12547347,0.01261298,0.18138687,0.10080949,0.04541034,0.80842412,0.00427020,0.14392117,0.00036488,0.02123963,0.13231003,0.28306994,0.00228502,0.99801344,0.55090082,0.00399245,0.07001881,0.99079454,0.00002453,0.07232400,0.04440429,0.61978877,0.25583735,0.19355310,0.32768413,0.00340037,0.17508346,0.03670065,0.01606753,0.52751380,0.00366893,0.07416252,0.04022148,0.79784918,0.01176920,0.01827006,0.01028620,0.00003112,0.11736121,0.32002971,0.27096087,0.13646556,0.13105497,0.08114542,0.00605794,0.75547004,0.04700727,0.85123515,0.04319200,0.00014271,0.51482904,0.06308243,0.01948191,0.00052816,0.81262577,0.76255316,0.00090763,0.00099908,0.00011110,0.06390220,0.07048333
0.03771702,0.08453013,0.00017241,0.90677613,0.09347036,0.00000014,0.02479637,0.00005421,0.00078821,0.02171542,0.15446678,0.06071259,0.00284666,0.00219893,0.30397704,0.99466592,0.00636507,0.00778831,0.18426919,0.90941942,0.00000251,0.61463463,0.00878408,0.74741590,0.26930234,0.03151197,0.00255234,0.32553688,0.00002490,0.00000002,0.95207703,0.01837746,0.04020403,0.03144307,0.28980961,0.83117574,0.00004991,0.16465566,0.00321407,0.00546627,0.46016610,0.00749267,0.08843175,0.07199152,0.00909754,0.17945836,0.15245506,0.05161661,0.92229223,0.00025996,0.02892298,0.00052538,0.63074052,0.04667200,0.02098867,0.33455577,0.99660206,0.54741549,0.03843218,0.50876045,0.00003463,0.90166414,0.99595201,0.66974038,0.05099460,0.00005046,0.00135345,0.06006726,0.84611964,0.00411237,0.99923116,0.18868113,0.00405526,0.03745159,0.98726004,0.00004413,0.32279047,0.12224209,0.50305301,0.75795597,0.39621595,0.26976854,0.00745062,0.42251813,0.18693677,0.00114654,0.33391747,0.00782289,0.31145158,0.01291025,0.83755827,0.16307852,0.00083408,0.00195216,0.00136038,0.12596534,0.21620263,0.58291763,0.07336500,0.16955781,0.00011415,0.00073055,0.84511626,0.00000405,0.57522678,0.00555313,0.00001092,0.06441287,0.13914683,0.01945924,0.00004375,0.75578219,0.25762811,0.00114517,0.00036874,0.00000938,0.32764095,0.03005760
0.00229146,0.71728951,0.00000141,0.41522837,0.08732644,0.00000130,0.04652759,0.00035451,0.00011910,0.04569615,0.00086129,0.07083533,0.00262257,0.00005880,0.02004229,0.98416317,0.00066926,0.01038912,0.19733880,0.87625563,0.00004747,0.05190930,0.04353718,0.01541776,0.02584396,0.00832006,0.00468268,0.00099746,0.00000171,0.00000416,0.89243633,0.00788451,0.19692875,0.48532054,0.07208605,0.47205782,0.00006179,0.08061625,0.00075738,0.15489510,0.00609157,0.03030465,0.44145516,0.04055734,0.00651700,0.97188681,0.71880060,0.07368358,0.92138869,0.00039343,0.00856399,0.00013020,0.27498215,0.00092534,0.00030310,0.84427840,0.97017449,0.86648184,0.00733932,0.48821434,0.00008629,0.24077924,0.89865863,0.73660809,0.04511889,0.10362610,0.00133751,0.00835043,0.99596089,0.00011168,0.79811573,0.45415506,0.02862507,0.00200879,0.40891516,0.00102996,0.64105546,0.02977490,0.00636233,0.73309469,0.68626249,0.02492266,0.00001431,0.02512317,0.01360038,0.00004247,0.00623224,0.00371174,0.01619034,0.04283964,0.76755196,0.24739881,0.00018389,0.00531025,0.00146977,0.00569299,0.76879394,0.99515402,0.10043342,0.13129975,0.00009265,0.00038568,0.91209680,0.04448804,0.13382602,0.00115144,0.00001808,0.47399989,0.24891496,0.02074732,0.00048004,0.49841177,0.13316676,0.28590554,0.00300571,0.00016515,0.06840598,0.45903072
0.37955520,0.04171801,0.00135568,0.97524101,0.00966985,0.01206799,0.00342743,0.11399594,0.05249074,0.08176459,0.00110717,0.00332359,0.52660090,0.00020338,0.36175221,0.97704834,0.00083882,0.56869078,0.01257227,0.11511067,0.00334686,0.24987088,0.02336971,0.00052993,0.00199874,0.36141995,0.00056550,0.06005534,0.00031586,0.00074688,0.99565846,0.25593942,0.28260559,0.82181811,0.00397016,0.00054710,0.51197672,0.06140876,0.25652221,0.01325559,0.11026944,0.00117091,0.00024431,0.00026490,0.25499624,0.01723166,0.02510045,0.97074336,0.02391065,0.04040955,0.00031375,0.00852860,0.01057781,0.08316159,0.39915100,0.39478436,0.10826141,0.93744910,0.00466520,0.01667754,0.00972803,0.99999052,0.98638994,0.05855866,0.91280341,0.36485469,0.86641049,0.07037503,0.59172630,0.00343405,0.63643509,0.05605787,0.00010979,0.32823250,0.98670834,0.00095641,0.20025225,0.39653668,0.02174393,0.34615022,0.00696068,0.93192536,0.00034289,0.00027317,0.00125345,0.00311936,0.00324115,0.00253318,0.83184171,0.28529871,0.02445801,0.01410489,0.09705943,0.00011373,0.00756341,0.00009901,0.05852971,0.00669577,0.76321822,0.03496177,0.01658050,0.00156091,0.82377708,0.00834236,0.07799651,0.00125542,0.00002824,0.06238316,0.06749971,0.00469350,0.00228815,0.18812506,0.92654628,0.00346715,0.03328491,0.00340954,0.91396964,0.55658275
0.38985690,0.68565756,0.01068979,0.99768567,0.03700326,0.02693602,0.00203018,0.01113991,0.05620017,0.08660626,0.01743262,0.00005749,0.88258648,0.00097242,0.06052126,0.99810076,0.00020836,0.55899310,0.00009974,0.72330642,0.00737377,0.81534845,0.31784824,0.00000134,0.00012954,0.06259601,0.00015333,0.06732626,0.00039611,0.00653623,0.99893814,0.05469195,0.97756577,0.91906023,0.01333448,0.00994003,0.28635210,0.01214364,0.00352200,0.00001401,0.11383955,0.00166465,0.00000011,0.02508509,0.14367807,0.43070185,0.00035684,0.74734592,0.00000457,0.05271164,0.00044542,0.00213515,0.00146044,0.16445227,0.21554899,0.64262199,0.16711655,0.88030100,0.28630221,0.16971657,0.00235546,0.99976403,0.99910080,0.20883445,0.95164150,0.04824716,0.97214878,0.13412592,0.63013327,0.00341603,0.87304181,0.22559071,0.00003696,0.05229068,0.30048162,0.01871770,0.86336011,0.46569046,0.08225977,0.06692281,0.15900467,0.41274145,0.00000633,0.01685012,0.00150679,0.01008981,0.00028890,0.07355148,0.71256381,0.89167297,0.00592492,0.04798948,0.04132221,0.00001834,0.00668851,0.02271296,0.04431533,0.00388970,0.38072529,0.00364477,0.00439875,0.00002537,0.94154298,0.00511786,0.19365735,0.00050543,0.00001064,0.23352967,0.11410812,0.05300840,0.00039273,0.34746909,0.00162765,0.16826802,0.00521287,0.03215149,0.98304343,0.46548420
0.24960890,0.15048714,0.02183584,0.99723393,0.10897244,0.08352731,0.10790608,0.03972160,0.00187256,0.40838441,0.07500332,0.00523817,0.04285343,0.00122607,0.22805260,0.17620242,0.00210255,0.70240945,0.00696957,0.24879357,0.00248952,0.92202455,0.02951677,0.02993306,0.01888010,0.28012332,0.00006991,0.07710295,0.00041470,0.01215616,0.96231961,0.23877725,0.13411528,0.17436686,0.02691284,0.00192623,0.10661977,0.20255791,0.03662328,0.00019689,0.17180204,0.01904129,0.00031812,0.02860997,0.89250070,1.00000000,0.00200654,0.63031310,0.00583530,0.05660244,0.55592382,0.00199914,0.00043641,0.05826405,0.43141508,0.18665494,0.12220482,0.87608790,0.00309265,0.56323028,0.00843612,0.99830270,0.98893142,0.32221448,0.12945175,0.05953881,0.95075768,0.02829691,0.76418447,0.00490935,0.82804823,0.01208998,0.00022854,0.46722871,0.02330014,0.04349274,0.84927690,0.84300971,0.03267986,0.01696728,0.05399454,0.62715548,0.00602341,0.13409579,0.00303166,0.01366292,0.00143192,0.00839001,0.55600858,0.96260595,0.00022539,0.36353588,0.17996792,0.00000039,0.01884069,0.05602701,0.30091706,0.00395792,0.26985586,0.00430735,0.01154743,0.00444931,0.96024776,0.00039758,0.20417100,0.03806474,0.00074746,0.00307890,0.06038018,0.00444666,0.00015853,0.05083940,0.00006963,0.02475789,0.00406210,0.03014349,0.98055547,0.19337119
0.23299298,0.06582628,0.03219736,0.85976380,0.18588175,0.25937611,0.00813411,0.06044658,0.00103917,0.16678452,0.09652475,0.05383518,0.04752163,0.03219464,0.54475093,0.00254818,0.04880721,0.33902985,0.00851235,0.14448009,0.03802824,0.96555805,0.00162445,0.05652125,0.04555197,0.63705868,0.00451135,0.42384118,0.00074286,0.02853563,0.33121285,0.54335272,0.31541365,0.43526083,0.04223639,0.00117784,0.20603633,0.05178699,0.00249391,0.00000691,0.02404403,0.00904004,0.00046920,0.02338814,0.51561779,0.99999434,0.00182184,0.81357563,0.02229038,0.19135934,0.01219427,0.00066220,0.00043311,0.01538382,0.33754256,0.30851278,0.18652990,0.89035636,0.00010222,0.12029091,0.12200947,0.99960423,0.32221636,0.01047145,0.33558711,0.15057272,0.96808231,0.01104555,0.95879596,0.05499298,0.80003083,0.00953996,0.00147857,0.12837516,0.35270485,0.40003559,0.03784015,0.61430645,0.00762602,0.04976024,0.00767868,0.82110113,0.00381275,0.06324065,0.02798847,0.10666773,0.00009613,0.00308887,0.96281224,0.76071715,0.00157782,0.23760517,0.24098447,0.00004179,0.00032266,0.07098662,0.12924306,0.01354262,0.32805285,0.00680551,0.04644146,0.00228762,0.90176159,0.00037799,0.04600322,0.00872998,0.00034661,0.13897103,0.01201071,0.00957219,0.00000302,0.16547328,0.01804424,0.00278600,0.04375452,0.10380211,0.54800862,0.53834748
0.54643869,0.06814834,0.01622507,0.15951933,0.24575938,0.09661892,0.00358182,0.22185178,0.00429364,0.07240399,0.02514711,0.08063196,0.04102322,0.06716462,0.35024229,0.46092954,0.10368428,0.55884081,0.00265456,0.08124018,0.10203655,0.46802160,0.00027308,0.00031308,0.00193650,0.37647912,0.00085565,0.23030348,0.00105522,0.00755117,0.05527609,0.32261685,0.18824889,0.02867185,0.04512971,0.00020236,0.08477701,0.37486178,0.07600417,0.02534273,0.09095948,0.04851869,0.04285097,0.01122588,0.23286916,0.99981052,0.00074422,0.52349079,0.03842142,0.11081957,0.00281398,0.01553671,0.00054755,0.02469809,0.17282440,0.15089306,0.34132057,0.78418291,0.00188387,0.01377308,0.03843640,0.99830467,0.01238008,0.00215310,0.30611482,0.18441750,0.75408524,0.05504959,0.73507106,0.11171848,0.76368922,0.00171514,0.00358463,0.32012621,0.80169356,0.13024950,0.18025005,0.46670198,0.00151914,0.05431917,0.00706817,0.72521216,0.04658392,0.27709088,0.02078699,0.35611686,0.00003431,0.49761394,0.68577224,0.82149214,0.07418926,0.24505551,0.03529241,0.00000880,0.00128069,0.11696953,0.12394831,0.02654794,0.17992556,0.00898047,0.03744938,0.02642913,0.89452064,0.01094930,0.06212213,0.00891505,0.00064460,0.00994049,0.01487772,0.01007658,0.00005756,0.21867615,0.04561571,0.08431543,0.00794830,0.35079420,0.18948357,0.57867730
0.49083817,0.24073143,0.03343498,0.25329542,0.36013684,0.13772854,0.00210445,0.06183431,0.03125669,0.04462641,0.03049701,0.16393182,0.09401296,0.06320185,0.38304400,0.92069280,0.23379451,0.33804178,0.00590084,0.18724337,0.07899626,0.38010520,0.00042789,0.00203960,0.00831140,0.17520767,0.00814120,0.20130022,0.00017416,0.00065076,0.85782820,0.16932438,0.26245829,0.01762285,0.17966720,0.00171014,0.61915410,0.14180444,0.00710314,0.01442329,0.24107665,0.04460704,0.03474062,0.00208370,0.01672375,0.99864554,0.00000844,0.51453501,0.35989910,0.06224634,0.00183426,0.17533785,0.00048876,0.00619325,0.27066064,0.16263995,0.58252591,0.60793608,0.00233082,0.04521883,0.71611905,0.99749929,0.41690555,0.00676237,0.27049986,0.01241959,0.62862641,0.45271763,0.36692306,0.52825511,0.81268823,0.14391875,0.00131301,0.02424786,0.59300238,0.02580618,0.00360378,0.63916087,0.01309548,0.38799778,0.00321047,0.27408469,0.17038274,0.24045554,0.09410947,0.05107273,0.00172917,0.62525630,0.27731070,0.70383400,0.43981764,0.09764624,0.01445190,0.00015751,0.00276627,0.18919028,0.02939398,0.05930476,0.14310494,0.01841781,0.08128710,0.04125953,0.76819307,0.00092496,0.19612072,0.00279651,0.00573564,0.00114219,0.02522886,0.44632950,0.00024824,0.23941474,0.12631293,0.47922033,0.04757713,0.13777170,0.14544797,0.42110744
0.30405599,0.03668139,0.00050947,0.49186566,0.35229242,0.01126429,0.00636055,0.00823385,0.00077667,0.13368721,0.00174810,0.09467615,0.21998934,0.09495652,0.14350612,0.94481218,0.00227221,0.57146305,0.00820053,0.12986962,0.01111497,0.11728030,0.00450335,0.00534805,0.01028673,0.12995954,0.01836125,0.00074660,0.00000308,0.00196218,0.94064069,0.12513493,0.46565574,0.57671374,0.17307128,0.02287755,0.00682163,0.29204151,0.02524704,0.02575088,0.23160933,0.01922120,0.01239448,0.00612056,0.04747187,0.96097600,0.00077955,0.13420185,0.03045498,0.01199981,0.00182981,0.00431298,0.00470865,0.00076190,0.12524420,0.41953787,0.30779031,0.76840866,0.00720284,0.08504727,0.00085712,0.94623125,0.93484056,0.08165671,0.32847014,0.00384248,0.59166855,0.01654862,0.37074575,0.00337183,0.81005627,0.12813723,0.00076872,0.03040075,0.86865908,0.00336556,0.01033927,0.50306267,0.00219687,0.12903547,0.01092214,0.35287839,0.00345687,0.08770915,0.00552749,0.00133071,0.01222649,0.00283881,0.28329563,0.62672055,0.22917089,0.00990943,0.00147153,0.00046310,0.00124478,0.03161239,0.01137941,0.04855016,0.12837857,0.03221689,0.00089879,0.00882085,0.64118308,0.00104446,0.22558931,0.00223014,0.00051152,0.00514483,0.03711996,0.01387956,0.00166720,0.36844927,0.07713199,0.30648112,0.01367851,0.00579073,0.43952098,0.32554179
0.60125881,0.14924940,0.00262153,0.24904342,0.46055824,0.01715394,0.39221165,0.00240868,0.00107769,0.13824625,0.00027671,0.08685531,0.64682603,0.21649781,0.29563978,0.33556524,0.01818211,0.34828427,0.02090601,0.13593304,0.06290390,0.13521594,0.00428062,0.00353246,0.10765562,0.17608853,0.00408138,0.00032767,0.00142115,0.48401365,0.61118197,0.05484549,0.42732817,0.80514121,0.11439475,0.02603197,0.00778095,0.23160553,0.08637458,0.39651662,0.15227005,0.06875977,0.01435544,0.03579924,0.03302294,0.99616343,0.00182630,0.04395069,0.07456586,0.03579588,0.00261402,0.00692000,0.13678896,0.00207670,0.01615362,0.41826460,0.58093894,0.95017087,0.02156096,0.48003218,0.00007387,0.90923315,0.68215090,0.00635022,0.42352188,0.00318701,0.67725152,0.01475849,0.13552307,0.01369578,0.86824298,0.25647992,0.02571643,0.49974835,0.14241865,0.00277234,0.00356914,0.85190380,0.00068428,0.01120238,0.08610775,0.11422950,0.01919337,0.31993687,0.08064173,0.00591829,0.17966999,0.00428535,0.03199736,0.64402521,0.16663553,0.16746986,0.00022872,0.01058209,0.00534780,0.17308696,0.02055991,0.11460731,0.22156537,0.01649490,0.00186778,0.34145030,0.05112500,0.42072150,0.17752315,0.00990450,0.01322990,0.00010791,0.00793059,0.03183160,0.00566413,0.46877328,0.09567801,0.48127943,0.00582776,0.01404156,0.34668705,0.20711140
0.62938303,0.04301036,0.00205573,0.19849290,0.62564456,0.04340954,0.11336872,0.00893618,0.00230084,0.22518922,0.00000652,0.14630897,0.32429552,0.13863617,0.71097261,0.00538987,0.09400286,0.79750544,0.08947616,0.22887462,0.40784609,0.18816882,0.00107276,0.17803726,0.14803733,0.37084192,0.16034880,0.00003316,0.00047466,0.17525631,0.02968564,0.08915955,0.43186623,0.77162343,0.22752276,0.06993722,0.00638257,0.62944967,0.33362281,0.54911798,0.33517253,0.07154787,0.07819783,0.00785953,0.03182083,0.96138263,0.00008458,0.05351980,0.06719413,0.00519454,0.00788103,0.00969932,0.38835114,0.00124097,0.00249807,0.34207910,0.58102977,0.96796542,0.09303004,0.20157686,0.00003371,0.46366844,0.19185697,0.03599950,0.38517833,0.01056068,0.82814550,0.01135169,0.05790652,0.00068467,0.91240072,0.33106923,0.01072966,0.23050755,0.27783439,0.00319109,0.00993050,0.62005860,0.00029854,0.11877364,0.07705529,0.37099034,0.09401124,0.27371579,0.01000183,0.01123261,0.21533526,0.00163483,0.00295710,0.76576638,0.06316955,0.05266164,0.00019072,0.04040682,0.00695538,0.20099029,0.00682721,0.23324056,0.59456271,0.06290576,0.00177263,0.03685678,0.05817542,0.03619953,0.05504373,0.38032696,0.03066766,0.01739686,0.00103112,0.02240947,0.66920322,0.42173484,0.01048485,0.17620502,0.00150949,0.00107031,0.08255856,0.31877512
0.98175067,0.03357456,0.18041870,0.18530576,0.83567184,0.17015725,0.08143777,0.00850460,0.00648955,0.10186791,0.00000061,0.25686920,0.06731761,0.08761261,0.26928386,0.49048156,0.02210184,0.81949443,0.02453810,0.10718893,0.03225486,0.21515799,0.00677463,0.16886237,0.02359988,0.40900740,0.21924478,0.00001367,0.00026287,0.02581806,0.69927716,0.09266929,0.23670597,0.28912520,0.27136952,0.28593439,0.00933250,0.32435256,0.50721818,0.63656598,0.06016956,0.06813809,0.01508032,0.01445014,0.02068760,0.92536873,0.00007531,0.08671960,0.05037587,0.00871101,0.00304664,0.00517849,0.06310455,0.00133824,0.00833484,0.94480199,0.53637588,0.98672849,0.24985933,0.06582996,0.00066368,0.84488517,0.72412783,0.01262732,0.40569293,0.00701625,0.98111540,0.01418354,0.01494860,0.00129741,0.75487673,0.16764230,0.00375350,0.18318857,0.92464739,0.00069882,0.00147508,0.06126144,0.00004187,0.09890028,0.05053152,0.33406654,0.00590161,0.14476390,0.00566157,0.00110678,0.18884695,0.00130949,0.01017416,0.91160423,0.30938110,0.00216771,0.00000758,0.24787718,0.04001348,0.17264828,0.00099463,0.40838182,0.73737764,0.28500161,0.00263021,0.02513747,0.00067798,0.00267480,0.17119196,0.07648546,0.00574874,0.00938700,0.00003132,0.03139818,0.80737782,0.42233458,0.43036619,0.05633707,0.00390299,0.00014662,0.21242151,0.24311627
0.99462193,0.10082301,0.10255817,0.57446355,0.66932076,0.01372878,0.01409285,0.00950216,0.00163257,0.11889936,0.00000269,0.06627708,0.12397855,0.14621340,0.02211074,0.99720669,0.00000592,0.90124500,0.33908141,0.08335160,0.00461659,0.43335220,0.01176196,0.18262585,0.05802970,0.64426059,0.43296024,0.00004702,0.00007070,0.02503300,0.98244333,0.08889579,0.10482214,0.52321595,0.21118647,0.51999068,0.00124123,0.03815244,0.20629884,0.36654532,0.58520943,0.03861000,0.00205639,0.03860748,0.00213686,0.90767229,0.00001406,0.04430358,0.01167838,0.00521237,0.00129876,0.03028264,0.06021545,0.03575452,0.00511748,0.43031141,0.54587054,0.99063718,0.07092627,0.01992301,0.00000869,0.77909952,0.92169619,0.00068465,0.85062420,0.00375800,0.98465562,0.01922123,0.03009819,0.00149967,0.41658992,0.24250785,0.00770697,0.01881924,0.99950826,0.00257379,0.00044510,0.01046911,0.00007895,0.32352433,0.05250316,0.35757297,0.04600606,0.19298482,0.00000972,0.00092911,0.10957948,0.00006439,0.04231055,0.73451114,0.13292134,0.00214075,0.00000011,0.12188182,0.07215743,0.01808825,0.00081851,0.87934464,0.57909316,0.06578718,0.00197714,0.00095302,0.01141546,0.00000995,0.34292066,0.05465611,0.00034205,0.00001719,0.00028081,0.00905177,0.81549633,0.13804595,0.79608667,0.03697473,0.00180513,0.00007279,0.56088567,0.23400007
0.98029333,0.02695868,0.05708614,0.07344525,0.98800385,0.00465789,0.00891621,0.00287301,0.00902434,0.79429513,0.00005930,0.03384425,0.00488933,0.59038830,0.04950177,0.99883735,0.00052686,0.75464517,0.17552474,0.22129475,0.01070545,0.25195321,0.00005544,0.02120193,0.00019106,0.26568049,0.10189997,0.00034119,0.00045156,0.00420528,0.99960035,0.00886175,0.06514286,0.65518945,0.05264910,0.20539530,0.01783567,0.30031094,0.46037233,0.14093080,0.38648152,0.52293950,0.00285913,0.00127964,0.00044819,0.64264625,0.00001266,0.41164103,0.01631962,0.00867596,0.00526782,0.00878165,0.01089172,0.01128023,0.01594349,0.90037775,0.97931784,0.88886869,0.43282351,0.02431642,0.00638563,0.16554807,0.99597788,0.79830486,0.26684001,0.00191512,0.60647720,0.01039793,0.36402255,0.00614820,0.33739540,0.72820842,0.00234075,0.06855119,0.99029642,0.00260918,0.00015632,0.04359102,0.00000344,0.07375959,0.06030740,0.03475101,0.00231156,0.02601726,0.00035647,0.00434272,0.08107848,0.00005904,0.00370293,0.75307345,0.14059226,0.00098933,0.00005855,0.00417962,0.00057473,0.01064873,0.00117459,0.48618725,0.13725971,0.63347089,0.00135611,0.00096854,0.00058172,0.00000612,0.80103749,0.25746068,0.00015291,0.00018160,0.00012735,0.00238364,0.41244361,0.11841885,0.82211244,0.01534825,0.00030204,0.00049043,0.77959567,0.02465192
0.98134494,0.01062000,0.03395163,0.74968398,0.33031616,0.07891278,0.00155353,0.00194808,0.00268589,0.41674259,0.00007925,0.01170470,0.00013812,0.02886380,0.25079691,0.97075355,0.17090100,0.99446565,0.05441703,0.00250662,0.02463088,0.34686744,0.00500552,0.06236198,0.00301272,0.33484539,0.04384936,0.00382249,0.00001857,0.00706308,0.98778182,0.03542350,0.01725784,0.87302279,0.05048586,0.10586669,0.00032830,0.95213920,0.36370900,0.03406588,0.79548728,0.93262017,0.00061943,0.13022825,0.00588168,0.56205118,0.00189659,0.67412877,0.00470034,0.00060200,0.00137010,0.07820791,0.01674676,0.00254964,0.02541440,0.76297450,0.57340765,0.99519897,0.00156681,0.00064191,0.00057414,0.39845493,0.98384082,0.00512874,0.02214338,0.00504886,0.99002814,0.00102715,0.23770253,0.00550536,0.52329040,0.74941528,0.00289996,0.02834019,0.81808096,0.00104736,0.00018972,0.00801779,0.00016013,0.11536998,0.13451619,0.99150342,0.00069540,0.00931074,0.00121115,0.00068294,0.02063484,0.00019211,0.00488712,0.14319351,0.38563824,0.02791679,0.00123762,0.01649236,0.00176831,0.00049382,0.00014760,0.05792028,0.10611947,0.17228365,0.00001812,0.00025534,0.00093224,0.00015245,0.01673376,0.52031147,0.00000106,0.01279639,0.00443359,0.00002232,0.01838221,0.92965579,0.07990200,0.00096244,0.00030646,0.00056872,0.19855581,0.01293393
