0.00006954,0.27637511,0.00000468,0.93242460,0.99929708,0.05629355,0.01791364,0.05893789,0.82640117,0.00053916,0.37139469,0.08015769,0.00006837,0.00138765,0.00013145,0.68657410,0.00122473,0.48568991,0.00007372,0.65775973,0.00034586,0.18551044,0.58697718,0.10595303,0.28525773,0.65595776,0.00673125,0.00051947,0.25605160,0.99654317,0.31969044,0.07637119,0.00075792,0.07742036,0.00060107,0.09101623,0.00006281,0.00030447,0.12041750,0.00262375,0.89241076,0.51975787,0.00357327,0.51989132,0.02517526,0.03302481,0.22594254,0.91833174,0.13015732,0.10199231,0.08353750,0.00000585,0.79275584,0.00079154,0.45355830,0.48576501,0.48443857,0.15010765,0.02851050,0.06116892,0.08983752,0.98258162,0.96845967,0.35933188,0.00016841,0.94196659,0.99241948,0.00065965,0.01755454,0.34883860,0.02356290,0.34812230,0.94130075,0.66013318,0.57255584,0.80492485,0.81745505,0.11575384,0.39786592,0.10900852,0.97214997,0.04675099,0.17538577,0.02866786,0.98303193,0.21132246,0.37759024,0.04791706,0.14091943,0.05452793,0.99397928,0.22077724,0.00008065,0.85101569,0.06068084,0.28869236,0.84814954,0.58351773,0.00015520,0.97457063,0.02063804,0.11270595,0.00475252,0.00228269,0.49906501,0.00462661,0.00000120,0.00115872,0.09196256,0.02015972,0.14285545,0.63293213,0.17248286,0.19587269,0.00333087,0.00102083,0.03903704,0.00096406,0.00056545
0.00000083,0.47729257,0.00004317,0.01795686,0.99423987,0.05199039,0.01212551,0.01023581,0.79858696,0.00183258,0.00453378,0.25730821,0.00001347,0.00013311,0.00028180,0.86850446,0.03724106,0.00299805,0.00035252,0.90371120,0.00055718,0.91726643,0.92324638,0.07380982,0.07782167,0.15849239,0.00333762,0.00013154,0.17916101,0.96499997,0.81267339,0.68245035,0.00311580,0.03856234,0.45770156,0.38136360,0.00010661,0.01732115,0.20729803,0.07136885,0.07009335,0.65236431,0.15208206,0.20653853,0.37704891,0.14591151,0.02141222,0.94627219,0.81813061,0.02353221,0.21478117,0.00000481,0.76402074,0.02236642,0.00017469,0.01374917,0.46763662,0.60648531,0.03888366,0.02248363,0.02523718,0.96959311,0.99532026,0.33275226,0.00023901,0.01519098,0.36791033,0.00018996,0.01354068,0.58408976,0.02052030,0.52846503,0.87002510,0.83363551,0.00025792,0.86526936,0.20407948,0.05033801,0.97603512,0.16196394,0.99769688,0.09249648,0.68317074,0.69898301,0.99581361,0.33152425,0.00005575,0.03002264,0.75773787,0.05118676,0.98008096,0.44175008,0.00035315,0.72427565,0.24546874,0.40538710,0.59695804,0.37499201,0.00017749,0.00949998,0.00465172,0.38511038,0.00004329,0.01194513,0.80347371,0.00143415,0.00630986,0.00695297,0.10950372,0.17799845,0.57360536,0.00000859,0.00984194,0.24960618,0.00702579,0.02852488,0.10710835,0.66537416,0.00064893
0.00004191,0.76659423,0.00052557,0.96361434,0.95320100,0.09954797,0.42369261,0.00056478,0.92632306,0.03186450,0.00005626,0.81760955,0.00086267,0.00057155,0.02404851,0.77518839,0.82688707,0.05833875,0.00032091,0.34536859,0.03982205,0.00007676,0.84253728,0.06999251,0.12826793,0.23719953,0.04598594,0.00041349,0.08863557,0.95094943,0.11423334,0.96143621,0.09076343,0.00435646,0.24101579,0.05143974,0.00050327,0.02298389,0.08391487,0.27718362,0.75913548,0.31342879,0.28309119,0.46414015,0.24097893,0.88966823,0.19033872,0.94098759,0.05516772,0.01815743,0.12340718,0.00015368,0.00172977,0.10297231,0.20580991,0.32855409,0.02788351,0.38110870,0.07364857,0.08030380,0.05235564,0.97834480,0.90720779,0.36157420,0.00335048,0.84131789,0.00251895,0.00017618,0.02599583,0.37008700,0.51113206,0.33395159,0.00391417,0.93130171,0.27832702,0.60814661,0.00284076,0.01655292,0.86642241,0.24595179,0.91286623,0.08398569,0.11096480,0.79122406,0.81745219,0.11590533,0.14700226,0.79539323,0.89287627,0.24362989,0.98869586,0.22344133,0.02445820,0.55028015,0.56165105,0.20125730,0.57510477,0.67694896,0.00004898,0.94430673,0.00420710,0.29262459,0.00282752,0.07456459,0.73409265,0.02264685,0.01066187,0.01319812,0.32591677,0.00207610,0.00373883,0.00011352,0.03338081,0.10092284,0.08043203,0.00184013,0.11870732,0.00184680,0.00215867
0.00001086,0.36980715,0.00565877,0.01150131,0.55734372,0.10665515,0.93334305,0.00123158,0.63936675,0.29312766,0.02147737,0.82727695,0.00173085,0.00477027,0.07175862,0.83839172,0.52397418,0.53243357,0.00478161,0.01240831,0.00078790,0.69600594,0.87743676,0.00146529,0.23945270,0.13612005,0.62166965,0.00068357,0.37533355,0.77689886,0.00012635,0.45519716,0.12106965,0.00670100,0.55270427,0.49511898,0.00324756,0.04530885,0.02829881,0.00415453,0.29644564,0.45446518,0.00063248,0.24261385,0.43340334,0.38724652,0.33185282,0.95588446,0.00379861,0.01617838,0.18521269,0.00129661,0.00462680,0.00002183,0.95132387,0.92997998,0.00576080,0.35489094,0.29232228,0.04289635,0.62049437,0.58509803,0.00936655,0.09691825,0.02469196,0.03167295,0.99740314,0.01530283,0.24855922,0.47908536,0.34028983,0.72851831,0.03102513,0.71404588,0.99259150,0.23479721,0.01030965,0.10217644,0.00744719,0.24922104,0.11438768,0.29422903,0.94557053,0.01516141,0.00446444,0.09148420,0.07036128,0.09868608,0.41535658,0.45619914,0.92600119,0.30656391,0.03173625,0.15584731,0.67646176,0.10456006,0.61828792,0.68981123,0.00007355,0.02328908,0.02368361,0.75021017,0.00214819,0.00303603,0.43437174,0.10984567,0.00002622,0.00688635,0.56412041,0.00076861,0.00802513,0.22653879,0.15440221,0.12525316,0.00792658,0.02202086,0.10555097,0.22733589,0.00984292
0.00000006,0.36595783,0.02879420,0.96017069,0.32817981,0.11599068,0.55190754,0.02935975,0.04243137,0.02131830,0.21567374,0.42729968,0.03349831,0.00847837,0.25798291,0.50246412,0.00179589,0.01223326,0.04500904,0.16848288,0.00065844,0.99482059,0.62712926,0.08375051,0.32574415,0.36464942,0.00087452,0.00411923,0.47827014,0.31903762,0.06076241,0.00205832,0.01256856,0.09631474,0.00579893,0.32090139,0.01319102,0.07578404,0.01306625,0.01645883,0.87296653,0.38948423,0.00205465,0.48841780,0.47433645,0.00808599,0.62436903,0.88886398,0.16386960,0.02573746,0.06747933,0.02942106,0.06223239,0.05956080,0.00789425,0.21169043,0.43948436,0.62739515,0.07320586,0.00881293,0.43340129,0.51395625,0.02725165,0.06271251,0.00108585,0.65843207,0.26004773,0.01672275,0.21038543,0.63612950,0.17605674,0.74624765,0.47385433,0.28076181,0.00011096,0.31619260,0.04071252,0.18184151,0.01661407,0.16778994,0.18402791,0.37545279,0.05453210,0.00838331,0.00232165,0.27856860,0.37767896,0.01480711,0.58875954,0.53274548,0.80670553,0.05154262,0.03065938,0.13658619,0.10951581,0.29345629,0.63409388,0.64074326,0.12493349,0.88978332,0.10002571,0.53026527,0.00048570,0.01721697,0.76218450,0.08038711,0.01073556,0.01073604,0.49464741,0.00634304,0.38237992,0.06291459,0.26510942,0.18582971,0.00393553,0.01182002,0.32809910,0.29608724,0.01066360
0.00000057,0.40505791,0.00007639,0.00275597,0.25581980,0.11220686,0.69928622,0.04878614,0.83198017,0.00025413,0.40706238,0.18485904,0.00101436,0.00470002,0.12942100,0.20202881,0.02496462,0.45390004,0.01803811,0.83926380,0.00241600,0.00006095,0.71608084,0.03263143,0.52174473,0.40171930,0.00398705,0.00359264,0.56778938,0.08076828,0.83975852,0.00073814,0.04633766,0.25727898,0.02470955,0.27685496,0.00139461,0.33625683,0.08412686,0.03525563,0.16780628,0.45919728,0.22220436,0.52627552,0.14194019,0.01467988,0.16692996,0.38955021,0.57257575,0.20464998,0.03882512,0.00406152,0.30958617,0.12625557,0.45053422,0.06345124,0.88034862,0.38102460,0.07768712,0.51768219,0.09077748,0.37342402,0.74892533,0.22039142,0.00053455,0.04521115,0.00178257,0.04120692,0.10518932,0.24248327,0.38957879,0.72175610,0.67331576,0.22170371,0.44148499,0.49336269,0.59429032,0.01155325,0.31483471,0.30001640,0.64335197,0.09513921,0.52787709,0.02308205,0.90913177,0.09708237,0.29033265,0.00552514,0.42467800,0.40860346,0.59231424,0.00726196,0.01383959,0.08633224,0.04811450,0.28632057,0.27308050,0.56138808,0.25793216,0.01362382,0.07728904,0.31502667,0.00014315,0.10902729,0.61051077,0.18330838,0.04375855,0.04700526,0.08553486,0.26491958,0.76635844,0.76447612,0.63380098,0.18927801,0.00531763,0.02511156,0.21142374,0.00050364,0.02541196
0.00047213,0.40378392,0.00001809,0.72651684,0.30697599,0.02874560,0.25239488,0.10909998,0.88008028,0.00006668,0.02519062,0.22835332,0.00002160,0.01660157,0.03524295,0.60502803,0.16486667,0.05783202,0.00121340,0.74542034,0.00807916,0.44763264,0.42145437,0.09709668,0.57156044,0.48059374,0.08089727,0.00280988,0.31156069,0.11301529,0.09050390,0.27694762,0.00307515,0.14938042,0.12000379,0.09092564,0.00283628,0.26990497,0.07899771,0.03291808,0.65111470,0.45960209,0.01996583,0.29409635,0.02584579,0.05311628,0.27815795,0.41058764,0.06346794,0.51100236,0.01148720,0.00023908,0.60870117,0.00264794,0.41207421,0.57529944,0.40494227,0.65117437,0.01946420,0.00644473,0.04685291,0.51902282,0.94147980,0.03377084,0.00029068,0.26163435,0.61320066,0.03229441,0.01669897,0.15510018,0.16306728,0.62833571,0.78397882,0.54060954,0.05087874,0.55537516,0.09274983,0.01419229,0.73375863,0.32644701,0.79738104,0.02184353,0.36729476,0.20935649,0.95796651,0.08465848,0.09029298,0.05625698,0.24613965,0.03949490,0.44333172,0.00385490,0.00107630,0.24646734,0.02711741,0.10380466,0.35219637,0.63855052,0.00697440,0.35129315,0.03226658,0.49578944,0.00235459,0.02083628,0.65654141,0.03419397,0.00421844,0.06628344,0.00560151,0.15498467,0.05776237,0.80733031,0.56542653,0.26162606,0.00599405,0.01672062,0.28368357,0.01061180,0.00469883
0.00229886,0.40810627,0.00048001,0.00234943,0.35474196,0.02463155,0.60060853,0.02946202,0.35632333,0.00705945,0.00014024,0.16943222,0.00005358,0.04953673,0.01028711,0.49725479,0.64074683,0.00187130,0.00907876,0.39727515,0.07558580,0.44821131,0.43736035,0.21272719,0.60194361,0.37429830,0.24471144,0.01243874,0.45803040,0.16323826,0.00263647,0.91949052,0.06434530,0.05952742,0.80067849,0.04469218,0.01081035,0.32993364,0.05245583,0.06412374,0.01700696,0.38769135,0.64326525,0.28015959,0.06266578,0.84053916,0.25361741,0.53228909,0.03506803,0.33825639,0.00079916,0.00059295,0.01242196,0.09020759,0.14273359,0.18166235,0.09224326,0.45912051,0.18891439,0.00362963,0.26632661,0.39125276,0.69763303,0.07920080,0.00386943,0.01737494,0.05103342,0.43152705,0.02916489,0.13953860,0.26182759,0.77492297,0.03309379,0.54922938,0.00002273,0.73825359,0.00045310,0.04375777,0.54727525,0.48037413,0.60349679,0.00942320,0.15620741,0.73611224,0.78177768,0.07673968,0.00531495,0.06503614,0.56083572,0.10272188,0.44303149,0.00686233,0.03196203,0.28011703,0.00706780,0.12274662,0.27061415,0.55550462,0.12999240,0.00464659,0.10606479,0.48117268,0.02176889,0.14981246,0.60174537,0.24036023,0.01516952,0.07457669,0.00136126,0.11660451,0.14359330,0.38818905,0.57581532,0.44744584,0.02956587,0.08385579,0.46929905,0.79389101,0.09187265
0.26799095,0.47743398,0.03686216,0.94769704,0.30590382,0.01417112,0.83756959,0.01145670,0.01357200,0.34174094,0.00804490,0.47490194,0.00786335,0.61056465,0.00284486,0.61095858,0.30567047,0.07462436,0.00516146,0.01131826,0.15572244,0.00025139,0.46526247,0.13872582,0.43623993,0.61953670,0.54759377,0.11450905,0.25222129,0.35366380,0.00009056,0.33431756,0.05668621,0.06012560,0.01934304,0.08735601,0.05686406,0.13161062,0.00444546,0.00657593,0.93282932,0.22897623,0.03705148,0.37337807,0.00609944,0.36909834,0.55564904,0.18381825,0.00028616,0.25778875,0.00009040,0.00543631,0.06222745,0.02210320,0.24527307,0.85648841,0.02823677,0.15562293,0.21397904,0.39395568,0.81468648,0.50063664,0.00372139,0.04501669,0.12756437,0.73114443,0.08037779,0.31652910,0.02276732,0.14538388,0.17069370,0.85403574,0.00623636,0.41355622,0.91335958,0.24712439,0.00186542,0.00968385,0.00722768,0.47868860,0.02129204,0.01170927,0.08040205,0.23019537,0.00059282,0.21928377,0.01644606,0.54738188,0.36617190,0.02653284,0.53419888,0.00876804,0.03294675,0.64535165,0.00774190,0.08282806,0.26376271,0.60611129,0.19516478,0.81438059,0.12289432,0.37616259,0.03644590,0.14162362,0.82546324,0.46961707,0.00052567,0.16815811,0.00202521,0.02896862,0.01225119,0.46906266,0.67157948,0.36687443,0.23109345,0.02156365,0.44548070,0.00028618,0.29323170
0.55702198,0.54203904,0.00721506,0.00183437,0.17418379,0.00813654,0.62750697,0.01587632,0.01720271,0.07475596,0.58473247,0.08944917,0.00975459,0.06001119,0.00191650,0.04279601,0.01132102,0.23830938,0.00420119,0.07491083,0.02103097,0.98499548,0.56416380,0.01907936,0.34072480,0.70100027,0.14037651,0.43492764,0.22527349,0.42390472,0.11283939,0.00014732,0.00602578,0.35844889,0.66430926,0.15106679,0.00351347,0.26340085,0.02311087,0.00001600,0.33546910,0.60209805,0.00062141,0.10302828,0.00459582,0.00106256,0.43408152,0.11023173,0.00213023,0.19868632,0.00002309,0.00763748,0.63459915,0.00000949,0.68315053,0.53953421,0.52548319,0.58507794,0.06266702,0.00198680,0.25349721,0.36692384,0.03819021,0.01544857,0.33673948,0.03616890,0.97396559,0.12749517,0.02197753,0.00469279,0.17451394,0.91766489,0.25367025,0.22067611,0.10853805,0.72663480,0.54607457,0.00622758,0.13629761,0.28720421,0.50908554,0.08910055,0.17489426,0.00115358,0.00115692,0.07349796,0.03545114,0.00031161,0.16879781,0.00479981,0.25098664,0.01190853,0.01583689,0.62447751,0.00022995,0.06964904,0.17209578,0.80970359,0.24856272,0.01951603,0.24360026,0.21022022,0.05391075,0.02292270,0.90927601,0.25003120,0.00040806,0.44189951,0.00067704,0.01039665,0.14139056,0.78572261,0.59390944,0.66884768,0.28342018,0.37631944,0.56198490,0.56590027,0.16938159
0.36540097,0.51249278,0.00284134,0.99253607,0.17757154,0.00012798,0.11437245,0.27277830,0.76986343,0.00000359,0.03362303,0.02159720,0.03274446,0.20225303,0.00000489,0.94705331,0.00466398,0.00000210,0.00085272,0.38324043,0.06603064,0.32990560,0.63122678,0.13331786,0.18861429,0.56983238,0.00773252,0.16602884,0.08876931,0.21325931,0.91310269,0.00022137,0.00202226,0.65357345,0.01157351,0.03193947,0.00020565,0.40122977,0.00772474,0.00006155,0.94144875,0.42229879,0.00049022,0.18450737,0.00416843,0.00430025,0.18907860,0.67648453,0.89355010,0.14644513,0.00000683,0.00553154,0.96713614,0.10848025,0.01493624,0.00956166,0.98375231,0.64485562,0.01029835,0.11831683,0.06458309,0.58141112,0.88247126,0.02589479,0.49809194,0.90545702,0.31911415,0.03743760,0.29080316,0.08033359,0.03801195,0.79633147,0.98815078,0.42600602,0.00002849,0.41303971,0.66347557,0.00085349,0.92028010,0.05437928,0.90115076,0.05557640,0.07866288,0.00802766,0.49258769,0.22276704,0.65699679,0.00026449,0.18109041,0.00089348,0.46097031,0.00037908,0.00102555,0.97322184,0.00010558,0.04914659,0.46287188,0.90493220,0.04434201,0.93631208,0.00350979,0.05615852,0.01621286,0.09698231,0.90818101,0.06184424,0.04527996,0.06699184,0.00122578,0.48837385,0.46098259,0.04631745,0.43839809,0.63805699,0.22480014,0.15121372,0.55891222,0.04199075,0.02872678
0.02291307,0.30922568,0.00000112,0.00084911,0.33369526,0.00014310,0.10376614,0.11475190,0.99563962,0.00011091,0.00296637,0.25856474,0.00014186,0.02179136,0.00002577,0.13185731,0.71495366,0.78874999,0.00331598,0.95789504,0.02822933,0.00009281,0.55286610,0.12392466,0.07441971,0.54837805,0.39038095,0.07843629,0.04939625,0.24626432,0.47876206,0.75736189,0.00141822,0.35753739,0.28515500,0.17713130,0.00000156,0.25924203,0.00196040,0.00948044,0.20513771,0.55567122,0.87913805,0.01792134,0.00043590,0.92693955,0.04481709,0.47963655,0.10800998,0.56987268,0.00000027,0.00000802,0.33798018,0.00003709,0.35749438,0.05936683,0.78194153,0.73767561,0.00788753,0.14289385,0.02383997,0.53167737,0.99676239,0.03719226,0.19453520,0.02344537,0.02551378,0.01169710,0.01003105,0.00282429,0.08227794,0.95265168,0.93940943,0.18930252,0.87586308,0.71456587,0.59065533,0.00001599,0.86298084,0.34972599,0.99232316,0.00027353,0.92890686,0.86366165,0.99919122,0.15914568,0.40387478,0.00049855,0.33619422,0.00136607,0.23115940,0.00024307,0.00067424,0.96388859,0.00195499,0.04265641,0.37433389,0.83144122,0.01882891,0.00444319,0.00023680,0.59491998,0.04963205,0.03231582,0.95615256,0.01086016,0.00119503,0.01768405,0.00015938,0.33774450,0.11930101,0.80927360,0.29293689,0.79290646,0.14929312,0.08258130,0.63028038,0.00001069,0.00301253
0.01506855,0.48740688,0.00000641,0.97174025,0.08160277,0.00000221,0.12459012,0.26740196,0.98334813,0.39839250,0.00021621,0.41114455,0.00003469,0.02485532,0.00027876,0.62521827,0.13586962,0.00023301,0.00000795,0.68457258,0.05362824,0.93217927,0.86037946,0.09271165,0.15055113,0.41573912,0.11793645,0.06030548,0.07582589,0.42833370,0.00052387,0.95032454,0.00014617,0.08877134,0.68317181,0.03409867,0.00000441,0.25554934,0.00162956,0.14083253,0.98618698,0.44045296,0.04140843,0.00730538,0.00010841,0.54307860,0.22928768,0.90491968,0.00020526,0.66790462,0.00000446,0.00000428,0.14981332,0.00006535,0.85981804,0.94488025,0.05342057,0.66863090,0.01357709,0.00007521,0.04948909,0.46978381,0.97666049,0.00003849,0.02003383,0.95006061,0.98023993,0.00529816,0.00032058,0.01689237,0.13950679,0.98780847,0.88151425,0.57853729,0.00009833,0.67575884,0.00064699,0.00007650,0.88369584,0.13995369,0.97639018,0.00015909,0.01379841,0.75555533,0.97826904,0.25135288,0.34358081,0.00777411,0.69164199,0.00039749,0.19661388,0.00124964,0.00007938,0.99945641,0.00023428,0.00465727,0.61791766,0.97191030,0.00627273,0.95915979,0.00051453,0.69134700,0.09327357,0.03764448,0.86879128,0.01545708,0.00000081,0.03087067,0.00084095,0.01465017,0.00047251,0.92746955,0.83083999,0.51736301,0.01579640,0.01716248,0.24417967,0.59250700,0.00001360
0.00512752,0.08793058,0.00016618,0.86871022,0.04604624,0.01468862,0.48138735,0.01530756,0.76742750,0.00193766,0.05680048,0.15380900,0.00038801,0.02471536,0.00181553,0.56748015,0.11080733,0.03895780,0.00225181,0.75110674,0.04409939,0.20690101,0.32727051,0.10775606,0.09750786,0.92894363,0.02724120,0.00956149,0.59030986,0.03314774,0.09705836,0.15188764,0.00280806,0.63095945,0.39821026,0.10789301,0.00131894,0.49952921,0.12548573,0.00487525,0.73027653,0.22240248,0.03292495,0.77005702,0.00628202,0.19698600,0.23229942,0.28090957,0.09141727,0.96403974,0.21943174,0.00031690,0.35174713,0.01361062,0.03282748,0.85348541,0.38995239,0.16393198,0.01354936,0.03288865,0.02250758,0.09471466,0.89672613,0.02195825,0.00531040,0.81308562,0.51923156,0.01107155,0.00974369,0.37833902,0.04079155,0.79440510,0.47278419,0.46432683,0.11141194,0.32185605,0.11871605,0.00161505,0.56735760,0.79356843,0.95687807,0.07828102,0.57805961,0.08086741,0.86667430,0.01737814,0.06621916,0.04781580,0.29625684,0.02316101,0.01295474,0.03443787,0.00165443,0.03615621,0.04322515,0.36630327,0.62105083,0.21354571,0.00198234,0.68528533,0.01603496,0.60236681,0.05065742,0.04667842,0.38811898,0.02418679,0.00062827,0.02684480,0.00937739,0.12388036,0.04102343,0.33530253,0.79794461,0.87504911,0.03920116,0.56619489,0.69942540,0.00702889,0.00636417
0.01266475,0.56468827,0.00029074,0.22613336,0.03921936,0.01582757,0.19033752,0.01853259,0.82027191,0.00403237,0.03139715,0.10663067,0.00044685,0.03473231,0.02905125,0.62999147,0.22480996,0.05155327,0.01289405,0.78176576,0.04431188,0.55230761,0.27092808,0.12602933,0.08605998,0.88827246,0.02943030,0.01395324,0.36883241,0.03859738,0.10012425,0.32455361,0.00760218,0.74732125,0.49601021,0.05985601,0.00195212,0.61362249,0.17422594,0.04183106,0.35469434,0.31978205,0.07309327,0.81656015,0.04958454,0.19671416,0.10388542,0.43647763,0.05743612,0.89353430,0.09213305,0.00107444,0.14810261,0.00852100,0.03642442,0.39969066,0.34596559,0.26170316,0.02611547,0.05230908,0.01072597,0.11374889,0.89988559,0.03439678,0.01408088,0.12317204,0.43488365,0.01545489,0.05206612,0.45854542,0.04333119,0.90415633,0.56456161,0.46264505,0.01457673,0.41121903,0.05698057,0.00280313,0.47477180,0.84142333,0.91063863,0.03235472,0.73066914,0.04005397,0.91136974,0.01342256,0.11469376,0.03419479,0.26281005,0.05044768,0.01497226,0.01322815,0.00339821,0.02891489,0.01286661,0.25844523,0.51325780,0.26148278,0.00234728,0.09522479,0.01030037,0.45375749,0.11722357,0.06161084,0.73026150,0.01120743,0.00213208,0.01541005,0.00938081,0.09786536,0.15197197,0.43251526,0.84687251,0.62237525,0.02315508,0.08381056,0.69329727,0.12031762,0.00677940
0.00245183,0.47865063,0.00011802,0.92806238,0.08966955,0.01830308,0.16733329,0.01487571,0.86363083,0.00400267,0.01923826,0.07783142,0.00042473,0.04211523,0.01333455,0.59457314,0.21574885,0.06883284,0.01056092,0.55645782,0.20703739,0.14473319,0.19080366,0.14201865,0.07653909,0.92119873,0.01297963,0.02296811,0.43273959,0.02982439,0.05273643,0.28883678,0.00429156,0.34619161,0.38218936,0.24599881,0.00147275,0.61495453,0.16869764,0.02372810,0.78277940,0.09466164,0.13566840,0.74888688,0.02040244,0.45443103,0.12904346,0.59792763,0.07283646,0.90134937,0.07470061,0.00086596,0.19376281,0.00894538,0.09111588,0.71162343,0.29257262,0.43886170,0.11827717,0.06137948,0.03423392,0.29541454,0.78505403,0.01011651,0.01426014,0.51031452,0.23387030,0.00658677,0.01084190,0.57854438,0.04922122,0.91561472,0.47863215,0.45528692,0.07754582,0.34758669,0.04205904,0.00263345,0.56098306,0.84990513,0.80308592,0.02585446,0.63316071,0.23349525,0.84730822,0.03576893,0.15918729,0.01962595,0.33320373,0.02029922,0.06769948,0.03332903,0.00284310,0.04425943,0.02987779,0.49603051,0.55259752,0.21250665,0.00195686,0.66312915,0.01383780,0.63344693,0.02657361,0.04662258,0.73323035,0.02226423,0.00529450,0.00306525,0.01874444,0.13169792,0.07407721,0.39172226,0.87716728,0.72517645,0.04379788,0.09115261,0.72524804,0.00240891,0.00389255
0.00460650,0.27710649,0.00021848,0.17601699,0.06582044,0.01751546,0.35638610,0.01090245,0.84225512,0.00333047,0.04225573,0.13402352,0.00037459,0.01857400,0.01199047,0.79868180,0.38366604,0.08408073,0.00424194,0.41578344,0.03127403,0.17394212,0.12084042,0.16850401,0.08834296,0.87244457,0.01338568,0.00858080,0.52431381,0.02318271,0.08050970,0.15781265,0.00850035,0.61218488,0.59524226,0.18657851,0.00115781,0.73021728,0.19739370,0.02208988,0.53078520,0.23783363,0.03516437,0.86894190,0.01739888,0.08641743,0.15832382,0.46639955,0.05783667,0.94479239,0.08875571,0.00181830,0.23778002,0.00678392,0.37753415,0.72534174,0.15316519,0.23980582,0.02278854,0.02539220,0.04051610,0.30308083,0.78718239,0.03241397,0.04068952,0.20337185,0.84253711,0.01402266,0.01747925,0.74997878,0.02507128,0.66926378,0.41126385,0.31679493,0.34820843,0.55465311,0.01236182,0.00568826,0.36197877,0.76225847,0.88023198,0.02211342,0.57098430,0.15059625,0.85150653,0.02495903,0.08753036,0.02766048,0.46401396,0.04356166,0.03861753,0.02200582,0.00546313,0.07689461,0.02357547,0.14136450,0.52519077,0.22395763,0.00131031,0.09297329,0.02851708,0.59463793,0.07770745,0.05040742,0.76665199,0.00967472,0.00073394,0.00437756,0.02711569,0.13712320,0.05636585,0.48879170,0.92420143,0.68476862,0.09628741,0.12656516,0.76354539,0.17900948,0.00466156
0.00672019,0.16453166,0.00052845,0.73125249,0.04458317,0.04191510,0.28264561,0.00724230,0.80581325,0.00376305,0.06290076,0.14315911,0.00031474,0.00519558,0.00984487,0.69965976,0.29513183,0.02223136,0.00655237,0.46016830,0.05823962,0.13800924,0.24409722,0.16402528,0.07790299,0.87312734,0.00437615,0.02210231,0.49194589,0.04663750,0.23376119,0.17740428,0.00934670,0.81937087,0.76392674,0.10738932,0.00158420,0.73652506,0.17837648,0.02471969,0.51583558,0.15413207,0.02790515,0.92549580,0.00964138,0.11725241,0.15499386,0.67383862,0.06013100,0.92255175,0.26579699,0.00150333,0.12024380,0.02901037,0.07852602,0.40056175,0.27166146,0.27554604,0.02939375,0.14026313,0.21625391,0.26853567,0.77736205,0.05166384,0.03738256,0.31022915,0.49120903,0.00410055,0.01718202,0.48940679,0.01212265,0.64097846,0.14105262,0.53087187,0.01776037,0.35680404,0.02238095,0.02166636,0.15321775,0.61777776,0.75346792,0.05084584,0.29964676,0.13622214,0.82430273,0.01888961,0.19008060,0.02143349,0.39032421,0.07608302,0.07975975,0.01248428,0.01772304,0.20176882,0.03882239,0.14591989,0.50560719,0.23592700,0.00267088,0.66208380,0.02093803,0.71403426,0.13494512,0.06592526,0.90182602,0.01435222,0.00830005,0.00231890,0.02318760,0.05073270,0.06406631,0.37351498,0.92249399,0.59529757,0.08629572,0.11727129,0.39083070,0.11327644,0.01191863
0.00193888,0.40585083,0.00018317,0.21320784,0.05019924,0.04672426,0.33852252,0.01279218,0.80971080,0.00266395,0.02959758,0.13527398,0.00050632,0.02145649,0.00656600,0.76790071,0.11218109,0.05268396,0.00249549,0.66424990,0.01774806,0.05835965,0.26772285,0.21908715,0.09201521,0.91487879,0.01347875,0.01124768,0.41182563,0.03747953,0.08821946,0.21693178,0.00933168,0.72680330,0.58201373,0.17269464,0.00068121,0.66337532,0.23284054,0.02847964,0.47828856,0.21451785,0.05384370,0.51405513,0.01715453,0.06861677,0.16136824,0.72999573,0.06521584,0.93235731,0.04293541,0.00053351,0.19058585,0.00797692,0.05070720,0.57671899,0.40180889,0.36847562,0.03330607,0.03938296,0.06457815,0.23327158,0.74976891,0.06102365,0.03487110,0.23691972,0.43042561,0.00506567,0.01378723,0.42754820,0.02237187,0.63766772,0.55766374,0.57954723,0.42803591,0.23787293,0.22152340,0.00774292,0.31370619,0.75726813,0.58628172,0.05489548,0.71281761,0.12155575,0.57399261,0.02545216,0.05381282,0.02382642,0.36771995,0.05591878,0.31269160,0.01140280,0.00414240,0.05795340,0.04842778,0.16694307,0.61660975,0.13123354,0.00419658,0.06964850,0.00945221,0.65199995,0.12204708,0.07912613,0.69835025,0.04133201,0.00529052,0.00846538,0.01624571,0.09305640,0.05569074,0.33776829,0.90622932,0.54965007,0.04988272,0.22642241,0.54469436,0.00139750,0.01251501
0.00333663,0.28364426,0.00010177,0.20341261,0.12185565,0.03466444,0.31390437,0.00935953,0.76670712,0.00263279,0.02436770,0.14116272,0.00047894,0.03792550,0.00770450,0.76340258,0.13060255,0.02895913,0.00191953,0.46580824,0.02185269,0.31329721,0.24039552,0.17033876,0.10783073,0.84656090,0.01319093,0.00824862,0.69087082,0.02290910,0.14139585,0.12005423,0.01061961,0.71777081,0.36881977,0.06857431,0.00080434,0.63878471,0.27291906,0.02845957,0.51926333,0.21692818,0.04974167,0.65704185,0.01946873,0.11293972,0.18674113,0.54137450,0.07651582,0.87678009,0.01337973,0.00026954,0.10769257,0.00972436,0.19458066,0.66439122,0.25573027,0.32594356,0.01359473,0.09159788,0.01551218,0.30347618,0.94219035,0.03915740,0.01595522,0.14554736,0.45297214,0.00981173,0.01498252,0.48248291,0.01642451,0.74170363,0.38881609,0.47000641,0.02630814,0.18757465,0.03428050,0.00521921,0.22427633,0.65714812,0.79479218,0.07532529,0.53630674,0.20341356,0.87175435,0.03007917,0.12316941,0.01310267,0.25429717,0.07707293,0.27008179,0.01901137,0.00188815,0.12177511,0.03403789,0.07636043,0.55384231,0.32941064,0.00146628,0.21382813,0.00997941,0.43122193,0.13205355,0.03577016,0.59308189,0.01637821,0.00092771,0.01638665,0.02242848,0.06555600,0.10442456,0.30560777,0.81587762,0.73093075,0.03693454,0.18770613,0.52056062,0.02409100,0.00228973
0.01428200,0.56302220,0.00039388,0.36870909,0.15424179,0.07979506,0.16272868,0.01847247,0.71925193,0.00366344,0.01793618,0.18777731,0.00028128,0.02852211,0.01266754,0.64208537,0.16757318,0.05597535,0.00192864,0.67839020,0.10358283,0.19631539,0.53044653,0.17635070,0.26896057,0.44666836,0.02200796,0.01385253,0.44843197,0.13809887,0.05904960,0.16045691,0.00900522,0.20267420,0.12504621,0.09231548,0.00093281,0.39003453,0.20915857,0.03025411,0.59343475,0.37122759,0.04842307,0.52426875,0.02637848,0.18569051,0.09682604,0.76962292,0.06049493,0.72234350,0.04603248,0.00030152,0.17828982,0.00556256,0.20510902,0.57161486,0.40916333,0.40809613,0.01991830,0.03231346,0.04954645,0.35248548,0.82633740,0.07199018,0.00972894,0.31026328,0.48914441,0.02318326,0.01686985,0.51693380,0.16323438,0.48839155,0.55725044,0.54089624,0.03904908,0.32418719,0.04020444,0.00799676,0.43260092,0.45840433,0.85155994,0.04945454,0.43783259,0.19022772,0.78194642,0.05846190,0.18201703,0.01582078,0.34442300,0.04298159,0.41555244,0.02461488,0.00273566,0.11071793,0.06556116,0.15762961,0.52469152,0.37900642,0.00625353,0.19707240,0.00835213,0.58164328,0.33498538,0.03417832,0.50690109,0.01994227,0.00088851,0.05187259,0.04447948,0.10259458,0.06887855,0.70487517,0.72704029,0.30728948,0.03539043,0.02716553,0.18462826,0.01988682,0.00651928
0.01307256,0.50105280,0.00024623,0.30817357,0.14148118,0.07376000,0.19038412,0.01953604,0.83747315,0.00216750,0.01801368,0.17548381,0.00028372,0.02950748,0.00817888,0.73851413,0.15187638,0.04916922,0.00192909,0.61497742,0.04618516,0.28100026,0.49516198,0.22565646,0.49138555,0.45481017,0.02440804,0.01101044,0.26552510,0.07621123,0.07383998,0.26889944,0.00540397,0.16572386,0.22742727,0.04901372,0.00112344,0.47841877,0.22458515,0.01874314,0.59217173,0.40501943,0.02750980,0.65850294,0.02388705,0.15466543,0.15647921,0.65473419,0.03316489,0.86062223,0.01904828,0.00026470,0.15165973,0.00831018,0.21785618,0.55782050,0.55120045,0.40091616,0.01801796,0.03857619,0.05798450,0.35206169,0.77566630,0.04147385,0.00963444,0.25245962,0.47936881,0.01812481,0.01632969,0.39888668,0.09808800,0.55915362,0.64524603,0.57707405,0.06099528,0.40259463,0.06507780,0.00509496,0.43769550,0.33715588,0.76143330,0.06376850,0.37097535,0.16998807,0.84238321,0.04294696,0.14877585,0.01470580,0.34099737,0.05499210,0.44438758,0.01804547,0.00210928,0.11191472,0.03184766,0.13953364,0.46649799,0.35870823,0.00700619,0.17732951,0.01294714,0.46350956,0.38246325,0.04289705,0.48137712,0.02425001,0.00081273,0.04539742,0.03793269,0.11556032,0.05624779,0.61068624,0.75079566,0.20909847,0.01434202,0.01538191,0.26332873,0.04594142,0.00755367
0.01332164,0.54969645,0.00025569,0.23424226,0.10547271,0.04181095,0.22944754,0.02309909,0.80998063,0.00298391,0.01792945,0.16467521,0.00020981,0.02814375,0.00670734,0.66787809,0.09369841,0.04227718,0.00159955,0.61952055,0.08552867,0.24349219,0.37433964,0.31742409,0.28030267,0.53746998,0.02482145,0.00967573,0.44955266,0.07750682,0.11817864,0.28665391,0.00641399,0.13561390,0.16340649,0.09826850,0.00113170,0.29782194,0.30587089,0.01785355,0.57253969,0.47618464,0.01956232,0.59801793,0.02582503,0.16648154,0.07945657,0.75992030,0.05620833,0.79183012,0.03674558,0.00047438,0.27259487,0.00807414,0.23102069,0.34491390,0.46870989,0.35019234,0.01907109,0.03659161,0.04080336,0.50498247,0.79710996,0.07542253,0.00847277,0.25120720,0.42573828,0.01818524,0.03431000,0.52980876,0.15031461,0.50590301,0.60073531,0.62486064,0.03886335,0.23376614,0.04941687,0.00796700,0.44948706,0.38837999,0.88269639,0.03716551,0.33779773,0.10300260,0.84277666,0.05311229,0.22563846,0.02944170,0.34697714,0.07044938,0.44805917,0.01459235,0.00216600,0.16481276,0.06822120,0.18331072,0.31074089,0.39168286,0.00426693,0.15770736,0.01343918,0.54263920,0.38165432,0.05628604,0.56868833,0.02291239,0.00070418,0.05983964,0.02301188,0.15502104,0.06214389,0.54026210,0.61950827,0.26522827,0.01964771,0.01850568,0.32824066,0.03241678,0.01210172
0.00903210,0.44572866,0.00021833,0.20673749,0.15445368,0.05612443,0.22418346,0.03673675,0.84060955,0.00249466,0.02378419,0.22129518,0.00027969,0.03175194,0.00905548,0.68864763,0.07886524,0.05447324,0.00173820,0.56339830,0.04390302,0.16162178,0.35705319,0.16557816,0.27796289,0.41846290,0.02969711,0.00743195,0.39369473,0.07955469,0.11682227,0.15099934,0.01314260,0.28615904,0.15811990,0.07905608,0.00087270,0.39788029,0.29856780,0.03288494,0.40171281,0.43094447,0.04177785,0.62690318,0.02144442,0.11830186,0.09393059,0.76209092,0.03360099,0.84867889,0.04649905,0.00022658,0.20284154,0.00494371,0.26383704,0.56301945,0.42299429,0.35797539,0.02266070,0.02906877,0.06682766,0.34211707,0.70236391,0.06647077,0.01428651,0.24927522,0.46990776,0.01116856,0.01912348,0.52102447,0.13987856,0.53051674,0.55113399,0.44859308,0.08321986,0.33029339,0.06323391,0.00708816,0.41793114,0.33074102,0.84888947,0.03900668,0.42325717,0.17166376,0.85861760,0.07081915,0.11464257,0.02440980,0.30374777,0.04833342,0.51743209,0.02425625,0.00494089,0.09783343,0.06667978,0.18328497,0.40923053,0.25023001,0.00614115,0.20799191,0.00920133,0.57220542,0.28822163,0.05844615,0.64113128,0.01251794,0.00107188,0.07224201,0.02670807,0.07908193,0.06313473,0.48879713,0.60806417,0.19019730,0.01514490,0.01997135,0.20508045,0.02206764,0.00595870
0.01197761,0.53528214,0.00032192,0.19503680,0.15392919,0.06468972,0.17747535,0.02198106,0.83529937,0.00474084,0.03246046,0.25056687,0.00039148,0.02481158,0.01094322,0.71641892,0.13101280,0.06655289,0.00248541,0.72106731,0.04472233,0.31757677,0.36716044,0.26444629,0.41353682,0.35971135,0.04825596,0.00872912,0.25466722,0.07443206,0.10010635,0.20725068,0.00639460,0.25580651,0.21989226,0.06506428,0.00081785,0.48096287,0.23614876,0.01959951,0.47188333,0.43751994,0.02798964,0.45437041,0.01756987,0.10289732,0.10476302,0.79429030,0.03829236,0.83671695,0.01965334,0.00043081,0.28253436,0.00845839,0.28591433,0.41083840,0.52279484,0.37393090,0.02028202,0.02631143,0.07746169,0.48494056,0.74056256,0.05575161,0.00933587,0.29353780,0.48911291,0.01554638,0.01861289,0.34868613,0.09569462,0.50485086,0.54262137,0.46152318,0.05742136,0.37626511,0.04895319,0.00577072,0.34955004,0.37884805,0.81655037,0.06960076,0.42764476,0.19623882,0.80420822,0.05378517,0.14890078,0.02390266,0.35897899,0.07290898,0.36599082,0.01084244,0.00435660,0.14448446,0.06314628,0.16863607,0.32350129,0.36137018,0.01036112,0.18692686,0.01229088,0.62461305,0.34322685,0.02368544,0.43743029,0.01205168,0.00120521,0.03101258,0.02986917,0.10869984,0.10854704,0.69742852,0.72521281,0.23445782,0.01586765,0.02631728,0.18906002,0.03660537,0.01091998
0.00878764,0.45762104,0.00039741,0.23732823,0.10645006,0.04480264,0.19716056,0.02080015,0.71648949,0.00202984,0.01784315,0.16379422,0.00037771,0.03097280,0.00697145,0.75995493,0.11877915,0.03142314,0.00121507,0.55007267,0.07150500,0.17462799,0.43451992,0.17979135,0.30378258,0.45748922,0.03163344,0.00981034,0.38455924,0.13206927,0.12379569,0.14555521,0.00758146,0.18925372,0.12144990,0.06167272,0.00085481,0.30255330,0.20886162,0.03166247,0.44558689,0.49951217,0.03725904,0.42735478,0.01571084,0.08315629,0.09220391,0.67180294,0.06856305,0.85851687,0.03805195,0.00026038,0.17053965,0.00900997,0.36555433,0.56620210,0.39376944,0.30839252,0.02919037,0.03154470,0.03595116,0.36319816,0.83855975,0.03539259,0.00673564,0.15917842,0.47286764,0.02111633,0.02136059,0.51291126,0.13585480,0.59951484,0.56571823,0.61902732,0.03332925,0.45167547,0.05968721,0.00433737,0.51962847,0.33858955,0.81444150,0.08972339,0.36157206,0.20839344,0.81542099,0.07457078,0.18620197,0.01482465,0.25724021,0.07345328,0.38141045,0.02621855,0.00429601,0.08212376,0.07462439,0.14040479,0.31704912,0.23079167,0.00742619,0.19693528,0.01644528,0.45522970,0.33197641,0.02668183,0.42834982,0.02062691,0.00117856,0.05863445,0.03288644,0.08872274,0.08491734,0.67387676,0.78489202,0.23888929,0.03646437,0.01623438,0.18757026,0.03748355,0.00533077
0.01527604,0.37366444,0.00017915,0.47528571,0.08225945,0.06757385,0.36895326,0.02745300,0.87772590,0.00153339,0.01047374,0.26906475,0.00032478,0.04190776,0.02371679,0.46220076,0.14187403,0.08317607,0.00098588,0.52911812,0.06420049,0.03658448,0.32393396,0.25033206,0.21145824,0.37305593,0.05908124,0.00905959,0.40662426,0.10664950,0.10881520,0.32492515,0.00680881,0.30560789,0.17548181,0.08767825,0.00131672,0.50980371,0.18907708,0.01477842,0.55056721,0.42752445,0.01877768,0.73664653,0.04180952,0.15560555,0.07468449,0.53066719,0.03779571,0.75525182,0.02234623,0.00055851,0.13972653,0.00847564,0.25243542,0.54808617,0.33094442,0.17243373,0.01762716,0.03255763,0.07141126,0.47248390,0.80210322,0.04389853,0.00949154,0.15680321,0.79876977,0.01099030,0.00933322,0.63323259,0.26372543,0.52064383,0.59389633,0.27058911,0.05754487,0.35946530,0.06680182,0.00288308,0.41772252,0.49341285,0.87955862,0.09820617,0.23752537,0.20894223,0.83158690,0.05003775,0.12636782,0.01877810,0.21266660,0.03622220,0.20818135,0.02452600,0.00323179,0.02694674,0.07447204,0.07399369,0.41762146,0.20825261,0.00579398,0.13436928,0.04262066,0.50051773,0.25676543,0.03103123,0.54506016,0.02275030,0.00219377,0.03997241,0.03759680,0.09889422,0.13823469,0.69370431,0.85693592,0.18261902,0.03141477,0.01807252,0.35118669,0.03696865,0.00908464
0.00732461,0.37365788,0.00020068,0.12962455,0.04207978,0.05079481,0.08437953,0.02724561,0.98647350,0.00245192,0.01689562,0.33096984,0.00034832,0.01956536,0.05543073,0.70453453,0.18607220,0.00984549,0.00162813,0.74655622,0.07519566,0.21934821,0.20760448,0.08162804,0.32387561,0.47386324,0.03177303,0.00703178,0.27726227,0.20094442,0.11324361,0.11123537,0.04012975,0.42943725,0.36066118,0.11023112,0.00125349,0.33296725,0.07398473,0.00479882,0.30276105,0.43969154,0.00332999,0.61286950,0.01527014,0.18884945,0.13125162,0.67872083,0.12696715,0.29493198,0.04474180,0.00048869,0.74339640,0.00599604,0.13691048,0.82261246,0.43221378,0.42222682,0.00578490,0.01541643,0.15057480,0.09576827,0.80689031,0.21396139,0.01987437,0.21514747,0.49885872,0.02763413,0.02436247,0.35951486,0.03432301,0.95838815,0.75838667,0.70801198,0.00153811,0.18583286,0.08827488,0.00424122,0.47690338,0.85638613,0.99547815,0.08158316,0.17392984,0.26304027,0.93351632,0.08411751,0.41169316,0.12170086,0.03145234,0.13319719,0.09716972,0.00597743,0.01202482,0.00389170,0.00806394,0.08887205,0.54840767,0.24681926,0.00733048,0.02912948,0.03617160,0.32733008,0.37715247,0.02521447,0.09423988,0.01505129,0.00221011,0.03818968,0.00829762,0.18036266,0.02672125,0.91808391,0.84190613,0.07713298,0.03529825,0.03061546,0.98484921,0.07975239,0.00639447
0.00929961,0.14305422,0.00011188,0.66519171,0.37834072,0.00793919,0.18496846,0.02500687,0.99976355,0.00284345,0.00054642,0.87399852,0.00015651,0.07714059,0.05873134,0.15746771,0.11311218,0.16985741,0.00206734,0.40652010,0.05703108,0.09590168,0.35738117,0.06910551,0.22111718,0.81989008,0.04287631,0.01259901,0.18494068,0.06740379,0.02938960,0.87635714,0.02062644,0.16881487,0.44320300,0.12509316,0.00208855,0.07511826,0.02575018,0.01532433,0.39579958,0.46943539,0.06985686,0.89975542,0.01060773,0.56872112,0.00985954,0.97694194,0.01705737,0.91530913,0.04371396,0.00057869,0.11032059,0.03856529,0.08950102,0.96850473,0.93142968,0.81796443,0.00853833,0.26983285,0.36677387,0.16173030,0.58202344,0.89708447,0.03886944,0.43175554,0.07187313,0.01216074,0.01766901,0.95082402,0.00987438,0.65891242,0.95218855,0.91044044,0.63733256,0.39732811,0.01887487,0.01196183,0.10707623,0.27853304,0.69684213,0.05026215,0.09454259,0.47418749,0.75708044,0.05905610,0.21294709,0.01201737,0.00298232,0.30292121,0.94652230,0.00614433,0.07158076,0.01074879,0.00545663,0.01013085,0.03129373,0.10960470,0.00345531,0.56828392,0.01485660,0.50773668,0.75310695,0.02885711,0.71101063,0.02919917,0.14366826,0.04544396,0.03945426,0.28004912,0.00679606,0.40127248,0.96664691,0.01941407,0.01597821,0.00589360,0.99500060,0.01465531,0.01031727
0.00385954,0.23011853,0.00018234,0.00799649,0.21996439,0.01617920,0.63508660,0.01088785,0.97980428,0.00300728,0.00762346,0.79502177,0.00057423,0.07120850,0.11544137,0.12059058,0.75916874,0.60264671,0.00417263,0.20148629,0.04541671,0.79786164,0.40029305,0.03454014,0.63677853,0.72926050,0.04745150,0.00387237,0.48371863,0.02599492,0.01231124,0.84617966,0.02646737,0.18129767,0.97710580,0.22357683,0.00236792,0.04267456,0.06872783,0.10972983,0.70808053,0.73286033,0.01170395,0.80161035,0.01373896,0.01126562,0.01493683,0.94521993,0.00101046,0.89601988,0.09408677,0.00155081,0.30455333,0.00390751,0.10093524,0.92248261,0.93568468,0.95393687,0.01143081,0.33761919,0.16423143,0.05284182,0.72276527,0.83060497,0.00965470,0.00536581,0.99080360,0.00685803,0.00311647,0.80606741,0.02831451,0.52499902,0.08509314,0.74456930,0.06422048,0.06378558,0.30923709,0.04395849,0.40828332,0.56653708,0.75836056,0.03901180,0.37251857,0.18707848,0.79088235,0.04554025,0.16909409,0.01849105,0.00343314,0.82710832,0.38518107,0.00886692,0.13608330,0.01517549,0.00638624,0.05557660,0.13238809,0.73704761,0.00552200,0.00159702,0.01356151,0.21169919,0.17113879,0.34548002,0.24135515,0.00696151,0.00000138,0.05433030,0.03912636,0.11038873,0.00514465,0.92139155,0.93581796,0.02098278,0.00104047,0.01040136,0.98648942,0.15059602,0.03045818
0.01249515,0.30204141,0.00143394,0.67631751,0.13218494,0.04543108,0.36133710,0.00651552,0.99152279,0.01321316,0.11386180,0.56570548,0.00128437,0.13512415,0.03049234,0.81790751,0.01762534,0.00016433,0.00437533,0.02658669,0.01314806,0.73505217,0.56492621,0.06442209,0.39826411,0.42231447,0.00247518,0.00692472,0.88420218,0.01085885,0.06397807,0.20344114,0.04061453,0.52018601,0.59068191,0.03277847,0.02325493,0.02860531,0.06330021,0.01617166,0.78807336,0.40496075,0.00366747,0.83046424,0.13034327,0.00324092,0.05750039,0.97665662,0.02439092,0.97517163,0.15407179,0.00209474,0.40152526,0.35342154,0.00821682,0.06838857,0.18925028,0.25041610,0.00085064,0.07033347,0.37162709,0.06536891,0.31931698,0.54577047,0.04636423,0.91466296,0.20824631,0.00911455,0.06533492,0.93274617,0.08573047,0.45208526,0.12104087,0.87151277,0.00729517,0.32714704,0.03102448,0.14106587,0.62540185,0.61427933,0.12498928,0.13591261,0.01122648,0.35608453,0.21245648,0.32837036,0.59846425,0.01883425,0.01898772,0.66826564,0.29334757,0.01425150,0.16713454,0.04639848,0.01200897,0.09887017,0.80609888,0.65322590,0.02000562,0.69433349,0.01471480,0.29554272,0.29293829,0.23175640,0.06428283,0.02031320,0.00271788,0.02289815,0.02991781,0.09618543,0.00580921,0.30098179,0.91944122,0.04443679,0.00045736,0.00277275,0.95621145,0.34990832,0.00554219
0.00496049,0.54793876,0.00067552,0.05987943,0.14390101,0.06178910,0.32259822,0.00268038,0.65040123,0.00171620,0.17488585,0.74099022,0.00045708,0.16025892,0.00188987,0.41754365,0.76020646,0.53495067,0.01535484,0.10232757,0.01620808,0.05284502,0.12293471,0.22445744,0.22625728,0.47911632,0.05822546,0.01742274,0.78209895,0.03909660,0.24373534,0.03101692,0.01296408,0.79334652,0.31682256,0.11416171,0.00781739,0.07715835,0.25434175,0.00275109,0.20250621,0.29814380,0.13626637,0.89965230,0.11727450,0.15063828,0.15971124,0.84997886,0.50628537,0.93809789,0.15758042,0.00136368,0.66506982,0.01952777,0.04746919,0.23681176,0.48664162,0.40799218,0.00609505,0.18900128,0.63590938,0.14835192,0.88141441,0.81066591,0.02210985,0.00904091,0.00757988,0.00520667,0.00850448,0.66744709,0.11188511,0.68621033,0.78363460,0.69973814,0.62438703,0.13649552,0.26949650,0.02679069,0.27391195,0.41762680,0.14305584,0.09569059,0.12047081,0.12747277,0.54533976,0.07879803,0.21148311,0.03762461,0.09230379,0.16234422,0.55409652,0.00346151,0.25143862,0.07163806,0.03588275,0.10095514,0.49157563,0.67217648,0.05764301,0.00553161,0.00556275,0.35927236,0.17196652,0.04903160,0.15604214,0.18738845,0.07676173,0.02612419,0.00394360,0.19165197,0.39012304,0.66405594,0.84142637,0.11538436,0.00393803,0.00546843,0.89699686,0.00036631,0.02212037
0.01901023,0.41794643,0.00009194,0.47873667,0.16701446,0.01296178,0.35547727,0.01094855,0.78216553,0.00112002,0.00677212,0.05987965,0.00012609,0.08415106,0.00007020,0.13173017,0.15366605,0.03551964,0.00101949,0.55967849,0.03271527,0.55580014,0.22351302,0.18947531,0.24444875,0.61578745,0.02334254,0.00271662,0.84605479,0.02321151,0.10456277,0.17316708,0.00124998,0.22519983,0.26986146,0.00491384,0.00093545,0.12489314,0.11067780,0.01273869,0.59323156,0.55591041,0.09826156,0.77335906,0.03207970,0.40775600,0.03797316,0.92191923,0.04943835,0.80805862,0.06573830,0.00110027,0.18428744,0.00343124,0.03595653,0.46801594,0.76853669,0.60186267,0.02988474,0.19874203,0.32315645,0.22831607,0.91437078,0.03205198,0.00920693,0.80487627,0.87325668,0.00281311,0.00583809,0.62004066,0.09253556,0.66422522,0.71641231,0.76815319,0.01929210,0.13060471,0.17298572,0.00333377,0.33260417,0.53029233,0.92207956,0.08442344,0.64437366,0.59447730,0.80524725,0.03215109,0.36827469,0.06423530,0.07534323,0.03717358,0.71342945,0.00215069,0.01930540,0.06696179,0.06771385,0.01115632,0.23308648,0.59974784,0.00891338,0.32363254,0.00291618,0.51104921,0.35612151,0.06698172,0.48299661,0.01740550,0.00012736,0.01211940,0.00503701,0.54143500,0.04093075,0.83538979,0.88883334,0.14849474,0.01050250,0.00759701,0.95518571,0.11858123,0.00989894
0.03447743,0.34044072,0.00085426,0.07993130,0.30968037,0.00180244,0.03571640,0.00695042,0.90302706,0.00055050,0.00375258,0.77276587,0.00025229,0.22769508,0.00179538,0.96132791,0.81981272,0.00317292,0.06886388,0.08406787,0.15978861,0.78616804,0.05793549,0.13179991,0.66772187,0.51941413,0.01310480,0.01872514,0.92338413,0.04103144,0.00823767,0.52033609,0.00015456,0.20115618,0.92324394,0.01907628,0.00052602,0.26855162,0.09609143,0.10168579,0.04953665,0.51090086,0.20915836,0.79774302,0.35527083,0.48645005,0.18843721,0.93601865,0.00750738,0.87992388,0.08617943,0.00076422,0.02499912,0.00555103,0.22402892,0.05194837,0.51351261,0.63917178,0.15351695,0.02067642,0.30657500,0.30929562,0.64851701,0.07202751,0.00455011,0.00075693,0.00533868,0.00450553,0.01479734,0.94889545,0.11079848,0.79913157,0.55574167,0.92956758,0.01167289,0.12339023,0.00819841,0.01714234,0.05219450,0.15969831,0.56802964,0.09202772,0.58457458,0.16702697,0.64275467,0.01128762,0.54977655,0.01725665,0.10265053,0.16766877,0.60441703,0.00473185,0.20343862,0.12750991,0.00356642,0.00375078,0.43373784,0.72039634,0.01837348,0.00369406,0.00106492,0.45303771,0.36438975,0.20534907,0.33935854,0.07270457,0.00685329,0.05251069,0.01163674,0.35221091,0.03594859,0.80764627,0.81308991,0.04010019,0.02120861,0.02933737,0.98604167,0.26753122,0.04433613
0.02039920,0.87122911,0.00041433,0.42292637,0.53677124,0.00126721,0.04344631,0.00893112,0.75507468,0.00751447,0.01518014,0.65007406,0.00089209,0.36198977,0.00037947,0.71372491,0.64517075,0.27200714,0.00675544,0.01703707,0.04392517,0.01288550,0.32090062,0.03157936,0.38560057,0.67890590,0.01102594,0.09184727,0.83306724,0.00623564,0.00357006,0.55170053,0.00190104,0.16377015,0.72785401,0.00538967,0.00137926,0.03167308,0.51185119,0.01430303,0.10419944,0.81580484,0.10726199,0.62680501,0.13738494,0.03098785,0.41882551,0.71082568,0.00048996,0.98809838,0.42458335,0.00841476,0.14868161,0.00219414,0.22163785,0.89579648,0.40449956,0.65363461,0.11543527,0.20613921,0.61078554,0.38795018,0.12088297,0.24269968,0.00218860,0.96217173,0.05267093,0.03258223,0.06521174,0.92627156,0.01900590,0.80486262,0.25245526,0.90694934,0.21989881,0.06825964,0.03221774,0.00107721,0.02490339,0.47365847,0.20171779,0.37202767,0.40320158,0.33000487,0.31363553,0.06429468,0.76223642,0.00259876,0.17689551,0.06516121,0.85395014,0.01859503,0.00643371,0.07703763,0.00660498,0.00733805,0.67643493,0.78277671,0.35973373,0.30945867,0.00133541,0.11813196,0.21749909,0.22471710,0.81595927,0.05994264,0.00093904,0.19694471,0.00373946,0.64050275,0.00393682,0.26157141,0.80921322,0.08199607,0.02493937,0.02187715,0.97538257,0.01425709,0.03264070
0.10266632,0.88162053,0.00056187,0.03676990,0.26133969,0.02429896,0.24168357,0.00796233,0.89366436,0.00205209,0.07424562,0.13916101,0.00018838,0.00573808,0.00120690,0.77308035,0.51193309,0.01812439,0.00108451,0.57416284,0.09358308,0.09681009,0.06501226,0.24307905,0.36911532,0.55977482,0.03969505,0.04311895,0.56227118,0.01394055,0.06935637,0.02434275,0.00203831,0.64389312,0.15508144,0.00756338,0.00051811,0.05867615,0.06339799,0.01254672,0.57359940,0.72993153,0.01621986,0.81331241,0.04600590,0.00297821,0.36490437,0.84936774,0.03753895,0.98140460,0.11805107,0.00019028,0.46772540,0.00744321,0.06758968,0.79124069,0.54054177,0.83227563,0.05592468,0.09620439,0.30553567,0.33324224,0.89427435,0.09731870,0.00049418,0.01221647,0.92139441,0.01694724,0.02863226,0.99253845,0.19924432,0.86575300,0.40930048,0.98338282,0.34370360,0.25273955,0.08876596,0.00152924,0.51123971,0.18334308,0.59712476,0.05646920,0.09076865,0.37650883,0.25846279,0.01749861,0.78371626,0.01286274,0.07664753,0.09644997,0.95880038,0.00435976,0.00718640,0.05567943,0.02091305,0.00424591,0.87347072,0.62398475,0.02345748,0.02112146,0.00164311,0.35150558,0.27344283,0.05923266,0.63150287,0.06154463,0.00001561,0.01319221,0.03067932,0.15428148,0.03204102,0.64058560,0.83659184,0.05492841,0.00515217,0.03279493,0.96176809,0.34519175,0.01726904
0.00778921,0.92304087,0.00020948,0.08644076,0.34058645,0.02636439,0.01844718,0.01055259,0.92108053,0.00225520,0.01643182,0.56391770,0.00026624,0.00213246,0.00276594,0.81901604,0.27248150,0.01134347,0.00203116,0.61591280,0.01222957,0.67166495,0.13733771,0.11709360,0.04354519,0.19125605,0.00278953,0.01357890,0.57726932,0.01899359,0.07861170,0.20822892,0.00302136,0.45354766,0.71052772,0.01242485,0.00079484,0.33991191,0.47076467,0.01218839,0.73055750,0.78268617,0.13521834,0.72390079,0.01975958,0.15173228,0.52262080,0.59040850,0.02493572,0.98902792,0.11788689,0.00036165,0.17729472,0.00490302,0.07281446,0.17612183,0.76949167,0.18913336,0.03694518,0.05118822,0.13923261,0.12725420,0.93183881,0.05406517,0.00043315,0.50165904,0.14260359,0.00236903,0.01623377,0.94153136,0.23118074,0.92066956,0.25694653,0.84762156,0.12042558,0.88173753,0.23187409,0.00337404,0.81717998,0.53679305,0.86137432,0.12090629,0.08033942,0.84168571,0.50245082,0.03291875,0.49451530,0.00604283,0.20897608,0.05680994,0.95053142,0.01716691,0.00800433,0.07110996,0.03082536,0.04170463,0.39006302,0.89119375,0.01296271,0.57306629,0.00442155,0.54828590,0.19505687,0.15289420,0.38750029,0.03859699,0.00094470,0.01448132,0.01254213,0.03785286,0.08681813,0.71971458,0.41122490,0.02499087,0.01660868,0.06906156,0.91877705,0.03386223,0.00673492
0.00548412,0.60011345,0.00026348,0.56609857,0.31067991,0.04633793,0.07728645,0.01628661,0.87523729,0.00421187,0.03154641,0.32987720,0.00021348,0.01331352,0.00383256,0.49148169,0.29867914,0.02903583,0.00141707,0.39700988,0.16635205,0.10057511,0.23153436,0.38825679,0.52102512,0.62212288,0.02643701,0.00735001,0.22281031,0.00752045,0.10296690,0.27603397,0.00400132,0.26346520,0.39625502,0.02510263,0.00066372,0.27400109,0.19769257,0.02927716,0.41096634,0.65711975,0.02713830,0.54485661,0.01260314,0.19760838,0.14840822,0.85349417,0.04527574,0.91698533,0.01938897,0.00040980,0.14434774,0.00579118,0.19341500,0.33517465,0.43659070,0.27138755,0.01573135,0.02622995,0.02755324,0.30648398,0.90879279,0.04677680,0.00321960,0.48250154,0.33836219,0.03224753,0.03172352,0.50370473,0.39774385,0.90940404,0.40104511,0.83941114,0.04670103,0.45366025,0.06090478,0.00412011,0.70580637,0.49661890,0.73442775,0.05697452,0.46780574,0.68961734,0.83426261,0.04332038,0.20241770,0.02004701,0.77243471,0.07860986,0.81132722,0.01292092,0.00294832,0.01463814,0.03283846,0.12600544,0.26677817,0.71402812,0.00430006,0.06431358,0.00971544,0.41177237,0.22416721,0.04390101,0.61259311,0.01282385,0.00064398,0.02377794,0.03796361,0.09345808,0.02148954,0.58747953,0.40881416,0.31763554,0.03763169,0.04640617,0.62276614,0.00624582,0.03676173
0.00879587,0.52195156,0.00032886,0.30059749,0.09885879,0.04091435,0.14906745,0.02499990,0.80642551,0.00215763,0.02051601,0.16285238,0.00039776,0.03260360,0.00797415,0.79657304,0.13419013,0.07656944,0.00127020,0.58876896,0.07816952,0.15755896,0.35139015,0.17437263,0.32695472,0.50727814,0.04650087,0.00565153,0.27043673,0.12227599,0.08783998,0.21008909,0.01157402,0.14798991,0.19008385,0.07036040,0.00099229,0.28209674,0.23918097,0.02430699,0.48177719,0.51082367,0.03965273,0.43796340,0.01492150,0.17100106,0.12387342,0.70061123,0.05735954,0.77718002,0.03622211,0.00054690,0.21993579,0.00731026,0.24697591,0.38656721,0.45503157,0.29192853,0.02287586,0.03220120,0.03703670,0.39176998,0.77782154,0.06443796,0.00716637,0.16701877,0.46202326,0.01806267,0.02891915,0.45830935,0.13325971,0.57914275,0.52238888,0.45390233,0.07817037,0.34945560,0.06780956,0.00987095,0.49783587,0.31759614,0.82072508,0.06170813,0.54211432,0.11786236,0.76687014,0.06444414,0.18363315,0.01806136,0.33803794,0.03884262,0.53179824,0.01684378,0.00455668,0.18272763,0.04705087,0.08172203,0.47079149,0.40960935,0.01023778,0.09687115,0.01681321,0.54766685,0.33705851,0.06063792,0.64075708,0.01360253,0.00137910,0.03746961,0.02229603,0.15083687,0.06540730,0.54384857,0.77692997,0.29584542,0.03559219,0.02268850,0.25153393,0.03749703,0.00520856
0.00048542,0.26922902,0.00000578,0.73671854,0.00813186,0.02226444,0.06492839,0.01595651,0.94026315,0.00105063,0.41778114,0.09756184,0.00007434,0.00587320,0.00158330,0.31857327,0.00857234,0.41998154,0.00007235,0.72297573,0.00119003,0.13881518,0.74024540,0.42057610,0.18819362,0.95447850,0.01016358,0.00779516,0.54347831,0.96646518,0.47258121,0.03955070,0.00088141,0.00496062,0.06402341,0.02735805,0.00012356,0.00095021,0.72567141,0.00397546,0.96330047,0.54150814,0.00543411,0.07532782,0.01992517,0.00158410,0.05794231,0.20942464,0.16845591,0.93101764,0.05109732,0.00004839,0.91824949,0.00234763,0.99026465,0.35844895,0.64023912,0.03215006,0.00021828,0.76476645,0.00796018,0.97479039,0.95633572,0.05181268,0.00170546,0.81285757,0.98158449,0.00333835,0.03968547,0.12721869,0.00396404,0.69050592,0.90372580,0.79705322,0.68725932,0.16014279,0.91787201,0.01815582,0.26322475,0.24299023,0.92558670,0.05729491,0.48684096,0.00097691,0.95716125,0.28264844,0.98704112,0.04368610,0.02678793,0.10074124,0.99719226,0.00503633,0.00042863,0.07625402,0.07540963,0.99261826,0.02662070,0.04337437,0.00086749,0.93910986,0.03077309,0.09900587,0.59061199,0.10484233,0.83080614,0.00111672,0.00000425,0.15728703,0.01627003,0.09255079,0.42092884,0.50178599,0.64166909,0.46235168,0.00474193,0.00156043,0.30512434,0.00163720,0.00064885
0.00019937,0.07581426,0.00000722,0.03961050,0.00005331,0.05431980,0.03813575,0.00925125,0.99360955,0.00016530,0.00614641,0.26075885,0.00001405,0.00150192,0.02503950,0.80955940,0.01688919,0.00020368,0.00085048,0.93380421,0.00224640,0.97126466,0.48890382,0.08203997,0.21174410,0.52605307,0.00328901,0.00135529,0.35645977,0.77626938,0.24387084,0.77882326,0.00393293,0.13199368,0.18487763,0.00902840,0.00004002,0.00016016,0.60333437,0.08620206,0.00784445,0.38513833,0.48952243,0.08278406,0.02583186,0.13350375,0.00758235,0.03795521,0.50473511,0.96885067,0.07883878,0.00001040,0.02439009,0.03307550,0.99990344,0.04845657,0.65025020,0.09195735,0.01121359,0.00393791,0.00589438,0.98716098,0.99320126,0.14501642,0.00034881,0.01096667,0.59962922,0.00117036,0.05778685,0.10074473,0.00359958,0.49093944,0.15766528,0.75249738,0.00040266,0.31644166,0.45249197,0.00825136,0.96664476,0.48732558,0.99204886,0.00585561,0.91029471,0.14235361,0.99440426,0.16045175,0.98513293,0.10622283,0.53941321,0.35900640,0.99597991,0.02646977,0.00309150,0.07632021,0.05497648,0.99999881,0.00078409,0.42166352,0.00186101,0.06892236,0.03446879,0.54132485,0.74204797,0.01848744,0.46889377,0.00053591,0.01504409,0.03067645,0.01248484,0.05830963,0.57190967,0.25462657,0.80808204,0.63985693,0.00254013,0.00586212,0.42505619,0.66859478,0.00042687
0.00034187,0.17314269,0.00005623,0.74450791,0.00004174,0.22584184,0.00135917,0.00028600,0.97448403,0.00429302,0.00000082,0.87035930,0.00001575,0.00215092,0.13073705,0.65092003,0.32346743,0.11269643,0.00897211,0.44931799,0.04834714,0.00021846,0.65823531,0.19526316,0.18414545,0.24481867,0.00048498,0.00124103,0.03478862,0.77514535,0.00259117,0.97626644,0.06665720,0.04100940,0.26763496,0.01145005,0.00007049,0.00037851,0.35246190,0.65166038,0.93787450,0.11879629,0.20033312,0.25630298,0.19270822,0.97407633,0.06798142,0.79197592,0.04137224,0.84079283,0.04804004,0.00115445,0.03412051,0.12301143,0.92958874,0.33076239,0.08696157,0.00030889,0.02509422,0.72468197,0.00941126,0.95182121,0.76446581,0.03562769,0.00025311,0.86434597,0.07029801,0.08399449,0.06804778,0.16921738,0.01119572,0.64495510,0.00119795,0.75265807,0.06274521,0.41193137,0.00000679,0.15830728,0.57108778,0.49111322,0.91784233,0.07846314,0.14131878,0.75842470,0.84900248,0.55633187,0.99497539,0.72859782,0.77648914,0.34513524,0.98601073,0.03346292,0.01139966,0.15982130,0.31220919,0.99850279,0.04222089,0.32771075,0.00076599,0.87266606,0.12731986,0.35974753,0.55123687,0.85829598,0.65154654,0.00205988,0.01162711,0.55983329,0.14337060,0.00962182,0.02465987,0.79924744,0.62389445,0.72724122,0.10437814,0.00221566,0.45206845,0.00067101,0.00088153
0.68585360,0.24996625,0.00053055,0.01805718,0.00019693,0.17099331,0.00347004,0.00014454,0.46706122,0.20496725,0.07491524,0.89754903,0.00088358,0.00279271,0.42768532,0.34979999,0.09499551,0.62485552,0.01647650,0.21034926,0.00023152,0.32839671,0.74549395,0.25647709,0.08165535,0.50114781,0.00289609,0.00235408,0.10920028,0.87941545,0.00002653,0.01651251,0.05207887,0.00249509,0.22987992,0.06001182,0.00061568,0.00248191,0.31239954,0.06825198,0.03191292,0.39118803,0.00925334,0.21373518,0.17144921,0.24173558,0.05668444,0.81219405,0.00381691,0.78534257,0.07094517,0.00301963,0.00032590,0.00001067,0.98669422,0.95079952,0.03205398,0.00078303,0.76746029,0.00237678,0.57154858,0.74571830,0.04943671,0.10904805,0.00390333,0.03147314,0.98809475,0.04898071,0.20539549,0.62121189,0.00220984,0.69217342,0.06788862,0.63399941,0.97606230,0.28006691,0.00607707,0.15873039,0.02709286,0.53017145,0.37632406,0.12896790,0.86685598,0.08406498,0.87086260,0.27099213,0.72293246,0.11240318,0.32647541,0.55838221,0.91314274,0.27437255,0.05756435,0.06134176,0.21643586,0.85273224,0.39374694,0.26128301,0.00018003,0.04293561,0.17760776,0.75608099,0.58044195,0.05981204,0.74191934,0.00000071,0.00007965,0.15699136,0.51451921,0.00251762,0.00574987,0.82769632,0.31384096,0.44855446,0.01806180,0.00998226,0.50132781,0.48765281,0.00505698
0.63930315,0.35050625,0.00509667,0.74501729,0.00279019,0.17888713,0.00007458,0.00441097,0.00242290,0.01437386,0.60139942,0.62428665,0.03429471,0.01062213,0.23549835,0.26987463,0.00147630,0.00519615,0.02627132,0.25590777,0.00015951,0.99032313,0.74232590,0.16817267,0.30482629,0.36911550,0.00001959,0.00430830,0.36752117,0.42222136,0.16195096,0.00031543,0.03455916,0.02759763,0.01287463,0.16894677,0.01400583,0.04421415,0.18636750,0.00300781,0.88829505,0.34866804,0.00332235,0.64739478,0.37850630,0.00015656,0.26907033,0.53323519,0.10019422,0.58772767,0.05003375,0.01115722,0.06081406,0.04248020,0.01001658,0.14442769,0.33210623,0.08454118,0.06276396,0.06177473,0.38952777,0.47113377,0.11812709,0.09433372,0.00139420,0.73813230,0.25886959,0.01492750,0.40032896,0.86097270,0.00164167,0.54730290,0.65164417,0.39112121,0.00021778,0.38594580,0.21207073,0.31459716,0.06016713,0.36966124,0.08340931,0.21997429,0.06405731,0.00479903,0.21477477,0.51858467,0.63387614,0.05799713,0.49081013,0.24395698,0.73171061,0.14047851,0.05745354,0.02034754,0.01074016,0.68283445,0.64479291,0.29918581,0.01035888,0.67470616,0.26580718,0.58187783,0.25320309,0.59925741,0.74995983,0.00000241,0.01477691,0.34315711,0.56714439,0.03197682,0.05633149,0.26480806,0.59246105,0.33172300,0.00849517,0.01510095,0.49890992,0.36111858,0.00820679
0.07457713,0.30193827,0.00007016,0.01967687,0.00696506,0.16487806,0.00000090,0.00640055,0.15850821,0.00110127,0.10694686,0.15038069,0.00582116,0.00591527,0.03969193,0.15184692,0.13857417,0.53305763,0.01239120,0.55432796,0.01037349,0.00008045,0.75229067,0.22903052,0.45696488,0.38767949,0.01802645,0.00318518,0.36829156,0.16159113,0.92818815,0.01585717,0.03510708,0.29068288,0.01314254,0.27412421,0.00153551,0.06104911,0.58975375,0.00041057,0.04517864,0.42845100,0.02492045,0.54786170,0.19171298,0.00653453,0.26747882,0.38131934,0.65160131,0.74462223,0.06171827,0.00042928,0.79322863,0.06901227,0.17247970,0.04184247,0.60284030,0.15299268,0.01771189,0.46990430,0.09529132,0.52914351,0.74954897,0.35860956,0.00110949,0.03440125,0.01646404,0.02471239,0.13292994,0.65794891,0.04897078,0.38259217,0.61960506,0.37632388,0.50108242,0.63507301,0.57747149,0.03159879,0.49176002,0.30263561,0.37626553,0.11989603,0.50150365,0.02678063,0.51335311,0.43091255,0.29331526,0.00734521,0.41890490,0.32636958,0.74979663,0.04356249,0.00987282,0.07907771,0.00514577,0.51947075,0.50603533,0.45065001,0.04324213,0.02222456,0.07953772,0.31766972,0.31139126,0.23870994,0.56109649,0.00009141,0.02254176,0.12725468,0.18403848,0.10405160,0.62190026,0.62998986,0.62886882,0.49813432,0.02004565,0.02377279,0.16945188,0.00029564,0.02160358
0.03125979,0.45057568,0.00026682,0.28132972,0.01965857,0.13125068,0.00000067,0.05220237,0.75784451,0.00236361,0.00017979,0.04184219,0.00007418,0.01292048,0.00535195,0.79425246,0.09292518,0.05571452,0.00054163,0.73368514,0.00684419,0.35066384,0.43931836,0.33231306,0.35331562,0.42816406,0.01582040,0.00449518,0.34389848,0.18286252,0.06287125,0.77618855,0.00299959,0.14533189,0.38538989,0.01832353,0.00053860,0.14253284,0.35297763,0.00451093,0.73481590,0.55086100,0.03886404,0.40948421,0.04048728,0.31420371,0.22432424,0.40205434,0.05102310,0.69924664,0.01412101,0.00025548,0.61210269,0.00912709,0.15280676,0.64174974,0.26295352,0.10871959,0.00910038,0.00115171,0.07878429,0.49199167,0.87735915,0.01625832,0.00346927,0.33467826,0.40834236,0.01419418,0.02882920,0.68475950,0.04845196,0.42631558,0.38573161,0.61884183,0.07480484,0.62872845,0.05386945,0.01155122,0.66237712,0.20732190,0.85324937,0.03792186,0.37934053,0.22137898,0.71653378,0.32509142,0.33034992,0.02547697,0.33149007,0.02798339,0.50266808,0.05492353,0.00272997,0.06205884,0.01822946,0.20298924,0.49289513,0.61985499,0.01306042,0.17167638,0.03816998,0.31101662,0.32962182,0.05623754,0.69952011,0.00079782,0.00291578,0.08985678,0.05409467,0.05735106,0.14878327,0.52219379,0.60745776,0.38220176,0.02795187,0.00351518,0.14811097,0.02798482,0.03877739
0.06613501,0.57173884,0.01509528,0.02770132,0.00669774,0.17080221,0.00000018,0.07452877,0.90040863,0.01633689,0.00013443,0.02698291,0.00033940,0.02196090,0.00400922,0.58329892,0.33678281,0.00302574,0.01803757,0.54571581,0.37020555,0.41761106,0.59299266,0.29640037,0.42257556,0.31052944,0.03398000,0.05327852,0.44926244,0.44992664,0.00035960,0.81637502,0.12473422,0.07326159,0.58474070,0.02251046,0.00060615,0.11328623,0.44173762,0.18779989,0.00670618,0.41748491,0.73957175,0.56967670,0.02723993,0.97447097,0.34134647,0.36475500,0.01451190,0.75029308,0.00348253,0.00252395,0.00645593,0.11550449,0.46073550,0.23444316,0.44100374,0.04194657,0.20479615,0.00451199,0.61425686,0.34813187,0.29247272,0.02608741,0.09202250,0.01052652,0.01371933,0.09634443,0.01450856,0.84349185,0.12682192,0.65786564,0.02397099,0.42320636,0.00009767,0.65465349,0.00051458,0.00491443,0.23897794,0.09839570,0.76241708,0.06305967,0.17705087,0.78864473,0.42779279,0.33730119,0.09538645,0.02659310,0.56563926,0.02143484,0.45385757,0.30014130,0.02956972,0.07229938,0.06770577,0.14019428,0.40163368,0.78641212,0.13951465,0.01342771,0.02308506,0.44560757,0.66945308,0.47693184,0.63091856,0.02813351,0.03126111,0.07409558,0.35621205,0.06171024,0.02009322,0.46510971,0.36726850,0.43175325,0.03720393,0.04809144,0.18719302,0.64162600,0.11998678
0.33494583,0.64327681,0.04353209,0.50733918,0.02360111,0.40424064,0.00018999,0.05890198,0.27499247,0.07447342,0.04341666,0.00673455,0.00358694,0.21984099,0.00196073,0.15431155,0.10790709,0.16561028,0.01915139,0.13247602,0.09225009,0.00069567,0.46120441,0.18575558,0.38174930,0.56787086,0.71530837,0.11052250,0.41618398,0.30616623,0.00037828,0.00061433,0.01837967,0.01470281,0.08208802,0.00937260,0.03081405,0.16314960,0.30818173,0.12132899,0.93339604,0.62057000,0.08355911,0.48032781,0.00272509,0.01414657,0.46964684,0.23525725,0.00029368,0.78634083,0.00048609,0.03700380,0.01239120,0.02879681,0.70222366,0.64307255,0.05847109,0.02367619,0.27892137,0.01181688,0.72728711,0.24845630,0.01517771,0.03269676,0.29490092,0.48163483,0.33738494,0.10742559,0.02623851,0.94893473,0.15876664,0.73524213,0.06971257,0.41938853,0.95662230,0.69498831,0.01792178,0.00104787,0.01632504,0.23383106,0.08087863,0.04774000,0.02696378,0.18363844,0.35160479,0.62872088,0.34264699,0.07516063,0.16463777,0.00824212,0.50088310,0.18445954,0.04682578,0.02641572,0.05777854,0.46462369,0.45112735,0.51835489,0.06364691,0.44309989,0.00571092,0.28685585,0.49462169,0.13978577,0.81521571,0.36943620,0.00034144,0.48666689,0.19597276,0.18389027,0.00018853,0.71459389,0.55843532,0.15727295,0.36064354,0.00525030,0.29637325,0.00136834,0.28264129
0.61694986,0.53640962,0.00061420,0.03326672,0.14941797,0.39001018,0.00010747,0.50014162,0.02504414,0.01307633,0.77294099,0.00916412,0.00565788,0.10020068,0.00143244,0.01228848,0.04244356,0.18832679,0.01508113,0.13755600,0.02535973,0.96832156,0.52043235,0.29859290,0.29779997,0.62568611,0.23500098,0.20207542,0.51084459,0.32395297,0.34428096,0.00004347,0.00293948,0.17153373,0.36445490,0.00341652,0.02786260,0.22889455,0.38038093,0.00739800,0.15948784,0.88760346,0.00014549,0.09679444,0.00169830,0.00074633,0.45878485,0.10845558,0.04102320,0.76545137,0.00041201,0.00784248,0.53254533,0.00022259,0.29864350,0.19560038,0.24303170,0.10282937,0.01269406,0.01266097,0.18962497,0.20424783,0.53794408,0.04075282,0.29650271,0.03933600,0.95256650,0.01585237,0.01491717,0.93741924,0.29508251,0.84656513,0.63168889,0.17099881,0.02166489,0.54712915,0.68128377,0.00420650,0.69145650,0.03720631,0.15427503,0.07298450,0.13275644,0.01260985,0.83092523,0.67271429,0.25292969,0.00047799,0.09730778,0.00705250,0.42387938,0.00045079,0.00503946,0.00322557,0.08406573,0.87645000,0.65610009,0.69756001,0.05211562,0.03120251,0.00174560,0.32433429,0.44567183,0.10134343,0.55538440,0.57708973,0.00039806,0.22547020,0.00171081,0.34586802,0.02515975,0.63459814,0.70710188,0.43610907,0.18910685,0.10977034,0.07686577,0.68002599,0.09950294
0.04778707,0.45760879,0.00016978,0.86538130,0.45345879,0.59840006,0.00005756,0.28193218,0.02445915,0.00006410,0.03763764,0.00220835,0.00926258,0.09177057,0.00096109,0.47874317,0.00419663,0.00007545,0.00309869,0.24742430,0.25699231,0.09323773,0.62223876,0.60022849,0.17826122,0.64803076,0.04790665,0.14992119,0.34007078,0.16748272,0.70917177,0.19940764,0.00135356,0.47292468,0.00426351,0.00126574,0.00994135,0.08140961,0.36768070,0.00027960,0.58984578,0.49236169,0.02017854,0.22732675,0.01133491,0.02702784,0.21094476,0.68662816,0.78448671,0.80367965,0.00010748,0.00005368,0.89609987,0.14883912,0.00721996,0.04300166,0.89078236,0.53340876,0.02320137,0.20116778,0.07142092,0.59856230,0.98015338,0.00177262,0.20817025,0.61212260,0.13854177,0.00422817,0.00870593,0.92937356,0.16202234,0.84929639,0.98982972,0.20911147,0.00014523,0.25985798,0.53014398,0.00041486,0.95728385,0.00567310,0.82459092,0.00585087,0.23284091,0.03223477,0.84219092,0.92100704,0.51528126,0.00536235,0.06324248,0.01722984,0.44178948,0.00292827,0.00307076,0.00196983,0.00029375,0.98121768,0.62050813,0.83499497,0.06968645,0.73266804,0.00090252,0.35933295,0.22343262,0.02708080,0.69329226,0.59349388,0.02185339,0.10502110,0.00649464,0.84428793,0.59455222,0.87719768,0.76204520,0.61041290,0.12631460,0.19483884,0.11687954,0.02843578,0.00117646
0.00984917,0.41864780,0.00000323,0.02024332,0.66439104,0.99986959,0.00017025,0.14482082,0.93191600,0.00192001,0.00207221,0.03759162,0.00020589,0.04626568,0.00111154,0.03404503,0.09709265,0.81550676,0.00072442,0.90939784,0.05927843,0.00118619,0.76491755,0.42855418,0.09441382,0.34783962,0.51059902,0.08859553,0.84218121,0.07761254,0.07607624,0.83235496,0.00084276,0.78064781,0.15048793,0.00325156,0.00008911,0.13403872,0.56261253,0.01325574,0.16797183,0.86848027,0.79700035,0.02133798,0.00447944,0.80726874,0.06545925,0.10352109,0.15689433,0.64586568,0.00018539,0.00001108,0.86387020,0.00095846,0.33893001,0.41546610,0.80189276,0.58448780,0.00792905,0.04048594,0.00924464,0.51471752,0.99792826,0.00056627,0.12825961,0.02627553,0.29707983,0.00317891,0.00300483,0.93337023,0.50573307,0.87532187,0.94518328,0.26323935,0.90473062,0.36640656,0.14693472,0.00042776,0.95440948,0.01502385,0.99614823,0.00116096,0.53644073,0.75530410,0.98839414,0.46316093,0.21130177,0.01071908,0.05552825,0.00546470,0.55041009,0.00697742,0.00070363,0.00119217,0.02029307,0.99236089,0.62223697,0.87238485,0.03998489,0.01628485,0.00045580,0.33907664,0.36395052,0.03486795,0.67265642,0.08033626,0.00068503,0.07876049,0.00068525,0.71039855,0.44430345,0.97985178,0.97240806,0.50959265,0.00227972,0.03654968,0.20162146,0.00035489,0.00134997
0.00505110,0.70489937,0.00008257,0.94258851,0.47009805,0.44213483,0.00515245,0.04134824,0.88048565,0.00108938,0.00123337,0.01593204,0.00177387,0.07266810,0.00220709,0.87655157,0.06880458,0.01632450,0.00015255,0.78117549,0.05579265,0.77025139,0.67203259,0.92104310,0.11820921,0.37032679,0.38066700,0.02614173,0.82692492,0.06615630,0.01146561,0.88066405,0.00080538,0.01012736,0.02115306,0.00163828,0.00027520,0.76635379,0.11432999,0.27930775,0.58926773,0.87731510,0.13274227,0.36583489,0.00130235,0.50698197,0.02512459,0.87511957,0.00909814,0.50195754,0.00000114,0.00007012,0.12216826,0.00261331,0.74861097,0.79410964,0.40664631,0.44905069,0.00756937,0.00186033,0.08785810,0.08827218,0.97466058,0.00061094,0.01510605,0.85419428,0.97647768,0.00123541,0.00338221,0.90403908,0.10233248,0.91646999,0.70499021,0.12398902,0.03256823,0.13051106,0.35929215,0.00133878,0.60437638,0.01064211,0.99636739,0.03973901,0.02486900,0.59476751,0.95369750,0.54386896,0.08317669,0.04536644,0.04465933,0.09320732,0.89548308,0.00993074,0.00943578,0.00300566,0.01522069,0.99587864,0.57586050,0.99063087,0.00735728,0.94257039,0.00072863,0.26785964,0.15046871,0.02048783,0.23915029,0.06638747,0.00058790,0.05624667,0.00640143,0.53578454,0.01417075,0.95783538,0.96633661,0.28646356,0.01829964,0.66732734,0.13686533,0.77150267,0.00008189
0.00954735,0.36211511,0.00027987,0.27368405,0.12970790,0.09221731,0.45195714,0.00762639,0.95839906,0.00163439,0.01952219,0.40764901,0.00026450,0.01541922,0.00393139,0.81872201,0.17709240,0.19946498,0.00174401,0.38745201,0.04339888,0.02365761,0.71604949,0.28200993,0.10971273,0.42924643,0.06204043,0.00709025,0.75556803,0.14485513,0.39980936,0.12235744,0.00832574,0.31993610,0.10631445,0.16835196,0.00096707,0.40185159,0.02307818,0.00831982,0.82446927,0.73791420,0.00834849,0.64485991,0.31066728,0.03603260,0.02773620,0.59758931,0.29704115,0.91983569,0.05675002,0.00028443,0.58929795,0.00649636,0.60244805,0.24249585,0.60192382,0.28278089,0.01073273,0.01382625,0.00250646,0.06653936,0.95092809,0.00675420,0.00530155,0.18607269,0.89968747,0.01077565,0.00998205,0.49544838,0.07806505,0.47216237,0.90431863,0.89537901,0.06067071,0.11379836,0.03984689,0.00445331,0.29769489,0.51452291,0.91122288,0.05720818,0.16511729,0.19963050,0.96167147,0.09031642,0.22939257,0.03192379,0.04148995,0.01445697,0.56051546,0.00409432,0.00145893,0.18396643,0.01680852,0.01711141,0.34675169,0.04125627,0.00727800,0.37735251,0.00295764,0.27072409,0.19432606,0.02587353,0.33833969,0.02427438,0.00651115,0.04677275,0.05677105,0.11572309,0.11924046,0.78371435,0.88385457,0.02474194,0.01979155,0.01017737,0.10732664,0.00944201,0.00414178
0.01216377,0.41025311,0.00012326,0.08315702,0.09642003,0.06494135,0.47233310,0.00741482,0.85181481,0.00522068,0.01871432,0.35818982,0.00025475,0.01578974,0.01390625,0.90027988,0.48936543,0.01982173,0.00210157,0.56777257,0.31932750,0.51779962,0.72959524,0.27212766,0.14564930,0.42138198,0.02233356,0.00495574,0.87774336,0.12065712,0.14360468,0.43065909,0.00611582,0.43846402,0.17654680,0.12548515,0.00175785,0.39473474,0.04329222,0.02988737,0.56137854,0.43703952,0.03776241,0.80830717,0.19548641,0.36477125,0.03299659,0.87590194,0.51732647,0.90168357,0.10711063,0.00022495,0.12450581,0.00879691,0.31010276,0.27262494,0.18183054,0.38274831,0.01864046,0.00416993,0.01217486,0.12138303,0.95335001,0.00601222,0.00518599,0.08821544,0.73941249,0.01940874,0.02153089,0.28420493,0.03495189,0.44527030,0.71824908,0.88324499,0.00557292,0.08710936,0.03370742,0.00260407,0.36640954,0.56534815,0.89581984,0.12853549,0.41679826,0.11517695,0.90599823,0.06875183,0.15163700,0.01346984,0.07705908,0.04003722,0.61517346,0.00809739,0.00195237,0.05351926,0.02025840,0.02105299,0.30959588,0.05302878,0.00357405,0.07809182,0.00674516,0.57016397,0.25747016,0.04089447,0.67102671,0.02009422,0.01247444,0.03329493,0.04295255,0.05796210,0.04143359,0.78782696,0.84200293,0.02129576,0.03528086,0.00589234,0.16746369,0.20177728,0.01146938
0.00522415,0.52604437,0.00015893,0.93538898,0.04634462,0.11090171,0.38760671,0.00664946,0.93400270,0.01821002,0.01275935,0.58652216,0.00170068,0.00628876,0.01083667,0.43812951,0.55041283,0.06909281,0.00130135,0.49280483,0.33457267,0.07641582,0.74642372,0.40653130,0.43565273,0.86114377,0.14518782,0.01130335,0.84216303,0.32129535,0.03151805,0.77419794,0.02228561,0.11389522,0.14176071,0.01313946,0.00084640,0.69267517,0.05000534,0.02921961,0.95650339,0.79045784,0.09269411,0.61886078,0.30384225,0.52096230,0.02103464,0.88997471,0.45513979,0.85199666,0.14056484,0.00062945,0.08536463,0.11782606,0.34932047,0.20989466,0.25350744,0.50698709,0.02459391,0.04281435,0.03222476,0.36733329,0.89010984,0.01352575,0.00574461,0.31823474,0.23656544,0.00685054,0.05882055,0.51288128,0.01932077,0.35934600,0.55543411,0.92013341,0.08365007,0.03030964,0.01676836,0.00247520,0.15679348,0.82860887,0.51472545,0.02916512,0.16280280,0.07202514,0.90175325,0.01457884,0.13921814,0.00613765,0.08828793,0.08003225,0.18629707,0.02362224,0.00055600,0.05151449,0.01051209,0.22173561,0.26768482,0.08659795,0.00265274,0.33204713,0.01532358,0.26195636,0.08359609,0.02930683,0.64220935,0.00795772,0.00340799,0.02843110,0.06848969,0.05566829,0.02833288,0.91020709,0.87678230,0.05978023,0.01178256,0.00366591,0.06346808,0.00186990,0.01303962
0.05956999,0.74898428,0.00025829,0.03293929,0.02679840,0.05218744,0.26889071,0.00512506,0.92938542,0.03827743,0.01469111,0.60862517,0.00028487,0.00417738,0.01159892,0.93124586,0.27421263,0.05259480,0.00146156,0.73055214,0.08577496,0.19698201,0.68836474,0.57603270,0.14922734,0.60473138,0.28201592,0.01395769,0.70892549,0.14391145,0.03873934,0.14990245,0.03541567,0.09284210,0.17749177,0.02691616,0.00259005,0.83108032,0.09305194,0.09823404,0.62920785,0.56543738,0.00586231,0.68058634,0.12055282,0.09351221,0.03627264,0.95227057,0.03603275,0.85051495,0.07894478,0.00070236,0.19255520,0.03025957,0.69074398,0.31345850,0.28195536,0.25809294,0.02529353,0.01244615,0.00402794,0.17964636,0.74596441,0.05035836,0.00595636,0.03370440,0.99300981,0.00983750,0.03469945,0.76040536,0.04103740,0.37142208,0.38508731,0.92360872,0.03576686,0.04022144,0.03069204,0.00632174,0.10424789,0.17889470,0.53908426,0.22117433,0.52791315,0.21991114,0.44861346,0.04595125,0.30208936,0.00848922,0.37899441,0.02476751,0.30309659,0.00849448,0.00149197,0.06133582,0.01864299,0.03203574,0.38513973,0.08430082,0.00591768,0.05618936,0.02543897,0.59014785,0.13470851,0.02151451,0.50765574,0.00798243,0.00205479,0.03549356,0.04980092,0.07006232,0.11917201,0.86654186,0.89607435,0.05051207,0.01169106,0.00275302,0.25083104,0.38882837,0.01905885
0.01258810,0.57856846,0.00019550,0.73929679,0.02405149,0.03614665,0.49802285,0.00415034,0.64697582,0.02200607,0.19400616,0.72885746,0.00101627,0.01142126,0.00775692,0.87829167,0.01433592,0.00511543,0.00158671,0.52685750,0.49188620,0.72603142,0.83630562,0.19026271,0.19973849,0.42757767,0.00502672,0.01275981,0.73339367,0.14536111,0.14988352,0.04795704,0.01453501,0.34797880,0.04481991,0.07820366,0.01700649,0.80323470,0.22188522,0.02762253,0.47319901,0.71933448,0.00317263,0.90827334,0.03530702,0.00924221,0.02882489,0.99235338,0.35274529,0.91881859,0.13761170,0.00140991,0.11647560,0.01066715,0.22897191,0.41759759,0.88625449,0.45649388,0.01902075,0.10695866,0.01645619,0.20237227,0.91510493,0.06140508,0.00346120,0.20211723,0.06559753,0.00595331,0.01443254,0.67767632,0.03710750,0.51402444,0.57476085,0.97358519,0.01702958,0.03463393,0.09890306,0.00230737,0.11605860,0.48268735,0.53507406,0.04643611,0.36046427,0.04579823,0.74663585,0.04255429,0.29466382,0.01390986,0.24913336,0.05777773,0.23342621,0.01665638,0.00207864,0.19731495,0.02141083,0.03643790,0.39768481,0.14599741,0.00415575,0.60242516,0.00383856,0.30518034,0.07557227,0.02579423,0.30089378,0.01481437,0.00299378,0.02602949,0.01779042,0.32542068,0.16470909,0.70933282,0.86284751,0.01925605,0.00975115,0.02725347,0.24586917,0.15222713,0.00448122
0.01024395,0.68870598,0.00074977,0.10157695,0.02734823,0.07216943,0.20084940,0.00180704,0.54900527,0.00895788,0.04224379,0.48814911,0.00025388,0.01964974,0.00612189,0.79724622,0.10794564,0.19794330,0.00289214,0.41120967,0.16908072,0.17053217,0.78611666,0.29230371,0.48937374,0.46841943,0.04350665,0.00191645,0.74108005,0.11829191,0.81810248,0.14434768,0.00618762,0.43203211,0.08525293,0.03254594,0.00243371,0.85425019,0.32079175,0.01816027,0.80344784,0.76779747,0.03226785,0.95447737,0.01608290,0.02795651,0.06104864,0.68851840,0.65102655,0.81304377,0.07133958,0.00084579,0.08300554,0.00502808,0.13399880,0.12941919,0.77505147,0.34967932,0.03207304,0.03831729,0.05387894,0.11048034,0.89344478,0.03868189,0.00511110,0.06429645,0.08020169,0.02332221,0.03818876,0.57535332,0.07142565,0.42403594,0.82102352,0.85873073,0.53768694,0.06734776,0.05313512,0.00327353,0.22208895,0.77467644,0.80564916,0.10740810,0.50851065,0.29433161,0.91303331,0.09912145,0.17505464,0.01961107,0.36611292,0.04644354,0.41809767,0.01053590,0.00448167,0.13535996,0.02846306,0.17709778,0.20310052,0.07100558,0.00173749,0.02298268,0.00426705,0.29502434,0.21406437,0.01649316,0.37821785,0.00746597,0.04513814,0.08336338,0.03161215,0.16321792,0.32693404,0.73055577,0.95283926,0.09697625,0.01310875,0.00956468,0.28854969,0.00178385,0.00742102
0.02925354,0.55257648,0.00014554,0.40836194,0.04018148,0.03052100,0.36127833,0.00288873,0.86699599,0.00186212,0.01418870,0.25241411,0.00018581,0.01837103,0.00617685,0.80017495,0.19192995,0.02086951,0.00107651,0.47473860,0.12605892,0.25532177,0.83549339,0.29884252,0.26479766,0.21403919,0.01397811,0.00394095,0.73618352,0.11592358,0.20031536,0.18482719,0.00478077,0.16144368,0.30490151,0.05215501,0.00052603,0.73647583,0.30639926,0.01581026,0.48743120,0.45383939,0.02499644,0.86260605,0.03964130,0.27802008,0.16681732,0.86052954,0.05017755,0.91598815,0.01272159,0.00026205,0.04159222,0.01534978,0.32867819,0.28343427,0.45445052,0.51442724,0.03631726,0.04666219,0.01541877,0.14886785,0.95515358,0.04657391,0.00289970,0.13715748,0.40828499,0.01317744,0.04537461,0.52314943,0.10850433,0.41684568,0.58602041,0.82032096,0.05382528,0.15805900,0.02711181,0.00500787,0.13466993,0.49689424,0.87241131,0.07011534,0.27214900,0.16555358,0.94971621,0.04606359,0.33426088,0.01827849,0.17960507,0.03137494,0.46239951,0.01260683,0.00288367,0.11080630,0.01557663,0.04733863,0.45113632,0.12681213,0.00729616,0.16910708,0.00709174,0.32292521,0.24445665,0.00981967,0.35868573,0.00640250,0.00264745,0.13539298,0.03636340,0.15888461,0.11409147,0.77660006,0.86026829,0.10217984,0.01236970,0.01563094,0.30510819,0.02119591,0.00631880
0.01125861,0.67145622,0.00030247,0.15647683,0.22316132,0.04044427,0.39908573,0.01279616,0.80735207,0.00381251,0.02272519,0.03239577,0.00029484,0.00953372,0.00501326,0.69003212,0.29710644,0.03656077,0.00211651,0.71200800,0.06876125,0.32083789,0.66730398,0.29214096,0.34773454,0.31184658,0.01192362,0.00538126,0.36072910,0.14771740,0.06742853,0.24825332,0.00744189,0.19315834,0.12592576,0.05631717,0.00120965,0.49677882,0.30569634,0.03502286,0.50754696,0.29588461,0.04119195,0.66122282,0.01086156,0.06628313,0.12167560,0.82510102,0.03420318,0.68003452,0.01220157,0.00026375,0.07292242,0.01124346,0.44128707,0.62489146,0.36239478,0.33000505,0.07891070,0.02319190,0.06087203,0.65840375,0.88957852,0.06742096,0.00941525,0.12291653,0.31595677,0.01443308,0.02317158,0.36268348,0.13323468,0.61625928,0.65825558,0.57307434,0.07622488,0.32262617,0.14009716,0.00487701,0.13373516,0.45410788,0.79070872,0.12758227,0.38393697,0.12235445,0.97856331,0.05837981,0.19684660,0.02610908,0.19573528,0.08225735,0.58611321,0.02028263,0.00325686,0.25631618,0.04562870,0.13129133,0.33478168,0.30292457,0.00805304,0.12038160,0.01395045,0.21593775,0.46153265,0.04728167,0.59272689,0.01410803,0.00409202,0.06108695,0.03903373,0.09073476,0.06761234,0.41630852,0.74215037,0.16228776,0.01283398,0.05082960,0.14864330,0.02186145,0.02021249
0.01355983,0.49939188,0.00034465,0.43818226,0.09432088,0.06921331,0.48490179,0.01635477,0.85912621,0.00325026,0.03261771,0.08988709,0.00028821,0.02733220,0.00747066,0.86790830,0.09830087,0.05320006,0.00109807,0.52998483,0.09249510,0.11433124,0.43564379,0.26757446,0.43786925,0.42915460,0.04253646,0.00576609,0.43025911,0.14256352,0.09932892,0.22453234,0.00801201,0.16775773,0.23657632,0.11200718,0.00148063,0.36721906,0.32612360,0.02687638,0.57743239,0.23256744,0.03581620,0.39591691,0.01328995,0.04642292,0.17509121,0.69620961,0.04053477,0.76800716,0.02116043,0.00026241,0.23841518,0.00710452,0.20697391,0.44704878,0.57890862,0.34038493,0.01893413,0.03206331,0.08420029,0.62816375,0.71361983,0.08588225,0.00625878,0.21885110,0.54278475,0.01112028,0.01997275,0.53339171,0.15591535,0.59165770,0.51498258,0.61188048,0.08022208,0.58065158,0.08074453,0.00454159,0.14076841,0.44719404,0.71602923,0.04436297,0.35254019,0.07816019,0.81181037,0.05842926,0.11598457,0.02574329,0.30389601,0.03881778,0.32918391,0.01056646,0.00215725,0.13800901,0.02994611,0.28723836,0.55236614,0.40616602,0.00741296,0.07566983,0.01508793,0.33390161,0.26510277,0.03124354,0.64055097,0.01963255,0.00088788,0.05631641,0.03657800,0.06566370,0.05476157,0.62451285,0.60452157,0.24266700,0.03003982,0.04594505,0.26509601,0.04660501,0.00907053
0.01394400,0.55122077,0.00032423,0.21108474,0.13619372,0.06958412,0.17163807,0.01814267,0.72638303,0.00327866,0.03499136,0.21634603,0.00024822,0.02601674,0.00931428,0.76483577,0.09199701,0.05443087,0.00189416,0.64178342,0.09144119,0.19254263,0.50670540,0.20497155,0.47118619,0.44709507,0.05262607,0.00725551,0.37930280,0.06952547,0.07113590,0.25473318,0.00862252,0.13098064,0.23538284,0.06283147,0.00079038,0.36629575,0.32219976,0.03194959,0.50759917,0.45229527,0.03513376,0.47244185,0.01185179,0.14428416,0.13524087,0.64909643,0.03708337,0.82114059,0.02201644,0.00053669,0.21998706,0.00479858,0.36221913,0.35969678,0.49410608,0.28846571,0.02311146,0.02983481,0.03507177,0.48905796,0.80952662,0.04024965,0.00634871,0.15032436,0.36356515,0.01643875,0.01798866,0.49835786,0.08443311,0.58294952,0.59310406,0.56337816,0.05492734,0.32205495,0.06546631,0.00971284,0.52052945,0.42736351,0.78889370,0.05468455,0.36239710,0.10477508,0.79822457,0.08354004,0.16433048,0.01827096,0.34172758,0.07361198,0.52733076,0.02016064,0.00252493,0.10472624,0.03348446,0.11919364,0.44292247,0.25779629,0.00743333,0.18349738,0.00990441,0.61645991,0.37990090,0.03581370,0.64537835,0.02072033,0.00116821,0.03186178,0.02635495,0.12654965,0.13314317,0.57389468,0.71444863,0.28738672,0.02788138,0.02192782,0.33880025,0.02854713,0.00629355
0.00752349,0.39740577,0.00034312,0.30815339,0.16474888,0.03704333,0.16168758,0.02078373,0.85187584,0.00259991,0.01945174,0.12479753,0.00032874,0.01654855,0.01223148,0.77730197,0.07873539,0.06554168,0.00124647,0.64333367,0.10561009,0.25553983,0.34132212,0.19874674,0.31567973,0.36024186,0.04203554,0.00877347,0.25784522,0.15495023,0.07247271,0.18685575,0.00926392,0.28160539,0.19262727,0.08433248,0.00145778,0.35849360,0.32876238,0.03341975,0.56198549,0.41415271,0.02971333,0.56911588,0.01858748,0.12568846,0.14012125,0.67255783,0.03709411,0.76858622,0.02323059,0.00046499,0.21504769,0.01030208,0.38415840,0.37868953,0.36240533,0.31824648,0.02114211,0.04186572,0.07712620,0.50474983,0.71477771,0.04361189,0.01287474,0.22523771,0.36627215,0.01173648,0.02523817,0.51941854,0.08278344,0.64183855,0.53167677,0.56513065,0.08120758,0.31389457,0.06193530,0.00531537,0.36801195,0.50801438,0.86325908,0.05475670,0.52136016,0.10807160,0.87330776,0.08621376,0.12858529,0.02539136,0.23250507,0.06037841,0.46250835,0.02049961,0.00488129,0.11247080,0.07270194,0.12291974,0.32765922,0.42012453,0.00712760,0.18968840,0.00984439,0.55583668,0.44759816,0.02843252,0.61292857,0.01711274,0.00093230,0.05990260,0.03991532,0.12561655,0.08347692,0.61713904,0.75250244,0.29591167,0.01443755,0.01851792,0.20524053,0.01770464,0.00680154
0.00879349,0.41001517,0.00030477,0.26102835,0.19154769,0.05739665,0.15594250,0.03371717,0.76957250,0.00205147,0.02093588,0.19851984,0.00023823,0.03424630,0.01176542,0.74506390,0.08688815,0.05627905,0.00112243,0.63041490,0.05502019,0.25653967,0.51861650,0.23169632,0.33625570,0.40667680,0.03429854,0.01260865,0.39636272,0.13518246,0.08322728,0.19019620,0.01087591,0.15529758,0.13321993,0.04752286,0.00116281,0.38237917,0.28272039,0.01472679,0.48176771,0.37945694,0.02343455,0.58602881,0.01408782,0.14737099,0.09001640,0.80201513,0.06672744,0.77036101,0.02336634,0.00022457,0.15586542,0.00830301,0.24404708,0.52347791,0.53922695,0.37388697,0.01715068,0.02263806,0.04494327,0.42131051,0.79173189,0.06083576,0.00614858,0.20334326,0.39997286,0.01892381,0.03262208,0.43421763,0.09403220,0.66371834,0.71952909,0.56710380,0.03590745,0.23691402,0.08999890,0.00826009,0.49049339,0.32793957,0.75548941,0.07001485,0.35021248,0.12467226,0.80063480,0.06575615,0.12451937,0.02638127,0.26388305,0.08328441,0.44022644,0.02522930,0.00327884,0.12125432,0.02969997,0.15414333,0.33102730,0.36545673,0.00735476,0.17131606,0.01222527,0.56942230,0.41535205,0.05821363,0.42615703,0.02721960,0.00064560,0.04600139,0.02482741,0.08893019,0.11302054,0.52787596,0.77382171,0.29712638,0.02091137,0.03129268,0.20686375,0.04050561,0.01175488
0.01443124,0.40044948,0.00043573,0.26709801,0.09919633,0.04584155,0.21695668,0.02529141,0.82781541,0.00347853,0.02366623,0.17800575,0.00032169,0.01655225,0.00984516,0.81337142,0.12053017,0.06184176,0.00139586,0.63069004,0.05330687,0.27725878,0.33526710,0.29437056,0.27363813,0.36991701,0.04202489,0.01103848,0.43796101,0.12611625,0.12566075,0.17740023,0.01045247,0.28101516,0.16466865,0.08195122,0.00135373,0.48998839,0.28640869,0.01495974,0.59095824,0.39282760,0.04376705,0.60284930,0.02140694,0.18421927,0.11009720,0.70157838,0.05243760,0.84357131,0.02254728,0.00042617,0.18502085,0.00461714,0.28305504,0.33701542,0.34043238,0.38502765,0.02191912,0.02675979,0.03268254,0.46268806,0.76101512,0.08139817,0.01191606,0.19732323,0.37611496,0.02441705,0.01489876,0.50962961,0.08039257,0.57917672,0.50325370,0.63125283,0.03811156,0.38584411,0.04797969,0.00886715,0.49266788,0.31161889,0.76931888,0.04030911,0.42045578,0.18360226,0.86035848,0.03428028,0.14935818,0.01434585,0.33577782,0.03878763,0.38182765,0.02658940,0.00203277,0.09195597,0.03421945,0.13121521,0.49072698,0.36812112,0.00680387,0.19757521,0.01532224,0.61052054,0.26972508,0.02489311,0.65039724,0.02207502,0.00119743,0.04042768,0.02516891,0.11007331,0.08571042,0.47456211,0.76588529,0.24752706,0.02477163,0.01542394,0.28433195,0.04593218,0.01387278
0.01451631,0.29110795,0.00033916,0.20541812,0.10979769,0.12340572,0.24890412,0.01982396,0.90910554,0.00401505,0.02015240,0.30915603,0.00034141,0.01302244,0.00360997,0.75827760,0.06990492,0.02539103,0.00111908,0.42512512,0.02543603,0.24868266,0.58943909,0.31569004,0.53632253,0.46047664,0.04052998,0.00617556,0.33218846,0.16256112,0.10155011,0.13021120,0.00767264,0.24655391,0.14066356,0.11060197,0.00135885,0.21096803,0.45444390,0.01482375,0.56176376,0.42680907,0.02578643,0.71043384,0.00975245,0.11460997,0.11905380,0.86069345,0.06109253,0.88440007,0.03772764,0.00041300,0.15959667,0.00884748,0.39214274,0.33240095,0.16576898,0.16240418,0.01621818,0.04435465,0.09568229,0.75654352,0.87536234,0.05030656,0.00746705,0.23595233,0.49281347,0.02304279,0.02118114,0.40128282,0.05262827,0.44618466,0.57174248,0.50437808,0.02309495,0.29758495,0.03450906,0.01246667,0.14909980,0.35493350,0.66540384,0.12599126,0.33948225,0.19738497,0.94340485,0.03959090,0.17825849,0.01893145,0.12061756,0.06467486,0.51099432,0.00808099,0.00223204,0.39119321,0.02199907,0.03763850,0.45017585,0.44694969,0.00441704,0.07686879,0.00396687,0.54636413,0.34161437,0.03310733,0.62992787,0.01897908,0.00092956,0.02681212,0.01558024,0.07755467,0.10812239,0.81345761,0.74499255,0.22387898,0.02157572,0.03069303,0.23160928,0.02031232,0.01389523
0.00810953,0.55146384,0.00018599,0.23942852,0.09801103,0.19426788,0.28648469,0.03936132,0.91963536,0.00248381,0.03337463,0.20316321,0.00028915,0.01733998,0.00655550,0.75956434,0.11426926,0.03236744,0.00099549,0.68416089,0.03460904,0.22177441,0.36705795,0.11838778,0.41295865,0.62481713,0.01288314,0.01205573,0.36230937,0.31325242,0.07674842,0.15832217,0.00503226,0.18309432,0.10251729,0.06750044,0.00056055,0.25011280,0.36486143,0.01535392,0.37610483,0.39007968,0.01831197,0.66722143,0.01335584,0.15191434,0.11174245,0.86039674,0.05274400,0.85167521,0.08381354,0.00052061,0.20580840,0.01309303,0.35499322,0.38497344,0.28761303,0.25672647,0.02949806,0.05561165,0.07031172,0.80069697,0.77145988,0.03859265,0.00975542,0.34328651,0.34742540,0.01052305,0.02963508,0.41487363,0.08999203,0.48880482,0.65329808,0.60462886,0.03070165,0.38772088,0.12117708,0.02126645,0.62396240,0.57810956,0.85017884,0.07312783,0.27657998,0.26425871,0.97717696,0.04829920,0.20519304,0.02356577,0.15519176,0.02103025,0.56776309,0.01994887,0.00120143,0.21194632,0.04726413,0.07254246,0.36440811,0.45471352,0.00598739,0.06935989,0.01444498,0.57587183,0.48779827,0.05460143,0.51413107,0.01988525,0.00072957,0.02421517,0.02939716,0.14775933,0.18539777,0.89541727,0.64686012,0.07231544,0.02092152,0.03822013,0.55728751,0.01828049,0.01386963
0.01063310,0.39394096,0.00017923,0.46880877,0.11735441,0.09712242,0.18957798,0.07014407,0.49101529,0.01042495,0.00732946,0.28617784,0.00075718,0.00683616,0.00402001,0.46141672,0.10598686,0.03215846,0.00150048,0.67864209,0.01186522,0.07654477,0.55992013,0.26523182,0.27187169,0.67459333,0.01085028,0.00697318,0.12688743,0.23011646,0.13106550,0.24858423,0.00511848,0.15077302,0.32208899,0.02423747,0.00045857,0.11650919,0.23328167,0.01008087,0.56032491,0.25205436,0.03740904,0.58530438,0.03004761,0.10871100,0.06560767,0.93966132,0.04012711,0.47494388,0.02807279,0.00042291,0.04985795,0.00961621,0.25799972,0.15253285,0.22355303,0.17004548,0.03592919,0.06670238,0.02011811,0.39768144,0.66287369,0.14022203,0.00542622,0.42462096,0.16358742,0.01733600,0.09083995,0.37049136,0.08985965,0.54788554,0.62545902,0.55129844,0.03557636,0.43440211,0.03873104,0.01392957,0.68801063,0.64319760,0.89412218,0.10846791,0.20199390,0.30933645,0.89920002,0.06138334,0.19433425,0.01946143,0.24523440,0.02739696,0.76702696,0.02052841,0.00193662,0.17232074,0.05248222,0.03255282,0.57068235,0.50400358,0.00457549,0.20919997,0.00314326,0.49894777,0.59076107,0.04249592,0.69697207,0.02152460,0.00203344,0.03380852,0.02866951,0.12462573,0.06564574,0.87991887,0.77688920,0.25618273,0.05509091,0.01104303,0.65849286,0.01485181,0.02378670
0.00614007,0.71287251,0.00008566,0.31413472,0.11368793,0.03992877,0.29100695,0.06654359,0.33183140,0.01836308,0.02924922,0.46077663,0.00045854,0.02566178,0.01138645,0.62971199,0.09283022,0.06249821,0.00085223,0.25042677,0.02860715,0.21638727,0.65889502,0.34149227,0.57328904,0.93141276,0.02640714,0.00845558,0.09601545,0.15245974,0.03444617,0.60252303,0.00396143,0.39178595,0.40590861,0.04326230,0.00085374,0.10658371,0.07698072,0.02746082,0.27877769,0.38549897,0.00716898,0.72628140,0.01551167,0.04199110,0.08297516,0.64282942,0.09650470,0.54675210,0.07402627,0.00030825,0.20602764,0.00169788,0.62580329,0.65488541,0.10060579,0.17738742,0.01534199,0.03078176,0.11159224,0.58959967,0.72821575,0.17041932,0.00494742,0.13439290,0.33420488,0.02233956,0.04130101,0.49974245,0.10668308,0.82435644,0.47485548,0.36162138,0.02164100,0.63203681,0.04229994,0.00675117,0.39757937,0.59763783,0.40408725,0.09299189,0.81080872,0.32663739,0.59364188,0.04308858,0.13181275,0.01244020,0.47175634,0.00713121,0.48493156,0.02383689,0.00108548,0.12723710,0.07137176,0.05362229,0.52783597,0.44438669,0.00307589,0.02265344,0.01884461,0.31366464,0.44535711,0.03102593,0.63072342,0.03044709,0.00042263,0.01140049,0.02833307,0.18642838,0.10778417,0.65777731,0.82066399,0.43620571,0.02604057,0.01722290,0.71215433,0.00764294,0.01186459
0.02125960,0.78217876,0.00145693,0.51928425,0.07051267,0.00931347,0.39533237,0.04092280,0.30281043,0.00621836,0.01674155,0.30833262,0.00235746,0.02065407,0.00849411,0.72472841,0.06909584,0.01246877,0.00100548,0.27514160,0.01803657,0.12698391,0.44971856,0.11581957,0.52035773,0.57532835,0.02558521,0.00908047,0.06359433,0.31180352,0.07774574,0.08499444,0.00425269,0.33769307,0.25122917,0.06626522,0.00068204,0.22247371,0.02753249,0.02516117,0.48035443,0.20525564,0.02654633,0.85103035,0.07984920,0.05574847,0.02894991,0.95187807,0.10579858,0.43018940,0.13045876,0.00137057,0.08521712,0.00964728,0.04641556,0.30463421,0.11161040,0.21787286,0.00481038,0.04672790,0.04703079,0.28877801,0.71773499,0.09316590,0.00244146,0.72959304,0.15346336,0.04343835,0.23880041,0.35222480,0.10074912,0.45346776,0.35559255,0.81195366,0.02727062,0.64168930,0.02775501,0.00264420,0.30213535,0.55291253,0.76419246,0.19940327,0.32523662,0.02314356,0.83666497,0.04898185,0.41539758,0.01683906,0.27333641,0.04195010,0.47540045,0.01760275,0.00058535,0.08200251,0.15901825,0.05469291,0.17574276,0.40827593,0.00178147,0.44154423,0.05235799,0.21747386,0.41528684,0.04477350,0.59304881,0.04563304,0.00137826,0.00505436,0.09913070,0.08287829,0.03309379,0.30910093,0.58061719,0.50964063,0.01485440,0.02183416,0.26417655,0.11300607,0.00463147
0.03024029,0.69580501,0.00220323,0.07668460,0.15317108,0.01038062,0.24885741,0.05477166,0.88936776,0.02120127,0.04274936,0.20154724,0.00056437,0.05435362,0.00564493,0.85537148,0.27271748,0.13530697,0.00078829,0.49137285,0.02363144,0.13649738,0.73032880,0.27362692,0.32971171,0.70280039,0.01197480,0.01223634,0.03820987,0.10570625,0.35576198,0.06544744,0.01018712,0.53831857,0.12349446,0.07346673,0.00094327,0.44974786,0.08727895,0.00584302,0.19239075,0.15074396,0.04586848,0.70833975,0.05202811,0.09288161,0.09179270,0.89193225,0.23041652,0.59053391,0.07109109,0.00031107,0.06697896,0.00795715,0.09834134,0.36450377,0.34694353,0.55630225,0.01232962,0.18203126,0.06170208,0.45335928,0.53889114,0.04670046,0.00630522,0.17362715,0.11589894,0.01505636,0.14914837,0.64220721,0.11876550,0.80184394,0.20332243,0.73117286,0.03440086,0.70439398,0.32569513,0.00190271,0.44676101,0.35474098,0.86551809,0.01102968,0.54999709,0.51820225,0.90408874,0.02225197,0.23300608,0.02960584,0.15970278,0.01988216,0.46244678,0.00522579,0.00882358,0.15353563,0.07138001,0.23228775,0.39260682,0.09217367,0.00929499,0.00820475,0.01758322,0.26389921,0.64977384,0.12898709,0.58868068,0.03289956,0.00588664,0.00453408,0.02970421,0.10013116,0.06012315,0.54579777,0.54389548,0.23285303,0.01086405,0.02748693,0.40255395,0.00099891,0.01097836
0.00718191,0.56123835,0.00024236,0.57310736,0.09042122,0.03249684,0.13771519,0.03808487,0.73559707,0.00647716,0.01670351,0.29424325,0.00015067,0.00910462,0.01677464,0.52231503,0.16452856,0.06970719,0.00143941,0.40697855,0.02717636,0.25176713,0.22980110,0.36212879,0.35337159,0.66008848,0.01029596,0.00751478,0.13249886,0.11562292,0.02545108,0.12669769,0.00478631,0.27227950,0.27058905,0.13875966,0.00207134,0.20115039,0.11747422,0.04409800,0.64684033,0.16848522,0.04272403,0.74190766,0.00944387,0.19798559,0.05579930,0.83562642,0.05739767,0.77667552,0.03441606,0.00018455,0.04493669,0.00157994,0.50257105,0.29715711,0.44227970,0.56076026,0.03073799,0.09999734,0.01211031,0.62656254,0.70398659,0.07562327,0.00417210,0.46658334,0.30032590,0.00836933,0.03832691,0.37195900,0.08059159,0.82917947,0.68054503,0.62242484,0.04258737,0.65059584,0.17560114,0.00350469,0.64853889,0.32128033,0.86427557,0.03569764,0.28289074,0.47220221,0.89186984,0.02142065,0.10979103,0.01670462,0.39215332,0.02374725,0.54423022,0.00786765,0.00251509,0.07848104,0.04208215,0.20990911,0.22235270,0.46539336,0.00343534,0.10895327,0.01306645,0.50937849,0.41136289,0.09227873,0.57824886,0.02506229,0.00009361,0.00875973,0.03389849,0.08899030,0.07595049,0.49648038,0.72138619,0.31796825,0.03799666,0.01544308,0.72395462,0.02634542,0.00389288
0.01379889,0.31451306,0.00037385,0.09924656,0.11469504,0.03790189,0.22657779,0.04051006,0.58138186,0.00319558,0.00955844,0.23627752,0.00038274,0.03084472,0.00588433,0.55648100,0.09128086,0.00726769,0.00131454,0.49656424,0.08107010,0.50809056,0.25643578,0.18703315,0.41537669,0.81923759,0.01020639,0.00497045,0.18661730,0.06704066,0.02697788,0.36578575,0.03589987,0.13267094,0.57386816,0.03992074,0.00244024,0.25247252,0.22726730,0.02970278,0.61008364,0.16083796,0.07601552,0.77141571,0.02765853,0.06167433,0.03715731,0.91148359,0.04114715,0.68366969,0.09071799,0.00027928,0.07879149,0.00778044,0.37074536,0.33968240,0.40080652,0.33224401,0.02285478,0.05279644,0.01687770,0.39207360,0.71759325,0.04432944,0.00288845,0.16539058,0.07363977,0.01191745,0.04531593,0.69111156,0.09580819,0.88875675,0.52522415,0.90707928,0.03284756,0.32608455,0.01031031,0.01256705,0.30502149,0.55812413,0.74378908,0.12502545,0.69256121,0.48792610,0.60740435,0.01675135,0.05084088,0.01516729,0.68245882,0.07722509,0.84293252,0.00703308,0.00203123,0.04194890,0.04120571,0.03953918,0.20362899,0.70022148,0.00222596,0.02246800,0.00846356,0.15626855,0.35783640,0.22703336,0.86930877,0.01668238,0.00561475,0.03007177,0.02152631,0.08047528,0.09673180,0.34658697,0.76242787,0.48870355,0.04775245,0.01953798,0.42275089,0.02274964,0.01040476
0.03995304,0.37727472,0.00047439,0.35260874,0.06131046,0.04180180,0.15580802,0.01476162,0.84042305,0.00398644,0.01279308,0.30712667,0.00037038,0.01186744,0.00512334,0.61766446,0.06228941,0.03533939,0.00178355,0.32134363,0.04213391,0.19603530,0.25198016,0.22208890,0.27569219,0.72180670,0.02772750,0.00450783,0.15510346,0.06525642,0.01111417,0.28405246,0.04546465,0.24828145,0.32895020,0.05078792,0.00100582,0.24174529,0.18611433,0.02148965,0.80568278,0.26892033,0.05962896,0.52113390,0.01204712,0.05908558,0.15717503,0.76944101,0.03819531,0.79498303,0.02204089,0.00039142,0.13814986,0.00610947,0.20798112,0.46044320,0.45399553,0.15341523,0.04829675,0.04229694,0.01614644,0.15304779,0.70719481,0.07285071,0.00452964,0.41472232,0.38640115,0.01753016,0.05333407,0.42420352,0.04608972,0.89630944,0.09951977,0.90368420,0.09029670,0.42104539,0.08195537,0.01096201,0.35609403,0.41288617,0.69133401,0.05918154,0.58280021,0.18886301,0.86716223,0.03068193,0.10942321,0.03042651,0.67200005,0.03744453,0.82429892,0.01002600,0.00283880,0.05066912,0.02861900,0.12666883,0.18870212,0.60036963,0.00287810,0.23456372,0.01196236,0.44712210,0.32389811,0.08726779,0.77847618,0.03994266,0.00155995,0.05086212,0.02838824,0.09342768,0.09514473,0.55654925,0.55790210,0.50983888,0.03767170,0.04722711,0.65195632,0.00279932,0.01742010
0.01770054,0.44151866,0.00029718,0.30198511,0.16992600,0.06508999,0.13870670,0.03554698,0.85470498,0.00423719,0.03206322,0.24964875,0.00058415,0.02568833,0.00492437,0.71090716,0.07905921,0.01633665,0.00243289,0.51604325,0.04133349,0.30154532,0.35095164,0.24312733,0.29411188,0.38716012,0.02823475,0.00697495,0.43067616,0.12687568,0.03412488,0.11829565,0.00713639,0.23426130,0.09986605,0.06723059,0.00077127,0.30966595,0.26270679,0.02955637,0.67828774,0.10262323,0.04870869,0.56497920,0.01116221,0.15922488,0.14954922,0.71567172,0.06667521,0.70878291,0.01659709,0.00044488,0.31980577,0.00424547,0.26928592,0.46119121,0.39371240,0.30533290,0.02620654,0.06466071,0.03928266,0.40939939,0.79989964,0.05025045,0.00830273,0.22130986,0.46999082,0.00860926,0.02142807,0.43680334,0.08871295,0.67540127,0.54324418,0.60350919,0.04018106,0.30967879,0.06198570,0.00525737,0.53999615,0.57983971,0.83409864,0.05069644,0.39215049,0.28354478,0.83523178,0.02666478,0.14736114,0.01573004,0.35450044,0.07533056,0.55166233,0.01509569,0.00385340,0.06510226,0.04940257,0.10766346,0.23588377,0.39229476,0.00439932,0.14842457,0.01926313,0.46871373,0.38581124,0.04583423,0.61786580,0.02021259,0.00071158,0.05846506,0.02536611,0.08072066,0.08553173,0.53504896,0.72256523,0.35076401,0.03215243,0.03290724,0.24327675,0.03619340,0.01376019
0.01371092,0.56766731,0.00039164,0.29638442,0.11466798,0.07811530,0.14382422,0.02298822,0.55321509,0.00300118,0.01428121,0.18212770,0.00029107,0.02254036,0.01134928,0.82028240,0.09299480,0.04033513,0.00128199,0.56483597,0.03874485,0.37224150,0.44349587,0.24739735,0.42727587,0.38481662,0.01925252,0.00245843,0.40636525,0.15917005,0.08259940,0.11868089,0.00852552,0.21725225,0.06609184,0.06998260,0.00082841,0.33960035,0.22650680,0.04711563,0.56967282,0.31631556,0.06319467,0.61802298,0.02464991,0.06909601,0.10578191,0.72684538,0.07825264,0.74400800,0.04032548,0.00046253,0.30721363,0.00493412,0.41173810,0.28588116,0.32761842,0.43882179,0.01222218,0.05129864,0.07614034,0.49256551,0.67287040,0.06039586,0.00607901,0.20398599,0.43513572,0.02579934,0.02838758,0.45835516,0.05522240,0.53212374,0.63055897,0.73934585,0.06372517,0.54592067,0.06201379,0.01021053,0.61447537,0.46337250,0.83444065,0.06118975,0.49346584,0.29753071,0.86564159,0.03974885,0.24217673,0.02041486,0.16249159,0.08911387,0.69707793,0.01000291,0.00429988,0.06588715,0.04004005,0.16008449,0.27668718,0.23552446,0.00401226,0.13499720,0.01692546,0.34906325,0.48802844,0.10692570,0.57789236,0.01965953,0.00081771,0.13549562,0.02780070,0.03969208,0.09597908,0.50321442,0.71691263,0.43907407,0.01742092,0.02109070,0.19209465,0.02876430,0.00917417
0.01275533,0.47617522,0.00027186,0.23889309,0.20751929,0.04619139,0.17033739,0.03059512,0.80312437,0.00288560,0.01456332,0.13204373,0.00038965,0.02233023,0.00810242,0.75610834,0.14458217,0.04015848,0.00179149,0.62311667,0.07230913,0.24006017,0.56828243,0.29290378,0.35373372,0.40657914,0.02357022,0.01167420,0.33709463,0.10265677,0.06209546,0.17056914,0.01368625,0.22879541,0.18072975,0.04882318,0.00107174,0.50397366,0.24440460,0.01943390,0.61367399,0.43648767,0.02196675,0.50444084,0.01785751,0.08484153,0.10823691,0.78623384,0.04883325,0.83140987,0.02000239,0.00047334,0.27669615,0.00894376,0.37032622,0.49095610,0.52371311,0.31747457,0.02622132,0.02659241,0.03922040,0.51887435,0.79576039,0.08049338,0.01523072,0.27847004,0.38417730,0.01035668,0.03617065,0.37290666,0.10949035,0.66427892,0.71811581,0.61473000,0.08107746,0.38949552,0.08750682,0.00881773,0.55097312,0.43330920,0.85445952,0.04874891,0.44180951,0.13936673,0.88212335,0.06507924,0.12289193,0.01543401,0.26221871,0.07572037,0.50443888,0.01811769,0.00191104,0.08411954,0.07162531,0.10586557,0.39523447,0.32526839,0.00902442,0.16460145,0.01097539,0.56085664,0.27646983,0.02943094,0.58872354,0.01194515,0.00080736,0.04552961,0.03389326,0.07796361,0.12917483,0.48223054,0.62313509,0.21182966,0.03356749,0.02309506,0.25510004,0.02870385,0.00805585
0.00727152,0.45750067,0.00042696,0.37665185,0.12309100,0.05861324,0.24225275,0.02515407,0.76444322,0.00260239,0.03301531,0.17754199,0.00036937,0.03939155,0.00843475,0.73138976,0.13495618,0.04393896,0.00142833,0.65701747,0.07811689,0.23598696,0.43187797,0.31656477,0.34552890,0.47913516,0.03418084,0.00702677,0.32719353,0.13337485,0.08084681,0.25891849,0.01120019,0.22950770,0.21555662,0.07181601,0.00076647,0.36344349,0.24646705,0.01861462,0.61971891,0.41229510,0.02678874,0.55107373,0.02062591,0.08363959,0.11893298,0.73894250,0.03624202,0.77549297,0.02170899,0.00034905,0.15781827,0.00738924,0.40305334,0.45225483,0.36356476,0.39726263,0.01551284,0.03530773,0.04890442,0.39297375,0.86140180,0.06089569,0.00650867,0.23946865,0.45764047,0.01258257,0.02502589,0.46641561,0.14288299,0.48555624,0.52681595,0.44425941,0.03348747,0.30838081,0.06133316,0.00496032,0.50766104,0.42809227,0.88503480,0.06546994,0.55150729,0.17628331,0.77489585,0.03468507,0.21803087,0.02223349,0.21025325,0.04700601,0.33898973,0.01045054,0.00198606,0.18018118,0.04104241,0.08014665,0.45550883,0.23515300,0.00687536,0.18858190,0.01240760,0.40324703,0.29369879,0.02971099,0.63232905,0.03086598,0.00073865,0.03396741,0.03687096,0.11922955,0.07496611,0.60676533,0.63514751,0.33250177,0.01607117,0.01942317,0.24372421,0.02988740,0.01086847
0.00075715,0.96579552,0.00017096,0.66615582,0.35612339,0.05644192,0.16549239,0.01756909,0.96565074,0.00107935,0.23149712,0.34199598,0.00013094,0.00404200,0.00768857,0.10341669,0.03194704,0.37012988,0.00005027,0.98615998,0.02271179,0.08902174,0.91616672,0.22341020,0.70887303,0.02235239,0.04149020,0.00899836,0.01564002,0.00253388,0.42481965,0.06403602,0.00110059,0.96411407,0.00681435,0.70992202,0.00281522,0.99791121,0.08591156,0.01090756,0.97911805,0.57322234,0.00080214,0.24796720,0.02872504,0.10750750,0.82281178,0.89887363,0.37400153,0.91981387,0.06633979,0.00005611,0.90962338,0.00171947,0.87720883,0.75801736,0.79931009,0.39094281,0.00095707,0.04960045,0.06657486,0.10353958,0.99180043,0.24529509,0.12605338,0.85970831,0.98645908,0.00042305,0.02938721,0.82386649,0.01847661,0.51726979,0.98558301,0.85354418,0.47162437,0.04084719,0.72679842,0.00355450,0.86826289,0.86743087,0.96924013,0.03056263,0.60756862,0.01403280,0.94667023,0.00496498,0.01097485,0.04523435,0.02610501,0.00120978,0.57273477,0.10616045,0.00027758,0.01972874,0.25074223,0.23017867,0.22851329,0.50680053,0.00031214,0.92570949,0.18952733,0.68009698,0.10236411,0.00258350,0.56354082,0.00172501,0.00001423,0.00554340,0.09622320,0.07132066,0.23919988,0.82872516,0.99651110,0.02302928,0.03212643,0.00209183,0.14571922,0.00560614,0.00115346
0.00082982,0.97448623,0.00003256,0.01132064,0.48538303,0.05325276,0.05123196,0.01379337,0.85344547,0.00112346,0.00092242,0.60581934,0.00006693,0.00140922,0.11721554,0.39320830,0.25541297,0.00081781,0.00162178,0.99358636,0.24520171,0.97109711,0.74083292,0.07129575,0.71043640,0.01375109,0.00352348,0.00160070,0.02055917,0.00041038,0.65133321,0.76562804,0.00220159,0.93465501,0.35717461,0.48263279,0.00087795,0.99698752,0.26255053,0.10739163,0.18860745,0.42959601,0.47875628,0.08886961,0.05226136,0.64271498,0.18955387,0.79405171,0.15770663,0.95893312,0.11629523,0.00002017,0.01973968,0.01587343,0.24207665,0.01782029,0.97789955,0.76004499,0.02241445,0.00127684,0.17868128,0.10187607,0.99734181,0.05960525,0.01880388,0.00334000,0.02256818,0.00004007,0.08775736,0.72121614,0.21952875,0.75519776,0.49648347,0.80907750,0.00297826,0.00433558,0.11884395,0.00682735,0.92290622,0.88016415,0.99784088,0.00105389,0.98293382,0.24668869,0.99162084,0.00088435,0.02175372,0.04706211,0.12506929,0.02452819,0.30688536,0.11037061,0.00006587,0.01021747,0.48133790,0.41823730,0.33077955,0.22036964,0.00947302,0.00008523,0.28732055,0.80272382,0.25563335,0.02295662,0.50349772,0.00075290,0.03255306,0.00472231,0.04158624,0.05478970,0.77685654,0.87622452,0.99368155,0.06307752,0.14932877,0.00462666,0.09408702,0.48893109,0.00070048
0.00024921,0.95126635,0.00016619,0.79603291,0.05380698,0.02794395,0.24230473,0.00103505,0.88527131,0.01516416,0.00236520,0.76676726,0.01069475,0.02773423,0.17421225,0.72434652,0.85903496,0.62237799,0.00063831,0.94807595,0.46695918,0.00423537,0.60700327,0.47385535,0.63452709,0.00777013,0.36896384,0.00077291,0.03120826,0.00032863,0.15901810,0.97474498,0.17451030,0.64813143,0.00796858,0.23836181,0.00298849,0.98326993,0.63118154,0.74188983,0.95859718,0.34666982,0.46895462,0.05595912,0.00477328,0.82155299,0.34258500,0.98454523,0.02481742,0.97592235,0.10602525,0.00032495,0.00061853,0.35705888,0.21874586,0.03908896,0.74947029,0.07377467,0.02749904,0.45302659,0.37067720,0.04310057,0.00013845,0.23038557,0.13084266,0.89984059,0.00865908,0.00662305,0.17733714,0.69161272,0.43224639,0.76642573,0.15489408,0.92041510,0.11991427,0.06991939,0.03495713,0.00366746,0.02057331,0.55562389,0.44919905,0.01407306,0.30809379,0.61433768,0.98611385,0.01116911,0.12000933,0.35104853,0.82145464,0.08948015,0.47049442,0.13065965,0.00255847,0.02295546,0.34595102,0.33151796,0.19361533,0.14743724,0.01046498,0.92934102,0.11302500,0.78561240,0.18606816,0.00863775,0.63774365,0.02205892,0.06727459,0.00306302,0.14687295,0.01425380,0.06712046,0.41556382,0.99909782,0.02009605,0.90932918,0.01015437,0.12513369,0.00001561,0.00153088
0.00423274,0.90796292,0.00013827,0.01076470,0.21985821,0.08417138,0.89572430,0.00151767,0.82870257,0.03536730,0.05982567,0.58153456,0.00186872,0.03965084,0.18260431,0.59459269,0.01038359,0.22440355,0.00253025,0.13054673,0.57498401,0.12125845,0.74641997,0.59472209,0.80318767,0.03084990,0.48849458,0.00308921,0.00732774,0.00230122,0.00533224,0.11846930,0.09289598,0.87169117,0.75533926,0.64112723,0.01134228,0.96023422,0.73815048,0.14801115,0.29917562,0.65059358,0.00005486,0.03271089,0.01812032,0.00312995,0.20811042,0.88790447,0.00267569,0.99298435,0.08477713,0.00113451,0.44975504,0.00084952,0.97098762,0.92871523,0.03040503,0.56131893,0.00462677,0.02190745,0.32906833,0.00839558,0.00238201,0.41581944,0.18562794,0.00984177,0.99023026,0.04734996,0.17431720,0.79297614,0.12855247,0.76105314,0.21512872,0.93650848,0.65207380,0.09415041,0.00071697,0.02868600,0.10009425,0.80308175,0.23649445,0.03504007,0.97722042,0.16063319,0.90429252,0.00320166,0.01549087,0.01850396,0.23533846,0.19247377,0.21513501,0.37214398,0.05904359,0.08813532,0.10624357,0.34096032,0.01985647,0.29259256,0.00154439,0.00008867,0.28567463,0.62878144,0.39600024,0.01318506,0.36001098,0.04076147,0.00000147,0.02244151,0.17023885,0.01819323,0.08913429,0.90430671,0.98160970,0.02112705,0.06124791,0.00776134,0.06794804,0.40957108,0.00447196
0.00493252,0.91253257,0.00436125,0.89390033,0.63794380,0.14637797,0.65139109,0.02845897,0.04467843,0.01361921,0.25313872,0.45795447,0.00334824,0.02080778,0.10691722,0.53759056,0.00233316,0.00202336,0.00546910,0.12111820,0.65884590,0.94493139,0.83538204,0.33820251,0.91458982,0.08063402,0.00032814,0.00733574,0.03734621,0.00188462,0.07139733,0.01029195,0.10436598,0.81428522,0.00218666,0.35113737,0.05908039,0.68134582,0.47515234,0.01275298,0.68440062,0.39379689,0.00033581,0.05934431,0.05291630,0.00242878,0.21742380,0.74036646,0.12740181,0.97847354,0.06796194,0.00128400,0.65027755,0.14145876,0.01366626,0.00064350,0.12131526,0.31199640,0.00717799,0.01602745,0.24156301,0.09506547,0.55296409,0.42199260,0.06254096,0.82400364,0.04078764,0.03223985,0.58143848,0.87976635,0.02668019,0.81980300,0.14615473,0.87578905,0.00224910,0.19573000,0.04987366,0.49958321,0.53439993,0.48138776,0.26799205,0.06114668,0.03353687,0.00255883,0.36671048,0.01204996,0.22699089,0.01527240,0.18747680,0.22513254,0.40564543,0.01508746,0.06984793,0.02071758,0.06267627,0.14464290,0.11985745,0.33602282,0.00137726,0.82919079,0.29701495,0.44173875,0.16864575,0.04034089,0.40727505,0.07486986,0.01726055,0.01614043,0.62305546,0.26912844,0.11213259,0.09734893,0.97916174,0.07322440,0.02374945,0.00627816,0.16001533,0.09198486,0.02497374
0.01463504,0.72752494,0.00125221,0.00538443,0.35429478,0.32205459,0.49073195,0.02397552,0.73600602,0.00395495,0.17959145,0.30693498,0.00025660,0.02231050,0.01755658,0.06213621,0.15643077,0.72842216,0.01573078,0.72718954,0.14487569,0.01504016,0.74495333,0.59915107,0.72871548,0.14256418,0.04892949,0.01445710,0.04655554,0.03075349,0.79553747,0.00460525,0.05928286,0.78954339,0.01804148,0.24899703,0.00119011,0.85324454,0.36253247,0.00116064,0.40841562,0.21879540,0.24411261,0.20569725,0.00547743,0.17754574,0.14241940,0.51122886,0.33064440,0.95427668,0.06407944,0.00189972,0.28044394,0.02326222,0.00221362,0.00393063,0.84965318,0.08243854,0.01402310,0.79424810,0.19659886,0.18244985,0.84584314,0.41376311,0.12035315,0.00874225,0.00436321,0.03126784,0.34565425,0.67359132,0.06846678,0.78590471,0.42531916,0.65269399,0.43698603,0.15775061,0.64285743,0.09902769,0.63320637,0.65064144,0.74158376,0.00126142,0.64630926,0.07813784,0.61707014,0.00768380,0.04827666,0.04124578,0.25877169,0.50256097,0.61859787,0.00294396,0.07543463,0.01107651,0.06696090,0.28564176,0.24788976,0.16933285,0.01526521,0.00023478,0.05631615,0.46434206,0.31226382,0.31645805,0.32223240,0.01764634,0.05455548,0.01198201,0.17935291,0.25342700,0.41264114,0.37495056,0.95088482,0.12715265,0.07824370,0.00672475,0.04916134,0.00029254,0.02602409
0.00846952,0.59112054,0.00148610,0.52335870,0.57069182,0.07940199,0.13589983,0.03050412,0.82515275,0.00348073,0.00846208,0.11580433,0.00006693,0.02128081,0.00138441,0.48390815,0.12080134,0.01067540,0.00285071,0.83427113,0.25239205,0.15837856,0.70740581,0.31271967,0.70289993,0.33804232,0.01540495,0.00681536,0.05415846,0.07217655,0.22254695,0.33145326,0.00229252,0.30544609,0.08826018,0.04391126,0.00005768,0.71751004,0.34183431,0.00622828,0.87513947,0.54642409,0.00971283,0.06601512,0.00391768,0.13990234,0.14916447,0.30486920,0.16040581,0.94165701,0.00554445,0.00025952,0.06431825,0.01005450,0.70908087,0.67420244,0.78024375,0.04598592,0.01222856,0.00751116,0.10838635,0.31442314,0.95602512,0.21364065,0.03361880,0.46351856,0.68982697,0.03407845,0.02445951,0.69646597,0.06679749,0.78437817,0.40176186,0.69020396,0.03164485,0.16390471,0.10212889,0.02751609,0.64112657,0.49801767,0.91243398,0.00208384,0.41639331,0.19930406,0.77526844,0.01697866,0.04819280,0.22053806,0.27015129,0.24050157,0.75597811,0.00085831,0.01046214,0.01247253,0.01833636,0.02474127,0.13299607,0.36307776,0.00389254,0.61655891,0.00491502,0.63687438,0.42086929,0.04574939,0.48662314,0.00819976,0.00027450,0.02415342,0.09744373,0.10303444,0.22441719,0.14681815,0.88728666,0.26512480,0.03724687,0.00403864,0.05484504,0.03540906,0.00388709
0.06770957,0.62886077,0.01191123,0.04773870,0.50867683,0.20098199,0.44072896,0.09122178,0.80375445,0.00650325,0.00105904,0.29905650,0.00077512,0.01893881,0.00056485,0.36146757,0.06361589,0.00292271,0.16446364,0.08134349,0.95394468,0.71800923,0.57636607,0.55754030,0.84304953,0.14726131,0.20574328,0.00479665,0.11248410,0.32442245,0.00979773,0.69121963,0.17349112,0.48953909,0.34374383,0.01174674,0.00287035,0.47476470,0.43265969,0.01722687,0.09032745,0.52573109,0.00189575,0.04871505,0.00451609,0.33627859,0.02448492,0.96482277,0.02556913,0.97912848,0.01693010,0.02261139,0.00960416,0.00037092,0.44750378,0.13736872,0.63855499,0.17851296,0.03781464,0.00250290,0.27131072,0.07503758,0.12456241,0.13835700,0.04598769,0.00468024,0.00199296,0.28105241,0.01702678,0.50033677,0.27098191,0.85801840,0.13560648,0.94258881,0.00675879,0.57083851,0.00250816,0.00835876,0.41260669,0.28917819,0.45775554,0.00349108,0.66367996,0.41996068,0.84216303,0.02833287,0.02425171,0.00691363,0.79408348,0.76674795,0.82044387,0.00895973,0.01355029,0.01809097,0.03032244,0.07289914,0.02411015,0.41653547,0.02388218,0.00033013,0.00672148,0.92117256,0.82208514,0.70498139,0.24077071,0.03233138,0.05611952,0.05162096,0.00953383,0.09295047,0.36697018,0.46121025,0.89941138,0.19046301,0.00858090,0.02675220,0.02447867,0.06664532,0.01970098
0.12094948,0.29137978,0.00005361,0.65107304,0.58142954,0.41614389,0.47559661,0.02663744,0.49768576,0.00953977,0.01422097,0.77335620,0.00142232,0.21954200,0.00268767,0.73523915,0.24199896,0.02079395,0.00124774,0.07247596,0.83917814,0.00165457,0.71177393,0.89368236,0.71453381,0.54429990,0.04207680,0.03895038,0.22251719,0.42852888,0.00513261,0.08548203,0.00235762,0.33339176,0.21730727,0.00531443,0.00100859,0.46561027,0.33658087,0.08041330,0.95832682,0.38165835,0.03088559,0.06533574,0.00422139,0.11141219,0.17791755,0.51922429,0.00026043,0.97000140,0.00237883,0.00014813,0.04585207,0.00036594,0.07805920,0.35378093,0.87897688,0.03530626,0.15725222,0.78703684,0.44362909,0.09343021,0.00012616,0.66776651,0.04041709,0.62149912,0.08081943,0.30135450,0.01248110,0.50249428,0.40512219,0.81278217,0.27857092,0.73455864,0.01442367,0.49940321,0.00183485,0.00282082,0.25888124,0.28861192,0.07422557,0.02153039,0.05837085,0.10057459,0.43364802,0.01799075,0.09673141,0.01113186,0.40892300,0.24388568,0.69896764,0.01828841,0.00777618,0.01758703,0.01215706,0.07165292,0.11035539,0.67038107,0.00142337,0.87106436,0.00368857,0.85449833,0.64343220,0.72193831,0.11704027,0.15018031,0.00229920,0.04055241,0.00587171,0.25454918,0.26470339,0.11891426,0.96022850,0.22631502,0.01567618,0.01283938,0.01067413,0.00235307,0.02020751
0.04991457,0.21920919,0.00010689,0.05261718,0.60179538,0.15479577,0.42400634,0.00846071,0.26073787,0.00233951,0.01531906,0.71968395,0.00044426,0.73516256,0.00692625,0.80934477,0.55774671,0.00889777,0.00087624,0.83571738,0.06829049,0.23676324,0.80013204,0.24065807,0.84666193,0.65879840,0.00259700,0.03903040,0.54639536,0.45182899,0.00629408,0.00110271,0.00476915,0.23367785,0.17291076,0.07380999,0.00065995,0.25980964,0.23056026,0.04730318,0.85144067,0.62066847,0.00051514,0.13478325,0.00352919,0.01241534,0.00594590,0.42510954,0.07672804,0.99663025,0.00300097,0.00012968,0.93167418,0.00477204,0.69673145,0.18571118,0.93997508,0.41794690,0.02775562,0.12261009,0.02428851,0.04816824,0.10399728,0.33282596,0.01530936,0.04542781,0.95540041,0.03185055,0.03446448,0.87236434,0.17896201,0.71807939,0.96613526,0.90057147,0.04781866,0.98918319,0.17632264,0.00572663,0.91037071,0.15802039,0.20263053,0.02295122,0.61636209,0.14709705,0.82515526,0.01057177,0.24001823,0.01173676,0.20711724,0.08769840,0.96240038,0.00928095,0.00261842,0.01731968,0.01620598,0.04144754,0.10443305,0.93171638,0.00394913,0.00548618,0.01331965,0.80953807,0.54813886,0.52455187,0.55867404,0.08283132,0.00001041,0.34118265,0.03968825,0.10529746,0.38884366,0.26439303,0.75417006,0.35971099,0.00395227,0.00316137,0.04004417,0.07675311,0.00499781
0.00365344,0.16646641,0.00021723,0.18623249,0.77755010,0.05821726,0.05527431,0.00465942,0.86017776,0.00148792,0.01083959,0.16416012,0.00028385,0.00416798,0.00604416,0.68361080,0.14512652,0.11391401,0.00140427,0.40286529,0.02192523,0.88096857,0.55417550,0.24563321,0.58976567,0.31219715,0.05234109,0.00597922,0.24434347,0.10272434,0.03625467,0.16484284,0.00655154,0.30321389,0.02226557,0.03350058,0.00088748,0.25880304,0.05983886,0.02078332,0.76756889,0.58155251,0.00816829,0.45080537,0.01602248,0.11366656,0.01161698,0.52892536,0.03135250,0.98445117,0.05513078,0.00030848,0.26572675,0.00816140,0.43010405,0.23191032,0.68751740,0.15505002,0.04090486,0.02186794,0.02247920,0.20928885,0.87958103,0.11512934,0.00589606,0.25242627,0.02801572,0.00673408,0.01462488,0.37756383,0.56814098,0.53227007,0.91057652,0.26501569,0.07920471,0.62537074,0.05023120,0.00486908,0.50986391,0.39010546,0.54232675,0.05410044,0.26974723,0.29262647,0.81899244,0.01524620,0.61379004,0.01622202,0.83676177,0.07100351,0.84822255,0.01669630,0.00345888,0.02716590,0.05635874,0.10726802,0.30964151,0.74167645,0.00330026,0.42929271,0.01529646,0.30181399,0.23505376,0.09497564,0.38045433,0.08330752,0.00061808,0.03659197,0.02503749,0.19741113,0.31054989,0.35872889,0.43130660,0.69346368,0.01660698,0.01104048,0.08647094,0.08841913,0.01384797
0.00842069,0.35589340,0.00045041,0.20273086,0.49409315,0.05771284,0.19891675,0.01919901,0.80742955,0.00462735,0.02336097,0.12937105,0.00049029,0.02558923,0.00620978,0.65946800,0.06022241,0.03776161,0.00172143,0.66038668,0.03732568,0.22531790,0.49662149,0.19890504,0.26440871,0.39027748,0.07184231,0.01198364,0.52596778,0.29296690,0.12133543,0.15776864,0.00706052,0.22371136,0.14424302,0.14569391,0.00081496,0.21678598,0.30405563,0.02210330,0.45661050,0.36785665,0.02260166,0.33167145,0.01633154,0.10592187,0.06151501,0.62220454,0.04997796,0.84684676,0.03768514,0.00028140,0.18115291,0.01063411,0.32916865,0.49608779,0.40693977,0.17461661,0.03236869,0.05112919,0.04965440,0.39191681,0.75707394,0.03905576,0.00676863,0.30082664,0.52275038,0.00853327,0.03098202,0.35879338,0.16660130,0.59845799,0.71091908,0.35143769,0.05345612,0.39622533,0.03493145,0.00914009,0.27152213,0.19287239,0.91830838,0.05114539,0.42994535,0.08314987,0.81821507,0.05860628,0.24665587,0.01964838,0.23586684,0.05052520,0.55570143,0.02668842,0.00401374,0.19906981,0.06557051,0.18087573,0.38616857,0.39107934,0.00419692,0.14272231,0.00981059,0.50109428,0.43565398,0.08978634,0.44300035,0.01714033,0.00065670,0.04839770,0.01901103,0.07726579,0.12662224,0.50047088,0.67941934,0.29311651,0.03343227,0.02498568,0.22889790,0.02780806,0.00916216
0.00625302,0.44625846,0.00047469,0.20860466,0.13843794,0.08447760,0.15181889,0.02620124,0.79137725,0.00274132,0.03250039,0.17216788,0.00021464,0.02187468,0.00818441,0.71549720,0.13178597,0.03285409,0.00128515,0.56321347,0.07872833,0.22881795,0.37614623,0.22264248,0.45767552,0.55631238,0.04908366,0.00688775,0.45221591,0.11067027,0.11419829,0.15760776,0.00782899,0.15196252,0.11428901,0.10541555,0.00122829,0.27396381,0.17504703,0.01504327,0.47176006,0.46972832,0.03252891,0.63633901,0.02642747,0.10424013,0.12610836,0.76349968,0.04596952,0.81549656,0.02767576,0.00033419,0.19224328,0.01021247,0.23774859,0.35807571,0.42681393,0.31227347,0.01652311,0.04937124,0.06103063,0.47845647,0.70489752,0.04248963,0.00721248,0.15114045,0.50906098,0.01494191,0.03234585,0.36028379,0.09340299,0.50351417,0.54319555,0.42890769,0.07632494,0.32296452,0.05649801,0.01070081,0.39240912,0.32878295,0.77356225,0.07106175,0.36567727,0.20524026,0.77343833,0.07553294,0.13042089,0.03010004,0.32445207,0.09330375,0.51369381,0.02037486,0.00391360,0.13680390,0.04332266,0.10612756,0.52868050,0.27688345,0.00459749,0.10576709,0.01840547,0.62619984,0.39039043,0.03382369,0.54660660,0.01442908,0.00093720,0.04042023,0.01992198,0.10612321,0.07639682,0.64246845,0.64624655,0.21072991,0.01971285,0.03077243,0.20154405,0.04325926,0.00685671
0.02613000,0.49656510,0.00005817,0.94077277,0.89455622,0.08221494,0.09457079,0.01432002,0.95686430,0.00044284,0.06714025,0.14802729,0.00004642,0.00649473,0.00323658,0.93214703,0.00531889,0.27094796,0.00003497,0.86895740,0.00040321,0.37689194,0.20918916,0.17508921,0.84151572,0.95814955,0.02698989,0.00650815,0.98135459,0.00985566,0.17703873,0.14553580,0.18256256,0.00979536,0.02501596,0.45403722,0.00025542,0.15872273,0.95267326,0.00250413,0.54973990,0.39711887,0.00739039,0.29911545,0.00147379,0.01295163,0.17877410,0.50544858,0.27921247,0.03122885,0.06602211,0.00022807,0.90158111,0.00725299,0.96624631,0.11192577,0.74531668,0.12443610,0.00132766,0.69479829,0.02373155,0.78672373,0.92449933,0.05976173,0.00220952,0.94319469,0.98757553,0.00105726,0.02919174,0.19946229,0.12585953,0.23150875,0.78940809,0.28537571,0.35680854,0.03737283,0.67990965,0.00682870,0.68508756,0.18560442,0.75782031,0.08991351,0.21072352,0.02519321,0.98899513,0.02508883,0.71231276,0.03008868,0.14430840,0.01927996,0.97405601,0.04677105,0.25779536,0.76287270,0.05401409,0.00875575,0.34228504,0.31123620,0.00100615,0.90050447,0.02363944,0.03826658,0.62724108,0.00100772,0.21742809,0.00141072,0.00008993,0.02468438,0.00357620,0.05363854,0.06922211,0.78640825,0.67470604,0.99157184,0.00398953,0.00780124,0.22916451,0.00210590,0.00126865
0.00056626,0.08136316,0.00001614,0.00007397,0.07310069,0.12076877,0.02064241,0.00224230,0.99314201,0.00119908,0.09151922,0.12975870,0.00000262,0.00009207,0.00605806,0.96336269,0.00036634,0.01111207,0.00017598,0.73045588,0.00002798,0.97503138,0.85415220,0.51949364,0.79319060,0.50302267,0.00144583,0.00126861,0.96076345,0.07519566,0.12701264,0.42503554,0.99896550,0.00015500,0.36541507,0.65527475,0.00001414,0.04549420,0.98239887,0.08658672,0.28270841,0.72222513,0.79274577,0.07688012,0.02214821,0.31711519,0.02750445,0.71101677,0.30114558,0.15909211,0.12663861,0.00001874,0.74898016,0.01907256,0.35942736,0.04740882,0.99097228,0.37258473,0.00090631,0.00812373,0.05016930,0.88692099,0.99565279,0.45939153,0.00045677,0.02166669,0.96402436,0.02790809,0.02059357,0.41046387,0.62644261,0.10980652,0.89229906,0.38055983,0.00119521,0.02867760,0.04230144,0.00977514,0.94785124,0.55675989,0.94982821,0.01335452,0.35530487,0.48211268,0.98628366,0.13297106,0.32358557,0.05935396,0.12357264,0.08534183,0.99420190,0.20464924,0.04534677,0.90423971,0.07360259,0.09927572,0.00013237,0.43785623,0.00001978,0.06541441,0.00373205,0.36174256,0.55516189,0.00213224,0.00024571,0.00015362,0.01154853,0.02585544,0.00404398,0.01058404,0.26397005,0.91778785,0.47901288,0.99317467,0.00740916,0.01995623,0.43321154,0.06087248,0.00026169
0.00723084,0.51371104,0.00001895,0.99399704,0.82401407,0.30270854,0.11535899,0.00080714,0.97630775,0.03741435,0.02399596,0.80931598,0.00042737,0.00007740,0.09195220,0.94321573,0.23931281,0.02609408,0.04052179,0.49465534,0.00122893,0.00005432,0.78973073,0.22699302,0.33745515,0.09662229,0.00104484,0.00083037,0.41193482,0.22399759,0.04512271,0.62793267,0.84803474,0.00304412,0.01483072,0.14152150,0.00058584,0.29588506,0.96053404,0.02594923,0.03190028,0.22441767,0.53117669,0.37156403,0.05008367,0.76106596,0.04569503,0.63786471,0.00245494,0.42329100,0.08350959,0.00041495,0.00005455,0.15349750,0.88984156,0.46904308,0.72894537,0.24696751,0.00041959,0.26150557,0.05305067,0.92816615,0.85841238,0.33216998,0.00029270,0.96702600,0.34635973,0.00066547,0.08695542,0.37490866,0.26742178,0.13740142,0.27377591,0.64867288,0.06288585,0.03325742,0.00007076,0.02093379,0.59290808,0.95120710,0.09488725,0.08447076,0.00432839,0.86667365,0.12080679,0.17622678,0.07498579,0.76945782,0.78531104,0.21458723,0.89814031,0.10118295,0.02494646,0.75240290,0.15033978,0.04668861,0.00046470,0.29444641,0.00009648,0.54895490,0.00488310,0.90480995,0.40748096,0.00004130,0.00123302,0.00300356,0.02147488,0.03113984,0.00351801,0.13201606,0.05842152,0.56449282,0.07035252,0.84647143,0.00577644,0.00005275,0.78279638,0.00339351,0.00128317
0.04253900,0.19749112,0.97224200,0.00025813,0.19061495,0.12235672,0.76385611,0.00019595,0.80935824,0.02920508,0.00296977,0.57997197,0.00054955,0.00033246,0.23894882,0.82178390,0.75787085,0.29178905,0.00978342,0.21884388,0.00041209,0.58379418,0.62377125,0.10445856,0.27630687,0.47687551,0.08543894,0.00287300,0.72082055,0.09501393,0.16469692,0.10089760,0.02916338,0.13822678,0.96514791,0.16042541,0.00278638,0.10064013,0.77224165,0.59544021,0.95972532,0.39584959,0.00941612,0.38718444,0.35431087,0.04802159,0.12141258,0.30557615,0.00030774,0.31088710,0.13091038,0.00475729,0.00228178,0.00030054,0.99393106,0.84559393,0.00860819,0.06652970,0.10918176,0.01009093,0.56402057,0.20052963,0.43892312,0.07226259,0.00148350,0.02005606,0.97508109,0.00009226,0.64942092,0.46819833,0.37272733,0.73130405,0.07609814,0.58068913,0.98517442,0.07207850,0.06249117,0.01222336,0.03108775,0.76099098,0.01155553,0.20956692,0.83370841,0.03515515,0.03328658,0.03207070,0.02204208,0.15131447,0.32823941,0.21587832,0.81420118,0.39511052,0.03670456,0.09076016,0.74523479,0.04939700,0.12112016,0.11487156,0.00026777,0.03365971,0.06631950,0.65998662,0.45230374,0.00000088,0.00402187,0.00003047,0.00003233,0.03647977,0.19600333,0.00052478,0.01149972,0.68451470,0.04988359,0.73957998,0.00950582,0.05684664,0.51219535,0.12248611,0.00726297
0.22149648,0.51221824,0.08189303,0.99211097,0.59715402,0.21478084,0.66512334,0.00398883,0.01162043,0.00054714,0.00987389,0.30295387,0.00732123,0.00052505,0.06540695,0.71511269,0.00418461,0.01259327,0.01638007,0.34728518,0.00100605,0.99407762,0.71244335,0.26930675,0.57270765,0.46444154,0.00096943,0.00038677,0.79825383,0.08299251,0.06451603,0.09458799,0.00651058,0.03279429,0.00126492,0.14276938,0.02388596,0.42983508,0.53688443,0.31236735,0.32819277,0.45411500,0.00039202,0.71274018,0.50797778,0.01166014,0.20284601,0.42148098,0.57821673,0.76654357,0.09319148,0.10872176,0.16404486,0.01891458,0.00079289,0.27880892,0.10479949,0.57068640,0.12666816,0.02071818,0.35866296,0.42901394,0.14073913,0.19787353,0.00173927,0.88505799,0.18057995,0.00003489,0.41792372,0.65658522,0.09813135,0.49724257,0.21507879,0.60624242,0.00013505,0.17886668,0.25855264,0.13963468,0.02578608,0.84354550,0.10276432,0.22892158,0.03117191,0.01072482,0.16642566,0.19111049,0.17398609,0.01330916,0.49752513,0.43077308,0.51763403,0.05094044,0.06773983,0.07222514,0.09122866,0.10254319,0.53776747,0.20536686,0.05806646,0.71299601,0.09549592,0.45292407,0.26548892,0.00116946,0.02630992,0.00000184,0.00657077,0.11826121,0.11378998,0.05270726,0.01809594,0.12848486,0.06928887,0.51557863,0.01445532,0.00350859,0.55614698,0.37333119,0.01066387
0.07235718,0.30768758,0.00153698,0.00047451,0.36454991,0.07352262,0.40106049,0.00780395,0.25906512,0.00077553,0.59215301,0.20373957,0.00316306,0.00481260,0.01834693,0.32262203,0.00414310,0.33116257,0.01718249,0.60639554,0.00177401,0.00004996,0.71047181,0.34327286,0.35063240,0.42283723,0.01413526,0.00284624,0.57691562,0.05186780,0.13790628,0.03737601,0.00000005,0.34859130,0.27265126,0.10545501,0.00146119,0.44093513,0.69038570,0.02571356,0.07461154,0.54632151,0.12207364,0.68019974,0.20714259,0.05074371,0.04828208,0.38514847,0.86746550,0.58595204,0.13603349,0.00184532,0.36030644,0.09160601,0.55173814,0.08270360,0.81647432,0.23008880,0.05737501,0.38777873,0.19660655,0.46830142,0.59811008,0.37631190,0.00535169,0.00934306,0.03768653,0.00083013,0.19754596,0.48566732,0.45593059,0.34633186,0.29142401,0.37757209,0.41829684,0.74897045,0.30673677,0.00659791,0.32975745,0.64998889,0.87442881,0.02423713,0.52918798,0.01967964,0.95608312,0.09127069,0.17143895,0.01571612,0.61391801,0.42715052,0.69198084,0.03092227,0.01184510,0.08460885,0.05426964,0.15736172,0.17300910,0.12448925,0.06099316,0.01499678,0.06339731,0.53425461,0.34276447,0.00193739,0.01875923,0.00000995,0.04533781,0.08820231,0.12047350,0.19601752,0.69691640,0.30072421,0.35056010,0.60918975,0.00217761,0.16946913,0.11456277,0.00069208,0.04133405
0.02907781,0.43225834,0.00012118,0.89486378,0.26420709,0.01261847,0.23748073,0.12640944,0.82560515,0.01582341,0.04763520,0.15648657,0.00011832,0.00498918,0.01197777,0.86973059,0.09601375,0.07923636,0.00119287,0.49998623,0.00337898,0.35644293,0.58061010,0.47002381,0.35218775,0.46871209,0.09085283,0.02020656,0.46675760,0.14271542,0.05778357,0.13900942,0.00000036,0.05088603,0.01547575,0.01907415,0.00023242,0.56162840,0.31414905,0.01130393,0.79864973,0.38713452,0.05951926,0.47384462,0.00837655,0.01939979,0.07646334,0.47609475,0.01345376,0.69420731,0.02330369,0.00006079,0.67472261,0.00712534,0.21979320,0.49195683,0.48798493,0.46184692,0.02352981,0.01012512,0.07438381,0.37426114,0.76079899,0.06652548,0.00156318,0.56864059,0.39045173,0.00075359,0.01206223,0.33435169,0.18944266,0.25290361,0.71940809,0.69781190,0.06040147,0.43274227,0.00557098,0.00412573,0.72561389,0.60285574,0.97117025,0.01997624,0.32220146,0.09291063,0.91416174,0.12949094,0.21343303,0.08840240,0.43162048,0.05110388,0.15101519,0.02273987,0.00185406,0.07587493,0.10631146,0.11052752,0.41025364,0.28038889,0.00580854,0.27053499,0.06089821,0.48924592,0.28882483,0.00277607,0.02026468,0.00057704,0.00385786,0.05005811,0.03974452,0.17469509,0.15947896,0.71834636,0.54690850,0.47767988,0.00389375,0.02026782,0.06792603,0.00436169,0.01845344
0.03379141,0.31347162,0.00006286,0.00042936,0.22210900,0.00249795,0.45384389,0.06550114,0.89479941,0.04951556,0.00118167,0.29078218,0.00098758,0.02334585,0.01070519,0.46767074,0.91440624,0.00394733,0.01179391,0.41372964,0.04307501,0.30863950,0.76431596,0.50542969,0.39491120,0.24489066,0.05639698,0.01435583,0.54136008,0.25713825,0.19862415,0.31506693,0.00584321,0.09215987,0.93455118,0.01282273,0.00210875,0.53800333,0.57456160,0.00918809,0.04842767,0.59325230,0.81230718,0.31626114,0.02282052,0.74380898,0.15216054,0.66203529,0.01121244,0.57488942,0.01961625,0.00006671,0.02023396,0.03991070,0.03209350,0.18982846,0.23461808,0.40828758,0.35000417,0.00190159,0.22860178,0.33577126,0.30635265,0.16425592,0.02459907,0.00191469,0.01175895,0.04011476,0.02043481,0.17808044,0.39189884,0.21396063,0.14029442,0.66963631,0.00005050,0.58624530,0.00218537,0.00339757,0.34897155,0.41090587,0.41968903,0.04681049,0.31516618,0.84005660,0.19738691,0.12455940,0.11224762,0.16067299,0.50465369,0.04839361,0.56526202,0.02379522,0.02157830,0.02858230,0.31047675,0.11705232,0.15884274,0.19087470,0.18114576,0.00773878,0.19269952,0.42646495,0.41727105,0.07713630,0.00105775,0.01761509,0.01066320,0.07348076,0.02045311,0.01744258,0.03539498,0.43962675,0.12577927,0.62860531,0.03342199,0.47900766,0.04830123,0.90672654,0.10057354
0.22358453,0.56051129,0.00651780,0.98885959,0.16535112,0.00101991,0.77250940,0.11629437,0.52086335,0.01642407,0.00030333,0.16682383,0.00324355,0.17022547,0.01152270,0.04982083,0.13931906,0.03573478,0.02612693,0.17896836,0.13313796,0.00036108,0.69299603,0.58253789,0.30358961,0.64844954,0.36936000,0.05469875,0.56371337,0.28800911,0.00684931,0.09812642,0.01640002,0.08145255,0.03278894,0.00527226,0.04765616,0.66374433,0.33684716,0.00133447,0.93877351,0.54830366,0.00740864,0.61974549,0.00331796,0.56100535,0.20593415,0.39449838,0.00530800,0.82696933,0.00140515,0.00909164,0.01599775,0.03770952,0.72112501,0.85228717,0.00743702,0.25867912,0.18118997,0.10874458,0.34693730,0.56247318,0.02233269,0.09491193,0.15475364,0.88279080,0.72683418,0.07417290,0.00520581,0.14941975,0.30751857,0.02965004,0.12979153,0.76077896,0.80166495,0.73156047,0.18226069,0.01310450,0.00301010,0.53278434,0.00041394,0.09297702,0.01409356,0.65967911,0.01138551,0.08687486,0.47412193,0.06162732,0.36283225,0.01093997,0.36915335,0.00267710,0.03612792,0.04923082,0.20042466,0.14824770,0.11334026,0.13165559,0.15065727,0.61181849,0.03089392,0.20225459,0.67825866,0.07404432,0.00017812,0.15096411,0.00055162,0.48169878,0.01165727,0.00767834,0.00012721,0.06769735,0.05746387,0.24429564,0.40906236,0.03737815,0.08459664,0.00016217,0.12212099
0.48373556,0.46899584,0.00233254,0.00038653,0.07601494,0.00001436,0.31494263,0.25699902,0.14467283,0.00299081,0.31852329,0.11490860,0.00171305,0.11059850,0.00430639,0.43113098,0.00034534,0.58158827,0.00798877,0.10918176,0.00763570,0.98579979,0.59168029,0.17400751,0.20876068,0.81735343,0.65228432,0.46367806,0.66945589,0.32187909,0.00122536,0.10305765,0.02639807,0.82414120,0.20754389,0.01192459,0.00226686,0.52414346,0.50058019,0.00096113,0.09145573,0.71847361,0.00092476,0.51347357,0.00256263,0.01660493,0.21765690,0.04183060,0.07293128,0.51032209,0.00232683,0.03629432,0.37860867,0.00003706,0.72988552,0.15971823,0.07719669,0.79628760,0.60246068,0.00397501,0.20412152,0.33162820,0.52134961,0.13895696,0.37974155,0.00396615,0.95094484,0.23463175,0.02078782,0.03976126,0.24575517,0.02109316,0.56902730,0.79500329,0.04811886,0.69954783,0.72396928,0.01076967,0.27331510,0.10326028,0.08259048,0.03433851,0.65587515,0.00274532,0.58251297,0.01245036,0.27136454,0.00003492,0.16169041,0.00116065,0.29406264,0.00154803,0.02046361,0.00637183,0.01086068,0.27043572,0.40297857,0.16982093,0.08163773,0.02580694,0.07251059,0.32149398,0.33842048,0.05377360,0.00004128,0.24784882,0.00024390,0.21380386,0.00284025,0.00126797,0.10624997,0.83173513,0.14545198,0.60669059,0.37271619,0.71080142,0.01641764,0.37083003,0.11594571
0.14869374,0.49274883,0.00237714,0.99617779,0.08315217,0.00000081,0.11266119,0.29312024,0.00936307,0.00007485,0.11200984,0.04615253,0.00060093,0.00847583,0.00047351,0.54586017,0.03014835,0.00000671,0.00239682,0.05492263,0.19431080,0.16920905,0.69258070,0.53619307,0.23948203,0.73089200,0.00023445,0.56206501,0.53323478,0.31459928,0.62151968,0.29186496,0.03162920,0.55863136,0.04222072,0.02109288,0.00356755,0.21779445,0.22983535,0.00052952,0.95962572,0.74581057,0.04280800,0.69315243,0.00025409,0.00539528,0.46412221,0.13864596,0.82431668,0.72147864,0.00041791,0.01954764,0.94426650,0.01093097,0.00036537,0.01168778,0.96136367,0.92931890,0.19287540,0.00762746,0.04362566,0.74555022,0.96406609,0.12300153,0.13765363,0.97490448,0.00282047,0.03441249,0.00219408,0.06827529,0.05726756,0.00274937,0.93331105,0.70557898,0.00003637,0.48357505,0.09542793,0.00064051,0.89407051,0.16295122,0.98243421,0.03212939,0.00289825,0.00967786,0.86443645,0.06988330,0.55119300,0.00059404,0.21715268,0.00106705,0.40177387,0.00003137,0.00235341,0.00306507,0.00150216,0.04235083,0.80598247,0.33585873,0.01724591,0.88471663,0.00908765,0.19572917,0.08223665,0.30949691,0.00000449,0.12798943,0.01942125,0.20326929,0.06772177,0.23012769,0.48091227,0.26081726,0.16458000,0.82241166,0.47438595,0.04214443,0.06211176,0.13778099,0.00414306
0.02179061,0.10285024,0.00000138,0.00031257,0.13715672,0.00000007,0.19123174,0.08843426,0.95574862,0.00018100,0.03591821,0.61743546,0.00000306,0.08976160,0.00024286,0.28219575,0.65528798,0.95593601,0.00066429,0.86081111,0.30159199,0.00063839,0.77622163,0.47651735,0.16830443,0.27126577,0.84174770,0.30221975,0.44350189,0.07367453,0.59533828,0.22992389,0.00781991,0.19324245,0.60216427,0.22154264,0.00003317,0.19632766,0.61797863,0.00141373,0.06305788,0.82573128,0.50332862,0.30074000,0.00040251,0.42212334,0.05219533,0.27810904,0.11224997,0.67519391,0.00683298,0.00000401,0.70238900,0.00068655,0.38835499,0.24517989,0.61410296,0.72747761,0.08917996,0.03970104,0.15521613,0.63531101,0.98955846,0.73542500,0.04211285,0.00164140,0.63942200,0.14165454,0.00053384,0.01400474,0.03440652,0.00023379,0.85294288,0.89783502,0.62983692,0.21513234,0.00092653,0.00002701,0.90937412,0.29973242,0.99851412,0.00303019,0.89872676,0.71309245,0.99710542,0.02654621,0.43642795,0.00269183,0.34218651,0.00565149,0.43044212,0.00013123,0.00024066,0.06054654,0.01132346,0.13209935,0.77772433,0.04013623,0.32601333,0.01209313,0.00009132,0.45697594,0.11408055,0.15624544,0.00000002,0.01467124,0.00012619,0.01691912,0.00249065,0.26364920,0.37185150,0.49488792,0.28912923,0.95687878,0.35745376,0.04315019,0.00011059,0.00001405,0.00353937
0.02034440,0.36946481,0.00005510,0.98703212,0.17773274,0.00000513,0.11866482,0.03468161,0.99559832,0.00070254,0.00282937,0.67289007,0.00000280,0.09620060,0.00216218,0.39688438,0.07420813,0.00294444,0.00006842,0.93688929,0.09312530,0.88169229,0.28397852,0.27620003,0.10188721,0.18046920,0.39149979,0.04222349,0.80475163,0.03772585,0.00106565,0.95766401,0.00039085,0.00509524,0.51520026,0.00250782,0.00047221,0.12990013,0.37496355,0.00531466,0.99765635,0.81499130,0.02211773,0.85828477,0.00136983,0.29136008,0.06033689,0.78113312,0.00015844,0.70075816,0.00155507,0.00002871,0.30245036,0.00012645,0.92255938,0.82525456,0.02091692,0.52614856,0.16723521,0.00027255,0.02700857,0.67931044,0.92743862,0.04875248,0.05197433,0.95550889,0.98066229,0.25159231,0.00351985,0.01837102,0.01425322,0.00046579,0.91738325,0.95966351,0.00264507,0.23862629,0.00051908,0.00087793,0.89972633,0.04918114,0.98291206,0.00299565,0.00223194,0.81334484,0.95264441,0.00214248,0.38537306,0.03203003,0.49819595,0.00165201,0.82044065,0.00307310,0.00058526,0.05340157,0.11003487,0.18875134,0.59049708,0.02843023,0.00490890,0.96764302,0.00998212,0.87638873,0.13045166,0.01622049,0.00072238,0.04438896,0.00000506,0.09271007,0.00102934,0.62748575,0.00251086,0.54342180,0.49788120,0.88535476,0.05262542,0.01446499,0.00297147,0.45404878,0.00007299
0.00114496,0.01516800,0.00001267,0.74612850,0.48229751,0.25299364,0.07880850,0.00939813,0.90391743,0.00369356,0.28356126,0.47164011,0.00006213,0.00850677,0.00291911,0.42983302,0.01969886,0.47338301,0.00024513,0.89938694,0.99427098,0.25326729,0.70037186,0.13727342,0.16210853,0.56226653,0.03806396,0.00219906,0.52840114,0.13882808,0.53543514,0.00986612,0.00324718,0.31171456,0.04732026,0.13958195,0.00015123,0.09178839,0.50797039,0.00552208,0.78846198,0.73078537,0.00368622,0.64106268,0.37048867,0.07944457,0.09745134,0.71807402,0.61482650,0.26183745,0.09811919,0.00003991,0.92980254,0.15958402,0.10527208,0.95937324,0.66277492,0.08532887,0.01695286,0.02337001,0.01138530,0.93437493,0.95832759,0.04966369,0.00367224,0.94347543,0.98944056,0.00209881,0.01259569,0.27295586,0.00593663,0.72548044,0.88602334,0.25992694,0.40279511,0.00322156,0.58425456,0.02730682,0.98646998,0.75972921,0.99423754,0.03270155,0.65478981,0.01635169,0.93199217,0.02302228,0.00298602,0.05938434,0.31281278,0.03977671,0.00114003,0.01830111,0.31405148,0.08405716,0.09759573,0.03269716,0.43938783,0.03625228,0.00065938,0.79039943,0.02731891,0.33332574,0.31424108,0.00508727,0.61254364,0.00426892,0.00002734,0.80394131,0.09620447,0.01584692,0.01103320,0.92358637,0.88285655,0.10271392,0.00601649,0.00192799,0.88381064,0.00725281,0.00041044
0.00063530,0.20606968,0.00025009,0.07805292,0.76686859,0.20973544,0.05118187,0.02546990,0.94197994,0.00107980,0.00249604,0.55297041,0.00013765,0.00702610,0.03482221,0.77107882,0.62750453,0.00141941,0.00595281,0.80943942,0.99622947,0.94674635,0.71335882,0.27622241,0.21866824,0.48736086,0.03891288,0.00176695,0.27589336,0.05879384,0.30276877,0.38072985,0.00166606,0.68323350,0.84111655,0.04104771,0.00023399,0.24198304,0.85051423,0.13914019,0.33444163,0.61445951,0.43191341,0.58323443,0.41645616,0.89406610,0.01084712,0.79278809,0.31381881,0.20639315,0.15368290,0.00006958,0.05102876,0.04826557,0.25707287,0.55895692,0.82684642,0.64126754,0.02180872,0.00603343,0.00804366,0.98144150,0.98883730,0.01879695,0.00209350,0.00189262,0.07837570,0.00217795,0.04339065,0.66701895,0.00419199,0.86619931,0.44550994,0.68058610,0.00031674,0.01798475,0.00421720,0.04801700,0.97208798,0.63855159,0.99354637,0.00981098,0.90827483,0.15864289,0.98697239,0.01158123,0.01747984,0.01101393,0.22422644,0.25625113,0.00086035,0.03876955,0.00651157,0.03688927,0.08775677,0.00490532,0.53491080,0.02249724,0.00148835,0.00162107,0.03740894,0.65683270,0.09761089,0.00550173,0.48162130,0.00194159,0.01967499,0.17358747,0.37829819,0.03028469,0.05227426,0.85999489,0.76481563,0.21701828,0.01014739,0.00854794,0.83644199,0.19636215,0.00143162
0.00209817,0.39774907,0.00133015,0.74462187,0.52383679,0.24656981,0.08395422,0.01009206,0.98253489,0.00824426,0.00003739,0.75150794,0.00871059,0.32880142,0.09795842,0.77669245,0.28312814,0.71754724,0.00177126,0.55210233,0.98720688,0.01034147,0.64408898,0.15675512,0.20442407,0.03409104,0.18486588,0.00020941,0.30369216,0.01999484,0.05356189,0.90686810,0.01278258,0.08497780,0.18458495,0.12721172,0.00014775,0.27810147,0.93881774,0.21076411,0.74085969,0.75864613,0.90626192,0.18759149,0.47325459,0.96150494,0.02540457,0.92790818,0.00013289,0.15097961,0.19397168,0.00046326,0.00073537,0.40237960,0.05077180,0.93759638,0.36772698,0.13192867,0.01763004,0.38049978,0.29901621,0.98270983,0.59811866,0.02867569,0.00337366,0.87293547,0.00205116,0.03652360,0.08236296,0.72760659,0.01168457,0.91438740,0.07351375,0.78194135,0.18172690,0.03465893,0.00262700,0.01492956,0.00075520,0.70711398,0.98099363,0.00649262,0.06493592,0.75286764,0.79339129,0.03616642,0.01282083,0.07906587,0.74618775,0.50584364,0.00152108,0.11999501,0.35265514,0.04920440,0.17394316,0.02628295,0.36549082,0.04326133,0.00223533,0.78394723,0.01421132,0.70479012,0.27771324,0.00736444,0.58682966,0.00511158,0.02919417,0.35793784,0.09321919,0.05570844,0.00100362,0.78009975,0.93263972,0.34479734,0.38942522,0.00613456,0.50642896,0.00042119,0.00160410
0.01052770,0.22592162,0.00007440,0.00860246,0.40273467,0.04621279,0.59875333,0.01575190,0.45651007,0.01206167,0.41326576,0.54998082,0.00268280,0.04461076,0.12269793,0.81934059,0.05014746,0.26924253,0.00235207,0.75774437,0.94167900,0.13140959,0.22452603,0.01206345,0.57829165,0.05543675,0.21344073,0.00260155,0.50700784,0.01926065,0.01162864,0.19087093,0.04184764,0.26067644,0.88098681,0.26652446,0.00099185,0.42158312,0.44978309,0.06054935,0.89765495,0.84639788,0.00019142,0.40860721,0.13556701,0.00658033,0.15336378,0.94933593,0.00033189,0.64201856,0.26675302,0.00134473,0.26145810,0.01348400,0.63934517,0.95806348,0.01104280,0.25756943,0.00569767,0.01755338,0.25595084,0.99999219,0.41425756,0.01633345,0.03352544,0.00404329,0.98943454,0.01004127,0.13315246,0.61123800,0.02703511,0.77649856,0.10128184,0.84140033,0.61177850,0.02061640,0.34262839,0.03288061,0.07034638,0.67375225,0.95664430,0.03302210,0.99250239,0.04449867,0.23761496,0.01421969,0.00932001,0.85581964,0.53598976,0.68615472,0.00812812,0.27412897,0.10606605,0.11299594,0.00080199,0.10310768,0.28957358,0.07410432,0.00451708,0.00046473,0.00126130,0.49973810,0.09289037,0.02031558,0.24783751,0.08908273,0.00000223,0.47601196,0.24293634,0.01710343,0.02327452,0.97133744,0.66583502,0.10424823,0.08715807,0.01825815,0.73667419,0.06941563,0.00050652
0.03414328,0.20356055,0.00702778,0.88770837,0.09598480,0.11496688,0.69979173,0.02817312,0.02852473,0.00229554,0.20043759,0.27503288,0.00738836,0.14260714,0.08403908,0.76618290,0.00105691,0.00012210,0.00933980,0.30304113,0.95804948,0.95725316,0.33489418,0.30590022,0.41815317,0.06154357,0.00286773,0.00066761,0.73459500,0.00829290,0.27863094,0.00622626,0.11145448,0.67271382,0.00854767,0.31385928,0.00848429,0.28840545,0.49265137,0.02464341,0.77421325,0.59206349,0.00046329,0.59249836,0.08318313,0.00683308,0.07884566,0.90075994,0.62184173,0.23386127,0.32372048,0.01168724,0.50827575,0.32534051,0.00709703,0.04062816,0.26607215,0.15056983,0.01574796,0.10154489,0.06672788,0.99997479,0.32659683,0.05721380,0.00359169,0.91948420,0.16825999,0.00804951,0.08028961,0.77348888,0.00343500,0.87856179,0.24369945,0.75382346,0.00181263,0.06406806,0.31185284,0.02057123,0.55233681,0.19699837,0.04209232,0.30779114,0.11630655,0.00598440,0.10471062,0.03933086,0.02833896,0.21069282,0.73278534,0.30965918,0.04817816,0.14030220,0.23216330,0.07687196,0.01621079,0.09953170,0.26574978,0.16189855,0.00190728,0.81034321,0.00391227,0.45558050,0.24158973,0.04187370,0.22820657,0.13440402,0.07020107,0.27846861,0.02095764,0.05547965,0.43707496,0.05382847,0.61832976,0.07823121,0.04616306,0.02272075,0.91284639,0.20457256,0.01334124
0.00692950,0.30694601,0.00124305,0.00885098,0.08505648,0.18263093,0.41118932,0.00454621,0.48081869,0.00156097,0.01403803,0.17888901,0.00049325,0.04355625,0.00658326,0.18168327,0.06445026,0.70289099,0.01605483,0.70981991,0.80119675,0.01314179,0.36710420,0.53283948,0.54381281,0.16854882,0.16005139,0.00554879,0.53085071,0.07311586,0.71169347,0.00822431,0.07456011,0.72097516,0.04908831,0.13477975,0.00764693,0.29482657,0.38674513,0.06377348,0.27653041,0.38116446,0.26862246,0.62318617,0.00609613,0.31690896,0.07008674,0.68273801,0.40423051,0.40888500,0.08627847,0.01422801,0.25359312,0.04203775,0.00720017,0.05957153,0.84804076,0.15132916,0.01152900,0.22059104,0.06957072,0.99993110,0.72419310,0.21291903,0.00907985,0.00471238,0.01018202,0.02782407,0.10914522,0.72349232,0.05711751,0.91132528,0.56675482,0.65932173,0.41612992,0.13400769,0.52497840,0.00138340,0.91411108,0.59772009,0.79224825,0.07997965,0.77955222,0.06239095,0.69017285,0.09860615,0.08436619,0.00688269,0.34747484,0.12348340,0.04647179,0.14818378,0.13323049,0.39106509,0.02331423,0.29828325,0.51529628,0.14615862,0.00664082,0.00095619,0.00242681,0.35918340,0.29072797,0.11424774,0.30786023,0.01478126,0.07271116,0.23369443,0.00530777,0.19372740,0.59539300,0.38562953,0.60347313,0.12644167,0.01995874,0.08785156,0.23227401,0.00006059,0.03908613
0.00539036,0.38892034,0.00026572,0.44023272,0.37831318,0.02795739,0.26626319,0.01036497,0.94079757,0.00854171,0.01824508,0.49692181,0.00005620,0.02722338,0.00340351,0.91121978,0.04587196,0.01657037,0.00224608,0.73813611,0.71656233,0.27191028,0.26414376,0.11592202,0.40695444,0.36145809,0.29719752,0.00469041,0.46131453,0.15859833,0.06010122,0.51359928,0.02872159,0.75049210,0.25310716,0.06892426,0.00155957,0.20994028,0.26850900,0.06018111,0.47802126,0.41999069,0.09243459,0.21361032,0.00344337,0.21398620,0.10697157,0.53464758,0.01030518,0.58049846,0.05941812,0.00059841,0.03842206,0.00378655,0.59064311,0.72558856,0.62159663,0.15475321,0.03905595,0.03866217,0.02284981,0.99978584,0.81754845,0.02235844,0.01279658,0.51774359,0.70943624,0.02508786,0.00746100,0.83499628,0.07294092,0.91927290,0.68917197,0.62946171,0.08284707,0.14392373,0.02755657,0.00088719,0.79897112,0.46813142,0.91993171,0.00901095,0.37771678,0.12563245,0.90989333,0.03906507,0.08316039,0.00687049,0.27979669,0.03902773,0.12102982,0.04222296,0.00172862,0.25403976,0.16194412,0.15903750,0.47834739,0.31842265,0.00388267,0.40238267,0.00144337,0.65809816,0.51450831,0.06964532,0.45555568,0.01414115,0.00028173,0.09946577,0.00275433,0.04217608,0.00267237,0.66562653,0.42373258,0.31834719,0.01949689,0.01623634,0.10035246,0.02001864,0.01174525
0.00601693,0.33331466,0.00368848,0.06682213,0.53808308,0.13693157,0.11443998,0.00103986,0.52345419,0.01882873,0.00349220,0.24413370,0.00121657,0.06627670,0.00839385,0.71529013,0.54387635,0.00030777,0.00597595,0.43918264,0.80815244,0.68960720,0.38593405,0.29787192,0.63886112,0.22302243,0.10249249,0.04407907,0.58941317,0.10038429,0.06556300,0.76918584,0.03222164,0.17292431,0.60798448,0.18098739,0.00425590,0.70108008,0.06321033,0.07982102,0.16899519,0.24048810,0.14458656,0.71240193,0.03171799,0.19187926,0.42171153,0.89931852,0.05556702,0.88772672,0.15016825,0.00474879,0.00221408,0.00437924,0.36319834,0.27330756,0.28034136,0.34556079,0.08628369,0.00120325,0.01414659,0.99756479,0.56264597,0.00232420,0.05645728,0.00139178,0.04409064,0.22889629,0.06135807,0.85617310,0.26660347,0.98274028,0.04849842,0.70299691,0.01149733,0.53597361,0.00022139,0.00203627,0.10868616,0.44977888,0.96643478,0.06664903,0.42528799,0.49829209,0.68918300,0.01845876,0.63634276,0.00262288,0.51531535,0.04470074,0.21036762,0.01416009,0.00138202,0.11214305,0.16959538,0.55456668,0.21645631,0.41977775,0.02192349,0.00089652,0.00233832,0.86545938,0.29814097,0.23128214,0.24918485,0.11490564,0.03025305,0.08916066,0.00249434,0.26016599,0.01458708,0.92866457,0.07722240,0.54954308,0.00748484,0.02959077,0.13562283,0.35532784,0.03372310
0.04683033,0.32161549,0.00151114,0.34810331,0.34029415,0.08885358,0.11286940,0.00967992,0.33797845,0.01085281,0.06340124,0.65373755,0.01237417,0.17989682,0.00022995,0.95436907,0.12526980,0.77482009,0.01896415,0.51577991,0.64909559,0.00393209,0.53523660,0.58558118,0.65175867,0.67364883,0.11459623,0.25767654,0.19802529,0.01584869,0.00864774,0.00923465,0.01949096,0.22175731,0.06664677,0.04402674,0.08069157,0.71850526,0.01694962,0.00134022,0.97134966,0.14350061,0.00159944,0.93340385,0.01588909,0.00792617,0.51513398,0.70188934,0.03972562,0.78472614,0.03592861,0.00114154,0.07898796,0.00995436,0.44539586,0.26513165,0.01238892,0.15008256,0.12270284,0.47812083,0.13943635,0.99903399,0.64609516,0.00481287,0.02318558,0.87295491,0.37555677,0.24466473,0.02216977,0.90439487,0.72032577,0.99590498,0.03642879,0.72722191,0.24485947,0.74443454,0.00150182,0.00168180,0.01786049,0.31980580,0.26618710,0.22383176,0.26817304,0.05071227,0.08616051,0.31584233,0.61887372,0.00466891,0.38972214,0.01220079,0.21995293,0.00636341,0.09910139,0.11024136,0.06151494,0.40122929,0.37793806,0.24824880,0.01835713,0.85269690,0.01405700,0.72447228,0.46971861,0.09012657,0.77678078,0.13987635,0.00025822,0.09505886,0.01399469,0.71662807,0.19187298,0.56952077,0.19178742,0.34250966,0.03264355,0.00902430,0.01325595,0.00066171,0.05853374
0.22383882,0.31705332,0.00006858,0.21153529,0.57962710,0.37205777,0.07108834,0.01994480,0.30613348,0.00094184,0.28072321,0.63691509,0.00081259,0.09643588,0.00154529,0.62414265,0.02665434,0.00155745,0.00156911,0.77894747,0.13646632,0.45388988,0.42587003,0.59279889,0.74832916,0.64718723,0.14205971,0.11548765,0.53210694,0.08725175,0.02649070,0.00294053,0.00810352,0.07999584,0.08802156,0.01674610,0.00817440,0.82425398,0.01227702,0.00256337,0.92322463,0.22040831,0.00365517,0.55349666,0.04161612,0.03360436,0.37883249,0.46612248,0.01745709,0.96161777,0.17621756,0.00007317,0.45298779,0.00018191,0.69669855,0.90261203,0.22797583,0.11926094,0.06970029,0.00791580,0.01633179,0.99864537,0.37817305,0.00285962,0.12325694,0.01156841,0.29849997,0.03941727,0.21616836,0.97489619,0.82332474,0.99989980,0.76175261,0.89112520,0.79806018,0.22228666,0.44900730,0.00088092,0.57769269,0.74336606,0.73117739,0.66000992,0.95814979,0.03733064,0.41025871,0.10206828,0.30675530,0.00222963,0.10932986,0.04695275,0.05435960,0.05036992,0.00124798,0.14095844,0.01402871,0.42843843,0.59784675,0.32342988,0.04458629,0.01056373,0.00553608,0.78772062,0.74363631,0.05028510,0.20224273,0.03550406,0.00001793,0.12762588,0.00106878,0.31707793,0.33865058,0.14200594,0.03249036,0.20573984,0.02658546,0.00612307,0.17841411,0.75674576,0.03765538
0.02176317,0.42908460,0.00019443,0.30584705,0.39804995,0.22355157,0.03085939,0.08537284,0.66315788,0.00144250,0.06244749,0.79828751,0.00011020,0.01088748,0.00373264,0.50491011,0.32766727,0.08952843,0.00026026,0.84992754,0.09677292,0.97746962,0.45365936,0.77482682,0.92012137,0.72770751,0.03740486,0.01257455,0.17957695,0.13703930,0.35351029,0.01616844,0.00238842,0.39689037,0.01240420,0.00896131,0.00128222,0.87011099,0.18707126,0.01837712,0.26979941,0.24123019,0.20993382,0.32836184,0.00588355,0.18625057,0.84093100,0.66394567,0.27714479,0.89445341,0.30486089,0.00007867,0.17314351,0.01265646,0.02324764,0.17332551,0.83106166,0.07279260,0.21380097,0.02960405,0.05431135,0.99913418,0.46757117,0.00053149,0.07684187,0.49089426,0.01814716,0.19522198,0.20304929,0.99798214,0.55943912,0.99997473,0.92792535,0.83495551,0.00032477,0.70093364,0.21668227,0.00434126,0.84558880,0.60953236,0.97224265,0.19599201,0.20955145,0.04954068,0.81794584,0.07444164,0.61372966,0.00656025,0.15373503,0.01254341,0.09580988,0.02423885,0.00079909,0.33045718,0.14046603,0.93579113,0.72443360,0.61883521,0.01180238,0.97804630,0.00539960,0.88216144,0.15708736,0.04874568,0.68725950,0.02890587,0.01973306,0.17478605,0.00441612,0.01461397,0.01749214,0.91961223,0.11552584,0.32211918,0.04229956,0.00383588,0.00275603,0.01398802,0.00265067
0.06392495,0.13449167,0.00017604,0.16537331,0.13988002,0.04994826,0.11924573,0.09461168,0.51372212,0.00107693,0.03127665,0.78371525,0.00050248,0.00112615,0.00700598,0.87246352,0.62730157,0.04665824,0.00058737,0.98462164,0.38318652,0.01289536,0.86831635,0.46158725,0.93677270,0.62956810,0.11520907,0.00184059,0.36705166,0.02445227,0.07022696,0.23659821,0.00407156,0.20984392,0.11552508,0.00878913,0.00059985,0.98383039,0.22519578,0.01966086,0.69067663,0.44672376,0.21654201,0.66013938,0.00445103,0.21688752,0.27798381,0.61281991,0.01039698,0.87219465,0.02090158,0.00019704,0.89367527,0.01727694,0.08900766,0.43367389,0.55273020,0.00647526,0.07625322,0.01598868,0.01621596,0.99377859,0.91706389,0.00906107,0.01293060,0.07122345,0.83915883,0.26911327,0.07588813,0.97660136,0.60569870,0.99997246,0.91731721,0.88589323,0.03829991,0.92678118,0.01231613,0.00285628,0.74520946,0.87998128,0.78166044,0.05643872,0.94750112,0.53621411,0.99450427,0.09526407,0.16858092,0.01255958,0.10885993,0.04041250,0.13157551,0.01596128,0.00096551,0.38142696,0.06343243,0.61598635,0.19868243,0.63565516,0.00325860,0.00317888,0.00644948,0.70334482,0.28502846,0.02506356,0.32620880,0.01560750,0.00047544,0.05773248,0.01076680,0.08637236,0.11204064,0.99080139,0.06737168,0.67609322,0.05181172,0.00184813,0.01104446,0.00081231,0.00245242
0.01133008,0.47153252,0.00022824,0.34979978,0.15433888,0.06415744,0.13556305,0.03365927,0.84635568,0.00435569,0.02541747,0.23210405,0.00025830,0.02822262,0.00637288,0.70822591,0.09919876,0.05256371,0.00112963,0.70347732,0.06743020,0.15797988,0.45044702,0.26824328,0.45084825,0.41817063,0.04519968,0.00532317,0.45706570,0.09438170,0.07415237,0.26344162,0.00562532,0.19222640,0.16831686,0.10812804,0.00141525,0.41211113,0.26615030,0.02899835,0.41126251,0.34294361,0.04324235,0.63445890,0.01886583,0.12104277,0.07365530,0.82125098,0.03506793,0.81245553,0.02351510,0.00034479,0.24925952,0.00610496,0.24468277,0.35444397,0.33259815,0.43476933,0.01690303,0.04464882,0.06053231,0.57453269,0.73498321,0.05391711,0.01230807,0.24157226,0.35784712,0.01076757,0.02019292,0.40824726,0.17599836,0.66359347,0.68099183,0.55931681,0.06018360,0.40843192,0.04501041,0.00619599,0.58067936,0.45737222,0.86415935,0.03908208,0.39814082,0.21697962,0.84088749,0.08575450,0.10379561,0.03070227,0.20822901,0.09356779,0.38000661,0.01055521,0.00352681,0.09607214,0.03348067,0.10443857,0.50218111,0.22936878,0.00696225,0.16126724,0.01886244,0.52096045,0.27879903,0.05351806,0.41831532,0.03132382,0.00077734,0.05252656,0.03216924,0.07647292,0.05827222,0.60560030,0.68362385,0.28047928,0.01446796,0.02554396,0.23343660,0.01844124,0.00733097
0.00112449,0.81366509,0.00001001,0.88278651,0.43236625,0.13743235,0.20028791,0.00364404,0.89082617,0.00035822,0.30729616,0.28690639,0.00001246,0.00843626,0.00342390,0.95550215,0.00240738,0.67128503,0.00020366,0.98790902,0.00066622,0.08028581,0.69922519,0.29820642,0.14401489,0.97982907,0.01041030,0.00072717,0.00313082,0.00005573,0.36386225,0.02082171,0.00235340,0.64367402,0.01342439,0.07224275,0.00010537,0.10695519,0.08977574,0.00768223,0.94390947,0.65797126,0.00116598,0.75824279,0.00674463,0.00284839,0.19007972,0.79654932,0.29635224,0.99823409,0.07920629,0.00000648,0.84790939,0.00043076,0.55419862,0.88136244,0.67986387,0.04388851,0.00034216,0.03538277,0.00591983,0.31474024,0.95190668,0.11216373,0.00084435,0.95581347,0.98557150,0.00012069,0.01080838,0.34999859,0.00175695,0.27522379,0.95192683,0.04952480,0.69546044,0.93858737,0.62306809,0.00030116,0.98241407,0.30407140,0.95638603,0.21722826,0.59034276,0.00032102,0.97406429,0.26004374,0.17240418,0.08804969,0.17505202,0.09373575,0.00112934,0.05057005,0.00000808,0.22782420,0.42087105,0.00832662,0.14429508,0.59712422,0.00009050,0.88589746,0.04947003,0.52246064,0.19500960,0.00632933,0.67690557,0.00238944,0.00000293,0.00313579,0.01092522,0.03058761,0.19028917,0.92111552,0.93321878,0.02635390,0.00165849,0.09740266,0.31231353,0.00526393,0.00024851
0.00168263,0.83445466,0.00001529,0.00735192,0.55653298,0.24603459,0.26088563,0.00208375,0.96739000,0.00047966,0.00139588,0.37848675,0.00001385,0.00238468,0.03789476,0.96359521,0.69013250,0.00033243,0.01247286,0.99453688,0.34174240,0.98293918,0.84087503,0.17519037,0.08920084,0.13122696,0.00264900,0.00014964,0.01655893,0.00026994,0.65100890,0.69364148,0.00619535,0.24763265,0.74383712,0.10384581,0.00050157,0.14887659,0.14583397,0.07980981,0.00038041,0.57238114,0.40000394,0.71446687,0.09654792,0.58752847,0.15613471,0.94427055,0.49296552,0.99877423,0.10189630,0.00000965,0.03674435,0.01074841,0.20267834,0.00091511,0.54878509,0.15394707,0.00994093,0.00045420,0.00780549,0.14696158,0.99252558,0.07733727,0.00037865,0.00003029,0.06492831,0.00043983,0.02111339,0.36797249,0.00408689,0.66584128,0.98533344,0.14961879,0.00031595,0.94960397,0.01480552,0.00091691,0.98890156,0.37964940,0.97844088,0.06257863,0.78563297,0.36755726,0.99548322,0.06348351,0.00163711,0.07192279,0.66401404,0.38409403,0.00168285,0.07414927,0.00017262,0.06817255,0.75220096,0.02128249,0.35333601,0.43831408,0.00266596,0.00270307,0.04244236,0.78901559,0.10956696,0.16324665,0.47708860,0.00693615,0.03865924,0.00019315,0.06479793,0.00905687,0.45371896,0.97478628,0.87668246,0.27152655,0.00043432,0.20431720,0.27272761,0.75825161,0.00019262
0.01020964,0.82766998,0.00089735,0.94014251,0.32653177,0.10932072,0.70838487,0.00026111,0.40105265,0.02868376,0.00001847,0.34664127,0.00138659,0.80371934,0.01841691,0.90529895,0.59487122,0.38876951,0.01192492,0.96669090,0.62952906,0.00111967,0.65897316,0.70088613,0.19198525,0.17437264,0.08051765,0.00002861,0.11953739,0.00108296,0.00012555,0.91190898,0.19005165,0.24687465,0.10893950,0.01233939,0.00094474,0.11961306,0.08576545,0.58405012,0.91838938,0.66268325,0.94413793,0.76140523,0.14072956,0.91193134,0.10975505,0.96254468,0.00005369,0.99718726,0.07763135,0.00047210,0.04448949,0.31046915,0.04274142,0.81311488,0.12084898,0.07928874,0.04282774,0.18959375,0.23103055,0.71237582,0.86751533,0.12387044,0.01082073,0.95280790,0.00020246,0.01070428,0.04529448,0.31964698,0.01668468,0.32522649,0.68457246,0.00248757,0.10580522,0.74650681,0.00080587,0.00817929,0.01115416,0.45627433,0.00231714,0.06753929,0.03389933,0.91568244,0.97360915,0.02960804,0.00216795,0.85468221,0.95184630,0.48287502,0.01774244,0.07499510,0.00365383,0.36171234,0.67044550,0.15846893,0.31458378,0.42674232,0.00094459,0.83674818,0.06764600,0.91057682,0.27281651,0.11750828,0.54981679,0.49453327,0.02736675,0.00033459,0.14711863,0.04947156,0.03317571,0.92992985,0.91205192,0.09669583,0.00016081,0.00896842,0.30442378,0.00029003,0.00181667
0.01473198,0.47998804,0.00028017,0.03869456,0.17723556,0.33941066,0.89184564,0.00047835,0.18966503,0.11481658,0.25177157,0.57537270,0.00294608,0.44877064,0.02119820,0.45301360,0.13336815,0.49298447,0.00629610,0.74582416,0.19750331,0.22666612,0.49452949,0.44464168,0.21506704,0.12138676,0.25744805,0.00116040,0.09880310,0.00235501,0.00035656,0.03943117,0.08938367,0.19170795,0.48208511,0.12031519,0.00250479,0.24574006,0.16849959,0.07233662,0.11753385,0.57518965,0.00000118,0.49304637,0.07014795,0.00433852,0.13674030,0.97629356,0.00697452,0.99106747,0.14725481,0.00125904,0.09836540,0.00224354,0.92531484,0.84155190,0.02426140,0.10824075,0.11796134,0.00458841,0.16974215,0.27643162,0.49470481,0.33708614,0.05851668,0.00016179,0.99602503,0.01786556,0.18258414,0.10981379,0.01587759,0.61283016,0.18707196,0.00502656,0.81899124,0.19604808,0.09932617,0.10458091,0.05017792,0.51796383,0.00619001,0.38916981,0.96876931,0.10656550,0.37420571,0.00233083,0.01580851,0.19352920,0.37267637,0.60802424,0.03682010,0.10408085,0.01560541,0.39561012,0.27288318,0.20076722,0.25002128,0.19429202,0.07690205,0.00073241,0.15671588,0.56072420,0.43082035,0.05983629,0.49816144,0.18356211,0.00000040,0.00016442,0.19880304,0.03418808,0.17741202,0.97685832,0.62649399,0.12586132,0.00006797,0.04415252,0.10929777,0.52359307,0.00253858
0.08862142,0.75240195,0.03259256,0.85611641,0.17474519,0.13069767,0.38364837,0.00159514,0.06003698,0.00019487,0.20622164,0.50153136,0.01454107,0.34106439,0.00257392,0.79689682,0.01474390,0.00017062,0.00339504,0.45713255,0.31562886,0.94196361,0.75581276,0.20906515,0.47265461,0.29171970,0.00035875,0.00050632,0.35204735,0.00761552,0.34735876,0.02695207,0.15649956,0.56613982,0.00847374,0.00359566,0.00863385,0.08930241,0.53193593,0.04770330,0.74101633,0.55420727,0.00021357,0.76525593,0.13067435,0.00042752,0.39109752,0.73518723,0.63742161,0.95530140,0.10975435,0.00222812,0.41568330,0.44138375,0.02674248,0.21531686,0.17798674,0.28855896,0.01414790,0.12235662,0.15519245,0.36507064,0.15102516,0.41643476,0.02931976,0.94978911,0.13067444,0.00777169,0.16901498,0.07162621,0.01031209,0.51788002,0.15185247,0.00633768,0.00141495,0.25456277,0.08366806,0.19099265,0.63925725,0.45624232,0.34519571,0.64379150,0.05527187,0.03190861,0.01994000,0.01083624,0.11269750,0.02618301,0.46859714,0.38482925,0.04266907,0.02810710,0.03924720,0.51798737,0.06496910,0.17205590,0.46072221,0.31075358,0.02841874,0.82887405,0.02322900,0.62185752,0.46488124,0.07394013,0.50943798,0.18465638,0.03238835,0.00024439,0.64096749,0.05165308,0.23396520,0.08648917,0.82953638,0.08989951,0.00141157,0.05779717,0.09426220,0.18645315,0.00472623
0.01477573,0.56507057,0.00036631,0.01075589,0.13420914,0.21258166,0.22884440,0.00313711,0.69337368,0.00004982,0.03204701,0.26585510,0.00185864,0.12609649,0.00234290,0.33448374,0.05727616,0.74350828,0.00027682,0.63104540,0.34382176,0.01457270,0.81876665,0.38791394,0.35435528,0.31534892,0.07635338,0.00545925,0.15251230,0.02699218,0.88209379,0.01776734,0.03907038,0.62245882,0.04122780,0.00327558,0.00647720,0.33333898,0.33992091,0.00714246,0.03175520,0.67218816,0.43469968,0.88036472,0.03397546,0.16719697,0.20075397,0.49911031,0.48165062,0.92888546,0.04650021,0.00151855,0.37675658,0.03077977,0.13436219,0.21424630,0.67610186,0.43343106,0.05662106,0.44442683,0.09138329,0.50240648,0.69622731,0.67341959,0.08466630,0.00092042,0.00079218,0.01047245,0.23315246,0.04555521,0.05294670,0.55622947,0.42773101,0.06584638,0.41813216,0.46644932,0.35901681,0.05948326,0.58222347,0.40421161,0.89499068,0.52786392,0.61743224,0.07108661,0.71838027,0.01023529,0.14761518,0.00128396,0.35630175,0.15571140,0.15487047,0.01698863,0.11108375,0.24109985,0.06828635,0.25894022,0.24157557,0.23145840,0.03680864,0.00372859,0.02448846,0.61877286,0.60300475,0.13496307,0.49800441,0.02299229,0.04224819,0.00001870,0.07677434,0.13068658,0.47357568,0.57856226,0.79151428,0.13136218,0.01124652,0.03837064,0.02516869,0.00013322,0.09822505
0.00917146,0.60319287,0.00001920,0.47515580,0.21831968,0.04006008,0.28266945,0.02302542,0.88414109,0.00183303,0.00634047,0.08401088,0.00031561,0.04034197,0.00644993,0.97305197,0.09490155,0.01446930,0.00022681,0.91410178,0.17082033,0.17536250,0.67227274,0.43930829,0.36950809,0.35113901,0.01959866,0.01272312,0.44284981,0.05144021,0.01936200,0.37938517,0.01148536,0.04410966,0.13275293,0.00023299,0.00122545,0.22433728,0.31150153,0.01790376,0.70914793,0.47610006,0.07486319,0.69800055,0.00253145,0.40554309,0.13100804,0.81846362,0.00124037,0.86802959,0.01247758,0.00045523,0.20229726,0.01065682,0.27978393,0.26472515,0.50713736,0.29138130,0.02867021,0.14156061,0.05466612,0.51741225,0.78195029,0.07630763,0.07719778,0.70597607,0.77550626,0.00728289,0.13688074,0.01909035,0.01759716,0.40081045,0.72873324,0.23072661,0.01107724,0.21482034,0.03400874,0.02850174,0.67267686,0.13382110,0.94617051,0.14954145,0.70002759,0.05770550,0.91572487,0.00324765,0.25361168,0.00005971,0.32775676,0.01275124,0.25192213,0.00434945,0.00358215,0.29219630,0.01649788,0.14679672,0.55149460,0.16224365,0.00888884,0.40239263,0.00370789,0.37684971,0.42900929,0.05967170,0.72366679,0.01854697,0.00018315,0.00048336,0.06774326,0.05104584,0.01761050,0.64637661,0.77198499,0.16511551,0.01365456,0.00522620,0.01684739,0.06482297,0.02563817
0.09232027,0.25675344,0.02882665,0.03055380,0.18517813,0.13476078,0.19653638,0.03069644,0.76702321,0.04906553,0.00318228,0.32228991,0.00139014,0.08165192,0.04931739,0.93492907,0.61767054,0.00132813,0.00904420,0.98272109,0.62983352,0.75371677,0.50197774,0.45323637,0.43800595,0.05972599,0.44295692,0.03391966,0.64814681,0.17109555,0.00243679,0.31202748,0.03178863,0.14338118,0.61573297,0.00024559,0.00971143,0.17205039,0.46919072,0.44929489,0.00455735,0.52356493,0.00251872,0.81865454,0.00478533,0.61355793,0.25714135,0.86181629,0.03335910,0.40038773,0.00698094,0.00131341,0.02047469,0.02589599,0.10837663,0.04215570,0.29921004,0.28731796,0.51110274,0.03975994,0.42390659,0.62255085,0.75016475,0.31311557,0.03287504,0.00018713,0.03519564,0.18922792,0.09910263,0.06712311,0.04635018,0.81112969,0.67413884,0.11771113,0.04036543,0.05743811,0.00314639,0.02143120,0.43953118,0.35608840,0.30871630,0.19838350,0.48962095,0.46482503,0.74559236,0.00309313,0.07047918,0.00000906,0.42521167,0.02869806,0.64824325,0.00547738,0.00393795,0.31318513,0.01142215,0.20876496,0.28500041,0.31766024,0.23013394,0.00203202,0.00058204,0.63629872,0.66745919,0.22886170,0.72463137,0.06699371,0.04771407,0.00043048,0.02991514,0.02939858,0.03468036,0.40091878,0.71862984,0.20074992,0.14678799,0.01944321,0.00074548,0.01807233,0.03231448
0.08626838,0.53110081,0.00226300,0.55457461,0.44458535,0.03846863,0.34374148,0.08140911,0.07467677,0.13421580,0.54669636,0.06293448,0.00539327,0.51958585,0.02510301,0.98587060,0.61062968,0.67515421,0.02149737,0.79551047,0.23843445,0.00664174,0.76383972,0.27710664,0.33259577,0.34679013,0.02743066,0.30956975,0.32312110,0.06122588,0.00280720,0.03976575,0.03174280,0.18014602,0.02977606,0.00013650,0.00372925,0.14923073,0.32093799,0.07061256,0.71021098,0.70754236,0.01534240,0.85826361,0.00143467,0.00606319,0.46685922,0.93019968,0.03619764,0.48971036,0.00171489,0.00508541,0.10137801,0.00074301,0.62416697,0.80808026,0.00809515,0.15754670,0.22782661,0.59961921,0.45254639,0.63559848,0.19290204,0.34691474,0.05403422,0.98705184,0.01851072,0.09251015,0.89774275,0.07973092,0.02826920,0.63294005,0.42929488,0.02210018,0.61993796,0.01079176,0.00323076,0.00605806,0.09553397,0.47692406,0.03337243,0.78155649,0.11205165,0.26137233,0.07092742,0.00125012,0.31159839,0.00031950,0.63908559,0.04219413,0.77097380,0.00064160,0.03596114,0.09031041,0.00320703,0.14006738,0.42431438,0.28257397,0.33365884,0.72689605,0.00015645,0.30355328,0.81435227,0.15880966,0.62893420,0.06273039,0.00067102,0.01858727,0.01686428,0.23985796,0.00452604,0.63711447,0.85892254,0.16087604,0.17380498,0.00636759,0.00171824,0.01223423,0.07268663
0.30694288,0.60480076,0.00081843,0.02935362,0.18129571,0.00054887,0.09719254,0.39184543,0.13911651,0.00045985,0.75498629,0.38146105,0.00036337,0.03264262,0.00695837,0.87651813,0.12026452,0.00403855,0.10183333,0.80305809,0.10155057,0.42051661,0.76934546,0.23333719,0.72441834,0.51332659,0.28235868,0.31626856,0.48683313,0.24921948,0.08661752,0.02338130,0.00288156,0.29162538,0.85876966,0.00048121,0.00019734,0.12530191,0.80226004,0.00586920,0.21347585,0.66921723,0.06608801,0.98515147,0.00081262,0.00874138,0.50853956,0.65102369,0.00079588,0.63626784,0.00485744,0.00014484,0.55920857,0.00631231,0.94154662,0.43770432,0.34865251,0.20367478,0.33484215,0.32913986,0.27675048,0.42060825,0.46762311,0.95429111,0.00627591,0.00141208,0.95743471,0.07821908,0.18394510,0.00439948,0.01687823,0.34714314,0.73997158,0.02197258,0.18662572,0.04088506,0.94324446,0.00059497,0.63172787,0.12921323,0.47086528,0.46202514,0.97848451,0.02738270,0.52357382,0.00081217,0.03351910,0.00051279,0.23933128,0.00319452,0.52680933,0.00257029,0.00058067,0.70705777,0.03917665,0.11923903,0.28673610,0.58038974,0.00653433,0.01494126,0.00036953,0.74992931,0.21058466,0.01867412,0.71909267,0.03979862,0.00003544,0.08635086,0.00154594,0.24357657,0.28668720,0.81848562,0.62911606,0.00675878,0.14754145,0.07383011,0.00003495,0.66124964,0.00209046
0.02511979,0.78217179,0.00040532,0.87290007,0.28790060,0.00024192,0.01334512,0.63664126,0.53072375,0.00092778,0.02239604,0.13294728,0.00002584,0.00866373,0.00166330,0.99034160,0.02006167,0.10357668,0.00092930,0.91746444,0.56018734,0.88097793,0.68026257,0.54025459,0.26186171,0.38062423,0.00504760,0.00671960,0.29180437,0.05286993,0.52885032,0.09015634,0.00081996,0.22577542,0.01579894,0.00043802,0.00096654,0.28964767,0.13388878,0.01118529,0.38708428,0.96404684,0.72695613,0.99718738,0.00132745,0.23809373,0.16901422,0.65937579,0.00462550,0.53665811,0.00578266,0.00003975,0.22641733,0.00309471,0.03489362,0.29804471,0.94695920,0.78030640,0.05148385,0.17159390,0.05346283,0.17335175,0.92456770,0.99611831,0.00179927,0.97574544,0.24355336,0.06824331,0.01520723,0.00849812,0.02356012,0.38286540,0.84714234,0.00826145,0.00214853,0.16864809,0.47104073,0.00174529,0.85839260,0.19970444,0.61960638,0.45889515,0.31550363,0.01832860,0.97569072,0.00832115,0.00540137,0.00236929,0.26904774,0.00402611,0.77753401,0.00138635,0.00060677,0.56045032,0.02563731,0.03749768,0.18143831,0.84444427,0.03400469,0.74472535,0.00161102,0.63273048,0.83287793,0.06687608,0.87585878,0.01671003,0.03395493,0.20663565,0.00385252,0.27695343,0.23344599,0.52661896,0.88184953,0.45230371,0.02465076,0.00085762,0.00083304,0.00165247,0.00197615
0.00560121,0.77099884,0.00044860,0.11429064,0.09304758,0.04751450,0.10127864,0.13484398,0.94077808,0.00600035,0.05388830,0.01359900,0.00007284,0.00050679,0.00457532,0.99304599,0.35870555,0.09667033,0.00047695,0.76742649,0.18033075,0.00558519,0.88729924,0.74635869,0.66401935,0.61879498,0.00652036,0.00142719,0.13090549,0.01922341,0.06819522,0.17957596,0.00457244,0.01121782,0.03455393,0.00795391,0.00101020,0.15340938,0.09954157,0.02547907,0.18032251,0.98944557,0.43906894,0.99127251,0.00186292,0.77993530,0.06503033,0.87971860,0.00806923,0.85072583,0.00694208,0.00011035,0.02078336,0.01027865,0.34497145,0.89881623,0.35858461,0.77751118,0.10121624,0.02065188,0.01495196,0.13440573,0.66620725,0.91865957,0.00017279,0.13019229,0.49811795,0.00129502,0.04617107,0.06950632,0.52494317,0.68682921,0.72057098,0.03981623,0.06480576,0.76303804,0.48900360,0.00281059,0.16042109,0.44508135,0.85778362,0.29090989,0.65789610,0.08619340,0.96443808,0.00236516,0.01467783,0.00764467,0.68006325,0.00632795,0.94194007,0.01267395,0.00136550,0.42985398,0.05971520,0.04218775,0.15124072,0.97499841,0.01100845,0.10609915,0.00301067,0.74732512,0.75514978,0.07658437,0.81691128,0.00650843,0.00074523,0.25150967,0.01730853,0.08844636,0.06686497,0.86402714,0.35601604,0.34938228,0.14920136,0.00117340,0.03034468,0.11576884,0.00068120
0.00995571,0.42780268,0.00021821,0.29718933,0.18276654,0.04759280,0.25486451,0.01784468,0.84901315,0.00286292,0.02529461,0.13962552,0.00024904,0.02962598,0.01099749,0.69211936,0.08367644,0.06380098,0.00187732,0.55935192,0.05201499,0.19892998,0.53921592,0.26812148,0.39743456,0.38662779,0.05400510,0.00958928,0.33113143,0.09628605,0.12799492,0.30736747,0.01083354,0.19662605,0.14798863,0.11643565,0.00123029,0.31147379,0.29524893,0.01457147,0.56088269,0.43806455,0.03009725,0.53056353,0.01552031,0.09370280,0.08008861,0.71446472,0.05198422,0.83783579,0.04038755,0.00046562,0.26233706,0.00865797,0.22781412,0.34193766,0.55473149,0.41889662,0.02956584,0.04815387,0.03553843,0.49162987,0.74251157,0.05661112,0.01471717,0.19500555,0.48992860,0.00993735,0.01481071,0.36769480,0.10234355,0.65474713,0.71103460,0.48935449,0.06161524,0.38875958,0.07529172,0.00661367,0.55955476,0.29254735,0.77535462,0.05006034,0.51068008,0.16664720,0.76680613,0.07722250,0.14131029,0.02118911,0.27045926,0.06028455,0.44370186,0.01318395,0.00282472,0.09924146,0.04888482,0.08732481,0.34590796,0.37593526,0.00951825,0.17960703,0.00896976,0.42343336,0.36505723,0.04145941,0.45530576,0.02522092,0.00090746,0.03685486,0.02233649,0.08140102,0.12162070,0.56712013,0.65295005,0.30121014,0.02174943,0.03025806,0.29146922,0.01814909,0.00756356
0.00163118,0.82316822,0.00005672,0.76698917,0.00368074,0.10256958,0.04179128,0.02945462,0.87376261,0.00044177,0.32268819,0.36569577,0.00009986,0.00367220,0.00048739,0.98745179,0.00699364,0.63827914,0.00008540,0.49041286,0.00649375,0.18675201,0.53015172,0.90060806,0.16118804,0.77979970,0.00561834,0.00094321,0.12451699,0.00105648,0.41193682,0.02282167,0.00228629,0.77479535,0.75748277,0.01788124,0.00026910,0.58695799,0.03872361,0.02592834,0.99243265,0.01931050,0.00348451,0.55125618,0.03458704,0.07485860,0.03104624,0.56730264,0.41188774,0.99604750,0.08036686,0.00003127,0.58185208,0.00019555,0.07584426,0.76218015,0.83871859,0.99137068,0.00417945,0.01487958,0.00075938,0.16756630,0.93921840,0.07730868,0.00259574,0.97861582,0.97482526,0.00194232,0.03282328,0.47852588,0.71885109,0.72193652,0.95009416,0.17649975,0.36497045,0.02071289,0.39003533,0.00569448,0.78750837,0.45936123,0.99130994,0.03185619,0.42210564,0.00825401,0.95477325,0.26946527,0.00127054,0.05733870,0.98810178,0.23885904,0.00155470,0.00487913,0.00023135,0.09880379,0.09953691,0.23727897,0.69036412,0.13999650,0.00116532,0.83297986,0.09281871,0.77860767,0.11681487,0.00249504,0.95667839,0.00102971,0.00001361,0.09708379,0.07382087,0.40902877,0.23010434,0.80424398,0.46297303,0.30222112,0.00285002,0.00146797,0.51308376,0.01156131,0.00229417
0.00016072,0.81977904,0.00007355,0.06682321,0.01489136,0.13755471,0.03050335,0.01068351,0.97751963,0.00052923,0.00253634,0.39950490,0.00003137,0.00169765,0.03630848,0.97906905,0.09823314,0.00115701,0.00007020,0.90272164,0.42780563,0.97911620,0.40478992,0.80142128,0.10577120,0.08387963,0.00306283,0.00028253,0.33273658,0.00056232,0.85268748,0.79354924,0.00891911,0.13746494,0.79504812,0.00095894,0.00008624,0.98883492,0.04324383,0.14386614,0.04943977,0.00957136,0.30358201,0.57602215,0.00525920,0.81339365,0.03332243,0.93043560,0.54273874,0.97599941,0.43428385,0.00001042,0.07035768,0.01133274,0.04601896,0.00923187,0.99416536,0.99798703,0.00778958,0.00153091,0.01081235,0.00485496,0.99606073,0.10433603,0.08338749,0.00978079,0.04089583,0.08169213,0.03413350,0.66959709,0.69197989,0.74669558,0.97260922,0.18066314,0.00100708,0.06241569,0.00459225,0.16021353,0.97262114,0.51041448,0.99776781,0.00206829,0.96548426,0.14241256,0.98961484,0.45557171,0.00033507,0.09242119,0.99925619,0.51463896,0.00095279,0.00828564,0.00002883,0.19743247,0.05780721,0.11068698,0.72467160,0.04424299,0.09183523,0.00001403,0.14560080,0.10571311,0.17502984,0.03859351,0.64248776,0.00310564,0.01934014,0.03652650,0.04493361,0.06155609,0.75436264,0.97154081,0.68356484,0.10327648,0.00121904,0.01736716,0.17944314,0.48562047,0.00114815
0.00015256,0.94219667,0.00546696,0.88827217,0.02783721,0.11856285,0.50420994,0.00195557,0.99753875,0.00948619,0.00000805,0.66607487,0.00340724,0.00220991,0.06889621,0.95923042,0.71274263,0.48822471,0.00082584,0.87532645,0.37286484,0.00828064,0.56715137,0.85777706,0.64973772,0.14931910,0.16474195,0.00021636,0.53515494,0.00043667,0.01589618,0.95298499,0.05436429,0.34025842,0.97078127,0.02028405,0.00667125,0.85380691,0.16425547,0.40883070,0.96532845,0.00740319,0.25714943,0.67021507,0.03339062,0.83219939,0.19313528,0.78156090,0.14204051,0.99320459,0.12147471,0.00021191,0.00087950,0.07226703,0.02634904,0.86953527,0.00000600,0.82168078,0.02335572,0.04336390,0.03697700,0.12585700,0.87030804,0.13448790,0.00542779,0.90404558,0.04004936,0.20113745,0.05338940,0.75870556,0.53525031,0.75291711,0.68693507,0.36514083,0.26836592,0.01013529,0.00001505,0.21792078,0.01287842,0.31931755,0.29861084,0.02836872,0.08068211,0.97387213,0.58085835,0.40435791,0.00036533,0.52415448,0.98120195,0.17598887,0.03168948,0.05908591,0.02170305,0.21354659,0.08039566,0.29220909,0.86627871,0.01381836,0.01083275,0.95786172,0.23111205,0.00000095,0.18185547,0.04823716,0.81979561,0.01348692,0.00775257,0.01267195,0.07124677,0.11933815,0.06955405,0.80403584,0.68016404,0.13323379,0.01730210,0.02995979,0.44253039,0.00010666,0.00297748
0.00636421,0.73732209,0.00093704,0.03948520,0.03061134,0.18467800,0.91147894,0.00089928,0.89629054,0.03243128,0.09447514,0.83546937,0.00143480,0.00674355,0.26062825,0.00111398,0.04662854,0.26825437,0.00321934,0.14327647,0.72648871,0.17513305,0.44738385,0.54727858,0.26283884,0.10645586,0.26131088,0.00068460,0.54720479,0.00152640,0.00053634,0.38693613,0.09498384,0.52334815,0.81266469,0.29268074,0.01147410,0.64727104,0.29636908,0.05630533,0.74423188,0.07491426,0.02325208,0.63664407,0.00109613,0.01143004,0.04091899,0.84374899,0.00038007,0.97314864,0.19768754,0.00077862,0.44640204,0.00137406,0.97874081,0.36382750,0.00298557,0.86874181,0.03545842,0.00487260,0.00397945,0.25141251,0.11629687,0.47478831,0.04696692,0.03588050,0.99124366,0.14958081,0.04112412,0.67603588,0.29254270,0.81341416,0.01237342,0.06962180,0.78159004,0.04884521,0.47711220,0.24069768,0.02711654,0.87044501,0.06254186,0.13991465,0.96724248,0.63259220,0.58283627,0.17483704,0.00278689,0.06159778,0.88694608,0.49869385,0.03701165,0.15169944,0.00792488,0.15056823,0.25443232,0.13435078,0.28841269,0.05051708,0.00129983,0.00015709,0.17028108,0.00013091,0.47533953,0.00259563,0.57622826,0.01683127,0.00000909,0.13277866,0.11979151,0.31907174,0.03562471,0.87516153,0.75630808,0.04501429,0.07230335,0.10981198,0.61562407,0.38086450,0.00664894
0.05686042,0.56722850,0.05098353,0.80405605,0.06448604,0.10617162,0.62759244,0.00808793,0.08360148,0.00174984,0.23636933,0.31035876,0.01095308,0.04313098,0.08443296,0.35560578,0.00089199,0.00048831,0.00033611,0.05228058,0.56241888,0.93973601,0.51532537,0.52843845,0.37853795,0.07571587,0.00010529,0.00246830,0.85018200,0.01026257,0.28009793,0.05522320,0.06488534,0.59202975,0.01904965,0.17949206,0.02270259,0.28037146,0.34668544,0.00193429,0.29041198,0.16453840,0.00205296,0.77445209,0.18536548,0.00269149,0.09830184,0.60167962,0.14666766,0.93003976,0.10014351,0.00612490,0.45788705,0.13892436,0.06879493,0.15504910,0.86130154,0.57441777,0.04365886,0.32001105,0.04947141,0.47852844,0.11645795,0.16625607,0.37232032,0.82035899,0.03393726,0.14051276,0.08843633,0.84291315,0.23777339,0.70739210,0.01149132,0.04291428,0.00077184,0.03757539,0.42315742,0.30850294,0.59751379,0.39252576,0.68317592,0.33916613,0.02995308,0.00126814,0.14590450,0.25008824,0.00401131,0.01192994,0.79846102,0.61454928,0.20037453,0.17104754,0.00035819,0.22635214,0.10809447,0.13351275,0.40401039,0.14643317,0.00101787,0.94893193,0.04115684,0.00065919,0.38985926,0.02156922,0.52131927,0.02611873,0.03139354,0.10961457,0.14122941,0.19052047,0.18517290,0.18528540,0.85258251,0.18136531,0.16349177,0.06770133,0.60902405,0.15453130,0.03220749
0.01067669,0.69022626,0.00023685,0.01653709,0.07249717,0.21558070,0.17965195,0.03059795,0.30070975,0.00050013,0.16780421,0.18601285,0.00065903,0.01978663,0.01825216,0.75556892,0.14912558,0.61489558,0.00147709,0.27424216,0.33955309,0.02196756,0.59137636,0.53344905,0.38170028,0.27185386,0.01669348,0.00399308,0.56230170,0.01950219,0.80315840,0.00894800,0.03801522,0.77039176,0.12941653,0.18503588,0.00031615,0.50711703,0.32647690,0.00342062,0.12407238,0.22063127,0.02563459,0.50687683,0.08181987,0.27235770,0.14575817,0.32410902,0.58021474,0.87875366,0.03690825,0.00468565,0.21030889,0.01793018,0.01348366,0.25359279,0.95940375,0.72691637,0.06182026,0.46882388,0.06307290,0.34188512,0.79445547,0.12808101,0.21320036,0.01861990,0.02072938,0.05794234,0.18223947,0.53928578,0.22993176,0.38045421,0.38743573,0.11579642,0.39751190,0.24361373,0.14508641,0.02538630,0.59729528,0.40154549,0.80841291,0.22129157,0.84657848,0.01854441,0.80591232,0.17571133,0.02932149,0.00570365,0.47372732,0.21367086,0.30359605,0.29882529,0.00001337,0.32647222,0.35824370,0.14882693,0.32086909,0.10021435,0.00000303,0.00055333,0.01152254,0.00194527,0.30304554,0.13300742,0.41120845,0.01626280,0.01791248,0.12851399,0.05490516,0.40562025,0.84278089,0.44398135,0.88961679,0.15813014,0.10045500,0.04179223,0.42032969,0.00006155,0.04598359
0.00600653,0.57469881,0.00005289,0.47381738,0.17785797,0.05775684,0.16988102,0.06418131,0.87713933,0.00481902,0.00071631,0.23112634,0.00009988,0.05366909,0.01978612,0.87265515,0.48239559,0.02205119,0.00118432,0.61403644,0.21212405,0.20594916,0.62137544,0.43253803,0.41729912,0.40544313,0.11545535,0.00613393,0.61625969,0.03062997,0.10829261,0.11979587,0.01965040,0.35322294,0.20764560,0.02131588,0.00009238,0.42857209,0.23640592,0.04458528,0.68216580,0.17742187,0.00697949,0.39752942,0.05692447,0.18441942,0.13544816,0.63471889,0.06319151,0.95850444,0.01164850,0.00096881,0.12375179,0.00955640,0.77669996,0.13995738,0.20792992,0.73110163,0.02692032,0.04990602,0.05051396,0.39519164,0.95304048,0.01192470,0.04572899,0.43725014,0.71625423,0.02681853,0.03134375,0.48894173,0.17742416,0.22171402,0.71684748,0.24402609,0.03054823,0.18969612,0.00678296,0.00254848,0.60621792,0.18392368,0.76731175,0.09145755,0.22956474,0.27065408,0.92346001,0.08789399,0.03251212,0.00284782,0.59729344,0.02351805,0.44305885,0.12231054,0.00032312,0.34580147,0.15700673,0.08598357,0.30453780,0.08864565,0.00000014,0.63385516,0.00309510,0.17809960,0.30793276,0.03309080,0.55217224,0.00644864,0.00041521,0.05564646,0.00713392,0.17615002,0.09979419,0.72463715,0.90921175,0.34019521,0.06838775,0.04038088,0.52370578,0.04211563,0.00965277
0.04399624,0.62074524,0.00712422,0.03592371,0.43279526,0.07219294,0.54499906,0.02754176,0.85911113,0.02499945,0.00009173,0.16040264,0.00130880,0.21006432,0.03436352,0.77828985,0.74381971,0.00045251,0.04237399,0.84599894,0.83096153,0.59606451,0.27368537,0.46858892,0.29512835,0.13128057,0.00821577,0.01935581,0.63998294,0.23250976,0.00809782,0.55583555,0.11938357,0.16789620,0.62830746,0.07241249,0.00390002,0.62407726,0.34657919,0.34635043,0.03479246,0.31405568,0.61423218,0.26257294,0.71595085,0.36315414,0.38268018,0.52479118,0.00218883,0.95928150,0.01027184,0.00230667,0.00824262,0.01221412,0.26853472,0.21509244,0.00471023,0.50322473,0.27540177,0.00250124,0.29600736,0.31690109,0.46225026,0.00139959,0.06377150,0.00512429,0.00238786,0.14252281,0.06683060,0.22053066,0.27123782,0.19929236,0.43587834,0.06495355,0.00667091,0.61133355,0.00373792,0.00687765,0.07191379,0.19667175,0.29719016,0.10772122,0.51956618,0.90058100,0.33257478,0.08123492,0.01090752,0.00356132,0.72821051,0.26351619,0.51451951,0.20588188,0.01009434,0.09977451,0.05370338,0.09733186,0.19154741,0.03027034,0.00000035,0.00039704,0.00009581,0.05457883,0.56069291,0.20713241,0.38175020,0.07209580,0.07892807,0.25811136,0.01155514,0.20707357,0.04883255,0.05420120,0.84135169,0.35140228,0.10449786,0.05163369,0.55786496,0.20423943,0.01025050
0.27506828,0.51837993,0.00655503,0.65679705,0.53588605,0.12925410,0.59170198,0.03617916,0.75196940,0.01363716,0.10900678,0.07684714,0.02017326,0.55920124,0.00291242,0.08185516,0.01901774,0.76986456,0.02190856,0.19467062,0.60896564,0.00501128,0.42404988,0.36055088,0.51464832,0.30513364,0.01211055,0.06897835,0.87743998,0.11788848,0.00085728,0.30502403,0.03899669,0.05677530,0.13869821,0.09940812,0.09203652,0.50393188,0.12205111,0.01659478,0.53226072,0.08599248,0.00077065,0.41664478,0.99168235,0.02047979,0.81833225,0.73744273,0.00041029,0.93607950,0.01479223,0.00842814,0.26385906,0.00208029,0.45650998,0.96623576,0.00681278,0.20621672,0.22509997,0.13232285,0.86171955,0.64307749,0.03254213,0.00148027,0.02750316,0.72172743,0.47229764,0.22991408,0.39432976,0.14030930,0.55789059,0.14583413,0.15679310,0.03705271,0.70417368,0.28628236,0.08122028,0.01100939,0.01165611,0.54142517,0.13994768,0.38385493,0.21456029,0.08248956,0.05517380,0.07057331,0.32306698,0.00106973,0.23013613,0.31692404,0.81296724,0.03959939,0.17426407,0.40639704,0.06117164,0.02014484,0.27539936,0.01952503,0.00013975,0.97809273,0.00016369,0.00065775,0.60069513,0.26310998,0.80612141,0.25867847,0.00025622,0.22018072,0.00459792,0.64207435,0.02819349,0.30112213,0.75177830,0.37741914,0.40232790,0.05326158,0.40310904,0.00144790,0.06358685
0.47319958,0.55106813,0.00101447,0.05712875,0.34413993,0.04935650,0.18353501,0.28280181,0.11395373,0.00023661,0.80241215,0.09378389,0.00023806,0.29479194,0.00038525,0.12685718,0.05593689,0.00059787,0.02933457,0.34675315,0.12908433,0.48850650,0.57816237,0.46915168,0.18400203,0.11841534,0.64485729,0.47687763,0.77721947,0.31075537,0.08262392,0.03079700,0.00591811,0.32313162,0.05135750,0.01373073,0.04212919,0.97581899,0.24224660,0.00048166,0.81155598,0.08021652,0.00034303,0.46677312,0.00415231,0.01414334,0.65645969,0.53678709,0.03930725,0.74468982,0.05852390,0.00018308,0.91492599,0.00009831,0.17041835,0.00690881,0.34881067,0.65520978,0.06777479,0.09049638,0.05425440,0.71211648,0.27854145,0.00004605,0.00193396,0.01675732,0.97102660,0.04555550,0.84147918,0.15445469,0.51276881,0.07964620,0.85472107,0.00025583,0.25659043,0.68422234,0.75950384,0.00433115,0.46945438,0.46505678,0.93086630,0.61075962,0.95747858,0.00359410,0.51316696,0.08788496,0.37470388,0.00049324,0.37736571,0.32058191,0.52851379,0.00414749,0.00560105,0.01978014,0.07379164,0.00710453,0.19219072,0.01184145,0.01062899,0.00076377,0.00083428,0.00052251,0.55829495,0.14064382,0.74584907,0.06539571,0.00004197,0.42227969,0.01055707,0.13320193,0.19802018,0.25801182,0.94991165,0.31269541,0.06971454,0.30489159,0.59499520,0.36845070,0.11875737
0.04258773,0.84005660,0.00003898,0.67751658,0.18258485,0.36052817,0.10061599,0.31566715,0.73097461,0.00004761,0.71141213,0.04197002,0.00001267,0.10573448,0.00061629,0.92485899,0.17151348,0.05496266,0.00049818,0.73516220,0.30420569,0.79060364,0.87460625,0.53672069,0.27110174,0.24907456,0.02450137,0.18771644,0.92125261,0.60070699,0.75124562,0.03369640,0.00025073,0.65404230,0.01148715,0.00022922,0.00027556,0.87961030,0.83195084,0.00818711,0.06408950,0.03943364,0.00497329,0.34290284,0.00027885,0.23775138,0.76498735,0.25232601,0.90173054,0.89862037,0.01244629,0.00001237,0.65152472,0.00084252,0.05112832,0.00783557,0.97569007,0.82655299,0.07887571,0.53032964,0.02534285,0.71762013,0.92099184,0.00006570,0.00095708,0.76626456,0.00808097,0.04570802,0.30523548,0.36556908,0.12593715,0.01581509,0.82141286,0.00156006,0.00020721,0.27885041,0.11924099,0.00100591,0.94533604,0.02904877,0.97285026,0.02220210,0.07797815,0.04854023,0.88194430,0.11270020,0.74880391,0.00150177,0.25945655,0.00345331,0.69127285,0.00454573,0.00032466,0.19549672,0.10380732,0.00809393,0.10402865,0.03785096,0.06308480,0.97791356,0.00032393,0.00033819,0.21604605,0.17014015,0.91964090,0.14078347,0.03910101,0.61105841,0.01674115,0.26859841,0.24722946,0.04050633,0.99673730,0.35351685,0.01859104,0.40120170,0.76079738,0.00223426,0.12099546
0.00582571,0.38929397,0.00004439,0.12740625,0.17971188,0.04927241,0.00561312,0.00404585,0.96812189,0.00192695,0.00563745,0.09193383,0.00004056,0.27873760,0.00418597,0.93857664,0.54575789,0.01652671,0.00040559,0.78929770,0.44203657,0.01646655,0.93920910,0.73081833,0.03855135,0.05148830,0.44467905,0.01663973,0.75396281,0.53594112,0.06551620,0.31721351,0.00088534,0.04940821,0.16563417,0.00497133,0.00082716,0.98799384,0.92157090,0.06583347,0.81521279,0.00202391,0.00245362,0.06665932,0.00341076,0.61873317,0.95209676,0.76741511,0.10183198,0.94703645,0.00794999,0.00003429,0.08039951,0.00099066,0.96377802,0.71487641,0.83397645,0.90280420,0.04908149,0.01103165,0.04167406,0.62398022,0.98739433,0.00236322,0.00056033,0.01348613,0.84542233,0.03040417,0.08060222,0.05222489,0.50002527,0.14943364,0.81803685,0.00124624,0.05208264,0.08843235,0.00074493,0.00191640,0.55906707,0.07731886,0.96450609,0.00860778,0.96138090,0.80147302,0.99492115,0.07410885,0.37763500,0.01112851,0.08517110,0.01228408,0.82614458,0.02112739,0.00054994,0.02402236,0.07309121,0.00087315,0.06946853,0.10977942,0.41961277,0.00674103,0.00315184,0.01262291,0.43080798,0.08478372,0.87484521,0.10119314,0.00031376,0.20930368,0.00243477,0.03667924,0.18637109,0.28753224,0.99811536,0.01869161,0.02860312,0.22597614,0.82192039,0.00085165,0.04240324
0.01087800,0.56447715,0.00021114,0.19918402,0.21662299,0.05316776,0.20992531,0.01462788,0.70777929,0.00331443,0.02321225,0.26968652,0.00028429,0.03637197,0.01285346,0.73477381,0.10789633,0.03396454,0.00188774,0.70878911,0.06561033,0.32171434,0.50730592,0.20803295,0.48719260,0.42810509,0.03146631,0.01413700,0.40437838,0.08175030,0.09510260,0.28557315,0.00686443,0.17215016,0.23162717,0.09092527,0.00084855,0.42686421,0.24563760,0.01583274,0.45889804,0.41718718,0.04748768,0.54387712,0.02492770,0.14157198,0.09498920,0.67929858,0.08207136,0.75968474,0.04486244,0.00057191,0.29082039,0.00541780,0.39717171,0.51211470,0.39315996,0.33919871,0.01803850,0.04145089,0.05319035,0.39450896,0.79893905,0.04311091,0.01604685,0.22550167,0.35375342,0.01600968,0.01737172,0.33379236,0.11002399,0.63855034,0.51933658,0.56551677,0.03534965,0.35838431,0.07256479,0.00639610,0.46866110,0.42461994,0.85032159,0.04999140,0.48565245,0.15217502,0.85270488,0.04892606,0.12294838,0.02679943,0.21688296,0.08823100,0.37026900,0.02660475,0.00401886,0.16280307,0.03333268,0.17680283,0.34492525,0.26238754,0.00486996,0.18973871,0.01068700,0.62003303,0.38685828,0.03272499,0.45003906,0.01640096,0.00081585,0.05089648,0.03054831,0.10972030,0.11318375,0.64722043,0.76939547,0.36780882,0.02353413,0.01686176,0.20112228,0.03164120,0.00756922
0.00980389,0.66948593,0.00001096,0.87941235,0.00178544,0.16875079,0.10566045,0.02203181,0.96665102,0.00061715,0.11942379,0.28038403,0.00002223,0.07083537,0.36577684,0.34398270,0.34547895,0.35470092,0.00015879,0.98505312,0.01887145,0.11053849,0.81352681,0.05293183,0.22510028,0.58023810,0.00536067,0.00363093,0.22164027,0.00099400,0.65868884,0.06512895,0.00141858,0.58755243,0.01547543,0.44569972,0.00056679,0.49066794,0.17717318,0.00176141,0.95255405,0.11743431,0.00040517,0.84608322,0.02676066,0.01864019,0.03922576,0.75712442,0.11732174,0.67689198,0.05252244,0.00011565,0.94699210,0.00030883,0.20250563,0.98762125,0.99084675,0.96956801,0.00112738,0.03346856,0.00256170,0.27009723,0.97579354,0.01185795,0.01046053,0.82370627,0.98760325,0.00050826,0.21639244,0.53442645,0.40759861,0.75748354,0.92221028,0.49627322,0.69487274,0.25075465,0.77643639,0.01019673,0.64196265,0.41537836,0.96289551,0.21870574,0.72864962,0.00294882,0.97175860,0.20774537,0.01119956,0.08550302,0.01022855,0.00595119,0.00482236,0.15482128,0.00006586,0.03452475,0.63446462,0.11730668,0.00636141,0.76761520,0.00133021,0.87220871,0.11264264,0.91685146,0.09401065,0.00113512,0.42362258,0.00208544,0.00002942,0.09868784,0.37804377,0.55008185,0.13828065,0.45176592,0.92210311,0.84930855,0.00674413,0.00519967,0.12996891,0.03100914,0.00153429
0.00036057,0.92052436,0.00008869,0.02526977,0.00516163,0.16700576,0.06859390,0.00801478,0.99145305,0.00266457,0.00254260,0.55526578,0.00000498,0.03949878,0.08174948,0.44143632,0.81472677,0.00088210,0.00557979,0.98428530,0.79216886,0.97456038,0.78295994,0.10839286,0.18023659,0.15773039,0.01010627,0.00267423,0.13727576,0.04016916,0.19453612,0.67591614,0.00626498,0.23654126,0.07162274,0.71285528,0.00076600,0.50363111,0.24071722,0.17372265,0.00695779,0.15751675,0.41141948,0.86612028,0.00972740,0.97140676,0.00077667,0.94235313,0.30069873,0.48927149,0.04824603,0.00010829,0.05072988,0.02349820,0.33531284,0.76850772,0.98220378,0.93532258,0.02361028,0.00089795,0.00331562,0.33860609,0.98746502,0.03133636,0.00264196,0.00019542,0.02449904,0.00264050,0.10405198,0.60909301,0.09107665,0.87553573,0.99249297,0.12797582,0.00084730,0.24238710,0.02066514,0.01822777,0.88908279,0.16105643,0.99228293,0.11085638,0.93307912,0.49143928,0.99690080,0.04203792,0.01872194,0.02811750,0.19395971,0.01015268,0.00155017,0.24825363,0.00009119,0.01576804,0.70409572,0.08790568,0.01527740,0.58627695,0.00918213,0.00087286,0.07064316,0.88608074,0.25206476,0.05750182,0.13813247,0.00683964,0.04677025,0.03419406,0.57437372,0.05255149,0.32223505,0.22194226,0.86435354,0.95165467,0.00192364,0.02977577,0.48357779,0.75120115,0.00046629
0.00098374,0.87819409,0.00006985,0.87936538,0.00536733,0.07272560,0.26481655,0.00719715,0.94911522,0.03404958,0.00718838,0.74975079,0.00172411,0.98722136,0.06202937,0.00400206,0.43502447,0.76023328,0.00108713,0.98538423,0.80099434,0.01847110,0.80384171,0.44307709,0.61369896,0.13482997,0.51258522,0.00217506,0.14533871,0.01487617,0.00460691,0.97388905,0.10056467,0.03626252,0.00672228,0.23396477,0.00401181,0.23203295,0.63813370,0.85168749,0.80415440,0.14425209,0.79829210,0.89546150,0.07292754,0.75722581,0.02340407,0.71474725,0.01942843,0.29001325,0.07361522,0.02398431,0.00031197,0.25820938,0.23718989,0.89680105,0.45652938,0.93641394,0.01383149,0.09024626,0.38895386,0.33027220,0.17699140,0.06089325,0.01817733,0.92184514,0.02137085,0.04285140,0.16121286,0.30608916,0.57197863,0.75685668,0.95796382,0.84551537,0.19961593,0.22741252,0.00197936,0.02578972,0.28986368,0.22016409,0.84273434,0.11110982,0.21946998,0.84912133,0.02650155,0.05187500,0.00833996,0.28187802,0.46775034,0.17502677,0.01774297,0.33544078,0.04370934,0.07770541,0.14195181,0.32218760,0.00003587,0.66510326,0.00311876,0.88671094,0.17255291,0.82617950,0.15046543,0.19708796,0.36535463,0.00671253,0.04089772,0.72163534,0.03766348,0.01425383,0.00000102,0.73589003,0.95192873,0.73178744,0.00070953,0.00090772,0.33077672,0.00022457,0.00068634
0.01046054,0.72076112,0.00011531,0.01544228,0.04511163,0.25195706,0.46828923,0.02791992,0.40784183,0.05765602,0.09631168,0.55908567,0.00100945,0.83429170,0.13148999,0.00752920,0.49322125,0.35330805,0.03192550,0.58075887,0.89083785,0.19618183,0.61364007,0.12962969,0.54543382,0.07078677,0.08706415,0.10283906,0.23234802,0.03265356,0.00582437,0.20523350,0.09101178,0.49760514,0.81258428,0.87893963,0.01254752,0.45438108,0.34625420,0.50624919,0.26513165,0.27091715,0.00106068,0.87956107,0.12590083,0.00110322,0.00765293,0.48180097,0.00488701,0.58011091,0.15061802,0.00716178,0.00358349,0.00087710,0.97036874,0.98371261,0.01001013,0.75154871,0.08579925,0.01361112,0.69014776,0.26365453,0.05063418,0.20373972,0.07498496,0.00076610,0.99327523,0.00823835,0.23628555,0.52966350,0.17640251,0.68761235,0.02447442,0.86518335,0.74075985,0.13081534,0.04346021,0.05306875,0.01781855,0.06912585,0.53441548,0.22213621,0.95193475,0.28870311,0.16791941,0.01191735,0.04234504,0.05128513,0.14063087,0.61335790,0.01124233,0.09614118,0.07559069,0.33950138,0.80152321,0.42416477,0.00166362,0.55623347,0.02657745,0.00026040,0.14301334,0.74416459,0.29225144,0.01348062,0.45896232,0.09873301,0.00000016,0.13087735,0.12368236,0.01995146,0.00004619,0.93526047,0.69430190,0.52298367,0.00081220,0.01032370,0.24642622,0.46386990,0.00496549
0.01694134,0.90777194,0.02931546,0.83053350,0.02011141,0.19626735,0.62836301,0.01475531,0.02499768,0.00022491,0.17312594,0.49855524,0.00187956,0.26281208,0.00367557,0.21451835,0.00048078,0.00012539,0.01195443,0.04776795,0.69721317,0.84609079,0.53694499,0.10211975,0.62817949,0.31116280,0.00087805,0.04654866,0.66517448,0.04799803,0.23460636,0.00946311,0.06703219,0.88624781,0.00747404,0.61347497,0.01167776,0.46053332,0.36418813,0.07038701,0.19896555,0.22548749,0.00223821,0.94336623,0.01492130,0.00192938,0.04107018,0.53100806,0.17692292,0.52168536,0.15987636,0.00598798,0.69927686,0.18674670,0.01713344,0.00199534,0.70835376,0.63149530,0.10675342,0.04069967,0.30152285,0.27473256,0.30923048,0.06416549,0.19173223,0.84303808,0.03902241,0.01659922,0.14531150,0.57768565,0.11249235,0.72553462,0.12485749,0.87035066,0.00245166,0.18416925,0.12038980,0.18708786,0.06741444,0.00973460,0.45515883,0.29796439,0.02791246,0.12001994,0.08029170,0.17189148,0.02261008,0.02726504,0.14377770,0.31026199,0.02976965,0.03059557,0.09024040,0.31880164,0.52473605,0.30676508,0.00276036,0.61760300,0.02494785,0.87244701,0.10608934,0.23894012,0.29331732,0.02569148,0.67623270,0.36699519,0.01954306,0.21065778,0.33819228,0.42252755,0.08513112,0.32669777,0.95097953,0.38956422,0.00386225,0.00446597,0.49627838,0.33319247,0.01689325
0.03821183,0.49696881,0.00226785,0.00929411,0.04252144,0.47695062,0.29058599,0.02943131,0.86174297,0.00039066,0.14936888,0.27804670,0.00291976,0.08048312,0.00220698,0.30271304,0.09107134,0.77039987,0.01368708,0.40761209,0.38276693,0.04336902,0.81409860,0.32150650,0.58197004,0.28695515,0.02497427,0.00507993,0.32203376,0.06029174,0.77081251,0.01720151,0.06533151,0.60125738,0.05881270,0.40076980,0.00028000,0.74197710,0.30113637,0.02060910,0.04653960,0.39183736,0.15507354,0.91138905,0.01023258,0.26381809,0.03372326,0.59874743,0.26067948,0.53279901,0.06831478,0.00001424,0.65425515,0.06308536,0.09582117,0.04846220,0.93386668,0.47790274,0.00961185,0.61900294,0.07715230,0.38622767,0.84959042,0.12490292,0.09348046,0.00133001,0.01107857,0.03181943,0.01993051,0.37317732,0.13294752,0.50603360,0.56671250,0.65015209,0.44312465,0.31463465,0.38195282,0.00385614,0.62224567,0.01057244,0.50498211,0.55273813,0.46071014,0.09423216,0.88630641,0.09771549,0.04862172,0.00662034,0.29877302,0.50806344,0.12140719,0.00296010,0.02097704,0.10308915,0.26359510,0.27194679,0.01003625,0.35033807,0.02062456,0.00114379,0.05745658,0.55072558,0.38828617,0.18118750,0.39336985,0.04109723,0.08832573,0.13960873,0.03182882,0.57280600,0.37459520,0.28899184,0.79112840,0.51106805,0.03696598,0.00604772,0.23348248,0.00011218,0.06035779
0.00958693,0.45360199,0.00017318,0.41071740,0.22106959,0.14635073,0.37471294,0.07440251,0.96423405,0.00702654,0.03288088,0.19143847,0.00064299,0.06089203,0.00692746,0.89986593,0.25772893,0.02341914,0.00018298,0.81857347,0.15085836,0.20052668,0.67000091,0.46259141,0.70228934,0.45266077,0.01000661,0.00292122,0.35376838,0.06214980,0.05792789,0.39273435,0.04897473,0.11908592,0.19616285,0.03331328,0.00026887,0.82587892,0.25358623,0.02002108,0.63903773,0.39321122,0.02491308,0.78696072,0.00254903,0.28833136,0.10943029,0.77838397,0.04034429,0.46490264,0.03530371,0.00001038,0.24670845,0.00594578,0.51765120,0.75339848,0.91796589,0.48804843,0.00908950,0.11168702,0.02810596,0.53778493,0.91269493,0.01164828,0.01364781,0.61352664,0.73593086,0.02248651,0.00282662,0.23072770,0.07139261,0.48521408,0.86108798,0.65917081,0.01531351,0.23681235,0.02715914,0.00201933,0.76643205,0.00690521,0.80244529,0.11834098,0.25466397,0.03190485,0.95515490,0.09845679,0.05688541,0.00183425,0.12840281,0.20808515,0.21336925,0.00033889,0.00079401,0.11625889,0.03527110,0.13421637,0.01168158,0.41990566,0.00486968,0.46305406,0.03514520,0.67752385,0.36500546,0.09203685,0.66591054,0.01264960,0.00007508,0.08024748,0.01994426,0.22567791,0.00072298,0.44265690,0.81733847,0.65411824,0.04526855,0.00016758,0.29308784,0.04431791,0.00478566
0.03214807,0.45609996,0.00146604,0.06945919,0.45181236,0.56330115,0.62250376,0.06554297,0.26883379,0.04413537,0.00263896,0.41945645,0.00456448,0.05214152,0.02346909,0.68012840,0.72976393,0.00217207,0.00219887,0.85144299,0.43627894,0.39691803,0.58823949,0.66213292,0.29303563,0.19453585,0.29034463,0.00047779,0.51601732,0.14444922,0.01607214,0.60429734,0.09661294,0.31574321,0.64227593,0.00768846,0.12012427,0.81751204,0.60981351,0.01831497,0.07087344,0.25144151,0.29213339,0.85852700,0.00485289,0.45804882,0.17797427,0.75296843,0.03636179,0.29832196,0.01434682,0.00202890,0.00139979,0.01576895,0.18500787,0.24226643,0.09423306,0.75100327,0.15143701,0.00775600,0.37087139,0.43815646,0.33246532,0.00634148,0.02270159,0.00063652,0.00900086,0.12249253,0.01025356,0.64885485,0.09879959,0.73709011,0.54784948,0.86011368,0.04460998,0.14830302,0.00183973,0.01856571,0.43882787,0.01770066,0.57445264,0.16004691,0.76947218,0.53187937,0.06973755,0.03518280,0.80969399,0.00141060,0.57506359,0.73711467,0.30423713,0.00014933,0.00087672,0.07277078,0.01678584,0.33634895,0.00403156,0.21010044,0.21765471,0.00118169,0.00510904,0.64155632,0.49511951,0.53608161,0.30355272,0.05873684,0.03289712,0.14588355,0.05951242,0.02130148,0.00019420,0.01401435,0.55969852,0.82674819,0.28304219,0.00013424,0.65479505,0.02975260,0.02554192
0.14588411,0.74150783,0.00024393,0.42841455,0.22622465,0.27791002,0.83474332,0.05868989,0.16831186,0.04607145,0.07364892,0.04598849,0.00110016,0.29843533,0.07414265,0.44968265,0.10238101,0.74466747,0.00073361,0.42403138,0.35456210,0.01852367,0.77466190,0.52236432,0.61175108,0.43507090,0.05092759,0.00225513,0.65449899,0.05809917,0.00863600,0.48215130,0.02320633,0.49237984,0.36073175,0.00237198,0.04010092,0.85409927,0.62710762,0.00202232,0.10423350,0.18911588,0.12354302,0.98425126,0.00143716,0.00961450,0.34247452,0.37936896,0.01117794,0.37203389,0.00895938,0.07199189,0.01553813,0.00466563,0.57279962,0.46343124,0.01079200,0.18710434,0.09716051,0.08156101,0.64727736,0.60260242,0.18116292,0.00364408,0.00902438,0.95102751,0.25901815,0.09956480,0.00482797,0.29491043,0.12206268,0.33385944,0.11043143,0.95297223,0.49696484,0.26052719,0.05830478,0.00756582,0.01690253,0.00333905,0.29118499,0.48189336,0.09301023,0.75246459,0.00691658,0.02599361,0.88406795,0.00205993,0.73426360,0.11741340,0.53886598,0.00040136,0.00125535,0.53709668,0.01776833,0.19960411,0.00142136,0.56075954,0.03515252,0.87318981,0.00265739,0.41960061,0.57112509,0.06667451,0.74250799,0.23796016,0.00064035,0.32586733,0.07139745,0.33135581,0.01268049,0.05672597,0.46815324,0.49488541,0.41685200,0.00137799,0.71794128,0.00569888,0.04533117
0.28434095,0.59918046,0.00014661,0.16286390,0.57502884,0.96327680,0.68304020,0.07508346,0.01496909,0.00018987,0.02109992,0.05519549,0.00000892,0.05747741,0.00150776,0.40329999,0.02434599,0.00398350,0.00790013,0.17639478,0.01203466,0.40057305,0.76594657,0.44491929,0.73113090,0.41067302,0.02610625,0.03475686,0.72018850,0.19361480,0.28384736,0.01095365,0.00326468,0.11341232,0.18710048,0.02324785,0.01668460,0.94320410,0.19582930,0.00326523,0.25235251,0.11910848,0.01995530,0.99746519,0.01516361,0.00549344,0.36292732,0.83218873,0.00093996,0.90688676,0.02939447,0.01067262,0.25614941,0.00128227,0.98514491,0.05773233,0.73963559,0.50531375,0.01490208,0.01909096,0.71891814,0.48221788,0.78045124,0.00277896,0.00107726,0.00327529,0.99360722,0.04278591,0.01000147,0.50440907,0.00338014,0.45474592,0.64918673,0.99739504,0.23655917,0.24408439,0.92217565,0.01310864,0.47799161,0.00035048,0.62319124,0.39028168,0.96911103,0.01338088,0.65721411,0.10031381,0.31156221,0.00222422,0.56606144,0.19018207,0.22725002,0.00074115,0.00287215,0.65851307,0.02468184,0.35838848,0.01645940,0.37899032,0.00630677,0.00489506,0.00255003,0.47782719,0.32953557,0.11498216,0.63358665,0.01344717,0.00000929,0.36786127,0.07360544,0.84667611,0.19811225,0.61486661,0.48559019,0.79060310,0.47184601,0.05562093,0.94640565,0.61116630,0.00151673
0.05609702,0.57852072,0.00016653,0.11526275,0.63537109,0.82647192,0.75166845,0.01615364,0.02568407,0.00063464,0.00302960,0.02038235,0.00005818,0.73418266,0.00221853,0.76468188,0.01389562,0.10200559,0.00361870,0.14021941,0.03609208,0.91603112,0.85527307,0.14412600,0.89714962,0.15485069,0.04129260,0.03342022,0.67571020,0.06385142,0.43410721,0.01900276,0.00097537,0.22686121,0.21274349,0.02678770,0.00134974,0.90805906,0.30699983,0.03340745,0.40291220,0.04750176,0.57172185,0.99969888,0.00438953,0.37363470,0.42533070,0.79827595,0.01326378,0.82050306,0.00923784,0.00008037,0.51302779,0.00373678,0.28754857,0.20096293,0.96840614,0.46483329,0.00560700,0.03103985,0.15619017,0.83302599,0.97494692,0.01375791,0.00031424,0.78633618,0.03387923,0.07847867,0.00110751,0.65839517,0.00793170,0.63279682,0.98201734,0.99561590,0.00111922,0.08683873,0.02333757,0.00351232,0.83876747,0.00014700,0.87284899,0.33950692,0.06125075,0.01255546,0.98410821,0.02583269,0.26048157,0.02506176,0.91154814,0.08708704,0.39930969,0.00162001,0.00105502,0.64345008,0.01569568,0.67650729,0.01458172,0.95217872,0.04512570,0.93790066,0.00234153,0.60230696,0.34385169,0.09389336,0.66291380,0.01824681,0.01963390,0.10957921,0.01222053,0.60017669,0.14353102,0.08281244,0.60168928,0.86750543,0.14736900,0.37260333,0.82774955,0.00882018,0.00141259
0.01352372,0.06891459,0.00025115,0.05466419,0.25700882,0.17127545,0.27645159,0.04233873,0.47825691,0.00276497,0.00851741,0.03708107,0.00027575,0.25175852,0.00308210,0.98895472,0.22004843,0.07234073,0.00056085,0.26570436,0.00970322,0.01676405,0.99301338,0.08377144,0.62535667,0.09088276,0.60867417,0.03467710,0.12062559,0.01446950,0.06728493,0.52665818,0.00626775,0.03875049,0.28302449,0.01832519,0.00109748,0.95795560,0.50426304,0.03640661,0.31504047,0.12434416,0.30938596,0.99717039,0.00712816,0.71570218,0.21902397,0.80058968,0.01705858,0.90976399,0.02079435,0.00021083,0.42717493,0.00350084,0.92242098,0.35747805,0.98919737,0.01238990,0.08026935,0.02053875,0.02612298,0.86734855,0.98906875,0.00519123,0.00339813,0.01029791,0.80036730,0.21913052,0.00508922,0.81496799,0.00336036,0.58287930,0.96165740,0.96575081,0.03448642,0.01730936,0.18762921,0.00262802,0.53283525,0.03239993,0.86883283,0.33269987,0.45531332,0.00366705,0.98064458,0.01846520,0.01623433,0.02469995,0.80392671,0.45544803,0.58025986,0.00876514,0.00647551,0.64616889,0.06783988,0.68567008,0.06579250,0.83276641,0.00587436,0.02181468,0.00564230,0.37041903,0.46744052,0.01743484,0.79356992,0.04935267,0.00185631,0.21964096,0.06305370,0.07209678,0.11897159,0.17429332,0.68119782,0.95344037,0.00413018,0.26856059,0.34943527,0.00313831,0.00069877
0.00971317,0.39077204,0.00030471,0.38329029,0.11950288,0.04636565,0.23032017,0.03165530,0.74258918,0.00218943,0.01673697,0.19842228,0.00030784,0.03722512,0.00671746,0.64967251,0.10210709,0.05018069,0.00144912,0.60191059,0.09642989,0.19504821,0.53322065,0.31037834,0.43341461,0.32773983,0.02191779,0.00707837,0.41851786,0.09810662,0.06438982,0.29983148,0.01331231,0.15906560,0.22466114,0.05029919,0.00110383,0.28346720,0.19996625,0.02912503,0.47579744,0.36524633,0.02719393,0.42268041,0.01324439,0.17169270,0.08436598,0.69794947,0.03460760,0.79021960,0.02174245,0.00026034,0.28784323,0.00601602,0.35391891,0.57848114,0.33517569,0.27098858,0.03097643,0.02214399,0.07300030,0.36009008,0.74615037,0.05864369,0.01232054,0.29249850,0.49465057,0.01859639,0.03267272,0.33456680,0.14273900,0.50834668,0.68896395,0.48365146,0.05153530,0.29488009,0.08565817,0.00566251,0.39628774,0.50911152,0.86394876,0.05948741,0.53923637,0.13629946,0.75538397,0.08785947,0.16422492,0.01713692,0.36601093,0.06353631,0.33182967,0.02506721,0.00283870,0.12750529,0.05150643,0.18224581,0.35114977,0.29249322,0.00811963,0.11015599,0.01092540,0.60720575,0.43203059,0.04834184,0.60575128,0.01910660,0.00077896,0.03788812,0.02667578,0.12515573,0.06942213,0.57077789,0.78213608,0.22175176,0.02751844,0.02892954,0.22936413,0.03814343,0.00524050
0.00131062,0.67146456,0.00012752,0.85327303,0.00700291,0.07650213,0.11442674,0.00917191,0.75596595,0.00025014,0.17235734,0.31869408,0.00006164,0.00182235,0.12051909,0.92963654,0.00408928,0.83449757,0.00016838,0.81772274,0.01240300,0.08888808,0.91183937,0.40654844,0.19947907,0.46781385,0.02222351,0.00384786,0.47810763,0.00251639,0.40086690,0.19864805,0.00031460,0.37180743,0.02108482,0.03269962,0.00018521,0.19285493,0.05354520,0.03755254,0.96297348,0.34854054,0.00079043,0.85737824,0.06590779,0.01263775,0.40586492,0.68797189,0.04353711,0.10599915,0.10298709,0.00007006,0.65522796,0.00062699,0.09673049,0.71317035,0.41248414,0.95643294,0.00085585,0.55757731,0.00154608,0.02961238,0.96414500,0.02937094,0.05564832,0.82455415,0.96483672,0.00529046,0.07964876,0.26761001,0.01056415,0.58095258,0.92048115,0.97649229,0.42425141,0.11685984,0.57244462,0.00161215,0.96364337,0.65140396,0.97443187,0.01877473,0.93827921,0.04957964,0.95692486,0.03251725,0.99861968,0.06316084,0.26565126,0.50883132,0.00253345,0.02539655,0.00004415,0.00730442,0.01327389,0.01833531,0.51312762,0.32863268,0.00040647,0.84034288,0.01910965,0.78962761,0.26500711,0.00165844,0.91979247,0.02439009,0.00003935,0.03640946,0.03147997,0.90924084,0.03307140,0.96208942,0.84703213,0.28176466,0.00957022,0.60031348,0.16042350,0.00443269,0.00672888
0.00056873,0.52496392,0.00132975,0.00749036,0.00669080,0.08440407,0.05043361,0.00507482,0.89754987,0.00051756,0.01839584,0.18058859,0.00007351,0.00226989,0.02739985,0.89051867,0.18846758,0.00243702,0.00464102,0.91545177,0.05101108,0.97689688,0.56421655,0.53176516,0.32585692,0.10289911,0.00721415,0.00017403,0.65113974,0.01192282,0.12050786,0.68201149,0.01372432,0.11503111,0.20253550,0.03329442,0.00004779,0.66780829,0.03209810,0.17002273,0.15406896,0.48272479,0.06377745,0.79083073,0.33958498,0.83916044,0.26433903,0.79464972,0.54405975,0.19896959,0.08608031,0.00010733,0.01163086,0.04417239,0.06132590,0.01644364,0.76815403,0.94941646,0.00504987,0.03152442,0.00012106,0.00037246,0.99385053,0.02702194,0.07352330,0.00684728,0.11975125,0.05847487,0.21262273,0.38324869,0.00239774,0.59165919,0.99897677,0.99409574,0.00246948,0.20756970,0.00018140,0.00203616,0.99427480,0.79912430,0.99621201,0.04804470,0.98911369,0.11084521,0.99175036,0.02142920,0.14959604,0.16304083,0.83349609,0.27233428,0.00848520,0.05943548,0.00005412,0.01637043,0.05010006,0.09808802,0.14099516,0.51877153,0.00078043,0.00004687,0.00747314,0.76294452,0.28270397,0.04812926,0.89101869,0.08746796,0.15328820,0.01012267,0.06603607,0.29340488,0.40193471,0.98046190,0.91480052,0.43635586,0.00491556,0.81692946,0.38571975,0.66153353,0.00063268
0.00074389,0.58973193,0.00865877,0.93952030,0.01118676,0.08435800,0.76211649,0.00191724,0.96539617,0.01446026,0.00004756,0.33378807,0.00315960,0.00383281,0.07482910,0.93499237,0.19831382,0.56715709,0.00876586,0.84943193,0.39731118,0.03573699,0.72339195,0.63909197,0.75321823,0.06196865,0.17385286,0.00007704,0.47838610,0.00344409,0.01996694,0.85181969,0.10967136,0.12944654,0.03026330,0.01667154,0.00028706,0.52380091,0.02819599,0.69590241,0.87155956,0.58464807,0.49555466,0.54483908,0.43691862,0.81920689,0.65397894,0.34665063,0.01338394,0.08689032,0.05547871,0.00176264,0.00487859,0.05095222,0.01626392,0.96027124,0.17475097,0.87288690,0.00961338,0.32813454,0.00024414,0.00041710,0.66223699,0.05480999,0.06159068,0.90673375,0.19247589,0.46228316,0.53301156,0.91613370,0.03805222,0.65823418,0.05439791,0.96104968,0.14871795,0.00980897,0.00000017,0.00818587,0.00014178,0.77883905,0.85834777,0.09617042,0.08035849,0.93751687,0.99331403,0.08532228,0.13132399,0.52747750,0.57230163,0.14787036,0.07800056,0.02378559,0.00029359,0.15133870,0.32839295,0.26438889,0.50086272,0.53775084,0.00106723,0.94400269,0.00168417,0.74986744,0.38675100,0.09325595,0.49534884,0.51604939,0.01449188,0.01072168,0.09039671,0.06620956,0.12327231,0.81794238,0.96947914,0.50493628,0.00064605,0.03102250,0.48247868,0.00008811,0.89851046
0.00655563,0.71515936,0.00096816,0.00436972,0.06750518,0.22768292,0.48091373,0.00136279,0.80598831,0.13310909,0.26863834,0.37238285,0.00128848,0.00240861,0.02298092,0.59793049,0.22835416,0.51234448,0.08744851,0.95886070,0.24595368,0.07450190,0.48573500,0.14720002,0.46068278,0.13360915,0.26929334,0.00005145,0.23867574,0.00208019,0.00223160,0.16496387,0.17739500,0.20110098,0.39930275,0.18979968,0.01138998,0.15249559,0.08717570,0.00750418,0.24678105,0.70357865,0.03010612,0.54638201,0.23147003,0.05434353,0.19807370,0.45625013,0.00040199,0.48304459,0.20871168,0.00063611,0.02303937,0.00313319,0.92929143,0.97149688,0.01839309,0.82264942,0.00036359,0.01503862,0.00017754,0.00222378,0.12401800,0.03160024,0.11876939,0.00771123,0.98438847,0.19369167,0.57913548,0.70025194,0.00262596,0.48628637,0.00087152,0.85311896,0.66833210,0.14346510,0.76149005,0.04504292,0.00058581,0.49853316,0.11116537,0.06143910,0.98868972,0.95374691,0.72440827,0.15217924,0.08142580,0.41868383,0.32630536,0.24803045,0.10578819,0.05143584,0.00438183,0.27276129,0.41645882,0.17144933,0.58205962,0.23623595,0.01903789,0.00002152,0.00254683,0.70061827,0.46852374,0.02231568,0.49953929,0.01648470,0.00000995,0.03305874,0.29243320,0.21950789,0.01580747,0.94963402,0.60277295,0.51797426,0.00048029,0.24526317,0.48957965,0.30125293,0.03834932
0.04041445,0.80306470,0.04125259,0.93939465,0.01269573,0.37805483,0.66326326,0.00202374,0.27547094,0.02228080,0.10711768,0.10703009,0.00437879,0.00913704,0.00379396,0.44444311,0.00641886,0.00138538,0.00325444,0.69351208,0.34184331,0.94359815,0.68603504,0.49788919,0.35423484,0.10441191,0.00006820,0.00004175,0.29244345,0.05943207,0.25997955,0.01060504,0.06944723,0.11051706,0.01703497,0.06536900,0.37430334,0.33493140,0.05611624,0.00045807,0.38072422,0.35187599,0.00061430,0.81113780,0.06248539,0.00317118,0.47707307,0.65448946,0.21572497,0.56392068,0.15164338,0.00491603,0.25603828,0.35583487,0.03778309,0.00698404,0.23278506,0.19618025,0.00726811,0.29054055,0.00000084,0.11165027,0.24682406,0.11994255,0.19685693,0.67552590,0.00567354,0.03600479,0.27393568,0.54708540,0.01340375,0.67527086,0.10771278,0.88759667,0.00322659,0.24047656,0.56356615,0.34463298,0.90325588,0.66234934,0.06397094,0.24449606,0.07035141,0.00289737,0.00618153,0.38788748,0.13512698,0.20857257,0.13956681,0.21088848,0.18478742,0.04385115,0.02663881,0.19760744,0.38095844,0.13807131,0.65867150,0.48440889,0.05617215,0.93195343,0.01725039,0.61667109,0.23740241,0.03371141,0.38208494,0.05635901,0.03080127,0.23739968,0.20267308,0.62817103,0.01716560,0.11801698,0.67927921,0.35111833,0.01092566,0.17010643,0.69483060,0.19064048,0.02940032
0.00408832,0.57212591,0.00049876,0.00529211,0.02661348,0.49501330,0.24622965,0.00516885,0.83162409,0.00137121,0.02753097,0.34057304,0.00058461,0.00325053,0.00430714,0.58534253,0.03762430,0.72381091,0.00812070,0.48282894,0.44233000,0.05897627,0.60699886,0.33126768,0.48569795,0.22936521,0.02131233,0.00054940,0.09487988,0.05396667,0.75228482,0.00805362,0.05272126,0.54354066,0.15461425,0.14679238,0.00904233,0.46123025,0.14317475,0.01899076,0.06619300,0.58142167,0.03941777,0.60648531,0.01806072,0.06939419,0.25782865,0.57372761,0.84062725,0.70112234,0.04292154,0.00542709,0.33170083,0.02955839,0.02377562,0.05098180,0.68487161,0.43596214,0.07174618,0.36126599,0.00000029,0.14731587,0.77304286,0.02108725,0.04719847,0.01033166,0.06292882,0.04493386,0.05826934,0.37716216,0.04971942,0.43573293,0.94102979,0.61175317,0.35599974,0.47165525,0.19697356,0.02658758,0.80782998,0.54684854,0.76730531,0.45439383,0.58020830,0.00637486,0.46963370,0.11959715,0.16725530,0.11224828,0.29008928,0.00645225,0.22911714,0.02593732,0.04166710,0.18308346,0.11147174,0.18335268,0.29583314,0.20733126,0.11398674,0.00021015,0.01692062,0.54799473,0.37976217,0.08041733,0.25318438,0.03331410,0.02107241,0.13286349,0.05414335,0.48569608,0.25159252,0.45595819,0.75962472,0.39467770,0.06558542,0.31174338,0.63091636,0.00018592,0.02533064
0.00675711,0.56806934,0.00006406,0.75536633,0.05556102,0.13844517,0.13695243,0.00710052,0.84926462,0.00017345,0.00893286,0.14432213,0.00030068,0.03931072,0.00825415,0.90910125,0.00807815,0.02069485,0.00023725,0.42865708,0.42100936,0.16987154,0.30924585,0.37857798,0.33565640,0.45949617,0.24097733,0.00064321,0.15374252,0.20142327,0.08147362,0.31496754,0.00510433,0.45730981,0.11706612,0.06911969,0.00043440,0.27831426,0.11871619,0.04262680,0.86092579,0.61558026,0.03771206,0.36140507,0.00287353,0.17281948,0.28349718,0.77840912,0.05101444,0.69888192,0.10472792,0.00027387,0.27792695,0.00582451,0.23157480,0.77986705,0.55235922,0.36721772,0.01792954,0.04678012,0.00000212,0.20900644,0.87594056,0.00657176,0.00893346,0.47553778,0.52220619,0.00698421,0.00606822,0.29597586,0.14561960,0.45815456,0.92585170,0.65925318,0.02825295,0.26996064,0.00624948,0.01146681,0.76643389,0.47996598,0.96173453,0.13080722,0.39098397,0.21253157,0.88531822,0.07017858,0.23907542,0.04136701,0.23383062,0.00089541,0.31870770,0.04385502,0.00296229,0.32275927,0.12263319,0.12447120,0.36820325,0.61218238,0.00805055,0.55168241,0.01938645,0.52803743,0.44981864,0.04766148,0.69245499,0.01312377,0.00013553,0.05425643,0.01530049,0.11107904,0.17932682,0.48287281,0.55241358,0.35567433,0.04864573,0.08408698,0.44071496,0.03509882,0.00049366
0.03933802,0.49589881,0.00083227,0.00750481,0.36546952,0.15395644,0.55054647,0.01045428,0.53019470,0.00303333,0.00066119,0.27009365,0.00850803,0.11837699,0.04022139,0.72150296,0.75466585,0.00319230,0.02229952,0.65061355,0.78889340,0.42545879,0.27591890,0.36602420,0.57464671,0.21087633,0.00718061,0.00845965,0.40054768,0.19914867,0.01100349,0.69154298,0.08268236,0.19184174,0.70191646,0.11350512,0.00017176,0.41444030,0.10761997,0.35605773,0.00851724,0.71340126,0.84691364,0.25806531,0.00296696,0.86811233,0.10524672,0.82337111,0.00528362,0.53921139,0.30993894,0.00079067,0.00547738,0.03480019,0.10614665,0.01672698,0.32113039,0.53005880,0.35318694,0.00038042,0.00010900,0.10987677,0.42758304,0.00171742,0.01333457,0.00154947,0.00148242,0.08073178,0.00074378,0.19366042,0.34895006,0.40854070,0.15545984,0.59854037,0.00550690,0.15104076,0.00065903,0.01377125,0.10181855,0.58082223,0.71919876,0.22288845,0.65506530,0.92715776,0.90160495,0.04156936,0.09639310,0.00559294,0.61515778,0.00330573,0.63795459,0.05797965,0.02351047,0.23755987,0.02923348,0.22675362,0.19475046,0.55826604,0.26178938,0.00010080,0.05220490,0.64727813,0.41515377,0.20041947,0.78554362,0.07961605,0.02138095,0.05346669,0.01965760,0.08219711,0.10854667,0.30813700,0.40979642,0.38189369,0.18528660,0.72662568,0.53545809,0.64453298,0.00603617
0.45430323,0.43033719,0.00274637,0.93319184,0.69186670,0.20224391,0.59109914,0.04219118,0.02112161,0.17100313,0.05355434,0.34685513,0.08781477,0.61321408,0.02451527,0.12971139,0.77637774,0.42987096,0.00911314,0.90931445,0.54725075,0.00608183,0.13792957,0.56358397,0.48383963,0.52148849,0.14687145,0.16116391,0.57193780,0.39957628,0.00054890,0.10877485,0.06861827,0.06652803,0.04265307,0.08392796,0.00957296,0.16812396,0.08114415,0.06366875,0.90551805,0.75475061,0.01331091,0.35863286,0.00212258,0.06801084,0.29445899,0.52558041,0.00015975,0.68279845,0.75676244,0.01429378,0.02200735,0.00444810,0.44660610,0.63840449,0.00561599,0.10164164,0.18338180,0.52555305,0.00504492,0.09581501,0.02882233,0.00057313,0.03615659,0.85364515,0.54989421,0.08958425,0.00023030,0.10166818,0.38439956,0.29652232,0.01094965,0.57135040,0.73760706,0.09744358,0.11243249,0.00878919,0.00496382,0.64331919,0.03210766,0.09531374,0.00307065,0.37357154,0.11031863,0.12647209,0.27460861,0.00001464,0.34984908,0.01877369,0.56331110,0.01416710,0.02376188,0.47610170,0.00397941,0.16664879,0.57700956,0.60929412,0.21779417,0.90797728,0.05675948,0.40586308,0.53910887,0.12359603,0.82458448,0.06647923,0.00077128,0.39633140,0.03087475,0.13322550,0.00001482,0.20672901,0.36385459,0.27218050,0.54028136,0.16969848,0.53833854,0.00633178,0.05162222
0.54290235,0.43655068,0.00948682,0.00397003,0.63812941,0.39634645,0.38101232,0.28922901,0.02640385,0.04760883,0.78236657,0.00020233,0.00167051,0.53384972,0.00479552,0.31573805,0.00178127,0.06807987,0.00565521,0.47291759,0.14684454,0.96621710,0.25995731,0.28183880,0.47206891,0.50679284,0.14268282,0.70609218,0.30732360,0.30796215,0.02017112,0.00148646,0.00679391,0.78527695,0.63277143,0.13201128,0.02933419,0.41709211,0.15584759,0.00008024,0.08818121,0.96230060,0.00011890,0.18978724,0.01182071,0.00099950,0.29184645,0.28557467,0.05316563,0.48134816,0.99161100,0.00286475,0.70457125,0.00047618,0.81553620,0.71454436,0.22773449,0.58938909,0.45738888,0.00559558,0.01158321,0.06394049,0.69675952,0.00115994,0.17583282,0.00132866,0.98767269,0.04315482,0.00002319,0.04294020,0.51337016,0.16551641,0.02521078,0.47451925,0.05907468,0.30928761,0.82834369,0.02392766,0.79126614,0.79327953,0.25578955,0.10420296,0.98299855,0.00052274,0.06368889,0.06720368,0.65008634,0.00000153,0.28396332,0.02529948,0.36995998,0.00398794,0.02542327,0.31514403,0.00132481,0.10446505,0.57035184,0.93842542,0.11670676,0.00012481,0.02345676,0.35987794,0.38140580,0.11427743,0.82281405,0.05220748,0.00000049,0.45266128,0.00694942,0.63394606,0.08014085,0.61912864,0.27027506,0.50018072,0.46717423,0.21585311,0.61800510,0.58456820,0.07661882
0.03365554,0.43193495,0.00732516,0.98845750,0.56860155,0.92450130,0.15721478,0.78572243,0.51897168,0.00002246,0.13593754,0.00109412,0.00002101,0.41336516,0.00003029,0.75152099,0.00005215,0.00267356,0.00046616,0.75141507,0.27969757,0.64326447,0.17839611,0.68378007,0.23901764,0.39875531,0.00029106,0.28274241,0.52651793,0.19178627,0.88994819,0.00943938,0.00064156,0.54588670,0.01355712,0.04524916,0.02623078,0.14871274,0.07299566,0.00030792,0.86648852,0.87664688,0.03544943,0.22993281,0.00705221,0.11971922,0.39140400,0.80374902,0.89808029,0.66014963,0.99993378,0.00115830,0.95868379,0.10620847,0.00221018,0.00945286,0.98505694,0.22670797,0.03774811,0.14156859,0.01415114,0.18217663,0.92110306,0.00026931,0.03982728,0.96018708,0.00117674,0.04607143,0.00002736,0.01400473,0.53606069,0.06366268,0.98193491,0.48539254,0.00070284,0.26030794,0.42576376,0.00177995,0.98644263,0.95752561,0.95715684,0.16831748,0.00831927,0.00753896,0.19260895,0.33836424,0.77663314,0.00005926,0.21826325,0.01859101,0.41555798,0.00009033,0.00142064,0.62651479,0.00099796,0.05957515,0.77763194,0.91342986,0.05314410,0.91118985,0.00096365,0.58068597,0.27733386,0.34623054,0.91825140,0.03771757,0.05609383,0.09021828,0.00048932,0.92657745,0.49024892,0.03921214,0.32955769,0.75701874,0.15138021,0.02667219,0.86581081,0.00306731,0.02795672
0.00355581,0.55754453,0.00000071,0.00156513,0.65638888,0.99709707,0.09264867,0.27095062,0.99911648,0.00034346,0.00959310,0.04503325,0.00000008,0.22343993,0.00029414,0.45414096,0.96767884,0.95054179,0.00051930,0.94539821,0.12473348,0.01040066,0.07840460,0.44685102,0.31731111,0.38186577,0.66297299,0.11949694,0.13083278,0.20979616,0.56465954,0.84997499,0.00008186,0.09101988,0.45259231,0.05012213,0.00000571,0.33738860,0.13166521,0.00184311,0.02268327,0.99223298,0.81319362,0.00887965,0.00153361,0.98618001,0.05729442,0.49974835,0.08839921,0.84319270,0.99999940,0.00000030,0.16214944,0.00015377,0.36971051,0.10868767,0.86636448,0.38937560,0.01344387,0.52993292,0.01648782,0.32528001,0.98725414,0.00012085,0.04752068,0.00012178,0.05310210,0.06162066,0.00004135,0.03812716,0.27664965,0.01992849,0.92654985,0.68561959,0.91272849,0.30294421,0.01993376,0.00002311,0.74088663,0.94677448,0.99810821,0.04078279,0.99781173,0.93453062,0.99541622,0.02358535,0.64976966,0.00068659,0.65229112,0.00048235,0.22681995,0.00018065,0.00033500,0.63286287,0.00858644,0.07994818,0.45483387,0.93886191,0.01263891,0.00001772,0.00027840,0.75951660,0.29798263,0.10313782,0.96878332,0.00649898,0.01640560,0.02669649,0.00259554,0.26210111,0.09894504,0.76092857,0.10216210,0.88315856,0.04387330,0.01171933,0.84686041,0.05279106,0.07176876
0.00824556,0.73014659,0.00000699,0.99347842,0.25775045,0.99490875,0.19635919,0.34046820,0.98658621,0.04500749,0.00008714,0.00468957,0.00000091,0.36461928,0.00037545,0.97179282,0.94084966,0.00007123,0.00001211,0.86680144,0.07292124,0.97490454,0.10809645,0.29956734,0.29360637,0.22036764,0.20353982,0.01321716,0.07297467,0.19942001,0.00046002,0.85105383,0.00008714,0.01411484,0.64584011,0.00037480,0.00000853,0.24782109,0.08620324,0.06842014,0.99624324,0.88151699,0.00285392,0.06059065,0.00027030,0.22919255,0.35722560,0.85524559,0.00004140,0.89308661,1.00000000,0.00000466,0.12369917,0.00037364,0.96618479,0.92371321,0.06403202,0.14347495,0.04192898,0.00033362,0.02229514,0.45305434,0.98182333,0.00000895,0.00766881,0.92012614,0.99789119,0.02145556,0.00006602,0.06786865,0.11221606,0.00566209,0.85331899,0.97270364,0.01176717,0.09802640,0.00005058,0.00026724,0.23513971,0.97494602,0.90587896,0.00113884,0.99988639,0.78577316,0.96925193,0.03842093,0.34975448,0.00236803,0.64165026,0.00027559,0.33849758,0.00036985,0.00002611,0.77785307,0.01619332,0.01118494,0.60217160,0.99847370,0.00106942,0.92078578,0.00064718,0.79528922,0.34386510,0.00798415,0.98071772,0.07297369,0.00000809,0.04882544,0.00111193,0.00705561,0.00005630,0.74345392,0.15226586,0.73548341,0.06736881,0.00636245,0.97719800,0.93316644,0.00079823
0.00118814,0.03110773,0.00002061,0.68568003,0.00575048,0.04571416,0.08434520,0.01611527,0.85056043,0.00066564,0.34240532,0.08915196,0.00003452,0.00494466,0.02228367,0.79267961,0.00256428,0.75919449,0.00027433,0.71537191,0.00029862,0.19173110,0.76905531,0.02174952,0.27894127,0.38932103,0.01041408,0.00511639,0.01872262,0.64794749,0.39603028,0.36882487,0.00511516,0.01124264,0.01908427,0.42500907,0.00033822,0.04377447,0.04641987,0.02376370,0.85661870,0.75103825,0.00034560,0.13754770,0.22014865,0.00128793,0.21907923,0.68733054,0.04240132,0.95034373,0.05676387,0.00010011,0.77279299,0.00020984,0.31453496,0.53747082,0.66656554,0.01940885,0.00264184,0.96684033,0.11281479,0.98585784,0.90591800,0.17246199,0.00035222,0.54214901,0.99354619,0.00212176,0.04244277,0.40426359,0.95792311,0.65256089,0.97169805,0.53933221,0.65730274,0.18839450,0.70469153,0.00229080,0.30191472,0.01224454,0.94145471,0.70248044,0.72786766,0.01262702,0.90128970,0.07022063,0.43631253,0.05639948,0.05365360,0.02020590,0.99956393,0.02171818,0.00026357,0.46317601,0.02231107,0.00614876,0.97226399,0.36939353,0.00038527,0.93274218,0.10129001,0.31651840,0.02552071,0.00225415,0.39124024,0.00110968,0.00000589,0.35012379,0.02225533,0.05053925,0.30940112,0.62002790,0.51221871,0.94487792,0.00318306,0.00290071,0.10370404,0.00200938,0.00098184
0.00036277,0.17695922,0.00018985,0.03489723,0.08979279,0.09516510,0.12759620,0.01509405,0.94661129,0.00118822,0.01632453,0.16664004,0.00000475,0.00130672,0.02242280,0.97772104,0.07727295,0.00140968,0.00053726,0.83297354,0.00001928,0.95844400,0.90829283,0.13774987,0.05381223,0.41251206,0.00139920,0.00168300,0.04418757,0.43270743,0.62079382,0.91876709,0.04079028,0.17081901,0.08354918,0.58653796,0.00009360,0.01367185,0.19679844,0.08065986,0.00505850,0.96055657,0.17254968,0.12379269,0.61430961,0.19425741,0.01878332,0.74575520,0.21201685,0.97597533,0.09257756,0.00039539,0.03375194,0.05595410,0.03777646,0.09380694,0.91224873,0.01398349,0.01502777,0.16584472,0.01267290,0.98341209,0.99726456,0.05376857,0.00030023,0.01098276,0.65971047,0.00251433,0.06078848,0.83673280,0.88301128,0.64032513,0.93567097,0.66052032,0.00163669,0.00033003,0.37679139,0.00342700,0.72034746,0.00283352,0.99875635,0.55203998,0.91467720,0.31642142,0.99012160,0.01364701,0.21950540,0.03851172,0.23004089,0.02718417,0.97544611,0.02083898,0.00026279,0.32106847,0.17030627,0.00000759,0.99224341,0.42663109,0.00216452,0.01196791,0.05226369,0.79883754,0.00973455,0.00044609,0.11843637,0.00112063,0.00373717,0.10112920,0.05480680,0.09520669,0.87392551,0.88670421,0.86252159,0.94161630,0.00040455,0.01252079,0.26901942,0.68937021,0.00146636
0.00008299,0.31064028,0.00059457,0.72768748,0.05998432,0.09424613,0.56464386,0.00799856,0.81614381,0.03112305,0.00007644,0.63279212,0.00006572,0.00317053,0.01924849,0.87207448,0.91861123,0.12719475,0.00094217,0.67322117,0.00086759,0.00082043,0.83867717,0.04940505,0.00011924,0.10030595,0.01808171,0.00035350,0.02351364,0.29578915,0.16256604,0.94358140,0.20169081,0.01711946,0.07390767,0.18338484,0.00034158,0.03288267,0.31723106,0.35631219,0.94741255,0.88678312,0.49439240,0.33119664,0.13080738,0.83208108,0.05510050,0.15965143,0.13116145,0.94850785,0.01891705,0.00091971,0.15548675,0.16094767,0.37978119,0.47842044,0.53184605,0.00082579,0.00714271,0.46585092,0.02290940,0.93411428,0.78168100,0.11671200,0.00164340,0.93053299,0.00396568,0.00774211,0.08183946,0.83828390,0.94996351,0.54704183,0.64089680,0.52010179,0.07600097,0.00059695,0.00027093,0.00223857,0.56866831,0.03975661,0.95483124,0.15416825,0.19715905,0.34280214,0.73719907,0.00835705,0.02022978,0.66887069,0.35501489,0.04091421,0.94757330,0.03063702,0.00346064,0.31890747,0.35576314,0.00003002,0.98690861,0.48047066,0.00173020,0.94471782,0.15952204,0.66136491,0.00946436,0.01374937,0.26195401,0.00743510,0.00702849,0.23144892,0.40314227,0.00100189,0.01335393,0.63546860,0.92620325,0.76086372,0.00155829,0.00716885,0.59003216,0.00049023,0.01879662
0.96675009,0.33211723,0.00158034,0.04100191,0.04695829,0.15362440,0.88959509,0.01248701,0.10252388,0.24283607,0.05335237,0.90173030,0.00031115,0.02632295,0.07463725,0.86252725,0.13298491,0.61777103,0.00213504,0.09731440,0.00006860,0.55050695,0.86853707,0.14804278,0.00009510,0.12578663,0.34790933,0.00045385,0.06290887,0.31282717,0.01781379,0.27962378,0.11590440,0.00292517,0.43520114,0.43138963,0.00330855,0.12482865,0.10111469,0.02462917,0.00815759,0.60217899,0.00111982,0.39163613,0.14039502,0.21296100,0.16881153,0.15765589,0.00676053,0.81288266,0.11320661,0.00689472,0.04504757,0.00026472,0.95885164,0.98248941,0.03960957,0.00995955,0.00240140,0.06103177,0.32620424,0.70376086,0.00237647,0.12816033,0.00201160,0.02724844,0.99735481,0.02246587,0.17175777,0.64137739,0.71383023,0.66399187,0.00386880,0.56233567,0.99493504,0.12283029,0.01554829,0.09551725,0.02026443,0.20856552,0.04862092,0.44158944,0.95854890,0.34011531,0.49612278,0.00151763,0.11735664,0.25905395,0.21700004,0.11704988,0.82862538,0.22211578,0.02103036,0.07961089,0.48390165,0.00218664,0.95438081,0.32968161,0.00064901,0.01470194,0.35342935,0.91932923,0.12359916,0.00005109,0.38594639,0.08573589,0.00011821,0.21219340,0.31778586,0.00242849,0.02863780,0.77297670,0.44500983,0.22952332,0.00521692,0.00358970,0.28028339,0.34964120,0.01131753
0.59551978,0.62515485,0.01387668,0.73317462,0.05049540,0.13325718,0.72566104,0.01560198,0.01395746,0.01279382,0.20051564,0.47445014,0.01615453,0.01538046,0.03122826,0.45034850,0.00033429,0.00420130,0.00830380,0.23160821,0.00121764,0.99576718,0.55212593,0.29994494,0.00036219,0.22646691,0.00802885,0.00160938,0.27420354,0.14707281,0.05050577,0.00815215,0.02630453,0.28728753,0.03474722,0.27522603,0.18311839,0.14280568,0.01771695,0.03928445,0.83718681,0.60690451,0.00191897,0.64962918,0.04441164,0.00163061,0.08056377,0.05235542,0.04520260,0.87051433,0.13511094,0.03359783,0.00838074,0.05961209,0.00912655,0.38839683,0.05915948,0.09043461,0.00000449,0.13887198,0.32987878,0.75990498,0.01993561,0.09561765,0.00102874,0.62147987,0.43061671,0.01105279,0.48385149,0.91331410,0.70920777,0.57602137,0.03389529,0.24146676,0.00011036,0.35430023,0.16896684,0.15344694,0.12883453,0.21961835,0.02189318,0.38474894,0.03985078,0.02745630,0.39584705,0.00134861,0.38724706,0.03119799,0.43293947,0.26444951,0.68452138,0.18735336,0.02778059,0.11554066,0.19544135,0.07729024,0.80233109,0.31536913,0.00811016,0.81675667,0.18397871,0.85616070,0.20573260,0.00038391,0.65201402,0.21124329,0.02513682,0.32645139,0.66756034,0.02507035,0.23962112,0.10720792,0.63227582,0.23845993,0.00322414,0.01248952,0.25909397,0.29408318,0.02231422
0.02645124,0.37535974,0.00013976,0.00816273,0.09345774,0.09727569,0.56679505,0.01046326,0.79866004,0.00144847,0.27798396,0.12673762,0.00449774,0.00540333,0.00153455,0.25844339,0.03766766,0.86182904,0.01407126,0.65972203,0.00301109,0.00004718,0.53175807,0.32994652,0.00293530,0.44553405,0.01732357,0.00441643,0.21831205,0.07126365,0.46082389,0.01698522,0.01955949,0.24171849,0.00321811,0.39151523,0.01241134,0.20827059,0.07399373,0.00267221,0.01068262,0.69303209,0.08019359,0.59266907,0.00307542,0.01286993,0.12245193,0.05227324,0.50528246,0.89977372,0.06566315,0.00368900,0.00262443,0.09710262,0.27695435,0.02613052,0.61630660,0.12326864,0.00000129,0.64424080,0.06965811,0.69720733,0.83255237,0.23598373,0.00276039,0.02815460,0.00072474,0.02047047,0.30514586,0.67141819,0.56152618,0.47061631,0.66699630,0.30567852,0.34189564,0.54182583,0.58388180,0.05902870,0.42768994,0.41447380,0.84393400,0.05135490,0.59359831,0.00805067,0.81256264,0.00019898,0.17682217,0.01206767,0.31262696,0.42089257,0.59846371,0.07243384,0.05486562,0.08592339,0.15786433,0.18036546,0.65300769,0.14958730,0.07549578,0.01846780,0.01479277,0.57760751,0.30203626,0.00219368,0.63861263,0.09541450,0.03138597,0.31015518,0.20303603,0.27817243,0.73821151,0.44457725,0.68197268,0.21429649,0.01257942,0.02356445,0.21425442,0.00015419,0.00899354
0.01444205,0.42371145,0.00003655,0.17760049,0.19864494,0.01468139,0.37433332,0.04157429,0.89133447,0.00145599,0.03159731,0.07264860,0.00020062,0.01524668,0.00289646,0.87487376,0.33479729,0.02815356,0.00210624,0.66450793,0.00623049,0.39465642,0.43022713,0.23672891,0.00972586,0.53407073,0.02454915,0.01534632,0.18446578,0.10494357,0.05634323,0.35411403,0.00631829,0.05236060,0.22781970,0.08894829,0.00028528,0.18498869,0.03574391,0.00841609,0.71865845,0.59224254,0.03045914,0.44015032,0.00021513,0.11881339,0.21980862,0.42479914,0.17660962,0.84181201,0.01091146,0.00007270,0.05963314,0.00124430,0.21307753,0.52098233,0.63514525,0.15853408,0.00001620,0.00045500,0.05775838,0.60245395,0.97012782,0.05232776,0.00351409,0.29934132,0.66249788,0.02487532,0.01413513,0.51910841,0.55876172,0.32634896,0.81962347,0.39714599,0.08324331,0.42621398,0.07346090,0.05806207,0.32653126,0.20114245,0.96454799,0.00803951,0.49093598,0.01824870,0.75991285,0.00071441,0.16737397,0.01707074,0.16602211,0.08060382,0.47450483,0.06020346,0.00241403,0.08904894,0.12031943,0.14165577,0.67507321,0.22597502,0.03230315,0.26941964,0.00518567,0.61005700,0.27791697,0.00049090,0.77011281,0.01793020,0.00318604,0.26406103,0.12262563,0.05027752,0.07281300,0.81436700,0.70644140,0.25276756,0.02931167,0.01684796,0.27315375,0.02863242,0.00159384
0.30786344,0.45123133,0.00578346,0.03019642,0.14558271,0.00644723,0.77831215,0.02199531,0.45777124,0.01728274,0.00016601,0.10219619,0.00109225,0.03176218,0.02068096,0.74982524,0.42500478,0.00114629,0.01782854,0.42916447,0.10237042,0.36082068,0.43641889,0.47170871,0.02552132,0.28319341,0.27105093,0.03427461,0.32417923,0.19856936,0.04056723,0.64523453,0.06720898,0.01266088,0.38628265,0.05188312,0.00006195,0.42509297,0.07442453,0.07872721,0.00422850,0.58339691,0.55317539,0.53453940,0.00026254,0.89023888,0.13300920,0.81172156,0.12424380,0.74671572,0.00363845,0.00042575,0.03967647,0.06651216,0.04181563,0.39548096,0.62283796,0.10357626,0.00088531,0.00788063,0.31562194,0.55234218,0.54805344,0.06875066,0.00514264,0.01539505,0.03458342,0.48367855,0.02776161,0.67851627,0.81994230,0.61203182,0.24341695,0.37686276,0.00001372,0.39926907,0.00041921,0.10857598,0.20338696,0.65470535,0.65270227,0.05809231,0.09301160,0.73425031,0.25496969,0.00000244,0.11543906,0.03626502,0.55541390,0.24832284,0.31985131,0.14460096,0.01051373,0.20605254,0.29238248,0.31997380,0.33863080,0.13253514,0.30973464,0.00737005,0.00015000,0.60084277,0.37601984,0.05238016,0.57555795,0.37883547,0.01090937,0.11255360,0.26754451,0.02652027,0.06065660,0.68467706,0.79852575,0.37461960,0.19216385,0.08638243,0.49701393,0.54073715,0.00921807
0.29287386,0.30906841,0.18501157,0.28474021,0.32541001,0.00117044,0.92701209,0.02263486,0.00743427,0.15685521,0.00426456,0.01386738,0.00714581,0.34809634,0.04837845,0.69536376,0.07125597,0.25417134,0.01385579,0.14538422,0.03727984,0.00029232,0.47185960,0.29201251,0.00758098,0.58596075,0.54407340,0.11806259,0.37355271,0.21219683,0.00232610,0.11031980,0.00554898,0.10021634,0.79307365,0.07099912,0.00133003,0.37010446,0.01482221,0.11562836,0.90443265,0.47849309,0.09077602,0.72460794,0.00011474,0.12062114,0.25870115,0.37964162,0.00010459,0.66791058,0.00056031,0.01149023,0.46306103,0.02539577,0.59190828,0.87417996,0.00266843,0.09655923,0.00334764,0.16043031,0.65755618,0.44236121,0.00099658,0.03477750,0.00664614,0.35555801,0.04969987,0.25090414,0.03190834,0.61659116,0.94697970,0.57523370,0.05089111,0.41032645,0.70928794,0.26981911,0.00380769,0.00611373,0.10696235,0.19379888,0.00184195,0.19959271,0.07509107,0.73146391,0.16905016,0.00012768,0.40246135,0.04639199,0.21243130,0.01282713,0.32162282,0.00975311,0.03154954,0.16836688,0.28278902,0.42121494,0.30993274,0.05230556,0.03186980,0.47303233,0.00310211,0.39591470,0.40310788,0.40631855,0.76554888,0.34378245,0.00020447,0.38072264,0.63110584,0.01862841,0.04260357,0.61506325,0.75967419,0.12176105,0.45411333,0.03590579,0.30251077,0.00118514,0.22210717
0.28791067,0.57216871,0.06818567,0.09762891,0.42785028,0.00006576,0.41137043,0.09861955,0.03819547,0.00680347,0.30922142,0.00177116,0.00114242,0.11191332,0.22994623,0.99313563,0.01038022,0.01854129,0.00023341,0.18925257,0.01560532,0.98521978,0.68582922,0.06061008,0.00635050,0.58337724,0.03958103,0.40915230,0.20095746,0.24164134,0.00939736,0.01470044,0.00622780,0.72731841,0.27623001,0.49336609,0.02152411,0.28551111,0.00861706,0.00447824,0.00067072,0.67357492,0.00261780,0.34339935,0.00060843,0.00201748,0.12540808,0.28563821,0.00648346,0.65036952,0.00325053,0.00776751,0.97870725,0.00001864,0.77920502,0.44367960,0.04879918,0.35248891,0.01317093,0.00003128,0.45869076,0.71570158,0.02500106,0.25296804,0.02321813,0.08383866,0.98731405,0.07599371,0.02376211,0.59566432,0.96712971,0.83827865,0.26166478,0.47251886,0.05319730,0.13085224,0.51973343,0.00152000,0.87734014,0.10007916,0.02599534,0.25427768,0.13229834,0.00910834,0.70513201,0.00002601,0.49276727,0.00152603,0.04598293,0.00304355,0.29365006,0.01626838,0.00444809,0.21057315,0.01888502,0.15202066,0.43558070,0.02729828,0.03631536,0.03104250,0.00835837,0.38050181,0.68971902,0.13135505,0.92147249,0.07242003,0.00049989,0.40601277,0.88285941,0.34608704,0.00528443,0.41547775,0.60238546,0.03901818,0.26642773,0.49163908,0.38941789,0.38590360,0.12165279
0.12213159,0.44133797,0.00023171,0.73161393,0.40638307,0.00008822,0.65256226,0.43983448,0.35301748,0.00021135,0.10717122,0.00097860,0.00096352,0.04487075,0.06875843,0.99291730,0.06821194,0.00049815,0.00008030,0.95886183,0.03309367,0.18546391,0.65617597,0.27888256,0.04852489,0.67789698,0.00218294,0.15341645,0.34693089,0.13811699,0.24838319,0.02796080,0.00568260,0.79880130,0.00026033,0.53667182,0.03373763,0.32176808,0.06182693,0.00182456,0.28138521,0.58657157,0.00145592,0.65339237,0.00093962,0.03232810,0.20601201,0.02142266,0.93297082,0.84319264,0.00078225,0.00093036,0.71587157,0.13341212,0.00083777,0.02792879,0.96160054,0.57626235,0.00930604,0.08654627,0.05024440,0.88816875,0.99031216,0.80067945,0.00011778,0.30400917,0.27851772,0.06086028,0.00188850,0.12728845,0.98561192,0.49920386,0.93821043,0.80145395,0.00003849,0.57413268,0.61559910,0.00101233,0.97923619,0.07254352,0.74767661,0.00115249,0.15797824,0.00654971,0.88742179,0.00022802,0.57547635,0.00220353,0.01500008,0.00399214,0.38939598,0.00080810,0.00031037,0.16524616,0.62004024,0.26305878,0.34161633,0.00247527,0.03691329,0.68506771,0.06505219,0.34805411,0.51938993,0.60916263,0.97214967,0.06175810,0.04413032,0.21387948,0.06697199,0.69346207,0.30551848,0.50356948,0.49458677,0.00192260,0.09279271,0.22747725,0.25016430,0.01245005,0.07166654
0.01405959,0.18473476,0.00001993,0.07787681,0.86047405,0.00016055,0.05161424,0.19968124,0.95586276,0.00207693,0.00192556,0.01555797,0.00004083,0.07941724,0.00281504,0.95795715,0.65735102,0.57015306,0.00026150,0.95322257,0.02734466,0.00004043,0.85500777,0.05810928,0.26345748,0.50588763,0.09738164,0.02256600,0.19752133,0.21607025,0.90809780,0.45564950,0.00039616,0.11527903,0.50852770,0.01633070,0.00055712,0.17065702,0.03144984,0.00460911,0.79342133,0.50594383,0.35347733,0.29934010,0.00164749,0.58871794,0.29597846,0.08834934,0.24827217,0.88630271,0.00093893,0.00005386,0.65601784,0.01926250,0.08033084,0.88211042,0.87866902,0.26323640,0.01407778,0.09400158,0.01150490,0.58667731,0.96538544,0.01830868,0.00009716,0.15593854,0.01426413,0.00783920,0.00180687,0.41299355,0.98874086,0.24236378,0.98023468,0.60857201,0.72611684,0.28630400,0.82673883,0.00050776,0.91153979,0.18103823,0.99675196,0.00671281,0.44747505,0.78367323,0.97531277,0.00016552,0.18318811,0.00927910,0.00903990,0.01376809,0.28390446,0.00678916,0.00009447,0.18314810,0.04699286,0.32401261,0.11608335,0.00005065,0.03808249,0.02308068,0.01179401,0.66074950,0.08363011,0.94495773,0.96469802,0.00258210,0.00028530,0.15259592,0.01494942,0.75725675,0.28136018,0.95045680,0.71174014,0.47984132,0.07619753,0.14629893,0.20940001,0.00007715,0.10689851
0.02894283,0.11162037,0.00039073,0.44857886,0.88733816,0.00049063,0.07836259,0.22587341,0.84983957,0.00141338,0.00387258,0.05827381,0.00007670,0.02314173,0.00413242,0.99850851,0.08311413,0.04908945,0.00035544,0.34952965,0.02676334,0.81151789,0.95083618,0.02373066,0.71973389,0.74152994,0.03967661,0.01556110,0.50154001,0.32490858,0.01928529,0.83961630,0.00415730,0.06542232,0.12360203,0.10446202,0.00049215,0.17897616,0.04526580,0.11687903,0.06698901,0.86564004,0.01861239,0.62715101,0.00163954,0.24509460,0.10575756,0.59447610,0.00635088,0.78556615,0.00403696,0.00013971,0.34150603,0.00070708,0.85037053,0.93865162,0.76595014,0.14393641,0.01075267,0.00294723,0.01440315,0.57432938,0.86937511,0.30557361,0.00169166,0.63896006,0.96599978,0.10544077,0.01386685,0.24679311,0.95924890,0.13262594,0.77105629,0.32008949,0.02164637,0.37799874,0.03070209,0.00414428,0.84968364,0.09207032,0.95958471,0.21553223,0.02609038,0.60882556,0.93815762,0.00487539,0.04962927,0.02852902,0.10476105,0.04364062,0.05272914,0.00645147,0.00029998,0.07945348,0.30759695,0.32126951,0.17606102,0.00120451,0.00011064,0.83551913,0.00549551,0.75057960,0.22707859,0.21903855,0.98990124,0.00488110,0.00004063,0.03928865,0.01063012,0.22889335,0.09355918,0.34060419,0.96363890,0.44549575,0.00447926,0.11552783,0.06973291,0.66004181,0.30672622
0.00145690,0.43988296,0.00000924,0.77805287,0.05378953,0.28477919,0.08776448,0.00322554,0.96288401,0.00034389,0.16113269,0.33032990,0.00002165,0.00498590,0.00477943,0.65151763,0.11702146,0.54142314,0.00016571,0.85823125,0.01458851,0.10927437,0.44579795,0.00931362,0.22382113,0.34018046,0.00779387,0.00225266,0.98956734,0.00113592,0.41291565,0.04407132,0.00043418,0.95742446,0.02455699,0.08776380,0.00022276,0.41173849,0.45521137,0.03845465,0.96729547,0.22234996,0.00076620,0.48551282,0.00717588,0.00926941,0.03488256,0.80312067,0.11884116,0.96048278,0.05207764,0.00008878,0.93798739,0.00688914,0.12519871,0.99966919,0.94922817,0.16304405,0.00011309,0.00740808,0.01544641,0.27819040,0.97948200,0.18671878,0.00150386,0.94278127,0.99324286,0.00106937,0.06527211,0.25039062,0.05200255,0.39385706,0.93239892,0.12234384,0.75790447,0.83381855,0.76196063,0.02726551,0.78468299,0.11677912,0.99690717,0.00473983,0.92383915,0.00110767,0.97423112,0.03529878,0.72903085,0.06503836,0.95234638,0.00325091,0.05373153,0.05009840,0.00002648,0.02968580,0.02871735,0.02921842,0.77312315,0.79712945,0.00015326,0.90654600,0.02379503,0.94737440,0.05014346,0.00059118,0.80585843,0.00249522,0.00001106,0.00456860,0.04345216,0.49493393,0.09671919,0.66132569,0.69894660,0.00810044,0.00328179,0.00681174,0.28009939,0.00498740,0.00104573
0.00144042,0.89561528,0.00007756,0.00787134,0.93967259,0.21173388,0.03957566,0.00409176,0.97603160,0.00135617,0.00144449,0.44310921,0.00013784,0.01514237,0.03043989,0.95796549,0.79987973,0.00092221,0.00492384,0.90759468,0.14116599,0.99174398,0.13212538,0.11452530,0.35861662,0.05409544,0.04702641,0.00165147,0.95032376,0.00725857,0.38338661,0.89374763,0.04244023,0.61191875,0.28802052,0.22810470,0.00014451,0.64263058,0.51916766,0.18387234,0.05862202,0.60788870,0.23739995,0.47061938,0.05448293,0.89538044,0.03250428,0.77942652,0.35565117,0.93616343,0.06271620,0.00002628,0.01116051,0.14204535,0.01033522,0.99999475,0.97415394,0.23801929,0.00330064,0.00042064,0.03654581,0.02560805,0.99150056,0.08212415,0.00402330,0.00023443,0.00522043,0.11014991,0.12452907,0.29281655,0.01293247,0.56734920,0.95079553,0.11805280,0.00010559,0.98916179,0.01576852,0.01150445,0.92806792,0.27037385,0.99529314,0.00798640,0.97272032,0.20581089,0.99525887,0.02287760,0.12093337,0.13224627,0.99136627,0.03662333,0.03419606,0.02660902,0.00021179,0.01514580,0.19573933,0.08977882,0.88831329,0.40562218,0.00394097,0.00009944,0.01097637,0.96297520,0.08125319,0.10535894,0.30683428,0.00049329,0.02707771,0.00740475,0.02195328,0.02294922,0.25707573,0.94400275,0.61957896,0.03490600,0.00176331,0.08494469,0.34497258,0.52530551,0.00046909
0.00685951,0.84267527,0.00007967,0.94627678,0.60158885,0.04119950,0.53294533,0.00081943,0.40084285,0.03025256,0.00246912,0.68210936,0.00235427,0.37982792,0.04412096,0.94789505,0.89631200,0.42591831,0.00212694,0.29317424,0.79907751,0.00142112,0.60127777,0.47588694,0.37995192,0.15532833,0.44580936,0.01792082,0.92531943,0.00656704,0.00031582,0.97237515,0.05907388,0.01059084,0.09267955,0.13009611,0.00149741,0.65244132,0.64302433,0.34447730,0.92888355,0.30035463,0.58155537,0.50336069,0.07197937,0.86422020,0.02071396,0.90373200,0.00055084,0.99542952,0.02893263,0.00134737,0.00065759,0.54870170,0.02706181,0.99882072,0.06576280,0.05324735,0.01339358,0.38802868,0.19793525,0.08980345,0.97527802,0.05544418,0.00798607,0.93522441,0.00059841,0.11521632,0.10042553,0.05297001,0.00728633,0.49021879,0.53307915,0.33906180,0.17899241,0.93276811,0.00009703,0.01776637,0.08095745,0.19759575,0.66326809,0.00690651,0.61924374,0.64571661,0.19312569,0.03236073,0.11521529,0.76207894,0.99686760,0.07524709,0.29462779,0.07437160,0.00343233,0.11182938,0.18414204,0.33828062,0.89804262,0.33882803,0.00526942,0.90593570,0.05112283,0.92017168,0.06889895,0.05993466,0.57931566,0.00043498,0.04184819,0.01671653,0.04518619,0.00231739,0.00058581,0.91216701,0.77568883,0.00223961,0.00522537,0.00787001,0.45230550,0.00002909,0.00103836
0.01973789,0.70151824,0.00050561,0.00375436,0.25125599,0.11368769,0.59502590,0.00028593,0.02360865,0.08160470,0.12451397,0.58615440,0.00235752,0.05009901,0.01466462,0.64723814,0.01780306,0.30598974,0.03316987,0.33706707,0.57388276,0.18015423,0.64072800,0.26485258,0.67962354,0.05050180,0.48971856,0.27492085,0.82442915,0.01527296,0.00088851,0.05311941,0.13696387,0.27897209,0.39060897,0.63136530,0.01297974,0.49720490,0.46178076,0.21759076,0.11862238,0.45089161,0.00201991,0.48159611,0.16683957,0.00055374,0.00321386,0.95783550,0.00139315,0.99317867,0.11424137,0.00139909,0.11382717,0.00003177,0.91642022,0.99970847,0.03263581,0.18573295,0.00285966,0.00286380,0.12110906,0.08232503,0.52442795,0.28189865,0.03310497,0.00034409,0.99513507,0.09649345,0.02382030,0.07782140,0.02392499,0.75065982,0.01157219,0.33102411,0.72409248,0.94261533,0.11414991,0.01723757,0.05958144,0.24049070,0.10376484,0.10109627,0.98406875,0.01606220,0.06502181,0.02100703,0.01083515,0.01344794,0.88781834,0.15997858,0.14277287,0.09433150,0.00519822,0.14423536,0.24353121,0.34165585,0.29189754,0.10759387,0.01231377,0.00014761,0.18497880,0.83065474,0.20908073,0.01009898,0.17494415,0.00454770,0.00000104,0.10611819,0.15585150,0.02383887,0.02657113,0.93488556,0.75833404,0.00221786,0.01789525,0.07491109,0.63631278,0.44662768,0.00399410
0.03649605,0.90007663,0.02459513,0.94127965,0.13594805,0.08187728,0.54962164,0.00366771,0.01434434,0.00029072,0.07420706,0.30546698,0.00263580,0.04798362,0.00018036,0.63291436,0.00013966,0.00049344,0.01738822,0.33696723,0.83418864,0.87404507,0.36744732,0.37958544,0.52564538,0.17535387,0.00074821,0.08423880,0.69127113,0.04842627,0.38988733,0.00911786,0.28729010,0.61341316,0.01771258,0.40828434,0.04369104,0.29245877,0.63811529,0.02714830,0.77153635,0.38018030,0.00205108,0.59261400,0.28644747,0.00036812,0.00331743,0.85528004,0.27112594,0.98550433,0.05146490,0.00654715,0.43817377,0.05565002,0.06429849,0.99999869,0.63707280,0.13734646,0.00344929,0.08093019,0.20142958,0.12146135,0.00252540,0.21834853,0.01962082,0.85882521,0.10491687,0.09425890,0.06541271,0.45570603,0.02052826,0.72197086,0.29772171,0.34308946,0.00037353,0.91545123,0.16667850,0.00179422,0.51157260,0.43212223,0.49021229,0.53318262,0.03868525,0.02523792,0.02303761,0.09551943,0.02601351,0.01013025,0.77989274,0.07820001,0.36120403,0.07960075,0.01405804,0.23285241,0.61960012,0.32529163,0.48246610,0.14033417,0.02131983,0.88552153,0.07732842,0.50718099,0.28605705,0.01694943,0.49124828,0.18053487,0.00756030,0.11680116,0.06008114,0.28839958,0.14465716,0.05509296,0.56026834,0.04248741,0.00617834,0.06983829,0.62076116,0.10226167,0.00448424
0.01385817,0.68482530,0.00285131,0.00264140,0.11866423,0.17857799,0.16529289,0.00563036,0.87260139,0.00019545,0.16440487,0.46817392,0.00037618,0.02253656,0.00019954,0.40829623,0.27056760,0.77495915,0.01461378,0.60072964,0.65267950,0.01053260,0.68340284,0.51191795,0.57840508,0.16923687,0.04229931,0.01307974,0.66803652,0.06008357,0.76471937,0.01930743,0.05317993,0.55512881,0.11245802,0.61767954,0.00098651,0.43237492,0.65617311,0.02273239,0.08540884,0.42563611,0.11803769,0.66266888,0.35038447,0.37635028,0.00252949,0.70791358,0.49990243,0.83991516,0.04559822,0.00009956,0.21203877,0.00204090,0.06441452,0.99780732,0.84271950,0.18983713,0.00747187,0.63546056,0.15003142,0.31376156,0.44840020,0.31425145,0.03643407,0.00397049,0.00222835,0.04243218,0.01369179,0.20830715,0.05900537,0.69793421,0.44638839,0.36576402,0.55243444,0.80220217,0.41580918,0.00024280,0.60249227,0.38837248,0.85411268,0.23287036,0.53426778,0.08851645,0.79779768,0.07182606,0.02457570,0.00293724,0.68851507,0.27194890,0.50300431,0.01181864,0.02080861,0.12173281,0.59433180,0.31011835,0.51626265,0.08524030,0.02147777,0.00125272,0.03510218,0.54133737,0.41763809,0.08476578,0.50307405,0.03482946,0.02904149,0.03347892,0.02233286,0.18729764,0.38459358,0.66944957,0.59341645,0.05393452,0.03094906,0.09772687,0.30456516,0.00007327,0.03253434
0.01326244,0.64152521,0.00147464,0.62880456,0.19707148,0.03787625,0.15774032,0.02976646,0.95052421,0.00215828,0.03532037,0.11146525,0.00024842,0.03085347,0.00401988,0.89512056,0.09475043,0.00771146,0.00016015,0.59332871,0.47583333,0.25983915,0.54166448,0.43790236,0.55972880,0.16981176,0.07070670,0.00444309,0.90357196,0.17997612,0.01548340,0.34517783,0.00187187,0.01466414,0.09462075,0.22214656,0.00080910,0.45590669,0.34575197,0.00456403,0.74143529,0.38437635,0.04318810,0.33331984,0.02547036,0.26759598,0.01378890,0.83830792,0.00816009,0.84574628,0.01753232,0.00005386,0.38944137,0.00078161,0.40825337,0.96763444,0.27177650,0.12181531,0.00565620,0.11413415,0.03877318,0.30583632,0.89130026,0.02004461,0.03190105,0.58985871,0.74623352,0.01867894,0.00069024,0.31269586,0.05122013,0.64144772,0.75437057,0.66338396,0.00606649,0.68289906,0.04384419,0.00021324,0.50800878,0.33328623,0.93358010,0.03181408,0.36256739,0.05095277,0.95399415,0.08322565,0.04226420,0.00608773,0.71779299,0.07799463,0.46753561,0.01400821,0.00140693,0.03734464,0.28509980,0.14246398,0.62310964,0.16533695,0.01825947,0.49237388,0.00508950,0.71496528,0.48960394,0.03876771,0.69890589,0.00940273,0.00020886,0.00782830,0.01257188,0.04796317,0.01079326,0.68553871,0.76590782,0.08246993,0.04786781,0.02368231,0.47949132,0.04236450,0.00493775
0.02272251,0.89711273,0.00959821,0.02762781,0.11356743,0.02748157,0.34768471,0.00368734,0.78390306,0.06006459,0.00375355,0.72759467,0.00217008,0.09702007,0.00531188,0.46581668,0.07105695,0.00100958,0.00012297,0.57130343,0.83770835,0.48961338,0.44630560,0.79709804,0.37362647,0.01683328,0.25910980,0.00021806,0.65823621,0.21691664,0.01295679,0.10726169,0.07507176,0.01937059,0.61803472,0.13622230,0.02082257,0.46518275,0.18786888,0.07756507,0.21905772,0.14488749,0.53423631,0.56612414,0.00192374,0.16612250,0.00111635,0.67071176,0.00690758,0.50080276,0.01274303,0.00174288,0.01690624,0.01499365,0.37989780,0.04142695,0.15422747,0.24823694,0.08189083,0.00812529,0.21668357,0.41879806,0.94682258,0.09590906,0.03034255,0.00217782,0.01931993,0.16050699,0.00114166,0.30869731,0.13047770,0.74748445,0.45706269,0.85504389,0.00938156,0.94340652,0.00546127,0.00645689,0.72275168,0.66708100,0.74156326,0.15252192,0.46841744,0.12018883,0.60107774,0.15140466,0.06405143,0.00007508,0.90137744,0.25641888,0.58726454,0.00229691,0.00500869,0.04632004,0.15329133,0.28014040,0.86064357,0.08844333,0.24457584,0.00075836,0.00081701,0.39111435,0.90704793,0.36080313,0.32137012,0.06370720,0.05667384,0.05068495,0.01430336,0.00559229,0.12699951,0.44238773,0.55875158,0.07299507,0.21596280,0.03155812,0.93466002,0.04146501,0.02458392
0.19595791,0.88371533,0.00145957,0.84256816,0.02662843,0.01780510,0.63597649,0.07032330,0.14014289,0.00045456,0.01686535,0.50888985,0.04065303,0.24804500,0.01575413,0.47351235,0.07804150,0.47957844,0.00046615,0.86632609,0.78180450,0.00380986,0.47940248,0.19300300,0.89677197,0.01378641,0.06025656,0.00019322,0.93181276,0.08664967,0.00230287,0.03444586,0.21833800,0.02564246,0.14629199,0.76505345,0.00047956,0.47123545,0.33875346,0.01012555,0.39762062,0.07409693,0.00435649,0.47098374,0.00107531,0.01591591,0.01053440,0.50292283,0.02915336,0.78269780,0.04453277,0.00457318,0.31422064,0.00064995,0.10943796,0.38346627,0.09429368,0.19840211,0.01562167,0.03278784,0.29313967,0.34113795,0.28598228,0.27036607,0.02463690,0.69387978,0.08997324,0.25135642,0.00125826,0.10754167,0.18975201,0.63470101,0.15929426,0.94402254,0.33087757,0.62995219,0.05431851,0.27304006,0.16067147,0.89052165,0.04199890,0.28574368,0.41387218,0.20862131,0.02614969,0.06029949,0.52130997,0.00038987,0.66834432,0.19024564,0.94000775,0.00145896,0.02262573,0.05660449,0.07139514,0.07146435,0.93176621,0.07306609,0.13545124,0.73643088,0.00504929,0.16602169,0.61718321,0.13272358,0.72860593,0.53811246,0.00213104,0.02465757,0.01154984,0.02041713,0.28367960,0.15579662,0.46084130,0.04863854,0.10054354,0.02513246,0.97262734,0.00729255,0.00972986
0.04723955,0.96350104,0.00002285,0.02598563,0.05607187,0.00387048,0.72797322,0.05167725,0.33839637,0.00217732,0.01749574,0.28241399,0.00000788,0.13916826,0.01988283,0.85317558,0.01479870,0.00248498,0.00030901,0.85677135,0.10748071,0.32672158,0.79791731,0.37757435,0.64810586,0.00856000,0.24806182,0.00143022,0.65479827,0.05351866,0.29052919,0.00964059,0.00664775,0.10330681,0.30117512,0.50240767,0.00102033,0.45581087,0.09360100,0.01098592,0.50868601,0.03537045,0.01292160,0.76456165,0.00434658,0.00616209,0.02263981,0.63302064,0.08938863,0.77330244,0.04651649,0.00082083,0.28488860,0.00662511,0.97665578,0.99307346,0.51056361,0.35333005,0.01213074,0.00847124,0.23729841,0.50865960,0.38016713,0.11334912,0.00310435,0.01990939,0.95513445,0.00806468,0.00042726,0.30592456,0.30652031,0.46161669,0.59622014,0.98490638,0.03385691,0.85095465,0.08268680,0.00486277,0.90159011,0.85122848,0.80498117,0.08683630,0.81494653,0.13124594,0.06682133,0.06297379,0.51909882,0.00028802,0.39683503,0.13072234,0.78029031,0.00147046,0.00273754,0.04849265,0.11414604,0.17991962,0.62648284,0.01690306,0.01680068,0.00410572,0.00355694,0.66448605,0.41401166,0.42154282,0.55257696,0.10700216,0.00013380,0.04821334,0.03819425,0.12481815,0.41409472,0.83584291,0.31067562,0.10421716,0.01470616,0.01290329,0.75642145,0.49289948,0.01114469
0.01353080,0.96745420,0.00033997,0.47742373,0.11277799,0.02683975,0.35918382,0.14669617,0.21335110,0.00917191,0.01475121,0.14962214,0.00004296,0.12957028,0.00932357,0.80094081,0.03291554,0.22706793,0.00166682,0.98169017,0.04440469,0.11562376,0.38041589,0.29672378,0.70209497,0.01086800,0.02818353,0.00152975,0.72926921,0.05569015,0.12135600,0.03476162,0.00433731,0.06377111,0.31190178,0.42591709,0.00110873,0.22483906,0.20320547,0.01214474,0.31722614,0.03463759,0.04304738,0.83768904,0.02925747,0.09026843,0.00942294,0.66961998,0.03006408,0.65286624,0.02531769,0.00046878,0.63678503,0.00324480,0.14236906,0.87088394,0.55601490,0.38609132,0.02879048,0.01491599,0.13146494,0.03434262,0.34599128,0.02372343,0.00254864,0.28729078,0.05038863,0.01276130,0.00951758,0.31356961,0.23576196,0.82992274,0.80747765,0.82026273,0.00358232,0.97735655,0.02646138,0.00409815,0.52290559,0.69717741,0.66267186,0.09423485,0.56002170,0.13079180,0.92740089,0.24636741,0.76685226,0.02570512,0.45806578,0.06527528,0.80704969,0.01021413,0.00182002,0.19426161,0.08620454,0.10461372,0.09048685,0.23069461,0.01797228,0.58384597,0.00571847,0.70227605,0.17127949,0.35356081,0.54380029,0.00886331,0.00120623,0.09227875,0.03249527,0.02561338,0.07110185,0.39972985,0.43187830,0.26201180,0.01406194,0.00343663,0.42978275,0.07582500,0.02748906
0.04786944,0.78219390,0.00017793,0.24401543,0.06492803,0.06429806,0.12238420,0.00414516,0.93258339,0.00261350,0.01521155,0.27014104,0.00005168,0.05388372,0.00799292,0.84981525,0.25321460,0.05132593,0.00074658,0.61461598,0.04894757,0.03295241,0.10881387,0.08648296,0.70400172,0.11996413,0.07733592,0.00492196,0.59202749,0.18137728,0.09818240,0.12266269,0.00996328,0.29768941,0.22546917,0.08006739,0.00095321,0.11708934,0.30709812,0.02434062,0.69788343,0.06541417,0.01873792,0.92161101,0.01760486,0.01698991,0.14961259,0.72834581,0.02856113,0.78596622,0.03903389,0.00030651,0.40512469,0.00968141,0.45050275,0.84292847,0.34649888,0.28500816,0.01310156,0.03202843,0.35057840,0.38070837,0.59137970,0.04737822,0.00912612,0.25571033,0.32278109,0.02084517,0.00842890,0.51918340,0.04316100,0.70356143,0.58189714,0.60610300,0.05541352,0.88824904,0.01471541,0.00442706,0.20078607,0.51914144,0.84062040,0.09737388,0.61131370,0.19100842,0.73419130,0.07948388,0.11608806,0.02570860,0.65750265,0.04919823,0.85490608,0.01015328,0.00235550,0.08136760,0.03135093,0.03895463,0.07591844,0.19625385,0.00221739,0.27477795,0.01387731,0.35877877,0.36770487,0.05502015,0.28880689,0.00902697,0.00110691,0.02026073,0.03336732,0.21472120,0.30028537,0.79963011,0.47649318,0.03097537,0.02390471,0.00427697,0.31425837,0.01648273,0.03746437
0.00962293,0.50457716,0.00037113,0.21998014,0.17417903,0.05251273,0.28538969,0.01773173,0.68380278,0.00432649,0.01398209,0.14992189,0.00022469,0.01685126,0.00545617,0.65513748,0.08041681,0.06289456,0.00194663,0.55664176,0.05171916,0.24590862,0.49596274,0.19894911,0.32915527,0.35025558,0.03702959,0.01086484,0.24897560,0.09728558,0.08257430,0.19335155,0.01135867,0.25024185,0.12764120,0.08309860,0.00144586,0.48234621,0.18160830,0.01850872,0.58174300,0.36018330,0.02175865,0.45511091,0.02408857,0.18824020,0.11711707,0.72809297,0.03720393,0.85131383,0.03869955,0.00046442,0.15423664,0.00467602,0.32074493,0.43173954,0.48405829,0.33159903,0.03300538,0.02058703,0.04446116,0.33972576,0.73928428,0.03685159,0.00822441,0.30444106,0.44793990,0.01962455,0.03150458,0.48870268,0.10399341,0.49515310,0.49864215,0.42185324,0.07980593,0.24650598,0.05698109,0.00432212,0.36853659,0.31821677,0.74898708,0.08678322,0.48994023,0.15385790,0.77601832,0.08466809,0.11385251,0.02036113,0.22849333,0.08670666,0.42475986,0.01999181,0.00201914,0.10387788,0.03527005,0.15979183,0.50087100,0.40000334,0.00504745,0.13878599,0.01010987,0.56581479,0.29091954,0.05147636,0.50236541,0.02414023,0.00151128,0.03916390,0.04554797,0.13712500,0.05498314,0.47431692,0.77064258,0.22437897,0.02161996,0.03144788,0.33377180,0.02562992,0.00771859
0.00515425,0.84687817,0.00008453,0.94333625,0.56288356,0.12989534,0.20372792,0.00605786,0.93684345,0.00021647,0.28604785,0.42283776,0.00011568,0.01180956,0.01155865,0.99593210,0.01534296,0.64280003,0.00005730,0.83028018,0.06912880,0.37202635,0.96095496,0.06086145,0.09994937,0.02356109,0.01472573,0.00330291,0.12661949,0.00208192,0.19756854,0.32957065,0.00018168,0.38367653,0.73954713,0.46777755,0.00394503,0.87900931,0.05841054,0.00179692,0.97776836,0.06723867,0.00768023,0.76873791,0.00888413,0.07977539,0.00305206,0.62537056,0.01825941,0.99434227,0.03809421,0.00003894,0.56686324,0.02221246,0.25510824,0.92415655,0.21018071,0.99028862,0.01563699,0.02497072,0.00133856,0.05553552,0.95695764,0.02729239,0.00383522,0.97310990,0.98543787,0.00735757,0.01368280,0.15238030,0.02100363,0.60309774,0.71977144,0.19578199,0.77669090,0.59543842,0.62848723,0.00140357,0.97708911,0.92462277,0.97010171,0.01428647,0.75271791,0.99996555,0.98679477,0.12926175,0.01839305,0.03094634,0.00063182,0.00292871,0.05523915,0.00976088,0.12915051,0.09305672,0.48350230,0.32906857,0.60535455,0.90152270,0.00081870,0.84158850,0.04305829,0.36076963,0.64806777,0.00176400,0.62796324,0.00257200,0.00009217,0.02713685,0.05008486,0.14071463,0.23295918,0.83429915,0.74293834,0.46242544,0.01081120,0.00732126,0.08403607,0.00328220,0.00566475
0.00052460,0.86395025,0.00043152,0.01798156,0.70945418,0.18356095,0.10609771,0.00777454,0.98759055,0.00043163,0.02318028,0.10639018,0.00004816,0.00196280,0.05658150,0.99316967,0.07454729,0.00249338,0.00038952,0.56597143,0.87430447,0.99335366,0.84680891,0.56455362,0.03085380,0.01277807,0.17513797,0.00190410,0.36078697,0.00026364,0.08234805,0.80426079,0.06885002,0.48809934,0.98307872,0.63692665,0.00123549,0.83241475,0.75601977,0.05979295,0.12134194,0.31647471,0.07652348,0.94936997,0.03966746,0.77721637,0.00002668,0.90747035,0.29772007,0.94415975,0.11883180,0.00003083,0.01723864,0.04601772,0.15561138,0.00021770,0.00405690,0.98046660,0.01568540,0.00159509,0.00263475,0.06272607,0.99205571,0.00375603,0.00430077,0.06755757,0.00699991,0.22314718,0.08478764,0.41209745,0.01909664,0.61193442,0.96254611,0.14590941,0.00097100,0.99081212,0.00356093,0.03017112,0.99362481,0.95397359,0.96455985,0.04765269,0.78662241,0.97285312,0.99769062,0.04495146,0.00163617,0.03209521,0.00010251,0.05917604,0.00866930,0.04603899,0.01306669,0.05702751,0.35951525,0.10522045,0.79201031,0.73896563,0.00190099,0.00000242,0.00474332,0.84191763,0.18872894,0.02733721,0.92920136,0.00050977,0.05868047,0.00143147,0.00523619,0.01975166,0.42793056,0.94883692,0.75484610,0.72055185,0.00657512,0.01809418,0.04645774,0.80380869,0.00730321
0.00010579,0.73425847,0.00030497,0.93199760,0.19158207,0.10541961,0.33360571,0.01551068,0.95816082,0.02292396,0.00546483,0.87448794,0.00256164,0.00335778,0.08973872,0.95477515,0.06954256,0.70937788,0.00092702,0.50151414,0.98549736,0.00514885,0.90180141,0.76090962,0.14643021,0.07829417,0.09776378,0.00038319,0.63375735,0.00054088,0.00443077,0.63360929,0.03124319,0.02412162,0.82552463,0.40613693,0.00114517,0.71470696,0.43288815,0.60590792,0.86788678,0.25503108,0.54171640,0.77902174,0.06159575,0.91226113,0.00013509,0.98490393,0.02130949,0.97666490,0.03327100,0.00002749,0.00721545,0.09017911,0.00438671,0.96839100,0.00000621,0.00649429,0.19003448,0.04558014,0.28216314,0.41319054,0.89954263,0.01046380,0.05093501,0.84032810,0.03045741,0.56074673,0.07105405,0.38522553,0.01547662,0.15016618,0.42001754,0.19004571,0.13655987,0.55565083,0.00013960,0.03272256,0.00125119,0.90887684,0.36276641,0.02030589,0.29907241,0.99784708,0.95349455,0.05966239,0.02087568,0.92528182,0.00000086,0.08881082,0.24340481,0.07478631,0.03391160,0.50363177,0.26222223,0.34705925,0.57606494,0.81233752,0.01708005,0.97640079,0.00610746,0.89507520,0.16102815,0.00078464,0.89643437,0.00956983,0.03980501,0.00138228,0.02557117,0.06413983,0.06060867,0.69780940,0.91484982,0.67837721,0.01011283,0.04042538,0.34650669,0.00012277,0.00187001
0.00655181,0.70203632,0.00059081,0.02752319,0.12385342,0.28008738,0.64675933,0.00977211,0.83959472,0.02798233,0.07281534,0.37477627,0.00813185,0.00319897,0.05396270,0.78379250,0.30110911,0.25850534,0.01258419,0.08145550,0.91841620,0.10999929,0.66170520,0.74140441,0.30521762,0.05853824,0.16511153,0.00638673,0.62145656,0.00502237,0.00424136,0.16851984,0.09327856,0.03277122,0.89837348,0.61666179,0.01019486,0.54995167,0.38138556,0.19651642,0.89249873,0.20557642,0.01464154,0.91335088,0.05508547,0.01285907,0.00022508,0.92519069,0.00187705,0.96740639,0.10285807,0.00038730,0.03536413,0.00146265,0.92450613,0.53235966,0.00433432,0.18541898,0.01421214,0.00319562,0.07290637,0.11943561,0.47965670,0.01405845,0.02876127,0.07727136,0.99749690,0.24861492,0.13162726,0.43157390,0.00836993,0.21868546,0.00698792,0.24008000,0.73609173,0.87493521,0.59265989,0.01147664,0.01074393,0.96175218,0.30609217,0.03618641,0.99601954,0.00781892,0.48040661,0.05130068,0.00542186,0.50204694,0.00000034,0.42658833,0.05143780,0.12655981,0.02426998,0.68539369,0.02566287,0.11458851,0.57112575,0.46653524,0.00526654,0.00003889,0.12288721,0.63113636,0.35312501,0.00744634,0.40488318,0.00255457,0.00000554,0.02540010,0.13915037,0.19071704,0.35619888,0.76919621,0.76697659,0.55117685,0.01325409,0.02594377,0.36024487,0.42850325,0.00462455
0.01319469,0.56211418,0.02724854,0.92377895,0.17815135,0.05500478,0.24370094,0.02636789,0.23503883,0.00275740,0.20282136,0.36505920,0.01252814,0.00635606,0.03789881,0.89873028,0.01302776,0.00057671,0.00823284,0.01378970,0.72834510,0.88412893,0.50285989,0.42318764,0.31520513,0.04826155,0.00007058,0.01245403,0.80053288,0.01027453,0.08537786,0.05614745,0.06280626,0.56600857,0.04564646,0.42947164,0.01351308,0.53966635,0.47779036,0.07365622,0.60657459,0.26843354,0.00126627,0.96826327,0.17114303,0.00283641,0.00002222,0.88692361,0.22365321,0.87767792,0.14684689,0.00808329,0.16467005,0.15612686,0.09806637,0.08953946,0.95148909,0.33501545,0.10214525,0.12641403,0.07220165,0.22526361,0.12256339,0.03641843,0.00797514,0.73560178,0.00913152,0.12578450,0.19112036,0.50196296,0.02729352,0.27629116,0.41867447,0.12515302,0.00029767,0.59458506,0.07828680,0.06348425,0.87066346,0.82682860,0.73182184,0.48564160,0.01398352,0.00004488,0.01529402,0.04218133,0.02467975,0.26071206,0.00002213,0.66115195,0.32714087,0.17550299,0.00060909,0.36888850,0.00411476,0.20841782,0.56812859,0.63892889,0.00822142,0.94646668,0.15909208,0.52465004,0.14927839,0.03703265,0.49273407,0.00126712,0.03596797,0.05048301,0.12562466,0.02482527,0.05273124,0.07936435,0.90561903,0.25230935,0.01146653,0.08757938,0.41460514,0.16972376,0.01413897
0.01011851,0.64243948,0.00099304,0.00637790,0.10904530,0.11821052,0.28181159,0.03371145,0.83218861,0.00120389,0.23039611,0.14247718,0.00097426,0.00608009,0.01427879,0.82594573,0.09295998,0.69944930,0.00744179,0.28878671,0.31860173,0.02664546,0.60926408,0.33531761,0.35159048,0.12744188,0.02126566,0.01761241,0.51338691,0.02099234,0.68930727,0.02126499,0.05694408,0.76275682,0.25400069,0.48544681,0.00225199,0.76355511,0.51443309,0.01507453,0.20025596,0.24331984,0.14214210,0.82180703,0.12091448,0.11818137,0.00003115,0.70382547,0.35491604,0.68647605,0.08626588,0.00436777,0.42397901,0.00414615,0.02142873,0.45650780,0.92151803,0.20868410,0.24045733,0.21136816,0.04846232,0.33112991,0.42874765,0.03993720,0.02150648,0.03201736,0.02836169,0.08619909,0.17015079,0.35008785,0.08912924,0.19840671,0.52639878,0.23913327,0.46183136,0.43202534,0.17847429,0.02634354,0.78752679,0.79965186,0.81502616,0.29904893,0.78817755,0.26489779,0.67170185,0.02627444,0.22162244,0.01133196,0.00200611,0.38420781,0.27761042,0.02463652,0.00001518,0.29661298,0.00867098,0.31928313,0.29460263,0.59641379,0.01670015,0.00026885,0.04095197,0.46845785,0.22763790,0.18410972,0.28701121,0.04584152,0.01408698,0.11071008,0.06804484,0.09170635,0.27110067,0.16758913,0.91993415,0.19017833,0.03992958,0.03186353,0.20216191,0.00014424,0.05131984
0.00985980,0.38731655,0.00017213,0.61273569,0.15468816,0.02637447,0.34768301,0.03888145,0.79990363,0.00433665,0.00699602,0.13471203,0.00010649,0.01242148,0.00311389,0.91454494,0.04164517,0.01612659,0.00162750,0.60848737,0.41869384,0.16333418,0.53575158,0.40576482,0.42993221,0.27683160,0.06621560,0.01124417,0.73180854,0.06064146,0.07211314,0.28027454,0.01058693,0.28814119,0.21887046,0.17656170,0.00090569,0.45036587,0.24230722,0.01638142,0.82040417,0.23070566,0.01470337,0.63625908,0.02635729,0.14243467,0.00046513,0.93552691,0.01222813,0.87855548,0.03832782,0.00080603,0.13904333,0.01174563,0.20743665,0.02423373,0.02299179,0.21061687,0.08910051,0.02993714,0.12088862,0.29965013,0.64068317,0.00221167,0.01939862,0.34980214,0.75075942,0.01569512,0.02728752,0.38366246,0.07049008,0.25033733,0.64288962,0.21443222,0.01481549,0.26558575,0.03652436,0.00287794,0.45971131,0.45992178,0.73862123,0.15128797,0.09858020,0.91847807,0.92494279,0.01066709,0.27537662,0.00574502,0.03048947,0.16944216,0.34715712,0.00948849,0.00000147,0.27745548,0.00157785,0.15591416,0.35065219,0.58900565,0.01611027,0.72214174,0.01675439,0.69567078,0.25262061,0.03909714,0.42803800,0.01416390,0.00048999,0.07082440,0.05567121,0.29743472,0.17011952,0.22018753,0.90429771,0.29108354,0.03235268,0.04986322,0.29670981,0.04066835,0.01245038
0.02650266,0.62363297,0.00115641,0.03265439,0.39671096,0.00868872,0.43209222,0.00765129,0.49108019,0.00269141,0.00084184,0.02933525,0.00283055,0.08022002,0.00324223,0.82311636,0.71490610,0.00119549,0.03442741,0.67035782,0.75858903,0.66544312,0.17761321,0.75366974,0.63003403,0.19920959,0.00328857,0.01495389,0.67610967,0.26796252,0.01675212,0.41363603,0.33121079,0.06099473,0.21191606,0.39060846,0.00595315,0.58281898,0.16938153,0.17707290,0.30940819,0.36020446,0.75681639,0.86023057,0.20000188,0.46324486,0.00170263,0.50978297,0.01132656,0.84000242,0.01905482,0.00145499,0.01242853,0.00314912,0.07144821,0.01802113,0.00372155,0.11081199,0.69150293,0.00160178,0.22834131,0.33982781,0.75635600,0.00252167,0.06830607,0.01988056,0.00281017,0.07034843,0.44872698,0.83109182,0.17877541,0.03181703,0.15984738,0.34978962,0.00326892,0.61134332,0.00430501,0.00032289,0.00907866,0.77241832,0.58851439,0.02730836,0.77119184,0.50706077,0.51488632,0.00565849,0.11708530,0.00005907,0.12988305,0.60454696,0.23986435,0.01885869,0.00072209,0.12827456,0.00348451,0.16227482,0.43336040,0.39279264,0.26437506,0.00022590,0.27391088,0.64035290,0.17252365,0.24746509,0.31991598,0.13459019,0.05639188,0.02185527,0.11771322,0.39022237,0.24307129,0.07659405,0.95026970,0.27482155,0.26615047,0.06852217,0.53553379,0.12716435,0.21160616
0.13242193,0.53267598,0.00089264,0.69348669,0.33698064,0.01078792,0.80870539,0.00349136,0.14492968,0.00966076,0.04232769,0.11187741,0.00989951,0.27852890,0.00029905,0.00719166,0.28705260,0.33882865,0.00114661,0.05717144,0.55995882,0.02218713,0.14035791,0.58360922,0.48226082,0.85122639,0.46713090,0.03499241,0.55554503,0.50588775,0.00098647,0.10541540,0.12858406,0.02128518,0.20773001,0.54099905,0.01680647,0.35708755,0.05656441,0.00577930,0.99008775,0.16659613,0.00497810,0.96888143,0.82758075,0.04063056,0.01354408,0.91301894,0.02181028,0.89929837,0.01032742,0.00658391,0.01736722,0.00013105,0.60589880,0.95037711,0.01585646,0.01202788,0.70110017,0.00373425,0.45908993,0.28330246,0.19179863,0.00170380,0.13698892,0.54006332,0.77447003,0.10899273,0.44238254,0.25567052,0.52128369,0.01060406,0.05336228,0.18654694,0.05031103,0.50401157,0.02022449,0.00104690,0.00252518,0.85929626,0.05558153,0.09238496,0.00968473,0.00182755,0.05803171,0.00104070,0.41193309,0.00122652,0.01704187,0.81441075,0.42413354,0.01518992,0.04233271,0.21981886,0.00008238,0.38289315,0.47950137,0.67036796,0.05660706,0.91741675,0.03061279,0.54883826,0.28077307,0.32388020,0.12675925,0.08148311,0.00002266,0.14575675,0.02593633,0.77141529,0.04458547,0.11069031,0.97200620,0.35291439,0.58551067,0.01278704,0.86281919,0.00238908,0.22386587
0.48071983,0.65572917,0.00017482,0.00747478,0.59923768,0.00124417,0.11493507,0.27390286,0.84561396,0.00087545,0.94816607,0.27871397,0.00002595,0.02562568,0.00026425,0.72629333,0.61316127,0.00039426,0.00049422,0.01348968,0.01760669,0.37936243,0.08338284,0.51692748,0.39505577,0.97035271,0.34638062,0.05446868,0.89268303,0.60722029,0.00488019,0.07190471,0.00045834,0.55993253,0.16183323,0.00719454,0.00397028,0.59031552,0.02724153,0.28587773,0.46743721,0.23268418,0.00087276,0.99598891,0.02184909,0.00300565,0.02980983,0.29695889,0.00488728,0.14210527,0.02066717,0.00000971,0.50480336,0.00021243,0.92891836,0.04177207,0.61602062,0.02178037,0.34289265,0.00112392,0.44389150,0.05903293,0.53110331,0.00085157,0.25604802,0.04350865,0.90955317,0.01485456,0.00998350,0.54859746,0.43478671,0.02010238,0.32435453,0.05129859,0.40420219,0.94625562,0.10488522,0.00369584,0.77566981,0.75768942,0.93300962,0.03437829,0.94858378,0.00208611,0.25664306,0.00105174,0.56177181,0.01607682,0.01966768,0.09994330,0.09957104,0.00846648,0.00278993,0.33122164,0.00022778,0.46256456,0.13544260,0.58927447,0.02268918,0.00213582,0.00187311,0.57951564,0.27636608,0.13746712,0.03143119,0.17803600,0.00001073,0.09120824,0.00373738,0.98150671,0.02952062,0.21303384,0.97790200,0.18265280,0.08464506,0.10673060,0.42169294,0.62033713,0.01281719
0.02129706,0.73109949,0.00037798,0.56357312,0.02563529,0.00060518,0.02422620,0.07945174,0.99031490,0.00025082,0.01325697,0.07399909,0.00003347,0.01287166,0.00142081,0.62139064,0.17434014,0.00067074,0.00024127,0.34978649,0.09652024,0.88202983,0.06443379,0.48424336,0.07990764,0.96984273,0.01673988,0.03158263,0.94594085,0.60547024,0.78588277,0.03618693,0.00026501,0.23528011,0.00094332,0.02046634,0.00055699,0.17650217,0.26369897,0.01000786,0.53260380,0.04500554,0.00254111,0.99657124,0.01899438,0.09258109,0.05268512,0.92020100,0.02595165,0.39609155,0.00447336,0.00004334,0.36999798,0.01841493,0.02588426,0.02203787,0.63710052,0.02007376,0.31986275,0.03224163,0.08422493,0.70094812,0.83743870,0.00038194,0.01220887,0.26740512,0.02368067,0.01029558,0.00434872,0.44056731,0.60486114,0.00131666,0.90298051,0.40301406,0.03451664,0.89348346,0.00181544,0.00177034,0.88709491,0.45542568,0.95773107,0.04625269,0.52882165,0.97723275,0.57595426,0.00127568,0.21572646,0.00558829,0.49656951,0.07951830,0.04141915,0.01485380,0.00014427,0.11782495,0.00429392,0.63922465,0.68423712,0.96233404,0.33555090,0.96915573,0.01562309,0.79977047,0.13922966,0.08871723,0.13105823,0.57768184,0.21528912,0.06983521,0.01542320,0.23870708,0.21559685,0.15407187,0.99874520,0.03665353,0.07953597,0.00559618,0.25767425,0.02584404,0.00849514
0.00168087,0.58021349,0.00013222,0.01934505,0.04116337,0.00949283,0.45405775,0.03313836,0.98135030,0.00083652,0.02007136,0.06268457,0.00012523,0.00059096,0.00239456,0.79025936,0.86180174,0.05180802,0.00098201,0.33401170,0.75044376,0.02065969,0.07353193,0.86705333,0.16874823,0.90835500,0.14632091,0.01465268,0.88204998,0.21624990,0.10398114,0.72676200,0.00411672,0.34231406,0.05806201,0.01811621,0.00031987,0.12661894,0.07389788,0.01247254,0.78405905,0.32288140,0.00764064,0.95321989,0.02927693,0.12225801,0.29259312,0.88540024,0.01922299,0.09957536,0.02467164,0.00029658,0.24482009,0.00451161,0.62738937,0.58497161,0.48069569,0.02731656,0.50217140,0.01608832,0.03839509,0.93595862,0.74271792,0.00695430,0.02394898,0.17657217,0.76838291,0.04311721,0.02437272,0.81172919,0.78854603,0.03542714,0.91786498,0.09661254,0.06434501,0.83920789,0.00239276,0.00361267,0.11045344,0.53440887,0.76781958,0.01710458,0.51269799,0.93934810,0.91367316,0.00512456,0.33701876,0.01476850,0.21062425,0.06113242,0.03340300,0.01297883,0.00063723,0.01311285,0.01606376,0.90074885,0.52713305,0.57714868,0.02494768,0.00477968,0.01341874,0.81090808,0.05438595,0.02920032,0.08738757,0.24499764,0.00049475,0.08855761,0.01736670,0.03224108,0.03366102,0.38690346,0.99724191,0.55744857,0.44991666,0.06579096,0.08879910,0.00986773,0.00460439
0.01489991,0.42547297,0.00021188,0.32111651,0.14527357,0.07069942,0.16515191,0.02213506,0.81230521,0.00405418,0.01907697,0.18833727,0.00022560,0.03200915,0.00567450,0.74070692,0.17714478,0.04606842,0.00187331,0.69764960,0.04747674,0.31584325,0.50788200,0.22718224,0.49047279,0.49691138,0.02175404,0.01145671,0.42480493,0.08217461,0.07292442,0.29920822,0.01185969,0.15848444,0.20515347,0.06957333,0.00129178,0.46878141,0.19013628,0.01769843,0.38554254,0.32526284,0.02583527,0.49085683,0.02566464,0.08571528,0.09659074,0.81080240,0.03763405,0.75724846,0.04151379,0.00036539,0.27457851,0.00845108,0.30110893,0.54173028,0.41570795,0.26584116,0.02441555,0.03249794,0.05087620,0.55628121,0.77372199,0.06844248,0.01433797,0.18065622,0.47439611,0.02245300,0.02289803,0.47745275,0.09946392,0.65042573,0.70550704,0.46293700,0.05936738,0.28463462,0.05416078,0.00541389,0.56259978,0.40719971,0.81649619,0.03687014,0.51484460,0.20029992,0.84402132,0.04686472,0.15755732,0.01247572,0.19805324,0.04035701,0.30989909,0.01523313,0.00269451,0.09914482,0.04383074,0.13219269,0.43848160,0.40436774,0.00939806,0.16064569,0.01403274,0.48354790,0.39231920,0.04980165,0.58984280,0.01591229,0.00088610,0.07287659,0.03067572,0.09181669,0.08771127,0.48802328,0.69475096,0.20382592,0.02756043,0.02067739,0.28684476,0.03284070,0.01123414
0.00044016,0.99278194,0.00002088,0.93304384,0.00207063,0.01935174,0.31039965,0.00371688,0.76475674,0.00050214,0.08881806,0.27861744,0.00002766,0.00211626,0.00111732,0.94792539,0.00582513,0.24426837,0.00054165,0.54864919,0.00210496,0.14720856,0.02886558,0.01697112,0.04702608,0.91979027,0.01159245,0.00060232,0.09237655,0.01363441,0.60753846,0.02756646,0.00203265,0.73148203,0.23750956,0.21992011,0.00005319,0.99805117,0.57139403,0.00565459,0.93618482,0.93007493,0.00021368,0.06337605,0.00284571,0.01659677,0.95363718,0.68344903,0.18745160,0.90879303,0.02856313,0.00005726,0.83362937,0.00024879,0.37242213,0.92066228,0.96255207,0.93758196,0.00337201,0.15397418,0.00085225,0.68315560,0.97299439,0.04287745,0.00206194,0.90898615,0.96845740,0.00145957,0.01057386,0.40159366,0.00423377,0.16003743,0.90976584,0.77381766,0.29171175,0.34108910,0.59302217,0.00598066,0.79183638,0.74642748,0.95195121,0.08198612,0.69503379,0.00384935,0.87240684,0.20264670,0.01863023,0.08661143,0.00759720,0.01879000,0.00108226,0.00483167,0.00006560,0.08545003,0.10223827,0.87910879,0.95113313,0.27140939,0.00012790,0.87478107,0.14319444,0.62767124,0.56446522,0.00143745,0.85811949,0.00131691,0.00001985,0.00042029,0.05105940,0.93959522,0.10463867,0.60644454,0.94588763,0.07232946,0.00377034,0.00285524,0.39691406,0.00240251,0.00038597
0.00086786,0.93818283,0.00015642,0.01081284,0.00111831,0.04016504,0.25318664,0.00242806,0.95755428,0.00057041,0.00903871,0.42387605,0.00001550,0.00182873,0.02485082,0.98075324,0.31604341,0.00030050,0.10984920,0.91060305,0.25031638,0.97744823,0.00001622,0.00257079,0.06198633,0.10928691,0.00501165,0.00029816,0.29638767,0.01375217,0.40707535,0.81962436,0.00487234,0.45845765,0.70880771,0.44349247,0.00032346,0.99816203,0.66487604,0.11301371,0.02115710,0.96052992,0.08882295,0.14200501,0.02084262,0.81965268,0.98668075,0.71575856,0.46189049,0.22434603,0.04684373,0.00006591,0.00047612,0.03660613,0.46768221,0.11699029,0.93564856,0.91059977,0.01628020,0.00420916,0.02712998,0.21091811,0.99792492,0.03677817,0.00152020,0.02623377,0.42030013,0.01574958,0.01503543,0.71343386,0.02393335,0.23054294,0.05096351,0.87435025,0.00010404,0.93737429,0.01267493,0.00903534,0.90746278,0.45968771,0.97965509,0.03426939,0.96904236,0.08511148,0.99145383,0.16580848,0.00491437,0.07695556,0.24132082,0.04361891,0.00100421,0.00556380,0.00003373,0.10049183,0.23701392,0.59853870,0.92723447,0.08786899,0.00038794,0.00006560,0.09869948,0.76825744,0.80582798,0.01025948,0.83958817,0.00015866,0.04642882,0.00003124,0.07609123,0.22945377,0.64616686,0.93598527,0.96809882,0.25457898,0.00123364,0.02601412,0.24078339,0.45853856,0.00034365
0.00085703,0.70822489,0.00054394,0.95381719,0.00647054,0.06711981,0.37231997,0.00040507,0.89597750,0.00797782,0.00083043,0.64279902,0.00590991,0.00549231,0.02950522,0.95451373,0.62050468,0.58699256,0.09042169,0.93891585,0.83187211,0.00235609,0.00000117,0.00184589,0.12809546,0.08070713,0.20797187,0.00100201,0.27117732,0.00865565,0.00205874,0.97040945,0.12337478,0.00120407,0.30789053,0.19232199,0.00153741,0.96592909,0.74421000,0.88212878,0.92447430,0.77517587,0.45944464,0.28860748,0.19568533,0.83500332,0.98656130,0.89772916,0.00033422,0.89772981,0.02553845,0.00253618,0.00012377,0.16310902,0.03050667,0.94383389,0.00146838,0.44053826,0.03550626,0.16587286,0.48757857,0.38085642,0.06145625,0.09063827,0.00279603,0.79662460,0.01459643,0.11461131,0.11575291,0.66721338,0.08726180,0.30483434,0.37939951,0.80483580,0.19608891,0.57495213,0.00188765,0.02039717,0.15639125,0.31918499,0.15872908,0.26507044,0.12003792,0.97073567,0.96524006,0.75224715,0.00712868,0.32409483,0.21411021,0.09048543,0.05594039,0.00544730,0.00018593,0.47443938,0.21933623,0.48079750,0.84470159,0.14477700,0.00067527,0.94160742,0.05239258,0.87499911,0.78917837,0.01213614,0.70417684,0.00113666,0.03899644,0.00013881,0.35608208,0.05671966,0.02063656,0.00013359,0.91277963,0.33820897,0.07530882,0.01194686,0.37860143,0.00011030,0.00028935
0.07903200,0.65878385,0.00066969,0.00344397,0.02377120,0.22335202,0.76638216,0.00015303,0.43754271,0.13795877,0.05300996,0.46142823,0.00395037,0.01192614,0.20224188,0.80458820,0.07539593,0.42933536,0.00845417,0.07049788,0.44425341,0.16130202,0.00006861,0.00145579,0.17426945,0.06919054,0.42010179,0.00166827,0.23287044,0.03619278,0.00160822,0.29806828,0.14941882,0.01195854,0.81965065,0.41976249,0.01092133,0.88578075,0.71563387,0.03353364,0.06943905,0.79967582,0.12670901,0.32531881,0.23790041,0.01032985,0.30987731,0.77183801,0.00008555,0.92860079,0.09253351,0.00185121,0.38420543,0.00102128,0.97735983,0.95974535,0.00091059,0.50295711,0.10534019,0.01757177,0.01547382,0.40200981,0.05163644,0.04487695,0.03141253,0.10606234,0.98753518,0.20168442,0.32115859,0.55164135,0.04608354,0.56660497,0.32127416,0.82943314,0.76047689,0.26312163,0.16636877,0.03283635,0.02250680,0.62412435,0.13067316,0.10095081,0.96723670,0.00136485,0.60705799,0.23969215,0.00142788,0.06292089,0.21500817,0.54202157,0.02497436,0.02843095,0.03952764,0.42180344,0.57930052,0.47770718,0.79217309,0.03741413,0.00377397,0.00002446,0.07882898,0.84657419,0.88239014,0.00431951,0.29982102,0.00462744,0.00000169,0.00007676,0.37639052,0.06889757,0.01891168,0.00163678,0.86864120,0.17944081,0.16399354,0.01361295,0.59227377,0.64671439,0.00131607
0.03609542,0.83077270,0.02726397,0.93881291,0.01721107,0.25294781,0.37057048,0.00817936,0.01819696,0.00602399,0.09459116,0.29583007,0.00102840,0.06939907,0.09337703,0.73141146,0.00179755,0.00044816,0.00025191,0.03211328,0.79548651,0.98028630,0.00086814,0.00500915,0.23712426,0.10416033,0.00008699,0.00151075,0.66256541,0.04959819,0.32238045,0.06801348,0.07953478,0.44088364,0.01770113,0.30780089,0.01284910,0.69095218,0.39091587,0.00201713,0.83185834,0.45880499,0.00006895,0.74303412,0.13629782,0.00027158,0.50042939,0.65989536,0.33330283,0.78534442,0.17588471,0.00401602,0.69603455,0.12110690,0.02780326,0.03914738,0.68752223,0.41751590,0.28254211,0.07958308,0.17059071,0.18372738,0.60598910,0.20312515,0.00611123,0.55617696,0.10050728,0.06076488,0.14306189,0.43580678,0.08739210,0.81888884,0.51034486,0.79998899,0.00218193,0.37642628,0.23140019,0.31752154,0.08659708,0.37192905,0.59560764,0.31247228,0.00679964,0.00018379,0.03106135,0.22671172,0.07711423,0.02113972,0.13596152,0.24732117,0.06446417,0.05409582,0.03643355,0.51671505,0.19140697,0.40620148,0.84305900,0.05688899,0.02463862,0.96384615,0.06776252,0.64948237,0.62644207,0.01058419,0.54607612,0.03860768,0.01320690,0.00038240,0.29009220,0.64135844,0.21776216,0.01435871,0.76667082,0.23191057,0.03392970,0.12854154,0.36040604,0.12830275,0.00058044
0.02101704,0.58657318,0.00071118,0.00352358,0.04331060,0.35513979,0.13631321,0.01159498,0.57340646,0.00172492,0.18379194,0.38518485,0.00016189,0.02904294,0.18483594,0.27220061,0.19120762,0.68895340,0.00004702,0.57433945,0.55346107,0.02484354,0.00879594,0.01383704,0.24208364,0.23918730,0.02699945,0.01350359,0.43063393,0.06094187,0.74369013,0.04384429,0.14511745,0.54863483,0.07855808,0.42620212,0.00037444,0.53327835,0.75219810,0.00244755,0.01703498,0.60962600,0.11243073,0.79278624,0.03966063,0.18946174,0.13092759,0.24257249,0.90728074,0.74691159,0.05884629,0.00018669,0.16222306,0.04340970,0.00368897,0.10398077,0.89026332,0.51774365,0.09275535,0.55951405,0.13056128,0.58957726,0.80452025,0.11716755,0.02455197,0.03423747,0.02133204,0.09453303,0.05152163,0.14827271,0.06664990,0.75165826,0.23360203,0.50257415,0.48012841,0.53175408,0.36869955,0.01165057,0.59660196,0.43618804,0.65081942,0.14122632,0.65966600,0.20821898,0.71339482,0.12508228,0.12927034,0.04847854,0.31098026,0.37538505,0.24492653,0.05885778,0.02390065,0.36173284,0.21253668,0.31999493,0.61728901,0.03104710,0.09003735,0.00016852,0.00822667,0.36733437,0.60898840,0.03074544,0.24109502,0.01156415,0.07178222,0.00178310,0.06820924,0.65044808,0.55923051,0.07536009,0.79702926,0.26634076,0.03371501,0.08139050,0.30824062,0.00014320,0.00436470
0.00481876,0.62285179,0.00008791,0.57027584,0.08093751,0.09324969,0.24894941,0.02354861,0.93041342,0.00670919,0.01822531,0.26272792,0.00010574,0.02924832,0.06002221,0.77539933,0.12016162,0.02342900,0.00000454,0.86754489,0.45230448,0.20454036,0.01261207,0.01723002,0.14889367,0.39816231,0.10580055,0.01025536,0.52184093,0.15331525,0.08601812,0.21336418,0.01072332,0.02188744,0.24158524,0.06883949,0.00013840,0.61484027,0.33371082,0.03079055,0.81227547,0.58840835,0.07556881,0.59428650,0.00460110,0.28191251,0.27286795,0.62117618,0.02207090,0.80274153,0.02233925,0.00008958,0.00350702,0.00979220,0.71424448,0.78696752,0.24387121,0.34090859,0.03180654,0.02761808,0.10857593,0.31932345,0.82429004,0.04600044,0.06606662,0.19908772,0.48157293,0.01921797,0.00578443,0.06831215,0.12716131,0.72835636,0.50951600,0.67737657,0.01556015,0.23595709,0.04300381,0.00138125,0.60086709,0.16211948,0.86969280,0.03442309,0.33797574,0.41172373,0.90080553,0.14286919,0.10866891,0.07143404,0.18204114,0.07785253,0.42533323,0.11184541,0.00324805,0.21576034,0.00718680,0.08769736,0.60529947,0.07936380,0.01009613,0.63013989,0.00218608,0.65558314,0.46137741,0.03971897,0.50495487,0.00388076,0.00014959,0.00888849,0.01142147,0.20811298,0.10265326,0.44646519,0.66291249,0.34564826,0.00603931,0.03387179,0.17260857,0.03119111,0.00128278
0.02237179,0.43104216,0.00280048,0.00768455,0.27894893,0.07879298,0.47539485,0.03636930,0.76086932,0.02618912,0.00093057,0.39097974,0.00704224,0.06300566,0.04920557,0.66896456,0.55113369,0.00121503,0.00398484,0.65816951,0.84101814,0.55477887,0.00433890,0.01001104,0.14560124,0.18885385,0.01298726,0.02718775,0.93978429,0.34602943,0.01170931,0.29632393,0.09216925,0.01102100,0.76661795,0.15563871,0.01649494,0.54632461,0.23909192,0.31635216,0.02828817,0.65297717,0.57047963,0.63144350,0.00317174,0.64976966,0.13191435,0.31092921,0.00121069,0.70545000,0.02264370,0.00144289,0.00033971,0.01305654,0.29496437,0.03045656,0.05037788,0.41761434,0.29026923,0.00039329,0.40824106,0.24724001,0.11550503,0.01179220,0.17610073,0.02248998,0.03857502,0.22410506,0.00812060,0.08422888,0.23255719,0.82946283,0.08662895,0.72648984,0.02201793,0.23045862,0.00253060,0.00255708,0.28639495,0.15904899,0.22504146,0.06818318,0.67490208,0.14223218,0.80853629,0.13991806,0.09989872,0.02801142,0.52706897,0.28703022,0.51138538,0.33274242,0.02089437,0.21649835,0.00165981,0.13701741,0.60473573,0.00468644,0.25432318,0.00015516,0.00085815,0.35173970,0.76044142,0.35047472,0.47587931,0.04557702,0.04583996,0.04768317,0.01743682,0.00837048,0.09499346,0.19800261,0.68207073,0.49364266,0.00067525,0.11513366,0.08138695,0.20214805,0.03793673
0.51538473,0.47770271,0.00106255,0.91918409,0.22214758,0.24900241,0.91416168,0.43845049,0.24208866,0.04013261,0.02619899,0.76957643,0.14935827,0.29679507,0.01555561,0.13664934,0.25642970,0.45326012,0.05718860,0.01839944,0.61913568,0.00752540,0.00170362,0.17265123,0.08435008,0.60211021,0.32969946,0.09606194,0.78638095,0.19159064,0.00097426,0.05643707,0.01530016,0.11218482,0.16256706,0.35673100,0.20148000,0.54690361,0.36592582,0.03311977,0.80848372,0.51966524,0.00144955,0.59537047,0.00056187,0.01018924,0.63002020,0.62611318,0.00387080,0.88533163,0.00587647,0.01875089,0.08901095,0.00057392,0.09101503,0.28478873,0.00924371,0.08321770,0.31317228,0.50328040,0.41045949,0.41574010,0.02253754,0.03773151,0.13997822,0.36230850,0.25492409,0.12148147,0.00689366,0.06427997,0.24999070,0.86998457,0.47443253,0.58531958,0.56069684,0.15838459,0.01697423,0.02217413,0.02520661,0.12325241,0.04289537,0.24124455,0.05517288,0.01801659,0.13602868,0.52498728,0.35737154,0.00397498,0.24774881,0.60826308,0.79013592,0.04846569,0.01058337,0.46608254,0.00029297,0.11751234,0.66736889,0.00331453,0.33178720,0.96456546,0.00197041,0.68679327,0.62591523,0.09439372,0.36624262,0.17759874,0.00095603,0.17872688,0.02142566,0.02412166,0.01076636,0.00059045,0.46301082,0.22525249,0.00009226,0.05890665,0.02729989,0.00449478,0.07111113
0.60901743,0.45552713,0.00737251,0.00979206,0.42040005,0.78729635,0.44395226,0.81019741,0.07117249,0.01314697,0.28523508,0.26893485,0.00133439,0.25722203,0.00001938,0.61988759,0.27883238,0.03475583,0.08337089,0.07932682,0.07266506,0.70444983,0.00476488,0.04240977,0.05321997,0.63467354,0.38684198,0.36723149,0.62551725,0.20462996,0.06140359,0.01292226,0.00092025,0.60204720,0.30970883,0.37655103,0.00800430,0.87446576,0.60966742,0.00005281,0.06065707,0.96488863,0.00357231,0.13895805,0.00065190,0.00310528,0.31113818,0.68516660,0.49191442,0.81680834,0.00556285,0.00194975,0.73888230,0.00202652,0.66095638,0.50058943,0.11656620,0.41831508,0.17508851,0.01111390,0.06700201,0.32315150,0.82442874,0.01627348,0.25802395,0.06247005,0.83496428,0.06000965,0.00114021,0.01181361,0.03962283,0.95291263,0.64542210,0.43064201,0.04331258,0.33215505,0.17953973,0.01243219,0.82639903,0.07921962,0.61470783,0.08430785,0.92138785,0.15396664,0.55889225,0.30695349,0.16642925,0.00013687,0.16728964,0.35024112,0.75814110,0.00589099,0.00394863,0.20003365,0.00004150,0.13081716,0.59625953,0.00260115,0.13421112,0.00055101,0.00088678,0.33604077,0.57687122,0.30178809,0.18414883,0.05589290,0.00000090,0.50741786,0.00098877,0.45711264,0.17049353,0.11574550,0.59786427,0.45826381,0.00003142,0.13543890,0.18396543,0.59392661,0.17652351
0.01793801,0.38526842,0.00203452,0.97197044,0.25499770,0.95065117,0.00646276,0.47887033,0.01160702,0.00022410,0.07682585,0.13026506,0.00003262,0.21082821,0.00000859,0.98304230,0.00357264,0.00353765,0.04219582,0.96737349,0.03065829,0.72393280,0.00211367,0.10369783,0.04905828,0.77334988,0.00060520,0.21167992,0.87208384,0.30775443,0.74953979,0.04585692,0.00026167,0.54233921,0.00044870,0.05891284,0.00023022,0.90679729,0.17720716,0.00095520,0.93245494,0.92165315,0.14550358,0.27630964,0.00012027,0.26707131,0.20996338,0.28653148,0.55809510,0.82473975,0.00096665,0.00033796,0.98183769,0.00835243,0.02859482,0.01082619,0.98418009,0.26370400,0.02848681,0.21723302,0.02239036,0.34672678,0.96637475,0.09596524,0.10009765,0.89983135,0.15966994,0.01374620,0.00355519,0.00691618,0.03661715,0.95681906,0.97940952,0.26951286,0.01216134,0.15676026,0.32459387,0.07854691,0.92951280,0.05901808,0.97623098,0.09339445,0.00792634,0.04580744,0.68015796,0.36336693,0.29836360,0.00211137,0.19029312,0.02638723,0.79723632,0.00119846,0.00040173,0.15955964,0.00009006,0.05562134,0.54529810,0.00001327,0.01923563,0.95021647,0.00470569,0.78864789,0.47324571,0.21702729,0.88942987,0.19884308,0.17047355,0.41262594,0.00235371,0.96172750,0.05693853,0.01282867,0.90985113,0.77833641,0.00018779,0.09045100,0.01132831,0.00122459,0.75915486
0.00791808,0.57694018,0.00000739,0.02404151,0.49656627,0.99922073,0.02196981,0.27188355,0.92532533,0.00005071,0.00136196,0.17229371,0.00000068,0.09567353,0.00017387,0.57333809,0.61027235,0.85897821,0.00222824,0.99400860,0.06333548,0.03617810,0.00054141,0.25307447,0.12255898,0.45094174,0.26693171,0.08286525,0.57622933,0.43132472,0.40247577,0.51151872,0.00301128,0.02886565,0.48387823,0.30699754,0.00000810,0.89134395,0.47133997,0.02520701,0.50508386,0.98976344,0.19046620,0.12352952,0.00019382,0.98502541,0.14801809,0.51506817,0.08215094,0.88281220,0.00141089,0.00003380,0.56485307,0.00019684,0.37646094,0.20543082,0.86526144,0.83362371,0.02410274,0.36134928,0.01905835,0.08908094,0.99066341,0.00632151,0.02565338,0.04858191,0.26073587,0.02149767,0.00054864,0.00456516,0.01746361,0.97881168,0.59075791,0.33205053,0.87866664,0.24108623,0.02192888,0.00080276,0.57691032,0.02879920,0.99731946,0.01527418,0.99547929,0.31823802,0.99683577,0.03584482,0.22855933,0.00462371,0.17776398,0.16691121,0.87739331,0.00261721,0.00017792,0.35782176,0.00118849,0.03546826,0.59138703,0.02779544,0.00034410,0.00338703,0.00261621,0.81503272,0.22289352,0.04891795,0.73678637,0.03709195,0.03704745,0.08196070,0.00626132,0.44540104,0.19604872,0.45900679,0.51866508,0.70567584,0.11242937,0.06136897,0.06039279,0.06950951,0.93939263
0.03385754,0.77708054,0.00019938,0.86157030,0.74627656,0.97952032,0.10308944,0.02206089,0.93799555,0.01864708,0.00293905,0.05190748,0.00001321,0.05787519,0.00153680,0.96415794,0.74956703,0.00110973,0.00041793,0.90544093,0.04184064,0.80864543,0.00183529,0.29153281,0.13762884,0.32352543,0.75729781,0.00772840,0.36999762,0.42422399,0.00648539,0.97350085,0.00577170,0.00471399,0.45816225,0.06986404,0.00010899,0.83268994,0.11529796,0.01219423,0.89646208,0.95911157,0.00825583,0.76296186,0.00270356,0.19602661,0.55918843,0.84096652,0.00164145,0.92576784,0.00010058,0.00011379,0.26620352,0.00047357,0.77993309,0.72331625,0.04988984,0.80858338,0.11410196,0.00087250,0.08134502,0.18579262,0.83407140,0.00385202,0.00096354,0.66687584,0.97490948,0.00319645,0.00196975,0.03757030,0.01566072,0.99889904,0.26851031,0.80963236,0.00170353,0.06969471,0.00107897,0.00529203,0.14685203,0.04472740,0.95792401,0.00468435,0.99875647,0.46807474,0.99142957,0.06994630,0.53900868,0.01362201,0.13601366,0.02256103,0.81677818,0.00637785,0.00045858,0.01649261,0.00339495,0.07666274,0.43590042,0.24624500,0.00081238,0.83996516,0.00234613,0.79290497,0.24150613,0.06294550,0.19518290,0.02596577,0.00036452,0.12990592,0.01485448,0.30848926,0.00138936,0.36303771,0.12458596,0.68198413,0.33728957,0.04030077,0.27385426,0.69371629,0.57837927
0.00064335,0.88425928,0.00002158,0.85486120,0.02866387,0.05547854,0.10700527,0.00962711,0.93727237,0.00072205,0.05349622,0.30294973,0.00011545,0.00366113,0.00212124,0.72210491,0.08149643,0.36798128,0.00002852,0.73203534,0.01042493,0.18143800,0.47066706,0.69867718,0.26743785,0.99687004,0.00455443,0.00444441,0.00613199,0.00010169,0.56438559,0.05107377,0.00061826,0.93000662,0.00611789,0.01775646,0.00008570,0.99700177,0.02083929,0.00112342,0.91404098,0.05725851,0.00019165,0.57482994,0.00406015,0.02142064,0.23441800,0.55899352,0.20581464,0.75766510,0.05041829,0.00003064,0.68516117,0.00231008,0.54825163,0.97713256,0.79540628,0.01581137,0.00129498,0.01787102,0.00276993,0.20942859,0.98272294,0.16858989,0.00087669,0.97452450,0.99470270,0.00061157,0.00942010,0.59490740,0.03647617,0.10655213,0.96936613,0.13921836,0.62341672,0.20713799,0.77577436,0.00202743,0.99206334,0.53980207,0.98135960,0.00160285,0.85815775,0.00382950,0.96508497,0.19880986,0.01407452,0.07471479,0.21757977,0.28074995,0.55398291,0.04305064,0.00002948,0.38567698,0.38570923,0.03795088,0.86836201,0.68110019,0.00022385,0.87359858,0.04658600,0.92270404,0.15799180,0.00270877,0.52879918,0.00052204,0.00004112,0.02287976,0.04527187,0.32387269,0.15804335,0.99011016,0.46513501,0.12368508,0.00403930,0.00040682,0.45890778,0.00198855,0.00059451
0.00127700,0.97034019,0.00009909,0.00285743,0.04844415,0.07676296,0.02215903,0.00309869,0.98212224,0.00054018,0.00080402,0.79989868,0.00030196,0.00064382,0.03721598,0.89620274,0.75179750,0.00013047,0.00042601,0.90475726,0.80396754,0.99165034,0.45685273,0.21175504,0.20172149,0.99952090,0.00840269,0.00050838,0.03455245,0.00003902,0.49819154,0.63063484,0.00109672,0.62202823,0.64824158,0.09938676,0.00003700,0.99334645,0.07820460,0.16093551,0.06582887,0.08967968,0.21541202,0.48139817,0.00892755,0.92780310,0.04017920,0.83161807,0.23618180,0.63627124,0.08698912,0.00004946,0.06497950,0.07000870,0.00404753,0.07690972,0.80411524,0.53080726,0.00290713,0.00073394,0.01197459,0.03464352,0.99677736,0.01226587,0.00208070,0.00006360,0.00204273,0.00158219,0.02112857,0.49298552,0.02666659,0.22114576,0.96927387,0.23875847,0.00007858,0.16104920,0.01129808,0.00213657,0.99609870,0.47484210,0.98835236,0.00107192,0.98841566,0.76620531,0.99658495,0.08856904,0.02026272,0.11849657,0.22811721,0.23984885,0.49391305,0.04536471,0.00018193,0.12469444,0.76598805,0.15625989,0.88094497,0.28583360,0.00030047,0.00267578,0.03107782,0.96435457,0.26742989,0.10170582,0.27221701,0.00380616,0.04232700,0.00444504,0.10734656,0.17380738,0.75135356,0.99602455,0.62927002,0.31970754,0.00157744,0.02331770,0.52578104,0.48269033,0.00201932
0.00391751,0.96624517,0.00081769,0.94076234,0.15733197,0.03679563,0.85847330,0.00061164,0.84572130,0.01067463,0.00625808,0.86941862,0.04141472,0.00890905,0.10470983,0.00291900,0.40847626,0.45029268,0.00134773,0.50546992,0.66320133,0.00210888,0.52508676,0.51996791,0.19806825,0.99999928,0.00102338,0.00013879,0.12621517,0.00115089,0.00014165,0.82657582,0.04158206,0.00419824,0.01333673,0.04627917,0.00077628,0.98541427,0.05538002,0.69429743,0.62965196,0.07796917,0.49753189,0.60446006,0.13398442,0.79058838,0.08462404,0.92999053,0.06405921,0.85423249,0.06060586,0.00734886,0.02126605,0.38554940,0.19157247,0.93106818,0.14229299,0.00973404,0.02984727,0.22790749,0.02113919,0.09074824,0.83086783,0.02120862,0.00593792,0.95442849,0.00669821,0.20064129,0.19095556,0.53723210,0.07377362,0.13479681,0.00367465,0.40999392,0.19954087,0.03305599,0.00014460,0.01495549,0.00152473,0.52316457,0.00086544,0.01114730,0.03527457,0.85197842,0.92627269,0.10788858,0.05751083,0.20508519,0.90754628,0.17934428,0.34038702,0.18538280,0.00748392,0.38992062,0.72639006,0.29419059,0.67682505,0.29577965,0.00185679,0.86545908,0.01971938,0.95370030,0.14484583,0.25302821,0.84222603,0.01039534,0.13454904,0.00265869,0.37577540,0.00125329,0.03297561,0.95432222,0.61887479,0.18528712,0.00139838,0.00013300,0.61008072,0.00002772,0.00246159
0.02304752,0.94669265,0.00049508,0.01839506,0.07162245,0.18464088,0.63210940,0.00020986,0.83665323,0.05460873,0.05169264,0.11130215,0.00333574,0.00865267,0.26631135,0.01243810,0.68559164,0.33430547,0.00314905,0.29954752,0.86485893,0.21446103,0.47597286,0.37702197,0.20939812,0.99999774,0.03666909,0.08895057,0.14245561,0.00197281,0.00359148,0.43663129,0.11427723,0.30831552,0.77476901,0.35828561,0.00333481,0.95400459,0.15247029,0.10417309,0.31528574,0.22789910,0.02181227,0.75354326,0.15682191,0.00068505,0.02250487,0.87435025,0.03649891,0.84523910,0.28289998,0.00519704,0.00302783,0.00023411,0.97473723,0.84034491,0.03101937,0.68734878,0.01621368,0.00442342,0.03249532,0.20156118,0.07722268,0.20338857,0.01084109,0.00006894,0.99551582,0.06331404,0.52960938,0.51770395,0.02968927,0.45347717,0.00243507,0.54137892,0.70401502,0.06465126,0.17076491,0.03516770,0.02130736,0.40591848,0.02437512,0.09160037,0.94557196,0.01853358,0.28439438,0.02343291,0.17937003,0.03893522,0.55587065,0.13259946,0.14199460,0.10917217,0.00810126,0.45804515,0.80658996,0.35639745,0.53769284,0.18405718,0.00036165,0.00107878,0.10267831,0.87748587,0.19142844,0.02284714,0.45808592,0.03803095,0.00000002,0.02342269,0.29290965,0.08672018,0.08039071,0.97728103,0.40149313,0.02716611,0.00058092,0.03117182,0.68673098,0.36590320,0.04810610
0.03494681,0.91438049,0.01497393,0.84513587,0.04434645,0.10195954,0.55326033,0.00042081,0.10754059,0.00085137,0.08437672,0.00613595,0.00130894,0.01079974,0.05682655,0.58182269,0.00077638,0.00007797,0.00703777,0.30474216,0.88802725,0.87824315,0.38988221,0.23899153,0.37476587,0.99998540,0.00221438,0.06360568,0.21142124,0.00783438,0.40319484,0.08975108,0.09013331,0.84813547,0.00437789,0.17239597,0.05164238,0.75591320,0.36256784,0.10921592,0.17704713,0.12269751,0.02060700,0.69168568,0.26230007,0.00008572,0.15536065,0.70988661,0.20064665,0.79136145,0.28336108,0.00549289,0.29868516,0.03486139,0.00275936,0.06798020,0.26673010,0.51247305,0.00474506,0.10096068,0.22120470,0.37199154,0.01072978,0.24946059,0.01327419,0.92486763,0.01894381,0.02632247,0.56462014,0.75029123,0.02002164,0.34173340,0.51717901,0.48838106,0.00034751,0.12991743,0.18450314,0.10472415,0.82294273,0.36803925,0.79974765,0.20379420,0.01932773,0.00705934,0.04353410,0.20880346,0.15172841,0.08617518,0.50189781,0.06161247,0.22464213,0.12112381,0.01220651,0.60823965,0.08771586,0.37744871,0.78115594,0.21528161,0.00718078,0.75489753,0.01423259,0.69459963,0.20510677,0.06946035,0.51122648,0.07994811,0.03100987,0.17330211,0.26310274,0.44845685,0.16218199,0.19101553,0.59558636,0.10794954,0.00493380,0.01811180,0.47086018,0.18988897,0.04036109
0.02125715,0.78284645,0.00044287,0.01229825,0.08179031,0.12221949,0.22696069,0.00022674,0.63135278,0.00061581,0.43586853,0.00317033,0.00004461,0.01883494,0.03349784,0.14286080,0.02110127,0.73755461,0.03823593,0.68942940,0.64598733,0.03131657,0.45870844,0.29667690,0.28454852,0.99970305,0.00148514,0.03162231,0.28961819,0.03077159,0.73308605,0.01165847,0.03939659,0.54791629,0.14548428,0.34155336,0.00210740,0.76448607,0.23969626,0.01511780,0.17802164,0.23462184,0.01981260,0.81692851,0.08582040,0.23698118,0.20212702,0.19764499,0.20689298,0.67210454,0.14571042,0.00004564,0.55396074,0.00168913,0.06860122,0.16773412,0.80334932,0.21713907,0.08767752,0.77903104,0.11871932,0.30832449,0.70076489,0.37618181,0.01469420,0.00037722,0.00280374,0.01709973,0.09982920,0.68932813,0.05586664,0.57904488,0.80217373,0.52613413,0.54877758,0.16323508,0.71400863,0.02878351,0.64221168,0.41559193,0.88064039,0.21665999,0.53315955,0.11826583,0.76583588,0.08469047,0.11342911,0.12410616,0.31436530,0.03987974,0.32901463,0.03120379,0.00505562,0.37085176,0.10070325,0.16717644,0.36264071,0.11264016,0.06335840,0.00369795,0.02391337,0.52067995,0.41916707,0.10096858,0.56553811,0.05810739,0.05119388,0.10507362,0.03235544,0.20742200,0.79946095,0.55937064,0.66232336,0.11342831,0.11524796,0.02547399,0.17843641,0.00011636,0.06196712
0.01168667,0.75276321,0.00023874,0.42763355,0.21603189,0.03668491,0.16370496,0.00113065,0.83760846,0.00822824,0.02009609,0.00032982,0.00015638,0.49204284,0.00869172,0.89689219,0.17563474,0.02411670,0.00178972,0.44717821,0.20982687,0.27861288,0.47633493,0.29193500,0.43394610,0.99335200,0.00265356,0.00866347,0.43326491,0.08582923,0.03045350,0.12882659,0.00938337,0.06680121,0.16882016,0.12719816,0.00048384,0.61920273,0.16861175,0.02624553,0.57124841,0.20458119,0.00833978,0.35995141,0.00562964,0.46033663,0.16282560,0.72297293,0.07465063,0.58878595,0.02801504,0.00000720,0.23896705,0.01004175,0.27135363,0.33361650,0.45505092,0.29228687,0.02678063,0.03451658,0.05089121,0.52249640,0.95792615,0.07300671,0.01709760,0.76686484,0.79204142,0.00519258,0.01206094,0.52796936,0.05123927,0.48837119,0.85708475,0.46397373,0.01003683,0.10469547,0.01165859,0.00415803,0.68634009,0.32677573,0.88901114,0.10794003,0.62593710,0.15595666,0.91770273,0.05905915,0.12845600,0.04041050,0.29408601,0.01185126,0.47026914,0.00733651,0.00113594,0.29720628,0.08725534,0.09538038,0.63209856,0.25638700,0.00564690,0.40519390,0.01595338,0.63656014,0.42624527,0.04234988,0.60215932,0.01254913,0.00008041,0.09007072,0.01785409,0.00570449,0.05305592,0.71858466,0.73012084,0.19885345,0.09717859,0.00493692,0.17290880,0.07447725,0.00515687
0.02614606,0.65704036,0.01070031,0.02448423,0.25153017,0.05185332,0.53347963,0.42182654,0.72531259,0.01216636,0.00101089,0.00017651,0.01540763,0.59503919,0.02601234,0.68913549,0.77584046,0.00115726,0.03921422,0.23042761,0.84594578,0.35083431,0.37813124,0.31584626,0.39932188,0.98309696,0.45281914,0.00472035,0.46223009,0.11230575,0.00619924,0.50979042,0.15540268,0.04525752,0.74524158,0.16013126,0.00366900,0.72650146,0.08541603,0.21678843,0.07023331,0.16560262,0.81529224,0.34592876,0.01138046,0.76944935,0.13842310,0.56600195,0.04348614,0.59490585,0.05107345,0.00042468,0.00234478,0.03294743,0.12033515,0.12522863,0.19836214,0.51120514,0.32499582,0.00405412,0.30047846,0.37848705,0.81841671,0.50125515,0.03843059,0.00010174,0.00393985,0.08711541,0.00059823,0.70954311,0.07116359,0.52113134,0.06467640,0.32297748,0.01440184,0.15587240,0.00036722,0.00818213,0.19056080,0.31199813,0.05148596,0.11723167,0.56217551,0.70117414,0.80828339,0.06464672,0.14274994,0.01194413,0.48096651,0.07157587,0.70632696,0.00385779,0.02033423,0.18052691,0.01300678,0.11780544,0.25998369,0.17036696,0.26798651,0.00137716,0.01527888,0.78030193,0.72266871,0.39333373,0.48810676,0.09630361,0.03859240,0.11136693,0.02790924,0.00078619,0.04081689,0.39750612,0.60969383,0.16674016,0.20805666,0.12455600,0.24905983,0.04459819,0.01433286
0.45683521,0.70600218,0.00818720,0.79534358,0.55574042,0.08093790,0.50727904,0.92840922,0.35576475,0.05361751,0.01880732,0.00001189,0.12269305,0.91614503,0.00269282,0.16190897,0.22064462,0.65484291,0.00797252,0.01740521,0.23105715,0.01125233,0.33958372,0.15218814,0.47548869,0.98832476,0.05526769,0.00416051,0.65799242,0.10293959,0.00920335,0.22738354,0.07163367,0.05257813,0.04070457,0.34764841,0.01617296,0.69870168,0.09520349,0.01007705,0.62939423,0.02485635,0.06848282,0.12143274,0.00766705,0.00314717,0.48642898,0.57578963,0.00093323,0.64631909,0.01473452,0.08454131,0.02055043,0.00070919,0.67041111,0.85082513,0.00375621,0.30210799,0.19006753,0.11596351,0.12982361,0.59347630,0.01926679,0.19098000,0.11834345,0.98548794,0.13468976,0.18149810,0.00006051,0.33531925,0.09115415,0.27065307,0.02811156,0.31331718,0.82115096,0.11838728,0.04099041,0.00533561,0.03553538,0.63806844,0.00437530,0.48936224,0.02830228,0.30528939,0.04613855,0.07350097,0.57033896,0.00003441,0.33532706,0.24116386,0.64479476,0.00686516,0.10589232,0.18817818,0.00078485,0.06347896,0.55373228,0.40870574,0.11314631,0.83594340,0.01733403,0.56487691,0.58498782,0.21597373,0.65265685,0.34997058,0.00121833,0.67121112,0.00990521,0.05668230,0.01593031,0.36408088,0.67054111,0.06724519,0.72517729,0.02784180,0.10105280,0.01499057,0.01298528
0.22664155,0.58427441,0.00172009,0.02624357,0.35069665,0.35324997,0.15699255,0.79553127,0.23628727,0.00649511,0.87699616,0.00002388,0.00205549,0.44309059,0.00004046,0.49790004,0.02139186,0.00262964,0.00054849,0.25273037,0.06471344,0.92499745,0.20683281,0.08458830,0.17454702,0.98760527,0.15791923,0.09325398,0.47825831,0.39158559,0.04028711,0.11302516,0.00386944,0.53310984,0.27796242,0.49466932,0.02441934,0.75292397,0.08155165,0.00014240,0.24925359,0.01853524,0.00000827,0.02588508,0.00448372,0.00715281,0.30591276,0.51291490,0.00438665,0.59565187,0.03737961,0.00626094,0.70874137,0.01463290,0.52843553,0.29296404,0.38325939,0.55175233,0.16671589,0.03406574,0.09118272,0.68295193,0.00981578,0.64251608,0.42194301,0.00051562,0.99200869,0.03017708,0.00000092,0.09653330,0.19897084,0.38799259,0.30315256,0.49178225,0.02331984,0.36102077,0.87346750,0.00766016,0.68297637,0.75973052,0.85289896,0.69736785,0.98663855,0.01217704,0.12815253,0.05659108,0.40721533,0.00001566,0.14928193,0.21704182,0.35935330,0.00437103,0.02972523,0.24260391,0.00035914,0.08512425,0.57005650,0.23282449,0.07881800,0.00345119,0.02684435,0.58431202,0.50820160,0.18496974,0.67732626,0.25802311,0.00000281,0.50914514,0.00993449,0.40985626,0.23029795,0.84940100,0.65995950,0.07251489,0.55807513,0.52540404,0.06657648,0.42399809,0.01121354
0.10057281,0.49736583,0.00328749,0.95258898,0.61405355,0.58834171,0.01029257,0.69864959,0.05660497,0.00038657,0.15910038,0.00001375,0.00001137,0.14587289,0.00000535,0.79694921,0.02575203,0.01204812,0.00000907,0.93909311,0.10280316,0.20635028,0.17976740,0.25702903,0.06743347,0.96298242,0.00706108,0.00992801,0.35095713,0.20280482,0.73841846,0.03415809,0.00039852,0.53122437,0.03211313,0.35133258,0.00209896,0.35345808,0.07257469,0.00097142,0.14339283,0.00004853,0.00547659,0.00898814,0.00255566,0.36223719,0.27649117,0.39884326,0.92833829,0.91236889,0.00189116,0.00167721,0.93965042,0.05442531,0.00117391,0.00630156,0.96356034,0.39910910,0.03397890,0.70875496,0.01977544,0.87833154,0.68962407,0.00504505,0.19911653,0.98004282,0.00339096,0.05698812,0.00000440,0.11524309,0.07897890,0.07060672,0.99254501,0.64112836,0.02353512,0.33691049,0.37020504,0.00046776,0.94913894,0.95346028,0.97886097,0.89985925,0.00014609,0.00255200,0.76963323,0.06142499,0.46302927,0.00066339,0.22994745,0.20441061,0.65411234,0.00019752,0.00606812,0.24320476,0.00072087,0.05164796,0.70804703,0.52595115,0.08804590,0.90563560,0.00122212,0.88718909,0.48872551,0.10341470,0.87071204,0.02694728,0.14295112,0.25196794,0.00392276,0.89037693,0.08916041,0.35425535,0.80868602,0.64452541,0.39318749,0.09634326,0.06195178,0.00052474,0.00509466
0.00294808,0.58125997,0.00000079,0.00569435,0.68550831,0.99085271,0.13153240,0.17275608,0.99406898,0.00012370,0.02537481,0.00005120,0.00000127,0.03927692,0.00038260,0.40657613,0.91558468,0.71055138,0.00007691,0.99172235,0.04968679,0.02313563,0.13552494,0.13295101,0.05767941,0.92780954,0.86382395,0.01395389,0.24038164,0.26024434,0.29021356,0.05695092,0.00016691,0.05836983,0.90538681,0.17635868,0.00000204,0.20885858,0.04553216,0.01569231,0.24269661,0.00000305,0.69503164,0.00518499,0.00004397,0.97420639,0.12857574,0.09550225,0.12653518,0.82302999,0.00491313,0.00001139,0.20891111,0.00016775,0.43016329,0.39837375,0.66409254,0.82662034,0.01938863,0.28301588,0.07156958,0.53650498,0.99747521,0.01620745,0.06388584,0.00006395,0.07509619,0.10640326,0.00004470,0.32857594,0.05701118,0.07831967,0.96339273,0.60232908,0.78893489,0.80073905,0.01127010,0.00006611,0.41180098,0.98255849,0.99557668,0.81712461,0.99856877,0.76104677,0.99525791,0.03946378,0.38971007,0.00523920,0.31813106,0.00359560,0.29010376,0.00075549,0.00132472,0.11624803,0.02611315,0.01740832,0.53418213,0.31508693,0.02326551,0.00110080,0.00114575,0.98378336,0.25564945,0.11891282,0.76929802,0.00614151,0.03347297,0.04854150,0.00166422,0.29539427,0.03437336,0.99376243,0.83833003,0.81595647,0.02105148,0.05211508,0.01696396,0.11016793,0.00570172
0.00745853,0.86857438,0.00000899,0.99189258,0.55734158,0.98692644,0.13315798,0.07743704,0.98509562,0.00295990,0.00059641,0.00114608,0.00000869,0.01164031,0.00151747,0.93467867,0.73445278,0.00020205,0.00004388,0.88632149,0.14276633,0.90725833,0.08317190,0.11478604,0.10136219,0.83926356,0.42584562,0.00123967,0.17187856,0.36695576,0.00324079,0.86479956,0.00079846,0.00858998,0.72888517,0.04726896,0.00001310,0.45030233,0.04995325,0.03127516,0.99546391,0.00050113,0.00420705,0.00966638,0.00120361,0.21300948,0.41025689,0.85900426,0.00032288,0.90261370,0.00023538,0.00004533,0.18177317,0.00353094,0.92226082,0.88746983,0.23232421,0.35631955,0.04877195,0.00025626,0.02504946,0.75516236,0.95137858,0.00957700,0.00262525,0.94550091,0.99666983,0.02954897,0.00017240,0.94261062,0.01651184,0.90795368,0.95277834,0.79245651,0.00196933,0.78054011,0.00107773,0.00040706,0.21678691,0.97726560,0.92897010,0.99997956,0.99998444,0.75233120,0.97633642,0.01491223,0.34648326,0.00775358,0.50979787,0.00165352,0.48998952,0.00605288,0.00034600,0.02467812,0.00980867,0.00305707,0.35927051,0.46773857,0.00033705,0.91528898,0.00433372,0.96679068,0.22696365,0.02772971,0.93233842,0.02399476,0.00001418,0.05707707,0.00608777,0.01221314,0.00020810,0.95662403,0.40347236,0.52216649,0.01095950,0.03363322,0.04305696,0.73700619,0.00090470
0.00307218,0.00406844,0.00006230,0.89627767,0.03542922,0.13528162,0.07638390,0.02097788,0.89882380,0.00169405,0.25957832,0.18085144,0.00009647,0.00181247,0.20305334,0.94012958,0.00616966,0.46504498,0.00007413,0.42978331,0.00127770,0.24360512,0.02515934,0.25580779,0.50291163,0.53705901,0.01303009,0.07175473,0.20821208,0.12182818,0.60102284,0.10139959,0.01290796,0.01703000,0.00574309,0.00778259,0.00025277,0.00560917,0.80082405,0.01737040,0.91795367,0.66310418,0.02422459,0.08536853,0.00037169,0.00438363,0.35196337,0.76030296,0.01906817,0.07936151,0.05939619,0.00010697,0.49848473,0.00626926,0.91280174,0.60197973,0.80644268,0.33453244,0.02078650,0.32437485,0.16648379,0.55102599,0.90954924,0.02929267,0.00538559,0.91214919,0.97212702,0.00179966,0.23104395,0.51274002,0.36096686,0.31369835,0.98209691,0.80044258,0.78843260,0.99481606,0.64753574,0.17075174,0.84577620,0.14492598,0.94468910,0.49001569,0.08277169,0.06162308,0.96132070,0.09330929,0.05282805,0.06604490,0.00435121,0.36600757,0.99985427,0.05166109,0.00270846,0.79270899,0.01577194,0.00524389,0.60682237,0.47022104,0.00172065,0.87142837,0.01440418,0.17612091,0.39801469,0.01712829,0.28045931,0.01873344,0.00000496,0.02485335,0.02886830,0.08778666,0.13134372,0.36583143,0.63345855,0.02598626,0.01614288,0.02175719,0.04246796,0.00354209,0.00200970
0.00111447,0.00000001,0.00021657,0.00189628,0.01768904,0.06700565,0.18702073,0.00904065,0.92302120,0.00003894,0.01865271,0.18381757,0.00000414,0.00066197,0.00969411,0.38033488,0.00544989,0.07691631,0.00005986,0.59293491,0.00014925,0.78273731,0.32930028,0.92515379,0.36613339,0.25831768,0.00519464,0.00344376,0.10107323,0.11102748,0.68085092,0.38089368,0.04408642,0.00150454,0.06289981,0.02492886,0.00001740,0.01265926,0.71900791,0.09743416,0.08145630,0.65437454,0.17135130,0.10254685,0.00136213,0.39205185,0.04752206,0.67593670,0.71795619,0.10198733,0.15249841,0.00002374,0.76614970,0.04772684,0.03196493,0.09745409,0.98734230,0.72188097,0.00172411,0.00002683,0.01196113,0.97774374,0.74702728,0.06603643,0.00066257,0.02074083,0.41652417,0.00197934,0.11082169,0.41855741,0.26432553,0.20861647,0.95885760,0.95662701,0.00187744,0.99784964,0.11703533,0.07009386,0.00374586,0.19420372,0.99235308,0.69027019,0.64976531,0.47205457,0.97321802,0.31288287,0.03106992,0.01323196,0.25367203,0.25626922,0.99996418,0.36290094,0.07648485,0.86723816,0.05061982,0.15322529,0.35834607,0.35927364,0.10873292,0.09121245,0.01581240,0.43884462,0.42059034,0.00787239,0.29231384,0.00245544,0.00188126,0.04566573,0.00433655,0.23189656,0.25584587,0.23534460,0.90456027,0.09391437,0.00026382,0.03456089,0.08873388,0.28837544,0.00667342
0.00019297,0.00000074,0.00016841,0.99029756,0.08614723,0.21508661,0.19044825,0.00415300,0.98431915,0.00571104,0.00544306,0.80946779,0.00140675,0.00111869,0.28072867,0.66221344,0.31790751,0.00259319,0.00008842,0.39650524,0.01109677,0.00009529,0.19188245,0.82410055,0.08159377,0.19976881,0.00638125,0.00049734,0.42783099,0.01308863,0.00098259,0.98465437,0.20044002,0.00016936,0.01776437,0.04772159,0.00013417,0.04302603,0.29565567,0.28585500,0.36645135,0.60673159,0.10145518,0.31788304,0.00136558,0.86509085,0.04983822,0.01584017,0.17388672,0.13179030,0.04824803,0.00004608,0.03016126,0.26044589,0.60637802,0.53456968,0.42146945,0.12950899,0.00106464,0.43536589,0.03203256,0.95539773,0.86893076,0.15751797,0.00198655,0.68518317,0.69092762,0.00004123,0.27664736,0.62186772,0.04823047,0.30886382,0.07671311,0.94378370,0.11847717,0.98182541,0.02155945,0.02046949,0.00158197,0.56228304,0.89158005,0.47116378,0.08938283,0.90003556,0.68601090,0.32904735,0.06865908,0.44391450,0.97885525,0.34177318,0.99545443,0.21779302,0.00182637,0.46239302,0.45062712,0.03698947,0.25571012,0.77110398,0.00983859,0.80246204,0.01150245,0.36245224,0.54086804,0.00825612,0.83944339,0.00992447,0.02277726,0.01517802,0.08408786,0.01173090,0.00535966,0.22999127,0.77197063,0.00312791,0.05436589,0.00032781,0.50029349,0.00381704,0.00830431
0.00350819,0.00000982,0.00465492,0.00129811,0.02295719,0.34761670,0.56152260,0.00124914,0.97956914,0.20114887,0.15974067,0.79273367,0.00035830,0.00278760,0.13552187,0.87460840,0.10017293,0.29112634,0.00196204,0.20279922,0.00007759,0.48969212,0.41515633,0.44951010,0.04224467,0.12273715,0.33404472,0.04806114,0.05049277,0.81989455,0.00122440,0.48132429,0.43544349,0.03951395,0.79252481,0.24495165,0.00290779,0.07796445,0.77409536,0.02502580,0.85516018,0.39227328,0.00285776,0.24372333,0.05614349,0.02708697,0.16249098,0.30462253,0.00018380,0.11323017,0.15089150,0.00113805,0.00054740,0.00066473,0.98710400,0.89640272,0.00122997,0.32276961,0.01660875,0.00066759,0.33592942,0.49039930,0.83768231,0.04224754,0.02027531,0.12316027,0.96965402,0.00008061,0.17647894,0.27418685,0.04279275,0.71447796,0.00240831,0.78442675,0.99329853,0.71945781,0.00162002,0.02742133,0.86033028,0.51224822,0.36889338,0.34641832,0.36347568,0.15885398,0.32043311,0.08583599,0.00790158,0.02754922,0.63306057,0.23006536,0.90572357,0.38238701,0.02697340,0.11619713,0.50372553,0.12184869,0.66174209,0.61809045,0.00042497,0.03039164,0.08034599,0.60593885,0.53593844,0.17414139,0.59097195,0.00578816,0.00010448,0.40083575,0.41151819,0.00172362,0.01052622,0.76635522,0.87670344,0.03043068,0.01276994,0.01397403,0.15035538,0.17800120,0.00439694
0.34588727,0.00077851,0.04776896,0.97578984,0.11564678,0.14769737,0.89556533,0.03292509,0.25958693,0.02616638,0.08790473,0.38014597,0.00253339,0.00284520,0.02192969,0.83267617,0.00365375,0.01806232,0.09400237,0.14388309,0.00016828,0.99854976,0.18861370,0.46823138,0.04058199,0.17970034,0.00520219,0.49521077,0.20401914,0.46534750,0.23958625,0.00163949,0.10170937,0.29209080,0.00291771,0.15163675,0.03563107,0.23649997,0.27006829,0.00109358,0.07726552,0.23756996,0.01193750,0.82886928,0.26972058,0.01315875,0.18364586,0.42250219,0.03460810,0.15557934,0.18686804,0.00391544,0.03151666,0.00911256,0.02303300,0.37444893,0.48561651,0.56387144,0.04899915,0.04799125,0.45005238,0.64308661,0.43948925,0.11423708,0.02305985,0.51866066,0.10649164,0.00044196,0.19250885,0.79882896,0.04188795,0.71773046,0.35227200,0.55043185,0.00010934,0.22345631,0.05604909,0.02580708,0.61182106,0.52354395,0.01750877,0.26116443,0.09190991,0.00070697,0.08235908,0.45969725,0.00802618,0.02647245,0.29260641,0.18627271,0.84303051,0.07396863,0.11905134,0.07360796,0.02488516,0.19310340,0.44983295,0.62919438,0.00298887,0.77564108,0.25096497,0.30538526,0.39988518,0.35011160,0.72523087,0.09020039,0.00292961,0.18440191,0.38785812,0.09045801,0.03818908,0.22038387,0.64975291,0.02914900,0.01467086,0.00616322,0.22853011,0.44076878,0.00272042
0.26342642,0.00229094,0.00115137,0.00186594,0.10626356,0.33108822,0.68299323,0.01651880,0.32186574,0.00013377,0.04366683,0.33966449,0.00391715,0.00089386,0.00045590,0.22155583,0.05747895,0.22292855,0.02906627,0.42252475,0.00478612,0.00010117,0.52985436,0.85662824,0.30421159,0.20308235,0.00183598,0.03912715,0.17565119,0.06044322,0.81507999,0.00951893,0.02853204,0.15220591,0.11423887,0.46788096,0.01660872,0.28967142,0.42464265,0.00751196,0.07055702,0.36760736,0.04482161,0.75220019,0.14611018,0.05619800,0.17225924,0.59143597,0.66987503,0.61541647,0.02040821,0.00119576,0.37456217,0.16620257,0.00574981,0.06642497,0.94188237,0.29741564,0.03401186,0.78346771,0.18845601,0.60297793,0.16579346,0.15314539,0.00676888,0.03367113,0.04686481,0.00343183,0.05859204,0.33204371,0.21107484,0.47673520,0.81064546,0.42756638,0.27324873,0.77005106,0.36738980,0.00106609,0.45521879,0.63406235,0.42434520,0.09042304,0.37802771,0.00514499,0.72027612,0.17866629,0.04494737,0.02733484,0.34095615,0.05922210,0.78094095,0.02024554,0.01828279,0.11161745,0.02069497,0.36230201,0.31880671,0.28114685,0.01870120,0.01619988,0.04444372,0.13251147,0.34960359,0.27816698,0.41603953,0.13248011,0.02311708,0.33883494,0.37136406,0.24915354,0.62246162,0.15248898,0.75010324,0.08187316,0.02616184,0.08842226,0.11393644,0.00037947,0.00506774
0.01539059,0.02703477,0.00008032,0.77098566,0.15592521,0.07407379,0.33735627,0.03861672,0.60741717,0.00049693,0.01246297,0.46585634,0.00007584,0.00116765,0.00030600,0.65585083,0.16433184,0.09355772,0.00414527,0.73670787,0.00726448,0.39208743,0.27848044,0.29159272,0.18693039,0.40604842,0.03605841,0.02680732,0.02742496,0.10903879,0.04947694,0.36642501,0.00888372,0.03969120,0.03056105,0.07140794,0.00016418,0.36513489,0.64718276,0.09066132,0.40938401,0.29498750,0.01541991,0.65444636,0.05068061,0.04538247,0.34520042,0.72394723,0.13329984,0.76331311,0.00930635,0.00037204,0.46298325,0.00435772,0.08274172,0.56919467,0.33240068,0.59136772,0.02479636,0.00137678,0.04368285,0.38704813,0.40553787,0.06872664,0.00948817,0.19878940,0.45289862,0.00299204,0.00360640,0.15356833,0.14921978,0.50721365,0.73994654,0.72174335,0.08976094,0.65798628,0.05432084,0.00086286,0.43253565,0.68517739,0.85267878,0.03087437,0.50183898,0.19850606,0.85613340,0.17439646,0.18786074,0.09144856,0.24833213,0.00121708,0.36552158,0.00625944,0.00276227,0.09296179,0.04940401,0.22677407,0.55340850,0.58473372,0.00773601,0.20498712,0.00539606,0.26832372,0.16176766,0.04049076,0.72789443,0.03355869,0.00271897,0.12948141,0.14910202,0.17730255,0.18994246,0.81064516,0.74036211,0.11542448,0.00861705,0.02065822,0.13322043,0.00607145,0.00214541
0.05073302,0.01306601,0.00040829,0.00138079,0.47775999,0.04066082,0.36740497,0.00796718,0.43602875,0.01776035,0.01112794,0.48282698,0.00050083,0.03552864,0.00649133,0.61289954,0.73294538,0.00119721,0.05937994,0.26786351,0.10623730,0.33161727,0.31452376,0.54894692,0.26596478,0.24396637,0.17794381,0.02366230,0.02937946,0.16311821,0.00139431,0.89122951,0.22798878,0.01469314,0.75314105,0.04400418,0.00011672,0.49895883,0.85190463,0.39378294,0.04686291,0.41753864,0.76992357,0.79346532,0.08600824,0.75601608,0.15914088,0.68529338,0.00318165,0.34417588,0.00416971,0.00305070,0.02704712,0.02109834,0.50129819,0.19555749,0.03339519,0.35692355,0.29737702,0.01812569,0.38192102,0.21348701,0.17297240,0.05588373,0.06843989,0.00953409,0.00682892,0.07702772,0.00435619,0.14510190,0.47306091,0.70898783,0.08676941,0.54393369,0.00001737,0.66926199,0.00233620,0.01513815,0.07341795,0.65776259,0.66062325,0.00211674,0.07362345,0.75696993,0.50848389,0.23958126,0.20481841,0.10272674,0.70716202,0.00222249,0.29828632,0.00061347,0.07634769,0.05050419,0.12435807,0.47493315,0.59426755,0.41680455,0.10967856,0.01045427,0.00009685,0.40138671,0.21563672,0.45171756,0.49497142,0.25484118,0.01598143,0.13538736,0.27938902,0.02935292,0.03284096,0.58675086,0.95307612,0.11054671,0.12966208,0.26068562,0.08376010,0.91975790,0.03424965
0.37898225,0.03028515,0.00804290,0.93575102,0.22225839,0.03224985,0.66005778,0.01330084,0.43450764,0.12345345,0.01286045,0.52960593,0.01415586,0.26340351,0.07956637,0.66237944,0.15063442,0.03708931,0.00454565,0.12357904,0.31807423,0.00095800,0.31661293,0.42098260,0.42661330,0.65731204,0.45125502,0.03083767,0.06926391,0.19982904,0.00186625,0.16696681,0.06313849,0.06364069,0.09003159,0.05065895,0.00431567,0.47468832,0.40058377,0.21748790,0.72601634,0.13056670,0.05933683,0.85406834,0.05458226,0.25314566,0.38209391,0.18434832,0.00039755,0.31675050,0.00038871,0.00802299,0.06380460,0.02353273,0.51899934,0.80079508,0.02076801,0.44245881,0.34050548,0.11750369,0.86603999,0.39790449,0.07059988,0.03122950,0.07465305,0.54884213,0.79382968,0.03980953,0.00127460,0.37967932,0.46106416,0.33235839,0.00403470,0.55980247,0.86738747,0.36738509,0.00216934,0.07504304,0.00794372,0.76859802,0.09860420,0.00686172,0.04643681,0.15981604,0.03464570,0.05568581,0.93903685,0.14200982,0.58820117,0.00068504,0.58232623,0.00376896,0.02634833,0.03788377,0.25557658,0.08063479,0.54252779,0.76308888,0.02948094,0.59311527,0.00010709,0.05127031,0.29198542,0.17469743,0.71552432,0.45716104,0.00016422,0.21237679,0.97379214,0.19717553,0.00016443,0.27367553,0.83098030,0.06422433,0.19749519,0.02316109,0.00828537,0.00032425,0.45310256
0.64127409,0.02259040,0.00206570,0.00660780,0.09505240,0.02243952,0.79896313,0.10829433,0.03764226,0.01155477,0.08953931,0.00937019,0.00115309,0.13047163,0.02908560,0.74295622,0.05617338,0.55681437,0.00242726,0.02161820,0.21595441,0.99425870,0.38832876,0.74806404,0.49363825,0.54421586,0.00509716,0.04144780,0.03703589,0.28256676,0.30933309,0.00900993,0.00026455,0.41747576,0.48304638,0.08670694,0.01320287,0.35725462,0.27680632,0.00138399,0.24204700,0.28633446,0.00436472,0.56300968,0.00449423,0.00244701,0.48920003,0.16744685,0.01003238,0.45836845,0.00055990,0.00384251,0.55373436,0.00005495,0.01494083,0.24420004,0.44136956,0.50784314,0.12370581,0.00325574,0.30429655,0.63756782,0.78615642,0.04086052,0.06568515,0.04553828,0.89237195,0.07305142,0.00167935,0.08132868,0.50251383,0.65238899,0.15597178,0.73851401,0.04869258,0.83481431,0.60206515,0.06061878,0.60623938,0.67496985,0.20099036,0.03990175,0.06347203,0.00485597,0.32722852,0.21811813,0.75358188,0.00398060,0.18340360,0.00391666,0.55787015,0.00065600,0.00683813,0.00304541,0.04818664,0.04391653,0.81676030,0.56834489,0.04431947,0.01248405,0.00018643,0.01136834,0.09852788,0.00538478,0.43982655,0.17482574,0.00007667,0.10000625,0.94360864,0.62924850,0.80027562,0.33561686,0.91182905,0.02088803,0.14706577,0.25782055,0.00392610,0.44109589,0.30329517
0.01298844,0.13005696,0.00073573,0.98186451,0.06933215,0.00569478,0.69162476,0.44083339,0.28200188,0.00007223,0.00678282,0.52050865,0.00500234,0.34469053,0.00537327,0.79689103,0.05827172,0.00002541,0.00304041,0.19624676,0.22015131,0.17752676,0.29383719,0.69130558,0.21786882,0.71763921,0.01812032,0.02411590,0.22862339,0.15571308,0.78491181,0.07987031,0.00008190,0.80816674,0.04579143,0.01720836,0.03149335,0.21411960,0.38137391,0.00163654,0.02783547,0.14406936,0.10525452,0.60420412,0.00092023,0.00777143,0.32026148,0.11296888,0.72904229,0.44484299,0.00116235,0.00079210,0.92408794,0.14702104,0.00552937,0.02784429,0.87430882,0.71928006,0.02321933,0.02962137,0.01389444,0.87500244,0.46797493,0.30862355,0.00017065,0.77397043,0.00173723,0.00921795,0.00039798,0.11548360,0.24619608,0.37664559,0.98801756,0.86386663,0.00016737,0.64180321,0.28089747,0.00896437,0.90791506,0.83181530,0.67778265,0.00791663,0.10883091,0.03000183,0.82178086,0.45326981,0.65721190,0.00014100,0.51054126,0.00098040,0.53676409,0.00095847,0.00238702,0.00104592,0.00206835,0.08274427,0.91116077,0.83828640,0.05781536,0.63972282,0.00011093,0.00287491,0.04052202,0.00593216,0.82516253,0.06432697,0.02372867,0.02606158,0.00132759,0.59669709,0.88623905,0.10206182,0.98377246,0.00096338,0.02682412,0.00936220,0.00192974,0.23146854,0.18691336
0.01467768,0.07460111,0.00003844,0.01398152,0.20982134,0.00228778,0.08919511,0.31281331,0.96080470,0.00114675,0.00322782,0.27608263,0.00011630,0.74865001,0.00326402,0.88072312,0.36374539,0.97687864,0.00006218,0.95162499,0.10951706,0.00490404,0.27606231,0.38318959,0.35092342,0.79664594,0.28004706,0.03218072,0.15664779,0.22001407,0.17387572,0.15129930,0.00076025,0.58513057,0.53521395,0.00452744,0.00013989,0.53134042,0.48267707,0.01808096,0.08837308,0.24774624,0.77038616,0.40495315,0.00146611,0.85750926,0.09444154,0.22470282,0.11979045,0.81636232,0.00009175,0.00000886,0.38513339,0.00271910,0.83093113,0.70063162,0.76057732,0.90584290,0.02623210,0.08892752,0.00751523,0.75603783,0.98329186,0.03937129,0.00234727,0.04963543,0.70276767,0.01558559,0.00014643,0.00415644,0.66337240,0.28073642,0.92290086,0.92367691,0.78648162,0.49470061,0.32947868,0.00002455,0.82331204,0.77518696,0.95683259,0.00893529,0.49730480,0.48625371,0.99690092,0.06115205,0.27212137,0.00420705,0.19905488,0.01685671,0.77825332,0.00157296,0.00035614,0.00035744,0.01270728,0.00473216,0.75630957,0.55352944,0.02540029,0.05681487,0.00069012,0.00377062,0.01258574,0.00768251,0.77250713,0.01724030,0.00005574,0.01392278,0.00381366,0.19490558,0.93390018,0.68288010,0.96535450,0.00003445,0.00512541,0.00265763,0.00189864,0.00004000,0.34858668
0.00604662,0.18769313,0.00004935,0.86397213,0.05978671,0.00111299,0.07851052,0.64245987,0.30617964,0.00158195,0.00209584,0.47123492,0.00002849,0.66696930,0.00795640,0.96290284,0.07770757,0.01161140,0.00027011,0.74988490,0.28330609,0.91773170,0.26841190,0.15677856,0.56124818,0.35820401,0.03322702,0.00537867,0.40904191,0.35940051,0.00336600,0.68438452,0.00249569,0.62746644,0.11862078,0.00379808,0.00187628,0.44580892,0.47931919,0.11352194,0.40157720,0.12849776,0.06382582,0.67504650,0.00817126,0.86166382,0.48637959,0.63475007,0.01410220,0.76792204,0.00259075,0.00003355,0.03294781,0.00067213,0.72489023,0.84457999,0.29751036,0.73915380,0.00867578,0.00036498,0.04666406,0.90023136,0.95539165,0.01764041,0.00228240,0.77115816,0.97671938,0.00588624,0.00109344,0.69055754,0.22829282,0.13785914,0.69456065,0.88723433,0.00057918,0.44193435,0.00836250,0.00118088,0.21388318,0.55484813,0.92265195,0.00018472,0.01859934,0.46956420,0.96787715,0.02721619,0.03560496,0.01146908,0.66480631,0.00293131,0.66994452,0.00480342,0.00070623,0.00147268,0.03314022,0.00410584,0.56335020,0.94787359,0.00608456,0.70575911,0.00249334,0.30233121,0.01999949,0.00394704,0.83492744,0.03436387,0.00001641,0.02673654,0.01820739,0.00247718,0.96359068,0.87985975,0.99594784,0.07403810,0.01540589,0.00034810,0.06187734,0.93947053,0.06718828
0.00128721,0.64351839,0.00001316,0.95886755,0.00033025,0.06377307,0.12472387,0.00854740,0.97578830,0.00051051,0.42308292,0.32576025,0.00008692,0.00481537,0.01731580,0.91659850,0.00589438,0.62542826,0.00029381,0.61490601,0.00312968,0.15480915,0.80814523,0.05910179,0.25541702,0.02545771,0.00668294,0.00327749,0.05099035,0.99994820,0.29554752,0.05465747,0.00010368,0.92731297,0.00915673,0.07102928,0.00010374,0.40033042,0.04854756,0.00072013,0.95122999,0.51468998,0.00075981,0.98247874,0.01684367,0.01162447,0.00098711,0.57837069,0.05037934,0.98797095,0.09532002,0.00002960,0.80579269,0.00236554,0.57145971,0.97898823,0.84569740,0.97581124,0.00065659,0.19400220,0.01252093,0.04762047,0.95075870,0.07609460,0.00587307,0.91632825,0.97684973,0.00148849,0.00778034,0.65496159,0.13520241,0.67892927,0.95416403,0.11862709,0.63999319,0.19267416,0.73214632,0.00031243,0.96745443,0.60052574,0.97977376,0.06010576,0.73712170,0.00211465,0.97769225,0.13783191,0.03075223,0.07962735,0.13492453,0.16562997,0.02045106,0.01361592,0.00023585,0.02424631,0.52246368,0.06491488,0.60438639,0.80760652,0.00064085,0.91355109,0.03150688,0.97438484,0.30580634,0.00108702,0.88322848,0.00121851,0.00002743,0.00146214,0.08480288,0.58951277,0.04662682,0.95614964,0.68924069,0.02212678,0.00474049,0.00332180,0.39989799,0.00514925,0.00165784
0.00065659,0.58199346,0.00048521,0.00375935,0.01775605,0.01860840,0.11614347,0.00777438,0.98453003,0.00207472,0.00063159,0.08600063,0.00003792,0.00256062,0.03286023,0.68235105,0.70110708,0.00060135,0.00013384,0.90947396,0.03679353,0.99051565,0.88961583,0.24155544,0.34681585,0.03206022,0.00353390,0.00229657,0.15173000,0.99993825,0.81627280,0.70824617,0.00315748,0.74255085,0.60137546,0.01641955,0.00013151,0.97957474,0.05063995,0.03106072,0.03858815,0.86766118,0.36049262,0.98439866,0.01110532,0.72811657,0.00105186,0.51503581,0.37248245,0.99364161,0.04639026,0.00002953,0.10724732,0.06212439,0.07799598,0.58579671,0.94823408,0.94379127,0.00315921,0.00083105,0.03745640,0.07309478,0.99504405,0.03552509,0.00647114,0.00055439,0.04106082,0.08501636,0.00559082,0.79588169,0.12949659,0.52007574,0.09449037,0.07916028,0.00009586,0.65829879,0.00191979,0.00088244,0.97968495,0.57941234,0.99315655,0.03269913,0.97279543,0.21409225,0.97923130,0.17946550,0.00265902,0.04236154,0.86677390,0.31125587,0.01371135,0.01872432,0.00211560,0.03353936,0.51668227,0.08952356,0.51215255,0.24083965,0.00411415,0.00004060,0.04750761,0.97302777,0.04593321,0.01025312,0.71884733,0.00074583,0.05797223,0.00060704,0.28878477,0.05744945,0.37642288,0.93677008,0.77087533,0.06835127,0.00235697,0.03087819,0.56260026,0.63197601,0.00054490
0.00056951,0.65839297,0.00034714,0.95218253,0.07864052,0.05820313,0.37259296,0.00042666,0.82895118,0.00632386,0.00135572,0.26583940,0.00038244,0.70995241,0.04336586,0.91282535,0.48128343,0.54531115,0.00073219,0.28862253,0.40831205,0.00327295,0.81813401,0.09925152,0.78866124,0.06065971,0.01670386,0.01458931,0.13141833,0.99539006,0.00589741,0.98083609,0.44163924,0.99432844,0.05671769,0.04961697,0.00082571,0.84081680,0.04193029,0.68944621,0.73470938,0.46180716,0.31744149,0.99994141,0.11231858,0.70525825,0.01026324,0.83088207,0.00160089,0.99664271,0.02695910,0.04063568,0.07352716,0.29311681,0.02687170,0.08333920,0.03132508,0.86983728,0.02185990,0.41736898,0.84348416,0.13859123,0.66886002,0.02111184,0.01771418,0.97311646,0.02089225,0.23356138,0.05227932,0.51284385,0.04757291,0.43467709,0.00053245,0.61021453,0.11256365,0.04458519,0.00590145,0.00712230,0.00003681,0.64172727,0.92070490,0.03674971,0.10647589,0.75536793,0.17671004,0.07357085,0.06469137,0.13213532,0.75459856,0.17926373,0.02084119,0.08748642,0.00757060,0.23282170,0.33011988,0.30150554,0.96243185,0.39764425,0.00463277,0.93034607,0.04125021,0.94839960,0.21421117,0.07393745,0.77994943,0.03003253,0.02884898,0.00275724,0.05452382,0.05742752,0.00310011,0.95679319,0.78206152,0.02791513,0.00091713,0.00077765,0.28745961,0.00010762,0.00167877
0.00999656,0.69547766,0.00026028,0.00945396,0.04436160,0.12434381,0.83721483,0.00037509,0.64625508,0.01646140,0.14640974,0.47939435,0.00033914,0.18726313,0.08306576,0.29549080,0.00578825,0.36605078,0.00835317,0.00584702,0.00671676,0.18859112,0.64836013,0.04358762,0.56590354,0.10926209,0.14162920,0.00492114,0.01766704,0.91234279,0.00198106,0.00614389,0.10364642,0.91125441,0.86175954,0.11866438,0.00496054,0.81761420,0.24067573,0.41830006,0.54936922,0.58097744,0.01003909,0.97133571,0.16352533,0.02261299,0.00745372,0.85027051,0.00024980,0.99299908,0.09630960,0.01225634,0.00694555,0.00062014,0.95819157,0.97540092,0.00057020,0.72400445,0.00876381,0.00049411,0.37226227,0.02678729,0.08784414,0.10672022,0.11961042,0.00101406,0.99092257,0.18383715,0.12389695,0.72248042,0.10621376,0.39576903,0.00468591,0.64882892,0.71641141,0.15122762,0.28904504,0.02568397,0.00555904,0.79126561,0.28749824,0.08459243,0.98588794,0.52427620,0.26774636,0.12149677,0.00653039,0.00885979,0.62573910,0.31849009,0.06045850,0.36115548,0.01999578,0.52736479,0.00085836,0.37167639,0.61153847,0.08734594,0.00389030,0.00011506,0.07877190,0.86996788,0.60163283,0.02889417,0.31543961,0.01221988,0.00000051,0.03527935,0.06331853,0.01319411,0.04043843,0.96372575,0.54961312,0.00361979,0.00050643,0.01432782,0.27519020,0.37441418,0.00091216
0.04030183,0.83839124,0.02199038,0.94759941,0.07403824,0.10257408,0.63839656,0.00059068,0.13820763,0.01489815,0.08026025,0.16085109,0.00720364,0.09830176,0.03243755,0.78101408,0.00037803,0.00016252,0.00728611,0.05169933,0.10345120,0.95848501,0.79960233,0.10645659,0.70227170,0.14458703,0.00288151,0.00470003,0.02930583,0.76164615,0.18443562,0.00068234,0.12770224,0.90712416,0.00921264,0.17967595,0.01821048,0.40127751,0.21515322,0.12984186,0.38737845,0.65490228,0.00220756,0.98115200,0.13347979,0.01493988,0.07864917,0.82074523,0.14450912,0.97632807,0.08348844,0.00241991,0.60552883,0.33157983,0.03028605,0.01274482,0.45069581,0.64313489,0.03473891,0.06151507,0.13800624,0.20557100,0.05960779,0.13871516,0.02071797,0.92240757,0.02666301,0.16795686,0.10349374,0.90069085,0.01780495,0.36456934,0.90556824,0.52442658,0.00131792,0.12151208,0.06989178,0.21619326,0.90419692,0.71406561,0.15462077,0.49687052,0.04497768,0.01338554,0.06445518,0.76179552,0.02292318,0.00256465,0.38656074,0.24272300,0.18597101,0.09745962,0.00463119,0.39186558,0.01298012,0.37685132,0.79917496,0.13740112,0.01085189,0.90398985,0.09973377,0.73135066,0.46283433,0.05657829,0.55401802,0.01679073,0.02989139,0.06440636,0.00286961,0.10760597,0.09436488,0.05108676,0.84623390,0.03897723,0.00182058,0.02890753,0.12380860,0.42910981,0.00356725
0.01433008,0.67256266,0.00195343,0.00440459,0.07744792,0.35316992,0.24836133,0.00287666,0.74420583,0.00040685,0.18901154,0.38019633,0.00467037,0.01782853,0.00302790,0.35997665,0.16256993,0.70603794,0.00484040,0.78931755,0.20796904,0.02178588,0.84895927,0.01674304,0.72148257,0.25627151,0.01006487,0.00915023,0.01394758,0.27286759,0.84436089,0.02627128,0.06491502,0.70368695,0.05079690,0.18655011,0.00431639,0.48972058,0.26800448,0.02370805,0.07120968,0.59647477,0.05670150,0.95366818,0.02985844,0.10519838,0.02817715,0.24723296,0.23519850,0.93034136,0.03683448,0.00004998,0.44058526,0.11376923,0.01907332,0.00586331,0.90901524,0.73608774,0.05138605,0.68562871,0.30924585,0.21548237,0.58965337,0.14133134,0.01961862,0.00297078,0.01303022,0.21163937,0.11535756,0.68009442,0.08668111,0.32613572,0.68705750,0.25134903,0.50395215,0.19473751,0.37181744,0.04308930,0.76277393,0.76344025,0.87279171,0.25528392,0.61721212,0.01957543,0.67046833,0.42753854,0.08247454,0.00085756,0.27620527,0.39684790,0.30076185,0.03652273,0.00002650,0.14295541,0.00921601,0.18385379,0.56033182,0.06217654,0.06890953,0.00041503,0.05137931,0.47277838,0.41147372,0.09227762,0.51251167,0.01802389,0.04397891,0.07614016,0.00476767,0.40708661,0.27667382,0.54516691,0.81471181,0.07203662,0.01438324,0.07584748,0.02981964,0.00001215,0.02019875
0.00951229,0.78422105,0.00055172,0.67868173,0.22568835,0.17331193,0.14242129,0.02509425,0.93395466,0.00348351,0.02980863,0.53218788,0.00031111,0.02419504,0.00717772,0.91968989,0.11664941,0.01894056,0.00010420,0.89224541,0.07956778,0.19700935,0.64591175,0.09097317,0.47268817,0.20389205,0.01281391,0.00752306,0.00768819,0.36581129,0.05730328,0.64983249,0.00899872,0.74541992,0.10531949,0.18993706,0.00141889,0.34144410,0.29942656,0.00859333,0.50980657,0.51064205,0.00845852,0.83652687,0.00372893,0.05451902,0.06931727,0.61954743,0.03876872,0.92765653,0.01483719,0.00002668,0.60510761,0.00279606,0.38280508,0.84349239,0.54472804,0.49446321,0.01371544,0.08754007,0.17492314,0.41297412,0.85895842,0.01112490,0.00382136,0.56014591,0.73898035,0.05445459,0.02226181,0.91002917,0.04860761,0.24160755,0.78340328,0.33833084,0.05120485,0.07843941,0.06186884,0.01289770,0.58798993,0.69938982,0.97450966,0.04406356,0.45689353,0.15659961,0.77969080,0.51088732,0.27660903,0.00923423,0.46963742,0.06429707,0.51276404,0.00866622,0.00026454,0.11230032,0.00769574,0.09266818,0.72569251,0.34644672,0.00960545,0.58430511,0.01335926,0.73010820,0.16538832,0.03721127,0.65986985,0.01551559,0.00014170,0.05919544,0.00038034,0.25226784,0.01681007,0.34942839,0.76249170,0.05570682,0.01518879,0.02480680,0.01469998,0.04435148,0.00835971
0.03200785,0.66594368,0.00490309,0.01867851,0.28346783,0.27138650,0.38367963,0.12023292,0.36182639,0.01183552,0.01884213,0.32958916,0.00035317,0.04602902,0.03653624,0.80220854,0.70756328,0.00107211,0.04522090,0.20453671,0.20419282,0.56600153,0.46915510,0.01697482,0.36766014,0.07493461,0.30491892,0.02476617,0.00091539,0.30209509,0.00881978,0.84853059,0.03432297,0.47731259,0.06874311,0.28481787,0.00104438,0.64768887,0.57568294,0.01545605,0.07328802,0.90013903,0.48064139,0.95324612,0.00308881,0.46032697,0.16586271,0.95528376,0.01404668,0.97315437,0.00981765,0.00767725,0.00664818,0.03595852,0.18255684,0.07744821,0.02828367,0.40967321,0.09893740,0.00217265,0.02946839,0.45059690,0.53731865,0.00139284,0.11678555,0.00050237,0.00371522,0.04389139,0.26627654,0.89434659,0.15889053,0.12061734,0.01066240,0.27335498,0.01909399,0.32356104,0.01294780,0.06520740,0.02153547,0.82470101,0.78507280,0.03525852,0.66241419,0.91532302,0.47795135,0.04481084,0.40251532,0.00034962,0.93480569,0.17107159,0.67825675,0.00614972,0.01685095,0.04214184,0.06551986,0.19444111,0.38980964,0.28385657,0.05221160,0.00018232,0.01186077,0.90237427,0.45164737,0.37569216,0.54951763,0.04860073,0.02535932,0.03482712,0.00511883,0.21608454,0.14450905,0.33982894,0.69302779,0.03267552,0.23660862,0.56559289,0.00464551,0.37854600,0.06332934
0.07968574,0.71477491,0.00009973,0.80509442,0.27719146,0.04080576,0.44705361,0.33096483,0.80955285,0.01506271,0.09835431,0.66755098,0.00128821,0.02178111,0.00676977,0.79024136,0.13026954,0.83930427,0.00495442,0.00215020,0.50135922,0.00812765,0.49407515,0.05398025,0.79747933,0.32753444,0.15284944,0.04700677,0.00084432,0.12672207,0.00226851,0.00898765,0.01027742,0.43419579,0.05484376,0.17133500,0.00315183,0.52443916,0.33675006,0.04368887,0.81855547,0.88539118,0.02592398,0.99034250,0.00233444,0.10556359,0.36883968,0.75307119,0.00074533,0.97057158,0.01908831,0.18129320,0.04565290,0.00270653,0.35484797,0.04308544,0.01959955,0.22360393,0.00967405,0.61242813,0.20191982,0.94719762,0.06204225,0.01163992,0.04415349,0.93411374,0.51746309,0.03158898,0.13965100,0.85356784,0.19809617,0.17122442,0.04946559,0.24468938,0.21780132,0.27082014,0.01605780,0.02320464,0.01990271,0.90095091,0.02896541,0.04062117,0.06004669,0.08722112,0.05195767,0.05897186,0.71392828,0.00450932,0.87580168,0.17280899,0.63150918,0.00016424,0.07169281,0.09020791,0.00402021,0.09295905,0.57743311,0.26274762,0.04529230,0.85556000,0.01131795,0.68126720,0.31367251,0.51303369,0.84058952,0.44896948,0.00102729,0.14797288,0.00859537,0.10025922,0.01321652,0.29280776,0.82609415,0.09422891,0.69301772,0.36030635,0.00664141,0.00043286,0.11425184
0.09661268,0.47039366,0.00097093,0.02644007,0.24658722,0.85164732,0.12895931,0.24489686,0.94269270,0.00419639,0.03897273,0.15210989,0.00005328,0.01033507,0.00091896,0.53295213,0.13978174,0.00075457,0.02636165,0.04182041,0.10060449,0.82226992,0.54347622,0.01064928,0.61661154,0.22830392,0.00507705,0.03414084,0.00518537,0.10925295,0.05367432,0.00021137,0.00032042,0.17785706,0.01000347,0.76022536,0.00334739,0.44930279,0.89794105,0.02043549,0.33403817,0.90390700,0.00775129,0.92714030,0.00100665,0.04005172,0.44760549,0.70031738,0.03040650,0.95323306,0.01712962,0.02304490,0.19585097,0.00004698,0.85820425,0.76463723,0.47134656,0.57071215,0.00385005,0.00635445,0.05550302,0.98410594,0.27210867,0.00042977,0.02274399,0.00528447,0.98986202,0.00523424,0.22187194,0.64859104,0.05733450,0.14095625,0.78489494,0.06965423,0.34831443,0.31663892,0.21368703,0.00084543,0.81004179,0.97165686,0.27066487,0.00902505,0.99374658,0.00603250,0.83938438,0.02175513,0.25443605,0.00167441,0.81099361,0.70912480,0.66202718,0.00319506,0.07151638,0.02875552,0.00666093,0.04226184,0.54138184,0.03776156,0.04362526,0.00078033,0.01416622,0.93458891,0.17519702,0.24535456,0.67698449,0.39984271,0.00000618,0.09942183,0.00146366,0.31037596,0.22794056,0.74947047,0.44017884,0.59511435,0.45138034,0.81855613,0.00149856,0.88620484,0.01079066
0.02157211,0.82344693,0.00023839,0.62498111,0.02202392,0.25655535,0.06535134,0.21917108,0.90477484,0.00463388,0.01825334,0.11462364,0.00015116,0.00391825,0.00177352,0.56348068,0.51885259,0.12089705,0.00026240,0.82273102,0.10546449,0.92251444,0.85101044,0.00713936,0.58763862,0.52388155,0.00085080,0.00173803,0.01460635,0.10418203,0.77407533,0.04126008,0.00147513,0.44614217,0.00116045,0.42104539,0.00032868,0.53938264,0.85391933,0.01411586,0.65491807,0.99476296,0.25596809,0.97567588,0.00381859,0.16510317,0.39932334,0.10159416,0.93563360,0.73545098,0.00549798,0.00011051,0.65182579,0.00655767,0.05317475,0.23639300,0.97646910,0.41326651,0.01062994,0.02638187,0.33787474,0.98848033,0.74566627,0.00166928,0.01273818,0.89820474,0.01143273,0.00258359,0.00240273,0.79005075,0.37054592,0.04743735,0.98693931,0.03478264,0.00130186,0.28522679,0.03979841,0.00381200,0.99398440,0.91469556,0.83760768,0.00788801,0.13262491,0.08960761,0.70459890,0.10811086,0.14728616,0.00266134,0.93192637,0.12152874,0.83298630,0.00444186,0.01732278,0.00819048,0.00934409,0.02000859,0.53527331,0.58555120,0.00430491,0.99525148,0.01203309,0.89525759,0.14921278,0.76342803,0.97494417,0.61166155,0.02631094,0.11290310,0.00731147,0.10687165,0.00837136,0.09646202,0.95372254,0.60913217,0.08881424,0.84158796,0.00825521,0.00257044,0.00264651
0.01984850,0.92586070,0.00018628,0.10839794,0.00944680,0.06170803,0.34152576,0.10697426,0.95108527,0.00418955,0.04650353,0.19538239,0.00008047,0.00229143,0.00688239,0.81762856,0.97459114,0.03737251,0.00107290,0.25441131,0.04186016,0.01925030,0.64149642,0.02686087,0.59617776,0.83944064,0.00608062,0.00006690,0.01091731,0.06989138,0.07658780,0.64975834,0.00307375,0.08776612,0.48515931,0.16329463,0.00044922,0.20992039,0.43552798,0.01884538,0.81555033,0.99547499,0.21874648,0.98609352,0.00862367,0.53290689,0.11644855,0.77099639,0.04846035,0.70482618,0.01646753,0.00040323,0.19776979,0.00498196,0.42423591,0.09178668,0.79783577,0.60584193,0.00487674,0.00941534,0.53828537,0.98512501,0.96913755,0.00417294,0.01685186,0.05079830,0.65278649,0.00055865,0.01358761,0.41258255,0.23178093,0.03252840,0.93679309,0.44659659,0.03024692,0.03161824,0.01333015,0.00851786,0.96329504,0.78796732,0.90850884,0.00544428,0.39620799,0.74296457,0.95404136,0.06423914,0.00994159,0.01054012,0.75330001,0.04193142,0.95083207,0.01620568,0.00364784,0.03028763,0.04329886,0.02654403,0.30760685,0.50590020,0.00098379,0.04129883,0.01044582,0.96945578,0.68071550,0.27466965,0.96920586,0.46096376,0.00087011,0.02523669,0.01414418,0.08166777,0.09446859,0.71401423,0.99749756,0.36461237,0.03291280,0.18741094,0.07449066,0.00320591,0.00597746
0.01018186,0.43820649,0.00036159,0.23097740,0.12763762,0.03558781,0.13763161,0.02588680,0.68398714,0.00337366,0.01540002,0.18410389,0.00029999,0.03863405,0.00839183,0.78025651,0.17408985,0.03243631,0.00173887,0.71172833,0.06876007,0.18228494,0.49868685,0.29655665,0.37070689,0.38318622,0.04959115,0.01111739,0.41285118,0.16009092,0.10502040,0.28837958,0.00647302,0.12979271,0.11282920,0.05995591,0.00075508,0.50175965,0.25121769,0.02855424,0.47868666,0.34831613,0.02828193,0.54509664,0.01341714,0.18182592,0.15687296,0.67513901,0.06324331,0.85000980,0.03298550,0.00034256,0.16908009,0.01091835,0.35645643,0.38502765,0.37686551,0.25271213,0.03519509,0.02579266,0.06897941,0.55802840,0.83153427,0.03678671,0.00851580,0.15052439,0.41356874,0.01259423,0.03554447,0.37074488,0.09414232,0.60652965,0.49560407,0.42309546,0.03326235,0.43428177,0.08510379,0.01071197,0.49467716,0.35474962,0.79316485,0.06372105,0.50654864,0.11897276,0.79769069,0.03724235,0.11742051,0.02433887,0.33020258,0.04111123,0.40765139,0.01555803,0.00498380,0.12775767,0.07557080,0.11339428,0.34289193,0.43655440,0.00398965,0.14704728,0.01723422,0.47496474,0.44798979,0.04082577,0.56544250,0.01348928,0.00159924,0.03417350,0.02500024,0.07986968,0.11523307,0.54098541,0.62726599,0.27609792,0.02964288,0.01431228,0.22392777,0.02324968,0.00534591
0.06106229,0.01216306,0.00014881,0.36319062,0.06336487,0.05374224,0.03560748,0.05677521,0.82824594,0.00148250,0.35578123,0.02211794,0.00006883,0.00466432,0.00291060,0.54320699,0.00548945,0.36272609,0.00027719,0.68566096,0.01316851,0.19649485,0.67428607,0.01939833,0.83209145,0.01868416,0.01753100,0.00469071,0.94641954,0.74435568,0.58101737,0.04419629,0.00525141,0.00571489,0.00427943,0.02132241,0.00242966,0.02564676,0.96964866,0.04959967,0.77180374,0.37347752,0.02033895,0.10269543,0.03954368,0.00607872,0.04893107,0.99882954,0.07853761,0.96629077,0.02437759,0.00007741,0.75660557,0.02760638,0.41629657,0.08118194,0.79241574,0.01406957,0.00061820,0.59267819,0.35292995,0.83614153,0.82929569,0.27513549,0.00137288,0.84295917,0.98824507,0.00149854,0.06302577,0.45301768,0.03365621,0.52123487,0.93955255,0.61356449,0.55570221,0.25366130,0.15903172,0.02044263,0.30605677,0.03028103,0.68254423,0.12912533,0.56955695,0.52438170,0.95120162,0.00830412,0.10670663,0.02977023,0.07098442,0.10182535,0.82588917,0.02178321,0.00501240,0.71246105,0.03785973,0.03709437,0.95929033,0.08648699,0.00190941,0.66300595,0.02807199,0.19290085,0.27675489,0.00382158,0.34210035,0.00402998,0.00001896,0.04808776,0.02357214,0.09704199,0.02350086,0.13440692,0.57873851,0.98016071,0.00543427,0.00284061,0.21450311,0.00600546,0.00469514
0.00128051,0.00211385,0.00029225,0.01417147,0.05172947,0.16968633,0.15855530,0.04391532,0.96505690,0.00046139,0.02214674,0.04097882,0.00000884,0.00203966,0.00754847,0.94622707,0.02133677,0.01129675,0.00071415,0.79313338,0.00108333,0.86290246,0.74150741,0.00146998,0.62055588,0.24646603,0.01259177,0.00477879,0.54684341,0.45912713,0.49763367,0.66206270,0.02042882,0.03862708,0.06876647,0.00890512,0.00076627,0.08370371,0.99131930,0.16029386,0.28856492,0.21085928,0.14124794,0.10347527,0.22889052,0.19808298,0.12724797,0.99999684,0.23154612,0.98213637,0.05575508,0.00001372,0.42269045,0.03487993,0.14833455,0.21689190,0.97757733,0.22838281,0.00470704,0.02291188,0.02423015,0.37668946,0.98154372,0.17360011,0.00123408,0.09574805,0.53630352,0.00104763,0.05629552,0.69133455,0.14027101,0.59246057,0.88555443,0.97756523,0.00213032,0.35473913,0.63841820,0.05187557,0.56284857,0.06404765,0.97884560,0.10179657,0.90305442,0.67764515,0.96005237,0.04324158,0.03378635,0.14249997,0.05955147,0.29959235,0.95929849,0.08567078,0.10606533,0.51410806,0.23768330,0.08255966,0.99182534,0.26980394,0.00095161,0.16268033,0.01728444,0.41541591,0.80769616,0.00871853,0.70507884,0.00180796,0.00287864,0.00673588,0.00055887,0.00164463,0.27425003,0.28396016,0.19024681,0.99186313,0.00810828,0.05158756,0.28025565,0.58534956,0.00399762
0.00518213,0.00119293,0.00011744,0.63878608,0.59588039,0.18329339,0.22393334,0.01096846,0.58578342,0.03962403,0.00269612,0.04389066,0.00016368,0.00062425,0.02966216,0.15415719,0.12220378,0.15676828,0.00003827,0.88534439,0.08830880,0.00014621,0.76754326,0.02040339,0.39321822,0.10797638,0.00613544,0.00040606,0.07356943,0.40304887,0.03804183,0.85204351,0.09580787,0.00067498,0.01248542,0.01273905,0.00100906,0.02614376,0.93225485,0.39973912,0.15909086,0.17939675,0.31377116,0.37756899,0.51074529,0.95079327,0.01705962,0.99999082,0.07878883,0.85858822,0.09477093,0.00010970,0.00561197,0.15291093,0.04654155,0.40511200,0.22283633,0.59593832,0.01775631,0.72263116,0.13010769,0.58776599,0.50616735,0.09475097,0.00118978,0.82032490,0.83683336,0.00021644,0.23024088,0.50473154,0.08944017,0.51259583,0.00699997,0.89343131,0.09906145,0.52181423,0.02642533,0.06187389,0.23432407,0.30785790,0.90967536,0.01963406,0.13712245,0.75477803,0.80990446,0.01721187,0.12340010,0.25249013,0.30354112,0.35694101,0.97252309,0.04581353,0.03262482,0.13001572,0.39476225,0.04156598,0.97066730,0.30649769,0.00375221,0.43340504,0.06115555,0.67398381,0.99039030,0.00706170,0.65635574,0.00020668,0.00885280,0.05611177,0.05204973,0.00701314,0.00474159,0.53207755,0.52100784,0.83947748,0.03264519,0.02718558,0.71458733,0.00116901,0.10866400
0.04339123,0.03412754,0.00014856,0.03841923,0.43512797,0.40824831,0.74784172,0.00746908,0.09854747,0.16168851,0.07805049,0.61532038,0.00051939,0.00187265,0.07762446,0.76260692,0.07537722,0.46578050,0.00541358,0.54269183,0.00106181,0.14240016,0.68313289,0.00297861,0.53195745,0.24455689,0.18790460,0.00051478,0.17781843,0.66510588,0.04308285,0.10098559,0.05505146,0.00034853,0.48997459,0.01299008,0.00357244,0.03518508,0.81628740,0.00168024,0.43669590,0.07039847,0.00313318,0.18831837,0.54965091,0.29246098,0.02707047,0.99997836,0.00072745,0.93038362,0.12538715,0.00724046,0.00124582,0.00134852,0.91501725,0.87860972,0.02441282,0.56163543,0.02056252,0.00289275,0.48055637,0.12518384,0.45475060,0.10548512,0.00909798,0.18170784,0.97706217,0.00017342,0.50996363,0.51359314,0.42131612,0.68075681,0.00422004,0.97014308,0.97646403,0.86127108,0.00134845,0.16662693,0.01841952,0.26187608,0.36966172,0.11877480,0.44390455,0.07758608,0.30432051,0.01447183,0.06002333,0.04375599,0.31365573,0.48211247,0.91212189,0.37349531,0.00679341,0.02094980,0.85908365,0.01314419,0.96325094,0.13365109,0.00239217,0.04408748,0.46744856,0.86938363,0.98633635,0.00179224,0.65450025,0.00000901,0.00019742,0.16006565,0.09655853,0.00208809,0.00642348,0.82115227,0.45923188,0.54950172,0.03724369,0.02033028,0.59794044,0.61850995,0.04255256
0.03800273,0.11398488,0.00748318,0.76778883,0.11501953,0.11292777,0.31318164,0.03246070,0.20298693,0.01770945,0.08098187,0.82178450,0.01515502,0.00638913,0.07319701,0.67020828,0.00229415,0.01733453,0.02267121,0.39719078,0.00087164,0.99080825,0.73939031,0.13010415,0.72885269,0.35101420,0.00273213,0.00578352,0.09885854,0.31533086,0.33152798,0.14706537,0.05475203,0.11582580,0.02516505,0.07737076,0.03145577,0.08707582,0.89566863,0.00116996,0.26687858,0.20390259,0.00114504,0.66736925,0.65809715,0.00104096,0.28268453,0.99994689,0.03306786,0.90434068,0.03985837,0.01536352,0.13576148,0.06324271,0.02064218,0.43130785,0.32055435,0.69708437,0.01589744,0.29743162,0.67202377,0.09133330,0.02750853,0.04136465,0.00097364,0.43928444,0.18385895,0.00491741,0.17627515,0.91913331,0.16605948,0.51810443,0.74207562,0.78846461,0.00035800,0.48165250,0.09975995,0.15904476,0.34857941,0.27652597,0.08492047,0.21073513,0.21300596,0.01598590,0.09780107,0.00970964,0.09331602,0.08525551,0.30836400,0.38181937,0.72760564,0.03440179,0.01915571,0.00514742,0.17107576,0.06384312,0.90903753,0.17352664,0.00724436,0.44864243,0.14104007,0.67858434,0.91047454,0.02545294,0.86271203,0.00779033,0.00401975,0.48198083,0.07337999,0.02433187,0.07498387,0.43892813,0.29666749,0.45485845,0.00917224,0.02290276,0.37693220,0.41299310,0.00966012
0.03167648,0.11206432,0.00033184,0.00611035,0.12937684,0.37735239,0.58397615,0.18205659,0.84966004,0.00301795,0.12752384,0.48069939,0.00300884,0.00213488,0.01554616,0.52901864,0.00749969,0.41413692,0.00940488,0.60525203,0.01232705,0.00014617,0.77208531,0.25961033,0.45148176,0.20949581,0.01383851,0.00425797,0.13545200,0.11615101,0.64258027,0.02527145,0.03595717,0.33516556,0.06223610,0.18930972,0.00259018,0.15349206,0.87402660,0.00344749,0.08774132,0.17791221,0.09310889,0.56472123,0.07395472,0.01828884,0.13111168,0.99597031,0.79138589,0.71789199,0.05671238,0.00698273,0.60476780,0.09359124,0.02585302,0.03731526,0.85939014,0.36077666,0.00041787,0.34478870,0.13275322,0.35945755,0.53839695,0.27663207,0.00033130,0.06857424,0.02957476,0.01626183,0.15133618,0.85093182,0.15757850,0.49177918,0.72342062,0.39017084,0.30043671,0.67253029,0.29267401,0.00470882,0.40681151,0.29724097,0.51443553,0.05134473,0.25631589,0.06615987,0.82607454,0.01004154,0.08386935,0.06117499,0.26041257,0.36260822,0.58258802,0.01493223,0.00373568,0.04475683,0.45710105,0.24022052,0.65090984,0.17049678,0.03920778,0.04060889,0.02825098,0.61458582,0.94268984,0.01411281,0.50568438,0.13831040,0.02996432,0.25024530,0.20112008,0.18701060,0.85085142,0.12260322,0.37895170,0.39354336,0.00786045,0.04555451,0.47452274,0.00047878,0.01120182
0.06933407,0.22718114,0.00129924,0.50376046,0.16068381,0.05495932,0.22614388,0.12771440,0.86116254,0.00802298,0.02470985,0.36614951,0.00004072,0.00709904,0.00387932,0.63904256,0.12962064,0.04917835,0.00209403,0.90423870,0.00726401,0.24948479,0.68430346,0.16487056,0.41150635,0.22785756,0.02738102,0.00729970,0.17602088,0.14727649,0.05703034,0.19839442,0.00575165,0.06799813,0.08042110,0.06265551,0.00004983,0.24624768,0.78349179,0.03725002,0.72969854,0.20416327,0.01347103,0.36037540,0.00237388,0.15324233,0.24906574,0.99966788,0.14656530,0.72983640,0.01689784,0.00041068,0.63537592,0.00233281,0.15736711,0.50729531,0.51328903,0.57122451,0.00213972,0.00480074,0.09447610,0.39261141,0.82796532,0.03095982,0.00239370,0.16560599,0.32964548,0.01211514,0.02700502,0.76810014,0.13923955,0.47691566,0.73268849,0.33469969,0.15754300,0.26971838,0.17347611,0.00020095,0.33521116,0.46030864,0.92499822,0.02201966,0.53225750,0.25306439,0.80901772,0.03278371,0.11539368,0.19684954,0.20466937,0.11195821,0.24663061,0.00242159,0.00088298,0.10662277,0.08799449,0.14270200,0.74477774,0.30044433,0.01170864,0.12620978,0.00975986,0.78649610,0.86818534,0.03881659,0.57980573,0.02202812,0.00818671,0.12975982,0.24456193,0.04177628,0.12586789,0.63515896,0.27891755,0.26142660,0.00875506,0.11735252,0.10983923,0.01004476,0.00738897
0.12232930,0.30088419,0.00049582,0.00681876,0.50731105,0.02811056,0.77858967,0.11385584,0.08290474,0.01857441,0.00016499,0.75377184,0.00031780,0.15246931,0.01203946,0.84872848,0.87159628,0.00279995,0.00910475,0.74703509,0.12959602,0.29412577,0.69103694,0.21217743,0.51166433,0.21153361,0.01179600,0.11542069,0.13385317,0.11620867,0.12126226,0.74229753,0.46899259,0.01956681,0.73579758,0.02969517,0.00084610,0.20914675,0.86005062,0.15437323,0.07911154,0.17044798,0.76886457,0.56297278,0.00192349,0.85460758,0.10376521,0.99985492,0.00888405,0.35662660,0.01673975,0.00052164,0.01979076,0.01238689,0.10585814,0.28683099,0.20284528,0.83139664,0.02846322,0.00270298,0.66749221,0.20974469,0.51119363,0.02883013,0.01291179,0.06468689,0.02833270,0.15644567,0.07575128,0.98660541,0.12025165,0.51746410,0.03647777,0.58267635,0.00001147,0.41440701,0.00399951,0.00020755,0.17213856,0.44126543,0.84216464,0.01024262,0.10614660,0.74317056,0.42742258,0.14003694,0.02895225,0.76316106,0.55078155,0.12842233,0.24135624,0.00023993,0.06872673,0.19259976,0.05364709,0.34348533,0.73744261,0.05853750,0.01332474,0.01628440,0.00102471,0.40896741,0.93525016,0.23963155,0.34107515,0.21440721,0.00756462,0.12698331,0.03511764,0.01290602,0.05798550,0.34316096,0.44052947,0.32147437,0.11819049,0.35416788,0.18644203,0.91714895,0.02038268
0.27794218,0.40570483,0.00315992,0.81950349,0.19475316,0.04520573,0.81659836,0.07344036,0.00519969,0.01210183,0.00049167,0.33778247,0.01673079,0.53367543,0.01785003,0.04674085,0.09919978,0.01979512,0.00717693,0.64166117,0.12578978,0.00079031,0.56459397,0.38471183,0.34790736,0.43706554,0.49101159,0.27920893,0.18235530,0.88359571,0.00670357,0.10337991,0.03535318,0.17166929,0.53917736,0.04863109,0.06013921,0.10177500,0.92491972,0.01167484,0.98052782,0.22788958,0.00604579,0.59349495,0.00079363,0.26466891,0.33842289,0.99607259,0.00034935,0.37891850,0.00070663,0.00619849,0.03094609,0.03076161,0.26782486,0.83709311,0.13125798,0.57864213,0.02953371,0.05742637,0.15795814,0.42966846,0.04274538,0.01103161,0.08707959,0.23615111,0.67717916,0.06699689,0.01741781,0.98630500,0.16325773,0.33767605,0.02361920,0.61850470,0.84258115,0.22675009,0.00649664,0.00038162,0.20891446,0.42521173,0.17013220,0.00137298,0.06119438,0.08784650,0.09324673,0.00480802,0.41689622,0.30130571,0.52822256,0.16779269,0.38557515,0.00150817,0.02248417,0.25858429,0.01351826,0.39498287,0.71894681,0.25240630,0.04338410,0.24973424,0.00145785,0.31972167,0.98036486,0.37567067,0.55447370,0.93451911,0.00047349,0.22068724,0.08101915,0.01000512,0.19823971,0.57718468,0.51262909,0.05918109,0.06006926,0.05639157,0.43985599,0.00019758,0.17227222
0.26972097,0.42503801,0.00120398,0.01118568,0.50425202,0.00916430,0.76800871,0.06399556,0.26726800,0.00439727,0.47353828,0.03586518,0.00527129,0.22715339,0.00535571,0.48305392,0.00927032,0.47739547,0.00253144,0.55991542,0.03819390,0.93430036,0.82036537,0.30678067,0.65016127,0.62562567,0.04664357,0.09172982,0.54745436,0.71855289,0.02084609,0.16133225,0.00356557,0.65838951,0.19652189,0.03415199,0.03710964,0.06955206,0.86833078,0.00129841,0.15917458,0.29738858,0.00102101,0.42905641,0.00151802,0.00156298,0.24435419,0.98765212,0.10016882,0.73795646,0.00071709,0.00501268,0.27883434,0.00003307,0.31549492,0.38231924,0.31386730,0.69253463,0.07124705,0.00238352,0.13563070,0.08282171,0.37545845,0.05033137,0.02962628,0.07178423,0.68007523,0.08699249,0.00062859,0.99978471,0.10302720,0.64546841,0.18315060,0.32954335,0.02458504,0.28650385,0.69654542,0.00064595,0.76975554,0.29323158,0.39348724,0.00117908,0.11748338,0.01691212,0.28093877,0.00522368,0.27218917,0.00183326,0.20717953,0.12937003,0.10160079,0.00318485,0.01522640,0.10571090,0.08247900,0.37486684,0.63689369,0.18303917,0.14682409,0.01296851,0.00025021,0.14760570,0.99126130,0.09290798,0.39262500,0.11384749,0.00026956,0.15130256,0.03723702,0.73120940,0.89906549,0.31138930,0.28696355,0.12432590,0.05650579,0.09965061,0.31139120,0.32599184,0.09922205
0.03690951,0.31617609,0.00035474,0.74930644,0.13608515,0.00526346,0.27161703,0.02924888,0.96973705,0.00082096,0.19577743,0.14199516,0.00425144,0.25482851,0.00678178,0.45164707,0.07936080,0.01168158,0.00378549,0.95256567,0.08874463,0.23728614,0.76330590,0.12473213,0.77311683,0.85898566,0.00780723,0.04942222,0.74395978,0.69982451,0.75407672,0.07892176,0.00218508,0.06139702,0.02981513,0.09442513,0.00790681,0.42906919,0.86102617,0.00661251,0.78448224,0.50895202,0.04073345,0.28081048,0.00134236,0.00336573,0.23948035,0.71615666,0.38776127,0.43576884,0.00046742,0.00230297,0.59349203,0.16393998,0.03122460,0.09343323,0.81982481,0.46566042,0.15795851,0.01297586,0.01191571,0.03978181,0.77225703,0.12197611,0.00112133,0.27764654,0.06909867,0.03810754,0.00223163,0.99992734,0.28975788,0.79605603,0.98506474,0.43879980,0.00009212,0.50523520,0.67928863,0.00034161,0.90921539,0.15526257,0.95032161,0.00864077,0.03641698,0.16210417,0.66362852,0.01660324,0.36926171,0.02154741,0.37486377,0.33328423,0.03538590,0.00133268,0.00405375,0.44932115,0.05744150,0.04523066,0.64545405,0.13930914,0.27951464,0.19388251,0.00028764,0.02679299,0.99667025,0.55458665,0.37679601,0.02129413,0.00469349,0.05960488,0.00277251,0.82982010,0.76290751,0.54385811,0.31949109,0.02563160,0.06915970,0.00752122,0.06099090,0.34281686,0.18412003
0.00737210,0.37991187,0.00005062,0.01478719,0.20721592,0.00077719,0.21060508,0.04065935,0.92618179,0.00070684,0.03911443,0.36092922,0.00015950,0.16983770,0.00422394,0.56489128,0.69014168,0.48450559,0.00045666,0.99324059,0.03111633,0.00888933,0.53834742,0.12031834,0.15324044,0.65298927,0.13634236,0.04414524,0.73637664,0.80084693,0.12215640,0.54969454,0.02143875,0.15093851,0.79447740,0.02486557,0.00111063,0.77226871,0.91259187,0.00750885,0.70975548,0.11992944,0.03516075,0.28853467,0.00550762,0.38607967,0.20478772,0.90555018,0.18026188,0.67091572,0.00029408,0.00043205,0.36748409,0.05767824,0.29571477,0.55944037,0.23906775,0.37217167,0.06490488,0.00295619,0.01204582,0.20530361,0.96421224,0.22024055,0.00441627,0.53730041,0.83611733,0.01029092,0.00281652,0.99726576,0.13567027,0.87501526,0.90689754,0.87892067,0.76989061,0.26849905,0.79014486,0.00209838,0.92052561,0.14784981,0.94333887,0.00190147,0.23188195,0.12534367,0.96937859,0.01674027,0.12627900,0.02914781,0.43141460,0.24616288,0.08850884,0.00081133,0.00050452,0.66130304,0.09083886,0.12589076,0.58287120,0.11317775,0.00410351,0.04347437,0.00250922,0.09921749,0.99871761,0.23412246,0.28709891,0.03356336,0.00006487,0.28918523,0.00465311,0.20135467,0.30868796,0.52676189,0.58457589,0.01679235,0.02143341,0.00243486,0.07993057,0.00010576,0.02236537
0.00221757,0.42463303,0.00037772,0.80551249,0.09282128,0.00059110,0.12835333,0.08676274,0.47052875,0.00225497,0.02966145,0.50998598,0.00033837,0.08227824,0.00640413,0.88082778,0.09334292,0.03529156,0.00055325,0.97871381,0.06905714,0.89854634,0.52128118,0.32134768,0.04311461,0.74865669,0.04194492,0.00471728,0.46723053,0.48377857,0.00344691,0.69005638,0.00899929,0.03493882,0.21426645,0.02927108,0.00118052,0.26930985,0.77002978,0.01193665,0.93300784,0.32296318,0.00770219,0.63499570,0.01275159,0.33244354,0.28064856,0.79491383,0.04677396,0.83299232,0.01512333,0.00012650,0.03537591,0.00092781,0.70271373,0.84605938,0.17205577,0.67383486,0.03871006,0.00457141,0.05426494,0.16988641,0.95501971,0.16672102,0.00779875,0.31087011,0.92420471,0.01080545,0.01086913,0.99475569,0.07800943,0.67971772,0.95380390,0.32242960,0.05600973,0.18874590,0.61557865,0.00151982,0.51930672,0.16004266,0.96251959,0.00067411,0.11646795,0.06796998,0.75033683,0.00614706,0.01518476,0.01214422,0.10843519,0.26664144,0.24498212,0.00291251,0.00133280,0.37164879,0.14242198,0.05036307,0.20942400,0.27447391,0.01817308,0.39329779,0.00496912,0.18732655,0.97485864,0.01151060,0.67243081,0.01915427,0.00005992,0.08514100,0.01082073,0.20795168,0.31194711,0.54735124,0.57838392,0.01401357,0.01421870,0.00053603,0.28512600,0.60891551,0.01292283
0.00493151,0.82812053,0.00026621,0.49609789,0.37738752,0.01794798,0.06028369,0.01268016,0.95415521,0.00189137,0.09069095,0.13743767,0.00028168,0.00535646,0.00302744,0.87681985,0.11247701,0.25262231,0.00122730,0.64610356,0.03968399,0.47444013,0.53159797,0.95540136,0.57416993,0.11126562,0.02560378,0.01221978,0.24413712,0.22401778,0.04670840,0.61886221,0.00109574,0.17021696,0.18865573,0.03175305,0.00141885,0.23581797,0.39709201,0.04954568,0.83640730,0.73715943,0.03839990,0.24029575,0.02407577,0.06350923,0.02639481,0.66408628,0.27762964,0.70762348,0.11862385,0.00022415,0.62246287,0.01549616,0.18783812,0.64112300,0.57709968,0.24964927,0.07178391,0.04844740,0.05028769,0.71304458,0.93021965,0.16521271,0.00603423,0.36596844,0.69198740,0.05193060,0.02310368,0.39334437,0.07348222,0.33144420,0.74573970,0.54528928,0.50810438,0.22244333,0.01682239,0.01069775,0.11405253,0.08227518,0.79190105,0.07020521,0.52205938,0.11999214,0.88274455,0.16129266,0.75505853,0.06705978,0.08902989,0.02746541,0.56296247,0.16886272,0.00121863,0.22897054,0.00343557,0.03322953,0.46422723,0.63852698,0.00523031,0.93946105,0.00412500,0.81462449,0.75885618,0.01538503,0.38474625,0.00586040,0.00209166,0.06310888,0.01688104,0.11024038,0.15098923,0.53878605,0.77238452,0.03253927,0.02603552,0.00878105,0.06793343,0.01368150,0.00778468
0.00012795,0.99050498,0.00006620,0.18464802,0.75019664,0.16798769,0.36886200,0.00369443,0.77617866,0.00219682,0.00186068,0.24118461,0.00005424,0.00229047,0.00261463,0.91513973,0.25851431,0.00628419,0.00352966,0.62166607,0.01917665,0.98267806,0.67042726,0.93766421,0.96906674,0.00068478,0.00068483,0.00162983,0.13351302,0.93730134,0.70580292,0.76567113,0.01246215,0.07627305,0.62389344,0.62546539,0.00010325,0.02344359,0.44008866,0.31321755,0.06880589,0.94549155,0.61751157,0.39983425,0.06597815,0.02480581,0.00345389,0.87246221,0.70058095,0.25671041,0.46340606,0.00011954,0.40207067,0.09811340,0.54730916,0.16263430,0.26162142,0.02157021,0.00274689,0.01567409,0.01006875,0.93646920,0.95968521,0.43171012,0.01054623,0.01247605,0.15919597,0.00632524,0.10178367,0.80558145,0.00375953,0.04431331,0.86480647,0.10505528,0.00019444,0.08716379,0.11761378,0.01525179,0.07209981,0.00606489,0.99168992,0.30965635,0.11341731,0.04544822,0.98767918,0.68142772,0.52861089,0.07943542,0.43711314,0.18190143,0.94202006,0.01991221,0.00379707,0.61519760,0.04818581,0.00092421,0.78877974,0.32324299,0.00113450,0.03697738,0.05815525,0.89411902,0.99925846,0.01552203,0.42773765,0.00149962,0.00563090,0.41582444,0.41561246,0.24841924,0.08251204,0.29597482,0.43842244,0.04554257,0.00536161,0.00183620,0.06583854,0.90978748,0.00453413
0.00012270,0.64881450,0.00150928,0.93533224,0.37807098,0.16416889,0.67233753,0.00926129,0.97306842,0.03134821,0.00943246,0.49294108,0.00084834,0.00335108,0.02977141,0.91373718,0.31361726,0.04112530,0.00019269,0.41861054,0.08024230,0.00018577,0.32767338,0.98775178,0.72133106,0.05333760,0.01944790,0.00100072,0.83418828,0.83434045,0.43806759,0.78400689,0.00447818,0.03598449,0.98381698,0.12478708,0.00028829,0.03061654,0.22432443,0.09307053,0.91482818,0.67943799,0.26557940,0.31091022,0.09466324,0.42009333,0.01351671,0.97464401,0.24171029,0.25752166,0.28349459,0.00020205,0.10907237,0.23479502,0.19437099,0.80712640,0.01718931,0.01962116,0.00781821,0.22461341,0.06068208,0.69532806,0.90858215,0.05814761,0.01844363,0.87155205,0.00224397,0.01058799,0.06144535,0.58665001,0.01803249,0.19785124,0.00512573,0.01751238,0.15323588,0.01869396,0.00124668,0.00971148,0.04314288,0.05582294,0.94287735,0.03849538,0.00615513,0.64478242,0.94443786,0.54444653,0.61873603,0.47625202,0.44878280,0.51410371,0.97836572,0.01995001,0.00350948,0.35316804,0.02309887,0.00177577,0.58329880,0.46665096,0.00121645,0.95566815,0.02529526,0.70740169,0.99879354,0.06345386,0.38123882,0.00086215,0.01045849,0.10711975,0.82254642,0.10469584,0.00221687,0.38165402,0.40017566,0.15647422,0.00871341,0.00102820,0.10863160,0.00073103,0.00779921
0.00000750,0.50677770,0.00234861,0.00554243,0.35141364,0.28033239,0.64490658,0.00099554,0.32980260,0.15579858,0.06734192,0.77943814,0.00145406,0.01602675,0.16260956,0.61422789,0.05666711,0.45810652,0.00222850,0.25737312,0.00008562,0.65171468,0.27732399,0.73531324,0.65246373,0.32424346,0.39309549,0.00096762,0.50517178,0.61989868,0.00004929,0.29094112,0.22558239,0.10139647,0.95405865,0.15383515,0.00291297,0.08130211,0.37822396,0.01215229,0.72975022,0.54032302,0.00142008,0.43189546,0.18922149,0.17562571,0.02759434,0.85095376,0.00376364,0.51904279,0.19838603,0.00104666,0.03293469,0.00138713,0.97292084,0.96490639,0.00264791,0.01490483,0.74679792,0.01900625,0.61243957,0.42640173,0.03290610,0.04551843,0.09942777,0.03090889,0.99567544,0.05053503,0.21838024,0.72575003,0.08920041,0.51318908,0.00314335,0.21923445,0.98257989,0.03501659,0.03087625,0.36258879,0.03963968,0.11063419,0.33283436,0.37443429,0.89292532,0.23083463,0.02019195,0.36866462,0.73475474,0.01351467,0.23314284,0.50941372,0.78842473,0.08392359,0.04917634,0.11564095,0.21708529,0.00927089,0.28568292,0.30590147,0.00037553,0.01241637,0.05250907,0.90724814,0.99884397,0.12447234,0.68844712,0.07937366,0.00016652,0.09929504,0.68127090,0.00126136,0.08771390,0.37533650,0.30157593,0.44978890,0.05076209,0.02301192,0.24549194,0.17560005,0.00293902
0.00000552,0.61518317,0.01099768,0.95267266,0.11724215,0.12558435,0.47765309,0.00638948,0.06620149,0.01932329,0.18400507,0.44010234,0.01765150,0.00361091,0.05967971,0.74373114,0.00751739,0.00921563,0.02333106,0.43874076,0.00074386,0.99298131,0.02472068,0.78838634,0.67799228,0.43301699,0.02648079,0.00205064,0.84698057,0.63367999,0.01602827,0.00393899,0.01056821,0.62111855,0.03492647,0.44564387,0.00549821,0.05656201,0.34810883,0.00663492,0.13780133,0.64356703,0.00292854,0.65167266,0.14785577,0.01458362,0.12390771,0.76544279,0.26615995,0.31331113,0.10416877,0.04857505,0.02200155,0.13865337,0.02294715,0.20643309,0.71730912,0.11304434,0.04308556,0.00466629,0.47881651,0.74236053,0.05777197,0.03519939,0.01089355,0.52914101,0.16612168,0.04568657,0.16620837,0.71906143,0.05133780,0.47803739,0.35666996,0.15032955,0.00012359,0.00644600,0.05428949,0.27481839,0.30070451,0.22744876,0.37367153,0.59263062,0.05610807,0.00425935,0.00396278,0.24750572,0.55023134,0.00186854,0.50874621,0.22624116,0.78177047,0.32650310,0.03550059,0.02268356,0.08017959,0.03840671,0.66623163,0.57766157,0.00074201,0.86361545,0.05347850,0.75499511,0.91626084,0.03528837,0.75044596,0.10851497,0.00039815,0.18201356,0.31669900,0.01922234,0.47168487,0.10085238,0.46491125,0.27499565,0.00498131,0.01957610,0.60295838,0.44431132,0.00419496
0.00000023,0.32498536,0.00005044,0.00181009,0.16242610,0.15625829,0.76604521,0.00374940,0.89070731,0.00005150,0.21858820,0.34982923,0.00300733,0.00230636,0.05440525,0.54787093,0.10276429,0.27108628,0.03549895,0.75806391,0.00213687,0.00022442,0.07623418,0.24660285,0.86948186,0.31771144,0.00240833,0.01611280,0.35249260,0.09574383,0.84634072,0.00297769,0.09684109,0.36857653,0.33171013,0.28547087,0.00121786,0.27431518,0.43922681,0.01384702,0.21398287,0.41434896,0.39201903,0.65862387,0.05375618,0.02317634,0.08933354,0.29371610,0.51376373,0.56090677,0.06981295,0.00139237,0.12747513,0.07500844,0.10745468,0.10067647,0.94082129,0.09851193,0.07053688,0.72373056,0.19534640,0.55521595,0.83021271,0.40149426,0.00781161,0.02779594,0.00497644,0.02874321,0.08453418,0.47073060,0.16808859,0.54455191,0.90097284,0.10947309,0.47138813,0.07019515,0.47993535,0.05427223,0.30473554,0.15769871,0.62237960,0.04228485,0.52674508,0.00733313,0.91291851,0.26595283,0.41305345,0.00528396,0.26651052,0.20815594,0.46433344,0.04015587,0.02066955,0.03187217,0.18810058,0.16311139,0.40006268,0.40927947,0.04280264,0.00903771,0.01404011,0.35863328,0.78907925,0.27158415,0.48161012,0.05566439,0.01237417,0.12735726,0.12876810,0.42407104,0.48651034,0.81619066,0.64678973,0.36307728,0.00669324,0.06291821,0.10194390,0.00036077,0.00575073
0.00000322,0.38066110,0.00002194,0.75526613,0.18069765,0.01402702,0.27831292,0.01542097,0.70110047,0.00005704,0.00920225,0.16839668,0.00001574,0.00480820,0.00502560,0.84769499,0.18122877,0.04959238,0.00068624,0.70443833,0.00723084,0.42107305,0.10731826,0.42895067,0.93710929,0.41098860,0.02559302,0.00952555,0.28698125,0.11475466,0.13976149,0.41768602,0.00659536,0.08978128,0.06891470,0.09161811,0.00115173,0.17859417,0.49167356,0.04221625,0.46869630,0.47667372,0.01369655,0.45031700,0.01828337,0.04315811,0.13271610,0.63361329,0.09047727,0.81955135,0.01415071,0.00042240,0.77474660,0.00127548,0.13584414,0.54516274,0.50588578,0.24588910,0.06839471,0.00296608,0.06546354,0.55941123,0.90717417,0.08664288,0.00051742,0.34154382,0.76633304,0.02565242,0.01673889,0.33441126,0.08890013,0.55235004,0.73506337,0.40719929,0.08801266,0.14350952,0.07024055,0.03756987,0.54391414,0.32834646,0.82463270,0.01733988,0.54256874,0.23056732,0.95520532,0.26301807,0.35199142,0.09342225,0.23202732,0.02463187,0.31420302,0.02960614,0.00125583,0.07168992,0.10500728,0.07574821,0.45901507,0.58740091,0.01176613,0.31519729,0.03354507,0.58098054,0.62045366,0.03054289,0.72114825,0.02459579,0.00243900,0.12005312,0.00375922,0.26677442,0.14631133,0.80593377,0.53698283,0.35047844,0.01198188,0.03969499,0.24147959,0.01303929,0.00107269
0.00115601,0.34616247,0.00067513,0.00188572,0.35603511,0.00403411,0.77179778,0.00978392,0.26753357,0.02601249,0.00073539,0.26384163,0.00001029,0.03638514,0.00254469,0.36851913,0.59414536,0.00124509,0.01760572,0.52302641,0.02982254,0.39949816,0.07007997,0.51341993,0.96209645,0.20611611,0.46188065,0.02962553,0.43653539,0.30353549,0.00229977,0.88496852,0.05556299,0.02709109,0.74451548,0.08721285,0.01244947,0.32153407,0.41638279,0.14239149,0.04833455,0.42145884,0.57177192,0.69290626,0.00878965,0.84210253,0.10827504,0.58971888,0.02732154,0.61516416,0.00324268,0.00096887,0.04309940,0.03609028,0.27642030,0.19149385,0.10907848,0.12488817,0.14728503,0.00418009,0.31313643,0.43139964,0.51172662,0.09620760,0.00121693,0.00892678,0.01954182,0.24885987,0.01829542,0.29233843,0.19824444,0.73084247,0.03434625,0.13171038,0.00008396,0.15371087,0.00148668,0.07211071,0.38866881,0.43875444,0.72802812,0.02359150,0.11692433,0.91225415,0.78253525,0.20004621,0.02607175,0.24009551,0.62280560,0.01997775,0.35115948,0.09914832,0.02195912,0.06501450,0.04792589,0.31457034,0.18801467,0.37972713,0.12987636,0.00591129,0.08494999,0.73598886,0.95620638,0.39385784,0.73069173,0.13429512,0.02570964,0.14943604,0.00265308,0.08558555,0.19901192,0.72310764,0.53802162,0.38290203,0.04703718,0.38491181,0.38679171,0.81446296,0.02262807
0.05571431,0.26464787,0.02420337,0.96910524,0.37694588,0.00111808,0.81265914,0.00690271,0.02101732,0.27581143,0.00924772,0.28659958,0.00685552,0.32856068,0.00203362,0.61442757,0.67614931,0.04227700,0.00313258,0.27083170,0.13994831,0.00028264,0.03203754,0.75987905,0.97482669,0.76802534,0.23503041,0.22531512,0.44997570,0.29070905,0.00013828,0.17502545,0.06764555,0.01570243,0.03906215,0.07641175,0.03082125,0.17047109,0.61929286,0.00730717,0.85430729,0.29744709,0.03658488,0.59514076,0.00429280,0.41520172,0.43088081,0.27700824,0.00077519,0.60517466,0.00078986,0.01023933,0.05651411,0.02964887,0.62764746,0.80697292,0.01999942,0.13306896,0.19415081,0.32856590,0.69092304,0.55002046,0.00195881,0.05686196,0.15647402,0.73467803,0.09025415,0.08704676,0.01172593,0.35219994,0.30361676,0.63207561,0.01113998,0.14204593,0.85332185,0.06998269,0.00720884,0.02275005,0.00152104,0.38200498,0.09022731,0.00509705,0.06489208,0.42426303,0.00027125,0.50769174,0.25450584,0.48230034,0.23424646,0.00775419,0.42913222,0.07377589,0.03013697,0.06546838,0.08300195,0.17356606,0.13909429,0.53889811,0.17024487,0.80124074,0.04181504,0.20279145,0.98605025,0.15545891,0.86807287,0.21789582,0.00042501,0.38023308,0.02706615,0.05376381,0.00578712,0.69879097,0.53344113,0.27216449,0.48977721,0.06839752,0.41852018,0.00021742,0.14812802
0.16640249,0.20002681,0.00903974,0.00134635,0.15829423,0.00036993,0.51802510,0.03449655,0.13323021,0.04876944,0.46285981,0.02666484,0.01062899,0.22340134,0.00232552,0.14409499,0.02927696,0.20532739,0.00946367,0.16892993,0.02806160,0.99424332,0.02734708,0.26467332,0.99518120,0.65450484,0.07512183,0.13557783,0.26064628,0.31062260,0.09645462,0.00011342,0.00305727,0.53685611,0.40134084,0.32271114,0.00978755,0.27303183,0.51141381,0.00115345,0.18406953,0.65632397,0.00025659,0.26438797,0.00175105,0.00100042,0.18416844,0.28182891,0.00739138,0.32261446,0.00016126,0.00289675,0.32928801,0.00000777,0.76239747,0.33589482,0.29685012,0.49152040,0.14454518,0.00196998,0.33118871,0.43617296,0.02916122,0.02712116,0.28709406,0.01892297,0.98905343,0.37170899,0.01844775,0.20605069,0.51589555,0.67344427,0.65010887,0.03616452,0.07698601,0.06336503,0.66979939,0.18092127,0.04619106,0.26560417,0.42807949,0.12004868,0.14281042,0.00125799,0.00036602,0.21022364,0.87895566,0.00193497,0.14557996,0.00160088,0.17057192,0.08167623,0.01065215,0.01106876,0.02478231,0.14688286,0.10992324,0.74466878,0.09923659,0.01276921,0.02923483,0.57189524,0.88648921,0.02654932,0.91898447,0.08118695,0.00023864,0.19723178,0.02917028,0.06914772,0.04645617,0.82115126,0.71721143,0.33412430,0.30855140,0.31879196,0.22050761,0.50994635,0.41443092
0.31645390,0.12089626,0.00290593,0.99389017,0.37254727,0.00000496,0.03932027,0.25575349,0.88572431,0.00003849,0.09107845,0.00086516,0.05600498,0.14185807,0.00018859,0.93829125,0.00606629,0.00000365,0.00119269,0.85889083,0.02727910,0.34936792,0.01560348,0.94556439,0.99989027,0.77849525,0.00445723,0.32105085,0.47909564,0.27810594,0.79433286,0.00155778,0.00058418,0.66797769,0.01471897,0.00730583,0.00177183,0.35958138,0.58917803,0.00045595,0.94458967,0.63446504,0.00331248,0.22061718,0.03222582,0.00298828,0.10643090,0.64988452,0.69609505,0.45299456,0.00005832,0.00071562,0.86755168,0.08188557,0.00640759,0.01078747,0.94973040,0.37970933,0.00055706,0.22168514,0.05862306,0.80181295,0.95626819,0.02543116,0.23487385,0.91764820,0.10784468,0.02594439,0.16832657,0.06460385,0.11635626,0.67238784,0.98988050,0.15495285,0.00002204,0.06982712,0.46753955,0.00118453,0.97926593,0.06944890,0.89887673,0.10351515,0.05269636,0.01314673,0.85037714,0.76964754,0.79424644,0.00067132,0.10750824,0.00118902,0.15986106,0.00475673,0.00133364,0.00391049,0.00999127,0.15773076,0.34139410,0.39645681,0.04125812,0.89476103,0.00059482,0.43512675,0.56483209,0.06763255,0.88903207,0.14514087,0.07328720,0.04124763,0.00253007,0.72692764,0.71552306,0.36305308,0.50894308,0.71419239,0.34370896,0.13507463,0.39798853,0.00497996,0.04195900
0.04154179,0.30546960,0.00000188,0.00127965,0.49881053,0.00000050,0.08919811,0.10325202,0.99075538,0.00040421,0.00176636,0.05416282,0.00033876,0.03691722,0.00153506,0.48302603,0.72849375,0.75617146,0.00168770,0.96841294,0.03338876,0.00004304,0.04223645,0.68389004,0.99987292,0.41874152,0.11902928,0.11033117,0.26157171,0.22465304,0.25691235,0.68917322,0.00014392,0.41327447,0.63565344,0.00990352,0.00001673,0.09978703,0.42205042,0.00726451,0.28766909,0.40173683,0.80712885,0.25752944,0.00255822,0.92637867,0.03390576,0.43827102,0.19838658,0.79595387,0.00021682,0.00000499,0.32606781,0.00024873,0.55607176,0.41814351,0.66899318,0.60122484,0.00864227,0.03486996,0.02296985,0.60561663,0.99698788,0.32444432,0.06032061,0.01369415,0.01007513,0.02445167,0.00220235,0.01123127,0.80927271,0.54917169,0.95615005,0.14172572,0.82247627,0.76662797,0.33211979,0.00018305,0.89939499,0.01136347,0.99246001,0.00210469,0.94355267,0.87564713,0.99888611,0.67233831,0.94129276,0.00495745,0.15693295,0.00081361,0.08263676,0.00249789,0.00016181,0.04034446,0.14059295,0.03540790,0.32593986,0.06480950,0.00671931,0.00529000,0.00130118,0.74756420,0.88321501,0.01474937,0.85836858,0.00330318,0.00151781,0.03768014,0.00601929,0.40953028,0.23048201,0.95638430,0.56990618,0.58872944,0.43534812,0.17785177,0.20540164,0.00004621,0.00437997
0.04966082,0.36913607,0.00001836,0.97951341,0.25565138,0.00000269,0.17776486,0.17956074,0.95334041,0.00511238,0.00022750,0.02824429,0.00008351,0.01752264,0.00714233,0.91484684,0.21619570,0.00017999,0.00007176,0.35684207,0.07008719,0.95390201,0.02764998,0.72049451,0.99934357,0.35494691,0.04920842,0.03045429,0.29405814,0.31732884,0.00124744,0.94148862,0.00078434,0.05609448,0.39741024,0.00454818,0.00007392,0.13437660,0.92555290,0.04230495,0.93483377,0.16103987,0.02488882,0.21439071,0.00278759,0.28616324,0.25889474,0.93385381,0.00077243,0.85884094,0.00001498,0.00002598,0.40105188,0.00017738,0.91644222,0.87743139,0.01909191,0.50138265,0.03344996,0.00142145,0.01219790,0.76691818,0.98857236,0.00965709,0.02405280,0.96787864,0.99291587,0.01013931,0.00149958,0.06809511,0.93264222,0.62926304,0.62786108,0.39424154,0.00174505,0.58006781,0.00060731,0.00171936,0.97078222,0.01841402,0.97008902,0.00299429,0.00810705,0.85604334,0.98824191,0.55328852,0.86598265,0.08692519,0.08508233,0.00062184,0.03123443,0.02480828,0.00009718,0.06315411,0.00989443,0.00583112,0.28664151,0.14590549,0.00327887,0.95325154,0.00085503,0.85114837,0.53479648,0.03796085,0.96785092,0.00788532,0.00000152,0.10515303,0.00371805,0.04133759,0.00152563,0.97454858,0.68093234,0.27410218,0.15878054,0.00752269,0.60703725,0.78057665,0.00032145
0.00844918,0.41938514,0.00018973,0.22924988,0.15753695,0.03602188,0.23887411,0.01482367,0.83305931,0.00218381,0.03601513,0.19817358,0.00036795,0.03188738,0.00590165,0.66872752,0.12681568,0.05949435,0.00212555,0.55559933,0.07874505,0.25155547,0.43944609,0.23173068,0.30795199,0.42067531,0.04709843,0.01092126,0.45286754,0.14589846,0.11766467,0.27289969,0.01059430,0.14931817,0.16904825,0.10668460,0.00145447,0.37633434,0.18914101,0.02200715,0.45997614,0.49083200,0.01985264,0.61535525,0.02279558,0.13948224,0.10202242,0.75751591,0.07686835,0.83609295,0.03264645,0.00023444,0.15311313,0.00739726,0.28947777,0.53928179,0.51942831,0.28506207,0.03018095,0.02707437,0.06918461,0.52587616,0.78750366,0.04553133,0.01204047,0.17460908,0.37141860,0.01930812,0.02649482,0.40964571,0.08112516,0.49336949,0.51600611,0.42871583,0.03775107,0.23633727,0.08122685,0.01013494,0.47967800,0.37715238,0.87220788,0.05042971,0.36591318,0.16187416,0.86338681,0.07832024,0.12040602,0.02834216,0.28818387,0.08991947,0.51237434,0.01256525,0.00199957,0.12234423,0.06779520,0.16917613,0.40019515,0.23369293,0.00595314,0.13729174,0.01404318,0.41864428,0.27539667,0.03054232,0.55963409,0.02199818,0.00100709,0.03147049,0.03979760,0.10220531,0.05738576,0.58506876,0.69847381,0.20987788,0.01633898,0.01404095,0.34006900,0.02145994,0.00592032
0.01115868,0.22410433,0.00032955,0.18559489,0.33977640,0.45928136,0.12438875,0.01534696,0.76729965,0.00409074,0.00672588,0.43211654,0.00038409,0.02250016,0.00441287,0.78078377,0.34055531,0.02110509,0.00224561,0.83972776,0.04778151,0.47115079,0.57564181,0.53186029,0.97612941,0.51938200,0.09029882,0.01349298,0.69354093,0.05971409,0.45754901,0.61233467,0.00780976,0.16413254,0.03753881,0.02754703,0.00080622,0.22423430,0.30353364,0.02861389,0.50676829,0.53080916,0.02400015,0.24625218,0.00393073,0.05665483,0.03295121,0.91217333,0.02125708,0.91150647,0.06374462,0.00031874,0.22318602,0.00145184,0.85882807,0.43428692,0.74631298,0.51856560,0.02287528,0.05217487,0.04539764,0.49516258,0.48054421,0.19014739,0.00602530,0.06153837,0.09284240,0.01420415,0.01900290,0.01803718,0.04949425,0.87399286,0.43975493,0.38945007,0.00358264,0.76844305,0.00469860,0.01683980,0.03366091,0.21452343,0.55544448,0.01809241,0.05163343,0.08349165,0.99564773,0.01898035,0.39012328,0.02527214,0.33739886,0.30171195,0.94967568,0.14346594,0.00435828,0.07008938,0.09096570,0.03706133,0.32841814,0.62766665,0.00528986,0.01084980,0.03079562,0.26333475,0.65582907,0.03005738,0.13128246,0.02754151,0.00073270,0.02542024,0.13711840,0.07973870,0.05233854,0.14749652,0.89662647,0.06351955,0.02262039,0.01134928,0.11060022,0.03425135,0.00901496
0.00340378,0.01118895,0.00035997,0.63381654,0.03578722,0.13994156,0.70305395,0.02054200,0.97204328,0.00155423,0.23112594,0.08288556,0.00010784,0.03475046,0.00546531,0.86460358,0.08208476,0.04060982,0.03690438,0.86767691,0.00809331,0.00172551,0.57985324,0.03628396,0.98750055,0.74920315,0.04689296,0.01532327,0.50157040,0.01260544,0.00593702,0.70860052,0.14926694,0.51168513,0.01711736,0.10042297,0.02345159,0.22463894,0.04685520,0.01387123,0.08823285,0.45581609,0.00183451,0.39442649,0.00145074,0.04765464,0.18603860,0.98925012,0.02546715,0.20907508,0.04892264,0.00016777,0.19007380,0.00072911,0.96851617,0.31125596,0.95673227,0.22177348,0.03330767,0.00753869,0.01506915,0.07575489,0.26455805,0.03202911,0.00225636,0.41031086,0.09233359,0.00730419,0.04050486,0.03211967,0.43717319,0.83009726,0.28344315,0.59849966,0.45618331,0.84795135,0.05425780,0.01447815,0.02006862,0.85038561,0.88068825,0.02821018,0.02717757,0.04392220,0.91054505,0.04260590,0.09330528,0.00473700,0.05132038,0.06623751,0.61780173,0.02698742,0.00346864,0.05851176,0.01248150,0.04893078,0.72893822,0.36365727,0.00191162,0.77577484,0.00656542,0.07383532,0.40882003,0.01127477,0.24843475,0.02920440,0.00064917,0.00651253,0.03345456,0.08186562,0.10899383,0.29907948,0.49411145,0.41154799,0.01645964,0.00072455,0.19529162,0.00311289,0.00897816
0.00288469,0.04385369,0.00006552,0.03126183,0.00264497,0.30924660,0.53980863,0.02388289,0.95918977,0.01775592,0.02185533,0.13262264,0.00003094,0.46410364,0.01413117,0.77763039,0.46750927,0.11218107,0.00240589,0.26705879,0.01617110,0.15308382,0.86317647,0.27136800,0.97600621,0.62487996,0.04210791,0.02096522,0.24032044,0.01133089,0.00077576,0.21711798,0.16541471,0.25076833,0.11220916,0.06488656,0.00156948,0.93342501,0.00872543,0.06712535,0.22036383,0.87200278,0.00810730,0.25832343,0.00253532,0.30599087,0.00996934,0.98785442,0.04994854,0.61696810,0.19158803,0.00134865,0.10983125,0.00308972,0.86625844,0.74576432,0.94182801,0.39448684,0.03806682,0.06803023,0.02807054,0.11952571,0.91624624,0.15604894,0.00106485,0.02039987,0.37780729,0.00166190,0.05381305,0.11542757,0.23329480,0.57803565,0.20407644,0.21192069,0.01026971,0.80796617,0.02707860,0.00505735,0.36713406,0.82625479,0.41097304,0.03539833,0.48645106,0.01541644,0.14966261,0.02870418,0.74582213,0.01061930,0.05371626,0.02492517,0.86575788,0.05082355,0.01197073,0.07254717,0.01075766,0.03598858,0.48380753,0.46158221,0.00117463,0.00350564,0.00238770,0.50755066,0.94565976,0.00194452,0.48291990,0.01839004,0.00002657,0.00637100,0.04301110,0.14126523,0.24152656,0.86596376,0.14017271,0.33339992,0.04475189,0.00135443,0.16305885,0.13686711,0.00336809
0.00261559,0.33721215,0.00111595,0.76426673,0.02411763,0.02604904,0.40622532,0.02377564,0.89297116,0.00318292,0.00773864,0.11693496,0.00028923,0.12330256,0.01686882,0.61329687,0.22352093,0.00698221,0.02484367,0.02217519,0.01729416,0.97302890,0.73483187,0.29868418,0.88359457,0.62656653,0.00142764,0.01094240,0.18281338,0.00468375,0.10252012,0.03646232,0.06152167,0.06724218,0.02435762,0.14598413,0.45580971,0.35350114,0.07280114,0.14246248,0.04761729,0.80856889,0.02402779,0.67462087,0.03389265,0.18322018,0.05567615,0.89581865,0.41715360,0.86978829,0.26038158,0.00509766,0.06195412,0.03518283,0.70077968,0.59952706,0.89028293,0.05996598,0.05957638,0.00599150,0.01441682,0.09575906,0.48211560,0.37403199,0.00166278,0.57901740,0.65712327,0.00074204,0.05378507,0.38297403,0.62423587,0.65293139,0.19689094,0.20561020,0.00170859,0.89045054,0.03781494,0.01134186,0.34305882,0.91398662,0.12325958,0.13284698,0.01474996,0.15974055,0.10574489,0.05709215,0.49350822,0.05718048,0.37586439,0.07947052,0.35031867,0.04088794,0.03770833,0.11352061,0.00972640,0.12818022,0.33201197,0.64394683,0.00034061,0.75447637,0.02154727,0.46708405,0.67685086,0.00097532,0.62074703,0.12283705,0.01620230,0.04456000,0.02571637,0.06422789,0.00546991,0.57027817,0.39582238,0.73294818,0.06468652,0.00066117,0.42607543,0.06749747,0.00144402
0.14266698,0.11070146,0.00021906,0.00945841,0.03890564,0.08990578,0.60813749,0.03711313,0.83508718,0.00096610,0.03354030,0.19540477,0.00076775,0.00403046,0.05385382,0.62133366,0.54486483,0.26153302,0.00940187,0.18386285,0.00197121,0.00212886,0.57030630,0.06884538,0.50474840,0.16560864,0.01075714,0.02811708,0.71475816,0.00322243,0.72048557,0.02663385,0.04029815,0.82999671,0.26790842,0.37722024,0.01402805,0.60278189,0.02348065,0.00282241,0.11112037,0.44566301,0.07186859,0.48965034,0.08881295,0.06394047,0.05855859,0.77406746,0.33790034,0.62696826,0.17198959,0.00124465,0.42569748,0.07910664,0.15796191,0.03981351,0.86083215,0.65437001,0.04001808,0.08954705,0.02083794,0.41781119,0.25637096,0.61762917,0.00135201,0.01342423,0.02706790,0.00019134,0.01740510,0.24552207,0.55134833,0.45521852,0.55585444,0.20464803,0.69162440,0.82480931,0.09411288,0.00165861,0.21820946,0.81215870,0.51771098,0.09507135,0.80119395,0.07177532,0.95509624,0.08929151,0.38971376,0.03775026,0.14429119,0.06503124,0.50667536,0.01389644,0.02277697,0.11725586,0.00593516,0.16921143,0.48157123,0.39945665,0.00049678,0.00127745,0.00298252,0.35372317,0.80872971,0.00366485,0.62585407,0.03645881,0.00217372,0.01457048,0.09748387,0.00289889,0.18879242,0.20030236,0.42266911,0.31864628,0.03767523,0.00258105,0.16458742,0.00046042,0.00059688
0.01126187,0.37674874,0.00006459,0.57718861,0.04056644,0.03497640,0.31762686,0.00619115,0.84946728,0.00131557,0.07896874,0.43275619,0.00057125,0.01372958,0.03338685,0.83952862,0.07843444,0.14423166,0.00036175,0.55955642,0.00700737,0.13523579,0.59840578,0.04085719,0.39887372,0.17151888,0.00927475,0.00371643,0.81144547,0.02876811,0.02437228,0.63313365,0.04697353,0.19702566,0.01305561,0.21184072,0.00468373,0.66099393,0.10710529,0.08707608,0.28845662,0.45708665,0.01739600,0.25973234,0.08701938,0.07286686,0.15243413,0.90040046,0.02277287,0.93943238,0.03409377,0.00010433,0.56580013,0.01349612,0.71125561,0.30540299,0.70019358,0.38160706,0.28667238,0.01707820,0.00852858,0.13959694,0.53600377,0.20539138,0.00061982,0.20078374,0.55823404,0.00249764,0.00920854,0.17721629,0.37090567,0.58928436,0.81092709,0.18538485,0.11695129,0.82912803,0.01568107,0.00135152,0.18217222,0.80335623,0.88863051,0.02398273,0.17124142,0.08181625,0.90116644,0.06345655,0.56233323,0.03010966,0.15415174,0.00285256,0.41710168,0.02045381,0.00614700,0.04458098,0.00781840,0.08540940,0.60767895,0.65936846,0.00045923,0.50894749,0.00761923,0.65099776,0.52821946,0.00205976,0.73743773,0.60308474,0.00175239,0.00697145,0.06095173,0.05459973,0.03023910,0.95608884,0.54451096,0.41865462,0.01584921,0.00405080,0.14431190,0.00680738,0.00108357
0.00608254,0.23726156,0.00024691,0.01485938,0.25310701,0.00970036,0.80618125,0.02338826,0.34123334,0.02157366,0.00933014,0.04611750,0.00069734,0.13160540,0.03637975,0.80963534,0.84920007,0.00146376,0.00214079,0.26644287,0.11105186,0.43863726,0.38233149,0.09638413,0.86161512,0.36176848,0.03272553,0.02841430,0.71919584,0.01611506,0.00129255,0.80059826,0.00544783,0.44076189,0.55257010,0.60508800,0.00047672,0.79937118,0.05537232,0.03316183,0.02371841,0.34761482,0.17196770,0.35606220,0.03167308,0.67253125,0.06187765,0.90644169,0.04033988,0.87478185,0.01712164,0.00026135,0.12411508,0.02274415,0.04197254,0.20207243,0.76902103,0.58576369,0.10549913,0.00125034,0.06241546,0.17806002,0.19550948,0.29341641,0.00291260,0.00746935,0.05841191,0.04069412,0.01256036,0.06593649,0.51710981,0.81279832,0.28232583,0.21787548,0.00031748,0.93502724,0.00048782,0.00039519,0.28442791,0.94338024,0.64797944,0.03619242,0.12085828,0.56429881,0.37619567,0.03636177,0.08384065,0.01554615,0.50297475,0.00808244,0.75426632,0.00793385,0.02325519,0.16226342,0.01389573,0.34896752,0.41051441,0.52276069,0.00136757,0.00160729,0.00076460,0.25443590,0.50227773,0.00103685,0.68418032,0.20202914,0.04080988,0.08517638,0.02215135,0.07056738,0.05565239,0.72070074,0.38992226,0.33447421,0.05564685,0.00155288,0.39800450,0.81181252,0.03874115
0.17834099,0.23326489,0.00340574,0.84282237,0.08554718,0.00701518,0.87382191,0.01134161,0.67828369,0.08472874,0.01196341,0.03074018,0.00494179,0.00599500,0.11528728,0.73053515,0.64963555,0.88216233,0.00127951,0.07846431,0.17561068,0.00206090,0.47383919,0.08516875,0.74097347,0.71218985,0.85729992,0.01219308,0.92181176,0.06906027,0.00385024,0.05785443,0.00497016,0.63188845,0.01358672,0.61981362,0.00726047,0.86299098,0.02513692,0.01116048,0.34427151,0.19812405,0.02761802,0.47257349,0.04501611,0.38425949,0.40447524,0.89612186,0.02529210,0.91181380,0.01699398,0.00156824,0.03037314,0.02407993,0.42321092,0.47432542,0.24290617,0.04991818,0.12568124,0.03650271,0.05504532,0.38661674,0.13239546,0.56897020,0.00381849,0.19346304,0.35263479,0.00464373,0.02466436,0.05862306,0.41893545,0.86635679,0.06739428,0.07803277,0.77832818,0.29579678,0.00369016,0.00378914,0.19323641,0.89323157,0.13587369,0.01456690,0.08793171,0.13815124,0.08920963,0.01735700,0.37677118,0.00842251,0.11755439,0.01160556,0.73054838,0.01379315,0.01223207,0.12241490,0.00482785,0.27565011,0.50767863,0.54550374,0.00788617,0.72607601,0.00927186,0.29603601,0.60093015,0.00152441,0.85671943,0.24279626,0.00039904,0.13812670,0.07171032,0.07936753,0.00698288,0.45137861,0.21017759,0.15784863,0.15891398,0.00340410,0.34350011,0.00011215,0.24212018
0.04592537,0.63282019,0.00278596,0.04300478,0.04573952,0.02322957,0.61647940,0.08325625,0.21470876,0.00496702,0.16323633,0.02220281,0.00270859,0.02867508,0.01401617,0.92267197,0.30808717,0.36449197,0.00374216,0.02592294,0.03207941,0.96479452,0.23447758,0.19512737,0.45505488,0.60904771,0.10267135,0.00867775,0.92571229,0.19967918,0.03446104,0.14659481,0.01380616,0.78351122,0.20982479,0.78840446,0.00470587,0.62149680,0.02412857,0.00681304,0.12908235,0.45835266,0.00380549,0.27220839,0.03013361,0.00492414,0.35819557,0.58689994,0.03475080,0.97846919,0.01933006,0.00098858,0.46122843,0.00016732,0.52844244,0.20567727,0.44038671,0.28319851,0.06667338,0.00176505,0.01559110,0.08354068,0.49412572,0.67915410,0.01166425,0.05156864,0.87875921,0.01737193,0.00570720,0.04281858,0.24852012,0.87217677,0.20723130,0.04629990,0.07697442,0.54324120,0.09571430,0.00079646,0.61663270,0.97557789,0.25050414,0.02135338,0.08754025,0.08767071,0.29704303,0.00763265,0.10789743,0.00113298,0.07262798,0.00217232,0.55838728,0.00593077,0.00227339,0.17556463,0.04277791,0.39120904,0.59503877,0.33258736,0.05460940,0.00540044,0.00538437,0.29734263,0.93083072,0.08603849,0.91691750,0.59012699,0.00004757,0.00924942,0.10932390,0.07158930,0.03448304,0.45799741,0.14784342,0.76442993,0.13177224,0.01545717,0.38748991,0.38162223,0.14938203
0.04552644,0.63042665,0.00157556,0.95727801,0.09994810,0.01316447,0.21795541,0.46998441,0.86667877,0.00022622,0.03097690,0.00728221,0.00124493,0.01921749,0.00335835,0.91877633,0.00817994,0.04230807,0.01182969,0.09195305,0.16995418,0.55079979,0.26450193,0.44151670,0.74131542,0.52752739,0.01945544,0.00236583,0.97457147,0.06085017,0.72249758,0.08418237,0.00046747,0.68139273,0.01720260,0.88973480,0.00286647,0.68852401,0.02910949,0.03279717,0.10069313,0.19591877,0.00831979,0.08158104,0.00743383,0.17064954,0.86320633,0.60332543,0.02251207,0.82850009,0.06999862,0.00042313,0.79758388,0.05760252,0.15304556,0.02169160,0.93019825,0.35074216,0.01437891,0.00285059,0.00842453,0.14670323,0.34552401,0.45974350,0.00586574,0.54172570,0.41197184,0.01241391,0.00402891,0.07216872,0.19505885,0.89616221,0.97515243,0.03467817,0.00020130,0.26632318,0.02755164,0.00327803,0.34866101,0.92807508,0.96265471,0.03357114,0.01132185,0.05789852,0.93217099,0.04231801,0.09486859,0.00220376,0.03928864,0.00221487,0.92815256,0.00999944,0.00064725,0.07483755,0.04641079,0.07374630,0.72563660,0.24301773,0.02243727,0.93751997,0.02104907,0.39696124,0.90326351,0.15761079,0.69558066,0.48779485,0.01969495,0.01272029,0.01259656,0.34221810,0.13555068,0.27322987,0.13670251,0.83813155,0.15047058,0.00791513,0.17820731,0.45013723,0.10352843
0.00368851,0.85047096,0.00021383,0.03758029,0.10766737,0.01534331,0.32562041,0.04293277,0.98679191,0.00191020,0.03074661,0.03410003,0.00005929,0.00493064,0.00564145,0.92678535,0.21014242,0.57110900,0.00251915,0.32597566,0.04808380,0.03984385,0.37873864,0.05022988,0.87478268,0.48930451,0.16723037,0.00314964,0.88119763,0.10841063,0.03833547,0.56288892,0.00228603,0.21598658,0.12609531,0.75033402,0.00012974,0.82414734,0.17330116,0.01918057,0.06349581,0.06863459,0.25668147,0.04646470,0.00160111,0.77572858,0.44208774,0.54819411,0.07597779,0.95582306,0.00810030,0.00046541,0.44992176,0.01045855,0.20972157,0.08750271,0.86405820,0.55708236,0.02165256,0.02300454,0.00354323,0.03115685,0.67323834,0.21839392,0.00338203,0.03254151,0.72850418,0.00795551,0.02614238,0.18023382,0.16221817,0.77755934,0.95632547,0.09578740,0.68880349,0.59816557,0.11028627,0.00211139,0.23860942,0.84758168,0.96921754,0.00314825,0.15666226,0.14208941,0.99310398,0.04745879,0.06581412,0.00670982,0.13044119,0.00484514,0.79073417,0.00691894,0.00040829,0.42643341,0.06333526,0.41240075,0.76917428,0.03827694,0.01182640,0.00167511,0.01435890,0.39063400,0.90680230,0.10766105,0.90034246,0.13711096,0.00071176,0.01123931,0.01639721,0.30197489,0.11499711,0.50813723,0.38683993,0.41946024,0.14992851,0.01295952,0.26818687,0.00037904,0.05546973
0.00857755,0.62994701,0.00037385,0.81357431,0.18002722,0.01899098,0.17691293,0.00905518,0.82345665,0.00234165,0.02437803,0.06091858,0.00001399,0.00112817,0.00849801,0.97949940,0.61570096,0.06053199,0.00325513,0.80340266,0.08382102,0.79223388,0.72412592,0.09987831,0.61921811,0.80300939,0.02299111,0.00692801,0.91182935,0.02980181,0.01438087,0.61352652,0.00368874,0.19564494,0.16412440,0.23515847,0.00088775,0.81962973,0.21150675,0.02365142,0.08654118,0.41891658,0.08969662,0.27425537,0.01156555,0.57526022,0.33564678,0.90321016,0.06656055,0.94201285,0.01194036,0.00008335,0.56154799,0.00450506,0.24850693,0.46471950,0.88945097,0.07629696,0.00658852,0.07130415,0.00517446,0.13059030,0.92524809,0.07870648,0.00342247,0.47899896,0.99199039,0.00304069,0.03402669,0.20336290,0.03305717,0.80332172,0.41526473,0.08241548,0.20003290,0.35627601,0.00979852,0.00783202,0.17453091,0.94278115,0.95675033,0.01615270,0.15267593,0.02645147,0.74019903,0.00901811,0.08282532,0.01401509,0.24863428,0.02716582,0.84620458,0.01112766,0.00253146,0.24861468,0.04595920,0.08379486,0.71408308,0.11550640,0.01518369,0.65072513,0.01252045,0.17550547,0.84842533,0.21088566,0.35952488,0.00485259,0.00009435,0.02871631,0.02063922,0.04477871,0.01681375,0.65386593,0.24239999,0.30462438,0.01918683,0.00288731,0.16024727,0.55294287,0.07698034
