0.00000000,2.58099061,3.69965103,3.50408103,3.76252570,3.69705059,2.64260472,4.08491981,4.07835795,3.74995432,3.59386381,3.78875642,3.61304039,3.12606881,3.40091265,3.31203131,3.05736852,3.09355035,3.07029352,3.15583560,2.77933206,2.75295604,2.77751734,2.73256040,2.68999057,2.67818456,2.88948731,3.44283702,3.70146181,3.86060947,3.95818136,3.66845974,3.40020702,3.76147624,3.72637919,3.51624141,3.43371276,2.97311854,2.79886853,2.55637456,3.56860398,3.99556683,3.65735478,3.93072506,3.85631063,2.93537946,4.12036652,4.02841500,3.62474118,3.69590914,3.68448159,3.19992970,3.00678586,3.18483090,3.07738035,3.00679431,3.11344755,3.24090188,2.93798011,2.82119511,2.83449907,2.85878164,2.88317102,2.78522480,2.78520682,2.72713177,2.77515632,2.76173163,2.88864689,3.00975564,3.13203103,2.76168657,3.04612558,2.79264086,2.75191960,2.78490360,2.78738946,2.74028709,3.18079098,3.94005595,4.49796720,4.06483716,3.71487184,3.53480043,2.89191394,3.93076424,3.79487484,3.27373600,2.58490563,2.73533715,2.77440886,3.07672440,3.98252310,3.85101198,3.87422614,4.01491387,3.46459399,2.65811163,4.34950329,4.12745432,3.97598457,3.68272665,4.09651823,3.75458072,3.24220621,4.03522939,4.14417320,3.79970102,3.82341113,3.54428646,2.99771752,3.92286860,3.79403425,3.52654106,3.62716039,3.67315648,2.65149172,3.20993953,4.09099966,4.29865353,4.00285839,3.77884024,3.50094890,2.81738621,4.14326372,4.09435626,4.07686114,3.66951894,3.49187943,2.81705918,3.15810372,4.17448991,4.35022532,3.84649444,3.75333948,3.61063185,2.98638298,4.28373281,3.79415493,3.69253255,3.74794942,3.83246277,2.57448898,3.47468455,4.26551969,4.63711583,4.21389028,3.89674017,3.52035297,2.86293772,3.86610389,3.85461338,3.50285460,3.26842157,3.43660589,2.71360239,3.19044037,3.90792878,4.24958889,4.05017267,3.87512408,3.51404046,2.70211893,4.20438791,4.13019157,3.95747016,3.72117340,4.08153345,3.48082074,3.07158008,3.89502170,4.21269178,4.02518041,3.80629673,3.68596473,2.99777231,4.30029071,4.08051087,3.67101632,3.70238489,3.66138051,3.65241503,3.11953026,4.12577583,4.44460263,3.96321079,3.91500942,3.81101460,3.00095552,4.22581939,3.74553670,3.21455823,3.06293141,2.86995795,2.84413754,3.17248106,4.15104970,4.36322034,3.93959373,3.81040269,3.72520026,2.93951975,4.07465064,3.52550978,3.87481626,3.70704688,3.59084795,2.73537975,3.11139328,4.29444053,4.59086489,4.19055939,3.78584613,3.52126028,2.92855510,4.17636378,4.15057712,3.84308004,3.26704030,3.97124029,3.62318784,3.07292204,4.13649684,4.34002246,3.90603806,3.86667408,3.40141042,2.84149246,4.30045737,3.90301690,3.80322619,3.65907587,4.11834160,3.47628601,2.64718683,3.61290464,4.03134632,3.55614360,3.85035017,3.67354603,2.91881825,4.32585896,3.92943167,3.51094530,3.79993313,3.70246575,3.45701466,3.11418034,4.01770060,4.36401487,3.82446494,3.82325291,3.53508462,2.77516860,3.61917462,3.78290849,3.66268467,3.35948756,3.33663502,2.79291436,2.80273342,3.44654308,4.12167872,3.84717459,3.61934496,3.71569356,3.08835719,3.99607463,3.85430240,3.60987976,3.88094204,3.94866022,3.39060060,2.70141763,3.00722515,3.44761731,3.29062877,3.67844512,3.43151030,2.73214199,4.08526309,3.89864524,3.59397569,3.68270110,3.89859836,3.43444241,2.58357731,3.08312445,3.17499523,3.33537788,3.59505045,3.31040474,3.17725942,3.98704025,3.91658304,3.42977493,3.37439738,3.67095344,3.29120001
2.58099061,0.00000000,3.35867667,3.79843494,4.04136025,3.46635044,2.88514346,3.38965299,4.50767339,4.22250723,3.93191272,3.66708506,3.86131048,3.33844299,3.26488584,3.41031435,3.31079569,3.17521921,3.11354732,3.14256234,2.83031122,2.84567079,2.85953070,2.84990749,2.82725690,2.79498170,3.02832910,3.50764611,3.89181517,4.01097762,4.11979428,3.49721115,3.21085963,3.28096676,3.91901217,3.39528422,3.27680669,3.10991298,2.89677280,3.45737254,2.84005730,3.99153931,3.87128865,4.12690141,3.61105321,3.02452282,3.58955807,4.43737032,3.96136122,3.98898457,3.46415418,3.62761068,3.35016934,3.16145708,3.40717158,3.33785560,3.39578902,3.21060869,2.89709977,2.89088610,2.94247875,2.89929002,2.89281035,2.83609697,2.84067845,2.87991541,2.74417351,2.81085111,3.05690467,3.23537645,3.24462806,2.78757715,2.98982194,3.00387917,2.79618485,2.78046460,2.81532789,2.76520378,3.77378277,3.42713189,4.57773705,4.42655134,4.11601681,3.44849559,3.08475313,3.62907121,4.23737451,3.50213833,2.63127994,2.85716013,2.88044280,3.68598267,3.47301106,3.72468615,4.18998768,4.16774682,3.26711138,3.09138207,3.91929794,4.61963599,4.25469577,4.02680736,3.87598472,4.02336766,3.87820866,3.58380433,4.38477583,4.26349422,4.04616542,3.45904301,3.14109419,3.59244779,4.26173561,3.79513056,3.86764663,3.86818882,2.77159056,3.95049932,3.34117684,4.36172311,4.22732764,4.04829096,3.49615817,3.26194330,3.63688572,4.60666598,4.38091830,3.93874087,3.44348103,2.87506514,4.04361219,3.81621048,4.55527682,4.26195528,4.17230761,3.69541197,3.19833477,3.77680469,4.23130679,4.21433811,3.57038375,3.85701110,2.76222410,4.17910154,3.60975282,4.64376404,4.48533830,4.03803533,3.59147763,3.17259531,3.53357688,4.29376392,3.76572252,3.51259341,3.48517682,2.76415482,3.82181454,3.45512667,4.42583789,4.33598098,4.22819731,3.46970844,2.99963551,3.62922191,4.56395483,4.43891017,3.95039773,3.90948041,3.92296322,3.76293247,3.33498526,4.04643974,4.16677639,4.01807294,3.50898081,3.21218098,3.80657816,4.62273436,4.18144148,3.66806855,3.73379957,3.75132426,3.97234236,3.39991646,4.63591531,4.21073193,4.11812477,3.66158972,3.24175768,3.67283152,4.18817023,3.45693323,2.98534785,2.89171024,2.91625101,4.01218491,3.66835685,4.62575029,4.30589683,4.25608035,3.84356752,3.25382729,3.67264248,4.23485975,4.07706141,3.84346529,3.87934562,2.79000479,3.70371686,3.53364801,4.60131748,4.54899624,4.14081648,3.40243224,3.04659465,3.71839440,4.49541653,4.14432692,3.49207290,3.67409169,3.80070700,3.81178687,3.45972853,4.54369084,4.41351350,4.02146023,3.52576746,3.08488562,3.72184140,4.42266364,3.99221937,3.72362870,3.76041145,3.85168860,3.44071081,3.34200696,3.94744209,3.89861615,3.99986484,3.37905504,3.07331358,3.74520046,4.25137234,3.76899171,3.84798392,3.79390752,3.81132554,3.90771839,3.44932461,4.39125477,4.27828991,4.24959123,3.49925075,3.21424368,3.03416171,4.14586982,3.94388528,3.59340759,3.38417719,2.84850555,3.49769254,2.92215616,3.91268082,4.11905141,3.84335800,3.50135351,3.22590642,3.43538956,4.20511871,3.97228989,3.89825641,3.88651455,3.64776328,3.10628795,2.54971837,3.37587820,3.57442230,3.89200552,3.29897032,3.02653149,3.46338396,4.43098351,4.29039447,4.00007263,3.88930423,3.85740896,2.77262208,2.81684727,3.27866256,2.87861920,3.62230378,3.08413527,3.17020583,3.28935157,3.97350412,3.51982673,3.24830477,3.44613905,3.28699239
3.69965103,3.35867667,0.00000000,3.83342613,4.14218653,3.78753601,3.51232254,3.24560639,3.87293041,4.72516539,4.35339427,3.85831670,4.04183209,3.78678276,3.71363328,3.67891037,3.77638163,3.60518882,3.66407125,3.65583659,3.36749123,3.36603436,3.44729792,3.38209546,3.47583389,3.45727045,3.55327336,4.00244249,3.95183649,4.54049083,4.13332161,3.93287507,3.73719424,3.79975222,3.93636592,3.99171357,3.74000622,3.51200005,3.48531473,3.96508707,4.08445084,2.98787402,4.06497475,4.34140567,3.90672842,3.55925959,3.45409945,3.81084520,4.58925240,4.27350918,3.70126877,3.84967735,3.94650337,3.81298418,3.51552991,3.94816978,3.77205887,3.73508847,3.58239332,3.52105086,3.57068481,3.42763073,3.44953644,3.37607141,3.37720841,3.39312675,3.25022485,3.23093539,3.54206712,3.53704602,3.65171721,3.39816111,3.49077999,3.44464990,3.42439921,3.40528764,3.43739744,3.34516290,4.18054406,3.90554274,3.62282716,4.61612961,4.29895634,3.82713741,3.57593136,3.67415845,3.88592196,3.96466375,3.21402701,3.53434729,3.41549198,4.20423612,4.59545830,3.33903477,4.40675613,4.27613016,3.77985501,3.66376750,3.68305843,3.90135325,4.82985087,4.29059906,4.16154222,4.20077410,4.34780443,4.02114821,3.84924822,4.64096806,4.15088143,4.02175010,3.52775298,3.54257361,4.07632554,4.58381970,4.08981674,4.31183374,3.36174224,4.23455015,3.95753212,3.37435578,4.50647997,4.20390627,3.97040293,3.56450010,3.78655758,4.01937987,4.89246166,4.22663090,4.05689472,3.39219929,4.41833134,4.32036085,3.69386134,4.51361215,4.21747536,3.94840060,3.42565406,3.78730575,3.92906898,4.75154390,4.02703255,4.32997596,3.36790420,4.30260386,3.97836462,3.66848874,4.69339983,4.21695138,4.03525247,3.61076713,3.63761368,3.79020737,4.40937334,3.89405770,4.05491259,3.38886477,4.18286012,4.19581519,3.87136962,4.35057075,4.28230756,3.80236485,3.52180328,3.58203101,3.85212731,5.14716958,4.41035706,4.15128294,4.27978071,4.19070823,4.04826268,3.17420727,4.24651370,4.12503502,3.70732535,3.54687668,3.60296819,4.27727402,4.69209048,4.21058069,3.84035735,3.82183557,4.37658005,4.01010969,3.65880999,4.57638979,4.24013027,3.95228443,3.64069162,3.73823431,3.86862767,4.08767263,3.50647237,3.45792024,3.38202261,4.17355806,4.05877063,3.81915554,4.40126028,4.24294730,4.07382534,3.56538286,3.68953095,3.86046604,4.60580116,3.97553080,4.08018063,3.34451681,4.15016081,4.27662541,3.65284840,4.81692393,4.29765261,3.93189100,3.51895125,3.76135466,4.11778980,4.71350947,4.10923522,3.91520305,3.99156631,4.30929413,4.13191977,3.66402347,4.70340481,4.20655835,3.98752073,3.52377950,3.61156180,3.87329633,4.72129431,4.05540432,4.08065502,4.10104223,4.07636781,4.28916147,3.23570573,4.07935241,4.15191207,3.76543461,3.69689410,3.59621376,3.94880929,4.54087020,4.15949599,4.11843636,3.92526024,4.19039495,4.15903988,3.61967715,4.53820964,4.21998139,3.87657733,3.46285091,3.54963254,3.87652692,4.71387954,3.98627866,3.90486937,3.43138117,3.94454587,3.99895777,3.05641492,4.18607454,3.92510557,3.74870359,3.73419911,3.40708045,3.99156453,4.50494496,4.06096450,3.90950231,3.80300846,3.53779512,3.68113781,2.75835438,3.89332525,4.00123723,3.61348221,3.67481858,3.41806025,3.96600699,4.97069112,4.49992641,4.07851100,4.34002229,3.34404931,3.54183111,3.43857438,3.49765887,3.48137108,3.63438263,3.60214301,3.42654941,3.74286827,4.32435788,3.85103829,3.99866776,3.90630045
3.50408103,3.79843494,3.83342613,0.00000000,3.08213215,3.40143824,3.30845480,3.47727893,3.50963387,3.31353164,4.62788001,4.17411287,4.30178404,3.55018744,3.55519896,3.61835205,3.34565420,3.53851459,3.36643335,3.26623756,2.96706407,2.96379499,2.99198858,3.03920391,3.02951455,2.94563469,3.13642275,3.48685872,3.66104907,3.32043195,3.73406509,3.61589459,3.49638873,3.43396701,3.65278332,3.37530675,3.55583496,3.17368606,3.01220930,3.69097214,4.05901658,4.04070057,2.55523302,3.46814149,3.68284289,3.45856381,3.91759835,3.38371910,3.46461344,4.48851610,4.02673577,3.81316961,3.05994041,3.15105773,3.14131814,2.86742118,3.26016805,3.16596277,3.07358094,2.97222963,3.05120920,3.01067558,2.98004816,2.97944912,2.96203071,2.88136708,3.09539195,2.98304412,3.03112082,3.29320350,3.21654931,3.14756828,3.17648848,2.99577723,2.98459411,3.09816685,2.95006441,3.04085610,4.14440577,3.94662229,4.48575564,3.31062310,3.74506736,3.70069511,3.36071633,3.56780479,3.72012140,3.28992552,2.96387278,3.07157937,3.00620915,3.55556621,4.24623593,4.10421050,2.53192639,3.33136575,3.52921956,3.30626462,3.83050770,3.60232336,3.37402214,4.41639538,4.48677677,4.27344612,3.86631858,3.95217997,4.03679900,3.31574251,3.87615130,3.77969155,3.12156594,3.52990990,3.72779701,3.69408607,4.17589826,3.87177895,3.03633176,4.02239173,4.04059288,4.18321974,2.83802223,3.66394762,3.55072313,3.26063793,3.58961752,3.57465432,3.79944158,4.31270395,3.80012044,2.99139200,4.05614809,4.18785595,4.28514093,2.94259802,3.74802955,3.65484658,3.31938807,3.61260143,3.65373169,3.68584286,4.41950428,4.16979560,2.98567925,3.96258113,4.07906650,4.60555041,3.26526872,3.67290074,3.69177083,3.27862701,3.54022336,3.70941249,3.15904757,4.05088513,3.64748423,2.93617939,4.03551848,4.01425665,4.11095775,2.81856422,3.75874388,3.52380292,3.30725961,3.67054423,3.57790901,3.64612730,4.74694166,4.29431636,4.03107894,3.74415753,3.83484971,4.08469762,2.44875671,3.28943225,3.38468863,3.37609617,3.45483215,3.45445612,3.72376633,4.47891928,4.17757311,3.71518133,4.04723996,4.23005635,4.29307312,2.93374677,3.76550529,3.56603143,3.43208610,3.45530935,3.47959303,3.31153601,3.37054134,3.21816842,3.04200082,3.91247151,4.09162062,4.31728077,3.06857209,3.70271135,3.66628132,3.52875634,3.73333868,3.43353692,3.81511274,4.44296187,3.97545077,2.94182383,3.95387199,4.12193500,4.20464648,3.14822891,3.65770907,3.69586595,3.50664626,3.75771690,3.67882457,3.31134954,3.96676319,4.04332602,3.74600173,3.86263279,4.10425000,4.12022037,3.18113676,3.79649079,3.70348336,3.11912491,3.75734214,3.61729914,3.55732808,4.44524434,4.28416141,4.13177610,3.58341797,4.08459104,4.10738140,2.60681289,3.35095532,3.66776315,3.31151419,3.61385955,3.34238833,3.49030493,4.39120783,4.12048489,3.71479367,3.79153789,3.97052171,4.45214579,3.06117997,3.64190845,3.58667368,3.24990614,3.60118289,3.84525195,3.61737298,4.00907137,3.63321942,2.87156919,3.27630171,3.84676294,3.72210129,2.62057409,2.98370442,3.51051557,3.34461244,3.42049118,3.28169424,3.73834727,4.44666375,4.19193025,3.73128303,3.11531474,3.65405431,3.83552652,2.59585509,3.14288816,3.46296262,3.41178141,3.68640364,3.60635444,3.54893654,4.62035301,4.36217843,4.18367371,2.88842094,3.26204307,3.59065259,3.01122908,3.40042866,3.49917814,3.60491729,3.74171967,3.83964040,3.64891187,4.15303831,4.12002921,3.66679904
3.76252570,4.04136025,4.14218653,3.08213215,0.00000000,3.06574691,3.29654783,3.60179689,3.42010193,3.66883820,3.60756811,4.68258726,4.35634840,3.52372808,3.45367276,3.43241273,3.59703967,3.25186658,3.34652980,3.32535272,2.99929089,3.03970832,3.08903318,3.05794413,3.07661839,3.04995657,3.13578546,3.47596343,3.60510221,3.56627451,3.08708539,3.49528023,3.37271404,3.50348722,3.41924671,3.39971101,3.25710548,3.25104989,3.10682861,3.91061678,4.18750554,3.98698534,3.49661548,1.94795840,3.32689199,3.48631701,3.78302339,3.41389792,3.56155577,3.76525964,4.46238382,3.98802090,3.31935126,3.34433669,3.28078750,3.33961373,3.09481209,3.30956643,3.20253108,3.11314412,3.10137131,3.07300786,3.00629148,3.11769548,2.97364374,3.02388012,3.32696286,3.07936036,3.17528854,3.12496001,3.29457980,3.26585635,3.09451865,3.02328769,3.10621058,3.06475936,3.08634136,3.07997785,3.81520077,4.33955707,4.13279404,3.90804924,2.63656738,3.60277910,3.41313993,3.73318673,3.45693207,3.61859556,2.99419891,3.08983726,3.01589558,3.97765225,4.25534214,4.00286061,3.39570358,1.88267044,3.17508056,3.62953152,3.73932685,3.35220217,3.66238788,3.45292546,4.75716356,4.49666485,3.73594635,3.88496261,3.76393766,3.79588322,2.87258057,3.49783370,3.23766384,3.62850696,3.43869043,3.74078413,3.78909167,4.11069048,3.16433090,3.90514590,4.01042853,4.05298062,3.89570994,2.36807692,3.46545814,3.31426665,3.56377920,3.49394613,4.04563009,3.82615339,3.95734527,3.06907643,3.95257724,4.40048085,4.11891555,3.91841144,2.73723543,3.40058354,3.16908331,3.48434097,3.22922900,3.79684800,3.71437513,4.60017737,3.06381680,3.79357097,4.10461024,4.29846810,4.16041761,2.47864185,3.48711809,3.21851844,3.55451846,3.39253169,3.74981596,3.72008293,3.69611215,3.04377280,3.85722742,4.00484224,3.65542814,3.87051447,2.57080225,3.39423973,3.35894704,3.79129733,3.46159199,3.76315087,3.70926949,4.80493605,4.38735149,3.71254997,4.06667717,4.03951171,3.75950844,1.96903805,3.26899357,3.37941047,3.66003192,3.64177880,3.72959076,3.77643985,4.54344882,3.93189084,3.72683520,4.21397041,4.01179220,3.76586763,2.49230539,3.36255909,3.31287355,3.33658691,3.21367431,3.94459374,3.43746973,3.18575381,3.11703229,4.11886807,4.42373313,3.99290358,3.99897649,2.66383686,3.42016173,3.18035818,3.62121976,3.10688273,3.91750449,3.52910113,4.03077450,3.07927038,3.88993136,4.13746690,4.15363952,3.77235493,2.46196678,3.48912651,3.36064919,3.84302939,3.38925362,3.60034019,3.43968234,4.49000385,3.91710634,3.92168601,4.19896216,4.01841796,4.00641201,2.49898860,3.53753506,3.28006751,3.66499108,3.36408301,3.57182764,3.62498763,4.78550468,4.30085772,3.52619584,4.09849313,4.14258848,3.69788110,2.07309731,3.26127024,3.41322684,3.78837751,3.30834993,3.71364665,3.73936955,4.46624536,4.01727327,3.69639900,3.99834999,4.17334083,3.98583981,2.45011108,3.36336635,3.28357738,3.63029106,3.24618023,3.71610959,3.49833101,3.86272012,3.03972034,3.52488307,3.66923700,3.91497497,3.71012733,2.28822967,3.31059165,3.53334497,3.68788263,3.32129459,3.77373975,3.90591241,4.51983072,3.75688404,3.22935330,3.96166907,3.90073583,3.53931292,2.10274972,3.39358667,3.62676793,3.74639907,3.68054913,3.80938457,3.65507341,4.94142295,4.31406636,2.97362724,3.44276484,3.61861995,3.50723753,3.10845509,3.55135270,3.51619038,3.98061239,3.71751454,3.71390820,3.52393220,4.21291562,3.72757603
3.69705059,3.46635044,3.78753601,3.40143824,3.06574691,0.00000000,2.67375325,3.05567592,3.43792746,3.75504647,3.32850587,3.54442999,4.66019305,2.92334746,2.73363870,2.83976276,2.86760524,2.70101589,2.59729848,2.74651842,2.44562901,2.48174238,2.42705110,2.43050926,2.57799735,2.49234592,2.56433373,3.10415560,3.37126525,3.40260742,3.39943266,2.75777486,3.16118990,2.87456109,3.19204179,3.04268952,2.97088534,2.62992450,2.51562491,3.89784270,3.71830022,3.91031865,3.54843900,3.19933098,1.54345315,2.87477724,3.03349860,3.30560525,3.61130854,3.39348409,3.45045286,3.79720994,3.04404597,3.00947207,3.00688188,2.99847869,2.89743790,2.60961415,2.70179476,2.45312738,2.52874209,2.52017061,2.45776803,2.48468293,2.44987056,2.53226563,2.56469366,2.68235154,2.72773264,2.65234660,2.46860731,2.63958786,2.55535882,2.56102727,2.56832458,2.59820836,2.38441901,2.42845707,3.72229667,3.53585243,4.13296405,3.80901705,3.38976349,2.41442383,3.09634861,3.23109120,3.29023101,3.07862608,2.62769177,2.48582853,2.43959758,3.86762885,3.83763018,3.78031188,3.63913125,3.29217635,1.87182343,2.90570737,3.13174364,3.39293542,3.76677196,3.25962096,3.68074448,4.56903040,3.69668706,3.23965954,3.87628062,3.65357681,3.26339279,2.46401564,3.11903397,2.89008261,3.35604156,3.42140020,3.30891446,3.49069062,2.48133245,3.69846806,3.36967365,4.10650061,3.83625063,3.36440311,2.54826986,3.08479465,3.02159063,3.38683378,3.53716476,3.72583301,3.09092607,2.40251907,3.55674193,3.62300157,3.98982287,3.76663518,3.36002558,2.15232291,2.91724507,3.18171984,3.37746763,3.37087427,3.49764427,3.83233636,2.43078917,3.57604731,3.32535520,3.96054467,3.93170061,3.19622858,2.54099274,2.90583068,3.12349155,3.40061065,3.40856522,3.37320863,3.15643474,2.37719624,3.42994591,3.17586093,3.67986220,3.77025805,3.45883881,2.23310474,2.85681777,3.11934775,3.41369638,3.86663699,3.54661902,3.66685237,4.50889805,3.70350252,3.51595185,3.85363795,3.81843721,3.18617646,1.75693613,2.89746086,3.35373473,3.33389721,3.50037602,3.23560112,3.57255563,3.72818019,3.68721776,3.62986180,4.18258043,3.76711324,3.40307147,2.20539747,2.99850478,2.92411599,3.35160530,3.14741051,2.98339972,2.49156545,2.40844737,3.79413394,3.75117996,4.04315225,3.77776803,3.53058640,2.56251637,2.97258023,2.98292460,3.27686240,3.30622952,3.40635369,3.35780206,2.50156122,3.61080590,3.60537371,4.16504481,3.77298189,3.32567180,2.31921214,2.97163221,3.25976662,3.40043395,3.35406013,3.36239452,3.64398944,3.93939214,3.67352069,3.54396062,4.13832950,4.03369875,3.37364418,2.37641342,2.94921311,3.03541152,3.21886688,3.52019066,3.27280910,3.93623922,4.43697127,3.39074016,3.88550280,3.85049098,3.59002038,3.08335185,1.60259447,2.74162727,3.36607653,3.30215673,3.45200768,3.18415974,3.65428922,4.11498757,3.57539644,3.45504090,4.02925193,3.88677839,3.52699074,2.25112904,3.12048582,3.19157536,3.55795734,3.37557395,3.50360484,3.31846909,2.43248869,3.44387699,3.18880496,3.73990293,3.74180437,3.16117930,1.73933405,2.98453923,3.00132667,3.08262486,3.32509203,3.15105802,3.45878931,3.25134621,3.09187862,3.47076677,3.72954535,3.50989355,3.27184101,1.78661810,3.00692866,3.24881944,3.58743846,3.93665726,3.36396501,3.77059986,4.38764510,2.42717908,2.71523145,3.14785990,2.94325147,3.07953387,2.36511164,2.93379847,3.25774494,3.28533690,3.33401959,3.03180703,3.24332896,3.19029075
2.64260472,2.88514346,3.51232254,3.30845480,3.29654783,2.67375325,0.00000000,2.61293542,3.31544815,3.37428628,3.25614857,2.80609584,2.93866835,1.75933972,1.89300994,1.89000837,1.74609745,1.81603577,1.63414669,1.70135090,1.34370721,1.30316281,1.17481407,1.23904316,1.23977369,1.27335895,1.53534618,2.06877543,2.45444055,2.63319758,3.22572417,2.43280728,2.18809515,2.40684571,2.50703040,2.29942224,2.14777142,1.59916681,1.29198913,2.60609892,2.82398291,3.32329743,3.10441575,3.27963822,2.78504402,1.28975606,2.84792512,3.18506290,3.05299128,3.05371336,2.77518092,2.39612204,1.79918247,1.97693453,1.96856556,1.98572288,2.16520863,1.92214011,1.71352742,1.56208147,1.39093079,1.31413257,1.31170912,1.40187876,1.37025840,1.61524985,1.59188839,1.64081801,1.64155813,1.93754039,1.90064169,1.56803663,1.80445048,1.54134383,1.42867744,1.56019480,1.41069916,1.24642867,2.54527669,2.80342542,3.42049811,3.30640741,3.28163953,2.63247594,2.05392890,2.84515243,3.04348933,2.49835819,1.65334719,1.46572430,1.23761473,2.88492618,3.33698211,3.37218277,3.54011165,3.54252507,2.35507983,1.40402365,3.00304872,3.36431915,3.44063488,3.07266118,2.89275034,3.00910219,2.55382663,2.67639467,3.06436567,3.08308292,3.25945134,2.60377146,1.99656548,3.00956322,3.18159854,2.93285211,2.95990101,2.78349717,1.25856077,2.60150608,2.80153407,3.43855739,3.43088131,3.44100170,2.64014495,1.97097556,3.04865884,3.32720479,3.49023021,3.01615879,2.31299275,1.35462761,2.75100353,2.99456241,3.57370179,3.22861008,3.33374003,2.63922337,1.67872509,2.93962942,3.11953673,3.12189671,2.93979158,3.05123122,1.16290351,2.56332402,2.84511072,3.38845366,3.38773129,3.27761629,2.59670101,1.92339599,2.99965778,3.34080895,3.11553214,2.80585730,2.40523757,1.22757607,2.14157787,2.46996053,3.01368192,3.26256303,3.42653780,2.46078523,1.38160705,2.93998325,3.41398601,3.70358515,3.31576795,3.22229751,3.33288795,2.78830579,3.11757394,3.32297083,3.56819940,3.20799233,2.81005723,1.64515213,3.18774700,3.33073332,3.16342693,2.92424049,2.69171297,2.54819185,2.47052681,2.89663438,3.35726606,3.32483531,3.38556871,2.56697997,1.79320794,2.85294697,2.92747777,2.30884044,2.07604981,1.38290001,1.34368952,2.68593494,3.11398851,3.54034550,3.28306426,3.46625654,2.83790243,1.95174985,3.17045768,3.18237864,3.29871392,2.93105233,2.73327801,1.35997908,2.37725727,3.06607742,3.57923242,3.37575783,3.22401140,2.55875060,1.74001162,3.06341116,3.30253769,3.22462085,2.42607989,2.94082227,2.74708584,2.63638390,3.08767343,3.38084243,3.41063373,3.52166935,2.36645271,1.67928109,3.00415152,3.08232899,3.24910889,3.02415628,3.22772523,3.19583956,2.35224483,3.23413943,3.48915349,3.13401021,3.12207675,2.67963592,1.58660840,3.24313931,3.14067590,2.93877374,2.84908587,2.62351502,2.71383750,2.46475160,2.85411002,3.38716065,3.28103175,3.32762581,2.61318407,1.88192234,2.77130522,3.13738446,3.10274856,2.96330725,2.41919624,1.32459341,2.61232734,2.74062528,3.32773490,3.33460469,3.16317298,2.64056519,1.66676031,2.84078877,2.95147786,2.76115993,2.96035176,2.74862400,2.20242953,2.08996131,2.99852238,3.32269867,3.12290264,3.13709523,2.71158413,1.47177309,2.84133189,3.27436065,3.26817815,3.27830601,3.09310074,2.99569143,1.32954530,2.14423460,2.36658173,2.51685123,2.74138517,2.34315035,1.85819552,2.78549330,2.98754785,2.60889254,2.31382722,2.40898907,1.97228783
4.08491981,3.38965299,3.24560639,3.47727893,3.60179689,3.05567592,2.61293542,0.00000000,3.07295285,3.64660552,3.87843652,3.11733402,3.66231774,2.98831374,2.63101572,2.76754189,2.93199301,2.89290911,2.67497683,2.58212583,2.31942489,2.36506061,2.46432106,2.38244952,2.48544681,2.44388384,2.61988401,2.83067396,3.22624930,3.25334611,3.61516589,2.98339221,2.80743298,2.55770741,3.19239143,2.93065409,2.85961432,2.52436309,2.41780863,3.85515566,3.19434876,3.32946387,3.34867490,3.61842792,3.04254288,2.60029334,2.18153247,3.32384092,3.68167116,3.59376400,3.12790148,3.38850901,3.01263569,2.69115668,2.81159879,2.87737540,3.01639242,2.61418504,2.47826327,2.47037760,2.50025250,2.37209234,2.30428318,2.39179444,2.39938912,2.58611345,2.46511038,2.35927122,2.55474512,2.85254654,2.57890184,2.42814519,2.45244017,2.49007729,2.46284101,2.49538767,2.35021768,2.36947053,3.88622594,3.06529485,3.32328673,3.75788594,3.85917583,3.08890624,2.92308297,2.62572864,3.37029875,3.08442261,2.44650884,2.49123986,2.35456314,4.02658836,3.70655527,3.16135685,3.75734546,3.63838404,2.87106709,2.85882972,2.00526147,3.31625235,3.78785605,3.85866864,3.48538746,3.82245200,3.84820846,2.90176460,3.39237116,3.83166699,3.74208097,3.07650902,2.69712247,2.82562244,3.51960840,3.58803383,3.67122685,3.32869260,2.42823733,4.12749510,2.98180196,3.42594009,3.70652999,3.77100754,3.12196998,2.94294693,2.64299782,3.55828461,3.87630463,3.84510214,3.11242718,2.41464651,4.10728349,3.42677196,3.60577023,3.69263368,3.76024413,3.17515327,2.69835577,2.48676151,3.47695503,3.82008009,3.53532308,3.65806439,2.41615385,3.96717513,2.92800168,3.29583350,3.74719555,3.64514741,3.17681738,2.87006430,2.71345577,3.37107351,3.51663683,3.46442052,2.92297333,2.37885445,3.76839480,3.17797808,3.32678727,3.47934434,3.72470909,2.86159686,2.76204663,2.04132690,3.33313179,4.05997354,3.95692323,3.39008039,3.85369248,3.92682287,3.35691243,3.04183853,3.68680672,3.58514208,3.13402099,2.74226926,2.65253479,3.53728681,3.77109811,3.51762672,3.18896597,3.07105118,4.00054300,3.01193608,3.28978471,3.62619274,3.67703233,2.97560963,2.89400726,2.41880435,3.33754113,3.26525153,2.89961366,2.48053921,2.33730909,3.97201456,3.29433564,3.71081377,3.62466077,3.81279982,3.15858792,2.90782623,2.63559130,3.50406293,3.52424215,3.54602968,3.40392825,2.34041015,3.87229411,3.31022492,3.34466323,3.71016213,3.77393154,3.04465571,2.71395345,2.40812858,3.44545017,3.60920716,3.54351276,3.10109038,3.14461479,3.97852053,3.10514047,3.48947482,3.89958698,3.74365851,3.07961200,2.68016852,2.27540534,3.35022530,3.60640687,3.64198498,3.33951158,3.64661587,3.82342334,3.69609697,3.38969714,3.47723415,3.44286376,3.01659709,2.84112658,2.12925185,3.10857906,3.33154131,3.31729599,3.45027683,3.40150648,3.86843630,2.98960258,3.31992512,3.68904318,3.73169421,2.99396535,2.86474174,2.64913223,3.30232822,3.68420351,3.61870679,3.07679850,2.31670306,3.67089714,3.16504242,3.03795735,3.68063247,3.48811838,2.95817628,2.75616744,2.19085027,3.08431987,3.42717330,3.23259186,2.94095219,2.89500063,3.08090436,3.40526324,3.22508936,3.47817298,3.47045726,3.23238028,2.94829534,1.73601439,3.22885834,3.82900786,3.95485540,3.48114039,3.74493711,2.42852501,2.87572517,3.19416020,2.79694171,3.18090941,2.82742140,2.67354267,2.23103582,2.89797746,3.12683598,3.04937152,2.90623525,2.85978517
4.07835795,4.50767339,3.87293041,3.50963387,3.42010193,3.43792746,3.31544815,3.07295285,0.00000000,3.01279339,3.55881271,3.95586761,4.11610489,3.45319158,3.50792769,3.25138705,3.42900782,3.32397072,3.31441315,3.22761527,3.02326446,3.08674309,3.11924142,3.08057735,3.09977539,3.06968855,3.22884328,3.53680448,3.72688759,3.57217598,3.38441492,3.41008965,3.54406607,3.47430316,3.30828344,3.52226713,3.59819019,3.28449993,3.11088004,3.92029227,4.47647534,3.71520792,3.46132605,3.45169575,3.40001378,3.35712073,3.44855014,2.31414508,3.62543571,3.54969153,4.07811496,3.89448208,3.34760768,3.54119746,3.16473701,3.27675610,3.24160307,3.17384344,3.24845517,3.18213360,3.16533469,3.08279595,3.05417041,3.08659673,3.06684207,3.07964513,3.18624749,3.05126369,3.06591031,3.20764996,3.05711920,3.16777669,3.06127332,2.87303446,3.11685978,3.10114544,3.07749907,3.10920689,4.00221135,4.33311589,3.75606315,3.75490573,3.31874216,3.48599191,3.53575436,3.38998234,2.94172162,3.43628947,3.09156516,3.15372079,3.00652874,4.16198435,4.85316111,4.00407600,3.63094020,3.41629720,3.34399180,3.35661314,3.43415454,2.15718669,3.54892290,3.71362159,4.33506363,4.41587153,4.01251409,4.00438608,3.49769611,3.87245007,3.63826715,3.54493742,3.40148881,3.53173696,3.05328072,3.87819758,4.06671182,4.08028368,3.07599142,4.12874262,4.38610145,3.67242869,3.91874445,3.55591582,3.45469328,3.35791915,3.43818190,3.08721325,3.89067747,4.04377777,3.91799364,3.04654807,4.12144486,4.46600090,3.89810376,3.64910158,3.41575096,3.42933344,3.22870781,3.45817150,2.77689459,3.49111392,4.21493589,4.36545093,3.05991264,4.06776970,4.43470555,3.85007266,3.90485103,3.47401524,3.46913463,3.34797562,3.37186753,2.91085223,3.59569282,3.73018001,3.62380825,3.09117100,4.08572911,4.25651782,3.58329851,3.60054853,3.38186449,3.41898357,3.28964342,3.47746149,2.51524929,3.87657895,4.17256696,4.49659882,4.39254740,3.97961386,4.51042489,3.69912243,3.84208305,3.39932607,3.38012119,3.33207362,3.49384781,2.38957779,3.61607067,3.66051812,4.02761429,4.02518782,4.01876860,4.45555148,3.66932327,3.80312633,3.42229716,3.51248219,3.41452104,3.33869768,2.72109937,3.58341413,3.43994133,3.14657749,3.02798919,3.97125090,4.37195314,3.67769943,3.66817789,3.44931055,3.56144018,3.48424786,3.64423788,2.88322414,3.95563265,4.10206348,4.07223493,3.04179719,4.11605329,4.60293546,3.59887717,3.52469778,3.26783598,3.56267531,3.32947571,3.56634526,2.70051410,3.61123304,3.79354624,4.23491982,4.00923868,4.08703136,4.53605866,3.70407482,3.71759784,3.50613149,3.58665999,3.51684245,3.42772326,2.48247246,3.68882083,3.93144060,4.69404397,4.29409850,3.99977757,4.55789005,4.02375737,3.61861574,3.17708820,3.33316124,3.29462436,3.36182359,2.38180997,3.44825971,3.59898473,4.01688298,3.78210494,4.00693819,4.37429366,3.80188924,3.74377714,3.39757754,3.45876311,3.29261562,3.63560096,3.08190792,3.85535038,3.92202402,3.70114810,3.06799931,3.89108751,4.28162606,3.79153006,3.69920624,3.27607465,3.45166285,3.52278602,3.42097842,2.53575008,3.66928327,3.60518398,3.98728037,3.52910231,3.47797511,4.34890066,3.87410216,3.68862721,3.52785283,3.53950289,3.41606510,3.25710853,2.10258408,3.47433117,3.78151898,4.23619620,4.24924239,2.98674622,3.53648837,3.59310142,3.50619010,3.13909406,3.35357559,3.36487728,3.51277288,2.55180093,3.46382566,3.35427950,3.73877552,3.64016216
3.74995432,4.22250723,4.72516539,3.31353164,3.66883820,3.75504647,3.37428628,3.64660552,3.01279339,0.00000000,3.37581201,3.85101929,3.90786613,3.43320296,3.55021559,3.52671612,3.28830839,3.50547194,3.34841070,3.18086482,3.11529799,3.14032539,3.16236290,3.17007075,3.16603495,3.03421714,3.21790973,3.53574597,3.96976297,3.36332228,3.78008798,3.42601135,3.63563880,3.71136204,3.69825812,3.31643909,3.58693638,3.30245972,3.17105855,4.01676360,4.41637041,4.72260029,3.61997786,3.66208755,3.80116274,3.51421263,4.00324660,3.24878941,2.70437921,3.85654870,4.22041630,4.04082543,3.32036490,3.49261577,3.53391460,3.04264160,3.39811360,3.29245089,3.27712896,3.13800582,3.10983303,3.19747210,3.17694236,3.17142749,3.07957169,3.15360480,3.35504251,3.23039461,3.18720506,3.37066326,3.17599212,3.22259792,3.29429377,3.14118563,3.22362368,3.22498090,3.17389031,3.17662012,3.92131769,4.10407808,4.57224340,3.36133573,3.60785060,3.62531507,3.41071142,3.82208023,3.51117319,3.19132184,3.28504640,3.18691221,3.10640168,4.03224767,4.65814553,4.73844660,3.64409161,3.73832724,3.66263648,3.45747057,4.05713971,3.47791668,2.69955680,3.81074591,4.52506529,4.33000282,3.97290105,4.23259894,4.36421896,3.62260307,3.91594469,3.71628622,3.54138536,3.80008250,3.52609856,3.43279052,4.29441500,3.84699577,3.22670605,4.05970775,4.44234626,4.70914016,3.65574192,3.78916974,3.37088720,3.34962354,3.78744571,3.61508946,3.19932749,4.17509907,3.84970135,3.18166317,3.98625439,4.46706656,4.70646195,3.38395662,3.80109880,3.51757686,3.41044464,3.70462053,3.41265492,3.02673761,4.15963803,3.88601418,3.15816421,3.97183461,4.40119853,4.75480402,3.66985863,3.77979357,3.54180695,3.31861816,3.64696054,3.86040147,3.06273872,3.91747594,3.69294969,3.21878762,3.96792820,4.18640668,4.47263595,3.47662945,3.80349903,3.61803154,3.49970374,4.06303991,3.68709822,2.93415775,4.30252120,4.69267034,4.25836249,4.00937550,4.45791433,4.80312459,3.79439725,3.71845118,3.72948161,3.52594124,3.81106111,3.30535639,2.74025948,3.72436855,4.10641437,4.11120484,3.94653734,4.49595029,4.72874917,3.37734544,3.74233656,3.52328483,3.46569167,3.75340567,3.44530064,3.33891180,3.53626218,3.24933275,3.16000330,3.98966376,4.39323416,4.70333928,3.51291331,3.97218239,3.54465915,3.60471167,4.06348921,3.56345251,3.84623340,4.41466903,3.91296642,3.14107539,3.93459158,4.57848552,4.66374694,3.49664608,3.49805649,3.53875858,3.51163063,3.94347577,3.71417757,2.93520882,3.90871846,4.37655223,4.10606205,3.82725186,4.45471535,4.58737802,3.33304391,3.75035214,3.66610657,3.49285736,4.05081893,3.49590447,2.80720594,4.27763650,4.69647694,4.43116045,3.85272217,4.51944455,4.89266447,3.72531529,3.55916286,3.78510201,3.35456594,3.89618637,3.43168635,2.78093624,3.83052802,4.09140129,3.76819518,4.15900546,4.36685271,4.69379902,3.52817957,3.76752498,3.56720754,3.38352583,3.91769390,3.93313355,3.42826646,3.95641828,3.62894361,3.08922443,3.99573494,4.31682930,4.59249059,3.93655546,3.72406623,3.92681290,3.56411104,3.70212225,3.21745581,3.02049331,3.86175453,4.08375197,3.46727901,3.51338402,4.36409101,4.54280711,3.56748385,3.63723951,3.78202832,3.53792307,3.92401068,3.33782172,2.04962692,3.86978619,4.28205603,4.16471964,3.06459420,3.76659955,3.95446514,3.66456341,3.84010227,3.64767361,3.80857288,4.05070018,3.74318496,3.04868612,3.82162131,4.00056732,3.81643705
3.59386381,3.93191272,4.35339427,4.62788001,3.60756811,3.32850587,3.25614857,3.87843652,3.55881271,3.37581201,0.00000000,3.62930644,3.68909660,3.43246374,3.51851159,3.39632241,3.56690275,3.18317897,3.40554551,3.40330998,3.18783518,3.24518822,3.24502888,3.14844314,3.24808833,3.14493101,3.18618558,3.51003665,3.91896350,3.97437203,3.63074642,3.42469472,3.44568648,3.83008266,3.78163334,3.59024067,3.59415614,3.41714990,3.31052910,3.90340101,4.17236177,4.34036734,4.60313395,3.76016039,3.49011260,3.47795425,3.84262457,3.74465153,3.59656547,2.71887658,4.08833569,4.02390500,3.62911879,3.66955833,3.60073080,3.74240353,3.30949682,3.49693870,3.39867928,3.33745378,3.25235077,3.29708407,3.28963093,3.26641917,3.17356069,3.29159432,3.43585228,3.30034575,3.43862887,3.33381110,3.34019545,3.31636646,3.34565127,3.28162110,3.33128644,3.32880717,3.27330965,3.17707956,3.57372702,4.24931788,4.28435162,4.47394279,3.48681889,3.31150674,3.45334180,4.04653470,3.69646190,3.67811886,3.32265493,3.17013929,3.14059651,4.09741780,4.50458370,4.26229536,4.65257458,3.74408471,3.26518510,3.55060581,4.07217464,3.98305467,4.18867183,2.97120556,4.17875136,4.54519067,3.79654244,3.98214232,4.20848716,4.40444147,3.53771081,3.35843583,3.62329673,4.11029357,3.90138512,3.91978448,3.86646454,4.22707374,3.28117030,3.86109560,4.20063393,4.56998996,4.79938415,3.49196497,3.39819679,3.39020578,4.01141998,4.00895341,3.97744196,4.09972451,4.00112657,3.30293758,3.68259949,4.35786995,4.43236138,4.68161288,3.44424526,3.21253496,3.24556391,3.88175178,3.55994963,3.49951262,3.27731340,4.07642475,3.15584212,3.75859345,4.22401301,4.40228975,4.74885357,3.58073685,3.49957596,3.42682628,3.88785225,3.81907194,4.05302768,3.54429825,3.70988904,3.23335963,3.68004166,3.90433805,4.07600679,4.67262105,3.51823943,3.41537623,3.34637782,4.11601407,3.99818937,4.14269919,3.06008749,4.53789509,4.40068356,3.92576015,4.32826325,4.49597308,4.79698850,3.66586983,3.57615133,3.44079978,4.18287753,4.01432747,3.81214323,2.86654417,4.16019357,4.38337554,3.46800134,4.09043734,4.46004609,4.47826577,3.42237054,3.30662097,3.32843942,3.97631741,3.74005893,3.90545733,3.62055191,3.19201740,3.22071212,3.89389175,4.34707853,4.30588754,4.69303981,3.76430881,3.52870530,3.36433407,4.01657841,3.81095134,4.02487587,3.61130482,4.09753645,3.22473331,3.70285836,4.40859715,4.65144528,4.67051636,3.41941172,3.31407552,3.21586867,4.05488472,3.78207066,3.79671998,3.35291196,4.45073968,4.25038523,3.63727764,4.15352579,4.44212152,4.72001683,3.45819337,3.33194094,3.49488974,4.09544117,3.88262636,3.83760780,3.08103127,4.55110072,4.24147980,3.73333071,4.31526038,4.43886236,4.50479291,3.65119808,3.33017635,3.43787562,4.05228450,3.60378555,3.55552089,2.84363029,3.95868117,4.15808561,3.72753315,4.16076019,4.28361646,4.60133589,3.53216443,3.23368244,3.36113148,3.88431666,3.72552808,3.90792690,3.67942520,3.85581981,3.29172330,4.07123939,3.87669533,4.37805918,4.71565215,3.84282389,3.54762048,3.72311460,3.91840105,3.59892911,3.40902017,3.02365465,4.00518933,3.60206352,3.60521594,4.17591822,4.34312793,4.51468880,3.73486392,3.47417285,3.46688824,4.04684557,3.90964465,3.74722502,2.45293842,4.22456092,4.09494236,3.16622291,3.67151934,3.70932666,3.96725152,3.71542059,3.48047700,3.59827267,4.28225890,3.91095590,3.70444653,3.16066453,3.98340539,3.89221166
3.78875642,3.66708506,3.85831670,4.17411287,4.68258726,3.54442999,2.80609584,3.11733402,3.95586761,3.85101929,3.62930644,0.00000000,3.20295271,3.10093099,3.10531804,3.01508815,2.85564539,3.14522416,2.88522194,2.93409704,2.87597054,2.92834199,2.83975456,2.87514311,2.94481274,2.86334426,3.01718882,3.21516351,3.46912609,3.78206730,4.34372594,3.15329422,3.47810881,3.47734711,3.77314187,3.55096831,3.46130449,3.05404257,2.94215723,3.67505296,3.66946423,3.87238817,4.06373622,4.72353320,3.57028761,2.84576515,3.48835109,3.98974134,4.02708195,4.04167387,2.93917607,3.67162336,3.28614637,3.21028914,3.11783647,3.17958855,3.44363599,3.06133082,3.07523158,3.04046348,2.88355633,2.97573516,2.94219025,2.81729527,2.95616187,2.89271898,2.69217204,2.93864279,3.00736039,3.26083236,2.89027419,2.88309340,3.12300750,3.07648260,2.96247796,3.10415136,2.81186074,2.75284721,3.79383098,3.32350236,3.94815844,4.06898913,4.56872308,3.32017486,3.23011353,3.56551913,3.89939532,3.55909716,3.14603382,2.87477824,2.87212460,3.79593522,4.12657335,3.83657968,4.35667133,4.66072971,3.28723706,2.93748272,3.69386896,4.26282107,4.25637634,4.12148085,3.02216074,3.96872627,3.60465738,3.48150923,3.96809893,4.00339119,4.40194339,3.37131412,3.30232729,3.87248891,4.12926307,4.03867988,4.00161481,3.62085369,2.84628315,3.75279852,3.45845517,4.04047070,4.10540818,4.55781261,3.28706109,3.27563399,3.76131517,4.05764609,4.33837566,4.31729972,3.40327902,2.90072525,3.77025090,3.62511941,4.09764585,3.95912706,4.53975803,3.40206929,3.15175326,3.50336244,4.02141596,3.97832297,3.85720916,3.67975122,2.78910900,3.72988285,3.48555876,3.97400341,4.06851615,4.40926649,3.34121588,3.29131783,3.77561848,4.14945506,3.95157698,3.78629746,3.37238878,2.84525369,3.41321790,3.31555162,3.87100836,4.00331163,4.61907880,3.24608105,3.03586486,3.54291935,4.07764074,4.51048158,4.13961997,2.81443556,4.16493154,3.82336370,3.71353253,3.76532515,4.19864896,4.51539480,3.63651516,3.07200546,3.77011788,4.14195607,4.01642262,3.81470245,3.11518177,3.83863042,3.64591580,3.31048817,3.88480285,3.96466965,4.46835170,3.12223106,3.19270407,3.72247914,3.92999138,3.33301060,3.36419366,3.03692339,2.83410841,3.74526927,3.79297851,4.20036427,3.92729604,4.72899884,3.68541280,3.27302653,3.60884250,4.23757514,4.10263680,4.12311579,3.75440572,2.81685291,3.52402011,3.72228789,3.97594921,4.01053568,4.43224846,3.17495434,3.14574912,3.59861433,4.11881814,4.14973694,3.83635627,3.09482331,3.91610956,3.60630331,3.47735822,3.93509272,4.03909572,4.54139594,3.11431651,3.14713004,3.77796484,4.03744634,4.29459123,4.02084370,3.12997440,4.04052099,3.71222725,4.10674947,4.09461515,4.02308942,4.48799111,3.61065454,3.07294648,3.73361219,4.00629912,3.95712905,3.82663555,3.17884633,4.04062767,3.78013366,3.67992103,3.79007064,4.03784567,4.50119808,3.44469833,3.19649779,3.51470783,4.10844406,3.75479987,3.95405516,3.36088654,2.89306736,3.87618886,3.80533585,4.02068959,4.36126389,4.35896903,3.32398154,3.06395245,3.40429385,3.82286578,3.49544262,3.76386244,3.01883494,3.43488043,3.46185419,3.82109469,4.01395712,3.97935320,4.50859520,3.54534292,3.00818807,3.49712389,4.00327947,4.12363316,4.16315715,2.59985564,3.75471473,2.88267814,3.48761516,3.46392887,3.51280422,3.86327249,3.11024679,3.20279989,3.51062439,3.82018720,3.60689574,3.63675749,3.29129431,3.40967583
3.61304039,3.86131048,4.04183209,4.30178404,4.35634840,4.66019305,2.93866835,3.66231774,4.11610489,3.90786613,3.68909660,3.20295271,0.00000000,3.48005493,3.64767403,3.51954600,3.40370964,3.40007864,3.56508813,3.44596412,3.29835023,3.29967763,3.29739156,3.21094330,3.26977618,3.16480194,3.28711627,3.51357645,3.68310361,3.95314874,4.25068751,4.05264518,3.51982047,3.98909573,3.93582989,3.84735529,3.67433955,3.52870195,3.33420188,3.48612025,3.79741649,3.88254478,4.14585342,4.38106459,4.64484040,3.24194880,4.00296891,4.24779332,4.00665934,4.12838717,3.83509672,3.32128845,3.37431651,3.43428806,3.41268533,3.48757736,3.50173588,3.69816860,3.45872269,3.45909868,3.31629195,3.27091563,3.29862808,3.33863131,3.28948015,3.34643428,3.31171703,3.30208469,3.37953655,3.48976531,3.65085760,3.33618618,3.55953689,3.35699479,3.33628029,3.44022462,3.35551007,3.24228755,3.65638881,3.86523536,4.03004702,4.29750842,4.21060544,4.26289303,3.29101070,3.93143885,4.13805525,3.80591864,3.35182569,3.33818171,3.27837468,3.81031533,4.09178773,4.06457709,4.45580641,4.51259794,4.29890027,3.15523512,4.15255747,4.46135384,4.25897412,4.14581528,3.82397147,2.91548634,3.59499623,3.99714607,3.95966871,4.17817158,4.14562219,4.28363540,3.29073315,4.40286760,4.36544636,4.25960294,4.17775801,4.10205393,3.26820289,3.49173934,3.84650576,3.98434200,4.35379531,4.31902306,4.26939404,3.31628124,4.27886431,4.40849170,4.57673610,4.15342846,3.88670815,3.38697443,3.73586120,4.02138107,4.19700012,4.28847397,4.19893018,4.34673212,3.06706815,3.95946483,4.15107963,4.39022124,3.90192232,4.07679809,3.23281223,3.47504469,3.83868167,4.11155956,4.28263530,4.26285542,4.37246004,3.38283900,4.25245689,4.40361775,4.26493486,3.86341102,3.87786216,3.26889139,3.45772060,3.84228049,3.94032609,4.27446741,4.34919016,4.27845148,3.22632064,4.19799817,4.52426308,4.81597036,4.44803519,4.38590259,3.58217079,3.64386313,3.94001712,3.91705564,4.21091242,4.17212176,4.52486947,3.44806358,4.18701379,4.46677005,4.29875069,4.04339865,3.93055480,3.75965455,3.32641069,3.63034879,3.90666787,4.22146728,4.15906924,4.30983365,3.31551813,4.21506868,4.13758862,3.82741463,3.49205007,3.44697599,3.32984262,3.61609226,4.11020124,4.24346375,4.24999119,4.42420662,4.54185584,3.42485087,4.42917390,4.22436942,4.61842451,4.12730014,4.15771880,3.23700467,3.51713128,4.03709291,4.19949523,4.45210984,4.10062079,4.31442140,3.16081078,4.20796955,4.44689079,4.45158084,3.84292212,4.17081421,3.61212718,3.44249848,4.00135885,3.95929154,4.40549281,4.44444098,4.27413942,3.23614601,4.31818734,4.43693285,4.38641293,4.21674957,4.21214709,3.41731298,3.58044661,4.07709733,4.12559499,4.16035481,4.22896327,4.55770306,3.32806151,4.02703425,4.20683996,3.99436645,3.99068486,3.76051039,3.45411899,3.56752161,4.07483621,4.03512491,4.23026878,4.16540108,4.38563384,3.12093740,3.90865652,4.16404936,4.37454568,3.88828686,3.86906618,3.31776580,3.85743801,3.96706769,4.21478310,4.39399914,4.15256977,4.49438620,3.45500776,4.00757755,4.11879737,3.89753751,4.03656831,3.87321156,3.58231673,3.35114737,4.10969766,4.04554310,4.18460846,4.02289513,4.43015326,3.15852773,3.83068262,4.12514807,4.00084883,4.03060049,3.90402507,2.95662977,3.34572941,3.69597809,3.34667316,3.81345949,3.70218068,3.98875078,3.52503376,3.98234029,4.17558129,3.91110726,3.79519607,4.03575001,3.65132750
3.12606881,3.33844299,3.78678276,3.55018744,3.52372808,2.92334746,1.75933972,2.98831374,3.45319158,3.43320296,3.43246374,3.10093099,3.48005493,0.00000000,1.05650592,1.03957453,1.02817984,1.12461432,0.92683827,1.09034184,1.49358318,1.33810066,1.43550203,1.43357466,1.41384656,1.40297694,1.53296389,1.93589613,2.52344099,2.71395898,2.85303961,2.32254341,2.00188715,2.46181835,2.64004247,2.22128773,2.15732780,1.78448569,1.44525175,3.09930753,3.32252619,3.49933480,3.32400133,3.38386338,2.90494738,1.79399153,3.12512498,3.26531131,3.22785765,3.29701675,2.86832487,2.65452782,1.88391725,1.92930079,1.89114689,2.01784523,2.08267682,1.99457905,1.86449180,1.68635241,1.55001361,1.40332465,1.45706865,1.42353668,1.48184194,1.59597579,1.72014615,1.91047704,1.70093357,1.91734673,1.86688972,1.73526897,1.97583097,1.79918158,1.48612299,1.79941998,1.58170799,1.36788141,2.62521581,2.79048904,3.55295829,3.33376944,3.29413130,2.67031979,2.09563152,2.94424627,3.23875827,2.74897621,1.96793520,1.73164901,1.46289945,3.35837001,4.02679950,3.73938694,3.68834828,3.58878772,2.46998790,1.93187764,3.09473090,3.40352239,3.57684033,3.28663379,3.19434738,3.43340409,2.41726792,2.53331276,2.99018396,3.13155221,3.12762442,2.58533810,2.15064028,3.17225130,3.22656074,3.08854063,3.14491994,3.09767536,1.57005074,2.83086604,2.89714740,3.55360576,3.33697417,3.37955675,2.43835344,2.06780167,3.02161303,3.28623000,3.36938084,3.20812592,2.62071868,1.33681261,2.78790669,3.02321118,3.39996975,3.05769524,3.19412447,2.53912590,1.62850312,2.82014269,3.01602551,3.15934860,3.06510185,3.37613341,1.60582703,2.50233642,2.82959460,3.40047478,3.36502071,3.26337215,2.63679762,2.03047519,3.00774476,3.34174153,3.13322072,2.94277926,2.60621208,1.45883110,2.45662996,2.50131142,3.21755120,3.14733403,3.16779983,2.38820198,1.58674505,2.89646851,3.29034007,3.55848357,3.17348054,3.28938834,3.48176907,3.05682036,3.53629647,3.50069414,3.61531112,3.29823887,2.93275264,1.98833222,3.15362353,3.32468838,3.39515491,3.15796468,3.04951201,2.80018630,2.46168759,2.90496488,3.43975806,3.11101403,3.26958544,2.53628062,1.90420634,2.92592991,3.06084332,2.70410288,2.25677769,1.70029388,1.37874299,2.92456520,2.96364719,3.57846742,3.16220600,3.38136283,2.81569041,2.07421680,3.11141018,3.29508364,3.35361821,3.20940830,2.89351908,1.62494859,2.43396881,3.11507406,3.46062000,3.25911757,2.96430559,2.40956106,1.81300059,3.09169996,3.40530911,3.30554646,2.74545576,3.19119913,3.14731253,2.78835911,3.06736057,3.40802302,3.28256794,3.29009864,2.33058529,1.89287721,2.96397314,3.02783203,3.13944267,2.91737518,3.18440798,3.15227201,2.87825332,3.78527971,3.85444432,3.29429363,3.23692532,2.72745758,1.87530583,3.29246015,3.15002766,2.99341773,3.06071330,2.83286078,2.96220516,2.76820915,2.93330597,3.37560643,3.30398038,3.25275053,2.57961755,2.00202964,2.86221375,3.22453252,3.34379230,3.15359255,2.70393952,1.61699268,3.12839518,3.29509200,3.47479101,3.52319868,3.40012759,2.89020303,2.15897005,3.05295758,3.10258997,3.12029177,3.39785676,3.20524667,2.74389907,2.19587142,3.34801431,3.46232217,3.10639472,3.23941199,2.88556789,1.95957510,3.10089722,3.30413611,3.41695558,3.42003308,3.31001873,3.31321546,1.52748821,2.68829364,2.81370810,2.72986583,2.65832132,2.64846919,2.12403368,3.07311410,3.02529255,2.64756008,2.49475593,2.65345624,2.13887553
3.40091265,3.26488584,3.71363328,3.55519896,3.45367276,2.73363870,1.89300994,2.63101572,3.50792769,3.55021559,3.51851159,3.10531804,3.64767403,1.05650592,0.00000000,1.17167357,1.19873968,1.25498332,1.10854522,1.12587824,1.47789633,1.32317571,1.43927230,1.47834988,1.46174102,1.43523155,1.55954247,1.91539134,2.47706923,2.65991388,2.87526555,2.26369532,1.95248138,2.26847513,2.64790868,2.18227118,2.11935079,1.78062317,1.44425664,3.34229616,3.23520650,3.44471788,3.32922563,3.24466460,2.65452346,1.83606358,2.84921660,3.29464815,3.29168010,3.29194049,2.86963561,2.81247566,2.04979380,1.86064974,1.99144061,2.09975682,2.16337677,1.94904285,1.81098215,1.60215442,1.59269611,1.35855307,1.38541325,1.40811293,1.42266799,1.57307124,1.72536840,1.92710340,1.79844388,1.98606779,1.91296620,1.75478704,1.84110023,1.81579039,1.50529111,1.72904344,1.55691858,1.37302071,2.82869482,2.53328464,3.43651131,3.30018925,3.27082737,2.59230456,2.10406182,2.72916809,3.21197408,2.73263609,1.87636625,1.66150729,1.46676720,3.39994115,3.78287414,3.49596877,3.57650667,3.45617678,2.30661772,2.03683037,2.74376906,3.32050586,3.55374191,3.22048030,3.17178690,3.51612911,2.68869049,2.32341690,2.90446068,3.12896724,3.09337715,2.51570663,2.13728723,2.90701366,3.19065272,3.07636333,3.04039374,2.99984108,1.58893724,3.06394438,2.64908658,3.38253283,3.31823202,3.30776259,2.38115599,2.07488350,2.82956415,3.30993195,3.35982512,3.24429110,2.49167919,1.35119368,3.03703518,2.90578202,3.31928207,3.05099874,3.19691358,2.46306282,1.82565034,2.55958840,3.01141493,3.24127220,3.07105853,3.43992556,1.59558135,2.76816696,2.53229432,3.23156502,3.26493508,3.11346103,2.53704574,1.96075047,2.78040726,3.25043805,3.05964617,2.98238314,2.47423438,1.47803021,2.63773604,2.37202448,3.10748288,3.13056397,3.26868846,2.32741319,1.71550579,2.56022977,3.24864832,3.60424745,3.24563152,3.12778447,3.54800512,3.26095978,3.25327220,3.28827528,3.56785087,3.22887855,2.72082300,1.98602782,2.89548094,3.32955282,3.43143351,3.13916791,3.03119465,2.71645681,2.77869694,2.67424628,3.30599753,3.13785653,3.24604547,2.42817643,1.94352479,2.71824257,3.11775708,2.79543806,2.26054066,1.69358716,1.39612032,3.12151630,2.79546788,3.47812200,3.16635395,3.39091054,2.72206556,2.09430526,2.73043134,3.30363367,3.27180624,3.09461510,2.90884612,1.53790828,2.63345479,2.77352837,3.33281504,3.17863649,2.93527168,2.30951901,1.85312236,2.72830397,3.29729341,3.23814910,2.78015922,3.01180179,3.05131312,3.07698254,2.77031114,3.30751383,3.33153236,3.22931114,2.24198315,1.82762844,2.64701496,3.04144327,3.09740303,2.97986115,3.02894399,3.20802745,3.06996467,3.66878699,3.72834499,3.32443100,3.21221979,2.64863984,1.99217282,3.05017246,3.18376220,3.12686258,2.99194293,2.87248476,2.98321737,2.94066416,2.61367188,3.21088055,3.27105125,3.25098403,2.40009770,2.02275726,2.71892137,3.19098963,3.20164164,3.13525115,2.63334551,1.53786483,3.20539011,3.07303972,3.32820466,3.52941782,3.34429415,2.70196950,2.14124659,2.71063388,3.06688580,3.14895519,3.28547289,3.06099723,2.70418494,2.25488771,3.20946784,3.38538849,3.17321827,3.14040582,2.72137509,2.07397703,2.79813957,3.31210980,3.50865883,3.32569782,3.29509252,3.40366886,1.51919733,2.62627694,2.81039576,2.67512748,2.69809839,2.53704280,2.08282302,2.81226746,3.02839675,2.68826577,2.54329590,2.53949099,2.21436226
3.31203131,3.41031435,3.67891037,3.61835205,3.43241273,2.83976276,1.89000837,2.76754189,3.25138705,3.52671612,3.39632241,3.01508815,3.51954600,1.03957453,1.17167357,0.00000000,1.12063020,1.17595869,0.92924734,1.10126972,1.42346485,1.35536699,1.37088052,1.40593707,1.44857030,1.39624711,1.49372460,1.71838657,2.27223748,2.55177697,2.71583708,2.11404155,1.91212353,2.28864614,2.47031801,2.36712289,2.25707287,1.79835679,1.42846183,3.14676428,3.30978089,3.27414947,3.35619974,3.31092897,2.71244265,1.82521089,2.94593375,3.11456798,3.39916588,3.30496403,2.91898061,2.73831538,1.95154690,1.80519440,1.71087338,1.94675470,1.88577152,1.70968485,1.69347380,1.55080546,1.49381167,1.39493704,1.40779791,1.35100379,1.43382927,1.60721433,1.69640235,1.88421638,1.66846575,1.90199219,1.69698183,1.66812983,1.86902610,1.67801987,1.43308678,1.66100998,1.45926578,1.30641658,2.67105039,2.72984036,3.12144922,3.22896669,3.14707365,2.47691348,2.01021657,2.74944735,2.98907368,2.65981172,1.83628520,1.58770210,1.41385784,3.24737385,3.88232004,3.40234427,3.63978382,3.43878994,2.40163893,2.03211737,2.95799257,3.29899675,3.71753053,3.30342947,3.32508224,3.50334038,2.42557344,2.38994871,2.74000888,3.06437934,2.93678166,2.31141754,1.96850336,2.93190862,3.03492077,3.13026780,3.05203950,2.98501345,1.46654466,2.90551729,2.82938713,3.21688726,3.32303306,3.20643967,2.34623422,2.02024353,2.79970245,3.07958342,3.40820970,3.05246981,2.51045932,1.31192189,2.99113428,3.06106364,3.09035731,3.00599351,3.06645317,2.36530583,1.51805608,2.54002543,2.77708891,3.25588640,3.00515280,3.38086428,1.55689321,2.64953610,2.76307079,3.08216788,3.21821390,3.02082158,2.42421604,1.95099942,2.71831184,3.03106228,3.10134594,2.86038054,2.50847471,1.44790877,2.53744342,2.54224108,2.85196562,3.09509800,3.05499237,2.27171269,1.64745088,2.64649976,3.01000463,3.64068312,3.19666014,3.26160133,3.56769469,3.23410632,3.55107757,3.31139431,3.66520299,3.22426793,2.86518321,2.09227881,3.04366392,3.25805068,3.47716976,3.13378300,3.04200046,2.79813669,2.66403827,2.90200455,3.09368352,3.16536797,3.15697793,2.36928823,1.90743737,2.70066039,2.80900737,2.64539287,2.07888022,1.55815681,1.29127303,2.95968563,2.94909338,3.27970585,3.06363627,3.25910558,2.66076800,1.85404469,2.82856636,3.06392717,3.34835637,3.01336963,2.82550711,1.50966165,2.56542491,3.05309455,3.05128878,3.12696087,2.83623778,2.25277806,1.72905262,2.70365155,3.07072598,3.33861846,2.72939100,3.03827770,2.97395448,2.96143300,2.99292044,3.11669576,3.24284781,3.14829004,2.27765885,1.85251214,2.71219434,2.82531555,3.14732932,2.86255152,3.18422365,3.15485291,2.94313399,3.62852881,3.60769728,3.27897343,3.07104761,2.63036144,1.94100276,3.09504554,2.94176220,3.15955262,2.92418764,2.81549548,2.97185786,2.79228087,2.92212920,3.00341546,3.21496029,3.05077909,2.42765312,1.97448269,2.69197622,2.94081912,3.31928164,3.05045137,2.52880790,1.53417772,3.14180165,3.23908718,3.30111171,3.53090665,3.23914697,2.71252446,2.17423834,2.77744020,2.86129353,3.14617587,3.18952388,3.01447573,2.72113732,2.18164493,3.20447443,3.24233418,3.07461266,3.08866383,2.74632520,2.01424267,2.89027082,3.04510054,3.47632901,3.36580613,3.23665404,3.26787420,1.47501784,2.62282520,2.73004872,2.65965304,2.55046589,2.39261311,1.99948566,2.79824713,2.72817078,2.64861761,2.41710612,2.52981987,2.16018256
3.05736852,3.31079569,3.77638163,3.34565420,3.59703967,2.86760524,1.74609745,2.93199301,3.42900782,3.28830839,3.56690275,2.85564539,3.40370964,1.02817984,1.19873968,1.12063020,0.00000000,1.27951964,0.99432791,1.11686102,1.38166499,1.33905359,1.37791318,1.43219858,1.43456102,1.39498402,1.54119963,1.90045033,2.43525848,2.51460081,2.93761945,2.24370962,2.10341179,2.48009140,2.59260889,2.34150250,2.33044888,1.78685290,1.41920414,3.04131465,3.26795196,3.40959371,3.08378582,3.37093086,2.83119169,1.73567054,3.07134389,3.18416887,3.19048079,3.43947059,2.85200097,2.64615511,1.87394427,1.84568971,1.84607703,1.80727087,2.02266851,1.80450789,1.82698087,1.55910717,1.50469832,1.42294345,1.44887248,1.36455742,1.46114808,1.54447900,1.66902620,1.96338328,1.72767035,1.98387892,1.80263327,1.68015391,1.95306642,1.69281246,1.44099977,1.75403671,1.46190800,1.36256792,2.61375619,2.62978957,3.46194815,2.98804143,3.25715570,2.58065614,2.05606151,2.80163220,3.13584917,2.49311775,1.90708844,1.60119271,1.45147496,3.17709069,3.80875554,3.65167596,3.43838724,3.51485318,2.43117573,1.78712266,3.14609321,3.39383593,3.37397267,3.33568091,3.18994139,3.32337438,2.46794612,2.58183178,2.98573347,2.84553400,3.08522694,2.47788023,2.00197363,3.01457152,3.08047286,2.90472014,3.08925536,2.89619604,1.46588998,2.79366264,2.87355374,3.45394652,3.04658329,3.35418576,2.40868649,1.99265201,2.98267437,3.13640557,3.29657064,3.23126046,2.51324228,1.35984635,2.78657547,2.97437885,3.32967998,2.68277408,3.23929704,2.43844250,1.78302438,2.80119826,3.00545181,3.13956276,3.23342842,3.30337018,1.49415528,2.37637581,2.58966021,3.24464844,2.88450774,3.07271806,2.45142233,1.86809020,2.87514917,3.14988342,2.87102544,2.82398455,2.43086699,1.45568547,2.46908994,2.59273862,3.17861859,2.93570750,3.32637875,2.38464743,1.70307459,2.88087402,3.23571843,3.55527425,3.43639008,3.21252608,3.47385651,3.06552665,3.43119657,3.53980904,3.46741706,3.32550959,2.82910993,2.09464439,3.22794853,3.25291818,3.25098370,3.34874082,3.03288509,2.86803648,2.60797860,2.97071735,3.47572562,2.90382558,3.29299629,2.48813911,1.95224962,2.92587476,2.96236726,2.41909620,2.12241053,1.59340281,1.28145335,2.74639056,2.90538957,3.50066778,2.82555409,3.41305481,2.76952292,2.10107955,2.99431002,3.20151930,3.26220823,3.20859714,2.75031817,1.54533822,2.43231937,3.03803587,3.37050326,2.91189852,3.00198906,2.38217958,1.96440402,2.94243949,3.32986651,3.18456260,2.86629177,3.08424817,3.09498064,2.85179239,3.08309774,3.35393429,3.01853887,3.32408817,2.29411353,1.81892396,2.91461251,2.97700631,3.10709707,3.15940305,3.16362758,3.21450897,2.75375721,3.56943153,3.76285001,3.08978856,3.19373487,2.74389944,1.85666876,3.24231278,3.19096216,2.99588083,3.16298918,2.79078863,2.90097027,2.63198796,2.87342664,3.31711177,2.90252971,3.18527143,2.48300420,1.91560407,2.90147565,3.20383605,3.08836536,3.09241435,2.54750506,1.55112589,2.96892092,3.22612335,3.49986352,3.30378506,3.23315079,2.72965368,2.08613752,2.90786574,2.96025304,2.97211206,3.32200790,3.00663494,2.66472255,2.19408871,3.23311389,3.44998021,2.98107358,3.24204508,2.73972220,1.89059152,3.05976231,3.25975735,3.29688787,3.56927208,3.17491734,3.27233770,1.44872292,2.58216113,2.75393320,2.71074491,2.74438596,2.49724827,2.17491839,2.99322286,3.08295488,2.61639686,2.72328217,2.62522026,2.22601339
3.09355035,3.17521921,3.60518882,3.53851459,3.25186658,2.70101589,1.81603577,2.89290911,3.32397072,3.50547194,3.18317897,3.14522416,3.40007864,1.12461432,1.25498332,1.17595869,1.27951964,0.00000000,1.03975804,1.26455055,1.42326345,1.36174204,1.39285675,1.32988049,1.39070465,1.39473719,1.46827822,1.89071226,2.51593978,2.66558364,2.58071177,2.25487979,1.94661549,2.37706344,2.48706736,2.24894375,2.21606562,1.92028072,1.41662608,3.07964993,3.15261343,3.22234985,3.28662447,3.13876551,2.74954040,1.83176148,2.91975215,3.19132710,3.39575983,3.19094040,3.11620214,2.67854864,1.93793528,1.86801336,1.94008644,2.06049772,1.73662409,1.89935272,1.71364780,1.59318488,1.57087706,1.30864694,1.35877737,1.38801435,1.39087339,1.49439473,1.67121007,1.82046040,1.60718086,1.61473446,1.79294010,1.62176620,1.75409793,1.64092950,1.38590687,1.53832108,1.50191882,1.41791250,2.64793276,2.86049957,3.34959597,3.34667120,2.95161250,2.57306785,1.95696025,2.80117694,3.11734496,2.66008657,1.77149904,1.67093171,1.52787028,3.31532131,3.83387864,3.47103552,3.65220754,3.27738034,2.25083194,1.96248917,3.00585708,3.20626344,3.58480388,2.95429189,3.20053556,3.40542031,2.42658177,2.47704870,2.92290539,3.15772811,2.78610727,2.45676049,2.00473182,3.05196650,3.12267656,3.14483662,2.94480402,3.19255775,1.54877795,2.71575832,2.80736354,3.27085806,3.31617853,3.04026731,2.46742151,1.97727600,2.82265099,3.08592483,3.31797783,2.98452205,2.65738422,1.37839766,2.83292392,3.02759426,3.23924019,3.15753112,2.99935646,2.48314997,1.59307249,2.76967194,2.90663623,3.29145372,2.94023383,3.48989567,1.58796466,2.40855748,2.64630887,3.16467390,3.26648562,2.79284710,2.50190483,1.80180500,2.90152494,3.04965959,3.07917193,2.61337954,2.62848048,1.44427463,2.52326572,2.57942467,3.09373143,3.28199098,3.00736232,2.32494223,1.56798534,2.88631888,3.20175684,3.65967774,3.09342402,3.43137732,3.49397938,3.13914004,3.43835988,3.44520472,3.71502298,3.05822455,2.84608171,2.13881336,3.11189381,3.28701470,3.46476536,3.04904638,3.25553449,2.92683480,2.45629376,2.77891910,3.28593100,3.17590413,2.91165739,2.46838780,1.91741423,2.83362880,2.87218589,2.66548647,1.99744077,1.59866269,1.33123700,2.85480953,2.98954586,3.36214982,3.18928766,3.10694146,2.73985735,1.94077375,2.87727274,3.00568306,3.27872676,2.88259072,2.88075740,1.64006676,2.39618395,2.91665992,3.25083491,3.23513436,2.67780510,2.32724549,1.76014189,2.90681724,3.25834380,3.35431169,2.66963764,3.31242753,3.06435208,2.70581982,2.90177938,3.23045580,3.37201786,2.98189293,2.31979335,1.71900557,2.82800695,2.96935564,3.13323982,2.80256477,3.33297853,3.06884254,2.77191276,3.55528844,3.55574636,3.30734471,2.96517557,2.55655411,1.99135778,3.16358555,3.00091358,3.16756481,2.80990188,2.90796545,2.94049109,2.66000087,2.87615151,3.21325325,3.30880535,2.92336532,2.46948995,1.86068040,2.82867258,2.97235640,3.20602223,2.98823797,2.79859091,1.50798171,2.98480421,3.06480450,3.25419687,3.44170503,2.99221597,2.56695659,2.04585048,2.79907999,2.77192438,3.03369536,2.98832560,3.11412038,2.64575255,2.20627503,3.13641367,3.27250749,3.20074194,2.96994001,2.72794779,1.88932185,2.94982473,3.18299742,3.44628366,3.14704404,3.30059016,3.19087150,1.49057859,2.48862389,2.67450621,2.66349218,2.42525112,2.44527290,2.08911061,2.98965256,2.89004388,2.82367523,2.41131488,2.82594807,2.28545081
3.07029352,3.11354732,3.66407125,3.36643335,3.34652980,2.59729848,1.63414669,2.67497683,3.31441315,3.34841070,3.40554551,2.88522194,3.56508813,0.92683827,1.10854522,0.92924734,0.99432791,1.03975804,0.00000000,0.80619561,1.21362250,1.12586095,1.10640926,1.20955994,1.16576332,1.18797931,1.37427361,1.77417654,2.41364680,2.51326024,2.80680745,2.02014880,1.91697972,2.20544798,2.45666802,2.19415672,2.12317775,1.54100286,1.13553800,3.00963546,3.04856468,3.31027947,3.14846091,3.20903458,2.56281680,1.55221322,2.79271076,3.07412047,3.19396537,3.22975013,2.75461872,2.64058345,1.89258074,1.78949872,1.81912893,1.90968767,2.03326081,1.73757252,1.65669182,1.39343642,1.22260383,1.15160486,1.21202599,1.12127863,1.22268451,1.35257814,1.50638494,1.63956775,1.45372711,1.71563478,1.47996646,1.41979366,1.61963584,1.47304421,1.23624367,1.48557134,1.18404207,1.10750662,2.70045000,2.65590547,3.36532387,3.19246916,3.21636894,2.31500324,1.85254683,2.67950399,3.01244631,2.45390851,1.64635596,1.36301826,1.18659242,3.25662570,3.76015883,3.44799881,3.48828468,3.42234118,2.18493742,1.83645142,2.90588366,3.29074389,3.48946516,3.18115454,3.12778853,3.53029384,2.43658687,2.40966761,2.91398594,2.95309198,3.00566973,2.21787951,1.90597700,2.81761798,2.95368393,2.95429586,2.91552121,2.77517471,1.24217238,2.83917662,2.75200576,3.34792650,3.19282841,3.24011317,2.19720811,1.94113594,2.73355805,3.09330298,3.31257177,3.06120718,2.31532246,1.10107274,2.84219282,2.89470059,3.23951496,2.88372494,3.17389663,2.30702812,1.61565337,2.69059996,2.97380351,3.16991086,3.05188188,3.27715323,1.31218057,2.59445906,2.70371482,3.30835768,3.22193888,3.05474872,2.24831685,1.78009148,2.71756646,3.12539129,2.96033064,2.72017348,2.27751871,1.15465866,2.47729315,2.38275285,3.03112807,2.97763155,3.14127347,2.05578806,1.51413405,2.70540028,3.13803355,3.44996990,3.18629684,3.13803119,3.56061789,3.11084219,3.41961483,3.39129364,3.53378382,3.16065823,2.67008067,1.84311580,2.96621482,3.21510494,3.23033966,3.07269108,2.88123607,2.70451154,2.58644429,2.77953543,3.26935328,2.98151098,3.19505167,2.23366584,1.81383503,2.65962470,2.84490601,2.45351471,2.05022283,1.46897888,1.07500477,2.91005563,2.88615945,3.51949220,2.98673662,3.27024416,2.52458068,1.87284410,2.82352149,3.07054305,3.17757559,3.03848514,2.68299242,1.34740196,2.46729104,2.91343740,3.27304458,3.03910660,2.89922203,2.02768688,1.69392483,2.82385194,3.21600609,3.24931808,2.75261063,2.98538570,3.05318573,2.83113401,2.92494270,3.33887856,3.17578448,3.13582811,2.04938829,1.69882381,2.74057736,2.88747855,3.04656664,2.96628179,3.11404334,3.25769867,2.77273944,3.53188587,3.63056980,3.08573621,3.05827969,2.41484283,1.80652864,3.07270010,2.92031425,2.94388159,2.96866521,2.71612251,2.99782050,2.70167087,2.74805807,3.17202950,3.09278517,3.09279674,2.25424775,1.88212283,2.59318182,2.92686828,3.05428736,2.94253676,2.40940867,1.32519435,2.86769667,2.96686501,3.22267479,3.32061763,3.17484780,2.47509229,1.83924199,2.67541878,2.76806903,2.94348716,3.13811889,2.93056324,2.55948001,2.20483094,3.08695507,3.29586818,3.00512302,3.15982249,2.62531673,1.88915002,2.89647020,3.13700570,3.32407077,3.38198865,3.05557951,3.25606755,1.22263004,2.45077162,2.69582665,2.47789563,2.62641225,2.29539299,1.99548303,2.76782050,2.76877166,2.51721157,2.47878626,2.51479243,2.04091018
3.15583560,3.14256234,3.65583659,3.26623756,3.32535272,2.74651842,1.70135090,2.58212583,3.22761527,3.18086482,3.40330998,2.93409704,3.44596412,1.09034184,1.12587824,1.10126972,1.11686102,1.26455055,0.80619561,0.00000000,1.18532238,1.15879268,1.18937231,1.26422051,1.20119717,1.20178399,1.45035202,1.79185864,2.32271468,2.44756340,2.79833805,2.00293689,1.79403921,2.13039758,2.35607037,2.09689093,2.08424904,1.51253557,1.20032516,3.03559690,3.13045403,3.32318552,3.08820523,3.20683983,2.66179251,1.72919742,2.88729420,3.03574290,3.09994023,3.27780627,2.81517007,2.66227871,1.93194752,1.82283637,1.84917716,1.90469931,2.10229884,1.72649733,1.55935835,1.41112321,1.21600389,1.17106367,1.21489448,1.12055102,1.25083373,1.40668051,1.56127342,1.63277988,1.47075580,1.83606503,1.62027688,1.41374125,1.70943874,1.44565595,1.28160527,1.49699992,1.25832930,1.15115618,2.72045402,2.64381326,3.34339569,3.09036780,3.22738154,2.45391637,1.83893834,2.68093785,2.96697895,2.40880645,1.63623773,1.42114513,1.23563399,3.28899225,3.86978524,3.55684257,3.47382428,3.41003961,2.31547918,1.93630055,2.95979615,3.26231721,3.40311323,3.22055427,3.26132056,3.48788023,2.58216096,2.55327948,2.98825272,3.03741070,3.16718966,2.50519876,2.02215427,2.94463862,3.03622757,3.12738932,3.14862383,2.96657247,1.31674212,2.96140449,2.80572509,3.31703139,3.15590421,3.28288254,2.29237312,1.99041779,2.74933953,3.08740442,3.29084175,3.12027819,2.30698232,1.16795518,2.88246210,2.99335582,3.32701875,2.86537646,3.24757872,2.43788100,1.60772834,2.60088548,2.81591659,3.13752215,3.00301888,3.24388462,1.33530377,2.70286441,2.79828560,3.32042263,3.18004055,3.06980208,2.43810293,1.79487316,2.73231319,3.08250297,2.91604988,2.86179354,2.40546226,1.21938243,2.51173992,2.47914593,3.03876011,2.90822252,3.19861366,2.26357163,1.60494913,2.67020474,3.04270986,3.40049882,3.34920187,3.28748237,3.54845566,3.09989313,3.40934314,3.32668141,3.38990832,3.19518889,2.78304631,1.99311348,2.99079494,3.19912689,3.28138763,3.18204254,2.99626593,2.68833928,2.66898730,2.86648010,3.24565544,2.92282386,3.17266370,2.31001596,1.81589032,2.60797645,2.80052255,2.45201488,2.09941976,1.47292865,1.07629969,3.02065767,2.97804788,3.57173394,2.97100425,3.34677806,2.63808426,1.86242805,2.81364798,3.08904486,3.24677051,3.12070667,2.79987556,1.28327184,2.59667611,3.03191643,3.32138692,3.02937941,2.93173215,2.23006201,1.72548994,2.75608253,3.09216098,3.11612671,2.79553433,3.01163322,3.00353490,3.00410801,3.05845965,3.42678487,3.23708173,3.26117147,2.29123648,1.70986206,2.73079101,2.89543452,3.02127635,3.08725711,3.17169856,3.21837969,2.86736646,3.65221688,3.70367807,3.09542978,3.08267470,2.61644502,1.88410030,3.01055346,2.92005007,2.94942030,3.05280447,2.81844948,2.93470246,2.84000051,2.87833448,3.27337580,3.10142026,3.18046425,2.38237056,1.93042889,2.61807612,2.94276266,3.12339108,3.01134142,2.42280445,1.31899730,3.01267837,3.12414267,3.35503506,3.33354423,3.20587520,2.66563262,1.95395334,2.67940829,2.73155675,2.96363164,3.21343272,2.93837599,2.54603719,2.09697368,3.10815404,3.30655248,2.93892850,3.06081679,2.74062097,1.92006972,2.87394347,3.08710171,3.28374560,3.45083268,3.24552055,3.28481179,1.27313662,2.45148096,2.67831290,2.42725360,2.56509086,2.40364671,1.98219860,2.76031243,2.76177455,2.42729126,2.46819437,2.47294487,2.08696056
2.77933206,2.83031122,3.36749123,2.96706407,2.99929089,2.44562901,1.34370721,2.31942489,3.02326446,3.11529799,3.18783518,2.87597054,3.29835023,1.49358318,1.47789633,1.42346485,1.38166499,1.42326345,1.21362250,1.18532238,0.00000000,0.71127928,0.72352759,0.67338565,0.79153867,0.74320167,1.02501434,1.80048465,2.32606008,2.22404343,2.68519522,1.96728839,1.69905937,2.05071621,2.29396315,1.95494200,1.88307535,1.38826639,0.76649153,2.78787033,2.88787390,3.11924992,2.84521767,2.96376333,2.44558599,1.38875915,2.58438313,2.84770803,2.94083692,3.01864202,2.75095508,2.55908301,1.62494050,1.57370262,1.65159224,1.51983454,1.73780960,1.37120136,1.19315223,0.96693914,0.89258341,0.72558184,0.70787189,0.70412850,0.78345960,1.08979210,1.14185637,1.13277272,1.09011559,1.49656329,1.33773893,1.10962198,1.19871920,1.07126532,0.86852281,1.08837309,0.70088488,0.75184326,2.63049437,2.72052358,3.21608654,2.97704894,2.94238032,2.24200823,1.78568922,2.37036731,2.77216036,2.14154146,1.10744398,0.93518383,0.73945190,3.01150342,3.42986119,3.15053904,3.23187781,3.06532175,1.97434734,1.54441652,2.66375285,2.97366929,3.22142269,2.96451717,2.95372772,3.24079369,2.51316475,2.38710808,2.81529582,2.79286649,2.81402408,2.06620755,1.54458517,2.50819004,2.82880940,2.69433938,2.86953043,2.69292227,0.82526857,2.79067197,2.56418429,3.21678712,3.01523224,2.93461610,2.11808179,1.71177322,2.54062686,2.88784419,3.14572490,2.93423392,2.23431842,0.80122003,2.85553861,2.88987938,3.29006438,2.82441370,2.94773804,2.15569643,1.40066793,2.34498727,2.67822602,2.78831761,2.87857824,3.06678921,0.79818271,2.63029799,2.61826055,3.16578873,2.97149060,2.77485747,2.13008338,1.58686522,2.38248966,2.83840064,2.61616395,2.60122553,2.08116361,0.75237252,2.53630407,2.53175879,2.94512745,2.90155645,2.98689926,2.01994799,1.31376056,2.46073051,2.91968271,3.34351773,3.16195781,3.21238023,3.39415227,2.81360614,2.98230600,3.06855231,3.20452152,2.87686378,2.43986318,1.63187084,2.70384175,2.98840733,3.01989595,2.92573102,2.79787843,2.55188199,2.65688143,2.75430836,3.15095754,2.86967418,2.87534427,2.12373494,1.64275191,2.29575484,2.49836561,2.15031426,1.79911779,1.08800738,0.67877036,2.87759348,2.91929545,3.33808998,2.93519704,3.06980890,2.34948643,1.66335910,2.50931521,2.79933940,2.95397318,2.76653621,2.52030553,0.76833448,2.48422782,2.91935740,3.23206564,2.96407500,2.76809810,2.05446675,1.57257800,2.53540431,2.92552293,2.87469382,2.52192908,2.92784365,2.75596983,2.83664429,2.92570646,3.22399925,3.14330616,3.02921069,2.06394203,1.44792894,2.53178309,2.75130788,2.87216952,2.86070697,3.11750569,3.12142399,2.53588532,3.07684217,3.27811025,2.86939163,2.76868723,2.24127171,1.59912477,2.72779839,2.70153804,2.79818246,2.76884884,2.74154254,2.79297281,2.58180653,2.65793062,3.14015881,2.89306444,2.83846246,2.06157773,1.54745675,2.30113368,2.73105424,2.85215773,2.87022342,2.22658556,0.72311490,2.64202201,2.63528929,2.98042334,2.97559177,2.65452569,2.20370407,1.51726194,2.27827995,2.43220864,2.54758385,2.80448582,2.66961650,2.21801191,1.78135843,2.70412469,3.01910568,2.64485192,2.76603872,2.32447957,1.48209004,2.42782190,2.92205417,3.02845378,3.19648841,3.13891258,3.10526369,0.70767554,1.88454248,2.36655879,2.15169620,2.43177768,1.98020701,1.74886142,2.49328814,2.67584436,2.39520383,2.29039700,2.34473842,1.93156238
2.75295604,2.84567079,3.36603436,2.96379499,3.03970832,2.48174238,1.30316281,2.36506061,3.08674309,3.14032539,3.24518822,2.92834199,3.29967763,1.33810066,1.32317571,1.35536699,1.33905359,1.36174204,1.12586095,1.15879268,0.71127928,0.00000000,0.76171878,0.68431442,0.77569654,0.65841229,0.97469899,1.77388303,2.26076902,2.31281726,2.67030433,2.04103827,1.69760712,2.02280058,2.27752810,1.87773834,1.77219836,1.22382196,0.68768226,2.74878487,2.92824828,3.19515480,2.82781267,2.97386446,2.42180744,1.31787033,2.55724059,2.80756466,2.88365653,3.01595224,2.72006659,2.46988977,1.52373820,1.42530327,1.56548846,1.56460738,1.70602226,1.42446936,1.18958495,0.84534516,0.84941534,0.63630591,0.65222777,0.63335099,0.68255972,1.04315523,1.13459237,1.08133620,1.11877837,1.57833094,1.34395400,1.14045915,1.28612128,1.02464500,0.76824672,1.06656549,0.77027566,0.63333377,2.53190750,2.53493851,3.22677715,2.95190131,2.92032687,2.25829068,1.61053034,2.30278817,2.73139471,2.22340302,1.15607288,0.95732925,0.71951182,2.93438980,3.38306901,3.11340595,3.16635296,3.10519337,1.99760105,1.43512057,2.60689236,3.01239980,3.23672198,3.04644390,3.05065288,3.21954923,2.35315905,2.26320273,2.71801150,2.75630967,2.80288433,2.15283192,1.49036052,2.49008069,2.80769400,2.66874021,2.82627603,2.66783976,0.71654877,2.74697439,2.60669493,3.29322790,3.04877411,3.00147030,2.16799703,1.68162990,2.59297780,2.95337324,3.17421785,2.94557225,2.24322472,0.64001020,2.78260099,2.86670324,3.19367803,2.75823357,2.90649732,2.18662649,1.32137451,2.43356640,2.71149317,2.81749490,2.79705868,3.02778973,0.72266089,2.60366772,2.61231214,3.17983528,3.04907039,2.82505575,2.23887647,1.54472969,2.43362865,2.87956785,2.62511835,2.62330532,2.11915927,0.66767029,2.43330025,2.48516024,3.00714495,2.86447490,2.94774926,2.02872030,1.23823943,2.46433134,2.96601359,3.32890920,3.13991653,3.12393286,3.24437470,2.88178754,3.06389758,3.12183299,3.22393494,2.89805165,2.43463739,1.61877179,2.76002404,3.04598513,3.06481984,2.95560292,2.84944745,2.51145206,2.51190219,2.70101860,3.14369919,2.80228668,2.89558587,2.15874394,1.53699213,2.36500969,2.57726076,2.24932740,1.83441999,1.05372647,0.65492839,2.77064360,2.80331864,3.38137116,2.85115646,3.03353919,2.40238437,1.58241422,2.57940188,2.81819910,2.95459291,2.78205550,2.57559918,0.72548401,2.38282484,2.92418309,3.28366250,2.96010689,2.75299175,2.05798878,1.43788437,2.52524043,2.92934096,2.87927806,2.44799182,2.84563421,2.65639572,2.62047104,2.77479802,3.17835932,3.05241583,2.96028771,2.03083235,1.35958098,2.52639874,2.70442098,2.86377735,2.82148650,3.01227393,2.94962546,2.55665807,3.13288051,3.31489190,2.79223382,2.79443416,2.31165059,1.55980466,2.78959860,2.74553556,2.67526951,2.75285224,2.74186846,2.70265451,2.55828878,2.56727055,3.16442888,2.89877763,2.89494464,2.13929795,1.56197949,2.32524696,2.72780139,2.82925307,2.71636378,2.14087769,0.68841957,2.55030334,2.65422539,2.92367026,2.97517222,2.78688692,2.29353304,1.53726506,2.28309308,2.49647960,2.63486399,2.86609849,2.73893323,2.15208991,1.68196005,2.72000180,3.05410398,2.61308785,2.76268289,2.40987644,1.55452963,2.53815311,2.98064994,3.05615223,3.23207535,3.15501600,3.01895376,0.64737066,1.99791039,2.36680022,2.19019896,2.34869450,1.98091118,1.58828289,2.41190323,2.60924695,2.24653734,2.16212057,2.25462855,1.76260533
2.77751734,2.85953070,3.44729792,2.99198858,3.08903318,2.42705110,1.17481407,2.46432106,3.11924142,3.16236290,3.24502888,2.83975456,3.29739156,1.43550203,1.43927230,1.37088052,1.37791318,1.39285675,1.10640926,1.18937231,0.72352759,0.76171878,0.00000000,0.74644881,0.77209663,0.78523656,1.07691584,1.81722951,2.12343401,2.17151864,2.71448794,1.91565371,1.68582928,1.97271626,2.21758845,1.93522036,1.89927135,1.25613359,0.69006487,2.76641391,2.90411655,3.17693962,2.89226490,3.08709388,2.44951206,1.21322794,2.62225281,2.89596130,2.92812123,3.10117243,2.69801929,2.43934866,1.52349025,1.56329611,1.62693883,1.61731152,1.82239676,1.40181429,1.27556463,0.92526662,0.72628978,0.72181688,0.75644509,0.72468605,0.71685555,1.03280702,1.04798911,1.17255789,1.07714685,1.49423315,1.26493110,1.20802090,1.32245846,1.12077441,0.83439087,1.04933821,0.73718148,0.73526255,2.52341115,2.57970768,3.24858580,3.00911700,3.00033634,2.20995859,1.70571669,2.54514447,2.79281976,2.20181784,1.19731973,0.93722205,0.71005680,2.87554819,3.42170212,3.17563634,3.24009555,3.26242202,2.09000818,1.50443545,2.70572599,3.09246895,3.27829348,3.06147443,2.98458064,3.30615242,2.47849358,2.44467072,2.87739562,2.84919952,2.95471522,2.22132269,1.70702519,2.68310867,2.97475489,2.78729620,2.89806059,2.76014668,0.70276216,2.65871473,2.61827180,3.21790591,3.06328691,3.09991008,2.17759169,1.78924814,2.69400760,2.99481304,3.21522530,2.90795208,2.06404519,0.69207400,2.84416174,2.89967138,3.31474262,2.85638806,3.05428780,2.20322084,1.37695394,2.46906318,2.81799101,2.89160558,2.89681091,2.99138810,0.75384850,2.59091099,2.64788363,3.29593710,3.06842214,2.89185390,2.15302704,1.56346522,2.50146787,2.94104026,2.64672527,2.54712649,2.13621013,0.68527547,2.41976030,2.40205907,2.91947272,2.95695549,3.13206907,2.04590906,1.20724366,2.53843756,3.02420873,3.36387440,3.13403443,3.08358115,3.32911354,2.88352074,3.03615790,3.19694063,3.27369133,2.94289596,2.48818352,1.49315674,2.71956952,3.02026934,2.97929260,2.84624466,2.68440226,2.40157115,2.43240856,2.68274924,3.20224366,2.91774024,3.01873995,2.04977819,1.54407257,2.44839685,2.58218736,2.07686848,1.77941722,1.01354504,0.71613738,2.76335170,2.87526542,3.34774250,2.94163016,3.19204525,2.38279901,1.59725102,2.56778417,2.81492313,2.98734214,2.80699828,2.55845904,0.82890558,2.40102085,2.86564455,3.27267792,3.01128008,2.83815980,2.04772187,1.54543008,2.61923436,2.99948361,2.98916193,2.49674564,2.81222729,2.76568175,2.66381227,2.88737275,3.22651382,3.16083636,3.15813277,2.06451672,1.38542002,2.65155032,2.80321875,2.91739959,2.85634129,3.07506843,3.17695813,2.42082301,3.06879203,3.34058109,2.88011112,2.90554984,2.28859685,1.46556806,2.89574940,2.80248085,2.80959328,2.76240727,2.53375073,2.68619483,2.50901717,2.63257047,3.14452479,2.94132734,2.99686591,2.17154739,1.61480929,2.34889689,2.79451900,2.81821895,2.82517956,2.13330069,0.72910431,2.52844123,2.58288394,2.94262202,3.01998179,2.80494667,2.22868034,1.40666467,2.34687621,2.50337920,2.56938730,2.86154082,2.63718960,2.19143474,1.74138037,2.71525007,3.04488101,2.72814090,2.87879786,2.39741374,1.34639792,2.57075367,2.98344452,3.03591716,3.12789859,2.98875313,2.98089497,0.72618047,1.94278282,2.27864112,2.11501688,2.43430006,1.97174481,1.74868159,2.51269199,2.65445080,2.39647107,2.29347680,2.24881657,1.80775020
2.73256040,2.84990749,3.38209546,3.03920391,3.05794413,2.43050926,1.23904316,2.38244952,3.08057735,3.17007075,3.14844314,2.87514311,3.21094330,1.43357466,1.47834988,1.40593707,1.43219858,1.32988049,1.20955994,1.26422051,0.67338565,0.68431442,0.74644881,0.00000000,0.72961751,0.67200886,0.93170309,1.75891577,2.29154631,2.33063563,2.71136533,2.09612068,1.76189238,2.05842945,2.30052852,2.01008764,1.92565000,1.38347197,0.75032074,2.78024394,2.90804337,3.12462086,2.86795727,3.01527690,2.43302713,1.40970748,2.57441369,2.87531205,2.95406873,3.02879337,2.76486581,2.49475827,1.58526859,1.59829663,1.69651633,1.56568403,1.68773068,1.51652064,1.30213738,0.86204342,0.83765687,0.62813439,0.64872266,0.70448371,0.66256881,1.06848720,1.06652020,1.02057257,0.91821197,1.43456087,1.22688401,1.05335766,1.20742170,1.06016340,0.82842311,1.06454568,0.75935339,0.74195159,2.51561516,2.58863615,3.18079611,2.94027264,2.92056419,2.22037407,1.66922960,2.34939632,2.75891506,2.15981094,1.11287115,0.96877296,0.63670025,2.96853438,3.34974487,3.07428991,3.17816465,3.16745917,2.02175015,1.41719918,2.64115271,3.04186697,3.23895857,3.02357329,3.01054270,3.27669127,2.35570279,2.34725818,2.81300424,2.78394524,2.80364946,2.07847908,1.55213706,2.56093980,2.89746670,2.78273338,2.83801897,2.67402584,0.75158030,2.61847238,2.54660393,3.23048705,2.97724852,2.96388667,2.19571699,1.67519943,2.59071257,2.93012101,3.14279373,2.93769212,2.20989973,0.70182910,2.76080624,2.91793500,3.29135427,2.87406979,2.94971749,2.19737545,1.29143099,2.45987117,2.74875574,2.84684526,2.79202520,3.00544671,0.74989568,2.53489487,2.60196815,3.17332743,3.01976991,2.84205655,2.26082383,1.57625551,2.48169671,2.93711686,2.67605543,2.57505751,2.21200010,0.68721877,2.38531576,2.45345779,2.97215434,2.93158564,2.95328450,2.08296959,1.25440356,2.51725173,3.01774420,3.39591482,3.16982612,3.19122667,3.31634264,2.93256171,3.11791757,3.14324311,3.31135580,2.97329948,2.49472111,1.63127449,2.78053047,3.04761438,3.08117190,2.86862652,2.73876177,2.47627711,2.48595517,2.69285723,3.19186694,2.87523150,2.89683042,2.17250387,1.56350071,2.37227475,2.52649596,2.15631811,1.70532830,1.08538522,0.63711829,2.75957243,2.86433723,3.36867879,2.94646812,3.07265894,2.43367156,1.64995978,2.62474953,2.86130158,3.00747770,2.80416205,2.59980313,0.75745549,2.34071081,2.86701889,3.29436355,3.02686979,2.77213430,2.10992178,1.40916346,2.57681518,2.95407387,2.90603269,2.48040191,2.88728799,2.64048303,2.66457626,2.83001059,3.25461171,3.08126427,3.00710429,2.02429516,1.32930724,2.55108866,2.77163245,2.83791003,2.77738719,3.05221362,2.95735121,2.49899751,3.04828868,3.17529648,2.84155120,2.78662824,2.21378385,1.44299820,2.73464023,2.70058489,2.69163932,2.67623342,2.66149428,2.66256073,2.42738555,2.56349071,3.10645691,2.90361856,2.87582659,2.10492240,1.44423574,2.29999298,2.73471386,2.88314748,2.81048692,2.29542062,0.63930178,2.56074417,2.58634322,2.87247426,2.95595084,2.73773927,2.24205885,1.52622897,2.31151305,2.46914166,2.51673710,2.73505022,2.60958798,2.12616021,1.72142661,2.76403808,3.02157735,2.65991139,2.76037931,2.30985536,1.41756518,2.45484644,2.91624534,3.01792846,3.07788935,2.99893110,2.93409796,0.73391856,1.86146816,2.24841238,2.12163343,2.33851182,1.88311181,1.56930983,2.43141226,2.57771931,2.33655999,2.17227534,2.26606403,1.74663438
2.68999057,2.82725690,3.47583389,3.02951455,3.07661839,2.57799735,1.23977369,2.48544681,3.09977539,3.16603495,3.24808833,2.94481274,3.26977618,1.41384656,1.46174102,1.44857030,1.43456102,1.39070465,1.16576332,1.20119717,0.79153867,0.77569654,0.77209663,0.72961751,0.00000000,0.73001863,1.05639855,1.74529488,2.23217185,2.26250456,2.75398827,2.06968766,1.76024657,2.12879588,2.38159984,1.98133199,1.98910724,1.36482925,0.75010574,2.72055481,2.86496626,3.21439296,2.93800735,3.06966056,2.55758122,1.36552991,2.72839067,2.93727210,2.91737310,3.04596948,2.68930246,2.40876329,1.58380753,1.65046707,1.65676989,1.55727332,1.84145725,1.53144234,1.25729504,0.96382293,0.97192797,0.74621581,0.71211612,0.72588570,0.75664681,1.10174645,1.21945359,1.17534434,1.10642246,1.52659188,1.48816458,1.17146092,1.23304979,1.13214169,0.78815569,1.20953278,0.77535701,0.78063182,2.51863189,2.61726119,3.24577979,2.98581507,2.91463589,2.19068968,1.56319149,2.37831041,2.71366700,2.08823385,1.09902284,0.95479673,0.66171899,2.87356348,3.34864382,3.11360455,3.17564094,3.19091993,2.12532039,1.36106236,2.70303413,3.04529775,3.19722544,3.00341613,2.99508441,3.24111634,2.29995045,2.36305124,2.81070566,2.80590759,2.85707446,2.21656506,1.64934981,2.70257177,2.94582974,2.84379298,2.89343609,2.78206466,0.78649472,2.58316502,2.51786410,3.22256618,2.97474746,2.97096585,2.15354439,1.59452465,2.61633776,3.03949825,3.22482981,2.90754595,2.25650532,0.72453452,2.75406182,2.90219387,3.30589122,2.79936358,2.99452636,2.30225717,1.37696249,2.58748289,2.79886805,2.87429454,2.88236019,3.17477730,0.86444983,2.57072325,2.74742496,3.27832223,3.05476035,2.83733871,2.13637376,1.36808323,2.48761423,2.93672999,2.62918916,2.45849474,2.10978465,0.65749488,2.29528520,2.37998391,2.96203355,2.91652969,3.03866377,2.06669798,1.17805396,2.61670851,3.09217335,3.37347823,3.16094870,3.14430212,3.35319265,2.89272618,3.12832774,3.18897181,3.34703839,3.03441867,2.62784327,1.55183995,2.73720568,3.04565374,3.07557327,2.95346043,2.70575767,2.37578004,2.46211367,2.69732029,3.17575725,2.83386039,2.91965181,2.21043534,1.49997389,2.43419106,2.59553258,2.12484943,1.73804146,1.12494721,0.73482386,2.72121232,2.86924072,3.41738976,2.98356423,3.13127313,2.49618340,1.68488141,2.74986922,2.92994279,3.10315802,2.93417012,2.69846917,0.80022271,2.43332834,2.97198334,3.38452382,3.04953744,2.82000663,2.11739010,1.46575389,2.70189963,2.98803858,2.92652702,2.47491799,2.90032209,2.82237656,2.69834823,2.89321515,3.28722800,3.08207572,3.03392158,2.07245444,1.39789819,2.71927593,2.80883877,2.87423517,2.87249560,3.11441101,3.07788481,2.48152591,3.10734656,3.32784292,2.85878986,2.86701076,2.41509846,1.58855558,2.90287713,2.80032407,2.76354609,2.81558224,2.61948248,2.62159162,2.45104377,2.66796321,3.18309647,2.99931582,2.94812664,2.25153558,1.53054834,2.43442611,2.85574718,2.90992035,2.82973502,2.27193921,0.81819256,2.56616138,2.69985797,3.01724682,3.03548426,2.84815797,2.42651175,1.56033695,2.49324445,2.60641725,2.71153319,2.96787994,2.76343392,2.26394585,1.71015755,2.77324946,3.09626330,2.74180753,2.79998687,2.49754437,1.48134869,2.55481571,2.98008189,3.01332571,3.11446209,2.97675728,2.89776634,0.69097532,1.93374045,2.31139811,2.16532735,2.38312766,2.08009504,1.66707657,2.50637381,2.63393575,2.37288775,2.29488774,2.30396535,1.87421253
2.67818456,2.79498170,3.45727045,2.94563469,3.04995657,2.49234592,1.27335895,2.44388384,3.06968855,3.03421714,3.14493101,2.86334426,3.16480194,1.40297694,1.43523155,1.39624711,1.39498402,1.39473719,1.18797931,1.20178399,0.74320167,0.65841229,0.78523656,0.67200886,0.73001863,0.00000000,0.94069024,1.66670883,2.21105021,2.23333222,2.71833129,2.10108555,1.67547042,2.01566146,2.29930060,2.01068330,1.91178273,1.38533867,0.68622480,2.72132221,2.84258911,3.21858594,2.87826472,2.98972778,2.49426112,1.40059957,2.68492377,2.90099534,2.90647057,3.06827233,2.79073061,2.56011516,1.55646162,1.53011962,1.60786667,1.49440471,1.62348968,1.47387630,1.22352892,0.95384077,0.91975966,0.75711493,0.69519767,0.63351775,0.76091534,1.08030265,1.13551579,1.07093646,1.07155237,1.49644758,1.36101824,1.09061563,1.27812662,1.07414549,0.82205371,1.10153932,0.68480312,0.62179317,2.60416068,2.62480640,3.25122214,2.94690207,2.93242401,2.27274176,1.69991110,2.31297848,2.75096685,2.11918966,1.11911076,0.86674534,0.70473092,2.90704850,3.33989622,3.17522729,3.13553059,3.13306286,2.01931317,1.37167800,2.64191479,3.03927888,3.10658013,2.98166535,2.95784381,3.16970332,2.36506360,2.36266493,2.82055827,2.75893999,2.77285484,2.15024287,1.57564010,2.62445435,2.88612869,2.74964743,2.86230978,2.73302514,0.73226917,2.65486141,2.59948617,3.26858470,2.95765816,2.96592130,2.15656460,1.62094596,2.57957425,2.95289980,3.11895773,2.95068537,2.24761858,0.74172097,2.72232000,2.86261471,3.25863980,2.69478078,2.86374796,2.21697448,1.36738077,2.44110899,2.66638833,2.78537011,2.85194447,3.02937815,0.72833532,2.60142540,2.69952010,3.23966127,2.99797917,2.81409424,2.27392809,1.54617994,2.50524470,2.93215334,2.62230004,2.62613558,2.21349645,0.65922111,2.36534563,2.39488909,2.91449629,2.79257283,2.91100951,2.00901767,1.20968096,2.50942001,3.05105557,3.29954785,3.20892804,3.19569278,3.33972400,2.88787504,3.07886606,3.18697895,3.20647562,2.89190819,2.43762329,1.59883989,2.75429465,2.98019502,2.97529231,2.87306454,2.78616894,2.50603782,2.51804062,2.74718729,3.14938992,2.77762546,2.93741310,2.23475114,1.58697595,2.36682888,2.56746726,2.18197714,1.82303023,1.05112921,0.73341890,2.73421028,2.85257283,3.41671930,2.87969761,3.07195805,2.45669851,1.67981436,2.67053292,2.83718253,3.06451651,2.90594310,2.69620120,0.64468160,2.37373964,2.94231402,3.30113540,2.91169162,2.74882275,2.14931826,1.45157681,2.57869194,2.94267479,2.84009031,2.53161772,2.93572231,2.73865494,2.58843294,2.79119861,3.16781979,3.03617103,2.94316038,2.06522038,1.37281468,2.58813865,2.79107978,2.80201935,2.84962575,3.13552760,3.03727314,2.54424695,3.09284831,3.33154537,2.76238455,2.80658218,2.33040128,1.50207636,2.78854489,2.72859927,2.57254206,2.70838509,2.62744924,2.71414948,2.61711647,2.74550224,3.23266630,2.92299988,2.89218209,2.18169498,1.63797797,2.33779795,2.77482472,2.86725004,2.72580473,2.19618264,0.74237719,2.63892418,2.66768087,3.02740125,3.00948452,2.75769346,2.37060172,1.59301619,2.35136091,2.48216797,2.55055795,2.89979595,2.70785210,2.25213731,1.69111313,2.70750768,3.03428998,2.66144884,2.73517962,2.31816450,1.40891616,2.49422882,2.88471571,2.88881944,3.04970646,3.03310160,2.91020166,0.67282032,1.88882910,2.31212228,2.18827288,2.36600760,1.96488452,1.69418086,2.48602224,2.68444819,2.31962190,2.20793496,2.33446917,1.86797968
2.88948731,3.02832910,3.55327336,3.13642275,3.13578546,2.56433373,1.53534618,2.61988401,3.22884328,3.21790973,3.18618558,3.01718882,3.28711627,1.53296389,1.55954247,1.49372460,1.54119963,1.46827822,1.37427361,1.45035202,1.02501434,0.97469899,1.07691584,0.93170309,1.05639855,0.94069024,0.00000000,1.65663158,2.31536600,2.21834046,2.78616393,2.12400095,1.73236260,2.08371518,2.42394293,2.03606765,1.98942171,1.49032604,1.04458173,2.83403047,3.04179978,3.32985296,3.02427066,3.05963125,2.52832470,1.63643981,2.71897673,2.91592557,2.99310057,3.01056319,2.74744521,2.54069783,1.64242558,1.57304889,1.56593385,1.59680244,1.70392870,1.59112455,1.44956927,1.09726242,1.03032127,0.84373872,0.96554384,0.90652246,1.03875548,1.27485734,1.35679167,1.36866920,1.34078542,1.69379548,1.52611206,1.44901665,1.50140899,1.38243447,1.23485318,1.44181907,1.00046526,0.98362857,2.58005745,2.60898884,3.25108640,2.93879460,2.92992354,2.26126950,1.81887338,2.39598948,2.85880490,2.27632511,1.48602159,1.19905747,0.98803559,3.11537096,3.44707940,3.25183168,3.25656384,3.23041486,2.18026901,1.60179286,2.71306432,3.13762855,3.28055036,2.98730220,3.08012740,3.29188700,2.30558913,2.26542625,2.83452721,2.68419557,2.69753631,2.10676995,1.68788445,2.63063454,3.00460112,2.84542855,2.93315249,2.64867573,1.03254428,2.61570285,2.64582153,3.37360038,3.00624116,2.99630536,2.25973351,1.88510020,2.73430828,3.10143189,3.18010117,3.14896023,2.45555439,1.05562130,2.92233327,3.06828776,3.39278059,2.93472048,2.86770318,2.22685807,1.49766564,2.53216485,2.81550278,2.84469534,2.96814599,3.12886226,1.13013722,2.64412679,2.75278213,3.33812936,3.04293342,2.89823060,2.30114054,1.71189250,2.51281865,3.02313547,2.75007580,2.72327945,2.20448898,1.02944158,2.58316620,2.60678544,3.14469877,3.08972183,3.04579210,2.17790249,1.53598621,2.74655957,3.22048503,3.49259634,3.26866048,3.37830882,3.51930447,3.06433807,3.14649077,3.33147723,3.34077956,2.97446024,2.51082050,1.69542970,2.84078026,3.13621560,3.13742047,2.94269595,2.84724290,2.64570943,2.45668371,2.73900163,3.19463622,2.83926414,2.89084538,2.24552788,1.73710244,2.56423019,2.63927352,2.30626790,1.96822473,1.39817744,1.05646612,2.83110636,2.90860640,3.42482664,2.95487723,3.02511752,2.38981910,1.68975625,2.66569127,2.85565513,2.99334067,2.79261615,2.41928518,1.01236215,2.38587934,2.97698448,3.46479543,3.04328002,2.77183963,2.19271813,1.47096940,2.70077932,3.03938349,2.96541028,2.64275505,3.10971755,2.83913807,2.59740117,2.77855353,3.22336860,3.14595812,3.02907346,2.17720447,1.61692815,2.70494773,2.96023328,2.92348676,2.91674521,3.20748803,3.08111653,2.83136086,3.18243877,3.40646512,2.92995809,2.99555680,2.47248185,1.81383257,2.88114521,2.75925185,2.83822322,2.89104018,2.82705145,2.90321828,2.59114948,2.79865819,3.33217698,2.98953151,2.97950889,2.20811824,1.69324254,2.47297235,2.93807968,2.97425118,2.94267465,2.33844317,0.94893164,2.81212144,2.82166345,3.16931890,3.17114188,2.96086746,2.44704391,1.76681513,2.52877962,2.59683104,2.61664768,2.90745099,2.66567283,2.28220638,1.94616634,2.92448838,3.22496041,2.72936518,2.81071910,2.36199933,1.68019201,2.67140137,3.07520243,3.07838086,3.23217008,3.25882095,3.15290786,1.02888353,1.95124951,2.47066305,2.33815878,2.48615998,2.11819916,1.86182206,2.65702429,2.77499620,2.49072343,2.32409290,2.38864735,2.00886763
3.44283702,3.50764611,4.00244249,3.48685872,3.47596343,3.10415560,2.06877543,2.83067396,3.53680448,3.53574597,3.51003665,3.21516351,3.51357645,1.93589613,1.91539134,1.71838657,1.90045033,1.89071226,1.77417654,1.79185864,1.80048465,1.77388303,1.81722951,1.75891577,1.74529488,1.66670883,1.65663158,0.00000000,2.26848480,2.18615134,3.02254517,2.30445329,1.91064503,2.29276863,2.73479555,2.40625933,2.48642782,2.00393547,1.73733216,3.27889441,3.25980108,3.47175790,3.28943138,3.34791545,3.05551213,2.12170144,3.16420449,3.32026436,3.40813891,3.37641467,3.06997346,2.97072538,2.14433381,1.94217206,2.06795906,2.16172367,2.25159905,1.97984699,1.95476912,1.80512429,1.74405844,1.72805140,1.79015756,1.64136988,1.75644907,1.97833978,2.02447011,2.03305437,1.96231342,2.22026718,2.00793848,1.97168923,2.05757859,1.93002403,1.82775845,2.08881114,1.74477899,1.68028010,3.06289140,3.11351460,3.44459197,3.28704744,3.32013756,2.86642835,2.37223719,2.96981511,3.33971162,2.69444122,2.08606542,1.70569387,1.72277299,3.39922420,3.61766227,3.49794490,3.62524962,3.39814975,2.64184156,2.16047721,3.07197065,3.49472577,3.73426167,3.47218378,3.52821716,3.59739333,2.72242392,2.68518241,3.14645003,3.29116058,3.24880794,2.70185937,2.24965267,3.20103466,3.42637377,3.29688298,3.27322828,3.01324096,1.81834297,2.97125977,2.84725758,3.57831681,3.31509914,3.27202768,2.65283398,2.16066720,3.02076088,3.38609290,3.50062416,3.40123615,2.70738369,1.77002535,3.24902636,3.25338671,3.55314592,3.19724753,3.43330430,2.85925162,2.13626004,2.95664210,3.38037792,3.51985530,3.51710497,3.78970638,1.81937898,2.80020123,2.97833548,3.47448502,3.28835986,3.22028891,2.75725331,2.17150848,2.98968091,3.44614798,3.35551934,3.19379371,2.64700880,1.73779101,2.71181475,2.69072232,3.06223744,3.16713493,3.38476201,2.59210825,2.02350405,3.03916941,3.56567954,3.87714646,3.63484165,3.49077070,3.74737315,3.44763857,3.51412236,3.70873403,3.66585360,3.23162878,3.03972214,2.33751109,3.17351748,3.57698799,3.44329282,3.29575627,3.18635861,2.78414903,2.89465205,3.07771351,3.37927155,3.30644251,3.38684225,2.84561650,2.42150750,2.93686234,3.21337323,2.89415039,2.41230649,1.95245499,1.68290727,3.00482096,3.09878374,3.58800898,3.11954314,3.45149384,2.82755034,2.22533677,3.18036171,3.40215964,3.45804532,3.25803398,3.04519853,1.73923312,2.71939466,3.15751739,3.49963639,3.25960131,3.22801523,2.69105184,2.22204853,3.00032181,3.41613481,3.42788786,3.05361354,3.28508130,3.05702229,3.04940994,2.83529572,3.31016582,3.32116020,3.28415322,2.53113933,1.93561854,3.01769892,3.23741487,3.28919531,3.24571062,3.31716866,3.24351686,3.30062990,3.62463785,3.72588583,3.35567367,3.26495631,3.02371612,2.37690234,3.13450189,2.97108174,3.22164724,3.05514475,3.08026402,3.10864867,2.84443090,3.03945023,3.38007503,3.30050038,3.27920156,2.68334471,2.18964777,2.93213685,3.21635467,3.50165946,3.41734741,2.76455604,1.73846905,3.26160196,3.20403777,3.53036009,3.45260226,3.28803232,2.91215920,2.27204124,2.86115027,2.98809932,3.19823027,3.35038067,3.04380493,2.80212115,2.44533276,3.38387397,3.69476182,3.26101808,3.03177133,2.97339693,2.23386360,2.96235804,3.26402462,3.31573986,3.44441070,3.29824161,3.33494618,1.77027726,2.67618031,2.81500326,2.75354855,2.89693026,2.56564346,2.22031895,2.92312127,3.18042253,2.89637185,2.84007266,2.74682081,2.53239678
3.70146181,3.89181517,3.95183649,3.66104907,3.60510221,3.37126525,2.45444055,3.22624930,3.72688759,3.96976297,3.91896350,3.46912609,3.68310361,2.52344099,2.47706923,2.27223748,2.43525848,2.51593978,2.41364680,2.32271468,2.32606008,2.26076902,2.12343401,2.29154631,2.23217185,2.21105021,2.31536600,2.26848480,0.00000000,2.29188938,2.69745618,2.34769782,1.93544326,2.25079213,2.15261779,2.58791606,2.49389790,2.32942157,2.14586878,3.41593707,3.88844103,3.54844304,3.64746554,3.61125459,3.31845648,2.59612434,3.61728154,3.51930600,3.66190420,3.78577392,3.30049402,3.12625228,2.51393836,2.43581168,2.29450412,2.52052424,2.39804202,2.25252055,2.38722385,2.25288278,2.23683700,2.23429567,2.23803425,2.11748233,2.14336387,2.27268821,2.29521317,2.39130039,2.36375380,2.52263158,2.51200432,2.40213308,2.54134065,2.30753723,2.25964553,2.45044448,2.20301559,2.19005508,3.06693511,3.28044225,3.17917633,3.44922152,3.40954662,3.01979378,2.66269230,3.20155387,3.17086636,3.05411634,2.29075591,2.32292194,2.21066958,3.42508866,3.92096755,3.51581790,3.82524376,3.71970011,2.99431818,2.68612703,3.47088116,3.64373960,3.96133699,3.76609215,3.62443763,3.73009413,3.02625327,3.35823725,3.15396832,3.60752309,3.46280165,3.19363437,2.67378768,3.68255124,3.59292632,3.84087697,3.67197856,3.70501554,2.20342847,3.18648200,3.41648976,3.46646805,3.54894584,3.38831058,2.87032353,2.64199758,3.39375406,3.35604067,3.93284236,3.34203592,2.79132328,2.16137616,3.37765763,3.75749535,3.52277131,3.43423886,3.35501367,3.07810299,2.32078950,3.13799714,3.21140619,3.80691920,3.42628818,3.88315558,2.27290382,3.14976078,3.49987590,3.39921531,3.64678136,3.20010523,2.96441652,2.44061892,3.21256036,3.29060982,3.55887617,3.18111360,3.08367151,2.23174333,2.89076453,3.17833831,2.79429160,3.58610394,3.57998110,2.94282864,2.56072408,3.34829955,3.60638757,4.23002227,3.86427085,3.65185923,3.85263810,3.55344279,3.79432908,3.40756550,3.73498912,3.44662028,3.36091685,2.66801484,3.40339466,3.55304980,3.87705248,3.50209540,3.55541235,2.96364221,3.07306493,3.48330976,3.25574306,3.51701685,3.50004332,2.87614737,2.49099181,3.00450006,3.08558330,3.16546660,2.88496721,2.30747069,2.11053993,3.31722288,3.59788329,3.50317226,3.54545359,3.61126902,3.01955134,2.26325222,3.16645186,3.20540979,3.76048891,3.26339641,3.41230947,2.21251967,2.90455037,3.51179917,3.27006675,3.55326173,3.22774755,2.96933770,2.47471651,3.25468590,3.22269144,3.66739477,3.31685696,3.29530814,3.25169963,3.40988073,3.67116962,3.33858651,3.76354168,3.53330223,2.96006214,2.43828553,3.46577884,3.31145627,3.69588579,3.57958487,3.62062001,3.61311876,3.25029739,3.85378462,3.97132793,3.62960781,3.57909865,3.34092991,2.68466061,3.61603044,3.47388480,3.74205533,3.65236199,3.35228180,3.34044849,2.95816186,3.44433661,3.16576729,3.66734310,3.43281339,3.08779045,2.63535509,3.25584977,3.46393800,3.81252912,3.39156902,3.08239037,2.30275646,3.12399562,3.40386487,3.40825447,3.65438709,3.37853978,3.22373925,2.60604050,3.20942510,3.15057957,3.39061666,3.64436861,3.18763269,3.03106526,2.28128083,3.60367925,3.39346123,3.50282478,3.17132474,3.37381280,2.57651091,3.37665029,3.43872582,3.82406570,3.72321995,3.68130387,3.53117328,2.28178123,2.86919035,2.83946280,3.09453501,2.85477581,3.00872865,2.56702526,3.36035723,3.30515180,3.39713095,3.17839696,2.99931402,2.66815725
3.86060947,4.01097762,4.54049083,3.32043195,3.56627451,3.40260742,2.63319758,3.25334611,3.57217598,3.36332228,3.97437203,3.78206730,3.95314874,2.71395898,2.65991388,2.55177697,2.51460081,2.66558364,2.51326024,2.44756340,2.22404343,2.31281726,2.17151864,2.33063563,2.26250456,2.23333222,2.21834046,2.18615134,2.29188938,0.00000000,2.68239048,2.36242465,2.19868757,2.36712436,2.55189755,2.25855474,2.78818525,2.34379028,2.19766471,3.75607762,3.83948166,4.01916695,3.26210871,3.39242187,3.28154018,2.64505741,3.55919410,3.36983330,3.19554598,3.86422344,3.65787063,3.32623356,2.31247915,2.24175179,2.45281276,2.22561649,2.57802764,2.11736886,2.44486257,2.29121862,2.11353036,2.21609225,2.23027433,2.18172785,2.24832385,2.42375811,2.51703014,2.49489912,2.32052576,2.55946404,2.39932851,2.53646134,2.52057971,2.34812593,2.34964241,2.56979304,2.18531206,2.31416590,3.49925464,3.55957666,3.83030190,3.06605533,3.44201562,3.12976537,2.82759847,3.14703024,3.32293921,2.80223375,2.45703411,2.28347227,2.22163124,3.85882858,4.14189082,4.06455677,3.55271974,3.59477034,3.07811374,2.71881131,3.32365362,3.55359664,3.57746759,3.75758205,3.76912872,3.77237804,3.27840518,3.27534797,3.52755197,3.05213806,3.45551059,3.10003235,2.74080565,3.58137750,3.72229304,3.42030459,3.98664003,3.51303473,2.25673240,3.27251312,3.35544219,3.93105379,3.13992496,3.46008501,2.86503023,2.75584291,3.20809831,3.42482786,3.37531064,3.70965401,3.10404646,2.31641268,3.51731834,3.58272774,4.01437213,2.98161603,3.35986952,2.90271970,2.60884183,3.10238108,3.41169121,3.38991147,3.99850703,3.98706708,2.30278408,3.36004626,3.41566145,3.85795307,3.05862049,3.36507977,2.92411501,2.67928793,3.11013624,3.66995241,3.25274427,3.46823737,2.98532581,2.33741920,3.31719788,3.27051874,3.49518831,3.21402912,3.57374028,2.79242505,2.71885019,3.42710856,3.73290840,3.76224739,4.18800475,4.11226857,4.12080406,3.91081980,3.82773827,4.09838983,3.47957647,3.45049135,3.31232037,2.77937320,3.28732232,3.42113742,3.43172252,3.63370350,3.71848891,3.15011722,3.34085909,3.52214609,3.81085575,3.15760760,3.60146989,3.06343249,2.86438000,2.95219073,3.13180498,2.94830160,2.98004767,2.45577261,2.21298263,3.51167315,3.52194173,3.82900253,3.05507741,3.56437564,2.74984865,2.58748460,3.10552761,3.24353411,3.29535146,3.53683740,3.09020813,2.29160810,3.19513086,3.52321345,3.76976301,3.01942152,3.29763397,2.90834747,2.85490680,3.33885619,3.44596451,3.25032976,3.60108611,3.89044712,3.62551305,3.52919249,3.63882656,3.79045746,3.30119964,3.60002836,2.87502601,2.54486300,3.44285689,3.47322113,3.38491034,4.02515538,4.03802605,3.91847061,3.51305408,3.78877349,4.19297535,3.41394546,3.28822383,3.26189029,2.74992436,3.45908530,3.20716185,3.33443561,3.56636790,3.59274455,3.43885151,3.17154534,3.27676890,3.71955847,3.05439903,3.40641248,2.93105800,2.69074961,3.25671516,3.57715403,3.32830145,3.75808090,2.95289210,2.23385601,3.42922479,3.50485898,3.67588259,3.22231669,3.18087161,3.16388840,2.57538801,3.08690869,2.90112204,3.10597230,3.66622391,3.32072685,2.99796765,2.58415689,3.56624392,3.92592801,3.26091564,3.16153564,3.25865508,2.58880324,3.27024534,3.46687875,3.18549527,3.88552456,3.84965160,3.65199257,2.29918761,2.87089028,3.43059962,3.22065264,3.35918543,3.00054622,2.93450522,3.49532985,3.50830480,3.15603027,3.39303360,3.23130204,3.00711923
3.95818136,4.11979428,4.13332161,3.73406509,3.08708539,3.39943266,3.22572417,3.61516589,3.38441492,3.78008798,3.63074642,4.34372594,4.25068751,2.85303961,2.87526555,2.71583708,2.93761945,2.58071177,2.80680745,2.79833805,2.68519522,2.67030433,2.71448794,2.71136533,2.75398827,2.71833129,2.78616393,3.02254517,2.69745618,2.68239048,0.00000000,2.54467657,2.42241947,2.86676608,2.49738432,2.45546130,2.63074339,2.93022945,2.73452336,3.82634171,4.24960835,3.81148185,3.69104944,3.10020722,3.30290799,3.17735124,3.69361900,3.23795199,3.55066297,3.72874253,4.15341061,3.79840794,2.94492217,2.80549770,2.94161386,2.98857613,2.57687362,2.89128758,2.96659224,2.73401585,2.84350570,2.73593437,2.67410204,2.68295903,2.59829902,2.56361550,2.91315136,2.80305463,2.73291953,2.72554768,2.79225536,2.91626235,2.80982530,2.59190174,2.65058204,2.70567239,2.75727122,2.77685812,3.59505685,4.07467486,3.81900009,3.73996412,2.84917424,3.29775925,3.07941937,3.41458562,3.20217659,3.16412200,2.66500561,2.87121831,2.76512561,4.00686202,4.47069851,3.83819825,3.75362703,3.14504517,3.13247614,3.38679539,3.75353101,3.42690685,4.03295899,3.79833251,4.38037604,4.36042551,3.50351908,3.73376027,3.52019682,3.87137027,2.76910970,3.18623727,2.96107856,3.76174615,3.45628734,3.84077431,3.80904582,4.18548205,2.82089739,3.56131099,3.83698059,3.79087543,3.71087495,2.65560120,3.03684449,3.02304954,3.38622098,3.07878087,3.71163850,3.40875702,3.59007891,2.69475466,3.75255909,4.31109117,4.01045606,3.82579549,2.68067313,3.20927224,2.85137469,3.40114505,3.15068174,4.04949803,3.80243158,4.58718129,2.82520459,3.53421843,3.91867133,3.73313271,3.94840050,2.72453227,3.38445886,3.06561333,3.42420835,3.25130545,3.67720077,3.32323201,3.61927702,2.77305154,3.62411257,3.69102046,3.44994075,3.69310964,2.73179513,3.16744833,3.07747463,3.63917407,3.38610437,4.02598030,3.70952083,4.60047432,4.31146796,3.84093827,4.12065760,3.85685783,3.84207307,3.08204986,3.38055279,3.23975087,3.60388374,3.44124061,4.03533992,3.50099704,4.43491474,3.74612879,3.55818423,4.02843468,3.81482914,3.70375963,2.81668702,3.24027973,3.10042616,3.25509265,3.13140356,3.70215888,3.28614592,2.84164581,2.65980733,3.83429312,3.83050029,3.72271597,3.73660150,2.72483038,3.02669710,2.76899429,3.33030675,3.09770503,3.67471915,3.31314126,3.73447837,2.83914392,3.42377764,4.08161001,3.60621974,3.69778267,2.48473688,3.09601910,3.00864243,3.60363034,3.32763471,3.72715001,3.57507885,4.37593125,4.03815815,3.76340217,4.23661556,3.82051173,3.94034587,2.73155421,3.32487524,3.08901878,3.61446875,3.23359371,3.57027558,3.51113400,4.44719755,3.92415524,3.55620590,4.25520686,4.16536075,3.74739963,2.97318019,3.19395468,3.06348370,3.72528714,3.26648001,3.82050603,3.69912028,4.19577462,3.86631972,3.29450004,3.60403079,3.38884487,3.71136954,2.51963015,3.00004508,2.85353054,3.45072965,3.23535131,3.86963536,3.40944572,3.58581523,2.75401334,3.54381879,3.83057708,3.52480512,3.75479324,2.94909764,3.34303157,3.26168798,3.46948813,3.04201770,3.69960789,3.70569703,4.15700950,3.48698514,2.84166978,3.88954645,3.57122375,3.47973064,2.83726243,3.44206962,3.17155558,3.68827452,3.50504881,3.91804576,3.71509199,4.58338804,4.01804439,2.79871709,3.22254921,3.51378665,3.41065449,2.75637289,3.27375927,3.08553394,3.89606926,3.40199262,3.59762347,3.25336110,3.89592843,3.33354673
3.66845974,3.49721115,3.93287507,3.61589459,3.49528023,2.75777486,2.43280728,2.98339221,3.41008965,3.42601135,3.42469472,3.15329422,4.05264518,2.32254341,2.26369532,2.11404155,2.24370962,2.25487979,2.02014880,2.00293689,1.96728839,2.04103827,1.91565371,2.09612068,2.06968766,2.10108555,2.12400095,2.30445329,2.34769782,2.36242465,2.54467657,0.00000000,2.04958610,2.06858951,2.18183211,1.98988500,2.14356846,1.96676508,2.08510575,3.59668002,3.76910579,3.70188577,3.60284657,3.50203521,2.73533569,2.46402442,3.07378898,3.13890928,3.24401819,3.47251914,3.30255160,3.57281764,2.47537586,2.35783409,2.27739204,2.36997436,2.52011878,1.86806972,2.16697082,2.05926914,1.96834180,2.10775244,2.03533890,1.89171125,1.97155934,2.06982805,2.23190014,2.23202375,2.23474420,2.43771607,1.93736573,2.17988289,2.11692963,2.09132281,2.10836495,2.14920991,1.97950215,1.96063174,3.25817176,3.33094520,3.44545382,3.35080067,3.24733440,2.23670292,2.61821298,3.01801818,2.78026348,2.73048832,2.15422288,2.07925154,1.95373710,3.70108617,3.96327133,3.55386362,3.69185993,3.39061932,2.23088818,2.69466181,3.19248859,3.35031387,3.69339176,3.20287459,3.40026893,4.11178168,3.16122820,3.13141970,3.37811158,3.46306392,3.27738324,2.27095913,2.63899606,3.17277296,3.34258680,3.43712259,3.59059640,3.45296356,2.05018070,3.51624176,3.37044210,3.82213780,3.60638352,3.33615415,2.16050136,2.83975274,3.04040264,3.17906028,3.59004767,3.55308633,2.80198087,2.00932481,3.53674956,3.62800214,3.78722258,3.40796912,3.35255423,2.30733597,2.46296206,2.85206426,3.21633875,3.45265557,3.51285394,3.75572824,2.08543653,3.43692748,3.37652776,3.57991342,3.62344183,3.13767692,2.34769828,2.72858569,2.92277546,3.23404275,3.42421704,3.23917516,2.81235050,2.01894144,3.23134961,3.01429535,3.13798782,3.34218404,3.38095143,2.26993343,2.59212672,2.98582849,3.22066121,3.83257236,3.51591590,3.70743402,4.24361305,3.68091454,3.73432429,3.72949181,3.76284121,3.47239039,2.80925839,2.46602727,3.02294060,3.46258311,3.65612206,3.18680628,3.56290777,3.38610445,3.43742325,3.39161326,3.72401067,3.56149323,3.40423605,2.21780396,2.81211344,2.90347470,2.85642190,3.08818918,2.99270485,2.14247596,1.97117053,3.67989580,3.60767989,3.80544189,3.58142581,3.60004258,2.36142654,2.45883655,2.80472449,3.26573486,3.54416548,3.29743199,3.01013913,2.02096094,3.08225793,3.51497759,3.39628604,3.48667647,3.06268385,2.07808146,2.58194308,3.08884712,3.12871218,3.55424040,3.34125386,3.56787924,3.87114579,3.56781349,3.53988326,3.64979679,3.58841080,3.31588815,2.36269613,2.80407296,3.19371572,3.13790403,3.45877337,3.54613982,3.65341550,4.01383353,3.43006673,3.95569336,4.00915515,3.54212411,3.27600521,2.59582225,2.57667731,3.28271536,3.09886151,3.53780238,3.24554726,3.20789313,3.57846430,3.27841259,3.21575945,3.28989619,3.46557715,3.31139867,2.16767301,2.57745384,2.81902319,3.04814052,3.18270022,3.30627908,2.57730144,2.00933489,3.45911233,3.42877195,3.53056564,3.72660838,3.43143000,2.68098989,2.52951365,2.95197623,2.85385108,3.17632154,3.32323874,3.22338839,2.98537066,2.71754579,3.51161094,3.54901068,3.23785630,3.21861629,2.74216959,2.52147281,3.07008585,3.29904693,3.49945716,3.56010249,3.58257534,3.92884427,2.03794038,2.64781034,3.10484007,2.88275823,2.78363883,2.25569226,2.48189290,3.16447232,2.99016576,2.95920231,2.77012306,2.81426497,2.74613767
3.40020702,3.21085963,3.73719424,3.49638873,3.37271404,3.16118990,2.18809515,2.80743298,3.54406607,3.63563880,3.44568648,3.47810881,3.51982047,2.00188715,1.95248138,1.91212353,2.10341179,1.94661549,1.91697972,1.79403921,1.69905937,1.69760712,1.68582928,1.76189238,1.76024657,1.67547042,1.73236260,1.91064503,1.93544326,2.19868757,2.42241947,2.04958610,0.00000000,1.73697856,2.06769288,1.89623295,1.81410192,1.87327509,1.65647808,3.14128893,3.26993318,3.38264373,3.40761840,3.31482670,3.10112130,2.25617210,3.17340727,3.33209182,3.33944613,3.32855029,3.22059167,3.00284894,2.20026968,1.88596062,2.18886666,2.35099476,2.08123491,1.95336468,1.91583502,1.78134611,1.71695104,1.68932574,1.68076571,1.54082422,1.60191173,1.77991520,1.91916655,1.83670907,1.91848018,2.18555267,2.07477016,1.84645991,1.92915741,1.83167769,1.66633123,1.82361817,1.68722326,1.67063275,2.99705467,3.08552232,3.51909871,3.60607780,3.27860374,2.75698686,2.28805967,2.93235891,3.27430264,2.69091061,1.74033562,1.80466072,1.68286996,3.34190190,3.76865164,3.41587653,3.77250924,3.44166678,2.61079276,2.43051697,3.09643139,3.52633712,3.66718514,3.33904426,3.44738591,3.57723657,2.87541412,2.84086885,3.09734548,3.47705175,3.04487281,2.71364633,2.14907118,3.18319092,3.38004726,3.24731926,3.16704886,3.38461822,1.76079932,3.23326051,2.87243846,3.51581296,3.46071752,3.02223773,2.56747964,2.35989970,3.07125840,3.25997893,3.53903877,3.23420892,2.69856518,1.72343025,3.31948592,3.40973556,3.57086892,3.43248507,3.09742681,2.86145314,1.97272288,2.68363299,3.09280848,3.44356993,3.06131761,3.61858846,1.80755567,3.17060803,3.15291109,3.61271122,3.66801560,2.96707954,2.78341034,2.23021235,2.89876601,3.27792419,3.34535262,2.90950353,2.63584954,1.72149607,3.08198527,2.94086745,3.14523185,3.54717857,3.30193521,2.59005142,2.15212889,2.89900854,3.52591934,3.95131972,3.55390191,3.79867687,3.75589578,3.39978585,3.51882248,3.48765989,3.64054878,3.10922227,3.09649234,2.31673149,3.09413143,3.55885775,3.59285999,3.01093312,3.40455094,2.85402493,3.11367514,3.17826682,3.45245535,3.53717344,3.19560915,2.70771093,2.28544181,2.83353508,2.97784193,2.91964110,2.49174539,1.92497864,1.62731574,3.24945239,3.05536202,3.49666592,3.45283225,3.33994733,2.82732142,2.03099727,2.75757801,3.29600409,3.31741777,2.88410273,3.09360854,1.74910229,2.85490278,3.25857809,3.48629396,3.62543171,2.97179856,2.55289254,2.04789969,2.82948538,3.25051877,3.40818005,2.98716094,3.40821556,3.22688064,3.35700832,3.25936473,3.38905317,3.76024593,3.17316224,2.71885080,2.01396951,2.86189416,3.17851278,3.28810979,3.00847984,3.46580865,3.30402242,3.04122092,3.37849856,3.68064093,3.44688577,3.36213355,2.97157055,2.35450713,3.09071693,3.04248605,3.14432766,3.14483397,3.15415928,3.02429991,3.06402993,3.07770946,3.29288296,3.62996993,3.22415265,2.78940528,2.37764780,2.66756904,3.04441665,3.58121098,3.18279054,2.72924901,1.77067994,3.14837223,2.99067798,3.21780405,3.63519340,3.25870657,3.00759164,2.33269710,2.84815301,3.05065278,3.12529720,3.20207067,3.09601998,2.64848192,2.15240928,3.14593056,3.30878598,3.23590780,2.95907327,3.04646082,2.18598193,2.91500832,3.32718903,3.53023086,3.40167643,3.63019494,3.34805606,1.79360443,2.35867559,2.78523662,2.67840905,2.61260108,2.66361924,2.26464668,3.00420359,3.11086449,2.96614812,2.64457446,2.69446865,2.38915004
3.76147624,3.28096676,3.79975222,3.43396701,3.50348722,2.87456109,2.40684571,2.55770741,3.47430316,3.71136204,3.83008266,3.47734711,3.98909573,2.46181835,2.26847513,2.28864614,2.48009140,2.37706344,2.20544798,2.13039758,2.05071621,2.02280058,1.97271626,2.05842945,2.12879588,2.01566146,2.08371518,2.29276863,2.25079213,2.36712436,2.86676608,2.06858951,1.73697856,0.00000000,1.89336551,2.08331596,2.02214745,1.97594927,2.01810383,3.57905786,3.35035265,3.46926704,3.35718463,3.43307579,2.84182762,2.47578402,2.75340981,3.28668497,3.31007433,3.54433646,3.13398124,3.25701065,2.43551046,2.12633591,2.35730896,2.40920786,2.37162857,2.06883960,2.05485427,1.96905522,1.97187398,2.00503486,1.96497145,1.91035828,1.97961554,2.07678357,2.11565373,2.07062537,2.10336607,2.38688369,2.04206899,2.03363148,2.05284961,1.92903460,2.03269863,2.13281692,1.94322527,1.91866381,3.49414411,3.16387196,3.59246855,3.53969888,3.52180160,2.80345581,2.76540758,2.78430718,3.16752627,2.88660155,2.12906953,2.00676563,1.97791902,3.70987646,3.70355623,3.33693852,3.58154872,3.47182447,2.47371027,2.65845437,2.78521617,3.31514983,3.51402689,3.45207252,3.54320656,3.94999243,3.40935672,2.98540710,3.38703496,3.58405775,3.41360396,2.83274036,2.57350435,3.03538468,3.53127098,3.50873713,3.57782605,3.44856749,2.00205573,3.70575726,2.99859410,3.63139314,3.49527972,3.52068191,2.74031998,2.78157610,2.85857633,3.49737821,3.62846264,3.61526924,2.77555963,1.99067517,3.77987696,3.56093085,3.87892471,3.46475242,3.29536629,2.77066453,2.33330060,2.55387982,3.16682582,3.47083902,3.28125104,3.56941081,2.09438404,3.65564721,3.17409284,3.69119153,3.66251744,3.31080411,2.92796338,2.66866215,2.55981872,3.31872534,3.35087045,3.21956747,2.78646811,2.00060308,3.46685195,2.89719136,3.20539918,3.53368572,3.54706588,2.63451830,2.52040282,2.65568295,3.53151227,3.97257268,3.83360799,3.67987534,4.02888674,3.72859916,3.42636290,3.61278786,3.64722382,3.36077973,2.86233527,2.58632416,2.92739274,3.57038030,3.66970586,3.21068294,3.34461440,3.05620974,3.57664140,3.24965176,3.65059544,3.54544068,3.53537496,2.68551848,2.72557668,2.66328566,2.92964975,2.93905837,2.71537757,2.16467313,1.95504306,3.84614545,3.29565740,3.86336131,3.57399156,3.61688106,2.83413353,2.39556600,2.66477022,3.27356533,3.39560991,3.28464330,3.11649811,1.97583534,3.36027021,3.17924008,3.48344450,3.55531127,3.18948478,2.67810389,2.44260777,2.61343979,3.20008440,3.46608072,3.25505764,3.28676362,3.43575073,3.71164158,3.27635712,3.61587979,3.76406389,3.52031690,2.78354702,2.54239807,2.78308386,3.32789821,3.42979927,3.32354009,3.46677531,3.65230521,3.42411394,3.63944343,3.63522681,3.46832154,3.37177705,2.80563121,2.54334339,2.89639450,3.15981563,3.31748381,3.37332418,3.21262400,3.46562323,3.57585112,3.16190125,3.59372427,3.66961951,3.64232913,2.76492244,2.74674191,2.52445511,3.26317266,3.49839554,3.39581180,2.72869381,1.93753743,3.32138525,3.08541196,3.35947799,3.62798322,3.46070216,2.92232814,2.69113036,2.68798417,2.95368955,3.21334141,3.35343163,3.04454144,2.89770843,2.60324762,3.24313422,3.36608649,3.23641385,3.28984048,2.86420955,2.57523036,2.57538730,3.36557439,3.65769058,3.71223036,3.63584350,3.76709065,2.04961838,2.33603651,3.10858775,2.80363252,2.93388719,2.65428852,2.45813443,2.81985863,3.09155548,3.00614801,2.67425994,2.53611447,2.49393625
3.72637919,3.91901217,3.93636592,3.65278332,3.41924671,3.19204179,2.50703040,3.19239143,3.30828344,3.69825812,3.78163334,3.77314187,3.93582989,2.64004247,2.64790868,2.47031801,2.59260889,2.48706736,2.45666802,2.35607037,2.29396315,2.27752810,2.21758845,2.30052852,2.38159984,2.29930060,2.42394293,2.73479555,2.15261779,2.55189755,2.49738432,2.18183211,2.06769288,1.89336551,0.00000000,1.97413987,1.97988888,2.14679212,2.33394013,3.42775072,3.93678079,3.44728471,3.48814920,3.32820575,3.05961318,2.64910192,3.20193020,3.02806518,3.36020715,3.42158577,3.61738161,3.26273561,2.64363946,2.56532378,2.48356876,2.52482350,2.39700430,2.40159056,2.43500362,2.29236837,2.29242479,2.34436230,2.22424779,2.22357032,2.29602120,2.34868128,2.36470918,2.35941000,2.28038092,2.42720636,2.36633440,2.31142559,2.44116104,2.13766963,2.32800271,2.23564440,2.31673326,2.26345706,3.24302704,3.60990659,3.33670206,3.55143211,3.23547291,3.09752830,2.83796029,3.14003819,2.93076856,2.97952448,2.32280023,2.39108491,2.27502073,3.66116708,4.13133978,3.56343436,3.70614970,3.37944102,2.75142477,2.66056096,3.28326804,3.13541352,3.50978164,3.16284691,3.79646775,3.85447047,3.23693679,3.54557013,3.24889171,3.62490405,3.28586509,3.09189557,2.68856809,3.39699516,3.24300596,3.66152992,3.48341339,3.65527490,2.31942896,3.50373323,3.74213432,3.55744236,3.67838244,3.36433890,2.99264116,2.80511597,3.29129610,3.01052989,3.68658430,3.40623071,2.90197373,2.23278478,3.45330674,3.99232676,3.71721718,3.46965674,3.13995457,2.99995786,2.42853870,3.04767233,2.73615342,3.57675856,3.34528899,3.85952592,2.33175808,3.39226839,3.82481941,3.46679694,3.76795659,3.18194074,3.26033495,2.79900503,3.23393984,3.09943567,3.62030188,3.37519934,3.28022749,2.31378213,3.21170681,3.47071123,2.98280897,3.51898224,3.38407303,2.98722433,2.61644614,3.19686793,3.07637982,3.93129419,3.73195666,4.09934602,3.94394148,3.61502051,3.99698062,3.58177164,3.87850772,3.35844137,3.22075753,2.84054715,3.49023438,3.31296916,3.66924327,3.40240184,3.74057353,3.34629727,3.28687714,3.80150759,3.38962143,3.63213387,3.31935274,2.94102028,2.75775499,2.98696824,2.51604765,2.99015015,2.99145159,2.31885766,2.24528617,3.58200969,3.87088221,3.75979469,3.62965605,3.51939838,3.08770587,2.49367541,3.14732661,2.93854244,3.69970877,3.23616456,3.23526992,2.29829245,3.07850497,3.75134966,3.19726121,3.51408819,2.88262725,2.92697420,2.54872364,3.23703793,2.94432728,3.58950925,3.37454028,3.90612869,3.63380484,3.50178541,3.98866529,3.45719539,3.74889214,3.42673044,2.99776464,2.64611459,3.25228067,2.95631940,3.54886197,3.43956615,4.04265293,3.76098510,3.26035441,4.04181065,3.88203545,3.58750429,3.26731700,3.14259538,2.70842723,3.38818831,3.11061803,3.54773057,3.48496776,3.49328432,3.38241213,3.27252779,3.72777480,3.40214673,3.67641976,3.34946341,3.01626558,2.74300365,3.18248849,2.93509181,3.54373397,3.02027361,2.95561826,2.26341395,3.13798812,3.55519002,3.47125970,3.63983698,3.23059894,3.15046722,2.84018994,3.15749197,2.81292105,3.28148375,3.44292642,3.44381573,2.96016654,2.56401952,3.61680224,3.41059250,3.33182169,3.13167578,3.08116879,2.59255593,3.14988248,3.12520289,3.60204385,3.62804240,3.93030501,3.63763124,2.32544370,2.78740330,3.06752811,3.27431809,2.64606564,2.88311340,2.52971191,3.32103425,2.99694510,3.05445986,2.66801673,3.01100356,2.61739462
3.51624141,3.39528422,3.99171357,3.37530675,3.39971101,3.04268952,2.29942224,2.93065409,3.52226713,3.31643909,3.59024067,3.55096831,3.84735529,2.22128773,2.18227118,2.36712289,2.34150250,2.24894375,2.19415672,2.09689093,1.95494200,1.87773834,1.93522036,2.01008764,1.98133199,2.01068330,2.03606765,2.40625933,2.58791606,2.25855474,2.45546130,1.98988500,1.89623295,2.08331596,1.97413987,0.00000000,1.65243767,1.89824145,2.01615689,3.45912889,3.59936368,3.78835977,3.21467006,3.32334694,2.95263821,2.34112998,3.13230428,3.20595670,2.87795185,3.35189279,3.36176908,3.21529377,2.25513689,2.12326116,2.51416277,2.25640773,2.51119544,2.20023213,2.16943608,1.98401280,1.97666658,1.98705773,1.86332151,1.86954828,1.95620033,1.99025364,2.11010372,2.05720904,2.03148760,2.27728775,2.21126073,2.20022314,2.18008957,2.12563994,1.96030065,2.04420149,2.06339500,1.96014804,3.16106026,3.25822430,3.79915060,3.34674880,3.29426769,2.91834607,2.58164621,3.02517004,3.19829704,2.72105110,2.13971811,2.15400540,2.00146161,3.61133531,3.93857339,3.69194272,3.48514397,3.44354835,2.57804866,2.49483043,3.13625523,3.36571416,3.27133078,3.29880888,3.56013368,3.74113791,3.11698058,3.12012294,3.44477118,3.37373139,3.28326009,2.87863133,2.48490627,3.34401915,3.36982830,3.17408281,3.55199077,3.42160402,2.12670966,3.30372723,3.28232690,3.96633745,3.38869657,3.30664216,2.65519198,2.60880975,3.14988496,3.37625403,3.27208523,3.57030263,2.91699259,1.89103085,3.47391820,3.74567835,4.13651607,3.42304307,3.34510876,2.89757206,2.41625412,3.01540301,3.24330019,3.28451938,3.46544275,3.79116247,2.06696369,3.33415706,3.40426453,3.86147271,3.62599625,3.34122682,2.96888474,2.59223663,3.05324581,3.48250624,3.20486993,3.39324076,2.96573775,1.98612779,3.13800466,3.03192256,3.54693105,3.37328627,3.41425543,2.64283145,2.39708353,3.13057206,3.47023420,3.55625603,3.58621410,3.74316211,3.74925476,3.61720387,3.57466631,3.72941303,3.50441883,3.33605094,3.01379498,2.48978741,3.19393707,3.48375905,3.33101437,3.26716443,3.57057109,3.15782896,3.14751172,3.30685326,3.76362365,3.27410074,3.30646715,2.75122709,2.60734601,2.83501102,2.97742983,2.94308088,2.79053710,2.10550618,1.97080689,3.51875360,3.39238484,3.99288722,3.36778746,3.52254685,2.74933627,2.40060113,3.03225173,3.32442076,3.16440952,3.27545829,2.96787839,2.01280129,2.97137789,3.41432514,3.77241800,3.43112813,3.14036296,2.69333179,2.57035473,3.27397593,3.48267215,3.29312602,3.39138915,3.84270392,3.61289757,3.23138524,3.47787899,3.73907322,3.45159227,3.39394275,2.76400342,2.39059254,3.21307112,3.27324917,3.08479870,3.45193760,3.60090500,3.49703970,3.24064929,3.68905063,4.01048695,3.32493450,3.31041132,2.98192181,2.53676609,3.29192377,3.20325405,3.10901701,3.34698023,3.48638868,3.31419321,3.20855493,3.21371516,3.73100014,3.46641071,3.39870034,2.73867829,2.45499795,2.97431446,3.23640104,3.20540761,3.26469212,2.79889644,1.89053140,3.25661220,3.41336682,3.52047101,3.46898611,3.29473427,3.01841447,2.62384304,3.05017217,3.13904597,3.16608448,3.53142488,3.53610823,2.89992801,2.44388222,3.24847889,3.58775034,2.93316747,3.05859702,3.03998973,2.42791689,2.97423741,3.45830809,3.29213398,3.62536937,3.80577495,3.66032624,2.05847426,2.60719498,3.19324582,2.94268397,2.78300221,2.76900266,2.41350986,3.17493142,3.15568897,2.60065573,2.67334629,2.94092120,2.51159950
3.43371276,3.27680669,3.74000622,3.55583496,3.25710548,2.97088534,2.14777142,2.85961432,3.59819019,3.58693638,3.59415614,3.46130449,3.67433955,2.15732780,2.11935079,2.25707287,2.33044888,2.21606562,2.12317775,2.08424904,1.88307535,1.77219836,1.89927135,1.92565000,1.98910724,1.91178273,1.98942171,2.48642782,2.49389790,2.78818525,2.63074339,2.14356846,1.81410192,2.02214745,1.97988888,1.65243767,0.00000000,1.74761141,1.95940605,3.24999136,3.34366487,3.52146877,3.38965857,3.26738477,2.88415453,2.25790302,2.96224781,3.20787564,3.10976401,3.28372317,3.22694367,3.19025405,2.51449248,2.23288283,2.54912727,2.48961777,2.49259326,2.35300986,2.13939719,1.95377863,1.96505159,1.91994568,1.78594568,1.77797270,1.87575165,1.92811129,1.96687267,1.94600099,1.99081026,2.24447366,2.16822422,1.98662684,2.00991156,1.90862587,1.96141480,1.82327626,1.93560146,1.79663271,3.05099149,3.14316862,3.57771791,3.51874626,3.20115090,2.88311476,2.45733851,2.82481476,3.15959231,2.68470727,1.89516423,2.03131306,1.90557873,3.51661060,3.76044829,3.30890921,3.59416118,3.27962063,2.51157238,2.31476041,3.07098392,3.37552908,3.34231160,3.18557578,3.41794564,3.56853302,3.21127102,3.17555221,3.49023592,3.69280215,3.15595612,2.78822491,2.40303294,3.12969938,3.24468194,3.16620948,3.03730991,3.18496315,2.01863207,3.40069031,3.06883887,3.81746638,3.65029843,3.19710653,2.83010372,2.64639601,3.21622852,3.48503022,3.73622977,3.43213851,2.86303725,1.83441952,3.34179715,3.60332188,3.84375242,3.54612721,3.08018388,2.85011729,2.20617300,2.87138658,3.17397277,3.39028685,2.99939359,3.63971522,1.97307340,3.34963095,3.37081114,3.78148498,3.84667403,3.14562409,3.05599273,2.58072068,3.01362756,3.45182808,3.42705252,3.15276339,3.00582320,1.92847617,2.90583725,2.97552721,3.33969291,3.53370598,3.19433004,2.80045657,2.38692963,3.02321963,3.51599783,3.80025672,3.41254902,3.72937925,3.70204727,3.31678097,3.53519261,3.49555219,3.64716950,3.04538773,2.89414390,2.42618294,3.24489468,3.55132993,3.46485641,3.23062131,3.53708230,3.24812411,3.03336219,3.05132694,3.49223236,3.43255440,3.08801530,2.69055900,2.42511881,2.81876340,2.99501248,3.04516578,2.74475796,2.06177660,1.90091525,3.52708808,3.43841207,3.84434000,3.65225986,3.41541061,2.93292646,2.31772221,3.05828337,3.40492722,3.48197785,3.11452496,3.08365343,1.88298246,2.92204089,3.36586209,3.60178560,3.69886658,3.06570635,2.75855516,2.33863364,3.12787340,3.42881924,3.54167751,3.11006112,3.58148918,3.37650869,3.22393179,3.32209285,3.44614725,3.69332582,3.24130772,2.85180642,2.33879487,3.05874265,3.28382405,3.30474700,3.14932861,3.51817853,3.41038974,3.25246914,3.74617788,3.84166291,3.50033408,3.21029921,2.91089743,2.45185129,3.22252577,3.20981506,3.36871115,3.41517056,3.49474372,3.41261687,3.21236773,3.21944648,3.56121656,3.72935469,3.34323163,2.89680712,2.57230978,2.76247201,3.20030653,3.49784464,3.08597378,2.90467347,1.86030125,3.09817641,3.19961460,3.39663515,3.67325609,3.25010997,2.91896526,2.44450243,3.02334252,3.18210119,3.12660177,3.39676303,3.40302036,2.90230136,2.42738092,3.41361050,3.50914874,3.13269953,2.96288400,2.93867630,2.39324549,2.97111857,3.44158735,3.58471675,3.63419671,3.82939753,3.58178599,1.98730546,2.43136171,2.77794976,2.76325687,2.45476614,2.58583087,2.07428499,2.98111535,3.05570318,2.73524547,2.49718191,2.76435924,2.45516354
2.97311854,3.10991298,3.51200005,3.17368606,3.25104989,2.62992450,1.59916681,2.52436309,3.28449993,3.30245972,3.41714990,3.05404257,3.52870195,1.78448569,1.78062317,1.79835679,1.78685290,1.92028072,1.54100286,1.51253557,1.38826639,1.22382196,1.25613359,1.38347197,1.36482925,1.38533867,1.49032604,2.00393547,2.32942157,2.34379028,2.93022945,1.96676508,1.87327509,1.97594927,2.14679212,1.89824145,1.74761141,0.00000000,1.38324947,2.93889441,3.15701297,3.27039984,3.02554199,3.25648632,2.56778129,1.56927569,2.59829405,2.83525873,2.89906875,3.08860155,2.62961933,2.53701410,2.00682464,1.83887930,1.87872471,2.02654388,2.30653485,1.69935667,1.68513043,1.40109239,1.19254867,1.36286425,1.34503680,1.21610663,1.36802333,1.64262588,1.61757274,1.46487630,1.62443034,2.03814640,1.54098434,1.62959640,1.80645257,1.57755075,1.55522717,1.65316396,1.31500501,1.24208746,2.81920944,2.77888445,3.24038427,3.12308853,3.21168775,2.35438443,1.92311373,2.56007050,2.69840379,2.27697299,1.63587883,1.45008794,1.21103279,3.33627512,3.69941977,3.34670468,3.42598040,3.38730356,2.34045835,1.80958070,2.72201494,3.16875147,3.34217122,3.12954593,3.23258846,3.47595979,2.64498731,2.58336660,2.99857103,3.09551598,3.14802741,2.37022470,1.94817350,2.77940852,3.04833418,2.90842056,2.91759133,2.60741737,1.28588002,2.95460734,2.78633642,3.37841753,3.20963458,3.29926127,2.36438568,2.18031365,2.87099442,3.09228728,3.39056302,3.30109659,2.35943539,1.32131853,2.81842790,3.00391776,3.40336547,3.01090552,3.18449158,2.31214112,1.68989740,2.69028965,2.98207901,3.08786572,3.08317101,3.14274523,1.33271045,2.92097856,3.05481057,3.53301957,3.36698177,3.24577766,2.54570529,2.03482070,2.70258428,3.05428631,3.00585237,2.85786483,2.33730661,1.30507273,2.44604019,2.61979258,3.02056399,3.07108429,3.29032104,2.22899778,1.79055707,2.74331415,3.12115075,3.50908398,3.31229389,3.32576002,3.53106127,3.22419611,3.33271462,3.36485636,3.42252549,3.13646896,2.63969335,1.80333408,2.82855770,3.19035185,3.13941632,3.04943580,2.89103528,2.54050735,2.61598893,2.86810756,3.23828028,3.05621612,3.22185184,2.25687724,2.06425179,2.71580112,2.79312399,2.54500995,2.41951102,1.57757136,1.29020014,3.05838342,3.12193993,3.56778650,3.19215641,3.49957430,2.54506174,1.95153024,2.82557459,3.02511902,3.08651489,3.03987839,2.49678645,1.32547641,2.65983336,3.20226235,3.45837781,3.32081774,3.19273618,2.28219940,1.96171798,2.78878720,3.10214324,3.24173454,2.88209455,3.20793006,3.06814906,2.79533987,2.94455343,3.26681248,3.26218932,3.28977123,2.19372856,1.78880661,2.82361619,2.92301581,3.19583011,3.16091092,3.27164827,3.38541486,2.76199072,3.44075003,3.52910050,3.08993187,3.11601717,2.55481184,1.96250898,2.92872785,2.84638951,2.90690334,2.87954203,2.78809575,2.85499384,2.73400109,2.81303807,3.31400904,3.21566287,3.28878386,2.34832799,1.96298250,2.46443171,2.87078844,2.92063967,2.89338632,2.15179876,1.27405378,2.89687340,2.95087429,3.22810768,3.35819454,3.17044222,2.50964993,1.92088222,2.60731473,2.75541710,2.83927048,3.06113470,2.81160811,2.30883197,1.97950062,2.90522120,3.09020896,2.78612361,2.93666863,2.54457009,1.84380306,2.66831408,3.06229855,3.18996708,3.31369405,3.17875458,3.17049966,1.30552738,2.33288795,2.60203935,2.58590109,2.66994060,2.29375829,1.98376850,2.70322065,2.79529288,2.48339962,2.49581429,2.26865072,2.19417299
2.79886853,2.89677280,3.48531473,3.01220930,3.10682861,2.51562491,1.29198913,2.41780863,3.11088004,3.17105855,3.31052910,2.94215723,3.33420188,1.44525175,1.44425664,1.42846183,1.41920414,1.41662608,1.13553800,1.20032516,0.76649153,0.68768226,0.69006487,0.75032074,0.75010574,0.68622480,1.04458173,1.73733216,2.14586878,2.19766471,2.73452336,2.08510575,1.65647808,2.01810383,2.33394013,2.01615689,1.95940605,1.38324947,0.00000000,2.81873411,2.92116112,3.22508892,2.88617805,3.04929922,2.53991729,1.36572615,2.67949588,2.89797300,2.98354899,3.11759710,2.77875697,2.49506666,1.59453511,1.60558295,1.67684250,1.64407761,1.84211456,1.50525191,1.28660536,0.98235358,0.84007279,0.65186869,0.78124627,0.69849237,0.72948210,1.07731359,1.16153808,1.12530307,1.11026836,1.59083287,1.35403638,1.16668088,1.28235678,1.13319278,0.78503822,1.14912503,0.67094641,0.74206766,2.65779285,2.64592209,3.28896755,3.02501188,3.03144538,2.28964741,1.72776071,2.38771710,2.83869866,2.20413808,1.11414070,0.93890071,0.75046165,2.94712184,3.41883029,3.19030387,3.22973084,3.21992587,2.07997533,1.53442505,2.68670617,3.09077034,3.25986575,3.13063310,3.05757159,3.31431321,2.37700925,2.27446192,2.73930288,2.72845956,2.87475212,2.20665140,1.61419349,2.62241727,2.93151181,2.76486605,2.89645594,2.74526209,0.63136573,2.72719771,2.62319456,3.21801388,3.00663244,2.99709865,2.13880162,1.64106547,2.54629429,2.93368389,3.08340665,2.83249075,2.04745862,0.66796761,2.81506482,2.89937536,3.30198932,2.80991505,2.97921210,2.25798993,1.46024683,2.50711255,2.79069862,2.84568083,2.95683239,3.07702731,0.71859898,2.63791816,2.65996710,3.22870299,3.02097526,2.86036943,2.13541034,1.47685847,2.38855287,2.90419118,2.64014874,2.57177293,2.12397559,0.60770970,2.53845338,2.50363039,2.98493196,2.96280403,3.06016448,1.99748901,1.25799307,2.53693687,3.05848961,3.33656915,3.18299841,3.09741224,3.30962477,2.92246677,3.11386098,3.17431749,3.26096172,2.92230864,2.46670768,1.49071013,2.73885463,2.94027733,2.91038736,2.83843661,2.68711517,2.32592751,2.57754407,2.76165016,3.17380557,2.87333471,2.99852206,2.23354511,1.56653967,2.36554735,2.60113645,2.10959085,1.72810787,1.15993704,0.70803190,2.74889839,2.89573158,3.41503847,2.90374496,3.13813925,2.39944529,1.64100739,2.55864795,2.80002451,2.95556448,2.80826150,2.62978507,0.81216459,2.47979189,3.01131000,3.36500614,3.00295138,2.86764097,2.15284014,1.49853658,2.54455191,2.94512274,2.87327522,2.53186520,2.82992318,2.67717569,2.77485743,2.90402115,3.25953393,3.12101131,3.06978431,2.05732149,1.33160315,2.53352965,2.75209132,2.83902567,2.89977850,3.07733328,3.04664513,2.59873034,3.16662075,3.39859217,2.87469563,2.91076830,2.34864395,1.59875994,2.84156918,2.72549840,2.69421629,2.83036634,2.72603391,2.80776952,2.55417648,2.61438236,3.17459397,2.94725517,2.94754400,2.18053989,1.61228990,2.34366781,2.75594336,2.83667095,2.81774657,2.19071861,0.74029045,2.53686993,2.60174767,2.93543162,2.98963481,2.82605427,2.35220518,1.49687968,2.39373985,2.54751677,2.61403874,2.92692444,2.75436565,2.25104899,1.74478324,2.75452611,3.10122038,2.72097405,2.84134667,2.43956239,1.43933492,2.54888514,2.91398241,2.97599451,3.13924480,3.01754794,3.00139150,0.71566537,1.95120287,2.39188807,2.20476369,2.47636182,2.02177837,1.72881125,2.50795899,2.64711846,2.35076081,2.32935563,2.27407745,1.82593500
2.55637456,3.45737254,3.96508707,3.69097214,3.91061678,3.89784270,2.60609892,3.85515566,3.92029227,4.01676360,3.90340101,3.67505296,3.48612025,3.09930753,3.34229616,3.14676428,3.04131465,3.07964993,3.00963546,3.03559690,2.78787033,2.74878487,2.76641391,2.78024394,2.72055481,2.72132221,2.83403047,3.27889441,3.41593707,3.75607762,3.82634171,3.59668002,3.14128893,3.57905786,3.42775072,3.45912889,3.24999136,2.93889441,2.81873411,0.00000000,2.72624238,3.08319771,3.38638756,3.77285548,3.64849537,2.56775294,3.98406881,3.88598240,3.80549792,3.53270179,3.50721146,3.15745790,2.92868694,3.00405050,2.92722702,3.11305146,2.97361506,3.05523425,2.91139972,2.81636230,2.79219977,2.79664955,2.82183814,2.77088564,2.85637516,2.74085702,2.80312587,2.66326194,2.85202365,2.90287453,3.07960387,2.72963373,2.92638241,2.71620572,2.71832177,2.80929832,2.74558461,2.74371346,3.46812966,3.99157441,4.28800412,4.26197491,3.89295459,3.63530786,2.96444161,3.88198891,3.85733805,3.27401837,2.73338267,2.73754552,2.80974247,3.09088505,3.96649128,3.81878392,4.19871878,4.11237496,3.38778343,2.73735461,4.23261310,4.12871815,4.19612507,3.82860598,3.88431646,3.75413576,3.22933912,3.92601427,3.88998997,3.98474012,3.85201446,3.62680803,2.94688113,4.03735611,3.87337362,3.86836182,3.61506572,3.74367080,2.69603914,3.27937778,3.98602277,4.28921864,4.13906474,3.89194281,3.72334623,3.09511472,4.17895196,3.82107655,4.15000213,3.74336363,3.60036199,2.77904525,3.67148537,4.41246327,4.32127426,3.99411646,3.92539104,3.87701439,2.90672929,4.00939034,3.73801190,3.87982938,3.67855515,4.01394846,2.71956098,3.48471786,4.31519517,4.59335983,4.20055265,3.96170630,3.65133009,2.94437877,4.06459518,3.80149042,3.71298587,3.35988654,3.20827168,2.76212586,3.17490538,3.90705880,3.94419773,4.08060939,4.01427564,3.61943386,2.74351671,4.08846216,4.01307001,4.26108030,3.87183686,4.04442695,3.80063026,2.79699543,3.89126467,3.83726454,3.86395059,3.88659281,4.01748318,3.10009283,4.30653440,4.09686193,4.11280536,3.94396705,3.91777880,3.68454062,3.12308804,4.08803407,4.06772125,3.95612548,3.89694264,3.69005188,2.98270329,4.16819366,3.65725413,3.35541216,3.17268413,2.85246385,2.78611164,3.37953382,4.26377167,4.10881578,3.90846468,3.84780588,3.82617496,3.00835843,4.16421760,3.61440342,3.98185186,3.70382308,3.71895694,2.81630813,3.32747894,4.40383579,4.29455858,4.13192575,3.87718002,3.48563282,2.83496635,4.09104859,3.98086002,3.89614710,3.30743255,4.04619688,3.58991450,3.21528408,4.30193961,4.07243392,4.12362394,4.04946116,3.62348209,2.97010330,4.15196361,3.77904413,3.91686494,3.53386836,4.05302507,3.55976254,2.91639480,3.85299150,3.96325365,3.63701642,4.01885695,3.78892056,2.81714327,4.24402048,3.85109634,3.72859582,3.83590764,3.71737607,3.45147878,3.18739353,4.22183560,4.25917033,4.08748581,3.73962350,3.74000001,2.90411662,3.73372540,3.76279666,3.92684495,3.27079737,3.33904296,2.77519654,2.94507021,3.65084530,3.99927954,4.03646810,3.63061500,3.61905148,2.82664857,3.87596109,3.59097997,3.68552977,3.72043211,3.62035710,3.20420293,2.91480265,3.34656873,3.61588045,3.39117264,3.67593534,3.66128646,2.67512765,4.04660675,3.77064337,3.87722321,4.01314466,3.95926112,3.54582100,2.73056910,2.96585440,3.16010399,3.30166489,3.48116053,3.54534136,3.09738488,3.98444012,3.89244213,3.67602438,3.43063112,3.69178758,3.25029832
3.56860398,2.84005730,4.08445084,4.05901658,4.18750554,3.71830022,2.82398291,3.19434876,4.47647534,4.41637041,4.17236177,3.66946423,3.79741649,3.32252619,3.23520650,3.30978089,3.26795196,3.15261343,3.04856468,3.13045403,2.88787390,2.92824828,2.90411655,2.90804337,2.86496626,2.84258911,3.04179978,3.25980108,3.88844103,3.83948166,4.24960835,3.76910579,3.26993318,3.35035265,3.93678079,3.59936368,3.34366487,3.15701297,2.92116112,2.72624238,0.00000000,3.24102434,3.52523671,3.91913931,3.44954673,2.60740049,3.29358714,4.47278295,4.09327960,3.91491791,3.50014362,3.53892888,3.29141235,3.07687638,3.35580326,3.32901961,3.34633551,3.17869309,2.95123032,2.89412929,2.91270677,2.85918903,2.90787490,2.95822860,2.96556773,2.94911703,2.89769535,2.85945355,3.05497506,3.10227516,3.23888221,2.89679701,2.93075026,3.03177151,2.82110369,2.90584600,2.79161694,2.88393272,4.09746937,3.52894556,4.35866499,4.40491354,4.20156055,3.58688022,3.16545347,3.50829693,4.27178530,3.44012082,2.90411119,2.80194033,2.92583631,3.85568585,3.40548468,3.75405591,4.35665913,4.23001150,3.34279697,3.02122504,3.60497637,4.68509489,4.30123693,4.17761653,3.68793434,3.88212049,4.05533901,3.64827890,4.39190059,4.40637453,4.10139781,3.63436654,3.30156198,3.88314338,4.42530083,3.99241586,3.87742618,3.91036154,2.87028952,3.96384242,3.27193818,4.45260230,4.30451693,4.21332548,3.82397630,3.32825467,3.56080625,4.50574167,4.28772899,3.99562753,3.58127493,2.97166873,4.13589337,3.72526832,4.49997582,4.28300965,4.23285664,3.87665016,3.19048851,3.75004272,4.39354361,4.32649416,3.65495914,4.01595400,2.87827641,4.11310270,3.60265513,4.66602804,4.36164008,4.15186792,3.76739724,3.18768938,3.80697318,4.37650375,3.91533119,3.47436664,3.18801175,2.82574167,3.65653319,3.25996819,4.08183743,4.20505094,4.18450338,3.42329789,2.92915439,3.51956233,4.57837770,4.49669865,3.96147674,3.72874587,4.04404511,3.59247840,3.42001293,3.94626445,4.14251753,3.94672643,3.81781690,3.08591877,3.85626176,4.52790013,4.22737968,3.83867355,3.78704360,3.58779111,3.84831041,3.22005736,4.25618117,4.06971869,4.12123481,3.62568989,3.23101166,3.62631490,4.15644240,3.40996216,3.13102111,2.93275170,2.86756487,3.93631305,3.71968170,4.36083893,4.13550625,4.24477434,3.90292497,3.36285734,3.82046178,4.29582290,4.14490310,3.95217988,3.90141564,2.88032998,3.91397940,3.59987450,4.43350768,4.38694610,4.30428485,3.54745381,3.08815482,3.72907766,4.54391681,4.25705626,3.63618276,3.74720339,3.70098920,3.79367724,3.49095587,4.37030847,4.52608059,4.23503196,3.63334045,3.04986300,3.55549534,4.45032808,4.07024150,3.64626298,3.65240316,3.80279031,3.62094475,3.52453472,3.80888214,3.94777983,4.10525548,3.57819184,3.00479592,3.62164678,4.16994938,3.82173498,3.77201345,3.79832152,3.91410637,3.81742032,3.62845229,4.39241781,4.35868729,4.21367742,3.75884691,3.33616399,3.49921362,4.33431100,4.24437210,3.76361934,3.61985942,2.91935831,3.59350841,3.15809030,3.89178157,4.28527155,3.86415745,3.44628418,2.95539419,3.42101026,4.05840724,3.96980842,3.73762628,3.66057588,3.63597982,3.42196557,3.13222099,3.83190263,3.88188416,3.98363359,3.53407776,2.91393671,3.33011081,4.33083868,4.27789502,4.06241447,3.71778881,3.69404522,2.92866505,3.05712590,3.61868353,3.24161282,3.90957836,3.55384191,3.32940749,3.57316378,4.13770092,3.74656029,3.50491616,3.66813512,3.37934586
3.99556683,3.99153931,2.98787402,4.04070057,3.98698534,3.91031865,3.32329743,3.32946387,3.71520792,4.72260029,4.34036734,3.87238817,3.88254478,3.49933480,3.44471788,3.27414947,3.40959371,3.22234985,3.31027947,3.32318552,3.11924992,3.19515480,3.17693962,3.12462086,3.21439296,3.21858594,3.32985296,3.47175790,3.54844304,4.01916695,3.81148185,3.70188577,3.38264373,3.46926704,3.44728471,3.78835977,3.52146877,3.27039984,3.22508892,3.08319771,3.24102434,0.00000000,3.40593153,3.71585348,3.60586978,2.95368831,3.24701951,3.61318407,4.39787546,3.93185514,3.70288471,3.51073638,3.54882121,3.44923874,3.31667692,3.59440397,3.37043878,3.31615767,3.26056254,3.21185559,3.24184848,3.15681538,3.19313925,3.15202862,3.19999899,3.20003914,3.12493377,2.97434586,3.20873035,3.12880556,3.27526910,3.16547397,3.16529096,3.12329561,3.14646125,3.16305254,3.17045062,3.15899673,4.06461611,4.11256060,3.46303016,4.40184623,3.87609315,3.75810148,3.46627158,3.55843816,3.79516533,3.67174607,3.07793806,3.13938345,3.19545456,4.00560262,4.27620124,3.26636307,4.25733962,3.82899242,3.46242092,3.39857150,3.61403560,3.65013036,4.72647070,4.10229083,4.02631267,4.15090675,3.94382469,3.80767389,3.42560533,4.41427676,3.88329027,3.79353204,3.31745154,3.90168515,3.96442479,4.54811964,3.98682798,4.20835835,3.14467519,4.05397946,3.85293583,3.31404535,4.38435994,4.02432342,3.96892324,3.39519852,3.66892243,3.65805259,4.62763301,3.92883902,3.81485094,3.13378712,4.29067887,4.35256450,3.81695989,4.27067586,3.96462215,3.84964054,3.15643664,3.63817841,3.71545185,4.57808724,4.02582082,4.48724377,3.20725219,4.02724575,4.03134361,3.72869555,4.39690128,3.93648033,3.92964854,3.40908853,3.74353253,3.57828614,4.29278293,3.68114248,3.66056156,3.17668654,4.00826261,4.05831114,3.38826374,4.22424365,3.98555601,3.58623163,3.22781132,3.63021281,3.75347712,5.07101897,4.15929619,4.18606207,4.20837545,3.74737286,4.01271539,3.09567686,4.07884943,3.78948661,3.86320335,3.47727009,3.73832711,3.97802896,4.52604440,4.25611970,4.15013462,3.72117979,3.88660645,3.94730269,3.48944058,4.34510568,3.92742342,3.78210881,3.38515978,3.70101468,3.56133153,3.87367028,3.34101120,3.25077738,3.11143754,3.98324667,4.16521813,3.46875915,4.21566970,4.04681028,3.93116058,3.38183613,3.72341522,3.74684827,4.49348050,3.88925998,3.96205546,3.17353931,4.11100581,4.26109153,3.41559777,4.38417866,3.92653132,3.69604142,3.34074955,3.55579473,3.85171010,4.58411434,4.00840044,4.11020712,3.96809334,4.17646752,4.11281895,3.45552095,4.46759165,3.99962203,3.82299841,3.31659907,3.56539997,3.65180343,4.58268034,3.76888757,4.20236596,3.91248914,3.75121406,4.05796171,3.18794439,3.82637435,3.73680007,3.59590493,3.25119558,3.49143393,3.64058838,4.37243406,3.81980907,3.88363127,3.84312689,3.87909491,4.17057116,3.51746928,4.39815094,3.78527598,3.84539753,3.25356856,3.64178309,3.60826122,4.60367978,3.94657071,3.88651528,3.20907411,3.72205584,3.80867131,3.12926427,4.08861174,3.57970565,3.62710818,3.49768185,3.53542431,3.66385895,4.46158068,3.98343517,3.99142551,3.84326284,3.54424571,3.84174528,3.17245511,3.82241528,3.73749596,3.72004038,3.33234727,3.46397692,3.60870429,4.67031188,4.21017960,4.06173074,3.97651841,3.20196955,3.40668649,3.42127072,3.50804986,3.36951408,3.72287392,3.48107557,3.58988047,3.75824668,4.18760082,3.73889350,3.82867319,3.63209501
3.65735478,3.87128865,4.06497475,2.55523302,3.49661548,3.54843900,3.10441575,3.34867490,3.46132605,3.61997786,4.60313395,4.06373622,4.14585342,3.32400133,3.32922563,3.35619974,3.08378582,3.28662447,3.14846091,3.08820523,2.84521767,2.82781267,2.89226490,2.86795727,2.93800735,2.87826472,3.02427066,3.28943138,3.64746554,3.26210871,3.69104944,3.60284657,3.40761840,3.35718463,3.48814920,3.21467006,3.38965857,3.02554199,2.88617805,3.38638756,3.52523671,3.40593153,0.00000000,2.99084120,3.34888402,3.02155255,3.51387974,3.29571560,3.34129113,4.26956131,3.85751622,3.65761183,2.99445266,3.04428306,3.19919818,2.84414049,3.23619036,3.06280072,3.14331385,2.86023260,2.87590635,2.81964530,2.76980769,2.91393227,2.86271727,2.85910238,2.92187352,2.86016878,2.89555121,3.12456592,3.02637500,3.00651470,3.07124100,2.82448400,2.83538709,2.97435634,2.83038950,2.92750938,3.77690652,3.75704796,4.15745527,3.08652777,3.51602889,3.60778664,3.19795704,3.17696264,3.64597062,3.33223868,2.95139495,2.92367118,2.91951012,3.86360390,4.25987669,3.95573103,2.85725374,3.42586817,3.26700176,3.07332957,3.63179143,3.62537183,3.44000418,4.27176688,4.15785133,4.03876989,3.85762319,3.84005852,3.85503942,3.17687574,3.87057398,3.74898436,3.10141470,3.60296386,3.66774022,3.68540290,4.24619363,3.88232475,2.86042242,3.81739437,3.83293911,3.99988235,2.81482536,3.67431336,3.71012557,3.35536222,3.62569085,3.59429174,3.77196956,4.35772066,3.79793092,2.84292379,3.99372491,4.11568982,4.19899056,3.03744719,3.81740255,3.63082528,3.11835464,3.58158824,3.66315678,3.76494589,4.38665248,4.16645444,2.84223994,3.76375570,3.80536355,4.19781591,3.05121382,3.66826189,3.68264172,3.16555490,3.48396405,3.63071223,3.19139071,3.97397692,3.55299126,2.87124033,3.97627207,3.91763094,3.92512393,3.01280153,3.66583161,3.50427208,3.21890195,3.59035836,3.53147010,3.81428422,4.58571143,4.13327876,3.93058854,3.57135673,3.79833589,3.81219311,2.64974549,3.32206895,3.34839118,3.21747159,3.69178844,3.34102170,3.46484389,4.38097629,4.10598876,3.66331615,3.90466971,3.97480185,4.07370655,2.83109966,3.67842579,3.59967880,3.27891593,3.25059777,3.39712169,3.32281082,3.25730416,3.03395294,2.85063084,3.76362709,3.93129698,3.99881317,2.84224873,3.58205389,3.63133538,3.33581678,3.67779864,3.41765999,3.55699389,4.21742712,3.78624616,2.86506787,3.76144735,3.95770241,4.01493952,3.06597992,3.61555532,3.55889365,3.35619371,3.66955475,3.64040007,3.29192447,3.86380300,4.12191714,3.74307414,3.76187219,4.06358704,3.99469881,2.92236282,3.78294203,3.64288896,3.09131723,3.50279824,3.44639412,3.60416547,4.38936128,4.28128594,4.00404227,3.40305604,3.70834681,3.90270639,2.52041035,3.18968876,3.44301422,2.96002511,3.41415082,3.35141442,3.29198799,4.17265301,4.07493317,3.54724808,3.68530671,3.79133663,4.33086220,2.96871163,3.67135604,3.64753659,3.17220237,3.53449619,3.76834886,3.69967174,4.04365971,3.46973508,2.83593600,3.21529221,3.82480718,3.55762673,2.67074889,2.88957496,3.41224437,3.18486251,3.42320437,3.30759955,3.77178370,4.19156219,4.08936845,3.64663978,3.14361993,3.54228571,3.79972644,2.77681459,3.36372603,3.50173543,3.08891123,3.43973902,3.46988522,3.61946572,4.46457465,4.14152618,3.90741160,2.86888331,3.13031783,3.71219963,3.12853957,3.41398999,3.47108818,3.35260096,3.49441292,3.59439613,3.24141984,3.72759627,3.71652995,3.24522093
3.93072506,4.12690141,4.34140567,3.46814149,1.94795840,3.19933098,3.27963822,3.61842792,3.45169575,3.66208755,3.76016039,4.72353320,4.38106459,3.38386338,3.24466460,3.31092897,3.37093086,3.13876551,3.20903458,3.20683983,2.96376333,2.97386446,3.08709388,3.01527690,3.06966056,2.98972778,3.05963125,3.34791545,3.61125459,3.39242187,3.10020722,3.50203521,3.31482670,3.43307579,3.32820575,3.32334694,3.26738477,3.25648632,3.04929922,3.77285548,3.91913931,3.71585348,2.99084120,0.00000000,3.07325381,3.26630063,3.58626898,3.28604862,3.33748807,3.51295431,4.36447883,3.93198542,3.19471840,3.20124959,3.28567304,3.21616807,2.99106118,3.22229047,3.18625028,3.03266049,3.07992728,2.96718037,2.93891814,3.07564486,2.92759612,3.05085239,3.24612416,3.04705046,3.15448253,3.00418760,3.25170774,3.20126316,3.06206808,2.98871282,3.05136243,3.08502516,3.08769172,3.07009575,3.71647909,4.12659312,4.05706710,3.69623325,2.54214676,3.50799317,3.34909068,3.54393040,3.45006285,3.52951432,3.01314139,3.08697258,3.01144431,4.06691124,4.28465482,4.08181127,3.47685444,2.05186771,3.05969265,3.46759276,3.64860420,3.40698631,3.60258746,3.39981215,4.57204982,4.42379771,3.80277604,3.80201004,3.63885423,3.61251491,2.92842093,3.52321395,3.29039985,3.63224032,3.47013558,3.67685573,3.84888773,4.08439403,3.14973312,3.96229654,4.04785510,4.15924809,3.87378461,2.48163246,3.54948891,3.27524597,3.53506318,3.41430708,3.75282586,3.79658080,3.84890362,3.02714943,3.94495386,4.32933232,4.11967411,3.71616327,2.80348444,3.37755726,3.18316010,3.51756857,3.28439958,3.69880723,3.88365669,4.55026150,3.02635879,3.76265502,3.96538069,4.14059572,3.92678273,2.53019004,3.50786836,3.15826880,3.51649202,3.46638893,3.66051394,3.78601062,3.66713087,3.03803065,3.82861778,3.82298710,3.52333098,3.67350914,2.58772659,3.35832412,3.28459491,3.69069513,3.46915113,3.75078742,3.77761635,4.74183977,4.29434138,3.94690556,4.21411927,4.08934647,3.80566897,2.26769434,3.30592953,3.46131086,3.84679703,3.53734736,3.65755351,3.94191998,4.67284648,4.05201374,3.73232820,4.14130877,3.99622851,3.60594331,2.54444093,3.49210555,3.20213382,3.29524864,3.20718747,3.83151542,3.38352703,3.11817050,3.03209447,3.94392984,4.23509608,3.85437632,3.75778106,2.63211566,3.40440618,3.30289469,3.61517151,3.21352318,3.83598206,3.61307109,3.98889368,3.08318097,3.82467489,4.05316334,4.11926650,3.55899538,2.40125249,3.37327700,3.24064369,3.78726010,3.43132898,3.42884036,3.54936806,4.57754503,3.95960509,3.92784365,4.24164607,3.97360927,3.85673711,2.55629283,3.57158538,3.31787589,3.58525494,3.33920847,3.57316677,3.70902316,4.76190318,4.20292875,3.67031082,4.06052659,4.24440482,3.56883112,2.08159431,3.18170914,3.31648509,3.64114144,3.25517509,3.42836570,3.68691768,4.45077555,3.95021824,3.61208372,3.91852175,4.18184809,3.84194487,2.58504857,3.43875412,3.27829416,3.72757933,3.44721738,3.75216023,3.52957034,3.83857617,3.05102553,3.61811961,3.75788524,3.95856589,3.60738759,2.39126045,3.36035078,3.48093358,3.63437861,3.30093795,3.67208294,3.76173563,4.40663189,3.71660548,3.28002243,3.92348487,3.98415236,3.59206368,2.45275055,3.33443428,3.46061565,3.64771755,3.55640936,3.67915933,3.59441393,4.76623312,4.22288996,2.99429648,3.39241092,3.76990848,3.64015136,3.23352952,3.61541954,3.48371700,3.91006506,3.74720066,3.48222619,3.41664398,4.05727537,3.60141189
3.85631063,3.61105321,3.90672842,3.68284289,3.32689199,1.54345315,2.78504402,3.04254288,3.40001378,3.80116274,3.49011260,3.57028761,4.64484040,2.90494738,2.65452346,2.71244265,2.83119169,2.74954040,2.56281680,2.66179251,2.44558599,2.42180744,2.44951206,2.43302713,2.55758122,2.49426112,2.52832470,3.05551213,3.31845648,3.28154018,3.30290799,2.73533569,3.10112130,2.84182762,3.05961318,2.95263821,2.88415453,2.56778129,2.53991729,3.64849537,3.44954673,3.60586978,3.34888402,3.07325381,0.00000000,2.57403217,2.79416010,3.09593336,3.39572473,3.08162462,3.14814708,3.60833479,3.04936042,2.94346660,2.88742428,2.91380468,2.95054645,2.56006793,2.73096175,2.40498836,2.41074990,2.47140241,2.43393322,2.47372077,2.42827305,2.51716880,2.55747009,2.64735469,2.64226350,2.69978221,2.43484539,2.66822653,2.47648803,2.50491061,2.52027050,2.57031887,2.34093864,2.39459641,3.61032084,3.31158963,3.92040226,3.72641255,3.32083825,2.38212219,3.01100134,3.15421766,3.14471903,3.03048663,2.63393467,2.43246307,2.40884564,3.88379400,3.83146127,3.58604547,3.57846456,3.36365079,1.96421541,2.84641527,2.97176889,3.29926639,3.73968861,3.32964552,3.62570358,4.43742283,3.65553427,3.27488142,3.73730460,3.62929268,3.22747931,2.38764335,3.13626433,2.88277440,3.28119845,3.48404725,3.37834829,3.45469874,2.46535334,3.75403236,3.43604205,4.08948854,3.82862715,3.35213477,2.45323931,3.04755314,3.08717726,3.35609794,3.52875285,3.63277981,3.12539541,2.39021127,3.56178487,3.65008125,3.84938049,3.66339993,3.36080218,2.25148328,2.93522238,3.11066713,3.24642570,3.35509571,3.41438689,3.73815073,2.41360253,3.67438708,3.36942236,3.91797770,3.92572487,3.22494945,2.54978146,2.83366569,3.12705572,3.38595260,3.40027813,3.40242107,2.93296324,2.44276946,3.33965898,3.18151320,3.57871512,3.67671259,3.36040504,2.26584527,2.85848479,3.04579051,3.31207281,3.78823402,3.57515749,3.68748856,4.52036180,3.72671685,3.60179705,3.66878915,3.89595679,3.44492672,2.09780892,2.91871653,3.33113865,3.24672316,3.52663064,3.37363263,3.62997152,3.77750791,3.69405064,3.63237252,4.05259609,3.67706214,3.34060137,2.18225376,2.92384530,2.91349599,3.22426259,3.13441603,3.03405789,2.48049682,2.38221614,3.81558188,3.65126892,3.85601878,3.60743149,3.46769394,2.59829740,2.89683164,2.87408445,3.22225221,3.40904706,3.51473749,3.22798032,2.46189403,3.65667713,3.68414601,4.05123974,3.70203505,3.27212434,2.23133872,2.92003858,3.19833072,3.26126599,3.26067844,3.36668435,3.66511578,3.94954282,3.74487490,3.59088756,3.99570444,3.96137506,3.37415204,2.38031029,2.94177775,2.99765495,3.18899737,3.40218755,3.30170193,3.87837272,4.36789932,3.50230242,3.79125328,3.72758878,3.46253098,3.13494798,1.81309183,2.53622343,3.18181365,3.18630652,3.54149565,3.21755214,3.61538335,3.99152630,3.58789821,3.42862636,3.81298408,3.76093651,3.48930166,2.27850349,3.10152628,3.15431126,3.49228891,3.41382903,3.42432808,3.13556167,2.41660399,3.47636658,3.29838704,3.61047695,3.69957499,3.16413141,1.83796042,2.91347936,2.87983961,2.98067500,3.35960193,3.07883738,3.31346884,3.18862799,3.02800561,3.33918085,3.60510400,3.31370960,3.27835030,1.74459012,2.88854080,3.09260933,3.38410756,3.85006193,3.39586055,3.77955176,4.28295441,2.44633336,2.80736683,3.29950459,3.07798856,3.24453133,2.54857571,2.86625138,3.17730825,3.22230959,3.28971946,2.99371085,3.12267451,3.10200348
2.93537946,3.02452282,3.55925959,3.45856381,3.48631701,2.87477724,1.28975606,2.60029334,3.35712073,3.51421263,3.47795425,2.84576515,3.24194880,1.79399153,1.83606358,1.82521089,1.73567054,1.83176148,1.55221322,1.72919742,1.38875915,1.31787033,1.21322794,1.40970748,1.36552991,1.40059957,1.63643981,2.12170144,2.59612434,2.64505741,3.17735124,2.46402442,2.25617210,2.47578402,2.64910192,2.34112998,2.25790302,1.56927569,1.36572615,2.56775294,2.60740049,2.95368831,3.02155255,3.26630063,2.57403217,0.00000000,2.47481598,3.00459959,3.05577195,2.98565731,2.52795968,2.24179505,1.78783581,1.87625125,1.91815556,2.00445468,2.27211537,1.85056967,1.79288986,1.57429737,1.33663258,1.35558364,1.43200652,1.42644583,1.42974426,1.63537909,1.49603926,1.56316070,1.59228395,1.89807168,1.70672340,1.74928999,1.75302980,1.63673457,1.37179584,1.59868962,1.37322483,1.29427957,2.73675785,2.79656409,3.35698578,3.38315084,3.35215770,2.60050054,2.13189141,2.81045176,3.13672388,2.60263655,1.81593874,1.42365327,1.37305390,3.11139028,3.45730271,3.29278089,3.61631542,3.56087118,2.34990959,1.60573065,2.81399855,3.24354881,3.57023539,3.22184180,2.90405635,3.19912007,2.65334987,2.55895760,2.92313055,3.16179565,3.24142193,2.52286325,2.02208513,2.96766188,3.21867778,2.96954193,3.03806172,2.81571177,1.30823436,2.79629637,2.78466654,3.33100959,3.46226964,3.44810087,2.58237126,2.00495752,2.97705510,3.25980248,3.58864908,3.08726551,2.40609524,1.33583446,2.96657534,2.91766298,3.43028881,3.18091612,3.40033323,2.68483096,1.88796844,2.84291209,3.19108408,3.21504765,3.11015480,3.14921643,1.27229919,2.73617818,2.76370123,3.40136411,3.40209251,3.29219365,2.55513865,1.94778716,2.87395192,3.19186915,3.05028401,2.80005750,2.22342936,1.35825694,2.38558722,2.49979804,3.06560398,3.19836850,3.40555410,2.35098983,1.48109659,2.79927525,3.31955144,3.64324682,3.22274321,3.07828864,3.39337848,3.03299443,3.19945701,3.26658945,3.58383189,3.30778138,2.90398410,1.71979243,2.97502793,3.31389555,3.25301606,3.13148310,2.79924608,2.62412522,2.54414635,2.77543905,3.26656364,3.25327565,3.33557771,2.49320570,1.87801743,2.83622223,2.93755645,2.39849536,2.14576053,1.47691672,1.35256508,2.83629161,3.00414804,3.39179570,3.21040880,3.50055793,2.79817952,2.07922051,2.98147895,3.15361148,3.22086223,3.01529572,2.62096463,1.46298262,2.60263219,3.08804465,3.43533652,3.32301388,3.25296777,2.40068628,1.94584181,2.92580468,3.35505531,3.34199416,2.68253654,2.97911585,2.92781681,2.71270938,3.00219248,3.23796913,3.42657836,3.42388540,2.26525354,1.67941447,2.87887629,3.08363978,3.27209037,2.96915219,3.09608859,3.29334239,2.59537861,3.13948920,3.41100881,3.11087781,3.26026511,2.66470539,1.63002447,3.09280027,3.12301416,3.10156512,2.91271386,2.71035655,2.88827744,2.58395646,2.77080090,3.21222314,3.19484783,3.22954342,2.53000064,1.86917187,2.68098349,3.03660145,3.11734769,2.99238851,2.32515843,1.39164027,2.84345785,2.83376910,3.16582398,3.37253855,3.15137088,2.50855792,1.57628605,2.58146973,2.85871938,2.90461755,3.01246880,2.70015568,2.34390689,2.12688991,2.80123393,3.11693810,2.97154733,3.21601792,2.71404674,1.47600344,2.63211537,3.23028492,3.31909364,3.34904814,3.07454090,3.05336720,1.38067979,2.40976662,2.62349803,2.62651889,2.94472583,2.46250194,2.05693512,2.71842283,3.06537873,2.70287569,2.54289890,2.43644476,2.13026939
4.12036652,3.58955807,3.45409945,3.91759835,3.78302339,3.03349860,2.84792512,2.18153247,3.44855014,4.00324660,3.84262457,3.48835109,4.00296891,3.12512498,2.84921660,2.94593375,3.07134389,2.91975215,2.79271076,2.88729420,2.58438313,2.55724059,2.62225281,2.57441369,2.72839067,2.68492377,2.71897673,3.16420449,3.61728154,3.55919410,3.69361900,3.07378898,3.17340727,2.75340981,3.20193020,3.13230428,2.96224781,2.59829405,2.67949588,3.98406881,3.29358714,3.24701951,3.51387974,3.58626898,2.79416010,2.47481598,0.00000000,2.96375792,3.49725240,3.34956838,3.14224364,3.16259337,3.15010372,2.95317748,2.93303264,2.99799117,3.09580677,2.93022242,2.78184954,2.58413706,2.60597875,2.54167430,2.61910704,2.65512330,2.53317604,2.71216566,2.63861620,2.60319151,2.75063491,2.87208020,2.60053173,2.75865341,2.63096858,2.66287813,2.65882729,2.62346972,2.55974053,2.55619346,3.95040060,3.36193837,3.47449646,3.96233682,3.83761965,3.15034728,3.11287034,2.86889813,3.36706110,3.41361673,2.76413605,2.56374021,2.59148857,4.25354052,3.79942511,3.01924908,3.81210124,3.63996691,2.82481564,2.95706692,2.29072891,3.41348860,3.90003434,3.65542497,3.75268950,4.19406469,3.97615935,3.18644282,3.65900653,4.04461254,3.66759645,3.09151447,3.04562731,2.77343237,3.57352582,3.63812033,3.53205100,3.28753869,2.56329829,4.15166902,3.22494400,3.55841478,4.02996958,3.86662183,3.27917400,3.06229953,2.69129992,3.60520044,3.95855654,3.83589034,3.23479725,2.65634254,3.97927443,3.40275416,3.57262217,3.86900788,3.61095409,3.11623444,2.88531144,2.88622526,3.60588155,4.00357862,3.63268717,3.84797097,2.61580554,3.99158699,3.05565691,3.49616582,3.86295029,3.63561199,3.32051240,3.06762213,2.76734968,3.35172557,3.60927428,3.43708303,3.06116788,2.58141926,3.92967584,3.30302831,3.48552712,3.64794369,3.60590420,2.97441835,2.96393683,2.53060601,3.45649622,4.21730210,3.71338236,3.68025718,4.07901778,4.03794525,3.56156728,3.51513572,4.12631626,3.65885752,3.03543308,2.87723876,2.85464948,3.68911642,3.98854857,3.64009577,3.43764378,3.37596025,3.99246331,3.21621680,3.55236011,3.86543948,3.69112061,3.00473917,3.08388767,2.80037343,3.44583794,3.35246260,3.15390171,2.58006099,2.58653143,4.07511801,3.47900450,3.80158323,3.96260519,3.90819011,3.32511200,3.03949515,2.83479741,3.44499727,3.59776103,3.44318961,3.21879595,2.58174647,3.94603343,3.56222321,3.60638136,4.03482409,3.69978172,3.08459710,2.78093789,2.58236923,3.44812947,3.87270232,3.50651664,3.43519621,3.59714897,3.89169639,3.28103930,3.57266322,4.13214396,3.73009219,3.09775213,2.93260210,2.46985788,3.50668139,3.82123758,3.57631357,3.70836473,3.97062026,3.82928169,3.76435797,3.31085842,3.62809909,3.51163771,2.94933050,2.94739953,2.50646763,3.23144607,3.71501903,3.40840189,3.44278957,3.69558886,3.88489060,3.18814350,3.51357636,3.85032776,3.73170440,2.89886530,2.93371856,2.74249635,3.31822266,3.67706337,3.58659352,3.12215171,2.52183172,3.75212233,3.33807215,3.24655783,3.95903496,3.59126364,2.91883785,2.90734959,2.41183750,3.18754112,3.59057488,3.21237547,3.27900132,3.15508806,3.24909849,3.46410279,3.17812417,3.59630535,3.60161679,2.92189372,2.96248290,2.10030463,3.41377138,3.95302622,3.75848543,3.70159308,3.76871834,2.61545993,3.08942691,3.35380246,3.17004037,3.39262511,2.93563274,2.95899634,2.63673397,3.09850598,3.18003364,2.94416107,2.98849009,2.96456796
4.02841500,4.43737032,3.81084520,3.38371910,3.41389792,3.30560525,3.18506290,3.32384092,2.31414508,3.24878941,3.74465153,3.98974134,4.24779332,3.26531131,3.29464815,3.11456798,3.18416887,3.19132710,3.07412047,3.03574290,2.84770803,2.80756466,2.89596130,2.87531205,2.93727210,2.90099534,2.91592557,3.32026436,3.51930600,3.36983330,3.23795199,3.13890928,3.33209182,3.28668497,3.02806518,3.20595670,3.20787564,2.83525873,2.89797300,3.88598240,4.47278295,3.61318407,3.29571560,3.28604862,3.09593336,3.00459959,2.96375792,0.00000000,2.74690151,3.15671580,3.57236528,3.41283725,3.16693086,3.26314489,3.07181550,3.01036955,3.12626246,3.07028904,3.20135930,2.91569580,2.84884210,2.83674348,2.86623664,2.85332823,2.74534693,2.91177589,2.98202754,2.89180596,2.88940012,3.03893002,2.76776479,3.06883110,2.96819201,2.68794755,2.90249166,2.94691769,2.86019996,2.87761604,3.74741425,4.06752289,3.66244416,3.42837030,3.37580990,3.34988216,3.34156723,3.27945256,2.83283101,3.22802460,2.99445692,2.91654107,2.82753978,4.08732491,4.56484291,3.80874236,3.44453890,3.33581847,3.24164180,3.13129251,3.44624226,2.29341904,3.49011848,3.65110229,4.38755243,4.39386545,3.73431245,3.84818274,3.49317532,3.62470665,3.42056163,3.35395059,3.19857083,3.22020198,2.81850860,3.67848177,3.75840378,3.69085556,2.83867768,3.78579510,4.16565102,3.62832485,3.62592435,3.35337111,3.17877816,3.12711755,3.32662407,2.69716462,3.79263507,3.96373609,3.66575824,2.83951141,3.73687272,4.14124901,3.80288974,3.44402063,3.32140465,3.07949788,3.06233044,3.38571423,2.90381996,3.53859266,4.17637189,4.19226592,2.80674232,3.76611247,4.21274817,3.79373879,3.76686286,3.40763234,3.38165870,3.18651979,3.15629067,2.91579434,3.47029102,3.73748945,3.51652099,2.90688721,3.90421389,4.08381057,3.51885569,3.27542520,3.31340041,3.34327335,3.25078223,3.58476229,2.75454872,3.72766616,4.05057270,4.44165873,4.31999546,4.01377685,4.38033831,3.87556746,3.72564613,3.32525029,3.17603861,3.17834890,3.42349520,2.61544482,3.61329614,3.79249070,3.95518060,3.83132881,3.87121726,4.34170997,3.68318638,3.52943885,3.38586133,3.28473259,3.25871680,3.20430857,2.80967681,3.40011393,3.39600891,2.99524004,2.83967727,3.73392596,4.05721206,3.64843685,3.38783943,3.48223084,3.31758235,3.17994837,3.53413193,2.97453394,3.71419426,3.92023358,3.63399495,2.82726116,3.75758628,4.51578448,3.72391739,3.41230443,3.14467887,3.30314297,3.17078088,3.47907889,2.60397050,3.40363181,3.57725873,4.07272379,3.87017858,3.86955958,4.33111781,3.54350410,3.42513163,3.32189634,3.33044299,3.15794104,3.35165006,2.53435291,3.45210368,3.93308976,4.49328000,4.21810811,3.86180891,4.47827855,4.08697325,3.41152251,3.21425986,3.27357156,3.17813554,3.44492758,2.36846996,3.58346229,3.69296224,3.87117490,3.72404046,3.74827526,4.14263109,3.73773076,3.49759051,3.30030704,3.08183241,3.05210116,3.38890321,2.84515266,3.65983014,3.80463480,3.33305191,2.80968661,3.68749472,4.11092174,3.56441616,3.54383695,3.36556904,3.37511197,3.34912377,3.31586501,2.46675168,3.54668125,3.59760071,3.83387270,3.39842919,3.35149903,4.25089194,3.79441621,3.33479808,3.28559776,3.23141165,3.30840721,3.37561494,2.50641560,3.39522136,3.92542926,4.30710941,4.17467693,2.80087464,3.41965298,3.62174589,3.49891122,3.16971198,3.22556233,3.24686009,3.41506040,2.79373583,3.30291739,3.42187008,3.54088547,3.47239996
3.62474118,3.96136122,4.58925240,3.46461344,3.56155577,3.61130854,3.05299128,3.68167116,3.62543571,2.70437921,3.59656547,4.02708195,4.00665934,3.22785765,3.29168010,3.39916588,3.19048079,3.39575983,3.19396537,3.09994023,2.94083692,2.88365653,2.92812123,2.95406873,2.91737310,2.90647057,2.99310057,3.40813891,3.66190420,3.19554598,3.55066297,3.24401819,3.33944613,3.31007433,3.36020715,2.87795185,3.10976401,2.89906875,2.98354899,3.80549792,4.09327960,4.39787546,3.34129113,3.33748807,3.39572473,3.05577195,3.49725240,2.74690151,0.00000000,3.04327255,3.39439133,3.37704853,3.11101105,3.20780983,3.38500079,2.89649187,3.31153636,3.20376946,3.21295950,2.92052292,2.83823156,2.95646046,2.90982537,2.95323916,2.79902650,2.90551044,3.09209882,2.98792163,2.96373698,3.18110227,2.98279579,3.12886997,3.16152368,2.95521695,2.97582841,3.13003652,2.93767164,2.92109510,3.62404526,3.82242460,4.45754381,3.44671785,3.57744154,3.51642585,3.29264547,3.59226753,3.25190543,3.27478684,3.15764384,2.92678383,2.88890830,4.07267917,4.26575602,4.39735303,3.66458296,3.66562725,3.48418253,3.17567314,3.85819013,3.65868518,2.97029413,3.61262170,4.32904413,4.24145556,3.85624421,4.11025599,4.28594390,3.71374813,3.81792764,3.68255210,3.34848089,3.68379873,3.52389910,3.26676665,3.89088016,3.73408558,2.95977334,3.69302217,4.08853550,4.61023278,3.62668628,3.52128583,3.21454378,3.14496915,3.72054415,3.69997596,3.37462161,4.09694301,3.56788099,2.93259274,3.59879812,4.11267489,4.61672894,3.63497648,3.62328974,3.39406957,3.21747663,3.68903697,3.45704194,3.18449090,3.96277072,3.88833327,2.87448546,3.82271849,4.13041078,4.56434459,3.89079196,3.70291221,3.53397035,3.18231810,3.43093000,3.83161567,3.26924266,3.69835910,3.42575405,2.97243699,3.78353646,3.84090650,4.16481672,3.51142901,3.64946255,3.57334183,3.26762372,3.80515176,3.74819215,3.17311617,3.92080732,4.33212038,3.90762583,3.84176255,4.06662585,4.52373621,3.65112045,3.63607093,3.57134122,3.24196614,3.77405837,3.56877862,3.04852825,3.81276002,4.15218330,3.92992457,3.81776825,4.10905682,4.56051197,3.38380649,3.66396866,3.45039031,3.22954723,3.45698175,3.51982070,3.35550518,3.56697806,3.06376311,2.95053128,3.79056494,3.96921109,4.31273290,3.62136798,3.88505457,3.41698378,3.26486909,3.84872474,3.54043693,3.67118847,4.16841309,3.68068354,2.89398146,3.69665719,4.19242630,4.52748432,3.57798583,3.35350567,3.35620065,3.24217743,3.87347484,3.52206302,2.99698066,3.48231482,4.10561131,3.86878556,3.57477672,4.19282247,4.28408854,3.46524296,3.66177585,3.47751937,3.18715148,3.79998834,3.51261881,2.79520661,4.02328119,4.31482193,4.00158299,3.62553312,4.20141053,4.62955457,3.55947848,3.50157477,3.65697936,3.19302692,3.88311954,3.51872924,3.13641101,3.85051554,3.89012060,3.75873805,3.74184608,3.95352932,4.43206351,3.54577243,3.71921304,3.34355552,3.12014305,3.57630202,3.71980916,3.33357316,3.83696650,3.35825933,2.89752736,3.64880961,3.98110266,4.19970309,3.75768282,3.66983287,3.84163278,3.49099852,3.80621108,3.41235986,3.35473783,3.77305192,4.06313831,3.54993518,3.24058185,4.03210161,4.26146032,3.38084642,3.46574618,3.56846390,3.30413551,3.73990782,3.74379398,2.89382680,3.77545639,4.41250285,4.06479866,2.87952671,3.49882827,3.96032176,3.72895426,3.71845616,3.63086576,3.45251614,3.89431094,3.83806711,3.01310539,3.52277017,3.64171655,3.43450079
3.69590914,3.98898457,4.27350918,4.48851610,3.76525964,3.39348409,3.05371336,3.59376400,3.54969153,3.85654870,2.71887658,4.04167387,4.12838717,3.29701675,3.29194049,3.30496403,3.43947059,3.19094040,3.22975013,3.27780627,3.01864202,3.01595224,3.10117243,3.02879337,3.04596948,3.06827233,3.01056319,3.37641467,3.78577392,3.86422344,3.72874253,3.47251914,3.32855029,3.54433646,3.42158577,3.35189279,3.28372317,3.08860155,3.11759710,3.53270179,3.91491791,3.93185514,4.26956131,3.51295431,3.08162462,2.98565731,3.34956838,3.15671580,3.04327255,0.00000000,3.07236699,3.23035303,3.50710862,3.54924958,3.45149710,3.54536902,3.39934966,3.42578210,3.32896774,3.12542336,3.06724580,3.05354824,3.09484220,3.08146282,2.98983453,3.12798604,3.19621837,3.10629007,3.19549811,3.24458673,3.28100038,3.17660586,3.15624639,3.06415401,3.11463018,3.24296850,3.08405852,3.01011402,3.69083694,4.15364630,4.19312493,4.47921848,3.61906247,3.36697105,3.41784039,3.82525928,3.67838899,3.68546755,3.18691031,3.03736535,2.96665136,4.14119918,4.16853853,4.13824328,4.56897642,3.83366577,3.19173603,3.26151119,3.83356185,3.72745618,4.16048050,3.14021486,4.21841524,4.46929691,3.79889077,3.83347191,3.97978878,4.40618492,3.62920626,3.39100646,3.43224231,3.77159185,3.72331890,3.68948255,3.52154152,3.87623533,3.09682246,3.98495735,4.23459695,4.53098957,4.72753435,3.57153285,3.41046244,3.27725148,3.94734021,3.93451591,4.02793132,4.00874988,3.83476617,3.07532078,3.69481834,4.15606221,4.21069779,4.47021328,3.58806221,3.35916822,3.24654446,3.72304673,3.47427770,3.40250457,3.45579732,3.95360272,2.98328640,3.93341271,4.27594678,4.34062888,4.67961263,3.73299404,3.51221800,3.35269582,3.75443084,3.68431972,4.10163653,3.60714463,3.40414102,3.07693517,3.66663941,3.91086763,3.91598533,4.47706974,3.69222689,3.48878256,3.18282316,3.88803378,3.91737810,4.10991045,3.25051539,4.36875548,4.20929944,3.91236497,4.22727302,4.29746532,4.68762002,3.93400261,3.67174764,3.30765196,4.05632169,3.87081230,3.85627083,3.34866375,4.07675822,4.20574876,3.69048539,4.12780697,4.22128567,4.43212095,3.54566494,3.46423882,3.24699298,3.83985772,3.66298873,3.76882904,3.62261370,3.05192497,3.06143685,3.84031614,4.15703004,4.02225466,4.47386282,3.73257455,3.47681446,3.34793039,3.90316981,3.71273649,3.89220280,3.73545962,3.79458719,3.08506860,3.73737460,4.36694713,4.38808647,4.43476957,3.52096405,3.25720537,3.04528393,3.85168035,3.68771498,3.72875643,3.15379868,4.18302572,3.86635845,3.81363615,4.22948533,4.13320438,4.60225009,3.63098833,3.29211321,3.31838117,3.74846543,3.68415875,3.73517552,3.17463934,4.35507107,4.03982439,3.77913506,4.25419111,4.15346469,4.20573180,3.83797607,3.41452095,3.35044963,3.85488758,3.26549327,3.67616603,3.21572119,4.01795865,3.95789777,3.51051802,4.05095398,4.06054983,4.47084195,3.69696867,3.27408828,3.28757695,3.83587379,3.65779754,3.97344115,3.74695537,3.74194698,3.11053297,3.70733528,3.68586723,4.11146041,4.36553421,3.91583336,3.51469349,3.47604818,3.85564206,3.47702758,3.46925751,3.12882270,3.93892318,3.46893660,3.52078753,4.02033255,4.08290603,4.07703057,3.74540710,3.35677263,3.19056180,3.71232186,3.64543737,3.80406056,2.98062720,4.29520344,4.11137875,3.01190753,3.54520284,3.74450973,3.94890213,3.70633513,3.49272385,3.27570558,4.00000428,3.84938380,3.68522997,3.14090213,3.68211929,3.71341628
3.68448159,3.46415418,3.70126877,4.02673577,4.46238382,3.45045286,2.77518092,3.12790148,4.07811496,4.22041630,4.08833569,2.93917607,3.83509672,2.86832487,2.86963561,2.91898061,2.85200097,3.11620214,2.75461872,2.81517007,2.75095508,2.72006659,2.69801929,2.76486581,2.68930246,2.79073061,2.74744521,3.06997346,3.30049402,3.65787063,4.15341061,3.30255160,3.22059167,3.13398124,3.61738161,3.36176908,3.22694367,2.62961933,2.77875697,3.50721146,3.50014362,3.70288471,3.85751622,4.36447883,3.14814708,2.52795968,3.14224364,3.57236528,3.39439133,3.07236699,0.00000000,2.57897247,3.16524396,3.12302525,2.91034178,3.15983985,3.50647667,3.11848717,3.08957119,2.81444046,2.65690411,2.70805662,2.80027233,2.68985559,2.71029949,2.80583951,2.60473492,2.82499039,2.88241609,3.19785305,2.84212660,2.85374632,2.94272610,2.91135509,2.73187518,3.10031765,2.64736274,2.57889968,3.72619633,3.18580696,3.95950881,4.04981367,4.40378565,3.24362530,3.05805426,3.30840737,3.77033014,3.39090634,3.05531424,2.68745515,2.62965146,3.92002853,3.81630888,3.75197122,4.17835443,4.56319091,3.33081182,2.84030650,3.45565177,4.14268605,4.18131642,4.17707379,3.53553515,4.02378494,3.52366142,3.29292722,3.81225868,4.01498096,4.14742768,3.39873458,3.21963214,3.59465999,4.13923689,3.90872464,3.86040259,3.45095184,2.63514117,3.61908256,3.26704796,3.90086357,3.92704428,4.28690154,3.11682104,3.08850279,3.57875015,4.07608841,4.29745199,4.24473139,3.38892508,2.66852744,3.72321487,3.48941727,3.97275135,3.96961673,4.31019009,3.33417929,2.99314645,3.42098483,3.86696907,3.81005748,3.76503193,3.65009301,2.71052386,3.66857019,3.44215914,4.02176677,4.04934787,4.26392277,3.18765565,2.98690616,3.38644754,3.92847990,3.85907504,3.66607664,2.92182502,2.66556669,3.33245687,3.20415610,3.86541607,4.03270408,4.36657762,3.23185826,2.88146643,3.41344394,3.99063005,4.21609131,3.82309450,2.97808869,3.94703848,3.82431946,3.44361291,3.64982690,4.00809019,4.41452639,3.55343325,2.92291254,3.55128341,4.06317402,4.10012521,3.80128006,3.04777912,3.44026260,3.62425533,3.38970144,3.93371402,3.88603462,4.22822501,3.21322809,3.04877341,3.57348530,4.03220114,3.33785384,3.25851784,2.89887000,2.67572042,3.69906610,3.40413736,4.06307473,3.90028208,4.42680371,3.55008954,3.18927485,3.59465186,4.11196897,4.01243806,4.17073747,3.36236428,2.70217015,3.56101993,3.69882503,4.09889448,4.07195362,4.22883673,3.14556919,2.89015902,3.50220453,3.90974291,3.79123397,3.36726633,2.90893386,3.57195088,3.63688862,3.45916740,3.88326108,4.06589468,4.31334353,3.05529386,2.91393121,3.46970375,3.82051351,3.88294657,3.65409275,3.08764577,3.90904019,3.52191168,3.73736400,3.67227186,3.65278863,4.40888983,3.44512501,2.94636080,3.42821116,3.65357878,3.82787493,3.93361806,3.13025830,3.66650901,3.56493811,3.55023019,3.74251454,4.01057121,4.42564687,3.33710721,3.12075583,3.26565774,4.05472635,3.95613889,4.04621905,3.20940601,2.78004903,3.52825178,3.41281881,3.73378899,3.92140152,4.31250912,3.36708397,3.06803226,3.45802758,3.85176058,3.69941956,3.87118439,3.23118492,3.40548347,3.24636748,3.56362219,3.66043209,3.43024096,4.19216524,3.31693894,2.92898562,3.25601400,3.98221139,4.13488840,4.14239484,3.35082700,3.88214330,2.71630180,3.28299047,3.38317453,3.29838134,3.72827228,3.16803251,3.02046258,3.32308445,3.73481594,3.57091634,3.52005733,2.94713179,3.31113802
3.19992970,3.62761068,3.84967735,3.81316961,3.98802090,3.79720994,2.39612204,3.38850901,3.89448208,4.04082543,4.02390500,3.67162336,3.32128845,2.65452782,2.81247566,2.73831538,2.64615511,2.67854864,2.64058345,2.66227871,2.55908301,2.46988977,2.43934866,2.49475827,2.40876329,2.56011516,2.54069783,2.97072538,3.12625228,3.32623356,3.79840794,3.57281764,3.00284894,3.25701065,3.26273561,3.21529377,3.19025405,2.53701410,2.49506666,3.15745790,3.53892888,3.51073638,3.65761183,3.93198542,3.60833479,2.24179505,3.16259337,3.41283725,3.37704853,3.23035303,2.57897247,0.00000000,2.62502385,2.79047939,2.65272141,2.75411821,2.88932232,2.89793102,2.68834538,2.54717421,2.48288502,2.39315405,2.54140265,2.56697896,2.50513986,2.57580862,2.58829576,2.64523213,2.57803283,2.77131420,2.84905377,2.70144122,2.88089931,2.63240848,2.40470585,2.72600337,2.54558157,2.48842117,3.21909225,3.42291899,3.89461950,4.00132604,4.03976481,3.70423801,2.77895695,3.49903592,3.79651785,3.30593373,2.80199280,2.54938292,2.52033432,3.40837503,3.92704598,3.59569581,3.93805261,4.22339486,3.52934802,2.43558678,3.57924924,3.85423515,4.14999489,4.00209613,3.96959259,3.53994461,2.96026368,3.24876442,3.49947575,3.68329330,3.79863486,3.71828674,2.95073984,3.81435021,4.03038990,3.88523509,3.66747568,3.56303875,2.42224731,3.12669958,3.39638783,3.44911512,3.80046906,3.91914435,3.44959313,2.42516660,3.45625401,3.65993769,3.98445486,3.58231060,3.23193390,2.52925649,3.31233608,3.40171022,3.62663162,3.72729931,3.84511946,3.51744816,2.39333048,3.50835324,3.61338211,3.77916574,3.42839364,3.66163979,2.49703125,3.19283029,3.45659077,3.76265159,3.72983643,3.84684782,3.45491861,2.52981802,3.32217567,3.65775221,3.55726887,3.09158342,2.86228464,2.51451636,3.02391903,3.37268773,3.62730190,3.78014188,3.98893967,3.45885150,2.50976220,3.66622985,3.91388630,4.23994485,3.85191566,3.88686374,3.44716117,3.54253256,3.72458280,3.76478491,3.99116486,3.88531033,3.80134134,2.85784181,3.75414314,3.89266795,3.87298477,3.89890715,3.48214913,3.16536351,3.01205231,3.53477967,3.65287200,3.71009911,3.91135190,3.60438694,2.60374154,3.62622249,3.71118829,3.04292476,2.94705116,2.66089169,2.48790882,3.17297018,3.40277960,3.78000848,3.74705329,4.07299939,3.71065261,2.71749001,3.74569271,3.56833872,3.87162901,3.80860846,3.31432274,2.58197481,3.26123323,3.73411429,3.92718613,4.03131981,3.90237640,3.56128824,2.54444391,3.51584639,3.88690391,3.79188377,3.00790382,3.36338618,2.96471210,3.22570327,3.67849175,3.63085066,3.90875949,4.08492038,3.30581910,2.24619547,3.46822677,3.59877739,3.82896070,3.65534315,3.76758585,3.38345049,2.95457168,3.63528474,3.53304224,3.56476022,3.98903204,3.67507392,2.76066890,3.65618485,3.54617429,3.73967403,3.74237853,3.23483226,3.06420672,3.06947240,3.54266330,3.69728553,3.79344680,3.88409994,3.54743124,2.60570734,3.41523198,3.75228616,3.84227139,3.71649426,3.27569018,2.52909026,3.12778646,3.53178341,3.78784295,3.75186588,3.84181761,3.63276497,2.81998817,3.57678352,3.60024784,3.57591566,3.78268601,3.51855690,3.01007611,2.71090273,3.40676736,3.41898978,3.43580083,3.65449011,3.59137609,2.60366729,3.43989480,3.80630840,3.86971353,4.09437749,3.92927986,3.34611769,2.50388292,3.22891532,3.16662116,3.38935961,3.53046443,3.52145053,2.95014372,3.58126196,3.65453006,3.38265454,3.32106986,3.13343009,2.85553243
3.00678586,3.35016934,3.94650337,3.05994041,3.31935126,3.04404597,1.79918247,3.01263569,3.34760768,3.32036490,3.62911879,3.28614637,3.37431651,1.88391725,2.04979380,1.95154690,1.87394427,1.93793528,1.89258074,1.93194752,1.62494050,1.52373820,1.52349025,1.58526859,1.58380753,1.55646162,1.64242558,2.14433381,2.51393836,2.31247915,2.94492217,2.47537586,2.20026968,2.43551046,2.64363946,2.25513689,2.51449248,2.00682464,1.59453511,2.92868694,3.29141235,3.54882121,2.99445266,3.19471840,3.04936042,1.78783581,3.15010372,3.16693086,3.11101105,3.50710862,3.16524396,2.62502385,0.00000000,1.11796738,1.49781708,1.38731634,1.69212779,1.51226953,1.56420450,1.62767069,1.60324462,1.47447601,1.51221712,1.64713719,1.60155562,1.75945667,1.74156588,1.88014072,1.74011074,2.00990164,1.80926255,1.98077120,1.93358951,1.86237528,1.46089309,1.76221023,1.68100531,1.67455985,2.74017215,3.01149271,3.66835693,3.10282487,3.15435467,2.70256386,2.24244838,3.05642084,3.26668584,2.79262702,2.02066271,1.77489693,1.59838208,3.06224664,3.61577627,3.54582526,3.30597413,3.32264355,2.52718310,1.86081056,3.11876784,3.27325693,3.33037216,3.33683936,3.20117320,3.18984144,2.46637440,2.69006469,3.01772153,2.82075227,3.13928898,2.65059582,2.06238707,3.21383457,3.40617110,3.02177278,3.52533868,3.25668030,1.54278545,2.62396580,2.92536969,3.53007550,3.03892848,3.20363841,2.54412308,2.04614652,2.98786938,3.16274033,3.16614765,3.12035002,2.62744033,1.53701046,3.07335324,3.27061944,3.70012780,2.89950739,3.14748678,2.70045296,1.88456102,2.98519024,3.10349590,3.01084193,3.31724767,3.38117288,1.64059959,2.66942240,3.04596394,3.67190629,3.10043282,3.16171893,2.66722439,2.09288675,3.04830082,3.30265462,2.76058764,3.09525871,2.52461538,1.50572081,2.60758870,2.75117081,3.32386323,2.93410125,3.27528474,2.50517831,1.80986172,3.12501109,3.39072570,3.56383043,3.59314566,3.54559140,3.54902873,3.12264578,3.34363100,3.53130491,3.21612248,3.10190872,2.99571363,2.07710307,3.03072322,3.27315926,3.30921719,3.11112737,3.10278540,2.72586373,2.62559834,3.17095592,3.60744725,3.06114938,3.21424298,2.69287132,2.13894090,3.02322202,2.93003586,2.44931843,2.25115796,1.87847002,1.57068762,2.86945485,3.06135775,3.47138758,2.85453181,3.20530271,2.79647804,2.10339992,3.06565943,3.02075572,3.11600260,3.17017179,2.85755220,1.70893224,2.59685975,3.24301648,3.61919490,3.01344754,2.94443984,2.53347026,2.04305245,3.11893929,3.23114079,3.10917384,2.72943032,3.19099747,2.92277864,2.63871732,3.21358045,3.51931432,3.04489182,3.35530012,2.53212014,1.92723588,3.24952756,3.06685434,3.07877253,3.21131853,3.35654160,3.20215154,2.77220550,3.36266483,3.82211069,3.08769297,3.06996474,2.79688520,1.95471801,3.27503824,3.14754392,2.96541736,3.08302349,2.96276594,2.93148490,2.62450314,3.02066144,3.52140181,2.97686027,3.14632491,2.73495719,1.98211749,2.85939100,3.24799669,3.08380338,3.31394081,2.57005322,1.50385038,3.12112650,3.28621108,3.57908649,3.24876597,3.13383873,2.90724502,2.14492335,2.93981357,2.88569005,3.02000942,3.36337044,2.96726202,2.46980141,2.06298129,3.11868344,3.47634592,2.86607854,3.09903087,2.99192568,1.98134063,2.96890578,3.37228938,3.24496248,3.62934584,3.52526571,3.27193567,1.59440896,2.59503502,2.93346472,2.73557058,2.88604636,2.59603789,2.31853589,3.10154909,3.09940803,2.59660620,2.68516450,2.64971853,2.18166411
3.18483090,3.16145708,3.81298418,3.15105773,3.34433669,3.00947207,1.97693453,2.69115668,3.54119746,3.49261577,3.66955833,3.21028914,3.43428806,1.92930079,1.86064974,1.80519440,1.84568971,1.86801336,1.78949872,1.82283637,1.57370262,1.42530327,1.56329611,1.59829663,1.65046707,1.53011962,1.57304889,1.94217206,2.43581168,2.24175179,2.80549770,2.35783409,1.88596062,2.12633591,2.56532378,2.12326116,2.23288283,1.83887930,1.60558295,3.00405050,3.07687638,3.44923874,3.04428306,3.20124959,2.94346660,1.87625125,2.95317748,3.26314489,3.20780983,3.54924958,3.12302525,2.79047939,1.11796738,0.00000000,1.56401766,1.57099421,1.61893385,1.41662041,1.37255447,1.50184364,1.60280981,1.47225075,1.43172387,1.50496777,1.58883249,1.76127296,1.73159058,1.80960989,1.83073534,2.09838222,1.81426143,1.84411843,1.91972128,1.80674151,1.50062420,1.69985178,1.58863436,1.59305245,2.82454691,2.76667273,3.54878123,3.12484932,3.22622380,2.72389245,2.17915784,2.87528268,3.36125189,2.63641123,1.88085349,1.71416483,1.60863896,3.21648990,3.49045270,3.31504280,3.38525185,3.30987582,2.48780563,2.00952434,2.94034953,3.47031608,3.45493046,3.42484620,3.25619663,3.24795616,2.60998762,2.46867184,3.07231684,2.95618709,3.04382890,2.53305935,1.83044374,2.99846682,3.34725166,2.89843115,3.28881474,3.05689324,1.55916270,2.82281956,2.60496594,3.48359171,3.03479444,3.15748220,2.59413139,2.13683719,2.86442408,3.28844864,3.28952321,3.21322817,2.57348118,1.60204093,3.16575586,3.12533078,3.60131584,3.01872109,3.11496037,2.66437383,1.86145004,2.80137161,3.23831579,3.23798612,3.16936924,3.38569654,1.65556605,2.78237787,2.74229060,3.58267200,3.10497716,3.08066539,2.72202669,2.07497262,2.91523124,3.31100944,2.83211177,2.99102091,2.42847277,1.51736070,2.69874483,2.59663842,3.28764088,3.01492414,3.26215061,2.39901776,1.85304453,2.82641700,3.45376978,3.60559716,3.54382154,3.41839159,3.44005388,3.20442374,3.12180274,3.48495873,3.27574155,3.04739101,2.92702081,2.26950515,3.01894092,3.54809036,3.45946271,3.18614648,3.22920407,2.81681288,2.77671113,2.88698264,3.44021262,3.01312699,3.12027476,2.63146697,2.17408094,2.82423647,3.04226415,2.66646619,2.22307604,1.86490349,1.55335139,2.99808052,2.86013640,3.47978400,2.89740183,3.23727492,2.72176083,1.98311465,2.80593974,3.15847752,2.97365270,3.00126122,2.76191457,1.63248941,2.70074052,2.95998990,3.48513950,3.03034497,2.97691336,2.40873860,2.02124410,2.75938756,3.33059956,3.18420663,2.78484403,3.12217680,2.75918655,2.82258795,2.85181874,3.43113421,3.18267801,3.29107668,2.58294224,1.82675895,3.01345957,3.26139281,3.16029319,3.22244666,3.19611134,3.05639796,3.02943430,3.36579260,3.77621598,3.16081940,3.08369607,2.82967570,2.16935842,3.10902393,3.23361374,3.01840446,3.06310005,3.07989115,3.00325979,2.72960919,2.71769399,3.40347642,3.00554377,3.08577519,2.64837924,1.99247383,2.59364848,3.19480102,3.09251855,3.17945518,2.48287062,1.43123385,3.17490724,3.12305776,3.44360640,3.37589559,3.13251426,2.80509617,2.17944353,2.69708977,2.95158095,3.07935302,3.23374896,2.85341529,2.48551783,2.08147261,2.90203404,3.34203049,2.89383916,2.99975497,2.96811767,2.18993429,2.79117092,3.43761528,3.40118790,3.75480141,3.56340557,3.24856582,1.61349282,2.46025055,2.91771746,2.58715547,2.80639121,2.50229715,2.16385317,2.82453086,3.08899920,2.55367454,2.66552224,2.60696378,2.18044016
3.07738035,3.40717158,3.51552991,3.14131814,3.28078750,3.00688188,1.96856556,2.81159879,3.16473701,3.53391460,3.60073080,3.11783647,3.41268533,1.89114689,1.99144061,1.71087338,1.84607703,1.94008644,1.81912893,1.84917716,1.65159224,1.56548846,1.62693883,1.69651633,1.65676989,1.60786667,1.56593385,2.06795906,2.29450412,2.45281276,2.94161386,2.27739204,2.18886666,2.35730896,2.48356876,2.51416277,2.54912727,1.87872471,1.67684250,2.92722702,3.35580326,3.31667692,3.19919818,3.28567304,2.88742428,1.91815556,2.93303264,3.07181550,3.38500079,3.45149710,2.91034178,2.65272141,1.49781708,1.56401766,0.00000000,1.64361217,1.74873285,1.60482858,1.57178215,1.67763474,1.61243614,1.58418810,1.60038625,1.59947810,1.67934912,1.79776983,1.79478801,1.90280410,1.90097442,2.20749203,1.82510803,1.99108878,2.03889519,1.91679068,1.70310526,1.84724730,1.60314480,1.61014101,2.84560817,2.95070897,3.13336139,3.16833194,3.12957429,2.59556724,2.24588964,2.81767533,2.84717918,2.74054506,2.07373553,1.72671254,1.56920222,3.28111381,3.75660727,3.29842090,3.33206410,3.24809043,2.51252420,2.04364939,2.81167049,3.13780744,3.49024603,3.20386389,3.14807289,3.17870872,2.41812342,2.54923464,2.58324217,2.83158252,2.96070432,2.44718152,2.09946293,2.94007499,3.24174911,3.17202841,3.32619234,3.07580605,1.53175179,2.80451357,2.86897138,3.11596397,3.10168628,3.13133355,2.30916438,2.00699666,2.72843829,2.95269862,3.33107185,3.08428447,2.55585259,1.62844972,3.07283206,3.25812002,3.14634769,2.92791405,3.06427131,2.53904448,1.82499022,2.73371643,2.81263693,3.11330884,3.20062743,3.31450284,1.69160209,2.71955694,2.95037938,3.19123438,3.01848243,3.00571363,2.42761571,2.01649967,2.82792965,2.95009479,3.02252028,3.01597725,2.37962838,1.56863676,2.65490481,2.83878393,2.91312874,2.90301566,3.03307685,2.28983553,1.79899779,2.74274262,2.95691187,3.63543760,3.40224043,3.29562323,3.51392290,3.15641219,3.37793861,3.18935991,3.35669924,3.14581077,2.93398338,2.05856370,2.89984272,3.18710962,3.55288743,3.25034544,3.04115287,2.69630899,2.71774320,3.09252424,3.05220712,3.05553921,3.09777433,2.48958473,2.10350167,2.89756025,2.69196754,2.60176035,2.36106779,1.83273719,1.61480263,2.91589119,3.14218372,3.06382172,2.90238926,3.11863617,2.72253784,2.00607258,2.70325130,2.70268423,3.33801748,3.04570835,2.65709123,1.65740753,2.63729912,3.32605665,3.12199308,3.06942369,2.83270652,2.45932313,1.88454361,2.92120794,2.84419457,3.27548557,2.68934939,3.08792074,3.00919439,2.76006964,3.01608013,2.98328209,3.15578969,3.21833794,2.35385072,2.09043975,2.95698446,2.99718268,3.37823418,3.12606057,3.23541979,3.20030087,3.02294475,3.53258889,3.48183387,3.03707527,3.08890443,2.81915545,2.11722712,2.98185291,2.89596556,3.22675868,3.14087125,2.77677753,2.90596839,2.77883612,3.11775625,3.04539609,2.95559907,3.02802925,2.49950574,2.03297604,2.68365820,2.95088764,3.08777713,2.99405186,2.33677091,1.60396635,3.23996532,3.36480436,3.31971698,3.29430391,3.13883642,2.80340235,2.12341274,2.73056056,2.73922952,3.18115397,3.37864901,2.86828945,2.57997124,2.03095069,3.04985118,3.05497927,2.79062782,2.95857533,2.75192196,2.00126144,2.71985273,3.06346831,3.40123816,3.57539291,3.34373901,3.21605709,1.56205056,2.60925879,2.70167269,2.68774483,2.64468111,2.48593819,2.18472499,2.89721041,2.79244667,2.84237859,2.63344797,2.65710110,2.23650927
3.00679431,3.33785560,3.94816978,2.86742118,3.33961373,2.99847869,1.98572288,2.87737540,3.27675610,3.04264160,3.74240353,3.17958855,3.48757736,2.01784523,2.09975682,1.94675470,1.80727087,2.06049772,1.90968767,1.90469931,1.51983454,1.56460738,1.61731152,1.56568403,1.55727332,1.49440471,1.59680244,2.16172367,2.52052424,2.22561649,2.98857613,2.36997436,2.35099476,2.40920786,2.52482350,2.25640773,2.48961777,2.02654388,1.64407761,3.11305146,3.32901961,3.59440397,2.84414049,3.21616807,2.91380468,2.00445468,2.99799117,3.01036955,2.89649187,3.54536902,3.15983985,2.75411821,1.38731634,1.57099421,1.64361217,0.00000000,1.69603930,1.52540806,1.48583680,1.47772619,1.63666947,1.51594468,1.50599425,1.60444982,1.59132640,1.75518344,1.78440935,1.90318261,1.65628711,1.94835365,1.80090404,1.95595063,1.98270392,1.84250659,1.52501980,1.72772221,1.59371903,1.61884146,2.80164083,2.88223385,3.41304205,2.63103383,3.03160489,2.58367595,2.27505964,2.75241952,3.00425227,2.64504541,1.92849634,1.73917830,1.61232413,3.14895058,3.55185430,3.45669998,2.93545771,3.19001669,2.51591146,1.84884667,2.92903455,3.14885323,3.02964008,3.35794162,3.30631743,3.28817907,2.54900852,2.76554411,3.08881008,2.59427375,3.03571020,2.49171282,2.07529659,3.04145491,3.08817144,2.90347007,3.34831832,3.02782272,1.60723851,2.81804836,2.92845009,3.44132596,2.56805207,3.12919850,2.32434188,1.92748923,2.68426532,3.00035785,2.99645727,3.11619646,2.57466651,1.59430533,2.96183792,3.13422155,3.59165482,2.50821886,3.03282110,2.46290325,1.89487863,2.77597738,2.83508883,2.89426779,3.36953797,3.27623276,1.66423818,2.81087499,3.06958342,3.49150015,2.66545605,3.06033271,2.54103518,2.01961589,2.81686374,3.18124835,2.63525435,3.15277617,2.59675401,1.56273032,2.76276229,2.79225579,3.18679582,2.57485531,3.17344203,2.41880458,1.88463749,2.93987492,3.24174910,3.36406344,3.64696861,3.48257766,3.42562954,3.14242343,3.31221957,3.53498243,3.09538522,3.20379787,2.87192640,2.15985311,2.92614543,3.10511931,3.15362613,3.34443988,3.16099129,2.85027383,2.89745609,3.16405225,3.46599364,2.63232443,3.18873984,2.58317916,2.17345183,2.73446885,2.67582625,2.21591200,2.28799295,1.84909665,1.60571320,3.03336369,3.16899654,3.52883471,2.68861895,3.30007385,2.65324704,2.17540747,2.87907416,2.87927218,3.19864029,3.36850832,2.80440593,1.55540070,2.69604608,3.19712764,3.40466077,2.63508899,2.87299537,2.42808060,2.04861821,2.89776911,3.04399893,2.83949823,2.83312281,3.06259154,2.93084267,2.80268644,3.13973450,3.34275293,2.56141243,3.21303987,2.43493640,1.98512230,3.00519728,3.03913499,2.91106433,3.44437371,3.32864934,3.21167671,2.92456391,3.39283838,3.76785419,2.89574032,3.03994688,2.85003409,2.10386717,3.11109825,3.03613068,3.02047737,3.30585966,3.08546901,3.05726930,2.77302943,3.04657529,3.42270962,2.56763371,3.09309432,2.50389279,1.87612041,2.79318776,3.16817663,2.82590142,3.24528632,2.56340146,1.48022308,3.05673481,3.34187794,3.62015538,3.13818357,3.04706993,2.88901645,2.23535356,2.81472905,2.79109328,2.94276270,3.52665082,3.09089521,2.76869587,2.03255382,3.04704508,3.35027017,2.57309780,2.98919644,2.74165627,2.06995870,2.78424307,3.11886877,2.92041634,3.69028876,3.44642249,3.21519055,1.57459150,2.56847218,3.00583738,2.70964596,2.87942267,2.51287986,2.39747043,3.03484943,3.00834029,2.49722111,2.84097746,2.80042366,2.26500629
3.11344755,3.39578902,3.77205887,3.26016805,3.09481209,2.89743790,2.16520863,3.01639242,3.24160307,3.39811360,3.30949682,3.44363599,3.50173588,2.08267682,2.16337677,1.88577152,2.02266851,1.73662409,2.03326081,2.10229884,1.73780960,1.70602226,1.82239676,1.68773068,1.84145725,1.62348968,1.70392870,2.25159905,2.39804202,2.57802764,2.57687362,2.52011878,2.08123491,2.37162857,2.39700430,2.51119544,2.49259326,2.30653485,1.84211456,2.97361506,3.34633551,3.37043878,3.23619036,2.99106118,2.95054645,2.27211537,3.09580677,3.12626246,3.31153636,3.39934966,3.50647667,2.88932232,1.69212779,1.61893385,1.74873285,1.69603930,0.00000000,1.64930513,1.62648081,1.67752664,1.96588917,1.73808311,1.66208011,1.74843474,1.70694769,1.83370656,1.95899215,1.98739711,1.94549235,1.91675809,2.02231284,1.89024683,2.07135644,1.90066630,1.70280580,1.77986612,1.80323033,1.84912831,2.85427283,3.19748469,3.36046346,3.22251750,2.85315646,2.78908200,2.36701330,2.91922436,3.14246869,2.83679794,1.99070874,1.97257035,1.84878918,3.14312198,3.64407426,3.31710301,3.43320254,3.06229763,2.38836674,2.19463986,3.11822948,3.19980121,3.46770917,3.15926153,3.54178190,3.46634492,2.45709376,2.68852235,2.94448345,3.06187499,2.57995364,2.52807711,2.03435419,3.13748955,3.23025576,3.19374640,3.14768255,3.36114038,1.80841778,2.87425881,3.08334747,3.44893350,3.12115431,2.73955855,2.61872533,2.07543416,2.72819990,2.85583240,3.18303568,3.01097474,2.94379010,1.83129053,3.16418398,3.51804967,3.48428484,3.09545996,2.59668962,2.64636666,1.82131813,2.79523514,2.72373485,3.20973632,3.01505093,3.58639112,1.87273964,2.73371471,3.03179537,3.28642426,3.07731434,2.51855212,2.67842725,2.03387895,2.86551322,2.83935073,2.85693516,2.78342250,2.74966991,1.80288124,2.86247258,3.04871389,3.07525510,3.16006886,2.80594927,2.52504973,1.97130859,2.98492616,3.17960455,3.68379055,3.36660164,3.78311164,3.48496874,3.17844566,3.41078854,3.40961865,3.48324262,2.86598735,2.95889363,2.53310002,3.22482615,3.27177757,3.59111639,3.15275465,3.64140218,3.18534069,2.93141550,3.35729573,3.42184341,3.14045629,2.78066754,2.71297411,2.21393897,2.85651943,2.75066677,2.74354033,2.29309904,1.84442538,1.71641937,3.03158312,3.29386709,3.31278246,3.23735841,2.95849736,2.86212148,2.14295957,2.98705091,2.85763672,3.36990784,2.99741327,3.10567225,1.85713160,2.63239419,3.28742732,3.26692408,3.06648601,2.49955449,2.50599388,1.86850752,2.84758456,3.01940185,3.13060872,2.71875914,3.45741552,2.85530011,2.73973702,3.24610071,3.18734753,3.26290546,2.85915810,2.68484629,2.07852093,3.01018219,3.04224168,3.21270570,3.02475155,3.67264706,3.12528542,2.77030869,3.35361885,3.55190689,3.20938371,2.82246029,2.70952616,2.24743716,3.18061230,2.99977746,3.08190100,2.94900688,3.22139169,3.02532628,2.90774268,3.30422037,3.35079243,3.26584294,2.75279168,2.71915726,2.14589223,2.93832072,3.07438093,3.25269018,2.97620594,2.80474450,1.74238496,3.13400116,3.23485912,3.44350473,3.47687048,2.74787965,2.79332597,2.43607098,2.83075732,2.65731008,2.99974214,3.08327022,3.23708476,2.69905341,2.18188215,3.20883667,3.19229974,3.13240852,2.81463380,2.84772718,2.26020424,2.96624788,3.21037163,3.32623582,3.46195189,3.80813795,3.41527935,1.77545169,2.49461300,2.85422487,2.81356360,2.52626525,2.56146665,2.35629763,3.11291352,3.04542389,2.92810796,2.54659379,3.03982633,2.37546077
3.24090188,3.21060869,3.73508847,3.16596277,3.30956643,2.60961415,1.92214011,2.61418504,3.17384344,3.29245089,3.49693870,3.06133082,3.69816860,1.99457905,1.94904285,1.70968485,1.80450789,1.89935272,1.73757252,1.72649733,1.37120136,1.42446936,1.40181429,1.51652064,1.53144234,1.47387630,1.59112455,1.97984699,2.25252055,2.11736886,2.89128758,1.86806972,1.95336468,2.06883960,2.40159056,2.20023213,2.35300986,1.69935667,1.50525191,3.05523425,3.17869309,3.31615767,3.06280072,3.22229047,2.56006793,1.85056967,2.93022242,3.07028904,3.20376946,3.42578210,3.11848717,2.89793102,1.51226953,1.41662041,1.60482858,1.52540806,1.64930513,0.00000000,1.09416051,1.34539478,1.44408484,1.40680647,1.37957515,1.38036435,1.54564489,1.74768742,1.71371307,1.71415256,1.72067887,1.99843150,1.58501118,1.75253541,1.83992622,1.70763542,1.52266588,1.66842115,1.41257585,1.49719151,2.87048862,2.91370670,3.35247535,3.08484888,3.09897024,2.25952144,2.20129813,2.67057795,2.84278085,2.43981796,1.79681014,1.60793187,1.47772990,3.24945103,3.62256529,3.47555885,3.51395864,3.27741139,2.11361754,2.02870290,2.84039971,3.12203856,3.49945335,3.19851271,3.10919183,3.48593561,2.69539795,2.53378502,2.96753692,2.99516132,3.13541921,2.20620201,2.02407516,2.89985395,3.20136216,3.02007035,3.26804654,3.05461291,1.40411408,2.93172585,2.81211832,3.42764064,3.14786891,3.14270665,2.08413558,2.17790558,2.66552188,2.94856498,3.20084423,3.08648581,2.41599860,1.45255307,3.18052585,3.11719539,3.50920383,2.95812507,3.16703951,2.20969439,1.88308214,2.60956097,2.92819180,2.94398817,3.08776792,3.18432092,1.54086033,2.90044921,2.89806728,3.34662637,3.05831374,2.93877202,2.12028204,1.95998841,2.60688895,2.99419225,2.76639000,2.86781665,2.30933248,1.44291934,2.84331863,2.79956846,3.09033734,3.04860410,3.32900125,2.02308159,1.86149883,2.69039026,3.13020111,3.64769755,3.45280176,3.38780997,3.71668159,3.21200919,3.25730971,3.36276708,3.34026390,3.17288240,2.66652976,2.13947271,2.86087681,3.26403950,3.35855314,3.06012734,3.24113516,2.89343533,3.02174121,3.11956970,3.44397207,3.13757480,3.22907895,2.22725695,2.18774062,2.56483353,2.67088983,2.42154995,2.19831841,1.65421450,1.38294800,3.13362446,3.13162310,3.40245139,3.07362252,3.38643909,2.32774187,2.02264693,2.66550658,2.93069378,3.10362412,3.01386711,2.77942631,1.51230037,2.75055354,3.04125653,3.26171706,3.04011504,3.03948225,2.03618026,2.07611469,2.69916716,3.07382592,3.17075828,2.83039000,3.03294029,2.99227615,3.00611059,3.06300808,3.37056669,3.19572406,3.28592767,2.16770765,2.04271806,2.85599287,2.94464487,3.17714471,3.25138500,3.34611748,3.46407125,2.96021019,3.35417473,3.63725339,3.22471941,3.01992656,2.36656035,2.03450995,3.03494452,3.01032750,3.04948235,2.82385890,2.94683651,3.04473357,2.90626969,2.96867170,3.33209201,3.13882431,3.17526269,2.27692973,2.08862865,2.66740442,3.08796010,2.97680801,3.17721294,2.32835265,1.38475016,3.18742987,3.03202264,3.31832944,3.35578573,2.97207555,2.36273891,2.05342393,2.52230548,2.64261674,2.98832875,3.04851548,2.79429862,2.52082868,2.08685507,2.97938542,3.30465942,2.94834681,3.06538812,2.64513636,2.11125585,2.73174382,3.19335977,3.34513373,3.55262562,3.47006469,3.58586969,1.44833878,2.36638135,2.77199883,2.54499754,2.75567584,2.26480518,2.25444522,2.82637481,2.86543476,2.64551333,2.62919567,2.52826019,2.30301557
2.93798011,2.89709977,3.58239332,3.07358094,3.20253108,2.70179476,1.71352742,2.47826327,3.24845517,3.27712896,3.39867928,3.07523158,3.45872269,1.86449180,1.81098215,1.69347380,1.82698087,1.71364780,1.65669182,1.55935835,1.19315223,1.18958495,1.27556463,1.30213738,1.25729504,1.22352892,1.44956927,1.95476912,2.38722385,2.44486257,2.96659224,2.16697082,1.91583502,2.05485427,2.43500362,2.16943608,2.13939719,1.68513043,1.28660536,2.91139972,2.95123032,3.26056254,3.14331385,3.18625028,2.73096175,1.79288986,2.78184954,3.20135930,3.21295950,3.32896774,3.08957119,2.68834538,1.56420450,1.37255447,1.57178215,1.48583680,1.62648081,1.09416051,0.00000000,1.08860763,1.38692732,1.20219458,1.16982543,1.19482979,1.36960270,1.52792673,1.57052372,1.42287427,1.50605111,1.87278675,1.68584117,1.50037940,1.67076884,1.51573056,1.27626087,1.32355425,1.31206195,1.27251196,2.79780298,2.80052580,3.36447426,3.17425826,3.07317445,2.46353067,1.99092474,2.61321151,2.92915459,2.36927007,1.50650583,1.38239341,1.35413547,2.97046365,3.43980595,3.22768506,3.42894459,3.18343240,2.17977745,1.85340237,2.79915311,3.21175999,3.42308369,3.16384244,3.13747346,3.36760241,2.63554884,2.48164540,2.99416166,3.10437448,3.13525046,2.38176408,1.89140502,2.84979647,3.15939709,2.97137715,3.07333184,2.94372963,1.30112200,2.97435592,2.65613356,3.35766151,3.20575785,3.14955759,2.32673407,1.83207593,2.55423054,3.08777433,3.14510113,2.81756522,2.18548557,1.29398430,3.10190037,3.12113561,3.51900342,3.04238998,3.10184766,2.41967999,1.69710193,2.61393021,2.81499473,2.89851315,2.80892932,3.11510787,1.37891873,2.88340075,2.85239237,3.39078615,3.11257097,2.91385788,2.33450669,1.71621751,2.55275294,2.96726435,2.61772112,2.67327023,2.28283572,1.17375203,2.74524506,2.68358740,3.13166080,3.11504687,3.21712105,2.15121644,1.49723616,2.57405106,3.18374004,3.54178004,3.32058322,3.31874685,3.40815574,2.99539780,3.09538516,3.30978597,3.41970480,3.07862804,2.77315846,2.07966768,2.91585009,3.36359986,3.35875031,3.10871394,3.14340536,2.72094651,2.78782929,2.89105165,3.27825088,3.06044883,3.04995326,2.31066065,1.78743088,2.52107721,2.64960897,2.24763441,1.84898419,1.47411533,1.27234941,3.00810694,3.07175893,3.48102720,3.18347626,3.33373530,2.55758691,1.85646430,2.63594500,2.99629708,3.19502964,2.95192203,2.83591665,1.27868271,2.74950250,3.04366769,3.37137811,3.20151233,3.00138272,2.27371234,1.78497217,2.50887009,3.07521844,3.09831846,2.59753511,2.90730227,2.73354708,2.84807058,2.80479959,3.32919479,3.31830474,3.28364053,2.35443984,1.70899980,2.76502174,3.03932164,3.09355114,2.98109272,3.14207364,3.04603577,2.90729723,3.35566311,3.57067795,3.12576079,2.98735783,2.58635794,2.04600320,2.93699486,2.99711818,2.98443367,2.82321218,2.80602561,2.90462884,2.89520541,2.91989284,3.40549788,3.24164908,3.16305063,2.44056947,1.92157055,2.56850391,3.05639777,3.00669370,2.99089377,2.46862125,1.10666336,2.99450324,2.92656153,3.28302540,3.35057855,2.98462126,2.56426412,1.95580752,2.45912460,2.74845389,2.97430579,3.07880455,2.86680080,2.48784923,1.90718020,2.80448426,3.22835443,2.88329711,2.93207187,2.70120602,1.95835153,2.62092010,3.16894922,3.25055749,3.44695666,3.41661032,3.26749570,1.21360357,2.22510219,2.52168000,2.31365594,2.56915918,2.30252648,2.02162446,2.64860084,2.81213928,2.50784727,2.42922383,2.44252486,2.08131540
2.82119511,2.89088610,3.52105086,2.97222963,3.11314412,2.45312738,1.56208147,2.47037760,3.18213360,3.13800582,3.33745378,3.04046348,3.45909868,1.68635241,1.60215442,1.55080546,1.55910717,1.59318488,1.39343642,1.41112321,0.96693914,0.84534516,0.92526662,0.86204342,0.96382293,0.95384077,1.09726242,1.80512429,2.25288278,2.29121862,2.73401585,2.05926914,1.78134611,1.96905522,2.29236837,1.98401280,1.95377863,1.40109239,0.98235358,2.81636230,2.89412929,3.21185559,2.86023260,3.03266049,2.40498836,1.57429737,2.58413706,2.91569580,2.92052292,3.12542336,2.81444046,2.54717421,1.62767069,1.50184364,1.67763474,1.47772619,1.67752664,1.34539478,1.08860763,0.00000000,0.94360846,0.91193166,0.91657321,0.88276226,0.93258795,1.15079036,1.24544716,1.19187650,1.24438533,1.66265785,1.35577238,1.30906008,1.39678155,1.17974744,0.98858599,1.17986004,0.93213004,1.03146534,2.66919236,2.59494536,3.29710130,2.89742685,2.87930315,2.20492018,1.72099961,2.38212707,2.73728015,2.05296201,1.30424693,0.98694469,1.00127848,2.95917826,3.28945890,3.07359395,3.12975483,3.19207005,2.10610524,1.65027295,2.66566370,3.13004169,3.27714267,3.21076899,3.24998922,3.47491367,2.55951282,2.47937790,2.98689884,2.90028159,2.87755657,2.17726844,1.74244085,2.57300192,2.92953134,2.72867590,2.83888287,2.73681585,0.92066360,2.76064361,2.59964440,3.35190631,2.99334872,2.96710363,2.18714190,1.76898758,2.56108206,2.94351306,3.05039405,2.83996552,2.07544281,0.91358488,2.93523054,2.99913940,3.32198658,2.83825777,2.96119107,2.24343823,1.56225656,2.47878701,2.82064571,2.80225662,2.83760746,2.98411862,1.02192167,2.74424004,2.73833427,3.35045245,3.00141495,2.74856066,2.22414890,1.55867962,2.44269105,2.86553497,2.49450842,2.56899950,2.15422864,0.86343530,2.58145342,2.58304799,3.04269504,2.93970558,3.09556402,2.16638422,1.51626746,2.55687687,3.11114274,3.35480037,3.27101622,3.18753080,3.34090902,2.97284715,3.07568847,3.26687738,3.30265682,2.98710808,2.52735688,1.83425532,2.85272000,3.21700857,3.09602843,3.02662283,2.88868711,2.59525802,2.67557762,2.81136096,3.29646033,2.86351555,2.92207318,2.17802373,1.69690985,2.45474377,2.59636597,2.13489558,1.76202801,1.22158530,0.92411329,2.88202303,2.90412040,3.42354889,2.94261173,3.14768418,2.43125299,1.75078488,2.53229412,2.83473459,2.94055577,2.83128507,2.56224040,0.94065121,2.58469187,2.97199930,3.40694441,3.02583087,2.84323952,2.11655404,1.65429125,2.56274289,3.04324788,2.93797193,2.61922178,2.82049177,2.67606099,2.74941200,2.81603669,3.30214681,3.12336663,3.04650330,2.15442464,1.52115760,2.60463523,2.84567966,2.88547830,2.89254350,2.98918653,2.98900212,2.57099653,3.04275153,3.27572828,2.82878935,2.89694866,2.29828651,1.66245424,2.78732154,2.79198095,2.75116650,2.83151236,2.75686307,2.75570366,2.59915471,2.67405456,3.23020481,2.95113846,2.97794481,2.18389392,1.64511532,2.41262021,2.89006849,2.76351933,2.73061698,2.17933572,0.81635823,2.58112350,2.60388305,2.96243253,3.03307074,2.82998805,2.32609657,1.69597087,2.30261931,2.57006701,2.67367818,2.95991924,2.78225319,2.29975018,1.69243054,2.78434212,3.13644644,2.66593769,2.86441555,2.42045680,1.71194218,2.56680660,3.05684862,3.01135264,3.24874855,3.17737194,3.07402609,0.85726180,1.96082109,2.40202766,2.13978458,2.37686415,1.97912449,1.74241270,2.47227259,2.64745023,2.29261310,2.34660781,2.28720094,1.83028791
2.83449907,2.94247875,3.57068481,3.05120920,3.10137131,2.52874209,1.39093079,2.50025250,3.16533469,3.10983303,3.25235077,2.88355633,3.31629195,1.55001361,1.59269611,1.49381167,1.50469832,1.57087706,1.22260383,1.21600389,0.89258341,0.84941534,0.72628978,0.83765687,0.97192797,0.91975966,1.03032127,1.74405844,2.23683700,2.11353036,2.84350570,1.96834180,1.71695104,1.97187398,2.29242479,1.97666658,1.96505159,1.19254867,0.84007279,2.79219977,2.91270677,3.24184848,2.87590635,3.07992728,2.41074990,1.33663258,2.60597875,2.84884210,2.83823156,3.06724580,2.65690411,2.48288502,1.60324462,1.60280981,1.61243614,1.63666947,1.96588917,1.44408484,1.38692732,0.94360846,0.00000000,0.77902789,0.90733074,0.83877901,0.83260316,1.25587733,1.21593774,1.24675840,1.18236954,1.71893314,1.26265870,1.38031350,1.45914918,1.26565269,1.04923835,1.30218590,0.76900132,0.82116857,2.61717502,2.65393196,3.33469328,3.00025963,3.09209642,2.24989556,1.75938604,2.56965380,2.81781467,2.23714774,1.37701007,0.98174645,0.77044523,3.09034576,3.48146149,3.28033813,3.22693732,3.27852369,2.19215119,1.62622432,2.69647650,3.12351541,3.23883459,3.08759670,3.09178887,3.33502662,2.48446968,2.48290392,2.93268655,2.79810622,2.98976725,2.20728202,1.82795660,2.68375609,2.99105536,2.77462844,2.99202758,2.69639412,0.77360087,2.67668182,2.65009015,3.36444195,3.05644995,3.11429256,2.11182758,1.87708896,2.66572938,2.99862547,3.12309329,3.00417014,2.07939906,0.89940037,2.79887658,2.89530957,3.31040331,2.83908268,3.12441858,2.18465522,1.47154061,2.48856662,2.84356794,2.78438931,2.92304135,2.92094404,0.79074102,2.61328933,2.69303797,3.40097630,3.08301389,2.98009454,2.14852113,1.62632131,2.52949769,3.03602812,2.71238065,2.72300299,2.06793481,0.85204149,2.51101064,2.56345044,3.06696959,3.00660904,3.14275091,2.06805818,1.50339933,2.67244079,3.09282630,3.33256232,3.23320198,3.20014391,3.46735042,3.00538407,3.20557557,3.33481195,3.31064412,3.02028988,2.57267428,1.64866068,2.83683383,3.12114545,2.98713133,2.93545371,2.72840451,2.43708945,2.47671079,2.76035596,3.27720015,2.86653668,3.05368709,2.09714913,1.69215997,2.45592530,2.53431308,2.12796708,1.86954228,1.24165422,0.83848819,2.87485280,2.96798336,3.41973057,2.87130888,3.23870561,2.41109460,1.66039281,2.58090032,2.81489415,3.00107475,2.88291240,2.43942946,0.89602130,2.42010008,2.96694965,3.40742788,2.99508975,2.90419872,2.06040900,1.61852639,2.71298928,2.99304505,2.94046709,2.59621987,2.90452115,2.83279860,2.66799498,2.85559676,3.29301342,3.11588208,3.15629132,1.98808955,1.42000258,2.62121706,2.81924037,2.86372811,2.93691326,3.04112068,3.12294085,2.64479672,3.14140580,3.39152279,2.91983942,2.98325216,2.37479176,1.61833240,2.85657660,2.75213635,2.79375910,2.81685627,2.70712767,2.79925220,2.58438981,2.70732925,3.23253493,2.91101232,3.08189274,2.16300007,1.70162893,2.32312240,2.75777712,2.72930278,2.82802411,2.03040025,0.84576083,2.64507823,2.64460456,3.00763265,3.03762531,2.88265040,2.28983859,1.48254276,2.39473341,2.50602776,2.56097621,2.87137951,2.55499176,2.17440339,1.81682344,2.80536907,3.19724959,2.69240421,2.91878057,2.40621510,1.51376168,2.60741220,2.99610970,2.97538706,3.20315328,3.07949011,3.05584022,0.84666273,2.02869477,2.40105902,2.19338487,2.56705086,2.00450192,1.80306817,2.56449840,2.65412066,2.30580400,2.33750365,2.16772990,1.83063214
2.85878164,2.89929002,3.42763073,3.01067558,3.07300786,2.52017061,1.31413257,2.37209234,3.08279595,3.19747210,3.29708407,2.97573516,3.27091563,1.40332465,1.35855307,1.39493704,1.42294345,1.30864694,1.15160486,1.17106367,0.72558184,0.63630591,0.72181688,0.62813439,0.74621581,0.75711493,0.84373872,1.72805140,2.23429567,2.21609225,2.73593437,2.10775244,1.68932574,2.00503486,2.34436230,1.98705773,1.91994568,1.36286425,0.65186869,2.79664955,2.85918903,3.15681538,2.81964530,2.96718037,2.47140241,1.35558364,2.54167430,2.83674348,2.95646046,3.05354824,2.70805662,2.39315405,1.47447601,1.47225075,1.58418810,1.51594468,1.73808311,1.40680647,1.20219458,0.91193166,0.77902789,0.00000000,0.63000673,0.69558534,0.64326658,1.05209854,1.12079771,1.12951964,1.03893787,1.48034536,1.32822081,1.23036557,1.23775733,1.13316425,0.83284655,1.09618475,0.74319116,0.73104012,2.56200252,2.54784410,3.19571767,2.92434440,2.92735386,2.24101409,1.61735925,2.29407832,2.81402097,2.23239961,1.18132411,0.97615509,0.71111319,3.02892834,3.39459475,3.15655472,3.17682454,3.15388496,2.08984675,1.45720053,2.59133074,3.02116972,3.23183548,3.03918794,3.00422804,3.20131831,2.44968236,2.30213368,2.79084775,2.77917991,2.87894941,2.24652538,1.66569266,2.61754096,2.97638686,2.88185597,2.96079842,2.74793707,0.72051567,2.69966471,2.53777478,3.21555499,2.97348059,3.01199527,2.20285779,1.72283654,2.52130910,2.96138084,3.14503048,2.93836413,2.21044632,0.71186354,2.88995980,2.89353184,3.29918639,2.86558986,2.99079606,2.27469708,1.37232594,2.48197996,2.82263859,2.91255349,2.92955478,3.12087183,0.82022448,2.57525297,2.55624289,3.20545852,2.95916693,2.85624266,2.19795496,1.46510791,2.40195967,2.92697979,2.61919783,2.58757808,2.13477269,0.66148460,2.50140613,2.44931278,2.96697371,2.90524475,3.01502363,2.06896000,1.28106428,2.54179596,3.04412216,3.38792464,3.19014364,3.16612331,3.34566764,2.94547280,3.06376452,3.14689374,3.23196452,2.90799413,2.51112387,1.58228060,2.69647405,3.01466815,3.08346771,2.87901901,2.77246861,2.41147203,2.48254059,2.63014105,3.10842989,2.79874010,2.88287825,2.20297798,1.51870928,2.33278941,2.55317799,2.15537554,1.72705433,1.15117264,0.67845549,2.77175444,2.79991887,3.29676423,2.81003262,3.01523824,2.35358051,1.55302571,2.53313706,2.75423296,2.92104679,2.74161611,2.58395020,0.81294822,2.37815588,2.78718748,3.27008410,2.95597902,2.78103878,2.13630032,1.34671797,2.56094323,2.92846674,2.91756812,2.45708761,2.80702435,2.61785248,2.70503767,2.78730518,3.19698447,3.05171782,3.05300708,2.11605706,1.35396016,2.50460856,2.77833549,2.87853394,2.91355775,3.06414960,3.01919749,2.65558525,3.14276475,3.31322279,2.86839827,2.86236592,2.34361504,1.62796316,2.75810262,2.70881469,2.78722957,2.82043453,2.73793412,2.70446015,2.49404026,2.54509007,3.11775654,2.86183803,2.92988742,2.17859953,1.48034422,2.30120873,2.81606568,2.90662445,2.90572135,2.27833190,0.70857934,2.61289512,2.61638689,2.92077903,2.97558042,2.78926253,2.29597951,1.46671745,2.32547879,2.50338333,2.63484332,2.83212633,2.64195540,2.20191136,1.70685009,2.76177432,3.07498513,2.67317399,2.78234098,2.43561283,1.51448580,2.48022710,2.94418492,3.04869446,3.19197358,3.10552095,3.00299951,0.76094003,1.95912829,2.31398510,2.12339119,2.39195810,2.07323380,1.69289434,2.49878591,2.60389148,2.37501250,2.30041441,2.29759123,1.86636012
2.88317102,2.89281035,3.44953644,2.98004816,3.00629148,2.45776803,1.31170912,2.30428318,3.05417041,3.17694236,3.28963093,2.94219025,3.29862808,1.45706865,1.38541325,1.40779791,1.44887248,1.35877737,1.21202599,1.21489448,0.70787189,0.65222777,0.75644509,0.64872266,0.71211612,0.69519767,0.96554384,1.79015756,2.23803425,2.23027433,2.67410204,2.03533890,1.68076571,1.96497145,2.22424779,1.86332151,1.78594568,1.34503680,0.78124627,2.82183814,2.90787490,3.19313925,2.76980769,2.93891814,2.43393322,1.43200652,2.61910704,2.86623664,2.90982537,3.09484220,2.80027233,2.54140265,1.51221712,1.43172387,1.60038625,1.50599425,1.66208011,1.37957515,1.16982543,0.91657321,0.90733074,0.63000673,0.00000000,0.69620226,0.77693955,1.10345205,1.12976586,1.15782299,1.08358612,1.54137647,1.35616720,1.13892060,1.23038496,1.08297840,0.80689845,1.10635048,0.75817630,0.76844373,2.50069941,2.53679154,3.16849701,2.89223323,2.89453389,2.19757548,1.59576931,2.27122463,2.69781818,2.11288015,1.14819450,1.01409640,0.77951366,2.97405268,3.37451853,3.11320890,3.12386510,3.09274031,1.97832908,1.41558468,2.54585254,2.94471435,3.11749284,2.92641648,2.91502466,3.15775037,2.45206693,2.36566633,2.77933645,2.74933561,2.83093385,2.16260876,1.57940855,2.55859080,2.88091126,2.76443632,2.88227159,2.74561871,0.78901407,2.65484865,2.46440248,3.16526175,2.85784373,2.90564431,2.16341713,1.74149219,2.57926329,2.88295505,3.11739301,2.97598001,2.25093660,0.67861793,2.86769027,2.88999969,3.23452107,2.75548314,2.96547977,2.25523248,1.34733697,2.36485985,2.70676163,2.83323997,2.83502641,3.09531980,0.79215872,2.62768773,2.58753043,3.10932489,2.89179530,2.75860509,2.21456586,1.56259736,2.43778450,2.90745564,2.63181658,2.63164655,2.21661960,0.69311739,2.41168880,2.41927649,2.87342888,2.80710078,2.93683127,2.04406570,1.30388481,2.42038564,2.95266465,3.31788020,3.20849742,3.15715193,3.31895702,2.96615550,3.09199658,3.10352295,3.18260716,2.88102264,2.47033331,1.62790028,2.67470242,2.96138014,3.03782392,2.92920339,2.84664803,2.52563569,2.54707912,2.64014455,3.05817203,2.71573148,2.83432008,2.16375505,1.57902747,2.27939725,2.46419016,2.20156947,1.79837339,1.13557046,0.70168785,2.80626802,2.83015633,3.28459908,2.81771553,3.02601317,2.37060266,1.58153032,2.50205894,2.75818461,2.93030877,2.78532683,2.60378013,0.75711741,2.40287821,2.82589351,3.21023791,2.89448536,2.72181082,2.08059372,1.45483530,2.50977377,2.89950129,2.87021993,2.49816856,2.91704035,2.68094777,2.63327886,2.76704909,3.09640881,2.96494465,2.97598827,2.08618266,1.34597714,2.48931640,2.71357582,2.80443428,2.88006502,3.08006622,2.99127004,2.61934251,3.10568030,3.28880881,2.80274828,2.76550975,2.30826950,1.57916712,2.69417930,2.72088385,2.74333397,2.82818612,2.76202107,2.71950389,2.60330579,2.63347171,3.12956828,2.89137560,2.90365183,2.21646751,1.61228639,2.30414968,2.75289958,2.86902847,2.84622097,2.24029920,0.67265427,2.65056844,2.71829939,2.92536827,2.96512395,2.72773008,2.31708801,1.52539770,2.28529205,2.45146903,2.56058862,2.81841144,2.62853709,2.16013888,1.72810247,2.80706245,3.11816113,2.71164405,2.75226004,2.43554428,1.53464526,2.44294933,2.97759417,3.10791351,3.23453452,3.13946976,2.99857955,0.72903838,1.86729492,2.29730987,2.08662394,2.19754282,1.92874919,1.47838379,2.40045675,2.52673270,2.26336569,2.15897959,2.25410347,1.75105589
2.78522480,2.83609697,3.37607141,2.97944912,3.11769548,2.48468293,1.40187876,2.39179444,3.08659673,3.17142749,3.26641917,2.81729527,3.33863131,1.42353668,1.40811293,1.35100379,1.36455742,1.38801435,1.12127863,1.12055102,0.70412850,0.63335099,0.72468605,0.70448371,0.72588570,0.63351775,0.90652246,1.64136988,2.11748233,2.18172785,2.68295903,1.89171125,1.54082422,1.91035828,2.22357032,1.86954828,1.77797270,1.21610663,0.69849237,2.77088564,2.95822860,3.15202862,2.91393227,3.07564486,2.47372077,1.42644583,2.65512330,2.85332823,2.95323916,3.08146282,2.68985559,2.56697896,1.64713719,1.50496777,1.59947810,1.60444982,1.74843474,1.38036435,1.19482979,0.88276226,0.83877901,0.69558534,0.69620226,0.00000000,0.73295110,1.05191422,1.02958426,0.96980488,1.03652850,1.51699046,1.26831146,1.09632063,1.26328143,1.08511597,0.86533299,1.05859781,0.58069646,0.61267522,2.62282409,2.61684027,3.22002727,2.95901584,2.97154573,2.21092559,1.68040850,2.32377501,2.75186792,2.09102287,1.07253997,0.88098702,0.66712887,2.99820296,3.48723434,3.13401394,3.21984976,3.19487546,2.05770005,1.47647508,2.64996447,3.01727497,3.19790496,3.02869339,3.00302405,3.28813507,2.40460776,2.36026233,2.83313459,2.87960698,2.86913616,2.14796865,1.57486426,2.63166264,2.92753291,2.80060541,2.83964440,2.71773172,0.70905425,2.76302070,2.62384788,3.28443961,3.01033142,2.98881672,2.14862006,1.76205624,2.63798134,2.99722841,3.28422095,3.06987927,2.28825048,0.67690906,2.83556910,2.95735778,3.27112890,2.79619074,2.97427801,2.22858317,1.45441110,2.42619513,2.73222001,2.86670229,2.91770694,3.13390265,0.78904031,2.68754750,2.71335248,3.27990995,3.06421993,2.80747620,2.17011204,1.55293637,2.44647024,2.85407781,2.68158455,2.57646093,2.21858756,0.66478728,2.49289650,2.52014757,2.96708652,2.93297756,3.05149131,2.02106852,1.35242188,2.47832814,3.00907678,3.38475187,3.21834159,3.10274731,3.40529998,3.04904142,3.18107030,3.20033721,3.27406416,2.97544322,2.47867632,1.72183298,2.77153834,3.07045156,3.07250748,2.98715979,2.80406304,2.55518770,2.56977406,2.72491486,3.12996473,2.83043480,2.92809598,2.12253763,1.59433264,2.33340227,2.53133579,2.20889948,1.82686321,1.09652235,0.63162111,2.74044863,2.86778319,3.34489614,2.89796121,3.13508301,2.37642153,1.62403845,2.49924075,2.83905475,2.99887676,2.83482767,2.63072298,0.65433084,2.39180619,2.91582217,3.19735291,2.91392346,2.84040369,2.03881245,1.50120036,2.49182029,2.92761492,2.95757514,2.63167416,2.86799106,2.79089925,2.73352565,2.83795905,3.15898485,3.11070439,3.01536269,2.09487961,1.43286334,2.53903213,2.73817879,2.93934585,2.89459137,3.02197131,3.04360497,2.66213613,3.13397405,3.29398642,2.80182161,2.87551915,2.29708222,1.66443972,2.76407804,2.68054462,2.72724019,2.77863141,2.68569265,2.76670504,2.58061386,2.68510216,3.11982409,2.93684888,2.95345869,2.16610972,1.65758757,2.28925127,2.70422211,2.84736892,2.79978221,2.22003375,0.71865154,2.65835137,2.74089040,2.98361096,3.03911209,2.83547859,2.27419060,1.58151102,2.33225817,2.49848730,2.64439427,2.92130508,2.68113391,2.28047008,1.68631670,2.73204837,3.01248258,2.59583566,2.76453684,2.36649397,1.50975813,2.49979225,2.91521839,3.04180270,3.22805906,3.01591448,3.02279606,0.62295630,1.88729334,2.28779671,2.15772210,2.29570447,1.90559073,1.59295968,2.40657698,2.60083964,2.34591635,2.27861846,2.22037894,1.88433470
2.78520682,2.84067845,3.37720841,2.96203071,2.97364374,2.44987056,1.37025840,2.39938912,3.06684207,3.07957169,3.17356069,2.95616187,3.28948015,1.48184194,1.42266799,1.43382927,1.46114808,1.39087339,1.22268451,1.25083373,0.78345960,0.68255972,0.71685555,0.66256881,0.75664681,0.76091534,1.03875548,1.75644907,2.14336387,2.24832385,2.59829902,1.97155934,1.60191173,1.97961554,2.29602120,1.95620033,1.87575165,1.36802333,0.72948210,2.85637516,2.96556773,3.19999899,2.86271727,2.92759612,2.42827305,1.42974426,2.53317604,2.74534693,2.79902650,2.98983453,2.71029949,2.50513986,1.60155562,1.58883249,1.67934912,1.59132640,1.70694769,1.54564489,1.36960270,0.93258795,0.83260316,0.64326658,0.77693955,0.73295110,0.00000000,1.01655533,1.10306713,1.13083798,1.11539185,1.51746183,1.33501841,1.22036580,1.23089421,1.14552377,0.81172047,1.05111978,0.78129093,0.74370265,2.49710348,2.55925680,3.14451489,2.91904066,2.86604524,2.14619857,1.64215999,2.38860058,2.72616864,2.28313364,1.11790946,0.98602575,0.65665307,2.91419837,3.32400957,3.03221942,3.09761316,3.06149174,2.00665977,1.57155758,2.65973582,3.00500693,3.15547950,3.01198300,3.07183522,3.27414642,2.45180023,2.40384040,2.79542255,2.81890060,2.75475611,2.14812005,1.64046927,2.49848017,2.83255680,2.74921356,2.84510502,2.77594441,0.79808545,2.68306411,2.56544204,3.22942616,2.98295961,2.85855369,2.07886574,1.68843452,2.54159067,2.89051249,3.10089330,2.84923120,2.19405937,0.75337753,2.82135480,2.92429190,3.25907561,2.82502792,2.90881343,2.18492855,1.35188669,2.42662503,2.74616985,2.87612690,2.87035583,3.09292330,0.80119290,2.58886014,2.58522199,3.20391947,3.02408039,2.71636091,2.11264297,1.47141947,2.35341777,2.83472663,2.58682348,2.53595592,2.14701635,0.72216053,2.50105522,2.45577317,2.90682517,2.89094259,2.93221699,2.04617432,1.37560355,2.53841089,2.97638142,3.30143125,3.13618927,3.16200395,3.30757174,2.98282530,3.10092749,3.20114658,3.26360842,2.86269627,2.47179303,1.59704011,2.67478579,2.96655588,3.01253577,2.86184536,2.78256106,2.37224161,2.63561938,2.78190530,3.21252819,2.87951867,2.84063416,2.08111819,1.58542456,2.34803622,2.52724979,2.22316160,1.74359005,1.04706204,0.67375360,2.71233175,2.77015844,3.25679307,2.83055779,2.99150027,2.34815074,1.54766964,2.54465169,2.80989037,2.94619809,2.77412474,2.62633485,0.79876839,2.35360471,2.87976678,3.28474737,2.99299281,2.66330602,1.99790441,1.40941686,2.52818789,2.82630568,2.80378150,2.39844388,2.77965613,2.67933111,2.71108014,2.83871330,3.16164405,3.02814466,2.87772327,2.02390243,1.35199841,2.53168211,2.72332024,2.80189378,2.85062621,3.09395530,3.08052507,2.50834977,3.03868040,3.26507396,2.83340817,2.78842969,2.30678722,1.60119989,2.80649363,2.68792821,2.71838139,2.75374110,2.65191684,2.59676553,2.49736300,2.55398853,3.04689068,2.89104616,2.83849035,2.07728180,1.52146269,2.26896410,2.71340089,2.90140170,2.79354702,2.19275154,0.80339198,2.58977237,2.63154410,2.90099345,3.01581899,2.77636005,2.33014426,1.60382969,2.33433432,2.50841014,2.59463290,2.79772838,2.69867622,2.19697649,1.69815024,2.73673180,2.96954446,2.64727737,2.68904022,2.34991127,1.48754718,2.45342116,2.85842602,2.90323666,3.03336383,2.99722894,2.94789033,0.77092567,1.99879787,2.30333744,2.14885007,2.37330042,1.96580383,1.69998571,2.41778161,2.58522431,2.33981224,2.26657112,2.26790509,1.82767004
2.72713177,2.87991541,3.39312675,2.88136708,3.02388012,2.53226563,1.61524985,2.58611345,3.07964513,3.15360480,3.29159432,2.89271898,3.34643428,1.59597579,1.57307124,1.60721433,1.54447900,1.49439473,1.35257814,1.40668051,1.08979210,1.04315523,1.03280702,1.06848720,1.10174645,1.08030265,1.27485734,1.97833978,2.27268821,2.42375811,2.56361550,2.06982805,1.77991520,2.07678357,2.34868128,1.99025364,1.92811129,1.64262588,1.07731359,2.74085702,2.94911703,3.20003914,2.85910238,3.05085239,2.51716880,1.63537909,2.71216566,2.91177589,2.90551044,3.12798604,2.80583951,2.57580862,1.75945667,1.76127296,1.79776983,1.75518344,1.83370656,1.74768742,1.52792673,1.15079036,1.25587733,1.05209854,1.10345205,1.05191422,1.01655533,0.00000000,1.15462325,1.14554062,1.11740890,1.51956046,1.41270668,1.29780554,1.35719922,1.20098988,1.01147291,1.17656676,1.05839159,1.05707826,2.79209401,2.76262798,3.32384109,3.06891664,2.96419112,2.39050728,1.83717352,2.46745940,2.77516682,2.34924245,1.29343848,1.16265547,1.13563102,2.84703591,3.40179962,3.06171565,3.09983758,3.13255078,2.08420233,1.81345168,2.87832548,3.08922513,3.26063725,3.16522775,3.18338715,3.47466611,2.62442866,2.60970740,2.91614001,2.92758526,2.79284445,2.24259917,1.73594276,2.68036400,2.89610391,2.85775059,2.84354487,2.85726972,1.10030872,2.82831978,2.73638405,3.31807989,2.98276970,2.93427225,2.23332304,1.73507514,2.59389368,2.85253592,3.07558444,2.89201982,2.36744336,1.01366711,3.08273542,3.18577442,3.39291781,2.93387745,2.93014876,2.41395470,1.72407851,2.63160602,2.85502494,3.09140627,3.05682071,3.36954321,1.10590752,2.96848798,2.92236850,3.51899955,3.19680269,2.83192987,2.34021169,1.78533655,2.48889036,2.80230073,2.66485118,2.42811335,2.19242051,1.02235915,2.59459643,2.55475943,3.02444434,2.92612428,2.96668997,2.17237422,1.51505811,2.61691065,3.02598054,3.39872667,3.22686414,3.12761274,3.36921707,2.79991088,3.00579745,3.11191772,3.15253689,2.94442818,2.56866640,1.77521874,2.80130318,3.00603774,3.12558449,2.97017637,2.96890035,2.64691175,2.74120125,2.85011920,3.31352179,2.91074213,2.93200077,2.20881832,1.74575448,2.57482681,2.59526765,2.36661664,2.07046170,1.36953847,1.00271268,2.90595316,2.81233591,3.26855814,2.91407851,2.96749911,2.40480938,1.65332226,2.51242487,2.71262246,3.02723526,2.82282247,2.76269198,1.13449495,2.59803209,2.97906696,3.34376261,3.09592482,2.75355219,2.22164396,1.69914226,2.66011908,3.01294294,2.97606740,2.67434979,2.92707480,2.84935334,2.87900380,2.98477984,3.25163455,3.12960759,3.02019202,2.25177303,1.58910735,2.66669936,2.80345772,2.88583732,2.91353215,3.10180116,3.03022931,2.48580606,3.11864280,3.32265532,2.85795370,2.91967149,2.42854375,1.79044424,2.94718119,2.86030182,2.91378872,2.98503472,2.86113643,2.94261224,2.73506506,2.81698466,3.18435912,3.00877199,2.85029756,2.27866031,1.68794421,2.40472897,2.86337785,2.94598033,2.85786385,2.48503801,1.06602045,2.48642429,2.73008814,2.98786882,3.03257658,2.74549500,2.35834211,1.80010662,2.49810034,2.58396075,2.70802822,3.00378133,2.89540269,2.39611151,1.75339969,2.69714649,2.95144486,2.69039886,2.83907574,2.45355844,1.66589110,2.66695283,3.02046877,3.11844023,3.20653669,3.16832474,3.15943200,1.05086561,2.10084986,2.52342458,2.26404789,2.41750659,2.20356088,1.97173351,2.70838967,2.81216335,2.59859131,2.45662824,2.61577110,2.10222744
2.77515632,2.74417351,3.25022485,3.09539195,3.32696286,2.56469366,1.59188839,2.46511038,3.18624749,3.35504251,3.43585228,2.69217204,3.31171703,1.72014615,1.72536840,1.69640235,1.66902620,1.67121007,1.50638494,1.56127342,1.14185637,1.13459237,1.04798911,1.06652020,1.21945359,1.13551579,1.35679167,2.02447011,2.29521317,2.51703014,2.91315136,2.23190014,1.91916655,2.11565373,2.36470918,2.11010372,1.96687267,1.61757274,1.16153808,2.80312587,2.89769535,3.12493377,2.92187352,3.24612416,2.55747009,1.49603926,2.63861620,2.98202754,3.09209882,3.19621837,2.60473492,2.58829576,1.74156588,1.73159058,1.79478801,1.78440935,1.95899215,1.71371307,1.57052372,1.24544716,1.21593774,1.12079771,1.12976586,1.02958426,1.10306713,1.15462325,0.00000000,1.06441687,1.05669903,1.45215715,1.38104520,1.19796202,1.43594447,1.35147582,1.07306880,1.19901608,1.10254486,1.04813240,2.70718768,2.66234197,3.29362596,3.15585688,3.19302318,2.41889857,1.93659709,2.53741336,2.96847268,2.50823923,1.40842857,1.32220843,1.17465033,3.08131706,3.43109510,3.12772745,3.41830807,3.38781267,2.19631786,1.61871982,2.82113601,3.21105160,3.31904379,3.17321756,2.97926911,3.36313415,2.65571364,2.57703740,3.00066985,3.05178136,3.11214285,2.38333829,1.86429132,2.74952671,3.12750962,2.97746104,3.01873595,2.94250456,1.08265168,2.73242807,2.68196401,3.25454244,3.13967400,3.19037188,2.44351526,1.98454427,2.77200389,3.06588376,3.33598395,3.03334271,2.29409752,0.98369422,2.95835098,3.02080718,3.35051236,2.94087083,3.23557182,2.45809349,1.73539529,2.67641579,2.95533792,3.01665366,3.02989966,3.16574252,1.07153786,2.87156293,2.84385244,3.43430074,3.25948091,3.10025922,2.52211921,1.90205298,2.67380982,3.04646406,2.82304223,2.76206732,2.48363500,1.05972020,2.57103205,2.53098214,3.05217722,3.03527056,3.26978084,2.28643758,1.54572100,2.60067034,3.09576221,3.46683418,3.28112507,2.84012803,3.24998979,3.04774944,3.08115534,3.04563142,3.26912603,3.13475234,2.59460292,1.81694550,2.85478845,3.11867275,3.16310689,3.08217116,2.71016931,2.60497088,2.67133930,2.66852597,3.18538938,2.92644968,3.07420128,2.31879757,1.77686384,2.47325471,2.62424470,2.26949334,1.82569979,1.25492495,1.03015326,2.85815065,2.96472592,3.34637513,2.92768927,3.30296066,2.62424334,1.81583293,2.62104156,2.98755266,3.09567007,2.97311226,2.86967286,1.05093771,2.43563066,2.93428321,3.29942310,3.16679350,3.05907368,2.26543055,1.75717338,2.79669572,3.18051679,3.06815671,2.69513450,2.76463235,2.73328925,2.77379467,2.96866902,3.30260199,3.24186556,3.25718046,2.26864887,1.53553220,2.71723329,2.90242238,3.03778341,2.85892628,2.86980148,3.01684834,2.72403590,3.13106243,3.30494424,3.00922956,3.08109188,2.38889456,1.71435563,2.89469321,2.94449410,2.94823129,3.00192735,2.77831732,2.89255157,2.65806165,2.78009704,3.20193967,3.11139427,3.19324562,2.43167083,1.83458507,2.36907477,2.96435515,3.11791825,2.87951736,2.41075983,1.11662628,2.71552593,2.72512579,2.94620527,3.11338217,2.94824207,2.37696346,1.79275629,2.41135285,2.73355359,2.80418682,3.03612528,2.68082362,2.45175315,1.77789189,2.63980526,2.92401790,2.71141162,3.05677732,2.44819075,1.54595804,2.44806807,3.04549119,3.25374084,3.33435291,2.86380766,2.99289176,1.07831556,2.10668200,2.34693241,2.22700724,2.39073140,1.98466527,1.80245100,2.42003109,2.69013329,2.48237990,2.33054618,2.29747607,1.97586594
2.76173163,2.81085111,3.23093539,2.98304412,3.07936036,2.68235154,1.64081801,2.35927122,3.05126369,3.23039461,3.30034575,2.93864279,3.30208469,1.91047704,1.92710340,1.88421638,1.96338328,1.82046040,1.63956775,1.63277988,1.13277272,1.08133620,1.17255789,1.02057257,1.17534434,1.07093646,1.36866920,2.03305437,2.39130039,2.49489912,2.80305463,2.23202375,1.83670907,2.07062537,2.35941000,2.05720904,1.94600099,1.46487630,1.12530307,2.66326194,2.85945355,2.97434586,2.86016878,3.04705046,2.64735469,1.56316070,2.60319151,2.89180596,2.98792163,3.10629007,2.82499039,2.64523213,1.88014072,1.80960989,1.90280410,1.90318261,1.98739711,1.71415256,1.42287427,1.19187650,1.24675840,1.12951964,1.15782299,0.96980488,1.13083798,1.14554062,1.06441687,0.00000000,0.91652381,1.43410483,1.28822756,1.19722960,1.35689440,1.23160452,1.15761541,1.22621435,1.10578850,1.08499775,2.87948945,2.88537354,3.25712387,3.15248995,3.07614781,2.48039088,1.96816239,2.35058401,2.76444114,2.36597466,1.28564439,1.22484798,1.11216904,3.11834983,3.51441118,3.07941207,3.37183006,3.23052317,2.14806443,1.86102496,2.74234279,3.08709877,3.37606468,3.19433159,3.11983199,3.49167251,2.66826291,2.56651502,2.88921387,3.06929179,2.97886089,2.31740998,1.67863140,2.67766061,2.96342761,2.92225372,2.90520219,2.82829875,1.13083209,2.82714587,2.70297702,3.23212938,3.13519819,2.99596431,2.40045611,1.85154595,2.63350981,2.96585922,3.32271847,3.04532269,2.38321485,1.08802662,3.08188430,3.19400418,3.45013084,3.04348633,3.05477511,2.47329002,1.71404887,2.61365230,2.84483262,2.99313849,2.98400206,3.21847577,1.12743213,3.05173865,3.06414242,3.48882370,3.35106863,2.99111362,2.50747189,1.89360490,2.47913581,2.85591198,2.76981153,2.59617935,2.35632307,1.07221424,2.71375233,2.66443159,3.02581741,3.06021446,3.06781912,2.19979111,1.56055226,2.56869688,3.07295961,3.52206936,3.34446745,3.23229794,3.39193948,3.07348817,3.16919722,3.07413212,3.25783800,3.00339250,2.69299795,1.83936819,2.81141152,3.18217571,3.18138736,3.04166290,3.01108320,2.58466530,2.76890296,2.80599743,3.09562005,2.93606788,2.96496479,2.32560923,1.75579379,2.35049075,2.43657978,2.41709769,1.98018417,1.39685264,1.06797516,2.94570724,3.00305565,3.38941115,3.08955095,3.13630106,2.45123733,1.81270478,2.61435872,2.91258275,3.14567001,2.91822845,2.91552642,1.05012971,2.63666075,3.04203806,3.27411616,3.23641396,2.99789812,2.28427071,1.78760455,2.61839273,3.02787524,3.08440649,2.78916972,2.97206303,2.75972591,2.82115494,2.95164310,3.26116295,3.27855806,3.04512197,2.29605329,1.61732370,2.63152716,2.82096553,3.06044193,2.93819315,3.06387730,3.02482227,2.71370190,3.08624427,3.14561748,2.87554576,2.89543286,2.38887317,1.84875042,2.76893284,2.72268905,2.73418405,2.77676606,2.78839107,2.81158020,2.73692303,2.83016966,3.23734252,3.16256352,2.93463038,2.31199699,1.73032575,2.30863956,2.74003919,3.02833369,2.78070560,2.45214482,1.06734812,2.67486561,2.74810604,2.81577269,3.06975614,2.77414508,2.43909178,1.79790943,2.34625198,2.56194787,2.75515942,2.96399513,2.81737069,2.33590846,1.77133827,2.63245349,2.83591680,2.61439469,2.78226344,2.52338989,1.67390062,2.42893346,2.90595018,3.10967266,3.23679601,3.10127430,3.07369752,1.06358330,2.05315793,2.43013232,2.26152291,2.45671256,2.11453589,1.84625806,2.43875292,2.67076601,2.48825926,2.35661752,2.41931028,2.00686577
2.88864689,3.05690467,3.54206712,3.03112082,3.17528854,2.72773264,1.64155813,2.55474512,3.06591031,3.18720506,3.43862887,3.00736039,3.37953655,1.70093357,1.79844388,1.66846575,1.72767035,1.60718086,1.45372711,1.47075580,1.09011559,1.11877837,1.07714685,0.91821197,1.10642246,1.07155237,1.34078542,1.96231342,2.36375380,2.32052576,2.73291953,2.23474420,1.91848018,2.10336607,2.28038092,2.03148760,1.99081026,1.62443034,1.11026836,2.85202365,3.05497506,3.20873035,2.89555121,3.15448253,2.64226350,1.59228395,2.75063491,2.88940012,2.96373698,3.19549811,2.88241609,2.57803283,1.74011074,1.83073534,1.90097442,1.65628711,1.94549235,1.72067887,1.50605111,1.24438533,1.18236954,1.03893787,1.08358612,1.03652850,1.11539185,1.11740890,1.05669903,0.91652381,0.00000000,1.14325505,1.10038771,1.11210157,1.22181162,1.10339145,1.02859731,1.17732776,1.09230162,1.06618825,2.79545932,2.86529422,3.35190393,3.03553151,3.05547764,2.50002387,1.95887766,2.47498716,2.85357491,2.39022201,1.39870945,1.26479709,1.11965630,3.16147738,3.64373083,3.26773628,3.31629534,3.31575890,2.28365731,1.79078720,2.85398526,3.05412921,3.26463389,3.25669187,3.19415628,3.49209145,2.61365343,2.65091260,3.02006280,2.94018147,3.05621657,2.38902036,1.81849002,2.83272027,2.98238522,2.97473360,3.00732050,2.89867827,1.18558587,2.79609241,2.76673318,3.30093459,2.97553124,3.05805937,2.38519350,1.86791500,2.76407632,3.03987930,3.30484863,3.01816471,2.39099833,0.99434779,3.01090368,3.19419355,3.51415726,2.88242377,3.11029016,2.48584522,1.67879658,2.65633306,2.78828315,2.96428186,3.10986763,3.31545628,1.17612847,2.81451798,2.96056411,3.45290277,3.12201812,2.99807838,2.47234806,1.79007316,2.58166471,3.01133222,2.77012512,2.70126587,2.42764940,1.13546250,2.58052726,2.59859400,3.11769965,2.91730439,3.09622167,2.28881486,1.51274602,2.66151512,3.07052520,3.41615162,3.43172781,3.31987061,3.41397389,3.06738082,3.30218403,3.22465765,3.29279161,3.14168035,2.79612417,1.91273004,2.85585806,3.09133820,3.17311608,3.10837985,2.98877675,2.62744790,2.60640964,2.77420004,3.17065520,2.78213056,2.96926771,2.33728312,1.69581031,2.43525849,2.48394053,2.20117146,1.94437025,1.38099062,0.99148676,2.98496932,3.04469610,3.47773732,2.90994711,3.13501184,2.51752923,1.84994079,2.74428715,2.92661966,3.15332968,3.09869274,2.94111608,1.13636149,2.56195425,3.02825271,3.34045406,3.09480407,2.95385215,2.33073290,1.79917388,2.77879404,3.05030937,3.02071555,2.73936934,2.99483348,2.78574255,2.77800519,2.99655826,3.29961984,3.04450406,3.10604033,2.28223605,1.56034401,2.70944629,2.81708405,2.82709986,2.96035943,3.13309813,3.01391873,2.71073775,3.18893798,3.30763549,2.86950500,2.90847177,2.42363483,1.75166997,2.88691539,2.76647492,2.88329442,2.97958871,2.83552380,2.86387645,2.67574399,2.82060341,3.25540010,2.94151492,3.00510202,2.38391807,1.74054768,2.39815038,2.77765177,3.01255088,2.96796521,2.59935940,1.00562689,2.73553867,2.87731407,2.97119704,2.92832438,2.78089346,2.41066604,1.73519994,2.42566998,2.45421480,2.71961921,3.05232229,2.82463942,2.42624109,1.84231581,2.80437656,3.08623082,2.62884302,2.89185612,2.58266662,1.66574456,2.57975241,2.90715231,3.05245727,3.35523848,3.18250572,3.10215663,1.09827906,2.18283234,2.54515752,2.33969769,2.52033147,2.18083681,1.85418614,2.59087419,2.66210935,2.51745585,2.44569449,2.48545714,2.03519137
3.00975564,3.23537645,3.53704602,3.29320350,3.12496001,2.65234660,1.93754039,2.85254654,3.20764996,3.37066326,3.33381110,3.26083236,3.48976531,1.91734673,1.98606779,1.90199219,1.98387892,1.61473446,1.71563478,1.83606503,1.49656329,1.57833094,1.49423315,1.43456087,1.52659188,1.49644758,1.69379548,2.22026718,2.52263158,2.55946404,2.72554768,2.43771607,2.18555267,2.38688369,2.42720636,2.27728775,2.24447366,2.03814640,1.59083287,2.90287453,3.10227516,3.12880556,3.12456592,3.00418760,2.69978221,1.89807168,2.87208020,3.03893002,3.18110227,3.24458673,3.19785305,2.77131420,2.00990164,2.09838222,2.20749203,1.94835365,1.91675809,1.99843150,1.87278675,1.66265785,1.71893314,1.48034536,1.54137647,1.51699046,1.51746183,1.51956046,1.45215715,1.43410483,1.14325505,0.00000000,1.47870556,1.50695425,1.41460893,1.47820650,1.41057543,1.55444049,1.53532467,1.52092223,2.92369504,3.11267231,3.36801564,3.18662849,2.93257958,2.60556885,2.19879092,2.70716293,2.98475986,2.63617052,1.67685353,1.65321432,1.60855835,3.36209499,3.71133732,3.31689687,3.54303324,3.20602959,2.28214967,2.05589507,3.00242193,3.07946524,3.43935129,3.01156361,3.34162120,3.56840605,2.77148058,2.90422195,3.16239897,3.14172496,2.92513894,2.62296963,2.18846769,3.05061654,3.06083160,3.29034455,3.05214587,3.32360198,1.64293011,2.74790211,2.89923202,3.31512551,3.20581154,2.94259017,2.55333260,1.99798854,2.82234825,2.95130651,3.37853629,3.00180335,2.70362621,1.48494089,3.05455697,3.28140039,3.46255943,3.07849114,3.01769573,2.54726476,1.86881780,2.85391576,2.97816587,3.26148026,3.22005504,3.70334349,1.66045717,2.80312902,3.08530541,3.53245237,3.33538336,2.86843502,2.62597621,1.95733028,2.85126544,3.10957048,3.01620581,2.62677044,2.68228209,1.55301301,2.65078848,2.61020495,2.98524049,3.05566760,3.02455466,2.30800542,1.72754102,2.84900118,3.14639291,3.59030914,3.28699748,3.47633822,3.47525794,3.09300242,3.36818343,3.22116171,3.42762081,2.99032525,2.78054228,2.24218602,3.01144471,3.22867311,3.32506734,3.18320901,3.25918322,2.86346164,2.59889006,2.83699434,3.17897926,2.94387097,2.88000452,2.43894633,1.90450944,2.57925898,2.57490889,2.50374953,2.13632553,1.67693000,1.43815385,3.00636004,3.22634009,3.42776566,3.09231784,3.08071815,2.60850659,2.07650663,2.93718307,2.91569106,3.27770941,3.06279672,3.18626220,1.60694425,2.67151563,3.08803198,3.33801125,3.25631064,2.84177830,2.43043822,2.10742432,3.08179142,3.27834193,3.24966487,2.96448545,3.35733970,3.05766202,2.85242654,3.22198126,3.30955255,3.25575761,2.97405132,2.52367835,1.87198585,2.90492802,2.92763963,3.06532274,2.95649155,3.43743507,3.20512485,2.75195210,3.33327285,3.32322609,3.16360582,2.83491694,2.33480648,2.01983089,3.10855455,2.98314890,3.05595156,2.92877391,3.04286155,3.00303499,2.74057907,3.08188720,3.31624812,3.15680468,2.85599818,2.47453915,1.89157286,2.66610284,2.92860325,3.23038363,2.94157934,2.94426189,1.56198841,2.90305261,3.08530807,3.19980292,3.24499161,2.73820022,2.47179855,2.09542338,2.67324822,2.60660645,2.97823670,3.12791546,3.11521810,2.75685131,2.11655979,2.97800658,3.09861619,3.00477556,2.85894542,2.60533498,2.02786103,2.81923866,3.10635095,3.25108974,3.27361149,3.34148810,3.23391442,1.53576266,2.35831133,2.65003858,2.60311106,2.49440614,2.39493927,2.18346888,2.81185686,2.89602827,2.82899771,2.59940752,2.90485035,2.34181265
3.13203103,3.24462806,3.65171721,3.21654931,3.29457980,2.46860731,1.90064169,2.57890184,3.05711920,3.17599212,3.34019545,2.89027419,3.65085760,1.86688972,1.91296620,1.69698183,1.80263327,1.79294010,1.47996646,1.62027688,1.33773893,1.34395400,1.26493110,1.22688401,1.48816458,1.36101824,1.52611206,2.00793848,2.51200432,2.39932851,2.79225536,1.93736573,2.07477016,2.04206899,2.36633440,2.21126073,2.16822422,1.54098434,1.35403638,3.07960387,3.23888221,3.27526910,3.02637500,3.25170774,2.43484539,1.70672340,2.60053173,2.76776479,2.98279579,3.28100038,2.84212660,2.84905377,1.80926255,1.81426143,1.82510803,1.80090404,2.02231284,1.58501118,1.68584117,1.35577238,1.26265870,1.32822081,1.35616720,1.26831146,1.33501841,1.41270668,1.38104520,1.28822756,1.10038771,1.47870556,0.00000000,1.42329938,1.39902022,1.34760290,1.32422814,1.41834113,1.22297735,1.27112944,2.99532139,2.97928444,3.37742785,3.07044124,3.18571833,2.24693794,2.17848360,2.54073165,2.72291213,2.40262787,1.76472467,1.29534470,1.29499263,3.40118553,3.68960484,3.29264927,3.34176489,3.28235004,2.05511712,2.04403976,2.80801389,3.02495885,3.34757766,3.19494134,3.22983470,3.76530864,2.71743043,2.62788824,3.02236443,2.93275533,3.04479488,2.05811060,2.01572967,2.72587980,2.96286671,2.97978036,3.04052799,2.80300710,1.24161898,2.89014224,2.73287075,3.27030347,3.01284016,3.08810325,2.05843431,2.06229048,2.63187870,2.83729038,3.22027669,3.15004073,2.27947101,1.25978329,3.11202318,3.20606239,3.48199325,2.99285729,3.19004494,2.18889856,1.87451666,2.64878599,2.90664777,3.00074247,3.23437952,3.27302685,1.36310405,2.89375122,2.90503147,3.42339827,3.11553705,2.99290506,2.22297861,2.02333446,2.54960118,2.97059540,2.89654231,2.79384655,2.33560388,1.28853213,2.77107503,2.66549592,3.07895534,2.91399606,3.10006009,2.03493235,1.83964087,2.61600429,2.96462802,3.40720998,3.36391491,3.27735824,3.66426026,3.27317820,3.37538981,3.34786282,3.30235132,3.14449087,2.52493215,2.00467550,2.79579917,3.05398924,3.11492415,2.94112875,2.96996735,2.77136818,2.86807304,2.96686978,3.37975322,2.97900551,3.15658764,2.12795939,2.07795636,2.62101018,2.63095083,2.40219287,2.24417054,1.63453487,1.19957693,3.11981071,3.05735116,3.42633956,2.94438059,3.21837507,2.27967461,1.98134449,2.62048830,2.86559318,2.99889890,3.04686381,2.77878817,1.39209039,2.70509219,3.16613093,3.34654336,3.11254644,2.97888463,2.01894553,2.01427827,2.75226394,2.95343894,3.12743328,2.92540941,3.05042098,3.11403371,2.85174849,2.96230268,3.30351678,3.01927831,3.07874630,2.04820181,1.92607772,2.66703922,2.76571215,2.95464908,3.02641335,3.16202373,3.34510560,2.85207236,3.30743756,3.40056211,3.01409911,2.97475795,2.08891402,1.86110261,2.84357068,2.73469928,2.92169563,2.92349746,2.82592821,3.13792021,2.88169334,2.86933203,3.14005995,2.87584880,3.02659975,2.03799284,1.91972271,2.23810522,2.62827606,2.78590653,3.00807585,2.34908072,1.22532301,3.03169304,2.96409392,3.09585559,3.13682890,2.95925592,2.18890524,1.90540184,2.34207518,2.40907131,2.76452559,2.98997403,2.73154439,2.48688662,2.09871367,2.97696414,3.17742295,2.72831862,3.03395719,2.37504191,1.92720573,2.56523703,2.90820789,3.07540743,3.32264009,3.09217014,3.29577898,1.31682183,2.35012776,2.69672237,2.46474127,2.64175831,1.95429298,2.02553514,2.62114075,2.59391155,2.52579427,2.54033161,2.43654285,2.13849053
2.76168657,2.78757715,3.39816111,3.14756828,3.26585635,2.63958786,1.56803663,2.42814519,3.16777669,3.22259792,3.31636646,2.88309340,3.33618618,1.73526897,1.75478704,1.66812983,1.68015391,1.62176620,1.41979366,1.41374125,1.10962198,1.14045915,1.20802090,1.05335766,1.17146092,1.09061563,1.44901665,1.97168923,2.40213308,2.53646134,2.91626235,2.17988289,1.84645991,2.03363148,2.31142559,2.20022314,1.98662684,1.62959640,1.16668088,2.72963373,2.89679701,3.16547397,3.00651470,3.20126316,2.66822653,1.74928999,2.75865341,3.06883110,3.12886997,3.17660586,2.85374632,2.70144122,1.98077120,1.84411843,1.99108878,1.95595063,1.89024683,1.75253541,1.50037940,1.30906008,1.38031350,1.23036557,1.13892060,1.09632063,1.22036580,1.29780554,1.19796202,1.19722960,1.11210157,1.50695425,1.42329938,0.00000000,1.21611332,1.00733512,1.14888644,1.24451389,1.16690166,1.08219677,2.84238209,2.81938870,3.32425062,3.14326600,3.14469194,2.37915289,1.77191699,2.43356043,2.86581567,2.19176055,1.29943836,1.30593782,1.17732448,3.09247089,3.48131359,3.17775106,3.44945819,3.37245270,2.12192474,1.75520371,2.91754190,3.22582017,3.36830111,3.16643196,3.21594040,3.53794297,2.65028110,2.52883903,3.01017660,2.97905921,3.08820582,2.32940423,1.73863859,2.68931280,2.99547021,2.92891469,2.93425585,2.79575788,1.16958183,3.01654336,2.78907197,3.35689799,3.19387456,3.17932995,2.48450074,2.05346720,2.84921412,3.17144341,3.42259617,3.14875660,2.40469920,1.18180678,2.99614540,3.08757060,3.38809327,2.88385869,3.09871818,2.46450104,1.65040641,2.62791848,2.85279260,3.03041145,2.98470728,3.27618429,1.19392994,2.89374569,2.89857698,3.36556991,3.20809296,3.05546080,2.45468052,1.85319095,2.56281451,2.99637858,2.80885159,2.67663673,2.38329989,1.20416682,2.59901065,2.63158059,3.04293436,3.01934016,3.18894982,2.24803294,1.54443715,2.59057766,3.11867777,3.47455042,3.39533020,3.30227252,3.40118447,2.94044145,3.14784675,3.15743420,3.37588317,3.16434141,2.68544076,2.01378952,2.97006519,3.17518026,3.26375677,3.01784491,2.96362768,2.74097421,2.86803779,2.88662970,3.30268753,3.06205020,3.14579335,2.46632469,1.92676795,2.54563488,2.73163929,2.42255934,1.94979947,1.37061053,1.08841086,2.92915079,3.00294792,3.55570882,3.09206768,3.26298192,2.60809993,1.85480831,2.82895450,3.12396583,3.26008871,3.10350460,2.98558051,1.11981222,2.75195785,3.19649346,3.45270021,3.27639996,3.04816168,2.30314271,1.67348381,2.70023470,3.13780764,3.11457793,2.77147353,3.07728458,2.78987668,2.90841882,3.02418945,3.37623073,3.21258909,3.21763448,2.32179739,1.70448467,2.78179338,2.96115695,2.94554808,2.98847921,3.26335641,3.07133463,2.68239527,3.25806486,3.40348958,3.02070812,2.97916380,2.40471923,1.78446467,2.88083748,2.86698568,2.81008630,2.96064445,2.78230809,2.83846567,2.84630776,2.86255050,3.33645520,3.16536253,3.17167328,2.46089570,1.98780853,2.40078224,2.91591162,3.16170493,2.93705575,2.46361836,1.14016473,2.67130469,2.66320061,3.01664618,3.14107637,2.89962779,2.39693270,1.78016147,2.38480481,2.53368060,2.73895643,2.90231573,2.76525770,2.38212565,2.04582044,2.82169541,3.07781097,2.87614361,2.99874971,2.61086537,1.83235440,2.62425858,3.00990608,3.12248890,3.39413956,3.12941715,3.11320039,1.11549160,1.95896649,2.44075226,2.22699616,2.42269716,2.02173606,1.73050005,2.40933111,2.64624355,2.43345727,2.19919982,2.36960459,2.04918479
3.04612558,2.98982194,3.49077999,3.17648848,3.09451865,2.55535882,1.80445048,2.45244017,3.06127332,3.29429377,3.34565127,3.12300750,3.55953689,1.97583097,1.84110023,1.86902610,1.95306642,1.75409793,1.61963584,1.70943874,1.19871920,1.28612128,1.32245846,1.20742170,1.23304979,1.27812662,1.50140899,2.05757859,2.54134065,2.52057971,2.80982530,2.11692963,1.92915741,2.05284961,2.44116104,2.18008957,2.00991156,1.80645257,1.28235678,2.92638241,2.93075026,3.16529096,3.07124100,3.06206808,2.47648803,1.75302980,2.63096858,2.96819201,3.16152368,3.15624639,2.94272610,2.88089931,1.93358951,1.91972128,2.03889519,1.98270392,2.07135644,1.83992622,1.67076884,1.39678155,1.45914918,1.23775733,1.23038496,1.26328143,1.23089421,1.35719922,1.43594447,1.35689440,1.22181162,1.41460893,1.39902022,1.21611332,0.00000000,1.08037737,1.13363802,1.35561339,1.21213253,1.22305274,3.04648632,2.96452327,3.37194884,3.19762839,3.00738719,2.27303902,1.91573346,2.35530638,2.77337979,2.26099239,1.24438038,1.19606461,1.21238265,3.12378446,3.36606680,2.91592183,3.24415416,3.05406305,1.97972826,1.86097992,2.69782145,2.94706975,3.25662651,2.96135086,3.13989622,3.53787408,2.86397386,2.70384625,3.03433340,3.06972205,2.96408815,2.24240920,1.90384703,2.53714433,2.90665677,3.00709120,3.04485407,3.00503067,1.29842524,3.04859851,2.71708935,3.37122834,3.22018093,3.01061115,2.31235843,2.01239628,2.73020631,3.08074996,3.35421035,3.06101998,2.55082377,1.19215304,3.26110990,3.25138671,3.45018975,3.00650640,3.11561816,2.48325194,1.90803501,2.54069917,2.93363758,3.10236680,3.11469677,3.50678673,1.41320747,3.02159008,2.94906021,3.43008538,3.25664511,2.86785973,2.33839288,1.83226166,2.51661108,2.98159032,2.79301255,2.62073766,2.10034746,1.24247119,2.76032421,2.68497083,3.07020175,3.09364727,3.09976658,2.20842095,1.81385370,2.61994794,3.13131998,3.50697706,3.36137036,3.35325613,3.65781924,3.01556434,3.09876694,3.02577349,3.30922733,2.92064826,2.50899725,1.90492999,2.71400041,3.09792919,3.16008160,2.94867122,2.96519834,2.74309091,2.94152055,2.87891243,3.29483072,3.10755738,2.94391130,2.38929640,2.03749323,2.53854329,2.64276501,2.51155505,2.14808899,1.52224669,1.18772606,3.17335449,3.17031626,3.53938099,3.11453804,3.09990074,2.54932002,2.07326952,2.71010807,3.00719270,3.16807763,3.04443461,2.97025029,1.25048905,2.96542334,3.19016126,3.46842016,3.23513153,2.91871376,2.23136747,1.91203551,2.71058251,3.02878236,3.10877265,2.76466003,3.05760901,3.03418620,3.10823278,3.05482114,3.37064657,3.23834385,3.00574042,2.31004724,1.91521319,2.69966022,2.81483613,2.87486613,2.94698312,3.24810741,3.30451619,2.76606714,3.08874258,3.13630301,2.88014504,2.76650954,2.22121167,1.82291917,2.71956451,2.76846424,2.93319847,2.96892245,2.86306985,2.92708921,2.96779864,2.90681714,3.31470981,3.21249288,3.04547373,2.35874550,1.98488340,2.50370192,2.89337299,3.10408326,3.09606682,2.57988352,1.21410956,2.72376535,2.67014577,2.89725938,3.02795080,2.78190637,2.24312795,1.78076951,2.28436354,2.49172489,2.80000620,2.86609698,2.79552710,2.40974147,2.16808807,2.88322399,3.15533936,2.82646896,2.85326425,2.48583983,1.95052112,2.46692605,2.94917812,3.09324606,3.23342061,3.12125823,3.21723730,1.20864976,1.88445341,2.49178842,2.20652114,2.42344149,2.00870466,1.83041001,2.51303623,2.73156753,2.68660434,2.52851414,2.60416419,2.24171047
2.79264086,3.00387917,3.44464990,2.99577723,3.02328769,2.56102727,1.54134383,2.49007729,2.87303446,3.14118563,3.28162110,3.07648260,3.35699479,1.79918158,1.81579039,1.67801987,1.69281246,1.64092950,1.47304421,1.44565595,1.07126532,1.02464500,1.12077441,1.06016340,1.13214169,1.07414549,1.38243447,1.93002403,2.30753723,2.34812593,2.59190174,2.09132281,1.83167769,1.92903460,2.13766963,2.12563994,1.90862587,1.57755075,1.13319278,2.71620572,3.03177151,3.12329561,2.82448400,2.98871282,2.50491061,1.63673457,2.66287813,2.68794755,2.95521695,3.06415401,2.91135509,2.63240848,1.86237528,1.80674151,1.91679068,1.84250659,1.90066630,1.70763542,1.51573056,1.17974744,1.26565269,1.13316425,1.08297840,1.08511597,1.14552377,1.20098988,1.35147582,1.23160452,1.10339145,1.47820650,1.34760290,1.00733512,1.08037737,0.00000000,1.03613010,1.22757864,1.10581487,1.06994156,2.78981761,2.96010040,3.31790647,2.97415551,2.87146931,2.44083152,1.84682089,2.35800239,2.58907101,2.06490949,1.24216906,1.08746128,1.12224986,2.90673768,3.43652052,3.01479810,3.13615248,3.06688251,2.05464507,1.67810917,2.83855370,2.84381145,3.28163218,3.09946638,3.31513873,3.52241504,2.75215948,2.77505748,2.96471552,2.94134288,2.89575871,2.38582158,1.77809542,2.54612681,2.66263288,2.82486781,2.92289058,2.85955511,1.07057160,2.83877816,2.80750117,3.23378561,3.11256502,3.02604853,2.43407340,1.93155617,2.79667377,2.94060548,3.41774001,3.03631327,2.37194037,1.10542381,2.95711817,3.16924040,3.32481216,2.80557434,2.89091490,2.37935365,1.65448984,2.62749196,2.70931581,3.01877213,3.03287096,3.35326818,1.09932178,2.76217665,2.95203081,3.26205101,3.12960973,2.77881997,2.41302140,1.73755815,2.43836750,2.76146570,2.71426163,2.50767906,2.24192210,1.11720517,2.59802929,2.69534121,2.92717582,2.91435526,2.97302966,2.27365927,1.57003666,2.65457228,2.96715474,3.43738399,3.38789057,3.44433074,3.49170650,2.85943801,3.17352367,3.13738688,3.23912275,2.89514764,2.52932098,1.92173952,2.94102069,3.00374864,3.16164920,3.03514686,3.03566044,2.75650561,2.69247167,2.99271483,3.23074339,2.96523710,2.92651534,2.43299133,1.84782670,2.50363352,2.43373129,2.37119331,2.00743018,1.39203462,1.02562883,2.94607770,3.07789319,3.46226290,2.93530602,2.96464906,2.52871126,1.82089141,2.76910060,2.81451351,3.11258018,2.93795672,2.91912283,1.08399764,2.72359795,3.26829285,3.35597511,3.06070423,2.71780017,2.33691062,1.78960609,2.66943060,2.82936972,3.00182558,2.60402433,3.02891348,2.80506626,2.93175980,3.14892109,3.28485452,3.13390926,3.01423488,2.31097974,1.73198371,2.75046203,2.67197602,2.95349520,2.94920308,3.35022105,3.14266670,2.54930497,3.17172563,3.23665600,2.78254359,2.68574713,2.34409249,1.65335075,2.85011254,2.66750482,2.83432404,2.94195838,2.90650100,2.81377709,2.73343988,2.93187959,3.28282868,2.99630409,2.94490133,2.38662424,1.88094359,2.44819146,2.74538431,3.06532047,2.91557421,2.47090664,1.06206810,2.52979286,2.75888979,2.92984334,2.92552520,2.69019699,2.33129472,1.71222915,2.34845828,2.26206942,2.65086474,2.81276000,2.76616447,2.28761488,1.88870536,2.85703867,3.08949861,2.68915758,2.78612804,2.50211200,1.78219527,2.65501346,2.85278014,3.08064684,3.32983372,3.30520232,3.13724323,1.05335391,1.76158325,2.31717386,2.15183705,2.25269408,1.98776554,1.64729903,2.48915549,2.56588143,2.47674729,2.26455779,2.42931993,2.00003087
2.75191960,2.79618485,3.42439921,2.98459411,3.10621058,2.56832458,1.42867744,2.46284101,3.11685978,3.22362368,3.33128644,2.96247796,3.33628029,1.48612299,1.50529111,1.43308678,1.44099977,1.38590687,1.23624367,1.28160527,0.86852281,0.76824672,0.83439087,0.82842311,0.78815569,0.82205371,1.23485318,1.82775845,2.25964553,2.34964241,2.65058204,2.10836495,1.66633123,2.03269863,2.32800271,1.96030065,1.96141480,1.55522717,0.78503822,2.71832177,2.82110369,3.14646125,2.83538709,3.05136243,2.52027050,1.37179584,2.65882729,2.90249166,2.97582841,3.11463018,2.73187518,2.40470585,1.46089309,1.50062420,1.70310526,1.52501980,1.70280580,1.52266588,1.27626087,0.98858599,1.04923835,0.83284655,0.80689845,0.86533299,0.81172047,1.01147291,1.07306880,1.15761541,1.02859731,1.41057543,1.32422814,1.14888644,1.13363802,1.03613010,0.00000000,1.00904857,0.86584335,0.80972190,2.68567483,2.69725340,3.38247774,3.08107827,3.04542874,2.35522684,1.77091769,2.48688438,2.89729693,2.32408448,1.15188501,1.01481776,0.90055721,2.77157973,3.25250540,3.00503387,3.12259680,3.12735021,2.03149870,1.47674467,2.73885713,3.09119846,3.21383573,3.12593032,3.15299966,3.32493037,2.42318895,2.43808336,2.83411543,2.81925975,2.83570986,2.27454764,1.67917120,2.72084398,2.95614203,2.83745178,2.94039213,2.96286966,0.84976726,2.74778999,2.59488132,3.22698169,2.94681033,2.94179545,2.20096554,1.63872432,2.56417149,2.89284477,3.14331101,2.89233623,2.31504847,0.74533254,2.91251940,2.95533962,3.28009050,2.78746557,3.01995296,2.35177266,1.47487566,2.50375511,2.76337157,2.95324113,2.87037069,3.17741998,0.85933901,2.66496686,2.66644976,3.27023106,3.00555144,2.76537422,2.23185204,1.50796472,2.51375279,2.91667017,2.65387443,2.54668750,2.14183645,0.74521492,2.47823185,2.39933006,2.95535881,2.87024977,2.98132479,2.07091750,1.32878059,2.56337060,3.07702415,3.39568755,3.21319424,3.13207592,3.29765870,2.91504479,3.05766917,3.12426821,3.21048882,2.93843734,2.52797509,1.66865733,2.77919293,3.04872277,3.08487630,2.95254323,2.82279348,2.51146680,2.63228182,2.76478629,3.23095503,2.83721239,2.92493015,2.28428102,1.64432318,2.44057402,2.59378891,2.18352923,1.72680254,1.14567050,0.68658881,2.76530862,2.80127755,3.36838130,2.82961116,3.06833227,2.51510201,1.69209701,2.59800383,2.89937137,3.02973337,2.90567633,2.79314792,0.87529744,2.55667939,3.06140762,3.36314745,3.03615593,2.82634014,2.15614846,1.62983489,2.61925381,3.00927687,2.90611143,2.49875016,2.84266560,2.77293490,2.76360721,2.94401856,3.27052950,3.04150233,2.96359760,2.13986272,1.32695624,2.54419212,2.69434303,2.78838871,2.73314545,2.97989198,2.97122791,2.47269825,2.98104697,3.24402316,2.79162211,2.87032158,2.34611940,1.58068400,2.86537319,2.80451326,2.76940596,2.88322197,2.76840418,2.74276051,2.60961094,2.69838209,3.18100488,2.94832573,2.92105000,2.29383093,1.69505200,2.41644200,2.83397925,2.97954061,2.89049292,2.36626738,0.85546213,2.51304473,2.67174241,2.95126524,3.00029766,2.79349199,2.38718892,1.67949176,2.41847874,2.60024579,2.72488971,2.99330900,2.79885650,2.32021474,1.74359627,2.65646272,3.04143006,2.65830557,2.79410388,2.45064350,1.52441750,2.49868050,2.99318445,3.08273928,3.24550646,3.07145894,2.97654778,0.84630487,1.96674452,2.42413548,2.13131581,2.35732139,2.00277932,1.71022904,2.49549007,2.67753053,2.35431530,2.27365668,2.34244056,1.85909580
2.78490360,2.78046460,3.40528764,3.09816685,3.06475936,2.59820836,1.56019480,2.49538767,3.10114544,3.22498090,3.32880717,3.10415136,3.44022462,1.79941998,1.72904344,1.66100998,1.75403671,1.53832108,1.48557134,1.49699992,1.08837309,1.06656549,1.04933821,1.06454568,1.20953278,1.10153932,1.44181907,2.08881114,2.45044448,2.56979304,2.70567239,2.14920991,1.82361817,2.13281692,2.23564440,2.04420149,1.82327626,1.65316396,1.14912503,2.80929832,2.90584600,3.16305254,2.97435634,3.08502516,2.57031887,1.59868962,2.62346972,2.94691769,3.13003652,3.24296850,3.10031765,2.72600337,1.76221023,1.69985178,1.84724730,1.72772221,1.77986612,1.66842115,1.32355425,1.17986004,1.30218590,1.09618475,1.10635048,1.05859781,1.05111978,1.17656676,1.19901608,1.22621435,1.17732776,1.55444049,1.41834113,1.24451389,1.35561339,1.22757864,1.00904857,0.00000000,1.13884012,1.10820421,2.68069056,2.79014346,3.26318128,3.14823357,2.93720579,2.42825565,1.93046459,2.60028893,2.92787695,2.41338272,1.23720409,1.20984162,1.17947084,2.92893082,3.38727950,2.99764622,3.22433948,3.07527927,2.10898217,1.72078051,2.79154496,3.06678237,3.19786258,3.07127941,3.20227981,3.37345269,2.65706164,2.68964938,3.00231861,3.06690519,2.86619519,2.23360856,1.73684643,2.62303004,2.80223761,2.80946148,2.77546773,2.84672339,1.14043728,2.94369691,2.84296084,3.31046589,3.21607431,3.02758825,2.43163768,1.94833873,2.71027534,2.98320304,3.30633362,2.85678454,2.36867148,1.09158467,3.07595105,3.23120005,3.46243605,3.00710039,2.96019307,2.43388983,1.69140172,2.61739813,2.71665419,3.03652481,2.87235745,3.21163142,1.18718267,2.89041833,2.92264012,3.44160931,3.25013107,2.76904192,2.38879369,1.74712147,2.63324670,2.83314393,2.71379880,2.61647059,2.43720668,1.11124801,2.68810514,2.74402420,3.03773380,3.03148246,2.98584827,2.25779862,1.55298203,2.63338693,3.03032793,3.37995134,3.22228505,3.35952302,3.37146559,2.96948767,3.18730494,3.17514630,3.37542274,2.90044622,2.56914921,1.87231584,2.93831809,3.10058507,3.13106873,2.89766566,2.94741215,2.69116377,2.80231998,2.93126871,3.31791941,3.11263961,2.94144318,2.26578033,1.75396530,2.52766628,2.59345772,2.28482654,1.79970939,1.21845477,1.09546074,2.90579679,3.03669431,3.36206285,3.03788706,3.10990321,2.59494772,1.74541402,2.57097870,2.81578917,3.11439112,2.79656264,2.81703161,1.12932801,2.54936921,3.09287953,3.29314188,3.16945725,2.79893286,2.28217821,1.68826699,2.62314648,2.89663226,3.01004046,2.49726108,2.95261825,2.74635185,2.84335144,3.02878175,3.24122541,3.18787998,3.01994215,2.30914551,1.55518167,2.61278827,2.77045699,2.84218346,2.81186220,3.21250204,3.09410205,2.65468556,3.10328824,3.36488555,2.97398789,2.80304070,2.32523204,1.71070904,2.92990982,2.80450615,2.94948472,2.85189801,2.82862200,2.83236583,2.86021678,2.88694161,3.19534304,3.07566788,2.95390812,2.36628849,1.90463267,2.35535691,2.73517398,3.01139717,2.84459415,2.49045559,1.02579477,2.73323820,2.79030485,3.07463173,3.23697859,2.83482226,2.40213201,1.79660028,2.42298625,2.58815521,2.90244967,2.97068905,2.89992008,2.41714388,1.88190973,2.67879651,2.95094464,2.73324895,2.77836628,2.45666146,1.64971029,2.52261649,2.92749033,3.11619014,3.26040030,3.26513912,3.09133808,1.12016324,2.16645704,2.43540926,2.28379967,2.34359033,2.04683433,1.86485247,2.46219762,2.54206031,2.41167353,2.18525890,2.45440449,1.94067914
2.78738946,2.81532789,3.43739744,2.95006441,3.08634136,2.38441901,1.41069916,2.35021768,3.07749907,3.17389031,3.27330965,2.81186074,3.35551007,1.58170799,1.55691858,1.45926578,1.46190800,1.50191882,1.18404207,1.25832930,0.70088488,0.77027566,0.73718148,0.75935339,0.77535701,0.68480312,1.00046526,1.74477899,2.20301559,2.18531206,2.75727122,1.97950215,1.68722326,1.94322527,2.31673326,2.06339500,1.93560146,1.31500501,0.67094641,2.74558461,2.79161694,3.17045062,2.83038950,3.08769172,2.34093864,1.37322483,2.55974053,2.86019996,2.93767164,3.08405852,2.64736274,2.54558157,1.68100531,1.58863436,1.60314480,1.59371903,1.80323033,1.41257585,1.31206195,0.93213004,0.76900132,0.74319116,0.75817630,0.58069646,0.78129093,1.05839159,1.10254486,1.10578850,1.09230162,1.53532467,1.22297735,1.16690166,1.21213253,1.10581487,0.86584335,1.13884012,0.00000000,0.64670326,2.75206882,2.65389256,3.27649229,3.00305365,3.03179861,2.15166767,1.71601962,2.30024715,2.74891306,2.11893722,1.10531880,0.71605586,0.67413623,3.03129446,3.32932780,3.07938056,3.13954828,3.18392046,2.02067042,1.49768943,2.56670459,3.02621716,3.14363552,3.03050442,2.96638461,3.26026384,2.45954568,2.37485731,2.90177434,2.80462306,2.82395024,2.05285627,1.59263883,2.50252643,2.91839868,2.76390034,2.84875290,2.69588211,0.61148038,2.78026787,2.56520830,3.29547474,2.97030841,2.98365145,2.08810696,1.76545401,2.52413674,2.94432402,3.16312451,3.01458323,2.25788137,0.76664613,2.86535075,2.89440549,3.25600358,2.82102186,3.01219416,2.22833589,1.51905789,2.40369023,2.81421668,2.87710045,2.97575731,3.12747131,0.73063721,2.71649367,2.65358365,3.32796761,3.01745163,2.81523268,2.11811475,1.55089519,2.40383830,2.82839198,2.58391126,2.48935348,2.01326140,0.63344585,2.52821077,2.51410008,2.96838499,2.88687717,3.04176731,1.98741095,1.41816105,2.42506006,2.98864155,3.33641301,3.22734025,3.06748769,3.41152583,2.92698019,3.06891408,3.16501399,3.22512910,2.94796282,2.38295434,1.60367800,2.65964897,2.98075718,2.98602602,2.93592140,2.69480937,2.47439472,2.65995323,2.70106058,3.18261276,2.81102458,2.94446372,2.05976853,1.67605939,2.27159386,2.52165758,2.08807634,1.83617432,1.14173919,0.66723229,2.80738820,2.88194939,3.35107873,2.88110710,3.16526941,2.39407414,1.68908366,2.46697025,2.74811665,2.95208833,2.87192153,2.59142475,0.68416866,2.49236179,2.90447274,3.24198665,2.92291586,2.83623617,2.01865459,1.51998723,2.49597756,2.87664043,2.87347551,2.58180577,2.81657527,2.74724750,2.75729439,2.80549950,3.20819398,3.11067004,3.04259798,2.02387531,1.42685235,2.45966852,2.76779633,2.85872241,2.90569297,3.03956157,3.10864174,2.59388684,3.03518364,3.22596605,2.78622464,2.87854879,2.19858381,1.59571906,2.69020091,2.69191873,2.75437513,2.82044760,2.69157759,2.84337089,2.62926958,2.65886030,3.14579702,2.87541130,2.94963412,2.08414343,1.67463890,2.22574692,2.73885138,2.76219750,2.79733678,2.15349297,0.74726448,2.58589470,2.61861315,2.94274757,2.99564417,2.77329397,2.16274732,1.47638584,2.26595259,2.43755237,2.60637254,2.89014523,2.58751175,2.29944570,1.74117402,2.65814264,3.01181020,2.62842780,2.79801346,2.22527284,1.45130604,2.39221171,2.91802876,3.01520433,3.17460186,2.97435851,3.02916652,0.61400435,1.86328536,2.33529649,2.16029677,2.45995233,1.88086809,1.66736531,2.40506548,2.60806116,2.39200048,2.35177763,2.28003408,1.89191762
2.74028709,2.76520378,3.34516290,3.04085610,3.07997785,2.42845707,1.24642867,2.36947053,3.10920689,3.17662012,3.17707956,2.75284721,3.24228755,1.36788141,1.37302071,1.30641658,1.36256792,1.41791250,1.10750662,1.15115618,0.75184326,0.63333377,0.73526255,0.74195159,0.78063182,0.62179317,0.98362857,1.68028010,2.19005508,2.31416590,2.77685812,1.96063174,1.67063275,1.91866381,2.26345706,1.96014804,1.79663271,1.24208746,0.74206766,2.74371346,2.88393272,3.15899673,2.92750938,3.07009575,2.39459641,1.29427957,2.55619346,2.87761604,2.92109510,3.01011402,2.57889968,2.48842117,1.67455985,1.59305245,1.61014101,1.61884146,1.84912831,1.49719151,1.27251196,1.03146534,0.82116857,0.73104012,0.76844373,0.61267522,0.74370265,1.05707826,1.04813240,1.08499775,1.06618825,1.52092223,1.27112944,1.08219677,1.22305274,1.06994156,0.80972190,1.10820421,0.64670326,0.00000000,2.57190458,2.57294275,3.22352131,3.05901129,3.03251273,2.17754076,1.66654070,2.33868166,2.74070196,2.25856243,1.12301008,0.81892987,0.63450026,2.90630282,3.39081586,3.08554817,3.21103573,3.14144135,1.97298941,1.43122812,2.64457634,3.06714145,3.23166833,2.98337068,2.94441348,3.25108811,2.37900425,2.29885586,2.78455403,2.83115217,2.89619782,2.13405451,1.62630853,2.59075097,2.91910709,2.82850641,2.87893870,2.69697231,0.68897185,2.76367082,2.57076803,3.28565095,3.10820994,3.08694335,2.14041109,1.72068763,2.62754413,3.02009238,3.23334328,3.01907170,2.23946552,0.70596018,2.85052799,2.91999072,3.26091213,2.86674973,3.02584498,2.19311593,1.43172395,2.42885342,2.73839665,2.87466215,2.85003858,3.08892461,0.74255243,2.64251072,2.62635951,3.22990350,3.11244221,2.92886416,2.21810750,1.61513280,2.46353487,2.93687221,2.73976203,2.62152429,2.10482756,0.65768548,2.40949193,2.40179799,2.92070204,2.96119497,3.01911565,1.99143996,1.29849920,2.48685346,3.04487516,3.41306941,3.15841587,3.05431004,3.36582471,2.86852635,3.01284848,3.12768473,3.25591296,2.96848418,2.38504100,1.60526788,2.74381803,3.06056015,3.04463653,2.92713497,2.69020586,2.45822873,2.54779516,2.69947854,3.17444139,2.90518983,3.00168991,2.10974920,1.57397854,2.34334537,2.55642308,2.19784258,1.80300220,1.03053561,0.72401368,2.77673808,2.83138620,3.37313787,2.97228470,3.15880706,2.40612639,1.59600908,2.62078202,2.89952559,3.06304379,2.85937049,2.62652624,0.64841268,2.43278625,2.91661029,3.30304813,3.05537929,2.85183855,2.04015087,1.44910147,2.56394388,2.93850546,2.88537189,2.45450078,2.80362901,2.78080515,2.66980992,2.76584088,3.16060243,3.10441591,3.03909589,1.97536412,1.39117287,2.51849960,2.76421915,2.87523350,2.78626125,3.00834387,3.08132133,2.58258980,3.13050323,3.29644401,2.83253305,2.84627041,2.29094873,1.55669508,2.80870964,2.80759970,2.74807096,2.78826871,2.62659483,2.76007072,2.63741837,2.66900132,3.18064239,2.99831140,2.98625983,2.12423467,1.63994967,2.26782193,2.76547554,2.85795313,2.74872684,2.11623440,0.76190764,2.58953263,2.64365798,3.00212887,3.06898262,2.83632903,2.24384195,1.61364312,2.35983783,2.60153516,2.70238156,2.94846652,2.64650864,2.29379216,1.72170938,2.64634716,3.00386409,2.63623943,2.75543447,2.26779336,1.49388713,2.43120320,2.93628621,3.04827468,3.14258373,2.98911939,2.97557235,0.64603000,1.89637593,2.23908484,2.15789110,2.38349579,1.93544010,1.63076115,2.41200375,2.67033910,2.31274197,2.20388342,2.22008549,1.87357794
3.18079098,3.77378277,4.18054406,4.14440577,3.81520077,3.72229667,2.54527669,3.88622594,4.00221135,3.92131769,3.57372702,3.79383098,3.65638881,2.62521581,2.82869482,2.67105039,2.61375619,2.64793276,2.70045000,2.72045402,2.63049437,2.53190750,2.52341115,2.51561516,2.51863189,2.60416068,2.58005745,3.06289140,3.06693511,3.49925464,3.59505685,3.25817176,2.99705467,3.49414411,3.24302704,3.16106026,3.05099149,2.81920944,2.65779285,3.46812966,4.09746937,4.06461611,3.77690652,3.71647909,3.61032084,2.73675785,3.95040060,3.74741425,3.62404526,3.69083694,3.72619633,3.21909225,2.74017215,2.82454691,2.84560817,2.80164083,2.85427283,2.87048862,2.79780298,2.66919236,2.61717502,2.56200252,2.50069941,2.62282409,2.49710348,2.79209401,2.70718768,2.87948945,2.79545932,2.92369504,2.99532139,2.84238209,3.04648632,2.78981761,2.68567483,2.68069056,2.75206882,2.57190458,0.00000000,2.57607277,3.24385556,3.22032208,3.01780340,2.90699622,2.41275714,3.65833527,3.61313205,3.39602668,2.75387165,2.70959168,2.57303353,3.45402740,4.32790039,3.96201408,4.01724730,3.88291572,3.24486547,2.63870096,4.05565727,3.99587344,4.05167412,3.54040301,3.76042194,3.61789775,2.64954061,3.51395513,3.47265294,3.48444153,3.48678410,3.26821299,2.84401430,3.75824415,3.50830522,3.67599584,3.71668648,3.70677789,2.58710267,2.65538208,3.60600476,3.85208860,3.82209360,3.53242693,3.26611818,2.72635771,4.08777987,3.81558626,4.10262671,3.46586602,3.21964277,2.55972246,3.08564821,3.79552405,3.89550669,3.71669542,3.58383110,3.23176874,2.53919074,3.89774396,3.63652186,3.46764792,3.19891843,3.56675894,2.54265641,2.77235046,3.65027286,3.77653937,3.89018163,3.41740721,3.25379951,2.62526494,3.72411805,3.82550150,3.68906807,3.48835877,3.44613737,2.59887463,2.79599389,3.42935261,3.68878924,3.90634608,3.57678567,3.30253584,2.45599207,3.85954774,3.84271517,3.95808147,3.51941917,4.06871789,3.52494162,3.47434428,4.25389404,4.08562640,4.19264032,3.67983118,3.56117745,2.86044778,4.10903205,4.01191267,3.74530526,3.56668240,3.61280079,3.62726795,2.67080651,3.76608677,3.94366422,3.68404932,3.41104159,3.10714802,2.28148809,3.73626516,3.34084213,3.04447838,2.74889388,2.64246944,2.65508421,2.90359829,3.59893028,3.89312471,3.77586405,3.66040096,3.49721743,2.54822628,3.99184462,3.75176295,3.84063032,3.45451157,3.53295298,2.61789097,2.39489165,3.49018099,4.02639707,3.86755972,3.26792825,3.20025849,2.66411465,3.88627626,3.88423539,3.75070705,2.88936261,3.70185003,3.34973230,2.98006793,3.95923745,3.91562356,3.77329021,3.63244273,3.19881195,2.59883028,4.05250458,3.78953370,3.84182930,3.60477067,4.09229916,3.69563362,3.18967735,3.93173246,4.21579562,3.85061689,3.61382534,3.58012005,2.77289597,4.14200506,3.82648517,3.65912991,3.67420709,3.55074603,3.27134292,2.63757883,3.48327598,3.72605337,3.62478372,3.40876985,3.28467389,2.50183800,3.43437555,3.45784029,3.74559800,3.41738962,3.09266333,2.67542292,3.38885615,3.88803557,4.03918828,3.91309281,3.71507401,3.70084632,2.96666185,3.81389453,3.70340026,3.50327913,3.59904936,3.63752649,3.09492787,2.65190811,3.72878952,3.93771589,3.64504391,3.57272737,3.58941457,2.71828433,3.90968143,3.93051811,3.95545091,3.76682373,4.03119457,3.40954950,2.52712307,3.42344388,3.10981390,3.52890309,3.23986376,3.28448477,2.79400156,3.68389643,3.51483731,3.04089458,3.01786965,3.20432377,2.72354796
3.94005595,3.42713189,3.90554274,3.94662229,4.33955707,3.53585243,2.80342542,3.06529485,4.33311589,4.10407808,4.24931788,3.32350236,3.86523536,2.79048904,2.53328464,2.72984036,2.62978957,2.86049957,2.65590547,2.64381326,2.72052358,2.53493851,2.57970768,2.58863615,2.61726119,2.62480640,2.60898884,3.11351460,3.28044225,3.55957666,4.07467486,3.33094520,3.08552232,3.16387196,3.60990659,3.25822430,3.14316862,2.77888445,2.64592209,3.99157441,3.52894556,4.11256060,3.75704796,4.12659312,3.31158963,2.79656409,3.36193837,4.06752289,3.82242460,4.15364630,3.18580696,3.42291899,3.01149271,2.76667273,2.95070897,2.88223385,3.19748469,2.91370670,2.80052580,2.59494536,2.65393196,2.54784410,2.53679154,2.61684027,2.55925680,2.76262798,2.66234197,2.88537354,2.86529422,3.11267231,2.97928444,2.81938870,2.96452327,2.96010040,2.69725340,2.79014346,2.65389256,2.57294275,2.57607277,0.00000000,3.12771688,3.11088262,3.62029345,2.70942715,2.32852666,3.04936615,3.79152243,3.32237727,2.81460523,2.72487971,2.62270677,3.88067447,3.93945596,3.76368838,3.87162670,4.32939846,3.30107143,2.80507143,3.21426623,4.40342714,4.04147083,4.23120322,3.59248872,3.77276466,3.24211672,2.89822458,3.63743417,3.49069445,3.75432990,3.26193604,2.95720641,3.27473523,3.90985238,3.74994232,3.84369120,3.58041031,2.61722065,3.51635131,2.96135632,3.92489063,3.57916174,4.03950382,3.13400953,2.92554917,3.49838720,4.14529832,4.05822619,3.88307185,3.16323218,2.54719196,3.71854073,3.26423435,3.85263812,3.60802578,4.04028886,3.30715061,2.81859804,3.35422195,4.06441164,3.90355461,3.46491097,3.44393616,2.65960419,3.54925219,2.90827039,3.87254027,3.77366243,3.87773664,3.24773031,2.79596295,3.34618554,4.19842924,3.61513776,3.62570483,3.16713426,2.60896602,3.28862549,2.84609321,3.86456055,3.64115689,4.11713804,3.13843098,2.64017652,2.99371757,4.08890800,4.17727058,4.04054874,3.38098442,3.73689864,4.08795845,3.78507038,3.81338995,3.97298497,4.08464924,3.36184277,2.85929602,3.43143926,4.25197334,4.01302979,3.75740605,3.30979652,3.53597869,3.41464194,2.81658719,3.93084600,3.52579256,3.86580045,2.89100772,2.58514151,3.33389744,3.83016921,2.99395264,2.80122961,2.70355308,2.60700672,3.54824331,2.94855411,4.14130713,3.61148275,4.22230009,3.57006989,2.97197292,3.38821364,4.13501526,3.98927701,3.99313600,3.56358942,2.58464986,3.37074335,2.85021206,4.07878474,3.82441711,3.93265247,3.21048135,2.80244089,3.29462116,4.17263178,3.94187628,3.51520789,3.10874730,3.30238627,3.46711028,3.02310378,3.91894831,3.79458040,3.99692526,3.14945185,2.66970475,3.39072771,4.18602408,3.87232027,3.94626503,3.36404633,3.73554682,3.79372866,3.84801781,4.00904907,3.78974308,4.08784276,3.51765245,2.84971366,3.31379592,4.02755404,3.54942845,3.84255180,3.37641430,3.48974687,3.43267736,2.86512549,3.74566977,3.56518657,4.08780338,3.26794694,2.86083000,3.07806616,4.01570635,3.74898856,3.59327409,3.04647118,2.61987918,3.74153083,3.63986703,3.81308845,3.91443456,4.08026657,3.46615150,2.98563751,3.10840401,3.89444061,3.57314065,3.74934107,3.24011508,3.22743062,3.02498867,3.41950858,3.81453819,3.55384153,3.93942196,3.35453767,2.92503554,3.22063552,4.23455929,4.24121422,4.16027694,3.48510491,3.61712030,2.60566811,3.31579130,3.42034340,3.30463803,3.58199384,3.17331963,2.91749464,3.03557556,3.66676910,3.20674805,3.41633438,3.10103796,2.89848365
4.49796720,4.57773705,3.62282716,4.48575564,4.13279404,4.13296405,3.42049811,3.32328673,3.75606315,4.57224340,4.28435162,3.94815844,4.03004702,3.55295829,3.43651131,3.12144922,3.46194815,3.34959597,3.36532387,3.34339569,3.21608654,3.22677715,3.24858580,3.18079611,3.24577979,3.25122214,3.25108640,3.44459197,3.17917633,3.83030190,3.81900009,3.44545382,3.51909871,3.59246855,3.33670206,3.79915060,3.57771791,3.24038427,3.28896755,4.28800412,4.35866499,3.46303016,4.15745527,4.05706710,3.92040226,3.35698578,3.47449646,3.66244416,4.45754381,4.19312493,3.95950881,3.89461950,3.66835693,3.54878123,3.13336139,3.41304205,3.36046346,3.35247535,3.36447426,3.29710130,3.33469328,3.19571767,3.16849701,3.22002727,3.14451489,3.32384109,3.29362596,3.25712387,3.35190393,3.36801564,3.37742785,3.32425062,3.37194884,3.31790647,3.38247774,3.26318128,3.27649229,3.22352131,3.24385556,3.12771688,0.00000000,3.24681815,3.25837737,3.11948371,3.00618151,3.01703991,3.14488623,3.74200881,3.24827023,3.28415324,3.19161542,4.38502180,4.54802528,3.49669972,4.25721223,3.97883057,3.67529768,3.53546114,3.40542356,3.75978138,4.60340930,4.08348550,4.07408316,4.05690019,3.72576200,3.65245704,3.04357954,4.04572237,3.58390494,3.51544141,3.26942016,3.59029410,3.65812135,4.49218600,4.15543631,4.07256876,3.20606866,3.91595424,3.89769036,3.10178905,4.10170334,3.83931109,3.66397441,3.33157807,3.50005373,3.51394810,4.64145049,4.02732095,3.87848016,3.20256610,4.09056148,4.00330322,3.24634646,3.97050472,3.69339529,3.55785459,3.04970675,3.49523841,3.64305928,4.51928506,4.02816279,4.39166879,3.27516057,4.00263655,3.98105962,3.02845687,4.05227091,3.72556128,3.64060497,3.42270144,3.44569713,3.42607181,4.35283133,3.95190814,3.92967757,3.26085046,3.74880229,3.90801797,2.89543821,3.81123721,3.69221614,3.47489691,3.24523607,3.32657676,3.36604372,4.67821066,4.05837760,4.17067263,4.23294115,4.39121872,4.49732022,3.24357543,4.28733883,3.95229995,3.93863782,3.31608958,3.49613523,3.95265920,4.61761160,3.95701112,3.97173656,3.77102831,3.89234617,3.77829839,2.79950693,4.09626252,3.67147181,3.36056619,3.22327402,3.38077083,3.19472207,3.76446748,3.45786473,3.23473507,3.16182209,3.79924274,3.88323560,3.22570641,3.98811147,3.92736450,3.63378637,3.18533643,3.69039764,3.60813334,4.57954336,3.95346259,3.91677130,3.16272135,3.73482683,3.93179367,2.86646400,3.98314598,3.65845549,3.63149458,3.19339216,3.38960220,3.51367577,4.55668501,4.00799040,3.93334399,3.70759529,4.00407640,3.98672471,2.99333937,4.03458883,3.73803616,3.62221318,3.35650701,3.58708637,3.73795072,4.50229965,4.16238949,4.25610853,4.04162717,4.20069299,4.43400566,3.76694036,4.25106191,3.87695717,3.92182866,3.56983944,3.38712735,3.57089056,4.42574441,3.91949771,3.95198627,3.82538086,3.76340345,3.99440313,2.89611047,3.96377140,3.65038974,3.65711585,3.20673254,3.54335499,3.43367226,4.51887012,3.94256424,3.69792740,3.28762157,4.13987061,4.30874730,3.59290542,4.26395033,3.92145510,3.88873688,3.51621364,3.33696606,3.51986444,4.10944520,3.82795488,3.77782377,3.71011296,3.44893034,4.13314927,3.35348583,4.02633402,3.79968362,3.84760923,3.43414036,3.31973925,3.68367542,4.53822840,4.18582749,4.00834131,3.87148824,3.19953076,3.90704873,3.68063525,3.95845286,3.39665640,3.56551953,3.35781513,3.42641914,3.44863996,3.99205569,3.65318627,3.77477009,3.66111378
4.06483716,4.42655134,4.61612961,3.31062310,3.90804924,3.80901705,3.30640741,3.75788594,3.75490573,3.36133573,4.47394279,4.06898913,4.29750842,3.33376944,3.30018925,3.22896669,2.98804143,3.34667120,3.19246916,3.09036780,2.97704894,2.95190131,3.00911700,2.94027264,2.98581507,2.94690207,2.93879460,3.28704744,3.44922152,3.06605533,3.73996412,3.35080067,3.60607780,3.53969888,3.55143211,3.34674880,3.51874626,3.12308853,3.02501188,4.26197491,4.40491354,4.40184623,3.08652777,3.69623325,3.72641255,3.38315084,3.96233682,3.42837030,3.44671785,4.47921848,4.04981367,4.00132604,3.10282487,3.12484932,3.16833194,2.63103383,3.22251750,3.08484888,3.17425826,2.89742685,3.00025963,2.92434440,2.89223323,2.95901584,2.91904066,3.06891664,3.15585688,3.15248995,3.03553151,3.18662849,3.07044124,3.14326600,3.19762839,2.97415551,3.08107827,3.14823357,3.00305365,3.05901129,3.22032208,3.11088262,3.24681815,0.00000000,2.90570395,3.12046586,2.97168899,2.84710564,3.23185784,3.08429763,3.16133332,3.00912514,2.95181677,4.20208715,4.43133048,4.32540117,3.10509967,3.80181233,3.57813324,3.25947829,3.82339153,3.77987761,3.41025613,4.31049757,4.43144688,4.25198836,3.67045119,3.80695373,3.82786364,2.84178958,3.56813032,3.47657507,3.20638523,3.61995390,3.55340776,3.68680101,4.46577551,3.83131987,2.99944224,3.60757466,3.87894218,4.04053946,2.56807555,3.65268357,3.39301411,3.28713859,3.60775531,3.64581695,3.93077618,4.42048886,3.84789040,2.99670597,3.80884531,3.90438371,4.20842769,2.63027999,3.47068817,3.21375024,3.22156496,3.63871797,3.73357664,3.62320236,4.51079022,4.18846458,2.96655606,3.63145118,3.88274336,4.06500364,2.82409174,3.58714825,3.42791285,3.25613999,3.37531303,3.72619618,3.22894445,4.13712287,3.80452531,3.02610504,3.70254425,3.77523139,3.79019738,2.76556127,3.53760875,3.32028835,3.21153983,3.68405957,3.59819455,3.50075504,4.45702394,4.26447313,4.08877237,4.26982725,4.33689770,4.36047885,3.32286930,3.64382515,3.54586361,3.34418348,3.83696841,3.74470552,3.79403792,4.24399470,4.11268046,4.04621142,3.62926163,3.86623290,3.92077968,2.57817022,3.52493679,3.31292664,3.18121641,3.32475754,3.15309779,3.14893641,3.25743969,3.16456140,2.96171017,3.50470885,3.75106337,4.03894681,2.67038993,3.71885177,3.35915440,3.41672134,3.82737249,3.67974657,4.01344501,4.48541055,3.88401305,2.88125296,3.53041792,3.87278515,3.97266790,2.54535458,3.35526364,3.54491159,3.42050519,3.63354126,3.53749981,3.51788363,4.04944311,3.98241365,3.72547592,3.76005488,4.03567392,3.94862623,2.52293601,3.65968956,3.51438512,3.28004632,3.82196172,3.73066820,3.58713179,4.60825403,4.22681508,4.07389376,3.96429780,4.19573594,4.40638428,3.25835341,3.48469745,3.71761353,3.28269893,3.60987623,3.51704516,3.51054890,4.19749433,4.05847261,3.81647955,3.56823075,3.82431379,4.07306772,2.47314527,3.63490244,3.45387462,3.12488698,3.64394513,3.91521138,3.61119757,4.20700194,3.60020100,2.98416161,3.82843000,4.26670376,4.11342167,3.32402312,3.55725973,3.72115721,3.34975632,3.58321011,3.35133856,3.50034836,4.28948780,4.05083519,3.82386797,3.26544724,4.16103715,4.32456819,3.07729991,3.51726365,3.59127500,3.34083951,3.75925777,3.73839454,3.42644726,4.59362632,4.27726254,4.14803810,2.91747419,3.58980801,3.89706997,3.54161837,3.47099465,3.20285417,3.29223235,3.58650469,3.64882320,3.16020765,3.83280283,3.67224770,3.53173142
3.71487184,4.11601681,4.29895634,3.74506736,2.63656738,3.38976349,3.28163953,3.85917583,3.31874216,3.60785060,3.48681889,4.56872308,4.21060544,3.29413130,3.27082737,3.14707365,3.25715570,2.95161250,3.21636894,3.22738154,2.94238032,2.92032687,3.00033634,2.92056419,2.91463589,2.93242401,2.92992354,3.32013756,3.40954662,3.44201562,2.84917424,3.24733440,3.27860374,3.52180160,3.23547291,3.29426769,3.20115090,3.21168775,3.03144538,3.89295459,4.20156055,3.87609315,3.51602889,2.54214676,3.32083825,3.35215770,3.83761965,3.37580990,3.57744154,3.61906247,4.40378565,4.03976481,3.15435467,3.22622380,3.12957429,3.03160489,2.85315646,3.09897024,3.07317445,2.87930315,3.09209642,2.92735386,2.89453389,2.97154573,2.86604524,2.96419112,3.19302318,3.07614781,3.05547764,2.93257958,3.18571833,3.14469194,3.00738719,2.87146931,3.04542874,2.93720579,3.03179861,3.03251273,3.01780340,3.62029345,3.25837737,2.90570395,0.00000000,2.87080012,2.82570081,3.21731221,2.97800302,3.19623075,2.90704554,2.97851979,2.94016177,4.10532120,4.42639015,4.05564425,3.57164968,2.57929554,3.21422218,3.35865390,3.71807854,3.31824856,3.66252859,3.47253630,4.49965602,4.29667261,3.48161565,3.73283276,3.50940654,3.63612385,2.44742266,3.22498081,3.16803711,3.65073218,3.31226355,3.65938915,3.82004984,4.22621742,3.03389468,3.66440202,3.97738604,4.01892802,3.77416770,2.33098603,3.25774196,3.16689330,3.65396535,3.49559463,4.01578616,3.68973032,3.93318621,2.93141230,3.69587265,4.23237210,3.98106138,3.67670236,2.30899103,3.19243320,3.07474158,3.61555766,3.25404862,3.75278612,3.91225485,4.60460161,3.03058995,3.56365932,4.09292204,4.02516236,3.96261325,2.32371058,3.25731958,3.05445377,3.46437508,3.26623834,3.55587105,3.51209792,3.83804935,2.99625970,3.64807518,3.88914448,3.51749670,3.68381430,2.48461601,3.27638607,3.08452641,3.73305820,3.43045436,3.83657085,3.57179241,4.75125795,4.29217987,3.84996493,4.29008429,4.10750853,4.00721335,2.61806974,3.34084999,3.36726642,3.78094170,3.61355436,3.82335945,3.50018598,4.47449258,4.16573298,3.27430500,3.87914478,3.86368573,3.62633975,2.00227081,3.16283510,2.98733519,3.42502618,2.96773236,3.53227334,3.16393328,2.99998670,2.98903919,3.60722886,4.07232608,3.68423746,3.73807601,2.49749434,3.25722562,3.13630778,3.64946512,3.07746126,4.05213328,3.63398927,4.02718914,3.00001325,3.66318701,4.06709424,3.96913357,3.58789298,2.15974076,3.37715444,3.20626633,3.76460449,3.29394115,3.81634922,3.46852993,4.45651644,3.93117712,3.64537323,4.12678886,3.78352526,3.71889052,2.30435865,3.45351306,3.39101048,3.85682622,3.43207592,3.64552028,3.65691781,4.79012627,4.11463094,3.60379806,4.10229399,4.16562016,3.72498161,2.45431004,3.24057639,3.17503930,3.63639310,3.29028338,3.52179403,3.48037057,4.26193800,3.77818138,3.28792889,3.86881575,3.83360415,3.59267136,2.37840305,3.27331804,3.02331332,3.62708862,3.36207825,3.73837915,3.40337452,3.77166872,2.99188574,3.65284241,3.89949409,3.96340060,3.75075435,2.61766167,3.35561189,3.45938639,3.64483695,3.17960012,3.69463913,3.69851580,4.44756781,3.76104269,3.02885744,3.95604540,3.87680290,3.46923160,2.59031962,3.40900129,3.32058285,3.75356411,3.54895893,3.66178210,3.39826778,4.65512629,3.93170299,2.84919683,3.39743792,3.56796107,3.64338160,2.83510290,3.29216220,3.23013112,3.81035185,3.51599641,3.54319323,3.24998837,3.92279284,3.62181767
3.53480043,3.44849559,3.82713741,3.70069511,3.60277910,2.41442383,2.63247594,3.08890624,3.48599191,3.62531507,3.31150674,3.32017486,4.26289303,2.67031979,2.59230456,2.47691348,2.58065614,2.57306785,2.31500324,2.45391637,2.24200823,2.25829068,2.20995859,2.22037407,2.19068968,2.27274176,2.26126950,2.86642835,3.01979378,3.12976537,3.29775925,2.23670292,2.75698686,2.80345581,3.09752830,2.91834607,2.88311476,2.35438443,2.28964741,3.63530786,3.58688022,3.75810148,3.60778664,3.50799317,2.38212219,2.60050054,3.15034728,3.34988216,3.51642585,3.36697105,3.24362530,3.70423801,2.70256386,2.72389245,2.59556724,2.58367595,2.78908200,2.25952144,2.46353067,2.20492018,2.24989556,2.24101409,2.19757548,2.21092559,2.14619857,2.39050728,2.41889857,2.48039088,2.50002387,2.60556885,2.24693794,2.37915289,2.27303902,2.44083152,2.35522684,2.42825565,2.15166767,2.17754076,2.90699622,2.70942715,3.11948371,3.12046586,2.87080012,0.00000000,2.18153918,2.73436895,2.70848112,2.76859658,2.33325293,2.22635103,2.12206122,3.70743810,3.85989174,3.58232519,3.68170050,3.56501978,2.25560416,2.73010822,3.10124325,3.50971259,3.81830201,3.27959891,3.26005085,4.16680948,3.18488462,2.99681606,3.37807733,3.33431676,3.22495731,2.00588303,2.75137565,2.98124529,3.35215689,3.48577259,3.56393107,3.45860789,2.15785830,3.51585886,3.31754422,3.89180197,3.61336212,3.24166024,2.09871259,2.91912490,3.26049750,3.41019935,3.60776789,3.62160721,3.02990452,2.17937112,3.46134433,3.44587872,3.66515027,3.39572848,3.28490322,2.13759853,2.66595883,3.12246806,3.41614843,3.21042956,3.46339529,3.50903996,2.27098220,3.47974517,3.34278930,3.75383923,3.74701935,3.22685446,2.11128220,2.68068591,2.95454666,3.35463582,3.24507376,3.25565584,2.90549651,2.16248779,3.25162340,3.03814291,3.36439400,3.48213154,3.44417598,2.07147493,2.61028321,3.03068147,3.42825945,3.83464140,3.50839493,3.62761249,4.33065558,3.75041646,3.79554985,3.72297693,3.81039452,3.59946675,2.55190719,2.46910735,3.01312092,3.45082771,3.60106794,3.03212520,3.28026965,3.49582375,3.43048053,3.33454044,3.85173750,3.58953805,3.30028812,1.97253355,2.66740884,3.07995790,3.06837445,2.77644232,2.74879437,2.33108972,2.18214359,3.45676078,3.37270762,3.74458730,3.60005572,3.43678539,2.27755635,2.62899032,3.06428224,3.28960388,3.48142515,3.45754474,3.11830617,2.22273768,3.32768417,3.54217591,3.91855213,3.65756635,3.20734512,1.80610303,2.54343117,3.19478043,3.37327373,3.59484057,3.34885013,3.42282882,3.85008538,3.38839098,3.48221839,3.83698133,3.63057137,3.20575972,2.12614240,2.88515585,3.30267807,3.40556826,3.47772189,3.39073819,3.73953205,4.12154512,3.39086785,3.62858365,3.79352099,3.44658867,3.33992904,2.19848006,2.56234149,3.20256244,3.24257292,3.35385597,3.31844585,3.28256451,3.74321153,3.21176802,3.18513644,3.49397937,3.51127732,3.39289820,2.24068949,2.70559697,2.93696132,3.34272225,3.38359327,3.38189124,2.72976072,2.28225551,3.47397599,3.27825854,3.51319980,3.74022672,3.53801638,2.45181557,2.71176243,2.90771968,3.02611617,3.28465979,3.20259605,3.14719749,3.09021873,2.86307489,3.39646069,3.58945337,3.37850515,3.50788688,2.48345912,2.73590375,3.11726409,3.53133124,3.75964302,3.35326619,3.38802494,3.86609390,2.12392434,2.84402963,3.14432111,2.98179204,3.06656921,2.31607634,2.69503238,3.10532553,3.00409133,3.02378217,2.96762832,2.98450535,3.02988342
2.89191394,3.08475313,3.57593136,3.36071633,3.41313993,3.09634861,2.05392890,2.92308297,3.53575436,3.41071142,3.45334180,3.23011353,3.29101070,2.09563152,2.10406182,2.01021657,2.05606151,1.95696025,1.85254683,1.83893834,1.78568922,1.61053034,1.70571669,1.66922960,1.56319149,1.69991110,1.81887338,2.37223719,2.66269230,2.82759847,3.07941937,2.61821298,2.28805967,2.76540758,2.83796029,2.58164621,2.45733851,1.92311373,1.72776071,2.96444161,3.16545347,3.46627158,3.19795704,3.34909068,3.01100134,2.13189141,3.11287034,3.34156723,3.29264547,3.41784039,3.05805426,2.77895695,2.24244838,2.17915784,2.24588964,2.27505964,2.36701330,2.20129813,1.99092474,1.72099961,1.75938604,1.61735925,1.59576931,1.68040850,1.64215999,1.83717352,1.93659709,1.96816239,1.95887766,2.19879092,2.17848360,1.77191699,1.91573346,1.84682089,1.77091769,1.93046459,1.71601962,1.66654070,2.41275714,2.32852666,3.00618151,2.97168899,2.82570081,2.18153918,0.00000000,2.44400057,2.72984433,2.24465223,1.65817452,1.76101733,1.69162898,3.12894331,3.72507704,3.29307577,3.45256805,3.53013571,2.77098115,1.95459588,3.13149169,3.54801778,3.58583881,3.33784439,3.41134769,3.32517653,2.58003288,2.80985305,3.14157804,3.13017362,3.13765007,2.76671387,2.10505319,2.94270996,3.25013183,3.28436292,3.23939055,3.11303530,1.62924963,2.80987490,2.86940316,3.49192415,3.34234536,3.23122112,2.66092306,2.07219874,3.09277687,3.29847834,3.46296430,3.08619796,2.70654592,1.68951794,2.99659554,3.18349779,3.34495959,3.09052120,3.35329904,2.92130874,1.90346558,3.05996334,3.26926644,3.43170120,3.13127262,3.48945037,1.77436121,2.91640039,3.13791337,3.53026901,3.44123710,3.20500629,2.72560409,1.89376990,2.95422792,3.30190779,2.91216254,2.76295060,2.60338520,1.66196127,2.48513099,2.87301470,3.25872820,3.13428550,3.27066139,2.64658619,1.83309431,3.04476545,3.39191299,3.59039682,3.40177311,3.47423849,3.38317617,3.18855435,3.44969513,3.32937401,3.40549625,3.21967436,3.00914160,2.21337916,3.07316529,3.42678287,3.37018544,3.17799714,3.09432418,2.81450175,2.63519230,2.92623487,3.38652444,3.22393620,3.12076203,2.71680567,1.99127412,2.99678523,3.03486030,2.57756345,2.23828697,1.91314663,1.67406726,2.87654348,3.07334562,3.64128783,3.22692823,3.35201219,2.98351070,1.98983420,3.17149367,3.17164028,3.46737537,3.23537288,3.08065539,1.68869723,2.76483592,3.21407269,3.63693269,3.37764237,3.09602528,2.55650132,1.75454889,3.04488161,3.42273669,3.41856623,2.80585304,3.20545031,2.87949011,2.73308312,3.19161869,3.50914845,3.36047691,3.30779213,2.72112827,1.90810095,3.21979255,3.24446320,3.23654105,3.35158655,3.53358429,3.18963710,2.65763398,3.41959560,3.46063422,3.11106646,3.17542854,2.97885810,2.16650451,3.07868502,3.11930296,2.97911111,3.15836087,3.08907128,2.79846507,2.72135294,2.98469402,3.32333739,3.27140554,3.26126479,2.89542536,1.97923506,2.77741630,3.14609437,3.17009891,2.91579157,2.45026486,1.75417408,2.68403778,2.99989659,3.18968569,3.27911737,3.10537554,2.83229584,1.97095208,2.70266774,2.91081044,2.98213876,3.07226197,3.02585483,2.46445162,2.04605788,2.96991357,3.27098909,2.96019604,3.05740733,3.07348518,2.15442193,3.09081417,3.42630152,3.38095884,3.39184753,3.18650464,2.75024766,1.58837446,2.48498617,2.52410960,2.56597497,2.53840843,2.48871168,2.13464425,2.95527604,3.01487338,2.67985521,2.79636889,2.91942064,2.51964359
3.93076424,3.62907121,3.67415845,3.56780479,3.73318673,3.23109120,2.84515243,2.62572864,3.38998234,3.82208023,4.04653470,3.56551913,3.93143885,2.94424627,2.72916809,2.74944735,2.80163220,2.80117694,2.67950399,2.68093785,2.37036731,2.30278817,2.54514447,2.34939632,2.37831041,2.31297848,2.39598948,2.96981511,3.20155387,3.14703024,3.41458562,3.01801818,2.93235891,2.78430718,3.14003819,3.02517004,2.82481476,2.56007050,2.38771710,3.88198891,3.50829693,3.55843816,3.17696264,3.54393040,3.15421766,2.81045176,2.86889813,3.27945256,3.59226753,3.82525928,3.30840737,3.49903592,3.05642084,2.87528268,2.81767533,2.75241952,2.91922436,2.67057795,2.61321151,2.38212707,2.56965380,2.29407832,2.27122463,2.32377501,2.38860058,2.46745940,2.53741336,2.35058401,2.47498716,2.70716293,2.54073165,2.43356043,2.35530638,2.35800239,2.48688438,2.60028893,2.30024715,2.33868166,3.65833527,3.04936615,3.01703991,2.84710564,3.21731221,2.73436895,2.44400057,0.00000000,2.45669494,2.61130593,2.36605287,2.36077513,2.36590543,4.04303948,3.78837091,3.45736468,3.47581578,3.54320338,2.83543161,2.71982830,2.66599154,3.35358061,3.66174130,3.75424761,3.48123321,3.85436945,3.62009001,2.99961958,3.35379962,3.37803600,3.42670632,2.99068979,2.67228971,2.85997682,3.48454669,3.63645070,3.86660781,3.51044730,2.31021155,3.72130791,3.01337819,3.46603443,3.37701326,3.58220367,3.06604987,2.88343268,2.65196037,3.44009940,3.96607474,4.02043476,3.39914824,2.39742009,3.86731753,3.41682813,3.65825369,3.27081229,3.37936314,2.90194601,2.66020297,2.74551947,3.29695711,3.55924311,3.66956657,3.83132687,2.46086492,3.84826156,3.29675255,3.26549127,3.35116899,3.42074028,3.09058468,2.85773131,2.58765659,3.28438541,3.31845285,3.40801685,3.19563737,2.37511313,3.64922643,3.33531094,3.42152284,3.21866185,3.33915851,2.76278099,2.68127085,2.56643451,3.28372160,3.92692255,3.86556260,3.53689159,3.92318094,3.92206366,3.52148052,3.31386319,3.44529324,3.52874658,3.01150827,2.76320584,3.04051943,3.45886087,3.82680877,3.77368005,3.55737438,3.43624629,3.77403605,3.13489276,3.19021637,3.15179172,3.43939752,3.01528039,2.76651246,2.30695563,2.96037643,3.07092342,2.84080807,2.58068518,2.34010118,3.66700818,3.25193420,3.72318152,3.35560650,3.49989340,3.04617768,2.88463524,3.01942442,3.39845663,3.63457326,3.75142356,3.49898712,2.25641379,3.60247089,3.37242758,3.52366218,3.30882605,3.46190488,3.08523251,2.65087442,2.75123420,3.26099431,3.54836275,3.54472077,3.39666877,3.41005666,3.73787999,3.27162105,3.49141443,3.47944977,3.45422077,3.00056656,2.82764182,2.51877829,3.23643056,3.54375891,3.75247715,3.62820462,3.67383613,3.60403374,3.57558883,3.41843293,3.15584898,3.27483687,3.01276244,2.79898174,2.68348161,3.07980975,3.18250339,3.41353553,3.40659282,3.45250279,3.67844389,3.26904069,3.53284492,3.39461028,3.53801390,3.01383359,2.78705340,2.83834867,3.38977868,3.50983016,3.50923086,3.08094175,2.42228567,3.42036174,3.28416721,3.03784936,3.30799089,3.26705141,2.98132717,2.82271933,2.70177527,3.07245294,3.41919969,3.51469030,3.46919290,3.37423175,2.87451923,3.34623477,3.42997477,3.13686064,3.35325137,3.06639463,2.86776345,2.58820408,3.35840967,3.68982690,3.89005402,3.56167956,3.61565158,2.35304196,2.65914001,3.25066539,2.98139516,2.91439034,2.68744001,2.68281535,2.75079054,3.07205927,3.10321896,3.12554265,3.14435137,3.13922209
3.79487484,4.23737451,3.88592196,3.72012140,3.45693207,3.29023101,3.04348933,3.37029875,2.94172162,3.51117319,3.69646190,3.89939532,4.13805525,3.23875827,3.21197408,2.98907368,3.13584917,3.11734496,3.01244631,2.96697895,2.77216036,2.73139471,2.79281976,2.75891506,2.71366700,2.75096685,2.85880490,3.33971162,3.17086636,3.32293921,3.20217659,2.78026348,3.27430264,3.16752627,2.93076856,3.19829704,3.15959231,2.69840379,2.83869866,3.85733805,4.27178530,3.79516533,3.64597062,3.45006285,3.14471903,3.13672388,3.36706110,2.83283101,3.25190543,3.67838899,3.77033014,3.79651785,3.26668584,3.36125189,2.84717918,3.00425227,3.14246869,2.84278085,2.92915459,2.73728015,2.81781467,2.81402097,2.69781818,2.75186792,2.72616864,2.77516682,2.96847268,2.76444114,2.85357491,2.98475986,2.72291213,2.86581567,2.77337979,2.58907101,2.89729693,2.92787695,2.74891306,2.74070196,3.61313205,3.79152243,3.14488623,3.23185784,2.97800302,2.70848112,2.72984433,2.45669494,0.00000000,2.64883274,2.73097254,2.76203417,2.68956057,3.97068686,4.43552345,3.79177175,3.72064006,3.44483407,3.13361605,3.07819679,3.32872159,2.82201578,3.60386026,3.23267802,3.80447775,4.12989528,3.70087214,3.91168364,3.38515166,3.63867795,3.48227404,3.10040735,3.09760115,3.20687404,3.03687726,3.73681857,3.79099864,3.75189935,2.70528452,3.65261869,4.00155681,3.55397447,3.81011535,3.44410786,2.88939714,3.03582025,3.35348081,2.97290505,3.78119765,3.69498870,3.41544870,2.78196169,3.55515039,4.03397233,3.64428164,3.51048518,3.42572492,2.95549436,2.95964133,3.35185211,2.88120423,3.50685483,3.81617293,3.96477344,2.75550180,3.86665109,4.19316122,3.48397390,3.87640250,3.35048614,3.09755970,3.06909133,3.17344171,3.10977814,3.56421074,3.48419017,3.44051518,2.74247680,3.51884756,3.84364540,3.14132949,3.41387444,3.29242506,3.00539163,2.98344754,3.25960265,2.76799137,3.77853870,3.78370576,4.04756129,4.25238654,3.95271730,4.21029881,3.62546915,3.86329412,3.57940477,3.24143701,2.92460823,3.36834322,3.07690412,3.71379422,3.79774062,3.88381986,3.68291458,3.78784005,4.13684971,3.50916591,3.65924684,3.53075509,3.04187270,3.10883313,3.15203255,2.60507766,3.35537249,3.32394354,2.83964393,2.72706841,3.62699746,3.96177891,3.56806945,3.68701645,3.46801700,3.01263748,2.86466167,3.36894285,2.84023224,3.97293891,3.70684204,3.54006498,2.66469074,3.73427938,4.37071013,3.70501627,3.72928940,3.16708596,3.12628102,3.02195521,3.50479725,2.85023897,3.68032092,3.64928955,3.95706467,4.03591928,3.70341971,4.16578900,3.64142191,3.72159313,3.48345231,3.12081286,3.27196667,3.52484303,2.82233429,3.48884896,3.76799507,4.22142120,4.02992361,3.47302487,4.14985138,3.80552602,3.52548665,3.10162477,3.16051084,2.90774908,3.44075921,3.03504911,3.51820547,3.45363228,3.42001167,3.56431533,3.73033108,4.09063111,3.63144689,3.75956076,3.47874039,3.08537133,3.01821738,3.47862820,3.14948670,3.60202455,3.48171802,3.19137258,2.78429299,3.59001625,3.88622696,3.49921044,3.76247985,3.36716874,3.32336725,3.17616510,3.22391213,2.87767356,3.57143647,3.53526773,3.72020260,3.42046471,2.99691630,3.98491265,3.64352464,3.44273883,3.28623172,3.17465168,3.11647130,3.29987034,3.03975052,3.57282809,3.57510372,3.90029678,3.89218221,2.65693278,3.16616212,3.31527123,3.44733018,2.99523076,3.08309268,3.05918090,3.45682397,2.89393347,3.33431521,3.27783758,3.51446874,3.43789075
3.27373600,3.50213833,3.96466375,3.28992552,3.61859556,3.07862608,2.49835819,3.08442261,3.43628947,3.19132184,3.67811886,3.55909716,3.80591864,2.74897621,2.73263609,2.65981172,2.49311775,2.66008657,2.45390851,2.40880645,2.14154146,2.22340302,2.20181784,2.15981094,2.08823385,2.11918966,2.27632511,2.69444122,3.05411634,2.80223375,3.16412200,2.73048832,2.69091061,2.88660155,2.97952448,2.72105110,2.68470727,2.27697299,2.20413808,3.27401837,3.44012082,3.67174607,3.33223868,3.52951432,3.03048663,2.60263655,3.41361673,3.22802460,3.27478684,3.68546755,3.39090634,3.30593373,2.79262702,2.63641123,2.74054506,2.64504541,2.83679794,2.43981796,2.36927007,2.05296201,2.23714774,2.23239961,2.11288015,2.09102287,2.28313364,2.34924245,2.50823923,2.36597466,2.39022201,2.63617052,2.40262787,2.19176055,2.26099239,2.06490949,2.32408448,2.41338272,2.11893722,2.25856243,3.39602668,3.32237727,3.74200881,3.08429763,3.19623075,2.76859658,2.24465223,2.61130593,2.64883274,0.00000000,2.12982654,2.13439256,2.16854563,3.54048097,3.91050791,3.74124689,3.37091503,3.69590913,3.07686648,2.39327785,3.32508581,3.35432745,3.31167596,3.63293469,3.72938393,3.83001886,3.37504849,3.45256949,3.73775193,3.38845112,3.38867455,2.89934849,2.67635116,3.20588016,3.34732538,3.34602430,3.54532882,3.32366286,2.16667375,3.25326233,3.30068934,3.77350023,3.35359445,3.43427434,2.80718376,2.61118025,3.27687036,3.29877915,3.65312678,3.63216038,2.92051347,2.26328158,3.39174399,3.65543031,3.99672001,3.27323380,3.51213418,2.86512700,2.59467867,3.30373387,3.46693450,3.33460310,3.62568523,3.65929975,2.21816214,3.28755884,3.52676345,3.88370080,3.40988467,3.29157979,2.81547631,2.43470789,3.02331491,3.42612592,3.03826315,2.97255750,2.85710532,2.17935161,2.98585675,3.27746057,3.52468766,3.23303461,3.53250919,2.73417266,2.48182501,3.24517073,3.44603473,3.43056812,3.73858873,3.83691135,3.95213390,3.60045348,3.76537272,3.90214719,3.66879164,3.49616495,3.08569234,2.80325352,3.50921239,3.37954141,3.30173279,3.49300599,3.39769078,3.33703583,3.19600075,3.60118971,3.85127085,3.25288984,3.40022854,2.98860878,2.71555565,3.10267018,3.07946199,2.67944140,2.65598873,2.36326357,2.19136797,3.34049406,3.58761982,4.10810939,3.37771040,3.65030803,2.98528439,2.70940433,3.33727230,3.30656739,3.49650721,3.61260046,3.17982359,2.15626232,3.44839066,3.91945044,4.08685664,3.50484728,3.45890262,3.07563329,2.71101209,3.29905916,3.50217649,3.35534675,3.49733930,3.81168135,3.53060021,3.51938359,3.70953567,3.86862755,3.46642585,3.62179669,3.05297266,2.55400161,3.40606360,3.27679231,3.06911848,3.65992919,3.85609372,3.68808366,3.17972149,3.78622900,3.87276390,3.21291139,3.34397052,2.97736476,2.47898619,3.26890752,3.13648347,2.95132701,3.30549712,3.26534939,3.25673689,3.24262947,3.59511436,3.88601495,3.34258367,3.44503126,2.95705551,2.63275414,3.02952888,3.30700584,3.26479421,3.31839512,2.84228165,2.09619649,3.16367080,3.29054848,3.55849753,3.30252125,3.21760125,2.93014213,2.56466660,3.04787696,2.84455411,2.95741636,3.29118676,3.26063320,2.90144152,2.78126628,3.55685798,3.77443501,3.11611345,3.33211374,3.13930395,2.75822544,3.36456208,3.39478571,3.21077914,3.77665974,3.68043223,3.52534224,2.10925718,2.24581165,2.89856022,2.68764845,2.74696394,2.71209456,2.58135325,3.16141027,3.11755478,3.00496082,3.25080998,3.15638175,3.04367896
2.58490563,2.63127994,3.21402701,2.96387278,2.99419891,2.62769177,1.65334719,2.44650884,3.09156516,3.28504640,3.32265493,3.14603382,3.35182569,1.96793520,1.87636625,1.83628520,1.90708844,1.77149904,1.64635596,1.63623773,1.10744398,1.15607288,1.19731973,1.11287115,1.09902284,1.11911076,1.48602159,2.08606542,2.29075591,2.45703411,2.66500561,2.15422288,1.74033562,2.12906953,2.32280023,2.13971811,1.89516423,1.63587883,1.11414070,2.73338267,2.90411119,3.07793806,2.95139495,3.01314139,2.63393467,1.81593874,2.76413605,2.99445692,3.15764384,3.18691031,3.05531424,2.80199280,2.02066271,1.88085349,2.07373553,1.92849634,1.99070874,1.79681014,1.50650583,1.30424693,1.37701007,1.18132411,1.14819450,1.07253997,1.11790946,1.29343848,1.40842857,1.28564439,1.39870945,1.67685353,1.76472467,1.29943836,1.24438038,1.24216906,1.15188501,1.23720409,1.10531880,1.12301008,2.75387165,2.81460523,3.24827023,3.16133332,2.90704554,2.33325293,1.65817452,2.36605287,2.73097254,2.12982654,0.00000000,1.27753002,1.14694429,2.83721860,3.32286241,2.87822055,3.19219644,3.06114428,2.25225315,1.64850389,2.78485285,3.04462751,3.28302141,3.05308019,3.17465881,3.30109551,2.68944978,2.76731485,3.05204070,3.11851956,2.91951084,2.36652244,1.70530170,2.65794360,2.90064666,2.99616262,2.92499581,2.94898195,1.11678175,2.93414431,2.85608643,3.29854759,3.19961428,2.97522741,2.44325102,1.87570871,2.71408481,3.01484831,3.37483908,2.92826261,2.44971560,1.20820385,3.07182365,3.25916800,3.42862696,3.02532000,2.97135989,2.50255802,1.74031140,2.63254186,2.83309227,3.18865246,2.95536100,3.36178978,1.15039173,3.01301426,3.06062410,3.44100255,3.33655410,2.84394483,2.48013907,1.74798838,2.56163080,2.93000150,2.77893071,2.46853336,2.38094273,1.09907693,2.62792366,2.75209459,2.98274615,3.07592288,3.00014121,2.22586836,1.58164107,2.63074217,3.06737265,3.49107706,3.20513841,3.30149034,3.30556587,2.89645903,3.13626587,3.01607713,3.29130868,2.92242002,2.54394200,1.92347426,2.88656196,3.09694923,3.14256732,2.98428969,2.93503262,2.58796405,2.82751663,2.99658484,3.26110914,3.13564425,2.94441314,2.50687957,1.86232888,2.44239020,2.56333388,2.36972127,1.93710346,1.40046756,1.16110464,2.99950024,3.20544565,3.56490006,3.25931369,3.17184039,2.61808672,1.80131259,2.66308800,2.80330311,3.13913037,2.80503201,2.83267125,1.06275921,2.68393770,3.08031149,3.35291189,3.19675728,2.87399798,2.30376767,1.67528981,2.58542905,3.00218720,3.02392846,2.67776552,3.04658975,2.82299148,3.08127380,3.21766248,3.42276848,3.36949063,3.06566984,2.45944552,1.60233537,2.69289731,2.79482854,2.96665115,2.96314131,3.31847406,3.09408403,2.55733158,3.12481384,3.23200021,2.86406900,2.74630427,2.43073684,1.77918037,2.86509011,2.79342474,2.80467888,2.85083901,2.92810958,2.74971157,2.73369804,2.87039189,3.22865564,3.22789341,2.92782439,2.42764239,1.74070226,2.43570608,2.81478403,3.06270327,2.76516818,2.41660144,1.15012049,2.33191158,2.53465325,2.85636812,3.03911127,2.63400781,2.42166393,1.78033895,2.46180339,2.64876553,2.85459008,2.90122137,2.87361614,2.36090785,1.74739240,2.59699321,2.79646090,2.69092187,2.65467574,2.48630304,1.74128351,2.54830973,2.81850762,3.09470970,3.10655233,3.11801402,2.91471450,1.08632575,1.73652820,2.14852179,2.00473647,2.25940165,2.00743258,1.76172285,2.47256693,2.64876399,2.50662858,2.41882819,2.59226400,2.13588298
2.73533715,2.85716013,3.53434729,3.07157937,3.08983726,2.48582853,1.46572430,2.49123986,3.15372079,3.18691221,3.17013929,2.87477824,3.33818171,1.73164901,1.66150729,1.58770210,1.60119271,1.67093171,1.36301826,1.42114513,0.93518383,0.95732925,0.93722205,0.96877296,0.95479673,0.86674534,1.19905747,1.70569387,2.32292194,2.28347227,2.87121831,2.07925154,1.80466072,2.00676563,2.39108491,2.15400540,2.03131306,1.45008794,0.93890071,2.73754552,2.80194033,3.13938345,2.92367118,3.08697258,2.43246307,1.42365327,2.56374021,2.91654107,2.92678383,3.03736535,2.68745515,2.54938292,1.77489693,1.71416483,1.72671254,1.73917830,1.97257035,1.60793187,1.38239341,0.98694469,0.98174645,0.97615509,1.01409640,0.88098702,0.98602575,1.16265547,1.32220843,1.22484798,1.26479709,1.65321432,1.29534470,1.30593782,1.19606461,1.08746128,1.01481776,1.20984162,0.71605586,0.81892987,2.70959168,2.72487971,3.28415324,3.00912514,2.97851979,2.22635103,1.76101733,2.36077513,2.76203417,2.13439256,1.27753002,0.00000000,0.87511810,2.92161090,3.19627169,2.95295257,3.10278156,3.10507500,2.02187150,1.59244699,2.67016663,3.07223899,3.21634448,3.02449999,3.07689078,3.37395689,2.54529990,2.53711231,2.97202487,2.92447789,2.86226397,2.13403463,1.72180758,2.54061706,2.91767466,2.76370862,2.88815745,2.65143870,0.81033419,2.79271096,2.58707261,3.38005972,3.14390540,3.06228673,2.20238098,1.72652968,2.62492073,3.01931282,3.19680652,3.02796189,2.26670635,0.92551676,2.97176895,3.03683522,3.35729683,2.93796505,3.03863775,2.31173393,1.68401107,2.55502077,2.88480627,2.87340218,3.03225610,3.26869969,0.92620727,2.75920318,2.74556885,3.37383860,3.08638083,2.81741569,2.16548917,1.61996808,2.43692897,2.88460716,2.63496531,2.57229553,1.97123704,0.81581555,2.59948601,2.61551035,3.02062651,3.00236821,3.04991823,2.11035821,1.50370942,2.54875835,3.10266468,3.34394459,3.19352138,3.11214425,3.44822267,2.84992766,3.02996751,3.24734056,3.27524625,2.91226998,2.42520126,1.67568968,2.81733417,3.14580771,3.00500297,2.89238354,2.69759459,2.56748615,2.61198818,2.77649339,3.24979663,2.95927412,2.98601103,2.16253617,1.68398267,2.45912435,2.63702420,2.14013510,1.89503372,1.21547492,0.91226957,2.84651448,2.95346316,3.43170669,2.97670683,3.16365333,2.42765059,1.71267693,2.61670254,2.83592302,2.98764592,2.87528466,2.68880417,0.85322041,2.57564177,2.99652662,3.36248309,3.02531395,2.84229527,2.15879406,1.64974401,2.52704312,2.88779216,2.92604316,2.51171434,2.77483294,2.76924669,2.80219698,2.81382095,3.27067513,3.17704935,3.04252700,2.05349475,1.55175576,2.60643007,2.83613310,2.89763370,2.85171088,3.05589349,3.12695343,2.53886822,2.96732853,3.15589993,2.78582186,2.84592070,2.27628573,1.65220098,2.72422347,2.73732975,2.77574241,2.80853185,2.65676637,2.88397873,2.71948368,2.78890607,3.24173596,2.98061274,2.99641807,2.16009202,1.74652849,2.33621837,2.76075125,2.82352186,2.87514421,2.21131167,0.93503084,2.56463572,2.58736924,2.99461849,3.03252073,2.85187197,2.30574078,1.64616754,2.34636745,2.54853814,2.66786667,2.92672511,2.70585768,2.37772520,1.79354584,2.67344957,3.11839524,2.67350974,2.81391596,2.26333143,1.55802007,2.48354859,2.98304252,2.96682126,3.06997399,3.01085393,2.98129007,0.72855670,1.94132981,2.30822830,2.24478813,2.51899118,1.95720712,1.72057060,2.48598070,2.73237151,2.38667507,2.35441829,2.28369116,1.96116756
2.77440886,2.88044280,3.41549198,3.00620915,3.01589558,2.43959758,1.23761473,2.35456314,3.00652874,3.10640168,3.14059651,2.87212460,3.27837468,1.46289945,1.46676720,1.41385784,1.45147496,1.52787028,1.18659242,1.23563399,0.73945190,0.71951182,0.71005680,0.63670025,0.66171899,0.70473092,0.98803559,1.72277299,2.21066958,2.22163124,2.76512561,1.95373710,1.68286996,1.97791902,2.27502073,2.00146161,1.90557873,1.21103279,0.75046165,2.80974247,2.92583631,3.19545456,2.91951012,3.01144431,2.40884564,1.37305390,2.59148857,2.82753978,2.88890830,2.96665136,2.62965146,2.52033432,1.59838208,1.60863896,1.56920222,1.61232413,1.84878918,1.47772990,1.35413547,1.00127848,0.77044523,0.71111319,0.77951366,0.66712887,0.65665307,1.13563102,1.17465033,1.11216904,1.11965630,1.60855835,1.29499263,1.17732448,1.21238265,1.12224986,0.90055721,1.17947084,0.67413623,0.63450026,2.57303353,2.62270677,3.19161542,2.95181677,2.94016177,2.12206122,1.69162898,2.36590543,2.68956057,2.16854563,1.14694429,0.87511810,0.00000000,2.92694354,3.32706086,3.06752710,3.09085211,3.10472770,2.02823327,1.44738965,2.59021837,2.99673459,3.14447356,2.95422422,3.00128289,3.25832596,2.38553401,2.30777232,2.72769161,2.74221303,2.77731054,2.01172280,1.57711601,2.52213090,2.85944173,2.74249016,2.86561179,2.65171442,0.67421704,2.73511964,2.56481964,3.25742711,3.01712051,2.97607476,2.07257449,1.68305366,2.56969353,3.01435537,3.19940846,3.00444396,2.21680751,0.75015528,2.79870448,2.88265780,3.23455523,2.79030190,2.93187969,2.09360370,1.34295437,2.41813513,2.72193912,2.79914502,2.88076544,3.05307247,0.74074556,2.64383271,2.70842496,3.26591309,3.07710295,2.86098584,2.11331121,1.54924292,2.43775245,2.91396823,2.70631549,2.60851805,2.03362813,0.63440612,2.37611445,2.40063554,2.88616642,2.90090620,2.94549231,1.94524199,1.29636693,2.47545940,2.96810713,3.33970687,3.13052187,3.16082545,3.41651842,2.94063938,3.09193945,3.15878551,3.28285822,2.92448314,2.41651819,1.49223912,2.67732221,2.96696503,2.96204474,2.79260220,2.63410775,2.35479856,2.52648370,2.70544854,3.16371172,2.85785054,2.90225508,2.04129317,1.52239701,2.31821774,2.49504330,2.16153690,1.85540520,1.08314518,0.69128190,2.74489627,2.83003469,3.34640127,2.91728461,3.07607326,2.36382716,1.70856371,2.63777901,2.89396712,3.09976158,2.90487106,2.63945749,0.65208291,2.44045218,2.94591770,3.27528599,3.00056092,2.76372229,1.98812795,1.41966719,2.54367388,2.82478774,2.88119490,2.45161134,2.82235498,2.78908760,2.77777317,2.88937481,3.24645044,3.06440915,3.00072468,1.96448270,1.49766921,2.56307295,2.71889751,2.89180981,2.85695998,3.11020242,3.16760138,2.57176319,3.04731077,3.22494582,2.79772006,2.75840343,2.22825450,1.56384760,2.73485917,2.64316543,2.67416752,2.68829882,2.60091164,2.64685608,2.47053817,2.57336740,3.05918224,2.87630906,2.89290357,2.07174964,1.60657634,2.27746031,2.71111004,2.84181526,2.85103700,2.18278236,0.80044386,2.56274997,2.58210102,2.91018999,2.96686474,2.80507519,2.26598505,1.57993076,2.37629512,2.52016944,2.62479113,2.85668147,2.63643673,2.18078978,1.75231576,2.77363862,3.04931571,2.67003906,2.74130705,2.28536058,1.48215608,2.42662926,2.86723667,2.94236625,3.05748225,2.95904616,2.98547201,0.66051894,1.92743939,2.28143364,2.15144787,2.41921411,1.88187398,1.63640596,2.40094896,2.55324834,2.30919633,2.20357903,2.15328090,1.82045688
3.07672440,3.68598267,4.20423612,3.55556621,3.97765225,3.86762885,2.88492618,4.02658836,4.16198435,4.03224767,4.09741780,3.79593522,3.81031533,3.35837001,3.39994115,3.24737385,3.17709069,3.31532131,3.25662570,3.28899225,3.01150342,2.93438980,2.87554819,2.96853438,2.87356348,2.90704850,3.11537096,3.39922420,3.42508866,3.85882858,4.00686202,3.70108617,3.34190190,3.70987646,3.66116708,3.61133531,3.51661060,3.33627512,2.94712184,3.09088505,3.85568585,4.00560262,3.86360390,4.06691124,3.88379400,3.11139028,4.25354052,4.08732491,4.07267917,4.14119918,3.92002853,3.40837503,3.06224664,3.21648990,3.28111381,3.14895058,3.14312198,3.24945103,2.97046365,2.95917826,3.09034576,3.02892834,2.97405268,2.99820296,2.91419837,2.84703591,3.08131706,3.11834983,3.16147738,3.36209499,3.40118553,3.09247089,3.12378446,2.90673768,2.77157973,2.92893082,3.03129446,2.90630282,3.45402740,3.88067447,4.38502180,4.20208715,4.10532120,3.70743810,3.12894331,4.04303948,3.97068686,3.54048097,2.83721860,2.92161090,2.92694354,0.00000000,3.42315496,3.17821588,3.45114923,3.94662898,3.43717755,2.84080665,4.37443534,4.15431798,4.25854636,4.13996483,4.13592287,3.86533346,3.26507938,3.89885657,3.82009202,3.82743947,4.01520354,3.68464244,3.07040521,3.91634839,3.85958322,3.94871549,3.89580586,3.91329658,2.88828590,3.58522762,4.07440099,4.23207289,4.11047640,4.06990865,3.74144956,2.85881068,4.12334431,3.96696753,4.13652752,3.64997939,3.46326857,2.95047132,3.99735515,4.48696415,4.40333598,3.82274950,4.06415620,3.75206676,3.09014374,4.01834628,3.83104571,3.95847832,3.70984037,4.11087026,2.88136474,3.74997792,4.24073209,4.50214731,4.08324141,3.88883176,3.58415062,2.96014642,3.85376190,3.88163333,3.55814778,3.45190989,3.30648183,2.87821568,3.36631973,3.81673233,3.94138263,4.09011524,4.20435653,3.68814090,2.88513500,4.11345379,4.13995948,4.36268847,4.17672796,4.05947202,3.89948610,3.27775497,3.78949735,3.89712612,3.91211695,3.91447358,3.84098789,3.19436631,4.15468811,4.02741162,3.98683121,4.02679836,3.81318882,3.56596527,3.51006853,4.35856058,4.42896736,4.16079711,4.17901706,3.62525062,2.89421304,4.08223204,3.75494523,3.12937496,3.09798861,3.08853804,2.99381564,3.35299983,4.06494500,4.35745396,4.04967394,4.19751710,3.97970219,3.22390252,4.30810861,4.09090160,4.27997372,4.00075886,4.06270078,2.91882726,3.53784405,4.43616693,4.47952674,4.11560821,3.89336043,3.52175834,3.05737904,3.83158942,4.00661255,3.80698434,3.30420300,3.72374324,3.66569310,3.58582071,4.16036552,4.11357958,3.89251295,4.16005207,3.62473122,2.84923358,4.19983487,3.74615469,3.90658352,3.66607529,4.01685109,3.76390537,2.83674270,3.42989687,3.99856300,3.55215585,3.87217747,3.89404094,3.10924836,4.38345575,4.02342281,4.00210052,4.02880573,3.70874366,3.46544287,3.65194716,4.21842137,4.32049920,4.20842533,4.03981791,4.00127681,3.26652654,3.96474737,4.03776411,4.08734546,3.96262043,3.70364958,2.87696775,2.84693773,3.60500847,4.01757671,3.82088507,3.79106033,3.75827670,3.22709023,3.81381730,3.88923704,3.71407517,3.91982777,3.79351763,3.39977635,3.14165078,3.54372169,4.00407627,3.60260054,3.73405791,3.62330045,3.02114141,4.12649533,3.97048402,3.92551195,4.09621579,3.97001602,3.74009346,2.87603524,3.17750365,3.06713011,3.26686928,3.59760893,3.45738736,3.27495039,3.89244140,4.00196212,3.69806680,3.73986840,3.77060182,3.30844709
3.98252310,3.47301106,4.59545830,4.24623593,4.25534214,3.83763018,3.33698211,3.70655527,4.85316111,4.65814553,4.50458370,4.12657335,4.09178773,4.02679950,3.78287414,3.88232004,3.80875554,3.83387864,3.76015883,3.86978524,3.42986119,3.38306901,3.42170212,3.34974487,3.34864382,3.33989622,3.44707940,3.61766227,3.92096755,4.14189082,4.47069851,3.96327133,3.76865164,3.70355623,4.13133978,3.93857339,3.76044829,3.69941977,3.41883029,3.96649128,3.40548468,4.27620124,4.25987669,4.28465482,3.83146127,3.45730271,3.79942511,4.56484291,4.26575602,4.16853853,3.81630888,3.92704598,3.61577627,3.49045270,3.75660727,3.55185430,3.64407426,3.62256529,3.43980595,3.28945890,3.48146149,3.39459475,3.37451853,3.48723434,3.32400957,3.40179962,3.43109510,3.51441118,3.64373083,3.71133732,3.68960484,3.48131359,3.36606680,3.43652052,3.25250540,3.38727950,3.32932780,3.39081586,4.32790039,3.93945596,4.54802528,4.43133048,4.42639015,3.85989174,3.72507704,3.78837091,4.43552345,3.91050791,3.32286241,3.19627169,3.32706086,3.42315496,0.00000000,3.27638652,3.79588219,4.01039720,3.50356058,3.32635760,3.96603543,4.75650318,4.36397319,4.33985446,4.39488871,4.26010672,4.05698321,3.93829965,4.45916559,4.29696267,4.05846987,3.65094730,3.48072008,3.79661957,4.37727523,4.11799375,4.14105015,3.91193754,3.27038061,4.14508061,3.74759965,4.70801549,4.35922932,4.28132046,3.95610767,3.62896332,3.85873952,4.52446121,4.49612980,4.16288586,3.70326828,3.40819240,4.46161398,4.19170351,4.77498317,4.32239279,4.31281694,3.96022889,3.67924866,4.04694523,4.63256209,4.50995575,4.10548703,4.46713986,3.32934765,4.32910980,3.91383280,4.71036851,4.39328747,4.11838627,3.91754999,3.54775829,4.01850413,4.54204877,4.06697208,3.90128942,3.52060367,3.24562875,4.12794943,3.84390178,4.41689906,4.48921871,4.45830608,3.81078310,3.50841483,3.94749850,4.78390871,4.73687542,4.28737641,4.06691638,4.25155356,3.75763042,3.09084361,4.09294079,4.29676061,4.21054829,3.80733853,3.52518678,4.00426537,4.69240936,4.43821120,4.02479686,4.02460889,3.88571998,4.28165754,3.92724027,4.67761933,4.40695052,4.31717965,3.82996541,3.63015844,3.84392540,4.37814903,3.72028703,3.47151850,3.47385140,3.38259692,4.21103099,4.12326548,4.80522007,4.35577647,4.43344847,4.04237031,3.65899742,4.17694259,4.56111059,4.50773184,4.29577495,4.34730923,3.26347142,4.09805026,3.99511754,4.78371883,4.44142231,4.28471133,3.82489080,3.51881332,3.85797240,4.55564105,4.35074171,3.84089475,3.83702831,3.87327012,4.19810823,3.84018696,4.74975732,4.44158383,4.27343185,3.83116233,3.47263202,3.97245526,4.55008054,4.14440838,4.04776464,4.01573094,4.18145803,3.81602467,3.34947203,4.08247193,4.07472610,4.16019607,3.87885865,3.48901178,3.99569125,4.35711848,4.23936926,4.12433241,4.05982980,4.15205767,4.04784996,3.82736236,4.47395911,4.40802614,4.35470633,3.87390026,3.63479780,3.83366608,4.54980337,4.47799919,4.25441229,4.08788941,3.31614236,3.57556088,3.04879332,4.10882565,4.33648579,4.24616364,3.92740006,3.63423610,3.82169103,4.40169556,4.19466180,3.98880123,3.97423920,3.91096521,3.83880258,3.67977091,4.20344787,4.14433188,4.01980239,3.66502802,3.60247644,3.74375282,4.66752370,4.37401975,4.28961473,4.25123416,4.10721038,3.39439358,3.38977643,3.46134918,3.45094073,3.91608583,3.44737420,3.55070707,3.68116177,4.33337189,4.01905123,3.84766887,3.93203497,3.63927351
3.85101198,3.72468615,3.33903477,4.10421050,4.00286061,3.78031188,3.37218277,3.16135685,4.00407600,4.73844660,4.26229536,3.83657968,4.06457709,3.73938694,3.49596877,3.40234427,3.65167596,3.47103552,3.44799881,3.55684257,3.15053904,3.11340595,3.17563634,3.07428991,3.11360455,3.17522729,3.25183168,3.49794490,3.51581790,4.06455677,3.83819825,3.55386362,3.41587653,3.33693852,3.56343436,3.69194272,3.30890921,3.34670468,3.19030387,3.81878392,3.75405591,3.26636307,3.95573103,4.08181127,3.58604547,3.29278089,3.01924908,3.80874236,4.39735303,4.13824328,3.75197122,3.59569581,3.54582526,3.31504280,3.29842090,3.45669998,3.31710301,3.47555885,3.22768506,3.07359395,3.28033813,3.15655472,3.11320890,3.13401394,3.03221942,3.06171565,3.12772745,3.07941207,3.26773628,3.31689687,3.29264927,3.17775106,2.91592183,3.01479810,3.00503387,2.99764622,3.07938056,3.08554817,3.96201408,3.76368838,3.49669972,4.32540117,4.05564425,3.58232519,3.29307577,3.45736468,3.79177175,3.74124689,2.87822055,2.95295257,3.06752710,3.17821588,3.27638652,0.00000000,3.36626588,3.73185118,3.32285642,3.17690101,3.31479989,3.83613034,4.51053050,4.13998565,4.10396239,4.20608881,3.82649800,3.77982666,3.63460106,4.17545946,3.62261050,3.44842649,3.22246522,3.30502224,3.75404845,4.30863539,3.74756977,3.89221661,3.04938430,4.07541167,3.65682618,3.60800296,4.25378447,3.85558474,3.75143978,3.18374887,3.53427123,3.96136418,4.53788473,3.87473952,3.71178648,3.12587312,4.37392478,4.39491872,3.82357896,4.21293816,3.82727939,3.74960046,3.23385342,3.63497689,3.99444653,4.55491750,3.81998210,4.52063275,3.14134235,4.22046611,3.85535354,3.68470278,4.32768736,3.77216116,3.65573612,3.20251306,3.33136068,3.60174010,3.97086101,3.37810284,3.30573196,3.06634471,3.98141682,3.88733543,3.63394376,4.14816171,3.86067345,3.61505778,3.38729113,3.42362870,3.96967503,4.88821210,4.10568302,3.96457135,4.15476766,3.82374885,3.62843504,2.91770468,4.10977348,3.78463911,3.51519065,3.25859642,3.41829391,4.14476467,4.46458419,4.00174513,3.65865400,3.57846278,4.08803447,3.75389517,3.59565303,4.33777245,3.92306106,3.62284330,3.33301856,3.57627306,3.78849642,3.84094022,3.41133813,3.26845431,3.09571981,4.08166949,3.96308966,3.85863811,4.24348800,3.90985986,3.89784827,3.24603935,3.52274171,3.89223783,4.37568505,3.88013900,3.98959081,2.99815860,4.06613232,4.20646608,3.70793561,4.39558266,3.90008345,3.56177444,3.16642146,3.33252380,3.83181083,4.37977734,3.69630416,3.61462868,3.73021830,4.14214821,3.78277543,3.64665858,4.25569202,3.78510917,3.62684194,3.21859036,3.55445884,3.81689388,4.36596005,3.88518651,3.93957977,3.83227001,3.76989379,3.52622379,2.82155787,3.73196663,3.76807148,3.58274760,3.41144113,3.24535782,3.58610818,4.44866834,4.01492236,3.86666928,3.82303469,4.06046208,3.93506735,3.54403097,4.34287290,3.99013961,3.73274057,3.30836612,3.32299224,3.67192425,4.41032427,3.91561861,3.73731454,3.05819300,3.44393772,3.61261087,3.25915908,4.08669867,3.82433382,3.60147518,3.42389215,3.17561787,3.68307466,4.10808141,3.77308196,3.65700418,3.52590539,3.46655778,3.62089768,3.24697865,3.78260518,3.66569098,3.40445249,3.41038685,3.05177622,3.77562672,4.52211322,4.18530834,3.89965771,3.87645312,3.09122583,3.15384283,3.16837980,3.23880853,3.35133677,3.21650610,3.12271067,3.13250455,3.47993722,3.82736859,3.57043810,3.55497265,3.24274208
3.87422614,4.18998768,4.40675613,2.53192639,3.39570358,3.63913125,3.54011165,3.75734546,3.63094020,3.64409161,4.65257458,4.35667133,4.45580641,3.68834828,3.57650667,3.63978382,3.43838724,3.65220754,3.48828468,3.47382428,3.23187781,3.16635296,3.24009555,3.17816465,3.17564094,3.13553059,3.25656384,3.62524962,3.82524376,3.55271974,3.75362703,3.69185993,3.77250924,3.58154872,3.70614970,3.48514397,3.59416118,3.42598040,3.22973084,4.19871878,4.35665913,4.25733962,2.85725374,3.47685444,3.57846456,3.61631542,3.81210124,3.44453890,3.66458296,4.56897642,4.17835443,3.93805261,3.30597413,3.38525185,3.33206410,2.93545771,3.43320254,3.51395864,3.42894459,3.12975483,3.22693732,3.17682454,3.12386510,3.21984976,3.09761316,3.09983758,3.41830807,3.37183006,3.31629534,3.54303324,3.34176489,3.44945819,3.24415416,3.13615248,3.12259680,3.22433948,3.13954828,3.21103573,4.01724730,3.87162670,4.25721223,3.10509967,3.57164968,3.68170050,3.45256805,3.47581578,3.72064006,3.37091503,3.19219644,3.10278156,3.09085211,3.45114923,3.79588219,3.36626588,0.00000000,3.09203530,3.45618853,3.24237794,3.68825408,3.46216874,3.12329798,4.39181689,4.66514426,4.31885693,3.80837392,4.02505030,3.94338082,3.13687645,3.47419743,3.59948621,3.40016717,3.58178053,3.49896351,3.84757768,4.31702695,3.91916591,3.17049154,4.05479988,4.10722069,4.16110540,2.95023948,3.62970323,3.54286512,3.28254681,3.47928114,3.72427391,3.88919518,4.40623973,3.96983815,3.18169544,4.17155758,4.42551836,4.30601876,3.02884605,3.63144804,3.58414779,3.42307621,3.71442182,3.72494712,3.85735826,4.54905193,4.51491433,3.17359642,4.05464057,4.07009979,4.40501531,3.23476670,3.50945299,3.61289137,3.32472844,3.52015550,3.68830596,3.31120449,4.05671959,3.57803433,3.12233077,4.07448663,4.04971875,4.06810332,2.98453001,3.42071049,3.58687100,3.55562787,3.78397370,3.68334376,3.72687832,4.65771385,4.47541654,4.25489218,4.00061376,4.05437611,4.06353217,2.92903988,3.34349621,3.19565331,3.42788120,3.65894329,3.28742370,3.63683518,4.33287088,4.16381668,3.81895556,4.03029452,4.28477672,4.31988075,3.07843922,3.65080851,3.62507909,3.51344981,3.59676601,3.48567271,3.51486376,3.59475855,3.41317618,3.23429601,4.05373614,4.13915492,4.36712763,3.16484824,3.55815684,3.80497554,3.64406562,3.86310911,3.62797896,4.06659981,4.62197733,4.09665410,3.06203488,4.07915416,4.29193347,4.23403120,3.00933347,3.37060584,3.77383844,3.54095160,3.75385061,3.54394264,3.47600707,4.02642674,4.19785240,4.08299949,4.02376483,4.15648148,4.07538368,2.80867492,3.52689242,3.66040099,3.41059330,3.73935187,3.58490389,3.65392209,4.63252352,4.55653282,4.28562124,3.81420143,3.94785501,3.92745204,2.58218597,3.23614225,3.70996375,3.43179714,3.55745633,3.21488837,3.70230436,4.55555180,4.27367461,3.85034276,4.00157123,4.10820787,4.32788848,2.97194898,3.62932134,3.63441145,3.45480705,3.67411321,3.78445630,3.65774932,4.22704331,3.80287219,3.10096232,3.33086899,4.02059488,3.96798060,2.78169552,3.24857345,3.70009125,3.63427089,3.66203242,3.36143792,3.79317676,4.53240657,4.37564778,3.92301612,3.49352142,4.03287053,4.11692355,2.91069893,3.28558111,3.38217502,3.57002029,3.67936132,3.54471217,3.54159608,4.49905685,4.44220000,4.08810605,3.11585922,3.35591395,3.71777773,3.27396140,3.44037823,3.40762130,3.53098138,3.70747012,3.58570613,3.41707508,3.97844200,3.96826356,3.46956200
4.01491387,4.16774682,4.27613016,3.33136575,1.88267044,3.29217635,3.54252507,3.63838404,3.41629720,3.73832724,3.74408471,4.66072971,4.51259794,3.58878772,3.45617678,3.43878994,3.51485318,3.27738034,3.42234118,3.41003961,3.06532175,3.10519337,3.26242202,3.16745917,3.19091993,3.13306286,3.23041486,3.39814975,3.71970011,3.59477034,3.14504517,3.39061932,3.44166678,3.47182447,3.37944102,3.44354835,3.27962063,3.38730356,3.21992587,4.11237496,4.23001150,3.82899242,3.42586817,2.05186771,3.36365079,3.56087118,3.63996691,3.33581847,3.66562725,3.83366577,4.56319091,4.22339486,3.32264355,3.30987582,3.24809043,3.19001669,3.06229763,3.27741139,3.18343240,3.19207005,3.27852369,3.15388496,3.09274031,3.19487546,3.06149174,3.13255078,3.38781267,3.23052317,3.31575890,3.20602959,3.28235004,3.37245270,3.05406305,3.06688251,3.12735021,3.07527927,3.18392046,3.14144135,3.88291572,4.32939846,3.97883057,3.80181233,2.57929554,3.56501978,3.53013571,3.54320338,3.44483407,3.69590913,3.06114428,3.10507500,3.10472770,3.94662898,4.01039720,3.73185118,3.09203530,0.00000000,2.90509444,3.52235665,3.65268955,3.22875796,3.49906101,3.27560932,4.64657200,4.44675080,3.83766517,3.89524860,3.66237214,3.80161016,2.83801158,3.36490057,3.28727839,3.54393976,3.34729858,3.77527061,3.94697128,4.17555855,3.22217156,4.13678021,3.98265530,4.07736026,3.85355399,2.52248459,3.46626882,3.25273421,3.36833840,3.31515196,3.92853806,3.91568677,3.97850295,3.14843785,4.14348813,4.49555329,4.11559040,3.76256162,2.76160023,3.32325988,3.31227178,3.49618091,3.20212268,3.87055803,3.87803100,4.78016857,3.21276849,3.98014383,4.07968738,4.12524190,3.90937326,2.39423044,3.55120836,3.34170000,3.56276722,3.32550183,3.75235807,3.72400537,3.73245931,3.11215160,4.10800582,4.13032972,3.64304946,3.72725949,2.39083186,3.36163717,3.47890115,3.69083372,3.36688651,3.85992302,3.72781580,4.76342719,4.40677309,3.74567916,4.02757112,3.98993823,3.73070309,2.18359981,3.18260427,3.56896822,3.68387419,3.46728369,3.74766566,3.96604890,4.69484985,4.10786732,3.96847721,4.25328549,4.13653660,3.71949220,2.52558059,3.40394194,3.40925889,3.36869512,3.18898393,3.97256607,3.47707453,3.24258037,3.17568905,4.13686412,4.40802874,3.89538110,3.88806973,2.63812859,3.46209706,3.39080001,3.60269964,3.26216443,4.00760715,3.71038226,4.19662043,3.16148983,4.07575355,4.30417561,4.08464294,3.69799766,2.53062311,3.53266107,3.50771787,3.70609290,3.24343779,3.57968755,3.56438372,4.55868039,4.18502399,4.08010197,4.14196195,3.90855502,3.77799774,2.36372113,3.54549973,3.44945454,3.56339358,3.31164126,3.68456196,3.68173124,4.79805766,4.37877207,3.93053926,4.19306025,4.23946901,3.66390978,1.92771915,3.29289804,3.49593791,3.57256780,3.24047303,3.76969191,3.78438688,4.50594242,4.04214920,3.87828283,4.07448786,4.12403264,3.84545933,2.46417404,3.33567039,3.34363412,3.67509849,3.32963924,3.81748729,3.66372626,3.99307729,3.14045026,3.71680126,3.88574971,4.00428269,3.62349921,2.34678789,3.37109108,3.70338026,3.62918517,3.37456466,3.95019478,3.92438015,4.54740899,3.92299709,3.34502973,3.96489548,3.95256203,3.57734312,2.23548456,3.27099913,3.63484634,3.55097787,3.52528750,3.75243569,3.66307029,4.77341976,4.20267432,3.07851731,3.44076120,3.64094034,3.58698288,3.03118755,3.47594353,3.52776418,3.89177863,3.73014761,3.68178895,3.54033754,4.16500389,3.71807663
3.46459399,3.26711138,3.77985501,3.52921956,3.17508056,1.87182343,2.35507983,2.87106709,3.34399180,3.66263648,3.26518510,3.28723706,4.29890027,2.46998790,2.30661772,2.40163893,2.43117573,2.25083194,2.18493742,2.31547918,1.97434734,1.99760105,2.09000818,2.02175015,2.12532039,2.01931317,2.18026901,2.64184156,2.99431818,3.07811374,3.13247614,2.23088818,2.61079276,2.47371027,2.75142477,2.57804866,2.51157238,2.34045835,2.07997533,3.38778343,3.34279697,3.46242092,3.26700176,3.05969265,1.96421541,2.34990959,2.82481564,3.24164180,3.48418253,3.19173603,3.33081182,3.52934802,2.52718310,2.48780563,2.51252420,2.51591146,2.38836674,2.11361754,2.17977745,2.10610524,2.19215119,2.08984675,1.97832908,2.05770005,2.00665977,2.08420233,2.19631786,2.14806443,2.28365731,2.28214967,2.05511712,2.12192474,1.97972826,2.05464507,2.03149870,2.10898217,2.02067042,1.97298941,3.24486547,3.30107143,3.67529768,3.57813324,3.21422218,2.25560416,2.77098115,2.83543161,3.13361605,3.07686648,2.25225315,2.02187150,2.02823327,3.43717755,3.50356058,3.32285642,3.45618853,2.90509444,0.00000000,2.47771356,2.96006120,3.18375460,3.63484605,2.85897452,3.13738054,4.09855836,3.29420205,2.93508326,3.38938338,3.43105138,3.13593211,2.11359389,2.64484431,2.78848275,3.10333174,3.21286170,3.31637994,3.35927498,2.02681910,3.43997963,3.08619526,3.83287725,3.65719157,3.17692862,2.28374306,2.66358484,2.76195672,3.14085925,3.30997114,3.38392910,2.81377309,1.96561683,3.44390292,3.48465527,3.69677481,3.40987161,3.17876016,2.13295075,2.47578621,2.83051478,3.03999820,3.11170075,3.08636782,3.62814930,2.07464544,3.42653503,3.13407767,3.54279094,3.60943397,3.02016618,2.31163210,2.62968804,2.87577976,3.10401783,3.15722273,3.10559578,2.68487050,1.97697686,3.26484600,3.02183010,3.41808612,3.51740738,3.13603639,1.99847658,2.45716564,2.88054785,3.25121274,3.79604533,3.37668842,3.54482765,4.21315468,3.31887399,3.34610144,3.49840847,3.63241814,3.10545519,2.08700302,2.47618059,3.14140279,3.20794843,3.41203055,3.11832677,3.55689269,3.47157411,3.53546206,3.42538190,3.88442341,3.62826683,3.32601636,2.15691707,2.68841152,2.80425210,2.95610116,3.10537221,2.77100001,2.10080766,1.98744837,3.51021698,3.44615582,3.74816896,3.54756221,3.26381226,2.35407031,2.57281095,2.85853650,3.23885002,3.16392465,3.10258110,3.15222059,2.07824538,3.28856516,3.44813650,3.78256662,3.57106234,3.07439617,2.03328569,2.61045833,2.91998136,3.14293383,3.26180232,3.03895355,3.49828753,3.68261002,3.39783448,3.25805357,3.72352771,3.64070119,3.08224039,1.99611480,2.65961589,2.86542160,3.08496046,3.43793101,3.16515624,3.70779431,4.08920291,3.16840104,3.47431092,3.62183990,3.29741535,2.92857362,1.93232588,2.46248046,3.19003456,3.12603095,3.21381139,3.00477134,3.30889407,3.59935007,3.36062259,3.20300841,3.66859348,3.61782872,3.11572863,1.95368566,2.68092173,2.92675635,3.18321156,3.27564949,3.28935630,2.90413849,2.01341370,3.28572002,3.18987512,3.44866818,3.54548020,2.98470051,1.98165862,2.55277162,2.77047698,2.85414826,3.05080128,2.94040311,3.16763772,2.90303060,2.74999054,3.08581786,3.38211194,3.23968073,3.00294449,1.99989175,2.46425419,2.85382236,3.25963485,3.61288970,3.22319315,3.51744718,4.00210719,2.03435993,2.39270962,2.97942173,2.81706594,2.88646810,2.06229317,2.42228650,2.96966327,3.03952235,2.95043072,2.49778975,2.83064245,2.58411921
2.65811163,3.09138207,3.66376750,3.30626462,3.62953152,2.90570737,1.40402365,2.85882972,3.35661314,3.45747057,3.55060581,2.93748272,3.15523512,1.93187764,2.03683037,2.03211737,1.78712266,1.96248917,1.83645142,1.93630055,1.54441652,1.43512057,1.50443545,1.41719918,1.36106236,1.37167800,1.60179286,2.16047721,2.68612703,2.71881131,3.38679539,2.69466181,2.43051697,2.65845437,2.66056096,2.49483043,2.31476041,1.80958070,1.53442505,2.73735461,3.02122504,3.39857150,3.07332957,3.46759276,2.84641527,1.60573065,2.95706692,3.13129251,3.17567314,3.26151119,2.84030650,2.43558678,1.86081056,2.00952434,2.04364939,1.84884667,2.19463986,2.02870290,1.85340237,1.65027295,1.62622432,1.45720053,1.41558468,1.47647508,1.57155758,1.81345168,1.61871982,1.86102496,1.79078720,2.05589507,2.04403976,1.75520371,1.86097992,1.67810917,1.47674467,1.72078051,1.49768943,1.43122812,2.63870096,2.80507143,3.53546114,3.25947829,3.35865390,2.73010822,1.95459588,2.71982830,3.07819679,2.39327785,1.64850389,1.59244699,1.44738965,2.84080665,3.32635760,3.17690101,3.24237794,3.52235665,2.47771356,0.00000000,2.86219357,3.19597672,3.17867337,3.02363888,2.96927322,2.87367459,2.57525615,2.86732474,3.18668195,3.06395133,3.29304835,2.74603586,2.11724705,3.01476231,3.20017789,3.08197225,3.06102796,2.91410900,1.35197361,2.63623586,2.96806326,3.53426351,3.32864931,3.54539663,2.74646320,1.95703844,3.10772590,3.29400488,3.50631837,3.26955385,2.57261010,1.47000100,2.75392923,3.05276247,3.49958999,2.96136683,3.41509293,2.74218004,1.83132849,3.06863353,3.11191607,3.10279434,3.11836502,3.21452957,1.38993119,2.62601748,2.98450262,3.41024874,3.23174258,3.37639524,2.77168445,1.85630642,3.08311742,3.31222189,2.93431855,2.77464804,2.50985344,1.39236744,2.26179531,2.71557792,3.22994882,3.03884270,3.43629083,2.63137606,1.57548948,3.01570018,3.36814387,3.65386004,3.47561281,3.20953915,3.29582418,2.90597851,3.22088693,3.31381164,3.47653519,3.32947389,2.68627989,1.88112449,3.20518161,3.09443848,3.06785160,3.29389936,2.63895168,2.69171553,2.52946263,3.01892652,3.46665963,3.18352549,3.41765149,2.85669846,2.06357792,2.96450190,2.97770591,2.35228482,2.20407193,1.70375674,1.46905936,2.57022693,3.14406471,3.65430856,3.07810081,3.53722811,3.05619885,2.09700980,3.19283396,3.13534791,3.30913468,3.21923196,2.83246330,1.36625919,2.48940671,3.28961487,3.61571130,3.16413356,3.30443774,2.70424740,1.84826520,3.14125785,3.35927748,3.26507741,2.76989049,3.18641495,2.98172809,2.57024986,3.16673491,3.43218778,3.21536957,3.51219492,2.46979815,1.64274680,3.07123331,3.00465910,3.27779107,3.20315790,3.36369231,3.19095855,2.68363883,3.34860229,3.51818123,3.00900128,3.26248007,2.88873490,1.80922899,3.23959999,3.10074523,2.89155757,3.00069709,2.72629339,2.65736485,2.58812079,3.06359787,3.51085288,3.11412283,3.44541267,2.75610388,1.93085928,2.88823902,3.20713248,3.19275611,3.04768430,2.47520572,1.46504883,2.54536702,2.97980924,3.38324768,3.20213956,3.18036707,2.71307471,1.84483352,2.85125467,2.87100438,2.77963670,3.06028605,2.67550801,2.28536028,2.11349599,3.03138390,3.38188780,2.98319402,3.18022987,2.69020484,1.60347420,2.81471355,3.16475431,3.16784881,3.35416162,2.85082121,2.70768734,1.42485552,2.15143816,2.32196624,2.53542926,2.65911373,2.33821634,1.93965591,2.78324015,2.99395171,2.57161757,2.54309935,2.48924546,2.11165897
4.34950329,3.91929794,3.68305843,3.83050770,3.73932685,3.13174364,3.00304872,2.00526147,3.43415454,4.05713971,4.07217464,3.69386896,4.15255747,3.09473090,2.74376906,2.95799257,3.14609321,3.00585708,2.90588366,2.95979615,2.66375285,2.60689236,2.70572599,2.64115271,2.70303413,2.64191479,2.71306432,3.07197065,3.47088116,3.32365362,3.75353101,3.19248859,3.09643139,2.78521617,3.28326804,3.13625523,3.07098392,2.72201494,2.68670617,4.23261310,3.60497637,3.61403560,3.63179143,3.64860420,2.97176889,2.81399855,2.29072891,3.44624226,3.85819013,3.83356185,3.45565177,3.57924924,3.11876784,2.94034953,2.81167049,2.92903455,3.11822948,2.84039971,2.79915311,2.66566370,2.69647650,2.59133074,2.54585254,2.64996447,2.65973582,2.87832548,2.82113601,2.74234279,2.85398526,3.00242193,2.80801389,2.91754190,2.69782145,2.83855370,2.73885713,2.79154496,2.56670459,2.64457634,4.05565727,3.21426623,3.40542356,3.82339153,3.71807854,3.10124325,3.13149169,2.66599154,3.32872159,3.32508581,2.78485285,2.67016663,2.59021837,4.37443534,3.96603543,3.31479989,3.68825408,3.65268955,2.96006120,2.86219357,0.00000000,3.05990109,3.77861348,3.63272172,3.53744209,3.90830520,3.97735584,3.06383672,3.46674751,3.86192342,3.59206932,3.17138201,3.08196014,2.90691480,3.67785929,3.68428112,3.78893842,3.59190677,2.65868415,4.21976375,3.20504317,3.55917834,3.85706694,3.83755524,3.14184969,3.11954233,2.68747835,3.67564976,3.97147690,4.09901682,3.49595158,2.60764540,4.13022000,3.44839187,3.56285181,3.78967033,3.60059227,3.13841581,2.89423831,2.37587651,3.45725665,3.84990753,3.77208610,3.90782550,2.70461150,4.04203263,3.04949276,3.38572486,3.87188563,3.71902857,3.26853912,3.03505946,2.80950596,3.43029788,3.66059554,3.68252096,3.25172851,2.65282903,3.90141657,3.28293280,3.47295294,3.59288179,3.65739665,2.89473533,2.90851331,2.05458574,3.37519530,4.16842338,3.80135420,3.55007332,4.07530031,4.22668743,3.69737142,3.38895530,3.96419435,3.58440699,3.09804635,2.81724471,2.55519844,3.54495716,3.96513722,3.67898899,3.45794614,3.34812411,3.94374842,3.05570446,3.41386225,3.77525457,3.69531718,3.12556587,3.19410526,2.70291949,3.45917522,3.50415075,3.20527782,2.77838275,2.62513394,4.10828690,3.46388823,3.73656475,3.80419378,3.91390321,3.32786021,3.23352120,2.46808559,3.32500592,3.77301511,3.69623529,3.38497900,2.59708674,4.02459704,3.44032851,3.47351414,3.73933069,3.61806068,3.16768975,2.91441915,2.60205183,3.43225284,3.86306083,3.70751267,3.49767659,3.70058511,4.01607505,3.10605027,3.51991265,4.00713204,3.68164832,2.99669461,2.95358910,2.19712686,3.37260296,3.80393532,3.64813446,3.52706142,3.86541290,4.06757135,3.86168305,3.43190622,3.68430263,3.56496176,3.05739627,2.94609458,2.15696206,3.17475126,3.52238209,3.29562991,3.44043614,3.60493031,4.08332202,3.25914179,3.47791487,3.74881309,3.80518464,3.04701679,3.10090351,2.90422022,3.44233916,3.71692454,3.70784982,3.24869940,2.61506040,3.91628258,3.46391940,3.21077631,3.87951781,3.66280169,3.10741597,2.99316924,2.43220881,3.20373925,3.67346465,3.56298600,3.25251937,3.23072231,3.23771068,3.64910517,3.40527152,3.67691637,3.52151460,3.08660575,3.05616032,1.98054876,3.45273511,4.00416862,3.75510923,3.62274624,3.84381172,2.65576387,3.09153299,3.49742710,3.23516382,3.37726731,2.99703319,2.97395429,2.69821819,3.16726007,3.42393284,3.21668802,3.11543746,3.16297323
4.12745432,4.61963599,3.90135325,3.60232336,3.35220217,3.39293542,3.36431915,3.31625235,2.15718669,3.47791668,3.98305467,4.26282107,4.46135384,3.40352239,3.32050586,3.29899675,3.39383593,3.20626344,3.29074389,3.26231721,2.97366929,3.01239980,3.09246895,3.04186697,3.04529775,3.03927888,3.13762855,3.49472577,3.64373960,3.55359664,3.42690685,3.35031387,3.52633712,3.31514983,3.13541352,3.36571416,3.37552908,3.16875147,3.09077034,4.12871815,4.68509489,3.65013036,3.62537183,3.40698631,3.29926639,3.24354881,3.41348860,2.29341904,3.65868518,3.72745618,4.14268605,3.85423515,3.27325693,3.47031608,3.13780744,3.14885323,3.19980121,3.12203856,3.21175999,3.13004169,3.12351541,3.02116972,2.94471435,3.01727497,3.00500693,3.08922513,3.21105160,3.08709877,3.05412921,3.07946524,3.02495885,3.22582017,2.94706975,2.84381145,3.09119846,3.06678237,3.02621716,3.06714145,3.99587344,4.40342714,3.75978138,3.77987761,3.31824856,3.50971259,3.54801778,3.35358061,2.82201578,3.35432745,3.04462751,3.07223899,2.99673459,4.15431798,4.75650318,3.83613034,3.46216874,3.22875796,3.18375460,3.19597672,3.05990109,0.00000000,3.32332489,3.15662078,3.96835609,4.04023437,3.97402018,4.01931961,3.44663023,3.89712830,3.50270260,3.43005293,3.32581167,3.32644334,2.86938998,3.79691336,3.96871803,4.00043511,3.05368267,4.02678738,4.28541577,3.48806174,3.92702463,3.48772683,3.26127335,3.18488872,3.38969738,2.92929066,3.94581064,3.98684728,3.96863547,2.98537075,4.08116883,4.38206857,3.83417292,3.63544116,3.48262624,3.31799881,3.22714211,3.25952793,2.74244256,3.46872353,4.27172967,4.49423877,3.02972723,4.01225948,4.32116083,3.69533915,3.95879212,3.38489979,3.35289102,3.29583423,3.26482782,2.83749563,3.63531733,3.85191987,3.72840503,3.09335493,3.94962857,4.26245509,3.55973123,3.53709001,3.41106832,3.35501645,3.29998769,3.44227709,2.57790477,3.83899951,4.14213197,4.51715223,4.50504072,4.12190896,4.49604591,3.76866583,3.84105053,3.41445967,3.30113159,3.31261243,3.30108639,2.44981602,3.70513502,3.80179001,4.03677485,3.89315126,4.00860717,4.46431078,3.69408076,3.92418932,3.50549604,3.46764827,3.48580095,3.34863635,2.65476447,3.64836251,3.50369881,3.19654899,3.01688066,4.04693410,4.34801228,3.72181970,3.73087932,3.50606729,3.37183365,3.37768101,3.44743205,2.66985327,3.85304075,3.92032499,3.73110149,3.00901826,3.98389554,4.50644105,3.52499901,3.51474103,3.04806486,3.43062818,3.38854749,3.41477128,2.71179824,3.63028248,3.81869501,4.26935291,4.12260419,4.11262830,4.41278155,3.54948722,3.72044519,3.46921813,3.36791469,3.36579783,3.38154786,2.33061032,3.55989079,3.91186067,4.58230313,4.24738141,3.93277750,4.51655092,3.96524540,3.63153849,3.18293714,3.30886489,3.25477841,3.36646781,2.56769616,3.82708035,3.60925942,3.96456686,3.73847925,4.12020261,4.38335358,3.77984418,3.77790006,3.43747235,3.34795116,3.28543268,3.65805354,2.90275175,3.79870066,4.05616460,3.74778690,2.98182649,3.85363042,4.26298423,3.74086575,3.65507489,3.33993890,3.43036487,3.42772948,3.33922671,2.43316842,3.66736541,3.71449703,3.84039632,3.43395693,3.39647653,4.39454360,3.84124080,3.60509835,3.39763264,3.36155225,3.40341432,3.24344940,2.43615395,3.57925871,3.86175786,4.38301504,4.35927749,2.90907291,3.46646876,3.59222647,3.62986525,3.26468681,3.36566001,3.31762665,3.50901479,2.83871971,3.63970742,3.50668990,3.66808345,3.62804399
3.97598457,4.25469577,4.82985087,3.37402214,3.66238788,3.76677196,3.44063488,3.78785605,3.54892290,2.69955680,4.18867183,4.25637634,4.25897412,3.57684033,3.55374191,3.71753053,3.37397267,3.58480388,3.48946516,3.40311323,3.22142269,3.23672198,3.27829348,3.23895857,3.19722544,3.10658013,3.28055036,3.73426167,3.96133699,3.57746759,4.03295899,3.69339176,3.66718514,3.51402689,3.50978164,3.27133078,3.34231160,3.34217122,3.25986575,4.19612507,4.30123693,4.72647070,3.44000418,3.60258746,3.73968861,3.57023539,3.90003434,3.49011848,2.97029413,4.16048050,4.18131642,4.14999489,3.33037216,3.45493046,3.49024603,3.02964008,3.46770917,3.49945335,3.42308369,3.27714267,3.23883459,3.23183548,3.11749284,3.19790496,3.15547950,3.26063725,3.31904379,3.37606468,3.26463389,3.43935129,3.34757766,3.36830111,3.25662651,3.28163218,3.21383573,3.19786258,3.14363552,3.23166833,4.05167412,4.04147083,4.60340930,3.41025613,3.66252859,3.81830201,3.58583881,3.66174130,3.60386026,3.31167596,3.28302141,3.21634448,3.14447356,4.25854636,4.36397319,4.51053050,3.12329798,3.49906101,3.63484605,3.17867337,3.77861348,3.32332489,0.00000000,3.33845893,4.12795537,3.81760974,4.09208463,4.38954839,4.50047393,3.74087761,3.76122392,3.79035368,3.54637108,3.78005801,3.57639858,3.36378568,4.10912180,4.00402931,3.25931230,4.11552533,4.28435344,4.67705798,3.32833905,3.67806840,3.62056608,3.50700195,3.74450198,3.82344592,3.46485706,4.42376371,4.13797972,3.20631316,3.94519830,4.43905757,4.75902094,3.35128859,3.82988737,3.79766415,3.55449685,3.73191817,3.40393338,3.16940001,4.26765972,4.32131075,3.21444710,3.96785658,4.20637264,4.74331787,3.48301191,3.52278887,3.68395490,3.33328643,3.76129207,3.79322244,3.10185351,3.97064299,3.75348663,3.18227642,3.91442403,4.12311180,4.40513432,3.35822360,3.71940823,3.74794508,3.62299054,3.91940592,3.68616817,2.87209852,4.28615836,4.41090236,4.19398451,4.15362952,4.40176861,4.68989046,3.68762540,3.58313265,3.54025318,3.45494095,3.84551176,3.27284419,2.92947068,3.93569543,3.93818660,4.02831358,4.06404920,4.36162696,4.64389008,3.22953415,3.59036188,3.64380071,3.64317786,3.67191742,3.35134947,3.43559268,3.61483686,3.30390844,3.19397820,4.00689226,4.40710033,4.70793722,3.42671773,3.97342272,3.85610962,3.67263973,3.94117063,3.50799160,3.70707806,4.42871470,3.97834283,3.11397430,3.94895650,4.42948419,4.58923726,3.33173673,3.43101089,3.79516641,3.56949063,3.90175936,3.44806378,2.84325087,3.83533181,4.37813821,4.18851131,3.85829866,4.39249492,4.44915530,3.28571815,3.74166458,3.86322139,3.49196728,3.84477857,3.41427438,2.63121106,4.15598407,4.48507854,4.29535150,4.03367633,4.40900438,4.73815985,3.50457782,3.51829596,3.84303760,3.44214252,3.78563198,3.50524340,2.97822777,4.08026592,4.08509987,3.83683619,4.20464366,4.37413895,4.75784109,3.47443904,3.93111111,3.82522570,3.64678701,3.81076607,3.83599370,3.52827466,4.06284357,3.89510155,3.14482978,3.91917650,4.35410497,4.66917461,3.78881690,3.68338599,3.93034546,3.65040138,3.85734184,3.44353283,3.26586466,4.14922168,4.14346320,3.74979820,3.54724584,4.41235699,4.60727379,3.53223840,3.57588318,3.56784822,3.48457122,3.61456831,3.48867652,2.70031759,4.09264587,4.31378281,4.16365715,3.11526159,3.62876514,3.94818524,3.74491958,3.71286457,3.63696293,3.62968797,3.87904864,3.72614598,3.11261399,3.78990804,3.80410076,3.71134476
3.68272665,4.02680736,4.29059906,4.41639538,3.45292546,3.25962096,3.07266118,3.85866864,3.71362159,3.81074591,2.97120556,4.12148085,4.14581528,3.28663379,3.22048030,3.30342947,3.33568091,2.95429189,3.18115454,3.22055427,2.96451717,3.04644390,3.06147443,3.02357329,3.00341613,2.98166535,2.98730220,3.47218378,3.76609215,3.75758205,3.79833251,3.20287459,3.33904426,3.45207252,3.16284691,3.29880888,3.18557578,3.12954593,3.13063310,3.82860598,4.17761653,4.10229083,4.27176688,3.39981215,3.32964552,3.22184180,3.65542497,3.65110229,3.61262170,3.14021486,4.17707379,4.00209613,3.33683936,3.42484620,3.20386389,3.35794162,3.15926153,3.19851271,3.16384244,3.21076899,3.08759670,3.03918794,2.92641648,3.02869339,3.01198300,3.16522775,3.17321756,3.19433159,3.25669187,3.01156361,3.19494134,3.16643196,2.96135086,3.09946638,3.12593032,3.07127941,3.03050442,2.98337068,3.54040301,4.23120322,4.08348550,4.31049757,3.47253630,3.27959891,3.33784439,3.75424761,3.23267802,3.63293469,3.05308019,3.02449999,2.95422422,4.13996483,4.33985446,4.13998565,4.39181689,3.27560932,2.85897452,3.02363888,3.63272172,3.15662078,3.33845893,0.00000000,3.44787306,3.64345510,3.73388919,3.96510176,3.85879493,4.09274353,3.46190021,3.26491856,3.29475796,3.63291464,3.53285456,3.75261737,3.61231515,4.06413889,3.02906155,3.71949515,4.09695067,4.14040589,4.43275177,3.43216384,3.29235411,3.19137112,3.80679315,3.67443859,3.79889380,3.82221828,3.80783975,3.02411843,3.60514304,4.21576287,4.07173429,4.19758700,3.62768064,3.28840420,3.16943491,3.67107905,3.26665470,3.36170085,3.37634549,4.11061626,2.98796982,3.74413948,4.16313948,4.06725075,4.35780225,3.41832113,3.40420893,3.23748152,3.88994325,3.66679032,4.00496504,3.60840654,3.63806447,3.00337940,3.49248056,3.94399975,3.81624830,4.27069141,3.60405263,3.32482518,3.19714716,3.82505984,3.54785497,3.94525027,3.22959400,4.35229526,4.30448170,3.82107503,4.28805090,4.19398116,4.44711390,3.54245350,3.36410688,3.22381804,3.86091972,3.70099645,3.63709685,3.46576318,4.06432642,4.14694596,3.65908875,4.10305787,4.18432802,4.28792482,3.55158026,3.36051817,3.34044163,3.79088661,3.24624130,3.79052437,3.57853407,3.01344572,3.03714681,3.73661859,4.35212593,3.97632268,4.29411229,3.65704289,3.36726987,3.12899544,3.72515843,3.18228775,3.78683220,3.25238909,3.64671241,3.01020962,3.54805980,4.25473441,4.17277355,4.26881089,3.18752496,3.10195792,3.13173675,3.91955522,3.57610124,3.80092646,3.45014946,4.54268929,4.41856691,3.65770007,4.19100580,4.11100219,4.37345640,3.49321013,3.29402263,3.33400673,3.83783625,3.44220983,3.63741266,3.25274399,4.46459095,4.20135255,3.73116601,4.30569960,4.31662315,4.25041190,3.32306546,3.30496132,3.35131033,3.98003162,3.61744407,3.81604654,3.10060580,3.81954110,3.86739820,3.78420367,4.19955583,4.11978762,4.28876466,3.53988295,3.25980693,3.28147658,3.81273958,3.32504447,3.80044243,3.63994527,3.67812926,3.07450643,3.84114315,3.90112026,4.25189158,4.36804390,3.65597920,3.48213833,3.36277739,3.74679243,3.38016006,3.48471928,3.17850970,3.78113215,3.39132202,3.37522319,4.11922602,4.15014423,4.26097577,3.43181547,3.17924062,3.17035088,3.69421588,3.72990850,3.76600261,2.96610145,4.12744511,4.07803725,2.93532645,3.37381806,3.45994862,3.80950487,3.42657246,3.36521149,3.29912893,3.97122756,3.75513273,3.59825704,3.16566810,3.76552115,3.64946065
4.09651823,3.87598472,4.16154222,4.48677677,4.75716356,3.68074448,2.89275034,3.48538746,4.33506363,4.52506529,4.17875136,3.02216074,3.82397147,3.19434738,3.17178690,3.32508224,3.18994139,3.20053556,3.12778853,3.26132056,2.95372772,3.05065288,2.98458064,3.01054270,2.99508441,2.95784381,3.08012740,3.52821716,3.62443763,3.76912872,4.38037604,3.40026893,3.44738591,3.54320656,3.79646775,3.56013368,3.41794564,3.23258846,3.05757159,3.88431646,3.68793434,4.02631267,4.15785133,4.57204982,3.62570358,2.90405635,3.75268950,4.38755243,4.32904413,4.21841524,3.53553515,3.96959259,3.20117320,3.25619663,3.14807289,3.30631743,3.54178190,3.10919183,3.13747346,3.24998922,3.09178887,3.00422804,2.91502466,3.00302405,3.07183522,3.18338715,2.97926911,3.11983199,3.19415628,3.34162120,3.22983470,3.21594040,3.13989622,3.31513873,3.15299966,3.20227981,2.96638461,2.94441348,3.76042194,3.59248872,4.07408316,4.43144688,4.49965602,3.26005085,3.41134769,3.48123321,3.80447775,3.72938393,3.17465881,3.07689078,3.00128289,4.13592287,4.39488871,4.10396239,4.66514426,4.64657200,3.13738054,2.96927322,3.53744209,3.96835609,4.12795537,3.44787306,0.00000000,3.12998584,3.86913731,3.70298746,4.01459383,4.20148423,4.40468316,3.31501581,3.36706129,3.82989860,4.20263451,4.02859220,4.19197392,4.08658403,2.99730764,3.75453817,3.51198051,4.21399007,4.46142340,4.60157903,3.44400068,3.47673745,3.93932878,4.26915896,4.28409574,4.19903200,3.62510147,3.03417390,3.93297251,3.73326149,4.33298008,4.26060186,4.56953113,3.51192594,3.29147335,3.63782497,4.08623691,3.79558974,3.82386977,3.79210532,3.02457027,3.90300242,3.60139741,3.88428193,4.32799012,4.45464711,3.41603194,3.50568140,3.99066550,4.40358386,4.05582869,3.91384972,3.56331951,2.97532904,3.43791211,3.44770814,3.96516588,4.18222889,4.59910611,3.23360638,3.14549687,3.59448499,4.25091925,4.66011738,4.22298243,3.45584635,4.51418469,3.99915869,3.96858228,3.80050165,4.25790059,4.58749061,3.70916366,3.00926033,3.75268923,4.21359164,4.21734684,3.86025060,3.41845734,3.83277508,3.89332793,3.48148494,4.05444327,4.37347201,4.61367460,3.30994920,3.32145063,3.71716217,3.93860106,3.57924459,3.56851789,3.12576075,3.01417140,3.91388462,3.85563601,4.18647351,4.27654344,4.60296247,3.51267304,3.36851485,3.69101540,4.11181628,3.88399461,3.85672694,3.48397782,3.05040417,3.58926234,3.70641059,4.18596101,4.42313889,4.39978450,3.13566758,3.24816054,3.80979414,4.19717252,4.07089142,3.74362102,3.63006212,4.25590168,3.70648273,3.67696481,4.06544683,4.55938991,4.65373159,3.16034617,3.33400054,3.85461343,4.07110763,4.16505764,3.92675215,3.47663228,4.24365185,3.88529352,4.12916582,4.26176583,4.12568432,4.37172691,3.45576573,3.04877216,3.88967247,4.13551057,4.09215338,3.71133318,3.07519905,3.90934604,3.93341966,3.81045024,4.08543993,4.46735441,4.56143374,3.56208585,3.41731616,3.71231742,4.24227580,4.12809808,4.19264156,3.63098267,3.05953995,4.13274667,3.98215284,4.03232546,4.34531468,4.38355084,3.49720246,2.98829821,3.55372945,3.94275446,3.73774331,3.72437228,3.01596418,3.33977345,3.40315617,3.94670275,4.13962282,4.23017015,4.50610882,3.48185321,2.87660605,3.41762249,4.13326881,4.44006844,4.08437380,3.27313021,4.06279178,3.03876183,3.40486978,3.55531729,3.73740363,4.05880535,3.43408730,3.29146523,3.64791676,3.88281265,3.83941806,3.65950027,3.38549739,3.37924005
3.75458072,4.02336766,4.20077410,4.27344612,4.49666485,4.56903040,3.00910219,3.82245200,4.41587153,4.33000282,4.54519067,3.96872627,2.91548634,3.43340409,3.51612911,3.50334038,3.32337438,3.40542031,3.53029384,3.48788023,3.24079369,3.21954923,3.30615242,3.27669127,3.24111634,3.16970332,3.29188700,3.59739333,3.73009413,3.77237804,4.36042551,4.11178168,3.57723657,3.94999243,3.85447047,3.74113791,3.56853302,3.47595979,3.31431321,3.75413576,3.88212049,4.15090675,4.03876989,4.42379771,4.43742283,3.19912007,4.19406469,4.39386545,4.24145556,4.46929691,4.02378494,3.53994461,3.18984144,3.24795616,3.17870872,3.28817907,3.46634492,3.48593561,3.36760241,3.47491367,3.33502662,3.20131831,3.15775037,3.28813507,3.27414642,3.47466611,3.36313415,3.49167251,3.49209145,3.56840605,3.76530864,3.53794297,3.53787408,3.52241504,3.32493037,3.37345269,3.26026384,3.25108811,3.61789775,3.77276466,4.05690019,4.25198836,4.29667261,4.16680948,3.32517653,3.85436945,4.12989528,3.83001886,3.30109551,3.37395689,3.25832596,3.86533346,4.26010672,4.20608881,4.31885693,4.44675080,4.09855836,2.87367459,3.90830520,4.04023437,3.81760974,3.64345510,3.12998584,0.00000000,3.74741405,4.03841645,3.99949201,4.16410070,4.24969454,4.15882152,3.27921130,4.18675199,4.28656096,4.16471106,4.35807704,4.25254437,3.20726851,3.58186676,3.89490115,4.00679759,4.25534082,4.36559050,4.03873500,3.16645626,4.13615842,4.34098557,4.41586360,3.98896609,4.09147713,3.31878668,3.79232840,3.96152525,4.14187201,4.12552099,4.46214763,4.29278099,3.16947448,3.89322249,4.12871540,4.28723061,3.96265143,4.06757895,3.22330122,3.73941434,3.86324283,4.14910166,4.14698525,4.29135670,4.18878627,3.39054352,4.28101590,4.40943460,4.15190146,3.96765534,3.82981547,3.27220457,3.31735274,3.87373837,3.98329650,4.03857461,4.43306368,4.10059273,3.26287342,4.02853050,4.36201854,4.59649328,4.58189642,4.31213636,3.70458895,3.85773978,4.19139879,3.98630166,4.10742723,4.22983723,4.30621401,3.38494663,4.09597392,4.24296552,4.14522139,4.25814927,3.86879828,3.62280848,3.76076465,3.94181899,4.02736725,4.23647204,4.36998186,4.20476575,3.39064657,4.10172596,3.97022846,3.66328746,3.53249748,3.32271360,3.29283701,3.44153274,3.95063754,4.09743275,3.90938117,4.37458552,4.29266401,3.32435702,4.22220884,3.92484774,4.20285343,3.88499480,3.60711139,3.23530557,3.42700918,3.94722126,4.04878596,4.22486906,4.21692051,4.11471038,3.32840351,4.11264442,4.42283442,4.34891756,3.83823522,4.14092259,3.78217671,3.58778357,3.96689384,3.83812721,4.19901592,4.52011732,4.10053754,3.10474475,4.12456963,4.17701750,4.28539736,4.32024283,4.16283747,3.55186197,3.73737924,4.18551499,4.27500707,4.07448967,4.21834518,4.44909924,3.34738452,4.09001621,4.28467668,4.12824517,4.10251074,3.77101395,3.23637598,3.77654980,4.05198904,4.00113787,3.97366985,4.24132367,4.25414401,3.32821932,3.97778395,4.12091847,4.38444770,4.09825735,3.78495644,3.30817017,3.79684626,4.15065049,4.30147856,4.12985294,4.21290950,4.40276345,3.32695357,3.92330632,4.13125275,3.98765952,4.18242118,3.71239626,3.45418146,3.35173688,4.16862751,4.20225935,4.10464631,4.06038116,4.22739673,3.09037352,3.79463242,4.19239226,4.20155692,4.42930063,4.10945165,3.33815611,3.26160668,3.82137703,3.65570560,3.97654771,4.03443657,4.04465487,3.47393126,3.92562135,4.21594690,3.99285558,3.99935847,4.01588910,3.62014046
3.24220621,3.87820866,4.34780443,3.86631858,3.73594635,3.69668706,2.55382663,3.84820846,4.01251409,3.97290105,3.79654244,3.60465738,3.59499623,2.41726792,2.68869049,2.42557344,2.46794612,2.42658177,2.43658687,2.58216096,2.51316475,2.35315905,2.47849358,2.35570279,2.29995045,2.36506360,2.30558913,2.72242392,3.02625327,3.27840518,3.50351908,3.16122820,2.87541412,3.40935672,3.23693679,3.11698058,3.21127102,2.64498731,2.37700925,3.22933912,4.05533901,3.94382469,3.85762319,3.80277604,3.65553427,2.65334987,3.97615935,3.73431245,3.85624421,3.79889077,3.52366142,2.96026368,2.46637440,2.60998762,2.41812342,2.54900852,2.45709376,2.69539795,2.63554884,2.55951282,2.48446968,2.44968236,2.45206693,2.40460776,2.45180023,2.62442866,2.65571364,2.66826291,2.61365343,2.77148058,2.71743043,2.65028110,2.86397386,2.75215948,2.42318895,2.65706164,2.45954568,2.37900425,2.64954061,3.24211672,3.72576200,3.67045119,3.48161565,3.18488462,2.58003288,3.62009001,3.70087214,3.37504849,2.68944978,2.54529990,2.38553401,3.26507938,4.05698321,3.82649800,3.80837392,3.83766517,3.29420205,2.57525615,3.97735584,3.97402018,4.09208463,3.73388919,3.86913731,3.74741405,0.00000000,2.40398275,2.54422721,2.64990552,2.86425837,2.75798424,2.23647235,3.69539542,3.61876802,3.70578726,3.49855681,3.43421877,2.41010708,2.77691087,3.55261328,3.83070019,3.55240104,3.43142277,3.03291336,2.41401476,3.66965233,3.43960880,3.74828741,3.50595920,3.37336025,2.39463410,3.11716505,3.85154775,3.89926780,3.53289051,3.46127955,3.24731902,2.45510871,3.70170533,3.51549275,3.49419514,3.47844531,3.91472417,2.44328121,2.72554243,3.67344163,3.91820522,3.74575726,3.45875403,3.12521097,2.56221768,3.74885096,3.73110660,3.60574465,3.46104480,3.00918953,2.36537161,2.82022305,3.39788960,3.70430274,3.75643649,3.56885753,3.04504728,2.33099995,3.83855715,3.74823826,3.96928353,3.56219820,3.91209368,3.66541610,3.54705284,4.10726408,3.86243222,4.04549437,3.76604519,3.64072068,2.80943443,3.89681870,3.88678026,3.92925512,3.66503590,3.58245541,3.36335457,2.62361761,3.68551479,3.82464273,3.52898070,3.47970768,3.19102609,2.47266263,3.75807330,3.50644220,3.10961444,2.83648024,2.66263906,2.50426410,3.14349398,3.84703180,4.15700487,3.81442678,3.80362063,3.61847379,2.70881165,3.99485432,3.77053109,4.03182559,3.72240584,3.52810788,2.49627093,2.59463437,3.83256942,4.01056110,3.63538910,3.28866170,3.05782890,2.46391583,3.82968546,3.76687018,3.59813776,3.06627895,3.89836571,3.43793186,2.80850134,3.65894172,3.83321499,3.50742468,3.40626532,2.90304187,2.44086888,3.92409751,3.60783743,3.65226818,3.46735613,3.86565227,3.41253212,3.04605918,3.85081898,3.98339469,3.57027919,3.55163635,3.45256815,2.69458027,4.01306445,3.56081433,3.55327981,3.56443905,3.48989420,3.47142201,2.85684923,3.59111188,3.82209637,3.72865265,3.38328379,3.29085415,2.51833817,3.48191423,3.35851369,3.47124986,3.24163500,3.06852788,2.42633699,3.32940402,3.71420134,4.06257012,3.81247691,3.69232672,3.57573401,2.90142878,3.76315704,3.55501579,3.58298178,3.94463891,3.88912982,3.18923577,2.74077422,3.71536566,3.91101267,3.36187065,3.41841984,3.46278078,2.64197350,3.82377774,3.76996556,3.74386806,3.84681957,3.89058800,3.41687900,2.37193094,3.34535506,3.22627716,3.52868112,3.27749476,3.17537213,2.82919512,3.69412116,3.58046872,3.26821527,3.25868677,3.37908275,2.79229147
4.03522939,3.58380433,4.02114821,3.95217997,3.88496261,3.23965954,2.67639467,2.90176460,4.00438608,4.23259894,3.98214232,3.48150923,3.99714607,2.53331276,2.32341690,2.38994871,2.58183178,2.47704870,2.40966761,2.55327948,2.38710808,2.26320273,2.44467072,2.34725818,2.36305124,2.36266493,2.26542625,2.68518241,3.35823725,3.27534797,3.73376027,3.13141970,2.84086885,2.98540710,3.54557013,3.12012294,3.17555221,2.58336660,2.27446192,3.92601427,3.64827890,3.80767389,3.84005852,3.80201004,3.27488142,2.55895760,3.18644282,3.84818274,4.11025599,3.83347191,3.29292722,3.24876442,2.69006469,2.46867184,2.54923464,2.76554411,2.68852235,2.53378502,2.48164540,2.47937790,2.48290392,2.30213368,2.36566633,2.36026233,2.40384040,2.60970740,2.57703740,2.56651502,2.65091260,2.90422195,2.62788824,2.52883903,2.70384625,2.77505748,2.43808336,2.68964938,2.37485731,2.29885586,3.51395513,2.89822458,3.65245704,3.80695373,3.73283276,2.99681606,2.80985305,2.99961958,3.91168364,3.45256949,2.76731485,2.53711231,2.30777232,3.89885657,3.93829965,3.77982666,4.02505030,3.89524860,2.93508326,2.86732474,3.06383672,4.01931961,4.38954839,3.96510176,3.70298746,4.03841645,2.40398275,0.00000000,2.42203964,2.85636252,2.98368821,2.48335058,2.25557079,3.11939096,3.88435804,3.52522538,3.58513251,3.29669524,2.35677004,3.69815694,2.69650692,3.58619079,3.66295950,3.64663510,2.94453231,2.68749605,2.85696994,3.82890407,3.85784121,3.81938021,3.26874475,2.32320491,3.83724208,3.19145523,3.75513462,3.70036098,3.53271460,2.91611960,2.50681431,2.93329971,3.77093909,3.67379113,3.59539828,3.82821635,2.42904709,3.47965161,2.77729215,3.64008648,3.65636526,3.66201392,2.94608132,2.79652252,2.95805773,3.70131377,3.64086337,3.61621637,2.90754124,2.33983813,3.41759309,2.84288976,3.70256101,3.80572797,3.76397360,2.66286079,2.42507669,2.89047542,3.81514939,4.31152592,3.69422473,3.57821902,3.97960733,4.03040602,3.51517558,3.67327954,4.03685336,3.80326604,3.29053701,2.79226999,3.21857914,4.00881835,4.13495903,3.56735221,3.56890851,3.31277230,3.45492077,2.85012519,3.70836907,3.63059909,3.59130508,2.95289345,2.65574882,3.10094821,3.75501245,3.29630683,2.79265798,2.54420181,2.41343909,3.72239275,3.10351099,3.94381415,3.82823218,3.86113073,3.26303697,2.94582993,3.29051875,3.98202902,3.83651348,3.66294611,3.48990450,2.45340252,3.50918194,3.27932883,3.94237824,3.85695277,3.67027014,2.82582104,2.50659874,2.95812257,3.87416914,3.79952688,3.29642071,3.52561246,3.45262677,3.56762668,2.70567387,3.71222235,3.79804401,3.54379215,2.68478467,2.62698740,2.97478446,3.83673236,3.93268941,3.49272601,3.52966478,3.66909858,3.71435789,3.75516821,3.90388663,3.81722576,3.64247400,3.07506795,2.89871712,3.25268421,3.65112220,3.64851949,3.37652655,3.56992305,3.74872198,3.48265638,2.74889936,3.68408657,3.76603329,3.60311007,2.98792940,2.76971741,2.91849964,3.56756795,3.53333742,3.60467808,3.04968542,2.36151588,3.80027750,3.20903569,3.66383006,3.84953186,3.72504797,3.06081592,2.86407525,3.00655322,3.61952968,3.64245938,3.72802524,3.65396100,3.20353289,3.02723001,3.38032979,3.75978171,3.58560570,3.63808776,3.21688170,2.80570161,3.00672393,3.95460333,4.11504363,3.92864024,3.74968388,3.82237309,2.39855995,3.13307280,3.50479242,3.22881965,3.48673489,2.92014953,2.84330806,3.04623890,3.61730000,3.37451230,3.18494522,3.07623429,3.00554837
4.14417320,4.38477583,3.84924822,4.03679900,3.76393766,3.87628062,3.06436567,3.39237116,3.49769611,4.36421896,4.20848716,3.96809893,3.95966871,2.99018396,2.90446068,2.74000888,2.98573347,2.92290539,2.91398594,2.98825272,2.81529582,2.71801150,2.87739562,2.81300424,2.81070566,2.82055827,2.83452721,3.14645003,3.15396832,3.52755197,3.52019682,3.37811158,3.09734548,3.38703496,3.24889171,3.44477118,3.49023592,2.99857103,2.73930288,3.88998997,4.39190059,3.42560533,3.85503942,3.63885423,3.73730460,2.92313055,3.65900653,3.49317532,4.28594390,3.97978878,3.81225868,3.49947575,3.01772153,3.07231684,2.58324217,3.08881008,2.94448345,2.96753692,2.99416166,2.98689884,2.93268655,2.79084775,2.77933645,2.83313459,2.79542255,2.91614001,3.00066985,2.88921387,3.02006280,3.16239897,3.02236443,3.01017660,3.03433340,2.96471552,2.83411543,3.00231861,2.90177434,2.78455403,3.47265294,3.63743417,3.04357954,3.82786364,3.50940654,3.37807733,3.14157804,3.35379962,3.38515166,3.73775193,3.05204070,2.97202487,2.72769161,3.82009202,4.45916559,3.63460106,3.94338082,3.66237214,3.38938338,3.18668195,3.46674751,3.44663023,4.50047393,3.85879493,4.01459383,3.99949201,2.54422721,2.42203964,0.00000000,2.68954792,2.82874434,2.94004948,2.49241071,3.21930507,3.27885159,3.95488947,3.73675620,3.69830848,2.79899180,3.74069781,3.66932891,2.90107606,3.75847930,3.44183572,3.15217994,2.75422981,3.37711557,3.10680331,4.05234556,3.62775743,3.51119674,2.69895202,3.92654247,3.92257095,3.21607641,3.57909910,3.43615705,3.37693900,2.82964475,3.26653581,3.26134993,3.92878105,3.95683038,4.15978503,2.79626691,3.55830422,3.69813783,3.05320080,3.79776100,3.53282357,3.24629571,3.00610602,3.28196994,3.27092393,4.00493165,3.82479790,3.30753212,2.79922693,3.64691095,3.64862872,3.02066605,3.73348327,3.48814565,3.07286135,2.75299050,3.28598995,3.22195198,4.47981100,3.95811304,4.13334355,4.13379017,4.07744810,4.23922007,3.19281641,4.06133536,3.72258139,3.70613949,2.99656401,3.44951928,3.61339285,4.31683884,3.93984830,3.89695069,3.43415859,3.57672112,3.80167708,3.11859142,3.79648256,3.53324492,3.40435702,2.85266840,3.49991150,3.25871888,3.73239297,3.19115391,2.99188530,2.82885613,3.57479146,3.66026981,3.15334495,3.64325122,3.46484260,3.55198811,3.00387623,3.43973850,3.45274460,4.33380438,3.62331789,3.71966293,2.84934642,3.53732776,4.12939025,3.30223328,3.76852688,3.19810363,3.30031255,2.88931410,3.46926271,3.39017286,4.11965292,3.66771480,4.04981196,3.89942468,3.80309716,3.85974988,3.14798484,3.64415188,3.31046046,3.04909945,2.98000635,3.47937960,3.30958547,4.22931849,3.74501408,4.18104705,3.81687561,3.81453028,4.09103654,3.71297905,3.81787798,3.53213120,3.60165357,3.11731858,3.53213568,3.43498101,4.04900454,3.83487348,3.81314314,3.72333367,3.58561879,3.73586906,3.16872839,3.75373603,3.31905631,3.41132017,2.93390461,3.41604900,3.21210038,4.13293293,3.67135500,3.40329253,2.89544297,3.78327726,3.84610582,3.44139639,3.81544621,3.64017925,3.73243847,3.22859632,3.30072941,3.41462474,4.02411770,4.03797526,4.00410377,3.35569025,3.13815484,4.05659405,3.72760977,3.76939887,3.61719367,3.72160723,3.09834074,3.45070119,3.62616831,4.32938874,4.06258241,4.12144865,3.91678824,2.80723071,3.63233366,3.50273359,3.62832759,3.27305821,3.43235045,3.16117887,3.39038957,3.48810942,3.76162314,3.47533323,3.51119155,3.23283122
3.79970102,4.26349422,4.64096806,3.31574251,3.79588322,3.65357681,3.08308292,3.83166699,3.87245007,3.62260307,4.40444147,4.00339119,4.17817158,3.13155221,3.12896724,3.06437934,2.84553400,3.15772811,2.95309198,3.03741070,2.79286649,2.75630967,2.84919952,2.78394524,2.80590759,2.75893999,2.68419557,3.29116058,3.60752309,3.05213806,3.87137027,3.46306392,3.47705175,3.58405775,3.62490405,3.37373139,3.69280215,3.09551598,2.72845956,3.98474012,4.40637453,4.41427676,3.17687574,3.61251491,3.62929268,3.16179565,4.04461254,3.62470665,3.71374813,4.40618492,4.01498096,3.68329330,2.82075227,2.95618709,2.83158252,2.59427375,3.06187499,2.99516132,3.10437448,2.90028159,2.79810622,2.77917991,2.74933561,2.87960698,2.81890060,2.92758526,3.05178136,3.06929179,2.94018147,3.14172496,2.93275533,2.97905921,3.06972205,2.94134288,2.81925975,3.06690519,2.80462306,2.83115217,3.48444153,3.49069445,4.04572237,2.84178958,3.63612385,3.33431676,3.13017362,3.37803600,3.63867795,3.38845112,3.11851956,2.92447789,2.74221303,3.82743947,4.29696267,4.17545946,3.13687645,3.80161016,3.43105138,3.06395133,3.86192342,3.89712830,3.74087761,4.09274353,4.20148423,4.16410070,2.64990552,2.85636252,2.68954792,0.00000000,3.03878935,2.91704936,2.67356700,3.23745498,3.39725447,3.45583577,4.11801108,3.48814772,2.80396152,3.53324964,3.77872813,3.84991473,2.72864830,3.63347944,3.17660019,3.00532413,3.62380654,3.51714160,3.54957255,4.11224405,3.60206097,2.79473467,3.79726825,3.92531128,4.08985091,2.77862662,3.62247786,3.12576397,3.05738817,3.59686325,3.61209629,3.30926081,4.35205213,3.88602641,2.73017799,3.33347114,3.58976201,3.92318357,2.81944983,3.77352523,3.17345128,3.02524114,3.42276840,3.88346218,3.30489063,4.04440277,3.21979580,2.81776879,3.68169559,3.64714369,3.87345779,3.04968960,3.67196198,3.00997599,2.97997042,3.76628400,3.67746063,3.70021933,4.42762156,4.30287390,4.12062444,4.05219386,4.16099290,4.15332948,3.50625889,3.78375745,3.47394669,3.08911031,3.77424828,3.62489545,3.69743092,4.25984131,3.93740163,3.79678593,3.53231140,3.84883253,3.99760071,2.78401406,3.75974709,3.42507717,3.05063554,3.59392620,3.44539081,3.27735885,3.19443559,3.08084618,2.87017142,3.62552669,3.85615805,4.12030329,2.82183956,3.69857683,3.47955352,3.26624392,3.69318420,3.60778068,3.91904986,4.17643730,3.56268938,2.80251935,3.44185944,4.06415854,4.26341353,3.01752614,3.37463020,3.30108692,3.20286362,3.89763406,3.72644910,3.29544762,3.81445701,4.24035977,3.95888318,3.71038589,4.00409730,4.11442604,2.67802676,3.68076737,3.09802718,3.01951724,3.86547239,3.65753526,3.55634304,4.40254196,4.36523671,4.11635567,3.68008219,3.95091779,4.31945356,3.23939123,3.48893652,3.54958801,3.03505593,3.85836299,3.64050054,3.52606142,4.23187960,3.95495198,3.89030212,3.57737384,3.71304452,4.20092671,2.74119598,3.62355016,3.31215010,3.03556932,3.51519495,3.82063063,3.50309926,3.95867669,3.34422209,2.79897386,3.61574123,3.88662998,4.02970315,3.21014977,3.54151423,3.66145818,3.18711400,3.58112682,3.38622961,3.56903215,4.29855784,4.01364378,3.45981388,3.20552196,3.92002599,4.35669594,3.19688039,3.64591385,3.45992006,3.13224362,3.84729426,3.86692105,3.55205464,4.45971835,4.21838336,4.07761442,2.80206656,3.41417615,3.86255812,3.50239233,3.68101446,3.26024720,3.40393667,3.68336905,3.78162009,3.25295131,3.77849992,3.61752425,3.26661561
3.82341113,4.04616542,4.15088143,3.87615130,2.87258057,3.26339279,3.25945134,3.74208097,3.63826715,3.91594469,3.53771081,4.40194339,4.14562219,3.12762442,3.09337715,2.93678166,3.08522694,2.78610727,3.00566973,3.16718966,2.81402408,2.80288433,2.95471522,2.80364946,2.85707446,2.77285484,2.69753631,3.24880794,3.46280165,3.45551059,2.76910970,3.27738324,3.04487281,3.41360396,3.28586509,3.28326009,3.15595612,3.14802741,2.87475212,3.85201446,4.10139781,3.88329027,3.87057398,2.92842093,3.22747931,3.24142193,3.66759645,3.42056163,3.81792764,3.62920626,4.14742768,3.79863486,3.13928898,3.04382890,2.96070432,3.03571020,2.57995364,3.13541921,3.13525046,2.87755657,2.98976725,2.87894941,2.83093385,2.86913616,2.75475611,2.79284445,3.11214285,2.97886089,3.05621657,2.92513894,3.04479488,3.08820582,2.96408815,2.89575871,2.83570986,2.86619519,2.82395024,2.89619782,3.48678410,3.75432990,3.58390494,3.56813032,2.44742266,3.22495731,3.13765007,3.42670632,3.48227404,3.38867455,2.91951084,2.86226397,2.77731054,4.01520354,4.05846987,3.62261050,3.47419743,2.83801158,3.13593211,3.29304835,3.59206932,3.50270260,3.76122392,3.46190021,4.40468316,4.24969454,2.86425837,2.98368821,2.82874434,3.03878935,0.00000000,2.48712784,2.58998813,3.13912234,3.06331973,3.33004331,3.20313401,3.77859552,2.91090253,3.48434819,3.57547917,3.78017625,3.58177024,2.23054068,3.02302014,2.83605061,3.17561400,3.14405371,3.69276232,3.63023049,3.95909676,2.84092598,3.78261617,4.10460656,3.79995977,3.77705392,2.21644104,2.99591169,2.91036123,3.39709350,3.30775419,3.81219267,3.79347913,4.53311367,2.86488846,3.49064160,3.74494991,3.85500765,3.90483854,2.40868326,3.10328020,2.99491921,3.34531825,3.23502776,3.73133400,3.38511387,3.41828418,2.85347809,3.57251795,3.67866532,3.52401383,3.76182024,2.42415059,2.98950357,3.06749154,3.63174917,3.52722572,4.00447396,3.49267564,4.67379024,4.37828114,3.98149667,4.13898830,3.98514828,4.07047042,2.89438077,3.17641080,3.23567716,3.73015613,3.69992566,3.95983871,3.42947648,4.33587225,4.03528131,3.48878826,3.77208586,3.84150598,3.64151291,2.33439950,3.15978461,3.06211934,3.43512780,3.24455140,3.75373705,3.25364644,2.98230772,2.84131897,3.74647617,3.79166426,3.66269280,3.73301552,2.61160657,3.24549417,3.07421031,3.42789855,3.16820513,4.06149218,3.50048592,3.81683814,2.90873084,3.56265338,4.07074813,3.85144748,3.73675399,2.28049979,3.19167068,3.03527103,3.57798555,3.37567249,3.73114409,3.46823310,4.45156643,3.99323815,3.66949296,3.91761401,3.69384466,3.82248341,2.15284393,3.17905105,3.15706540,3.54139256,3.43512652,3.64807260,3.45300099,4.60810352,4.03953316,3.66427633,3.91062594,3.84218745,3.80875137,2.79691679,3.09671914,3.20968321,3.56161403,3.31267218,3.75985546,3.49910883,4.31673647,4.06647814,3.51098758,3.88127093,3.74762321,3.77097675,2.43075521,3.12737763,3.08808919,3.48506092,3.31087783,3.83726571,3.37541590,3.77136269,2.92618865,3.64921913,3.76775634,3.92271876,3.94473682,2.94970964,3.36179460,3.44710363,3.63623692,3.28067497,3.60970230,3.68518215,4.30334479,3.50605752,3.07563923,3.85721167,3.72223292,3.56464389,2.78801796,2.99550289,3.17555314,3.56594757,3.68442445,3.85168970,3.51762466,4.54692571,4.06612090,2.83206111,3.28947062,3.61852976,3.61672439,3.04180789,3.16357551,3.25779143,3.75536034,3.66234608,3.65205964,3.29016975,3.86511701,3.47897257
3.54428646,3.45904301,4.02175010,3.77969155,3.49783370,2.46401564,2.60377146,3.07650902,3.54493742,3.71628622,3.35843583,3.37131412,4.28363540,2.58533810,2.51570663,2.31141754,2.47788023,2.45676049,2.21787951,2.50519876,2.06620755,2.15283192,2.22132269,2.07847908,2.21656506,2.15024287,2.10676995,2.70185937,3.19363437,3.10003235,3.18623727,2.27095913,2.71364633,2.83274036,3.09189557,2.87863133,2.78822491,2.37022470,2.20665140,3.62680803,3.63436654,3.79353204,3.74898436,3.52321395,2.38764335,2.52286325,3.09151447,3.35395059,3.68255210,3.39100646,3.39873458,3.71828674,2.65059582,2.53305935,2.44718152,2.49171282,2.52807711,2.20620201,2.38176408,2.17726844,2.20728202,2.24652538,2.16260876,2.14796865,2.14812005,2.24259917,2.38333829,2.31740998,2.38902036,2.62296963,2.05811060,2.32940423,2.24240920,2.38582158,2.27454764,2.23360856,2.05285627,2.13405451,3.26821299,3.26193604,3.51544141,3.47657507,3.22498081,2.00588303,2.76671387,2.99068979,3.10040735,2.89934849,2.36652244,2.13403463,2.01172280,3.68464244,3.65094730,3.44842649,3.59948621,3.36490057,2.11359389,2.74603586,3.17138201,3.43005293,3.79035368,3.26491856,3.31501581,4.15882152,2.75798424,2.48335058,2.94004948,2.91704936,2.48712784,0.00000000,2.10576829,2.49509442,2.88152522,2.80984313,3.00209062,2.75608710,2.12912717,3.46778520,3.18313038,3.81581501,3.50717983,3.05163491,2.04227465,2.67911355,2.89089545,3.15366811,3.36098247,3.42891167,3.06143477,2.14714133,3.52135727,3.48869825,3.71961318,3.40867738,3.03854015,2.00554775,2.60402787,2.95298187,3.28676358,3.13365723,3.46024985,3.58453083,2.14416261,3.53787099,3.35375842,3.81360320,3.65429227,3.12993132,2.17685530,2.83269897,2.92550374,3.19423155,3.29033119,3.27944838,2.70310808,2.10899580,3.24840889,3.10817040,3.43363852,3.48591727,3.08065196,1.97088697,2.59098257,2.98659859,3.32901392,3.71393780,3.37207457,3.75639465,4.34155899,3.68871393,3.69992219,3.76578946,3.93713377,3.56263872,2.65950855,2.54616416,3.24683943,3.46128652,3.65028480,3.02591552,3.45047640,3.55083077,3.52331256,3.39578170,3.84495519,3.51538571,3.23993166,2.08605362,2.72143646,3.02917573,3.04338494,3.04871497,2.84767368,2.27131076,2.14649868,3.65830989,3.48525210,3.78477707,3.60192793,3.32473548,2.32487531,2.67139751,2.94506678,3.29488787,3.41507927,3.27633110,2.99457186,2.18888795,3.18611967,3.55454018,3.74860104,3.59376551,3.08078332,1.90519460,2.56780243,2.98481904,3.27198648,3.39670228,3.21020708,3.57539928,3.75944488,3.48076598,3.32362109,3.78622050,3.56206743,3.03461560,1.94879823,2.76218566,3.10006293,3.22187893,3.27616302,3.15973579,3.65502095,3.95509590,3.46040581,3.56622660,3.74872200,3.49015263,3.15592840,2.12214161,2.50726071,3.21424493,3.11967420,3.46585784,3.13402159,3.42359091,3.89163448,3.35089414,3.22482499,3.52457361,3.49981841,3.11250167,2.04885655,2.72939440,2.82572961,3.13183313,3.29350140,3.42081509,2.97912866,2.14850960,3.46476527,3.11687480,3.55096585,3.68138865,3.34216542,2.42016217,2.65775713,2.91140735,2.95889384,3.13850558,3.11239395,3.25557910,2.92715659,2.86661826,3.40132832,3.63367111,3.33386171,3.44056189,2.26555146,2.58953524,3.05264775,3.36619698,3.65186115,3.42625724,3.66447466,3.99265386,2.11334403,2.85753987,3.24722794,3.00368433,3.15396200,2.07083355,2.64282293,3.07233705,3.08454108,3.07455321,2.84605501,2.91902640,2.83355521
2.99771752,3.14109419,3.52775298,3.12156594,3.23766384,3.11903397,1.99656548,2.69712247,3.40148881,3.54138536,3.62329673,3.30232729,3.29073315,2.15064028,2.13728723,1.96850336,2.00197363,2.00473182,1.90597700,2.02215427,1.54458517,1.49036052,1.70702519,1.55213706,1.64934981,1.57564010,1.68788445,2.24965267,2.67378768,2.74080565,2.96107856,2.63899606,2.14907118,2.57350435,2.68856809,2.48490627,2.40303294,1.94817350,1.61419349,2.94688113,3.30156198,3.31745154,3.10141470,3.29039985,3.13626433,2.02208513,3.04562731,3.19857083,3.34848089,3.43224231,3.21963214,2.95073984,2.06238707,1.83044374,2.09946293,2.07529659,2.03435419,2.02407516,1.89140502,1.74244085,1.82795660,1.66569266,1.57940855,1.57486426,1.64046927,1.73594276,1.86429132,1.67863140,1.81849002,2.18846769,2.01572967,1.73863859,1.90384703,1.77809542,1.67917120,1.73684643,1.59263883,1.62630853,2.84401430,2.95720641,3.26942016,3.20638523,3.16803711,2.75137565,2.10505319,2.67228971,3.09760115,2.67635116,1.70530170,1.72180758,1.57711601,3.07040521,3.48072008,3.22246522,3.40016717,3.28727839,2.64484431,2.11724705,3.08196014,3.32581167,3.54637108,3.29475796,3.36706129,3.27921130,2.23647235,2.25557079,2.49241071,2.67356700,2.58998813,2.10576829,0.00000000,2.37783190,2.64633450,2.56657994,2.66867444,2.48559450,1.62514038,2.97436116,2.93391676,3.31022777,3.10200624,3.09357755,2.81171010,2.02454971,2.99446875,3.19332533,3.46839787,3.22322942,2.82250841,1.59497576,3.24333947,3.31487502,3.40211461,3.07294937,3.02717420,2.82765783,1.86871161,2.73141569,3.04407804,3.23213550,3.19669118,3.45812170,1.63021195,2.92187545,3.07296448,3.46223756,3.27009693,3.08156359,2.87844982,2.14954818,2.83675786,2.96631256,2.94610304,2.97228001,2.47366903,1.56663115,2.80484353,3.05032186,3.22239361,3.15351040,3.22184742,2.63648876,1.84661727,2.82859806,3.17650431,3.59503317,3.46460829,3.52349645,3.22189702,3.14539927,3.31633381,3.26980606,3.32364686,3.15070908,3.05619722,2.22073674,3.09858197,3.41329221,3.45822365,3.29241913,3.30705698,2.85357165,2.94476616,3.03902329,3.27634575,3.07725338,3.09947723,2.81198411,2.14921457,2.82138424,2.89641782,2.77984339,2.28985048,1.88952841,1.65921149,2.96050264,3.10320107,3.56330316,3.17426353,3.25495523,2.92415743,2.14357515,3.10048987,3.05170227,3.24523922,2.96116819,2.99073611,1.61682898,2.69537958,3.12451527,3.24319749,3.17614516,2.93099632,2.56841114,1.93713827,2.69398176,3.17739654,3.24795512,2.86223140,3.28151546,2.73265380,2.87388018,3.03544852,3.32304382,3.23162599,3.13413136,2.70219716,1.84080233,3.00005119,3.08325270,3.11902937,3.16198889,3.35187579,2.92696984,2.80714569,3.15937878,3.39509929,3.01237310,2.92751367,2.88764396,2.25832932,3.11852653,3.11409415,3.18505362,3.17823026,3.27670017,3.06868592,2.78325099,2.88102051,3.31073938,3.11623796,2.91071693,2.77482572,1.95401267,2.73462625,2.85195413,3.23198438,3.10873251,2.76687961,1.57800988,2.70384660,2.82078093,3.08068199,3.12275320,2.89672896,2.86283036,2.12604052,2.64995334,2.80004460,3.09071026,3.15673351,3.14827748,2.51480506,2.06157076,2.91078820,3.11498738,2.83900688,2.94824209,2.93540119,2.08543651,2.80331615,3.19357709,3.35627224,3.52973881,3.48985394,3.12414237,1.59111053,2.49739900,2.70532321,2.61213336,2.69924012,2.41232640,2.10699086,2.68588650,3.00453466,2.76342979,2.77503892,2.89197810,2.34236424
3.92286860,3.59244779,3.54257361,3.52990990,3.62850696,2.89008261,3.00956322,2.82562244,3.53173696,3.80008250,4.11029357,3.87248891,4.40286760,3.17225130,2.90701366,2.93190862,3.01457152,3.05196650,2.81761798,2.94463862,2.50819004,2.49008069,2.68310867,2.56093980,2.70257177,2.62445435,2.63063454,3.20103466,3.68255124,3.58137750,3.76174615,3.17277296,3.18319092,3.03538468,3.39699516,3.34401915,3.12969938,2.77940852,2.62241727,4.03735611,3.88314338,3.90168515,3.60296386,3.63224032,2.88277440,2.96766188,2.77343237,3.22020198,3.68379873,3.77159185,3.59465999,3.81435021,3.21383457,2.99846682,2.94007499,3.04145491,3.13748955,2.89985395,2.84979647,2.57300192,2.68375609,2.61754096,2.55859080,2.63166264,2.49848017,2.68036400,2.74952671,2.67766061,2.83272027,3.05061654,2.72587980,2.68931280,2.53714433,2.54612681,2.72084398,2.62303004,2.50252643,2.59075097,3.75824415,3.27473523,3.59029410,3.61995390,3.65073218,2.98124529,2.94270996,2.85997682,3.20687404,3.20588016,2.65794360,2.54061706,2.52213090,3.91634839,3.79661957,3.30502224,3.58178053,3.54393976,2.78848275,3.01476231,2.90691480,3.32644334,3.78005801,3.63291464,3.82989860,4.18675199,3.69539542,3.11939096,3.21930507,3.23745498,3.13912234,2.49509442,2.37783190,0.00000000,2.36229717,2.76165612,3.03557639,2.70541192,2.58059833,3.90753136,3.25592125,3.71044962,3.77345100,3.62674431,2.99796423,2.93907475,2.99718825,3.42155744,3.68530129,3.67342657,3.11326262,2.55085371,4.06682826,3.66848635,3.63964701,3.52452331,3.63864516,3.03868578,2.94250237,2.83046701,3.44439445,3.55848463,3.79044757,3.77701996,2.59730416,3.89812131,3.39603734,3.69883504,3.78598956,3.59158496,3.07611556,2.96184768,2.60833278,3.29664549,3.19774696,3.43160112,2.85349137,2.57593389,3.83960601,3.56548216,3.68277853,3.42748024,3.64340842,2.91994329,2.90958023,2.77492082,3.25347760,3.85097210,4.03006013,3.96684263,4.17045938,3.91803466,3.73768505,3.61599180,3.77089603,3.51634208,2.81599863,2.89288835,2.96166633,3.57608108,3.71064849,3.71195457,3.48987234,3.48117767,4.10828439,3.58684319,3.81141337,3.72814232,3.65964929,2.97342695,3.09786581,2.91395684,3.26016107,3.35912277,2.96800368,2.76018642,2.59670269,3.90092998,3.51046859,3.90873796,3.50362894,3.75479492,3.25813908,3.09676901,3.01114737,3.37021378,3.57547668,3.51636253,3.27299586,2.52887688,3.76515940,3.67181778,3.78129139,3.75334964,3.34032380,2.94569886,2.88368480,2.82897373,3.24411580,3.55458626,3.41128031,3.54668972,3.49479422,3.92807519,3.44446345,3.78372429,3.72908626,3.55311611,2.93400251,2.93018172,2.86213707,3.29427058,3.47077580,3.74973781,3.92123809,4.05416891,3.83806165,3.79749717,3.55203885,3.65405703,3.38500932,2.90483407,2.95080254,2.98593635,3.27039623,3.60116261,3.64716707,3.70357397,3.74119802,3.91552228,3.40762463,3.74806273,3.59235741,3.67506701,2.90107845,3.00889455,2.78013697,3.43733906,3.74082448,3.64788600,3.26730823,2.51850916,3.66749612,3.48531895,3.41777589,3.69340619,3.51314972,3.02563725,2.91817297,2.51847978,3.06022994,3.48708080,3.19518222,3.28305985,2.96944139,3.09909542,3.45964593,3.53469527,3.27483399,3.51608904,2.69099860,3.05078767,2.85612284,3.47602031,3.85042625,3.89771303,3.77826720,4.11565337,2.51955854,2.98975838,3.22534014,3.00187117,3.29758316,2.68108987,2.85511464,2.57364512,3.12484981,3.18544383,3.22125133,3.14060020,2.97850153
3.79403425,4.26173561,4.07632554,3.72779701,3.43869043,3.35604156,3.18159854,3.51960840,3.05328072,3.52609856,3.90138512,4.12926307,4.36544636,3.22656074,3.19065272,3.03492077,3.08047286,3.12267656,2.95368393,3.03622757,2.82880940,2.80769400,2.97475489,2.89746670,2.94582974,2.88612869,3.00460112,3.42637377,3.59292632,3.72229304,3.45628734,3.34258680,3.38004726,3.53127098,3.24300596,3.36982830,3.24468194,3.04833418,2.93151181,3.87337362,4.42530083,3.96442479,3.66774022,3.47013558,3.28119845,3.21867778,3.57352582,2.81850860,3.52389910,3.72331890,4.13923689,4.03038990,3.40617110,3.34725166,3.24174911,3.08817144,3.23025576,3.20136216,3.15939709,2.92953134,2.99105536,2.97638686,2.88091126,2.92753291,2.83255680,2.89610391,3.12750962,2.96342761,2.98238522,3.06083160,2.96286671,2.99547021,2.90665677,2.66263288,2.95614203,2.80223761,2.91839868,2.91910709,3.50830522,3.90985238,3.65812135,3.55340776,3.31226355,3.35215689,3.25013183,3.48454669,3.03687726,3.34732538,2.90064666,2.91767466,2.85944173,3.85958322,4.37727523,3.75404845,3.49896351,3.34729858,3.10333174,3.20017789,3.67785929,2.86938998,3.57639858,3.53285456,4.20263451,4.28656096,3.61876802,3.88435804,3.27885159,3.39725447,3.06331973,2.88152522,2.64633450,2.36229717,0.00000000,2.81397147,2.85578653,3.06046206,2.96335347,3.72409874,4.05937868,3.77296570,3.83822000,3.43130681,3.20697277,2.98343434,3.55154695,3.11087697,3.77759601,3.48766525,3.36093780,2.84536517,3.62259670,4.14007140,3.74333036,3.44518143,3.39652417,3.25449916,3.08907214,3.45347747,2.94542948,3.55415189,3.98421204,4.23018376,2.88269630,3.66698042,4.23275115,3.88812439,4.03369584,3.37553766,3.28240588,2.99369537,3.30914292,3.08420544,3.50199722,3.56873247,3.27384626,2.91805992,3.64355432,3.97236808,3.57662795,3.47946359,3.38753769,3.20271824,3.08068245,3.61630471,3.06738474,3.64248902,3.99663642,4.46906702,4.15992442,3.71803982,4.37694041,3.71795396,3.76857059,3.29647244,3.17674397,3.13399212,3.72996998,3.15385515,3.51091570,3.75060659,3.99889377,3.79514638,3.80959569,4.23423592,3.76965031,3.70482944,3.50922751,3.30223575,3.16393191,3.43393986,2.91194147,3.59517293,3.32451033,3.05500510,2.88804193,3.68807234,4.04345092,3.92742096,3.49087661,3.43949571,3.38134917,3.13718325,3.62783201,3.13301327,3.70779101,3.55354756,3.67595286,2.84654839,3.70878665,4.33952386,3.81758890,3.59461416,3.02898178,3.23606440,3.22515287,3.56518860,2.95067115,3.61805210,3.59999714,4.10833176,3.87928710,3.74331871,4.16995323,3.74414527,3.49634716,3.24789136,3.27890832,3.16680148,3.59827502,2.88482933,3.41774129,3.90463292,4.45825328,4.05298894,3.73898127,4.29928335,4.17754678,3.69635583,3.24408446,3.35362039,3.19494299,3.81956793,3.07298332,3.71448891,3.88263317,4.08473814,3.89903074,3.77483848,4.11862174,3.85026999,3.59255047,3.30948490,3.21084953,3.10285309,3.51023266,3.02438755,3.75752505,3.62366130,3.71598707,2.89354673,3.60292376,4.08260397,3.91212353,3.86072238,3.42706928,3.48063834,3.28310112,3.36315245,2.89732457,3.70533449,3.57075767,3.89349112,3.31298196,3.26557513,4.11178823,3.87612520,3.52820802,3.45085415,3.30747828,3.36381395,3.70979987,3.00119029,3.65905310,3.86586953,4.28293890,4.16129547,2.85392486,3.51653925,3.48977276,3.47458048,3.24315636,3.22947035,3.17124597,3.38904797,2.99739723,3.29503191,3.44297823,3.68413077,3.21788085
3.52654106,3.79513056,4.58381970,3.69408607,3.74078413,3.42140020,2.93285211,3.58803383,3.87819758,3.43279052,3.91978448,4.03867988,4.25960294,3.08854063,3.07636333,3.13026780,2.90472014,3.14483662,2.95429586,3.12738932,2.69433938,2.66874021,2.78729620,2.78273338,2.84379298,2.74964743,2.84542855,3.29688298,3.84087697,3.42030459,3.84077431,3.43712259,3.24731926,3.50873713,3.66152992,3.17408281,3.16620948,2.90842056,2.76486605,3.86836182,3.99241586,4.54811964,3.68540290,3.67685573,3.48404725,2.96954193,3.63812033,3.67848177,3.26676665,3.68948255,3.90872464,3.88523509,3.02177278,2.89843115,3.17202841,2.90347007,3.19374640,3.02007035,2.97137715,2.72867590,2.77462844,2.88185597,2.76443632,2.80060541,2.74921356,2.85775059,2.97746104,2.92225372,2.97473360,3.29034455,2.97978036,2.92891469,3.00709120,2.82486781,2.83745178,2.80946148,2.76390034,2.82850641,3.67599584,3.74994232,4.49218600,3.68680101,3.65938915,3.48577259,3.28436292,3.63645070,3.73681857,3.34602430,2.99616262,2.76370862,2.74249016,3.94871549,4.11799375,4.30863539,3.84757768,3.77527061,3.21286170,3.08197225,3.68428112,3.79691336,3.36378568,3.75261737,4.02859220,4.16471106,3.70578726,3.52522538,3.95488947,3.45583577,3.33004331,2.80984313,2.56657994,2.76165612,2.81397147,0.00000000,2.71475597,2.57797046,2.80648277,3.67319963,3.60863431,4.54406233,3.76326341,3.55486312,3.21390534,3.10951169,3.66719280,3.90896335,3.54322620,3.94103778,3.42981475,2.79629611,3.46079211,3.57070073,4.28232638,3.47799853,3.51033772,3.23918976,3.11057468,3.49763276,3.64635220,3.00759219,3.94022910,3.81900202,2.72990253,3.61002734,3.71498511,4.55592074,3.72075660,3.56833346,3.13931250,3.10997319,3.39560242,3.68306230,3.25056442,3.69283584,3.18663186,2.78251294,3.62580009,3.71245440,4.28493419,3.77268783,3.76604769,3.24024384,2.99662808,3.61963012,3.90894923,3.48885778,3.85987365,4.08851931,3.89381629,3.74688806,3.86629526,4.57939690,3.92499289,3.58441684,3.48482293,3.01997231,3.90141116,3.81333805,3.32443996,3.59712799,3.96824667,3.88926018,3.74055506,3.82513590,4.49652694,3.64315068,3.69775982,3.32210266,3.23666431,3.59820085,3.57016393,3.41019667,3.15866059,2.89854698,2.76538989,3.64074339,3.74672286,4.27852750,3.61711297,3.81488259,3.34154571,3.31405654,3.62534589,3.64456793,3.30719158,3.78844196,3.43381023,2.82328756,3.65992871,3.96441551,4.52330735,3.66233547,3.54796992,3.19533989,3.20004858,3.51666069,3.79965632,3.35212975,3.27145093,3.81458035,3.52883021,3.43503765,3.62566909,4.23638806,3.68417760,3.61639883,3.02320045,3.01048616,3.57441928,3.56266686,3.12244553,3.60295810,3.92687097,3.78397259,3.54698186,3.78289034,4.49609873,3.76171002,3.57678376,3.44023082,2.99397636,3.85863718,3.69010938,3.18901871,3.62005908,4.03806155,3.84760500,3.60706140,3.58397697,4.46169104,3.61049685,3.79554149,3.38776407,3.26043234,3.59224616,3.82685101,3.33238552,3.90199205,3.66037548,2.75842400,3.66300262,3.64857972,4.23907485,3.89374738,3.62238164,3.41254338,3.04937461,3.52848649,3.59513847,3.09657172,3.49968149,3.84221932,3.24893652,3.10476294,3.59941864,4.24731476,3.48626290,3.78620134,3.30804497,2.92873830,3.60425196,3.73951486,3.28900436,3.79025551,4.13122326,3.97722911,2.73269088,3.34117846,3.70782839,3.43467342,3.73038534,3.07409929,3.14557101,3.62254462,3.77007693,2.96048463,3.33741847,3.41616716,3.18762559
3.62716039,3.86764663,4.08981674,4.17589826,3.78909167,3.30891446,2.95990101,3.67122685,4.06671182,4.29441500,3.86646454,4.00161481,4.17775801,3.14491994,3.04039374,3.05203950,3.08925536,2.94480402,2.91552121,3.14862383,2.86953043,2.82627603,2.89806059,2.83801897,2.89343609,2.86230978,2.93315249,3.27322828,3.67197856,3.98664003,3.80904582,3.59059640,3.16704886,3.57782605,3.48341339,3.55199077,3.03730991,2.91759133,2.89645594,3.61506572,3.87742618,3.98682798,4.24619363,3.84888773,3.37834829,3.03806172,3.53205100,3.75840378,3.89088016,3.52154152,3.86040259,3.66747568,3.52533868,3.28881474,3.32619234,3.34831832,3.14768255,3.26804654,3.07333184,2.83888287,2.99202758,2.96079842,2.88227159,2.83964440,2.84510502,2.84354487,3.01873595,2.90520219,3.00732050,3.05214587,3.04052799,2.93425585,3.04485407,2.92289058,2.94039213,2.77546773,2.84875290,2.87893870,3.71668648,3.84369120,4.15543631,4.46577551,3.82004984,3.56393107,3.23939055,3.86660781,3.79099864,3.54532882,2.92499581,2.88815745,2.86561179,3.89580586,4.14105015,3.74756977,4.31702695,3.94697128,3.31637994,3.06102796,3.78893842,3.96871803,4.10912180,3.61231515,4.19197392,4.35807704,3.49855681,3.58513251,3.73675620,4.11801108,3.20313401,3.00209062,2.66867444,3.03557639,2.85578653,2.71475597,0.00000000,2.61315204,2.92722877,3.60120199,3.51974027,4.09068004,4.18323174,3.42374383,3.40879868,2.92665964,3.81355108,3.75928011,4.08096539,3.51742020,3.28825358,2.87093889,3.22146034,3.59546287,3.72701483,4.04502972,3.48624905,3.49924335,3.02524212,3.68319814,3.64350322,3.96056789,3.53894347,4.21396192,2.88677639,3.44853068,3.84814561,4.20666372,4.32100002,3.36124073,3.36908835,2.81563421,3.61634925,3.60977833,3.98816845,3.23182983,3.29416205,2.81595457,3.33843597,3.63842569,3.84088475,4.16380736,3.88804373,3.42197805,2.92613980,3.74858017,4.00679187,4.42658504,3.62771813,4.12297502,3.96477892,3.65482295,4.00032829,4.02656357,4.47378632,3.64701986,3.48871449,3.11759485,3.99219996,4.05479421,3.91932601,3.63482691,3.97606989,3.69610580,3.62314660,3.75898447,3.94117715,4.19092208,3.67751391,3.42797150,3.11543883,3.85121215,3.72480306,3.61550777,3.25609641,3.03492570,2.85898420,3.47183002,3.73810577,4.00568987,4.25048580,3.86178402,3.64876519,3.13267706,3.77388102,3.68847623,3.94900521,3.36835389,3.67385198,2.90157735,3.54314860,3.91222278,4.08290280,4.33773684,3.66149051,3.27376942,2.99157489,3.70090595,3.88513978,4.11959654,3.33475293,3.92588041,3.63353401,3.32627683,3.56046330,3.68661845,4.26943479,3.48153126,3.30880787,2.88536527,3.65126335,3.68624858,3.87569463,3.34900811,4.10820922,3.82054987,3.52704031,4.03019049,3.94037993,4.20773005,3.88737067,3.46662502,3.27821489,4.05623108,3.78847062,4.02681785,3.67916933,4.10552403,4.02343130,3.45125392,3.77314586,3.91112127,4.27955638,3.70346923,3.47817313,3.10652073,3.62966350,3.51900024,3.84989550,3.37621482,3.82632893,2.83893047,3.56752674,3.57578126,4.07579494,4.48318476,3.70875135,3.28893462,3.10919099,3.58383481,3.69174051,3.74570577,3.51424466,3.93553220,3.42352140,3.14760066,3.85951927,3.87356540,4.05032118,3.71900407,3.25596640,3.10097916,3.73020745,3.80897068,4.10220710,3.54011787,4.03933396,3.92062015,2.87462209,3.50721541,3.22249970,3.52870226,3.30716729,3.24094135,3.05209106,3.60790495,3.69533313,3.64698043,3.38839802,3.68508532,3.28368971
3.67315648,3.86818882,4.31183374,3.87177895,4.11069048,3.49069062,2.78349717,3.32869260,4.08028368,3.84699577,4.22707374,3.62085369,4.10205393,3.09767536,2.99984108,2.98501345,2.89619604,3.19255775,2.77517471,2.96657247,2.69292227,2.66783976,2.76014668,2.67402584,2.78206466,2.73302514,2.64867573,3.01324096,3.70501554,3.51303473,4.18548205,3.45296356,3.38461822,3.44856749,3.65527490,3.42160402,3.18496315,2.60741737,2.74526209,3.74367080,3.91036154,4.20835835,3.88232475,4.08439403,3.45469874,2.81571177,3.28753869,3.69085556,3.73408558,3.87623533,3.45095184,3.56303875,3.25668030,3.05689324,3.07580605,3.02782272,3.36114038,3.05461291,2.94372963,2.73681585,2.69639412,2.74793707,2.74561871,2.71773172,2.77594441,2.85726972,2.94250456,2.82829875,2.89867827,3.32360198,2.80300710,2.79575788,3.00503067,2.85955511,2.96286966,2.84672339,2.69588211,2.69697231,3.70677789,3.58041031,4.07256876,3.83131987,4.22621742,3.45860789,3.11303530,3.51044730,3.75189935,3.32366286,2.94898195,2.65143870,2.65171442,3.91329658,3.91193754,3.89221661,3.91916591,4.17555855,3.35927498,2.91410900,3.59190677,4.00043511,4.00402931,4.06413889,4.08658403,4.25254437,3.43421877,3.29669524,3.69830848,3.48814772,3.77859552,2.75608710,2.48559450,2.70541192,3.06046206,2.57797046,2.61315204,0.00000000,2.68537351,3.64557218,3.48457939,4.13629588,3.77213870,4.10476275,3.34814486,2.96568429,3.62697500,3.95589531,3.94772801,4.04398072,3.13609683,2.75426454,3.59458943,3.72182061,4.14758902,3.65588503,3.94544753,3.41328139,3.07288581,3.64307677,3.86953348,3.74185935,4.13257877,3.89084742,2.70175715,3.62188192,3.73290398,4.31571591,3.76407323,4.12113459,3.32970144,2.99481866,3.31567480,3.86085773,3.59117081,3.80974691,3.10287203,2.71343367,3.49085284,3.72273336,4.22041954,3.81285103,4.11091139,3.31209581,2.94330733,3.69757714,4.08140097,4.09230862,4.19522764,3.98072491,4.09608055,3.76359074,3.83196632,4.17989616,4.06763620,4.02959898,3.56184689,2.96958028,3.72585536,3.92593307,3.79149666,3.87700818,3.55602930,3.44101891,3.66056607,3.79636247,4.05935729,3.70621148,4.19546967,3.40091382,3.09461111,3.66105507,3.82314549,3.28483340,3.15945398,2.95701769,2.75606622,3.69428159,3.75083535,4.36905243,3.86802709,4.18910230,3.47708366,3.12340676,3.87612833,3.90809152,3.75080186,3.76901448,3.08687410,2.72584855,3.35259599,3.72999293,4.18826653,3.77547162,3.96622513,3.25835797,2.91874284,3.50580301,3.95697401,3.89771005,3.64578538,3.74712348,3.52727006,3.43455976,3.44256964,4.12814976,3.73753297,4.12079558,3.09229947,2.88106994,3.71332266,3.88378342,3.72845976,4.03129760,3.98682875,4.02450230,3.69023083,3.97341610,4.19934177,3.83894354,3.99222890,3.60504877,3.05324407,3.72009148,3.66395139,3.78630238,4.00622874,3.87525088,3.94961018,3.66182746,3.65253409,4.17037403,3.74683343,4.12183929,3.37365506,3.04756763,3.47064121,3.84491088,3.68577197,3.97416020,3.43163648,2.61240913,3.59286128,3.41353561,4.01094299,3.95648200,3.92348947,3.37203143,2.77197803,3.18828880,3.56365824,3.47266987,3.64439402,3.45070445,3.11122862,3.23505632,3.78583982,4.01384367,3.50039593,3.95745117,3.28987485,2.99699071,3.51868026,3.71418225,3.68780332,4.13761240,3.84731896,3.87128760,2.71868117,3.40745858,3.19584921,3.20962070,3.76926653,3.09395072,3.06442426,3.36768555,3.64168198,3.23864886,3.55322965,3.33180290,3.14751380
2.65149172,2.77159056,3.36174224,3.03633176,3.16433090,2.48133245,1.25856077,2.42823733,3.07599142,3.22670605,3.28117030,2.84628315,3.26820289,1.57005074,1.58893724,1.46654466,1.46588998,1.54877795,1.24217238,1.31674212,0.82526857,0.71654877,0.70276216,0.75158030,0.78649472,0.73226917,1.03254428,1.81834297,2.20342847,2.25673240,2.82089739,2.05018070,1.76079932,2.00205573,2.31942896,2.12670966,2.01863207,1.28588002,0.63136573,2.69603914,2.87028952,3.14467519,2.86042242,3.14973312,2.46535334,1.30823436,2.56329829,2.83867768,2.95977334,3.09682246,2.63514117,2.42224731,1.54278545,1.55916270,1.53175179,1.60723851,1.80841778,1.40411408,1.30112200,0.92066360,0.77360087,0.72051567,0.78901407,0.70905425,0.79808545,1.10030872,1.08265168,1.13083209,1.18558587,1.64293011,1.24161898,1.16958183,1.29842524,1.07057160,0.84976726,1.14043728,0.61148038,0.68897185,2.58710267,2.61722065,3.20606866,2.99944224,3.03389468,2.15785830,1.62924963,2.31021155,2.70528452,2.16667375,1.11678175,0.81033419,0.67421704,2.88828590,3.27038061,3.04938430,3.17049154,3.22217156,2.02681910,1.35197361,2.65868415,3.05368267,3.25931230,3.02906155,2.99730764,3.20726851,2.41010708,2.35677004,2.79899180,2.80396152,2.91090253,2.12912717,1.62514038,2.58059833,2.96335347,2.80648277,2.92722877,2.68537351,0.00000000,2.60120540,2.55178314,3.15178513,3.00387077,3.04482573,2.09771894,1.68090698,2.54079523,2.91137286,3.18825634,2.92096534,2.09900712,0.74511067,2.78703901,2.85479107,3.18781549,2.77172972,2.97611482,2.16261191,1.40619807,2.51533992,2.78894484,2.88158390,2.91072889,3.01319297,0.68047802,2.69241856,2.70417766,3.23758956,3.01546239,2.88828008,2.12475018,1.55303791,2.40312106,2.83362715,2.62623143,2.48789512,2.09429482,0.59950818,2.51426130,2.58184296,2.97793733,2.95447483,3.06146771,2.01885544,1.33526738,2.51687270,3.01387932,3.40686450,3.19576962,3.08216820,3.35899976,2.81967912,2.98959450,3.08950728,3.20182047,3.00112610,2.39061506,1.53414759,2.75633369,2.96930902,2.96676490,2.81937364,2.59096649,2.33903661,2.61541358,2.80464151,3.22514745,2.93421475,3.06514378,2.18300729,1.61192155,2.40705161,2.55808839,2.08001110,1.78567506,1.12872404,0.72726231,2.72368701,2.84626213,3.32380432,2.91420047,3.13543213,2.37237628,1.55708928,2.57559526,2.72762145,2.96636373,2.79355067,2.55563844,0.73221892,2.45230883,3.01043961,3.29543923,3.00098083,2.89330008,2.05127093,1.42673128,2.51914536,2.89411007,2.95878126,2.50895235,2.77911358,2.73084095,2.68868252,2.90587637,3.23323584,3.09374312,3.10485560,1.99929228,1.42414165,2.52986587,2.71498686,2.94887351,2.89700761,3.08594659,3.09052956,2.49578770,3.01270792,3.24434823,2.78842034,2.89555485,2.26272780,1.49576883,2.80600174,2.76046307,2.71996296,2.76662298,2.60864265,2.68839346,2.56835656,2.66051293,3.11315579,2.89386531,2.98243718,2.12553789,1.60501789,2.22406144,2.70001873,2.78254615,2.76600523,1.98480655,0.77593782,2.45553996,2.52791527,2.87434654,2.94581110,2.82925889,2.24790507,1.46504939,2.32293731,2.49995654,2.63728247,2.83759939,2.56419484,2.13791310,1.66157488,2.63004039,2.93695279,2.64965571,2.87703653,2.32027727,1.39583784,2.47710469,2.93031752,3.04296024,3.16209635,2.95291456,2.88630487,0.62202103,1.82586516,2.22528993,2.10365883,2.39545121,1.81898203,1.63828162,2.39204979,2.56007064,2.32613102,2.21855961,2.14559258,1.75427407
3.20993953,3.95049932,4.23455015,4.02239173,3.90514590,3.69846806,2.60150608,4.12749510,4.12874262,4.05970775,3.86109560,3.75279852,3.49173934,2.83086604,3.06394438,2.90551729,2.79366264,2.71575832,2.83917662,2.96140449,2.79067197,2.74697439,2.65871473,2.61847238,2.58316502,2.65486141,2.61570285,2.97125977,3.18648200,3.27251312,3.56131099,3.51624176,3.23326051,3.70575726,3.50373323,3.30372723,3.40069031,2.95460734,2.72719771,3.27937778,3.96384242,4.05397946,3.81739437,3.96229654,3.75403236,2.79629637,4.15166902,3.78579510,3.69302217,3.98495735,3.61908256,3.12669958,2.62396580,2.82281956,2.80451357,2.81804836,2.87425881,2.93172585,2.97435592,2.76064361,2.67668182,2.69966471,2.65484865,2.76302070,2.68306411,2.82831978,2.73242807,2.82714587,2.79609241,2.74790211,2.89014224,3.01654336,3.04859851,2.83877816,2.74778999,2.94369691,2.78026787,2.76367082,2.65538208,3.51635131,3.91595424,3.60757466,3.66440202,3.51585886,2.80987490,3.72130791,3.65261869,3.25326233,2.93414431,2.79271096,2.73511964,3.58522762,4.14508061,4.07541167,4.05479988,4.13678021,3.43997963,2.63623586,4.21976375,4.02678738,4.11552533,3.71949515,3.75453817,3.58186676,2.77691087,3.69815694,3.74069781,3.53324964,3.48434819,3.46778520,2.97436116,3.90753136,3.72409874,3.67319963,3.60120199,3.64557218,2.60120540,0.00000000,3.13425579,3.50858274,3.44210987,3.46664586,3.16679982,2.48547682,3.85928930,3.46177499,3.81068871,3.41424800,3.16962887,2.70049600,2.91397444,3.79427641,4.13325352,3.71195424,3.78954434,3.37392927,2.70275216,4.14030439,3.82251165,3.71353535,3.65005091,3.95345739,2.69606656,2.46248126,3.81008438,3.98946960,3.76238302,3.64630860,3.34343283,2.62906609,3.96049363,3.95884516,3.67508953,3.30107545,3.34867236,2.63856005,2.66876158,3.53187887,3.93075849,3.92103480,3.92315457,3.37663232,2.60693606,4.27663768,4.07938516,4.14140365,3.85425779,3.98677820,3.81533805,3.39435596,3.91285122,4.03531361,3.88438132,3.77837978,3.66822278,2.86216286,4.12490081,3.96595587,3.75046831,3.62040578,3.58930441,3.20644687,2.72476019,3.88376797,3.98433343,3.72392794,3.81073417,3.53888780,2.83139253,3.90098647,3.53953208,3.23622387,2.88657121,2.93607880,2.71272878,3.02596422,3.83500653,4.02309187,3.71024596,3.84685396,3.59669778,2.81432468,4.23311834,3.73877571,3.92332018,3.71319127,3.59977082,2.77990383,2.33907746,3.63571658,4.12359059,3.69115965,3.53735407,3.35364171,2.90800606,4.27154003,4.01149340,3.80557498,3.18918532,3.84476824,3.41351156,2.55627272,3.84342749,3.95575448,3.65239670,3.77008464,3.13584551,2.51306637,4.18960992,3.71048185,3.79186866,3.83787633,4.07298306,3.73138300,3.07193737,3.93653728,4.06495562,3.83993212,3.81373949,3.68106829,2.80379656,4.36413296,3.91267849,3.74909585,3.58005310,3.50908158,3.24867252,2.77812484,4.00924240,4.09204500,3.87655649,3.68562219,3.46368348,2.58578106,3.82954360,3.78325064,3.67577480,3.52219806,3.27785524,2.74489008,3.44140229,3.97139813,4.08731940,3.83565448,3.69219122,3.63388129,2.92303496,3.96219979,3.66670347,3.59911810,3.74163509,3.56253225,3.07395988,2.79822794,3.80672109,4.00616902,3.62679311,3.67157185,3.57375721,2.71445305,4.05452935,3.97841065,3.89804041,3.81789843,3.77213100,3.39161855,2.71154050,3.25478861,3.07511137,3.44857343,3.31085968,3.29414907,3.06561510,3.99441005,3.76058686,3.50172909,3.52721522,3.64073832,2.95678331
4.09099966,3.34117684,3.95753212,4.04059288,4.01042853,3.36967365,2.80153407,2.98180196,4.38610145,4.44234626,4.20063393,3.45845517,3.84650576,2.89714740,2.64908658,2.82938713,2.87355374,2.80736354,2.75200576,2.80572509,2.56418429,2.60669493,2.61827180,2.54660393,2.51786410,2.59948617,2.64582153,2.84725758,3.41648976,3.35544219,3.83698059,3.37044210,2.87243846,2.99859410,3.74213432,3.28232690,3.06883887,2.78633642,2.62319456,3.98602277,3.27193818,3.85293583,3.83293911,4.04785510,3.43604205,2.78466654,3.22494400,4.16565102,4.08853550,4.23459695,3.26704796,3.39638783,2.92536969,2.60496594,2.86897138,2.92845009,3.08334747,2.81211832,2.65613356,2.59964440,2.65009015,2.53777478,2.46440248,2.62384788,2.56544204,2.73638405,2.68196401,2.70297702,2.76673318,2.89923202,2.73287075,2.78907197,2.71708935,2.80750117,2.59488132,2.84296084,2.56520830,2.57076803,3.60600476,2.96135632,3.89769036,3.87894218,3.97738604,3.31754422,2.86940316,3.01337819,4.00155681,3.30068934,2.85608643,2.58707261,2.56481964,4.07440099,3.74759965,3.65682618,4.10722069,3.98265530,3.08619526,2.96806326,3.20504317,4.28541577,4.28435344,4.09695067,3.51198051,3.89490115,3.55261328,2.69650692,3.66932891,3.77872813,3.57547917,3.18313038,2.93391676,3.25592125,4.05937868,3.60863431,3.51974027,3.48457939,2.55178314,3.13425579,0.00000000,3.34736842,3.38035105,3.57692241,2.96311761,2.62687150,2.89128088,3.88556675,3.98859879,3.68991514,3.00269091,2.58649504,3.76966723,2.89765600,3.90747152,3.83794222,3.91990623,3.20991685,2.64566470,3.13781742,4.15470091,4.09206942,3.52765084,4.02640983,2.70160899,3.45624694,2.60855894,3.80956472,3.63213434,3.62926119,3.12331211,2.75544229,3.11584317,4.15805113,3.77637811,3.38630082,3.04140387,2.52120367,3.32252751,2.62067002,3.79600749,3.86148861,3.98377076,2.95957148,2.69464530,3.12490800,4.33283729,4.59278357,4.06628547,3.65660770,4.15918044,3.87676020,3.16119918,3.78203636,3.92893261,3.76475915,3.42737199,2.97607050,3.20487656,4.35545102,4.20942499,3.69820249,3.50581812,3.17566827,3.65025641,2.60616809,3.87743274,3.72830103,3.81373661,3.11902941,2.85129111,3.19493809,3.97740294,3.36961311,2.84236163,2.84850612,2.55002291,3.88702650,2.81739498,3.93474008,3.83082381,3.99239322,3.46904800,3.01973962,3.33406313,4.26937664,3.82745186,3.68006732,3.65587007,2.64552276,3.63182609,2.94835882,4.12965061,4.18338840,3.93225118,3.15563941,2.93067132,3.22252328,4.07330335,3.99938259,3.29645447,3.24041227,3.49335969,3.68830199,2.59300193,3.77665410,3.94617914,3.80190725,3.03773416,2.66903830,3.08615884,4.17543917,4.12323735,3.73536050,3.48506369,3.97188654,3.64318395,3.55217718,3.73311742,4.00007279,3.88952876,3.33126755,2.95533558,3.26171776,4.05361694,3.90064400,3.57627141,3.50131738,3.61945823,3.55579661,2.84964069,3.70589576,3.88933700,3.84829659,3.19689559,2.82725611,2.66184258,3.89602320,3.64584528,3.65937303,3.20568255,2.56753048,3.97521810,3.40385264,3.74789088,3.98887610,3.78502690,3.19465564,2.86633678,3.05388438,3.93236894,3.73655472,3.79387979,3.38020156,3.27644863,2.93673073,3.29919673,3.80745351,3.74796923,3.70740421,3.32935941,2.93063027,3.00309252,4.34561464,4.38446839,4.10429635,3.52767319,3.65702925,2.67351000,2.94679289,3.24599351,2.97904866,3.45190935,3.03429492,2.87593282,3.12885805,3.83007773,3.62330471,3.48837816,3.15022824,3.01318623
4.29865353,4.36172311,3.37435578,4.18321974,4.05298062,4.10650061,3.43855739,3.42594009,3.67242869,4.70914016,4.56998996,4.04047070,3.98434200,3.55360576,3.38253283,3.21688726,3.45394652,3.27085806,3.34792650,3.31703139,3.21678712,3.29322790,3.21790591,3.23048705,3.22256618,3.26858470,3.37360038,3.57831681,3.46646805,3.93105379,3.79087543,3.82213780,3.51581296,3.63139314,3.55744236,3.96633745,3.81746638,3.37841753,3.21801388,4.28921864,4.45260230,3.31404535,3.99988235,4.15924809,4.08948854,3.33100959,3.55841478,3.62832485,4.61023278,4.53098957,3.90086357,3.44911512,3.53007550,3.48359171,3.11596397,3.44132596,3.44893350,3.42764064,3.35766151,3.35190631,3.36444195,3.21555499,3.16526175,3.28443961,3.22942616,3.31807989,3.25454244,3.23212938,3.30093459,3.31512551,3.27030347,3.35689799,3.37122834,3.23378561,3.22698169,3.31046589,3.29547474,3.28565095,3.85208860,3.92489063,3.10178905,4.04053946,4.01892802,3.89180197,3.49192415,3.46603443,3.55397447,3.77350023,3.29854759,3.38005972,3.25742711,4.23207289,4.70801549,3.60800296,4.16110540,4.07736026,3.83287725,3.53426351,3.55917834,3.48806174,4.67705798,4.14040589,4.21399007,4.00679759,3.83070019,3.58619079,2.90107606,3.84991473,3.78017625,3.81581501,3.31022777,3.71044962,3.77296570,4.54406233,4.09068004,4.13629588,3.15178513,3.50858274,3.34736842,0.00000000,3.48934713,3.61010660,3.52947231,2.94236045,3.39919782,3.28825188,4.66728062,3.71237614,3.55869449,3.21557460,4.02272497,3.82533112,3.12204395,3.85635800,3.91512532,3.74594142,3.08456743,3.48254766,3.51064211,4.61108307,4.11572109,4.27595527,3.21850709,3.91112319,3.90211668,2.92696812,3.82288563,3.75167385,3.79243095,3.29564691,3.47052140,3.42301502,4.29450134,3.80832527,3.95167863,3.22305397,3.86345044,3.87319686,3.02874567,3.81067951,3.98187946,3.63003994,3.19069491,3.43041771,3.35142337,4.80204732,4.40980308,4.26804438,4.18155803,4.26562840,4.26611571,3.24666665,4.16019765,3.97199733,4.02254883,3.39785417,3.52552220,3.82142187,4.58844216,4.22187873,3.97551078,3.48364995,4.07164676,4.00276324,2.80293397,4.04455689,4.04889707,3.89569619,3.35719671,3.71882142,3.55493025,3.93786690,3.40229683,3.40514583,3.24506377,3.99194806,3.88752160,3.22684613,3.96864427,4.01318510,3.97014841,3.32908046,3.52748207,3.55316959,4.51900568,3.90380459,4.05144356,3.25457879,3.90634948,4.08016656,3.08419866,4.15270488,3.78260599,3.84984440,3.37958146,3.42355153,3.59344360,4.53695362,3.98408980,3.81425956,3.91624375,4.26581740,4.04219082,3.08186007,3.98299646,3.94294339,3.73097201,3.13235559,3.48064649,3.43963458,4.59895581,4.20333173,4.32548331,4.15448321,3.96601134,4.34741414,3.66775264,4.15035569,4.05468499,4.00957371,3.46574713,3.56790988,3.63650396,4.63131256,4.21329116,3.68101386,3.62934563,3.94881653,4.05087363,2.95613493,3.91927915,3.72146189,3.74537202,3.18227587,3.44283384,3.38048451,4.47951716,4.13603925,3.78304755,3.29215299,4.01539096,4.07522615,3.45577727,3.98691796,3.84696676,3.99532179,3.47827033,3.38038866,3.61786791,4.37075332,4.22122963,3.89016002,3.63959186,3.38203757,4.19743340,3.44367074,4.07717421,3.93056365,3.99820098,3.43523476,3.50055340,3.68847850,4.76004131,4.44937925,4.17368016,3.86927679,3.26026212,3.80952512,3.58587789,3.61410630,3.46923587,3.64030495,3.52127761,3.56267651,3.48946697,4.17399488,3.89623725,3.72358792,3.59427640
4.00285839,4.22732764,4.50647997,2.83802223,3.89570994,3.83625063,3.43088131,3.70652999,3.91874445,3.65574192,4.79938415,4.10540818,4.35379531,3.33697417,3.31823202,3.32303306,3.04658329,3.31617853,3.19282841,3.15590421,3.01523224,3.04877411,3.06328691,2.97724852,2.97474746,2.95765816,3.00624116,3.31509914,3.54894584,3.13992496,3.71087495,3.60638352,3.46071752,3.49527972,3.67838244,3.38869657,3.65029843,3.20963458,3.00663244,4.13906474,4.30451693,4.38435994,2.81482536,3.87378461,3.82862715,3.46226964,4.02996958,3.62592435,3.62668628,4.72753435,3.92704428,3.80046906,3.03892848,3.03479444,3.10168628,2.56805207,3.12115431,3.14786891,3.20575785,2.99334872,3.05644995,2.97348059,2.85784373,3.01033142,2.98295961,2.98276970,3.13967400,3.13519819,2.97553124,3.20581154,3.01284016,3.19387456,3.22018093,3.11256502,2.94681033,3.21607431,2.97030841,3.10820994,3.82209360,3.57916174,4.10170334,2.56807555,3.77416770,3.61336212,3.34234536,3.37701326,3.81011535,3.35359445,3.19961428,3.14390540,3.01712051,4.11047640,4.35922932,4.25378447,2.95023948,3.85355399,3.65719157,3.32864931,3.85706694,3.92702463,3.32833905,4.43275177,4.46142340,4.25534082,3.55240104,3.66295950,3.75847930,2.72864830,3.58177024,3.50717983,3.10200624,3.77345100,3.83822000,3.76326341,4.18323174,3.77213870,3.00387077,3.44210987,3.38035105,3.48934713,0.00000000,3.28217973,3.17929970,3.04937631,3.42147753,3.34621947,3.61024398,4.28705702,3.81580294,2.97988140,3.79785672,3.87492682,4.10814691,2.44854528,3.66013564,3.51096496,3.26139069,3.61712102,3.76402457,3.86979850,4.55676814,4.30189570,3.02548711,3.62187205,3.74128949,4.11958989,2.32168359,3.55220863,3.48393718,3.12347350,3.47354555,3.76954608,3.23481074,4.00236381,3.69133481,2.98719290,3.85142246,3.79012574,3.99472332,2.87260553,3.78997225,3.42415826,3.32431030,3.73486050,3.79615125,3.70553026,4.74942916,4.26631998,4.14904816,4.17549766,4.13083917,4.28662198,3.06159070,3.87730179,3.78017182,3.43441392,3.64200531,3.69171234,3.90790815,4.40860658,4.13157065,3.79811104,3.96219931,3.94391775,4.05498000,2.19929641,3.77459451,3.59120360,3.38051705,3.60637537,3.60115660,3.41130269,3.39630835,3.29180191,2.98279382,3.90615016,3.82350096,4.12782491,2.74462330,3.77682244,3.58528878,3.48768076,3.65163022,3.63850114,3.93408693,4.51767464,4.00468159,3.02342475,3.65357930,3.89787021,4.02408175,2.87701944,3.66263247,3.58509857,3.48533808,3.67061012,3.72494690,3.36742793,4.10133840,4.00715570,3.89644404,3.78719144,3.90908573,3.89230319,2.19006248,3.69316800,3.59002279,3.10060110,3.73567341,3.74004906,3.56170624,4.61784184,4.20718481,4.15052134,3.85808357,4.06507517,4.26578440,2.99393052,3.77189896,3.79857932,3.32053589,3.56978776,3.62175682,3.72432116,4.52986376,4.08680969,3.83399672,3.74944878,3.83218156,4.05858234,2.51336476,3.67169839,3.53650684,3.14608401,3.48321007,3.90339059,3.62790674,4.24383401,3.70209905,2.96861984,3.74289546,4.13333016,4.01730972,2.98752099,3.45084067,3.76706796,3.35026411,3.56142068,3.50564504,3.66327748,4.48953187,4.06483977,3.75338437,3.18144530,4.06873437,4.19267820,3.08696445,3.59563177,3.61809607,3.35336725,3.68309703,3.82713825,3.67189597,4.78795801,4.30759746,4.17329262,3.02708452,3.52387315,3.89802132,3.31655721,3.54186609,3.39540951,3.49931661,3.83067478,3.87118915,3.60145128,4.18471035,3.88610764,3.52868985
3.77884024,4.04829096,4.20390627,3.66394762,2.36807692,3.36440311,3.44100170,3.77100754,3.55591582,3.78916974,3.49196497,4.55781261,4.31902306,3.37955675,3.30776259,3.20643967,3.35418576,3.04026731,3.24011317,3.28288254,2.93461610,3.00147030,3.09991008,2.96388667,2.97096585,2.96592130,2.99630536,3.27202768,3.38831058,3.46008501,2.65560120,3.33615415,3.02223773,3.52068191,3.36433890,3.30664216,3.19710653,3.29926127,2.99709865,3.89194281,4.21332548,4.02432342,3.67431336,2.48163246,3.35213477,3.44810087,3.86662183,3.35337111,3.52128583,3.57153285,4.28690154,3.91914435,3.20363841,3.15748220,3.13133355,3.12919850,2.73955855,3.14270665,3.14955759,2.96710363,3.11429256,3.01199527,2.90564431,2.98881672,2.85855369,2.93427225,3.19037188,2.99596431,3.05805937,2.94259017,3.08810325,3.17932995,3.01061115,3.02604853,2.94179545,3.02758825,2.98365145,3.08694335,3.53242693,4.03950382,3.83931109,3.65268357,2.33098603,3.24166024,3.23122112,3.58220367,3.44410786,3.43427434,2.97522741,3.06228673,2.97607476,4.06990865,4.28132046,3.85558474,3.62970323,2.52248459,3.17692862,3.54539663,3.83755524,3.48772683,3.67806840,3.43216384,4.60157903,4.36559050,3.43142277,3.64663510,3.44183572,3.63347944,2.23054068,3.05163491,3.09357755,3.62674431,3.43130681,3.55486312,3.42374383,4.10476275,3.04482573,3.46664586,3.57692241,3.61010660,3.28217973,0.00000000,2.75613014,2.86708101,3.38840378,2.98627415,3.64837726,3.46350415,3.84641459,2.97537803,3.66003711,4.15453096,3.80697509,3.65859576,2.29912671,3.26326287,3.14564363,3.49124364,3.28032742,3.75585877,3.76195283,4.57466073,3.00963101,3.61859757,3.97624822,4.00131468,3.82211760,1.83191923,3.05040963,2.97769989,3.31454991,3.13368622,3.52802300,3.33139886,3.69446884,2.99932405,3.76118003,3.85882379,3.48422804,3.71918653,2.41164556,3.25189097,3.31056100,3.67247507,3.49706011,3.86790263,3.66800814,4.76463166,4.41180940,3.91860819,4.23367637,4.06892332,3.92234872,2.63897583,3.46138432,3.45333331,3.75530534,3.69628810,3.80800739,3.50592417,4.52614848,4.04197832,3.75455030,4.01177122,3.79313431,3.54527848,2.09297430,3.24270896,3.14034597,3.43250280,3.20816545,3.75930708,3.29937535,3.11374772,2.96323688,3.80476272,4.00877962,3.56012233,3.78708798,2.35584749,3.19605097,3.11950494,3.43797419,3.13516262,3.89456080,3.54336600,4.10336800,3.07273003,3.65232656,4.13718516,3.93090232,3.73238226,2.34355008,3.19134268,3.22848717,3.69253358,3.41582148,3.67023311,3.54704861,4.41981793,3.98001733,3.77157027,4.14489810,3.65779442,3.69069624,1.76386716,3.29626267,3.19374586,3.58425157,3.33766216,3.50826462,3.51512048,4.63239787,4.03273127,3.68399486,3.93935282,4.02996830,3.76340709,2.75738854,3.27035699,3.39618361,3.65851473,3.25214528,3.67356153,3.68974242,4.38937159,3.92067916,3.37838877,3.82962162,3.64870483,3.70445626,2.08928919,3.13137815,3.11429291,3.45521663,3.17737981,3.72768380,3.39974281,3.81141653,3.02922143,3.68103781,3.81136469,3.84546696,3.71644694,2.57126134,3.38340131,3.48685272,3.61049739,3.26675743,3.56168879,3.65261079,4.33682070,3.64155577,3.04501008,3.98855576,3.87376142,3.60037713,2.57868255,3.36835492,3.40769129,3.69085365,3.67345016,3.82781909,3.53596657,4.73610101,4.14666017,2.92968051,3.49143579,3.67980328,3.62125138,3.03736290,3.29976568,3.31116580,3.91393343,3.65808101,3.69305083,3.46934068,3.98586407,3.57967416
3.50094890,3.49615817,3.97040293,3.55072313,3.46545814,2.54826986,2.64014495,3.12196998,3.45469328,3.37088720,3.39819679,3.28706109,4.26939404,2.43835344,2.38115599,2.34623422,2.40868649,2.46742151,2.19720811,2.29237312,2.11808179,2.16799703,2.17759169,2.19571699,2.15354439,2.15656460,2.25973351,2.65283398,2.87032353,2.86503023,3.03684449,2.16050136,2.56747964,2.74031998,2.99264116,2.65519198,2.83010372,2.36438568,2.13880162,3.72334623,3.82397630,3.96892324,3.71012557,3.54948891,2.45323931,2.58237126,3.27917400,3.17877816,3.21454378,3.41046244,3.11682104,3.44959313,2.54412308,2.59413139,2.30916438,2.32434188,2.61872533,2.08413558,2.32673407,2.18714190,2.11182758,2.20285779,2.16341713,2.14862006,2.07886574,2.23332304,2.44351526,2.40045611,2.38519350,2.55333260,2.05843431,2.48450074,2.31235843,2.43407340,2.20096554,2.43163768,2.08810696,2.14041109,3.26611818,3.13400953,3.66397441,3.39301411,3.25774196,2.09871259,2.66092306,3.06604987,2.88939714,2.80718376,2.44325102,2.20238098,2.07257449,3.74144956,3.95610767,3.75143978,3.54286512,3.46626882,2.28374306,2.74646320,3.14184969,3.26127335,3.62056608,3.29235411,3.44400068,4.03873500,3.03291336,2.94453231,3.15217994,3.17660019,3.02302014,2.04227465,2.81171010,2.99796423,3.20697277,3.21390534,3.40879868,3.34814486,2.09771894,3.16679982,2.96311761,3.52947231,3.17929970,2.75613014,0.00000000,2.27375689,2.70145195,2.77485390,3.05525439,3.16863232,2.70947812,2.10018966,3.23710477,3.28480499,3.58489262,3.21848236,3.29704194,2.06955997,2.60890255,2.95412286,3.15502250,3.12342586,3.50350427,3.48722458,2.19360802,3.38077221,3.35236980,3.67209114,3.55739392,3.05501611,1.64794742,2.47508634,2.79814228,3.34597936,3.22136909,3.16826288,2.70277006,2.13354807,3.28523050,3.03120873,3.40474161,3.31959124,3.23454681,1.89535469,2.52880669,2.98497233,3.27124363,3.61953100,3.50716725,3.64028127,4.37088349,3.60707944,3.62780413,3.75958884,3.70694237,3.57267182,2.65767178,2.54954708,3.03478531,3.28372554,3.39537365,2.99217966,3.40345864,3.35456136,3.54711428,3.54323785,3.88258892,3.43506209,3.38157238,2.03443788,2.65824763,2.99511294,3.08160996,2.85477894,2.86974981,2.33344778,2.10620731,3.58104268,3.29705446,3.67052383,3.37073873,3.33065963,2.12771213,2.52568472,2.75586727,3.10493822,3.47893337,3.47711337,3.02785157,2.24275574,3.28429315,3.62599863,3.83009886,3.46877545,3.07647284,1.93561491,2.65053650,3.16020282,3.19072624,3.36893347,3.26306866,3.33031714,3.90082510,3.46615134,3.43686620,3.68704818,3.29669765,2.95164371,1.65443195,2.67944720,3.07851545,3.08701409,3.21965201,3.48765730,3.68794354,4.10792463,3.33953914,3.70852650,3.87665269,3.44147927,3.43739441,2.47249717,2.51428053,3.22856539,3.17728268,3.25460486,3.23703395,3.14518457,3.57928478,3.38848270,3.29491219,3.41673490,3.33672462,3.22547188,1.84027521,2.62519163,2.84248645,3.18682214,3.07486119,3.35127035,2.64429329,2.19677377,3.48905297,3.32963723,3.58915974,3.54258955,3.40372250,2.58916445,2.70479907,2.96530592,2.99535243,3.09163787,3.36671715,3.25025767,2.95626213,2.75212718,3.43379125,3.62861119,3.14967178,3.34632180,2.51423817,2.67737756,3.17935437,3.42924172,3.48674625,3.41599875,3.56371356,3.98936606,2.11209358,2.92393691,3.23955445,2.95209095,3.19947819,2.43735636,2.76962348,3.26051270,3.13983356,3.07022186,3.06458696,2.96886590,2.82010749
2.81738621,3.26194330,3.56450010,3.26063793,3.31426665,3.08479465,1.97097556,2.94294693,3.35791915,3.34962354,3.39020578,3.27563399,3.31628124,2.06780167,2.07488350,2.02024353,1.99265201,1.97727600,1.94113594,1.99041779,1.71177322,1.68162990,1.78924814,1.67519943,1.59452465,1.62094596,1.88510020,2.16066720,2.64199758,2.75584291,3.02304954,2.83975274,2.35989970,2.78157610,2.80511597,2.60880975,2.64639601,2.18031365,1.64106547,3.09511472,3.32825467,3.39519852,3.35536222,3.27524597,3.04755314,2.00495752,3.06229953,3.12711755,3.14496915,3.27725148,3.08850279,2.42516660,2.04614652,2.13683719,2.00699666,1.92748923,2.07543416,2.17790558,1.83207593,1.76898758,1.87708896,1.72283654,1.74149219,1.76205624,1.68843452,1.73507514,1.98454427,1.85154595,1.86791500,1.99798854,2.06229048,2.05346720,2.01239628,1.93155617,1.63872432,1.94833873,1.76545401,1.72068763,2.72635771,2.92554917,3.33157807,3.28713859,3.16689330,2.91912490,2.07219874,2.88343268,3.03582025,2.61118025,1.87570871,1.72652968,1.68305366,2.85881068,3.62896332,3.18374887,3.28254681,3.25273421,2.66358484,1.95703844,3.11954233,3.18488872,3.50700195,3.19137112,3.47673745,3.16645626,2.41401476,2.68749605,2.75422981,3.00532413,2.83605061,2.67911355,2.02454971,2.93907475,2.98343434,3.10951169,2.92665964,2.96568429,1.68090698,2.48547682,2.62687150,2.94236045,3.04937631,2.86708101,2.27375689,0.00000000,2.48026577,2.77919508,3.00172340,2.52907006,2.38093860,1.70564309,2.83128499,3.17665455,3.26008047,3.09638968,3.18255545,2.77883584,1.93296006,3.08176587,3.00491494,3.27126743,3.09796938,3.47800688,1.69094593,2.81387322,3.17442702,3.35848013,3.26823192,2.95704930,2.62184279,1.67494230,2.79263114,3.12229478,3.01030877,2.63883343,2.39952055,1.63808607,2.48015254,2.81419371,3.10229625,3.06692707,3.09065854,2.49000317,1.62598577,3.01343217,3.27893960,3.65060266,3.40123133,3.49850179,3.28459054,3.10182460,3.40369158,3.29197887,3.44419971,3.11772728,2.97168781,2.23352651,3.12490303,3.19373932,3.18863958,3.18932752,3.13857090,2.61257815,2.80646204,3.22723903,3.32458894,3.15817117,3.19559422,2.81068912,1.77823108,2.91815657,2.86865692,2.42675757,2.17655343,1.93226628,1.70874077,2.70014962,2.92676252,3.40024582,3.21438617,3.26377065,2.97277386,2.15344116,3.15856516,3.07467098,3.55757586,3.17278572,3.08825799,1.74449088,2.71703645,3.30975261,3.43677161,3.35657623,2.97633186,2.73496689,2.06688950,2.97475083,3.23292542,3.22536473,2.74896981,3.13546705,2.88782403,2.88097229,3.13132780,3.25170979,3.23048618,3.12059835,2.53704223,1.55919569,3.02773166,3.00704885,3.22043811,3.16821859,3.42415608,3.06452934,2.67684822,3.37053741,3.36140456,3.16325520,3.13276777,3.00594664,2.26179900,3.15452673,3.05347220,3.13590958,3.01492609,3.02125586,2.81258375,2.70036846,3.11139787,3.10508072,3.12676108,2.87109701,2.62013897,1.76955272,2.88260513,2.92058415,3.08550211,2.96137003,2.69662985,1.72392921,2.74770417,3.12343021,3.31128167,3.12135676,2.97543822,2.98445226,2.26632634,2.82107929,2.93495256,3.07502233,3.30967328,3.22433483,2.58283117,2.00709140,3.04405363,3.19970750,2.97337000,2.91066886,2.81694701,2.05294989,2.93382140,3.19192203,3.21574746,3.24837627,3.29065781,2.96183740,1.62480341,2.66992731,2.68068520,2.79030919,2.91170527,2.71116080,2.35715262,3.03284476,3.18373060,2.90559282,2.95649243,2.97148863,2.35497239
4.14326372,3.63688572,3.78655758,3.58961752,3.56377920,3.02159063,3.04865884,2.64299782,3.43818190,3.78744571,4.01141998,3.76131517,4.27886431,3.02161303,2.82956415,2.79970245,2.98267437,2.82265099,2.73355805,2.74933953,2.54062686,2.59297780,2.69400760,2.59071257,2.61633776,2.57957425,2.73430828,3.02076088,3.39375406,3.20809831,3.38622098,3.04040264,3.07125840,2.85857633,3.29129610,3.14988496,3.21622852,2.87099442,2.54629429,4.17895196,3.56080625,3.66892243,3.62569085,3.53506318,3.08717726,2.97705510,2.69129992,3.32662407,3.72054415,3.94734021,3.57875015,3.45625401,2.98786938,2.86442408,2.72843829,2.68426532,2.72819990,2.66552188,2.55423054,2.56108206,2.66572938,2.52130910,2.57926329,2.63798134,2.54159067,2.59389368,2.77200389,2.63350981,2.76407632,2.82234825,2.63187870,2.84921412,2.73020631,2.79667377,2.56417149,2.71027534,2.52413674,2.62754413,4.08777987,3.49838720,3.50005373,3.60775531,3.65396535,3.26049750,3.09277687,2.65196037,3.35348081,3.27687036,2.71408481,2.62492073,2.56969353,4.12334431,3.85873952,3.53427123,3.47928114,3.36833840,2.76195672,3.10772590,2.68747835,3.38969738,3.74450198,3.80679315,3.93932878,4.13615842,3.66965233,2.85696994,3.37711557,3.62380654,3.17561400,2.89089545,2.99446875,2.99718825,3.55154695,3.66719280,3.81355108,3.62697500,2.54079523,3.85928930,2.89128088,3.39919782,3.42147753,3.38840378,2.70145195,2.48026577,0.00000000,2.91196444,3.10202486,3.32783246,3.14294184,2.58821106,4.00483169,3.46336594,3.68053005,3.57743223,3.47157949,2.87121316,2.70822774,2.83697555,3.37482110,3.81578184,3.74108188,4.09636196,2.64250573,4.00639147,3.29552486,3.62552039,3.46795584,3.34003600,2.87991802,2.87191810,2.47952950,3.19957858,3.42081699,3.39069853,3.12738601,2.52098234,3.77045406,3.20643705,3.50154506,3.31475683,3.16035471,2.58980551,2.84588269,2.72292884,3.33588996,3.95098715,3.75454877,3.76052851,4.14539051,4.13261660,3.64905910,3.55776042,3.57159528,3.39724312,3.07450290,3.05837807,2.96564185,3.40138623,3.83609149,3.50245490,3.76113109,3.28288827,4.06362730,3.39656243,3.72173477,3.46594693,3.51379390,2.99259011,3.01069784,2.47667485,3.17890927,3.21444315,2.97531723,2.70041701,2.48689591,4.06299618,3.41250479,3.75390264,3.58387083,3.67936226,3.08120310,3.07176384,2.87750866,3.27734464,3.71901302,3.67978518,3.54352665,2.59568550,3.85935548,3.45457718,3.46056034,3.52562595,3.33283944,2.95074292,2.77484499,2.68089743,3.22941044,3.52993970,3.47432708,3.47332641,3.59916266,4.04023118,3.37022311,3.79065885,3.71741858,3.46005585,2.94265374,2.87303278,2.33560506,3.30003066,3.64217436,3.65621146,3.70015672,3.85017868,3.80310645,3.94879390,3.63912328,3.63057455,3.31782567,2.95190608,3.16191162,2.76288048,3.17606806,3.58302063,3.45865438,3.81908964,3.84400382,3.91066583,3.42371881,3.48052331,3.57134976,3.36328259,2.83213768,2.94445852,2.85503744,3.37253182,3.46217877,3.65880501,3.31681770,2.60316676,3.77867053,3.53658198,3.53907330,3.62437594,3.32625342,3.06869928,3.13636717,2.86495175,3.22005217,3.61891384,3.67446776,3.78117579,3.45398887,3.07263073,3.42302054,3.37455787,3.44680779,3.37294373,2.93572987,3.10815061,2.65479450,3.41471828,3.78541344,3.83903253,3.79587915,3.97948820,2.61448175,3.10222862,3.54375353,3.02982124,3.32026674,2.86693676,3.14539973,3.07609497,3.25376986,3.36874036,3.34998834,3.42808000,3.20060221
4.09435626,4.60666598,4.01937987,3.57465432,3.49394613,3.38683378,3.32720479,3.55828461,3.08721325,3.61508946,4.00895341,4.05764609,4.40849170,3.28623000,3.30993195,3.07958342,3.13640557,3.08592483,3.09330298,3.08740442,2.88784419,2.95337324,2.99481304,2.93012101,3.03949825,2.95289980,3.10143189,3.38609290,3.35604067,3.42482786,3.07878087,3.17906028,3.25997893,3.49737821,3.01052989,3.37625403,3.48503022,3.09228728,2.93368389,3.82107655,4.50574167,3.65805259,3.59429174,3.41430708,3.35609794,3.25980248,3.60520044,2.69716462,3.69997596,3.93451591,4.07608841,3.65993769,3.16274033,3.28844864,2.95269862,3.00035785,2.85583240,2.94856498,3.08777433,2.94351306,2.99862547,2.96138084,2.88295505,2.99722841,2.89051249,2.85253592,3.06588376,2.96585922,3.03987930,2.95130651,2.83729038,3.17144341,3.08074996,2.94060548,2.89284477,2.98320304,2.94432402,3.02009238,3.81558626,4.14529832,3.51394810,3.64581695,3.49559463,3.41019935,3.29847834,3.44009940,2.97290505,3.29877915,3.01484831,3.01931282,3.01435537,3.96696753,4.52446121,3.96136418,3.72427391,3.31515196,3.14085925,3.29400488,3.67564976,2.92929066,3.82344592,3.67443859,4.26915896,4.34098557,3.43960880,3.82890407,3.10680331,3.51714160,3.14405371,3.15366811,3.19332533,3.42155744,3.11087697,3.90896335,3.75928011,3.95589531,2.91137286,3.46177499,3.88556675,3.28825188,3.34621947,2.98627415,2.77485390,2.77919508,2.91196444,0.00000000,2.94616910,3.25701150,3.46522622,2.90482717,3.78627907,4.16535684,3.58880180,3.42404771,3.44258815,3.17592393,3.13578402,3.41588784,3.04477029,3.78584281,4.12427051,4.37438257,2.92268750,3.73366722,4.16013244,3.61401277,3.55028225,3.10897244,3.16119554,3.17679712,3.44860547,2.85823568,3.54534756,3.56566159,3.54925701,2.91965945,3.79103037,4.06428668,3.22322083,3.28402636,3.22794474,3.03775564,3.19556325,3.52260795,2.65626505,3.76520174,4.00090088,4.32089331,4.37256399,3.92198743,4.36494775,3.66696434,3.70937804,3.49570928,3.43831467,3.34223712,3.66575263,2.97571702,3.80487344,3.85129082,4.08045031,3.69801197,3.96994110,4.49891115,3.67583391,3.63436538,3.43129890,3.19365124,3.28366367,3.42128528,2.71233853,3.44694677,3.34194370,3.07139586,2.86390793,3.74671784,4.10265179,3.40484474,3.41801479,3.43925751,3.15905506,3.06395083,3.31094250,2.72974145,3.75439150,3.62585590,3.67245692,3.03576658,3.64099678,4.46693468,3.52184212,3.49843122,3.12152171,3.22102964,3.28289361,3.54973169,2.94974199,3.41772464,3.75209641,4.15917057,3.90065172,3.89607203,4.45832807,3.50669423,3.50373627,3.25020691,3.10943028,3.01031109,3.30277677,2.49627236,3.58173389,3.80382754,4.42882753,4.19620359,3.57891145,4.41412977,3.99092274,3.60645351,3.38162139,3.30858716,3.12598509,3.52954430,2.95158811,3.66920140,3.67797695,3.87158448,3.70099239,3.81841104,4.32011362,3.55034539,3.67306284,3.04030502,3.04579564,3.00047553,3.53906625,3.00866428,3.66164880,3.47643716,3.43415099,2.93642091,3.70229516,4.19256067,3.69712539,3.72748797,3.30205817,3.44558781,3.33733631,3.42457416,2.88248079,3.49721898,3.69016324,3.84449146,3.26829625,3.15553778,4.19910124,3.76913102,3.61986709,3.43145277,3.33614514,3.24991575,3.61704243,3.16793472,3.72874719,4.00529677,4.23526821,4.17594625,2.90727880,3.59356481,3.54154126,3.60011627,3.13302551,3.27188332,3.41905946,3.81880776,3.34671292,3.69046762,3.67338424,3.85384159,3.44891275
4.07686114,4.38091830,4.89246166,3.79944158,4.04563009,3.53716476,3.49023021,3.87630463,3.89067747,3.19932749,3.97744196,4.33837566,4.57673610,3.36938084,3.35982512,3.40820970,3.29657064,3.31797783,3.31257177,3.29084175,3.14572490,3.17421785,3.21522530,3.14279373,3.22482981,3.11895773,3.18010117,3.50062416,3.93284236,3.37531064,3.71163850,3.59004767,3.53903877,3.62846264,3.68658430,3.27208523,3.73622977,3.39056302,3.08340665,4.15000213,4.28772899,4.62763301,3.77196956,3.75282586,3.52875285,3.58864908,3.95855654,3.79263507,3.37462161,4.02793132,4.29745199,3.98445486,3.16614765,3.28952321,3.33107185,2.99645727,3.18303568,3.20084423,3.14510113,3.05039405,3.12309329,3.14503048,3.11739301,3.28422095,3.10089330,3.07558444,3.33598395,3.32271847,3.30484863,3.37853629,3.22027669,3.42259617,3.35421035,3.41774001,3.14331101,3.30633362,3.16312451,3.23334328,4.10262671,4.05822619,4.64145049,3.93077618,4.01578616,3.60776789,3.46296430,3.96607474,3.78119765,3.65312678,3.37483908,3.19680652,3.19940846,4.13652752,4.49612980,4.53788473,3.88919518,3.92853806,3.30997114,3.50631837,3.97147690,3.94581064,3.46485706,3.79889380,4.28409574,4.41586360,3.74828741,3.85784121,4.05234556,3.54957255,3.69276232,3.36098247,3.46839787,3.68530129,3.77759601,3.54322620,4.08096539,3.94772801,3.18825634,3.81068871,3.98859879,4.66728062,3.61024398,3.64837726,3.05525439,3.00172340,3.10202486,2.94616910,0.00000000,3.17491381,3.35530672,3.11872133,3.98752682,4.35249076,4.61968143,3.71918102,3.98578695,3.51202862,3.44062188,3.82082606,3.67437687,3.23997070,4.23882973,4.14064198,3.20266834,4.01415726,4.15055060,4.66504815,3.70053327,3.97273779,3.49576875,3.33707320,3.68319693,3.91946344,3.05429875,3.91645429,3.40863290,3.11139498,4.00797355,4.03093026,4.46804569,3.79064299,3.86880552,3.39137006,3.43036022,3.96627475,3.87946864,3.44025803,4.20999901,4.37579895,4.25254437,4.09229861,4.23322576,4.61738375,3.82847952,3.90812651,3.61889004,3.49228605,3.94407429,3.51785385,3.27241669,3.80655848,4.13370510,3.79391322,4.11987511,4.38797176,4.83267749,3.74563458,4.04293267,3.56753769,3.56257350,3.91052452,3.73585037,3.40734470,3.52120727,3.21227941,3.12950742,4.05116088,4.13450467,4.48598982,3.63212365,4.04419486,3.45857144,3.45599543,3.79964851,3.48366234,3.47446645,4.05752527,3.60033743,3.24670727,3.98713576,4.46760512,4.76641528,3.87372220,3.66533419,3.36683480,3.38383600,3.86000136,3.84252953,2.95772701,3.77244799,4.35036966,3.99383564,3.84540039,4.28412090,4.66820791,3.74054006,4.02130017,3.38576971,3.30761268,3.82800672,3.73771462,3.01083144,4.05215216,4.37320098,4.04826603,3.88578364,4.40698020,4.59661196,3.82268533,3.81174731,3.63801221,3.48623902,3.91969067,3.71062281,3.32176327,3.88808105,4.16418715,4.10185877,4.10556839,4.24028676,4.72577257,3.95529157,3.88829563,3.34405180,3.30448785,3.93949815,4.04592810,3.42713077,3.95863761,3.57112003,3.06944377,4.02020666,4.27415728,4.45476237,4.00702177,3.88351582,3.85051880,3.66775788,3.79757183,3.62193380,3.49784797,3.98896318,4.17197930,3.58237705,3.42208491,4.10935260,4.53314136,3.79164295,3.86290468,3.45180416,3.39691591,3.85310605,3.80689018,3.24152469,3.82928420,4.26774841,4.41905943,3.16684223,3.77377479,4.08997237,3.85972822,4.03772165,3.62460513,3.78149495,4.20751693,3.92261151,3.36155109,3.87239917,4.02748720,3.57267149
3.66951894,3.93874087,4.22663090,4.31270395,3.82615339,3.72583301,3.01615879,3.84510214,4.04377777,4.17509907,4.09972451,4.31729972,4.15342846,3.20812592,3.24429110,3.05246981,3.23126046,2.98452205,3.06120718,3.12027819,2.93423392,2.94557225,2.90795208,2.93769212,2.90754595,2.95068537,3.14896023,3.40123615,3.34203592,3.70965401,3.40875702,3.55308633,3.23420892,3.61526924,3.40623071,3.57030263,3.43213851,3.30109659,2.83249075,3.74336363,3.99562753,3.92883902,4.35772066,3.79658080,3.63277981,3.08726551,3.83589034,3.96373609,4.09694301,4.00874988,4.24473139,3.58231060,3.12035002,3.21322817,3.08428447,3.11619646,3.01097474,3.08648581,2.81756522,2.83996552,3.00417014,2.93836413,2.97598001,3.06987927,2.84923120,2.89201982,3.03334271,3.04532269,3.01816471,3.00180335,3.15004073,3.14875660,3.06101998,3.03631327,2.89233623,2.85678454,3.01458323,3.01907170,3.46586602,3.88307185,4.02732095,4.42048886,3.68973032,3.62160721,3.08619796,4.02043476,3.69498870,3.63216038,2.92826261,3.02796189,3.00444396,3.64997939,4.16288586,3.87473952,4.40623973,3.91568677,3.38392910,3.26955385,4.09901682,3.98684728,4.42376371,3.82221828,4.19903200,3.98896609,3.50595920,3.81938021,3.62775743,4.11224405,3.63023049,3.42891167,3.22322942,3.67342657,3.48766525,3.94103778,3.51742020,4.04398072,2.92096534,3.41424800,3.68991514,3.71237614,4.28705702,3.46350415,3.16863232,2.52907006,3.32783246,3.25701150,3.17491381,0.00000000,2.55439362,2.88093622,3.62488789,4.10990482,3.98372055,4.09803695,3.87107449,3.74504372,3.06358212,3.89647420,3.58725100,4.04970668,3.56244743,4.06448452,2.96180701,3.71627878,4.10412206,4.08120364,4.41915687,3.58801053,3.49154199,2.82470919,3.76450392,3.76122279,3.72672866,3.19954217,3.29851969,2.86605412,3.41361241,3.77836002,3.77333969,4.20008502,3.80183963,3.48425398,2.84033047,3.89912310,3.91413264,4.27608032,3.83630106,4.33399065,3.92524572,3.58663912,4.13700512,3.85665136,4.50375502,3.74667642,3.88752851,3.22424803,3.95895682,3.91300199,3.95394705,3.67096277,3.97185558,3.32023103,3.74165917,4.19938560,4.12322318,4.45686335,3.86954442,3.59902468,2.94523541,3.96739016,3.63464497,3.44299621,3.05904485,2.89733922,2.95415314,3.77645264,4.10448647,3.98732497,4.13619097,3.82631928,3.77069531,2.95364327,3.73249603,3.54526004,4.10425252,3.30438839,3.78641816,3.04611396,3.64289835,4.27592247,4.25874333,4.50858097,3.58879855,3.45311127,3.00523376,3.82722339,3.90210433,3.99582220,3.19790572,3.79304153,3.55349325,3.86368500,4.24829538,4.10426675,4.43078870,3.93303428,3.60048913,2.98520686,3.95296229,3.72873478,3.92651841,3.66639417,4.30260054,3.82719077,3.34328093,4.17556061,4.17942625,4.21181215,3.72591901,3.70167272,3.14053486,4.10110777,3.86624802,4.10843408,3.78707213,3.78159603,3.68254029,3.51273202,3.90686465,3.67172985,4.30131433,3.53165137,3.41266079,2.83662590,3.61606898,3.58304114,3.96227255,3.28952766,3.45869082,2.92823109,3.67649834,3.80102475,3.95657328,4.32435864,3.74120049,3.80532974,3.18850662,3.63602259,3.74413582,4.00342042,3.83831150,4.02980170,3.34851536,2.98450317,3.90630299,3.91924531,4.10642939,3.72982348,3.76648146,3.14180299,3.96508863,3.92280101,4.14328827,3.81975226,4.28260175,3.91648404,2.95915863,3.69692145,3.47296985,3.71121393,3.61219982,3.56163543,3.39509921,3.93336936,3.73874497,3.83058680,3.60932350,3.83931682,3.19461935
3.49187943,3.44348103,4.05689472,3.80012044,3.95734527,3.09092607,2.31299275,3.11242718,3.91799364,3.84970135,4.00112657,3.40327902,3.88670815,2.62071868,2.49167919,2.51045932,2.51324228,2.65738422,2.31532246,2.30698232,2.23431842,2.24322472,2.06404519,2.20989973,2.25650532,2.24761858,2.45555439,2.70738369,2.79132328,3.10404646,3.59007891,2.80198087,2.69856518,2.77555963,2.90197373,2.91699259,2.86303725,2.35943539,2.04745862,3.60036199,3.58127493,3.81485094,3.79793092,3.84890362,3.12539541,2.40609524,3.23479725,3.66575824,3.56788099,3.83476617,3.38892508,3.23193390,2.62744033,2.57348118,2.55585259,2.57466651,2.94379010,2.41599860,2.18548557,2.07544281,2.07939906,2.21044632,2.25093660,2.28825048,2.19405937,2.36744336,2.29409752,2.38321485,2.39099833,2.70362621,2.27947101,2.40469920,2.55082377,2.37194037,2.31504847,2.36867148,2.25788137,2.23946552,3.21964277,3.16323218,3.87848016,3.84789040,3.93318621,3.02990452,2.70654592,3.39914824,3.41544870,2.92051347,2.44971560,2.26670635,2.21680751,3.46326857,3.70326828,3.71178648,3.96983815,3.97850295,2.81377309,2.57261010,3.49595158,3.96863547,4.13797972,3.80783975,3.62510147,4.09147713,3.37336025,3.26874475,3.51119674,3.60206097,3.95909676,3.06143477,2.82250841,3.11326262,3.36093780,3.42981475,3.28825358,3.13609683,2.09900712,3.16962887,3.00269091,3.55869449,3.81580294,3.84641459,2.70947812,2.38093860,3.14294184,3.46522622,3.35530672,2.55439362,0.00000000,2.16779057,3.24800070,3.35495746,3.83807369,3.57937088,3.94680668,2.98695272,2.52468443,3.45773256,3.56383822,3.53856304,3.36928684,3.21156958,2.17362045,3.23200451,3.29572704,3.70656892,3.81847165,3.77487988,2.93833109,2.33614933,3.16921340,3.74362175,3.33127761,3.17716478,2.72479560,2.05427889,3.11681846,3.02816484,3.50547214,3.66153406,4.04480059,2.80935364,2.20074245,3.19797664,3.68203853,3.99908721,3.80133013,3.50258156,3.73254795,3.34548071,3.48385227,3.62153680,3.93871874,3.72099068,3.13762195,2.50058409,3.41743080,3.66456569,3.38400049,3.41791216,3.11039671,2.63944312,3.26434282,3.40984971,3.83145000,3.81362364,4.02319854,2.93845170,2.44002418,3.24632911,3.41434120,2.71457002,2.54929690,2.42358314,2.24893472,3.40318780,3.47224721,4.01487198,3.65738467,4.09030751,3.18777069,2.54902882,3.24718588,3.58343658,3.64909623,3.32054207,3.19251247,2.22781822,3.23676336,3.56878560,4.05764651,3.96046403,3.71785278,2.89884343,2.52191551,3.34179266,3.67482028,3.76473840,3.28536649,3.25779715,3.31973436,3.41136613,3.41917879,3.92499368,3.94109317,4.07276151,2.82493185,2.37995797,3.37449460,3.66188655,3.66140219,3.66291067,3.53365119,3.73505921,3.34536742,3.89226445,4.18690526,3.83707504,3.85953664,3.20258418,2.62392698,3.67132976,3.66153265,3.61415685,3.56446171,3.09973407,3.43610987,3.05899395,3.10944659,3.53152186,3.64015077,3.81130915,2.77443758,2.34388591,2.87968928,3.35909403,3.29420154,3.12834820,2.59467837,2.10865808,3.41214325,3.23614536,3.59033171,3.84383250,3.71837742,3.10884243,2.45782478,3.01609309,3.43645132,3.45598341,3.42245164,3.10913574,2.88454585,2.55441363,3.28619074,3.64518405,3.52687330,3.72284577,3.14864360,2.52281862,3.30902652,3.62823031,3.70353172,3.60719281,3.32490383,3.50963203,2.26075847,2.88148377,2.79873491,2.87866856,3.23344354,2.83006964,2.63838345,3.08668632,3.15240751,2.98243811,3.08998657,2.73842711,2.24676983
2.81705918,2.87506514,3.39219929,2.99139200,3.06907643,2.40251907,1.35462761,2.41464651,3.04654807,3.18166317,3.30293758,2.90072525,3.38697443,1.33681261,1.35119368,1.31192189,1.35984635,1.37839766,1.10107274,1.16795518,0.80122003,0.64001020,0.69207400,0.70182910,0.72453452,0.74172097,1.05562130,1.77002535,2.16137616,2.31641268,2.69475466,2.00932481,1.72343025,1.99067517,2.23278478,1.89103085,1.83441952,1.32131853,0.66796761,2.77904525,2.97166873,3.13378712,2.84292379,3.02714943,2.39021127,1.33583446,2.65634254,2.83951141,2.93259274,3.07532078,2.66852744,2.52925649,1.53701046,1.60204093,1.62844972,1.59430533,1.83129053,1.45255307,1.29398430,0.91358488,0.89940037,0.71186354,0.67861793,0.67690906,0.75337753,1.01366711,0.98369422,1.08802662,0.99434779,1.48494089,1.25978329,1.18180678,1.19215304,1.10542381,0.74533254,1.09158467,0.76664613,0.70596018,2.55972246,2.54719196,3.20256610,2.99670597,2.93141230,2.17937112,1.68951794,2.39742009,2.78196169,2.26328158,1.20820385,0.92551676,0.75015528,2.95047132,3.40819240,3.12587312,3.18169544,3.14843785,1.96561683,1.47000100,2.60764540,2.98537075,3.20631316,3.02411843,3.03417390,3.31878668,2.39463410,2.32320491,2.69895202,2.79473467,2.84092598,2.14714133,1.59497576,2.55085371,2.84536517,2.79629611,2.87093889,2.75426454,0.74511067,2.70049600,2.58649504,3.21557460,2.97988140,2.97537803,2.10018966,1.70564309,2.58821106,2.90482717,3.11872133,2.88093622,2.16779057,0.00000000,2.88493925,2.99580012,3.24940042,2.79031618,2.99517406,2.25231846,1.41415515,2.43611976,2.69743368,2.83360636,2.90550936,3.12447220,0.81927820,2.63582026,2.70254293,3.21011873,3.05778805,2.85878370,2.17748108,1.53232508,2.42405726,2.86056188,2.64667289,2.66005853,2.19561783,0.63481982,2.45743065,2.47262097,2.99903984,2.92476586,3.04834836,2.07810082,1.30731918,2.47359942,2.95485673,3.33678804,3.15267539,3.02888813,3.32907971,2.93940046,3.15631182,3.08158386,3.20772126,2.93909675,2.43995718,1.56750412,2.66315359,2.96175351,3.01713120,2.89328549,2.71933297,2.45329299,2.49279040,2.66370492,3.14951747,2.82431602,2.90752369,2.12479315,1.56747639,2.39149523,2.56434059,2.18116476,1.77764930,1.04460633,0.61147047,2.81334768,2.88599781,3.34650989,2.83709783,3.07945158,2.39314459,1.64567033,2.55021811,2.77572850,2.96296237,2.82104446,2.66193054,0.79649388,2.43666421,2.91994144,3.22704911,2.96131228,2.77249980,2.04460953,1.51734758,2.58609928,2.91130232,2.92512859,2.54240191,2.80189304,2.76721592,2.68777247,2.84062706,3.19554273,3.01694978,2.96205663,2.00198086,1.42689730,2.56140427,2.66382289,2.83085228,2.77549711,3.00227292,3.05055634,2.57793716,3.13998089,3.29447773,2.82353145,2.84253689,2.24600258,1.53979987,2.76702064,2.75034100,2.75816833,2.85726225,2.72550642,2.79760295,2.56926453,2.65849566,3.13084905,2.94789713,2.94555705,2.15379320,1.60477888,2.34053115,2.73444094,2.92094219,2.80615696,2.23651562,0.74565769,2.58180846,2.69291727,2.90794561,2.96357308,2.83312309,2.30984474,1.62884861,2.33110171,2.52705712,2.69298211,2.95488519,2.75459556,2.27536853,1.70696130,2.77382123,3.06093677,2.64415755,2.83074006,2.39346779,1.53949138,2.53898289,2.97415537,3.10539389,3.14367837,3.01069787,3.06376800,0.69398702,2.00046792,2.32302683,2.13693680,2.29297481,1.95785339,1.63090381,2.44091702,2.59421855,2.35036968,2.26217543,2.25322419,1.81921692
3.15810372,4.04361219,4.41833134,4.05614809,3.95257724,3.55674193,2.75100353,4.10728349,4.12144486,3.98625439,3.68259949,3.77025090,3.73586120,2.78790669,3.03703518,2.99113428,2.78657547,2.83292392,2.84219282,2.88246210,2.85553861,2.78260099,2.84416174,2.76080624,2.75406182,2.72232000,2.92233327,3.24902636,3.37765763,3.51731834,3.75255909,3.53674956,3.31948592,3.77987696,3.45330674,3.47391820,3.34179715,2.81842790,2.81506482,3.67148537,4.13589337,4.29067887,3.99372491,3.94495386,3.56178487,2.96657534,3.97927443,3.73687272,3.59879812,3.69481834,3.72321487,3.31233608,3.07335324,3.16575586,3.07283206,2.96183792,3.16418398,3.18052585,3.10190037,2.93523054,2.79887658,2.88995980,2.86769027,2.83556910,2.82135480,3.08273542,2.95835098,3.08188430,3.01090368,3.05455697,3.11202318,2.99614540,3.26110990,2.95711817,2.91251940,3.07595105,2.86535075,2.85052799,3.08564821,3.71854073,4.09056148,3.80884531,3.69587265,3.46134433,2.99659554,3.86731753,3.55515039,3.39174399,3.07182365,2.97176895,2.79870448,3.99735515,4.46161398,4.37392478,4.17155758,4.14348813,3.44390292,2.75392923,4.13022000,4.08116883,3.94519830,3.60514304,3.93297251,3.79232840,3.11716505,3.83724208,3.92654247,3.79726825,3.78261617,3.52135727,3.24333947,4.06682826,3.62259670,3.46079211,3.22146034,3.59458943,2.78703901,2.91397444,3.76966723,4.02272497,3.79785672,3.66003711,3.23710477,2.83128499,4.00483169,3.78627907,3.98752682,3.62488789,3.24800070,2.88493925,0.00000000,2.74544765,3.37322104,3.27256333,3.48315159,3.15407080,2.70843400,4.04569721,3.56782774,3.56086161,3.48720054,3.71248795,2.74834251,2.75356279,3.93270848,4.01704945,3.93528917,3.64428301,3.47837538,2.81487496,4.02768987,3.94801879,3.88566613,3.59620766,3.65689705,2.78549566,2.78255611,3.55561489,3.91943065,3.88207421,3.86012535,3.36292354,2.81841618,4.10595394,4.05725187,4.07228077,3.86604540,4.18734654,3.91813787,3.55463693,4.24202178,4.20413143,4.17082163,3.75630564,3.53796921,2.93112915,4.10297029,3.72435873,3.67017567,3.73113780,3.68315044,3.51651958,2.97490087,3.92661733,3.96218823,3.66471220,3.86257538,3.42623585,2.94092439,3.91524159,3.59203481,3.28270720,3.24928913,3.02217780,2.81246058,2.84814341,3.78572548,4.07136232,3.76451997,3.89973041,3.68407414,3.00283763,4.07819144,3.85505000,4.00698673,3.91156004,3.65651491,2.82119145,2.97753758,4.17415213,4.26159200,3.93767645,3.67190348,3.36742756,3.05137030,4.18713114,3.96299946,3.87647417,3.41593914,4.05851232,3.79751308,2.94488410,3.99261607,4.08970034,3.90216170,3.82724300,3.11698029,2.80202422,4.13817428,3.75100030,3.88897619,3.79237335,4.14716998,3.82897012,3.24625457,4.37665587,4.42570728,3.92793128,3.93442418,3.66041204,2.96098543,4.31037561,3.76787190,3.70065545,3.65685948,3.69873764,3.62949140,2.66311206,3.68221064,3.96050294,3.70743651,3.75930646,3.31628045,2.88882461,3.79629729,3.60005402,3.58938626,3.43928208,3.45965249,2.89488306,3.57681845,3.91743398,4.26280166,4.07262430,3.87693760,3.62995217,3.05176186,3.90259231,3.70380191,3.50334596,3.81031486,3.88212238,3.47405425,2.94053646,4.01139388,4.06041626,3.77848939,3.69176846,3.40948315,2.85872604,4.05973098,3.82585477,3.80143607,3.62728600,3.89103592,3.39338715,2.81418356,3.66124943,3.52658127,3.92758636,3.58287233,3.45500492,3.23875390,4.15140997,3.85294278,3.55293257,3.48652699,3.64308247,3.27915088
4.17448991,3.81621048,4.32036085,4.18785595,4.40048085,3.62300157,2.99456241,3.42677196,4.46600090,4.46706656,4.35786995,3.62511941,4.02138107,3.02321118,2.90578202,3.06106364,2.97437885,3.02759426,2.89470059,2.99335582,2.88987938,2.86670324,2.89967138,2.91793500,2.90219387,2.86261471,3.06828776,3.25338671,3.75749535,3.58272774,4.31109117,3.62800214,3.40973556,3.56093085,3.99232676,3.74567835,3.60332188,3.00391776,2.89937536,4.41246327,3.72526832,4.35256450,4.11568982,4.32933232,3.65008125,2.91766298,3.40275416,4.14124901,4.11267489,4.15606221,3.48941727,3.40171022,3.27061944,3.12533078,3.25812002,3.13422155,3.51804967,3.11719539,3.12113561,2.99913940,2.89530957,2.89353184,2.88999969,2.95735778,2.92429190,3.18577442,3.02080718,3.19400418,3.19419355,3.28140039,3.20606239,3.08757060,3.25138671,3.16924040,2.95533962,3.23120005,2.89440549,2.91999072,3.79552405,3.26423435,4.00330322,3.90438371,4.23237210,3.44587872,3.18349779,3.41682813,4.03397233,3.65543031,3.25916800,3.03683522,2.88265780,4.48696415,4.19170351,4.39491872,4.42551836,4.49555329,3.48465527,3.05276247,3.44839187,4.38206857,4.43905757,4.21576287,3.73326149,3.96152525,3.85154775,3.19145523,3.92257095,3.92531128,4.10460656,3.48869825,3.31487502,3.66848635,4.14007140,3.57070073,3.59546287,3.72182061,2.85479107,3.79427641,2.89765600,3.82533112,3.87492682,4.15453096,3.28480499,3.17665455,3.46336594,4.16535684,4.35249076,4.10990482,3.35495746,2.99580012,2.74544765,0.00000000,2.90640878,3.24770712,3.98022223,3.09159418,2.79576031,3.26572194,4.14928855,3.99821476,3.71623279,3.60849686,2.87750114,3.68185042,3.11644633,3.87726838,3.78306788,4.00048322,3.43017157,3.21211254,3.52057925,4.31010344,4.12494469,3.95129437,3.60348832,2.88331661,3.40957038,2.80500536,3.70024341,3.60909861,4.23360262,3.18386410,2.95519382,3.27242491,4.30925888,4.50700376,4.22330074,3.86300566,4.21800281,4.18386333,3.77165787,4.18185493,4.20542619,4.11186756,3.55362988,3.02206677,3.54753170,4.28909804,4.16263387,3.95129269,3.62595770,3.55390094,3.85346910,3.01101960,3.80491198,3.73535022,4.26797215,3.33156174,3.20554872,3.34750619,3.97265626,3.39955751,3.33472049,3.12244014,2.90061928,3.58691780,2.89410830,4.03690130,3.72140389,4.37054276,3.62141258,3.34478646,3.58392271,4.26154019,4.08157300,4.12920834,3.74011567,2.86715438,3.76608415,3.33902218,4.03169911,4.04440009,4.22996131,3.32262182,3.20143972,3.45882943,4.31836243,4.27400352,3.70482579,3.51023050,3.76276747,3.80891726,3.27944289,3.89594344,4.05762174,4.17786442,3.10312451,2.94334892,3.31965523,4.16567126,4.25496509,4.09856057,3.68721136,4.10236779,3.94435583,4.16040132,4.27037810,4.19959526,4.33928951,3.65120633,3.23080874,3.76428130,4.10071480,4.02214885,3.81018308,3.70076776,3.89345462,3.42559899,2.85810200,3.78989866,3.67983238,4.14833053,3.29432718,3.16816335,3.29293338,4.02012637,3.76261898,4.04052959,3.45980253,2.97974890,3.97675842,3.54994396,3.94767431,4.14587611,4.15641313,3.47550682,2.97097352,3.31598592,3.97724458,3.69944582,3.93832391,3.56583764,3.56760431,3.28031628,3.75341668,4.09913792,4.09296145,4.18880511,3.55821920,3.08249189,3.42714510,4.36336037,4.36748829,4.20500554,3.67633173,3.68684101,2.92379281,3.73450840,3.89179245,3.74511050,3.87588941,3.28064139,3.29492822,3.50754268,3.98125863,3.66618869,3.55268606,3.37523816,3.38949883
4.35022532,4.55527682,3.69386134,4.28514093,4.11891555,3.98982287,3.57370179,3.60577023,3.89810376,4.70646195,4.43236138,4.09764585,4.19700012,3.39996975,3.31928207,3.09035731,3.32967998,3.23924019,3.23951496,3.32701875,3.29006438,3.19367803,3.31474262,3.29135427,3.30589122,3.25863980,3.39278059,3.55314592,3.52277131,4.01437213,4.01045606,3.78722258,3.57086892,3.87892471,3.71721718,4.13651607,3.84375242,3.40336547,3.30198932,4.32127426,4.49997582,3.81695989,4.19899056,4.11967411,3.84938049,3.43028881,3.57262217,3.80288974,4.61672894,4.21069779,3.97275135,3.62663162,3.70012780,3.60131584,3.14634769,3.59165482,3.48428484,3.50920383,3.51900342,3.32198658,3.31040331,3.29918639,3.23452107,3.27112890,3.25907561,3.39291781,3.35051236,3.45013084,3.51415726,3.46255943,3.48199325,3.38809327,3.45018975,3.32481216,3.28009050,3.46243605,3.25600358,3.26091213,3.89550669,3.85263812,3.24634646,4.20842769,3.98106138,3.66515027,3.34495959,3.65825369,3.64428164,3.99672001,3.42862696,3.35729683,3.23455523,4.40333598,4.77498317,3.82357896,4.30601876,4.11559040,3.69677481,3.49958999,3.56285181,3.83417292,4.75902094,4.07173429,4.33298008,4.14187201,3.89926780,3.75513462,3.21607641,4.08985091,3.79995977,3.71961318,3.40211461,3.63964701,3.74333036,4.28232638,3.72701483,4.14758902,3.18781549,4.13325352,3.90747152,3.12204395,4.10814691,3.80697509,3.58489262,3.26008047,3.68053005,3.58880180,4.61968143,3.98372055,3.83807369,3.24940042,3.37322104,2.90640878,0.00000000,3.28329331,3.74670206,3.47422168,2.88318647,3.21239315,3.47279915,4.34674324,3.78933657,4.08618288,3.26195924,3.97784354,3.85992149,3.16500331,3.94875330,3.59308330,3.66120904,3.33610467,3.70130047,3.61118852,4.46837290,3.98317727,3.92325213,3.29066963,3.77446892,3.96151400,3.14853077,3.70914240,3.76320426,3.63499750,3.46722410,3.39685064,3.57200802,4.84441642,4.44493819,4.41082004,4.46471491,4.39364401,4.67892041,3.63365379,4.39096235,3.97682686,3.89604943,3.53305628,3.70292950,3.96793199,4.53876523,4.41837414,4.15846525,3.86384287,4.06803540,3.82145832,3.02326652,3.95097294,3.97818163,3.61102504,3.34191757,3.63684707,3.55135505,4.03348103,3.67284836,3.35832871,3.23991463,3.74038218,3.69706032,3.19123658,3.76356483,3.87638580,3.95115902,3.41976933,3.57518476,3.54862025,4.60439375,4.02643374,3.99186691,3.23428629,4.01077592,4.27026800,3.10551836,4.15729057,3.77734264,3.63661244,3.34718759,3.56322046,3.77525251,4.58924093,4.09917207,4.12068809,4.05009598,4.10079436,4.04012564,3.00415073,4.12138563,3.79296601,3.57414083,3.31864815,3.47533100,3.57378748,4.59117867,4.16895087,4.34141865,4.14016808,4.15284086,4.44427515,3.78161913,4.06975654,4.08508857,3.92612484,3.66663452,3.59658848,3.70999246,4.53526455,4.23524829,4.11733046,3.79836005,3.74117130,3.87475552,2.98653556,3.81646842,3.65563154,3.64566821,3.39718997,3.68867087,3.45793493,4.31293924,3.86691077,3.73152210,3.38755545,3.90429076,4.15788141,3.44728098,4.03027666,3.81528762,3.80069448,3.42287042,3.32775303,3.57089804,4.17708541,4.12640440,3.87487546,3.74870911,3.34922096,4.25290027,3.65925593,4.23112670,3.90153644,3.80223697,3.53439353,3.63598687,3.87273910,4.70803255,4.32034479,4.10554707,3.82588895,3.19925595,4.00956114,3.76503956,3.95465955,3.37601784,3.49526390,3.37828037,3.49227209,3.47556307,4.08189736,3.64853620,3.77699650,3.55404257
3.84649444,4.26195528,4.51361215,2.94259802,3.91841144,3.76663518,3.22861008,3.69263368,3.64910158,3.38395662,4.68161288,3.95912706,4.28847397,3.05769524,3.05099874,3.00599351,2.68277408,3.15753112,2.88372494,2.86537646,2.82441370,2.75823357,2.85638806,2.87406979,2.79936358,2.69478078,2.93472048,3.19724753,3.43423886,2.98161603,3.82579549,3.40796912,3.43248507,3.46475242,3.46965674,3.42304307,3.54612721,3.01090552,2.80991505,3.99411646,4.28300965,4.27067586,3.03744719,3.71616327,3.66339993,3.18091612,3.86900788,3.44402063,3.63497648,4.47021328,3.96961673,3.72729931,2.89950739,3.01872109,2.92791405,2.50821886,3.09545996,2.95812507,3.04238998,2.83825777,2.83908268,2.86558986,2.75548314,2.79619074,2.82502792,2.93387745,2.94087083,3.04348633,2.88242377,3.07849114,2.99285729,2.88385869,3.00650640,2.80557434,2.78746557,3.00710039,2.82102186,2.86674973,3.71669542,3.60802578,3.97050472,2.63027999,3.67670236,3.39572848,3.09052120,3.27081229,3.51048518,3.27323380,3.02532000,2.93796505,2.79030190,3.82274950,4.32239279,4.21293816,3.02884605,3.76256162,3.40987161,2.96136683,3.78967033,3.63544116,3.35128859,4.19758700,4.26060186,4.12552099,3.53289051,3.70036098,3.57909910,2.77862662,3.77705392,3.40867738,3.07294937,3.52452331,3.44518143,3.47799853,4.04502972,3.65588503,2.77172972,3.71195424,3.83794222,3.85635800,2.44854528,3.65859576,3.21848236,3.09638968,3.57743223,3.42404771,3.71918102,4.09803695,3.57937088,2.79031618,3.27256333,3.24770712,3.28329331,0.00000000,3.42123579,3.09340362,2.96724781,3.31984979,3.31410511,3.37711981,4.33432554,3.92058060,2.82067522,3.67202416,3.89296963,3.97559299,2.54819025,3.55137145,3.30042338,3.03284514,3.34814758,3.54428619,3.06222392,4.00544385,3.60064873,2.85901411,3.64420652,3.73814969,3.72523584,2.47256099,3.66693522,3.27684156,3.16424507,3.57113558,3.59908907,3.64981412,4.73745338,4.31054789,4.29267065,4.01160667,4.22627052,4.11676833,3.14788735,3.74844910,3.50181892,3.23070045,3.60733593,3.34815708,3.55317792,4.37209051,3.87251897,3.62025453,3.80362779,3.94816915,3.85265741,2.45211574,3.89655075,3.39144614,3.15144628,3.39034811,3.24018439,3.14165910,3.29153290,3.00478028,2.78751462,3.61073100,3.75961808,4.03349514,2.46172246,3.73519808,3.49842555,3.36744934,3.68510359,3.57733380,4.04675579,4.55730758,3.87916709,2.72889703,3.64625604,4.14935330,3.81727700,2.53230316,3.54013866,3.30342209,3.26646622,3.54662834,3.60813808,3.38445218,4.05101177,4.01254443,3.92618549,3.66129409,4.08332479,3.67403367,2.34284239,3.68161345,3.28387332,3.06754037,3.67510191,3.38313831,3.47306233,4.46086897,4.24112516,4.14199054,3.77579403,4.10196122,4.28909407,2.83078224,3.54258643,3.65227541,3.07309793,3.61976510,3.38945630,3.44859244,4.26706954,3.81163101,3.56692203,3.66001778,3.85481826,4.04959033,2.58991203,3.72607368,3.45317946,3.19328879,3.53575003,3.75089567,3.48555008,3.96297810,3.38064674,2.84128372,3.59295805,4.11353117,3.95306600,3.04813284,3.47593915,3.64608095,3.11329884,3.37443758,3.16647147,3.49889838,4.30331964,3.87742573,3.57822831,3.14499372,4.04070001,4.17147636,3.20585051,3.67804736,3.51405207,3.18977987,3.72225058,3.55300429,3.41306011,4.61481850,4.03887314,3.95742992,2.73428056,3.56325981,3.78868030,3.46947940,3.39516250,3.14131503,3.33675522,3.53159209,3.59875133,3.24231902,3.73641553,3.55222445,3.27134999
3.75333948,4.17230761,4.21747536,3.74802955,2.73723543,3.36002558,3.33374003,3.76024413,3.41575096,3.80109880,3.44424526,4.53975803,4.19893018,3.19412447,3.19691358,3.06645317,3.23929704,2.99935646,3.17389663,3.24757872,2.94773804,2.90649732,3.05428780,2.94971749,2.99452636,2.86374796,2.86770318,3.43330430,3.35501367,3.35986952,2.68067313,3.35255423,3.09742681,3.29536629,3.13995457,3.34510876,3.08018388,3.18449158,2.97921210,3.92539104,4.23285664,3.96462215,3.81740255,2.80348444,3.36080218,3.40033323,3.61095409,3.32140465,3.62328974,3.58806221,4.31019009,3.84511946,3.14748678,3.11496037,3.06427131,3.03282110,2.59668962,3.16703951,3.10184766,2.96119107,3.12441858,2.99079606,2.96547977,2.97427801,2.90881343,2.93014876,3.23557182,3.05477511,3.11029016,3.01769573,3.19004494,3.09871818,3.11561816,2.89091490,3.01995296,2.96019307,3.01219416,3.02584498,3.58383110,4.04028886,3.69339529,3.47068817,2.30899103,3.28490322,3.35329904,3.37936314,3.42572492,3.51213418,2.97135989,3.03863775,2.93187969,4.06415620,4.31281694,3.82727939,3.63144804,2.76160023,3.17876016,3.41509293,3.60059227,3.48262624,3.82988737,3.62768064,4.56953113,4.46214763,3.46127955,3.53271460,3.43615705,3.62247786,2.21644104,3.03854015,3.02717420,3.63864516,3.39652417,3.51033772,3.48624905,3.94544753,2.97611482,3.78954434,3.91990623,3.91512532,3.66013564,2.29912671,3.29704194,3.18255545,3.47157949,3.44258815,3.98578695,3.87107449,3.94680668,2.99517406,3.48315159,3.98022223,3.74670206,3.42123579,0.00000000,2.82707136,2.92241905,3.41635714,2.99419832,3.66151047,3.65093221,4.45939648,3.00447978,3.73647640,4.06601594,3.96140887,3.96004185,2.45116779,3.38704018,3.21428440,3.17892323,3.02527516,3.49224365,3.38688131,3.78720030,3.00515019,3.85782041,3.92216712,3.55029539,3.81019370,2.29015666,3.16436999,3.23735983,3.62504457,3.59315463,4.03933076,3.59333759,4.84832388,4.40811714,3.79611835,4.14908849,4.01379418,3.99561305,2.74486327,3.28938523,3.36955515,3.82985567,3.58677499,3.95827919,3.38867862,4.40591788,4.02379592,3.57548417,3.97426602,3.79685001,3.64053546,2.51868647,3.30838232,3.13360841,3.33796261,3.16292424,3.70329292,3.43105471,3.12154946,2.98893537,3.75690743,3.92015976,3.67177665,3.91532472,2.44963031,3.16285297,3.09607505,3.46125326,3.07372676,3.98239727,3.59063297,3.96852530,3.00061554,3.74078141,4.20010536,3.80905735,3.64576033,2.32590359,3.30219624,3.04144003,3.41826458,3.20235044,3.69323849,3.61908111,4.47732943,4.01106183,3.68429876,4.11748423,3.63972425,3.87369905,2.28642872,3.36042806,3.34140548,3.56191724,3.43197995,3.67287486,3.42399292,4.70011912,4.04353138,3.77991667,4.17247238,4.21752372,3.76471866,2.76310427,3.21910301,3.30074109,3.69170464,3.28369735,3.62657137,3.56064324,4.30602298,4.08690121,3.53868309,3.91882867,3.86954056,3.81637577,2.49594259,3.24647972,3.23659500,3.52268600,3.41769646,3.87485070,3.44945861,3.84937308,3.02615967,3.67430843,3.83089232,3.89493532,3.99874262,2.89220842,3.42305798,3.56103289,3.69696272,3.28580030,3.66579544,3.67245109,4.34376090,3.69734196,3.07165400,4.01897976,3.63325425,3.67309474,2.81655619,3.27039701,3.40471564,3.63811080,3.52304786,3.77246705,3.54409954,4.81284867,4.13291556,2.93672086,3.44467306,3.76222070,3.79439024,3.00444676,3.32360273,3.37940450,3.89559871,3.60147238,3.60457446,3.10804340,3.83051868,3.49420684
3.61063185,3.69541197,3.94840060,3.65484658,3.40058354,2.15232291,2.63922337,3.17515327,3.42933344,3.51757686,3.21253496,3.40206929,4.34673212,2.53912590,2.46306282,2.36530583,2.43844250,2.48314997,2.30702812,2.43788100,2.15569643,2.18662649,2.20322084,2.19737545,2.30225717,2.21697448,2.22685807,2.85925162,3.07810299,2.90271970,3.20927224,2.30733597,2.86145314,2.77066453,2.99995786,2.89757206,2.85011729,2.31214112,2.25798993,3.87701439,3.87665016,3.84964054,3.63082528,3.37755726,2.25148328,2.68483096,3.11623444,3.07949788,3.39406957,3.35916822,3.33417929,3.51744816,2.70045296,2.66437383,2.53904448,2.46290325,2.64636666,2.20969439,2.41967999,2.24343823,2.18465522,2.27469708,2.25523248,2.22858317,2.18492855,2.41395470,2.45809349,2.47329002,2.48584522,2.54726476,2.18889856,2.46450104,2.48325194,2.37935365,2.35177266,2.43388983,2.22833589,2.19311593,3.23176874,3.30715061,3.55785459,3.21375024,3.19243320,2.13759853,2.92130874,2.90194601,2.95549436,2.86512700,2.50255802,2.31173393,2.09360370,3.75206676,3.96022889,3.74960046,3.58414779,3.32325988,2.13295075,2.74218004,3.13841581,3.31799881,3.79766415,3.28840420,3.51192594,4.29278099,3.24731902,2.91611960,3.37693900,3.12576397,2.99591169,2.00554775,2.82765783,3.03868578,3.25449916,3.23918976,3.49924335,3.41328139,2.16261191,3.37392927,3.20991685,3.74594142,3.51096496,3.26326287,2.06955997,2.77883584,2.87121316,3.17592393,3.51202862,3.74504372,2.98695272,2.25231846,3.15407080,3.09159418,3.47422168,3.09340362,2.82707136,0.00000000,2.28613621,2.89679407,2.98770291,2.80846130,3.24206675,3.27367373,2.22463951,3.36695231,3.29716474,3.59703313,3.48617500,3.13640175,2.05087678,2.75275044,2.78773124,3.29973518,3.40968526,3.34750939,2.99166506,2.24840636,3.32095884,3.10106583,3.38947944,3.47158598,3.12117223,1.73170457,2.64781846,3.09065721,3.30633213,3.75921828,3.41730343,3.81181990,4.39393233,3.72583302,3.65887353,3.89245930,3.83749407,3.42664810,2.25719009,2.65468162,3.31555561,3.23661941,3.39468892,3.12802938,3.49496703,3.50920552,3.41193369,3.44947302,3.86478414,3.35584491,3.33766767,1.88096541,2.65666166,2.74678522,2.89329875,2.85940560,2.89846413,2.38106946,2.18820228,3.56146116,3.41967064,3.74514403,3.43932741,3.39056499,1.99025444,2.64893743,2.91577490,3.21190023,3.46116343,3.49335404,3.03927171,2.22206536,3.29844801,3.62827701,3.79675749,3.48191429,3.09235119,1.90958330,2.72502347,2.98393304,3.07052468,3.18632357,3.22755526,3.56714288,3.89221437,3.57575089,3.50295926,3.76947598,3.49023370,3.16159676,1.85028750,2.78321300,2.99420741,3.06058381,3.37425641,3.34431699,3.82116440,4.22368134,3.48971175,3.82945616,3.98980918,3.50317208,3.07412907,2.03775550,2.67507476,3.42238138,3.20008058,3.38986749,2.95255013,3.33179695,3.78226791,3.35569753,3.29700581,3.68852236,3.42836079,3.23000278,1.89922034,2.82286587,2.96299446,3.23734286,3.14444410,3.50689956,2.90070023,2.25277037,3.46413481,3.33869907,3.61488095,3.60935409,3.32429878,2.30429992,2.92199658,3.15186003,2.91529944,3.13567308,3.21031647,3.27876948,3.09305892,2.92006396,3.39709366,3.59090028,3.34610841,3.31121973,2.13122108,2.81191483,3.22869343,3.34467195,3.53309693,3.38400331,3.65848716,4.04851547,2.20246800,2.80298000,3.39141056,3.12791222,3.12098508,2.29453147,2.90838872,3.22538481,3.04549677,3.01482709,2.79352036,2.85119791,2.94167780
2.98638298,3.19833477,3.42565406,3.31938807,3.16908331,2.91724507,1.67872509,2.69835577,3.22870781,3.41044464,3.24556391,3.15175326,3.06706815,1.62850312,1.82565034,1.51805608,1.78302438,1.59307249,1.61565337,1.60772834,1.40066793,1.32137451,1.37695394,1.29143099,1.37696249,1.36738077,1.49766564,2.13626004,2.32078950,2.60884183,2.85137469,2.46296206,1.97272288,2.33330060,2.42853870,2.41625412,2.20617300,1.68989740,1.46024683,2.90672929,3.19048851,3.15643664,3.11835464,3.18316010,2.93522238,1.88796844,2.88531144,3.06233044,3.21747663,3.24654446,2.99314645,2.39333048,1.88456102,1.86145004,1.82499022,1.89487863,1.82131813,1.88308214,1.69710193,1.56225656,1.47154061,1.37232594,1.34733697,1.45441110,1.35188669,1.72407851,1.73539529,1.71404887,1.67879658,1.86881780,1.87451666,1.65040641,1.90803501,1.65448984,1.47487566,1.69140172,1.51905789,1.43172395,2.53919074,2.81859804,3.04970675,3.22156496,3.07474158,2.66595883,1.90346558,2.66020297,2.95964133,2.59467867,1.74031140,1.68401107,1.34295437,3.09014374,3.67924866,3.23385342,3.42307621,3.31227178,2.47578621,1.83132849,2.89423831,3.22714211,3.55449685,3.16943491,3.29147335,3.16947448,2.45510871,2.50681431,2.82964475,3.05738817,2.91036123,2.60402787,1.86871161,2.94250237,3.08907214,3.11057468,3.02524212,3.07288581,1.40619807,2.70275216,2.64566470,3.08456743,3.26139069,3.14564363,2.60890255,1.93296006,2.70822774,3.13578402,3.44062188,3.06358212,2.52468443,1.41415515,2.70843400,2.79576031,2.88318647,2.96724781,2.92241905,2.28613621,0.00000000,2.40594388,2.62191879,3.03074991,2.53506082,2.98981810,1.53710237,2.62763233,2.88252143,3.14749783,3.20038775,3.01342000,2.63009569,1.82134873,2.67945309,3.05897000,3.07990816,2.78271471,2.53853189,1.45687893,2.43808692,2.66589899,2.90192208,3.12410719,3.01469381,2.52327941,1.63723029,2.80680165,3.12152235,3.71813353,3.25316543,3.58260178,3.30929144,3.02704481,3.36099728,3.20173075,3.41253872,2.94618597,2.87212837,1.99488625,2.92730497,3.10501196,3.26283240,2.99161140,3.07235751,2.50302607,2.47457861,2.77436479,3.03423043,3.05132347,3.03437775,2.46203846,1.77967172,2.61033544,2.69132798,2.54960306,2.15883579,1.64407751,1.35799186,2.91835530,2.98627807,3.34411815,3.14933753,3.23881965,2.83882251,1.83066817,3.03239235,2.96277589,3.34343513,3.03116823,2.86786538,1.43763109,2.55502692,3.09339740,3.12052955,3.29909438,2.81654613,2.44747861,1.50264867,2.69483258,2.97257706,3.21633432,2.50920919,3.18716035,2.74888203,2.73338203,3.01221671,3.06305936,3.25647620,3.14436245,2.51810705,1.71612777,2.76792001,2.90183956,3.19249227,2.97300566,3.39616956,3.02126700,2.63457519,3.37218584,3.40528619,3.18688922,2.99921975,2.78633583,2.08548347,3.08029979,2.97672151,3.08607824,2.86234818,2.92853871,2.64968218,2.59304165,2.85931467,3.10980431,3.17197174,2.96684254,2.61112093,1.82740594,2.53616958,2.80125496,3.16500672,2.97838932,2.52000541,1.45295590,2.78803608,3.04078825,3.14744578,3.29068370,2.96169672,2.77405778,2.07002979,2.74844746,2.67908597,2.83230564,2.97668724,2.90779617,2.39699260,1.96915569,2.94739192,2.98683540,2.99680173,2.84908146,2.83308106,1.92524008,2.82844572,3.04388419,3.29146836,3.21711689,3.22281843,2.78798640,1.47372390,2.33395357,2.64111926,2.58336334,2.47020350,2.45737012,2.04965154,2.76497813,2.67691717,2.67843749,2.27967761,2.52644355,1.95525435
4.28373281,3.77680469,3.78730575,3.61260143,3.48434097,3.18171984,2.93962942,2.48676151,3.45817150,3.70462053,3.88175178,3.50336244,3.95946483,2.82014269,2.55958840,2.54002543,2.80119826,2.76967194,2.69059996,2.60088548,2.34498727,2.43356640,2.46906318,2.45987117,2.58748289,2.44110899,2.53216485,2.95664210,3.13799714,3.10238108,3.40114505,2.85206426,2.68363299,2.55387982,3.04767233,3.01540301,2.87138658,2.69028965,2.50711255,4.00939034,3.75004272,3.63817841,3.58158824,3.51756857,3.11066713,2.84291209,2.88622526,3.38571423,3.68903697,3.72304673,3.42098483,3.50835324,2.98519024,2.80137161,2.73371643,2.77597738,2.79523514,2.60956097,2.61393021,2.47878701,2.48856662,2.48197996,2.36485985,2.42619513,2.42662503,2.63160602,2.67641579,2.61365230,2.65633306,2.85391576,2.64878599,2.62791848,2.54069917,2.62749196,2.50375511,2.61739813,2.40369023,2.42885342,3.89774396,3.35422195,3.49523841,3.63871797,3.61555766,3.12246806,3.05996334,2.74551947,3.35185211,3.30373387,2.63254186,2.55502077,2.41813513,4.01834628,4.04694523,3.63497689,3.71442182,3.49618091,2.83051478,3.06863353,2.37587651,3.25952793,3.73191817,3.67107905,3.63782497,3.89322249,3.70170533,2.93329971,3.26653581,3.59686325,3.39709350,2.95298187,2.73141569,2.83046701,3.45347747,3.49763276,3.68319814,3.64307677,2.51533992,4.14030439,3.13781742,3.48254766,3.61712102,3.49124364,2.95412286,3.08176587,2.83697555,3.41588784,3.82082606,3.89647420,3.45773256,2.43611976,4.04569721,3.26572194,3.21239315,3.31984979,3.41635714,2.89679407,2.40594388,0.00000000,2.68710347,3.35916111,3.23119683,3.48021371,2.57913537,4.00576524,3.12842523,3.43941142,3.51317026,3.31895106,3.09482492,3.03446599,2.63003096,3.25830679,3.39803870,3.63828176,3.18564858,2.56000334,3.82735347,3.34256020,3.29103322,3.47705251,3.52042535,3.05374053,2.95629596,2.24784560,3.19656034,3.89395364,3.78013932,3.84654875,4.14537164,4.02345044,3.69162220,3.50340618,3.64701121,3.43911931,3.22541844,2.98844728,2.81435441,3.56008610,3.80651011,3.61258527,3.69130890,3.41122333,3.97132392,3.20019247,3.35418065,3.54464945,3.50305544,2.82604026,2.98451979,2.61098494,3.14075283,3.41440595,3.04527316,2.56744955,2.45875492,4.09000888,3.44049579,3.62495265,3.61467936,3.75324825,3.24242873,3.03903088,2.51305316,3.36968886,3.69439222,3.62168082,3.41126303,2.42963075,3.88845000,3.46876727,3.29124641,3.46630241,3.33662190,2.94773268,2.81193616,2.29860185,3.17710324,3.48372416,3.41814197,3.43697239,3.59409148,4.04371056,3.34183576,3.32134189,3.73964223,3.46611326,3.07883852,2.91991581,2.21211009,3.15026051,3.47887237,3.54020824,3.58997965,3.83939329,3.75487816,3.69868278,3.49953062,3.49181643,3.39633714,3.06602399,2.84489862,2.54945350,3.12507527,3.48057273,3.42837858,3.44818977,3.45656557,4.02263236,3.30179213,3.41477022,3.61464450,3.46203767,2.96999137,3.05459651,2.77176919,3.32979824,3.50153575,3.62910350,3.21337308,2.45495441,3.72334346,3.40939050,3.36461163,3.69569312,3.35233120,3.06620204,2.87133380,2.45361948,2.96385473,3.29407035,3.56145431,3.30812544,3.17459379,2.98690936,3.63942058,3.51202481,3.40407873,3.27481279,3.09903807,2.89190598,2.53908869,3.35467499,3.72963494,3.81676778,3.80321590,3.82411813,2.48508760,2.97026630,3.45943138,3.05002238,3.13941965,2.71975025,2.81632607,2.71598393,3.19242938,3.31509127,3.00978329,2.98832072,2.95499165
3.79415493,4.23130679,3.92906898,3.65373169,3.22922900,3.37746763,3.11953673,3.47695503,2.77689459,3.41265492,3.55994963,4.02141596,4.15107963,3.01602551,3.01141493,2.77708891,3.00545181,2.90663623,2.97380351,2.81591659,2.67822602,2.71149317,2.81799101,2.74875574,2.79886805,2.66638833,2.81550278,3.38037792,3.21140619,3.41169121,3.15068174,3.21633875,3.09280848,3.16682582,2.73615342,3.24330019,3.17397277,2.98207901,2.79069862,3.73801190,4.39354361,3.71545185,3.66315678,3.28439958,3.24642570,3.19108408,3.60588155,2.90381996,3.45704194,3.47427770,3.86696907,3.61338211,3.10349590,3.23831579,2.81263693,2.83508883,2.72373485,2.92819180,2.81499473,2.82064571,2.84356794,2.82263859,2.70676163,2.73222001,2.74616985,2.85502494,2.95533792,2.84483262,2.78828315,2.97816587,2.90664777,2.85279260,2.93363758,2.70931581,2.76337157,2.71665419,2.81421668,2.73839665,3.63652186,4.06441164,3.64305928,3.73357664,3.25404862,3.41614843,3.26926644,3.29695711,2.88120423,3.46693450,2.83309227,2.88480627,2.72193912,3.83104571,4.63256209,3.99444653,3.72494712,3.20212268,3.03999820,3.11191607,3.45725665,2.74244256,3.40393338,3.26665470,4.08623691,4.12871540,3.51549275,3.77093909,3.26134993,3.61209629,3.30775419,3.28676358,3.04407804,3.44439445,2.94542948,3.64635220,3.64350322,3.86953348,2.78894484,3.82251165,4.15470091,3.51064211,3.76402457,3.28032742,3.15502250,3.00491494,3.37482110,3.04477029,3.67437687,3.58725100,3.56383822,2.69743368,3.56782774,4.14928855,3.47279915,3.31410511,2.99419832,2.98770291,2.62191879,2.68710347,0.00000000,2.86584717,3.29117475,3.79817426,2.80264806,3.71618249,4.14869967,3.46551199,3.65736330,3.10875411,3.24272861,2.91252318,3.27461354,2.78465778,3.46355618,3.71866780,3.56157949,2.81408597,3.73614741,4.15323790,3.50142843,3.69485924,3.19968004,3.31928601,3.00995630,3.34526125,2.54697906,3.53136955,3.73967901,4.39998350,4.21989932,3.72689599,4.28476463,3.58721113,3.83841366,3.39369981,3.34175453,3.18662102,3.59134750,2.79964300,3.61776813,3.65396057,4.01495797,3.70544651,3.73486838,4.26816789,3.47726532,3.64577632,3.29209403,3.19891064,2.95901207,3.23441879,2.70674639,3.42013334,3.15997063,2.78915950,2.73585438,3.80970619,4.21789266,3.65162548,3.70626803,3.39803377,3.47226803,3.01478512,3.30629529,2.86574393,3.98173233,3.70465060,3.68988309,2.69790900,3.58428881,4.39615363,3.50094454,3.37778051,2.83037352,3.17511603,2.83914908,3.13570658,2.26705514,3.04885842,3.25781986,4.03573694,3.85781489,3.80525571,4.33894778,3.59111448,3.73646845,3.27226191,3.26600928,3.09484999,3.20413686,2.32227331,3.19461583,3.43146418,4.36687931,3.93097953,3.60556542,4.24495402,4.04527986,3.46817480,3.09963824,3.36844746,3.03926736,3.42785802,2.78744154,3.51172471,3.56256422,3.71994698,3.54441734,3.86538455,4.25219605,3.70627706,3.76464386,3.32467710,3.25615690,3.17416088,3.54929517,2.92738935,3.67572272,3.54626051,3.53587346,2.77593294,3.64187902,4.06085233,3.78907332,3.79266950,3.18090524,3.46301963,3.40460472,3.28271750,2.78072007,3.60800535,3.71842166,3.86548813,3.38254366,2.93286810,3.98702590,3.68814809,3.43582888,3.12998539,3.23077958,3.09669124,3.47935051,2.78662316,3.48740630,3.59201213,4.31905032,3.97987064,2.69792984,3.36238409,3.54016157,3.53773155,3.02940048,3.22860955,3.19019546,3.49255450,2.90655069,3.25439698,2.84163507,3.26160990,3.15857123
3.69253255,4.21433811,4.75154390,3.68584286,3.79684800,3.37087427,3.12189671,3.82008009,3.49111392,3.02673761,3.49951262,3.97832297,4.39022124,3.15934860,3.24127220,3.25588640,3.13956276,3.29145372,3.16991086,3.13752215,2.78831761,2.81749490,2.89160558,2.84684526,2.87429454,2.78537011,2.84469534,3.51985530,3.80691920,3.38991147,4.04949803,3.45265557,3.44356993,3.47083902,3.57675856,3.28451938,3.39028685,3.08786572,2.84568083,3.87982938,4.32649416,4.57808724,3.76494589,3.69880723,3.35509571,3.21504765,4.00357862,3.53859266,3.18449090,3.40250457,3.81005748,3.77916574,3.01084193,3.23798612,3.11330884,2.89426779,3.20973632,2.94398817,2.89851315,2.80225662,2.78438931,2.91255349,2.83323997,2.86670229,2.87612690,3.09140627,3.01665366,2.99313849,2.96428186,3.26148026,3.00074247,3.03041145,3.10236680,3.01877213,2.95324113,3.03652481,2.87710045,2.87466215,3.46764792,3.90355461,4.51928506,3.62320236,3.75278612,3.21042956,3.43170120,3.55924311,3.50685483,3.33460310,3.18865246,2.87340218,2.79914502,3.95847832,4.50995575,4.55491750,3.85735826,3.87055803,3.11170075,3.10279434,3.84990753,3.46872353,3.16940001,3.36170085,3.79558974,4.28723061,3.49419514,3.67379113,3.92878105,3.30926081,3.81219267,3.13365723,3.23213550,3.55848463,3.55415189,3.00759219,3.96056789,3.74185935,2.88158390,3.71353535,4.09206942,4.61108307,3.86979850,3.75585877,3.12342586,3.27126743,3.81578184,3.78584281,3.23997070,4.04970668,3.53856304,2.83360636,3.56086161,3.99821476,4.34674324,3.37711981,3.66151047,2.80846130,3.03074991,3.35916111,2.86584717,0.00000000,3.31905014,3.03622008,2.83708081,3.61613004,4.00462801,4.44284534,3.61516575,3.73334443,2.99490108,3.15360892,3.54198076,3.74420998,3.15188788,4.02503746,3.32533673,2.87165212,3.80600853,4.08280277,4.43644664,3.92533095,3.88177831,3.21561234,3.16158299,3.76598696,3.59879841,2.98257906,3.83578641,4.15012792,4.09661245,3.92351774,4.32003822,4.59236106,3.86286090,3.89557056,3.42116717,3.16364125,3.92359109,3.40168245,3.07142594,3.71993796,3.76872690,4.03645397,3.68821582,4.17875675,4.52020815,3.52397090,3.81534756,3.13703593,3.13170085,3.60928917,3.28048159,3.17935935,3.19369812,2.99607415,2.90971709,3.84305605,4.26934271,4.43715786,3.74683547,3.98322540,3.36128356,3.40139400,3.81187629,3.62822834,3.51737999,4.19667623,3.68850848,2.81808664,3.50058856,4.29452825,4.60372953,3.57257914,3.54687420,3.09276931,3.21620287,3.78858235,3.51547551,2.63883659,3.27249615,4.01129808,3.83986152,3.62887991,4.19727521,4.49457541,3.74051552,3.87862302,2.95782662,3.20754036,3.74740023,3.42100584,2.94508199,3.60497162,4.05641607,3.99328373,3.78064387,4.13885136,4.53181489,3.56010487,3.62807709,3.30649607,3.12840908,3.91030268,3.32309863,3.06156526,3.57004437,3.75510365,3.84844917,3.77232855,4.04419489,4.64454417,3.73482140,3.97459914,3.27893638,3.41343229,3.71853040,3.67814240,3.21508317,3.90087523,3.40607977,2.83918281,3.87340148,4.02202687,4.33853310,3.70494117,3.83445734,3.53211495,3.36819104,3.73038936,3.25815767,3.01349528,3.77755855,3.84888034,3.44516848,3.24163870,4.03756383,4.61576625,3.48272896,3.86209315,3.27764716,3.11642237,3.74509430,3.50708505,2.99397690,3.68079943,4.15303762,4.20819763,2.74086165,3.41073144,3.83775540,3.67910875,3.77623842,3.27406719,3.42626389,3.87303442,3.53834726,2.98450011,3.33452093,3.29390445,3.33042939
3.74794942,3.57038375,4.02703255,4.41950428,3.71437513,3.49764427,2.93979158,3.53532308,4.21493589,4.15963803,3.27731340,3.85720916,3.90192232,3.06510185,3.07105853,3.00515280,3.23342842,2.94023383,3.05188188,3.00301888,2.87857824,2.79705868,2.89681091,2.79202520,2.88236019,2.85194447,2.96814599,3.51710497,3.42628818,3.99850703,3.80243158,3.51285394,3.06131761,3.28125104,3.34528899,3.46544275,2.99939359,3.08317101,2.95683239,3.67855515,3.65495914,4.02582082,4.38665248,3.88365669,3.41438689,3.11015480,3.63268717,4.17637189,3.96277072,3.45579732,3.76503193,3.42839364,3.31724767,3.16936924,3.20062743,3.36953797,3.01505093,3.08776792,2.80892932,2.83760746,2.92304135,2.92955478,2.83502641,2.91770694,2.87035583,3.05682071,3.02989966,2.98400206,3.10986763,3.22005504,3.23437952,2.98470728,3.11469677,3.03287096,2.87037069,2.87235745,2.97575731,2.85003858,3.19891843,3.46491097,4.02816279,4.51079022,3.91225485,3.46339529,3.13127262,3.66956657,3.81617293,3.62568523,2.95536100,3.03225610,2.88076544,3.70984037,4.10548703,3.81998210,4.54905193,3.87803100,3.08636782,3.11836502,3.77208610,4.27172967,4.26765972,3.37634549,3.82386977,3.96265143,3.47844531,3.59539828,3.95683038,4.35205213,3.79347913,3.46024985,3.19669118,3.79044757,3.98421204,3.94022910,3.53894347,4.13257877,2.91072889,3.65005091,3.52765084,4.11572109,4.55676814,3.76195283,3.50350427,3.09796938,3.74108188,4.12427051,4.23882973,3.56244743,3.36928684,2.90550936,3.48720054,3.71623279,3.78933657,4.33432554,3.65093221,3.24206675,2.53506082,3.23119683,3.29117475,3.31905014,0.00000000,2.77923312,2.93195978,3.67177791,3.64488519,3.98351521,4.49556801,3.53843723,3.57366611,3.02643128,3.76631782,3.98492761,3.99399692,3.28560854,3.36466967,2.88024753,3.30934826,3.59115543,3.98720683,4.54847387,3.82828678,3.47712059,2.99648325,3.60198856,4.09382497,4.32629891,3.24842160,4.15189391,3.86751403,3.75783774,4.08102769,3.96805667,4.57371227,3.76291333,3.65200426,3.25337088,4.02921296,4.33054524,4.00883537,3.47915920,3.98878468,3.84858496,3.62207750,3.72964352,4.15602548,4.36991028,3.79782690,3.30097848,2.94107912,3.65581823,3.71185574,3.72934922,3.19160293,2.95399235,2.88810605,3.90696366,3.91441028,4.29413983,4.61486552,4.03379393,3.85772129,3.04922761,3.73971404,3.97817110,4.13444767,3.40491048,3.82970975,2.88960637,3.47695420,3.75529016,4.22104698,4.61070319,3.70812257,3.28040285,2.87935528,3.63577174,4.05763683,3.90789450,2.87526747,3.77917056,3.60512126,3.64355720,3.75070434,4.21380921,4.72997403,3.81406472,3.38537328,2.92296072,3.52035629,3.93076994,3.82371894,2.87349784,3.79082282,3.74427345,3.54566438,4.01205571,4.02876914,4.29036729,3.81595697,3.47124139,3.16877109,4.02155132,4.09382422,3.84843940,3.34762675,3.79460640,3.65015387,3.64234079,3.72236428,4.05274911,4.61410914,3.79558415,3.49905353,3.26382045,3.61608482,3.77696861,3.95569314,3.21639060,3.51625982,2.91127671,3.69013117,3.63652164,4.00754945,4.47598321,3.84856661,3.47559361,3.25558543,3.61640523,3.84385043,3.50532048,3.33096903,3.64638140,3.16559808,3.08912881,3.71366948,3.89805147,4.13163865,3.60353927,3.52022261,3.18463517,3.63092097,4.12518154,4.25858758,3.47582362,4.09868013,3.68887038,2.91669427,3.33431590,3.46905634,3.62680062,3.42449819,3.42483470,3.13989923,3.77673046,3.75519707,3.53922471,3.00961584,3.49719756,3.05587484
3.83246277,3.85701110,4.32997596,4.16979560,4.60017737,3.83233636,3.05123122,3.65806439,4.36545093,3.88601418,4.07642475,3.67975122,4.07679809,3.37613341,3.43992556,3.38086428,3.30337018,3.48989567,3.27715323,3.24388462,3.06678921,3.02778973,2.99138810,3.00544671,3.17477730,3.02937815,3.12886226,3.78970638,3.88315558,3.98706708,4.58718129,3.75572824,3.61858846,3.56941081,3.85952592,3.79116247,3.63971522,3.14274523,3.07702731,4.01394846,4.01595400,4.48724377,4.16645444,4.55026150,3.73815073,3.14921643,3.84797097,4.19226592,3.88833327,3.95360272,3.65009301,3.66163979,3.38117288,3.38569654,3.31450284,3.27623276,3.58639112,3.18432092,3.11510787,2.98411862,2.92094404,3.12087183,3.09531980,3.13390265,3.09292330,3.36954321,3.16574252,3.21847577,3.31545628,3.70334349,3.27302685,3.27618429,3.50678673,3.35326818,3.17741998,3.21163142,3.12747131,3.08892461,3.56675894,3.44393616,4.39166879,4.18846458,4.60460161,3.50903996,3.48945037,3.83132687,3.96477344,3.65929975,3.36178978,3.26869969,3.05307247,4.11087026,4.46713986,4.52063275,4.51491433,4.78016857,3.62814930,3.21452957,3.90782550,4.49423877,4.32131075,4.11061626,3.79210532,4.06757895,3.91472417,3.82821635,4.15978503,3.88602641,4.53311367,3.58453083,3.45812170,3.77701996,4.23018376,3.81900202,4.21396192,3.89084742,3.01319297,3.95345739,4.02640983,4.27595527,4.30189570,4.57466073,3.48722458,3.47800688,4.09636196,4.37438257,4.14064198,4.06448452,3.21156958,3.12447220,3.71248795,3.60849686,4.08618288,3.92058060,4.45939648,3.27367373,2.98981810,3.48021371,3.79817426,3.03622008,2.77923312,0.00000000,2.99713536,4.00664400,3.85944212,4.31084132,4.21300913,4.51404088,3.69281232,3.42022214,3.93096403,4.44344909,3.87721639,4.05502071,3.61717560,3.11721848,3.77110518,3.84469589,4.32181401,4.21644681,4.56988696,3.64764146,3.24657558,3.79339303,4.42939114,4.34065796,4.36996534,4.19779480,4.10642671,4.18690192,4.30320155,4.51271529,4.44628672,4.57363587,3.87366376,3.22918533,4.13372202,4.37556359,3.77529892,4.07599802,3.67857674,3.97828638,4.02659219,4.04720830,4.49267512,4.15306123,4.70851419,3.51710539,3.27615985,4.02159952,4.00699708,3.43793222,3.38551684,3.12680605,3.14668564,4.09062946,4.07277233,4.53348774,4.22539529,4.73447679,3.98590092,3.51451370,3.85360234,4.15547806,4.14025553,4.21106254,3.40449024,3.05516945,3.69838493,4.09967404,4.60194391,4.36186591,4.40897196,3.49604634,3.31120698,3.87464895,4.50935651,3.98691438,3.65751821,3.73956503,3.93605891,3.96967117,4.15151698,4.53627799,4.45103342,4.70972147,3.40233980,3.23833908,3.86040784,4.30972897,4.00938260,4.00340592,3.87512953,4.18905447,3.83543372,4.13545823,4.42107914,4.10373537,4.54646253,3.85052548,3.14204686,4.17747153,4.20870288,3.77455241,3.95713612,3.47590335,3.70439099,3.92910222,3.88694696,4.41117739,4.10406875,4.55146670,3.55096694,3.45471728,3.77687438,4.29355361,3.85790960,3.99639751,3.17072550,3.07080848,3.89945483,3.76310248,4.08977827,4.24006477,4.46729168,3.89953983,3.28065523,3.66282631,3.95326726,3.43798775,3.83409202,3.43821833,3.25444117,3.46286373,3.90603832,4.29193950,3.98488549,4.49527034,3.75063905,3.11948436,3.82279707,4.24872877,4.03319218,4.16988387,3.81496456,3.90636484,3.12132964,3.60344913,3.96907147,3.76506292,4.19880791,3.53286777,3.65371031,3.87392256,4.02711400,3.53856539,3.65489415,3.46650841,3.29327847
2.57448898,2.76222410,3.36790420,2.98567925,3.06381680,2.43078917,1.16290351,2.41615385,3.05991264,3.15816421,3.15584212,2.78910900,3.23281223,1.60582703,1.59558135,1.55689321,1.49415528,1.58796466,1.31218057,1.33530377,0.79818271,0.72266089,0.75384850,0.74989568,0.86444983,0.72833532,1.13013722,1.81937898,2.27290382,2.30278408,2.82520459,2.08543653,1.80755567,2.09438404,2.33175808,2.06696369,1.97307340,1.33271045,0.71859898,2.71956098,2.87827641,3.20725219,2.84223994,3.02635879,2.41360253,1.27229919,2.61580554,2.80674232,2.87448546,2.98328640,2.71052386,2.49703125,1.64059959,1.65556605,1.69160209,1.66423818,1.87273964,1.54086033,1.37891873,1.02192167,0.79074102,0.82022448,0.79215872,0.78904031,0.80119290,1.10590752,1.07153786,1.12743213,1.17612847,1.66045717,1.36310405,1.19392994,1.41320747,1.09932178,0.85933901,1.18718267,0.73063721,0.74255243,2.54265641,2.65960419,3.27516057,2.96655606,3.03058995,2.27098220,1.77436121,2.46086492,2.75550180,2.21816214,1.15039173,0.92620727,0.74074556,2.88136474,3.32934765,3.14134235,3.17359642,3.21276849,2.07464544,1.38993119,2.70461150,3.02972723,3.21444710,2.98796982,3.02457027,3.22330122,2.44328121,2.42904709,2.79626691,2.73017799,2.86488846,2.14416261,1.63021195,2.59730416,2.88269630,2.72990253,2.88677639,2.70175715,0.68047802,2.69606656,2.70160899,3.21850709,3.02548711,3.00963101,2.19360802,1.69094593,2.64250573,2.92268750,3.20266834,2.96180701,2.17362045,0.81927820,2.74834251,2.87750114,3.26195924,2.82067522,3.00447978,2.22463951,1.53710237,2.57913537,2.80264806,2.83708081,2.93195978,2.99713536,0.00000000,2.66503297,2.69613791,3.24196071,3.07983701,2.88045613,2.22823564,1.64816083,2.47755442,2.86967410,2.69462637,2.64480661,2.18089055,0.68078088,2.35107074,2.43540378,2.85308324,2.85676662,3.01981143,2.02354964,1.26209347,2.51871273,2.97089294,3.32464103,3.15895646,3.07510953,3.27184472,2.95973146,3.18019652,3.20812252,3.29907272,2.97222306,2.43058773,1.51637157,2.85618146,3.00085080,2.98238420,2.87262399,2.68924580,2.50303088,2.54287026,2.79013473,3.15525296,2.86490337,2.99005673,2.23672945,1.62200845,2.43299394,2.48417170,2.13901473,1.83899554,1.09734599,0.75983188,2.67669485,2.87864333,3.31798636,2.85532530,3.13150483,2.42698705,1.61625707,2.56234706,2.77898656,2.97985459,2.77970577,2.63745841,0.66940825,2.30149678,2.96730847,3.29744563,2.97259950,2.82693142,2.12021005,1.54021838,2.61616038,2.93579049,2.90709776,2.54034293,2.84810865,2.72622788,2.69646089,2.91323314,3.21114758,3.10687682,3.07275654,2.02331963,1.30739103,2.57759579,2.72737910,2.93565492,2.84234060,3.01921670,2.98418061,2.53469922,3.11409315,3.32419880,2.87352588,2.90490695,2.32782337,1.55921687,2.85802109,2.73102050,2.76976925,2.78871215,2.74806302,2.82144211,2.48530495,2.64534966,3.11084866,2.85938521,2.96205898,2.15176819,1.63202028,2.31685486,2.69665217,2.82581111,2.77304137,2.13642584,0.83613372,2.47293132,2.56007146,2.93838527,2.99227831,2.79534717,2.30882799,1.49138825,2.36368211,2.50541646,2.51441689,2.81202172,2.61574971,2.17469032,1.68306665,2.74419807,3.10858517,2.74405505,2.89157245,2.30414949,1.34661370,2.52965189,2.93625117,3.03712034,3.11302974,3.02085613,2.98003980,0.65369801,1.99636111,2.34239309,2.21992307,2.49664658,1.88551752,1.62338341,2.46481899,2.65744322,2.30067046,2.19911280,2.18368587,1.85398027
3.47468455,4.17910154,4.30260386,3.96258113,3.79357097,3.57604731,2.56332402,3.96717513,4.06776970,3.97183461,3.75859345,3.72988285,3.47504469,2.50233642,2.76816696,2.64953610,2.37637581,2.40855748,2.59445906,2.70286441,2.63029799,2.60366772,2.59091099,2.53489487,2.57072325,2.60142540,2.64412679,2.80020123,3.14976078,3.36004626,3.53421843,3.43692748,3.17060803,3.65564721,3.39226839,3.33415706,3.34963095,2.92097856,2.63791816,3.48471786,4.11310270,4.02724575,3.76375570,3.76265502,3.67438708,2.73617818,3.99158699,3.76611247,3.82271849,3.93341271,3.66857019,3.19283029,2.66942240,2.78237787,2.71955694,2.81087499,2.73371471,2.90044921,2.88340075,2.74424004,2.61328933,2.57525297,2.62768773,2.68754750,2.58886014,2.96848798,2.87156293,3.05173865,2.81451798,2.80312902,2.89375122,2.89374569,3.02159008,2.76217665,2.66496686,2.89041833,2.71649367,2.64251072,2.77235046,3.54925219,4.00263655,3.63145118,3.56365932,3.47974517,2.91640039,3.84826156,3.86665109,3.28755884,3.01301426,2.75920318,2.64383271,3.74997792,4.32910980,4.22046611,4.05464057,3.98014383,3.42653503,2.62601748,4.04203263,4.01225948,3.96785658,3.74413948,3.90300242,3.73941434,2.72554243,3.47965161,3.55830422,3.33347114,3.49064160,3.53787099,2.92187545,3.89812131,3.66698042,3.61002734,3.44853068,3.62188192,2.69241856,2.46248126,3.45624694,3.91112319,3.62187205,3.61859757,3.38077221,2.81387322,4.00639147,3.73366722,4.01415726,3.71627878,3.23200451,2.63582026,2.75356279,3.68185042,3.97784354,3.67202416,3.73647640,3.36695231,2.62763233,4.00576524,3.71618249,3.61613004,3.67177791,4.00664400,2.66503297,0.00000000,2.87524585,3.39708066,3.30237276,3.38099279,3.18792128,2.23875948,3.87392906,3.85318298,3.65060303,3.49195106,3.24429413,2.59485788,2.76527346,3.43608284,3.83722189,3.79378024,3.85288377,3.28008325,2.52200748,4.11049234,3.94822089,4.06260842,3.75069631,3.98618606,3.70647701,3.39219700,3.99938318,4.16043474,4.12952092,3.60358004,3.63268344,2.94524891,4.08841385,4.00643629,3.85765258,3.86719476,3.64484525,3.41644882,2.39134646,3.67499225,3.92348801,3.54843495,3.46836925,3.48474386,2.76020733,3.86135217,3.66331607,3.16161285,2.69036066,2.82600040,2.58395388,2.85301345,3.86324850,4.10042132,3.53484026,3.77988322,3.71737357,2.93809956,4.21062624,3.77461620,3.85374891,3.62833435,3.52698414,2.76119959,2.41190709,3.65917744,4.05695842,3.58979768,3.30024645,3.32615654,2.81884681,4.22178975,3.88204817,3.72981127,3.06961472,3.92640097,3.46430575,2.66510708,3.73886848,3.93742463,3.65854895,3.68897868,3.12265348,2.56974393,4.09800664,3.77325122,3.80218075,3.62142991,4.03791763,3.72746438,3.12451356,4.15094629,4.22873034,3.81955824,3.63140110,3.60034830,2.83881775,4.27394959,3.94465078,3.75438268,3.70919677,3.63022376,3.38310389,2.48241029,3.58898264,3.92828324,3.49496591,3.55192370,3.40403409,2.54594746,3.83107870,3.68173755,3.71820894,3.48419979,3.36934723,2.65572692,3.59576652,3.85997710,4.05357962,3.83763584,3.51699123,3.38558836,2.85861020,3.77545435,3.52725029,3.60675413,3.75528391,3.67257045,3.29438466,2.90003159,3.98255678,4.16272531,3.66003639,3.54428025,3.58330906,2.84240998,3.95876747,3.93045348,3.75216841,3.80462204,3.88459273,3.57958131,2.68889107,3.34043644,2.95559695,3.40613481,3.21953075,3.40591475,3.01480421,3.95121209,3.79492884,3.51999309,3.58503460,3.67877417,3.14607504
4.26551969,3.60975282,3.97836462,4.07906650,4.10461024,3.32535520,2.84511072,2.92800168,4.43470555,4.40119853,4.22401301,3.48555876,3.83868167,2.82959460,2.53229432,2.76307079,2.58966021,2.64630887,2.70371482,2.79828560,2.61826055,2.61231214,2.64788363,2.60196815,2.74742496,2.69952010,2.75278213,2.97833548,3.49987590,3.41566145,3.91867133,3.37652776,3.15291109,3.17409284,3.82481941,3.40426453,3.37081114,3.05481057,2.65996710,4.31519517,3.60265513,4.03134361,3.80536355,3.96538069,3.36942236,2.76370123,3.05565691,4.21274817,4.13041078,4.27594678,3.44215914,3.45659077,3.04596394,2.74229060,2.95037938,3.06958342,3.03179537,2.89806728,2.85239237,2.73833427,2.69303797,2.55624289,2.58753043,2.71335248,2.58522199,2.92236850,2.84385244,3.06414242,2.96056411,3.08530541,2.90503147,2.89857698,2.94906021,2.95203081,2.66644976,2.92264012,2.65358365,2.62635951,3.65027286,2.90827039,3.98105962,3.88274336,4.09292204,3.34278930,3.13791337,3.29675255,4.19316122,3.52676345,3.06062410,2.74556885,2.70842496,4.24073209,3.91383280,3.85535354,4.07009979,4.07968738,3.13407767,2.98450262,3.04949276,4.32116083,4.20637264,4.16313948,3.60139741,3.86324283,3.67344163,2.77729215,3.69813783,3.58976201,3.74494991,3.35375842,3.07296448,3.39603734,4.23275115,3.71498511,3.84814561,3.73290398,2.70417766,3.81008438,2.60855894,3.90211668,3.74128949,3.97624822,3.35236980,3.17442702,3.29552486,4.16013244,4.15055060,4.10412206,3.29572704,2.70254293,3.93270848,3.11644633,3.85992149,3.89296963,4.06601594,3.29716474,2.88252143,3.12842523,4.14869967,4.00462801,3.64488519,3.85944212,2.69613791,2.87524585,0.00000000,3.11955612,3.15609558,3.49755332,3.05336148,2.73383034,3.12510414,4.02562876,3.67793775,3.56239783,3.11416749,2.64629936,3.64007276,2.87431796,3.87566891,3.82531964,4.05816431,3.02004609,2.86150917,2.91752732,4.15928841,4.40591272,4.05127874,3.54068647,3.93153533,4.15118920,3.45217032,4.02295574,4.18877918,3.91808519,3.40802053,3.09145324,3.39493629,4.37723675,4.22205940,4.04863563,3.65305312,3.49267794,3.68380815,2.71096209,4.02067625,3.70743884,3.78522699,3.26817699,3.07157894,3.28561414,4.09146082,3.50149151,2.77438834,2.75331724,2.59435587,3.82822619,3.14507629,4.03599839,3.66473809,4.05194456,3.54846584,3.13603522,3.17911283,4.08019164,3.71508435,3.59513725,3.44781062,2.76477249,3.46993222,2.83034467,4.01985369,3.89234541,3.83537315,3.21884535,2.99586773,3.24604680,4.22316117,3.91191240,3.46554055,3.45434848,3.46867297,3.75375239,2.81143587,3.87439063,4.04722217,3.95802172,3.07740948,2.77192730,2.98429510,4.22612507,4.06356820,3.80997974,3.52264941,3.87782917,3.83588591,3.74664608,3.86835088,3.89981596,3.83836181,3.32637789,2.99234610,3.28831879,4.16311763,3.87628875,3.81560340,3.64381838,3.66409377,3.52650467,2.59514664,3.70128231,3.48713220,3.89859792,3.17413884,2.91493985,3.06874104,3.95167008,3.80042715,3.74909133,3.29130542,2.66812419,4.03992418,3.40747270,3.68150352,3.89847303,3.71525422,3.07808770,2.90866854,2.90728518,3.78834410,3.60381398,3.66315698,3.36631394,3.33229872,3.17455861,3.56818301,3.98296273,3.88548808,3.85812172,3.33273043,2.98116734,2.93110274,4.36510072,4.29859468,4.18346786,3.73817284,3.85969218,2.75933781,3.16354845,3.36085801,3.19484089,3.57079003,3.15145849,3.01428648,3.13533890,3.91180036,3.60376399,3.52687530,3.29187880,3.13914534
4.63711583,4.64376404,3.66848874,4.60555041,4.29846810,3.96054467,3.38845366,3.29583350,3.85007266,4.75480402,4.40228975,3.97400341,4.11155956,3.40047478,3.23156502,3.08216788,3.24464844,3.16467390,3.30835768,3.32042263,3.16578873,3.17983528,3.29593710,3.17332743,3.27832223,3.23966127,3.33812936,3.47448502,3.39921531,3.85795307,3.73313271,3.57991342,3.61271122,3.69119153,3.46679694,3.86147271,3.78148498,3.53301957,3.22870299,4.59335983,4.66602804,3.72869555,4.19781591,4.14059572,3.91797770,3.40136411,3.49616582,3.79373879,4.56434459,4.34062888,4.02176677,3.76265159,3.67190629,3.58267200,3.19123438,3.49150015,3.28642426,3.34662637,3.39078615,3.35045245,3.40097630,3.20545852,3.10932489,3.27990995,3.20391947,3.51899955,3.43430074,3.48882370,3.45290277,3.53245237,3.42339827,3.36556991,3.43008538,3.26205101,3.27023106,3.44160931,3.32796761,3.22990350,3.77653937,3.87254027,3.02845687,4.06500364,4.02516236,3.75383923,3.53026901,3.26549127,3.48397390,3.88370080,3.44100255,3.37383860,3.26591309,4.50214731,4.71036851,3.68470278,4.40501531,4.12524190,3.54279094,3.41024874,3.38572486,3.69533915,4.74331787,4.06725075,3.88428193,4.14910166,3.91820522,3.64008648,3.05320080,3.92318357,3.85500765,3.81360320,3.46223756,3.69883504,3.88812439,4.55592074,4.20666372,4.31571591,3.23758956,3.98946960,3.80956472,2.92696812,4.11958989,4.00131468,3.67209114,3.35848013,3.62552039,3.61401277,4.66504815,4.08120364,3.70656892,3.21011873,4.01704945,3.87726838,3.16500331,3.97559299,3.96140887,3.59703313,3.14749783,3.43941142,3.46551199,4.44284534,3.98351521,4.31084132,3.24196071,3.39708066,3.11955612,0.00000000,3.51356651,3.60556575,3.55751858,3.22906457,3.41194222,3.57667173,4.39072473,4.06949106,3.96413607,3.26457865,3.99283446,4.05366320,3.22874759,3.95347674,3.92582496,3.58095052,3.33288092,3.29940606,3.48096438,4.93006092,4.33612832,4.23542501,4.34640925,4.42010328,4.34702007,3.35990609,4.48809500,4.16384233,3.79400988,3.41586415,3.76831675,4.03980675,4.68036830,4.34812355,4.06058195,3.85910715,4.16957058,3.94560521,2.93509075,4.19469142,4.03399572,3.89151129,3.46559679,3.46633990,3.69723740,4.06263091,3.51750319,3.30789497,3.16836011,3.95286880,3.97722684,3.52082892,3.99018208,3.95015975,3.75298982,3.32797690,3.50851453,3.70290977,4.49710022,3.80809395,3.91201757,3.24438213,3.82245784,4.15160555,3.09583059,4.10479787,3.78103949,3.70269896,3.27437161,3.46783780,3.59438350,4.39679354,3.90664335,3.93252829,3.96869159,4.09609655,4.05473225,3.15003917,4.17672963,3.92570209,3.51004676,3.39017885,3.37812585,3.54676291,4.56753412,4.22449300,4.33030476,4.24967031,4.21084482,4.53697446,3.73340499,4.16756060,3.96404753,3.85241735,3.53340633,3.57433737,3.76904123,4.55095463,4.14348524,3.89281072,3.84448012,3.87143045,3.86131944,2.97537935,3.95898317,3.85820406,3.51997824,3.21271200,3.82001138,3.59106823,4.52576678,4.01974558,3.68860835,3.31118914,4.17548025,4.19309367,3.35867869,4.12780194,3.89205687,3.81173697,3.46381449,3.33688440,3.60716209,4.19969514,3.92413196,3.78931050,3.62563904,3.52739694,4.47082908,3.81709298,4.31654067,3.98519083,3.87164691,3.52259398,3.36638866,3.90336924,4.72629445,4.42818831,4.21490926,4.22467123,3.28657530,3.76105141,3.59941824,3.90621086,3.38489194,3.54779514,3.30099868,3.55993773,3.57590004,3.99437063,3.61229821,3.68609543,3.52193203
4.21389028,4.48533830,4.69339983,3.26526872,4.16041761,3.93170061,3.38773129,3.74719555,3.90485103,3.66985863,4.74885357,4.06851615,4.28263530,3.36502071,3.26493508,3.21821390,2.88450774,3.26648562,3.22193888,3.18004055,2.97149060,3.04907039,3.06842214,3.01976991,3.05476035,2.99797917,3.04293342,3.28835986,3.64678136,3.05862049,3.94840050,3.62344183,3.66801560,3.66251744,3.76795659,3.62599625,3.84667403,3.36698177,3.02097526,4.20055265,4.36164008,4.39690128,3.05121382,3.92678273,3.92572487,3.40209251,3.86295029,3.76686286,3.89079196,4.67961263,4.04934787,3.72983643,3.10043282,3.10497716,3.01848243,2.66545605,3.07731434,3.05831374,3.11257097,3.00141495,3.08301389,2.95916693,2.89179530,3.06421993,3.02408039,3.19680269,3.25948091,3.35106863,3.12201812,3.33538336,3.11553705,3.20809296,3.25664511,3.12960973,3.00555144,3.25013107,3.01745163,3.11244221,3.89018163,3.77366243,4.05227091,2.82409174,3.96261325,3.74701935,3.44123710,3.35116899,3.87640250,3.40988467,3.33655410,3.08638083,3.07710295,4.08324141,4.39328747,4.32768736,3.23476670,3.90937326,3.60943397,3.23174258,3.87188563,3.95879212,3.48301191,4.35780225,4.32799012,4.14698525,3.74575726,3.65636526,3.79776100,2.81944983,3.90483854,3.65429227,3.27009693,3.78598956,4.03369584,3.72075660,4.32100002,3.76407323,3.01546239,3.76238302,3.63213434,3.82288563,2.32168359,3.82211760,3.55739392,3.26823192,3.46795584,3.55028225,3.70053327,4.41915687,3.81847165,3.05778805,3.93528917,3.78306788,3.94875330,2.54819025,3.96004185,3.48617500,3.20038775,3.51317026,3.65736330,3.61516575,4.49556801,4.21300913,3.07983701,3.30237276,3.15609558,3.51356651,0.00000000,3.38944634,3.26822166,3.00086040,3.33235530,3.63592063,3.22098889,4.13325559,3.69894878,3.04506968,3.95720325,3.90853515,3.97681808,2.91335994,3.90733460,3.53111651,3.35298156,3.63520291,3.62817311,3.72255636,4.69736147,4.22163488,4.06800268,4.10738846,4.00613415,4.34252842,3.32076949,3.98659727,3.80480186,3.46571178,3.81980604,3.67444648,3.95479181,4.55499465,4.18442715,3.83595489,3.97175041,3.95627705,3.93496629,2.45062460,3.78688207,3.64888571,3.35684852,3.54010017,3.59921359,3.27889104,3.20650440,3.19995179,2.98655995,3.81938438,3.99376905,4.09988973,2.75732857,3.95205079,3.62608210,3.57164172,3.77044362,3.66665208,3.82157646,4.40802257,3.80513714,3.05052443,3.66072931,3.99654980,3.91954463,2.78957943,3.78140767,3.61907231,3.38878963,3.54154620,3.68786709,3.28152073,3.89623315,4.01716270,3.72776120,3.78541596,3.93720412,3.82207701,2.54702728,4.00318959,3.54739122,3.17764318,3.56204994,3.71697175,3.61848260,4.53491110,4.22209277,4.09092855,3.99850532,4.14445632,4.27641994,3.16202435,3.78934315,3.88743865,3.35288048,3.68127657,3.75176456,3.84904081,4.52315789,4.07987358,3.67306213,3.69677070,3.75883246,4.11024208,2.42334988,3.82252927,3.56491573,3.16788271,3.72482056,4.02200027,3.60524509,4.29763401,3.65402980,2.98012090,3.86396301,4.17596559,4.06884562,3.03459822,3.52270194,3.74997902,3.25269750,3.46754604,3.45079774,3.58347793,4.37453277,3.99680024,3.76074271,3.28625625,4.09941193,4.40410085,3.38870492,3.82311185,3.67750275,3.27354145,3.67385577,3.82383845,3.54692778,4.73500963,4.21819442,4.01440978,3.02264539,3.56551595,3.78335898,3.43183031,3.59841400,3.37315551,3.43862001,3.76725148,3.86030975,3.48965415,4.03794743,3.78055167,3.57670567
3.89674017,4.03803533,4.21695138,3.67290074,2.47864185,3.19622858,3.27761629,3.64514741,3.47401524,3.77979357,3.58073685,4.40926649,4.26285542,3.26337215,3.11346103,3.02082158,3.07271806,2.79284710,3.05474872,3.06980208,2.77485747,2.82505575,2.89185390,2.84205655,2.83733871,2.81409424,2.89823060,3.22028891,3.20010523,3.36507977,2.72453227,3.13767692,2.96707954,3.31080411,3.18194074,3.34122682,3.14562409,3.24577766,2.86036943,3.96170630,4.15186792,3.93648033,3.66826189,2.53019004,3.22494945,3.29219365,3.63561199,3.40763234,3.70291221,3.73299404,4.26392277,3.84684782,3.16171893,3.08066539,3.00571363,3.06033271,2.51855212,2.93877202,2.91385788,2.74856066,2.98009454,2.85624266,2.75860509,2.80747620,2.71636091,2.83192987,3.10025922,2.99111362,2.99807838,2.86843502,2.99290506,3.05546080,2.86785973,2.77881997,2.76537422,2.76904192,2.81523268,2.92886416,3.41740721,3.87773664,3.72556128,3.58714825,2.32371058,3.22685446,3.20500629,3.42074028,3.35048614,3.29157979,2.84394483,2.81741569,2.86098584,3.88883176,4.11838627,3.77216116,3.50945299,2.39423044,3.02016618,3.37639524,3.71902857,3.38489979,3.52278887,3.41832113,4.45464711,4.29135670,3.45875403,3.66201392,3.53282357,3.77352523,2.40868326,3.12993132,3.08156359,3.59158496,3.37553766,3.56833346,3.36124073,4.12113459,2.88828008,3.64630860,3.62926119,3.75167385,3.55220863,1.83191923,3.05501611,2.95704930,3.34003600,3.10897244,3.97273779,3.58801053,3.77487988,2.85878370,3.64428301,4.00048322,3.59308330,3.55137145,2.45116779,3.13640175,3.01342000,3.31895106,3.10875411,3.73334443,3.53843723,4.51404088,2.88045613,3.38099279,3.49755332,3.60556575,3.38944634,0.00000000,2.75973276,2.62480723,3.16637632,2.81447901,3.48578240,3.14303867,3.53790537,2.82538783,3.71104348,3.76720748,3.35073564,3.73060776,2.54407566,3.18472827,3.18327056,3.46104871,3.35690508,3.85784616,3.63972270,4.60862305,4.32437373,3.85460206,4.11745064,3.98035390,4.00781271,2.60419339,3.23844877,3.36155889,3.79727946,3.67928467,3.86475518,3.60291181,4.43910168,4.00302799,3.67163821,3.93762047,3.76169545,3.47951477,1.93633105,2.99844066,2.90485595,3.22743296,3.00953422,3.50926606,3.00557803,2.89016559,2.78714993,3.72771904,3.99118520,3.65420915,3.81761843,2.55437615,3.24938071,3.06560291,3.30934432,3.13256832,3.86736177,3.36347703,3.98144459,2.90296695,3.56506035,3.96729406,3.74499153,3.56740444,2.28087641,3.17518516,3.14016670,3.44951003,3.21960382,3.57620098,3.38407908,4.20598941,3.83746051,3.71857724,4.00654456,3.50699067,3.82628948,2.07825715,3.34151602,3.12308333,3.37332660,3.25466437,3.58036444,3.38148841,4.49521482,4.04292614,3.56035252,3.78935900,3.88802323,3.63509759,2.60411057,3.05920773,3.22396658,3.58902981,3.28812783,3.72545105,3.67266424,4.23847602,3.79200543,3.38173644,3.74301212,3.59009278,3.61454258,2.27801755,3.15160168,3.10256187,3.47682773,3.12020934,3.54579203,3.24937441,3.72941394,2.86737624,3.58991566,3.70907243,3.82075426,3.68253266,2.52886387,3.17888095,3.31908942,3.43335839,3.15741489,3.52514520,3.60777548,4.24965028,3.65795528,2.97452647,3.98760120,3.90549160,3.73272842,2.70109777,3.21331835,3.27527308,3.53623509,3.63305127,3.81575056,3.60062802,4.64608289,4.05983016,2.73938961,3.33655848,3.44982198,3.53605723,2.79553785,3.17611735,3.13321237,3.64898708,3.48486476,3.61798638,3.27849699,3.81047837,3.41097618
3.52035297,3.59147763,4.03525247,3.69177083,3.48711809,2.54099274,2.59670101,3.17681738,3.46913463,3.54180695,3.49957596,3.34121588,4.37246004,2.63679762,2.53704574,2.42421604,2.45142233,2.50190483,2.24831685,2.43810293,2.13008338,2.23887647,2.15302704,2.26082383,2.13637376,2.27392809,2.30114054,2.75725331,2.96441652,2.92411501,3.38445886,2.34769828,2.78341034,2.92796338,3.26033495,2.96888474,3.05599273,2.54570529,2.13541034,3.65133009,3.76739724,3.92964854,3.68264172,3.50786836,2.54978146,2.55513865,3.32051240,3.38165870,3.53397035,3.51221800,3.18765565,3.45491861,2.66722439,2.72202669,2.42761571,2.54103518,2.67842725,2.12028204,2.33450669,2.22414890,2.14852113,2.19795496,2.21456586,2.17011204,2.11264297,2.34021169,2.52211921,2.50747189,2.47234806,2.62597621,2.22297861,2.45468052,2.33839288,2.41302140,2.23185204,2.38879369,2.11811475,2.21810750,3.25379951,3.24773031,3.64060497,3.42791285,3.25731958,2.11128220,2.72560409,3.09058468,3.09755970,2.81547631,2.48013907,2.16548917,2.11331121,3.58415062,3.91754999,3.65573612,3.61289137,3.55120836,2.31163210,2.77168445,3.26853912,3.35289102,3.68395490,3.40420893,3.41603194,4.18878627,3.12521097,2.94608132,3.24629571,3.17345128,3.10328020,2.17685530,2.87844982,3.07611556,3.28240588,3.13931250,3.36908835,3.32970144,2.12475018,3.34343283,3.12331211,3.79243095,3.48393718,3.05040963,1.64794742,2.62184279,2.87991802,3.16119554,3.49576875,3.49154199,2.93833109,2.17748108,3.47837538,3.43017157,3.66120904,3.30042338,3.38704018,2.05087678,2.63009569,3.09482492,3.24272861,2.99490108,3.57366611,3.69281232,2.22823564,3.18792128,3.05336148,3.55751858,3.26822166,2.75973276,0.00000000,2.15456181,2.54046252,3.15212140,3.18174927,3.08472101,2.58691771,2.19596903,3.36013584,3.14397195,3.48786347,3.58887597,3.42991614,1.87423287,2.57637814,3.13991682,3.37254208,3.68621903,3.47125155,3.58016440,4.45558515,3.70198515,3.72356415,3.85862072,3.89167290,3.59314295,2.73438530,2.55513813,3.26755792,3.41759644,3.45647890,3.08160973,3.31551251,3.41821138,3.48406015,3.48795799,3.89480675,3.50476714,3.29226563,1.97110835,2.56345776,2.97817397,3.07038648,2.75873353,2.59392630,2.32543508,2.10197357,3.52291022,3.47984854,3.72427672,3.44032852,3.36783615,2.11088349,2.58546433,2.87349616,3.16243498,3.44610835,3.40654013,3.03605181,2.30837381,3.32725523,3.70054844,3.92340772,3.49458335,3.21273908,1.96143217,2.67819289,3.16921204,3.16975540,3.33856860,3.15497280,3.31466842,3.80377043,3.50938173,3.50972257,3.69544034,3.42547627,3.11318913,1.80315288,2.75772051,3.14453002,3.15341708,3.32407109,3.45676896,3.73345726,4.16596617,3.32242042,3.49480095,3.82499894,3.48499547,3.42615673,2.39422456,2.69310517,3.44286582,3.23811923,3.43639066,3.31675429,3.32620457,3.66212304,3.30818099,3.32484775,3.50582342,3.37898707,3.34734098,2.21888277,2.80563876,2.97777901,3.25758106,3.09595838,3.51964487,2.83734522,2.24122021,3.44858737,3.33620453,3.63835786,3.60120037,3.37469657,2.39642300,2.61162883,3.06197005,3.00393173,3.06317704,3.24507119,3.23449467,3.06035500,2.92069688,3.43331111,3.76298397,3.38774976,3.52956704,2.60440284,2.72757880,3.26451198,3.48522345,3.53089157,3.55587512,3.55590580,4.13054591,2.11596115,2.83309269,3.20607937,2.94372653,3.28546755,2.45041674,2.81279262,3.16497729,3.07156805,3.14922816,3.07579210,2.88874118,2.95427030
2.86293772,3.17259531,3.61076713,3.27862701,3.21851844,2.90583068,1.92339599,2.87006430,3.34797562,3.31861816,3.42682628,3.29131783,3.38283900,2.03047519,1.96075047,1.95099942,1.86809020,1.80180500,1.78009148,1.79487316,1.58686522,1.54472969,1.56346522,1.57625551,1.36808323,1.54617994,1.71189250,2.17150848,2.44061892,2.67928793,3.06561333,2.72858569,2.23021235,2.66866215,2.79900503,2.59223663,2.58072068,2.03482070,1.47685847,2.94437877,3.18768938,3.40908853,3.16555490,3.15826880,2.83366569,1.94778716,3.06762213,3.18651979,3.18231810,3.35269582,2.98690616,2.52981802,2.09288675,2.07497262,2.01649967,2.01961589,2.03387895,1.95998841,1.71621751,1.55867962,1.62632131,1.46510791,1.56259736,1.55293637,1.47141947,1.78533655,1.90205298,1.89360490,1.79007316,1.95733028,2.02333446,1.85319095,1.83226166,1.73755815,1.50796472,1.74712147,1.55089519,1.61513280,2.62526494,2.79596295,3.42270144,3.25613999,3.05445377,2.68068591,1.89376990,2.85773131,3.06909133,2.43470789,1.74798838,1.61996808,1.54924292,2.96014642,3.54775829,3.20251306,3.32472844,3.34170000,2.62968804,1.85630642,3.03505946,3.29583423,3.33328643,3.23748152,3.50568140,3.39054352,2.56221768,2.79652252,3.00610602,3.02524114,2.99491921,2.83269897,2.14954818,2.96184768,2.99369537,3.10997319,2.81563421,2.99481866,1.55303791,2.62906609,2.75544229,3.29564691,3.12347350,2.97769989,2.47508634,1.67494230,2.87191810,3.17679712,3.33707320,2.82470919,2.33614933,1.53232508,2.81487496,3.21211254,3.33610467,3.03284514,3.21428440,2.75275044,1.82134873,3.03446599,2.91252318,3.15360892,3.02643128,3.42022214,1.64816083,2.23875948,2.73383034,3.22906457,3.00086040,2.62480723,2.15456181,0.00000000,2.60230378,2.91625820,2.67125826,2.40947658,2.16406255,1.50967732,2.54599820,2.84510559,3.25929224,3.29650166,3.33644297,2.52345272,1.67027823,3.07321457,3.34325494,3.56681018,3.36220351,3.43215487,3.37471499,2.97682712,3.26205496,3.23306137,3.51439266,3.02763957,2.85045086,2.08176286,3.08455747,3.24830420,3.11750688,3.13628961,2.97630969,2.49391890,2.54894828,3.03618533,3.33199244,3.00353103,2.92024445,2.62472653,1.63805649,2.84387618,2.94998133,2.31935798,1.82071977,1.79621401,1.47780887,2.70232056,3.08662637,3.53635263,3.11872186,3.25533510,2.96547109,2.03231977,3.07200369,3.03031304,3.36945305,3.04759546,2.98755272,1.60934320,2.61112646,3.24693903,3.58848270,3.23533821,2.92311237,2.54815686,1.84430901,3.04379627,3.15956363,3.12245144,2.64847137,3.10288826,2.88786440,2.75375547,3.11881421,3.37208977,3.26073313,3.11259801,2.58964291,1.67526645,3.08611836,3.07623050,3.09273181,3.18863634,3.47502718,3.22138162,2.60767602,3.13205250,3.42527418,3.10182462,3.12883659,2.86293593,2.20536238,3.24462258,3.14444866,3.11155023,3.18389184,3.02764515,2.71406011,2.59969968,2.99271450,3.28149255,3.12609986,3.09637998,2.71567045,1.83881678,2.82856380,3.03783603,3.03759827,2.93367248,2.59983525,1.56451128,2.78238004,2.95315791,3.22723944,3.26758597,2.90317935,2.70964433,2.03898626,2.69014568,2.86313086,3.09491197,3.13005766,3.03975604,2.58929867,1.99594897,2.96128994,3.25359807,3.02215377,2.91700104,2.87491134,2.12587722,2.94364408,3.22596417,3.13532466,3.23513777,3.25125962,3.07694677,1.52932325,2.45042067,2.45681112,2.53563817,2.70806421,2.68338812,2.28422141,2.84255583,2.93709403,2.81272811,2.84849614,2.81166144,2.30319341
3.86610389,3.53357688,3.63761368,3.54022336,3.55451846,3.12349155,2.99965778,2.71345577,3.37186753,3.64696054,3.88785225,3.77561848,4.25245689,3.00774476,2.78040726,2.71831184,2.87514917,2.90152494,2.71756646,2.73231319,2.38248966,2.43362865,2.50146787,2.48169671,2.48761423,2.50524470,2.51281865,2.98968091,3.21256036,3.11013624,3.42420835,2.92277546,2.89876601,2.55981872,3.23393984,3.05324581,3.01362756,2.70258428,2.38855287,4.06459518,3.80697318,3.74353253,3.48396405,3.51649202,3.12705572,2.87395192,2.76734968,3.15629067,3.43093000,3.75443084,3.38644754,3.32217567,3.04830082,2.91523124,2.82792965,2.81686374,2.86551322,2.60688895,2.55275294,2.44269105,2.52949769,2.40195967,2.43778450,2.44647024,2.35341777,2.48889036,2.67380982,2.47913581,2.58166471,2.85126544,2.54960118,2.56281451,2.51661108,2.43836750,2.51375279,2.63324670,2.40383830,2.46353487,3.72411805,3.34618554,3.44569713,3.37531303,3.46437508,2.95454666,2.95422792,2.58765659,3.17344171,3.02331491,2.56163080,2.43692897,2.43775245,3.85376190,4.01850413,3.33136068,3.52015550,3.56276722,2.87577976,3.08311742,2.80950596,3.26482782,3.76129207,3.88994325,3.99066550,4.28101590,3.74885096,2.95805773,3.28196994,3.42276840,3.34531825,2.92550374,2.83675786,2.60833278,3.30914292,3.39560242,3.61634925,3.31567480,2.40312106,3.96049363,3.11584317,3.47052140,3.47354555,3.31454991,2.79814228,2.79263114,2.47952950,3.44860547,3.68319693,3.76450392,3.16921340,2.42405726,4.02768987,3.52057925,3.70130047,3.34814758,3.17892323,2.78773124,2.67945309,2.63003096,3.27461354,3.54198076,3.76631782,3.93096403,2.47755442,3.87392906,3.12510414,3.41194222,3.33235530,3.16637632,2.54046252,2.60230378,0.00000000,2.64874172,2.78256341,2.98866384,2.86892861,2.50280730,3.94169717,3.28972132,3.46288680,3.45764875,3.43586326,2.75999884,2.86442958,2.65178519,3.35968548,3.94669879,3.77396908,3.83847017,4.10721408,4.08942126,3.73012420,3.64815810,3.66133622,3.41288504,3.02787768,2.88578429,3.00951506,3.52927074,3.68445396,3.46707810,3.58784850,3.25737481,3.97618714,3.43706928,3.64154607,3.42817240,3.43333057,2.96440209,2.89350478,2.57667933,2.99385764,3.00245893,2.77803416,2.56826060,2.37714675,3.91389429,3.24455550,3.85878324,3.55653337,3.49191538,2.78960508,2.79633324,2.78131009,3.21098942,3.47175363,3.46037650,3.29820589,2.41253253,3.81171635,3.50741719,3.59382188,3.61304513,3.27996639,2.92031715,2.66358143,2.42932450,3.09523273,3.44654564,3.42014229,3.37131794,3.47899349,3.98183784,3.45433595,3.57267332,3.55907454,3.38774881,2.94141377,2.90543200,2.62082565,3.32969773,3.47280500,3.65972792,3.75647846,3.80879218,3.76455750,3.67243425,3.52832163,3.53220150,3.51495097,3.02661667,3.10169390,2.94335921,3.20404911,3.45066006,3.66787099,3.73270935,3.75933735,3.80994085,3.29838324,3.65044665,3.50416239,3.50442412,2.81566956,2.84016331,2.49445004,3.32920691,3.55725298,3.65574057,3.04548951,2.41659039,3.62655910,3.44539578,3.31548304,3.57629823,3.36410095,3.06296756,2.98888299,2.59796759,3.01052094,3.30498986,3.35981568,3.45231552,3.24542161,2.96283298,3.41462520,3.34329678,3.20254862,3.44225480,3.02747223,3.06516895,2.70968643,3.39373436,3.69713132,3.84266983,3.91770095,4.14632781,2.41727182,2.89360488,3.37302111,2.99758718,3.29514921,2.82353697,2.84842831,2.72396640,3.07787112,3.10154067,3.08101156,2.95144421,2.99506211
3.85461338,4.29376392,3.79020737,3.70941249,3.39253169,3.40061065,3.34080895,3.37107351,2.91085223,3.86040147,3.81907194,4.14945506,4.40361775,3.34174153,3.25043805,3.03106228,3.14988342,3.04965959,3.12539129,3.08250297,2.83840064,2.87956785,2.94104026,2.93711686,2.93672999,2.93215334,3.02313547,3.44614798,3.29060982,3.66995241,3.25130545,3.23404275,3.27792419,3.31872534,3.09943567,3.48250624,3.45182808,3.05428631,2.90419118,3.80149042,4.37650375,3.57828614,3.63071223,3.46638893,3.38595260,3.19186915,3.35172557,2.91579434,3.83161567,3.68431972,3.92847990,3.65775221,3.30265462,3.31100944,2.95009479,3.18124835,2.83935073,2.99419225,2.96726435,2.86553497,3.03602812,2.92697979,2.90745564,2.85407781,2.83472663,2.80230073,3.04646406,2.85591198,3.01133222,3.10957048,2.97059540,2.99637858,2.98159032,2.76146570,2.91667017,2.83314393,2.82839198,2.93687221,3.82550150,4.19842924,3.42607181,3.72619618,3.26623834,3.35463582,3.30190779,3.28438541,3.10977814,3.42612592,2.93000150,2.88460716,2.91396823,3.88163333,4.54204877,3.60174010,3.68830596,3.32550183,3.10401783,3.31222189,3.43029788,2.83749563,3.79322244,3.66679032,4.40358386,4.40943460,3.73110660,3.70131377,3.27092393,3.88346218,3.23502776,3.19423155,2.96631256,3.29664549,3.08420544,3.68306230,3.60977833,3.86085773,2.83362715,3.95884516,4.15805113,3.42301502,3.76954608,3.13368622,3.34597936,3.12229478,3.19957858,2.85823568,3.91946344,3.76122279,3.74362175,2.86056188,3.94801879,4.31010344,3.61118852,3.54428619,3.02527516,3.29973518,3.05897000,3.25830679,2.78465778,3.74420998,3.98492761,4.44344909,2.86967410,3.85318298,4.02562876,3.57667173,3.63592063,2.81447901,3.15212140,2.91625820,2.64874172,0.00000000,2.90094994,3.01342082,3.38230937,2.87489534,3.94506225,4.21740940,3.32052561,3.71566076,3.30251193,3.37689227,3.19192372,3.19219997,2.58417057,3.83822592,3.79828329,4.28950008,4.14693086,3.79995544,4.19705938,3.55637139,3.91274173,3.31942197,3.39718672,3.21841148,3.64704836,3.06150542,3.91556798,3.70962453,4.04336984,3.58250538,3.98248469,4.33445372,3.55281432,3.76436964,3.08406636,3.25179250,3.22239365,3.39250235,2.76136932,3.60373764,3.29818325,2.91793702,2.81089464,3.81530868,4.18977340,3.51064869,3.83398759,3.38638213,3.40290989,3.15956631,3.21750090,2.77526667,3.76650089,3.56443162,3.83351316,2.87604465,3.74094371,4.34582811,3.24585758,3.52897105,2.92052742,3.25525536,2.96565939,2.97129786,2.57963386,3.53936889,3.56913553,3.97463684,3.64506369,3.89850575,4.22781563,3.33461294,3.83319294,3.26979106,3.38205742,3.18045932,3.11622105,2.60913473,3.71092053,3.59713148,4.28458091,3.88996909,3.69212971,4.17788133,3.77747371,3.50502348,3.40902731,3.38635350,3.39411244,3.46050552,3.01161792,3.87609715,3.75732230,3.95494487,3.68175054,3.84786254,4.20609899,3.62449190,3.77777331,3.23619819,3.25432032,3.12141745,3.44136740,2.91392252,3.71086203,3.59839488,3.56210483,2.92292087,3.59974215,4.03735511,3.64803871,3.81955345,3.24970726,3.28690321,3.28897484,3.18964025,2.68298485,3.62532375,3.50850204,3.86483016,3.43219144,3.07156630,3.97832433,3.45661898,3.61089047,3.40799376,3.38320548,3.20336984,3.30296327,2.94515477,3.81202440,3.76727316,4.38533240,4.18145062,2.76359432,3.54753809,3.62785646,3.66501536,3.16491730,3.22885773,3.24558022,3.50753929,3.19038754,3.68259254,3.37141251,3.55122554,3.44817782
3.50285460,3.76572252,4.40937334,3.15904757,3.74981596,3.40856522,3.11553214,3.51663683,3.59569282,3.06273872,4.05302768,3.95157698,4.26493486,3.13322072,3.05964617,3.10134594,2.87102544,3.07917193,2.96033064,2.91604988,2.61616395,2.62511835,2.64672527,2.67605543,2.62918916,2.62230004,2.75007580,3.35551934,3.55887617,3.25274427,3.67720077,3.42421704,3.34535262,3.35087045,3.62030188,3.20486993,3.42705252,3.00585237,2.64014874,3.71298587,3.91533119,4.29278293,3.19139071,3.66051394,3.40027813,3.05028401,3.60927428,3.47029102,3.26924266,4.10163653,3.85907504,3.55726887,2.76058764,2.83211177,3.02252028,2.63525435,2.85693516,2.76639000,2.61772112,2.49450842,2.71238065,2.61919783,2.63181658,2.68158455,2.58682348,2.66485118,2.82304223,2.76981153,2.77012512,3.01620581,2.89654231,2.80885159,2.79301255,2.71426163,2.65387443,2.71379880,2.58391126,2.73976203,3.68906807,3.61513776,4.35283133,3.22894445,3.55587105,3.24507376,2.91216254,3.31845285,3.56421074,3.03826315,2.77893071,2.63496531,2.70631549,3.55814778,4.06697208,3.97086101,3.31120449,3.75235807,3.15722273,2.93431855,3.66059554,3.63531733,3.10185351,4.00496504,4.05582869,4.15190146,3.60574465,3.64086337,4.00493165,3.30489063,3.73133400,3.29033119,2.94610304,3.19774696,3.50199722,3.25056442,3.98816845,3.59117081,2.62623143,3.67508953,3.77637811,4.29450134,3.23481074,3.52802300,3.22136909,3.01030877,3.42081699,3.54534756,3.05429875,3.72672866,3.33127761,2.64667289,3.88566613,4.12494469,4.46837290,3.06222392,3.49224365,3.40968526,3.07990816,3.39803870,3.46355618,3.15188788,3.99399692,3.87721639,2.69462637,3.65060303,3.67793775,4.39072473,3.22098889,3.48578240,3.18174927,2.67125826,2.78256341,2.90094994,0.00000000,2.89144658,2.90724400,2.63885959,3.84444717,3.87718219,4.23375708,3.36935441,3.85015097,3.38239986,3.03739036,3.54998445,3.61750038,3.32369247,4.20265006,4.12459619,4.05802772,3.53739399,3.70989994,4.16572886,3.48589257,3.52844913,3.36251555,3.11447961,3.63007000,3.45667314,3.24934974,3.80450373,3.72082169,3.43963994,3.67726227,3.91790895,4.31443655,3.13193207,3.55241868,3.23026877,2.99468685,3.37574918,3.35853013,2.96347924,2.88519915,2.70434233,2.64088495,3.71384558,3.91656780,4.41990683,3.38548630,3.83692611,3.44885810,3.11892918,3.53603281,3.45371699,3.41520745,4.06575118,3.67703451,2.64317925,3.66676767,3.99536528,4.33506067,3.19077822,3.40132110,3.21146993,2.95610862,3.27586348,3.52178825,2.90515797,3.51302682,3.75637273,3.47867256,3.48553605,3.88354032,4.28595474,3.33777340,3.78634650,3.37003428,2.93992282,3.63025354,3.45814583,2.91099036,3.97657171,4.03577511,3.89832989,3.47936788,3.78970724,4.26357499,3.14051159,3.57461716,3.42772535,2.99325659,3.67069125,3.53638412,2.97991904,3.83678594,3.52103080,3.38487815,3.75871106,3.77871162,4.50806534,3.40440410,3.74054015,3.28798248,2.94122275,3.40628290,3.98219974,3.34731664,3.78038474,3.32214099,2.55386341,3.47158379,3.77894650,3.95748875,3.47625529,3.37126190,3.31861774,2.94782613,3.07586736,3.08698654,3.18079222,3.60753656,3.62581319,3.24524941,2.92646927,3.69808211,4.04723531,3.13729705,3.59303368,3.40506201,3.03004572,3.46277118,3.52836095,3.02739059,4.04711673,4.11413933,4.04225503,2.54292835,3.24334433,3.51099857,3.22281813,3.62194612,3.17499666,3.22320301,3.41700617,3.49407361,3.00782549,3.54979154,3.36142091,3.01424038
3.26842157,3.51259341,3.89405770,4.05088513,3.72008293,3.37320863,2.80585730,3.46442052,3.73018001,3.91747594,3.54429825,3.78629746,3.86341102,2.94277926,2.98238314,2.86038054,2.82398455,2.61337954,2.72017348,2.86179354,2.60122553,2.62330532,2.54712649,2.57505751,2.45849474,2.62613558,2.72327945,3.19379371,3.18111360,3.46823737,3.32323201,3.23917516,2.90950353,3.21956747,3.37519934,3.39324076,3.15276339,2.85786483,2.57177293,3.35988654,3.47436664,3.68114248,3.97397692,3.78601062,3.40242107,2.80005750,3.43708303,3.73748945,3.69835910,3.60714463,3.66607664,3.09158342,3.09525871,2.99102091,3.01597725,3.15277617,2.78342250,2.86781665,2.67327023,2.56899950,2.72300299,2.58757808,2.63164655,2.57646093,2.53595592,2.42811335,2.76206732,2.59617935,2.70126587,2.62677044,2.79384655,2.67663673,2.62073766,2.50767906,2.54668750,2.61647059,2.48935348,2.62152429,3.48835877,3.62570483,3.95190814,4.13712287,3.51209792,3.25565584,2.76295060,3.40801685,3.48419017,2.97255750,2.46853336,2.57229553,2.60851805,3.45190989,3.90128942,3.37810284,4.05671959,3.72400537,3.10559578,2.77464804,3.68252096,3.85191987,3.97064299,3.60840654,3.91384972,3.96765534,3.46104480,3.61621637,3.82479790,4.04440277,3.38511387,3.27944838,2.97228001,3.43160112,3.56873247,3.69283584,3.23182983,3.80974691,2.48789512,3.30107545,3.38630082,3.80832527,4.00236381,3.33139886,3.16826288,2.63883343,3.39069853,3.56566159,3.91645429,3.19954217,3.17716478,2.66005853,3.59620766,3.95129437,3.98317727,4.00544385,3.38688131,3.34750939,2.78271471,3.63828176,3.71866780,4.02503746,3.28560854,4.05502071,2.64480661,3.49195106,3.56239783,4.06949106,4.13325559,3.14303867,3.08472101,2.40947658,2.98866384,3.01342082,2.89144658,0.00000000,2.55364437,2.55456412,3.41025505,3.53844132,3.68761110,4.13276953,3.62054608,3.10308176,2.71466053,3.55037929,3.90356220,4.34909545,3.54227117,4.07435787,3.96268640,3.30335748,3.73807277,3.76945957,4.33759361,3.51646163,3.46878737,3.02557437,3.76146965,3.83372116,3.69702636,3.45404108,3.81595621,3.34909266,3.39115141,3.65578865,4.08497109,4.03291497,3.41879442,3.18743424,2.72376178,3.55239475,3.36395764,3.26529827,2.90514347,2.66205392,2.49008686,3.41482501,3.68644531,3.84712131,4.13751865,3.60498759,3.40592172,2.75240745,3.40894877,3.41939778,3.77719994,3.31372937,3.64654467,2.69463494,3.55767274,3.81728267,4.05758077,4.18404987,3.46993717,3.16914851,2.77334602,3.40992544,3.80849147,3.90572969,3.25380652,3.80752347,3.64173650,3.52375585,3.74560526,3.88747101,4.24048094,3.53224658,3.29895178,2.72859601,3.48531356,3.52467755,3.77802700,3.40008521,4.10446372,3.79606431,3.18623601,3.77177777,3.79403347,3.91742576,3.60190076,3.29488827,2.95543867,3.78328555,3.73114050,3.47215068,3.31112739,3.41075486,3.26955367,3.39521614,3.69662275,3.85228531,4.13272379,3.44043154,3.26623615,2.72768704,3.26105087,3.72770759,3.80626550,3.21366151,3.50617176,2.63508046,3.21055876,3.46753316,3.72702794,4.08768702,3.31427780,3.08036581,2.80158361,3.29245992,3.28272748,3.35729977,2.95216722,3.40043593,2.94281873,2.84667616,3.52746881,3.48499417,3.87125134,3.45813770,3.36812094,2.82617127,3.48356980,3.71441104,3.84303043,3.46844390,3.81531252,3.56168855,2.54937357,2.91807044,3.02284280,3.25150744,3.20726666,3.25464945,2.99996427,3.49962889,3.57500389,3.61416207,3.33401509,3.47716934,2.96787806
3.43660589,3.48517682,4.05491259,3.64748423,3.69611215,3.15643474,2.40523757,2.92297333,3.62380825,3.69294969,3.70988904,3.37238878,3.87786216,2.60621208,2.47423438,2.50847471,2.43086699,2.62848048,2.27751871,2.40546226,2.08116361,2.11915927,2.13621013,2.21200010,2.10978465,2.21349645,2.20448898,2.64700880,3.08367151,2.98532581,3.61927702,2.81235050,2.63584954,2.78646811,3.28022749,2.96573775,3.00582320,2.33730661,2.12397559,3.20827168,3.18801175,3.66056156,3.55299126,3.66713087,2.93296324,2.22342936,3.06116788,3.51652099,3.42575405,3.40414102,2.92182502,2.86228464,2.52461538,2.42847277,2.37962838,2.59675401,2.74966991,2.30933248,2.28283572,2.15422864,2.06793481,2.13477269,2.21661960,2.21858756,2.14701635,2.19242051,2.48363500,2.35632307,2.42764940,2.68228209,2.33560388,2.38329989,2.10034746,2.24192210,2.14183645,2.43720668,2.01326140,2.10482756,3.44613737,3.16713426,3.92967757,3.80452531,3.83804935,2.90549651,2.60338520,3.19563737,3.44051518,2.85710532,2.38094273,1.97123704,2.03362813,3.30648183,3.52060367,3.30573196,3.57803433,3.73245931,2.68487050,2.50985344,3.25172851,3.72840503,3.75348663,3.63806447,3.56331951,3.82981547,3.00918953,2.90754124,3.30753212,3.21979580,3.41828418,2.70310808,2.47366903,2.85349137,3.27384626,3.18663186,3.29416205,3.10287203,2.09429482,3.34867236,3.04140387,3.95167863,3.69133481,3.69446884,2.70277006,2.39952055,3.12738601,3.54925701,3.40863290,3.29851969,2.72479560,2.19561783,3.65689705,3.60348832,3.92325213,3.60064873,3.78720030,2.99166506,2.53853189,3.18564858,3.56157949,3.32533673,3.36466967,3.61717560,2.18089055,3.24429413,3.11416749,3.96413607,3.69894878,3.53790537,2.58691771,2.16406255,2.86892861,3.38230937,2.90724400,2.55364437,0.00000000,2.07523142,3.27518047,3.16811755,3.64553747,3.72352167,3.91067684,2.65057334,2.42536740,3.26408414,3.73269517,3.95510773,3.69715331,3.57413810,3.88749424,3.24342081,3.30290664,3.45242261,3.73359266,3.43219727,2.99372281,2.24918445,3.20188455,3.58870371,3.41361312,3.33669096,3.17759991,2.91437474,3.36017286,3.40524725,3.97611322,3.67334845,3.74280237,2.83302933,2.62397438,3.32720202,3.30607204,2.99314963,2.84852016,2.36908575,2.09661705,3.51812595,3.41113597,4.00287404,3.64114611,3.89227396,3.19363106,2.67008056,3.28794709,3.60730248,3.51778118,3.54647887,3.12224198,2.12642253,3.40336824,3.51804926,4.05158461,3.73152732,3.62086065,2.74313624,2.53871170,3.24758501,3.52293863,3.40430200,2.98919805,3.29374363,3.26352559,3.41483064,3.20711962,3.79293784,3.73360394,3.72377275,2.72317319,2.43347111,3.30618745,3.48492682,3.45208815,3.55183910,3.53580028,3.70667132,3.14303658,3.43185035,3.63072897,3.40234288,3.60417116,3.01500472,2.63053351,3.34769738,3.41005739,3.25673666,3.32312759,3.13145152,3.30255179,3.37479753,3.20996373,3.74475834,3.60775306,3.68028656,2.77629787,2.52119925,2.97437568,3.46754086,3.23613630,3.42464299,2.69688364,2.09402756,3.23020892,3.16188284,3.60823379,3.69177439,3.49730760,2.79983577,2.44666257,2.91709778,3.14122661,3.19855437,3.22873061,2.98616437,2.71284514,2.91849320,3.30048057,3.76327067,3.39437050,3.55928478,3.03389637,2.65347315,3.07423092,3.58232021,3.53941902,3.71384365,3.58774276,3.81658591,2.09291043,2.74909499,3.21136172,3.02682983,3.54986844,3.01897334,2.83550325,3.21571954,3.45872567,3.25499024,3.32300863,3.04017709,2.61073007
2.71360239,2.76415482,3.38886477,2.93617939,3.04377280,2.37719624,1.22757607,2.37885445,3.09117100,3.21878762,3.23335963,2.84525369,3.26889139,1.45883110,1.47803021,1.44790877,1.45568547,1.44427463,1.15465866,1.21938243,0.75237252,0.66767029,0.68527547,0.68721877,0.65749488,0.65922111,1.02944158,1.73779101,2.23174333,2.33741920,2.77305154,2.01894144,1.72149607,2.00060308,2.31378213,1.98612779,1.92847617,1.30507273,0.60770970,2.76212586,2.82574167,3.17668654,2.87124033,3.03803065,2.44276946,1.35825694,2.58141926,2.90688721,2.97243699,3.07693517,2.66556669,2.51451636,1.50572081,1.51736070,1.56863676,1.56273032,1.80288124,1.44291934,1.17375203,0.86343530,0.85204149,0.66148460,0.69311739,0.66478728,0.72216053,1.02235915,1.05972020,1.07221424,1.13546250,1.55301301,1.28853213,1.20416682,1.24247119,1.11720517,0.74521492,1.11124801,0.63344585,0.65768548,2.59887463,2.60896602,3.26085046,3.02610504,2.99625970,2.16248779,1.66196127,2.37511313,2.74247680,2.17935161,1.09907693,0.81581555,0.63440612,2.87821568,3.24562875,3.06634471,3.12233077,3.11215160,1.97697686,1.39236744,2.65282903,3.09335493,3.18227642,3.00337940,2.97532904,3.27220457,2.36537161,2.33983813,2.79922693,2.81776879,2.85347809,2.10899580,1.56663115,2.57593389,2.91805992,2.78251294,2.81595457,2.71343367,0.59950818,2.63856005,2.52120367,3.22305397,2.98719290,2.99932405,2.13354807,1.63808607,2.52098234,2.91965945,3.11139498,2.86605412,2.05427889,0.63481982,2.78549566,2.88331661,3.29066963,2.85901411,3.00515019,2.24840636,1.45687893,2.56000334,2.81408597,2.87165212,2.88024753,3.11721848,0.68078088,2.59485788,2.64629936,3.26457865,3.04506968,2.82538783,2.19596903,1.50967732,2.50280730,2.87489534,2.63885959,2.55456412,2.07523142,0.00000000,2.41688761,2.38176769,2.91949129,2.88705606,3.02316173,1.95973157,1.17954674,2.47230445,2.96837534,3.30643770,3.07579734,2.95862655,3.25326190,2.83915999,2.99102430,3.10186046,3.22385010,2.90897609,2.37939950,1.45674479,2.69772841,3.00524698,3.00337096,2.84247318,2.62611436,2.31400986,2.52380186,2.71605021,3.16929975,2.85455240,2.92961995,2.14089882,1.58127856,2.38787859,2.55936687,2.12521276,1.74843128,1.13196909,0.67990776,2.70400256,2.84568219,3.39670975,2.92092728,3.11669358,2.41672982,1.62222373,2.60657193,2.82546626,2.95488776,2.78000591,2.65477748,0.66177655,2.38180546,2.88368951,3.29902803,2.99626925,2.81114507,2.05502880,1.43219796,2.59059004,2.91987311,2.89501054,2.46462869,2.74673190,2.69445699,2.63661599,2.79805480,3.26664634,3.12458170,3.04441481,2.05365230,1.36522926,2.57216809,2.74471731,2.90827316,2.79151470,2.97056041,3.02974229,2.52060908,3.07319796,3.25203278,2.76655250,2.82349879,2.23755100,1.55719508,2.77637020,2.74049664,2.69881529,2.78494360,2.64700119,2.77784877,2.48482436,2.61281253,3.15705397,2.95821381,2.95925806,2.14483470,1.54948821,2.29745501,2.73515286,2.85111585,2.75240482,2.18634081,0.70656886,2.53432201,2.57596848,2.95606581,2.99436883,2.83391262,2.28717747,1.55862225,2.37492944,2.60718930,2.70380483,2.94650833,2.74100141,2.28649889,1.65664853,2.70196239,3.06600975,2.67738461,2.82824096,2.32201187,1.44723452,2.45238324,2.96154107,3.05039991,3.09345201,2.93951425,2.93485289,0.61430191,1.92434419,2.20925032,2.06032975,2.30104443,1.88177760,1.59349479,2.42008513,2.57760341,2.27103547,2.22900482,2.22706741,1.75234430
3.19044037,3.82181454,4.18286012,4.03551848,3.85722742,3.42994591,2.14157787,3.76839480,4.08572911,3.96792820,3.68004166,3.41321790,3.45772060,2.45662996,2.63773604,2.53744342,2.46908994,2.52326572,2.47729315,2.51173992,2.53630407,2.43330025,2.41976030,2.38531576,2.29528520,2.36534563,2.58316620,2.71181475,2.89076453,3.31719788,3.62411257,3.23134961,3.08198527,3.46685195,3.21170681,3.13800466,2.90583725,2.44604019,2.53845338,3.17490538,3.65653319,4.00826261,3.97627207,3.82861778,3.33965898,2.38558722,3.92967584,3.90421389,3.78353646,3.66663941,3.33245687,3.02391903,2.60758870,2.69874483,2.65490481,2.76276229,2.86247258,2.84331863,2.74524506,2.58145342,2.51101064,2.50140613,2.41168880,2.49289650,2.50105522,2.59459643,2.57103205,2.71375233,2.58052726,2.65078848,2.77107503,2.59901065,2.76032421,2.59802929,2.47823185,2.68810514,2.52821077,2.40949193,2.79599389,3.28862549,3.74880229,3.70254425,3.64807518,3.25162340,2.48513099,3.64922643,3.51884756,2.98585675,2.62792366,2.59948601,2.37611445,3.36631973,4.12794943,3.98141682,4.07448663,4.10800582,3.26484600,2.26179531,3.90141657,3.94962857,3.91442403,3.49248056,3.43791211,3.31735274,2.82022305,3.41759309,3.64691095,3.68169559,3.57251795,3.24840889,2.80484353,3.83960601,3.64355432,3.62580009,3.33843597,3.49085284,2.51426130,2.66876158,3.32252751,3.86345044,3.85142246,3.76118003,3.28523050,2.48015254,3.77045406,3.79103037,4.00797355,3.41361241,3.11681846,2.45743065,2.78255611,3.40957038,3.77446892,3.64420652,3.85782041,3.32095884,2.43808692,3.82735347,3.73614741,3.80600853,3.30934826,3.77110518,2.35107074,2.76527346,3.64007276,3.99283446,3.95720325,3.71104348,3.36013584,2.54599820,3.94169717,3.94506225,3.84444717,3.41025505,3.27518047,2.41688761,0.00000000,2.42891981,3.19738793,3.43748839,3.70751705,3.14502070,2.23782432,3.87279650,3.92945511,4.04689561,3.59185828,3.69594465,3.66144514,3.55554112,4.08838449,3.90554319,4.12423470,3.81713971,3.58225101,2.74138826,3.93209851,3.94286670,3.77341614,3.53282327,3.43585277,3.29868319,2.38292330,3.35888619,3.69933786,3.67562367,3.65395134,3.26729720,2.56542123,3.78145391,3.58761226,3.18719445,3.04992076,2.53008742,2.39559397,3.01698484,3.63279191,4.04093625,3.77516848,3.95137526,3.57361822,2.78817353,4.08534723,3.77169836,3.94658347,3.55326949,3.39765861,2.45439399,2.67438417,3.62348011,4.08943883,3.94849101,3.62890184,3.17988973,2.59626763,3.99238236,3.95548343,3.80663959,3.05940796,3.70644366,3.35902112,2.80457674,3.59505484,3.77435148,3.81914878,3.87231401,3.10754657,2.40088825,4.01896363,3.74416700,3.77085922,3.44761690,3.64964773,3.53487249,2.92006280,4.04633581,4.12814652,3.90986841,3.70885541,3.45458881,2.64632313,4.14353438,3.85368537,3.81442988,3.51607312,3.53166893,3.42527412,2.47013361,3.52406920,3.70353567,3.80863585,3.62331289,3.45637562,2.56984749,3.65468826,3.77823273,3.60528988,3.37963893,3.29533773,2.49787008,3.35193983,3.81791559,4.22249480,3.99494668,3.69838041,3.34204943,2.58793271,3.73589040,3.62658656,3.31331816,3.59466314,3.33268088,2.91785677,2.50933492,3.67699254,3.91575864,3.77264753,3.54697766,3.36669549,2.47997829,3.82597147,3.87503169,3.86605201,3.59046110,3.48192149,3.30657353,2.44905948,3.30770271,3.04914080,3.45018834,3.30245499,3.14266804,2.53299072,3.76793828,3.68970893,3.30605576,3.23717232,3.40094633,3.06190920
3.90792878,3.45512667,4.19581519,4.01425665,4.00484224,3.17586093,2.46996053,3.17797808,4.25651782,4.18640668,3.90433805,3.31555162,3.84228049,2.50131142,2.37202448,2.54224108,2.59273862,2.57942467,2.38275285,2.47914593,2.53175879,2.48516024,2.40205907,2.45345779,2.37998391,2.39488909,2.60678544,2.69072232,3.17833831,3.27051874,3.69102046,3.01429535,2.94086745,2.89719136,3.47071123,3.03192256,2.97552721,2.61979258,2.50363039,3.90705880,3.25996819,4.05831114,3.91763094,3.82298710,3.18151320,2.49979804,3.30302831,4.08381057,3.84090650,3.91086763,3.20415610,3.37268773,2.75117081,2.59663842,2.83878393,2.79225579,3.04871389,2.79956846,2.68358740,2.58304799,2.56345044,2.44931278,2.41927649,2.52014757,2.45577317,2.55475943,2.53098214,2.66443159,2.59859400,2.61020495,2.66549592,2.63158059,2.68497083,2.69534121,2.39933006,2.74402420,2.51410008,2.40179799,3.42935261,2.84609321,3.90801797,3.77523139,3.88914448,3.03814291,2.87301470,3.33531094,3.84364540,3.27746057,2.75209459,2.61551035,2.40063554,3.81673233,3.84390178,3.88733543,4.04971875,4.13032972,3.02183010,2.71557792,3.28293280,4.26245509,4.12311180,3.94399975,3.44770814,3.87373837,3.39788960,2.84288976,3.64862872,3.64714369,3.67866532,3.10817040,3.05032186,3.56548216,3.97236808,3.71245440,3.63842569,3.72273336,2.58184296,3.53187887,2.62067002,3.87319686,3.79012574,3.85882379,3.03120873,2.81419371,3.20643705,4.06428668,4.03093026,3.77836002,3.02816484,2.47262097,3.55561489,2.80500536,3.96151400,3.73814969,3.92216712,3.10106583,2.66589899,3.34256020,4.15323790,4.08280277,3.59115543,3.84469589,2.43540378,3.43608284,2.87431796,4.05366320,3.90853515,3.76720748,3.14397195,2.84510559,3.28972132,4.21740940,3.87718219,3.53844132,3.16811755,2.38176769,2.42891981,0.00000000,3.00748776,3.26511826,3.76120158,2.63174891,2.30527515,3.04174757,4.13920676,4.24299555,3.66388939,3.35246734,3.93904859,4.03160023,3.63227308,3.96110174,4.10734942,3.87277381,3.29370019,2.67805330,3.32856523,4.22979574,4.04582152,3.54562204,3.41891899,3.33908533,3.17025924,2.54849993,3.77219120,3.52475244,3.71864037,2.92575111,2.71752113,3.18575639,3.76000232,3.19886837,2.96808459,2.55054809,2.41100451,3.64392817,2.93172660,4.19435673,3.75609047,4.00747187,3.26901633,2.96376594,3.49309597,4.13059610,3.79329506,3.65501763,3.50733916,2.43596141,3.36835391,2.90172987,4.14114846,4.01725094,3.77406778,2.95783406,2.78355008,3.51864248,4.20077288,3.99638842,3.36225152,3.37831460,3.66850004,3.55537368,3.01251928,3.94254024,3.91001268,3.78634294,2.89367276,2.66599754,3.37957054,4.15374321,3.99178493,3.49692810,3.32495923,3.78928115,3.59416956,3.91945676,4.06881616,4.01013808,3.84143900,3.14622145,2.76217041,3.65540855,4.01788348,3.67750628,3.56894345,3.46666255,3.84974571,3.05665514,2.63225905,3.69381455,3.70309356,3.74092883,3.07398898,2.76914774,2.91128983,3.97922452,3.70993901,3.57991595,3.28745903,2.49741684,3.80974178,3.52284803,4.02523602,4.11030522,3.94333665,3.26770917,2.88577173,3.33825159,3.92326998,3.50449277,3.76809986,3.45187142,3.38931708,2.98117918,3.45406062,3.95641398,3.90218311,3.85472132,3.23641670,2.74717281,3.24721581,4.19934520,4.20588914,3.73493430,3.37941691,3.66510000,2.55071374,3.23896172,3.44481761,3.19112893,3.51585684,3.04704293,2.72569811,3.27949465,3.76546866,3.27411873,3.18100905,3.21740760,3.04175991
4.24958889,4.42583789,3.87136962,4.11095775,3.65542814,3.67986220,3.01368192,3.32678727,3.58329851,4.47263595,4.07600679,3.87100836,3.94032609,3.21755120,3.10748288,2.85196562,3.17861859,3.09373143,3.03112807,3.03876011,2.94512745,3.00714495,2.91947272,2.97215434,2.96203355,2.91449629,3.14469877,3.06223744,2.79429160,3.49518831,3.44994075,3.13798782,3.14523185,3.20539918,2.98280897,3.54693105,3.33969291,3.02056399,2.98493196,3.94419773,4.08183743,3.38826374,3.92512393,3.52333098,3.57871512,3.06560398,3.48552712,3.51885569,4.16481672,3.91598533,3.86541607,3.62730190,3.32386323,3.28764088,2.91312874,3.18679582,3.07525510,3.09033734,3.13166080,3.04269504,3.06696959,2.96697371,2.87342888,2.96708652,2.90682517,3.02444434,3.05217722,3.02581741,3.11769965,2.98524049,3.07895534,3.04293436,3.07020175,2.92717582,2.95535881,3.03773380,2.96838499,2.92070204,3.68878924,3.86456055,2.89543821,3.79019738,3.51749670,3.36439400,3.25872820,3.42152284,3.14132949,3.52468766,2.98274615,3.02062651,2.88616642,3.94138263,4.41689906,3.63394376,4.06810332,3.64304946,3.41808612,3.22994882,3.47295294,3.55973123,4.40513432,3.81624830,3.96516588,3.98329650,3.70430274,3.70256101,3.02066605,3.87345779,3.52401383,3.43363852,3.22239361,3.68277853,3.57662795,4.28493419,3.84088475,4.22041954,2.97793733,3.93075849,3.79600749,3.02874567,3.99472332,3.48422804,3.40474161,3.10229625,3.50154506,3.22322083,4.46804569,3.77333969,3.50547214,2.99903984,3.91943065,3.70024341,3.14853077,3.72523584,3.55029539,3.38947944,2.90192208,3.29103322,3.50142843,4.43644664,3.98720683,4.32181401,2.85308324,3.83722189,3.87566891,3.22874759,3.97681808,3.35073564,3.48786347,3.25929224,3.46288680,3.32052561,4.23375708,3.68761110,3.64553747,2.91949129,3.19738793,3.00748776,0.00000000,3.13692872,3.31362989,3.14739320,2.97340708,3.21066990,3.27621897,4.55434585,4.01001400,4.10723169,4.20634694,4.14363205,4.33783073,3.35714385,4.16309988,3.52179533,3.60592900,3.08613051,3.60363406,3.71121152,4.29331585,3.90473174,4.00623709,3.65096361,3.78659092,3.77648270,2.77303800,3.87596409,3.57091625,3.37080806,3.11423742,3.28000321,3.07027315,3.79324493,3.45922132,2.95542980,2.91493991,3.74020909,3.93449495,3.16058012,3.85192350,3.78466555,3.51543709,3.09702359,3.44996735,3.33005396,4.36990639,3.72888555,3.98971333,2.84583079,3.69684126,3.97328660,3.01015516,3.98125819,3.43762656,3.50425930,3.06635346,3.48775655,3.32258853,4.30156546,3.79404101,3.89995215,3.80036012,4.02937465,4.08442670,2.68583803,3.95921535,3.56180232,3.44582145,3.10742921,3.42556336,3.37470999,4.39662764,3.87176667,4.12340794,3.94463427,3.88139640,4.42096858,3.86965931,4.08462783,3.54127755,3.51303184,3.18525771,3.60175257,3.45676361,4.28432679,3.85628433,3.73439358,3.77507595,3.46579222,3.75663929,2.68301881,3.83019441,3.34803421,3.43691108,3.10843974,3.36623537,3.46339437,4.24528236,3.69886888,3.62447555,3.06165308,3.75895286,3.99000459,3.62433077,4.16331304,3.53446133,3.65289625,3.30368518,3.49544451,3.49949114,3.98672093,3.89557738,3.80083709,3.72043537,3.07290417,4.13147833,3.61946014,4.14422165,3.57137138,3.57805112,3.11881711,3.36319001,3.49932574,4.39270702,3.86944954,3.91995683,3.76567128,2.93977014,3.64916753,3.53909742,3.76409667,3.11875997,3.39668262,3.02487444,3.51003278,3.44043976,3.84902746,3.38174466,3.59569121,3.35861326
4.05017267,4.33598098,4.35057075,2.81856422,3.87051447,3.77025805,3.26256303,3.47934434,3.60054853,3.47662945,4.67262105,4.00331163,4.27446741,3.14733403,3.13056397,3.09509800,2.93570750,3.28199098,2.97763155,2.90822252,2.90155645,2.86447490,2.95695549,2.93158564,2.91652969,2.79257283,3.08972183,3.16713493,3.58610394,3.21402912,3.69310964,3.34218404,3.54717857,3.53368572,3.51898224,3.37328627,3.53370598,3.07108429,2.96280403,4.08060939,4.20505094,4.22424365,3.01280153,3.67350914,3.67671259,3.19836850,3.64794369,3.27542520,3.51142901,4.47706974,4.03270408,3.78014188,2.93410125,3.01492414,2.90301566,2.57485531,3.16006886,3.04860410,3.11504687,2.93970558,3.00660904,2.90524475,2.80710078,2.93297756,2.89094259,2.92612428,3.03527056,3.06021446,2.91730439,3.05566760,2.91399606,3.01934016,3.09364727,2.91435526,2.87024977,3.03148246,2.88687717,2.96119497,3.90634608,3.64115689,3.81123721,2.76556127,3.68381430,3.48213154,3.13428550,3.21866185,3.41387444,3.23303461,3.07592288,3.00236821,2.90090620,4.09011524,4.48921871,4.14816171,2.98453001,3.72725949,3.51740738,3.03884270,3.59288179,3.53709001,3.35822360,4.27069141,4.18222889,4.03857461,3.75643649,3.80572797,3.73348327,3.04968960,3.76182024,3.48591727,3.15351040,3.42748024,3.47946359,3.77268783,4.16380736,3.81285103,2.95447483,3.92103480,3.86148861,3.81067951,2.87260553,3.71918653,3.31959124,3.06692707,3.31475683,3.28402636,3.79064299,4.20008502,3.66153406,2.92476586,3.88207421,3.60909861,3.70914240,2.47256099,3.81019370,3.47158598,3.12410719,3.47705251,3.69485924,3.92533095,4.54847387,4.21644681,2.85676662,3.79378024,3.82531964,3.95347674,2.91335994,3.73060776,3.58887597,3.29650166,3.45764875,3.71566076,3.36935441,4.13276953,3.72352167,2.88705606,3.43748839,3.26511826,3.13692872,0.00000000,3.25438325,3.19409396,3.11074944,3.29957306,3.23908602,3.53595468,4.58253294,4.17344222,4.04666668,4.15256323,4.31153280,4.00831565,3.05360974,3.69318890,3.50669693,3.21070044,3.37730421,3.43539420,3.82372778,4.42656732,4.04407404,3.72125078,3.95159312,3.85421046,3.61637238,2.68427300,3.78460911,3.51791406,3.33001618,3.23689465,3.27684853,3.35119907,3.52735745,3.09615710,2.88050893,3.75555291,3.72697494,4.05269849,2.53350171,3.76960219,3.52589569,3.44885177,3.75272709,3.44849567,3.90088496,4.47819177,3.88071639,2.78948744,3.69212546,3.98496490,3.65433045,2.82790380,3.48154000,3.50323753,3.30916070,3.68447131,3.50800343,3.51544308,4.01154837,4.05702421,3.76909099,3.82053585,4.00576914,3.60709763,2.67369344,3.68685435,3.46645749,3.10346937,3.57805220,3.48024045,3.56565475,4.51632824,4.22343191,4.06158190,3.98949741,4.50371294,4.34157798,3.16605387,3.56211091,3.69191607,3.17052409,3.50846059,3.32306125,3.54008647,4.26864234,3.95733646,3.67041201,3.67314899,3.72846220,3.78465620,2.52713644,3.52270379,3.36242838,3.07587553,3.43444226,3.72806637,3.74501758,3.99150956,3.46503604,2.86792608,3.84455027,4.34157320,3.94958546,3.20050797,3.46485577,3.70167995,3.17247018,3.29587180,3.10056123,3.67717870,4.38124839,3.93168502,3.67433717,3.07736072,4.00147835,3.98163068,3.09820508,3.57014137,3.54517325,3.21974169,3.48311197,3.50995259,3.53275625,4.57266290,4.01436402,3.91445604,2.83982024,3.70639750,3.82761630,3.38700731,3.35601792,3.24069224,3.19842269,3.42727332,3.48186588,3.17343069,3.78265438,3.76511667,3.36385716
3.87512408,4.22819731,4.28230756,3.75874388,2.57080225,3.45883881,3.42653780,3.72470909,3.38186449,3.80349903,3.51823943,4.61907880,4.34919016,3.16779983,3.26868846,3.05499237,3.32637875,3.00736232,3.14127347,3.19861366,2.98689926,2.94774926,3.13206907,2.95328450,3.03866377,2.91100951,3.04579210,3.38476201,3.57998110,3.57374028,2.73179513,3.38095143,3.30193521,3.54706588,3.38407303,3.41425543,3.19433004,3.29032104,3.06016448,4.01427564,4.18450338,3.98555601,3.66583161,2.58772659,3.36040504,3.40555410,3.60590420,3.31340041,3.64946255,3.69222689,4.36657762,3.98893967,3.27528474,3.26215061,3.03307685,3.17344203,2.80594927,3.32900125,3.21712105,3.09556402,3.14275091,3.01502363,2.93683127,3.05149131,2.93221699,2.96668997,3.26978084,3.06781912,3.09622167,3.02455466,3.10006009,3.18894982,3.09976658,2.97302966,2.98132479,2.98584827,3.04176731,3.01911565,3.57678567,4.11713804,3.69221614,3.53760875,2.48461601,3.44417598,3.27066139,3.33915851,3.29242506,3.53250919,3.00014121,3.04991823,2.94549231,4.20435653,4.45830608,3.86067345,3.42071049,2.39083186,3.13603639,3.43629083,3.65739665,3.41106832,3.71940823,3.60405263,4.59910611,4.43306368,3.56885753,3.76397360,3.48814565,3.67196198,2.42415059,3.08065196,3.22184742,3.64340842,3.38753769,3.76604769,3.88804373,4.11091139,3.06146771,3.92315457,3.98377076,3.98187946,3.78997225,2.41164556,3.23454681,3.09065854,3.16035471,3.22794474,3.86880552,3.80183963,4.04480059,3.04834836,3.86012535,4.23360262,3.76320426,3.66693522,2.29015666,3.12117223,3.01469381,3.52042535,3.19968004,3.88177831,3.82828678,4.56988696,3.01981143,3.85288377,4.05816431,3.92582496,3.90733460,2.54407566,3.42991614,3.33644297,3.43586326,3.30251193,3.85015097,3.62054608,3.91067684,3.02316173,3.70751705,3.76120158,3.31362989,3.25438325,0.00000000,2.99323058,3.20090303,3.49820782,3.25293780,3.67346354,3.44069491,4.72014192,4.26096187,3.94298845,4.35746486,4.03696368,3.93598686,2.65709757,3.34344876,3.43487489,3.85111179,3.47812195,3.98091521,3.75445894,4.55828077,4.10952960,3.65221253,4.02314303,3.77153315,3.48186544,2.31446693,3.30103485,3.11519692,3.16468775,3.08868208,3.89148304,3.51243358,3.10510281,3.00298445,3.91888095,4.11827651,3.69507380,3.71394515,2.29750079,3.27706179,3.20544318,3.54629201,3.09424743,4.02071729,3.71613448,3.97899228,3.02260880,3.74259774,4.30311206,3.84570580,3.64876508,2.23050743,3.42863158,3.14890240,3.64101702,3.18991105,3.64514900,3.50122469,4.59466687,4.04370437,3.82022202,4.23595840,3.72719199,3.76916009,2.23444024,3.34560597,3.33546523,3.42863208,3.33400293,3.58481947,3.42674823,4.71758313,4.07592247,3.87862320,4.26468219,4.08359237,3.59034837,2.38044775,3.23671126,3.29670132,3.51471292,3.03565170,3.49318241,3.65074633,4.39408147,4.01763593,3.66180838,4.02298844,3.78832357,3.65128895,2.18644893,3.16584965,3.23153170,3.48849949,3.28837959,3.98021025,3.56879852,3.88385059,3.08729331,3.73495742,4.01690290,3.76977284,3.69727938,2.60959259,3.46525209,3.50819777,3.71894304,3.19100185,3.71701571,3.82845132,4.46283609,3.79283171,3.11358833,3.97090885,3.69830741,3.52086139,2.50837644,3.30435593,3.37334867,3.57978162,3.40056412,3.76684930,3.59999223,4.71137487,3.97511600,2.95837453,3.51466325,3.66758324,3.56249154,2.77942372,3.22514692,3.21654860,3.81156680,3.40966849,3.42497290,3.11067676,4.00903347,3.51053514
3.51404046,3.46970844,3.80236485,3.52380292,3.39423973,2.23310474,2.46078523,2.86159686,3.41898357,3.61803154,3.41537623,3.24608105,4.27845148,2.38820198,2.32741319,2.27171269,2.38464743,2.32494223,2.05578806,2.26357163,2.01994799,2.02872030,2.04590906,2.08296959,2.06669798,2.00901767,2.17790249,2.59210825,2.94282864,2.79242505,3.16744833,2.26993343,2.59005142,2.63451830,2.98722433,2.64283145,2.80045657,2.22899778,1.99748901,3.61943386,3.42329789,3.58623163,3.50427208,3.35832412,2.26584527,2.35098983,2.97441835,3.34327335,3.57334183,3.48878256,3.23185826,3.45885150,2.50517831,2.39901776,2.28983553,2.41880458,2.52504973,2.02308159,2.15121644,2.16638422,2.06805818,2.06896000,2.04406570,2.02106852,2.04617432,2.17237422,2.28643758,2.19979111,2.28881486,2.30800542,2.03493235,2.24803294,2.20842095,2.27365927,2.07091750,2.25779862,1.98741095,1.99143996,3.30253584,3.13843098,3.47489691,3.32028835,3.27638607,2.07147493,2.64658619,2.76278099,3.00539163,2.73417266,2.22586836,2.11035821,1.94524199,3.68814090,3.81078310,3.61505778,3.58687100,3.36163717,1.99847658,2.63137606,2.89473533,3.35501645,3.74794508,3.32482518,3.23360638,4.10059273,3.04504728,2.66286079,3.07286135,3.00997599,2.98950357,1.97088697,2.63648876,2.91994329,3.20271824,3.24024384,3.42197805,3.31209581,2.01885544,3.37663232,2.95957148,3.63003994,3.42415826,3.25189097,1.89535469,2.49000317,2.58980551,3.03775564,3.39137006,3.48425398,2.80935364,2.07810082,3.36292354,3.18386410,3.63499750,3.27684156,3.16436999,1.73170457,2.52327941,3.05374053,3.31928601,3.21561234,3.47712059,3.64764146,2.02354964,3.28008325,3.02004609,3.58095052,3.53111651,3.18472827,1.87423287,2.52345272,2.75999884,3.37689227,3.38239986,3.10308176,2.65057334,1.95973157,3.14502070,2.63174891,3.14739320,3.19409396,2.99323058,0.00000000,2.16830260,2.73615589,3.21559287,3.60184679,3.19784155,3.31126188,4.10941399,3.68546032,3.56602393,3.65873704,3.75551511,3.41087615,2.39958910,2.47948614,3.07831802,3.34218779,3.47471940,3.12165035,3.39227366,3.29071088,3.34305361,3.27687034,3.65560170,3.35423588,3.33276706,2.01430761,2.54666192,2.63546949,2.91199133,2.83598898,2.68880455,2.22611703,1.98425821,3.34620547,3.21455274,3.66724303,3.29139598,3.34051110,1.92712470,2.49013409,2.70020971,3.17638454,3.29526057,3.25324656,2.93087928,2.08246507,3.27578421,3.41032698,3.74598541,3.45261945,3.19703749,1.88166234,2.65439421,2.93811538,3.25229157,3.32537824,3.28704326,3.45584233,3.78057151,3.46917657,3.28410823,3.71473108,3.52283465,3.18801707,1.79418836,2.53980148,2.84119070,3.16380491,3.42315802,3.26580349,3.61817389,4.06400957,3.37576943,3.64472329,3.76063964,3.36605075,3.14186622,2.05896504,2.48516497,3.18009950,3.12720788,3.07981858,2.92595104,3.21240808,3.73058850,3.29142541,3.15213911,3.49064504,3.40752963,3.19703966,2.02897138,2.67857398,2.76857566,3.21576920,3.30588819,3.32357468,2.84783063,2.09572610,3.46786090,3.23663162,3.43233094,3.60051509,3.24615284,2.20842440,2.60261008,2.89761647,3.00367879,3.26474835,3.23447284,3.25020723,2.99701260,2.72441951,3.08486703,3.35569392,3.19710228,3.27425601,2.29797706,2.59109221,2.93961003,3.33422232,3.53936372,3.42518365,3.39717224,3.90645143,2.04210814,2.70352939,3.11026178,2.78930006,3.00581336,2.26707454,2.64572913,2.98290303,3.00951869,2.90438419,2.83795973,2.89311429,2.83524508
2.70211893,2.99963551,3.52180328,3.30725961,3.35894704,2.85681777,1.38160705,2.76204663,3.28964342,3.49970374,3.34637782,3.03586486,3.22632064,1.58674505,1.71550579,1.64745088,1.70307459,1.56798534,1.51413405,1.60494913,1.31376056,1.23823943,1.20724366,1.25440356,1.17805396,1.20968096,1.53598621,2.02350405,2.56072408,2.71885019,3.07747463,2.59212672,2.15212889,2.52040282,2.61644614,2.39708353,2.38692963,1.79055707,1.25799307,2.74351671,2.92915439,3.22781132,3.21890195,3.28459491,2.85848479,1.48109659,2.96393683,3.25078223,3.26762372,3.18282316,2.88146643,2.50976220,1.80986172,1.85304453,1.79899779,1.88463749,1.97130859,1.86149883,1.49723616,1.51626746,1.50339933,1.28106428,1.30388481,1.35242188,1.37560355,1.51505811,1.54572100,1.56055226,1.51274602,1.72754102,1.83964087,1.54443715,1.81385370,1.57003666,1.32878059,1.55298203,1.41816105,1.29849920,2.45599207,2.64017652,3.24523607,3.21153983,3.08452641,2.61028321,1.83309431,2.68127085,2.98344754,2.48182501,1.58164107,1.50370942,1.29636693,2.88513500,3.50841483,3.38729113,3.55562787,3.47890115,2.45716564,1.57548948,2.90851331,3.29998769,3.62299054,3.19714716,3.14549687,3.26287342,2.33099995,2.42507669,2.75299050,2.97997042,3.06749154,2.59098257,1.84661727,2.90958023,3.08068245,2.99662808,2.92613980,2.94330733,1.33526738,2.60693606,2.69464530,3.19069491,3.32431030,3.31056100,2.52880669,1.62598577,2.84588269,3.19556325,3.43036022,2.84033047,2.20074245,1.30731918,2.81841618,2.95519382,3.46722410,3.16424507,3.23735983,2.64781846,1.63723029,2.95629596,3.00995630,3.16158299,2.99648325,3.24657558,1.26209347,2.52200748,2.86150917,3.33288092,3.35298156,3.18327056,2.57637814,1.67027823,2.86442958,3.19192372,3.03739036,2.71466053,2.42536740,1.17954674,2.23782432,2.30527515,2.97340708,3.11074944,3.20090303,2.16830260,0.00000000,2.59264444,3.04683024,3.47953155,2.94070666,3.01476696,2.96595791,2.85364148,3.15081559,3.23257202,3.58958679,3.21214513,2.88599279,1.78825767,3.05711173,3.27823223,3.34073376,3.02772544,2.87424394,2.54579645,2.27926254,2.80247022,3.16656183,3.18169404,3.15402037,2.55738375,1.57043284,2.79859461,2.86364983,2.26672371,1.86960799,1.52590274,1.34368994,2.61106179,2.93025691,3.48699735,3.21884679,3.38841415,2.87054618,1.94906846,3.02978230,3.12660950,3.38249608,2.98346994,2.92411460,1.34017855,2.41847403,2.96658512,3.43369297,3.25569699,2.96773072,2.48754847,1.61266889,2.86198026,3.23802572,3.28867881,2.46544311,2.97263566,2.71622948,2.63168947,2.95528198,3.32291656,3.37798338,3.36098448,2.37830822,1.49873050,2.89450754,3.08037646,3.25627816,2.81566965,3.18228475,2.96411598,2.52439150,3.26844984,3.42700630,3.18482937,3.15351667,2.75736553,1.78714845,3.19262455,3.06532612,2.93719308,2.77780461,2.64845102,2.76769548,2.43883665,2.80373274,3.23476813,3.17241251,3.11734465,2.59424528,1.63153971,2.62573814,2.94339819,3.13870180,2.86957958,2.50454449,1.33320537,2.75905435,2.85933497,3.21552250,3.31359462,3.06973686,2.68470826,1.80450895,2.72493002,2.91201492,2.99143638,3.05603653,2.99255851,2.49553313,1.91691090,2.73702332,3.14309459,2.97323907,3.09020005,2.77163840,1.55549032,2.82680160,3.17428114,3.30058829,3.13454510,3.06326539,2.89236136,1.28304628,2.37316674,2.41361980,2.47631270,2.64082006,2.41002532,1.91283166,2.72505731,2.87925998,2.61074374,2.36327405,2.58368931,2.08612878
4.20438791,3.62922191,3.58203101,3.67054423,3.79129733,3.11934775,2.93998325,2.04132690,3.47746149,4.06303991,4.11601407,3.54291935,4.19799817,2.89646851,2.56022977,2.64649976,2.88087402,2.88631888,2.70540028,2.67020474,2.46073051,2.46433134,2.53843756,2.51725173,2.61670851,2.50942001,2.74655957,3.03916941,3.34829955,3.42710856,3.63917407,2.98582849,2.89900854,2.65568295,3.19686793,3.13057206,3.02321963,2.74331415,2.53693687,4.08846216,3.51956233,3.63021281,3.59035836,3.69069513,3.04579051,2.79927525,2.53060601,3.58476229,3.80515176,3.88803378,3.41344394,3.66622985,3.12501109,2.82641700,2.74274262,2.93987492,2.98492616,2.69039026,2.57405106,2.55687687,2.67244079,2.54179596,2.42038564,2.47832814,2.53841089,2.61691065,2.60067034,2.56869688,2.66151512,2.84900118,2.61600429,2.59057766,2.61994794,2.65457228,2.56337060,2.63338693,2.42506006,2.48685346,3.85954774,2.99371757,3.32657676,3.68405957,3.73305820,3.03068147,3.04476545,2.56643451,3.25960265,3.24517073,2.63074217,2.54875835,2.47545940,4.11345379,3.94749850,3.42362870,3.78397370,3.69083372,2.88054785,3.01570018,2.05458574,3.44227709,3.91940592,3.82505984,3.59448499,4.02853050,3.83855715,2.89047542,3.28598995,3.76628400,3.63174917,2.98659859,2.82859806,2.77492082,3.61630471,3.61963012,3.74858017,3.69757714,2.51687270,4.27663768,3.12490800,3.43041771,3.73486050,3.67247507,2.98497233,3.01343217,2.72292884,3.52260795,3.96627475,3.89912310,3.19797664,2.47359942,4.10595394,3.27242491,3.39685064,3.57113558,3.62504457,3.09065721,2.80680165,2.24784560,3.34526125,3.76598696,3.60198856,3.79339303,2.51871273,4.11049234,2.91752732,3.29940606,3.63520291,3.46104871,3.13991682,3.07321457,2.65178519,3.19219997,3.54998445,3.55037929,3.26408414,2.47230445,3.87279650,3.04174757,3.21066990,3.29957306,3.49820782,2.73615589,2.59264444,0.00000000,2.75313502,3.74387166,3.61775949,3.25833506,3.74731577,4.01504430,3.62756140,3.32508629,3.83839513,3.74176420,3.15718263,2.90589380,2.84061237,3.69458859,4.05107316,3.76154994,3.50962743,3.36585481,4.03178740,2.97406576,3.21489693,3.56932317,3.54168858,2.78553081,2.86946866,2.49663077,3.33159155,3.31116533,3.07037950,2.53614702,2.48426180,4.02396404,3.30298392,3.63421810,3.67217577,3.84982069,3.22817250,3.10549685,2.35251372,3.47878452,3.73854231,3.67908201,3.65916599,2.45380748,3.90471365,3.27937784,3.21425316,3.61646064,3.52330261,2.96519449,2.77133552,2.07459404,3.33841689,3.71402244,3.59920080,3.21862269,3.45984161,4.13689056,3.24654997,3.45059900,3.95551441,3.68204449,3.00116266,2.88853533,1.82863436,3.28677529,3.68035704,3.47196915,3.37729708,3.62456319,3.99995038,3.85439336,3.45717534,3.50257362,3.55004223,3.00673326,2.89984058,2.33283135,3.26715664,3.46328325,3.46155573,3.31187748,3.52902312,3.94600840,3.00876949,3.29174731,3.53075299,3.64744127,2.88846029,3.00633933,2.49931679,3.14797839,3.67482255,3.53564650,3.18688396,2.51062048,3.79798763,3.40657128,3.11727636,3.65699886,3.58811935,3.05544915,2.89438782,2.27413545,3.20989699,3.55707397,3.46856147,3.26164902,3.24044688,2.98349239,3.41986673,3.36901920,3.52939132,3.62245440,3.09004274,2.87801620,2.13594142,3.48306485,4.06860845,3.90275047,3.69636542,3.83263399,2.45932879,3.11336463,3.44802046,3.08574996,3.21188818,2.78387909,2.69388379,2.34162620,3.02665459,3.20762305,2.93062898,2.83693933,2.87307578
4.13019157,4.56395483,3.85212731,3.57790901,3.46159199,3.41369638,3.41398601,3.33313179,2.51524929,3.68709822,3.99818937,4.07764074,4.52426308,3.29034007,3.24864832,3.01000463,3.23571843,3.20175684,3.13803355,3.04270986,2.91968271,2.96601359,3.02420873,3.01774420,3.09217335,3.05105557,3.22048503,3.56567954,3.60638757,3.73290840,3.38610437,3.22066121,3.52591934,3.53151227,3.07637982,3.47023420,3.51599783,3.12115075,3.05848961,4.01307001,4.57837770,3.75347712,3.53147010,3.46915113,3.31207281,3.31955144,3.45649622,2.75454872,3.74819215,3.91737810,3.99063005,3.91388630,3.39072570,3.45376978,2.95691187,3.24174910,3.17960455,3.13020111,3.18374004,3.11114274,3.09282630,3.04412216,2.95266465,3.00907678,2.97638142,3.02598054,3.09576221,3.07295961,3.07052520,3.14639291,2.96462802,3.11867777,3.13131998,2.96715474,3.07702415,3.03032793,2.98864155,3.04487516,3.84271517,4.08890800,3.36604372,3.59819455,3.43045436,3.42825945,3.39191299,3.28372160,2.76799137,3.44603473,3.06737265,3.10266468,2.96810713,4.13995948,4.78390871,3.96967503,3.68334376,3.36688651,3.25121274,3.36814387,3.37519530,2.57790477,3.68616817,3.54785497,4.25091925,4.36201854,3.74823826,3.81514939,3.22195198,3.67746063,3.52722572,3.32901392,3.17650431,3.25347760,3.06738474,3.90894923,4.00679187,4.08140097,3.01387932,4.07938516,4.33283729,3.35142337,3.79615125,3.49706011,3.27124363,3.27893960,3.33588996,2.65626505,3.87946864,3.91413264,3.68203853,2.95485673,4.05725187,4.30925888,3.57200802,3.59908907,3.59315463,3.30633213,3.12152235,3.19656034,2.54697906,3.59879841,4.09382497,4.42939114,2.97089294,3.94822089,4.15928841,3.48096438,3.62817311,3.35690508,3.37254208,3.34325494,3.35968548,2.58417057,3.61750038,3.90356220,3.73269517,2.96837534,3.92945511,4.13920676,3.27621897,3.23908602,3.25293780,3.21559287,3.04683024,2.75313502,0.00000000,3.12752632,3.51044107,3.88338786,3.94017470,3.93466278,4.43100680,3.51363228,3.84786834,3.61015151,3.44663585,3.34237669,3.59345759,2.80040476,3.95590350,4.01303731,4.09627770,3.85047014,3.97674048,4.32853327,3.29095945,3.62297219,3.31257205,3.16397916,3.30135923,3.18637948,2.71807886,3.63614256,3.45874544,3.05456350,2.97113788,3.95952184,4.39987697,3.68241383,3.56746298,3.67326743,3.47313783,3.34675985,3.33902688,2.74817850,3.97539431,3.92426753,3.91308919,2.97076621,3.81516954,4.39474540,3.22263165,3.40387403,3.10595661,3.33480445,3.18400386,3.22031974,2.36586296,3.45073834,3.66559602,4.05789693,3.80498787,4.06919738,4.41342424,3.54087398,3.65149110,3.55050177,3.36764084,3.28325441,3.07492715,2.16876548,3.52072335,3.72538627,4.28959153,4.04965761,3.94250715,4.53503526,3.98983309,3.52276831,3.27227254,3.35178515,3.30176497,3.33067823,2.73582310,3.73651176,3.68668370,3.77934168,3.68234459,3.90648960,4.15732042,3.48693114,3.50522094,3.33508718,3.20386596,3.17925782,3.44899486,2.66722682,3.82932452,3.68841136,3.55928354,3.01219484,3.83679514,4.29837117,3.64363737,3.61048821,3.35165084,3.39938762,3.42910087,3.31170692,2.76277273,3.80720894,3.72633257,3.96216418,3.58021778,3.23029744,4.09510792,3.65511116,3.46338645,3.47703714,3.37739945,3.29698658,3.36688920,2.69037224,3.76716080,3.94647404,4.25935781,4.25610789,2.88054349,3.70631676,3.58198748,3.54772248,3.06990169,3.17989487,3.12850887,3.31010403,2.58041641,3.32347440,3.20009747,3.44782486,3.38874075
3.95747016,4.43891017,5.14716958,3.64612730,3.76315087,3.86663699,3.70358515,4.05997354,3.87657895,2.93415775,4.14269919,4.51048158,4.81597036,3.55848357,3.60424745,3.64068312,3.55527425,3.65967774,3.44996990,3.40049882,3.34351773,3.32890920,3.36387440,3.39591482,3.37347823,3.29954785,3.49259634,3.87714646,4.23002227,3.76224739,4.02598030,3.83257236,3.95131972,3.97257268,3.93129419,3.55625603,3.80025672,3.50908398,3.33656915,4.26108030,4.49669865,5.07101897,3.81428422,3.75078742,3.78823402,3.64324682,4.21730210,3.72766616,3.17311617,4.10991045,4.21609131,4.23994485,3.56383043,3.60559716,3.63543760,3.36406344,3.68379055,3.64769755,3.54178004,3.35480037,3.33256232,3.38792464,3.31788020,3.38475187,3.30143125,3.39872667,3.46683418,3.52206936,3.41615162,3.59030914,3.40720998,3.47455042,3.50697706,3.43738399,3.39568755,3.37995134,3.33641301,3.41306941,3.95808147,4.17727058,4.67821066,3.50075504,3.83657085,3.83464140,3.59039682,3.92692255,3.77853870,3.43056812,3.49107706,3.34394459,3.33970687,4.36268847,4.73687542,4.88821210,3.72687832,3.85992302,3.79604533,3.65386004,4.16842338,3.83899951,2.87209852,3.94525027,4.66011738,4.59649328,3.96928353,4.31152592,4.47981100,3.70021933,4.00447396,3.71393780,3.59503317,3.85097210,3.64248902,3.48885778,4.42658504,4.09230862,3.40686450,4.14140365,4.59278357,4.80204732,3.70553026,3.86790263,3.61953100,3.65060266,3.95098715,3.76520174,3.44025803,4.27608032,3.99908721,3.33678804,4.07228077,4.50700376,4.84441642,3.64981412,4.03933076,3.75921828,3.71813353,3.89395364,3.53136955,2.98257906,4.32629891,4.34065796,3.32464103,4.06260842,4.40591272,4.93006092,3.72255636,3.85784616,3.68621903,3.56681018,3.94669879,3.83822592,3.32369247,4.34909545,3.95510773,3.30643770,4.04689561,4.24299555,4.55434585,3.53595468,3.67346354,3.60184679,3.47953155,3.74387166,3.12752632,0.00000000,3.60520846,4.06193616,3.73470401,4.22185156,4.61566750,4.91653070,3.91603783,3.95490052,3.94893622,3.68360926,4.23751090,3.64481958,3.30470433,4.12641219,4.14664791,4.20946763,4.01227068,4.52994142,4.68645784,3.31640176,3.70004244,3.65904370,3.64088535,3.90320600,3.78127020,3.67539839,3.69734200,3.42959336,3.40707358,4.23636333,4.74932846,4.98838598,3.64862216,4.11818558,3.76915444,3.76721321,4.07870066,3.64327377,3.47065781,4.40092241,4.07521840,3.34566168,3.86575403,4.54609063,4.76516117,3.41191466,3.55067052,3.67426447,3.64432518,3.99011720,3.61385245,2.69497872,3.73372691,4.29576277,3.90690558,4.04368382,4.66303555,4.88048867,3.53545556,3.94471048,3.72718920,3.51648972,3.99379567,3.58061421,2.64177296,4.12069531,4.38290302,4.20362272,4.08243978,4.63199778,4.97336365,3.59396116,3.68899930,3.89117011,3.56144492,4.13619628,3.59724584,3.17948986,4.23323056,4.29705873,4.14905050,4.17206240,4.33594478,4.82725057,3.55069706,3.93071778,3.70901626,3.69304240,3.88438020,3.74296823,3.56233675,4.06476300,3.84358217,3.31370517,4.01630229,4.34732974,4.61713656,3.77830661,3.93842926,4.01600301,3.67549542,3.93935432,3.56946741,3.50133514,4.23700286,4.45063590,3.93373780,3.52108655,4.25158614,4.68108576,3.47196730,3.87109988,3.89093726,3.63728505,4.09972926,3.68416883,2.78244867,4.14697491,4.56739536,4.30029060,3.22661668,4.05362058,4.24879709,3.86034207,3.95043094,3.69324473,3.71974208,4.08754543,3.76626679,3.14897739,3.87197237,3.98388943,3.84740218
3.72117340,3.95039773,4.41035706,4.74694166,3.70926949,3.54661902,3.31576795,3.95692323,4.17256696,4.30252120,3.06008749,4.13961997,4.44803519,3.17348054,3.24563152,3.19666014,3.43639008,3.09342402,3.18629684,3.34920187,3.16195781,3.13991653,3.13403443,3.16982612,3.16094870,3.20892804,3.26866048,3.63484165,3.86427085,4.18800475,3.70952083,3.51591590,3.55390191,3.83360799,3.73195666,3.58621410,3.41254902,3.31229389,3.18299841,3.87183686,3.96147674,4.15929619,4.58571143,3.77761635,3.57515749,3.22274321,3.71338236,4.05057270,3.92080732,3.25051539,3.82309450,3.85191566,3.59314566,3.54382154,3.40224043,3.64696861,3.36660164,3.45280176,3.32058322,3.27101622,3.23320198,3.19014364,3.20849742,3.21834159,3.13618927,3.22686414,3.28112507,3.34446745,3.43172781,3.28699748,3.36391491,3.39533020,3.36137036,3.38789057,3.21319424,3.22228505,3.22734025,3.15841587,3.51941917,4.04054874,4.05837760,4.45702394,3.57179241,3.50839493,3.40177311,3.86556260,3.78370576,3.73858873,3.20513841,3.19352138,3.13052187,4.17672796,4.28737641,4.10568302,4.65771385,3.72781580,3.37668842,3.47561281,3.80135420,4.14213197,4.28615836,3.22959400,4.22298243,4.58189642,3.56219820,3.69422473,3.95811304,4.42762156,3.49267564,3.37207457,3.46460829,4.03006013,3.99663642,3.85987365,3.62771813,4.19522764,3.19576962,3.85425779,4.06628547,4.40980308,4.74942916,3.66800814,3.50716725,3.40123133,3.75454877,4.00090088,4.20999901,3.83630106,3.80133013,3.15267539,3.86604540,4.22330074,4.44493819,4.73745338,3.59333759,3.41730343,3.25316543,3.78013932,3.73967901,3.83578641,3.24842160,4.36996534,3.15895646,3.75069631,4.05127874,4.33612832,4.69736147,3.63972270,3.47125155,3.36220351,3.77396908,3.79828329,4.20265006,3.54227117,3.69715331,3.07579734,3.59185828,3.66388939,4.01001400,4.58253294,3.44069491,3.19784155,2.94070666,3.61775949,3.51044107,3.60520846,0.00000000,3.40516324,3.49134371,3.79784336,4.16911459,4.23592512,4.80591212,3.76487097,3.78976434,3.34852889,4.23105862,4.28225818,4.11633460,3.20304494,4.13423544,4.05667715,3.33315512,3.89015350,4.23254884,4.42585324,3.42946437,3.42513506,3.27685960,3.86950223,3.84822615,3.91932276,3.53056919,3.15623089,3.19052459,3.97220274,4.37267829,4.40877422,4.72366615,3.89339566,3.57565538,3.35728183,3.88352545,3.71214845,3.93926155,3.35701807,3.97110180,3.24037458,3.60618830,4.10033317,4.36535815,4.48312444,3.47495976,3.29569339,3.08521162,3.86185650,3.89098659,3.90460809,2.86458519,3.96904728,3.95213538,3.75796835,4.09301364,4.41018675,4.63819356,3.54466622,3.40418096,3.40250170,3.71154670,3.76268461,3.74006510,2.63343004,3.87573348,3.84930315,3.75369317,4.30601195,4.28523313,4.49915721,3.72729581,3.42138328,3.44726804,4.14991250,3.92292126,3.83169326,3.18057476,4.13044795,4.31229634,3.65655836,3.97608063,4.17031936,4.64548104,3.63643903,3.49969906,3.32152402,3.73519935,3.61343756,3.95514818,3.50275746,3.87119673,3.27329601,3.88195081,3.71585298,4.26850341,4.70143308,3.92347557,3.56169212,3.54514888,4.05902308,4.04485396,3.88339982,3.59028808,4.40718002,3.92352849,3.45686856,3.92204275,4.03913703,4.25226541,3.83658307,3.64792689,3.39471310,3.94381675,4.09661889,4.11865361,3.04138685,4.27622017,4.12262525,3.13940565,3.78054279,3.61643408,3.73462521,3.45474290,3.39800370,3.28178338,4.05939347,3.80222548,3.50593856,3.10195997,3.82202582,3.64781939
4.08153345,3.90948041,4.15128294,4.29431636,4.80493605,3.66685237,3.22229751,3.39008039,4.49659882,4.69267034,4.53789509,2.81443556,4.38590259,3.28938834,3.12778447,3.26160133,3.21252608,3.43137732,3.13803119,3.28748237,3.21238023,3.12393286,3.08358115,3.19122667,3.14430212,3.19569278,3.37830882,3.49077070,3.65185923,4.11226857,4.60047432,3.70743402,3.79867687,3.67987534,4.09934602,3.74316211,3.72937925,3.32576002,3.09741224,4.04442695,3.72874587,4.18606207,4.13327876,4.74183977,3.68748856,3.07828864,3.68025718,4.44165873,4.33212038,4.36875548,2.97808869,3.88686374,3.54559140,3.41839159,3.29562323,3.48257766,3.78311164,3.38780997,3.31874685,3.18753080,3.20014391,3.16612331,3.15715193,3.10274731,3.16200395,3.12761274,2.84012803,3.23229794,3.31987061,3.47633822,3.27735824,3.30227252,3.35325613,3.44433074,3.13207592,3.35952302,3.06748769,3.05431004,4.06871789,3.38098442,4.17067263,4.26447313,4.75125795,3.62761249,3.47423849,3.53689159,4.04756129,3.83691135,3.30149034,3.11214425,3.16082545,4.05947202,4.06691638,3.96457135,4.47541654,4.76342719,3.54482765,3.20953915,3.55007332,4.51715223,4.41090236,4.35229526,3.45584635,4.31213636,3.91209368,3.57821902,4.13334355,4.30287390,4.67379024,3.75639465,3.52349645,3.96684263,4.46906702,4.08851931,4.12297502,3.98072491,3.08216820,3.98677820,3.65660770,4.26804438,4.26631998,4.76463166,3.64028127,3.49850179,3.76052851,4.32089331,4.37579895,4.33399065,3.50258156,3.02888813,4.18734654,3.86300566,4.41082004,4.31054789,4.84832388,3.81181990,3.58260178,3.84654875,4.39998350,4.15012792,4.15189391,4.19779480,3.07510953,3.98618606,3.54068647,4.23542501,4.22163488,4.60862305,3.58016440,3.43215487,3.83847017,4.28950008,4.12459619,4.07435787,3.57413810,2.95862655,3.69594465,3.35246734,4.10723169,4.17344222,4.72014192,3.31126188,3.01476696,3.25833506,3.88338786,4.06193616,3.40516324,0.00000000,3.36432525,4.08130268,3.69482793,3.81885078,4.30320286,4.68401722,3.86741310,3.21797535,4.00251636,4.45864798,4.37702460,4.29841930,3.27154317,3.70010006,3.90304756,3.48028559,4.06713143,4.05873190,4.63298166,3.50538419,3.40730133,3.72368361,4.22568056,3.58310965,3.39406504,3.16613501,3.08207023,3.90106077,3.97117325,4.44280234,4.07955541,4.88202261,3.85074240,3.52331851,3.66933000,4.23719885,3.84887303,4.11819300,3.91986725,3.08252189,3.75814538,3.60896817,4.26031735,4.10164187,4.67135334,3.47405532,3.35252082,3.68812156,4.29208010,3.99556380,3.64228256,2.61991729,3.63378892,3.94207188,3.54841335,4.32558907,4.28891258,4.73394198,3.33927124,3.19928850,3.62530724,4.08444908,4.19051293,3.68362688,2.32735306,3.72297768,3.88970654,4.10969736,4.08570421,4.04676597,4.59441799,3.75063461,3.32957709,3.93713657,4.30186952,3.99835618,4.04821572,3.50648632,4.21821619,3.91697576,3.65596526,4.13773315,4.30875298,4.76339342,3.74432218,3.42808726,3.75263267,4.31316556,4.07274233,4.11719389,3.62425111,3.17425479,3.85309742,3.72811226,3.93240304,4.31363098,4.55285754,3.56360553,3.35581484,3.68758189,4.40788272,4.14051436,4.29896028,3.75160943,4.03053797,3.49873885,3.68304216,4.07856153,4.01626530,4.67833136,3.79091751,3.28559150,3.55534287,4.33832170,4.49604771,4.30682989,2.92925489,4.07251609,3.10241476,3.72040120,3.58815398,3.45885461,3.89759880,3.33344811,3.19999651,3.49671589,3.93155891,3.60769973,3.85795746,3.49466208,3.53989082
3.48082074,3.92296322,4.27978071,4.03107894,4.38735149,4.50889805,3.33288795,3.85369248,4.39254740,4.25836249,4.40068356,4.16493154,3.58217079,3.48176907,3.54800512,3.56769469,3.47385651,3.49397938,3.56061789,3.54845566,3.39415227,3.24437470,3.32911354,3.31634264,3.35319265,3.33972400,3.51930447,3.74737315,3.85263810,4.12080406,4.31146796,4.24361305,3.75589578,4.02888674,3.94394148,3.74925476,3.70204727,3.53106127,3.30962477,3.80063026,4.04404511,4.20837545,3.93058854,4.29434138,4.52036180,3.39337848,4.07901778,4.31999546,3.90762583,4.20929944,3.94703848,3.44716117,3.54902873,3.44005388,3.51392290,3.42562954,3.48496874,3.71668159,3.40815574,3.34090902,3.46735042,3.34566764,3.31895702,3.40529998,3.30757174,3.36921707,3.24998979,3.39193948,3.41397389,3.47525794,3.66426026,3.40118447,3.65781924,3.49170650,3.29765870,3.37146559,3.41152583,3.36582471,3.52494162,3.73689864,4.23294115,4.08877237,4.29217987,4.33065558,3.38317617,3.92318094,4.25238654,3.95213390,3.30556587,3.44822267,3.41651842,3.89948610,4.25155356,4.15476766,4.25489218,4.40677309,4.21315468,3.29582418,4.07530031,4.50504072,4.19398451,4.30448170,4.51418469,3.70458895,3.66541610,3.97960733,4.13379017,4.12062444,4.37828114,4.34155899,3.22189702,4.17045938,4.15992442,3.89381629,3.96477892,4.09608055,3.35899976,3.81533805,4.15918044,4.18155803,4.14904816,4.41180940,4.37088349,3.28459054,4.14539051,4.37256399,4.25254437,3.92524572,3.73254795,3.32907971,3.91813787,4.21800281,4.46471491,4.29267065,4.40811714,4.39393233,3.30929144,4.14537164,4.21989932,4.09661245,3.86751403,4.10642671,3.27184472,3.70647701,3.93153533,4.34640925,4.06800268,4.32437373,4.45558515,3.37471499,4.10721408,4.14693086,4.05802772,3.96268640,3.88749424,3.25326190,3.66144514,3.93904859,4.20634694,4.04666668,4.26096187,4.10941399,2.96595791,3.74731577,3.94017470,3.73470401,3.49134371,3.36432525,0.00000000,3.80355335,4.08815283,4.10935951,4.07556726,4.11957053,4.40760530,3.50877958,4.35599063,4.36923963,4.14968939,4.44578539,4.20797350,3.73735063,3.56333958,3.88048882,4.14483936,3.91641836,4.20075807,4.43055628,3.42098532,4.25872592,4.18530223,3.81524537,3.44573200,3.40499189,3.40583241,3.65738368,4.30670626,4.56447334,4.18739398,4.63363399,4.54182319,3.67143204,4.33214173,4.09465931,4.00217150,4.08758891,4.15615279,3.28722986,3.52980392,3.91164945,4.32293731,4.24535248,4.14102619,4.22366431,3.25002521,3.96665006,4.34423014,3.89166163,3.39871150,3.72839204,2.82596661,3.57819201,3.97536463,4.19603968,4.08706675,4.48581210,4.25675895,3.03054085,3.97338111,4.27185504,4.02692312,3.93883818,3.65232903,2.66540437,3.67240472,4.20031087,4.22466513,3.97555153,4.24641378,4.49503838,3.58927259,4.23228637,4.20531107,3.87802424,4.29586179,4.17509762,3.61094834,3.63540669,3.87640015,4.24615522,3.97345546,4.26828412,4.32391217,3.11516145,3.91930844,3.99007997,4.09740278,3.78879984,3.86095829,3.34683613,3.55806554,3.91042236,4.12593305,4.07672668,4.18186994,4.46830772,3.58654226,4.09708819,4.31094696,4.18294937,4.49428799,4.52777896,4.02147778,3.26841148,3.82896201,4.06906379,3.92241308,4.10623656,4.43586698,3.35597094,3.94604062,4.13776767,4.01780976,4.22653160,4.18743335,3.36940779,3.32364698,4.01845622,3.74610943,3.78748921,3.70901996,3.90975057,3.38147316,3.90876690,4.04362459,3.51023692,3.86531749,4.12984271,3.55039032
3.07158008,3.76293247,4.19070823,3.74415753,3.71254997,3.70350252,2.78830579,3.92682287,3.97961386,4.00937550,3.92576015,3.82336370,3.64386313,3.05682036,3.26095978,3.23410632,3.06552665,3.13914004,3.11084219,3.09989313,2.81360614,2.88178754,2.88352074,2.93256171,2.89272618,2.88787504,3.06433807,3.44763857,3.55344279,3.91081980,3.84093827,3.68091454,3.39978585,3.72859916,3.61502051,3.61720387,3.31678097,3.22419611,2.92246677,2.79699543,3.59247840,3.74737286,3.57135673,3.94690556,3.72671685,3.03299443,4.03794525,4.01377685,3.84176255,3.91236497,3.82431946,3.54253256,3.12264578,3.20442374,3.15641219,3.14242343,3.17844566,3.21200919,2.99539780,2.97284715,3.00538407,2.94547280,2.96615550,3.04904142,2.98282530,2.79991088,3.04774944,3.07348817,3.06738082,3.09300242,3.27317820,2.94044145,3.01556434,2.85943801,2.91504479,2.96948767,2.92698019,2.86852635,3.47434428,4.08795845,4.39121872,4.26982725,3.84996493,3.75041646,3.18855435,3.92206366,3.95271730,3.60045348,2.89645903,2.84992766,2.94063938,3.27775497,3.75763042,3.82374885,4.00061376,3.74567916,3.31887399,2.90597851,4.22668743,4.12190896,4.15362952,3.82107503,3.99915869,3.85773978,3.54705284,4.03040602,4.07744810,4.05219386,3.98149667,3.68871393,3.14539927,3.91803466,3.71803982,3.74688806,3.65482295,3.76359074,2.81967912,3.39435596,3.87676020,4.26562840,4.17549766,3.91860819,3.60707944,3.10182460,4.13261660,3.92198743,4.09229861,3.58663912,3.34548071,2.93940046,3.55463693,4.18386333,4.39364401,4.01160667,3.79611835,3.72583302,3.02704481,4.02345044,3.72689599,3.92351774,3.75783774,4.18690192,2.95973146,3.39219700,4.15118920,4.42010328,4.10738846,3.85460206,3.70198515,2.97682712,4.08942126,3.79995544,3.53739399,3.30335748,3.24342081,2.83915999,3.55554112,4.03160023,4.14363205,4.15256323,3.94298845,3.68546032,2.85364148,4.01504430,3.93466278,4.22185156,3.79784336,4.08130268,3.80355335,0.00000000,2.68038825,3.30302926,3.58412219,3.52991719,3.51662777,2.97184986,4.09136942,3.87418838,3.82109144,3.78918034,3.73177831,3.47472798,3.34772517,4.11476981,4.19049402,3.98660192,3.78130081,3.48882872,2.91344191,3.88246984,3.82999238,3.36641462,3.21415353,3.05383959,2.96469140,3.67770841,4.31496336,4.31001248,4.13964959,3.86886433,3.82993773,3.04199298,4.23629001,3.78654161,4.08384785,3.87702915,3.89963048,2.93178640,3.60859642,4.36522628,4.49757051,4.15666316,3.79735123,3.57107331,3.06437759,4.07658462,4.08205015,3.86635370,3.18768228,3.91365859,3.68399909,3.52410777,4.25932513,4.34681806,4.17738742,4.06466758,3.59123508,3.07043878,4.10059830,3.74905294,3.81876220,3.65432970,4.23352549,3.87622150,3.02374686,4.10795791,4.32332855,3.84121194,3.73996356,3.73254420,2.83666181,4.29754220,4.06152992,3.86088759,3.87428513,3.62641364,3.53047477,3.53799668,4.06661364,4.41025465,4.10769697,3.78685106,3.63601543,2.95260760,3.80607900,3.98620589,4.05202186,3.73321185,3.60457285,2.91172572,2.85619634,3.35920728,3.97851250,3.90960590,3.48316330,3.54531820,3.05183241,3.88010526,3.79005457,3.92273165,3.88382345,3.95472643,3.44381724,3.12715637,3.71707461,3.94261885,3.78280971,3.74044226,3.72591549,3.05585309,4.13485529,4.00700458,3.96254152,4.04224044,4.30815210,3.75664255,2.85771377,3.23212793,3.15938322,3.20525399,3.42737281,3.68627282,3.36813906,4.03062578,4.07325167,3.70936843,3.53808595,3.81385824,3.22550428
3.89502170,3.33498526,4.04826268,3.83484971,4.06667717,3.51595185,3.11757394,3.35691243,4.51042489,4.45791433,4.32826325,3.71353253,3.94001712,3.53629647,3.25327220,3.55107757,3.43119657,3.43835988,3.41961483,3.40934314,2.98230600,3.06389758,3.03615790,3.11791757,3.12832774,3.07886606,3.14649077,3.51412236,3.79432908,3.82773827,4.12065760,3.73432429,3.51882248,3.42636290,3.99698062,3.57466631,3.53519261,3.33271462,3.11386098,3.89126467,3.42001293,4.01271539,3.79833589,4.21411927,3.60179705,3.19945701,3.56156728,4.38033831,4.06662585,4.22727302,3.44361291,3.72458280,3.34363100,3.12180274,3.37793861,3.31221957,3.41078854,3.25730971,3.09538516,3.07568847,3.20557557,3.06376452,3.09199658,3.18107030,3.10092749,3.00579745,3.08115534,3.16919722,3.30218403,3.36818343,3.37538981,3.14784675,3.09876694,3.17352367,3.05766917,3.18730494,3.06891408,3.01284848,4.25389404,3.78507038,4.49732022,4.33689770,4.29008429,3.79554985,3.44969513,3.52148052,4.21029881,3.76537272,3.13626587,3.02996751,3.09193945,3.78949735,3.09084361,3.62843504,4.05437611,4.02757112,3.34610144,3.22088693,3.69737142,4.49604591,4.40176861,4.28805090,3.96858228,4.19139879,4.10726408,3.51517558,4.23922007,4.16099290,4.13898830,3.69992219,3.31633381,3.73768505,4.37694041,3.86629526,4.00032829,3.83196632,2.98959450,3.91285122,3.16119918,4.26611571,4.13083917,4.23367637,3.62780413,3.40369158,3.64905910,4.36494775,4.23322576,4.13700512,3.48385227,3.15631182,4.24202178,3.77165787,4.67892041,4.22627052,4.14908849,3.65887353,3.36099728,3.69162220,4.28476463,4.32003822,4.08102769,4.30320155,3.18019652,3.99938318,3.45217032,4.34702007,4.00613415,4.11745064,3.72356415,3.26205496,3.73012420,4.19705938,3.70989994,3.73807277,3.30290664,2.99102430,4.08838449,3.63227308,4.33783073,4.31153280,4.35746486,3.56602393,3.15081559,3.62756140,4.43100680,4.61566750,4.16911459,3.69482793,4.08815283,2.68038825,0.00000000,3.22837927,3.46218538,3.78080982,3.27873239,3.11233734,3.52431591,4.25918276,4.13671088,3.82563476,3.68494915,3.43314158,4.08974807,3.52946411,4.36518395,4.11251929,4.10016731,3.52334545,3.36709659,3.47876950,4.31650514,3.63454535,3.31673087,3.26232949,3.10746978,4.18277052,3.74214291,4.45048568,4.21176170,4.21354302,3.67715198,3.32537062,3.76323998,4.26673580,4.10976073,4.13525937,3.93212606,3.01060669,4.18336313,3.77960563,4.63677174,4.27644469,4.26947497,3.57109607,3.31847479,3.63880347,4.42378997,4.04650968,3.55495085,3.57424539,3.69951187,3.94609328,3.52573732,4.50254673,4.43116354,4.32815236,3.57238312,3.23135760,3.70171542,4.32726182,4.08773040,3.98681213,3.83182777,4.18000314,3.49963175,3.52496605,4.02056513,3.87010056,3.97369406,3.63591853,3.11104535,3.77766339,4.36793053,4.03649042,3.83901414,3.63822951,3.80819817,4.07405322,3.48389438,4.47658722,4.22189431,4.27095361,3.55785459,3.25215857,3.55744218,4.48118682,4.05671317,4.15400346,3.63113867,2.99971056,3.48787198,2.86191048,3.82854213,4.02892745,3.77269745,3.34908975,3.33869081,3.47607498,4.18815477,4.12404424,4.02892487,3.87808767,3.67742994,3.46945302,3.14648768,3.74708792,3.79853489,3.90519909,3.56076645,3.35392918,3.46188918,4.52099253,4.30726838,4.28531578,4.10886655,4.02147356,3.09575166,3.08556071,3.43559904,3.08424865,3.74099745,3.49807619,3.59894882,3.69302195,4.43969621,3.99550136,3.83514325,3.85021181,3.60103952
4.21269178,4.04643974,3.17420727,4.08469762,4.03951171,3.85363795,3.32297083,3.04183853,3.69912243,4.80312459,4.49597308,3.76532515,3.91705564,3.50069414,3.28827528,3.31139431,3.53980904,3.44520472,3.39129364,3.32668141,3.06855231,3.12183299,3.19694063,3.14324311,3.18897181,3.18697895,3.33147723,3.70873403,3.40756550,4.09838983,3.85685783,3.72949181,3.48765989,3.61278786,3.58177164,3.72941303,3.49555219,3.36485636,3.17431749,3.83726454,3.94626445,3.09567686,3.81219311,4.08934647,3.66878915,3.26658945,3.51513572,3.87556746,4.52373621,4.29746532,3.64982690,3.76478491,3.53130491,3.48495873,3.18935991,3.53498243,3.40961865,3.36276708,3.30978597,3.26687738,3.33481195,3.14689374,3.10352295,3.20033721,3.20114658,3.11191772,3.04563142,3.07413212,3.22465765,3.22116171,3.34786282,3.15743420,3.02577349,3.13738688,3.12426821,3.17514630,3.16501399,3.12768473,4.08562640,3.81338995,3.24357543,4.36047885,4.10750853,3.72297693,3.32937401,3.31386319,3.62546915,3.90214719,3.01607713,3.24734056,3.15878551,3.89712612,4.09294079,2.91770468,4.06353217,3.98993823,3.49840847,3.31381164,3.38895530,3.76866583,4.68989046,4.19398116,3.80050165,3.98630166,3.86243222,3.67327954,3.19281641,4.15332948,3.98514828,3.76578946,3.26980606,3.61599180,3.71795396,4.57939690,4.02656357,4.17989616,3.08950728,4.03531361,3.78203636,3.24666665,4.28662198,4.06892332,3.75958884,3.29197887,3.55776042,3.66696434,4.61738375,3.85665136,3.62153680,3.08158386,4.20413143,4.18185493,3.63365379,4.11676833,4.01379418,3.89245930,3.20173075,3.50340618,3.58721113,4.59236106,3.96805667,4.51271529,3.20812252,4.16043474,4.02295574,3.35990609,4.34252842,3.98035390,3.85862072,3.23306137,3.64815810,3.55637139,4.16572886,3.76945957,3.45242261,3.10186046,3.90554319,3.96110174,3.35714385,4.00831565,4.03696368,3.65873704,3.23257202,3.32508629,3.51363228,4.91653070,4.23592512,3.81885078,4.10935951,3.30302926,3.22837927,0.00000000,3.41800622,3.72280330,3.45189347,3.03534924,3.24363979,3.71135911,4.47979219,3.97484044,3.63953571,3.28578845,4.08305913,3.76302295,3.08743796,4.22782388,3.97211868,3.68438852,3.19236140,3.30004549,3.62280441,3.90511077,3.50261741,3.35212866,3.09716557,4.17697109,4.07324416,3.58491005,4.21496862,4.04362411,4.00364082,3.32763052,3.60581145,3.81161525,4.51455646,3.98316872,4.14383085,3.03797894,4.07582339,4.18361938,3.42168397,4.23843066,4.02419885,3.67827439,3.19108581,3.67072524,3.80231690,4.41122278,3.96718677,3.82346193,3.76578958,4.15846199,4.07794123,3.48444032,4.39227353,4.06747386,3.78607990,3.27470329,3.52223830,3.52673314,4.42016067,3.95619466,3.91266340,3.86474784,3.76927472,4.04730821,3.41700120,3.87049435,3.82178612,3.57489829,3.16442243,3.28505541,3.61791230,4.38547138,4.04204629,3.85008635,3.70922076,4.13388920,4.01242389,3.31170088,4.35042382,4.02988656,3.82924182,3.24034991,3.49900603,3.73991939,4.52676923,3.93608432,3.73087035,3.16428775,3.71347081,3.68936652,3.10497213,3.99292641,3.66499649,3.60331879,3.39015387,3.19068904,3.71582056,4.45136867,4.05603080,3.83350897,3.63822754,3.39664075,3.84982871,3.17362074,3.92139203,3.86518849,3.78980074,3.46742017,3.25746485,3.86004019,4.84491734,4.38915068,4.09567127,4.06407990,3.15006841,3.47644579,3.36920309,3.38160975,3.21309220,3.65200791,3.37076425,3.34270331,3.63227775,4.13244224,3.71500190,3.82971022,3.39758361
4.02518041,4.16677639,4.24651370,2.44875671,3.75950844,3.81843721,3.56819940,3.68680672,3.84208305,3.79439725,4.79698850,4.19864896,4.21091242,3.61531112,3.56785087,3.66520299,3.46741706,3.71502298,3.53378382,3.38990832,3.20452152,3.22393494,3.27369133,3.31135580,3.34703839,3.20647562,3.34077956,3.66585360,3.73498912,3.47957647,3.84207307,3.76284121,3.64054878,3.64722382,3.87850772,3.50441883,3.64716950,3.42252549,3.26096172,3.86395059,4.14251753,4.07884943,2.64974549,3.80566897,3.89595679,3.58383189,4.12631626,3.72564613,3.65112045,4.68762002,4.00809019,3.99116486,3.21612248,3.27574155,3.35669924,3.09538522,3.48324262,3.34026390,3.41970480,3.30265682,3.31064412,3.23196452,3.18260716,3.27406416,3.26360842,3.15253689,3.26912603,3.25783800,3.29279161,3.42762081,3.30235132,3.37588317,3.30922733,3.23912275,3.21048882,3.37542274,3.22512910,3.25591296,4.19264032,3.97298497,4.28733883,3.32286930,4.00721335,3.81039452,3.40549625,3.44529324,3.86329412,3.66879164,3.29130868,3.27524625,3.28285822,3.91211695,4.29676061,4.10977348,2.92903988,3.73070309,3.63241814,3.47653519,3.96419435,3.84105053,3.68762540,4.44711390,4.25790059,4.10742723,4.04549437,4.03685336,4.06133536,3.50625889,4.07047042,3.93713377,3.32364686,3.77089603,3.76857059,3.92499289,4.47378632,4.06763620,3.20182047,3.88438132,3.92893261,4.16019765,3.06159070,3.92234872,3.70694237,3.44419971,3.57159528,3.70937804,3.82847952,4.50375502,3.93871874,3.20772126,4.17082163,4.20542619,4.39096235,3.14788735,3.99561305,3.83749407,3.41253872,3.64701121,3.83841366,3.86286090,4.57371227,4.44628672,3.29907272,4.12952092,4.18877918,4.48809500,3.32076949,4.00781271,3.89167290,3.51439266,3.66133622,3.91274173,3.48589257,4.33759361,3.73359266,3.22385010,4.12423470,4.10734942,4.16309988,3.05360974,3.93598686,3.75551511,3.58958679,3.83839513,3.84786834,3.91603783,4.80591212,4.30320286,4.07556726,3.58412219,3.46218538,3.41800622,0.00000000,3.32827891,3.34809698,3.40199444,3.50680037,3.44818591,3.74068371,4.28237126,4.24052763,3.73783443,4.20547642,4.14019739,4.25820377,3.13937212,4.07722602,3.86335925,3.63696608,3.53427611,3.79015679,3.72020720,3.73446673,3.55951219,3.21881191,4.15708077,4.11370578,4.27699800,3.21108910,3.88585346,3.73635576,3.64521080,4.00864344,3.71229811,3.86862896,4.66300826,4.25538759,3.15063704,4.05478652,4.16749257,4.11747908,3.15821890,3.90514064,3.72698335,3.57831470,3.90268690,3.92472704,3.61897716,4.16433205,4.17756527,3.90310940,3.88590304,4.29642345,4.22730998,3.30536441,4.05965471,3.90902602,3.42456703,3.80571992,3.80977136,3.73228507,4.64736239,4.23272236,4.00575970,3.84326198,4.27461428,4.24308387,2.93703065,3.68081357,3.80254840,3.41338976,3.69444784,3.58332001,3.80483406,4.57454725,4.43271402,4.01499133,4.06893917,4.12823061,4.38251198,3.19112140,3.94726687,3.87350324,3.47992354,3.67395965,4.01675071,3.82797355,4.35772331,3.79080432,3.22660707,3.60720738,4.10719801,3.97500782,2.95587126,3.42579256,3.79024103,3.55299658,3.65496601,3.58227194,4.06123016,4.56462580,4.29452637,3.91841383,3.33441747,3.80686797,3.93895019,2.85883745,3.53707212,3.74784146,3.59017821,3.79917106,3.85512546,3.95599437,4.76891220,4.44098013,4.14969324,3.23267897,3.50136359,3.83876597,3.27968199,3.53753730,3.71516831,3.79673227,4.02708523,4.12916312,3.82167721,4.35248183,4.32154753,3.79665591
3.80629673,4.01807294,4.12503502,3.28943225,1.96903805,3.18617646,3.20799233,3.58514208,3.39932607,3.71845118,3.66586983,4.51539480,4.17212176,3.29823887,3.22887855,3.22426793,3.32550959,3.05822455,3.16065823,3.19518889,2.87686378,2.89805165,2.94289596,2.97329948,3.03441867,2.89190819,2.97446024,3.23162878,3.44662028,3.45049135,3.08204986,3.47239039,3.10922227,3.36077973,3.35844137,3.33605094,3.04538773,3.13646896,2.92230864,3.88659281,3.94672643,3.78948661,3.32206895,2.26769434,3.44492672,3.30778138,3.65885752,3.32525029,3.63607093,3.93400261,4.41452639,3.88531033,3.10190872,3.04739101,3.14581077,3.20379787,2.86598735,3.17288240,3.07862804,2.98710808,3.02028988,2.90799413,2.88102264,2.97544322,2.86269627,2.94442818,3.13475234,3.00339250,3.14168035,2.99032525,3.14449087,3.16434141,2.92064826,2.89514764,2.93843734,2.90044622,2.94796282,2.96848418,3.67983118,4.08464924,3.95229995,3.64382515,2.61806974,3.59946675,3.21967436,3.52874658,3.57940477,3.49616495,2.92242002,2.91226998,2.92448314,3.91447358,4.21054829,3.78463911,3.34349621,2.18359981,3.10545519,3.32947389,3.58440699,3.41445967,3.58313265,3.54245350,4.58749061,4.22983723,3.76604519,3.80326604,3.72258139,3.78375745,2.89438077,3.56263872,3.15070908,3.51634208,3.29647244,3.58441684,3.64701986,4.02959898,3.00112610,3.77837978,3.76475915,3.97199733,3.87730179,2.63897583,3.57267182,3.11772728,3.39724312,3.49570928,3.90812651,3.74667642,3.72099068,2.93909675,3.75630564,4.11186756,3.97682686,3.74844910,2.74486327,3.42664810,2.94618597,3.43911931,3.39369981,3.89557056,3.76291333,4.57363587,2.97222306,3.60358004,3.91808519,4.16384233,3.98659727,2.60419339,3.59314295,3.02763957,3.41288504,3.31942197,3.52844913,3.51646163,3.43219727,2.90897609,3.81713971,3.87277381,3.52179533,3.69318890,2.65709757,3.41087615,3.21214513,3.74176420,3.61015151,3.95490052,3.76487097,4.68401722,4.11957053,3.52991719,3.78080982,3.72280330,3.32827891,0.00000000,2.79907698,3.03058747,3.45306467,3.27378801,3.30471835,3.44344161,4.31506677,3.70347741,3.49656175,3.89304031,3.77597648,3.63183943,2.53537531,3.46243663,3.18646318,3.26909672,3.20671798,3.79865260,3.27929772,3.13806531,2.93322830,3.70534083,4.07455038,3.74774030,3.66100884,2.82689189,3.57126799,3.17946556,3.60224432,3.26274841,3.88819012,3.60727679,4.06108351,2.88931698,3.77536706,4.03787856,3.94214377,3.58566346,2.56295716,3.58612661,3.23040449,3.71613784,3.41277251,3.82826177,3.44308845,4.39783811,3.67944994,3.63683600,3.90713584,3.68710831,3.86905062,2.59123859,3.64711946,3.10335005,3.48097906,3.33117734,3.66832928,3.64661090,4.57222511,4.02644264,3.62064716,4.09696934,4.14452091,3.71659130,2.42522991,3.29904988,3.34022025,3.61176693,3.18918031,3.54029411,3.64656613,4.33781805,3.90072686,3.64804129,3.90623462,4.03636899,3.79483764,2.65384715,3.45104027,3.16952004,3.50489159,3.30993797,3.73694312,3.54467312,3.75244942,2.93700144,3.55625816,3.72009508,3.88744964,3.80685759,2.46398811,3.29919659,3.37788857,3.54071297,3.26876641,3.72026860,3.84500879,4.39760935,3.72161730,3.23841944,3.92380838,3.90563575,3.58659292,2.29951791,3.38461070,3.45455935,3.62270749,3.54585495,3.78060335,3.65675031,4.62942177,4.01129693,2.85708983,3.34093652,3.60130555,3.49216822,2.96952840,3.48882252,3.43410636,3.89044805,3.69453886,3.68823299,3.55193370,4.08923151,3.53420276
3.68596473,3.50898081,3.70732535,3.38468863,3.26899357,1.75693613,2.81005723,3.13402099,3.38012119,3.72948161,3.57615133,3.63651516,4.52486947,2.93275264,2.72082300,2.86518321,2.82910993,2.84608171,2.67008067,2.78304631,2.43986318,2.43463739,2.48818352,2.49472111,2.62784327,2.43762329,2.51082050,3.03972214,3.36091685,3.31232037,3.38055279,2.80925839,3.09649234,2.86233527,3.22075753,3.01379498,2.89414390,2.63969335,2.46670768,4.01748318,3.81781690,3.86320335,3.34839118,3.30592953,2.09780892,2.90398410,3.03543308,3.17603861,3.57134122,3.67174764,3.55343325,3.80134134,2.99571363,2.92702081,2.93398338,2.87192640,2.95889363,2.66652976,2.77315846,2.52735688,2.57267428,2.51112387,2.47033331,2.47867632,2.47179303,2.56866640,2.59460292,2.69299795,2.79612417,2.78054228,2.52493215,2.68544076,2.50899725,2.52932098,2.52797509,2.56914921,2.38295434,2.38504100,3.56117745,3.36184277,3.93863782,3.54586361,3.34084999,2.55190719,3.00914160,3.01150827,3.24143701,3.08569234,2.54394200,2.42520126,2.41651819,3.84098789,3.80733853,3.51519065,3.19565331,3.18260427,2.08700302,2.68627989,3.09804635,3.30113159,3.54025318,3.36410688,3.70916366,4.30621401,3.64072068,3.29053701,3.70613949,3.47394669,3.17641080,2.65950855,3.05619722,2.81599863,3.17674397,3.48482293,3.48871449,3.56184689,2.39061506,3.66822278,3.42737199,4.02254883,3.78017182,3.46138432,2.65767178,2.97168781,3.07450290,3.43831467,3.61889004,3.88752851,3.13762195,2.43995718,3.53796921,3.55362988,3.89604943,3.50181892,3.28938523,2.25719009,2.87212837,3.22541844,3.34175453,3.42116717,3.65200426,3.87366376,2.43058773,3.63268344,3.40802053,3.79400988,3.80480186,3.23844877,2.73438530,2.85045086,3.02787768,3.39718672,3.36251555,3.46878737,2.99372281,2.37939950,3.58225101,3.29370019,3.60592900,3.50669693,3.34344876,2.39958910,2.88599279,3.15718263,3.44663585,3.94893622,3.78976434,3.86741310,4.40760530,3.51662777,3.27873239,3.45189347,3.34809698,2.79907698,0.00000000,2.49878378,3.07522446,2.93516842,2.95701317,3.08176231,3.27046929,3.45799850,3.75703576,3.67762067,4.06776738,3.66206274,3.42480053,2.53155374,3.01974088,2.82987564,3.24179076,3.16931547,3.08273904,2.66421466,2.44925084,3.66772351,3.54760895,4.03860458,3.56975078,3.49703384,2.68698909,2.87464348,3.02956713,3.28902696,3.44122918,3.57606946,3.36995872,2.30383187,3.65665587,3.77605763,4.07353053,3.62257919,3.28736987,2.62970080,2.97173731,3.22810060,3.33201645,3.48905101,3.52573710,3.77401614,3.93147907,3.63231940,3.60853948,3.95848968,3.79146701,3.24908711,2.56227569,2.93907414,2.99702870,3.16550392,3.53705938,3.63205348,4.08146295,4.38047900,3.64551754,3.91080872,3.81636168,3.39145660,3.04010457,2.01510417,2.79315370,3.31650130,3.16567606,3.36397879,3.34507171,3.67489278,4.01274352,3.67816569,3.42634431,3.94668447,3.60889686,3.45418735,2.28844641,3.01015395,3.06937712,3.41077345,3.37633342,3.57305776,3.04513596,2.43744297,3.38980907,3.39791422,3.69936426,3.64337298,3.20262540,2.24726562,3.06834057,3.04927769,3.09075690,3.44738124,3.47017658,3.57505161,3.31268865,3.12284796,3.48275472,3.65772951,3.33813433,3.14904913,1.91552341,3.03072992,3.13506360,3.46470710,3.82589810,3.52505666,3.76458866,4.20218223,2.37227694,2.74980570,3.27116613,3.05490719,3.10184371,2.56394082,3.00230339,3.17171198,3.23414594,3.16337102,3.05328703,3.22577462,3.05958347
2.99777231,3.21218098,3.54687668,3.37609617,3.37941047,2.89746086,1.64515213,2.74226926,3.33207362,3.52594124,3.44079978,3.07200546,3.44806358,1.98833222,1.98602782,2.09227881,2.09464439,2.13881336,1.84311580,1.99311348,1.63187084,1.61877179,1.49315674,1.63127449,1.55183995,1.59883989,1.69542970,2.33751109,2.66801484,2.77937320,3.23975087,2.46602727,2.31673149,2.58632416,2.84054715,2.48978741,2.42618294,1.80333408,1.49071013,3.10009283,3.08591877,3.47727009,3.21747159,3.46131086,2.91871653,1.71979243,2.87723876,3.17834890,3.24196614,3.30765196,2.92291254,2.85784181,2.07710307,2.26950515,2.05856370,2.15985311,2.53310002,2.13947271,2.07966768,1.83425532,1.64866068,1.58228060,1.62790028,1.72183298,1.59704011,1.77521874,1.81694550,1.83936819,1.91273004,2.24218602,2.00467550,2.01378952,1.90492999,1.92173952,1.66865733,1.87231584,1.60367800,1.60526788,2.86044778,2.85929602,3.31608958,3.34418348,3.36726642,2.46910735,2.21337916,2.76320584,2.92460823,2.80325352,1.92347426,1.67568968,1.49223912,3.19436631,3.52518678,3.25859642,3.42788120,3.56896822,2.47618059,1.88112449,2.81724471,3.31261243,3.45494095,3.22381804,3.00926033,3.38494663,2.80943443,2.79226999,2.99656401,3.08911031,3.23567716,2.54616416,2.22073674,2.89288835,3.13399212,3.01997231,3.11759485,2.96958028,1.53414759,2.86216286,2.97607050,3.39785417,3.43441392,3.45333331,2.54954708,2.23352651,3.05837807,3.34223712,3.49228605,3.22424803,2.50058409,1.56750412,2.93112915,3.02206677,3.53305628,3.23070045,3.36955515,2.65468162,1.99488625,2.98844728,3.18662102,3.16364125,3.25337088,3.22918533,1.51637157,2.94524891,3.09145324,3.41586415,3.46571178,3.36155889,2.55513813,2.08176286,2.88578429,3.21841148,3.11447961,3.02557437,2.24918445,1.45674479,2.74138826,2.67805330,3.08613051,3.21070044,3.43487489,2.47948614,1.78825767,2.90589380,3.34237669,3.68360926,3.34852889,3.21797535,3.50877958,2.97184986,3.11233734,3.03534924,3.40199444,3.03058747,2.49878378,0.00000000,2.51720510,2.96254271,2.98480112,2.70023394,2.31236344,2.19753857,2.80513254,2.93506629,3.20387083,3.29856525,3.38956232,2.51339348,2.15383656,2.87989082,2.84856526,2.60055075,2.40500027,1.94542590,1.60769015,2.98857348,3.11931986,3.51965955,3.25643160,3.47757823,2.77376978,2.14959485,2.96922808,3.17781372,3.31174732,3.16203980,2.84787999,1.47184946,2.66078290,3.32528166,3.56318672,3.45345092,3.21087689,2.54512237,2.01272838,3.14544756,3.24374957,3.40478249,2.76349750,3.01092609,3.01050037,2.81501901,3.07720642,3.32868668,3.40408280,3.38361275,2.27162642,1.97928129,3.00269108,3.05641190,3.24701658,3.13351263,3.21064943,3.39165766,2.88970079,3.42278298,3.54881384,3.27798622,3.38140073,2.78494280,1.97916939,3.18120018,2.98602153,3.13466303,3.07323251,2.77634598,2.99915499,2.81482954,2.86657040,3.27962962,3.28424878,3.40894373,2.47761986,2.00774871,2.77330121,3.08636609,3.22239542,3.21934383,2.43350367,1.62632562,2.93319518,2.95810553,3.12613421,3.54122356,3.40881525,2.85251335,1.93518372,2.81147126,3.01751312,2.93904529,3.26478757,2.92894205,2.58405400,2.40985231,3.20319421,3.40540487,3.23576963,3.31414053,2.71522043,1.83930065,2.75079275,3.24353529,3.38101982,3.18517399,3.02989132,3.23942307,1.52673121,2.63044054,2.93215496,2.82736588,3.05697918,2.63063165,2.42882882,3.03579421,3.04698676,2.88040086,2.72958596,2.69927595,2.33479023
4.30029071,3.80657816,3.60296819,3.45483215,3.66003192,3.35373473,3.18774700,2.65253479,3.49384781,3.81106111,4.18287753,3.77011788,4.18701379,3.15362353,2.89548094,3.04366392,3.22794853,3.11189381,2.96621482,2.99079494,2.70384175,2.76002404,2.71956952,2.78053047,2.73720568,2.75429465,2.84078026,3.17351748,3.40339466,3.28732232,3.60388374,3.02294060,3.09413143,2.92739274,3.49023438,3.19393707,3.24489468,2.82855770,2.73885463,4.30653440,3.85626176,3.73832711,3.69178844,3.84679703,3.33113865,2.97502793,2.85464948,3.42349520,3.77405837,4.05632169,3.55128341,3.75414314,3.03072322,3.01894092,2.89984272,2.92614543,3.22482615,2.86087681,2.91585009,2.85272000,2.83683383,2.69647405,2.67470242,2.77153834,2.67478579,2.80130318,2.85478845,2.81141152,2.85585806,3.01144471,2.79579917,2.97006519,2.71400041,2.94102069,2.77919293,2.93831809,2.65964897,2.74381803,4.10903205,3.43143926,3.49613523,3.83696841,3.78094170,3.01312092,3.07316529,3.04051943,3.36834322,3.50921239,2.88656196,2.81733417,2.67732221,4.15468811,4.00426537,3.41829391,3.65894329,3.68387419,3.14140279,3.20518161,2.55519844,3.30108639,3.84551176,3.86091972,3.75268923,4.09597392,3.89681870,3.21857914,3.44951928,3.77424828,3.73015613,3.24683943,3.09858197,2.96166633,3.72996998,3.90141116,3.99219996,3.72585536,2.75633369,4.12490081,3.20487656,3.52552220,3.64200531,3.75530534,3.03478531,3.12490303,2.96564185,3.66575263,3.94407429,3.95895682,3.41743080,2.66315359,4.10297029,3.54753170,3.70292950,3.60733593,3.82985567,3.31555561,2.92730497,2.81435441,3.59134750,3.92359109,4.02921296,4.13372202,2.85618146,4.08841385,3.39493629,3.76831675,3.81980604,3.79727946,3.26755792,3.08455747,3.00951506,3.64704836,3.63007000,3.76146965,3.20188455,2.69772841,3.93209851,3.32856523,3.60363406,3.37730421,3.85111179,3.07831802,3.05711173,2.84061237,3.59345759,4.23751090,4.23105862,4.00251636,4.35599063,4.09136942,3.52431591,3.24363979,3.50680037,3.45306467,3.07522446,2.51720510,0.00000000,3.11321307,3.73080080,3.43069089,3.30779134,2.96219486,4.09465426,3.30552375,3.67066253,3.72004983,3.75466859,3.02715975,3.28259123,2.88651291,3.43651564,3.53749306,3.24890863,3.05529439,2.70719691,4.15312182,3.41981608,3.65971289,3.64511935,3.85991852,3.27733478,3.16423812,2.91700933,3.56426037,3.93206226,3.97067767,3.63835348,2.65371736,3.94319144,3.61952295,3.51289355,3.80956500,3.54257712,3.08255737,3.05947096,3.13643456,3.56752112,3.93460080,3.83980626,3.73217116,3.76060749,3.99996791,3.25516305,3.62131997,3.79604404,3.61400915,3.19224090,3.08000402,3.05514835,3.57079400,3.73636587,4.00375115,3.95240215,4.24867479,3.94156996,4.00552586,3.78686422,3.82552616,3.59658164,3.24129409,3.04314854,2.52559678,3.18628355,3.83881407,3.62354344,3.61063466,3.67964645,3.99679662,3.25046586,3.38549979,3.64473297,3.72386584,3.06246856,2.93778020,2.73693339,3.46195242,3.80037220,3.89757612,3.25012233,2.66763851,4.12190218,3.73179573,3.45311292,3.92501777,3.69363255,3.38752831,3.09053837,2.43875980,3.14744853,3.67637616,3.81021281,3.55120021,3.43231140,3.25104881,3.70694061,3.48901849,3.55652492,3.44987306,3.22841128,3.20134827,2.55078674,3.61582100,3.93092128,3.85278477,3.71595171,3.98780723,2.68843392,3.34869668,3.62379892,3.23596058,3.51627926,3.34669931,3.41445523,3.22818512,3.49213929,3.80752763,3.72709810,3.60926103,3.46232091
4.08051087,4.62273436,4.27727402,3.45445612,3.64177880,3.33389721,3.33073332,3.53728681,2.38957779,3.30535639,4.01432747,4.14195607,4.46677005,3.32468838,3.32955282,3.25805068,3.25291818,3.28701470,3.21510494,3.19912689,2.98840733,3.04598513,3.02026934,3.04761438,3.04565374,2.98019502,3.13621560,3.57698799,3.55304980,3.42113742,3.44124061,3.46258311,3.55885775,3.57038030,3.31296916,3.48375905,3.55132993,3.19035185,2.94027733,4.09686193,4.52790013,3.97802896,3.34102170,3.53734736,3.24672316,3.31389555,3.68911642,2.61544482,3.56877862,3.87081230,4.06317402,3.89266795,3.27315926,3.54809036,3.18710962,3.10511931,3.27177757,3.26403950,3.36359986,3.21700857,3.12114545,3.01466815,2.96138014,3.07045156,2.96655588,3.00603774,3.11867275,3.18217571,3.09133820,3.22867311,3.05398924,3.17518026,3.09792919,3.00374864,3.04872277,3.10058507,2.98075718,3.06056015,4.01191267,4.25197334,3.95265920,3.74470552,3.61355436,3.45082771,3.42678287,3.45886087,3.07690412,3.37954141,3.09694923,3.14580771,2.96696503,4.02741162,4.69240936,4.14476467,3.28742370,3.46728369,3.20794843,3.09443848,3.54495716,2.44981602,3.27284419,3.70099645,4.21359164,4.24296552,3.88678026,4.00881835,3.61339285,3.62489545,3.69992566,3.46128652,3.41329221,3.57608108,3.15385515,3.81333805,4.05479421,3.92593307,2.96930902,3.96595587,4.35545102,3.82142187,3.69171234,3.69628810,3.28372554,3.19373932,3.40138623,2.97571702,3.51785385,3.91300199,3.66456569,2.96175351,3.72435873,4.28909804,3.96793199,3.34815708,3.58677499,3.23661941,3.10501196,3.56008610,2.79964300,3.40168245,4.33054524,4.37556359,3.00085080,4.00643629,4.37723675,4.03980675,3.67444648,3.67928467,3.41759644,3.24830420,3.52927074,3.06150542,3.45667314,3.83372116,3.58870371,3.00524698,3.94286670,4.22979574,3.71121152,3.43539420,3.47812195,3.34218779,3.27823223,3.69458859,2.80040476,3.64481958,4.28225818,4.45864798,4.36923963,3.87418838,4.25918276,3.71135911,3.44818591,3.27378801,2.93516842,2.96254271,3.11321307,0.00000000,2.92870676,3.50669854,3.78035095,3.44172346,4.02149957,4.52755803,3.99359974,3.62593036,3.67225306,3.40311189,3.44611455,3.40402640,2.91914920,3.49893032,3.51478869,3.20917088,2.96654296,3.80622400,4.28819130,3.81220877,3.42412148,3.62158706,3.45101072,3.34232769,3.62029072,2.95918366,3.90186419,4.26998975,3.93300355,2.94898812,3.94036541,4.68215775,3.87762922,3.42124151,3.32288325,3.50020146,3.27966396,3.71067176,2.81084214,3.35612645,3.90228228,4.44626457,4.05748495,3.89389388,4.47184100,3.83173175,3.49010098,3.69962323,3.39278971,3.26927987,3.51889169,2.57889078,3.39056333,4.17806974,4.78856937,4.43076755,3.88029005,4.62552188,4.45123707,3.49927624,3.38585414,3.41326498,3.18725118,3.53898097,2.67778775,3.56890717,3.85825190,4.00713629,3.78908831,3.96960519,4.28742288,3.92313616,3.52801379,3.59243140,3.32917858,3.30208898,3.71120018,3.21241002,3.74630826,3.99846101,3.62852152,2.99680625,3.75314145,4.28136258,4.00711649,3.57686070,3.37340203,3.44704906,3.45808310,3.57019220,2.64152776,3.53685621,3.83708573,4.01956262,3.60291212,3.46391234,4.28802647,3.96634245,3.60155032,3.51969976,3.28437992,3.25941371,3.49276164,2.36077377,3.30624213,3.67534330,4.04138703,3.96199188,2.94042216,3.57411039,3.81223610,3.71550269,3.41955224,3.49950134,3.61202131,3.86744239,3.05075672,3.71810953,3.69309713,3.86455160,3.58017577
3.67101632,4.18144148,4.69209048,3.72376633,3.72959076,3.50037602,3.16342693,3.77109811,3.61607067,2.74025948,3.81214323,4.01642262,4.29875069,3.39515491,3.43143351,3.47716976,3.25098370,3.46476536,3.23033966,3.28138763,3.01989595,3.06481984,2.97929260,3.08117190,3.07557327,2.97529231,3.13742047,3.44329282,3.87705248,3.43172252,4.03533992,3.65612206,3.59285999,3.66970586,3.66924327,3.33101437,3.46485641,3.13941632,2.91038736,4.11280536,4.22737968,4.52604440,3.46484389,3.65755351,3.52663064,3.25301606,3.98854857,3.61329614,3.04852825,3.85627083,4.10012521,3.87298477,3.30921719,3.45946271,3.55288743,3.15362613,3.59111639,3.35855314,3.35875031,3.09602843,2.98713133,3.08346771,3.03782392,3.07250748,3.01253577,3.12558449,3.16310689,3.18138736,3.17311608,3.32506734,3.11492415,3.26375677,3.16008160,3.16164920,3.08487630,3.13106873,2.98602602,3.04463653,3.74530526,4.01302979,4.61761160,3.79403792,3.82335945,3.60106794,3.37018544,3.82680877,3.71379422,3.30173279,3.14256732,3.00500297,2.96204474,3.98683121,4.43821120,4.46458419,3.63683518,3.74766566,3.41203055,3.06785160,3.96513722,3.70513502,2.92947068,3.63709685,4.21734684,4.14522139,3.92925512,4.13495903,4.31683884,3.69743092,3.95983871,3.65028480,3.45822365,3.71064849,3.51091570,3.32443996,3.91932601,3.79149666,2.96676490,3.75046831,4.20942499,4.58844216,3.90790815,3.80800739,3.39537365,3.18863958,3.83609149,3.80487344,3.27241669,3.95394705,3.38400049,3.01713120,3.67017567,4.16263387,4.53876523,3.55317792,3.95827919,3.39468892,3.26283240,3.80651011,3.61776813,3.07142594,4.00883537,3.77529892,2.98238420,3.85765258,4.22205940,4.68036830,3.95479181,3.86475518,3.45647890,3.11750688,3.68445396,3.91556798,3.24934974,3.69702636,3.41361312,3.00337096,3.77341614,4.04582152,4.29331585,3.82372778,3.98091521,3.47471940,3.34073376,4.05107316,3.95590350,3.30470433,4.11633460,4.37702460,4.14968939,3.82109144,4.13671088,4.47979219,3.74068371,3.30471835,2.95701317,2.98480112,3.73080080,2.92870676,0.00000000,3.30480025,3.45590324,3.47886946,3.81965016,4.31374101,4.64431673,3.70325863,3.89745659,3.55160217,3.36849172,3.68351402,3.50402167,3.24480254,3.47378435,3.21350734,3.04384406,3.74184500,4.26738551,4.55459749,3.62501082,4.06381812,3.44644575,3.33809052,3.89165421,3.44848343,3.54809909,4.10942039,3.69264899,2.96266564,3.85795286,4.39856937,4.64271688,3.69405840,3.72682548,3.46269566,3.43801775,3.94418099,3.91673149,3.26617058,3.83742239,4.32873114,4.01823171,3.68795123,4.35020109,4.47354415,3.63438139,3.89973069,3.48652740,3.21408429,3.80439086,3.46000797,3.05359366,4.19632432,4.56028918,4.40481626,3.69533311,4.19524462,4.64524169,3.66883106,3.53913141,3.53988375,3.28358838,4.05929982,3.61905203,3.00527779,3.81017557,4.07716772,3.88510399,3.90531306,4.11948422,4.61309606,3.71450689,3.90448497,3.54937424,3.33302190,3.86053532,3.79803573,3.25485732,3.90879165,3.45023631,3.00397367,3.63712396,4.09621976,4.46435095,3.88763291,3.64111356,3.62600062,3.42180400,3.88479159,3.53175320,3.15335752,3.81322117,4.04535914,3.43603965,3.40972171,4.03509984,4.40024617,3.66627084,3.70268157,3.46348883,3.27257420,3.78709859,3.48865808,2.63294967,3.52907738,3.81050898,3.82692739,2.92294187,3.61478883,3.96301097,3.84918614,3.92701875,3.59702870,3.67556050,4.03028004,3.82471666,3.21962202,3.80451356,3.82431420,3.45184685
3.70238489,3.66806855,4.21058069,4.47891928,3.77643985,3.23560112,2.92424049,3.51762672,3.66051812,3.72436855,2.86654417,3.81470245,4.04339865,3.15796468,3.13916791,3.13378300,3.34874082,3.04904638,3.07269108,3.18204254,2.92573102,2.95560292,2.84624466,2.86862652,2.95346043,2.87306454,2.94269595,3.29575627,3.50209540,3.63370350,3.50099704,3.18680628,3.01093312,3.21068294,3.40240184,3.26716443,3.23062131,3.04943580,2.83843661,3.94396705,3.83867355,4.25611970,4.38097629,3.94191998,3.37363263,3.13148310,3.64009577,3.79249070,3.81276002,3.34866375,3.80128006,3.89890715,3.11112737,3.18614648,3.25034544,3.34443988,3.15275465,3.06012734,3.10871394,3.02662283,2.93545371,2.87901901,2.92920339,2.98715979,2.86184536,2.97017637,3.08217116,3.04166290,3.10837985,3.18320901,2.94112875,3.01784491,2.94867122,3.03514686,2.95254323,2.89766566,2.93592140,2.92713497,3.56668240,3.75740605,3.95701112,4.24399470,3.50018598,3.03212520,3.17799714,3.77368005,3.79774062,3.49300599,2.98428969,2.89238354,2.79260220,4.02679836,4.02479686,4.00174513,4.33287088,3.96604890,3.11832677,3.29389936,3.67898899,3.80179001,3.93569543,3.46576318,3.86025060,4.25814927,3.66503590,3.56735221,3.93984830,4.25984131,3.42947648,3.02591552,3.29241913,3.71195457,3.75060659,3.59712799,3.63482691,3.87700818,2.81937364,3.62040578,3.69820249,4.22187873,4.40860658,3.50592417,2.99217966,3.18932752,3.50245490,3.85129082,3.80655848,3.67096277,3.41791216,2.89328549,3.73113780,3.95129269,4.41837414,4.37209051,3.38867862,3.12802938,2.99161140,3.61258527,3.65396057,3.71993796,3.47915920,4.07599802,2.87262399,3.86719476,4.04863563,4.34812355,4.55499465,3.60291181,3.08160973,3.13628961,3.46707810,3.70962453,3.80450373,3.45404108,3.33669096,2.84247318,3.53282327,3.54562204,3.90473174,4.42656732,3.75445894,3.12165035,3.02772544,3.76154994,4.01303731,4.12641219,3.20304494,4.29841930,4.44578539,3.78918034,3.82563476,3.97484044,4.28237126,3.44344161,3.08176231,2.70023394,3.43069089,3.50669854,3.30480025,0.00000000,3.34663724,3.36450295,3.58787537,3.84435851,4.28471383,4.53405873,3.62595407,3.16323365,3.25095902,3.66808553,3.61607886,3.48972517,3.34800659,3.04894543,2.86828021,3.92618438,3.86529450,4.24990941,4.37434670,3.73253338,3.07375016,3.03167306,3.62881151,3.60462228,3.79021421,3.44868288,3.84571606,2.91938480,3.61324931,3.96448746,4.23736096,4.34082153,3.43334067,3.02575100,2.83414144,3.58024725,3.66287646,3.94077361,3.21361303,3.89381606,3.80560022,3.59708351,3.86896048,4.20216012,4.35341277,3.52927927,3.11472166,3.26671723,3.64671429,3.60064008,3.44985769,3.25623857,4.17201648,4.14404755,3.64393895,4.08493156,4.31274470,4.41235217,3.85546333,3.09651872,3.12813879,3.70995141,3.49410894,3.55761005,3.06166441,3.86927881,4.00079481,3.69656539,3.75289405,3.93700092,4.41178212,3.78508825,3.20044382,3.22047894,3.39213028,3.59432786,3.73609940,3.79817170,3.54630608,2.90877212,3.85896843,3.50140189,4.18107315,4.56029419,3.94222004,3.33094405,3.29584998,3.62450680,3.51761306,3.32882739,3.01443790,3.67831069,3.20949583,3.35709276,3.89646762,3.98133310,4.17687553,3.86563886,3.31400097,3.19578132,3.57009155,3.68430405,3.72769314,2.78991202,3.94915942,3.96422510,2.85432197,3.51842079,3.71831996,3.73543249,3.68233992,3.19279010,3.33278664,3.90740840,3.51926526,3.58581127,3.00340058,3.52863916,3.38161943
3.66138051,3.73379957,3.84035735,4.17757311,4.54344882,3.57255563,2.69171297,3.18896597,4.02761429,4.10641437,4.16019357,3.11518177,3.93055480,3.04951201,3.03119465,3.04200046,3.03288509,3.25553449,2.88123607,2.99626593,2.79787843,2.84944745,2.68440226,2.73876177,2.70575767,2.78616894,2.84724290,3.18635861,3.55541235,3.71848891,4.43491474,3.56290777,3.40455094,3.34461440,3.74057353,3.57057109,3.53708230,2.89103528,2.68711517,3.91777880,3.78704360,4.15013462,4.10598876,4.67284648,3.62997152,2.79924608,3.43764378,3.95518060,4.15218330,4.07675822,3.04777912,3.48214913,3.10278540,3.22920407,3.04115287,3.16099129,3.64140218,3.24113516,3.14340536,2.88868711,2.72840451,2.77246861,2.84664803,2.80406304,2.78256106,2.96890035,2.71016931,3.01108320,2.98877675,3.25918322,2.96996735,2.96362768,2.96519834,3.03566044,2.82279348,2.94741215,2.69480937,2.69020586,3.61280079,3.30979652,3.97173656,4.11268046,4.47449258,3.28026965,3.09432418,3.55737438,3.88381986,3.39769078,2.93503262,2.69759459,2.63410775,3.81318882,4.02460889,3.65865400,4.16381668,4.69484985,3.55689269,2.63895168,3.45794614,4.03677485,3.93818660,4.06432642,3.41845734,3.86879828,3.58245541,3.56890851,3.89695069,3.93740163,4.33587225,3.45047640,3.30705698,3.48987234,3.99889377,3.96824667,3.97606989,3.55602930,2.59096649,3.58930441,3.50581812,3.97551078,4.13157065,4.52614848,3.40345864,3.13857090,3.76113109,4.08045031,4.13370510,3.97185558,3.11039671,2.71933297,3.68315044,3.62595770,4.15846525,3.87251897,4.40591788,3.49496703,3.07235751,3.69130890,4.01495797,3.76872690,3.98878468,3.67857674,2.68924580,3.64484525,3.65305312,4.06058195,4.18442715,4.43910168,3.31551251,2.97630969,3.58784850,4.04336984,3.72082169,3.81595621,3.17759991,2.62611436,3.43585277,3.41891899,4.00623709,4.04407404,4.55828077,3.39227366,2.87424394,3.50962743,4.09627770,4.14664791,4.13423544,3.27154317,4.20797350,3.73177831,3.68494915,3.63953571,4.24052763,4.31506677,3.27046929,2.31236344,3.30779134,3.78035095,3.45590324,3.34663724,0.00000000,2.50422067,3.60996459,3.61296890,3.96435399,4.13827445,4.45824938,3.24472392,3.02483986,3.59372369,3.79905870,2.88219439,2.96414016,2.95449898,2.75054633,3.62180279,3.67442322,4.32819354,3.88230800,4.54151664,3.70912641,2.98532802,3.58826497,3.99174400,3.71033183,3.87325045,3.28150081,2.63184216,3.48992138,4.03255465,4.31595375,4.19330768,4.33585622,3.40295528,2.94979243,3.66144753,4.01106645,3.86411822,3.62598382,3.18606175,3.64974895,3.75959163,3.84309343,4.19490629,4.10930563,4.51479019,3.13830484,2.82992918,3.63028511,3.76428089,3.79086216,3.68990717,3.40274816,4.07254962,3.62410908,4.02457454,3.96281966,3.99452571,4.43737467,3.53287700,2.84413088,3.73469311,3.75366157,3.65599481,3.68872367,2.99558740,3.57459106,3.63261355,3.57724209,3.85800633,3.96435867,4.51026156,3.37210036,3.00458483,3.19541258,3.81024422,3.88053661,3.93768126,2.98430373,2.70318951,3.68281484,3.65576382,3.89187069,4.27556111,4.51266696,3.58484617,2.96417339,3.39800956,3.84485981,3.56205974,3.80832511,2.89173298,3.14831199,3.34798760,3.89178097,3.98850941,3.92760940,4.43481234,3.42703221,2.92640651,3.21839605,3.87483669,3.92940037,3.98173558,2.84963834,3.67912165,2.64016618,3.42536768,3.47058583,3.49514551,3.96880161,3.30469445,3.27936179,3.27382631,3.62612690,3.50312936,3.56308542,2.93290247,3.12091363
3.65241503,3.75132426,3.82183557,3.71518133,3.93189084,3.72818019,2.54819185,3.07105118,4.02518782,4.11120484,4.38337554,3.83863042,3.75965455,2.80018630,2.71645681,2.79813669,2.86803648,2.92683480,2.70451154,2.68833928,2.55188199,2.51145206,2.40157115,2.47627711,2.37578004,2.50603782,2.64570943,2.78414903,2.96364221,3.15011722,3.74612879,3.38610445,2.85402493,3.05620974,3.34629727,3.15782896,3.24812411,2.54050735,2.32592751,3.68454062,3.58779111,3.72117979,3.66331615,4.05201374,3.77750791,2.62412522,3.37596025,3.83132881,3.92992457,4.20574876,3.44026260,3.16536351,2.72586373,2.81681288,2.69630899,2.85027383,3.18534069,2.89343533,2.72094651,2.59525802,2.43708945,2.41147203,2.52563569,2.55518770,2.37224161,2.64691175,2.60497088,2.58466530,2.62744790,2.86346164,2.77136818,2.74097421,2.74309091,2.75650561,2.51146680,2.69116377,2.47439472,2.45822873,3.62726795,3.53597869,3.77102831,4.04621142,4.16573298,3.49582375,2.81450175,3.43624629,3.68291458,3.33703583,2.58796405,2.56748615,2.35479856,3.56596527,3.88571998,3.57846278,3.81895556,4.10786732,3.47157411,2.69171553,3.34812411,3.89315126,4.02831358,4.14694596,3.83277508,3.62280848,3.36335457,3.31277230,3.43415859,3.79678593,4.03528131,3.55083077,2.85357165,3.48117767,3.79514638,3.88926018,3.69610580,3.44101891,2.33903661,3.20644687,3.17566827,3.48364995,3.79811104,4.04197832,3.35456136,2.61257815,3.28288827,3.69801197,3.79391322,3.32023103,2.63944312,2.45329299,3.51651958,3.55390094,3.86384287,3.62025453,4.02379592,3.50920552,2.50302607,3.41122333,3.70544651,4.03645397,3.84858496,3.97828638,2.50303088,3.41644882,3.49267794,3.85910715,3.83595489,4.00302799,3.41821138,2.49391890,3.25737481,3.58250538,3.43963994,3.34909266,2.91437474,2.31400986,3.29868319,3.33908533,3.65096361,3.72125078,4.10952960,3.29071088,2.54579645,3.36585481,3.85047014,4.20946763,4.05667715,3.70010006,3.73735063,3.47472798,3.43314158,3.28578845,3.73783443,3.70347741,3.45799850,2.19753857,2.96219486,3.44172346,3.47886946,3.36450295,2.50422067,0.00000000,3.44783720,3.59826383,3.63383639,3.88021412,4.07279565,3.36590898,2.75526070,3.26450709,3.45684268,3.00614313,2.80188030,2.74442157,2.45967053,3.37328926,3.41472371,3.94147863,3.65479501,4.06825103,3.53956942,2.64537875,3.57379182,3.75352569,3.77921069,3.57291696,3.37911732,2.40991878,3.25009760,3.70553100,3.83807837,3.91565621,3.84559848,3.30191525,2.55445900,3.38235465,3.71383561,3.72463676,3.40917720,3.43771923,3.22083130,3.43702533,3.50079696,3.74796122,3.82553349,4.10765159,3.24829941,2.35545413,3.34862899,3.50861180,3.64786703,3.76391665,3.70343549,3.65734060,3.35733101,3.86909662,3.84052422,3.67536068,3.92031876,3.69035078,2.84210073,3.58569050,3.64051311,3.62812854,3.67970040,3.26217053,2.87847279,3.37656685,3.40456392,3.68207104,3.82334284,3.97812752,3.36554884,2.53162334,3.15807103,3.49011121,3.81796639,3.61196071,2.97714030,2.41698140,3.41303756,3.45974242,3.51824029,3.85131330,3.87146414,3.61147917,2.69320431,3.18375159,3.59284514,3.82580305,3.91721551,3.31059014,2.96452890,2.82312609,3.61897321,3.55636658,3.65890753,3.68977419,3.63886723,2.75542756,3.10626904,3.62217605,3.72783676,3.80713835,3.38240167,3.18994984,2.44448942,3.33262439,3.20512469,3.21079166,3.54865690,3.40444143,3.09410393,3.18547691,3.45404551,3.43269406,3.46572189,3.12884822,2.66740669
3.11953026,3.97234236,4.37658005,4.04723996,3.72683520,3.68721776,2.47052681,4.00054300,4.01876860,3.94653734,3.46800134,3.64591580,3.32641069,2.46168759,2.77869694,2.66403827,2.60797860,2.45629376,2.58644429,2.66898730,2.65688143,2.51190219,2.43240856,2.48595517,2.46211367,2.51804062,2.45668371,2.89465205,3.07306493,3.34085909,3.55818423,3.43742325,3.11367514,3.57664140,3.28687714,3.14751172,3.03336219,2.61598893,2.57754407,3.12308804,3.84831041,3.88660645,3.90466971,3.73232820,3.69405064,2.54414635,3.99246331,3.87121726,3.81776825,3.69048539,3.62425533,3.01205231,2.62559834,2.77671113,2.71774320,2.89745609,2.93141550,3.02174121,2.78782929,2.67557762,2.47671079,2.48254059,2.54707912,2.56977406,2.63561938,2.74120125,2.67133930,2.76890296,2.60640964,2.59889006,2.86807304,2.86803779,2.94152055,2.69247167,2.63228182,2.80231998,2.65995323,2.54779516,2.67080651,3.41464194,3.89234617,3.62926163,3.27430500,3.43048053,2.63519230,3.77403605,3.78784005,3.19600075,2.82751663,2.61198818,2.52648370,3.51006853,4.28165754,4.08803447,4.03029452,3.96847721,3.53546206,2.52946263,3.94374842,4.00860717,4.06404920,3.65908875,3.89332793,3.76076465,2.62361761,3.45492077,3.57672112,3.53231140,3.48878826,3.52331256,2.94476616,4.10828439,3.80959569,3.74055506,3.62314660,3.66056607,2.61541358,2.72476019,3.65025641,4.07164676,3.96219931,3.75455030,3.54711428,2.80646204,4.06362730,3.96994110,4.11987511,3.74165917,3.26434282,2.49279040,2.97490087,3.85346910,4.06803540,3.80362779,3.57548417,3.41193369,2.47457861,3.97132392,3.73486838,3.68821582,3.62207750,4.02659219,2.54287026,2.39134646,3.68380815,4.16957058,3.97175041,3.67163821,3.48406015,2.54894828,3.97618714,3.98248469,3.67726227,3.39115141,3.36017286,2.52380186,2.38292330,3.17025924,3.78659092,3.95159312,3.65221253,3.34305361,2.27926254,4.03178740,3.97674048,4.01227068,3.33315512,3.90304756,3.56333958,3.34772517,4.08974807,4.08305913,4.20547642,3.49656175,3.75703576,2.80513254,4.09465426,4.02149957,3.81965016,3.58787537,3.60996459,3.44783720,0.00000000,2.95893776,3.48160608,3.32005958,3.10729285,3.22812579,2.22825753,3.83973723,3.46868016,3.00259411,2.84977636,2.67480735,2.55888179,3.11978431,4.06510357,4.22547444,3.80247883,3.76423067,3.69070676,2.84182661,4.13182951,3.65588925,3.93754861,3.62367476,3.56705213,2.62963031,2.64590738,3.74639421,4.20231880,3.77562644,3.30457995,3.41139403,2.65506694,4.08697310,3.98233435,3.96767601,3.17463101,4.00441123,3.47930915,2.49517986,3.62572390,3.89665046,3.84878457,3.66635798,3.24175282,2.54624296,4.16047951,3.80919470,3.81157101,3.30950040,3.86748654,3.36788588,3.16612080,4.05937681,4.22508761,3.84669708,3.65195749,3.66908138,2.82009150,4.15964577,3.80060045,3.66949968,3.57607484,3.63474063,3.52331305,2.48776611,3.67195307,4.06863124,3.76677062,3.54949508,3.61185499,2.54471258,3.73415031,3.72243023,3.68726206,3.43761889,3.57534283,2.55225488,3.30797475,3.72909447,4.06991955,3.92399415,3.57416644,3.50537043,2.78529730,3.86672899,3.56092600,3.39295837,3.68172648,3.68442695,3.27185343,2.74783919,3.77520170,4.12333751,3.71676550,3.55709055,3.68133027,2.66324756,4.10261572,3.95193055,3.82819560,3.54202130,3.90509747,3.28784653,2.51790418,3.29806358,2.95490206,3.38138646,3.11927576,3.35369033,2.79207400,3.89544598,3.67519709,3.35093797,3.19485138,3.42448661,2.98884357
4.12577583,3.39991646,4.01010969,4.23005635,4.21397041,3.62986180,2.89663438,3.01193608,4.45555148,4.49595029,4.09043734,3.31048817,3.63034879,2.90496488,2.67424628,2.90200455,2.97071735,2.77891910,2.77953543,2.86648010,2.75430836,2.70101860,2.68274924,2.69285723,2.69732029,2.74718729,2.73900163,3.07771351,3.48330976,3.52214609,4.02843468,3.39161326,3.17826682,3.24965176,3.80150759,3.30685326,3.05132694,2.86810756,2.76165016,4.08803407,3.22005736,3.94730269,3.97480185,4.14130877,3.63237252,2.77543905,3.21621680,4.34170997,4.10905682,4.12780697,3.38970144,3.53477967,3.17095592,2.88698264,3.09252424,3.16405225,3.35729573,3.11956970,2.89105165,2.81136096,2.76035596,2.63014105,2.64014455,2.72491486,2.78190530,2.85011920,2.66852597,2.80599743,2.77420004,2.83699434,2.96686978,2.88662970,2.87891243,2.99271483,2.76478629,2.93126871,2.70106058,2.69947854,3.76608677,2.81658719,3.77829839,3.86623290,3.87914478,3.33454044,2.92623487,3.13489276,4.13684971,3.60118971,2.99658484,2.77649339,2.70544854,4.35856058,3.92724027,3.75389517,4.28477672,4.25328549,3.42538190,3.01892652,3.05570446,4.46431078,4.36162696,4.10305787,3.48148494,3.94181899,3.68551479,2.85012519,3.80167708,3.84883253,3.77208586,3.39578170,3.03902329,3.58684319,4.23423592,3.82513590,3.75898447,3.79636247,2.80464151,3.88376797,2.60616809,4.00276324,3.94391775,4.01177122,3.54323785,3.22723903,3.39656243,4.49891115,4.38797176,4.19938560,3.40984971,2.66370492,3.92661733,3.01101960,3.82145832,3.94816915,3.97426602,3.44947302,2.77436479,3.20019247,4.26816789,4.17875675,3.72964352,4.04720830,2.79013473,3.67499225,2.71096209,3.94560521,3.95627705,3.93762047,3.48795799,3.03618533,3.43706928,4.33445372,3.91790895,3.65578865,3.40524725,2.71605021,3.35888619,2.54849993,3.77648270,3.85421046,4.02314303,3.27687034,2.80247022,2.97406576,4.32853327,4.52994142,3.89015350,3.48028559,3.88048882,4.11476981,3.52946411,3.76302295,4.14019739,3.89304031,3.67762067,2.93506629,3.30552375,4.52755803,4.31374101,3.84435851,3.61296890,3.59826383,2.95893776,0.00000000,3.28641689,3.37075601,3.51326209,3.10203858,2.72917588,3.12391643,3.99779074,3.44555400,3.09095990,2.82218071,2.68350934,4.07939062,3.43808771,4.19919281,3.92636976,4.19652598,3.68424626,3.29435386,3.35286155,4.19988319,4.10568934,3.93866878,3.87247652,2.71040599,3.69406800,2.87407360,3.96820215,4.15879827,3.97760712,3.35750690,2.96256418,3.37590125,4.32777582,4.36240326,3.69766369,3.54083095,3.55036404,3.56680539,2.58040697,3.75794610,4.11786654,3.89603901,3.27120171,2.90080655,3.28348162,4.39019837,4.13928528,3.77594607,3.24627492,3.55439051,4.09112301,3.85748257,3.94190630,4.09596724,4.01497761,3.56195987,3.24540235,3.29337508,4.11240997,4.07937440,3.82191460,3.77383377,3.93577638,3.45136552,2.64758014,3.72191316,3.80066996,4.00806630,3.49205762,2.97528539,3.07237330,4.11612194,3.89831391,3.83479055,3.70821977,2.71281017,3.92368988,3.40082553,3.60519540,4.06248738,3.87374358,3.34654703,2.90792382,3.14544756,3.88370097,3.71576595,3.78633755,3.47502475,3.59961567,3.15493615,3.43709770,3.95053901,4.02717028,3.94060165,3.62608662,2.99094787,3.13247814,4.45880320,4.49244057,4.02585331,3.58447873,3.65596910,2.75625068,3.29394213,3.53813871,3.28287661,3.45886512,3.16097211,2.89844325,3.10222624,3.80923701,3.62806495,3.34721083,3.24716130,3.18439627
4.44460263,4.63591531,3.65880999,4.29307312,4.01179220,4.18258043,3.35726606,3.28978471,3.66932327,4.72874917,4.46004609,3.88480285,3.90666787,3.43975806,3.30599753,3.09368352,3.47572562,3.28593100,3.26935328,3.24565544,3.15095754,3.14369919,3.20224366,3.19186694,3.17575725,3.14938992,3.19463622,3.37927155,3.25574306,3.81085575,3.81482914,3.72401067,3.45245535,3.65059544,3.38962143,3.76362365,3.49223236,3.23828028,3.17380557,4.06772125,4.25618117,3.48944058,4.07370655,3.99622851,4.05259609,3.26656364,3.55236011,3.68318638,4.56051197,4.22128567,3.93371402,3.65287200,3.60744725,3.44021262,3.05220712,3.46599364,3.42184341,3.44397207,3.27825088,3.29646033,3.27720015,3.10842989,3.05817203,3.12996473,3.21252819,3.31352179,3.18538938,3.09562005,3.17065520,3.17897926,3.37975322,3.30268753,3.29483072,3.23074339,3.23095503,3.31791941,3.18261276,3.17444139,3.94366422,3.93084600,2.79950693,3.92077968,3.86368573,3.85173750,3.38652444,3.19021637,3.50916591,3.85127085,3.26110914,3.24979663,3.16371172,4.42896736,4.67761933,3.59565303,4.31988075,4.13653660,3.88442341,3.46665963,3.41386225,3.69408076,4.64389008,4.18432802,4.05444327,4.02736725,3.82464273,3.70836907,3.11859142,3.99760071,3.84150598,3.84495519,3.27634575,3.81141337,3.76965031,4.49652694,3.94117715,4.05935729,3.22514745,3.98433343,3.87743274,2.80293397,4.05498000,3.79313431,3.88258892,3.32458894,3.72173477,3.67583391,4.83267749,4.12322318,3.83145000,3.14951747,3.96218823,3.80491198,3.02326652,3.85265741,3.79685001,3.86478414,3.03423043,3.35418065,3.47726532,4.52020815,4.15602548,4.49267512,3.15525296,3.92348801,4.02067625,2.93509075,3.93496629,3.76169545,3.89480675,3.33199244,3.64154607,3.55281432,4.31443655,4.08497109,3.97611322,3.16929975,3.69933786,3.77219120,2.77303800,3.61637238,3.77153315,3.65560170,3.16656183,3.21489693,3.29095945,4.68645784,4.23254884,4.06713143,4.14483936,4.19049402,4.36518395,3.08743796,4.25820377,3.77597648,4.06776738,3.20387083,3.67066253,3.99359974,4.64431673,4.28471383,3.96435399,3.63383639,3.48160608,3.28641689,0.00000000,3.52606137,3.47800224,3.62509369,3.01546762,3.19969482,3.17658937,3.81587882,3.50938027,3.25102752,3.13258115,3.92563500,4.20025384,3.42955083,3.79648816,3.89162064,3.88552445,3.27010062,3.56928906,3.56783483,4.52031898,3.96459432,4.09469062,3.06143456,3.73738016,4.03874095,2.76058973,3.87309025,3.78826047,3.84308135,3.20303546,3.41958164,3.56336769,4.57145720,4.04029952,3.89963087,3.65880265,3.94689897,3.93990289,2.71897663,4.11244672,3.82808643,3.80112548,3.20170760,3.39601806,3.41643249,4.49121777,4.11015203,4.02706320,3.78842857,4.32150061,4.59482370,3.76280371,4.10001716,4.07871447,4.15610642,3.67684253,3.55976068,3.40734340,4.52959246,4.21691046,3.92534496,3.85192294,3.71686316,4.00498963,3.02757739,3.98615015,3.72429058,3.84985391,3.21363202,3.72256048,3.50538665,4.56192261,3.96429667,3.97935767,3.20357552,3.95468415,4.17688631,3.35377767,4.17445590,3.82777549,3.96732954,3.31328799,3.40044333,3.51070007,4.18819597,4.10127840,3.81126590,3.76242296,3.36235210,4.29724572,3.71480666,4.14464328,3.88386946,4.09374582,3.41824845,3.47352485,3.59907847,4.64642174,4.43552605,4.17708564,3.84795396,3.13104736,3.96149204,3.70211875,3.86486144,3.27892055,3.65350959,3.18597709,3.44726948,3.36204996,3.96580322,3.56806250,3.60605412,3.51818990
3.96321079,4.21073193,4.57638979,2.93374677,3.76586763,3.76711324,3.32483531,3.62619274,3.80312633,3.37734544,4.47826577,3.96466965,4.22146728,3.11101403,3.13785653,3.16536797,2.90382558,3.17590413,2.98151098,2.92282386,2.86967418,2.80228668,2.91774024,2.87523150,2.83386039,2.77762546,2.83926414,3.30644251,3.51701685,3.15760760,3.70375963,3.56149323,3.53717344,3.54544068,3.63213387,3.27410074,3.43255440,3.05621612,2.87333471,3.95612548,4.06971869,4.34510568,2.83109966,3.60594331,3.67706214,3.25327565,3.86543948,3.52943885,3.38380649,4.43212095,3.88603462,3.71009911,3.06114938,3.01312699,3.05553921,2.63232443,3.14045629,3.13757480,3.06044883,2.86351555,2.86653668,2.79874010,2.71573148,2.83043480,2.87951867,2.91074213,2.92644968,2.93606788,2.78213056,2.94387097,2.97900551,3.06205020,3.10755738,2.96523710,2.83721239,3.11263961,2.81102458,2.90518983,3.68404932,3.52579256,4.09626252,2.57817022,3.62633975,3.58953805,3.22393620,3.15179172,3.65924684,3.25288984,3.13564425,2.95927412,2.85785054,4.16079711,4.40695052,4.33777245,3.07843922,3.71949220,3.62826683,3.18352549,3.77525457,3.92418932,3.22953415,4.28792482,4.37347201,4.23647204,3.52898070,3.63059909,3.79648256,2.78401406,3.64151291,3.51538571,3.07725338,3.72814232,3.70482944,3.64315068,4.19092208,3.70621148,2.93421475,3.72392794,3.72830103,4.04455689,2.19929641,3.54527848,3.43506209,3.15817117,3.46594693,3.63436538,3.74563458,4.45686335,3.81362364,2.82431602,3.66471220,3.73535022,3.95097294,2.45211574,3.64053546,3.35584491,3.05132347,3.54464945,3.64577632,3.52397090,4.36991028,4.15306123,2.86490337,3.54843495,3.70743884,4.19469142,2.45062460,3.47951477,3.50476714,3.00353103,3.42817240,3.76436964,3.13193207,4.03291497,3.67334845,2.85455240,3.67562367,3.52475244,3.87596409,2.68427300,3.48186544,3.35423588,3.18169404,3.56932317,3.62297219,3.31640176,4.42585324,4.05873190,3.91641836,3.98660192,4.11251929,4.22782388,3.13937212,3.63183943,3.66206274,3.29856525,3.72004983,3.62593036,3.70325863,4.53405873,4.13827445,3.88021412,3.32005958,3.37075601,3.52606137,0.00000000,3.16596375,3.19745204,2.80020359,3.00052915,3.18951637,3.11557928,3.17069611,3.01595580,2.81971747,3.80229202,3.96032331,4.26654584,2.59347306,3.66212716,3.53716119,3.39288757,3.74969565,3.61637732,3.86111809,4.53463065,4.00084072,2.78350724,3.47646430,3.85352013,4.00621171,2.75573120,3.53441241,3.54144361,3.31876123,3.73466096,3.76770661,3.22210242,3.98843073,4.05582281,3.77132588,3.52063580,3.84781137,3.96542270,2.52161858,3.58409137,3.54059941,3.02382474,3.64392997,3.66168332,3.37506659,4.33388068,3.98160576,3.83379378,4.06725513,4.27172120,4.44605731,3.05679978,3.53730426,3.68974502,3.26807950,3.65361323,3.60623939,3.52055982,4.42185864,4.15413020,3.91154517,3.54593677,3.65286528,4.22591050,2.49381041,3.53166706,3.50347866,3.10189706,3.52298591,3.90977492,3.56420166,3.99359094,3.76571712,2.85120594,3.61665200,4.08011833,3.92561349,2.97225234,3.32125602,3.73455157,3.26915538,3.49756550,3.36408708,3.52486298,4.39279638,4.11176441,3.86934992,3.11726124,3.99654971,4.34991795,3.18192351,3.63343746,3.63302587,3.31134060,3.75771366,3.84303301,3.53493107,4.65232039,4.30599547,3.99229655,2.80025905,3.54295673,3.83935094,3.30007283,3.34426168,3.43383602,3.29526096,3.63504975,3.69235179,3.22024112,3.84338977,3.70434637,3.35595131
3.91500942,4.11812477,4.24013027,3.76550529,2.49230539,3.40307147,3.38556871,3.67703233,3.42229716,3.74233656,3.42237054,4.46835170,4.15906924,3.26958544,3.24604547,3.15697793,3.29299629,2.91165739,3.19505167,3.17266370,2.87534427,2.89558587,3.01873995,2.89683042,2.91965181,2.93741310,2.89084538,3.38684225,3.50004332,3.60146989,2.81668702,3.40423605,3.19560915,3.53537496,3.31935274,3.30646715,3.08801530,3.22185184,2.99852206,3.89694264,4.12123481,3.92742342,3.67842579,2.54444093,3.34060137,3.33557771,3.69112061,3.38586133,3.66396866,3.54566494,4.22822501,3.91135190,3.21424298,3.12027476,3.09777433,3.18873984,2.78066754,3.22907895,3.04995326,2.92207318,3.05368709,2.88287825,2.83432008,2.92809598,2.84063416,2.93200077,3.07420128,2.96496479,2.96926771,2.88000452,3.15658764,3.14579335,2.94391130,2.92651534,2.92493015,2.94144318,2.94446372,3.00168991,3.41104159,3.86580045,3.67147181,3.52493679,2.00227081,3.30028812,3.12076203,3.43939752,3.53075509,3.40022854,2.94441314,2.98601103,2.90225508,4.17901706,4.31717965,3.92306106,3.65080851,2.52558059,3.32601636,3.41765149,3.69531718,3.50549604,3.59036188,3.55158026,4.61367460,4.36998186,3.47970768,3.59130508,3.53324492,3.75974709,2.33439950,3.23993166,3.09947723,3.65964929,3.50922751,3.69775982,3.67751391,4.19546967,3.06514378,3.81073417,3.81373661,4.04889707,3.77459451,2.09297430,3.38157238,3.19559422,3.51379390,3.43129890,4.04293267,3.86954442,4.02319854,2.90752369,3.86257538,4.26797215,3.97818163,3.89655075,2.51868647,3.33766767,3.03437775,3.50305544,3.29209403,3.81534756,3.79782690,4.70851419,2.99005673,3.46836925,3.78522699,4.03399572,3.78688207,1.93633105,3.29226563,2.92024445,3.43333057,3.08406636,3.55241868,3.41879442,3.74280237,2.92961995,3.65395134,3.71864037,3.57091625,3.78460911,2.31446693,3.33276706,3.15402037,3.54168858,3.31257205,3.70004244,3.42946437,4.63298166,4.20075807,3.78130081,4.10016731,3.97211868,4.07722602,2.53537531,3.42480053,3.38956232,3.75466859,3.67225306,3.89745659,3.62595407,4.45824938,4.07279565,3.10729285,3.51326209,3.47800224,3.16596375,0.00000000,3.00291416,2.78167783,3.13008961,2.91120064,3.53946447,3.08908052,2.99566018,2.89180487,3.84663932,4.22079374,3.81368996,3.77937592,2.47487763,3.39782017,3.18521500,3.50621044,3.22047934,3.96081227,3.59302361,4.08306599,2.96829121,3.61578409,4.03044757,3.94652235,3.65526370,2.18586452,3.34642112,3.09638460,3.62188091,3.32763118,3.65903767,3.42550321,4.45809144,3.80578930,3.65738120,4.03256203,3.78715525,3.92077204,2.13564733,3.51483051,3.21234349,3.55069399,3.40018112,3.59677220,3.32972475,4.56595407,3.92461503,3.87927899,4.16601495,4.14487423,3.79290398,2.55639383,3.31053327,3.38095015,3.53568662,3.30373996,3.67268009,3.69581921,4.45675781,3.92226352,3.29580426,3.75642090,3.86885492,3.70742165,2.26342827,3.36875773,3.06347010,3.56581634,3.36719054,3.85630428,3.40304681,3.99772650,2.94363373,3.67756791,3.84389729,3.86098262,3.77497557,2.57526604,3.36638187,3.47813653,3.61101334,3.23478543,3.57687343,3.61644993,4.33516312,3.69807106,3.05851405,3.96341082,3.97419865,3.66418263,2.69174233,3.47666321,3.37985455,3.62052085,3.69846697,3.82011496,3.55858757,4.72090978,3.93722436,2.82386423,3.46554837,3.56030490,3.52613066,2.72185366,3.38339745,3.15790749,3.75085459,3.55331945,3.58597535,3.24777464,3.89257592,3.59157833
3.81101460,3.66158972,3.95228443,3.56603143,3.36255909,2.20539747,2.56697997,2.97560963,3.51248219,3.52328483,3.30662097,3.12223106,4.30983365,2.53628062,2.42817643,2.36928823,2.48813911,2.46838780,2.23366584,2.31001596,2.12373494,2.15874394,2.04977819,2.17250387,2.21043534,2.23475114,2.24552788,2.84561650,2.87614737,3.06343249,3.24027973,2.21780396,2.70771093,2.68551848,2.94102028,2.75122709,2.69055900,2.25687724,2.23354511,3.69005188,3.62568989,3.78210881,3.59967880,3.49210555,2.18225376,2.49320570,3.00473917,3.28473259,3.45039031,3.46423882,3.21322809,3.60438694,2.69287132,2.63146697,2.48958473,2.58317916,2.71297411,2.22725695,2.31066065,2.17802373,2.09714913,2.20297798,2.16375505,2.12253763,2.08111819,2.20881832,2.31879757,2.32560923,2.33728312,2.43894633,2.12795939,2.46632469,2.38929640,2.43299133,2.28428102,2.26578033,2.05976853,2.10974920,3.10714802,2.89100772,3.36056619,3.31292664,3.16283510,1.97253355,2.71680567,3.01528039,3.04187270,2.98860878,2.50687957,2.16253617,2.04129317,3.62525062,3.82996541,3.62284330,3.62507909,3.40394194,2.15691707,2.85669846,3.12556587,3.46764827,3.64380071,3.36051817,3.30994920,4.20476575,3.19102609,2.95289345,3.40435702,3.42507717,3.15978461,2.08605362,2.81198411,2.97342695,3.30223575,3.32210266,3.42797150,3.40091382,2.18300729,3.53888780,3.11902941,3.89569619,3.59120360,3.24270896,2.03443788,2.81068912,2.99259011,3.19365124,3.56753769,3.59902468,2.93845170,2.12479315,3.42623585,3.33156174,3.61102504,3.39144614,3.30838232,1.88096541,2.46203846,2.82604026,3.19891064,3.13703593,3.30097848,3.51710539,2.23672945,3.48474386,3.26817699,3.89151129,3.64888571,2.99844066,1.97110835,2.62472653,2.96440209,3.25179250,3.23026877,3.18743424,2.83302933,2.14089882,3.26729720,2.92575111,3.37080806,3.51791406,3.30103485,2.01430761,2.55738375,2.78553081,3.16397916,3.65904370,3.42513506,3.50538419,4.43055628,3.48882872,3.52334545,3.68438852,3.86335925,3.46243663,2.53155374,2.51339348,3.02715975,3.40311189,3.55160217,3.16323365,3.24472392,3.36590898,3.22812579,3.10203858,3.62509369,3.19745204,3.00291416,0.00000000,2.17859327,2.50749245,2.75197509,2.57852750,2.66894839,2.17349166,2.08222313,3.57556031,3.38801550,3.66735215,3.47754261,3.49236991,2.25179044,2.54102267,2.77192016,3.34156583,3.48238590,3.48855888,3.14523883,2.19994960,3.28401198,3.47574109,3.78464900,3.59394033,3.17242554,1.93317798,2.69964291,2.89809532,3.12148214,3.27924693,3.20753251,3.31025836,3.76225080,3.45238261,3.30195581,3.65940443,3.64030245,3.20262437,2.01631754,2.67017120,2.96996730,3.13570855,3.30460605,3.16093085,3.52373436,4.18022427,3.41329722,3.68430116,3.93244632,3.54919241,3.27758913,2.19673818,2.55328224,3.22973686,3.24360888,3.40008446,3.01948312,3.06207067,3.62525851,3.31404072,3.09325883,3.50319745,3.47087840,3.23354048,2.03269183,2.77642337,2.79018009,3.24050587,3.21955481,3.41020347,2.99733644,2.12950532,3.48886567,3.38364792,3.55494387,3.73055066,3.37027292,2.26149257,2.68111974,2.83102711,2.95645504,3.04877962,3.12639629,3.02066080,3.03015084,2.86657664,3.38779259,3.66154214,3.37999315,3.35678190,2.34414022,2.67403463,3.12545954,3.57559690,3.71281008,3.50955041,3.57154010,4.04361135,2.07268273,2.96520457,3.23265773,3.02934461,3.14589605,2.49990384,2.77690807,2.98087031,3.06048664,3.09129153,2.83594337,2.71557545,2.75277685
3.00095552,3.24175768,3.64069162,3.43208610,3.31287355,2.99850478,1.79320794,2.89400726,3.41452104,3.46569167,3.32843942,3.19270407,3.31551813,1.90420634,1.94352479,1.90743737,1.95224962,1.91741423,1.81383503,1.81589032,1.64275191,1.53699213,1.54407257,1.56350071,1.49997389,1.58697595,1.73710244,2.42150750,2.49099181,2.86438000,3.10042616,2.81211344,2.28544181,2.72557668,2.75775499,2.60734601,2.42511881,2.06425179,1.56653967,2.98270329,3.23101166,3.38515978,3.27891593,3.20213382,2.92384530,1.87801743,3.08388767,3.25871680,3.22954723,3.24699298,3.04877341,2.60374154,2.13894090,2.17408094,2.10350167,2.17345183,2.21393897,2.18774062,1.78743088,1.69690985,1.69215997,1.51870928,1.57902747,1.59433264,1.58542456,1.74575448,1.77686384,1.75579379,1.69581031,1.90450944,2.07795636,1.92676795,2.03749323,1.84782670,1.64432318,1.75396530,1.67605939,1.57397854,2.28148809,2.58514151,3.22327402,3.18121641,2.98733519,2.66740884,1.99127412,2.76651246,3.10883313,2.71555565,1.86232888,1.68398267,1.52239701,2.89421304,3.63015844,3.33301856,3.51344981,3.40925889,2.68841152,2.06357792,3.19410526,3.48580095,3.64317786,3.34044163,3.32145063,3.39064657,2.47266263,2.65574882,2.85266840,3.05063554,3.06211934,2.72143646,2.14921457,3.09786581,3.16393191,3.23666431,3.11543883,3.09461111,1.61192155,2.83139253,2.85129111,3.35719671,3.38051705,3.14034597,2.65824763,1.77823108,3.01069784,3.28366367,3.56257350,2.94523541,2.44002418,1.56747639,2.94092439,3.20554872,3.34191757,3.15144628,3.13360841,2.65666166,1.77967172,2.98451979,2.95901207,3.13170085,2.94107912,3.27615985,1.62200845,2.76020733,3.07157894,3.46559679,3.35684852,2.90485595,2.56345776,1.63805649,2.89350478,3.22239365,2.99468685,2.72376178,2.62397438,1.58127856,2.56542123,2.71752113,3.11423742,3.33001618,3.11519692,2.54666192,1.57043284,2.86946866,3.30135923,3.64088535,3.27685960,3.40730133,3.42098532,2.91344191,3.36709659,3.19236140,3.63696608,3.18646318,3.01974088,2.15383656,3.28259123,3.44611455,3.36849172,3.25095902,3.02483986,2.75526070,2.22825753,2.72917588,3.01546762,2.80020359,2.78167783,2.17859327,0.00000000,2.49482309,2.68260539,2.06279719,1.83433105,1.67506771,1.60327038,2.75832540,3.05249643,3.39417239,3.25254271,3.22810887,2.95019494,2.04543169,3.12145959,3.26374491,3.53509284,3.15723496,3.19679388,1.65187155,2.50734699,3.16547801,3.52839681,3.37394674,2.96528424,2.58886325,1.83688579,2.93836116,3.26170383,3.19824596,2.61097528,3.02441161,2.89633811,2.88953199,3.21522629,3.34749470,3.45744591,3.22340519,2.61256017,1.74367153,3.01246673,3.08925309,3.25896864,2.90330114,3.29941072,3.12439080,2.76874845,3.28599744,3.59453356,3.19827018,3.05468652,2.81412778,2.06622156,3.24581999,3.17285654,3.10604395,3.06191602,2.90431868,2.80705906,2.57617498,2.86451861,3.18843457,3.21749940,2.99611159,2.75298105,1.97354737,2.75189705,3.11130421,3.24784576,3.02253344,2.86158849,1.67064534,2.75145963,2.94800225,3.08659281,3.23942911,3.01414216,2.88035559,2.12474415,2.78579671,3.04557114,3.08561437,3.17407013,3.07228846,2.67427931,1.96126224,3.03491566,3.34803991,3.14214207,3.07681984,2.93219499,2.00148290,3.06905563,3.42332968,3.45699621,3.37797497,3.43117057,3.04245035,1.52235768,2.61290992,2.52035065,2.65805967,2.67864825,2.71812083,2.17562748,2.77514174,2.98647196,2.73562834,2.54367835,2.56348827,2.07897450
4.22581939,3.67283152,3.73823431,3.45530935,3.33658691,2.92411599,2.85294697,2.41880435,3.33869768,3.75340567,3.97631741,3.72247914,4.21506868,2.92592991,2.71824257,2.70066039,2.92587476,2.83362880,2.65962470,2.60797645,2.29575484,2.36500969,2.44839685,2.37227475,2.43419106,2.36682888,2.56423019,2.93686234,3.00450006,2.95219073,3.25509265,2.90347470,2.83353508,2.66328566,2.98696824,2.83501102,2.81876340,2.71580112,2.36554735,4.16819366,3.62631490,3.70101468,3.25059777,3.29524864,2.91349599,2.83622223,2.80037343,3.20430857,3.45698175,3.83985772,3.57348530,3.62622249,3.02322202,2.82423647,2.89756025,2.73446885,2.85651943,2.56483353,2.52107721,2.45474377,2.45592530,2.33278941,2.27939725,2.33340227,2.34803622,2.57482681,2.47325471,2.35049075,2.43525849,2.57925898,2.62101018,2.54563488,2.53854329,2.50363352,2.44057402,2.52766628,2.27159386,2.34334537,3.73626516,3.33389744,3.38077083,3.32475754,3.42502618,3.07995790,2.99678523,2.30695563,3.15203255,3.10267018,2.44239020,2.45912435,2.31821774,4.08223204,3.84392540,3.57627306,3.59676601,3.36869512,2.80425210,2.96450190,2.70291949,3.34863635,3.67191742,3.79088661,3.71716217,4.10172596,3.75807330,3.10094821,3.49991150,3.59392620,3.43512780,3.02917573,2.82138424,2.91395684,3.43393986,3.59820085,3.85121215,3.66105507,2.40705161,3.90098647,3.19493809,3.71882142,3.60637537,3.43250280,2.99511294,2.91815657,2.47667485,3.42128528,3.91052452,3.96739016,3.24632911,2.39149523,3.91524159,3.34750619,3.63684707,3.39034811,3.33796261,2.74678522,2.61033544,2.61098494,3.23441879,3.60928917,3.65581823,4.02159952,2.43299394,3.86135217,3.28561414,3.46633990,3.54010017,3.22743296,2.97817397,2.84387618,2.57667933,3.39250235,3.37574918,3.55239475,3.32720202,2.38787859,3.78145391,3.18575639,3.28000321,3.23689465,3.16468775,2.63546949,2.79859461,2.49663077,3.18637948,3.90320600,3.86950223,3.72368361,4.25872592,3.88246984,3.47876950,3.30004549,3.53427611,3.26909672,2.82987564,2.87989082,2.88651291,3.40402640,3.68351402,3.66808553,3.59372369,3.26450709,3.83973723,3.12391643,3.19969482,3.00052915,3.13008961,2.50749245,2.49482309,0.00000000,2.52230900,2.83378533,2.63594823,2.48106207,2.29712358,3.76109635,3.33501277,3.71458922,3.37002204,3.52840488,2.82548829,2.77663545,2.83759100,3.37090592,3.72966771,3.73738696,3.67472723,2.23561337,3.62046849,3.23252972,3.25550540,3.26649793,3.31807611,2.91132614,2.77686976,2.72071135,3.15207182,3.36819910,3.56454054,3.51039770,3.43152140,3.91384260,3.43847281,3.65607430,3.69396553,3.34312177,2.96121870,2.67511125,2.36449592,3.08454908,3.35126922,3.61367707,3.69411779,3.92795179,3.87061574,3.82205394,3.84225502,3.51080447,2.98453177,2.74200623,2.88695058,2.78710678,3.10808685,3.29226360,3.21655949,3.64071349,3.62343919,3.68287289,3.14471368,3.55068419,3.48569179,3.29466489,2.81130768,2.92399922,2.81728175,3.38019914,3.67153193,3.67035779,3.35395799,2.38932868,3.52308888,3.35560110,3.03763321,3.37733680,2.97622218,2.88162350,2.95445767,2.67633999,3.04878224,3.52882985,3.45107582,3.45398053,3.41956700,2.90648973,3.39230084,3.40419728,3.30995433,3.13522287,2.97185286,3.04532607,2.51706008,3.43398594,3.77072185,3.93561786,3.87874904,3.96115079,2.33690995,2.83171831,3.23007120,2.85626479,2.88845080,2.80581980,2.74209627,2.55298594,2.95547588,2.99502789,2.92214455,3.04870845,2.81759644
3.74553670,4.18817023,3.86862767,3.47959303,3.21367431,3.35160530,2.92747777,3.33754113,2.72109937,3.44530064,3.74005893,3.92999138,4.13758862,3.06084332,3.11775708,2.80900737,2.96236726,2.87218589,2.84490601,2.80052255,2.49836561,2.57726076,2.58218736,2.52649596,2.59553258,2.56746726,2.63927352,3.21337323,3.08558330,3.13180498,3.13140356,2.85642190,2.97784193,2.92964975,2.51604765,2.97742983,2.99501248,2.79312399,2.60113645,3.65725413,4.15644240,3.56133153,3.39712169,3.20718747,3.22426259,2.93755645,3.44583794,2.80967681,3.51982070,3.66298873,4.03220114,3.71118829,2.93003586,3.04226415,2.69196754,2.67582625,2.75066677,2.67088983,2.64960897,2.59636597,2.53431308,2.55317799,2.46419016,2.53133579,2.52724979,2.59526765,2.62424470,2.43657978,2.48394053,2.57490889,2.63095083,2.73163929,2.64276501,2.43373129,2.59378891,2.59345772,2.52165758,2.55642308,3.34084213,3.83016921,3.19472207,3.15309779,2.96773236,3.06837445,3.03486030,2.96037643,2.60507766,3.07946199,2.56333388,2.63702420,2.49504330,3.75494523,4.37814903,3.78849642,3.48567271,3.18898393,2.95610116,2.97770591,3.45917522,2.65476447,3.35134947,3.24624130,3.93860106,3.97022846,3.50644220,3.75501245,3.25871888,3.44539081,3.24455140,3.04338494,2.89641782,3.26016107,2.91194147,3.57016393,3.72480306,3.82314549,2.55808839,3.53953208,3.97740294,3.55493025,3.60115660,3.20816545,3.08160996,2.86865692,3.17890927,2.71233853,3.73585037,3.63464497,3.41434120,2.56434059,3.59203481,3.97265626,3.55135505,3.24018439,3.16292424,2.89329875,2.69132798,3.14075283,2.70674639,3.28048159,3.71185574,4.00699708,2.48417170,3.66331607,4.09146082,3.69723740,3.59921359,3.00953422,3.07038648,2.94998133,2.99385764,2.76136932,3.35853013,3.36395764,3.30607204,2.55936687,3.58761226,3.76000232,3.07027315,3.27684853,3.08868208,2.91199133,2.86364983,3.33159155,2.71807886,3.78127020,3.84822615,4.22568056,4.18530223,3.82999238,4.31650514,3.62280441,3.79015679,3.20671798,3.24179076,2.84856526,3.43651564,2.91914920,3.50402167,3.61607886,3.79905870,3.45684268,3.46868016,3.99779074,3.17658937,3.18951637,2.91120064,2.75197509,2.68260539,2.52230900,0.00000000,2.73836655,2.73017359,2.65846035,2.50245922,3.37839508,3.91658997,3.41864924,3.24492096,3.20109813,2.94392354,2.74064103,3.22094693,2.71966247,3.78991096,3.55884224,3.55981970,2.42911192,3.31638093,3.96729596,3.16306996,3.20361462,2.78666975,3.04397606,2.92054325,3.32777763,2.65309397,3.36460339,3.50602841,4.01298751,3.63863573,3.62224516,4.11631110,3.33202121,3.42842667,3.20196488,3.10956900,2.85068824,3.20043536,2.48170145,3.42000609,3.51665414,4.12149545,3.81428103,3.62291342,4.18753718,3.95668259,3.52279097,3.03502959,3.20974439,2.96992349,3.43814677,2.79237581,3.38566815,3.30625581,3.73923925,3.40440732,3.41572588,3.95677346,3.52177303,3.36203997,2.98921866,3.00720863,2.78482276,3.30723043,2.82498084,3.49562268,3.30810698,3.32020156,2.53564869,3.38698746,3.95837579,3.45610384,3.53474917,2.97506424,3.27595747,3.07863154,3.27359908,2.60973903,3.21942672,3.43698928,3.51961683,3.28623738,2.90192815,3.86378356,3.63903513,3.31754011,3.21261080,3.13420095,2.92769026,3.21236108,2.83843650,3.45787609,3.72950481,4.05003500,3.88459609,2.39835255,3.11676462,3.31199958,3.32983290,2.79190626,2.97271069,2.87731342,3.31732910,2.85283260,3.18877771,2.98278715,3.32254910,2.98627508
3.21455823,3.45693323,4.08767263,3.31153601,3.94459374,3.14741051,2.30884044,3.26525153,3.58341413,3.33891180,3.90545733,3.33301060,3.82741463,2.70410288,2.79543806,2.64539287,2.41909620,2.66548647,2.45351471,2.45201488,2.15031426,2.24932740,2.07686848,2.15631811,2.12484943,2.18197714,2.30626790,2.89415039,3.16546660,2.94830160,3.70215888,3.08818918,2.91964110,2.93905837,2.99015015,2.94308088,3.04516578,2.54500995,2.10959085,3.35541216,3.40996216,3.87367028,3.32281082,3.83151542,3.13441603,2.39849536,3.35246260,3.40011393,3.35550518,3.76882904,3.33785384,3.04292476,2.44931843,2.66646619,2.60176035,2.21591200,2.74354033,2.42154995,2.24763441,2.13489558,2.12796708,2.15537554,2.20156947,2.20889948,2.22316160,2.36661664,2.26949334,2.41709769,2.20117146,2.50374953,2.40219287,2.42255934,2.51155505,2.37119331,2.18352923,2.28482654,2.08807634,2.19784258,3.04447838,2.99395264,3.76446748,3.14893641,3.53227334,2.77644232,2.57756345,3.07092342,3.35537249,2.67944140,2.36972127,2.14013510,2.16153690,3.12937496,3.72028703,3.84094022,3.51486376,3.97256607,3.10537221,2.35228482,3.50415075,3.64836251,3.43559268,3.79052437,3.57924459,3.66328746,3.10961444,3.29630683,3.73239297,3.27735885,3.75373705,3.04871497,2.77984339,3.35912277,3.59517293,3.41019667,3.61550777,3.28483340,2.08001110,3.23622387,3.36961311,3.93786690,3.41130269,3.75930708,2.85477894,2.42675757,3.21444315,3.44694677,3.40734470,3.44299621,2.71457002,2.18116476,3.28270720,3.39955751,4.03348103,3.14165910,3.70329292,2.85940560,2.54960306,3.41440595,3.42013334,3.17935935,3.72934922,3.43793222,2.13901473,3.16161285,3.50149151,4.06263091,3.27889104,3.50926606,2.75873353,2.31935798,3.00245893,3.60373764,2.96347924,3.26529827,2.99314963,2.12521276,3.18719445,3.19886837,3.79324493,3.35119907,3.89148304,2.83598898,2.26672371,3.31116533,3.63614256,3.67539839,3.91932276,3.58310965,3.81524537,3.36641462,3.63454535,3.90511077,3.72020720,3.79865260,3.16931547,2.60055075,3.53749306,3.49893032,3.24480254,3.48972517,2.88219439,3.00614313,3.00259411,3.44555400,3.81587882,3.11557928,3.53946447,2.57852750,2.06279719,2.83378533,2.73836655,0.00000000,2.05427998,2.24624931,2.14325980,2.94786405,3.33487899,4.09710711,3.22992240,3.90719555,3.08185340,2.67240597,3.52848392,3.42473760,3.42494849,3.66208365,3.06370160,2.16841252,3.06829118,3.54653169,4.00243808,3.27614272,3.54907244,2.81058503,2.47830675,3.20642783,3.46508522,3.20447305,3.24494029,3.26918640,3.36834339,3.22524546,3.68704420,3.95481636,3.38895836,3.89112208,2.85511787,2.30023138,3.30586828,3.38267897,3.15194884,3.44427803,3.47816931,3.59103071,2.99436995,3.50334486,3.94881732,3.34745243,3.66325752,3.10868980,2.50235144,3.54041397,3.44125105,3.19656766,3.52362925,3.19743278,3.35277551,3.09475941,3.47093353,4.01265668,3.24737332,3.74652650,3.05755166,2.57148492,3.17816786,3.53742648,3.14506371,3.50736067,2.88808778,2.03267048,2.99852333,3.25870167,3.65172951,3.33453427,3.45985426,3.03689669,2.59109392,3.10260653,3.17778969,3.12793863,3.52365551,3.08796881,3.07219334,2.69811635,3.21916721,3.76847991,3.08779071,3.70671167,2.95284423,2.40247554,3.23245455,3.54706271,3.28329874,3.82509871,3.37553253,3.47386887,2.03483155,2.84933614,3.02939457,2.96450484,3.32634185,2.86431012,2.75626546,3.07727988,3.21897110,2.80271496,3.09028493,2.90618927,2.68822522
3.06293141,2.98534785,3.50647237,3.37054134,3.43746973,2.98339972,2.07604981,2.89961366,3.43994133,3.53626218,3.62055191,3.36419366,3.49205007,2.25677769,2.26054066,2.07888022,2.12241053,1.99744077,2.05022283,2.09941976,1.79911779,1.83441999,1.77941722,1.70532830,1.73804146,1.82303023,1.96822473,2.41230649,2.88496721,2.98004767,3.28614592,2.99270485,2.49174539,2.71537757,2.99145159,2.79053710,2.74475796,2.41951102,1.72810787,3.17268413,3.13102111,3.34101120,3.25730416,3.38352703,3.03405789,2.14576053,3.15390171,3.39600891,3.56697806,3.62261370,3.25851784,2.94705116,2.25115796,2.22307604,2.36106779,2.28799295,2.29309904,2.19831841,1.84898419,1.76202801,1.86954228,1.72705433,1.79837339,1.82686321,1.74359005,2.07046170,1.82569979,1.98018417,1.94437025,2.13632553,2.24417054,1.94979947,2.14808899,2.00743018,1.72680254,1.79970939,1.83617432,1.80300220,2.74889388,2.80122961,3.45786473,3.25743969,3.16393328,2.74879437,2.23828697,2.84080807,3.32394354,2.65598873,1.93710346,1.89503372,1.85540520,3.09798861,3.47151850,3.41133813,3.59475855,3.47707453,2.77100001,2.20407193,3.20527782,3.50369881,3.61483686,3.57853407,3.56851789,3.53249748,2.83648024,2.79265798,3.19115391,3.19443559,3.25364644,2.84767368,2.28985048,2.96800368,3.32451033,3.15866059,3.25609641,3.15945398,1.78567506,2.88657121,2.84236163,3.40229683,3.39630835,3.29937535,2.86974981,2.17655343,2.97531723,3.34194370,3.52120727,3.05904485,2.54929690,1.77764930,3.24928913,3.33472049,3.67284836,3.29153290,3.43105471,2.89846413,2.15883579,3.04527316,3.15997063,3.19369812,3.19160293,3.38551684,1.83899554,2.69036066,2.77438834,3.51750319,3.20650440,3.00557803,2.59392630,1.82071977,2.77803416,3.29818325,2.88519915,2.90514347,2.84852016,1.74843128,3.04992076,2.96808459,3.45922132,3.52735745,3.51243358,2.68880455,1.86960799,3.07037950,3.45874544,3.69734200,3.53056919,3.39406504,3.44573200,3.21415353,3.31673087,3.50261741,3.73446673,3.27929772,3.08273904,2.40500027,3.24890863,3.51478869,3.47378435,3.34800659,2.96414016,2.80188030,2.84977636,3.09095990,3.50938027,3.17069611,3.08908052,2.66894839,1.83433105,2.63594823,2.73017359,2.05427998,0.00000000,1.85132659,1.78122138,2.77934320,3.08620482,3.58060522,3.19041812,3.44142105,3.12180713,2.27366843,3.18986521,3.37798197,3.49929775,3.24832954,3.14759378,1.84710152,2.80515305,3.23313802,3.78445590,3.44548726,3.19231212,2.86687797,2.24834344,3.10837985,3.46638405,3.26046669,2.80515478,3.11861430,2.79687605,3.09429584,3.22089475,3.67305964,3.48523333,3.42382948,2.73332210,1.79312277,3.03611156,3.23628266,3.15304157,2.93863855,3.28231315,3.11192822,2.94958416,3.27776980,3.60476476,3.45268884,3.19614362,2.86786505,2.04680170,3.22488871,3.24133398,3.08972677,3.09193779,3.02330377,2.81783440,2.77398443,2.99011763,3.49358334,3.28967389,3.27889886,2.90204577,2.11105974,2.78833881,3.32549651,3.46545112,3.07047357,2.84173395,1.77132217,3.01951687,2.93087037,3.22376906,3.42894735,3.10276001,2.96165204,2.46588981,2.81985608,3.21304969,3.34384065,3.35221771,3.21829184,3.00953558,2.35230135,2.98885200,3.43672490,3.11415503,3.23474659,2.88659217,2.20941043,2.90406983,3.40153679,3.48100202,3.54205670,3.32639261,3.23142853,1.75003107,2.44374447,2.46711000,2.40632217,2.72261120,2.57512848,2.32040496,2.56220547,2.92776046,2.76931207,2.67375548,2.68865856,2.39604678
2.86995795,2.89171024,3.45792024,3.21816842,3.18575381,2.49156545,1.38290001,2.48053921,3.14657749,3.24933275,3.19201740,3.03692339,3.44697599,1.70029388,1.69358716,1.55815681,1.59340281,1.59866269,1.46897888,1.47292865,1.08800738,1.05372647,1.01354504,1.08538522,1.12494721,1.05112921,1.39817744,1.95245499,2.30747069,2.45577261,2.84164581,2.14247596,1.92497864,2.16467313,2.31885766,2.10550618,2.06177660,1.57757136,1.15993704,2.85246385,2.93275170,3.25077738,3.03395294,3.11817050,2.48049682,1.47691672,2.58006099,2.99524004,3.06376311,3.05192497,2.89887000,2.66089169,1.87847002,1.86490349,1.83273719,1.84909665,1.84442538,1.65421450,1.47411533,1.22158530,1.24165422,1.15117264,1.13557046,1.09652235,1.04706204,1.36953847,1.25492495,1.39685264,1.38099062,1.67693000,1.63453487,1.37061053,1.52224669,1.39203462,1.14567050,1.21845477,1.14173919,1.03053561,2.64246944,2.70355308,3.23473507,3.16456140,2.99998670,2.33108972,1.91314663,2.58068518,2.83964393,2.36326357,1.40046756,1.21547492,1.08314518,3.08853804,3.47385140,3.26845431,3.41317618,3.24258037,2.10080766,1.70375674,2.77838275,3.19654899,3.30390844,3.01344572,3.12576075,3.32271360,2.66263906,2.54420181,2.99188530,3.08084618,2.98230772,2.27131076,1.88952841,2.76018642,3.05500510,2.89854698,3.03492570,2.95701769,1.12872404,2.93607880,2.84850612,3.40514583,3.29180191,3.11374772,2.33344778,1.93226628,2.70041701,3.07139586,3.21227941,2.89733922,2.42358314,1.04460633,3.02217780,3.12244014,3.35832871,3.00478028,3.12154946,2.38106946,1.64407751,2.56744955,2.78915950,2.99607415,2.95399235,3.12680605,1.09734599,2.82600040,2.75331724,3.30789497,3.19995179,2.89016559,2.32543508,1.79621401,2.56826060,2.91793702,2.70434233,2.66205392,2.36908575,1.13196909,2.53008742,2.55054809,2.95542980,3.09615710,3.10510281,2.22611703,1.52590274,2.53614702,3.05456350,3.42959336,3.15623089,3.16613501,3.40499189,3.05383959,3.26232949,3.35212866,3.55951219,3.13806531,2.66421466,1.94542590,3.05529439,3.20917088,3.21350734,3.04894543,2.95449898,2.74442157,2.67480735,2.82218071,3.25102752,3.01595580,2.99566018,2.17349166,1.67506771,2.48106207,2.65846035,2.24624931,1.85132659,0.00000000,1.01634603,2.99720193,3.14388323,3.50034647,3.16844207,3.23680397,2.56393559,1.79257618,2.75214301,2.91853684,3.10749422,2.84666284,2.73861813,1.13281965,2.61271629,3.07519564,3.41453992,3.23558654,2.99205433,2.27066184,1.68310391,2.61500572,3.04253134,2.93206577,2.50736886,2.91840367,2.82220602,2.91592281,3.09389528,3.34485957,3.33950266,3.15030088,2.22572706,1.68518905,2.65784924,2.86568291,2.96277216,2.82421077,3.21452635,3.20720256,2.57530686,3.14221622,3.34550788,2.97569387,2.88330666,2.40018192,1.67246836,2.92145517,2.91535015,2.76581252,2.76629983,2.66354505,2.70625789,2.68703239,2.82862102,3.31104482,3.15285236,3.00961298,2.23037194,1.85907517,2.53745108,2.90508283,3.08095563,2.81492314,2.28750540,1.14675358,2.68949402,2.70944892,3.07985871,3.15236602,2.83782851,2.39244394,1.85029365,2.40121228,2.64131839,2.74999777,2.84134264,2.83465385,2.37693612,1.90949113,2.80774336,3.09306930,2.92968568,2.94345664,2.48134558,1.57458927,2.59511701,3.05179787,3.16024701,3.14962305,3.21281424,3.12999588,1.06611272,2.08390053,2.41148092,2.32601433,2.50292315,2.05797929,1.79016815,2.45224756,2.69598476,2.43765225,2.11345881,2.32845103,1.94707015
2.84413754,2.91625101,3.38202261,3.04200082,3.11703229,2.40844737,1.34368952,2.33730909,3.02798919,3.16000330,3.22071212,2.83410841,3.32984262,1.37874299,1.39612032,1.29127303,1.28145335,1.33123700,1.07500477,1.07629969,0.67877036,0.65492839,0.71613738,0.63711829,0.73482386,0.73341890,1.05646612,1.68290727,2.11053993,2.21298263,2.65980733,1.97117053,1.62731574,1.95504306,2.24528617,1.97080689,1.90091525,1.29020014,0.70803190,2.78611164,2.86756487,3.11143754,2.85063084,3.03209447,2.38221614,1.35256508,2.58653143,2.83967727,2.95053128,3.06143685,2.67572042,2.48790882,1.57068762,1.55335139,1.61480263,1.60571320,1.71641937,1.38294800,1.27234941,0.92411329,0.83848819,0.67845549,0.70168785,0.63162111,0.67375360,1.00271268,1.03015326,1.06797516,0.99148676,1.43815385,1.19957693,1.08841086,1.18772606,1.02562883,0.68658881,1.09546074,0.66723229,0.72401368,2.65508421,2.60700672,3.16182209,2.96171017,2.98903919,2.18214359,1.67406726,2.34010118,2.72706841,2.19136797,1.16110464,0.91226957,0.69128190,2.99381564,3.38259692,3.09571981,3.23429601,3.17568905,1.98744837,1.46905936,2.62513394,3.01688066,3.19397820,3.03714681,3.01417140,3.29283701,2.50426410,2.41343909,2.82885613,2.87017142,2.84131897,2.14649868,1.65921149,2.59670269,2.88804193,2.76538989,2.85898420,2.75606622,0.72726231,2.71272878,2.55002291,3.24506377,2.98279382,2.96323688,2.10620731,1.70874077,2.48689591,2.86390793,3.12950742,2.95415314,2.24893472,0.61147047,2.81246058,2.90061928,3.23991463,2.78751462,2.98893537,2.18820228,1.35799186,2.45875492,2.73585438,2.90971709,2.88810605,3.14668564,0.75983188,2.58395388,2.59435587,3.16836011,2.98655995,2.78714993,2.10197357,1.47780887,2.37714675,2.81089464,2.64088495,2.49008686,2.09661705,0.67990776,2.39559397,2.41100451,2.91493991,2.88050893,3.00298445,1.98425821,1.34368994,2.48426180,2.97113788,3.40707358,3.19052459,3.08207023,3.40583241,2.96469140,3.10746978,3.09716557,3.21881191,2.93322830,2.44925084,1.60769015,2.70719691,2.96654296,3.04384406,2.86828021,2.75054633,2.45967053,2.55888179,2.68350934,3.13258115,2.81971747,2.89180487,2.08222313,1.60327038,2.29712358,2.50245922,2.14325980,1.78122138,1.01634603,0.00000000,2.75746971,2.80828171,3.27863038,2.79819867,3.05358415,2.30683304,1.56579080,2.51398793,2.77498109,2.93857493,2.81308055,2.63269405,0.75221607,2.42582524,2.90679383,3.20254784,2.94366686,2.82230029,1.99176906,1.47434213,2.52698685,2.90013078,2.93578488,2.56212754,2.79973460,2.73731512,2.71289813,2.86050076,3.22251095,3.09605048,2.98503430,1.98713079,1.36014652,2.47740536,2.65096203,2.86119932,2.75970770,2.97189804,3.02299434,2.54187810,3.10599179,3.24699144,2.87217028,2.84559790,2.21855561,1.55719304,2.72892159,2.71674697,2.71431633,2.72710961,2.72251872,2.77282074,2.54266354,2.67398658,3.11631221,2.94081413,2.96305251,2.15964959,1.65248474,2.38158824,2.80307536,2.97535800,2.87461998,2.32208679,0.79952286,2.62989111,2.71500685,2.95502275,3.03624296,2.79859418,2.20826583,1.56295228,2.29592998,2.44905689,2.56578864,2.74931536,2.57330196,2.15468523,1.72939410,2.74014701,3.01509127,2.72108071,2.82931038,2.34156334,1.49368166,2.46398403,2.92204587,3.07977076,3.15319496,2.95014644,3.04325121,0.72283668,1.97189246,2.33438028,2.15786849,2.36987618,1.97280833,1.67177325,2.48468856,2.63025479,2.38557559,2.28360656,2.27331018,1.87811176
3.17248106,4.01218491,4.17355806,3.91247151,4.11886807,3.79413394,2.68593494,3.97201456,3.97125090,3.98966376,3.89389175,3.74526927,3.61609226,2.92456520,3.12151630,2.95968563,2.74639056,2.85480953,2.91005563,3.02065767,2.87759348,2.77064360,2.76335170,2.75957243,2.72121232,2.73421028,2.83110636,3.00482096,3.31722288,3.51167315,3.83429312,3.67989580,3.24945239,3.84614545,3.58200969,3.51875360,3.52708808,3.05838342,2.74889839,3.37953382,3.93631305,3.98324667,3.76362709,3.94392984,3.81558188,2.83629161,4.07511801,3.73392596,3.79056494,3.84031614,3.69906610,3.17297018,2.86945485,2.99808052,2.91589119,3.03336369,3.03158312,3.13362446,3.00810694,2.88202303,2.87485280,2.77175444,2.80626802,2.74044863,2.71233175,2.90595316,2.85815065,2.94570724,2.98496932,3.00636004,3.11981071,2.92915079,3.17335449,2.94607770,2.76530862,2.90579679,2.80738820,2.77673808,2.90359829,3.54824331,3.79924274,3.50470885,3.60722886,3.45676078,2.87654348,3.66700818,3.62699746,3.34049406,2.99950024,2.84651448,2.74489627,3.35299983,4.21103099,4.08166949,4.05373614,4.13686412,3.51021698,2.57022693,4.10828690,4.04693410,4.00689226,3.73661859,3.91388462,3.44153274,3.14349398,3.72239275,3.57479146,3.62552669,3.74647617,3.65830989,2.96050264,3.90092998,3.68807234,3.64074339,3.47183002,3.69428159,2.72368701,3.02596422,3.88702650,3.99194806,3.90615016,3.80476272,3.58104268,2.70014962,4.06299618,3.74671784,4.05116088,3.77645264,3.40318780,2.81334768,2.84814341,3.58691780,3.74038218,3.61073100,3.75690743,3.56146116,2.91835530,4.09000888,3.80970619,3.84305605,3.90696366,4.09062946,2.67669485,2.85301345,3.82822619,3.95286880,3.81938438,3.72771904,3.52291022,2.70232056,3.91389429,3.81530868,3.71384558,3.41482501,3.51812595,2.70400256,3.01698484,3.64392817,3.74020909,3.75555291,3.91888095,3.34620547,2.61106179,4.02396404,3.95952184,4.23636333,3.97220274,3.90106077,3.65738368,3.67770841,4.18277052,4.17697109,4.15708077,3.70534083,3.66772351,2.98857348,4.15312182,3.80622400,3.74184500,3.92618438,3.62180279,3.37328926,3.11978431,4.07939062,3.92563500,3.80229202,3.84663932,3.57556031,2.75832540,3.76109635,3.37839508,2.94786405,2.77934320,2.99720193,2.75746971,0.00000000,2.83299109,3.19225615,3.01024053,3.58406523,3.52261730,2.74034024,4.02823304,3.75898712,3.84967374,3.65768000,3.63870756,2.76005906,2.95334548,4.10021170,4.04039442,3.68206410,3.72205212,3.48983967,2.97113463,4.01503970,3.92509062,3.99519987,3.59506163,3.92310572,3.67082837,2.77646321,3.77535709,3.71263727,3.69474134,3.81173386,3.41205901,2.55428346,4.00230835,3.63575981,3.95730196,3.69728891,3.99256448,3.55084601,3.25893005,3.95973597,4.26304016,3.79072017,3.87448733,3.79565468,3.02827761,4.23270657,3.71302403,3.56109372,3.59429750,3.42756943,3.19076650,2.72353830,3.75203294,3.79944629,3.51741748,3.63298898,3.57571752,2.83438769,3.89674672,3.69827289,4.00463628,3.72264633,3.58857094,2.87121131,3.31075177,3.88456756,3.95702041,3.98144054,3.78026451,3.69871773,3.03712214,3.78128142,3.77458619,3.77392572,3.89013535,3.73295396,3.45030859,2.95165987,3.87334555,4.00945806,3.69436143,3.60254685,3.60763770,2.77596346,3.90574537,3.80826726,3.64513990,3.84451726,3.54898902,3.30455785,2.72559147,3.58224608,3.13941708,3.58447714,3.42165062,3.41292055,3.02132398,3.64569296,3.70453406,3.34045578,3.51292245,3.55012724,3.21258089
4.15104970,3.66835685,4.05877063,4.09162062,4.42373313,3.75117996,3.11398851,3.29433564,4.37195314,4.39323416,4.34707853,3.79297851,4.11020124,2.96364719,2.79546788,2.94909338,2.90538957,2.98954586,2.88615945,2.97804788,2.91929545,2.80331864,2.87526542,2.86433723,2.86924072,2.85257283,2.90860640,3.09878374,3.59788329,3.52194173,3.83050029,3.60767989,3.05536202,3.29565740,3.87088221,3.39238484,3.43841207,3.12193993,2.89573158,4.26377167,3.71968170,4.16521813,3.93129698,4.23509608,3.65126892,3.00414804,3.47900450,4.05721206,3.96921109,4.15703004,3.40413736,3.40277960,3.06135775,2.86013640,3.14218372,3.16899654,3.29386709,3.13162310,3.07175893,2.90412040,2.96798336,2.79991887,2.83015633,2.86778319,2.77015844,2.81233591,2.96472592,3.00305565,3.04469610,3.22634009,3.05735116,3.00294792,3.17031626,3.07789319,2.80127755,3.03669431,2.88194939,2.83138620,3.59893028,2.94855411,3.88323560,3.75106337,4.07232608,3.37270762,3.07334562,3.25193420,3.96177891,3.58761982,3.20544565,2.95346316,2.83003469,4.06494500,4.12326548,3.96308966,4.13915492,4.40802874,3.44615582,3.14406471,3.46388823,4.34801228,4.40710033,4.35212593,3.85563601,3.95063754,3.84703180,3.10351099,3.66026981,3.85615805,3.79166426,3.48525210,3.10320107,3.51046859,4.04345092,3.74672286,3.73810577,3.75083535,2.84626213,3.83500653,2.81739498,3.88752160,3.82350096,4.00877962,3.29705446,2.92676252,3.41250479,4.10265179,4.13450467,4.10448647,3.47224721,2.88599781,3.78572548,2.89410830,3.69706032,3.75961808,3.92015976,3.41967064,2.98627807,3.44049579,4.21789266,4.26934271,3.91441028,4.07277233,2.87864333,3.86324850,3.14507629,3.97722684,3.99376905,3.99118520,3.47984854,3.08662637,3.24455550,4.18977340,3.91656780,3.68644531,3.41113597,2.84568219,3.63279191,2.93172660,3.93449495,3.72697494,4.11827651,3.21455274,2.93025691,3.30298392,4.39987697,4.74932846,4.37267829,3.97117325,4.30670626,4.31496336,3.74214291,4.07324416,4.11370578,4.07455038,3.54760895,3.11931986,3.41981608,4.28819130,4.26738551,3.86529450,3.67442322,3.41472371,4.06510357,3.43808771,4.20025384,3.96032331,4.22079374,3.38801550,3.05249643,3.33501277,3.91658997,3.33487899,3.08620482,3.14388323,2.80828171,2.83299109,0.00000000,3.30663703,3.24164531,3.70028945,3.31367604,2.90542483,3.43121436,4.24484910,3.86369952,3.81071774,3.64430224,2.87948770,3.80211247,3.42352717,4.12079919,4.10691545,3.99832551,3.32592171,3.10310006,3.43503113,4.28195755,4.27744836,3.91303667,3.60913954,3.93360522,3.73320726,3.01226574,3.82423534,3.94857446,3.92077766,3.32868411,2.85426649,3.33361652,4.16575670,4.12285914,3.90613214,3.68429810,3.89914537,3.83945757,3.73610516,4.17390275,4.06886859,4.22690748,3.63049920,3.22267745,3.60362116,4.06750625,3.85767812,3.76138030,3.58776083,3.65945981,3.67964938,2.99738253,3.71814449,3.68913269,3.95233302,3.37694647,3.11721630,3.11950354,4.00072511,4.09251840,4.08028648,3.50123332,2.93861953,3.97376370,3.66173569,3.75183145,4.15270687,4.14275593,3.64774105,3.27561837,3.21790752,4.04465781,3.96359444,4.08391501,3.61193488,3.54046749,3.26096624,3.66226718,3.92269686,3.87240496,4.01467970,3.58809934,3.20827013,3.28110118,4.43171960,4.38289165,4.29898968,3.76801002,3.94804317,2.92688261,3.62554437,3.77027296,3.49148685,3.86329441,3.50237847,3.25166285,3.18377679,3.89488289,3.52405811,3.54638298,3.37622824,3.26128250
4.36322034,4.62575029,3.81915554,4.31728077,3.99290358,4.04315225,3.54034550,3.71081377,3.67769943,4.70333928,4.30588754,4.20036427,4.24346375,3.57846742,3.47812200,3.27970585,3.50066778,3.36214982,3.51949220,3.57173394,3.33808998,3.38137116,3.34774250,3.36867879,3.41738976,3.41671930,3.42482664,3.58800898,3.50317226,3.82900253,3.72271597,3.80544189,3.49666592,3.86336131,3.75979469,3.99288722,3.84434000,3.56778650,3.41503847,4.10881578,4.36083893,3.46875915,3.99881317,3.85437632,3.85601878,3.39179570,3.80158323,3.64843685,4.31273290,4.02225466,4.06307473,3.78000848,3.47138758,3.47978400,3.06382172,3.52883471,3.31278246,3.40245139,3.48102720,3.42354889,3.41973057,3.29676423,3.28459908,3.34489614,3.25679307,3.26855814,3.34637513,3.38941115,3.47773732,3.42776566,3.42633956,3.55570882,3.53938099,3.46226290,3.36838130,3.36206285,3.35107873,3.37313787,3.89312471,4.14130713,3.22570641,4.03894681,3.68423746,3.74458730,3.64128783,3.72318152,3.56806945,4.10810939,3.56490006,3.43170669,3.34640127,4.35745396,4.80522007,3.85863811,4.36712763,3.89538110,3.74816896,3.65430856,3.73656475,3.72181970,4.70793722,3.97632268,4.18647351,4.09743275,4.15700487,3.94381415,3.15334495,4.12030329,3.66269280,3.78477707,3.56330316,3.90873796,3.92742096,4.27852750,4.00568987,4.36905243,3.32380432,4.02309187,3.93474008,3.22684613,4.12782491,3.56012233,3.67052383,3.40024582,3.75390264,3.40484474,4.48598982,3.98732497,4.01487198,3.34650989,4.07136232,4.03690130,3.19123658,4.03349514,3.67177665,3.74514403,3.34411815,3.62495265,3.65162548,4.43715786,4.29413983,4.53348774,3.31798636,4.10042132,4.03599839,3.52082892,4.09988973,3.65420915,3.72427672,3.53635263,3.85878324,3.51064869,4.41990683,3.84712131,4.00287404,3.39670975,4.04093625,4.19435673,3.16058012,4.05269849,3.69507380,3.66724303,3.48699735,3.63421810,3.68241383,4.98838598,4.40877422,4.44280234,4.56447334,4.31001248,4.45048568,3.58491005,4.27699800,3.74774030,4.03860458,3.51965955,3.65971289,3.81220877,4.55459749,4.24990941,4.32819354,3.94147863,4.22547444,4.19919281,3.42955083,4.26654584,3.81368996,3.66735215,3.39417239,3.71458922,3.41864924,4.09710711,3.58060522,3.50034647,3.27863038,3.19225615,3.30663703,0.00000000,3.38364014,3.31367970,3.61992661,3.18072783,3.16566673,3.36529398,4.33428463,3.79322640,4.06886980,3.40304872,3.93437865,4.32931799,3.19665853,4.04152205,3.63643819,3.70760452,3.47815178,3.78282703,3.68080716,4.55061332,4.07951963,4.18501342,4.17884453,4.08887245,4.03803779,2.79552956,4.12986495,3.70673017,3.68767484,3.38052594,3.50323069,3.52056055,4.60601981,3.95520468,4.37710686,4.07648490,4.13455340,4.37391052,4.07553952,4.35386406,3.86343813,3.87711331,3.52681907,3.65529450,3.56325860,4.58755859,3.94979386,3.96922181,3.79381247,3.89560982,4.17603197,2.97962046,3.92036699,3.60582360,3.79790355,3.45158190,3.74176055,3.72261023,4.57775125,4.28670694,4.09669952,3.51956999,4.28146814,4.35039616,3.69576488,4.41816230,3.77861184,3.92901440,3.62279371,3.60506504,3.76400415,4.34918785,4.08532555,4.00079214,3.85996613,3.42789227,4.32141130,3.78923621,4.31856175,3.83181439,3.90953070,3.44508916,3.65313162,3.94781614,4.69515839,4.25461693,4.29404885,4.12698985,3.35578171,4.06198988,3.89972633,4.01636226,3.56454837,3.91546598,3.71198297,3.91875551,3.90079997,4.34421112,3.92607585,3.98856269,3.87795930
3.93959373,4.30589683,4.40126028,3.06857209,3.99897649,3.77776803,3.28306426,3.62466077,3.66817789,3.51291331,4.69303981,3.92729604,4.24999119,3.16220600,3.16635395,3.06363627,2.82555409,3.18928766,2.98673662,2.97100425,2.93519704,2.85115646,2.94163016,2.94646812,2.98356423,2.87969761,2.95487723,3.11954314,3.54545359,3.05507741,3.73660150,3.58142581,3.45283225,3.57399156,3.62965605,3.36778746,3.65225986,3.19215641,2.90374496,3.90846468,4.13550625,4.21566970,2.84224873,3.75778106,3.60743149,3.21040880,3.96260519,3.38783943,3.62136798,4.47386282,3.90028208,3.74705329,2.85453181,2.89740183,2.90238926,2.68861895,3.23735841,3.07362252,3.18347626,2.94261173,2.87130888,2.81003262,2.81771553,2.89796121,2.83055779,2.91407851,2.92768927,3.08955095,2.90994711,3.09231784,2.94438059,3.09206768,3.11453804,2.93530602,2.82961116,3.03788706,2.88110710,2.97228470,3.77586405,3.61148275,3.98811147,2.67038993,3.73807601,3.60005572,3.22692823,3.35560650,3.68701645,3.37771040,3.25931369,2.97670683,2.91728461,4.04967394,4.35577647,4.24348800,3.16484824,3.88806973,3.54756221,3.07810081,3.80419378,3.73087932,3.42671773,4.29411229,4.27654344,3.90938117,3.81442678,3.82823218,3.64325122,2.82183956,3.73301552,3.60192793,3.17426353,3.50362894,3.49087661,3.61711297,4.25048580,3.86802709,2.91420047,3.71024596,3.83082381,3.96864427,2.74462330,3.78708798,3.37073873,3.21438617,3.58387083,3.41801479,3.63212365,4.13619097,3.65738467,2.83709783,3.76451997,3.72140389,3.76356483,2.46172246,3.91532472,3.43932741,3.14933753,3.61467936,3.70626803,3.74683547,4.61486552,4.22539529,2.85532530,3.53484026,3.66473809,3.99018208,2.75732857,3.81761843,3.44032852,3.11872186,3.55653337,3.83398759,3.38548630,4.13751865,3.64114611,2.92092728,3.77516848,3.75609047,3.85192350,2.53350171,3.71394515,3.29139598,3.21884679,3.67217577,3.56746298,3.64862216,4.72366615,4.07955541,4.18739398,4.13964959,4.21176170,4.21496862,3.21108910,3.66100884,3.56975078,3.25643160,3.64511935,3.42412148,3.62501082,4.37434670,3.88230800,3.65479501,3.80247883,3.92636976,3.79648816,2.59347306,3.77937592,3.47754261,3.25254271,3.37002204,3.24492096,3.22992240,3.19041812,3.16844207,2.79819867,3.01024053,3.24164531,3.38364014,0.00000000,3.25985154,3.23144379,3.05695616,3.39641300,3.30225378,3.51046943,4.19943137,3.71951412,2.86179826,3.54871928,4.07700029,3.83815736,2.59854953,3.59733391,3.47492854,3.39633919,3.76113936,3.61798230,3.51918939,4.05756390,3.94035695,3.81810354,3.64965218,3.88360181,3.71602365,2.44949201,3.74104863,3.43919769,3.00574350,3.58279636,3.36794341,3.49234643,4.40812119,4.03317401,3.93266466,3.98312509,4.23788600,4.41124992,3.21316785,3.70126717,3.76819812,3.20904721,3.62216401,3.38122276,3.55247474,4.24683271,3.95223540,3.63465808,3.58500165,3.79017275,3.93012462,2.29464988,3.71197193,3.43950538,3.14590808,3.54833259,3.75286613,3.88989818,4.14554989,3.59737950,2.93350941,3.74637641,4.25744209,3.92358292,3.26749098,3.60936883,3.71357541,3.23854206,3.41666417,3.25590810,3.62752154,4.25163084,3.77966288,3.56850880,3.19299561,3.94363118,4.24086086,3.13292410,3.68984472,3.59959690,3.26175539,3.76341545,3.68279936,3.51002854,4.70164822,3.91004386,3.96225344,2.88810999,3.68229615,3.88936668,3.41768021,3.51833210,3.40123100,3.36628814,3.57284808,3.61502854,3.31198936,3.92730498,3.65440420,3.44730745
3.81040269,4.25608035,4.24294730,3.70271135,2.66383686,3.53058640,3.46625654,3.81279982,3.44931055,3.97218239,3.76430881,4.72899884,4.42420662,3.38136283,3.39091054,3.25910558,3.41305481,3.10694146,3.27024416,3.34677806,3.06980890,3.03353919,3.19204525,3.07265894,3.13127313,3.07195805,3.02511752,3.45149384,3.61126902,3.56437564,2.72483038,3.60004258,3.33994733,3.61688106,3.51939838,3.52254685,3.41541061,3.49957430,3.13813925,3.84780588,4.24477434,4.04681028,3.58205389,2.63211566,3.46769394,3.50055793,3.90819011,3.48223084,3.88505457,3.73257455,4.42680371,4.07299939,3.20530271,3.23727492,3.11863617,3.30007385,2.95849736,3.38643909,3.33373530,3.14768418,3.23870561,3.01523824,3.02601317,3.13508301,2.99150027,2.96749911,3.30296066,3.13630106,3.13501184,3.08071815,3.21837507,3.26298192,3.09990074,2.96464906,3.06833227,3.10990321,3.16526941,3.15880706,3.66040096,4.22230009,3.92736450,3.71885177,2.49749434,3.43678539,3.35201219,3.49989340,3.46801700,3.65030803,3.17184039,3.16365333,3.07607326,4.19751710,4.43344847,3.90985986,3.55815684,2.63812859,3.26381226,3.53722811,3.91390321,3.50606729,3.97342272,3.65704289,4.60296247,4.37458552,3.80362063,3.86113073,3.46484260,3.69857683,2.61160657,3.32473548,3.25495523,3.75479492,3.43949571,3.81488259,3.86178402,4.18910230,3.13543213,3.84685396,3.99239322,4.01318510,3.77682244,2.35584749,3.33065963,3.26377065,3.67936226,3.43925751,4.04419486,3.82631928,4.09030751,3.07945158,3.89973041,4.37054276,3.87638580,3.73519808,2.44963031,3.39056499,3.23881965,3.75324825,3.39803377,3.98322540,4.03379393,4.73447679,3.13150483,3.77988322,4.05194456,3.95015975,3.95205079,2.55437615,3.36783615,3.25533510,3.49191538,3.38638213,3.83692611,3.60498759,3.89227396,3.11669358,3.95137526,4.00747187,3.78466555,3.76960219,2.29750079,3.34051110,3.38841415,3.84982069,3.67326743,4.11818558,3.89339566,4.88202261,4.63363399,3.86886433,4.21354302,4.04362411,3.88585346,2.82689189,3.49703384,3.47757823,3.85991852,3.62158706,4.06381812,3.73253338,4.54151664,4.06825103,3.76423067,4.19652598,3.89162064,3.66212716,2.47487763,3.49236991,3.22810887,3.52840488,3.20109813,3.90719555,3.44142105,3.23680397,3.05358415,3.58406523,3.70028945,3.31367970,3.25985154,0.00000000,2.88935752,2.85504475,3.46048246,2.93066304,3.66137996,3.27738111,3.93682050,3.18790078,3.80844069,4.33418816,4.02452214,3.67493399,2.49164941,3.40748617,3.27165772,3.95433439,3.55622925,3.92388791,3.69166087,4.55129690,4.18558712,3.77334410,4.25886248,3.91294435,3.85354062,2.22115117,3.48541757,3.47585837,3.77079376,3.46408310,3.82834042,3.62333419,4.82374996,4.20594413,3.82432126,4.19364293,4.15873657,3.60251098,2.68381608,3.41301466,3.38416819,3.72287112,3.22960181,3.72317884,3.85097352,4.52114661,4.01133632,3.45016441,3.96313075,3.90680877,3.57957061,2.31759670,3.27404081,3.21842950,3.64002724,3.34680573,4.12551876,3.54474737,3.94607046,3.18170548,3.59625364,3.87332019,3.78410566,3.60994485,2.72496828,3.49235118,3.50068865,3.63890072,3.16602607,3.66926778,3.73728396,4.36163836,3.61370457,3.23066600,4.10517996,3.93951456,3.66570572,2.86396326,3.55325599,3.52407865,3.84207772,3.71005479,3.97576726,3.84510609,4.81729596,4.14834022,3.07480079,3.52034038,3.70429629,3.53951454,3.09383970,3.55819622,3.40619371,4.00920202,3.68909238,3.75732476,3.44855875,4.14759694,3.66924310
3.72520026,3.84356752,4.07382534,3.66628132,3.42016173,2.56251637,2.83790243,3.15858792,3.56144018,3.54465915,3.52870530,3.68541280,4.54185584,2.81569041,2.72206556,2.66076800,2.76952292,2.73985735,2.52458068,2.63808426,2.34948643,2.40238437,2.38279901,2.43367156,2.49618340,2.45669851,2.38981910,2.82755034,3.01955134,2.74984865,3.02669710,2.36142654,2.82732142,2.83413353,3.08770587,2.74933627,2.93292646,2.54506174,2.39944529,3.82617496,3.90292497,3.93116058,3.63133538,3.40440618,2.59829740,2.79817952,3.32511200,3.31758235,3.41698378,3.47681446,3.55008954,3.71065261,2.79647804,2.72176083,2.72253784,2.65324704,2.86212148,2.32774187,2.55758691,2.43125299,2.41109460,2.35358051,2.37060266,2.37642153,2.34815074,2.40480938,2.62424334,2.45123733,2.51752923,2.60850659,2.27967461,2.60809993,2.54932002,2.52871126,2.51510201,2.59494772,2.39407414,2.40612639,3.49721743,3.57006989,3.63378637,3.35915440,3.25722562,2.27755635,2.98351070,3.04617768,3.01263748,2.98528439,2.61808672,2.42765059,2.36382716,3.97970219,4.04237031,3.89784827,3.80497554,3.46209706,2.35407031,3.05619885,3.32786021,3.37183365,3.85610962,3.36726987,3.51267304,4.29266401,3.61847379,3.26303697,3.55198811,3.47955352,3.24549417,2.32487531,2.92415743,3.25813908,3.38134917,3.34154571,3.64876519,3.47708366,2.37237628,3.59669778,3.46904800,3.97014841,3.58528878,3.19605097,2.12771213,2.97277386,3.08120310,3.15905506,3.45857144,3.77069531,3.18777069,2.39314459,3.68407414,3.62141258,3.95115902,3.49842555,3.16285297,1.99025444,2.83882251,3.24242873,3.47226803,3.36128356,3.85772129,3.98590092,2.42698705,3.71737357,3.54846584,3.75298982,3.62608210,3.24938071,2.11088349,2.96547109,2.78960508,3.40290989,3.44885810,3.40592172,3.19363106,2.41672982,3.57361822,3.26901633,3.51543709,3.52589569,3.27706179,1.92712470,2.87054618,3.22817250,3.47313783,3.76915444,3.57565538,3.85074240,4.54182319,3.82993773,3.67715198,4.00364082,3.73635576,3.57126799,2.68698909,2.77376978,3.27733478,3.45101072,3.44644575,3.07375016,3.70912641,3.53956942,3.69070676,3.68424626,3.88552445,3.53716119,3.39782017,2.25179044,2.95019494,2.82548829,2.94392354,3.08185340,3.12180713,2.56393559,2.30683304,3.52261730,3.31367604,3.61992661,3.23144379,2.88935752,0.00000000,2.24392985,2.71490380,2.81545169,2.92013258,3.03951248,2.93595428,2.46296045,3.56706324,3.71290374,3.85345278,3.58373883,3.29833498,2.00156132,2.88587477,3.09738791,3.33315365,3.45265003,3.58853036,3.61064859,3.93381904,3.57923355,3.60904436,3.88619100,3.57348661,3.12542045,2.14293879,2.96340255,3.19466224,3.21966523,3.35735795,3.55673806,3.88655095,4.24568714,3.64387462,3.91865296,4.10736467,3.56865807,3.26873029,2.41609242,2.90654743,3.48171865,3.27308060,3.42447127,3.26898557,3.66225760,3.99170288,3.39901792,3.34096861,3.71962935,3.44947708,3.16942736,2.01491763,2.81740590,3.13691757,3.36330418,3.52846797,3.71636508,3.18918946,2.42012568,3.48871369,3.43007494,3.62070454,3.69709571,3.40875551,2.57835815,2.87898546,3.15974576,3.02127954,3.10128405,3.19791268,3.32664114,3.06227319,2.93499335,3.52063351,3.61408592,3.39464916,3.34786146,2.65543818,3.01287951,3.35670242,3.52016302,3.53808858,3.61808737,3.91595243,4.27379990,2.38721337,3.03474300,3.40370813,3.07068257,3.31091534,2.67426983,2.93311011,3.44479013,3.28200691,3.11259055,3.13861713,3.25291053,3.19023382
2.93951975,3.25382729,3.56538286,3.52875634,3.18035818,2.97258023,1.95174985,2.90782623,3.48424786,3.60471167,3.36433407,3.27302653,3.42485087,2.07421680,2.09430526,1.85404469,2.10107955,1.94077375,1.87284410,1.86242805,1.66335910,1.58241422,1.59725102,1.64995978,1.68488141,1.67981436,1.68975625,2.22533677,2.26325222,2.58748460,2.76899429,2.45883655,2.03099727,2.39556600,2.49367541,2.40060113,2.31772221,1.95153024,1.64100739,3.00835843,3.36285734,3.38183613,3.33581678,3.30289469,2.89683164,2.07922051,3.03949515,3.17994837,3.26486909,3.34793039,3.18927485,2.71749001,2.10339992,1.98311465,2.00607258,2.17540747,2.14295957,2.02264693,1.85646430,1.75078488,1.66039281,1.55302571,1.58153032,1.62403845,1.54766964,1.65332226,1.81583293,1.81270478,1.84994079,2.07650663,1.98134449,1.85480831,2.07326952,1.82089141,1.69209701,1.74541402,1.68908366,1.59600908,2.54822628,2.97197292,3.18533643,3.41672134,3.13630778,2.62899032,1.98983420,2.88463524,2.86466167,2.70940433,1.80131259,1.71267693,1.70856371,3.22390252,3.65899742,3.24603935,3.64406562,3.39080001,2.57281095,2.09700980,3.23352120,3.37768101,3.67263973,3.12899544,3.36851485,3.32435702,2.70881165,2.94582993,3.00387623,3.26624392,3.07421031,2.67139751,2.14357515,3.09676901,3.13718325,3.31405654,3.13267706,3.12340676,1.55708928,2.81432468,3.01973962,3.32908046,3.48768076,3.11950494,2.52568472,2.15344116,3.07176384,3.06395083,3.45599543,2.95364327,2.54902882,1.64567033,3.00283763,3.34478646,3.41976933,3.36744934,3.09607505,2.64893743,1.83066817,3.03903088,3.01478512,3.40139400,3.04922761,3.51451370,1.61625707,2.93809956,3.13603522,3.32797690,3.57164172,3.06560291,2.58546433,2.03231977,2.79633324,3.15956631,3.11892918,2.75240745,2.67008056,1.62222373,2.78817353,2.96376594,3.09702359,3.44885177,3.20544318,2.49013409,1.94906846,3.10549685,3.34675985,3.76721321,3.35728183,3.52331851,3.67143204,3.04199298,3.32537062,3.32763052,3.64521080,3.17946556,2.87464348,2.14959485,3.16423812,3.34232769,3.33809052,3.03167306,2.98532802,2.64537875,2.84182661,3.29435386,3.27010062,3.39288757,3.18521500,2.54102267,2.04543169,2.77663545,2.74064103,2.67240597,2.27366843,1.79257618,1.56579080,2.74034024,2.90542483,3.18072783,3.05695616,2.85504475,2.24392985,0.00000000,2.64134382,2.60605743,2.91555456,2.33088339,2.63762495,1.62181590,2.63969519,3.27592955,3.42463773,3.47877293,3.00275651,2.47441746,1.86367022,2.96292754,3.21103533,3.39159346,2.85255386,3.19664360,3.05289911,2.85554985,3.27398230,3.42250075,3.55276941,3.18281954,2.54436139,1.81871025,3.12084990,3.05975404,3.27841655,3.07269272,3.54165252,3.27981711,2.73408766,3.50264237,3.64637877,3.40028502,3.13329300,2.88709338,2.17162059,3.40481162,3.16695580,3.22444276,3.03398309,3.01135452,3.08552848,2.74224602,3.02894351,3.23494466,3.35554127,2.99706394,2.46729264,1.92887877,2.64349011,2.86690726,3.46774663,2.97675834,2.49890527,1.66177476,2.77894666,3.03611184,3.28211733,3.60793538,3.14592473,2.88713759,2.22589586,2.83182820,2.90212365,3.00445117,2.94931205,2.91769921,2.43670612,1.99943429,3.05538046,3.09287100,3.14474460,2.98021424,2.95302377,2.20671892,3.08023733,3.32884030,3.44080790,3.36331200,3.47999793,3.09923520,1.64507519,2.57682876,2.57994446,2.66849682,2.71494754,2.71554747,2.23873908,2.99503881,2.94322615,2.72808841,2.52305588,2.72357762,2.24037084
4.07465064,3.67264248,3.68953095,3.73333868,3.62121976,2.98292460,3.17045768,2.63559130,3.64423788,4.06348921,4.01657841,3.60884250,4.42917390,3.11141018,2.73043134,2.82856636,2.99431002,2.87727274,2.82352149,2.81364798,2.50931521,2.57940188,2.56778417,2.62474953,2.74986922,2.67053292,2.66569127,3.18036171,3.16645186,3.10552761,3.33030675,2.80472449,2.75757801,2.66477022,3.14732661,3.03225173,3.05828337,2.82557459,2.55864795,4.16421760,3.82046178,3.72341522,3.67779864,3.61517151,2.87408445,2.98147895,2.83479741,3.53413193,3.84872474,3.90316981,3.59465186,3.74569271,3.06565943,2.80593974,2.70325130,2.87907416,2.98705091,2.66550658,2.63594500,2.53229412,2.58090032,2.53313706,2.50205894,2.49924075,2.54465169,2.51242487,2.62104156,2.61435872,2.74428715,2.93718307,2.62048830,2.82895450,2.71010807,2.76910060,2.59800383,2.57097870,2.46697025,2.62078202,3.99184462,3.38821364,3.69039764,3.82737249,3.64946512,3.06428224,3.17149367,3.01942442,3.36894285,3.33727230,2.66308800,2.61670254,2.63777901,4.30810861,4.17694259,3.52274171,3.86310911,3.60269964,2.85853650,3.19283396,2.46808559,3.44743205,3.94117063,3.72515843,3.69101540,4.22220884,3.99485432,3.29051875,3.43973850,3.69318420,3.42789855,2.94506678,3.10048987,3.01114737,3.62783201,3.62534589,3.77388102,3.87612833,2.57559526,4.23311834,3.33406313,3.52748207,3.65163022,3.43797419,2.75586727,3.15856516,2.87750866,3.31094250,3.79964851,3.73249603,3.24718588,2.55021811,4.07819144,3.58392271,3.57518476,3.68510359,3.46125326,2.91577490,3.03239235,2.51305316,3.30629529,3.81187629,3.73971404,3.85360234,2.56234706,4.21062624,3.17911283,3.50851453,3.77044362,3.30934432,2.87349616,3.07200369,2.78131009,3.21750090,3.53603281,3.40894877,3.28794709,2.60657193,4.08534723,3.49309597,3.44996735,3.75272709,3.54629201,2.70020971,3.02978230,2.35251372,3.33902688,4.07870066,3.88352545,3.66933000,4.33214173,4.23629001,3.76323998,3.60581145,4.00864344,3.60224432,3.02956713,2.96922808,2.91700933,3.62029072,3.89165421,3.62881151,3.58826497,3.57379182,4.13182951,3.35286155,3.56928906,3.74969565,3.50621044,2.77192016,3.12145959,2.83759100,3.22094693,3.52848392,3.18986521,2.75214301,2.51398793,4.02823304,3.43121436,3.16566673,3.39641300,3.46048246,2.71490380,2.64134382,0.00000000,2.79689807,3.34948558,3.07535740,3.19349151,2.57038660,3.94262412,3.55721665,3.48508129,3.73947335,3.45974646,2.89234138,3.00676960,2.47510001,3.28386807,3.70807718,3.74679321,3.42750336,3.83694611,4.20270715,3.42348937,3.53657887,4.03762821,3.54069650,2.90314117,2.92196376,2.33920082,3.25932678,3.77851260,3.61308181,3.57561263,3.99919313,3.98526325,3.92923773,3.77726610,3.79249037,3.64449737,2.94075737,3.00753114,2.69592202,3.20855987,3.73275077,3.50823334,3.51337091,3.90092099,3.96737486,3.25445961,3.24252334,3.54037844,3.52157586,2.60852862,3.00413937,2.71087780,3.34242798,3.57334501,3.60345837,3.25437089,2.59067005,3.81799092,3.53792178,3.37305490,3.99804725,3.53369773,3.00277743,2.96258793,2.61260194,3.21763981,3.43336516,3.42492205,3.20873236,3.14394948,2.91617011,3.46519303,3.38613947,3.58418414,3.48232859,2.98442160,2.99458793,2.69248184,3.64119009,4.08494892,3.85283902,3.82248852,4.04684817,2.57100081,3.14209496,3.65963256,3.28828447,3.31492025,2.93959934,3.12797458,3.18455530,3.38396608,3.53766564,3.31283659,3.14764307,3.21524331
3.52550978,4.23485975,3.86046604,3.43353692,3.10688273,3.27686240,3.18237864,3.50406293,2.88322414,3.56345251,3.81095134,4.23757514,4.22436942,3.29508364,3.30363367,3.06392717,3.20151930,3.00568306,3.07054305,3.08904486,2.79933940,2.81819910,2.81492313,2.86130158,2.92994279,2.83718253,2.85565513,3.40215964,3.20540979,3.24353411,3.09770503,3.26573486,3.29600409,3.27356533,2.93854244,3.32442076,3.40492722,3.02511902,2.80002451,3.61440342,4.29582290,3.74684827,3.41765999,3.21352318,3.22225221,3.15361148,3.44499727,2.97453394,3.54043693,3.71273649,4.11196897,3.56833872,3.02075572,3.15847752,2.70268423,2.87927218,2.85763672,2.93069378,2.99629708,2.83473459,2.81489415,2.75423296,2.75818461,2.83905475,2.80989037,2.71262246,2.98755266,2.91258275,2.92661966,2.91569106,2.86559318,3.12396583,3.00719270,2.81451351,2.89937137,2.81578917,2.74811665,2.89952559,3.75176295,4.13501526,3.60813334,3.67974657,3.07746126,3.28960388,3.17164028,3.39845663,2.84023224,3.30656739,2.80330311,2.83592302,2.89396712,4.09090160,4.56111059,3.89223783,3.62797896,3.26216443,3.23885002,3.13534791,3.32500592,2.66985327,3.50799160,3.18228775,4.11181628,3.92484774,3.77053109,3.98202902,3.45274460,3.60778068,3.16820513,3.29488787,3.05170227,3.37021378,3.13301327,3.64456793,3.68847623,3.90809152,2.72762145,3.73877571,4.26937664,3.55316959,3.63850114,3.13516262,3.10493822,3.07467098,3.27734464,2.72974145,3.48366234,3.54526004,3.58343658,2.77572850,3.85505000,4.26154019,3.54862025,3.57733380,3.07372676,3.21190023,2.96277589,3.36968886,2.86574393,3.62822834,3.97817110,4.15547806,2.77898656,3.77461620,4.08019164,3.70290977,3.66665208,3.13256832,3.16243498,3.03031304,3.21098942,2.77526667,3.45371699,3.41939778,3.60730248,2.82546626,3.77169836,4.13059610,3.33005396,3.44849567,3.09424743,3.17638454,3.12660950,3.47878452,2.74817850,3.64327377,3.71214845,4.23719885,4.09465931,3.78654161,4.26673580,3.81161525,3.71229811,3.26274841,3.28902696,3.17781372,3.56426037,2.95918366,3.44848343,3.60462228,3.99174400,3.75352569,3.65588925,4.19988319,3.56783483,3.61637732,3.22047934,3.34156583,3.26374491,3.37090592,2.71966247,3.42473760,3.37798197,2.91853684,2.77498109,3.75898712,4.24484910,3.36529398,3.30225378,2.93066304,2.81545169,2.60605743,2.79689807,0.00000000,3.18973950,2.94269758,3.13607773,2.85985778,3.68107800,4.18233014,3.40736080,3.41968519,2.87131058,3.24246216,2.94626863,3.36281880,2.76799144,3.52683529,3.59562970,4.08871744,3.75542794,3.65033092,4.29582878,3.51642184,3.70499231,3.26458630,3.28536782,3.08632281,3.31325064,2.68901007,3.42247694,3.68687586,4.41503624,3.89411724,3.55377695,4.25450276,3.95972396,3.54913279,3.16391403,3.25997293,3.16111814,3.52226745,3.09549681,3.72312222,3.70753287,4.06823818,3.90515688,3.64524332,4.15953234,3.62068672,3.37295652,2.96615496,3.08648166,2.87408090,3.46221354,2.97557285,3.53878228,3.41557780,3.41010355,2.81681456,3.32715402,3.94671596,3.73691163,3.66435035,2.96633109,3.28089219,3.16283603,3.41396572,2.66892306,3.40728393,3.41493504,3.70945653,3.21028379,2.75267412,3.69092566,3.28097306,3.44288591,3.17496301,3.22738337,3.10825516,3.48976962,2.98945810,3.54818256,3.52989313,4.25553546,3.91191214,2.72376146,3.32760661,3.42991169,3.44339150,3.05067795,3.28646481,3.24169245,3.80528213,3.13067028,3.47899140,3.38280536,3.82349768,3.43187538
3.87481626,4.07706141,4.60580116,3.81511274,3.91750449,3.30622952,3.29871392,3.52424215,3.95563265,3.84623340,4.02487587,4.10263680,4.61842451,3.35361821,3.27180624,3.34835637,3.26220823,3.27872676,3.17757559,3.24677051,2.95397318,2.95459291,2.98734214,3.00747770,3.10315802,3.06451651,2.99334067,3.45804532,3.76048891,3.29535146,3.67471915,3.54416548,3.31741777,3.39560991,3.69970877,3.16440952,3.48197785,3.08651489,2.95556448,3.98185186,4.14490310,4.49348050,3.55699389,3.83598206,3.40904706,3.22086223,3.59776103,3.71419426,3.67118847,3.89220280,4.01243806,3.87162901,3.11600260,2.97365270,3.33801748,3.19864029,3.36990784,3.10362412,3.19502964,2.94055577,3.00107475,2.92104679,2.93030877,2.99887676,2.94619809,3.02723526,3.09567007,3.14567001,3.15332968,3.27770941,2.99889890,3.26008871,3.16807763,3.11258018,3.02973337,3.11439112,2.95208833,3.06304379,3.84063032,3.98927701,4.57954336,4.01344501,4.05213328,3.48142515,3.46737537,3.63457326,3.97293891,3.49650721,3.13913037,2.98764592,3.09976158,4.27997372,4.50773184,4.37568505,4.06659981,4.00760715,3.16392465,3.30913468,3.77301511,3.85304075,3.70707806,3.78683220,3.88399461,4.20285343,4.03182559,3.83651348,4.33380438,3.91904986,4.06149218,3.41507927,3.24523922,3.57547668,3.70779101,3.30719158,3.94900521,3.75080186,2.96636373,3.92332018,3.82745186,4.51900568,3.93408693,3.89456080,3.47893337,3.55757586,3.71901302,3.75439150,3.47446645,4.10425252,3.64909623,2.96296237,4.00698673,4.08157300,4.60439375,4.04675579,3.98239727,3.46116343,3.34343513,3.69439222,3.98173233,3.51737999,4.13444767,4.14025553,2.97985459,3.85374891,3.71508435,4.49710022,3.82157646,3.86736177,3.44610835,3.36945305,3.47175363,3.76650089,3.41520745,3.77719994,3.51778118,2.95488776,3.94658347,3.79329506,4.36990639,3.90088496,4.02071729,3.29526057,3.38249608,3.73854231,3.97539431,3.47065781,3.93926155,3.84887303,4.00217150,4.08384785,4.10976073,4.51455646,3.86862896,3.88819012,3.44122918,3.31174732,3.93206226,3.90186419,3.54809909,3.79021421,3.71033183,3.77921069,3.93754861,4.10568934,4.52031898,3.86111809,3.96081227,3.48238590,3.53509284,3.72966771,3.78991096,3.42494849,3.49929775,3.10749422,2.93857493,3.84967374,3.86369952,4.33428463,3.51046943,3.66137996,2.92013258,2.91555456,3.34948558,3.18973950,0.00000000,2.79692097,2.90910482,3.08840957,3.74670259,3.91081600,4.59789802,3.82754810,3.88224712,3.13444979,3.31218571,3.54938096,3.88900940,3.27182337,3.67537953,3.93470425,3.83613616,3.88002904,4.05607837,4.54820380,4.03242799,3.97813284,3.34512308,3.17242909,3.57403711,3.73699794,3.46144559,3.72155076,3.93132497,4.02901844,3.64207469,4.14848613,4.52601247,3.77232577,3.86076101,3.40134597,3.32055397,4.02777524,3.75435083,3.34232016,3.89238437,4.20350878,4.10876687,3.66360568,3.59009908,4.50913389,3.73400618,3.80434131,3.18811032,3.18347718,3.43936592,3.71248891,3.53094267,3.98358331,3.47174961,2.88908380,3.75452939,3.81517510,4.17873206,3.94186415,3.81571120,3.34372225,3.25180130,3.49908549,3.54023851,3.23898319,3.50018363,3.64278865,3.28307448,3.11824689,3.65655315,4.12975586,3.64625931,3.89321748,3.53686514,3.30283325,3.69121735,3.82663861,3.61842062,3.90416925,4.06831172,4.06109750,2.99384583,3.48000394,3.88571006,3.53788381,3.89336217,3.47625993,3.35998106,3.84399056,3.80968574,3.22020299,3.68834569,3.69255591,3.49706422
3.70704688,3.84346529,3.97553080,4.44296187,3.52910113,3.40635369,2.93105233,3.54602968,4.10206348,4.41466903,3.61130482,4.12311579,4.12730014,3.20940830,3.09461510,3.01336963,3.20859714,2.88259072,3.03848514,3.12070667,2.76653621,2.78205550,2.80699828,2.80416205,2.93417012,2.90594310,2.79261615,3.25803398,3.26339641,3.53683740,3.31314126,3.29743199,2.88410273,3.28464330,3.23616456,3.27545829,3.11452496,3.03987839,2.80826150,3.70382308,3.95217988,3.88925998,4.21742712,3.61307109,3.51473749,3.01529572,3.44318961,3.92023358,4.16841309,3.73545962,4.17073747,3.80860846,3.17017179,3.00126122,3.04570835,3.36850832,2.99741327,3.01386711,2.95192203,2.83128507,2.88291240,2.74161611,2.78532683,2.83482767,2.77412474,2.82282247,2.97311226,2.91822845,3.09869274,3.06279672,3.04686381,3.10350460,3.04443461,2.93795672,2.90567633,2.79656264,2.87192153,2.85937049,3.45451157,3.99313600,3.95346259,4.48541055,3.63398927,3.45754474,3.23537288,3.75142356,3.70684204,3.61260046,2.80503201,2.87528466,2.90487106,4.00075886,4.29577495,3.88013900,4.62197733,3.71038226,3.10258110,3.21923196,3.69623529,3.92032499,4.42871470,3.25238909,3.85672694,3.88499480,3.72240584,3.66294611,3.62331789,4.17643730,3.50048592,3.27633110,2.96116819,3.51636253,3.55354756,3.78844196,3.36835389,3.76901448,2.79355067,3.71319127,3.68006732,3.90380459,4.51767464,3.54336600,3.47711337,3.17278572,3.67978518,3.62585590,4.05752527,3.30438839,3.32054207,2.82104446,3.91156004,4.12920834,4.02643374,4.55730758,3.59063297,3.49335404,3.03116823,3.62168082,3.70465060,4.19667623,3.40491048,4.21106254,2.77970577,3.62833435,3.59513725,3.80809395,4.40802257,3.36347703,3.40654013,3.04759546,3.46037650,3.56443162,4.06575118,3.31372937,3.54647887,2.78000591,3.55326949,3.65501763,3.72888555,4.47819177,3.71613448,3.25324656,2.98346994,3.67908201,3.92426753,4.40092241,3.35701807,4.11819300,4.08758891,3.87702915,4.13525937,3.98316872,4.66300826,3.60727679,3.57606946,3.16203980,3.97067767,4.26998975,4.10942039,3.44868288,3.87325045,3.57291696,3.62367476,3.93866878,3.96459432,4.53463065,3.59302361,3.48855888,3.15723496,3.73738696,3.55884224,3.66208365,3.24832954,2.84666284,2.81308055,3.65768000,3.81071774,3.79322640,4.19943137,3.27738111,3.03951248,2.33088339,3.07535740,2.94269758,2.79692097,0.00000000,2.80625956,2.92446245,3.39134347,3.74093926,4.03839966,4.44919019,3.35922411,3.15550459,2.87542303,3.52078046,3.74854144,4.09175902,3.33424776,3.98665759,3.80966404,3.85907279,3.97921896,4.08502469,4.64561398,3.63851954,3.41621003,3.00285311,3.55956517,3.70563673,4.08236053,3.20603375,4.11773159,3.97104600,3.38724459,3.93363587,4.05825992,4.32988531,3.62446103,3.43026469,3.25263946,4.05606985,3.98086820,4.03317933,3.59785935,4.13237170,4.02459080,3.40489206,3.65901226,3.80665706,4.29255439,3.23714698,3.15725732,2.80752373,3.38808780,3.33009075,3.98074767,3.27422792,3.37308975,2.79184482,3.60314932,3.45093535,3.82843548,4.46789171,3.57478385,3.36772401,3.02067890,3.42033657,3.64618635,3.61872788,3.18417231,3.57832225,2.99087295,2.86298067,3.72476757,3.64772938,4.12536402,3.45199362,3.55895811,3.11481604,3.67672866,4.02227192,4.28004177,3.43970493,4.25975774,3.90120648,2.86137522,3.31919915,3.23506334,3.47723190,3.35303892,3.36392407,3.00772058,3.70171676,3.67077498,3.56573028,3.13730660,3.63134564,3.29014843
3.59084795,3.87934562,4.08018063,3.97545077,4.03077450,3.35780206,2.73327801,3.40392825,4.07223493,3.91296642,4.09753645,3.75440572,4.15771880,2.89351908,2.90884612,2.82550711,2.75031817,2.88075740,2.68299242,2.79987556,2.52030553,2.57559918,2.55845904,2.59980313,2.69846917,2.69620120,2.41928518,3.04519853,3.41230947,3.09020813,3.73447837,3.01013913,3.09360854,3.11649811,3.23526992,2.96787839,3.08365343,2.49678645,2.62978507,3.71895694,3.90141564,3.96205546,3.78624616,3.98889368,3.22798032,2.62096463,3.21879595,3.63399495,3.68068354,3.79458719,3.36236428,3.31432274,2.85755220,2.76191457,2.65709123,2.80440593,3.10567225,2.77942631,2.83591665,2.56224040,2.43942946,2.58395020,2.60378013,2.63072298,2.62633485,2.76269198,2.86967286,2.91552642,2.94111608,3.18626220,2.77878817,2.98558051,2.97025029,2.91912283,2.79314792,2.81703161,2.59142475,2.62652624,3.53295298,3.56358942,3.91677130,3.88401305,4.02718914,3.11830617,3.08065539,3.49898712,3.54006498,3.17982359,2.83267125,2.68880417,2.63945749,4.06270078,4.34730923,3.98959081,4.09665410,4.19662043,3.15222059,2.83246330,3.38497900,3.73110149,3.97834283,3.64671241,3.48397782,3.60711139,3.52810788,3.48990450,3.71966293,3.56268938,3.81683814,2.99457186,2.99073611,3.27299586,3.67595286,3.43381023,3.67385198,3.08687410,2.55563844,3.59977082,3.65587007,4.05144356,4.00468159,4.10336800,3.02785157,3.08825799,3.54352665,3.67245692,3.60033743,3.78641816,3.19251247,2.66193054,3.65651491,3.74011567,3.99186691,3.87916709,3.96852530,3.03927171,2.86786538,3.41126303,3.68988309,3.68850848,3.82970975,3.40449024,2.63745841,3.52698414,3.44781062,3.91201757,3.80513714,3.98144459,3.03605181,2.98755272,3.29820589,3.83351316,3.67703451,3.64654467,3.12224198,2.65477748,3.39765861,3.50733916,3.98971333,3.88071639,3.97899228,2.93087928,2.92411460,3.65916599,3.91308919,4.07521840,3.97110180,3.91986725,4.15615279,3.89963048,3.93212606,4.14383085,4.25538759,4.06108351,3.36995872,2.84787999,3.63835348,3.93300355,3.69264899,3.84571606,3.28150081,3.37911732,3.56705213,3.87247652,4.09469062,4.00084072,4.08306599,3.14523883,3.19679388,3.67472723,3.55981970,3.06370160,3.14759378,2.73861813,2.63269405,3.63870756,3.64430224,4.06886980,3.71951412,3.93682050,2.93595428,2.63762495,3.19349151,3.13607773,2.90910482,2.80625956,0.00000000,2.69145527,3.43341566,3.85800671,4.26746308,3.92550257,3.76954306,2.92118760,2.95355063,3.53019138,3.88409883,3.74665277,3.66945721,3.93171589,3.87359103,3.58533755,3.75858621,4.05350379,4.02477999,4.12553578,2.83793865,2.81781373,3.53462217,3.72085577,3.68145644,3.78618566,3.89003535,4.06955360,3.33989503,3.80153159,4.03723583,3.74481592,3.97939843,3.42114227,2.90926318,3.76993380,3.75667099,3.67502696,3.76990175,3.53349211,3.74930883,3.49142603,3.65703733,4.02212061,3.70681750,3.83044081,2.87540110,2.73679146,3.36180121,3.66817454,3.53697720,3.65346931,2.67164648,2.48094830,3.59061775,3.64976908,3.94051816,4.05681360,3.95123248,3.32918998,2.88449709,3.38166846,3.51938238,3.39553312,3.64822541,3.21721570,2.93401610,3.12063247,3.61678683,3.70896071,3.48088778,3.82297620,3.22107258,2.84781639,3.45547119,3.83523890,3.73104878,3.99815483,3.85888267,3.98224032,2.64401655,3.17942529,3.52006107,3.36841994,3.75167397,3.17748926,3.08738956,3.46777306,3.54667091,3.14392243,3.34044031,3.26411480,3.12883580
2.73537975,2.79000479,3.34451681,2.94182383,3.07927038,2.50156122,1.35997908,2.34041015,3.04179719,3.14107539,3.22473331,2.81685291,3.23700467,1.62494859,1.53790828,1.50966165,1.54533822,1.64006676,1.34740196,1.28327184,0.76833448,0.72548401,0.82890558,0.75745549,0.80022271,0.64468160,1.01236215,1.73923312,2.21251967,2.29160810,2.83914392,2.02096094,1.74910229,1.97583534,2.29829245,2.01280129,1.88298246,1.32547641,0.81216459,2.81630813,2.88032998,3.17353931,2.86506787,3.08318097,2.46189403,1.46298262,2.58174647,2.82726116,2.89398146,3.08506860,2.70217015,2.58197481,1.70893224,1.63248941,1.65740753,1.55540070,1.85713160,1.51230037,1.27868271,0.94065121,0.89602130,0.81294822,0.75711741,0.65433084,0.79876839,1.13449495,1.05093771,1.05012971,1.13636149,1.60694425,1.39209039,1.11981222,1.25048905,1.08399764,0.87529744,1.12932801,0.68416866,0.64841268,2.61789097,2.58464986,3.16272135,2.88125296,3.00001325,2.22273768,1.68869723,2.25641379,2.66469074,2.15626232,1.06275921,0.85322041,0.65208291,2.91882726,3.26347142,2.99815860,3.06203488,3.16148983,2.07824538,1.36625919,2.59708674,3.00901826,3.11397430,3.01020962,3.05040417,3.23530557,2.49627093,2.45340252,2.84934642,2.80251935,2.90873084,2.18888795,1.61682898,2.52887688,2.84654839,2.82328756,2.90157735,2.72584855,0.73221892,2.77990383,2.64552276,3.25457879,3.02342475,3.07273003,2.24275574,1.74449088,2.59568550,3.03576658,3.24670727,3.04611396,2.22781822,0.79649388,2.82119145,2.86715438,3.23428629,2.72889703,3.00061554,2.22206536,1.43763109,2.42963075,2.69790900,2.81808664,2.88960637,3.05516945,0.66940825,2.76119959,2.76477249,3.24438213,3.05052443,2.90296695,2.30837381,1.60934320,2.41253253,2.87604465,2.64317925,2.69463494,2.12642253,0.66177655,2.45439399,2.43596141,2.84583079,2.78948744,3.02260880,2.08246507,1.34017855,2.45380748,2.97076621,3.34566168,3.24037458,3.08252189,3.28722986,2.93178640,3.01060669,3.03797894,3.15063704,2.88931698,2.30383187,1.47184946,2.65371736,2.94898812,2.96266564,2.91938480,2.63184216,2.40991878,2.62963031,2.71040599,3.06143456,2.78350724,2.96829121,2.19994960,1.65187155,2.23561337,2.42911192,2.16841252,1.84710152,1.13281965,0.75221607,2.76005906,2.87948770,3.40304872,2.86179826,3.18790078,2.46296045,1.62181590,2.57038660,2.85985778,3.08840957,2.92446245,2.69145527,0.00000000,2.44923911,2.92829585,3.21517040,2.91848410,2.84083136,2.15331405,1.47449612,2.51761709,2.84980103,2.89464152,2.57292002,2.80109190,2.66951131,2.73845396,2.84270444,3.19271621,3.06473109,3.06440123,2.13792429,1.40820578,2.53092861,2.74623058,2.88516886,2.91878483,3.00372447,2.99568908,2.67303857,3.09983346,3.22133135,2.77455042,2.85488128,2.36199478,1.64117384,2.73194529,2.67200633,2.73041072,2.79786047,2.67697254,2.77106683,2.59923118,2.66209287,3.13419707,2.86814663,2.99398237,2.13633451,1.60846172,2.26080785,2.71440384,2.87450470,2.80333487,2.12157099,0.75474832,2.56863949,2.66348367,2.95151570,3.02955921,2.84793101,2.37867529,1.66263835,2.31346602,2.50685115,2.67511895,2.96115946,2.67735468,2.33914299,1.74465633,2.72873211,3.03947734,2.63376765,2.76504906,2.31250674,1.56092747,2.41036763,2.88462549,2.99507762,3.16441180,2.99533673,2.96131055,0.61462896,1.91883151,2.29531975,2.13379512,2.33933839,1.87402602,1.60372820,2.33139389,2.55796927,2.24724007,2.20223843,2.20767603,1.83981286
3.11139328,3.70371686,4.15016081,3.95387199,3.88993136,3.61080590,2.37725727,3.87229411,4.11605329,3.93459158,3.70285836,3.52402011,3.51713128,2.43396881,2.63345479,2.56542491,2.43231937,2.39618395,2.46729104,2.59667611,2.48422782,2.38282484,2.40102085,2.34071081,2.43332834,2.37373964,2.38587934,2.71939466,2.90455037,3.19513086,3.42377764,3.08225793,2.85490278,3.36027021,3.07850497,2.97137789,2.92204089,2.65983336,2.47979189,3.32747894,3.91397940,4.11100581,3.76144735,3.82467489,3.65667713,2.60263219,3.94603343,3.75758628,3.69665719,3.73737460,3.56101993,3.26123323,2.59685975,2.70074052,2.63729912,2.69604608,2.63239419,2.75055354,2.74950250,2.58469187,2.42010008,2.37815588,2.40287821,2.39180619,2.35360471,2.59803209,2.43563066,2.63666075,2.56195425,2.67151563,2.70509219,2.75195785,2.96542334,2.72359795,2.55667939,2.54936921,2.49236179,2.43278625,2.39489165,3.37074335,3.73482683,3.53041792,3.66318701,3.32768417,2.76483592,3.60247089,3.73427938,3.44839066,2.68393770,2.57564177,2.44045218,3.53784405,4.09805026,4.06613232,4.07915416,4.07575355,3.28856516,2.48940671,4.02459704,3.98389554,3.94895650,3.54805980,3.58926234,3.42700918,2.59463437,3.50918194,3.53732776,3.44185944,3.56265338,3.18611967,2.69537958,3.76515940,3.70878665,3.65992871,3.54314860,3.35259599,2.45230883,2.33907746,3.63182609,3.90634948,3.65357930,3.65232656,3.28429315,2.71703645,3.85935548,3.64099678,3.98713576,3.64289835,3.23676336,2.43666421,2.97753758,3.76608415,4.01077592,3.64625604,3.74078141,3.29844801,2.55502692,3.88845000,3.58428881,3.50058856,3.47695420,3.69838493,2.30149678,2.41190709,3.46993222,3.82245784,3.66072931,3.56506035,3.32725523,2.61112646,3.81171635,3.74094371,3.66676767,3.55767274,3.40336824,2.38180546,2.67438417,3.36835391,3.69684126,3.69212546,3.74259774,3.27578421,2.41847403,3.90471365,3.81516954,3.86575403,3.60618830,3.75814538,3.52980392,3.60859642,4.18336313,4.07582339,4.05478652,3.77536706,3.65665587,2.66078290,3.94319144,3.94036541,3.85795286,3.61324931,3.48992138,3.25009760,2.64590738,3.69406800,3.73738016,3.47646430,3.61578409,3.28401198,2.50734699,3.62046849,3.31638093,3.06829118,2.80515305,2.61271629,2.42582524,2.95334548,3.80211247,3.93437865,3.54871928,3.80844069,3.56706324,2.63969519,3.94262412,3.68107800,3.74670259,3.39134347,3.43341566,2.44923911,0.00000000,2.98692432,3.45729959,3.25870155,3.16899206,2.99104174,2.40829713,3.99016644,3.83643236,3.62427234,2.99597112,3.67842601,3.23461753,2.71993585,3.74970521,3.84002705,3.64098588,3.72288079,3.02806149,2.34709292,3.89108735,3.60288358,3.76092646,3.54145998,3.69811563,3.40474156,3.17018337,4.06087990,4.19417876,3.79288475,3.78152653,3.55456786,2.74220631,4.12874451,3.68717963,3.72136218,3.59940223,3.58995202,3.34830826,2.63430501,3.60419417,3.66477232,3.52727039,3.63793006,3.28504737,2.48713040,3.48958933,3.46639084,3.60254006,3.34303134,3.16663541,2.52197195,3.34735928,3.69211581,3.88191898,3.79717366,3.69973875,3.54647931,2.63107845,3.60485014,3.51374677,3.37423387,3.62149683,3.46990018,3.05475696,2.55938171,3.77225896,4.02191162,3.55822484,3.68129645,3.44021650,2.41218179,3.82213059,3.81533461,3.75609755,3.70893420,3.70004948,3.33866350,2.41093795,3.45032569,3.04501846,3.48019299,3.23377530,3.16054837,2.84087104,3.83264093,3.66438835,3.30974376,3.21402493,3.38885617,2.83235949
4.29444053,3.53364801,4.27662541,4.12193500,4.13746690,3.60537371,3.06607742,3.31022492,4.60293546,4.57848552,4.40859715,3.72228789,4.03709291,3.11507406,2.77352837,3.05309455,3.03803587,2.91665992,2.91343740,3.03191643,2.91935740,2.92418309,2.86564455,2.86701889,2.97198334,2.94231402,2.97698448,3.15751739,3.51179917,3.52321345,4.08161001,3.51497759,3.25857809,3.17924008,3.75134966,3.41432514,3.36586209,3.20226235,3.01131000,4.40383579,3.59987450,4.26109153,3.95770241,4.05316334,3.68414601,3.08804465,3.56222321,4.51578448,4.19242630,4.36694713,3.69882503,3.73411429,3.24301648,2.95998990,3.32605665,3.19712764,3.28742732,3.04125653,3.04366769,2.97199930,2.96694965,2.78718748,2.82589351,2.91582217,2.87976678,2.97906696,2.93428321,3.04203806,3.02825271,3.08803198,3.16613093,3.19649346,3.19016126,3.26829285,3.06140762,3.09287953,2.90447274,2.91661029,3.49018099,2.85021206,3.93179367,3.87278515,4.06709424,3.54217591,3.21407269,3.37242758,4.37071013,3.91945044,3.08031149,2.99652662,2.94591770,4.43616693,3.99511754,4.20646608,4.29193347,4.30417561,3.44813650,3.28961487,3.44032851,4.50644105,4.42948419,4.25473441,3.70641059,3.94722126,3.83256942,3.27932883,4.12939025,4.06415854,4.07074813,3.55454018,3.12451527,3.67181778,4.33952386,3.96441551,3.91222278,3.72999293,3.01043961,3.63571658,2.94835882,4.08016656,3.89787021,4.13718516,3.62599863,3.30975261,3.45457718,4.46693468,4.46760512,4.27592247,3.56878560,2.91994144,4.17415213,3.33902218,4.27026800,4.14935330,4.20010536,3.62827701,3.09339740,3.46876727,4.39615363,4.29452825,3.75529016,4.09967404,2.96730847,3.65917744,2.83034467,4.15160555,3.99654980,3.96729406,3.70054844,3.24693903,3.50741719,4.34582811,3.99536528,3.81728267,3.51804926,2.88368951,3.62348011,2.90172987,3.97328660,3.98496490,4.30311206,3.41032698,2.96658512,3.27937784,4.39474540,4.54609063,4.10033317,3.60896817,3.91164945,4.36522628,3.77960563,4.18361938,4.16749257,4.03787856,3.77605763,3.32528166,3.61952295,4.68215775,4.39856937,3.96448746,4.03255465,3.70553100,3.74639421,2.87407360,4.03874095,3.85352013,4.03044757,3.47574109,3.16547801,3.23252972,3.96729596,3.54653169,3.23313802,3.07519564,2.90679383,4.10021170,3.42352717,4.32931799,4.07700029,4.33418816,3.71290374,3.27592955,3.55721665,4.18233014,3.91081600,3.74093926,3.85800671,2.92829585,2.98692432,0.00000000,3.46490542,3.61601076,3.82065080,3.28243083,3.00567521,3.46805030,4.43215155,4.22019102,3.60765349,3.33039358,3.35363648,3.85749337,3.03675078,4.20229243,4.25139073,4.16743145,3.45303267,2.92241706,3.35730914,4.40522521,4.29095274,4.11978510,3.57274396,3.96913520,3.88352692,3.96575930,4.05384683,4.12390577,4.00779705,3.62944532,3.32796285,3.63209047,4.30237435,4.06609949,3.89497338,3.93267309,3.94323514,3.53846099,2.92785981,3.91433164,3.88515554,4.06875502,3.48241683,2.99618728,3.32492073,4.19596617,3.84710232,3.92906627,3.66119536,2.96780839,3.91246602,3.43691605,3.92310297,3.99386921,3.84173502,3.45044163,3.16262360,3.35292943,4.08579245,3.91365928,3.87398976,3.68899245,3.64650843,3.18462784,3.54342560,4.01114375,3.99184236,4.02733630,3.71464462,3.23305677,3.33539010,4.48232103,4.51501978,4.10814790,3.89875323,3.89624586,2.97537630,3.62409500,3.58728345,3.46807156,3.76187083,3.44723629,3.26584283,3.59908607,4.13287578,3.75091657,3.72111002,3.74085829,3.30938494
4.59086489,4.60131748,3.65284840,4.20464648,4.15363952,4.16504481,3.57923242,3.34466323,3.59887717,4.66374694,4.65144528,3.97594921,4.19949523,3.46062000,3.33281504,3.05128878,3.37050326,3.25083491,3.27304458,3.32138692,3.23206564,3.28366250,3.27267792,3.29436355,3.38452382,3.30113540,3.46479543,3.49963639,3.27006675,3.76976301,3.60621974,3.39628604,3.48629396,3.48344450,3.19726121,3.77241800,3.60178560,3.45837781,3.36500614,4.29455858,4.43350768,3.41559777,4.01493952,4.11926650,4.05123974,3.43533652,3.60638136,3.72391739,4.52748432,4.38808647,4.09889448,3.92718613,3.61919490,3.48513950,3.12199308,3.40466077,3.26692408,3.26171706,3.37137811,3.40694441,3.40742788,3.27008410,3.21023791,3.19735291,3.28474737,3.34376261,3.29942310,3.27411616,3.34045406,3.33801125,3.34654336,3.45270021,3.46842016,3.35597511,3.36314745,3.29314188,3.24198665,3.30304813,4.02639707,4.07878474,2.86646400,3.97266790,3.96913357,3.91855213,3.63693269,3.52366218,3.70501627,4.08685664,3.35291189,3.36248309,3.27528599,4.47952674,4.78371883,3.70793561,4.23403120,4.08464294,3.78256662,3.61571130,3.47351414,3.52499901,4.58923726,4.17277355,4.18596101,4.04878596,4.01056110,3.94237824,3.30223328,4.26341353,3.85144748,3.74860104,3.24319749,3.78129139,3.81758890,4.52330735,4.08290280,4.18826653,3.29543923,4.12359059,4.12965061,3.08419866,4.02408175,3.93090232,3.83009886,3.43677161,3.46056034,3.52184212,4.76641528,4.25874333,4.05764651,3.22704911,4.26159200,4.03169911,3.10551836,3.81727700,3.80905735,3.79675749,3.12052955,3.29124641,3.50094454,4.60372953,4.22104698,4.60194391,3.29744563,4.05695842,4.01985369,3.09583059,3.91954463,3.74499153,3.92340772,3.58848270,3.59382188,3.24585758,4.33506067,4.05758077,4.05158461,3.29902803,4.08943883,4.14114846,3.01015516,3.65433045,3.84570580,3.74598541,3.43369297,3.21425316,3.22263165,4.76516117,4.36535815,4.26031735,4.32293731,4.49757051,4.63677174,3.42168397,4.11747908,3.94214377,4.07353053,3.56318672,3.51289355,3.87762922,4.64271688,4.23736096,4.31595375,3.83807837,4.20231880,3.96820215,2.76058973,4.00621171,3.94652235,3.78464900,3.52839681,3.25550540,3.16306996,4.00243808,3.78445590,3.41453992,3.20254784,4.04039442,4.12079919,3.19665853,3.83815736,4.02452214,3.85345278,3.42463773,3.48508129,3.40736080,4.59789802,4.03839966,4.26746308,3.21517040,3.45729959,3.46490542,0.00000000,3.30339939,3.45426664,3.56957062,3.24237177,3.29710890,3.45799721,4.62934937,4.16631578,3.92067615,3.82525159,4.21070516,4.17497401,2.91568620,4.01398370,3.90343322,3.87153993,3.45708656,3.33615270,3.35993177,4.61802095,4.32136214,4.20207600,4.04165889,4.30760347,4.70501445,3.71134842,4.07764903,3.92096345,3.97419218,3.74208698,3.43654871,3.52178739,4.67477725,4.14499455,4.19054507,3.99552886,3.97834530,4.15668471,2.77713120,3.81779723,3.71903817,3.77856005,3.36656856,3.67638778,3.33750008,4.39071872,4.11166942,3.96866746,3.38062428,4.02802780,4.34960001,3.44810211,4.03305453,3.77305277,3.90354363,3.48333726,3.33233925,3.31991035,4.29338124,4.10868936,3.98493681,3.90106181,3.44342804,4.36237094,3.47316418,3.98424446,3.92917281,4.01282236,3.52748751,3.36206361,3.53125642,4.62156771,4.47404250,4.20184125,4.07935898,3.26205181,4.10192780,3.78966984,3.94997551,3.33291258,3.61785040,3.46140843,3.70990785,3.56448504,4.22897241,3.85036929,4.00779994,3.63311694
4.19055939,4.54899624,4.81692393,3.14822891,3.77235493,3.77298189,3.37575783,3.71016213,3.52469778,3.49664608,4.67051636,4.01053568,4.45210984,3.25911757,3.17863649,3.12696087,2.91189852,3.23513436,3.03910660,3.02937941,2.96407500,2.96010689,3.01128008,3.02686979,3.04953744,2.91169162,3.04328002,3.25960131,3.55326173,3.01942152,3.69778267,3.48667647,3.62543171,3.55531127,3.51408819,3.43112813,3.69886658,3.32081774,3.00295138,4.13192575,4.38694610,4.38417866,3.06597992,3.55899538,3.70203505,3.32301388,4.03482409,3.41230443,3.57798583,4.43476957,4.07195362,4.03131981,3.01344754,3.03034497,3.06942369,2.63508899,3.06648601,3.04011504,3.20151233,3.02583087,2.99508975,2.95597902,2.89448536,2.91392346,2.99299281,3.09592482,3.16679350,3.23641396,3.09480407,3.25631064,3.11254644,3.27639996,3.23513153,3.06070423,3.03615593,3.16945725,2.92291586,3.05537929,3.86755972,3.82441711,3.98314598,2.54535458,3.58789298,3.65756635,3.37764237,3.30882605,3.72928940,3.50484728,3.19675728,3.02531395,3.00056092,4.11560821,4.44142231,4.39558266,3.00933347,3.69799766,3.57106234,3.16413356,3.73933069,3.51474103,3.33173673,4.26881089,4.42313889,4.22486906,3.63538910,3.85695277,3.76852688,3.01752614,3.73675399,3.59376551,3.17614516,3.75334964,3.59461416,3.66233547,4.33773684,3.77547162,3.00098083,3.69115965,4.18338840,4.15270488,2.87701944,3.73238226,3.46877545,3.35657623,3.52562595,3.49843122,3.87372220,4.50858097,3.96046403,2.96131228,3.93767645,4.04440009,4.15729057,2.53230316,3.64576033,3.48191429,3.29909438,3.46630241,3.37778051,3.57257914,4.61070319,4.36186591,2.97259950,3.58979768,3.89234541,4.10479787,2.78957943,3.56740444,3.49458335,3.23533821,3.61304513,3.52897105,3.19077822,4.18404987,3.73152732,2.99626925,3.94849101,4.01725094,3.98125819,2.82790380,3.64876508,3.45261945,3.25569699,3.61646064,3.40387403,3.41191466,4.48312444,4.10164187,4.24535248,4.15666316,4.27644469,4.23843066,3.15821890,3.58566346,3.62257919,3.45345092,3.80956500,3.42124151,3.69405840,4.34082153,4.19330768,3.91565621,3.77562644,4.15879827,3.87309025,2.75573120,3.65526370,3.59394033,3.37394674,3.26649793,3.20361462,3.27614272,3.44548726,3.23558654,2.94366686,3.68206410,4.10691545,4.04152205,2.59854953,3.67493399,3.58373883,3.47877293,3.73947335,3.41968519,3.82754810,4.44919019,3.92550257,2.91848410,3.25870155,3.61601076,3.30339939,0.00000000,3.08243445,3.26419948,3.25727978,3.57446768,3.46526976,3.35089694,4.01448491,3.99778533,3.82895898,3.75896159,4.19776162,3.97654007,2.69010672,3.62700188,3.47670805,3.22223020,3.56552156,3.26282671,3.51868609,4.50869478,4.25087907,4.09393462,3.92816219,4.33728973,4.43258019,3.00117963,3.39628896,3.79941991,3.30875770,3.64992043,3.31212178,3.46535445,4.25923646,4.19992713,3.91937425,3.80329096,4.15042348,4.22780334,2.72056887,3.68331305,3.62748712,3.30655695,3.88142413,3.73648738,3.41265958,4.19533926,3.66415770,3.01289358,3.64097765,4.17850285,4.12898347,3.11215687,3.36115051,3.61284480,3.27874625,3.47603559,3.04895637,3.55311843,4.27410012,4.07259821,3.77764956,3.39249235,4.23813424,4.43026132,3.15998730,3.69963073,3.75427348,3.36801244,3.78426952,3.52155596,3.37866312,4.58559879,4.23435053,4.06025676,2.91636086,3.70655952,3.90657084,3.50606402,3.47487465,3.31027030,3.44362731,3.79032110,3.72775800,3.31817259,3.94249368,3.92890663,3.49080246
3.78584613,4.14081648,4.29765261,3.65770907,2.46196678,3.32567180,3.22401140,3.77393154,3.26783598,3.49805649,3.41941172,4.43224846,4.10062079,2.96430559,2.93527168,2.83623778,3.00198906,2.67780510,2.89922203,2.93173215,2.76809810,2.75299175,2.83815980,2.77213430,2.82000663,2.74882275,2.77183963,3.22801523,3.22774755,3.29763397,2.48473688,3.06268385,2.97179856,3.18948478,2.88262725,3.14036296,3.06570635,3.19273618,2.86764097,3.87718002,4.30428485,3.92653132,3.61555532,2.40125249,3.27212434,3.25296777,3.69978172,3.14467887,3.35350567,3.52096405,4.22883673,3.90237640,2.94443984,2.97691336,2.83270652,2.87299537,2.49955449,3.03948225,3.00138272,2.84323952,2.90419872,2.78103878,2.72181082,2.84040369,2.66330602,2.75355219,3.05907368,2.99789812,2.95385215,2.84177830,2.97888463,3.04816168,2.91871376,2.71780017,2.82634014,2.79893286,2.83623617,2.85183855,3.26792825,3.93265247,3.65845549,3.35526364,2.15974076,3.20734512,3.09602528,3.46190488,3.16708596,3.45890262,2.87399798,2.84229527,2.76372229,3.89336043,4.28471133,3.90008345,3.37060584,2.53062311,3.07439617,3.30443774,3.61806068,3.04806486,3.43101089,3.18752496,4.39978450,4.21692051,3.28866170,3.67027014,3.19810363,3.37463020,2.28049979,3.08078332,2.93099632,3.34032380,3.02898178,3.54796992,3.66149051,3.96622513,2.89330008,3.53735407,3.93225118,3.78260599,3.66263247,2.34355008,3.07647284,2.97633186,3.33283944,3.12152171,3.66533419,3.58879855,3.71785278,2.77249980,3.67190348,4.22996131,3.77734264,3.54013866,2.32590359,3.09235119,2.81654613,3.33662190,2.83037352,3.54687420,3.70812257,4.40897196,2.82693142,3.30024645,3.83537315,3.78103949,3.78140767,2.28087641,3.21273908,2.92311237,3.27996639,2.92052742,3.40132110,3.46993717,3.62086065,2.81114507,3.62890184,3.77406778,3.43762656,3.48154000,2.23050743,3.19703749,2.96773072,3.52330261,3.10595661,3.55067052,3.47495976,4.67135334,4.14102619,3.79735123,4.26947497,4.02419885,3.90514064,2.56295716,3.28736987,3.21087689,3.54257712,3.32288325,3.72682548,3.43334067,4.33585622,3.84559848,3.30457995,3.97760712,3.78826047,3.53441241,2.18586452,3.17242554,2.96528424,3.31807611,2.78666975,3.54907244,3.19231212,2.99205433,2.82230029,3.72205212,3.99832551,3.63643819,3.59733391,2.49164941,3.29833498,3.00275651,3.45974646,2.87131058,3.88224712,3.35922411,3.76954306,2.84083136,3.16899206,3.82065080,3.45426664,3.08243445,0.00000000,2.94766092,2.75432078,3.52490642,2.79571675,3.38518744,3.20702819,4.34685133,3.85256235,3.65677861,4.15382066,3.73056732,3.59606512,2.27294556,3.23316576,3.18527461,3.55667717,3.10507273,3.31293748,3.38320028,4.61254515,3.95496516,3.51981478,4.09817143,4.12905187,3.61245827,2.46357308,3.27272381,3.16444271,3.62898976,3.18233807,3.59902918,3.67087408,4.20021272,3.79761608,3.46015445,3.96031532,3.73046453,3.52635124,2.35491249,3.17811068,2.95910496,3.49254573,3.08445956,3.63663754,3.38690380,3.63428892,2.85342206,3.60720670,3.85990206,3.84890284,3.71685781,2.80021120,3.48233930,3.36224017,3.52814232,2.86971061,3.51137451,3.67903354,4.22152708,3.57395106,2.99483768,4.05424611,3.87442174,3.46117642,2.63458169,3.29661270,3.25069743,3.64429532,3.39472830,3.55685221,3.33592474,4.60365990,3.96146730,2.73455263,3.42492304,3.52018873,3.51888122,2.80633559,3.24706430,3.16826870,3.74666484,3.33068110,3.38381893,3.07335154,3.84629847,3.31197693
3.52126028,3.40243224,3.93189100,3.69586595,3.48912651,2.31921214,2.55875060,3.04465571,3.56267531,3.53875858,3.31407552,3.17495434,4.31442140,2.40956106,2.30951901,2.25277806,2.38217958,2.32724549,2.02768688,2.23006201,2.05446675,2.05798878,2.04772187,2.10992178,2.11739010,2.14931826,2.19271813,2.69105184,2.96933770,2.90834747,3.09601910,2.07808146,2.55289254,2.67810389,2.92697420,2.69333179,2.75855516,2.28219940,2.15284014,3.48563282,3.54745381,3.69604142,3.55889365,3.37327700,2.23133872,2.40068628,3.08459710,3.30314297,3.35620065,3.25720537,3.14556919,3.56128824,2.53347026,2.40873860,2.45932313,2.42808060,2.50599388,2.03618026,2.27371234,2.11655404,2.06040900,2.13630032,2.08059372,2.03881245,1.99790441,2.22164396,2.26543055,2.28427071,2.33073290,2.43043822,2.01894553,2.30314271,2.23136747,2.33691062,2.15614846,2.28217821,2.01865459,2.04015087,3.20025849,3.21048135,3.63149458,3.54491159,3.37715444,1.80610303,2.55650132,3.08523251,3.12628102,3.07563329,2.30376767,2.15879406,1.98812795,3.52175834,3.82489080,3.56177444,3.77383844,3.53266107,2.03328569,2.70424740,3.16768975,3.43062818,3.79516641,3.10195792,3.13566758,4.11471038,3.05782890,2.82582104,3.30031255,3.30108692,3.19167068,1.90519460,2.56841114,2.94569886,3.23606440,3.19533989,3.27376942,3.25835797,2.05127093,3.35364171,3.15563941,3.84984440,3.58509857,3.19134268,1.93561491,2.73496689,2.95074292,3.22102964,3.36683480,3.45311127,2.89884343,2.04460953,3.36742756,3.32262182,3.63661244,3.30342209,3.30219624,1.90958330,2.44747861,2.94773268,3.17511603,3.09276931,3.28040285,3.49604634,2.12021005,3.32615654,3.21884535,3.70269896,3.61907231,3.17518516,1.96143217,2.54815686,2.92031715,3.25525536,3.21146993,3.16914851,2.74313624,2.05502880,3.17988973,2.95783406,3.50425930,3.50323753,3.42863158,1.88166234,2.48754847,2.96519449,3.33480445,3.67426447,3.29569339,3.47405532,4.22366431,3.57107331,3.57109607,3.67827439,3.72698335,3.58612661,2.62970080,2.54512237,3.08255737,3.50020146,3.46269566,3.02575100,3.40295528,3.30191525,3.41139403,3.35750690,3.84308135,3.54144361,3.34642112,1.93317798,2.58886325,2.91132614,3.04397606,2.81058503,2.86687797,2.27066184,1.99176906,3.48983967,3.32592171,3.70760452,3.47492854,3.40748617,2.00156132,2.47441746,2.89234138,3.24246216,3.13444979,3.15550459,2.92118760,2.15331405,2.99104174,3.28243083,3.56957062,3.26419948,2.94766092,0.00000000,2.27002390,2.85576904,3.23237096,3.19560765,3.07448237,3.24846263,3.81340597,3.35997869,3.41531633,3.84985139,3.56543126,3.14229270,1.82785966,2.68156250,3.01586914,3.06118090,3.29228248,3.13041718,3.49430678,3.99529138,3.19675036,3.59008731,3.84864652,3.38447023,3.21710259,2.13237620,2.57873743,3.36932930,3.27328573,3.35970802,3.12352925,3.32491254,3.68339776,3.28755379,3.15890327,3.51426168,3.54097364,3.33497523,2.15903044,2.67898934,2.92315569,3.16432939,3.10943811,3.37548137,2.75472838,2.14551540,3.28539911,3.11239468,3.44342076,3.65587663,3.41964830,2.25355580,2.52215619,2.79876499,2.92530804,3.10080151,3.04652055,3.03034590,2.77542100,2.75157965,3.28001318,3.58899870,3.34837472,3.47828663,2.47808853,2.66773587,3.19071738,3.49700962,3.56726782,3.38306990,3.39796896,3.89230279,2.04656217,2.92006105,3.21432483,2.86180937,3.16535757,2.27905245,2.70599535,3.13737508,3.13392287,2.88516081,2.87135667,2.91613668,2.80264140
2.92855510,3.04659465,3.51895125,3.50664626,3.36064919,2.97163221,1.74001162,2.71395345,3.32947571,3.51163063,3.21586867,3.14574912,3.16081078,1.81300059,1.85312236,1.72905262,1.96440402,1.76014189,1.69392483,1.72548994,1.57257800,1.43788437,1.54543008,1.40916346,1.46575389,1.45157681,1.47096940,2.22204853,2.47471651,2.85490680,3.00864243,2.58194308,2.04789969,2.44260777,2.54872364,2.57035473,2.33863364,1.96171798,1.49853658,2.83496635,3.08815482,3.34074955,3.35619371,3.24064369,2.92003858,1.94584181,2.78093789,3.17078088,3.24217743,3.04528393,2.89015902,2.54444391,2.04305245,2.02124410,1.88454361,2.04861821,1.86850752,2.07611469,1.78497217,1.65429125,1.61852639,1.34671797,1.45483530,1.50120036,1.40941686,1.69914226,1.75717338,1.78760455,1.79917388,2.10742432,2.01427827,1.67348381,1.91203551,1.78960609,1.62983489,1.68826699,1.51998723,1.44910147,2.66411465,2.80244089,3.19339216,3.42050519,3.20626633,2.54343117,1.75454889,2.65087442,3.02195521,2.71101209,1.67528981,1.64974401,1.41966719,3.05737904,3.51881332,3.16642146,3.54095160,3.50771787,2.61045833,1.84826520,2.91441915,3.38854749,3.56949063,3.13173675,3.24816054,3.32840351,2.46391583,2.50659874,2.88931410,3.20286362,3.03527103,2.56780243,1.93713827,2.88368480,3.22515287,3.20004858,2.99157489,2.91874284,1.42673128,2.90800606,2.93067132,3.37958146,3.48533808,3.22848717,2.65053650,2.06688950,2.77484499,3.28289361,3.38383600,3.00523376,2.52191551,1.51734758,3.05137030,3.20143972,3.34718759,3.26646622,3.04144003,2.72502347,1.50264867,2.81193616,2.83914908,3.21620287,2.87935528,3.31120698,1.54021838,2.81884681,2.99586773,3.27437161,3.38878963,3.14016670,2.67819289,1.84430901,2.66358143,2.96565939,2.95610862,2.77334602,2.53871170,1.43219796,2.59626763,2.78355008,3.06635346,3.30916070,3.14890240,2.65439421,1.61266889,2.77133552,3.18400386,3.64432518,3.08521162,3.35252082,3.25002521,3.06437759,3.31847479,3.19108581,3.57831470,3.23040449,2.97173731,2.01272838,3.05947096,3.27966396,3.43801775,2.83414144,2.94979243,2.55445900,2.65506694,2.96256418,3.20303546,3.31876123,3.09638460,2.69964291,1.83688579,2.77686976,2.92054325,2.47830675,2.24834344,1.68310391,1.47434213,2.97113463,3.10310006,3.47815178,3.39633919,3.27165772,2.88587477,1.86367022,3.00676960,2.94626863,3.31218571,2.87542303,2.95355063,1.47449612,2.40829713,3.00567521,3.24237177,3.25727978,2.75432078,2.27002390,0.00000000,2.57539223,2.89118609,3.10866187,2.32512913,2.88823571,2.62068656,2.74210437,3.12111738,3.29664674,3.47063136,3.25953546,2.56204373,1.87771128,2.73963654,3.02017770,3.14024100,2.84266178,3.25468907,2.85498025,2.77436948,3.39331219,3.43871029,3.20018981,3.18410474,2.84694959,2.14297011,3.03909679,2.96885211,3.09035589,3.06733466,2.97034766,2.91504775,2.74241465,2.98910403,3.23120474,3.41088508,3.24933655,2.75019394,1.90725189,2.61075276,2.96463965,3.20230461,2.97344928,2.52420478,1.57839234,2.77577045,2.86162437,3.18386858,3.48402983,3.22330200,2.85067214,2.00818320,2.71584214,2.87553279,2.93704471,2.90084600,2.85812547,2.40301577,2.02808899,3.00921183,3.12959175,3.12453532,3.11601702,2.87781416,1.96712622,2.83746351,3.16697617,3.35490420,3.13250407,3.23372590,2.90830124,1.49156207,2.44801241,2.47636387,2.56142712,2.55779799,2.46235614,1.96392986,2.82249972,2.73247079,2.55337411,2.23053298,2.61262804,2.06876000
4.17636378,3.71839440,3.76135466,3.75771690,3.84302939,3.25976662,3.06341116,2.40812858,3.56634526,3.94347577,4.05488472,3.59861433,4.20796955,3.09169996,2.72830397,2.70365155,2.94243949,2.90681724,2.82385194,2.75608253,2.53540431,2.52524043,2.61923436,2.57681518,2.70189963,2.57869194,2.70077932,3.00032181,3.25468590,3.33885619,3.60363034,3.08884712,2.82948538,2.61343979,3.23703793,3.27397593,3.12787340,2.78878720,2.54455191,4.09104859,3.72907766,3.55579473,3.66955475,3.78726010,3.19833072,2.92580468,2.58236923,3.47907889,3.87347484,3.85168035,3.50220453,3.51584639,3.11893929,2.75938756,2.92120794,2.89776911,2.84758456,2.69916716,2.50887009,2.56274289,2.71298928,2.56094323,2.50977377,2.49182029,2.52818789,2.66011908,2.79669572,2.61839273,2.77879404,3.08179142,2.75226394,2.70023470,2.71058251,2.66943060,2.61925381,2.62314648,2.49597756,2.56394388,3.88627626,3.29462116,3.38960220,3.63354126,3.76460449,3.19478043,3.04488161,2.75123420,3.50479725,3.29905916,2.58542905,2.52704312,2.54367388,3.83158942,3.85797240,3.33252380,3.75385061,3.70609290,2.91998136,3.14125785,2.60205183,3.41477128,3.90175936,3.91955522,3.80979414,4.11264442,3.82968546,2.95812257,3.46926271,3.89763406,3.57798555,2.98481904,2.69398176,2.82897373,3.56518860,3.51666069,3.70090595,3.50580301,2.51914536,4.27154003,3.22252328,3.42355153,3.67061012,3.69253358,3.16020282,2.97475083,2.68089743,3.54973169,3.86000136,3.82722339,3.34179266,2.58609928,4.18713114,3.45882943,3.56322046,3.54662834,3.41826458,2.98393304,2.69483258,2.29860185,3.13570658,3.78858235,3.63577174,3.87464895,2.61616038,4.22178975,3.24604680,3.46783780,3.54154620,3.44951003,3.16921204,3.04379627,2.42932450,2.97129786,3.27586348,3.40992544,3.24758501,2.59059004,3.99238236,3.51864248,3.48775655,3.68447131,3.64101702,2.93811538,2.86198026,2.07459404,3.22031974,3.99011720,3.86185650,3.68812156,3.96665006,4.07658462,3.63880347,3.67072524,3.90268690,3.71613784,3.22810060,3.14544756,3.13643456,3.71067176,3.94418099,3.58024725,3.66144753,3.38235465,4.08697310,3.37590125,3.41958164,3.73466096,3.62188091,2.89809532,2.93836116,2.72071135,3.32777763,3.20642783,3.10837985,2.61500572,2.52698685,4.01503970,3.43503113,3.78282703,3.76113936,3.95433439,3.09738791,2.96292754,2.47510001,3.36281880,3.54938096,3.52078046,3.53019138,2.51761709,3.99016644,3.46805030,3.29710890,3.57446768,3.52490642,2.85576904,2.57539223,0.00000000,2.92864742,3.41323054,3.39268671,3.00129778,3.25412757,4.22169521,3.40026895,3.48562112,3.92705958,3.75654427,3.19189935,2.87097702,2.01707153,3.13921443,3.56164264,3.55710072,3.50346524,3.66156086,3.86559579,3.73032733,3.54798469,3.52744605,3.57471061,3.20650801,3.15615494,2.61537549,3.18194212,3.59246093,3.44427576,3.44724713,3.61763330,4.05356770,3.28187968,3.47713839,3.73427046,3.66432164,3.04946232,3.05176193,2.79318150,3.26895721,3.70333266,3.98529291,3.39361425,2.51198968,3.63198947,3.44943843,3.39885286,3.86830267,3.63234539,3.14951331,3.02969089,2.52623585,3.18286987,3.43319509,3.26400256,3.17855145,3.04301511,3.00325579,3.40446971,3.31084588,3.49699803,3.49866162,3.17295528,3.02318953,2.62840675,3.40258711,3.90029007,3.96668905,3.88230149,3.89198706,2.53092691,3.12871953,3.52048069,3.19290696,3.37463458,2.80104322,2.86110168,2.66834545,3.16134731,3.17368572,3.01604310,2.76513023,3.01164545
4.15057712,4.49541653,4.11778980,3.67882457,3.38925362,3.40043395,3.30253769,3.44545017,2.70051410,3.71417757,3.78207066,4.11881814,4.44689079,3.40530911,3.29729341,3.07072598,3.32986651,3.25834380,3.21600609,3.09216098,2.92552293,2.92934096,2.99948361,2.95407387,2.98803858,2.94267479,3.03938349,3.41613481,3.22269144,3.44596451,3.32763471,3.12871218,3.25051877,3.20008440,2.94432728,3.48267215,3.42881924,3.10214324,2.94512274,3.98086002,4.54391681,3.85171010,3.64040007,3.43132898,3.26126599,3.35505531,3.44812947,2.60397050,3.52206302,3.68771498,3.90974291,3.88690391,3.23114079,3.33059956,2.84419457,3.04399893,3.01940185,3.07382592,3.07521844,3.04324788,2.99304505,2.92846674,2.89950129,2.92761492,2.82630568,3.01294294,3.18051679,3.02787524,3.05030937,3.27834193,2.95343894,3.13780764,3.02878236,2.82936972,3.00927687,2.89663226,2.87664043,2.93850546,3.88423539,4.17263178,3.51367577,3.53749981,3.29394115,3.37327373,3.42273669,3.26099431,2.85023897,3.50217649,3.00218720,2.88779216,2.82478774,4.00661255,4.55564105,3.83181083,3.54394264,3.24343779,3.14293383,3.35927748,3.43225284,2.71179824,3.44806378,3.57610124,4.19717252,4.42283442,3.76687018,3.87416914,3.39017286,3.72644910,3.37567249,3.27198648,3.17739654,3.24411580,2.95067115,3.79965632,3.88513978,3.95697401,2.89411007,4.01149340,4.07330335,3.59344360,3.72494690,3.41582148,3.19072624,3.23292542,3.22941044,2.94974199,3.84252953,3.90210433,3.67482028,2.91130232,3.96299946,4.31836243,3.77525251,3.60813808,3.20235044,3.07052468,2.97257706,3.17710324,2.26705514,3.51547551,4.05763683,4.50935651,2.93579049,3.88204817,4.22316117,3.59438350,3.68786709,3.21960382,3.16975540,3.15956363,3.09523273,2.57963386,3.52178825,3.80849147,3.52293863,2.91987311,3.95548343,4.20077288,3.32258853,3.50800343,3.18991105,3.25229157,3.23802572,3.33841689,2.36586296,3.61385245,3.89098659,4.29208010,4.34423014,4.08205015,4.42378997,3.80231690,3.92472704,3.41277251,3.33201645,3.24374957,3.56752112,2.81084214,3.91673149,3.66287646,4.01106645,3.71383561,3.98233435,4.32777582,3.56336769,3.76770661,3.32763118,3.12148214,3.26170383,3.15207182,2.65309397,3.46508522,3.46638405,3.04253134,2.90013078,3.92509062,4.28195755,3.68080716,3.61798230,3.55622925,3.33315365,3.21103533,3.28386807,2.76799144,3.88900940,3.74854144,3.88409883,2.84980103,3.83643236,4.43215155,3.45799721,3.46526976,2.79571675,3.23237096,2.89118609,2.92864742,0.00000000,2.96369976,3.17080270,3.77954235,3.67210058,4.04336791,4.26197151,3.44405334,3.55189211,3.39999199,3.28468282,3.32333109,3.15867352,2.36871256,3.39143191,3.78564904,4.36033634,4.20930217,3.91580851,4.38884752,4.12492674,3.53540691,3.22946375,3.37849306,3.37016417,3.39799712,2.69857056,3.78164485,3.66881609,3.78914322,3.81043490,3.95277767,4.22727005,3.61246710,3.63230302,3.37492806,3.12702741,3.23883228,3.36450961,2.81198617,3.61251323,3.81768789,3.51035504,2.89850384,3.85014389,4.24962012,3.80378525,3.83472969,3.43865290,3.42055202,3.45185773,3.44950118,2.75787220,3.77942630,3.73213454,3.75778079,3.55913570,3.18685242,4.08383224,3.71864744,3.47512402,3.15434985,3.22382973,3.32428253,3.39081788,2.67584743,3.63372047,3.74695835,4.29664060,4.28180140,2.84457849,3.47462887,3.62236200,3.63947431,3.15630323,3.12275410,3.11199226,3.43594987,2.67173624,3.42376470,3.15539383,3.32667508,3.35823084
3.84308004,4.14432692,4.71350947,3.31134954,3.60034019,3.35406013,3.22462085,3.60920716,3.61123304,2.93520882,3.79671998,4.14973694,4.45158084,3.30554646,3.23814910,3.33861846,3.18456260,3.35431169,3.24931808,3.11612671,2.87469382,2.87927806,2.98916193,2.90603269,2.92652702,2.84009031,2.96541028,3.42788786,3.66739477,3.25032976,3.72715001,3.55424040,3.40818005,3.46608072,3.58950925,3.29312602,3.54167751,3.24173454,2.87327522,3.89614710,4.25705626,4.58411434,3.29192447,3.42884036,3.26067844,3.34199416,3.87270232,3.40363181,2.99698066,3.72875643,3.79123397,3.79188377,3.10917384,3.18420663,3.27548557,2.83949823,3.13060872,3.17075828,3.09831846,2.93797193,2.94046709,2.91756812,2.87021993,2.95757514,2.80378150,2.97606740,3.06815671,3.08440649,3.02071555,3.24966487,3.12743328,3.11457793,3.10877265,3.00182558,2.90611143,3.01004046,2.87347551,2.88537189,3.75070705,3.94187628,4.55668501,3.51788363,3.81634922,3.59484057,3.41856623,3.54836275,3.68032092,3.35534675,3.02392846,2.92604316,2.88119490,3.80698434,4.35074171,4.37977734,3.47600707,3.57968755,3.26180232,3.26507741,3.86306083,3.63028248,2.84325087,3.80092646,4.07089142,4.34891756,3.59813776,3.79952688,4.11965292,3.29544762,3.73114409,3.39670228,3.24795512,3.55458626,3.61805210,3.35212975,4.11959654,3.89771005,2.95878126,3.80557498,3.99938259,4.53695362,3.36742793,3.67023311,3.36893347,3.22536473,3.52993970,3.41772464,2.95772701,3.99582220,3.76473840,2.92512859,3.87647417,4.27400352,4.58924093,3.38445218,3.69323849,3.18632357,3.21633432,3.48372416,3.04885842,2.63883659,3.90789450,3.98691438,2.90709776,3.72981127,3.91191240,4.39679354,3.28152073,3.57620098,3.33856860,3.12245144,3.44654564,3.53936889,2.90515797,3.90572969,3.40430200,2.89501054,3.80663959,3.99638842,4.30156546,3.51544308,3.64514900,3.32537824,3.28867881,3.71402244,3.45073834,2.69497872,3.90460809,3.99556380,3.89166163,3.86635370,4.04650968,4.41122278,3.61897716,3.82826177,3.48905101,3.40478249,3.93460080,3.35612645,3.26617058,3.94077361,3.86411822,3.72463676,3.96767601,4.36240326,4.57145720,3.22210242,3.65903767,3.27924693,3.19824596,3.36819910,3.36460339,3.20447305,3.26046669,2.93206577,2.93578488,3.99519987,4.27744836,4.55061332,3.51918939,3.92388791,3.45265003,3.39159346,3.70807718,3.52683529,3.27182337,4.09175902,3.74665277,2.89464152,3.62427234,4.22019102,4.62934937,3.35089694,3.38518744,3.19560765,3.10866187,3.41323054,2.96369976,0.00000000,2.91040518,3.73944527,3.42504855,3.97845757,4.30698323,4.50745882,3.44722435,3.84648765,3.35443324,3.05907168,3.50745414,3.11564294,2.33015451,3.71337423,4.09539577,4.08938485,3.58350886,4.11037478,4.55223479,3.26061486,3.35965281,3.39984970,3.08890917,3.74702631,3.35603502,2.89805142,3.74326091,3.90967355,3.67575351,3.92051820,4.01817981,4.64268341,3.58601534,3.75949642,3.31874898,3.26835409,3.59847767,3.76693731,3.27452269,3.91273936,3.49660962,2.83364194,3.69091458,4.02403758,4.33506451,3.53797671,3.55683140,3.59012945,3.47769210,3.65110689,3.37499586,3.26439197,3.90062536,3.88234674,3.45987874,3.10256124,3.87028639,4.36741865,3.33251359,3.50514435,3.29555887,3.27273682,3.67892258,3.52343770,2.86530656,3.93792540,4.36460915,4.25206532,2.84362553,3.37883300,3.86054226,3.53517426,3.70658153,3.34530896,3.45012854,3.77208961,3.67028770,2.96344522,3.51001766,3.50992371,3.38641135
3.26704030,3.49207290,4.10923522,3.96676319,3.43968234,3.36239452,2.42607989,3.54351276,3.79354624,3.90871846,3.35291196,3.83635627,3.84292212,2.74545576,2.78015922,2.72939100,2.86629177,2.66963764,2.75261063,2.79553433,2.52192908,2.44799182,2.49674564,2.48040191,2.47491799,2.53161772,2.64275505,3.05361354,3.31685696,3.60108611,3.57507885,3.34125386,2.98716094,3.25505764,3.37454028,3.39138915,3.11006112,2.88209455,2.53186520,3.30743255,3.63618276,4.00840044,3.86380300,3.54936806,3.36668435,2.68253654,3.50651664,3.57725873,3.48231482,3.15379868,3.36726633,3.00790382,2.72943032,2.78484403,2.68934939,2.83312281,2.71875914,2.83039000,2.59753511,2.61922178,2.59621987,2.45708761,2.49816856,2.63167416,2.39844388,2.67434979,2.69513450,2.78916972,2.73936934,2.96448545,2.92540941,2.77147353,2.76466003,2.60402433,2.49875016,2.49726108,2.58180577,2.45450078,2.88936261,3.51520789,4.00799040,4.04944311,3.46852993,3.34885013,2.80585304,3.54472077,3.64928955,3.49733930,2.67776552,2.51171434,2.45161134,3.30420300,3.84089475,3.69630416,4.02642674,3.56438372,3.03895355,2.76989049,3.70751267,3.81869501,3.83533181,3.45014946,3.74362102,3.83823522,3.06627895,3.29642071,3.66771480,3.81445701,3.46823310,3.21020708,2.86223140,3.41128031,3.59999714,3.27145093,3.33475293,3.64578538,2.50895235,3.18918532,3.29645447,3.98408980,4.10133840,3.54704861,3.26306866,2.74896981,3.47432708,3.75209641,3.77244799,3.19790572,3.28536649,2.54240191,3.41593914,3.70482579,4.09917207,4.05101177,3.61908111,3.22755526,2.50920919,3.41814197,3.25781986,3.27249615,2.87526747,3.65751821,2.54034293,3.06961472,3.46554055,3.90664335,3.89623315,3.38407908,3.15497280,2.64847137,3.42014229,3.56913553,3.51302682,3.25380652,2.98919805,2.46462869,3.05940796,3.36225152,3.79404101,4.01154837,3.50122469,3.28704326,2.46544311,3.59920080,3.66559602,3.73372691,2.86458519,3.64228256,3.39871150,3.18768228,3.55495085,3.96718677,4.16433205,3.44308845,3.52573710,2.76349750,3.83980626,3.90228228,3.83742239,3.21361303,3.62598382,3.40917720,3.17463101,3.69766369,4.04029952,3.98843073,3.42550321,3.20753251,2.61097528,3.56454054,3.50602841,3.24494029,2.80515478,2.50736886,2.56212754,3.59506163,3.91303667,4.07951963,4.05756390,3.69166087,3.58853036,2.85255386,3.74679321,3.59562970,3.67537953,3.33424776,3.66945721,2.57292002,2.99597112,3.60765349,4.16631578,4.01448491,3.20702819,3.07448237,2.32512913,3.39268671,3.17080270,2.91040518,0.00000000,2.83025263,2.65640372,3.41519608,3.68453158,4.03313965,4.01223576,3.64336285,3.04433020,2.67369729,3.43247314,3.35614507,3.32975882,2.82576293,3.66088343,3.58229036,3.00210831,3.76270894,3.83652065,3.78893080,3.35481870,3.30120358,2.70488781,3.84154995,3.54352249,3.53906499,3.22584792,3.47623199,3.33538207,3.18821518,3.46617016,3.95770239,4.03334554,3.55946623,3.26513156,2.76016438,3.29702970,3.50875517,3.50328679,3.45031899,3.25600967,2.53096872,3.36094213,3.41513387,3.97966758,3.99323815,3.63064710,3.36259983,2.86583970,3.61303459,3.56364260,3.42783611,3.39501447,3.67023016,3.07744163,2.78694319,3.40968018,3.88317524,3.65192436,3.40374343,3.32638377,2.70918044,3.60293208,3.74634589,3.79159323,3.45284506,4.06566946,3.64361509,2.47388661,3.11909390,3.11407041,3.23319237,3.28296794,3.04725834,2.75627454,3.69734424,3.52017199,3.19008711,2.86080960,3.22690883,2.96314438
3.97124029,3.67409169,3.91520305,4.04332602,4.49000385,3.64398944,2.94082227,3.10109038,4.23491982,4.37655223,4.45073968,3.09482331,4.17081421,3.19119913,3.01180179,3.03827770,3.08424817,3.31242753,2.98538570,3.01163322,2.92784365,2.84563421,2.81222729,2.88728799,2.90032209,2.93572231,3.10971755,3.28508130,3.29530814,3.89044712,4.37593125,3.56787924,3.40821556,3.28676362,3.90612869,3.84270392,3.58148918,3.20793006,2.82992318,4.04619688,3.74720339,4.11020712,4.12191714,4.57754503,3.66511578,2.97911585,3.43519621,4.07272379,4.10561131,4.18302572,2.90893386,3.36338618,3.19099747,3.12217680,3.08792074,3.06259154,3.45741552,3.03294029,2.90730227,2.82049177,2.90452115,2.80702435,2.91704035,2.86799106,2.77965613,2.92707480,2.76463235,2.97206303,2.99483348,3.35733970,3.05042098,3.07728458,3.05760901,3.02891348,2.84266560,2.95261825,2.81657527,2.80362901,3.70185003,3.10874730,3.93334399,3.98241365,4.45651644,3.42282882,3.20545031,3.39666877,3.95706467,3.81168135,3.04658975,2.77483294,2.82235498,3.72374324,3.83702831,3.61462868,4.19785240,4.55868039,3.49828753,3.18641495,3.49767659,4.26935291,4.37813821,4.54268929,3.63006212,4.14092259,3.89836571,3.52561246,4.04981196,4.24035977,4.45156643,3.57539928,3.28151546,3.54668972,4.10833176,3.81458035,3.92588041,3.74712348,2.77911358,3.84476824,3.24041227,3.81425956,4.00715570,4.41981793,3.33031714,3.13546705,3.47332641,4.15917057,4.35036966,3.79304153,3.25779715,2.80189304,4.05851232,3.51023050,4.12068809,4.01254443,4.47732943,3.56714288,3.18716035,3.43697239,4.03573694,4.01129808,3.77917056,3.73956503,2.84810865,3.92640097,3.45434848,3.93252829,4.01716270,4.20598941,3.31466842,3.10288826,3.37131794,3.97463684,3.75637273,3.80752347,3.29374363,2.74673190,3.70644366,3.37831460,3.89995215,4.05702421,4.59466687,3.45584233,2.97263566,3.21862269,4.05789693,4.29576277,3.96904728,2.61991729,3.72839204,3.91365859,3.57424539,3.82346193,4.17756527,4.39783811,3.77401614,3.01092609,3.73217116,4.44626457,4.32873114,3.89381606,3.18606175,3.43771923,4.00441123,3.54083095,3.89963087,4.05582281,4.45809144,3.31025836,3.02441161,3.51039770,4.01298751,3.26918640,3.11861430,2.91840367,2.79973460,3.92310572,3.60913954,4.18501342,3.94035695,4.55129690,3.61064859,3.19664360,3.42750336,4.08871744,3.93470425,3.98665759,3.93171589,2.80109190,3.67842601,3.33039358,3.92067615,3.99778533,4.34685133,3.24846263,2.88823571,3.00129778,3.77954235,3.73944527,2.83025263,0.00000000,2.80693203,4.06649899,3.49820423,4.10908389,4.13217565,4.48603599,3.23078846,2.99551265,3.29564558,3.76607136,4.05243746,3.74231799,2.62590395,3.76666749,3.66576724,3.79974995,3.69031051,3.85245141,4.34406658,3.57967986,3.05358733,3.59621658,3.98354283,4.06464540,4.06928250,3.26309558,3.84659690,3.83960684,3.40383698,3.76009992,4.08337555,4.56881205,3.51794037,3.21811002,3.39124602,4.15732611,4.01617385,4.25416691,3.56362768,2.92127683,3.62791477,3.43537018,3.74669288,4.14484890,4.50368547,3.59984824,3.09069149,3.35377293,4.12979787,3.92428764,4.09125940,3.38813970,3.56925059,3.19792727,3.74118897,3.99738545,3.89924386,4.45224025,3.70438185,3.20303697,3.46320304,4.19125700,4.39817045,4.48243322,3.53382421,4.12556854,2.83392187,3.62310692,3.46053227,3.25391814,3.94509899,3.17257195,3.09480843,3.38950758,3.75808470,3.51044513,3.71249290,3.11033159,3.19996287
3.62318784,3.80070700,3.99156631,3.74600173,3.91710634,3.93939214,2.74708584,3.14461479,4.00923868,4.10606205,4.25038523,3.91610956,3.61212718,3.14731253,3.05131312,2.97395448,3.09498064,3.06435208,3.05318573,3.00353490,2.75596983,2.65639572,2.76568175,2.64048303,2.82237656,2.73865494,2.83913807,3.05702229,3.25169963,3.62551305,4.03815815,3.87114579,3.22688064,3.43575073,3.63380484,3.61289757,3.37650869,3.06814906,2.67717569,3.58991450,3.70098920,3.96809334,3.74307414,3.95960509,3.94954282,2.92781681,3.59714897,3.87017858,3.86878556,3.86635845,3.57195088,2.96471210,2.92277864,2.75918655,3.00919439,2.93084267,2.85530011,2.99227615,2.73354708,2.67606099,2.83279860,2.61785248,2.68094777,2.79089925,2.67933111,2.84935334,2.73328925,2.75972591,2.78574255,3.05766202,3.11403371,2.78987668,3.03418620,2.80506626,2.77293490,2.74635185,2.74724750,2.78080515,3.34973230,3.30238627,3.70759529,3.72547592,3.93117712,3.85008538,2.87949011,3.41005666,4.03591928,3.53060021,2.82299148,2.76924669,2.78908760,3.66569310,3.87327012,3.73021830,4.08299949,4.18502399,3.68261002,2.98172809,3.70058511,4.12260419,4.18851131,4.41856691,4.25590168,3.78217671,3.43793186,3.45262677,3.89942468,3.95888318,3.99323815,3.75944488,2.73265380,3.49479422,3.87928710,3.52883021,3.63353401,3.52727006,2.73084095,3.41351156,3.49335969,3.91624375,3.89644404,3.98001733,3.90082510,2.88782403,3.59916266,3.90065172,3.99383564,3.55349325,3.31973436,2.76721592,3.79751308,3.76276747,4.05009598,3.92618549,4.01106183,3.89221437,2.74888203,3.59409148,3.85781489,3.83986152,3.60512126,3.93605891,2.72622788,3.46430575,3.46867297,3.96869159,3.72776120,3.83746051,3.80377043,2.88786440,3.47899349,3.64506369,3.47867256,3.64173650,3.26352559,2.69445699,3.35902112,3.66850004,3.80036012,3.76909099,4.04370437,3.78057151,2.71622948,3.45984161,3.80498787,3.90690558,3.95213538,3.63378892,2.82596661,3.68399909,3.69951187,3.76578958,3.90310940,3.67944994,3.93147907,3.01050037,3.76060749,4.05748495,4.01823171,3.80560022,3.64974895,3.22083130,3.47930915,3.55036404,3.65880265,3.77132588,3.80578930,3.76225080,2.89633811,3.43152140,3.63863573,3.36834339,2.79687605,2.82220602,2.73731512,3.67082837,3.93360522,4.17884453,3.81810354,4.18558712,3.93381904,3.05289911,3.83694611,3.75542794,3.83613616,3.80966404,3.87359103,2.66951131,3.23461753,3.35363648,3.82525159,3.82895898,3.85256235,3.81340597,2.62068656,3.25412757,3.67210058,3.42504855,2.65640372,2.80693203,0.00000000,3.49746891,3.50444679,3.76916613,3.91381615,4.19127209,3.69013347,2.42507450,3.43173236,3.75355854,3.60015928,3.77652769,3.49696401,2.90436658,3.47292839,3.83421945,3.77223640,3.76083989,3.84998866,3.88732672,3.07296476,3.54274795,3.60274643,3.63931212,3.70149570,3.83533955,3.27475553,3.27157898,3.43754553,3.84135659,3.78100650,3.91530091,3.74201805,2.68921647,3.39475489,3.74617180,3.86491093,3.73486118,3.47733309,2.63796695,3.50815700,3.65118435,3.82705936,3.88227808,3.82892438,3.81065787,3.00418010,3.46044364,3.62427555,3.56939147,3.72615233,3.63320462,3.30688148,2.87647852,3.56209174,3.79275282,3.64624548,3.70794087,3.90662157,3.03350719,3.45466712,3.84660007,3.95721945,4.26754362,4.20070230,3.70223701,2.67706631,3.44848420,3.37377430,3.44062694,3.52808348,3.38269784,2.83524351,3.44364943,3.59686909,3.39386652,3.43245753,3.47494073,2.99982566
3.07292204,3.81178687,4.30929413,3.86263279,3.92168601,3.67352069,2.63638390,3.97852053,4.08703136,3.82725186,3.63727764,3.60630331,3.44249848,2.78835911,3.07698254,2.96143300,2.85179239,2.70581982,2.83113401,3.00410801,2.83664429,2.62047104,2.66381227,2.66457626,2.69834823,2.58843294,2.59740117,3.04940994,3.40988073,3.52919249,3.76340217,3.56781349,3.35700832,3.71164158,3.50178541,3.23138524,3.22393179,2.79533987,2.77485743,3.21528408,3.79367724,4.17646752,3.76187219,3.92784365,3.74487490,2.71270938,3.89169639,3.86955958,3.57477672,3.81363615,3.63688862,3.22570327,2.63871732,2.82258795,2.76006964,2.80268644,2.73973702,3.00611059,2.84807058,2.74941200,2.66799498,2.70503767,2.63327886,2.73352565,2.71108014,2.87900380,2.77379467,2.82115494,2.77800519,2.85242654,2.85174849,2.90841882,3.10823278,2.93175980,2.76360721,2.84335144,2.75729439,2.66980992,2.98006793,3.46711028,4.00407640,3.76005488,3.64537323,3.38839098,2.73308312,3.73787999,3.70341971,3.51938359,3.08127380,2.80219698,2.77777317,3.58582071,4.19810823,4.14214821,4.02376483,4.08010197,3.39783448,2.57024986,4.01607505,4.11262830,3.85829866,3.65770007,3.70648273,3.58778357,2.80850134,3.56762668,3.80309716,3.71038589,3.66949296,3.48076598,2.87388018,3.92807519,3.74331871,3.43503765,3.32627683,3.43455976,2.68868252,2.55627272,3.68830199,4.26581740,3.78719144,3.77157027,3.46615134,2.88097229,4.04023118,3.89607203,3.84540039,3.86368500,3.41136613,2.68777247,2.94488410,3.80891726,4.10079436,3.66129409,3.68429876,3.57575089,2.73338203,4.04371056,3.80525571,3.62887991,3.64355720,3.96967117,2.69646089,2.66510708,3.75375239,4.09609655,3.78541596,3.71857724,3.50938173,2.75375547,3.98183784,3.89850575,3.48553605,3.52375585,3.41483064,2.63661599,2.80457674,3.55537368,4.02937465,3.82053585,3.82022202,3.46917657,2.63168947,4.13689056,4.06919738,4.04368382,3.75796835,3.94207188,3.57819201,3.52410777,3.94609328,4.15846199,3.88590304,3.63683600,3.63231940,2.81501901,3.99996791,3.89389388,3.68795123,3.59708351,3.75959163,3.43702533,2.49517986,3.56680539,3.94689897,3.52063580,3.65738120,3.45238261,2.88953199,3.91384260,3.62224516,3.22524546,3.09429584,2.91592281,2.71289813,2.77646321,3.73320726,4.08887245,3.64965218,3.77334410,3.57923355,2.85554985,4.20270715,3.65033092,3.88002904,3.85907279,3.58533755,2.73845396,2.71993585,3.85749337,4.21070516,3.75896159,3.65677861,3.35997869,2.74210437,4.22169521,4.04336791,3.97845757,3.41519608,4.06649899,3.49746891,0.00000000,3.06330755,3.49107699,3.47140504,3.54324804,3.14737906,2.57576564,4.13824079,3.89810038,3.67786282,3.57267333,3.86922124,3.35407412,3.28571094,3.93998455,4.22974269,3.68961028,3.86812805,3.67442764,2.99464375,4.21331147,3.86264550,3.59793095,3.66358368,3.64178811,3.57576244,3.02135398,3.88735117,4.26759539,3.81227157,3.85626573,3.61830840,2.81958526,3.88493906,3.81294698,3.52816599,3.35340928,3.37885356,2.67389351,3.50213833,3.94934175,4.18177193,3.97569670,3.67473904,3.48328014,2.80976398,3.73229891,3.56952804,3.41684011,3.71086104,3.65845245,3.29449050,2.96923703,3.79000268,4.08343910,3.68777581,3.74352895,3.57205686,2.75776121,3.89868300,3.96529537,3.68137454,3.70978211,3.79533221,3.37635135,2.63947188,3.53709374,3.15298908,3.57617373,3.32440811,3.29461227,2.94334779,3.90356387,3.70810217,3.28903187,3.35031671,3.72343889,3.02031461
4.13649684,3.45972853,4.13191977,4.10425000,4.19896216,3.54396062,3.08767343,3.10514047,4.53605866,4.45471535,4.15352579,3.47735822,4.00135885,3.06736057,2.77031114,2.99292044,3.08309774,2.90177938,2.92494270,3.05845965,2.92570646,2.77479802,2.88737275,2.83001059,2.89321515,2.79119861,2.77855353,2.83529572,3.67116962,3.63882656,4.23661556,3.53988326,3.25936473,3.27635712,3.98866529,3.47787899,3.32209285,2.94455343,2.90402115,4.30193961,3.49095587,4.11281895,4.06358704,4.24164607,3.59088756,3.00219248,3.28103930,4.33111781,4.19282247,4.22948533,3.45916740,3.67849175,3.21358045,2.85181874,3.01608013,3.13973450,3.24610071,3.06300808,2.80479959,2.81603669,2.85559676,2.78730518,2.76704909,2.83795905,2.83871330,2.98477984,2.96866902,2.95164310,2.99655826,3.22198126,2.96230268,3.02418945,3.05482114,3.14892109,2.94401856,3.02878175,2.80549950,2.76584088,3.95923745,3.02310378,3.98672471,4.03567392,4.12678886,3.48221839,3.19161869,3.27162105,4.16578900,3.70953567,3.21766248,2.81382095,2.88937481,4.16036552,3.84018696,3.78277543,4.15648148,4.14196195,3.25805357,3.16673491,3.10605027,4.41278155,4.39249492,4.19100580,3.67696481,3.96689384,3.65894172,2.70567387,3.85974988,4.00409730,3.91761401,3.32362109,3.03544852,3.44446345,4.16995323,3.62566909,3.56046330,3.44256964,2.90587637,3.84342749,2.59300193,4.04219082,3.90908573,4.14489810,3.43686620,3.13132780,3.37022311,4.45832807,4.28412090,4.24829538,3.41917879,2.84062706,3.99261607,3.27944289,4.04012564,4.08332479,4.11748423,3.50295926,3.01221671,3.34183576,4.33894778,4.19727521,3.75070434,4.15151698,2.91323314,3.73886848,2.81143587,4.05473225,3.93720412,4.00654456,3.50972257,3.11881421,3.45433595,4.22781563,3.88354032,3.74560526,3.20711962,2.79805480,3.59505484,3.01251928,4.08442670,4.00576914,4.23595840,3.28410823,2.95528198,3.24654997,4.41342424,4.66303555,4.09301364,3.54841335,3.97536463,4.25932513,3.52573732,4.07794123,4.29642345,3.90713584,3.60853948,3.07720642,3.25516305,4.47184100,4.35020109,3.86896048,3.84309343,3.50079696,3.62572390,2.58040697,3.93990289,3.84781137,4.03256203,3.30195581,3.21522629,3.43847281,4.11631110,3.68704420,3.22089475,3.09389528,2.86050076,3.77535709,3.01226574,4.03803779,3.88360181,4.25886248,3.60904436,3.27398230,3.42348937,4.29582878,4.05607837,3.97921896,3.75858621,2.84270444,3.74970521,3.03675078,4.17497401,4.19776162,4.15382066,3.41531633,3.12111738,3.40026895,4.26197151,4.30698323,3.68453158,3.49820423,3.50444679,3.06330755,0.00000000,3.34233340,3.83217172,3.77301465,3.08528114,2.76253737,3.24765633,4.37201332,4.09287962,3.75878111,3.20875259,3.58351709,4.11207390,3.78958298,4.07321566,4.12934499,4.11587030,3.59592654,3.37724617,3.32770712,4.09094335,4.05168559,3.63340245,3.58850761,3.87526881,3.98098826,3.06285029,4.04993399,4.03898169,4.25893191,3.45168333,3.19398955,3.28376653,4.08538793,3.81299915,3.94117459,3.61491517,2.75923682,4.23448600,3.56131831,3.94473838,4.25354569,4.04406230,3.31917793,3.09112982,3.03986453,3.97586912,3.82918166,3.90136199,3.55083403,3.69028825,3.44757020,3.59149825,4.10762793,4.01896028,3.91991971,3.46476143,3.22627382,3.13109229,4.33865070,4.32083537,4.01185835,3.69623793,3.90678279,2.84224661,3.52816329,3.58920048,3.38652865,3.75295784,3.23870113,3.06027637,3.22670578,3.91975151,3.74915067,3.66277344,3.51238976,3.32511297
4.34002246,4.54369084,3.66402347,4.12022037,4.01841796,4.13832950,3.38084243,3.48947482,3.70407482,4.58737802,4.44212152,3.93509272,3.95929154,3.40802302,3.30751383,3.11669576,3.35393429,3.23045580,3.33887856,3.42678487,3.22399925,3.17835932,3.22651382,3.25461171,3.28722800,3.16781979,3.22336860,3.31016582,3.33858651,3.79045746,3.82051173,3.64979679,3.38905317,3.61587979,3.45719539,3.73907322,3.44614725,3.26681248,3.25953393,4.07243392,4.37030847,3.45552095,3.99469881,3.97360927,3.99570444,3.23796913,3.57266322,3.54350410,4.28408854,4.13320438,3.88326108,3.63085066,3.51931432,3.43113421,2.98328209,3.34275293,3.18734753,3.37056669,3.32919479,3.30214681,3.29301342,3.19698447,3.09640881,3.15898485,3.16164405,3.25163455,3.30260199,3.26116295,3.29961984,3.30955255,3.30351678,3.37623073,3.37064657,3.28485452,3.27052950,3.24122541,3.20819398,3.16060243,3.91562356,3.91894831,2.99333937,3.94862623,3.78352526,3.83698133,3.50914845,3.49141443,3.64142191,3.86862755,3.42276848,3.27067513,3.24645044,4.11357958,4.74975732,3.64665858,4.07538368,3.90855502,3.72352771,3.43218778,3.51991265,3.54948722,4.44915530,4.11100219,4.06544683,3.83812721,3.83321499,3.71222235,3.14798484,4.11442604,3.69384466,3.78622050,3.32304382,3.78372429,3.74414527,4.23638806,3.68661845,4.12814976,3.23323584,3.95575448,3.77665410,3.08186007,3.89230319,3.65779442,3.68704818,3.25170979,3.79065885,3.50669423,4.66820791,4.10426675,3.92499368,3.19554273,4.08970034,3.89594344,3.00415073,3.67403367,3.63972425,3.76947598,3.06305936,3.32134189,3.59111448,4.49457541,4.21380921,4.53627799,3.21114758,3.93742463,3.87439063,3.15003917,3.82207701,3.50699067,3.69544034,3.37208977,3.57267332,3.33461294,4.28595474,3.88747101,3.79293784,3.26664634,3.77435148,3.94254024,2.68583803,3.60709763,3.72719199,3.71473108,3.32291656,3.45059900,3.54087398,4.88048867,4.41018675,4.32558907,4.19603968,4.34681806,4.50254673,3.48444032,4.22730998,3.68710831,3.95848968,3.32868668,3.62131997,3.83173175,4.47354415,4.20216012,4.19490629,3.74796122,3.89665046,3.75794610,2.71897663,3.96542270,3.78715525,3.65940443,3.34749470,3.65607430,3.33202121,3.95481636,3.67305964,3.34485957,3.22251095,3.71263727,3.82423534,2.79552956,3.71602365,3.91294435,3.88619100,3.42250075,3.53657887,3.51642184,4.54820380,4.08502469,4.05350379,3.19271621,3.84002705,4.20229243,2.91568620,3.97654007,3.73056732,3.84985139,3.29664674,3.48562112,3.44405334,4.50745882,4.03313965,4.10908389,3.76916613,3.49107699,3.34233340,0.00000000,3.51778644,3.50139877,3.68098972,3.17123209,3.37287002,3.49376819,4.42099769,4.09488400,4.14514981,3.76162685,4.22405274,4.37072592,3.87254254,4.07307008,4.05823821,4.05650832,3.68280417,3.56558068,3.47484987,4.56551432,4.11519870,3.88656603,3.69939330,4.04037377,4.17960313,2.96126024,3.89271514,3.74351443,3.86767144,3.34806087,3.59495383,3.43031595,4.21461797,3.96706092,3.79329669,3.22283468,4.16510113,4.43052380,3.67582582,4.22147697,3.72694505,3.83483417,3.41056184,3.50240851,3.51533926,4.06327146,4.11703134,3.84576779,3.85346458,3.49289644,4.34530143,3.75792642,4.14782288,3.79989241,3.88484164,3.38661101,3.46143414,3.67009137,4.51721500,4.37336103,4.22124064,4.04294746,3.15079166,3.96856058,3.83850497,4.10125970,3.31042309,3.66563672,3.30781390,3.58545783,3.62193655,4.20402730,3.73611463,3.81385181,3.59597318
3.90603806,4.41351350,4.70340481,3.18113676,4.00641201,4.03369875,3.41063373,3.89958698,3.71759784,3.33304391,4.72001683,4.03909572,4.40549281,3.28256794,3.33153236,3.24284781,3.01853887,3.37201786,3.17578448,3.23708173,3.14330616,3.05241583,3.16083636,3.08126427,3.08207572,3.03617103,3.14595812,3.32116020,3.76354168,3.30119964,3.94034587,3.58841080,3.76024593,3.76406389,3.74889214,3.45159227,3.69332582,3.26218932,3.12101131,4.12362394,4.52608059,4.46759165,2.92236282,3.85673711,3.96137506,3.42657836,4.13214396,3.42513163,3.46524296,4.60225009,4.06589468,3.90875949,3.04489182,3.18267801,3.15578969,2.56141243,3.26290546,3.19572406,3.31830474,3.12336663,3.11588208,3.05171782,2.96494465,3.11070439,3.02814466,3.12960759,3.24186556,3.27855806,3.04450406,3.25575761,3.01927831,3.21258909,3.23834385,3.13390926,3.04150233,3.18787998,3.11067004,3.10441591,3.77329021,3.79458040,4.03458883,2.52293601,3.71889052,3.63057137,3.36047691,3.47944977,3.72159313,3.46642585,3.36949063,3.17704935,3.06440915,3.89251295,4.44158383,4.25569202,2.80867492,3.77799774,3.64070119,3.21536957,4.00713204,3.72044519,3.28571815,4.37345640,4.55938991,4.19901592,3.50742468,3.79804401,3.64415188,2.67802676,3.82248341,3.56206743,3.23162599,3.72908626,3.49634716,3.68417760,4.26943479,3.73753297,3.09374312,3.65239670,3.94617914,3.98299646,2.19006248,3.69069624,3.29669765,3.23048618,3.71741858,3.50373627,3.74054006,4.43078870,3.94109317,3.01694978,3.90216170,4.05762174,4.12138563,2.34284239,3.87369905,3.49023370,3.25647620,3.73964223,3.73646845,3.74051552,4.72997403,4.45103342,3.10687682,3.65854895,4.04722217,4.17672963,2.54702728,3.82628948,3.42547627,3.26073313,3.55907454,3.83319294,3.33777340,4.24048094,3.73360394,3.12458170,3.81914878,3.91001268,3.95921535,2.67369344,3.76916009,3.52283465,3.37798338,3.95551441,3.65149110,3.53545556,4.63819356,4.28891258,4.08706675,4.17738742,4.43116354,4.39227353,3.30536441,3.86905062,3.79146701,3.40408280,3.79604404,3.49010098,3.63438139,4.35341277,4.10930563,3.82553349,3.84878457,4.11786654,4.11244672,2.52161858,3.92077204,3.64030245,3.45744591,3.69396553,3.42842667,3.38895836,3.48523333,3.33950266,3.09605048,3.69474134,3.94857446,4.12986495,2.44949201,3.85354062,3.57348661,3.55276941,4.03762821,3.70499231,4.03242799,4.64561398,4.02477999,3.06473109,3.64098588,4.25139073,4.01398370,2.69010672,3.59606512,3.56543126,3.47063136,3.92705958,3.55189211,3.44722435,4.01223576,4.13217565,3.91381615,3.47140504,3.83217172,3.51778644,0.00000000,3.51131071,3.38680633,3.23312103,3.87520159,3.48066216,3.33830854,4.68056121,4.28469258,4.04832555,3.98729611,4.21708443,4.48990554,3.17484571,3.68997987,3.89736249,3.43816284,3.93198583,3.62070622,3.65192664,4.47754096,4.15499720,3.78111544,3.89822707,4.04529873,4.18546487,2.44755722,3.82086195,3.64628192,3.25911258,3.68392079,3.83097141,3.54940720,4.32174784,3.65806786,3.03007475,3.83349070,4.41421176,4.24888451,3.19657702,3.68860974,3.90463141,3.47608880,3.78779621,3.45236716,3.72132469,4.57567578,4.19751434,3.92479506,3.55355547,4.29263425,4.45020255,3.17324253,3.75807689,3.82877866,3.54240986,3.94276607,3.67111262,3.36601267,4.75983647,4.24160150,4.20464411,3.03411626,3.84700554,4.05379790,3.61777961,3.58311213,3.40374071,3.42172703,3.74066448,3.62383026,3.28450161,4.00632151,3.86757401,3.52844020
3.86667408,4.02146023,4.20655835,3.79649079,2.49898860,3.37364418,3.52166935,3.74365851,3.50613149,3.75035214,3.45819337,4.54139594,4.44444098,3.29009864,3.22931114,3.14829004,3.32408817,2.98189293,3.13582811,3.26117147,3.02921069,2.96028771,3.15813277,3.00710429,3.03392158,2.94316038,3.02907346,3.28415322,3.53330223,3.60002836,2.73155421,3.31588815,3.17316224,3.52031690,3.42673044,3.39394275,3.24130772,3.28977123,3.06978431,4.04946116,4.23503196,3.99962203,3.78294203,2.55629283,3.37415204,3.42388540,3.73009219,3.32189634,3.66177585,3.63098833,4.31334353,4.08492038,3.35530012,3.29107668,3.21833794,3.21303987,2.85915810,3.28592767,3.28364053,3.04650330,3.15629132,3.05300708,2.97598827,3.01536269,2.87772327,3.02019202,3.25718046,3.04512197,3.10604033,2.97405132,3.07874630,3.21763448,3.00574042,3.01423488,2.96359760,3.01994215,3.04259798,3.03909589,3.63244273,3.99692526,3.73803616,3.65968956,2.30435865,3.20575972,3.30779213,3.45422077,3.48345231,3.62179669,3.06566984,3.04252700,3.00072468,4.16005207,4.27343185,3.78510917,3.52689242,2.36372113,3.08224039,3.51219492,3.68164832,3.46921813,3.74166458,3.49321013,4.65373159,4.52011732,3.40626532,3.54379215,3.31046046,3.68076737,2.15284393,3.03461560,3.13413136,3.55311611,3.24789136,3.61639883,3.48153126,4.12079558,3.10485560,3.77008464,3.80190725,3.94294339,3.69316800,1.76386716,2.95164371,3.12059835,3.46005585,3.25020691,4.02130017,3.93303428,4.07276151,2.96205663,3.82724300,4.17786442,3.79296601,3.68161345,2.28642872,3.16159676,3.14436245,3.46611326,3.27226191,3.87862302,3.81406472,4.70972147,3.07275654,3.68897868,3.95802172,3.92570209,4.00318959,2.07825715,3.11318913,3.11259801,3.38774881,3.26979106,3.78634650,3.53224658,3.72377275,3.04441481,3.87231401,3.78634294,3.56180232,3.68685435,2.23444024,3.18801707,3.36098448,3.68204449,3.55050177,3.94471048,3.54466622,4.73394198,4.48581210,4.06466758,4.32815236,4.06747386,4.05965471,2.59123859,3.24908711,3.38361275,3.61400915,3.69962323,3.89973069,3.52927927,4.51479019,4.10765159,3.66635798,3.89603901,3.82808643,3.58409137,2.13564733,3.20262437,3.22340519,3.34312177,3.20196488,3.89112208,3.42382948,3.15030088,2.98503430,3.81173386,3.92077766,3.70673017,3.74104863,2.22115117,3.12542045,3.18281954,3.54069650,3.26458630,3.97813284,3.63851954,4.12553578,3.06440123,3.72288079,4.16743145,3.90343322,3.62700188,2.27294556,3.14229270,3.25953546,3.75654427,3.39999199,3.84648765,3.64336285,4.48603599,4.19127209,3.54324804,3.77301465,3.50139877,3.51131071,0.00000000,3.05492133,3.28083640,3.48320538,3.30226532,3.56203871,3.40954939,4.59712090,4.11426081,3.87245277,3.99363613,4.03024903,3.75694469,2.59209152,3.18577189,3.43912143,3.62079858,3.25824058,3.56826873,3.61280822,4.44436789,4.05515071,3.63705368,3.82781731,3.79340994,3.76474842,2.21249301,3.09122747,3.23078146,3.52292441,3.13139523,3.83673969,3.35016790,3.85363882,3.08973608,3.77721246,3.85543932,3.86425044,3.87835588,2.78788233,3.36782076,3.57898100,3.52685914,3.23928203,3.61239620,3.74469792,4.43354523,3.79396889,3.34033706,4.04845184,3.89504057,3.71491360,2.65106333,3.34868423,3.55221388,3.68600108,3.66628194,3.81856865,3.47899264,4.65344908,4.15827828,2.93308395,3.59908609,3.73799273,3.61290271,2.97337503,3.29475045,3.32173479,3.77314403,3.60081619,3.61226239,3.36443090,4.04254359,3.59892998
3.40141042,3.52576746,3.98752073,3.70348336,3.53753506,2.37641342,2.36645271,3.07961200,3.58665999,3.66610657,3.33194094,3.11431651,4.27413942,2.33058529,2.24198315,2.27765885,2.29411353,2.31979335,2.04938829,2.29123648,2.06394203,2.03083235,2.06451672,2.02429516,2.07245444,2.06522038,2.17720447,2.53113933,2.96006214,2.87502601,3.32487524,2.36269613,2.71885080,2.78354702,2.99776464,2.76400342,2.85180642,2.19372856,2.05732149,3.62348209,3.63334045,3.82299841,3.64288896,3.57158538,2.38031029,2.26525354,3.09775213,3.33044299,3.47751937,3.29211321,3.05529386,3.30581910,2.53212014,2.58294224,2.35385072,2.43493640,2.68484629,2.16770765,2.35443984,2.15442464,1.98808955,2.11605706,2.08618266,2.09487961,2.02390243,2.25177303,2.26864887,2.29605329,2.28223605,2.52367835,2.04820181,2.32179739,2.31004724,2.31097974,2.13986272,2.30914551,2.02387531,1.97536412,3.19881195,3.14945185,3.62221318,3.51438512,3.45351306,2.12614240,2.72112827,3.00056656,3.12081286,3.05297266,2.45944552,2.05349475,1.96448270,3.62473122,3.83116233,3.62684194,3.66040099,3.54549973,1.99611480,2.46979815,2.99669461,3.36791469,3.86322139,3.29402263,3.16034617,4.10053754,2.90304187,2.68478467,3.04909945,3.09802718,3.17905105,1.94879823,2.70219716,2.93400251,3.27890832,3.02320045,3.30880787,3.09229947,1.99929228,3.13584551,3.03773416,3.73097201,3.59002279,3.29626267,1.65443195,2.53704223,2.94265374,3.10943028,3.38576971,3.60048913,2.82493185,2.00198086,3.11698029,3.10312451,3.57414083,3.28387332,3.36042806,1.85028750,2.51810705,3.07883852,3.26600928,2.95782662,3.38537328,3.40233980,2.02331963,3.12265348,3.07740948,3.51004676,3.54739122,3.34151602,1.80315288,2.58964291,2.94141377,3.38205742,3.37003428,3.29895178,2.72317319,2.05365230,3.10754657,2.89367276,3.44582145,3.46645749,3.34560597,1.79418836,2.37830822,3.00116266,3.36764084,3.72718920,3.40418096,3.33927124,4.25675895,3.59123508,3.57238312,3.78607990,3.90902602,3.64711946,2.56227569,2.27162642,3.19224090,3.39278971,3.48652740,3.11472166,3.13830484,3.24829941,3.24175282,3.27120171,3.80112548,3.54059941,3.51483051,2.01631754,2.61256017,2.96121870,3.10956900,2.85511787,2.73332210,2.22572706,1.98713079,3.41205901,3.32868411,3.68767484,3.43919769,3.48541757,2.14293879,2.54436139,2.90314117,3.28536782,3.34512308,3.41621003,2.83793865,2.13792429,3.02806149,3.45303267,3.87153993,3.47670805,3.23316576,1.82785966,2.56204373,3.19189935,3.28468282,3.35443324,3.04433020,3.23078846,3.69013347,3.14737906,3.08528114,3.68098972,3.38680633,3.05492133,0.00000000,2.39373464,2.95851285,3.11491799,3.34948119,3.14980276,3.42769850,3.96617312,3.28478011,3.58453273,3.75397803,3.48078591,3.39368074,2.31264113,2.37207385,3.36821301,3.28499547,3.27243243,3.04632563,3.07889497,3.58025384,3.18480803,3.08286320,3.59647530,3.47770428,3.44944437,1.90348661,2.65300473,3.05800550,3.32548584,3.20342402,3.39074352,2.74013221,2.10455233,3.37769442,3.17858038,3.47722064,3.59673426,3.50473648,2.30785007,2.51358619,2.96786718,3.04873458,2.99099389,3.20826573,3.00624044,2.83171632,2.83292584,3.26473192,3.67352975,3.37961332,3.51030562,2.33926633,2.44783651,3.10985346,3.50293948,3.62817446,3.28592425,3.27591925,3.86909610,1.98941436,2.88970721,3.16974983,3.02742686,3.31764138,2.30378980,2.63932185,3.17953297,3.18588115,2.97003384,2.83525308,2.77340873,2.73617519
2.84149246,3.08488562,3.52377950,3.11912491,3.28006751,2.94921311,1.67928109,2.68016852,3.51684245,3.49285736,3.49488974,3.14713004,3.23614601,1.89287721,1.82762844,1.85251214,1.81892396,1.71900557,1.69882381,1.70986206,1.44792894,1.35958098,1.38542002,1.32930724,1.39789819,1.37281468,1.61692815,1.93561854,2.43828553,2.54486300,3.08901878,2.80407296,2.01396951,2.54239807,2.64611459,2.39059254,2.33879487,1.78880661,1.33160315,2.97010330,3.04986300,3.31659907,3.09131723,3.31787589,2.94177775,1.67941447,2.93260210,3.15794104,3.18715148,3.31838117,2.91393121,2.24619547,1.92723588,1.82675895,2.09043975,1.98512230,2.07852093,2.04271806,1.70899980,1.52115760,1.42000258,1.35396016,1.34597714,1.43286334,1.35199841,1.58910735,1.53553220,1.61732370,1.56034401,1.87198585,1.92607772,1.70448467,1.91521319,1.73198371,1.32695624,1.55518167,1.42685235,1.39117287,2.59883028,2.66970475,3.35650701,3.28004632,3.39101048,2.88515585,1.90810095,2.82764182,3.27196667,2.55400161,1.60233537,1.55175576,1.49766921,2.84923358,3.47263202,3.21859036,3.41059330,3.44945454,2.65961589,1.64274680,2.95358910,3.36579783,3.49196728,3.33400673,3.33400054,3.10474475,2.44086888,2.62698740,2.98000635,3.01951724,3.15706540,2.76218566,1.84080233,2.93018172,3.16680148,3.01048616,2.88536527,2.88106994,1.42414165,2.51306637,2.66903830,3.13235559,3.10060110,3.19374586,2.67944720,1.55919569,2.87303278,3.01031109,3.30761268,2.98520686,2.37995797,1.42689730,2.80202422,2.94334892,3.31864815,3.06754037,3.34140548,2.78321300,1.71612777,2.91991581,3.09484999,3.20754036,2.92296072,3.23833908,1.30739103,2.56974393,2.77192730,3.39017885,3.17764318,3.12308333,2.75772051,1.67526645,2.90543200,3.18045932,2.93992282,2.72859601,2.43347111,1.36522926,2.40088825,2.66599754,3.10742921,3.10346937,3.33546523,2.53980148,1.49873050,2.88853533,3.28325441,3.51648972,3.40250170,3.19928850,3.03054085,3.07043878,3.23135760,3.27470329,3.42456703,3.10335005,2.93907414,1.97928129,3.08000402,3.26927987,3.21408429,3.26671723,2.82992918,2.35545413,2.54624296,2.90080655,3.20170760,3.02382474,3.21234349,2.67017120,1.74367153,2.67511125,2.85068824,2.30023138,1.79312277,1.68518905,1.36014652,2.55428346,2.85426649,3.38052594,3.00574350,3.47585837,2.96340255,1.81871025,2.92196376,3.08632281,3.17242909,3.00285311,2.81781373,1.40820578,2.34709292,2.92241706,3.45708656,3.22223020,3.18527461,2.68156250,1.87771128,2.87097702,3.32333109,3.05907168,2.67369729,2.99551265,2.42507450,2.57576564,2.76253737,3.17123209,3.23312103,3.28083640,2.39373464,0.00000000,2.73896553,2.95564112,2.96123143,2.89861214,3.01633185,2.73434680,2.62713630,3.22376655,3.45034164,3.16689328,3.24109784,2.95189772,1.99445547,3.13862782,3.07631349,3.03135679,2.94228926,2.86939957,2.63670936,2.57715838,2.81558141,3.25816799,3.12326379,3.16674125,2.70162313,1.76166523,2.70679126,2.96719101,3.19888302,2.98600502,2.59351499,1.34960478,2.59964923,2.82105520,3.10414230,3.16749130,2.99568925,2.76827386,1.90830117,2.64769735,2.91486698,2.89160739,3.07095083,2.76289881,2.35065061,1.93885353,2.84505665,3.23982666,3.04385688,2.97983316,2.85625760,1.81262384,2.80935529,3.26333617,3.30579426,3.36034777,3.19080780,2.81597863,1.36201426,2.51252506,2.51620442,2.54620338,2.74496321,2.56751916,2.11433795,2.76219763,3.06965203,2.70122259,2.76087152,2.66832717,2.14764424
4.30045737,3.72184140,3.61156180,3.75734214,3.66499108,3.03541152,3.00415152,2.27540534,3.42772326,4.05081893,4.09544117,3.77796484,4.31818734,2.96397314,2.64701496,2.71219434,2.91461251,2.82800695,2.74057736,2.73079101,2.53178309,2.52639874,2.65155032,2.55108866,2.71927593,2.58813865,2.70494773,3.01769892,3.46577884,3.44285689,3.61446875,3.19371572,2.86189416,2.78308386,3.25228067,3.21307112,3.05874265,2.82361619,2.53352965,4.15196361,3.55549534,3.56539997,3.50279824,3.58525494,2.99765495,2.87887629,2.46985788,3.35165006,3.79998834,3.74846543,3.46970375,3.46822677,3.24952756,3.01345957,2.95698446,3.00519728,3.01018219,2.85599287,2.76502174,2.60463523,2.62121706,2.50460856,2.48931640,2.53903213,2.53168211,2.66669936,2.71723329,2.63152716,2.70944629,2.90492802,2.66703922,2.78179338,2.69966022,2.75046203,2.54419212,2.61278827,2.45966852,2.51849960,4.05250458,3.39072771,3.58708637,3.82196172,3.85682622,3.30267807,3.21979255,2.51877829,3.52484303,3.40606360,2.69289731,2.60643007,2.56307295,4.19983487,3.97245526,3.55445884,3.73935187,3.56339358,2.86542160,3.07123331,2.19712686,3.38154786,3.84477857,3.83783625,3.85461343,4.12456963,3.92409751,2.97478446,3.47937960,3.86547239,3.54139256,3.10006293,3.00005119,2.86213707,3.59827502,3.57441928,3.65126335,3.71332266,2.52986587,4.18960992,3.08615884,3.48064649,3.73567341,3.58425157,3.07851545,3.02773166,2.33560506,3.30277677,3.82800672,3.95296229,3.37449460,2.56140427,4.13817428,3.31965523,3.47533100,3.67510191,3.56191724,2.99420741,2.76792001,2.21211009,3.20413686,3.74740023,3.52035629,3.86040784,2.57759579,4.09800664,2.98429510,3.37812585,3.56204994,3.37332660,3.14453002,3.08611836,2.62082565,3.11622105,3.63025354,3.48531356,3.30618745,2.57216809,4.01896363,3.37957054,3.42556336,3.57805220,3.42863208,2.84119070,2.89450754,1.82863436,3.07492715,3.99379567,3.71154670,3.62530724,3.97338111,4.10059830,3.70171542,3.52223830,3.80571992,3.48097906,2.99702870,3.00269108,3.05514835,3.51889169,3.80439086,3.64671429,3.63028511,3.34862899,4.16047951,3.28348162,3.39601806,3.64392997,3.55069399,2.96996730,3.01246673,2.36449592,3.20043536,3.30586828,3.03611156,2.65784924,2.47740536,4.00230835,3.33361652,3.50323069,3.58279636,3.77079376,3.19466224,3.12084990,2.33920082,3.31325064,3.57403711,3.55956517,3.53462217,2.53092861,3.89108735,3.35730914,3.33615270,3.56552156,3.55667717,3.01586914,2.73963654,2.01707153,3.15867352,3.50745414,3.43247314,3.29564558,3.43173236,4.13824079,3.24765633,3.37287002,3.87520159,3.48320538,2.95851285,2.73896553,0.00000000,2.83438082,3.43996354,3.31467011,3.34479913,3.61426663,4.00875963,3.84549946,3.45909226,3.56783010,3.51488455,2.97925972,3.05866548,2.48564022,3.06119323,3.48933161,3.35290610,3.61314949,3.62678670,4.07759929,3.29691246,3.47003059,3.66046101,3.60474232,2.94756003,3.10793004,2.67758481,3.09968755,3.54360987,3.59998130,3.32898821,2.60066907,3.73123180,3.46000989,3.28928853,3.74816168,3.48879254,2.96186337,3.00659759,2.63768992,3.23897830,3.53689870,3.43085666,3.42047499,3.25626519,3.14491071,3.48975387,3.45304942,3.58714972,3.46208170,2.96482303,2.98172953,2.36896927,3.33953055,4.00672122,3.88638365,3.85508241,3.91509596,2.55985352,3.11051418,3.56949019,3.14906902,3.18420478,2.83978495,2.88603524,2.70708377,3.09511940,3.24932334,3.03865266,2.99355904,3.03564059
3.90301690,4.42266364,3.87329633,3.61729914,3.36408301,3.21886688,3.08232899,3.35022530,2.48247246,3.49590447,3.88262636,4.03744634,4.43693285,3.02783203,3.04144327,2.82531555,2.97700631,2.96935564,2.88747855,2.89543452,2.75130788,2.70442098,2.80321875,2.77163245,2.80883877,2.79107978,2.96023328,3.23741487,3.31145627,3.47322113,3.23359371,3.13790403,3.17851278,3.32789821,2.95631940,3.27324917,3.28382405,2.92301581,2.75209132,3.77904413,4.45032808,3.65180343,3.44639412,3.33920847,3.18899737,3.08363978,3.50668139,2.53435291,3.51261881,3.68415875,3.82051351,3.59877739,3.06685434,3.26139281,2.99718268,3.03913499,3.04224168,2.94464487,3.03932164,2.84567966,2.81924037,2.77833549,2.71357582,2.73817879,2.72332024,2.80345772,2.90242238,2.82096553,2.81708405,2.92763963,2.76571215,2.96115695,2.81483613,2.67197602,2.69434303,2.77045699,2.76779633,2.76421915,3.78953370,4.18602408,3.73795072,3.73066820,3.43207592,3.40556826,3.24446320,3.23643056,2.82233429,3.27679231,2.79482854,2.83613310,2.71889751,3.74615469,4.55008054,3.81689388,3.58490389,3.31164126,3.08496046,3.00465910,3.37260296,2.33061032,3.41427438,3.44220983,4.07110763,4.17701750,3.60783743,3.83673236,3.30958547,3.65753526,3.43512652,3.22187893,3.08325270,3.29427058,2.88482933,3.56266686,3.68624858,3.88378342,2.71498686,3.71048185,4.17543917,3.43963458,3.74004906,3.33766216,3.08701409,3.00704885,3.30003066,2.49627236,3.73771462,3.72873478,3.66188655,2.66382289,3.75100030,4.16567126,3.57378748,3.38313831,3.43197995,3.06058381,2.90183956,3.15026051,2.32227331,3.42100584,3.93076994,4.30972897,2.72737910,3.77325122,4.22612507,3.54676291,3.71697175,3.25466437,3.15341708,3.07623050,3.32969773,2.60913473,3.45814583,3.52467755,3.48492682,2.74471731,3.74416700,4.15374321,3.37470999,3.48024045,3.33400293,3.16380491,3.08037646,3.28677529,2.16876548,3.58061421,3.76268461,4.08444908,4.27185504,3.74905294,4.32726182,3.52673314,3.80977136,3.33117734,3.16550392,3.05641190,3.57079400,2.57889078,3.46000797,3.60064008,3.76428089,3.50861180,3.80919470,4.39019837,3.41643249,3.66168332,3.40018112,3.13570855,3.08925309,3.08454908,2.48170145,3.38267897,3.23628266,2.86568291,2.65096203,3.63575981,4.16575670,3.52056055,3.36794341,3.46408310,3.21966523,3.05975404,3.25932678,2.68901007,3.73699794,3.70563673,3.72085577,2.74623058,3.60288358,4.40522521,3.35993177,3.26282671,3.10507273,3.06118090,3.02017770,3.13921443,2.36871256,3.11564294,3.35614507,3.76607136,3.75355854,3.89810038,4.37201332,3.49376819,3.48066216,3.30226532,3.11491799,2.95564112,2.83438082,0.00000000,2.99491579,3.37793416,4.07770761,3.98271926,3.56153754,4.34227480,4.00410411,3.42269678,3.12843272,3.13226131,2.98134782,3.41650367,2.53926074,3.38632032,3.32346601,3.57912949,3.38969989,3.88658463,4.25077383,3.62815013,3.72025710,3.38138780,3.20033918,3.13847214,3.51781351,2.73857638,3.68002039,3.72726021,3.56063266,2.79711496,3.33583863,3.97612080,3.59224375,3.57872301,3.28321212,3.25559143,3.23325972,3.36026182,2.66983087,3.52011620,3.49143587,3.68202693,3.12380838,3.12589986,4.21280963,3.87694621,3.55055613,3.39317106,3.29299647,3.17572610,3.51111316,2.63123324,3.53924493,3.83370580,4.16977548,4.11217036,2.62819183,3.44790267,3.52128200,3.44413331,2.96542563,3.07483166,3.11833261,3.44865545,2.77797359,3.19830582,3.11692470,3.14488167,3.19609606
3.80322619,3.99221937,4.72129431,3.55732808,3.57182764,3.52019066,3.24910889,3.60640687,3.68882083,2.80720594,3.83760780,4.29459123,4.38641293,3.13944267,3.09740303,3.14732932,3.10709707,3.13323982,3.04656664,3.02127635,2.87216952,2.86377735,2.91739959,2.83791003,2.87423517,2.80201935,2.92348676,3.28919531,3.69588579,3.38491034,3.57027558,3.45877337,3.28810979,3.42979927,3.54886197,3.08479870,3.30474700,3.19583011,2.83902567,3.91686494,4.07024150,4.58268034,3.60416547,3.57316677,3.40218755,3.27209037,3.82123758,3.45210368,2.79520661,3.73517552,3.88294657,3.82896070,3.07877253,3.16029319,3.37823418,2.91106433,3.21270570,3.17714471,3.09355114,2.88547830,2.86372811,2.87853394,2.80443428,2.93934585,2.80189378,2.88583732,3.03778341,3.06044193,2.82709986,3.06532274,2.95464908,2.94554808,2.87486613,2.95349520,2.78838871,2.84218346,2.85872241,2.87523350,3.84182930,3.87232027,4.50229965,3.58713179,3.64552028,3.47772189,3.23654105,3.54375891,3.48884896,3.06911848,2.96665115,2.89763370,2.89180981,3.90658352,4.14440838,4.36596005,3.65392209,3.68456196,3.43793101,3.27779107,3.80393532,3.55989079,2.63121106,3.63741266,4.16505764,4.28539736,3.65226818,3.93268941,4.22931849,3.55634304,3.64807260,3.27616302,3.11902937,3.47077580,3.41774129,3.12244553,3.87569463,3.72845976,2.94887351,3.79186866,4.12323735,4.59895581,3.56170624,3.50826462,3.21965201,3.22043811,3.64217436,3.58173389,3.01083144,3.92651841,3.66140219,2.83085228,3.88897619,4.25496509,4.59117867,3.47306233,3.67287486,3.37425641,3.19249227,3.47887237,3.19461583,2.94508199,3.82371894,4.00938260,2.93565492,3.80218075,4.06356820,4.56753412,3.61848260,3.58036444,3.32407109,3.09273181,3.47280500,3.71092053,2.91099036,3.77802700,3.45208815,2.90827316,3.77085922,3.99178493,4.39662764,3.56565475,3.58481947,3.42315802,3.25627816,3.68035704,3.52072335,2.64177296,3.74006510,4.19051293,4.02692312,3.81876220,4.08773040,4.42016067,3.73228507,3.66832928,3.53705938,3.24701658,3.73636587,3.39056333,3.05359366,3.44985769,3.79086216,3.64786703,3.81157101,4.13928528,4.49121777,3.37506659,3.59677220,3.30460605,3.25896864,3.35126922,3.42000609,3.15194884,3.15304157,2.96277216,2.86119932,3.95730196,4.12285914,4.60601981,3.49234643,3.82834042,3.35735795,3.27841655,3.77851260,3.42247694,3.46144559,4.08236053,3.68145644,2.88516886,3.76092646,4.29095274,4.61802095,3.51868609,3.31293748,3.29228248,3.14024100,3.56164264,3.39143191,2.33015451,3.32975882,4.05243746,3.60015928,3.67786282,4.09287962,4.42099769,3.33830854,3.56203871,3.34948119,2.96123143,3.43996354,2.99491579,0.00000000,3.36762476,3.88741531,3.70123853,3.74346403,4.09388806,4.63627156,3.56575870,3.49683591,3.47725575,3.10011522,3.78547772,3.44851170,3.00220848,3.66538087,3.88570267,3.72852179,4.05376003,4.13907105,4.69426776,3.75139576,3.75620875,3.43022489,3.30505821,3.62758319,3.66241743,3.48533818,3.96973240,3.67062810,2.74113849,3.69707354,3.87143903,4.23933562,3.75409108,3.59510610,3.62085155,3.37560040,3.60486366,3.23808671,3.24795954,3.65263283,3.84641031,3.44880297,3.33613718,3.98554795,4.36718057,3.41775470,3.46252655,3.46988751,3.37325717,3.67613866,3.47080718,2.79299804,3.78302561,4.41525352,4.21562930,2.79838173,3.47123135,3.89158551,3.47454405,3.58246884,3.37821660,3.36843080,3.64468709,3.43623014,2.86365792,3.38376044,3.53839192,3.37785330
3.65907587,3.72362870,4.05540432,4.44524434,3.62498763,3.27280910,3.02415628,3.64198498,3.93144060,4.27763650,3.08103127,4.02084370,4.21674957,2.91737518,2.97986115,2.86255152,3.15940305,2.80256477,2.96628179,3.08725711,2.86070697,2.82148650,2.85634129,2.77738719,2.87249560,2.84962575,2.91674521,3.24571062,3.57958487,4.02515538,3.51113400,3.54613982,3.00847984,3.32354009,3.43956615,3.45193760,3.14932861,3.16091092,2.89977850,3.53386836,3.64626298,3.76888757,4.38936128,3.70902316,3.30170193,2.96915219,3.57631357,3.93308976,4.02328119,3.17463934,3.65409275,3.65534315,3.21131853,3.22244666,3.12606057,3.44437371,3.02475155,3.25138500,2.98109272,2.89254350,2.93691326,2.91355775,2.88006502,2.89459137,2.85062621,2.91353215,2.85892628,2.93819315,2.96035943,2.95649155,3.02641335,2.98847921,2.94698312,2.94920308,2.73314545,2.81186220,2.90569297,2.78626125,3.60477067,3.94626503,4.16238949,4.60825403,3.65691781,3.39073819,3.35158655,3.75247715,3.76799507,3.65992919,2.96314131,2.85171088,2.85695998,3.66607529,4.04776464,3.88518651,4.63252352,3.68173124,3.16515624,3.20315790,3.64813446,3.91186067,4.15598407,3.25274399,3.92675215,4.32024283,3.46735613,3.49272601,3.74501408,4.40254196,3.45300099,3.15973579,3.16198889,3.74973781,3.90463292,3.60295810,3.34900811,4.03129760,2.89700761,3.83787633,3.73536050,4.20333173,4.61784184,3.51512048,3.48765730,3.16821859,3.65621146,3.80382754,4.05215216,3.66639417,3.66291067,2.77549711,3.79237335,4.09856057,4.16895087,4.46086897,3.42399292,3.34431699,2.97300566,3.54020824,3.43146418,3.60497162,2.87349784,4.00340592,2.84234060,3.62142991,3.80997974,4.22449300,4.53491110,3.38148841,3.45676896,3.18863634,3.65972792,3.59713148,3.97657171,3.40008521,3.55183910,2.79151470,3.44761690,3.49692810,3.87176667,4.51632824,3.42674823,3.26580349,2.81566965,3.47196915,3.72538627,4.12069531,2.63343004,3.68362688,3.93883818,3.65432970,3.98681213,3.95619466,4.64736239,3.64661090,3.63205348,3.13351263,4.00375115,4.17806974,4.19632432,3.25623857,3.68990717,3.76391665,3.30950040,3.77594607,4.11015203,4.33388068,3.32972475,3.16093085,2.90330114,3.61367707,3.51665414,3.44427803,2.93863855,2.82421077,2.75970770,3.69728891,3.90613214,3.95520468,4.40812119,3.62333419,3.55673806,3.07269272,3.61308181,3.68687586,3.72155076,3.20603375,3.78618566,2.91878483,3.54145998,4.11978510,4.32136214,4.50869478,3.38320028,3.13041718,2.84266178,3.55710072,3.78564904,3.71337423,2.82576293,3.74231799,3.77652769,3.57267333,3.75878111,4.09488400,4.68056121,3.40954939,3.14980276,2.89861214,3.31467011,3.37793416,3.36762476,0.00000000,3.26333307,3.33666245,3.48889796,3.92676044,3.99403858,4.32529075,3.64331337,3.09762903,2.93235311,3.86345933,3.72055848,3.65793222,3.01610326,3.72437035,3.96595976,3.61503540,3.90272811,4.10322983,4.63401140,3.60718544,3.46482566,3.29379010,3.58008760,3.60156142,4.22484255,3.56559371,3.88928721,2.89997416,3.73049699,3.48198243,3.91194514,4.52834117,3.82166980,3.34972737,3.35133434,3.63824874,3.80894109,3.65033326,3.28462941,3.80723019,3.50118298,3.21474546,3.78439629,3.99692755,4.20349258,3.74831933,3.29814350,3.09387512,3.65423344,4.00935123,4.26026904,3.14828293,4.08462797,3.98906098,2.79726453,3.41661049,3.36058589,3.48735324,3.28568549,3.29291162,3.08083238,3.75258060,3.76284888,3.58579299,2.90766931,3.45773757,3.41105855
4.11834160,3.76041145,4.08065502,4.28416141,4.78550468,3.93623922,3.22772523,3.33951158,4.69404397,4.69647694,4.55110072,3.12997440,4.21214709,3.18440798,3.02894399,3.18422365,3.16362758,3.33297853,3.11404334,3.17169856,3.11750569,3.01227393,3.07506843,3.05221362,3.11441101,3.13552760,3.20748803,3.31716866,3.62062001,4.03802605,4.44719755,3.65341550,3.46580865,3.46677531,4.04265293,3.60090500,3.51817853,3.27164827,3.07733328,4.05302507,3.65240316,4.20236596,4.28128594,4.76190318,3.87837272,3.09608859,3.70836473,4.49328000,4.31482193,4.35507107,3.08764577,3.76758585,3.35654160,3.19611134,3.23541979,3.32864934,3.67264706,3.34611748,3.14207364,2.98918653,3.04112068,3.06414960,3.08006622,3.02197131,3.09395530,3.10180116,2.86980148,3.06387730,3.13309813,3.43743507,3.16202373,3.26335641,3.24810741,3.35022105,2.97989198,3.21250204,3.03956157,3.00834387,4.09229916,3.36404633,4.25610853,4.22681508,4.79012627,3.73953205,3.53358429,3.62820462,4.22142120,3.85609372,3.31847406,3.05589349,3.11020242,4.01685109,4.01573094,3.93957977,4.55653282,4.79805766,3.70779431,3.36369231,3.52706142,4.58230313,4.48507854,4.46459095,3.47663228,4.16283747,3.86565227,3.52966478,4.18104705,4.36523671,4.60810352,3.65502095,3.35187579,3.92123809,4.45825328,3.92687097,4.10820922,3.98682875,3.08594659,4.07298306,3.48506369,4.32548331,4.20718481,4.63239787,3.68794354,3.42415608,3.70015672,4.42882753,4.37320098,4.30260054,3.53365119,3.00227292,4.14716998,3.68721136,4.34141865,4.24112516,4.70011912,3.82116440,3.39616956,3.58997965,4.36687931,4.05641607,3.79082282,3.87512953,3.01921670,4.03791763,3.52264941,4.33030476,4.22209277,4.49521482,3.73345726,3.47502718,3.75647846,4.28458091,4.03577511,4.10446372,3.53580028,2.97056041,3.64964773,3.32495923,4.12340794,4.22343191,4.71758313,3.61817389,3.18228475,3.37729708,4.28959153,4.38290302,3.87573348,2.32735306,3.65232903,4.23352549,3.83182777,3.91266340,4.23272236,4.57222511,4.08146295,3.21064943,3.95240215,4.78856937,4.56028918,4.17201648,3.40274816,3.70343549,3.86748654,3.24627492,4.02706320,3.98160576,4.56595407,3.52373436,3.29941072,3.69411779,4.12149545,3.47816931,3.28231315,3.21452635,2.97189804,3.99256448,3.68429810,4.37710686,4.03317401,4.82374996,3.88655095,3.54165252,3.57561263,4.41503624,3.93132497,4.11773159,3.89003535,3.00372447,3.69811563,3.57274396,4.20207600,4.25087907,4.61254515,3.49430678,3.25468907,3.50346524,4.36033634,4.09539577,3.66088343,2.62590395,3.49696401,3.86922124,3.20875259,4.14514981,4.28469258,4.59712090,3.42769850,3.01633185,3.34479913,4.07770761,3.88741531,3.26333307,0.00000000,2.87333798,4.05369721,4.01989047,4.03764880,4.17204165,4.69090279,3.83279147,3.36056881,3.79827536,4.27678168,4.22437874,4.05461730,3.60917825,4.19373073,3.90073470,3.48299878,4.04484607,4.26312801,4.73738624,3.80892502,3.40665484,3.60097149,4.28627110,4.05068215,4.22746888,3.79565731,3.05982664,3.99163576,3.76048106,3.90673858,4.38007937,4.67648171,3.79660639,3.28886580,3.55941264,4.39522700,4.01981275,4.25948858,3.53200201,3.87775038,3.44196790,3.81037878,4.21044210,3.98892930,4.58432153,3.83787588,3.32153278,3.53303790,4.49094195,4.64591284,4.55651234,3.44058598,4.19654014,3.04281436,3.79800829,3.87090115,3.60361515,3.99885372,3.43743174,3.15062463,3.55301200,4.06303166,3.73474423,3.89141304,3.38844591,3.45901443
3.47628601,3.85168860,4.10104223,4.13177610,4.30085772,4.43697127,3.19583956,3.64661587,4.29409850,4.43116045,4.24147980,4.04052099,3.41731298,3.15227201,3.20802745,3.15485291,3.21450897,3.06884254,3.25769867,3.21837969,3.12142399,2.94962546,3.17695813,2.95735121,3.07788481,3.03727314,3.08111653,3.24351686,3.61311876,3.91847061,3.92415524,4.01383353,3.30402242,3.65230521,3.76098510,3.49703970,3.41038974,3.38541486,3.04664513,3.55976254,3.80279031,3.91248914,4.00404227,4.20292875,4.36789932,3.29334239,3.97062026,4.21810811,4.00158299,4.03982439,3.90904019,3.38345049,3.20215154,3.05639796,3.20030087,3.21167671,3.12528542,3.46407125,3.04603577,2.98900212,3.12294085,3.01919749,2.99127004,3.04360497,3.08052507,3.03022931,3.01684834,3.02482227,3.01391873,3.20512485,3.34510560,3.07133463,3.30451619,3.14266670,2.97122791,3.09410205,3.10864174,3.08132133,3.69563362,3.73554682,4.04162717,4.07389376,4.11463094,4.12154512,3.18963710,3.67383613,4.02992361,3.68808366,3.09408403,3.12695343,3.16760138,3.76390537,4.18145803,3.83227001,4.28562124,4.37877207,4.08920291,3.19095855,3.86541290,4.24738141,4.29535150,4.20135255,4.24365185,3.55186197,3.41253212,3.66909858,3.81687561,4.11635567,4.03953316,3.95509590,2.92696984,4.05416891,4.05298894,3.78397259,3.82054987,4.02450230,3.09052956,3.73138300,3.97188654,4.15448321,4.15052134,4.03273127,4.10792463,3.06452934,3.85017868,4.19620359,4.04826603,3.82719077,3.73505921,3.05055634,3.82897012,4.10236779,4.14016808,4.14199054,4.04353138,4.22368134,3.02126700,3.83939329,3.93097953,3.99328373,3.74427345,4.18905447,2.98418061,3.72746438,3.87782917,4.24967031,4.09092855,4.04292614,4.16596617,3.22138162,3.80879218,3.88996909,3.89832989,3.79606431,3.70667132,3.02974229,3.53487249,3.78928115,3.94463427,4.06158190,4.07592247,4.06400957,2.96411598,3.62456319,4.04965761,4.20362272,3.84930315,3.72297768,2.66540437,3.87622150,4.18000314,3.86474784,4.00575970,4.02644264,4.38047900,3.39165766,4.24867479,4.43076755,4.40481626,4.14404755,4.07254962,3.65734060,3.36788588,3.55439051,3.78842857,3.83379378,3.92461503,4.18022427,3.12439080,3.92795179,3.81428103,3.59103071,3.11192822,3.20720256,3.02299434,3.55084601,3.89914537,4.07648490,3.93266466,4.20594413,4.24568714,3.27981711,3.99919313,3.89411724,4.02901844,3.97104600,4.06955360,2.99568908,3.40474156,3.96913520,4.04165889,4.09393462,3.95496516,3.99529138,2.85498025,3.66156086,4.20930217,4.08938485,3.58229036,3.76666749,2.90436658,3.35407412,3.58351709,3.76162685,4.04832555,4.11426081,3.96617312,2.73434680,3.61426663,3.98271926,3.70123853,3.33666245,2.87333798,0.00000000,3.89103360,4.14766130,3.99905348,4.05311862,4.18923709,4.26523167,3.43508372,3.88253874,3.96245722,4.01850908,4.05637018,4.17963469,3.76650467,3.55141162,3.80386904,3.99371639,4.02226391,4.15541084,4.23169883,3.07078594,3.68191369,3.77407187,4.12529904,3.87683405,3.98969155,3.03875998,3.63017821,3.93245637,3.91881475,4.12984239,4.14156635,4.32007354,3.45880267,3.79776374,4.04338803,4.02156117,4.14353968,4.09183864,3.83025180,3.17008481,3.92201566,4.14218925,3.95111356,4.09356790,4.25907285,3.25932712,3.80794971,4.13767915,4.33935900,4.29779495,4.27445256,3.54098139,3.01545508,3.76681948,3.77684755,3.74425766,3.54797741,3.76386534,3.03241922,3.70512356,3.83527097,3.59466912,3.57103663,3.81288123,3.31588195
2.64718683,3.44071081,4.07636781,3.58341797,3.52619584,3.39074016,2.35224483,3.82342334,3.99977757,3.85272217,3.73333071,3.71222725,3.58044661,2.87825332,3.06996467,2.94313399,2.75375721,2.77191276,2.77273944,2.86736646,2.53588532,2.55665807,2.42082301,2.49899751,2.48152591,2.54424695,2.83136086,3.30062990,3.25029739,3.51305408,3.55620590,3.43006673,3.04122092,3.42411394,3.26035441,3.24064929,3.25246914,2.76199072,2.59873034,2.91639480,3.62094475,3.75121406,3.40305604,3.67031082,3.50230242,2.59537861,3.82928169,3.86180891,3.62553312,3.77913506,3.52191168,2.95457168,2.77220550,3.02943430,3.02294475,2.92456391,2.77030869,2.96021019,2.90729723,2.57099653,2.64479672,2.65558525,2.61934251,2.66213613,2.50834977,2.48580606,2.72403590,2.71370190,2.71073775,2.75195210,2.85207236,2.68239527,2.76606714,2.54930497,2.47269825,2.65468556,2.59388684,2.58258980,3.18967735,3.79372866,4.20069299,3.96429780,3.60379806,3.39086785,2.65763398,3.60403374,3.47302487,3.17972149,2.55733158,2.53886822,2.57176319,2.83674270,3.81602467,3.76989379,3.81420143,3.93053926,3.16840104,2.68363883,4.06757135,3.93277750,4.03367633,3.73116601,3.88529352,3.73737924,3.04605918,3.71435789,3.81453028,3.68008219,3.66427633,3.46040581,2.80714569,3.83806165,3.73898127,3.54698186,3.52704031,3.69023083,2.49578770,3.07193737,3.64318395,3.96601134,3.85808357,3.68399486,3.33953914,2.67684822,3.80310645,3.57891145,3.88578364,3.34328093,3.34536742,2.57793716,3.24625457,3.94435583,4.15284086,3.77579403,3.77991667,3.48971175,2.63457519,3.75487816,3.60556542,3.78064387,3.54566438,3.83543372,2.53469922,3.12451356,3.83588591,4.21084482,3.99850532,3.56035252,3.32242042,2.60767602,3.76455750,3.69212971,3.47936788,3.18623601,3.14303658,2.52060908,2.92006280,3.59416956,3.88139640,3.98949741,3.87862320,3.37576943,2.52439150,3.99995038,3.94250715,4.08243978,3.75369317,3.88970654,3.67240472,3.02374686,3.49963175,3.76927472,3.84326198,3.62064716,3.64551754,2.88970079,3.94156996,3.88029005,3.69533311,3.64393895,3.62410908,3.35733101,3.16612080,4.09112301,4.32150061,4.06725513,3.87927899,3.41329722,2.76874845,3.87061574,3.62291342,2.99436995,2.94958416,2.57530686,2.54187810,3.25893005,3.83945757,4.13455340,3.98312509,3.82432126,3.64387462,2.73408766,3.98526325,3.55377695,3.64207469,3.38724459,3.33989503,2.67303857,3.17018337,3.88352692,4.30760347,3.92816219,3.51981478,3.19675036,2.77436948,3.86559579,3.91580851,3.58350886,3.00210831,3.66576724,3.47292839,3.28571094,4.11207390,4.22405274,3.98729611,3.87245277,3.28478011,2.62713630,4.00875963,3.56153754,3.74346403,3.48889796,4.05369721,3.89103360,0.00000000,2.75789185,3.50173689,3.19268001,3.40778037,3.32911808,2.32667627,4.01802071,3.79793791,3.34600023,3.45417304,3.24001051,3.01701287,3.11294677,3.80253913,4.08120816,3.95974241,3.60119784,3.50360643,2.67878619,3.66196936,3.67272482,3.51671625,3.41203270,3.10411755,2.58823714,2.65917434,3.08592605,3.77705530,3.63854794,3.30052277,3.32172321,2.83706978,3.67441792,3.64211619,3.42862498,3.66838262,3.87389981,3.13890006,2.63106637,3.13481294,3.38640431,3.30282380,3.44805362,3.48497082,2.56873258,3.84740392,3.90902882,3.59284341,3.57548928,3.77602883,3.37804686,2.53470567,2.91748611,3.00883111,3.20954924,3.41204425,3.25935629,3.09635228,3.88737676,3.91914253,3.52495996,3.42382001,3.70443685,3.08898247
3.61290464,3.34200696,4.28916147,4.08459104,4.09849313,3.88550280,3.23413943,3.69609697,4.55789005,4.51944455,4.31526038,4.10674947,4.07709733,3.78527971,3.66878699,3.62852881,3.56943153,3.55528844,3.53188587,3.65221688,3.07684217,3.13288051,3.06879203,3.04828868,3.10734656,3.09284831,3.18243877,3.62463785,3.85378462,3.78877349,4.25520686,3.95569336,3.37849856,3.63944343,4.04181065,3.68905063,3.74617788,3.44075003,3.16662075,3.85299150,3.52453472,4.05796171,3.70834681,4.06052659,3.79125328,3.13948920,3.76435797,4.47827855,4.20141053,4.25419111,3.73736400,3.63528474,3.36266483,3.36579260,3.53258889,3.39283838,3.35361885,3.35417473,3.35566311,3.04275153,3.14140580,3.14276475,3.10568030,3.13397405,3.03868040,3.11864280,3.13106243,3.08624427,3.18893798,3.33327285,3.30743756,3.25806486,3.08874258,3.17172563,2.98104697,3.10328824,3.03518364,3.13050323,3.93173246,3.84801781,4.43400566,4.19573594,4.10229399,3.62858365,3.41959560,3.57558883,4.14985138,3.78622900,3.12481384,2.96732853,3.04731077,3.42989687,3.34947203,3.52622379,3.94785501,4.19306025,3.47431092,3.34860229,3.86168305,4.51655092,4.40900438,4.30569960,4.12916582,4.18551499,3.85081898,3.75516821,4.09103654,3.95091779,3.91062594,3.56622660,3.15937878,3.79749717,4.29928335,3.78289034,4.03019049,3.97341610,3.01270792,3.93653728,3.55217718,4.34741414,4.06507517,3.93935282,3.70852650,3.37053741,3.94879390,4.41412977,4.40698020,4.17556061,3.89226445,3.13998089,4.37665587,4.16040132,4.44427515,4.10196122,4.17247238,3.82945616,3.37218584,3.69868278,4.24495402,4.13885136,4.01205571,4.13545823,3.11409315,4.15094629,3.74664608,4.53697446,4.14445632,3.78935900,3.49480095,3.13205250,3.67243425,4.17788133,3.78970724,3.77177777,3.43185035,3.07319796,4.04633581,3.91945676,4.42096858,4.50371294,4.26468219,3.64472329,3.26844984,3.85439336,4.53503526,4.63199778,4.30601195,4.10969736,4.20031087,4.10795791,3.52496605,4.04730821,4.27461428,4.09696934,3.91080872,3.42278298,4.00552586,4.62552188,4.19524462,4.08493156,4.02457454,3.86909662,4.05937681,3.85748257,4.59482370,4.27172120,4.16601495,3.68430116,3.28599744,3.82205394,4.18753718,3.50334486,3.27776980,3.14221622,3.10599179,3.95973597,3.73610516,4.37391052,4.23788600,4.19364293,3.91865296,3.50264237,3.92923773,4.25450276,4.14848613,3.93363587,3.80153159,3.09983346,4.06087990,3.96575930,4.70501445,4.33728973,4.09817143,3.59008731,3.39331219,3.73032733,4.38884752,4.11037478,3.76270894,3.79974995,3.83421945,3.93998455,3.78958298,4.37072592,4.21708443,3.99363613,3.58453273,3.22376655,3.84549946,4.34227480,4.09388806,3.92676044,4.01989047,4.14766130,2.75789185,0.00000000,2.96775372,3.28663915,3.80612338,3.52560993,3.14061859,3.68213731,4.19469913,3.83147313,3.99686660,3.79541550,3.69693660,3.99999748,3.82043163,4.42409084,4.24532475,4.16816533,3.90553106,3.47573135,3.71232847,4.24467150,4.13924752,4.29314925,3.73000200,3.09759385,3.62866345,3.14980694,3.72852642,3.87493147,3.76500418,3.59703775,3.39060412,3.54426547,4.18695052,3.97681284,4.07579927,4.05354632,3.82052900,3.37607244,2.98601720,3.65540444,3.62401288,3.86732678,3.63876983,3.17310290,3.50417134,4.52945236,4.21765057,4.18925180,4.13210504,4.09203810,3.10340489,3.12952653,3.48750071,3.35511391,3.94790166,3.23924490,3.36486094,3.38445890,4.05031520,3.76235704,3.66806007,3.71645758,3.38903799
4.03134632,3.94744209,3.23570573,4.10738140,4.14258848,3.85049098,3.48915349,3.38969714,4.02375737,4.89266447,4.43886236,4.09461515,4.12559499,3.85444432,3.72834499,3.60769728,3.76285001,3.55574636,3.63056980,3.70367807,3.27811025,3.31489190,3.34058109,3.17529648,3.32784292,3.33154537,3.40646512,3.72588583,3.97132793,4.19297535,4.16536075,4.00915515,3.68064093,3.63522681,3.88203545,4.01048695,3.84166291,3.52910050,3.39859217,3.96325365,3.80888214,3.18794439,3.90270639,4.24440482,3.72758878,3.41100881,3.31085842,4.08697325,4.62955457,4.15346469,3.67227186,3.53304224,3.82211069,3.77621598,3.48183387,3.76785419,3.55190689,3.63725339,3.57067795,3.27572828,3.39152279,3.31322279,3.28880881,3.29398642,3.26507396,3.32265532,3.30494424,3.14561748,3.30763549,3.32322609,3.40056211,3.40348958,3.13630301,3.23665600,3.24402316,3.36488555,3.22596605,3.29644401,4.21579562,4.00904907,3.76694036,4.40638428,4.16562016,3.79352099,3.46063422,3.41843293,3.80552602,3.87276390,3.23200021,3.15589993,3.22494582,3.99856300,4.08247193,2.82155787,3.92745204,4.23946901,3.62183990,3.51818123,3.43190622,3.96524540,4.73815985,4.31662315,4.26176583,4.27500707,3.98339469,3.90388663,3.71297905,4.31945356,3.84218745,3.74872200,3.39509929,3.55203885,4.17754678,4.49609873,3.94037993,4.19934177,3.24434823,4.06495562,3.73311742,3.66775264,4.26578440,4.02996830,3.87665269,3.36140456,3.63912328,3.99092274,4.59661196,4.17942625,4.18690526,3.29447773,4.42570728,4.27037810,3.78161913,4.28909407,4.21752372,3.98980918,3.40528619,3.49953062,4.04527986,4.53181489,4.02876914,4.42107914,3.32419880,4.22873034,3.86835088,3.73340499,4.27641994,3.88802323,3.82499894,3.42527418,3.52832163,3.77747371,4.26357499,3.79403347,3.63072897,3.25203278,4.12814652,4.06881616,3.86965931,4.34157798,4.08359237,3.76063964,3.42700630,3.45717534,3.98983309,4.97336365,4.28523313,4.08570421,4.22466513,4.32332855,4.02056513,3.41700120,4.24308387,4.14452091,3.81636168,3.54881384,3.78686422,4.45123707,4.64524169,4.31274470,3.96281966,3.84052422,4.22508761,3.94190630,3.76280371,4.44605731,4.14487423,3.93244632,3.59453356,3.84225502,3.95668259,3.94881732,3.60476476,3.34550788,3.24699144,4.26304016,4.17390275,4.07553952,4.41124992,4.15873657,4.10736467,3.64637877,3.77726610,3.95972396,4.52601247,4.05825992,4.03723583,3.22133135,4.19417876,4.05384683,3.71134842,4.43258019,4.12905187,3.84864652,3.43871029,3.54798469,4.12492674,4.55223479,3.83652065,3.69031051,3.77223640,4.22974269,4.07321566,3.87254254,4.48990554,4.03024903,3.75397803,3.45034164,3.45909226,4.00410411,4.63627156,3.99403858,4.03764880,3.99905348,3.50173689,2.96775372,0.00000000,3.31482470,3.83955194,3.50091502,3.39806677,3.13324778,3.64713242,4.31694415,4.09508978,4.00190989,3.88462649,4.07593656,4.13775162,3.79348980,4.39380943,4.14174219,3.87450551,3.46433070,3.70166601,3.84397607,4.51441038,4.13601305,3.91834964,3.31068820,3.71985539,3.72631594,3.21121874,3.82676397,3.86979338,3.63355005,3.53499029,3.35426683,3.81235904,4.24849266,4.08229364,4.13725127,3.85366907,3.58741063,3.74460856,3.32083951,3.76097430,3.89463418,3.52593649,3.40650627,3.23768965,4.02029803,4.74873732,4.33416653,4.08969709,4.16661067,3.26325705,3.37008206,3.31910963,3.46185037,3.57042963,3.25993191,3.25356371,3.37584963,3.78171697,4.17030429,3.82359511,3.94135136,3.63530439
3.55614360,3.89861615,4.07935241,2.60681289,3.69788110,3.59002038,3.13401021,3.47723415,3.61861574,3.72531529,4.50479291,4.02308942,4.16035481,3.29429363,3.32443100,3.27897343,3.08978856,3.30734471,3.08573621,3.09542978,2.86939163,2.79223382,2.88011112,2.84155120,2.85878986,2.76238455,2.92995809,3.35567367,3.62960781,3.41394546,3.74739963,3.54212411,3.44688577,3.46832154,3.58750429,3.32493450,3.50033408,3.08993187,2.87469563,3.63701642,3.94777983,3.82637435,2.52041035,3.56883112,3.46253098,3.11087781,3.62809909,3.41152251,3.55947848,4.20573180,3.65278863,3.56476022,3.08769297,3.16081940,3.03707527,2.89574032,3.20938371,3.22471941,3.12576079,2.82878935,2.91983942,2.86839827,2.80274828,2.80182161,2.83340817,2.85795370,3.00922956,2.87554576,2.86950500,3.16360582,3.01409911,3.02070812,2.88014504,2.78254359,2.79162211,2.97398789,2.78622464,2.83253305,3.85061689,3.78974308,4.25106191,3.25835341,3.72498161,3.44658867,3.11106646,3.15584898,3.52548665,3.21291139,2.86406900,2.78582186,2.79772006,3.55215585,4.07472610,3.73196663,2.58218597,3.66390978,3.29741535,3.00900128,3.68430263,3.63153849,3.50457782,4.25041190,4.12568432,4.07448967,3.57027919,3.81722576,3.81787798,3.23939123,3.80875137,3.49015263,3.01237310,3.65405703,3.69635583,3.76171002,4.20773005,3.83894354,2.78842034,3.83993212,4.00007279,4.15035569,2.99393052,3.76340709,3.44147927,3.16325520,3.63057455,3.60645351,3.82268533,4.21181215,3.83707504,2.82353145,3.92793128,4.19959526,4.06975654,2.83078224,3.76471866,3.50317208,3.18688922,3.49181643,3.46817480,3.56010487,4.29036729,4.10373537,2.87352588,3.81955824,3.89981596,4.16756060,3.16202435,3.63509759,3.48499547,3.10182462,3.53220150,3.50502348,3.14051159,3.91742576,3.40234288,2.76655250,3.90986841,4.01013808,4.08462783,3.16605387,3.59034837,3.36605075,3.18482937,3.50257362,3.52276831,3.59396116,4.49915721,4.04676597,3.97555153,3.84121194,3.87010056,3.87049435,2.93703065,3.71659130,3.39145660,3.27798622,3.82552616,3.49927624,3.66883106,4.41235217,3.99452571,3.67536068,3.84669708,4.09596724,4.10001716,3.05679978,3.79290398,3.54919241,3.19827018,3.51080447,3.52279097,3.34745243,3.45268884,2.97569387,2.87217028,3.79072017,4.06886859,4.35386406,3.21316785,3.60251098,3.56865807,3.40028502,3.79249037,3.54913279,3.77232577,4.32988531,3.74481592,2.77455042,3.79288475,4.12390577,4.07764903,3.00117963,3.61245827,3.38447023,3.20018981,3.52744605,3.53540691,3.26061486,3.78893080,3.85245141,3.76083989,3.68961028,4.12934499,4.07307008,3.17484571,3.75694469,3.48078591,3.16689328,3.56783010,3.42269678,3.56575870,4.32529075,4.17204165,4.05311862,3.19268001,3.28663915,3.31482470,0.00000000,3.12064608,3.41321130,2.95212843,3.27960556,3.14676554,3.17779061,4.22627868,3.70126671,3.41871995,3.78628731,3.96428128,4.29170406,3.10483841,3.71252127,3.48068024,3.22386374,3.61412849,3.59874470,3.55811542,3.91483455,3.38010850,2.81678363,3.11658939,3.71418450,3.35916420,2.25359059,3.29777644,3.44176237,3.17618683,3.45862839,3.29062490,3.73896648,4.35551455,4.15849299,3.64884885,3.15924222,3.58892974,3.74370303,2.61164868,3.37808718,3.44769645,3.13655185,3.51220849,3.39594202,3.45278075,4.46845049,4.14590037,3.84887402,2.77735065,3.05841108,3.42367599,2.99283221,3.28483816,3.09659857,3.15353121,3.40736143,3.52413592,3.31024496,3.75765237,3.75625821,3.19310077
3.85035017,3.99986484,4.15191207,3.35095532,2.07309731,3.08335185,3.12207675,3.44286376,3.17708820,3.55916286,3.65119808,4.48799111,4.22896327,3.23692532,3.21221979,3.07104761,3.19373487,2.96517557,3.05827969,3.08267470,2.76868723,2.79443416,2.90554984,2.78662824,2.86701076,2.80658218,2.99555680,3.26495631,3.57909865,3.28822383,2.97318019,3.27600521,3.36213355,3.37177705,3.26731700,3.31041132,3.21029921,3.11601717,2.91076830,4.01885695,4.10525548,3.73680007,3.18968876,2.08159431,3.13494798,3.26026511,3.51163771,3.21425986,3.50157477,3.83797607,4.40888983,3.98903204,3.06996474,3.08369607,3.08890443,3.03994688,2.82246029,3.01992656,2.98735783,2.89694866,2.98325216,2.86236592,2.76550975,2.87551915,2.78842969,2.91967149,3.08109188,2.89543286,2.90847177,2.83491694,2.97475795,2.97916380,2.76650954,2.68574713,2.87032158,2.80304070,2.87854879,2.84627041,3.61382534,4.08784276,3.87695717,3.48469745,2.45431004,3.33992904,3.17542854,3.27483687,3.10162477,3.34397052,2.74630427,2.84592070,2.75840343,3.87217747,4.16019607,3.76807148,3.23614225,1.92771915,2.92857362,3.26248007,3.56496176,3.18293714,3.51829596,3.32306546,4.37172691,4.21834518,3.55163635,3.64247400,3.53213120,3.48893652,2.79691679,3.15592840,2.92751367,3.38500932,3.24408446,3.57678376,3.88737067,3.99222890,2.89555485,3.81373949,3.88952876,4.05468499,3.77189896,2.75738854,3.43739441,3.13276777,3.31782567,3.38162139,3.81174731,3.72591901,3.85953664,2.84253689,3.93442418,4.33928951,4.08508857,3.54258643,2.76310427,3.07412907,2.99921975,3.39633714,3.09963824,3.62807709,3.81595697,4.54646253,2.90490695,3.63140110,3.83836181,3.96404753,3.78934315,2.60411057,3.42615673,3.12883659,3.51495097,3.40902731,3.57461716,3.60190076,3.60417116,2.82349879,3.70885541,3.84143900,3.54127755,3.56211091,2.38044775,3.14186622,3.15351667,3.55004223,3.27227254,3.68899930,3.72729581,4.59441799,4.24641378,3.73996356,3.97369406,3.82178612,3.68081357,2.42522991,3.04010457,3.38140073,3.59658164,3.38585414,3.53913141,3.85546333,4.43737467,3.92031876,3.65195749,4.01497761,4.07871447,3.53730426,2.55639383,3.27758913,3.05468652,2.98453177,3.03502959,3.66325752,3.19614362,2.88330666,2.84559790,3.87448733,4.22690748,3.86343813,3.70126717,2.68381608,3.26873029,3.13329300,3.64449737,3.16391403,3.86076101,3.62446103,3.97939843,2.85488128,3.78152653,4.00779705,3.92096345,3.39628896,2.46357308,3.21710259,3.18410474,3.57471061,3.22946375,3.35965281,3.35481870,4.34406658,3.84998866,3.86812805,4.11587030,4.05823821,3.68997987,2.59209152,3.39368074,3.24109784,3.51488455,3.12843272,3.49683591,3.64331337,4.69090279,4.18923709,3.40778037,3.80612338,3.83955194,3.12064608,0.00000000,2.70757443,2.94777166,3.33314848,3.07782838,3.32139334,3.34161023,4.14231387,3.70896873,3.66942394,3.80965304,4.06692235,3.71121027,2.50641360,3.28932009,3.15892154,3.55680608,3.27372644,3.67343994,3.58125366,3.74626639,2.85996668,3.52617227,3.67104636,3.69392214,3.25698997,2.19486398,3.15127799,3.44512828,3.44522903,3.10738429,3.78706311,3.75449549,4.43208277,3.67492933,3.10773358,3.80543219,3.79397855,3.42507882,2.29008403,3.17086085,3.37256311,3.44696459,3.40814367,3.58130693,3.66607706,4.59456755,4.03736449,2.76672630,3.11879785,3.34889528,3.23230639,2.82333068,3.17496330,3.18191921,3.53324402,3.38507225,3.30391803,3.26446685,3.95010293,3.40467608
3.67354603,3.37905504,3.76543461,3.66776315,3.26127024,1.60259447,2.67963592,3.01659709,3.33316124,3.78510201,3.33017635,3.61065454,4.55770306,2.72745758,2.64863984,2.63036144,2.74389944,2.55655411,2.41484283,2.61644502,2.24127171,2.31165059,2.28859685,2.21378385,2.41509846,2.33040128,2.47248185,3.02371612,3.34092991,3.26189029,3.19395468,2.59582225,2.97157055,2.80563121,3.14259538,2.98192181,2.91089743,2.55481184,2.34864395,3.78892056,3.57819184,3.59590493,3.44301422,3.18170914,1.81309183,2.66470539,2.94933050,3.27357156,3.65697936,3.41452095,3.44512501,3.67507392,2.79688520,2.82967570,2.81915545,2.85003409,2.70952616,2.36656035,2.58635794,2.29828651,2.37479176,2.34361504,2.30826950,2.29708222,2.30678722,2.42854375,2.38889456,2.38887317,2.42363483,2.33480648,2.08891402,2.40471923,2.22121167,2.34409249,2.34611940,2.32523204,2.19858381,2.29094873,3.58012005,3.51765245,3.92182866,3.71761353,3.24057639,2.19848006,2.97885810,3.01276244,3.16051084,2.97736476,2.43073684,2.27628573,2.22825450,3.89404094,3.87885865,3.58274760,3.70996375,3.29289804,1.93232588,2.88873490,3.05739627,3.30886489,3.84303760,3.30496132,3.45576573,4.44909924,3.45256815,3.07506795,3.60165357,3.54958801,3.09671914,2.12214161,2.88764396,2.90483407,3.35362039,3.44023082,3.46662502,3.60504877,2.26272780,3.68106829,3.33126755,4.00957371,3.79857932,3.27035699,2.47249717,3.00594664,2.95190608,3.30858716,3.63801221,3.70167272,3.20258418,2.24600258,3.66041204,3.65120633,3.92612484,3.65227541,3.21910301,2.03775550,2.78633583,3.06602399,3.36844746,3.30649607,3.47124139,3.85052548,2.32782337,3.60034830,3.32637789,3.85241735,3.88743865,3.05920773,2.39422456,2.86293593,3.02661667,3.38635350,3.42772535,3.29488827,3.01500472,2.23755100,3.45458881,3.14622145,3.51303184,3.69191607,3.23671126,2.05896504,2.75736553,3.00673326,3.35178515,3.89117011,3.42138328,3.75063461,4.49503838,3.73254420,3.63591853,3.57489829,3.80254840,3.29904988,2.01510417,2.78494280,3.24129409,3.41326498,3.53988375,3.09651872,3.53287700,3.69035078,3.66908138,3.56195987,4.15610642,3.68974502,3.31053327,2.19673818,2.81412778,2.74200623,3.20974439,3.10868980,2.86786505,2.40018192,2.21855561,3.79565468,3.63049920,3.87711331,3.76819812,3.41301466,2.41609242,2.88709338,2.94075737,3.25997293,3.40134597,3.43026469,3.42114227,2.36199478,3.55456786,3.62944532,3.97419218,3.79941991,3.27272381,2.13237620,2.84694959,3.20650801,3.37849306,3.39984970,3.30120358,3.57967986,3.88732672,3.67442764,3.59592654,4.05650832,3.89736249,3.18577189,2.31264113,2.95189772,2.97925972,3.13226131,3.47725575,3.09762903,3.83279147,4.26523167,3.32911808,3.52560993,3.50091502,3.41321130,2.70757443,0.00000000,2.32956605,3.06486163,3.07994659,3.30602882,2.92358698,3.47959061,3.98393910,3.57336682,3.30394671,3.74114220,3.77536184,3.32012736,2.24324252,3.00824608,2.89950804,3.35205251,3.39865069,3.52008486,3.24280744,2.33671851,3.53737621,3.16602970,3.47971855,3.59334039,3.13069083,1.89724818,2.87181286,2.91463234,3.02706887,3.43135955,3.21450907,3.53925573,3.26023996,2.98350492,3.38972819,3.53521727,3.44935700,3.36228451,1.90068189,2.86181276,3.06036466,3.52115694,3.91671960,3.45240847,3.79847966,4.34066045,2.25409545,2.64516725,3.12240921,2.86950263,3.01604040,2.24107468,2.75020371,3.05000742,3.03638920,3.14962639,2.86095584,3.10089302,2.95474584
2.91881825,3.07331358,3.69689410,3.31151419,3.41322684,2.74162727,1.58660840,2.84112658,3.29462436,3.35456594,3.43787562,3.07294648,3.32806151,1.87530583,1.99217282,1.94100276,1.85666876,1.99135778,1.80652864,1.88410030,1.59912477,1.55980466,1.46556806,1.44299820,1.58855558,1.50207636,1.81383257,2.37690234,2.68466061,2.74992436,3.06348370,2.57667731,2.35450713,2.54334339,2.70842723,2.53676609,2.45185129,1.96250898,1.59875994,2.81714327,3.00479592,3.25119558,2.96002511,3.31648509,2.53622343,1.63002447,2.94739953,3.17813554,3.19302692,3.35044963,2.94636080,2.76066890,1.95471801,2.16935842,2.11722712,2.10386717,2.24743716,2.03450995,2.04600320,1.66245424,1.61833240,1.62796316,1.57916712,1.66443972,1.60119989,1.79044424,1.71435563,1.84875042,1.75166997,2.01983089,1.86110261,1.78446467,1.82291917,1.65335075,1.58068400,1.71070904,1.59571906,1.55669508,2.77289597,2.84971366,3.56983944,3.28269893,3.17503930,2.56234149,2.16650451,2.79898174,2.90774908,2.47898619,1.77918037,1.65220098,1.56384760,3.10924836,3.48901178,3.41144113,3.43179714,3.49593791,2.46248046,1.80922899,2.94609458,3.25477841,3.44214252,3.35131033,3.04877216,3.34738452,2.69458027,2.89871712,3.11731858,3.03505593,3.20968321,2.50726071,2.25832932,2.95080254,3.19494299,2.99397636,3.27821489,3.05324407,1.49576883,2.80379656,2.95533558,3.46574713,3.32053589,3.39618361,2.51428053,2.26179900,3.16191162,3.12598509,3.48623902,3.14053486,2.62392698,1.53979987,2.96098543,3.23080874,3.66663452,3.07309793,3.30074109,2.67507476,2.08548347,2.84489862,3.03926736,3.12840908,3.16877109,3.14204686,1.55921687,2.83881775,2.99234610,3.53340633,3.35288048,3.22396658,2.69310517,2.20536238,3.10169390,3.39411244,2.99325659,2.95543867,2.63053351,1.55719508,2.64632313,2.76217041,3.18525771,3.17052409,3.29670132,2.48516497,1.78714845,2.89984058,3.30176497,3.56144492,3.44726804,3.32957709,3.58927259,2.83666181,3.11104535,3.16442243,3.41338976,3.34022025,2.79315370,1.97916939,3.04314854,3.18725118,3.28358838,3.12813879,2.84413088,2.84210073,2.82009150,3.24540235,3.67684253,3.26807950,3.38095015,2.55328224,2.06622156,2.88695058,2.96992349,2.50235144,2.04680170,1.67246836,1.55719304,3.02827761,3.22267745,3.52681907,3.20904721,3.38416819,2.90654743,2.17162059,3.00753114,3.16111814,3.32055397,3.25263946,2.90926318,1.64117384,2.74220631,3.32796285,3.74208698,3.30875770,3.16444271,2.57873743,2.14297011,3.15615494,3.37016417,3.08890917,2.70488781,3.05358733,3.07296476,2.99464375,3.37724617,3.68280417,3.43816284,3.43912143,2.37207385,1.99445547,3.05866548,2.98134782,3.10011522,2.93235311,3.36056881,3.43508372,2.32667627,3.14061859,3.39806677,2.95212843,2.94777166,2.32956605,0.00000000,2.93681747,3.00199896,2.69471437,2.81093302,2.45933172,2.64964583,2.86933011,2.98679624,3.44082039,3.24670642,3.32844619,2.59363815,2.12867201,2.71815627,3.29675620,3.29824051,3.01895244,2.52653042,1.62774016,2.86862457,2.80602224,3.20712780,3.25003439,3.12739456,2.70425392,2.02931692,2.69884134,2.98747069,2.99463451,3.17567433,3.01809751,2.51149994,2.14859465,3.05991742,3.28719736,2.92836708,3.23606158,2.61144731,1.70222597,2.89798526,3.26920656,3.29299580,3.34923660,3.22418033,3.09785925,1.59113549,2.21131731,2.42879312,2.38633621,2.74164048,2.39029736,2.17354979,2.83953141,3.07697240,2.73760019,2.55776335,2.60224212,2.10830754
4.32585896,3.74520046,3.59621376,3.61385955,3.78837751,3.36607653,3.24313931,2.12925185,3.36182359,3.89618637,4.05228450,3.73361219,4.02703425,3.29246015,3.05017246,3.09504554,3.24231278,3.16358555,3.07270010,3.01055346,2.72779839,2.78959860,2.89574940,2.73464023,2.90287713,2.78854489,2.88114521,3.13450189,3.61603044,3.45908530,3.72528714,3.28271536,3.09071693,2.89639450,3.38818831,3.29192377,3.22252577,2.92872785,2.84156918,4.24402048,3.62164678,3.49143393,3.41415082,3.64114144,3.18181365,3.09280027,2.50646763,3.44492758,3.88311954,3.85488758,3.42821116,3.65618485,3.27503824,3.10902393,2.98185291,3.11109825,3.18061230,3.03494452,2.93699486,2.78732154,2.85657660,2.75810262,2.69417930,2.76407804,2.80649363,2.94718119,2.89469321,2.76893284,2.88691539,3.10855455,2.84357068,2.88083748,2.71956451,2.85011254,2.86537319,2.92990982,2.69020091,2.80870964,4.14200506,3.31379592,3.38712735,3.60987623,3.63639310,3.20256244,3.07868502,2.68348161,3.44075921,3.26890752,2.86509011,2.72422347,2.73485917,4.38345575,3.99569125,3.24535782,3.55745633,3.57256780,3.19003456,3.23959999,2.15696206,3.36646781,3.78563198,3.98003162,3.88967247,4.09001621,4.01306445,3.25268421,3.53213568,3.85836299,3.56161403,3.21424493,3.11852653,2.98593635,3.81956793,3.85863718,4.05623108,3.72009148,2.80600174,4.36413296,3.26171776,3.56790988,3.56978776,3.65851473,3.22856539,3.15452673,2.76288048,3.52954430,3.91969067,4.10110777,3.67132976,2.76702064,4.31037561,3.76428130,3.59658848,3.61976510,3.69170464,3.42238138,3.08029979,2.54945350,3.42785802,3.91030268,4.02155132,4.17747153,2.85802109,4.27394959,3.28831879,3.57433737,3.68127657,3.58902981,3.44286582,3.24462258,2.94335921,3.46050552,3.67069125,3.78328555,3.34769738,2.77637020,4.14353438,3.65540855,3.60175257,3.50846059,3.51471292,3.18009950,3.19262455,2.33283135,3.33067823,4.13619628,4.14991250,3.93713657,4.23228637,4.29754220,3.77766339,3.28505541,3.69444784,3.61176693,3.31650130,3.18120018,2.52559678,3.53898097,4.05929982,3.70995141,3.73469311,3.58569050,4.15964577,3.29337508,3.55976068,3.65361323,3.53568662,3.22973686,3.24581999,2.78710678,3.43814677,3.54041397,3.22488871,2.92145517,2.72892159,4.23270657,3.60362116,3.65529450,3.62216401,3.72287112,3.48171865,3.40481162,2.69592202,3.52226745,4.02777524,4.05606985,3.76993380,2.73194529,4.12874451,3.63209047,3.43654871,3.64992043,3.62898976,3.36932930,3.03909679,2.61537549,3.39799712,3.74702631,3.84154995,3.59621658,3.54274795,4.21331147,3.32770712,3.56558068,3.93198583,3.62079858,3.36821301,3.13862782,2.48564022,3.41650367,3.78547772,3.86345933,3.79827536,3.88253874,4.01802071,3.68213731,3.13324778,3.27960556,3.33314848,3.06486163,2.93681747,0.00000000,2.64535929,3.43088126,3.52555943,3.59848795,3.57363253,4.19264300,3.50827179,3.45815288,3.65365121,3.83261877,3.28802123,3.20716929,2.78021082,3.42024778,3.89403518,3.86180485,3.47472602,2.78370044,4.02134372,3.57360826,3.27513964,3.58192955,3.50535590,3.30984488,3.21538520,2.34004511,3.15179507,3.62290808,3.64909527,3.58566478,3.41347359,3.29602243,3.73637919,3.55565080,3.49111546,3.49086769,3.16356435,3.17748623,2.22860700,3.48578700,3.99847096,4.05999066,3.92762440,3.94749773,2.73607813,3.10972988,3.41453689,3.03315460,3.22033225,2.96741886,3.01135672,2.73721440,3.22932963,3.46679498,3.33402181,3.24711389,3.23100997
3.92943167,4.25137234,3.94880929,3.34238833,3.30834993,3.30215673,3.14067590,3.10857906,2.38180997,3.43168635,3.60378555,4.00629912,4.20683996,3.15002766,3.18376220,2.94176220,3.19096216,3.00091358,2.92031425,2.92005007,2.70153804,2.74553556,2.80248085,2.70058489,2.80032407,2.72859927,2.75925185,2.97108174,3.47388480,3.20716185,3.26648001,3.09886151,3.04248605,3.15981563,3.11061803,3.20325405,3.20981506,2.84638951,2.72549840,3.85109634,4.16994938,3.64058838,3.35141442,3.25517509,3.18630652,3.12301416,3.23144607,2.36846996,3.51872924,3.26549327,3.65357878,3.54617429,3.14754392,3.23361374,2.89596556,3.03613068,2.99977746,3.01032750,2.99711818,2.79198095,2.75213635,2.70881469,2.72088385,2.68054462,2.68792821,2.86030182,2.94449410,2.72268905,2.76647492,2.98314890,2.73469928,2.86698568,2.76846424,2.66750482,2.80451326,2.80450615,2.69191873,2.80759970,3.82648517,4.02755404,3.57089056,3.51704516,3.29028338,3.24257292,3.11930296,3.07980975,3.03504911,3.13648347,2.79342474,2.73732975,2.64316543,4.02342281,4.35711848,3.58610818,3.21488837,3.24047303,3.12603095,3.10074523,3.17475126,2.56769616,3.50524340,3.61744407,4.13551057,4.28467668,3.56081433,3.65112220,3.43498101,3.64050054,3.31267218,3.11967420,3.11409415,3.27039623,3.07298332,3.69010938,3.78847062,3.66395139,2.76046307,3.91267849,4.05361694,3.63650396,3.62175682,3.25214528,3.17728268,3.05347220,3.17606806,2.95158811,3.71062281,3.86624802,3.66153265,2.75034100,3.76787190,4.10071480,3.70999246,3.38945630,3.28369735,3.20008058,2.97672151,3.12507527,2.78744154,3.32309863,4.09382422,4.20870288,2.73102050,3.94465078,4.16311763,3.76904123,3.75176456,3.28812783,3.23811923,3.14444866,3.20404911,3.01161792,3.53638412,3.73114050,3.41005739,2.74049664,3.85368537,4.01788348,3.45676361,3.32306125,3.03565170,3.12720788,3.06532612,3.26715664,2.73582310,3.59724584,3.92292126,4.30186952,4.20531107,4.06152992,4.36793053,3.61791230,3.58332001,3.18918031,3.16567606,2.98602153,3.18628355,2.67778775,3.61905203,3.49410894,3.75366157,3.64051311,3.80060045,4.11240997,3.40734340,3.60623939,3.30373996,3.24360888,3.17285654,3.10808685,2.79237581,3.44125105,3.24133398,2.91535015,2.71674697,3.71302403,4.06750625,3.56325860,3.38122276,3.22960181,3.27308060,3.16695580,3.20855987,3.09549681,3.75435083,3.98086820,3.75667099,2.67200633,3.68717963,4.30237435,3.52178739,3.31212178,3.18233807,3.27328573,2.96885211,3.18194212,2.69857056,3.35603502,3.54352249,3.98354283,3.60274643,3.86264550,4.09094335,3.47484987,3.62070622,3.25824058,3.28499547,3.07631349,3.06119323,2.53926074,3.44851170,3.72055848,4.27678168,3.96245722,3.79793791,4.19469913,3.64713242,3.14676554,3.07782838,3.07994659,3.00199896,2.64535929,0.00000000,3.19477836,3.28162271,3.52335734,3.42989072,3.66925019,4.01851354,3.48163122,3.53042209,3.28647362,3.09213793,3.07412615,3.24204772,2.70442413,3.68795741,3.81838211,3.44458059,2.74015600,3.60529680,3.90456846,3.46710153,3.36181022,3.27919516,3.34446204,3.13130558,3.09967738,2.36960678,3.35910277,3.47643028,3.83629861,3.31445330,3.28133576,4.18079145,3.84881524,3.32664135,3.19755873,3.16902061,3.06719890,3.21117391,2.44360405,3.37452192,3.74051446,4.07695725,4.00298877,2.63662328,3.28330677,3.44984564,3.30422904,3.03842615,2.99747325,3.06944104,3.36170977,2.60756794,3.27275716,3.20208543,3.37976471,3.30427688
3.51094530,3.76899171,4.54087020,3.49030493,3.71364665,3.45200768,2.93877374,3.33154131,3.44825971,2.78093624,3.55552089,3.95712905,3.99436645,2.99341773,3.12686258,3.15955262,2.99588083,3.16756481,2.94388159,2.94942030,2.79818246,2.67526951,2.80959328,2.69163932,2.76354609,2.57254206,2.83822322,3.22164724,3.74205533,3.33443561,3.82050603,3.53780238,3.14432766,3.31748381,3.54773057,3.10901701,3.36871115,2.90690334,2.69421629,3.72859582,3.82173498,4.37243406,3.29198799,3.42836570,3.54149565,3.10156512,3.71501903,3.58346229,3.13641101,3.67616603,3.82787493,3.73967403,2.96541736,3.01840446,3.22675868,3.02047737,3.08190100,3.04948235,2.98443367,2.75116650,2.79375910,2.78722957,2.74333397,2.72724019,2.71838139,2.91378872,2.94823129,2.73418405,2.88329442,3.05595156,2.92169563,2.81008630,2.93319847,2.83432404,2.76940596,2.94948472,2.75437513,2.74807096,3.65912991,3.54942845,4.42574441,3.51054890,3.52179403,3.35385597,2.97911111,3.18250339,3.51820547,2.95132701,2.80467888,2.77574241,2.67416752,4.00210052,4.23936926,4.44866834,3.70230436,3.76969191,3.21381139,2.89155757,3.52238209,3.82708035,2.97822777,3.81604654,4.09215338,4.12824517,3.55327981,3.64851949,4.04900454,3.52606142,3.75985546,3.46585784,3.18505362,3.60116261,3.71448891,3.18901871,4.02681785,3.78630238,2.71996296,3.74909585,3.90064400,4.63131256,3.72432116,3.67356153,3.25460486,3.13590958,3.58302063,3.66920140,3.32176327,4.10843408,3.61415685,2.75816833,3.70065545,4.02214885,4.53526455,3.44859244,3.62657137,3.38986749,3.08607824,3.48057273,3.51172471,3.06156526,3.84843940,3.77455241,2.76976925,3.75438268,3.87628875,4.55095463,3.84904081,3.72545105,3.43639066,3.11155023,3.45066006,3.87609715,2.97991904,3.47215068,3.25673666,2.69881529,3.81442988,3.67750628,4.28432679,3.54008647,3.49318241,3.07981858,2.93719308,3.46328325,3.73651176,3.17948986,3.83169326,3.99835618,3.87802424,3.86088759,4.03649042,4.38547138,3.80483406,3.54029411,3.36397879,3.13466303,3.83881407,3.56890717,3.00527779,3.55761005,3.65599481,3.62812854,3.66949968,4.07937440,4.52959246,3.52055982,3.67268009,3.40008446,3.10604395,3.29226360,3.38566815,3.19656766,3.08972677,2.76581252,2.71431633,3.56109372,3.85767812,4.58755859,3.55247474,3.72317884,3.42447127,3.22444276,3.73275077,3.72312222,3.34232016,4.03317933,3.67502696,2.73041072,3.72136218,4.06609949,4.67477725,3.46535445,3.59902918,3.35970802,3.09035589,3.59246093,3.78164485,2.89805142,3.53906499,4.06464540,3.63931212,3.59793095,4.05168559,4.56551432,3.65192664,3.56826873,3.27243243,3.03135679,3.48933161,3.38632032,3.00220848,3.65793222,4.22437874,4.01850908,3.34600023,3.83147313,4.31694415,3.17779061,3.32139334,3.30602882,2.69471437,3.43088126,3.19477836,0.00000000,2.94122535,3.38145596,3.11248840,3.74012782,3.80781346,4.64736065,3.68927079,3.68448935,3.29898785,3.13037047,3.44422099,3.76621451,3.52161378,3.46056654,3.21113158,2.74322292,3.59924310,3.71761648,4.07610528,3.63433633,3.55288121,3.56628501,3.29512875,3.47944253,3.40932078,3.00680004,3.57284554,3.86731252,3.17659101,3.19987790,3.75893252,4.13694203,3.32197601,3.51528430,3.54029388,3.08420032,3.47578645,3.50038096,2.72816879,3.59398241,3.83834494,3.67698385,2.65725662,3.10344737,3.55420791,3.29677669,3.46399459,3.21117527,3.19565873,3.43293418,3.54554017,2.63107535,3.16844139,3.38292640,3.05472167
3.79993313,3.84798392,4.15949599,4.39120783,3.73936955,3.18415974,2.84908587,3.31729599,3.59898473,3.83052802,2.84363029,3.82663555,3.99068486,3.06071330,2.99194293,2.92418764,3.16298918,2.80990188,2.96866521,3.05280447,2.76884884,2.75285224,2.76240727,2.67623342,2.81558224,2.70838509,2.89104018,3.05514475,3.65236199,3.56636790,3.69912028,3.24554726,3.14483397,3.37332418,3.48496776,3.34698023,3.41517056,2.87954203,2.83036634,3.83590764,3.77201345,3.81980907,4.17265301,3.68691768,3.21755214,2.91271386,3.40840189,3.69296224,3.85051554,3.21572119,3.93361806,3.74237853,3.08302349,3.06310005,3.14087125,3.30585966,2.94900688,2.82385890,2.82321218,2.83151236,2.81685627,2.82043453,2.82818612,2.77863141,2.75374110,2.98503472,3.00192735,2.77676606,2.97958871,2.92877391,2.92349746,2.96064445,2.96892245,2.94195838,2.88322197,2.85189801,2.82044760,2.78826871,3.67420709,3.84255180,3.91949771,4.19749433,3.48037057,3.31844585,3.15836087,3.41353553,3.45363228,3.30549712,2.85083901,2.80853185,2.68829882,4.02880573,4.12433241,4.01492236,4.55555180,3.78438688,3.00477134,3.00069709,3.29562991,3.60925942,4.08026592,3.10060580,3.71133318,4.10251074,3.56443905,3.37652655,3.83487348,4.23187960,3.49910883,3.13402159,3.17823026,3.64716707,3.88263317,3.62005908,3.67916933,4.00622874,2.76662298,3.58005310,3.57627141,4.21329116,4.52986376,3.68974242,3.23703395,3.01492609,3.45865438,3.67797695,3.88808105,3.78707213,3.56446171,2.85726225,3.65685948,3.81018308,4.23524829,4.26706954,3.56064324,2.95255013,2.86234818,3.42837858,3.56256422,3.57004437,3.34762675,3.95713612,2.78871215,3.70919677,3.81560340,4.14348524,4.52315789,3.67266424,3.31675429,3.18389184,3.66787099,3.75732230,3.83678594,3.31112739,3.32312759,2.78494360,3.51607312,3.56894345,3.85628433,4.26864234,3.65074633,2.92595104,2.77780461,3.46155573,3.68668370,4.23323056,3.18057476,4.04821572,4.29586179,3.87428513,3.83901414,4.04204629,4.57454725,3.64656613,3.34507171,3.07323251,3.62354344,3.85825190,3.81017557,3.06166441,3.68872367,3.67970040,3.57607484,3.82191460,4.21691046,4.42185864,3.69581921,3.01948312,3.06191602,3.21655949,3.30625581,3.52362925,3.09193779,2.76629983,2.72710961,3.59429750,3.76138030,3.94979386,4.24683271,3.85097352,3.26898557,3.03398309,3.50823334,3.70753287,3.89238437,3.59785935,3.76990175,2.79786047,3.59940223,3.89497338,4.14499455,4.25923646,3.67087408,3.12352925,3.06733466,3.44427576,3.66881609,3.74326091,3.22584792,4.06928250,3.70149570,3.66358368,3.63340245,4.11519870,4.47754096,3.61280822,3.04632563,2.94228926,3.35290610,3.32346601,3.66538087,3.01610326,4.05461730,4.05637018,3.45417304,3.99686660,4.09508978,4.22627868,3.34161023,2.92358698,2.81093302,3.52555943,3.28162271,2.94122535,0.00000000,3.08108741,3.26539128,3.62424028,3.65562079,3.96330926,4.35549010,3.53666869,2.99288383,3.01691172,3.39627041,3.35083877,3.62025731,3.36021968,3.32092525,2.77806256,3.91385927,3.61526580,3.94630187,4.38966481,3.62284821,3.13425215,3.24896974,3.41948902,3.32314698,3.39551717,2.80151576,3.58201005,3.12214589,3.31952431,3.66371015,3.80164468,4.06596701,3.50692462,3.18866024,2.97105677,3.34702066,3.60953126,3.68156734,2.86564666,3.76823951,3.90595926,2.72187757,3.22982441,3.47035003,3.63151069,3.54095865,3.17134543,3.25967016,3.59455827,3.67828774,3.56672311,3.02553786,3.38489848,3.38495642
3.70246575,3.79390752,4.11843636,4.12048489,4.46624536,3.65428922,2.62351502,3.45027683,4.01688298,4.09140129,3.95868117,3.17884633,3.76051039,2.83286078,2.87248476,2.81549548,2.79078863,2.90796545,2.71612251,2.81844948,2.74154254,2.74186846,2.53375073,2.66149428,2.61948248,2.62744924,2.82705145,3.08026402,3.35228180,3.59274455,4.19577462,3.20789313,3.15415928,3.21262400,3.49328432,3.48638868,3.49474372,2.78809575,2.72603391,3.71737607,3.79832152,3.88363127,4.07493317,4.45077555,3.61538335,2.71035655,3.44278957,3.87117490,3.89012060,4.01795865,3.13025830,3.23483226,2.96276594,3.07989115,2.77677753,3.08546901,3.22139169,2.94683651,2.80602561,2.75686307,2.70712767,2.73793412,2.76202107,2.68569265,2.65191684,2.86113643,2.77831732,2.78839107,2.83552380,3.04286155,2.82592821,2.78230809,2.86306985,2.90650100,2.76840418,2.82862200,2.69157759,2.62659483,3.55074603,3.37641430,3.95198627,4.05847261,4.26193800,3.28256451,3.08907128,3.40659282,3.42001167,3.26534939,2.92810958,2.65676637,2.60091164,3.70874366,4.05982980,3.86666928,4.27367461,4.50594242,3.30889407,2.72629339,3.44043614,3.96456686,4.08509987,3.81954110,3.07519905,3.77101395,3.48989420,3.56992305,3.81314314,3.95495198,4.31673647,3.42359091,3.27670017,3.70357397,4.08473814,4.03806155,4.10552403,3.87525088,2.60864265,3.50908158,3.50131738,3.68101386,4.08680969,4.38937159,3.14518457,3.02125586,3.81908964,3.87158448,4.16418715,3.78159603,3.09973407,2.72550642,3.69873764,3.70076776,4.11733046,3.81163101,4.30602298,3.33179695,2.92853871,3.44818977,3.71994698,3.75510365,3.79460640,3.47590335,2.74806302,3.63022376,3.64381838,3.89281072,4.07987358,4.23847602,3.32620457,3.02764515,3.73270935,3.95494487,3.52103080,3.41075486,3.13145152,2.64700119,3.53166893,3.46666255,3.73439358,3.95733646,4.39408147,3.21240808,2.64845102,3.31187748,3.77934168,4.29705873,4.13044795,3.50648632,4.17509762,3.62641364,3.63822951,3.85008635,4.43271402,4.33781805,3.67489278,2.77634598,3.61063466,4.00713629,4.07716772,3.86927881,2.99558740,3.26217053,3.63474063,3.77383377,3.92534496,4.15413020,4.45675781,3.06207067,2.90431868,3.64071349,3.73923925,3.19743278,3.02330377,2.66354505,2.72251872,3.42756943,3.58776083,3.96922181,3.95223540,4.52114661,3.66225760,3.01135452,3.51337091,4.06823818,4.20350878,4.13237170,3.53349211,2.67697254,3.58995202,3.93267309,4.19054507,4.19992713,4.20021272,3.32491254,2.97034766,3.44724713,3.78914322,3.90967355,3.47623199,3.26309558,3.83533955,3.64178811,3.58850761,3.88656603,4.15499720,4.44436789,3.07889497,2.86939957,3.61314949,3.57912949,3.88570267,3.72437035,3.60917825,4.17963469,3.24001051,3.79541550,4.00190989,3.70126671,4.14231387,3.47959061,2.45933172,3.59848795,3.52335734,3.38145596,3.08108741,0.00000000,2.59040745,3.78811679,3.71268491,3.88113630,4.10149928,4.30925024,3.15553247,2.96679586,3.35638180,3.83731347,3.93642932,3.82020407,2.98546394,2.71370616,3.71993597,3.61508406,3.75475792,4.16060933,4.32085789,3.63640637,2.99498248,3.39065159,3.70506086,3.78086156,3.77346939,3.16686646,3.18396978,3.32825000,3.86206457,3.88704877,3.90164304,4.16058826,3.52980574,2.74058462,3.44626868,3.81290931,3.84962443,3.91743655,3.17454247,3.67709153,2.63471435,3.29285173,3.28758184,3.43866796,3.79802025,3.30106137,3.23012358,3.29945926,3.54654186,3.56658008,3.37102598,2.85964029,2.94420063
3.45701466,3.81132554,3.92526024,3.71479367,4.01727327,4.11498757,2.71383750,3.40150648,3.78210494,3.76819518,4.15808561,4.04062767,3.45411899,2.96220516,2.98321737,2.97185786,2.90097027,2.94049109,2.99782050,2.93470246,2.79297281,2.70265451,2.68619483,2.66256073,2.62159162,2.71414948,2.90321828,3.10864867,3.34044849,3.43885151,3.86631972,3.57846430,3.02429991,3.46562323,3.38241213,3.31419321,3.41261687,2.85499384,2.80776952,3.45147878,3.91410637,3.84312689,3.54724808,3.95021824,3.99152630,2.88827744,3.69558886,3.72404046,3.75873805,3.95789777,3.66650901,3.06420672,2.93148490,3.00325979,2.90596839,3.05726930,3.02532628,3.04473357,2.90462884,2.75570366,2.79925220,2.70446015,2.71950389,2.76670504,2.59676553,2.94261224,2.89255157,2.81158020,2.86387645,3.00303499,3.13792021,2.83846567,2.92708921,2.81377709,2.74276051,2.83236583,2.84337089,2.76007072,3.27134292,3.48974687,3.82538086,3.81647955,3.77818138,3.74321153,2.79846507,3.45250279,3.56431533,3.25673689,2.74971157,2.88397873,2.64685608,3.46544287,4.15205767,3.82303469,3.85034276,4.04214920,3.59935007,2.65736485,3.60493031,3.73847925,3.83683619,3.86739820,3.90934604,3.23637598,3.47142201,3.74872198,3.72333367,3.89030212,4.06647814,3.89163448,3.06868592,3.74119802,3.89903074,3.84760500,4.02343130,3.94961018,2.68839346,3.24867252,3.61945823,3.62934563,3.83399672,3.92067916,3.57928478,2.81258375,3.84400382,3.70099239,4.10185877,3.68254029,3.43610987,2.79760295,3.62949140,3.89345462,3.79836005,3.56692203,4.08690121,3.78226791,2.64968218,3.45656557,3.54441734,3.84844917,3.65015387,3.70439099,2.82144211,3.38310389,3.66409377,3.84448012,3.67306213,3.79200543,3.66212304,2.71406011,3.75933735,3.68175054,3.38487815,3.26955367,3.30255179,2.77784877,3.42527412,3.84974571,3.77507595,3.67041201,4.01763593,3.73058850,2.76769548,3.52902312,3.68234459,4.14905050,4.31229634,4.21821619,3.61094834,3.53047477,3.80819817,3.70922076,4.01499133,3.90072686,4.01274352,2.99915499,3.67964645,3.78908831,3.88510399,4.00079481,3.57459106,2.87847279,3.52331305,3.93577638,3.85192294,3.91154517,3.92226352,3.62525851,2.80705906,3.62343919,3.40440732,3.35277551,2.81783440,2.70625789,2.77282074,3.19076650,3.65945981,3.79381247,3.63465808,4.01133632,3.99170288,3.08552848,3.90092099,3.90515688,4.10876687,4.02459080,3.74930883,2.77106683,3.34830826,3.94323514,3.99552886,3.91937425,3.79761608,3.68339776,2.91504775,3.61763330,3.81043490,3.67575351,3.33538207,3.84659690,3.27475553,3.57576244,3.87526881,3.69939330,3.78111544,4.05515071,3.58025384,2.63670936,3.62678670,3.38969989,3.72852179,3.96595976,4.19373073,3.76650467,3.01701287,3.69693660,3.88462649,3.41871995,3.70896873,3.98393910,2.64964583,3.57363253,3.42989072,3.11248840,3.26539128,2.59040745,0.00000000,3.41317179,3.68029574,3.76780190,3.70345315,3.81224926,3.61104024,2.69080942,3.57602210,3.66842587,3.92936234,3.54698624,3.12180965,2.74692662,3.33090452,3.66900999,3.49159027,3.57502320,3.61885602,3.89224184,2.96821391,3.37437445,3.54201789,3.65674496,3.71346367,3.49368269,2.86781716,2.87160124,3.68887184,3.61980005,3.52453358,3.46729364,3.91238413,2.72422348,3.37490424,3.49641156,3.41316264,3.88504339,3.67644533,2.96972849,2.68229618,3.20724317,3.10490668,3.28864073,3.37731910,3.49845440,3.08926978,3.24073003,3.51100423,3.46880119,3.37427398,3.26580568,2.84831373
3.11418034,3.90771839,4.19039495,3.79153789,3.69639900,3.57539644,2.46475160,3.86843630,4.00693819,4.15900546,3.72753315,3.78013366,3.56752161,2.76820915,2.94066416,2.79228087,2.63198796,2.66000087,2.70167087,2.84000051,2.58180653,2.55828878,2.50901717,2.42738555,2.45104377,2.61711647,2.59114948,2.84443090,2.95816186,3.17154534,3.29450004,3.27841259,3.06402993,3.57585112,3.27252779,3.20855493,3.21236773,2.73400109,2.55417648,3.18739353,3.81742032,3.87909491,3.68530671,3.61208372,3.58789821,2.58395646,3.88489060,3.74827526,3.74184608,3.51051802,3.56493811,3.06947240,2.62450314,2.72960919,2.77883612,2.77302943,2.90774268,2.90626969,2.89520541,2.59915471,2.58438981,2.49404026,2.60330579,2.58061386,2.49736300,2.73506506,2.65806165,2.73692303,2.67574399,2.74057907,2.88169334,2.84630776,2.96779864,2.73343988,2.60961094,2.86021678,2.62926958,2.63741837,2.63757883,3.43267736,3.76340345,3.56823075,3.28792889,3.21176802,2.72135294,3.67844389,3.73033108,3.24262947,2.73369804,2.71948368,2.47053817,3.65194716,4.04784996,4.06046208,4.00157123,3.87828283,3.36062259,2.58812079,4.08332202,4.12020261,4.20464366,3.78420367,3.93341966,3.77654980,2.85684923,3.48265638,3.58561879,3.57737384,3.51098758,3.35089414,2.78325099,3.91552228,3.77483848,3.60706140,3.45125392,3.66182746,2.56835656,2.77812484,3.55579661,3.94881653,3.74944878,3.37838877,3.38848270,2.70036846,3.91066583,3.81841104,4.10556839,3.51273202,3.05899395,2.56926453,2.66311206,3.42559899,3.74117130,3.66001778,3.53868309,3.35569753,2.59304165,4.02263236,3.86538455,3.77232855,3.64234079,3.92910222,2.48530495,2.48241029,3.52650467,3.87143045,3.69677070,3.38173644,3.30818099,2.59969968,3.80994085,3.84786254,3.75871106,3.39521614,3.37479753,2.48482436,2.47013361,3.05665514,3.46579222,3.67314899,3.66180838,3.29142541,2.43883665,3.94600840,3.90648960,4.17206240,3.65655836,3.91697576,3.63540669,3.53799668,4.07405322,4.13388920,4.06893917,3.64804129,3.67816569,2.81482954,3.99679662,3.96960519,3.90531306,3.69656539,3.63261355,3.37656685,2.48776611,3.45136552,3.71686316,3.54593677,3.29580426,3.31404072,2.57617498,3.68287289,3.41572588,3.09475941,2.77398443,2.68703239,2.54266354,2.72353830,3.67964938,3.89560982,3.58500165,3.45016441,3.39901792,2.74224602,3.96737486,3.64524332,3.66360568,3.40489206,3.49142603,2.59923118,2.63430501,3.53846099,3.97834530,3.80329096,3.46015445,3.28755379,2.74241465,4.05356770,3.95277767,3.92051820,3.18821518,3.83960684,3.27157898,3.02135398,3.98098826,4.04037377,3.89822707,3.63705368,3.18480803,2.57715838,4.07759929,3.88658463,4.05376003,3.61503540,3.90073470,3.55141162,3.11294677,3.99999748,4.07593656,3.78628731,3.66942394,3.57336682,2.86933011,4.19264300,3.66925019,3.74012782,3.62424028,3.78811679,3.41317179,0.00000000,2.74947691,3.26826396,3.12866318,2.95943771,3.04053274,2.02061574,3.52351860,3.48410718,3.57641253,3.23444629,3.31944677,2.59374680,3.06549160,3.60831373,3.82924709,3.63264577,3.41631054,3.41760405,2.78579469,3.81633494,3.65065655,3.48713696,3.57126210,3.69053658,3.29313292,2.50152633,3.59557418,3.80364945,3.53659102,3.39769243,3.51690133,2.61735649,3.90322458,3.88268967,3.89743615,3.59919522,3.71596546,3.25142859,2.55639156,3.31202492,3.08697389,3.50828324,3.31724125,3.24961706,2.76572533,3.88964003,3.69394443,3.46063625,3.39997609,3.53584241,3.06634840
4.01770060,3.44932461,4.15903988,3.97052171,3.99834999,3.45504090,2.85411002,2.98960258,4.37429366,4.36685271,4.16076019,3.67992103,4.07483621,2.93330597,2.61367188,2.92212920,2.87342664,2.87615151,2.74805807,2.87833448,2.65793062,2.56727055,2.63257047,2.56349071,2.66796321,2.74550224,2.79865819,3.03945023,3.44433661,3.27676890,3.60403079,3.21575945,3.07770946,3.16190125,3.72777480,3.21371516,3.21944648,2.81303807,2.61438236,4.22183560,3.62845229,4.17057116,3.79133663,3.91852175,3.42862636,2.77080090,3.18814350,4.14263109,3.95352932,4.05095398,3.55023019,3.54266330,3.02066144,2.71769399,3.11775625,3.04657529,3.30422037,2.96867170,2.91989284,2.67405456,2.70732925,2.54509007,2.63347171,2.68510216,2.55398853,2.81698466,2.78009704,2.83016966,2.82060341,3.08188720,2.86933203,2.86255050,2.90681714,2.93187959,2.69838209,2.88694161,2.65886030,2.66900132,3.48327598,2.86512549,3.99440313,3.82431379,3.86881575,3.18513644,2.98469402,3.26904069,4.09063111,3.59511436,2.87039189,2.78890607,2.57336740,4.21842137,3.82736236,3.93506735,4.10820787,4.07448786,3.20300841,3.06359787,3.25914179,4.38335358,4.37413895,4.19955583,3.81045024,4.05198904,3.59111188,2.74889936,3.73586906,3.71304452,3.88127093,3.22482499,2.88102051,3.40762463,4.11862174,3.58397697,3.77314586,3.65253409,2.66051293,4.00924240,2.84964069,4.05087363,3.83218156,3.82962162,3.29491219,3.11139787,3.42371881,4.32011362,4.24028676,3.90686465,3.10944659,2.65849566,3.68221064,2.85810200,3.87475552,3.85481826,3.91882867,3.29700581,2.85931467,3.30179213,4.25219605,4.04419489,3.72236428,3.88694696,2.64534966,3.58898264,2.59514664,3.86131944,3.75883246,3.74301212,3.32484775,2.99271450,3.29838324,4.20609899,3.77871162,3.69662275,3.20996373,2.61281253,3.52406920,2.63225905,3.75663929,3.72846220,4.02298844,3.15213911,2.80373274,3.00876949,4.15732042,4.33594478,3.97608063,3.65596526,3.87640015,4.06661364,3.48389438,4.01242389,4.12823061,3.90623462,3.42634431,2.86657040,3.25046586,4.28742288,4.11948422,3.75289405,3.57724209,3.40456392,3.67195307,2.64758014,4.00498963,3.65286528,3.75642090,3.09325883,2.86451861,3.14471368,3.95677346,3.47093353,2.99011763,2.82862102,2.67398658,3.75203294,2.99738253,4.17603197,3.79017275,3.96313075,3.34096861,3.02894351,3.25445961,4.15953234,3.59009908,3.65901226,3.65703733,2.66209287,3.60419417,2.92785981,4.15668471,4.15042348,3.96031532,3.15890327,2.98910403,3.28187968,4.22727005,4.01817981,3.46617016,3.40383698,3.43754553,3.88735117,3.06285029,4.17960313,4.04529873,3.82781731,3.08286320,2.81558141,3.29691246,4.25077383,4.13907105,3.90272811,3.48299878,3.80386904,3.80253913,3.82043163,4.13775162,3.96428128,3.80965304,3.30394671,2.98679624,3.50827179,4.01851354,3.80781346,3.65562079,3.71268491,3.68029574,2.74947691,0.00000000,3.11041512,3.15196868,3.48605611,2.77355428,2.52219375,2.69705616,3.71551767,3.52258436,3.65089148,3.26402634,2.60953789,3.66202700,3.09564938,3.47679830,3.79463437,3.80092440,3.25597339,2.89742234,3.03916747,3.94513339,3.68819909,3.71178458,3.58677282,3.45603977,2.96620044,3.33664106,3.83101008,3.74960638,3.75081898,3.48294558,3.02175216,3.17905271,4.33488856,4.24887615,4.00859827,3.74498992,3.71158757,2.68740824,3.40685112,3.62566877,3.36752755,3.79550708,3.17170295,2.93545049,3.21116031,3.81700212,3.50922312,3.46311690,3.25235911,3.06996136
4.36401487,4.39125477,3.61967715,4.45214579,4.17334083,4.02925193,3.38716065,3.31992512,3.80188924,4.69379902,4.28361646,3.79007064,4.03512491,3.37560643,3.21088055,3.00341546,3.31711177,3.21325325,3.17202950,3.27337580,3.14015881,3.16442888,3.14452479,3.10645691,3.18309647,3.23266630,3.33217698,3.38007503,3.16576729,3.71955847,3.38884487,3.28989619,3.29288296,3.59372427,3.40214673,3.73100014,3.56121656,3.31400904,3.17459397,4.25917033,4.39241781,3.51746928,4.33086220,4.18184809,3.81298408,3.21222314,3.51357636,3.73773076,4.43206351,4.06054983,3.74251454,3.69728553,3.52140181,3.40347642,3.04539609,3.42270962,3.35079243,3.33209201,3.40549788,3.23020481,3.23253493,3.11775654,3.12956828,3.11982409,3.04689068,3.18435912,3.20193967,3.23734252,3.25540010,3.31624812,3.14005995,3.33645520,3.31470981,3.28282868,3.18100488,3.19534304,3.14579702,3.18064239,3.72605337,3.74566977,2.89611047,4.07306772,3.83360415,3.49397937,3.32333739,3.53284492,3.63144689,3.88601495,3.22865564,3.24173596,3.05918224,4.32049920,4.47395911,3.54403097,4.32788848,4.12403264,3.66859348,3.51085288,3.47791487,3.77984418,4.75784109,4.11978762,4.08543993,4.00113787,3.82209637,3.68408657,3.16872839,4.20092671,3.74762321,3.52457361,3.31073938,3.74806273,3.85026999,4.46169104,3.91112127,4.17037403,3.11315579,4.09204500,3.70589576,2.95613493,4.05858234,3.64870483,3.41673490,3.10508072,3.48052331,3.55034539,4.72577257,3.67172985,3.53152186,3.13084905,3.96050294,3.78989866,2.98653556,4.04959033,3.86954056,3.68852236,3.10980431,3.41477022,3.70627706,4.64454417,4.05274911,4.41117739,3.11084866,3.92828324,3.70128231,2.97537935,4.11024208,3.59009278,3.50582342,3.28149255,3.65044665,3.62449190,4.50806534,3.85228531,3.74475834,3.15705397,3.70353567,3.69381455,2.68301881,3.78465620,3.78832357,3.49064504,3.23476813,3.29174731,3.48693114,4.82725057,4.17031936,4.13773315,4.24615522,4.41025465,4.47658722,3.31170088,4.38251198,4.03636899,3.94668447,3.27962962,3.38549979,3.92313616,4.61309606,3.93700092,3.85800633,3.68207104,4.06863124,3.72191316,3.02757739,4.22591050,3.86885492,3.50319745,3.18843457,3.55068419,3.52177303,4.01265668,3.49358334,3.31104482,3.11631221,3.79944629,3.71814449,2.97962046,3.93012462,3.90680877,3.71962935,3.23494466,3.24252334,3.62068672,4.50913389,3.80665706,4.02212061,3.13419707,3.66477232,3.91433164,2.77713120,4.22780334,3.73046453,3.51426168,3.23120474,3.47713839,3.61246710,4.64268341,3.95770239,3.76009992,3.84135659,4.26759539,4.04993399,2.96126024,4.18546487,3.79340994,3.59647530,3.25816799,3.47003059,3.62815013,4.69426776,4.10322983,4.04484607,3.99371639,4.08120816,4.42409084,3.79348980,4.29170406,4.06692235,3.74114220,3.44082039,3.45815288,3.48163122,4.64736065,3.96330926,3.88113630,3.76780190,3.26826396,3.11041512,0.00000000,3.40959846,3.27793076,3.26838061,2.88626052,3.09597626,3.09647019,4.21458569,3.74543479,3.64229718,3.24724668,3.97900421,3.98709396,3.25009332,4.21886311,3.93061472,3.79111972,3.35593860,3.35227392,3.71360796,4.26651426,3.96265464,3.80989360,3.79260475,3.22217978,4.20219813,3.44084916,4.16409185,3.86427803,3.83320120,3.36949636,3.42354178,3.79121979,4.66622362,4.20155050,3.95539273,3.86058760,3.16306862,4.01179173,3.71772208,3.92650712,3.50925843,3.49789357,3.31529694,3.61322905,3.58259168,4.27554270,3.81414636,3.73385763,3.59034122
3.82446494,4.27828991,4.53820964,3.06117997,3.98583981,3.88677839,3.28103175,3.68904318,3.74377714,3.52817957,4.60133589,4.03784567,4.23026878,3.30398038,3.27105125,3.21496029,2.90252971,3.30880535,3.09278517,3.10142026,2.89306444,2.89877763,2.94132734,2.90361856,2.99931582,2.92299988,2.98953151,3.30050038,3.66734310,3.05439903,3.71136954,3.46557715,3.62996993,3.66961951,3.67641976,3.46641071,3.72935469,3.21566287,2.94725517,4.08748581,4.35868729,4.39815094,2.96871163,3.84194487,3.76093651,3.19484783,3.85032776,3.49759051,3.54577243,4.47084195,4.01057121,3.79344680,2.97686027,3.00554377,2.95559907,2.56763371,3.26584294,3.13882431,3.24164908,2.95113846,2.91101232,2.86183803,2.89137560,2.93684888,2.89104616,3.00877199,3.11139427,3.16256352,2.94151492,3.15680468,2.87584880,3.16536253,3.21249288,2.99630409,2.94832573,3.07566788,2.87541130,2.99831140,3.62478372,3.56518657,3.96377140,2.47314527,3.59267136,3.51127732,3.27140554,3.39461028,3.75956076,3.34258367,3.22789341,2.98061274,2.87630906,4.20842533,4.40802614,4.34287290,2.97194898,3.84545933,3.61782872,3.11412283,3.74881309,3.77790006,3.47443904,4.28876466,4.46735441,3.97366985,3.72865265,3.76603329,3.75373603,2.74119598,3.77097675,3.49981841,3.11623796,3.59235741,3.59255047,3.61049685,4.27955638,3.74683343,2.89386531,3.87655649,3.88933700,3.91927915,2.51336476,3.70445626,3.33672462,3.12676108,3.57134976,3.67306284,3.95529157,4.30131433,3.64015077,2.94789713,3.70743651,3.67983238,3.81646842,2.58991203,3.81637577,3.42836079,3.17197174,3.61464450,3.76464386,3.73482140,4.61410914,4.10406875,2.85938521,3.49496591,3.48713220,3.95898317,2.42334988,3.61454258,3.37898707,3.12609986,3.50416239,3.77777331,3.40440410,4.13272379,3.60775306,2.95821381,3.80863585,3.70309356,3.83019441,2.52713644,3.65128895,3.40752963,3.17241251,3.53075299,3.50522094,3.55069706,4.64548104,4.30875298,3.97345546,4.10769697,4.22189431,4.35042382,3.19112140,3.79483764,3.60889686,3.28424878,3.64473297,3.52801379,3.71450689,4.41178212,3.96435867,3.82334284,3.76677062,3.80066996,3.98615015,2.49381041,3.70742165,3.47087840,3.21749940,3.48569179,3.36203997,3.24737332,3.28967389,3.15285236,2.94081413,3.51741748,3.68913269,3.92036699,2.29464988,3.57957061,3.44947708,3.35554127,3.54037844,3.37295652,3.73400618,4.29255439,3.70681750,2.86814663,3.52727039,3.88515554,3.81779723,2.72056887,3.52635124,3.54097364,3.41088508,3.73427046,3.63230302,3.58601534,4.03334554,4.08337555,3.78100650,3.81227157,4.03898169,3.89271514,2.44755722,3.76474842,3.47770428,3.12326379,3.66046101,3.72025710,3.75139576,4.63401140,4.26312801,4.02226391,3.95974241,4.24532475,4.39380943,3.10483841,3.71121027,3.77536184,3.24670642,3.65365121,3.53042209,3.68927079,4.35549010,4.10149928,3.70345315,3.12866318,3.15196868,3.40959846,0.00000000,3.21941177,3.05704707,2.76741435,3.15653557,3.39346471,3.26511453,3.92527717,3.37082623,2.89793976,3.60026096,4.06229792,3.92626499,2.85408660,3.43715347,3.66535250,3.16455628,3.43198331,3.25123444,3.57597762,4.32260987,3.93553147,3.73957738,3.16550528,3.92957526,4.17445832,3.08584242,3.62894903,3.60574469,3.23032001,3.71602542,3.73577067,3.48804964,4.64518988,4.21883000,3.87210935,2.87351030,3.66668497,3.93938460,3.50816827,3.69484596,3.31193738,3.38746036,3.66717073,3.76102960,3.47376983,4.00816632,3.78905874,3.47302805
3.82325291,4.24959123,4.21998139,3.64190845,2.45011108,3.52699074,3.32762581,3.73169421,3.39757754,3.76752498,3.53216443,4.50119808,4.16540108,3.25275053,3.25098403,3.05077909,3.18527143,2.92336532,3.09279674,3.18046425,2.83846246,2.89494464,2.99686591,2.87582659,2.94812664,2.89218209,2.97950889,3.27920156,3.43281339,3.40641248,2.51963015,3.31139867,3.22415265,3.64232913,3.34946341,3.39870034,3.34323163,3.28878386,2.94754400,3.73962350,4.21367742,3.78527598,3.67135604,2.58504857,3.48930166,3.22954342,3.73170440,3.30030704,3.71921304,3.69696867,4.42564687,3.88409994,3.14632491,3.08577519,3.02802925,3.09309432,2.75279168,3.17526269,3.16305063,2.97794481,3.08189274,2.92988742,2.90365183,2.95345869,2.83849035,2.85029756,3.19324562,2.93463038,3.00510202,2.85599818,3.02659975,3.17167328,3.04547373,2.94490133,2.92105000,2.95390812,2.94963412,2.98625983,3.40876985,4.08780338,3.65038974,3.63490244,2.37840305,3.39289820,3.26126479,3.53801390,3.47874039,3.44503126,2.92782439,2.99641807,2.89290357,4.03981791,4.35470633,3.99013961,3.62932134,2.46417404,3.11572863,3.44541267,3.80518464,3.43747235,3.93111111,3.53988295,4.56143374,4.24132367,3.38328379,3.60311007,3.31905631,3.62355016,2.43075521,3.11250167,2.91071693,3.67506701,3.30948490,3.79554149,3.70346923,4.12183929,2.98243718,3.68562219,3.84829659,3.72146189,3.67169839,2.08928919,3.22547188,2.87109701,3.36328259,3.04030502,3.88829563,3.53165137,3.81130915,2.94555705,3.75930646,4.14833053,3.65563154,3.72607368,2.49594259,3.23000278,2.96684254,3.46203767,3.32467710,3.97459914,3.79558415,4.55146670,2.96205898,3.55192370,3.89859792,3.85820406,3.82252927,2.27801755,3.34734098,3.09637998,3.50442412,3.23619819,3.74054015,3.44043154,3.68028656,2.95925806,3.62331289,3.74092883,3.34803421,3.52270379,2.18644893,3.19703966,3.11734465,3.64744127,3.33508718,3.93071778,3.63643903,4.76339342,4.26828412,3.78685106,4.27095361,4.02988656,3.94726687,2.65384715,3.45418735,3.40894373,3.72386584,3.59243140,3.90448497,3.78508825,4.51026156,3.97812752,3.54949508,4.00806630,3.72429058,3.53166706,2.26342827,3.23354048,2.99611159,3.29466489,2.98921866,3.74652650,3.27889886,3.00961298,2.96305251,3.63298898,3.95233302,3.60582360,3.71197193,2.31759670,3.16942736,2.99706394,3.52157586,2.96615496,3.80434131,3.23714698,3.83044081,2.99398237,3.63793006,4.06875502,3.71903817,3.68331305,2.35491249,3.33497523,3.24933655,3.66432164,3.37492806,3.75949642,3.55946623,4.56881205,3.91530091,3.85626573,4.25893191,3.74351443,3.82086195,2.21249301,3.44944437,3.16674125,3.60474232,3.38138780,3.75620875,3.60718544,4.73738624,4.15541084,3.60119784,4.16816533,4.14174219,3.71252127,2.50641360,3.32012736,3.32844619,3.83261877,3.28647362,3.68448935,3.53666869,4.30925024,3.81224926,2.95943771,3.48605611,3.27793076,3.21941177,0.00000000,2.75117163,2.61002319,3.32604536,2.76951036,3.55532084,3.07265314,3.58940731,2.93316044,3.47685573,3.84076238,3.71675467,3.58874408,2.35891962,3.38138274,3.37754990,3.60014968,3.10130621,3.66957984,3.69863574,4.33144331,3.63157783,3.01093638,3.88782167,3.58837229,3.56591096,2.32825298,3.46690139,3.35864787,3.71542177,3.52205385,3.75595445,3.58820593,4.69794462,3.91676104,2.87460893,3.50457266,3.63296345,3.65411545,3.06540208,3.39486523,3.32002381,3.90218589,3.61845665,3.73019142,3.48637263,4.16886747,3.57937489
3.53508462,3.49925075,3.87657733,3.58667368,3.36336635,2.25112904,2.61318407,2.99396535,3.45876311,3.56720754,3.23368244,3.44469833,4.38563384,2.57961755,2.40009770,2.42765312,2.48300420,2.46948995,2.25424775,2.38237056,2.06157773,2.13929795,2.17154739,2.10492240,2.25153558,2.18169498,2.20811824,2.68334471,3.08779045,2.93105800,3.00004508,2.16767301,2.78940528,2.76492244,3.01626558,2.73867829,2.89680712,2.34832799,2.18053989,3.74000001,3.75884691,3.84539753,3.64753659,3.43875412,2.27850349,2.53000064,2.89886530,3.08183241,3.34355552,3.27408828,3.33710721,3.54743124,2.73495719,2.64837924,2.49950574,2.50389279,2.71915726,2.27692973,2.44056947,2.18389392,2.16300007,2.17859953,2.21646751,2.16610972,2.07728180,2.27866031,2.43167083,2.31199699,2.38391807,2.47453915,2.03799284,2.46089570,2.35874550,2.38662424,2.29383093,2.36628849,2.08414343,2.12423467,3.28467389,3.26794694,3.65711585,3.45387462,3.27331804,2.24068949,2.89542536,3.01383359,3.08537133,2.95705551,2.42764239,2.16009202,2.07174964,4.00127681,3.87390026,3.73274057,3.63441145,3.33567039,1.95368566,2.75610388,3.04701679,3.34795116,3.82522570,3.25980693,3.56208585,4.25414401,3.29085415,2.98792940,3.41132017,3.31215010,3.12737763,2.04885655,2.77482572,2.90107845,3.21084953,3.38776407,3.47817313,3.37365506,2.12553789,3.46368348,3.19689559,3.74537202,3.53650684,3.13137815,1.84027521,2.62013897,2.83213768,3.04579564,3.34405180,3.41266079,2.77443758,2.15379320,3.31628045,3.29432718,3.64566821,3.45317946,3.24647972,1.89922034,2.61112093,2.96999137,3.25615690,3.27893638,3.49905353,3.55096694,2.15176819,3.40403409,3.17413884,3.51997824,3.56491573,3.15160168,2.21888277,2.71567045,2.81566956,3.25432032,3.28798248,3.26623615,2.77629787,2.14483470,3.45637562,3.07398898,3.43691108,3.36242838,3.16584965,2.02897138,2.59424528,2.88846029,3.20386596,3.70901626,3.49969906,3.74432218,4.32391217,3.63601543,3.55785459,3.82924182,3.87350324,3.45104027,2.28844641,2.47761986,3.06246856,3.32917858,3.54937424,3.20044382,3.37210036,3.36554884,3.61185499,3.49205762,3.84985391,3.50347866,3.36875773,2.03269183,2.75298105,2.81130768,3.00720863,3.05755166,2.90204577,2.23037194,2.15964959,3.57571752,3.37694647,3.79790355,3.43950538,3.27404081,2.01491763,2.46729264,2.60852862,3.08648166,3.18811032,3.15725732,2.87540110,2.13633451,3.28504737,3.48241683,3.77856005,3.62748712,3.17811068,2.15903044,2.75019394,3.04946232,3.12702741,3.31874898,3.26513156,3.51794037,3.74201805,3.61830840,3.45168333,3.86767144,3.64628192,3.09122747,1.90348661,2.70162313,2.94756003,3.20033918,3.43022489,3.46482566,3.80892502,4.23169883,3.50360643,3.90553106,3.87450551,3.48068024,3.28932009,2.24324252,2.59363815,3.28802123,3.09213793,3.29898785,2.99288383,3.15553247,3.61104024,3.04053274,2.77355428,3.26838061,3.05704707,2.75117163,0.00000000,2.21304847,2.60145840,2.87306391,3.00192725,3.08666969,2.51251862,2.10810246,3.42101896,3.25703508,3.43448241,3.58920537,3.29964858,2.36716312,2.69343578,2.83158618,2.85255316,3.18420672,3.19637772,3.20331643,3.00407585,2.82408620,3.33695241,3.44431277,3.24674912,3.11361334,2.22801958,2.71474398,3.07244863,3.37549621,3.55855247,3.32547535,3.69547954,4.05088440,2.10827419,2.86581742,3.29648989,3.09094644,3.27977140,2.35721026,2.77705004,3.17744941,3.12342286,3.12563679,2.92415749,3.01742146,2.83788810
2.77516860,3.21424368,3.46285091,3.24990614,3.28357738,3.12048582,1.88192234,2.86474174,3.29261562,3.38352583,3.36113148,3.19649779,3.12093740,2.00202964,2.02275726,1.97448269,1.91560407,1.86068040,1.88212283,1.93042889,1.54745675,1.56197949,1.61480929,1.44423574,1.53054834,1.63797797,1.69324254,2.18964777,2.63535509,2.69074961,2.85353054,2.57745384,2.37764780,2.74674191,2.74300365,2.45499795,2.57230978,1.96298250,1.61228990,2.90411662,3.33616399,3.25356856,3.17220237,3.27829416,3.10152628,1.86917187,2.93371856,3.05210116,3.12014305,3.28757695,3.12075583,2.60570734,1.98211749,1.99247383,2.03297604,1.87612041,2.14589223,2.08862865,1.92157055,1.64511532,1.70162893,1.48034422,1.61228639,1.65758757,1.52146269,1.68794421,1.83458507,1.73032575,1.74054768,1.89157286,1.91972271,1.98780853,1.98488340,1.88094359,1.69505200,1.90463267,1.67463890,1.63994967,2.50183800,2.86083000,3.20673254,3.12488698,3.02331332,2.70559697,1.97923506,2.78705340,3.01821738,2.63275414,1.74070226,1.74652849,1.60657634,3.26652654,3.63479780,3.30836612,3.45480705,3.34363412,2.68092173,1.93085928,3.10090351,3.28543268,3.64678701,3.28147658,3.41731616,3.32821932,2.51833817,2.76971741,2.93390461,3.03556932,3.08808919,2.72939440,1.95401267,3.00889455,3.10285309,3.26043234,3.10652073,3.04756763,1.60501789,2.58578106,2.82725611,3.18227587,3.14608401,3.11429291,2.62519163,1.76955272,2.94445852,3.00047553,3.30448785,2.83662590,2.34388591,1.60477888,2.88882461,3.16816335,3.39718997,3.19328879,3.23659500,2.82286587,1.82740594,3.05459651,3.17416088,3.41343229,3.26382045,3.45471728,1.63202028,2.54594746,2.91493985,3.21271200,3.16788271,3.10256187,2.80563876,1.83881678,2.84016331,3.12141745,2.94122275,2.72768704,2.52119925,1.54948821,2.56984749,2.76914774,3.10843974,3.07587553,3.23153170,2.67857398,1.63153971,3.00633933,3.17925782,3.69304240,3.32152402,3.42808726,3.11516145,2.95260760,3.25215857,3.24034991,3.47992354,3.16952004,3.01015395,2.00774871,2.93778020,3.30208898,3.33302190,3.22047894,3.00458483,2.53162334,2.54471258,2.97528539,3.21363202,3.10189706,3.06347010,2.77642337,1.97354737,2.92399922,2.78482276,2.57148492,2.11105974,1.85907517,1.65248474,2.83438769,3.11721630,3.45158190,3.14590808,3.21842950,2.81740590,1.92887877,3.00413937,2.87408090,3.18347718,2.80752373,2.73679146,1.60846172,2.48713040,2.99618728,3.36656856,3.30655695,2.95910496,2.67898934,1.90725189,3.05176193,3.23883228,3.26835409,2.76016438,3.21811002,2.68921647,2.81958526,3.19398955,3.34806087,3.25911258,3.23078146,2.65300473,1.76166523,3.10793004,3.13847214,3.30505821,3.29379010,3.40665484,3.07078594,2.67878619,3.47573135,3.46433070,3.22386374,3.15892154,3.00824608,2.12867201,3.20716929,3.07412615,3.13037047,3.01691172,2.96679586,2.69080942,2.02061574,2.52219375,2.88626052,2.76741435,2.61002319,2.21304847,0.00000000,2.51727098,2.73691834,2.88350006,2.63490985,2.30241603,1.52163586,2.76795697,3.05805407,3.14619987,3.28125651,2.95222545,2.93132038,2.07990308,2.79996487,2.89668972,3.04817505,3.14493638,3.05507619,2.53281411,1.86835811,2.96550841,3.02821848,2.92368284,2.86326397,2.95880946,2.01406078,2.90385502,3.17781865,3.22868588,3.21239242,3.27095788,2.90429604,1.56711815,2.59289714,2.57635490,2.71020403,2.73020976,2.63502517,2.19767755,3.00376314,3.00694947,2.79960848,2.80933614,2.95645429,2.29865862
3.61917462,3.03416171,3.54963254,3.60118289,3.63029106,3.19157536,2.77130522,2.64913223,3.63560096,3.91769390,3.88431666,3.51470783,3.90865652,2.86221375,2.71892137,2.69197622,2.90147565,2.82867258,2.59318182,2.61807612,2.30113368,2.32524696,2.34889689,2.29999298,2.43442611,2.33779795,2.47297235,2.93213685,3.25584977,3.25671516,3.45072965,2.81902319,2.66756904,2.52445511,3.18248849,2.97431446,2.76247201,2.46443171,2.34366781,3.73372540,3.49921362,3.64178309,3.53449619,3.72757933,3.15431126,2.68098349,2.74249635,3.38890321,3.57630202,3.83587379,3.26565774,3.41523198,2.85939100,2.59364848,2.68365820,2.79318776,2.93832072,2.66740442,2.56850391,2.41262021,2.32312240,2.30120873,2.30414968,2.28925127,2.26896410,2.40472897,2.36907477,2.30863956,2.39815038,2.66610284,2.23810522,2.40078224,2.50370192,2.44819146,2.41644200,2.35535691,2.22574692,2.26782193,3.43437555,3.07806616,3.54335499,3.64394513,3.62708862,2.93696132,2.77741630,2.83834867,3.47862820,3.02952888,2.43570608,2.33621837,2.27746031,3.96474737,3.83366608,3.32299224,3.67411321,3.67509849,2.92675635,2.88823902,2.90422022,3.65805354,3.81076607,3.81273958,3.71231742,3.97778395,3.48191423,2.91849964,3.41604900,3.51519495,3.48506092,2.82572961,2.73462625,2.78013697,3.51023266,3.59224616,3.62966350,3.47064121,2.22406144,3.82954360,2.66184258,3.44283384,3.48321007,3.45521663,2.84248645,2.88260513,2.85503744,3.53906625,3.93949815,3.61606898,2.87968928,2.34053115,3.79629729,3.29293338,3.68867087,3.53575003,3.52268600,2.96299446,2.53616958,2.77176919,3.54929517,3.71853040,3.61608482,3.77687438,2.31685486,3.83107870,3.06874104,3.82001138,3.72482056,3.47682773,2.97777901,2.82856380,2.49445004,3.44136740,3.40628290,3.26105087,2.97437568,2.29745501,3.65468826,2.91128983,3.36623537,3.43444226,3.48849949,2.76857566,2.62573814,2.49931679,3.44899486,3.88438020,3.73519935,3.75263267,3.91930844,3.80607900,3.55744218,3.49900603,3.67395965,3.50489159,3.06937712,2.77330121,2.73693339,3.71120018,3.86053532,3.39213028,3.19541258,3.15807103,3.73415031,3.07237330,3.72256048,3.52298591,3.56581634,2.79018009,2.75189705,2.81728175,3.30723043,3.17816786,2.78833881,2.53745108,2.38158824,3.89674672,3.11950354,3.74176055,3.54833259,3.64002724,3.13691757,2.64349011,2.71087780,3.46221354,3.43936592,3.38808780,3.36180121,2.26080785,3.48958933,3.32492073,3.67638778,3.88142413,3.49254573,2.92315569,2.61075276,2.79318150,3.36450961,3.59847767,3.29702970,3.39124602,3.39475489,3.88493906,3.28376653,3.59495383,3.68392079,3.52292441,3.05800550,2.70679126,2.67758481,3.51781351,3.62758319,3.58008760,3.60097149,3.68191369,3.66196936,3.71232847,3.70166601,3.61412849,3.55680608,2.89950804,2.71815627,2.78021082,3.24204772,3.44422099,3.39627041,3.35638180,3.57602210,3.52351860,2.69705616,3.09597626,3.15653557,3.32604536,2.60145840,2.51727098,0.00000000,2.65660532,3.19096650,3.04323626,2.58838166,2.25110299,3.66416500,3.21803968,3.35852912,3.67114061,3.51227120,3.09752946,2.78671639,2.57107976,3.20770581,3.41176852,3.44971178,3.27856287,3.16987249,2.76039292,3.13191928,3.28664607,3.26646343,3.45112971,3.01927156,2.81322430,2.70138469,3.59933067,3.91332779,3.90677083,3.79056340,3.69007383,2.31073853,2.82395311,3.23603803,2.86226071,3.16499009,2.69269223,2.70384527,2.60479257,3.07233092,3.16247111,2.92108616,2.71455763,2.73758057
3.78290849,4.14586982,3.87652692,3.84525195,3.24618023,3.55795734,3.13738446,3.30232822,3.08190792,3.93313355,3.72552808,4.10844406,4.16404936,3.22453252,3.19098963,2.94081912,3.20383605,2.97235640,2.92686828,2.94276266,2.73105424,2.72780139,2.79451900,2.73471386,2.85574718,2.77482472,2.93807968,3.21635467,3.46393800,3.57715403,3.23535131,3.04814052,3.04441665,3.26317266,2.93509181,3.23640104,3.20030653,2.87078844,2.75594336,3.76279666,4.33431100,3.60826122,3.76834886,3.44721738,3.49228891,3.03660145,3.31822266,2.84515266,3.71980916,3.65779754,4.05472635,3.75228616,3.24799669,3.19480102,2.95088764,3.16817663,3.07438093,3.08796010,3.05639777,2.89006849,2.75777712,2.81606568,2.75289958,2.70422211,2.71340089,2.86337785,2.96435515,2.74003919,2.77765177,2.92860325,2.62827606,2.91591162,2.89337299,2.74538431,2.83397925,2.73517398,2.73885138,2.76547554,3.45784029,4.01570635,3.43367226,3.91521138,3.36207825,3.34272225,3.14609437,3.38977868,3.14948670,3.30700584,2.81478403,2.76075125,2.71111004,4.03776411,4.54980337,3.67192425,3.78445630,3.32963924,3.18321156,3.20713248,3.44233916,2.90275175,3.83599370,3.32504447,4.24227580,4.12091847,3.35851369,3.56756795,3.21210038,3.82063063,3.31087783,3.13183313,2.85195413,3.43733906,3.02438755,3.82685101,3.51900024,3.84491088,2.70001873,3.78325064,3.89602320,3.38048451,3.90339059,3.17737981,3.18682214,2.92058415,3.37253182,3.00866428,4.04592810,3.58304114,3.35909403,2.73444094,3.60005402,4.02012637,3.45793493,3.75089567,3.41769646,3.23734286,2.80125496,3.32979824,2.92738935,3.67814240,3.77696861,4.29355361,2.69665217,3.68173755,3.95167008,3.59106823,4.02200027,3.12020934,3.25758106,3.03783603,3.32920691,2.91392252,3.98219974,3.72770759,3.46754086,2.73515286,3.77823273,3.97922452,3.46339437,3.72806637,3.28837959,3.21576920,2.94339819,3.14797839,2.66722682,3.74296823,3.61343756,4.31316556,3.99007997,3.98620589,4.48118682,3.73991939,4.01675071,3.30993797,3.41077345,3.08636609,3.46195242,3.21241002,3.79803573,3.59432786,3.81024422,3.49011121,3.72243023,4.11612194,3.50538665,3.90977492,3.36719054,3.24050587,3.11130421,3.38019914,2.82498084,3.53742648,3.32549651,2.90508283,2.80307536,3.69827289,4.00072511,3.72261023,3.75286613,3.34680573,3.36330418,2.86690726,3.34242798,2.97557285,3.71248891,3.33009075,3.66817454,2.71440384,3.46639084,4.19596617,3.33750008,3.73648738,3.08445956,3.16432939,2.96463965,3.26895721,2.81198617,3.76693731,3.50875517,4.15732611,3.74617180,3.81294698,4.08538793,3.43031595,3.83097141,3.13139523,3.32548584,2.96719101,3.09968755,2.73857638,3.66241743,3.60156142,4.28627110,3.77407187,3.67272482,4.24467150,3.84397607,3.59874470,3.27372644,3.35205251,3.29675620,3.42024778,2.70442413,3.76621451,3.35083877,3.83731347,3.66842587,3.48410718,3.71551767,3.09647019,3.39346471,2.76951036,2.87306391,2.73691834,2.65660532,0.00000000,3.14035274,2.93556543,2.91722583,2.70700598,3.56469121,3.85416138,3.52680766,3.66929313,3.30000027,3.36685287,3.14773949,3.18254883,2.64869500,3.56906148,3.52248507,3.87800735,3.32411732,3.16332642,3.92512722,3.60856781,3.56040068,3.24275970,3.43350167,3.16119391,3.37046014,2.91624702,3.75642006,3.68851308,4.27918850,3.80185113,2.64269041,3.43977909,3.55223626,3.57344817,3.12280297,3.09497121,3.04108447,3.36775177,2.84331955,3.48480397,3.22194308,3.46475799,3.22164231
3.66268467,3.94388528,4.71387954,3.61737298,3.71610959,3.37557395,3.10274856,3.68420351,3.85535038,3.42826646,3.90792690,3.75479987,4.37454568,3.34379230,3.20164164,3.31928164,3.08836536,3.20602223,3.05428736,3.12339108,2.85215773,2.82925307,2.81821895,2.88314748,2.90992035,2.86725004,2.97425118,3.50165946,3.81252912,3.32830145,3.86963536,3.18270022,3.58121098,3.49839554,3.54373397,3.20540761,3.49784464,2.92063967,2.83667095,3.92684495,4.24437210,4.60367978,3.69967174,3.75216023,3.41382903,3.11734769,3.67706337,3.65983014,3.33357316,3.97344115,3.95613889,3.84227139,3.08380338,3.09251855,3.08777713,2.82590142,3.25269018,2.97680801,3.00669370,2.76351933,2.72930278,2.90662445,2.86902847,2.84736892,2.90140170,2.94598033,3.11791825,3.02833369,3.01255088,3.23038363,2.78590653,3.16170493,3.10408326,3.06532047,2.97954061,3.01139717,2.76219750,2.85795313,3.74559800,3.74898856,4.51887012,3.61119757,3.73837915,3.38359327,3.17009891,3.50983016,3.60202455,3.26479421,3.06270327,2.82352186,2.84181526,4.08734546,4.47799919,4.41032427,3.65774932,3.81748729,3.27564949,3.19275611,3.71692454,3.79870066,3.52827466,3.80044243,4.12809808,4.38444770,3.47124986,3.53333742,4.13293293,3.50309926,3.83726571,3.29350140,3.23198438,3.74082448,3.75752505,3.33238552,3.84989550,3.68577197,2.78254615,3.67577480,3.64584528,4.47951716,3.62790674,3.72768380,3.07486119,3.08550211,3.46217877,3.66164880,3.42713077,3.96227255,3.29420154,2.92094219,3.58938626,3.76261898,4.31293924,3.48555008,3.87485070,3.14444410,3.16500672,3.50153575,3.67572272,3.21508317,3.95569314,3.85790960,2.82581111,3.71820894,3.80042715,4.52576678,3.60524509,3.54579203,3.09595838,3.03759827,3.55725298,3.71086203,3.34731664,3.80626550,3.23613630,2.85111585,3.60528988,3.70993901,4.24528236,3.74501758,3.98021025,3.30588819,3.13870180,3.67482255,3.82932452,3.56233675,3.95514818,4.07274233,4.09740278,4.05202186,4.05671317,4.52676923,3.82797355,3.73694312,3.37633342,3.22239542,3.80037220,3.74630826,3.25485732,3.73609940,3.88053661,3.81796639,3.68726206,3.89831391,4.56192261,3.56420166,3.85630428,3.21955481,3.24784576,3.67153193,3.49562268,3.14506371,3.46545112,3.08095563,2.97535800,4.00463628,4.09251840,4.57775125,3.88989818,4.12551876,3.52846797,3.46774663,3.57334501,3.53878228,3.53094267,3.98074767,3.53697720,2.87450470,3.60254006,3.84710232,4.39071872,3.41265958,3.63663754,3.10943811,3.20230461,3.70333266,3.61251323,3.27452269,3.50328679,4.01617385,3.86491093,3.52816599,3.81299915,4.21461797,3.54940720,3.83673969,3.20342402,3.19888302,3.54360987,3.68002039,3.48533818,4.22484255,4.05068215,4.12529904,3.51671625,4.13924752,4.51441038,3.55811542,3.67343994,3.39865069,3.29824051,3.89403518,3.68795741,3.52161378,3.62025731,3.93642932,3.92936234,3.57641253,3.52258436,4.21458569,3.26511453,3.55532084,3.00192725,2.88350006,3.19096650,3.14035274,0.00000000,3.01706728,2.67225265,2.72650609,3.55297376,3.79373101,4.26711502,3.60841763,3.44888931,3.14139466,3.03096440,3.53505060,3.36685751,3.19728339,3.93166686,3.90516622,3.49801592,3.15563322,3.62928161,4.27890952,3.42792683,3.68358431,3.32253578,3.12672441,3.61309082,3.71854869,3.23756743,3.80690590,3.98525134,3.91600532,2.72129685,3.43602938,3.96128950,3.81179745,3.85934074,3.14339354,3.38343699,3.96395374,3.76539024,3.33894204,3.73906823,3.77244438,3.41832337
3.35948756,3.59340759,3.98627866,4.00907137,3.49833101,3.50360484,2.96330725,3.61870679,3.92202402,3.95641828,3.67942520,3.95405516,3.88828686,3.15359255,3.13525115,3.05045137,3.09241435,2.98823797,2.94253676,3.01134142,2.87022342,2.71636378,2.82517956,2.81048692,2.82973502,2.72580473,2.94267465,3.41734741,3.39156902,3.75808090,3.40944572,3.30627908,3.18279054,3.39581180,3.02027361,3.26469212,3.08597378,2.89338632,2.81774657,3.27079737,3.76361934,3.94657071,4.04365971,3.52957034,3.42432808,2.99238851,3.58659352,3.80463480,3.83696650,3.74695537,4.04621905,3.71649426,3.31394081,3.17945518,2.99405186,3.24528632,2.97620594,3.17721294,2.99089377,2.73061698,2.82802411,2.90572135,2.84622097,2.79978221,2.79354702,2.85786385,2.87951736,2.78070560,2.96796521,2.94157934,3.00807585,2.93705575,3.09606682,2.91557421,2.89049292,2.84459415,2.79733678,2.74872684,3.41738962,3.59327409,3.94256424,4.20700194,3.40337452,3.38189124,2.91579157,3.50923086,3.48171802,3.31839512,2.76516818,2.87514421,2.85103700,3.96262043,4.25441229,3.91561861,4.22704331,3.66372626,3.28935630,3.04768430,3.70784982,4.05616460,4.06284357,3.63994527,4.19264156,4.09825735,3.24163500,3.60467808,3.67135500,3.95867669,3.37541590,3.42081509,3.10873251,3.64788600,3.62366130,3.90199205,3.37621482,3.97416020,2.76600523,3.52219806,3.65937303,4.13603925,4.24383401,3.39974281,3.35127035,2.96137003,3.65880501,3.47643716,3.95863761,3.28952766,3.12834820,2.80615696,3.43928208,4.04052959,3.86691077,3.96297810,3.44945861,3.50689956,2.97838932,3.62910350,3.54626051,3.90087523,3.21639060,3.99639751,2.77304137,3.48419979,3.74909133,4.01974558,4.29763401,3.24937441,3.51964487,2.93367248,3.65574057,3.59839488,3.78038474,3.21366151,3.42464299,2.75240482,3.37963893,3.57991595,3.69886888,3.99150956,3.56879852,3.32357468,2.86957958,3.53564650,3.68841136,4.06476300,3.50275746,4.11719389,3.78879984,3.73321185,4.15400346,3.93608432,4.35772331,3.54467312,3.57305776,3.21934383,3.89757612,3.99846101,3.90879165,3.79817170,3.93768126,3.61196071,3.43761889,3.83479055,3.96429667,3.99359094,3.40304681,3.41020347,3.02253344,3.67035779,3.30810698,3.50736067,3.07047357,2.81492314,2.87461998,3.72264633,4.08028648,4.28670694,4.14554989,3.54474737,3.71636508,2.97675834,3.60345837,3.41557780,3.98358331,3.27422792,3.65346931,2.80333487,3.34303134,3.92906627,4.11166942,4.19533926,3.38690380,3.37548137,2.97344928,3.98529291,3.81768789,3.91273936,3.45031899,4.25416691,3.73486118,3.35340928,3.94117459,3.96706092,4.32174784,3.35016790,3.39074352,2.98600502,3.59998130,3.72726021,3.96973240,3.56559371,4.22746888,3.87683405,3.41203270,4.29314925,4.13601305,3.91483455,3.58125366,3.52008486,3.01895244,3.86180485,3.81838211,3.46056654,3.36021968,3.82020407,3.54698624,3.23444629,3.65089148,3.74543479,3.92527717,3.07265314,3.08666969,2.63490985,3.04323626,2.93556543,3.01706728,0.00000000,2.57099427,2.79379728,3.45527021,3.70307841,3.94804303,4.17262689,3.37728212,3.44570857,3.15179028,3.51301631,3.54201949,3.64212440,3.75952693,4.02164815,3.37765180,2.84800321,3.53672965,3.59866660,3.74712674,3.35282772,3.37974638,3.02639014,3.58486720,3.73583326,3.86810231,3.46870349,4.00560818,3.44097690,2.71893666,3.27240719,3.27472852,3.62890965,3.15186541,3.29133747,3.05153065,3.65688502,3.64067975,3.52481588,3.24692942,3.74493032,3.13212917
3.33663502,3.38417719,3.90486937,3.63321942,3.86272012,3.31846909,2.41919624,3.07679850,3.70114810,3.62894361,3.85581981,3.36088654,3.86906618,2.70393952,2.63334551,2.52880790,2.54750506,2.79859091,2.40940867,2.42280445,2.22658556,2.14087769,2.13330069,2.29542062,2.27193921,2.19618264,2.33844317,2.76455604,3.08239037,2.95289210,3.58581523,2.57730144,2.72924901,2.72869381,2.95561826,2.79889644,2.90467347,2.15179876,2.19071861,3.33904296,3.61985942,3.88651528,3.46973508,3.83857617,3.13556167,2.32515843,3.12215171,3.33305191,3.35825933,3.74194698,3.20940601,3.27569018,2.57005322,2.48287062,2.33677091,2.56340146,2.80474450,2.32835265,2.46862125,2.17933572,2.03040025,2.27833190,2.24029920,2.22003375,2.19275154,2.48503801,2.41075983,2.45214482,2.59935940,2.94426189,2.34908072,2.46361836,2.57988352,2.47090664,2.36626738,2.49045559,2.15349297,2.11623440,3.09266333,3.04647118,3.69792740,3.60020100,3.77166872,2.72976072,2.45026486,3.08094175,3.19137258,2.84228165,2.41660144,2.21131167,2.18278236,3.70364958,4.08788941,3.73731454,3.80287219,3.99307729,2.90413849,2.47520572,3.24869940,3.74778690,3.89510155,3.67812926,3.63098267,3.78495644,3.06852788,3.04968542,3.40329253,3.34422209,3.77136269,2.97912866,2.76687961,3.26730823,3.71598707,3.66037548,3.82632893,3.43163648,1.98480655,3.27785524,3.20568255,3.78304755,3.70209905,3.81141653,2.64429329,2.69662985,3.31681770,3.43415099,3.57112003,3.45869082,2.59467837,2.23651562,3.45965249,3.45980253,3.73152210,3.38064674,3.84937308,2.90070023,2.52000541,3.21337308,3.53587346,3.40607977,3.51625982,3.17072550,2.13642584,3.36934723,3.29130542,3.68860835,3.65402980,3.72941394,2.83734522,2.59983525,3.04548951,3.56210483,3.32214099,3.50617176,2.69688364,2.18634081,3.29533773,3.28745903,3.62447555,3.46503604,3.88385059,2.84783063,2.50454449,3.18688396,3.55928354,3.84358217,3.87119673,3.62425111,3.86095829,3.60457285,3.63113867,3.73087035,3.79080432,3.75244942,3.04513596,2.43350367,3.25012233,3.62852152,3.45023631,3.54630608,2.98430373,2.97714030,3.57534283,3.70821977,3.97935767,3.76571712,3.99772650,2.99733644,2.86158849,3.35395799,3.32020156,2.88808778,2.84173395,2.28750540,2.32208679,3.58857094,3.50123332,4.09669952,3.59737950,3.94607046,3.18918946,2.49890527,3.25437089,3.41010355,3.47174961,3.37308975,2.67164648,2.12157099,3.16663541,3.66119536,3.96866746,3.66415770,3.63428892,2.75472838,2.52420478,3.39361425,3.51035504,3.49660962,3.25600967,3.56362768,3.47733309,3.37885356,3.61491517,3.79329669,3.65806786,3.85363882,2.74013221,2.59351499,3.32898821,3.56063266,3.67062810,3.88928721,3.79565731,3.98969155,3.10411755,3.73000200,3.91834964,3.38010850,3.74626639,3.24280744,2.52653042,3.47472602,3.44458059,3.21113158,3.32092525,2.98546394,3.12180965,3.31944677,3.26402634,3.64229718,3.37082623,3.58940731,2.51251862,2.30241603,2.58838166,2.91722583,2.67225265,2.57099427,0.00000000,2.11620510,3.33316988,3.35782337,3.55033147,3.65696775,3.64799806,3.14312124,2.55644411,2.97861844,3.17714422,3.30015102,3.63034998,3.19571632,2.82314649,2.73035068,3.22250217,3.50653970,3.19148099,3.59538425,3.16003143,2.54736969,3.08845566,3.55792531,3.48214172,3.78164536,3.44877390,3.49141061,2.10492718,2.78333264,3.24349018,3.12891975,3.37587241,2.75265645,2.73117362,3.09303513,3.24179096,2.91336207,3.04931119,2.88793721,2.67394394
2.79291436,2.84850555,3.43138117,2.87156919,3.03972034,2.43248869,1.32459341,2.31670306,3.06799931,3.08922443,3.29172330,2.89306736,3.31776580,1.61699268,1.53786483,1.53417772,1.55112589,1.50798171,1.32519435,1.31899730,0.72311490,0.68841957,0.72910431,0.63930178,0.81819256,0.74237719,0.94893164,1.73846905,2.30275646,2.23385601,2.75401334,2.00933489,1.77067994,1.93753743,2.26341395,1.89053140,1.86030125,1.27405378,0.74029045,2.77519654,2.91935831,3.20907411,2.83593600,3.05102553,2.41660399,1.39164027,2.52183172,2.80968661,2.89752736,3.11053297,2.78004903,2.52909026,1.50385038,1.43123385,1.60396635,1.48022308,1.74238496,1.38475016,1.10666336,0.81635823,0.84576083,0.70857934,0.67265427,0.71865154,0.80339198,1.06602045,1.11662628,1.06734812,1.00562689,1.56198841,1.22532301,1.14016473,1.21410956,1.06206810,0.85546213,1.02579477,0.74726448,0.76190764,2.67542292,2.61987918,3.28762157,2.98416161,2.99188574,2.28225551,1.75417408,2.42228567,2.78429299,2.09619649,1.15012049,0.93503084,0.80044386,2.87696775,3.31614236,3.05819300,3.10096232,3.14045026,2.01341370,1.46504883,2.61506040,2.98182649,3.14482978,3.07450643,3.05953995,3.30817017,2.42633699,2.36151588,2.89544297,2.79897386,2.92618865,2.14850960,1.57800988,2.51850916,2.89354673,2.75842400,2.83893047,2.61240913,0.77593782,2.74489008,2.56753048,3.29215299,2.96861984,3.02922143,2.19677377,1.72392921,2.60316676,2.93642091,3.06944377,2.92823109,2.10865808,0.74565769,2.89488306,2.97974890,3.38755545,2.84128372,3.02615967,2.25277037,1.45295590,2.45495441,2.77593294,2.83918281,2.91127671,3.07080848,0.83613372,2.65572692,2.66812419,3.31118914,2.98012090,2.86737624,2.24122021,1.56451128,2.41659039,2.92292087,2.55386341,2.63508046,2.09402756,0.70656886,2.49787008,2.49741684,3.06165308,2.86792608,3.08729331,2.09572610,1.33320537,2.51062048,3.01219484,3.31370517,3.27329601,3.17425479,3.34683613,2.91172572,2.99971056,3.16428775,3.22660707,2.93700144,2.43744297,1.62632562,2.66763851,2.99680625,3.00397367,2.90877212,2.70318951,2.41698140,2.55225488,2.71281017,3.20357552,2.85120594,2.94363373,2.12950532,1.67064534,2.38932868,2.53564869,2.03267048,1.77132217,1.14675358,0.79952286,2.87121131,2.93861953,3.51956999,2.93350941,3.18170548,2.42012568,1.66177476,2.59067005,2.81681456,2.88908380,2.79184482,2.48094830,0.75474832,2.52197195,2.96780839,3.38062428,3.01289358,2.85342206,2.14551540,1.57839234,2.51198968,2.89850384,2.83364194,2.53096872,2.92127683,2.63796695,2.67389351,2.75923682,3.22283468,3.03007475,3.08973608,2.10455233,1.34960478,2.60066907,2.79711496,2.74113849,2.89997416,3.05982664,3.03875998,2.58823714,3.09759385,3.31068820,2.81678363,2.85996668,2.33671851,1.62774016,2.78370044,2.74015600,2.74322292,2.77806256,2.71370616,2.74692662,2.59374680,2.60953789,3.24724668,2.89793976,2.93316044,2.10810246,1.52163586,2.25110299,2.70700598,2.72650609,2.79379728,2.11620510,0.00000000,2.62559922,2.65432817,2.97962344,2.96829521,2.75220805,2.21161877,1.52546560,2.22361449,2.38699389,2.53542348,2.81440299,2.56432833,2.14080942,1.77889461,2.67643798,3.03365869,2.54344690,2.71961682,2.33075860,1.54032031,2.41217327,2.89170879,2.93712357,3.20355492,3.09968439,3.04141921,0.69788809,1.84827732,2.31710906,2.11626791,2.39834518,1.91478012,1.62682529,2.36287225,2.56031921,2.31069031,2.25387895,2.24521122,1.80942125
2.80273342,3.49769254,3.94454587,3.27630171,3.52488307,3.44387699,2.61232734,3.67089714,3.89108751,3.99573494,4.07123939,3.87618886,3.85743801,3.12839518,3.20539011,3.14180165,2.96892092,2.98480421,2.86769667,3.01267837,2.64202201,2.55030334,2.52844123,2.56074417,2.56616138,2.63892418,2.81212144,3.26160196,3.12399562,3.42922479,3.54381879,3.45911233,3.14837223,3.32138525,3.13798812,3.25661220,3.09817641,2.89687340,2.53686993,2.94507021,3.59350841,3.72205584,3.21529221,3.61811961,3.47636658,2.84345785,3.75212233,3.68749472,3.64880961,3.70733528,3.52825178,3.12778646,3.12112650,3.17490724,3.23996532,3.05673481,3.13400116,3.18742987,2.99450324,2.58112350,2.64507823,2.61289512,2.65056844,2.65835137,2.58977237,2.48642429,2.71552593,2.67486561,2.73553867,2.90305261,3.03169304,2.67130469,2.72376535,2.52979286,2.51304473,2.73323820,2.58589470,2.58953263,3.38885615,3.74153083,4.13987061,3.82843000,3.65284241,3.47397599,2.68403778,3.42036174,3.59001625,3.16367080,2.33191158,2.56463572,2.56274997,2.84693773,3.57556088,3.44393772,3.33086899,3.71680126,3.28572002,2.54536702,3.91628258,3.85363042,3.91917650,3.84114315,4.13274667,3.79684626,3.32940402,3.80027750,3.78327726,3.61574123,3.64921913,3.46476527,2.70384660,3.66749612,3.60292376,3.66300262,3.56752674,3.59286128,2.45553996,3.44140229,3.97521810,4.01539096,3.74289546,3.68103781,3.48905297,2.74770417,3.77867053,3.70229516,4.02020666,3.67649834,3.41214325,2.58180846,3.57681845,3.97675842,3.90429076,3.59295805,3.67430843,3.46413481,2.78803608,3.72334346,3.64187902,3.87340148,3.69013117,3.89945483,2.47293132,3.59576652,4.03992418,4.17548025,3.86396301,3.58991566,3.44858737,2.78238004,3.62655910,3.59974215,3.47158379,3.21055876,3.23020892,2.53432201,3.35193983,3.80974178,3.75895286,3.84455027,3.73495742,3.46786090,2.75905435,3.79798763,3.83679514,4.01630229,3.88195081,3.85309742,3.55806554,2.85619634,3.48787198,3.71347081,3.60720738,3.55625816,3.38980907,2.93319518,4.12190218,3.75314145,3.63712396,3.85896843,3.68281484,3.41303756,3.30797475,3.92368988,3.95468415,3.61665200,3.67756791,3.48886567,2.75145963,3.52308888,3.38698746,2.99852333,3.01951687,2.68949402,2.62989111,3.31075177,3.97376370,4.28146814,3.74637641,3.59625364,3.48871369,2.77894666,3.81799092,3.32715402,3.75452939,3.60314932,3.59061775,2.56863949,3.34735928,3.91246602,4.02802780,3.64097765,3.60720670,3.28539911,2.77577045,3.63198947,3.85014389,3.69091458,3.36094213,3.62791477,3.50815700,3.50213833,4.23448600,4.16510113,3.83349070,3.77721246,3.37769442,2.59964923,3.73123180,3.33583863,3.69707354,3.73049699,3.99163576,3.63017821,2.65917434,3.62866345,3.71985539,3.11658939,3.52617227,3.53737621,2.86862457,4.02134372,3.60529680,3.59924310,3.91385927,3.71993597,3.33090452,3.06549160,3.66202700,3.97900421,3.60026096,3.47685573,3.42101896,2.76795697,3.66416500,3.56469121,3.55297376,3.45527021,3.33316988,2.62559922,0.00000000,2.44055574,3.05761346,2.76186901,2.94972647,3.17513602,2.64936825,3.50373250,3.35161728,3.33688825,3.65822272,3.73637493,3.08221025,2.75328066,3.44826525,3.73583758,3.37871410,3.50642691,3.46685145,2.75958088,3.86209714,3.68032839,3.63594570,3.86175324,3.80447210,3.24415986,2.48436295,2.81592047,3.00845364,2.94703217,3.22621712,3.09326412,2.95441664,3.66667901,3.72163329,3.40884803,3.45624983,3.61321525,3.04763466
3.44654308,2.92215616,3.99895777,3.84676294,3.66923700,3.18880496,2.74062528,3.16504242,4.28162606,4.31682930,3.87669533,3.80533585,3.96706769,3.29509200,3.07303972,3.23908718,3.22612335,3.06480450,2.96686501,3.12414267,2.63528929,2.65422539,2.58288394,2.58634322,2.69985797,2.66768087,2.82166345,3.20403777,3.40386487,3.50485898,3.83057708,3.42877195,2.99067798,3.08541196,3.55519002,3.41336682,3.19961460,2.95087429,2.60174767,3.65084530,3.15809030,3.80867131,3.82480718,3.75788524,3.29838704,2.83376910,3.33807215,4.11092174,3.98110266,3.68586723,3.41281881,3.53178341,3.28621108,3.12305776,3.36480436,3.34187794,3.23485912,3.03202264,2.92656153,2.60388305,2.64460456,2.61638689,2.71829939,2.74089040,2.63154410,2.73008814,2.72512579,2.74810604,2.87731407,3.08530807,2.96409392,2.66320061,2.67014577,2.75888979,2.67174241,2.79030485,2.61861315,2.64365798,3.88803557,3.63986703,4.30874730,4.26670376,3.89949409,3.27825854,2.99989659,3.28416721,3.88622696,3.29054848,2.53465325,2.58736924,2.58210102,3.60500847,3.04879332,3.61261087,4.02059488,3.88574971,3.18987512,2.97980924,3.46391940,4.26298423,4.35410497,3.90112026,3.98215284,4.15065049,3.71420134,3.20903569,3.84610582,3.88662998,3.76775634,3.11687480,2.82078093,3.48531895,4.08260397,3.64857972,3.57578126,3.41353561,2.52791527,3.97139813,3.40385264,4.07522615,4.13333016,3.81136469,3.32963723,3.12343021,3.53658198,4.19256067,4.27415728,3.80102475,3.23614536,2.69291727,3.91743398,3.54994396,4.15788141,4.11353117,3.83089232,3.33869907,3.04078825,3.40939050,4.06085233,4.02202687,3.63652164,3.76310248,2.56007146,3.85997710,3.40747270,4.19309367,4.17596559,3.70907243,3.33620453,2.95315791,3.44539578,4.03735511,3.77894650,3.46753316,3.16188284,2.57596848,3.81791559,3.52284803,3.99000459,4.34157320,4.01690290,3.23663162,2.85933497,3.40657128,4.29837117,4.34732974,3.71585298,3.72811226,3.91042236,3.35920728,2.86191048,3.68936652,4.10719801,3.72009508,3.39791422,2.95810553,3.73179573,4.28136258,4.09621976,3.50140189,3.65576382,3.45974242,3.72909447,3.40082553,4.17688631,4.08011833,3.84389729,3.38364792,2.94800225,3.35560110,3.95837579,3.25870167,2.93087037,2.70944892,2.71500685,3.88456756,3.66173569,4.35039616,4.25744209,3.87332019,3.43007494,3.03611184,3.53792178,3.94671596,3.81517510,3.45093535,3.64976908,2.66348367,3.69211581,3.43691605,4.34960001,4.17850285,3.85990206,3.11239468,2.86162437,3.44943843,4.24962012,4.02403758,3.41513387,3.43537018,3.65118435,3.94934175,3.56131831,4.43052380,4.41421176,3.85543932,3.17858038,2.82105520,3.46000989,3.97612080,3.87143903,3.48198243,3.76048106,3.93245637,3.08592605,3.14980694,3.72631594,3.71418450,3.67104636,3.16602970,2.80602224,3.57360826,3.90456846,3.71761648,3.61526580,3.61508406,3.66900999,3.60831373,3.09564938,3.98709396,4.06229792,3.84076238,3.25703508,3.05805407,3.21803968,3.85416138,3.79373101,3.70307841,3.35782337,2.65432817,2.44055574,0.00000000,2.82392759,3.39320135,3.25948106,2.89096490,2.68436600,2.97299173,3.70240866,3.56800383,3.45403435,3.62788482,3.29043408,3.11280838,3.29172465,3.82465829,3.88149060,3.78628398,3.37796963,2.95160675,3.38402132,4.14347783,3.99187655,3.63175066,3.89371268,3.63134392,2.63753784,2.77788218,3.04693351,2.70640326,3.50270322,2.91585981,3.11783346,3.32383664,3.95312029,3.68126659,3.39716003,3.45876140,3.29403553
4.12167872,3.91268082,3.05641492,3.72210129,3.91497497,3.73990293,3.32773490,3.03795735,3.79153006,4.59249059,4.37805918,4.02068959,4.21478310,3.47479101,3.32820466,3.30111171,3.49986352,3.25419687,3.22267479,3.35503506,2.98042334,2.92367026,2.94262202,2.87247426,3.01724682,3.02740125,3.16931890,3.53036009,3.40825447,3.67588259,3.52480512,3.53056564,3.21780405,3.35947799,3.47125970,3.52047101,3.39663515,3.22810768,2.93543162,3.99927954,3.89178157,3.12926427,3.55762673,3.95856589,3.61047695,3.16582398,3.24655783,3.56441616,4.19970309,4.11146041,3.73378899,3.78784295,3.57908649,3.44360640,3.31971698,3.62015538,3.44350473,3.31832944,3.28302540,2.96243253,3.00763265,2.92077903,2.92536827,2.98361096,2.90099345,2.98786882,2.94620527,2.81577269,2.97119704,3.19980292,3.09585559,3.01664618,2.89725938,2.92984334,2.95126524,3.07463173,2.94274757,3.00212887,4.03918828,3.81308845,3.59290542,4.11342167,3.96340060,3.51319980,3.18968569,3.03784936,3.49921044,3.55849753,2.85636812,2.99461849,2.91018999,4.01757671,4.10882565,3.25915908,3.96798060,4.00428269,3.44866818,3.38324768,3.21077631,3.74086575,4.66917461,4.25189158,4.03232546,4.30147856,4.06257012,3.66383006,3.44139639,4.02970315,3.92271876,3.55096585,3.08068199,3.41777589,3.91212353,4.23907485,4.07579494,4.01094299,2.87434654,4.08731940,3.74789088,3.45577727,4.01730972,3.84546696,3.58915974,3.31128167,3.53907330,3.69712539,4.45476237,3.95657328,3.59033171,2.90794561,4.26280166,3.94767431,3.44728098,3.95306600,3.89493532,3.61488095,3.14744578,3.36461163,3.78907332,4.33853310,4.00754945,4.08977827,2.93838527,4.05357962,3.68150352,3.35867869,4.06884562,3.82075426,3.63835786,3.22723944,3.31548304,3.64803871,3.95748875,3.72702794,3.60823379,2.95606581,4.22249480,4.02523602,3.62433077,3.94958546,3.76977284,3.43233094,3.21552250,3.11727636,3.64363737,4.61713656,4.26850341,3.93240304,4.12593305,3.97851250,3.82854213,3.10497213,3.97500782,3.88744964,3.69936426,3.12613421,3.45311292,4.00711649,4.46435095,4.18107315,3.89187069,3.51824029,4.06991955,3.60519540,3.35377767,3.92561349,3.86098262,3.55494387,3.08659281,3.03763321,3.45610384,3.65172951,3.22376906,3.07985871,2.95502275,3.95702041,3.75183145,3.69576488,3.92358292,3.78410566,3.62070454,3.28211733,3.37305490,3.73691163,4.17873206,3.82843548,3.94051816,2.95151570,3.88191898,3.92310297,3.44810211,4.12898347,3.84890284,3.44342076,3.18386858,3.39885286,3.80378525,4.33506451,3.97966758,3.74669288,3.82705936,4.18177193,3.94473838,3.67582582,4.24888451,3.86425044,3.47722064,3.10414230,3.28928853,3.59224375,4.23933562,3.91194514,3.90673858,3.91881475,3.77705530,3.72852642,3.21121874,3.35916420,3.69392214,3.47971855,3.20712780,3.27513964,3.46710153,4.07610528,3.94630187,3.75475792,3.49159027,3.82924709,3.47679830,3.25009332,3.92626499,3.71675467,3.43448241,3.14619987,3.35852912,3.52680766,4.26711502,3.94804303,3.55033147,2.97962344,3.05761346,2.82392759,0.00000000,3.00338258,3.25427418,3.30779776,2.96748365,2.74659855,3.41774665,4.03046748,3.74888414,3.65623520,3.48620096,3.22656705,3.75798244,3.35977384,3.72901586,3.76833427,3.72388348,3.26076135,3.17314315,3.73953063,4.41495861,4.18474180,3.89573714,3.87443560,2.95097620,3.20057704,3.28989475,3.07961663,3.19816895,3.19621181,3.16211617,3.11813749,3.43841326,3.97447800,3.65299730,3.71290221,3.35702442
3.84717459,4.11905141,4.18607454,2.62057409,3.71012733,3.74180437,3.33460469,3.68063247,3.69920624,3.93655546,4.71565215,4.36126389,4.39399914,3.52319868,3.52941782,3.53090665,3.30378506,3.44170503,3.32061763,3.33354423,2.97559177,2.97517222,3.01998179,2.95595084,3.03548426,3.00948452,3.17114188,3.45260226,3.65438709,3.22231669,3.75479324,3.72660838,3.63519340,3.62798322,3.63983698,3.46898611,3.67325609,3.35819454,2.98963481,4.03646810,4.28527155,4.08861174,2.67074889,3.60738759,3.69957499,3.37253855,3.95903496,3.54383695,3.75768282,4.36553421,3.92140152,3.75186588,3.24876597,3.37589559,3.29430391,3.13818357,3.47687048,3.35578573,3.35057855,3.03307074,3.03762531,2.97558042,2.96512395,3.03911209,3.01581899,3.03257658,3.11338217,3.06975614,2.92832438,3.24499161,3.13682890,3.14107637,3.02795080,2.92552520,3.00029766,3.23697859,2.99564417,3.06898262,3.91309281,3.91443456,4.26395033,3.32402312,3.75075435,3.74022672,3.27911737,3.30799089,3.76247985,3.30252125,3.03911127,3.03252073,2.96686474,3.82088507,4.33648579,4.08669867,2.78169552,3.62349921,3.54548020,3.20213956,3.87951781,3.65507489,3.78881690,4.36804390,4.34531468,4.12985294,3.81247691,3.84953186,3.81544621,3.21014977,3.94473682,3.68138865,3.12275320,3.69340619,3.86072238,3.89374738,4.48318476,3.95648200,2.94581110,3.83565448,3.98887610,3.98691796,2.98752099,3.71644694,3.54258955,3.12135676,3.62437594,3.72748797,4.00702177,4.32435864,3.84383250,2.96357308,4.07262430,4.14587611,4.03027666,3.04813284,3.99874262,3.60935409,3.29068370,3.69569312,3.79266950,3.70494117,4.47598321,4.24006477,2.99227831,3.83763584,3.89847303,4.12780194,3.03459822,3.68253266,3.60120037,3.26758597,3.57629823,3.81955345,3.47625529,4.08768702,3.69177439,2.99436883,3.99494668,4.11030522,4.16331304,3.20050797,3.69727938,3.60051509,3.31359462,3.65699886,3.61048821,3.77830661,4.70143308,4.31363098,4.07672668,3.90960590,4.02892745,3.99292641,2.95587126,3.80685759,3.64337298,3.54122356,3.92501777,3.57686070,3.88763291,4.56029419,4.27556111,3.85131330,3.92399415,4.06248738,4.17445590,2.97225234,3.77497557,3.73055066,3.23942911,3.37733680,3.53474917,3.33453427,3.42894735,3.15236602,3.03624296,3.98144054,4.15270687,4.41816230,3.26749098,3.60994485,3.69709571,3.60793538,3.99804725,3.66435035,3.94186415,4.46789171,4.05681360,3.02955921,3.79717366,3.99386921,4.03305453,3.11215687,3.71685781,3.65587663,3.48402983,3.86830267,3.83472969,3.53797671,3.99323815,4.14484890,3.88227808,3.97569670,4.25354569,4.22147697,3.19657702,3.87835588,3.59673426,3.16749130,3.74816168,3.57872301,3.75409108,4.52834117,4.38007937,4.12984239,3.63854794,3.87493147,3.82676397,2.25359059,3.25698997,3.59334039,3.25003439,3.58192955,3.36181022,3.63433633,4.38966481,4.16060933,3.57502320,3.63264577,3.79463437,4.21886311,2.85408660,3.58874408,3.58920537,3.28125651,3.67114061,3.66929313,3.60841763,4.17262689,3.65696775,2.96829521,2.76186901,3.39320135,3.00338258,0.00000000,2.74424094,3.34113256,3.07685983,3.30456974,3.06021635,3.59073987,4.23396400,4.12783548,3.60733240,3.19688841,3.81161164,4.09566860,2.90666886,3.56610867,3.63903046,3.24061670,3.70380746,3.61478680,3.70103428,4.56104159,4.30079369,3.87596859,2.92514011,3.16093303,3.53326364,3.07096359,3.43590186,3.26203126,3.32298787,3.62035449,3.74408330,3.68487400,4.05812899,3.98146157,3.47285991
3.61934496,3.84335800,3.92510557,2.98370442,2.28822967,3.16117930,3.16317298,3.48811838,3.27607465,3.72406623,3.84282389,4.35896903,4.15256977,3.40012759,3.34429415,3.23914697,3.23315079,2.99221597,3.17484780,3.20587520,2.65452569,2.78688692,2.80494667,2.73773927,2.84815797,2.75769346,2.96086746,3.28803232,3.37853978,3.18087161,2.94909764,3.43143000,3.25870657,3.46070216,3.23059894,3.29473427,3.25010997,3.17044222,2.82605427,3.63061500,3.86415745,3.57970565,2.88957496,2.39126045,3.16413141,3.15137088,3.59126364,3.36556904,3.66983287,3.91583336,4.31250912,3.84181761,3.13383873,3.13251426,3.13883642,3.04706993,2.74787965,2.97207555,2.98462126,2.82998805,2.88265040,2.78926253,2.72773008,2.83547859,2.77636005,2.74549500,2.94824207,2.77414508,2.78089346,2.73820022,2.95925592,2.89962779,2.78190637,2.69019699,2.79349199,2.83482226,2.77329397,2.83632903,3.71507401,4.08026657,3.92145510,3.55725973,2.61766167,3.53801638,3.10537554,3.26705141,3.36716874,3.21760125,2.63400781,2.85187197,2.80507519,3.79106033,4.24616364,3.82433382,3.24857345,2.34678789,2.98470051,3.18036707,3.66280169,3.33993890,3.68338599,3.65597920,4.38355084,4.21290950,3.69232672,3.72504797,3.64017925,3.54151423,2.94970964,3.34216542,2.89672896,3.51314972,3.42706928,3.62238164,3.70875135,3.92348947,2.82925889,3.69219122,3.78502690,3.84696676,3.45084067,2.57126134,3.40372250,2.97543822,3.32625342,3.30205817,3.88351582,3.74120049,3.71837742,2.83312309,3.87693760,4.15641313,3.81528762,3.47593915,2.89220842,3.32429878,2.96169672,3.35233120,3.18090524,3.83445734,3.84856661,4.46729168,2.79534717,3.51699123,3.71525422,3.89205687,3.52270194,2.52886387,3.37469657,2.90317935,3.36410095,3.24970726,3.37126190,3.31427780,3.49730760,2.83391262,3.69838041,3.94333665,3.53446133,3.46485577,2.60959259,3.24615284,3.06973686,3.58811935,3.35165084,3.93842926,3.92347557,4.55285754,4.18186994,3.48316330,3.77269745,3.66499649,3.42579256,2.46398811,3.20262540,3.40881525,3.69363255,3.37340203,3.64111356,3.94222004,4.51266696,3.87146414,3.57416644,3.87374358,3.82777549,3.32125602,2.57526604,3.37027292,3.01414216,2.97622218,2.97506424,3.45985426,3.10276001,2.83782851,2.79859418,3.78026451,4.14275593,3.77861184,3.60936883,2.72496828,3.40875551,3.14592473,3.53369773,2.96633109,3.81571120,3.57478385,3.95123248,2.84793101,3.69973875,3.84173502,3.77305277,3.36115051,2.80021120,3.41964830,3.22330200,3.63234539,3.43865290,3.55683140,3.63064710,4.50368547,3.82892438,3.67473904,4.04406230,3.72694505,3.68860974,2.78788233,3.50473648,2.99568925,3.48879254,3.28321212,3.59510610,3.82166980,4.67648171,4.14156635,3.30052277,3.76500418,3.86979338,3.29777644,2.19486398,3.13069083,3.12739456,3.50535590,3.27919516,3.55288121,3.62284821,4.32085789,3.61885602,3.41631054,3.80092440,3.93061472,3.43715347,2.35891962,3.29964858,2.95222545,3.51227120,3.30000027,3.44888931,3.37728212,3.64799806,2.75220805,2.94972647,3.25948106,3.25427418,2.74424094,0.00000000,2.61818133,2.99069510,3.09679925,2.78233334,3.40484710,3.46649285,4.07768635,3.45199325,2.76993212,3.41428773,3.49831451,3.19153500,2.30142430,3.14794137,3.07660098,3.36237223,3.30071820,3.55765181,3.61249491,4.43956337,3.78272841,2.72011102,2.88052840,3.19608679,3.08596561,2.80998208,3.14194142,3.20327734,3.61464034,3.57839453,3.62679983,3.46631129,4.03487138,3.43922098
3.71569356,3.50135351,3.74870359,3.51051557,3.31059165,1.73933405,2.64056519,2.95817628,3.45166285,3.92681290,3.54762048,3.32398154,4.49438620,2.89020303,2.70196950,2.71252446,2.72965368,2.56695659,2.47509229,2.66563262,2.20370407,2.29353304,2.22868034,2.24205885,2.42651175,2.37060172,2.44704391,2.91215920,3.22373925,3.16388840,3.34303157,2.68098989,3.00759164,2.92232814,3.15046722,3.01841447,2.91896526,2.50964993,2.35220518,3.61905148,3.44628418,3.62710818,3.41224437,3.36035078,1.83796042,2.50855792,2.91883785,3.37511197,3.84163278,3.51469349,3.36708397,3.63276497,2.90724502,2.80509617,2.80340235,2.88901645,2.79332597,2.36273891,2.56426412,2.32609657,2.28983859,2.29597951,2.31708801,2.27419060,2.33014426,2.35834211,2.37696346,2.43909178,2.41066604,2.47179855,2.18890524,2.39693270,2.24312795,2.33129472,2.38718892,2.40213201,2.16274732,2.24384195,3.70084632,3.46615150,3.88873688,3.72115721,3.35561189,2.45181557,2.83229584,2.98132717,3.32336725,2.93014213,2.42166393,2.30574078,2.26598505,3.75827670,3.92740006,3.60147518,3.70009125,3.37109108,1.98165862,2.71307471,3.10741597,3.43036487,3.93034546,3.48213833,3.49720246,4.40276345,3.57573401,3.06081592,3.73243847,3.66145818,3.36179460,2.42016217,2.86283036,3.02563725,3.48063834,3.41254338,3.28893462,3.37203143,2.24790507,3.63388129,3.19465564,3.99532179,3.76706796,3.38340131,2.58916445,2.98445226,3.06869928,3.44558781,3.85051880,3.80532974,3.10884243,2.30984474,3.62995217,3.47550682,3.80069448,3.64608095,3.42305798,2.30429992,2.77405778,3.06620204,3.46301963,3.53211495,3.47559361,3.89953983,2.30882799,3.38558836,3.07808770,3.81173697,3.74997902,3.17888095,2.39642300,2.70964433,3.06296756,3.28690321,3.31861774,3.08036581,2.79983577,2.28717747,3.34204943,3.26770917,3.65289625,3.70167995,3.46525209,2.20842440,2.68470826,3.05544915,3.39938762,4.01600301,3.56169212,3.56360553,4.46830772,3.54531820,3.34908975,3.60331879,3.79024103,3.29919659,2.24726562,2.85251335,3.38752831,3.44704906,3.62600062,3.33094405,3.58484617,3.61147917,3.50537043,3.34654703,3.96732954,3.73455157,3.36638187,2.26149257,2.88035559,2.88162350,3.27595747,3.03689669,2.96165204,2.39244394,2.20826583,3.69871773,3.64774105,3.92901440,3.71357541,3.49235118,2.57835815,2.88713759,3.00277743,3.28089219,3.34372225,3.36772401,3.32918998,2.37867529,3.54647931,3.45044163,3.90354363,3.61284480,3.48233930,2.25355580,2.85067214,3.14951331,3.42055202,3.59012945,3.36259983,3.59984824,3.81065787,3.48328014,3.31917793,3.83483417,3.90463141,3.36782076,2.30785007,2.76827386,2.96186337,3.25559143,3.62085155,3.34972737,3.79660639,4.32007354,3.32172321,3.59703775,3.63355005,3.44176237,3.15127799,1.89724818,2.70425392,3.30984488,3.34446204,3.56628501,3.13425215,3.63640637,3.89224184,3.41760405,3.25597339,3.79111972,3.66535250,3.38138274,2.36716312,2.93132038,3.09752946,3.36685287,3.14139466,3.44570857,3.14312124,2.21161877,3.17513602,2.89096490,3.30779776,3.34113256,2.61818133,0.00000000,2.31872962,2.54321870,2.68648852,3.03704030,2.81044921,3.00217614,2.91938531,2.90068102,3.10185198,3.47449207,3.29955400,3.23031854,2.07458994,2.69956167,3.00041774,3.39426020,3.81380712,3.50355189,3.54442113,4.08232219,2.25486540,2.50896325,2.97484697,2.76612206,3.07794640,2.18277131,2.72615515,3.11486426,3.25282920,3.41859033,3.12257034,3.21575693,3.09949501
3.08835719,3.22590642,3.73419911,3.34461244,3.53334497,2.98453923,1.66676031,2.75616744,3.52278602,3.56411104,3.72311460,3.06395245,3.45500776,2.15897005,2.14124659,2.17423834,2.08613752,2.04585048,1.83924199,1.95395334,1.51726194,1.53726506,1.40666467,1.52622897,1.56033695,1.59301619,1.76681513,2.27204124,2.60604050,2.57538801,3.26168798,2.52951365,2.33269710,2.69113036,2.84018994,2.62384304,2.44450243,1.92088222,1.49687968,2.82664857,2.95539419,3.49768185,3.18486251,3.48093358,2.91347936,1.57628605,2.90734959,3.34912377,3.49099852,3.47604818,3.06803226,2.81998817,2.14492335,2.17944353,2.12341274,2.23535356,2.43607098,2.05342393,1.95580752,1.69597087,1.48254276,1.46671745,1.52539770,1.58151102,1.60382969,1.80010662,1.79275629,1.79790943,1.73519994,2.09542338,1.90540184,1.78016147,1.78076951,1.71222915,1.67949176,1.79660028,1.47638584,1.61364312,2.96666185,2.98563751,3.51621364,3.34975632,3.45938639,2.71176243,1.97095208,2.82271933,3.17616510,2.56466660,1.78033895,1.64616754,1.57993076,3.22709023,3.63423610,3.42389215,3.63427089,3.70338026,2.55277162,1.84483352,2.99316924,3.42772948,3.65040138,3.36277739,2.98829821,3.32695357,2.90142878,2.86407525,3.22859632,3.18711400,3.44710363,2.65775713,2.12604052,2.91817297,3.28310112,3.04937461,3.10919099,2.77197803,1.46504939,2.92303496,2.86633678,3.47827033,3.35026411,3.48685272,2.70479907,2.26632634,3.13636717,3.33733631,3.66775788,3.18850662,2.45782478,1.62884861,3.05176186,2.97097352,3.42287042,3.11329884,3.56103289,2.92199658,2.07002979,2.87133380,3.40460472,3.36819104,3.25558543,3.28065523,1.49138825,2.85861020,2.90866854,3.46381449,3.25269750,3.31908942,2.61162883,2.03898626,2.98888299,3.28897484,2.94782613,2.80158361,2.44666257,1.55862225,2.58793271,2.88577173,3.30368518,3.17247018,3.50819777,2.60261008,1.80450895,2.89438782,3.42910087,3.67549542,3.54514888,3.35581484,3.58654226,3.05183241,3.33869081,3.39015387,3.55299658,3.37788857,3.06834057,1.93518372,3.09053837,3.45808310,3.42180400,3.29584998,2.96417339,2.69320431,2.78529730,2.90792382,3.31328799,3.26915538,3.47813653,2.68111974,2.12474415,2.95445767,3.07863154,2.59109392,2.46588981,1.85029365,1.56295228,3.03712214,3.27561837,3.62279371,3.23854206,3.50068865,2.87898546,2.22589586,2.96258793,3.16283603,3.25180130,3.02067890,2.88449709,1.66263835,2.63107845,3.16262360,3.48333726,3.27874625,3.36224017,2.52215619,2.00818320,3.02969089,3.45185773,3.47769210,2.86583970,3.09069149,3.00418010,2.80976398,3.09112982,3.41056184,3.47608880,3.57898100,2.51358619,1.90830117,3.00659759,3.23325972,3.37560040,3.35133434,3.28886580,3.45880267,2.83706978,3.39060412,3.53499029,3.17618683,3.44512828,2.87181286,2.02931692,3.21538520,3.13130558,3.29512875,3.24896974,2.99498248,2.96821391,2.78579469,2.89742234,3.35593860,3.16455628,3.37754990,2.69343578,2.07990308,2.78671639,3.14773949,3.03096440,3.15179028,2.55644411,1.52546560,2.64936825,2.68436600,2.96748365,3.07685983,2.99069510,2.31872962,0.00000000,2.24806898,2.55660495,2.47381954,2.82974876,2.41188405,1.99214565,2.12836571,3.10278361,3.41664951,3.09371031,3.26493886,2.89263252,1.56538466,2.86675282,3.25703182,3.29571984,3.55974614,3.11669690,3.04627913,1.53571303,2.34828909,2.44868218,2.40974515,2.90950260,2.27890889,2.03163684,2.89384086,3.08842992,2.93540756,2.88765811,2.74859305,2.28648330
3.99607463,3.43538956,3.40708045,3.42049118,3.68788263,3.00132667,2.84078877,2.19085027,3.42097842,3.70212225,3.91840105,3.40429385,4.00757755,3.05295758,2.71063388,2.77744020,2.90786574,2.79907999,2.67541878,2.67940829,2.27827995,2.28309308,2.34687621,2.31151305,2.49324445,2.35136091,2.52877962,2.86115027,3.20942510,3.08690869,3.46948813,2.95197623,2.84815301,2.68798417,3.15749197,3.05017217,3.02334252,2.60731473,2.39373985,3.87596109,3.42101026,3.53542431,3.42320437,3.63437861,2.87983961,2.58146973,2.41183750,3.31586501,3.80621108,3.85564206,3.45802758,3.57678352,2.93981357,2.69708977,2.73056056,2.81472905,2.83075732,2.52230548,2.45912460,2.30261931,2.39473341,2.32547879,2.28529205,2.33225817,2.33433432,2.49810034,2.41135285,2.34625198,2.42566998,2.67324822,2.34207518,2.38480481,2.28436354,2.34845828,2.41847874,2.42298625,2.26595259,2.35983783,3.81389453,3.10840401,3.33696606,3.58321011,3.64483695,2.90771968,2.70266774,2.70177527,3.22391213,3.04787696,2.46180339,2.34636745,2.37629512,3.81381730,3.82169103,3.17561787,3.66203242,3.62918517,2.77047698,2.85125467,2.43220881,3.33922671,3.85734184,3.74679243,3.55372945,3.92330632,3.76315704,3.00655322,3.30072941,3.58112682,3.63623692,2.91140735,2.64995334,2.51847978,3.36315245,3.52848649,3.58383481,3.18828880,2.32293731,3.96219979,3.05388438,3.38038866,3.56142068,3.61049739,2.96530592,2.82107929,2.86495175,3.42457416,3.79757183,3.63602259,3.01609309,2.33110171,3.90259231,3.31598592,3.32775303,3.37443758,3.69696272,3.15186003,2.74844746,2.45361948,3.28271750,3.73038936,3.61640523,3.66282631,2.36368211,3.77545435,2.90728518,3.33688440,3.46754604,3.43335839,3.06197005,2.69014568,2.59796759,3.18964025,3.07586736,3.29245992,2.91709778,2.37492944,3.73589040,3.33825159,3.49544451,3.29587180,3.71894304,2.89761647,2.72493002,2.27413545,3.31170692,3.93935432,4.05902308,3.68758189,4.09708819,3.88010526,3.47607498,3.19068904,3.65496601,3.54071297,3.04927769,2.81147126,2.43875980,3.57019220,3.88479159,3.62450680,3.39800956,3.18375159,3.86672899,3.14544756,3.40044333,3.49756550,3.61101334,2.83102711,2.78579671,2.67633999,3.27359908,3.10260653,2.81985608,2.40121228,2.29592998,3.78128142,3.21790752,3.60506504,3.41666417,3.63890072,3.15974576,2.83182820,2.61260194,3.41396572,3.49908549,3.42033657,3.38166846,2.31346602,3.60485014,3.35292943,3.33233925,3.47603559,3.52814232,2.79876499,2.71584214,2.52623585,3.44950118,3.65110689,3.61303459,3.35377293,3.46044364,3.73229891,3.03986453,3.50240851,3.78779621,3.52685914,2.96786718,2.64769735,2.63768992,3.36026182,3.60486366,3.63824874,3.55941264,3.79776374,3.67441792,3.54426547,3.35426683,3.45862839,3.44522903,2.91463234,2.69884134,2.34004511,3.09967738,3.47944253,3.41948902,3.39065159,3.37437445,3.81633494,3.03916747,3.35227392,3.43198331,3.60014968,2.83158618,2.79996487,2.57107976,3.18254883,3.53505060,3.51301631,2.97861844,2.22361449,3.50373250,2.97299173,2.74659855,3.30456974,3.09679925,2.54321870,2.24806898,0.00000000,2.47030214,3.07115050,2.96488544,2.71703572,2.65670465,2.78927402,3.32713676,3.36213479,3.30123536,3.42595981,2.94534623,2.72430574,2.33429024,3.43654481,3.72775663,3.85557742,3.53937329,3.64414608,2.29286820,2.83544569,3.02414594,2.67333499,3.21607356,2.61776350,2.73964009,2.38145778,3.10205565,3.31858258,3.20294651,3.03047567,2.87366735
3.85430240,4.20511871,3.99156453,3.28169424,3.32129459,3.08262486,2.95147786,3.08431987,2.53575008,3.21745581,3.59892911,3.82286578,4.11879737,3.10258997,3.06688580,2.86129353,2.96025304,2.77192438,2.76806903,2.73155675,2.43220864,2.49647960,2.50337920,2.46914166,2.60641725,2.48216797,2.59683104,2.98809932,3.15057957,2.90112204,3.04201770,2.85385108,3.05065278,2.95368955,2.81292105,3.13904597,3.18210119,2.75541710,2.54751677,3.59097997,4.05840724,3.66385895,3.30759955,3.30093795,2.98067500,2.85871938,3.18754112,2.46675168,3.41235986,3.47702758,3.85176058,3.60024784,2.88569005,2.95158095,2.73922952,2.79109328,2.65731008,2.64261674,2.74845389,2.57006701,2.50602776,2.50338333,2.45146903,2.49848730,2.50841014,2.58396075,2.73355359,2.56194787,2.45421480,2.60660645,2.40907131,2.53368060,2.49172489,2.26206942,2.60024579,2.58815521,2.43755237,2.60153516,3.70340026,3.89444061,3.51986444,3.35133856,3.17960012,3.02611617,2.91081044,3.07245294,2.87767356,2.84455411,2.64876553,2.54853814,2.52016944,3.88923704,4.40169556,3.68307466,3.36143792,3.37456466,2.85414826,2.87100438,3.20373925,2.43316842,3.44353283,3.38016006,3.94275446,4.13125275,3.55501579,3.61952968,3.41462474,3.38622961,3.28067497,2.95889384,2.80004460,3.06022994,2.89732457,3.59513847,3.69174051,3.56365824,2.49995654,3.66670347,3.93236894,3.61786791,3.50564504,3.26675743,2.99535243,2.93495256,3.22005217,2.88248079,3.62193380,3.74413582,3.43645132,2.52705712,3.70380191,3.97724458,3.57089804,3.16647147,3.28580030,2.91529944,2.67908597,2.96385473,2.78072007,3.25815767,3.84385043,3.95326726,2.50541646,3.52725029,3.78834410,3.60716209,3.45079774,3.15741489,3.00393173,2.86313086,3.01052094,2.68298485,3.08698654,3.28272748,3.14122661,2.60718930,3.62658656,3.92326998,3.49949114,3.10056123,3.19100185,3.00367879,2.91201492,3.20989699,2.76277273,3.56946741,4.04485396,4.40788272,4.31094696,3.79005457,4.18815477,3.71582056,3.58227194,3.26876641,3.09075690,3.01751312,3.14744853,2.64152776,3.53175320,3.51761306,3.84485981,3.59284514,3.56092600,3.88370097,3.51070007,3.36408708,3.23478543,2.95645504,3.04557114,3.04878224,2.60973903,3.17778969,3.21304969,2.64131839,2.44905689,3.77458619,4.04465781,3.76400415,3.25590810,3.16602607,3.02127954,2.90212365,3.21763981,2.66892306,3.54023851,3.64618635,3.51938238,2.50685115,3.51374677,4.08579245,3.31991035,3.04895637,2.86971061,2.92530804,2.87553279,3.18286987,2.75787220,3.37499586,3.56364260,4.12979787,3.62427555,3.56952804,3.97586912,3.51533926,3.45236716,3.23928203,3.04873458,2.91486698,3.23897830,2.66983087,3.23808671,3.80894109,4.39522700,4.04338803,3.64211619,4.18695052,3.81235904,3.29062490,3.10738429,3.02706887,2.98747069,3.15179507,2.36960678,3.40932078,3.32314698,3.70506086,3.54201789,3.65065655,3.94513339,3.71360796,3.25123444,3.10130621,2.85255316,2.89668972,3.20770581,2.64869500,3.36685751,3.54201949,3.17714422,2.38699389,3.35161728,3.70240866,3.41774665,3.06021635,2.78233334,2.68648852,2.55660495,2.47030214,0.00000000,2.64885205,2.84429414,3.09869852,2.68042580,3.07428273,3.94289318,3.72943350,3.29090904,3.19707767,3.07124034,2.88376555,3.21556494,2.62457015,3.24730924,3.69727956,4.05582108,3.89981188,2.40009841,2.94622387,3.34229346,3.14470407,3.02060481,2.78772097,2.93719874,3.24364843,2.75265466,3.37729173,3.18750658,3.38494644,3.14182621
3.60987976,3.97228989,4.50494496,3.73834727,3.77373975,3.32509203,2.76115993,3.42717330,3.66928327,3.02049331,3.40902017,3.49544262,3.89753751,3.12029177,3.14895519,3.14617587,2.97211206,3.03369536,2.94348716,2.96363164,2.54758385,2.63486399,2.56938730,2.51673710,2.71153319,2.55055795,2.61664768,3.19823027,3.39061666,3.10597230,3.69960789,3.17632154,3.12529720,3.21334141,3.28148375,3.16608448,3.12660177,2.83927048,2.61403874,3.68552977,3.96980842,4.46158068,3.77178370,3.67208294,3.35960193,2.90461755,3.59057488,3.54668125,3.35473783,3.46925751,3.69941956,3.57591566,3.02000942,3.07935302,3.18115397,2.94276270,2.99974214,2.98832875,2.97430579,2.67367818,2.56097621,2.63484332,2.56058862,2.64439427,2.59463290,2.70802822,2.80418682,2.75515942,2.71961921,2.97823670,2.76452559,2.73895643,2.80000620,2.65086474,2.72488971,2.90244967,2.60637254,2.70238156,3.50327913,3.57314065,4.10944520,3.50034836,3.69463913,3.28465979,2.98213876,3.41919969,3.57143647,2.95741636,2.85459008,2.66786667,2.62479113,3.71407517,4.19466180,4.10808141,3.79317676,3.95019478,3.05080128,2.77963670,3.67346465,3.66736541,3.26586466,3.48471928,3.73774331,3.98765952,3.58298178,3.64245938,4.02411770,3.56903215,3.60970230,3.13850558,3.09071026,3.48708080,3.70533449,3.09657172,3.74570577,3.47266987,2.63728247,3.59911810,3.73655472,4.37075332,3.66327748,3.56168879,3.09163787,3.07502233,3.61891384,3.49721898,3.49784797,4.00342042,3.45598341,2.69298211,3.50334596,3.69944582,4.17708541,3.49889838,3.66579544,3.13567308,2.83230564,3.29407035,3.60800535,3.01349528,3.50532048,3.43798775,2.51441689,3.60675413,3.60381398,4.19969514,3.58347793,3.52514520,3.06317704,3.09491197,3.30498986,3.62532375,3.18079222,3.35729977,3.19855437,2.70380483,3.31331816,3.50449277,3.98672093,3.67717870,3.71701571,3.26474835,2.99143638,3.55707397,3.80720894,3.50133514,3.88339982,4.14051436,4.18294937,3.92273165,4.12404424,4.45136867,4.06123016,3.72026860,3.44738124,2.93904529,3.67637616,3.53685621,3.15335752,3.32882739,3.56205974,3.82580305,3.39295837,3.71576595,4.18819597,3.52486298,3.57687343,3.04877962,3.08561437,3.52882985,3.21942672,3.12793863,3.34384065,2.74999777,2.56578864,3.77392572,3.96359444,4.34918785,3.62752154,3.66926778,3.10128405,3.00445117,3.43336516,3.40728393,3.23898319,3.61872788,3.39553312,2.67511895,3.37423387,3.91365928,4.29338124,3.55311843,3.51137451,3.10080151,2.93704471,3.43319509,3.77942630,3.26439197,3.42783611,3.92428764,3.56939147,3.41684011,3.82918166,4.06327146,3.72132469,3.61239620,2.99099389,2.89160739,3.53689870,3.52011620,3.24795954,3.65033326,4.01981275,4.02156117,3.42862498,3.97681284,4.24849266,3.73896648,3.78706311,3.43135955,2.99463451,3.62290808,3.35910277,3.00680004,3.39551717,3.78086156,3.65674496,3.48713696,3.68819909,4.26651426,3.57597762,3.66957984,3.18420672,3.04817505,3.41176852,3.56906148,3.19728339,3.64212440,3.30015102,2.53542348,3.33688825,3.56800383,4.03046748,3.59073987,3.40484710,3.03704030,2.47381954,3.07115050,2.64885205,0.00000000,2.53653260,2.83741018,2.34224677,3.10999257,3.89402149,4.28469583,3.64072812,3.72097973,3.20271954,2.61757804,3.51699435,3.54979101,2.96596200,3.52807908,3.72433084,3.69199057,2.54598126,2.97300624,3.51896735,3.41146548,3.66525326,2.96030804,3.02799015,3.81019392,3.78652831,3.23582804,3.33615179,3.33190156,3.19951081
3.88094204,3.89825641,4.06096450,4.44666375,3.90591241,3.15105802,2.96035176,3.23259186,3.60518398,3.86175453,3.02365465,3.76386244,4.03656831,3.39785676,3.28547289,3.18952388,3.32200790,2.98832560,3.13811889,3.21343272,2.80448582,2.86609849,2.86154082,2.73505022,2.96787994,2.89979595,2.90745099,3.35038067,3.64436861,3.66622391,3.70569703,3.32323874,3.20207067,3.35343163,3.44292642,3.53142488,3.39676303,3.06113470,2.92692444,3.72043211,3.73762628,3.98343517,4.19156219,3.76173563,3.07883738,3.01246880,3.21237547,3.59760071,3.77305192,3.12882270,3.87118439,3.78268601,3.36337044,3.23374896,3.37864901,3.52665082,3.08327022,3.04851548,3.07880455,2.95991924,2.87137951,2.83212633,2.81841144,2.92130508,2.79772838,3.00378133,3.03612528,2.96399513,3.05232229,3.12791546,2.98997403,2.90231573,2.86609698,2.81276000,2.99330900,2.97068905,2.89014523,2.94846652,3.59904936,3.74934107,3.82795488,4.28948780,3.69851580,3.20259605,3.07226197,3.51469030,3.53526773,3.29118676,2.90122137,2.92672511,2.85668147,3.91982777,3.98880123,3.77308196,4.53240657,3.92438015,2.94040311,3.06028605,3.56298600,3.71449703,4.14922168,3.17850970,3.72437228,4.18242118,3.94463891,3.72802524,4.03797526,4.29855784,3.68518215,3.11239395,3.15673351,3.19518222,3.57075767,3.49968149,3.51424466,3.64439402,2.83759939,3.74163509,3.79387979,4.22122963,4.48953187,3.65261079,3.36671715,3.30967328,3.67446776,3.69016324,3.98896318,3.83831150,3.42245164,2.95488519,3.81031486,3.93832391,4.12640440,4.30331964,3.67245109,3.21031647,2.97668724,3.56145431,3.71842166,3.77755855,3.33096903,3.83409202,2.81202172,3.75528391,3.66315698,3.92413196,4.37453277,3.60777548,3.24507119,3.13005766,3.35981568,3.50850204,3.60753656,2.95216722,3.22873061,2.94650833,3.59466314,3.76809986,3.89557738,4.38124839,3.82845132,3.23447284,3.05603653,3.46856147,3.72633257,4.23700286,3.59028808,4.29896028,4.49428799,3.88382345,4.02892487,4.05603080,4.56462580,3.84500879,3.47017658,3.26478757,3.81021281,3.83708573,3.81322117,3.01443790,3.80832511,3.91721551,3.68172648,3.78633755,4.10127840,4.39279638,3.61644993,3.12639629,3.17407013,3.45107582,3.43698928,3.52365551,3.35221771,2.84134264,2.74931536,3.89013535,4.08391501,4.08532555,4.25163084,3.73728396,3.19791268,2.94931205,3.42492205,3.41493504,3.50018363,3.18417231,3.64822541,2.96115946,3.62149683,3.87398976,4.10868936,4.27410012,3.67903354,3.04652055,2.90084600,3.26400256,3.73213454,3.90062536,3.39501447,4.09125940,3.72615233,3.71086104,3.90136199,4.11703134,4.57567578,3.74469792,3.20826573,3.07095083,3.43085666,3.49143587,3.65263283,3.28462941,4.25948858,4.14353968,3.66838262,4.07579927,4.08229364,4.35551455,3.75449549,3.21450907,3.17567433,3.64909527,3.47643028,3.57284554,2.80151576,3.77346939,3.71346367,3.57126210,3.71178458,3.96265464,4.32260987,3.69863574,3.19637772,3.14493638,3.44971178,3.52248507,3.93166686,3.75952693,3.63034998,2.81440299,3.65822272,3.45403435,3.74888414,4.23396400,3.46649285,2.81044921,2.82974876,2.96488544,2.84429414,2.53653260,0.00000000,2.57964671,2.31015073,3.30821479,3.71042416,3.79713940,4.16547399,3.77220837,3.23831290,2.98630404,3.41238210,3.56623739,3.80206374,3.08645547,3.84349245,3.84794943,2.86422097,3.06365779,3.30306287,3.51829021,3.54691283,3.11786154,3.13138108,3.66968199,3.60337280,3.70383596,3.10010472,3.43158006,3.35403078
3.94866022,3.88651455,3.90950231,4.19193025,4.51983072,3.45878931,2.74862400,2.94095219,3.98728037,4.08375197,4.00518933,3.01883494,3.87321156,3.20524667,3.06099723,3.01447573,3.00663494,3.11412038,2.93056324,2.93837599,2.66961650,2.73893323,2.63718960,2.60958798,2.76343392,2.70785210,2.66567283,3.04380493,3.18763269,3.32072685,4.15700950,3.22338839,3.09601998,3.04454144,3.44381573,3.53610823,3.40302036,2.81160811,2.75436565,3.62035710,3.66057588,3.99142551,4.08936845,4.40663189,3.31346884,2.70015568,3.27900132,3.83387270,4.06313831,3.93892318,3.23118492,3.51855690,2.96726202,2.85341529,2.86828945,3.09089521,3.23708476,2.79429862,2.86680080,2.78225319,2.55499176,2.64195540,2.62853709,2.68113391,2.69867622,2.89540269,2.68082362,2.81737069,2.82463942,3.11521810,2.73154439,2.76525770,2.79552710,2.76616447,2.79885650,2.89992008,2.58751175,2.64650864,3.63752649,3.24011508,3.77782377,4.05083519,4.44756781,3.14719749,3.02585483,3.46919290,3.72020260,3.26063320,2.87361614,2.70585768,2.63643673,3.79351763,3.97423920,3.65700418,4.37564778,4.54740899,3.16763772,2.67550801,3.25251937,3.84039632,4.14346320,3.78113215,3.01596418,3.71239626,3.88912982,3.65396100,4.00410377,4.01364378,4.30334479,3.25557910,3.14827748,3.28305985,3.89349112,3.84221932,3.93553220,3.45070445,2.56419484,3.56253225,3.38020156,3.89016002,4.06483977,4.33682070,3.25025767,3.22433483,3.78117579,3.84449146,4.17197930,4.02980170,3.10913574,2.75459556,3.88212238,3.56583764,3.87487546,3.87742573,4.34376090,3.27876948,2.90779617,3.30812544,3.86548813,3.84888034,3.64638140,3.43821833,2.61574971,3.67257045,3.36631394,3.78931050,3.99680024,4.24965028,3.23449467,3.03975604,3.45231552,3.86483016,3.62581319,3.40043593,2.98616437,2.74100141,3.33268088,3.45187142,3.80083709,3.93168502,4.46283609,3.25020723,2.99255851,3.26164902,3.96216418,4.45063590,4.40718002,3.75160943,4.52777896,3.95472643,3.87808767,3.83350897,4.29452637,4.39760935,3.57505161,2.92894205,3.55120021,4.01956262,4.04535914,3.67831069,2.89173298,3.31059014,3.68442695,3.47502475,3.81126590,4.11176441,4.33516312,3.02066080,3.07228846,3.45398053,3.51961683,3.08796881,3.21829184,2.83465385,2.57330196,3.73295396,3.61193488,4.00079214,3.77966288,4.36163836,3.32664114,2.91769921,3.20873236,3.70945653,3.64278865,3.57832225,3.21721570,2.67735468,3.46990018,3.68899245,3.98493681,4.07259821,4.22152708,3.03034590,2.85812547,3.17855145,3.75778079,3.88234674,3.67023016,3.38813970,3.63320462,3.65845245,3.55083403,3.84576779,4.19751434,4.43354523,3.00624044,2.76289881,3.42047499,3.68202693,3.84641031,3.80723019,3.53200201,4.09183864,3.87389981,4.05354632,4.13725127,4.15849299,4.43208277,3.53925573,3.01809751,3.58566478,3.83629861,3.86731252,3.58201005,3.16686646,3.49368269,3.69053658,3.58677282,3.80989360,3.93553147,4.33144331,3.20331643,3.05507619,3.27856287,3.87800735,3.90516622,4.02164815,3.19571632,2.56432833,3.73637493,3.62788482,3.65623520,4.12783548,4.07768635,3.00217614,2.41188405,2.71703572,3.09869852,2.83741018,2.57964671,0.00000000,2.04081226,3.15255745,3.66493282,3.79561763,3.93172160,4.16156812,3.29113577,2.77369075,3.08446776,3.79243790,4.05973568,4.07094480,3.19345713,3.77915798,2.65984968,3.04360892,3.24571709,3.35920334,3.83539079,3.03457986,2.99436598,3.23274994,3.56174510,3.61914385,3.42618428,2.83191300,3.02370752
3.39060060,3.64776328,3.80300846,3.73128303,3.75688404,3.25134621,2.20242953,2.89500063,3.52910231,3.46727901,3.60206352,3.43488043,3.58231673,2.74389907,2.70418494,2.72113732,2.66472255,2.64575255,2.55948001,2.54603719,2.21801191,2.15208991,2.19143474,2.12616021,2.26394585,2.25213731,2.28220638,2.80212115,3.03106526,2.99796765,3.48698514,2.98537066,2.64848192,2.89770843,2.96016654,2.89992801,2.90230136,2.30883197,2.25104899,3.20420293,3.63597982,3.84326284,3.64663978,3.71660548,3.18862799,2.34390689,3.15508806,3.39842919,3.54993518,3.46893660,3.40548347,3.01007611,2.46980141,2.48551783,2.57997124,2.76869587,2.69905341,2.52082868,2.48784923,2.29975018,2.17440339,2.20191136,2.16013888,2.28047008,2.19697649,2.39611151,2.45175315,2.33590846,2.42624109,2.75685131,2.48688662,2.38212565,2.40974147,2.28761488,2.32021474,2.41714388,2.29944570,2.29379216,3.09492787,3.22743062,3.71011296,3.82386797,3.76104269,3.09021873,2.46445162,3.37423175,3.42046471,2.90144152,2.36090785,2.37772520,2.18078978,3.39977635,3.91096521,3.52590539,3.92301612,3.92299709,2.90303060,2.28536028,3.23072231,3.43395693,3.74979820,3.39132202,3.33977345,3.45418146,3.18923577,3.20353289,3.35569025,3.45981388,3.50605752,2.92715659,2.51480506,2.96944139,3.31298196,3.24893652,3.42352140,3.11122862,2.13791310,3.07395988,3.27644863,3.63959186,3.75338437,3.64155577,2.95626213,2.58283117,3.45398887,3.26829625,3.58237705,3.34851536,2.88454585,2.27536853,3.47405425,3.56760431,3.74870911,3.57822831,3.69734196,3.09305892,2.39699260,3.17459379,3.38254366,3.44516848,3.16559808,3.25444117,2.17469032,3.29438466,3.33229872,3.62563904,3.76074271,3.65795528,3.06035500,2.58929867,3.24542161,3.43219144,3.24524941,2.94281873,2.71284514,2.28649889,2.91785677,3.38931708,3.72043537,3.67433717,3.79283171,2.99701260,2.49553313,3.24044688,3.58021778,3.93373780,3.92352849,4.03053797,4.02147778,3.44381724,3.67742994,3.63822754,3.91841383,3.72161730,3.31268865,2.58405400,3.43231140,3.60291212,3.43603965,3.20949583,3.14831199,2.96452890,3.27185343,3.59961567,3.76242296,3.86934992,3.69807106,3.03015084,2.67427931,3.41956700,3.28623738,3.07219334,3.00953558,2.37693612,2.15468523,3.45030859,3.54046749,3.85996613,3.56850880,3.61370457,3.06227319,2.43670612,3.14394948,3.21028379,3.28307448,2.99087295,2.93401610,2.33914299,3.05475696,3.64650843,3.90106181,3.77764956,3.57395106,2.77542100,2.40301577,3.04301511,3.55913570,3.45987874,3.07744163,3.56925059,3.30688148,3.29449050,3.69028825,3.85346458,3.92479506,3.79396889,2.83171632,2.35065061,3.25626519,3.12380838,3.44880297,3.50118298,3.87775038,3.83025180,3.13890006,3.82052900,3.85366907,3.64884885,3.67492933,3.26023996,2.51149994,3.41347359,3.31445330,3.17659101,3.12214589,3.18396978,2.86781716,3.29313292,3.45603977,3.79260475,3.73957738,3.63157783,3.00407585,2.53281411,3.16987249,3.32411732,3.49801592,3.37765180,2.82314649,2.14080942,3.08221025,3.29043408,3.48620096,3.60733240,3.45199325,2.91938531,1.99214565,2.65670465,2.68042580,2.34224677,2.31015073,2.04081226,0.00000000,2.58487542,3.48898581,3.58851261,3.52224272,3.52328374,3.25280407,2.33649705,3.16819279,3.46413464,3.47425092,3.64706757,3.51068696,3.28672159,2.19920781,2.74813746,2.94781423,3.03006884,3.29812196,2.86959376,2.66237462,3.26756219,3.36503047,3.09453216,2.97464255,2.79908049,2.56140026
2.70141763,3.10628795,3.53779512,3.11531474,3.22935330,3.09187862,2.08996131,3.08090436,3.47797511,3.51338402,3.60521594,3.46185419,3.35114737,2.19587142,2.25488771,2.18164493,2.19408871,2.20627503,2.20483094,2.09697368,1.78135843,1.68196005,1.74138037,1.72142661,1.71015755,1.69111313,1.94616634,2.44533276,2.28128083,2.58415689,2.84166978,2.71754579,2.15240928,2.60324762,2.56401952,2.44388222,2.42738092,1.97950062,1.74478324,2.91480265,3.42196557,3.54424571,3.14361993,3.28002243,3.02800561,2.12688991,3.24909849,3.35149903,3.24058185,3.52078753,3.24636748,2.71090273,2.06298129,2.08147261,2.03095069,2.03255382,2.18188215,2.08685507,1.90718020,1.69243054,1.81682344,1.70685009,1.72810247,1.68631670,1.69815024,1.75339969,1.77789189,1.77133827,1.84231581,2.11655979,2.09871367,2.04582044,2.16808807,1.88870536,1.74359627,1.88190973,1.74117402,1.72170938,2.65190811,3.02498867,3.44893034,3.26544724,3.02885744,2.86307489,2.04605788,2.87451923,2.99691630,2.78126628,1.74739240,1.79354584,1.75231576,3.14165078,3.83880258,3.46655778,3.49352142,3.34502973,2.74999054,2.11349599,3.23771068,3.39647653,3.54724584,3.37522319,3.40315617,3.35173688,2.74077422,3.02723001,3.13815484,3.20552196,3.07563923,2.86661826,2.06157076,3.09909542,3.26557513,3.10476294,3.14760066,3.23505632,1.66157488,2.79822794,2.93673073,3.38203757,3.18144530,3.04501008,2.75212718,2.00709140,3.07263073,3.15553778,3.42208491,2.98450317,2.55441363,1.70696130,2.94053646,3.28031628,3.34922096,3.14499372,3.07165400,2.92006396,1.96915569,2.98690936,2.93286810,3.24163870,3.08912881,3.46286373,1.68306665,2.90003159,3.17455861,3.52739694,3.28625625,2.97452647,2.92069688,1.99594897,2.96283298,3.07156630,2.92646927,2.84667616,2.91849320,1.65664853,2.50933492,2.98117918,3.07290417,3.07736072,3.11358833,2.72441951,1.91691090,2.98349239,3.23029744,3.52108655,3.45686856,3.49873885,3.26841148,3.12715637,3.46945302,3.39664075,3.33441747,3.23841944,3.12284796,2.40985231,3.25104881,3.46391234,3.40972171,3.35709276,3.34798760,2.82312609,2.74783919,3.15493615,3.36235210,3.11726124,3.05851405,2.86657664,1.96126224,2.90648973,2.90192815,2.69811635,2.35230135,1.90949113,1.72939410,2.95165987,3.26096624,3.42789227,3.19299561,3.23066600,2.93499335,1.99943429,2.91617011,2.75267412,3.11824689,2.86298067,3.12063247,1.74465633,2.55938171,3.18462784,3.44342804,3.39249235,2.99483768,2.75157965,2.02808899,3.00325579,3.18685242,3.10256124,2.78694319,3.19792727,2.87647852,2.96923703,3.44757020,3.49289644,3.55355547,3.34033706,2.83292584,1.93885353,3.14491071,3.12589986,3.33613718,3.21474546,3.44196790,3.17008481,2.63106637,3.37607244,3.58741063,3.15924222,3.10773358,2.98350492,2.14859465,3.29602243,3.28133576,3.19987790,3.31952431,3.32825000,2.87160124,2.50152633,2.96620044,3.22217978,3.16550528,3.01093638,2.82408620,1.86835811,2.76039292,3.16332642,3.15563322,2.84800321,2.73035068,1.77889461,2.75328066,3.11280838,3.22656705,3.19688841,2.76993212,2.90068102,2.12836571,2.78927402,3.07428273,3.10999257,3.30821479,3.15255745,2.58487542,0.00000000,2.52009767,2.79379585,2.60564232,2.70254136,2.79562989,1.76925024,2.85497474,3.19278557,3.20953107,3.20880840,3.35171584,2.74278005,1.67512206,2.52284026,2.41708694,2.69097091,2.57299263,2.61765079,2.13103581,3.06005119,3.10325432,2.75462811,2.72759468,2.79116690,2.30887778
3.00722515,2.54971837,3.68113781,3.65405431,3.96166907,3.47076677,2.99852238,3.40526324,4.34890066,4.36409101,4.17591822,3.82109469,4.10969766,3.34801431,3.20946784,3.20447443,3.23311389,3.13641367,3.08695507,3.10815404,2.70412469,2.72000180,2.71525007,2.76403808,2.77324946,2.70750768,2.92448838,3.38387397,3.60367925,3.56624392,3.88954645,3.51161094,3.14593056,3.24313422,3.61680224,3.24847889,3.41361050,2.90522120,2.75452611,3.34656873,3.13222099,3.84174528,3.54228571,3.92348487,3.33918085,2.80123393,3.46410279,4.25089194,4.03210161,4.02033255,3.56362219,3.40676736,3.11868344,2.90203404,3.04985118,3.04704508,3.20883667,2.97938542,2.80448426,2.78434212,2.80536907,2.76177432,2.80706245,2.73204837,2.73673180,2.69714649,2.63980526,2.63245349,2.80437656,2.97800658,2.97696414,2.82169541,2.88322399,2.85703867,2.65646272,2.67879651,2.65814264,2.64634716,3.72878952,3.41950858,4.13314927,4.16103715,3.95604540,3.39646069,2.96991357,3.34623477,3.98491265,3.55685798,2.59699321,2.67344957,2.77363862,3.54372169,3.67977091,3.62089768,4.03287053,3.96489548,3.08581786,3.03138390,3.64910517,4.39454360,4.41235699,4.11922602,3.94670275,4.16862751,3.71536566,3.38032979,4.05659405,3.92002599,3.85721167,3.40132832,2.91078820,3.45964593,4.11178823,3.59941864,3.85951927,3.78583982,2.63004039,3.80672109,3.29919673,4.19743340,4.06873437,3.98855576,3.43379125,3.04405363,3.42302054,4.19910124,4.10935260,3.90630299,3.28619074,2.77382123,4.01139388,3.75341668,4.25290027,4.04070001,4.01897976,3.39709366,2.94739192,3.63942058,3.98702590,4.03756383,3.71366948,3.90603832,2.74419807,3.98255678,3.56818301,4.47082908,4.09941193,3.98760120,3.43331111,2.96128994,3.41462520,3.97832433,3.69808211,3.52746881,3.30048057,2.70196239,3.67699254,3.45406062,4.13147833,4.00147835,3.97090885,3.08486703,2.73702332,3.41986673,4.09510792,4.25158614,3.92204275,3.68304216,3.82896201,3.71707461,3.14648768,3.84982871,3.80686797,3.92380838,3.48275472,3.20319421,3.70694061,4.28802647,4.03509984,3.89646762,3.89178097,3.61897321,3.77520170,3.43709770,4.29724572,3.99654971,3.96341082,3.38779259,3.03491566,3.39230084,3.86378356,3.21916721,2.98885200,2.80774336,2.74014701,3.87334555,3.66226718,4.32141130,3.94363118,4.10517996,3.52063351,3.05538046,3.46519303,3.69092566,3.65655315,3.72476757,3.61678683,2.72873211,3.77225896,3.54342560,4.36237094,4.23813424,4.05424611,3.28001318,3.00921183,3.40446971,4.08383224,3.87028639,3.40968018,3.74118897,3.56209174,3.79000268,3.59149825,4.34530143,4.29263425,4.04845184,3.26473192,2.84505665,3.48975387,4.21280963,3.98554795,3.78439629,3.81037878,3.92201566,3.13481294,2.98601720,3.74460856,3.58892974,3.80543219,3.38972819,3.05991742,3.73637919,4.18079145,3.75893252,3.66371015,3.86206457,3.68887184,3.59557418,3.33664106,4.20219813,3.92957526,3.88782167,3.33695241,2.96550841,3.13191928,3.92512722,3.62928161,3.53672965,3.22250217,2.67643798,3.44826525,3.29172465,3.75798244,3.81161164,3.41428773,3.10185198,3.10278361,3.32713676,3.94289318,3.89402149,3.71042416,3.66493282,3.48898581,2.52009767,0.00000000,2.42585499,2.81667163,3.38331828,2.98850243,2.66735833,3.08440822,3.98382498,3.97351008,3.71495796,3.51737881,3.43161457,2.71591006,2.74553814,3.31841031,3.14843870,3.65332748,3.13472222,3.16729203,3.41145998,3.91268909,3.54351219,3.39534661,3.58424742,3.29321725
3.44761731,3.37587820,2.75835438,3.83552652,3.90073583,3.72954535,3.32269867,3.22508936,3.87410216,4.54280711,4.34312793,4.01395712,4.04554310,3.46232217,3.38538849,3.24233418,3.44998021,3.27250749,3.29586818,3.30655248,3.01910568,3.05410398,3.04488101,3.02157735,3.09626330,3.03428998,3.22496041,3.69476182,3.39346123,3.92592801,3.57122375,3.54901068,3.30878598,3.36608649,3.41059250,3.58775034,3.50914874,3.09020896,3.10122038,3.61588045,3.83190263,3.17245511,3.79972644,3.98415236,3.60510400,3.11693810,3.17812417,3.79441621,4.26146032,4.08290603,3.66043209,3.41898978,3.47634592,3.34203049,3.05497927,3.35027017,3.19229974,3.30465942,3.22835443,3.13644644,3.19724959,3.07498513,3.11816113,3.01248258,2.96954446,2.95144486,2.92401790,2.83591680,3.08623082,3.09861619,3.17742295,3.07781097,3.15533936,3.08949861,3.04143006,2.95094464,3.01181020,3.00386409,3.93771589,3.81453819,3.35348583,4.32456819,3.87680290,3.58945337,3.27098909,3.42997477,3.64352464,3.77443501,2.79646090,3.11839524,3.04931571,4.00407627,4.20344787,3.24697865,4.11692355,3.95256203,3.38211194,3.38188780,3.40527152,3.84124080,4.60727379,4.15014423,4.13962282,4.20225935,3.91101267,3.75978171,3.72760977,4.35669594,3.72223292,3.63367111,3.11498738,3.53469527,3.87612520,4.24731476,3.87356540,4.01384367,2.93695279,4.00616902,3.80745351,3.44367074,4.19267820,3.87376142,3.62861119,3.19970750,3.37455787,3.76913102,4.53314136,3.91924531,3.64518405,3.06093677,4.06041626,4.09913792,3.65925593,4.17147636,3.63325425,3.59090028,2.98683540,3.51202481,3.68814809,4.61576625,3.89805147,4.29193950,3.10858517,4.16272531,3.98296273,3.81709298,4.40410085,3.90549160,3.76298397,3.25359807,3.34329678,3.45661898,4.04723531,3.48499417,3.76327067,3.06600975,3.91575864,3.95641398,3.61946014,3.98163068,3.69830741,3.35569392,3.14309459,3.36901920,3.65511116,4.68108576,4.03913703,4.07856153,4.06906379,3.94261885,3.74708792,3.17362074,3.93895019,3.90563575,3.65772951,3.40540487,3.48901849,3.96634245,4.40024617,3.98133310,3.98850941,3.55636658,4.12333751,3.95053901,3.71480666,4.34991795,3.97419865,3.66154214,3.34803991,3.40419728,3.63903513,3.76847991,3.43672490,3.09306930,3.01509127,4.00945806,3.92269686,3.78923621,4.24086086,3.93951456,3.61408592,3.09287100,3.38613947,3.28097306,4.12975586,3.64772938,3.70896071,3.03947734,4.02191162,4.01114375,3.47316418,4.43026132,3.87442174,3.58899870,3.12959175,3.31084588,3.71864744,4.36741865,3.88317524,3.99738545,3.79275282,4.08343910,4.10762793,3.75792642,4.45020255,3.89504057,3.67352975,3.23982666,3.45304942,3.87694621,4.36718057,3.99692755,4.21044210,4.14218925,3.38640431,3.65540444,3.32083951,3.74370303,3.79397855,3.53521727,3.28719736,3.55565080,3.84881524,4.13694203,3.80164468,3.88704877,3.61980005,3.80364945,3.83101008,3.44084916,4.17445832,3.58837229,3.44431277,3.02821848,3.28664607,3.60856781,4.27890952,3.59866660,3.50653970,3.03365869,3.73583758,3.82465829,3.35977384,4.09566860,3.49831451,3.47449207,3.41664951,3.36213479,3.72943350,4.28469583,3.79713940,3.79561763,3.58851261,2.79379585,2.42585499,0.00000000,3.00833866,3.21792610,3.28822184,3.10098278,2.90025127,3.43807124,4.26720635,3.87014739,3.80110415,3.64426577,3.05983425,3.16976120,3.23094082,3.41331467,3.31693361,3.41466007,3.32609495,3.39015185,3.55206509,4.00423507,3.56280089,3.85415067,3.47689051
3.29062877,3.57442230,3.89332525,2.59585509,3.53931292,3.50989355,3.12290264,3.47817298,3.68862721,3.56748385,4.51468880,3.97935320,4.18460846,3.10639472,3.17321827,3.07461266,2.98107358,3.20074194,3.00512302,2.93892850,2.64485192,2.61308785,2.72814090,2.65991139,2.74180753,2.66144884,2.72936518,3.26101808,3.50282478,3.26091564,3.47973064,3.23785630,3.23590780,3.23641385,3.33182169,2.93316747,3.13269953,2.78612361,2.72097405,3.39117264,3.88188416,3.82241528,2.77681459,3.59206368,3.31370960,2.97154733,3.59630535,3.33479808,3.38084642,4.07703057,3.43024096,3.43580083,2.86607854,2.89383916,2.79062782,2.57309780,3.13240852,2.94834681,2.88329711,2.66593769,2.69240421,2.67317399,2.71164405,2.59583566,2.64727737,2.69039886,2.71141162,2.61439469,2.62884302,3.00477556,2.72831862,2.87614361,2.82646896,2.68915758,2.65830557,2.73324895,2.62842780,2.63623943,3.64504391,3.55384153,4.02633402,3.07729991,3.46923160,3.37850515,2.96019604,3.13686064,3.44273883,3.11611345,2.69092187,2.67350974,2.67003906,3.60260054,4.14433188,3.78260518,2.91069893,3.57734312,3.23968073,2.98319402,3.67691637,3.60509835,3.53223840,4.26097577,4.23017015,4.10464631,3.36187065,3.58560570,3.76939887,3.19688039,3.56464389,3.33386171,2.83900688,3.27483399,3.52820802,3.48626290,4.05032118,3.50039593,2.64965571,3.62679311,3.74796923,4.07717421,3.08696445,3.60037713,3.14967178,2.97337000,3.44680779,3.61986709,3.79164295,4.10642939,3.52687330,2.64415755,3.77848939,4.09296145,4.23112670,3.20585051,3.67309474,3.34610841,2.99680173,3.40407873,3.43582888,3.48272896,4.13163865,3.98488549,2.74405505,3.66003639,3.88548808,4.31654067,3.38870492,3.73272842,3.38774976,3.02215377,3.20254862,3.61089047,3.13729705,3.87125134,3.39437050,2.67738461,3.77264753,3.90218311,4.14422165,3.09820508,3.52086139,3.19710228,2.97323907,3.52939132,3.46338645,3.47196730,4.25226541,4.01626530,3.92241308,3.78280971,3.79853489,3.92139203,2.85883745,3.58659292,3.33813433,3.23576963,3.55652492,3.60155032,3.66627084,4.17687553,3.92760940,3.65890753,3.71676550,4.02717028,4.14464328,3.18192351,3.66418263,3.37999315,3.14214207,3.30995433,3.31754011,3.08779071,3.11415503,2.92968568,2.72108071,3.69436143,3.87240496,4.31856175,3.13292410,3.66570572,3.39464916,3.14474460,3.58418414,3.44288591,3.64625931,4.12536402,3.48088778,2.63376765,3.55822484,3.99184236,3.98424446,3.15998730,3.46117642,3.34837472,3.12453532,3.49699803,3.47512402,3.33251359,3.65192436,3.89924386,3.64624548,3.68777581,4.01896028,4.14782288,3.17324253,3.71491360,3.37961332,3.04385688,3.58714972,3.55055613,3.41775470,4.20349258,3.98892930,3.95111356,3.30282380,3.62401288,3.76097430,2.61164868,3.42507882,3.44935700,2.92836708,3.49111546,3.32664135,3.32197601,4.06596701,3.90164304,3.52453358,3.53659102,3.74960638,4.16409185,3.08584242,3.56591096,3.24674912,2.92368284,3.26646343,3.56040068,3.42792683,3.74712674,3.19148099,2.54344690,3.37871410,3.88149060,3.72901586,2.90666886,3.19153500,3.29955400,3.09371031,3.30123536,3.29090904,3.64072812,4.16547399,3.93172160,3.52224272,2.60564232,2.81667163,3.00833866,0.00000000,2.77526875,2.99020403,2.83335659,3.17727748,3.20029192,3.18157018,4.23944073,3.91197021,3.68528986,2.64669057,2.91003374,3.26002026,2.99363318,3.20475839,3.01206752,3.00333168,3.37873320,3.42808547,3.14158618,3.62175618,3.56088031,3.18407193
3.67844512,3.89200552,4.00123723,3.14288816,2.10274972,3.27184101,3.13709523,3.47045726,3.52785283,3.63723951,3.73486392,4.50859520,4.02289513,3.23941199,3.14040582,3.08866383,3.24204508,2.96994001,3.15982249,3.06081679,2.76603872,2.76268289,2.87879786,2.76037931,2.79998687,2.73517962,2.81071910,3.03177133,3.17132474,3.16153564,2.83726243,3.21861629,2.95907327,3.28984048,3.13167578,3.05859702,2.96288400,2.93666863,2.84134667,3.67593534,3.98363359,3.73749596,3.36372603,2.45275055,3.27835030,3.21601792,3.60161679,3.28559776,3.46574618,3.74540710,4.19216524,3.65449011,3.09903087,2.99975497,2.95857533,2.98919644,2.81463380,3.06538812,2.93207187,2.86441555,2.91878057,2.78234098,2.75226004,2.76453684,2.68904022,2.83907574,3.05677732,2.78226344,2.89185612,2.85894542,3.03395719,2.99874971,2.85326425,2.78612804,2.79410388,2.77836628,2.79801346,2.75543447,3.57272737,3.93942196,3.79968362,3.51726365,2.59031962,3.50788688,3.05740733,3.35325137,3.28623172,3.33211374,2.65467574,2.81391596,2.74130705,3.73405791,4.01980239,3.66569098,3.28558111,2.23548456,3.00294449,3.18022987,3.52151460,3.39763264,3.57588318,3.43181547,4.50610882,4.06038116,3.41841984,3.63808776,3.61719367,3.64591385,2.78801796,3.44056189,2.94824209,3.51608904,3.45085415,3.78620134,3.71900407,3.95745117,2.87703653,3.67157185,3.70740421,3.93056365,3.59563177,2.57868255,3.34632180,2.91066886,3.37294373,3.43145277,3.86290468,3.72982348,3.72284577,2.83074006,3.69176846,4.18880511,3.90153644,3.67804736,2.81655619,3.31121973,2.84908146,3.27481279,3.12998539,3.86209315,3.60353927,4.49527034,2.89157245,3.54428025,3.85812172,3.98519083,3.82311185,2.70109777,3.52956704,2.91700104,3.44225480,3.40799376,3.59303368,3.45813770,3.55928478,2.82824096,3.54697766,3.85472132,3.57137138,3.57014137,2.50837644,3.27425601,3.09020005,3.62245440,3.47703714,3.87109988,3.83658307,4.67833136,4.10623656,3.74044226,3.90519909,3.86518849,3.53707212,2.29951791,3.14904913,3.31414053,3.44987306,3.51969976,3.70268157,3.86563886,4.43481234,3.68977419,3.55709055,3.94060165,3.88386946,3.63343746,2.69174233,3.35678190,3.07681984,3.13522287,3.21261080,3.70671167,3.23474659,2.94345664,2.82931038,3.60254685,4.01467970,3.83181439,3.68984472,2.86396326,3.34786146,2.98021424,3.48232859,3.17496301,3.89321748,3.45199362,3.82297620,2.76504906,3.68129645,4.02733630,3.92917281,3.69963073,2.63458169,3.47828663,3.11601702,3.49866162,3.15434985,3.50514435,3.40374343,4.45224025,3.70794087,3.74352895,3.91991971,3.79989241,3.75807689,2.65106333,3.51030562,2.97983316,3.46208170,3.39317106,3.46252655,3.74831933,4.58432153,4.09356790,3.44805362,3.86732678,3.89463418,3.37808718,2.29008403,3.36228451,3.23606158,3.49086769,3.19755873,3.51528430,3.50692462,4.16058826,3.46729364,3.39769243,3.75081898,3.86427803,3.62894903,2.32825298,3.11361334,2.86326397,3.45112971,3.24275970,3.68358431,3.35282772,3.59538425,2.71961682,3.50642691,3.78628398,3.76833427,3.56610867,2.30142430,3.23031854,3.26493886,3.42595981,3.19707767,3.72097973,3.77220837,4.16156812,3.52328374,2.70254136,3.38331828,3.21792610,2.77526875,0.00000000,3.00755893,3.13824133,3.23889112,3.19497910,3.37646649,3.45990718,4.47150921,3.71788261,2.77724214,3.02355747,3.14741931,3.29562362,2.77543291,3.27303652,3.08060930,3.61072049,3.51313314,3.48335924,3.37832326,3.93807251,3.45084581
3.43151030,3.29897032,3.61348221,3.46296262,3.39358667,1.78661810,2.71158413,3.23238028,3.53950289,3.78202832,3.47417285,3.54534292,4.43015326,2.88556789,2.72137509,2.74632520,2.73972220,2.72794779,2.62531673,2.74062097,2.32447957,2.40987644,2.39741374,2.30985536,2.49754437,2.31816450,2.36199933,2.97339693,3.37381280,3.25865508,3.44206962,2.74216959,3.04646082,2.86420955,3.08116879,3.03998973,2.93867630,2.54457009,2.43956239,3.66128646,3.53407776,3.72004038,3.50173543,3.33443428,1.74459012,2.71404674,2.92189372,3.23141165,3.56846390,3.35677263,3.31693894,3.59137609,2.99192568,2.96811767,2.75192196,2.74165627,2.84772718,2.64513636,2.70120602,2.42045680,2.40621510,2.43561283,2.43554428,2.36649397,2.34991127,2.45355844,2.44819075,2.52338989,2.58266662,2.60533498,2.37504191,2.61086537,2.48583983,2.50211200,2.45064350,2.45666146,2.22527284,2.26779336,3.58941457,3.35453767,3.84760923,3.59127500,3.40900129,2.48345912,3.07348518,3.06639463,3.17465168,3.13930395,2.48630304,2.26333143,2.28536058,3.62330045,3.66502802,3.40445249,3.38217502,3.27099913,1.99989175,2.69020484,3.08660575,3.36155225,3.56784822,3.17924062,3.48185321,4.22739673,3.46278078,3.21688170,3.72160723,3.45992006,2.99550289,2.26555146,2.93540119,2.69099860,3.30747828,3.30804497,3.25596640,3.28987485,2.32027727,3.57375721,3.32935941,3.99820098,3.61809607,3.36835492,2.51423817,2.81694701,2.93572987,3.33614514,3.45180416,3.76648146,3.14864360,2.39346779,3.40948315,3.55821920,3.80223697,3.51405207,3.27039701,2.13122108,2.83308106,3.09903807,3.23077958,3.27764716,3.52022261,3.75063905,2.30414949,3.58330906,3.33273043,3.87164691,3.67750275,3.21331835,2.60440284,2.87491134,3.02747223,3.38320548,3.40506201,3.36812094,3.03389637,2.32201187,3.36669549,3.23641670,3.57805112,3.54517325,3.30435593,2.29797706,2.77163840,3.09004274,3.37739945,3.89093726,3.64792689,3.79091751,4.43586698,3.72591549,3.56076645,3.78980074,3.74784146,3.38461070,1.91552341,2.71522043,3.22841128,3.28437992,3.46348883,3.31400097,3.42703221,3.63886723,3.68133027,3.62608662,4.09374582,3.63302587,3.47666321,2.34414022,2.93219499,2.97185286,3.13420095,2.95284423,2.88659217,2.48134558,2.34156334,3.60763770,3.58809934,3.90953070,3.59959690,3.55325599,2.65543818,2.95302377,2.98442160,3.22738337,3.53686514,3.55895811,3.22107258,2.31250674,3.44021650,3.71464462,4.01282236,3.75427348,3.29661270,2.47808853,2.87781416,3.17295528,3.22382973,3.29555887,3.32638377,3.70438185,3.90662157,3.57205686,3.46476143,3.88484164,3.82877866,3.34868423,2.33926633,2.85625760,2.96482303,3.29299647,3.46988751,3.29814350,3.83787588,4.25907285,3.48497082,3.63876983,3.52593649,3.44769645,3.17086085,1.90068189,2.61144731,3.16356435,3.16902061,3.54029388,3.18866024,3.52980574,3.91238413,3.51690133,3.48294558,3.83320120,3.60574469,3.46690139,2.22801958,2.95880946,3.01927156,3.43350167,3.32253578,3.37974638,3.16003143,2.33075860,3.46685145,3.37796963,3.72388348,3.63903046,3.14794137,2.07458994,2.89263252,2.94534623,3.07124034,3.20271954,3.23831290,3.29113577,3.25280407,2.79562989,2.98850243,3.28822184,2.99020403,3.00755893,0.00000000,2.48758419,2.81294059,3.19880723,3.62277167,3.19832861,3.48815356,4.08110408,2.30223798,2.56364613,3.02254096,3.04695690,3.24522731,2.27301269,2.81175028,3.13990122,3.25555624,3.23388548,2.96260810,3.07784323,3.07297495
2.73214199,3.02653149,3.67481858,3.41178141,3.62676793,3.00692866,1.47177309,2.94829534,3.41606510,3.53792307,3.46688824,3.00818807,3.15852773,1.95957510,2.07397703,2.01424267,1.89059152,1.88932185,1.88915002,1.92006972,1.48209004,1.55452963,1.34639792,1.41756518,1.48134869,1.40891616,1.68019201,2.23386360,2.57651091,2.58880324,3.17155558,2.52147281,2.18598193,2.57523036,2.59255593,2.42791689,2.39324549,1.84380306,1.43933492,2.67512765,2.91393671,3.33234727,3.08891123,3.46061565,2.88854080,1.47600344,2.96248290,3.30840721,3.30413551,3.19056180,2.92898562,2.60366729,1.98134063,2.18993429,2.00126144,2.06995870,2.26020424,2.11125585,1.95835153,1.71194218,1.51376168,1.51448580,1.53464526,1.50975813,1.48754718,1.66589110,1.54595804,1.67390062,1.66574456,2.02786103,1.92720573,1.83235440,1.95052112,1.78219527,1.52441750,1.64971029,1.45130604,1.49388713,2.71828433,2.92503554,3.43414036,3.34083951,3.32058285,2.73590375,2.15442193,2.86776345,3.11647130,2.75822544,1.74128351,1.55802007,1.48215608,3.02114141,3.60247644,3.41038685,3.57002029,3.63484634,2.46425419,1.60347420,3.05616032,3.40341432,3.48457122,3.17035088,2.87660605,3.09037352,2.64197350,2.80570161,3.09834074,3.13224362,3.17555314,2.58953524,2.08543651,3.05078767,3.36381395,2.92873830,3.10097916,2.99699071,1.39583784,2.71445305,2.93063027,3.43523476,3.35336725,3.40769129,2.67737756,2.05294989,3.10815061,3.24991575,3.39691591,3.14180299,2.52281862,1.53949138,2.85872604,3.08249189,3.53439353,3.18977987,3.40471564,2.81191483,1.92524008,2.89190598,3.09669124,3.11642237,3.18463517,3.11948436,1.34661370,2.84240998,2.98116734,3.52259398,3.27354145,3.27527308,2.72757880,2.12587722,3.06516895,3.20336984,3.03004572,2.82617127,2.65347315,1.44723452,2.47997829,2.74717281,3.11881711,3.21974169,3.37334867,2.59109221,1.55549032,2.87801620,3.29698658,3.63728505,3.39471310,3.28559150,3.35597094,3.05585309,3.35392918,3.46742017,3.59017821,3.45455935,3.03072992,1.83930065,3.20134827,3.25941371,3.27257420,3.19578132,2.92640651,2.75542756,2.66324756,2.99094787,3.41824845,3.31134060,3.37985455,2.67403463,2.00148290,3.04532607,2.92769026,2.40247554,2.20941043,1.57458927,1.49368166,2.77596346,3.20827013,3.44508916,3.26175539,3.52407865,3.01287951,2.20671892,2.99458793,3.10825516,3.30283325,3.11481604,2.84781639,1.56092747,2.41218179,3.23305677,3.52748751,3.36801244,3.25069743,2.66773587,1.96712622,3.02318953,3.32428253,3.27273682,2.70918044,3.20303697,3.03350719,2.75776121,3.22627382,3.38661101,3.54240986,3.55221388,2.44783651,1.81262384,2.98172953,3.17572610,3.37325717,3.09387512,3.32153278,3.25932712,2.56873258,3.17310290,3.40650627,3.13655185,3.37256311,2.86181276,1.70222597,3.17748623,3.06719890,3.08420032,2.97105677,2.74058462,2.72422348,2.61735649,3.02175216,3.36949636,3.23032001,3.35864787,2.71474398,2.01406078,2.81322430,3.16119391,3.12672441,3.02639014,2.54736969,1.54032031,2.75958088,2.95160675,3.26076135,3.24061670,3.07660098,2.69956167,1.56538466,2.72430574,2.88376555,2.61757804,2.98630404,2.77369075,2.33649705,1.76925024,2.66735833,3.10098278,2.83335659,3.13824133,2.48758419,0.00000000,2.61229899,3.00090646,3.10125189,3.00824764,2.80095151,2.65949052,1.50343194,2.26101267,2.45924809,2.67073569,2.87848193,2.29981572,2.00557906,2.92163211,3.09323010,2.76583332,2.48707754,2.48404903,2.13951872
4.08526309,3.46338396,3.41806025,3.68640364,3.74639907,3.24881944,2.84133189,1.73601439,3.25710853,3.92401068,4.04684557,3.49712389,3.83068262,3.10089722,2.79813957,2.89027082,3.05976231,2.94982473,2.89647020,2.87394347,2.42782190,2.53815311,2.57075367,2.45484644,2.55481571,2.49422882,2.67140137,2.96235804,3.37665029,3.27024534,3.68827452,3.07008585,2.91500832,2.57538730,3.14988248,2.97423741,2.97111857,2.66831408,2.54888514,4.04660675,3.33011081,3.46397692,3.43973902,3.64771755,3.09260933,2.63211537,2.10030463,3.37561494,3.73990782,3.71232186,3.25601400,3.43989480,2.96890578,2.79117092,2.71985273,2.78424307,2.96624788,2.73174382,2.62092010,2.56680660,2.60741220,2.48022710,2.44294933,2.49979225,2.45342116,2.66695283,2.44806807,2.42893346,2.57975241,2.81923866,2.56523703,2.62425858,2.46692605,2.65501346,2.49868050,2.52261649,2.39221171,2.43120320,3.90968143,3.22063552,3.31973925,3.75925777,3.75356411,3.11726409,3.09081417,2.58820408,3.29987034,3.36456208,2.54830973,2.48354859,2.42662926,4.12649533,3.74375282,3.05177622,3.67936132,3.55097787,2.85382236,2.81471355,1.98054876,3.24344940,3.61456831,3.69421588,3.41762249,3.79463242,3.82377774,3.00672393,3.45070119,3.84729426,3.56594757,3.05264775,2.80331615,2.85612284,3.70979987,3.60425196,3.73020745,3.51868026,2.47710469,4.05452935,3.00309252,3.50055340,3.68309703,3.69085365,3.17935437,2.93382140,2.65479450,3.61704243,3.85310605,3.96508863,3.30902652,2.53898289,4.05973098,3.42714510,3.63598687,3.72225058,3.63811080,3.22869343,2.82844572,2.53908869,3.47935051,3.74509430,3.63092097,3.82279707,2.52965189,3.95876747,2.93110274,3.36638866,3.67385577,3.53623509,3.26451198,2.94364408,2.70968643,3.30296327,3.46277118,3.48356980,3.07423092,2.45238324,3.82597147,3.24721581,3.36319001,3.48311197,3.57978162,2.93961003,2.82680160,2.13594142,3.36688920,4.09972926,3.94381675,3.55534287,3.94604062,4.13485529,3.46188918,3.25746485,3.79917106,3.62270749,3.13506360,2.75079275,2.55078674,3.49276164,3.78709859,3.57009155,3.21839605,3.10626904,4.10261572,3.13247814,3.47352485,3.75771366,3.62052085,3.12545954,3.06905563,2.51706008,3.21236108,3.23245455,2.90406983,2.59511701,2.46398403,3.90574537,3.28110118,3.65313162,3.76341545,3.84207772,3.35670242,3.08023733,2.69248184,3.48976962,3.69121735,3.67672866,3.45547119,2.41036763,3.82213059,3.33539010,3.36206361,3.78426952,3.64429532,3.19071738,2.83746351,2.62840675,3.39081788,3.67892258,3.60293208,3.46320304,3.45466712,3.89868300,3.13109229,3.46143414,3.94276607,3.68600108,3.10985346,2.80935529,2.36896927,3.51111316,3.67613866,3.65423344,3.53303790,3.80794971,3.84740392,3.50417134,3.23768965,3.51220849,3.44696459,3.06036466,2.89798526,2.22860700,3.21117391,3.47578645,3.34702066,3.44626868,3.37490424,3.90322458,3.17905271,3.42354178,3.71602542,3.71542177,3.07244863,2.90385502,2.70138469,3.37046014,3.61309082,3.58486720,3.08845566,2.41217327,3.86209714,3.38402132,3.17314315,3.70380746,3.36237223,3.00041774,2.86675282,2.33429024,3.21556494,3.51699435,3.41238210,3.08446776,3.16819279,2.85497474,3.08440822,2.90025127,3.17727748,3.23889112,2.81294059,2.61229899,0.00000000,2.97112265,3.59967209,3.57256594,3.25314896,3.47188187,2.49135299,2.90084231,3.22685624,3.12105140,3.25981264,2.79990705,2.75756321,2.36586408,2.99158178,3.21028864,3.03568453,2.96970599,2.93030103
3.89864524,4.43098351,3.96600699,3.60635444,3.68054913,3.58743846,3.27436065,3.22885834,2.10258408,3.33782172,3.90964465,4.00327947,4.12514807,3.30413611,3.31210980,3.04510054,3.25975735,3.18299742,3.13700570,3.08710171,2.92205417,2.98064994,2.98344452,2.91624534,2.98008189,2.88471571,3.07520243,3.26402462,3.43872582,3.46687875,3.50504881,3.29904693,3.32718903,3.36557439,3.12520289,3.45830809,3.44158735,3.06229855,2.91398241,3.77064337,4.33083868,3.60870429,3.46988522,3.55640936,3.38410756,3.23028492,3.41377138,2.50641560,3.74379398,3.64543737,3.98221139,3.80630840,3.37228938,3.43761528,3.06346831,3.11886877,3.21037163,3.19335977,3.16894922,3.05684862,2.99610970,2.94418492,2.97759417,2.91521839,2.85842602,3.02046877,3.04549119,2.90595018,2.90715231,3.10635095,2.90820789,3.00990608,2.94917812,2.85278014,2.99318445,2.92749033,2.91802876,2.93628621,3.93051811,4.23455929,3.68367542,3.73839454,3.54895893,3.53133124,3.42630152,3.35840967,3.03975052,3.39478571,2.81850762,2.98304252,2.86723667,3.97048402,4.66752370,3.77562672,3.54471217,3.52528750,3.25963485,3.16475431,3.45273511,2.43615395,3.48867652,3.72990850,4.13326881,4.19239226,3.76996556,3.95460333,3.62616831,3.86692105,3.68442445,3.36619698,3.19357709,3.47602031,3.00119029,3.73951486,3.80897068,3.71418225,2.93031752,3.97841065,4.34561464,3.68847850,3.82713825,3.67345016,3.42924172,3.19192203,3.41471828,3.16793472,3.80689018,3.92280101,3.62823031,2.97415537,3.82585477,4.36336037,3.87273910,3.55300429,3.52304786,3.34467195,3.04388419,3.35467499,2.78662316,3.50708505,4.12518154,4.24872877,2.93625117,3.93045348,4.36510072,3.90336924,3.82383845,3.63305127,3.48522345,3.22596417,3.39373436,2.94515477,3.52836095,3.71441104,3.58232021,2.96154107,3.87503169,4.19934520,3.49932574,3.50995259,3.40056412,3.33422232,3.17428114,3.48306485,2.69037224,3.68416883,4.09661889,4.33832170,4.13776767,4.00700458,4.52099253,3.86004019,3.85512546,3.54585495,3.46470710,3.24353529,3.61582100,2.36077377,3.48865808,3.68430405,3.87483669,3.62217605,3.95193055,4.45880320,3.59907847,3.84303301,3.69846697,3.57559690,3.42332968,3.43398594,2.83843650,3.54706271,3.40153679,3.05179787,2.92204587,3.80826726,4.43171960,3.94781614,3.68279936,3.71005479,3.52016302,3.32884030,3.64119009,2.98945810,3.82663861,4.02227192,3.83523890,2.88462549,3.81533461,4.48232103,3.53125642,3.52155596,3.39472830,3.49700962,3.16697617,3.40258711,2.67584743,3.52343770,3.74634589,4.19125700,3.84660007,3.96529537,4.33865070,3.67009137,3.67111262,3.66628194,3.50293948,3.26333617,3.33953055,2.63123324,3.47080718,4.00935123,4.49094195,4.13767915,3.90902882,4.52945236,4.02029803,3.39594202,3.40814367,3.52115694,3.26920656,3.48578700,2.44360405,3.50038096,3.60953126,3.81290931,3.49641156,3.88268967,4.33488856,3.79121979,3.73577067,3.52205385,3.37549621,3.17781865,3.59933067,2.91624702,3.71854869,3.73583326,3.55792531,2.89170879,3.68032839,4.14347783,3.73953063,3.61478680,3.30071820,3.39426020,3.25703182,3.43654481,2.62457015,3.54979101,3.56623739,3.79243790,3.46413464,3.19278557,3.98382498,3.43807124,3.20029192,3.19497910,3.19880723,3.00090646,2.97112265,0.00000000,2.84640065,3.39586064,3.73373412,3.63453414,2.90022024,3.42502183,3.40547448,3.47418213,3.25454446,3.17833663,3.19185715,3.42015484,2.51755781,3.40770751,3.44355709,3.59765428,3.42949503
3.59397569,4.29039447,4.97069112,3.54893654,3.80938457,3.93665726,3.26817815,3.82900786,3.47433117,2.04962692,3.74722502,4.12363316,4.00084883,3.41695558,3.50865883,3.47632901,3.29688787,3.44628366,3.32407077,3.28374560,3.02845378,3.05615223,3.03591716,3.01792846,3.01332571,2.88881944,3.07838086,3.31573986,3.82406570,3.18549527,3.91804576,3.49945716,3.53023086,3.65769058,3.60204385,3.29213398,3.58471675,3.18996708,2.97599451,3.87722321,4.27789502,4.67031188,3.61946572,3.67915933,3.85006193,3.31909364,3.95302622,3.39522136,2.89382680,3.80406056,4.13488840,3.86971353,3.24496248,3.40118790,3.40123816,2.92041634,3.32623582,3.34513373,3.25055749,3.01135264,2.97538706,3.04869446,3.10791351,3.04180270,2.90323666,3.11844023,3.25374084,3.10967266,3.05245727,3.25108974,3.07540743,3.12248890,3.09324606,3.08064684,3.08273928,3.11619014,3.01520433,3.04827468,3.95545091,4.24121422,4.53822840,3.42644726,3.66178210,3.75964302,3.38095884,3.68982690,3.57282809,3.21077914,3.09470970,2.96682126,2.94236625,3.92551195,4.37401975,4.52211322,3.54159608,3.75243569,3.61288970,3.16784881,4.00416862,3.57925871,2.70031759,3.76600261,4.44006844,4.20155692,3.74386806,4.11504363,4.32938874,3.55205464,3.85168970,3.65186115,3.35627224,3.85042625,3.65905310,3.28900436,4.10220710,3.68780332,3.04296024,3.89804041,4.38446839,4.76004131,3.67189597,3.82781909,3.48674625,3.21574746,3.78541344,3.72874719,3.24152469,4.14328827,3.70353172,3.10539389,3.80143607,4.36748829,4.70803255,3.41306011,3.77246705,3.53309693,3.29146836,3.72963494,3.48740630,2.99397690,4.25858758,4.03319218,3.03712034,3.75216841,4.29859468,4.72629445,3.54692778,3.81575056,3.53089157,3.13532466,3.69713132,3.81202440,3.02739059,3.84303043,3.53941902,3.05039991,3.86605201,4.20588914,4.39270702,3.53275625,3.76684930,3.53936372,3.30058829,4.06860845,3.76716080,2.78244867,4.11865361,4.49604771,4.01780976,3.96254152,4.30726838,4.84491734,3.95599437,3.78060335,3.82589810,3.38101982,3.93092128,3.30624213,2.63294967,3.72769314,3.92940037,3.72783676,3.82819560,4.49244057,4.64642174,3.53493107,3.82011496,3.71281008,3.45699621,3.77072185,3.45787609,3.28329874,3.48100202,3.16024701,3.07977076,3.64513990,4.38289165,4.69515839,3.51002854,3.97576726,3.53808858,3.44080790,4.08494892,3.54818256,3.61842062,4.28004177,3.73104878,2.99507762,3.75609755,4.51501978,4.62156771,3.37866312,3.55685221,3.56726782,3.35490420,3.90029007,3.63372047,2.86530656,3.79159323,4.39817045,3.95721945,3.68137454,4.32083537,4.51721500,3.36601267,3.81856865,3.62817446,3.30579426,4.00672122,3.53924493,2.79299804,4.26026904,4.64591284,4.33935900,3.59284341,4.21765057,4.74873732,3.45278075,3.58130693,3.91671960,3.29299580,3.99847096,3.37452192,2.72816879,3.68156734,3.84962443,3.41316264,3.89743615,4.24887615,4.66622362,3.48804964,3.75595445,3.55855247,3.22868588,3.91332779,3.75642006,3.23756743,3.86810231,3.48214172,2.93712357,3.63594570,3.99187655,4.41495861,3.70103428,3.55765181,3.81380712,3.29571984,3.72775663,3.24730924,2.96596200,3.80206374,4.05973568,3.47425092,3.20953107,3.97351008,4.26720635,3.18157018,3.37646649,3.62277167,3.10125189,3.59967209,2.84640065,0.00000000,3.39623023,3.83146069,3.52057941,2.95473611,3.55100007,3.78196088,3.66226288,3.86483646,3.48919729,3.59725122,3.94766797,3.73116556,3.05524493,3.77518470,3.84854612,3.60625357
3.68270110,4.00007263,4.49992641,4.62035301,3.65507341,3.36396501,3.27830601,3.95485540,3.78151898,3.86978619,2.45293842,4.16315715,4.03060049,3.42003308,3.32569782,3.36580613,3.56927208,3.14704404,3.38198865,3.45083268,3.19648841,3.23207535,3.12789859,3.07788935,3.11446209,3.04970646,3.23217008,3.44441070,3.72321995,3.88552456,3.71509199,3.56010249,3.40167643,3.71223036,3.62804240,3.62536937,3.63419671,3.31369405,3.13924480,4.01314466,4.06241447,4.21017960,4.46457465,3.59441393,3.39586055,3.34904814,3.75848543,3.92542926,3.77545639,2.98062720,4.14239484,4.09437749,3.62934584,3.75480141,3.57539291,3.69028876,3.46195189,3.55262562,3.44695666,3.24874855,3.20315328,3.19197358,3.23453452,3.22805906,3.03336383,3.20653669,3.33435291,3.23679601,3.35523848,3.27361149,3.32264009,3.39413956,3.23342061,3.32983372,3.24550646,3.26040030,3.17460186,3.14258373,3.76682373,4.16027694,4.18582749,4.59362632,3.39826778,3.35326619,3.39184753,3.89005402,3.57510372,3.77665974,3.10655233,3.06997399,3.05748225,4.09621579,4.28961473,4.18530834,4.49905685,3.66307029,3.22319315,3.35416162,3.75510923,3.86175786,4.09264587,2.96610145,4.08437380,4.42930063,3.84681957,3.92864024,4.06258241,4.45971835,3.51762466,3.42625724,3.52973881,3.89771303,3.86586953,3.79025551,3.54011787,4.13761240,3.16209635,3.81789843,4.10429635,4.44937925,4.78795801,3.53596657,3.41599875,3.24837627,3.83903253,4.00529677,3.82928420,3.81975226,3.60719281,3.14367837,3.62728600,4.20500554,4.32034479,4.61481850,3.54409954,3.38400331,3.21711689,3.81676778,3.59201213,3.68079943,3.47582362,4.16988387,3.11302974,3.80462204,4.18346786,4.42818831,4.73500963,3.60062802,3.55587512,3.23513777,3.84266983,3.76727316,4.04711673,3.46844390,3.71384365,3.09345201,3.59046110,3.73493430,3.86944954,4.57266290,3.59999223,3.42518365,3.13454510,3.90275047,3.94647404,4.14697491,3.04138685,4.30682989,4.22653160,4.04224044,4.28531578,4.38915068,4.76891220,3.65675031,3.52505666,3.18517399,3.85278477,3.67534330,3.52907738,2.78991202,3.98173558,3.80713835,3.54202130,4.02585331,4.43552605,4.65232039,3.55858757,3.50955041,3.37797497,3.93561786,3.72950481,3.82509871,3.54205670,3.14962305,3.15319496,3.84451726,4.29898968,4.25461693,4.70164822,3.84510609,3.61808737,3.36331200,3.85283902,3.52989313,3.90416925,3.43970493,3.99815483,3.16441180,3.70893420,4.10814790,4.47404250,4.58559879,3.33592474,3.38306990,3.13250407,3.96668905,3.74695835,3.93792540,3.45284506,4.48243322,4.26754362,3.70978211,4.01185835,4.37336103,4.75983647,3.47899264,3.28592425,3.36034777,3.88638365,3.83370580,3.78302561,3.14828293,4.55651234,4.29779495,3.57548928,4.18925180,4.33416653,4.46845049,3.66607706,3.45240847,3.34923660,4.05999066,3.74051446,3.59398241,2.86564666,3.91743655,3.88504339,3.59919522,4.00859827,4.20155050,4.64518988,3.58820593,3.32547535,3.21239242,3.90677083,3.68851308,3.80690590,3.46870349,3.78164536,3.20355492,3.86175324,3.63175066,4.18474180,4.56104159,3.61249491,3.50355189,3.55974614,3.85557742,3.69727956,3.52807908,3.08645547,4.07094480,3.64706757,3.20880840,3.71495796,3.87014739,4.23944073,3.45990718,3.19832861,3.00824764,3.57256594,3.39586064,3.39623023,0.00000000,3.56023896,3.41584072,3.11641102,3.60620691,3.52342231,3.96747727,3.68315068,3.50507937,3.53674559,4.16870863,3.87256754,3.82253463,3.30413130,4.00024862,3.78193849
3.89859836,3.88930423,4.07851100,4.36217843,4.94142295,3.77059986,3.09310074,3.48114039,4.23619620,4.28205603,4.22456092,2.59985564,3.90402507,3.31001873,3.29509252,3.23665404,3.17491734,3.30059016,3.05557951,3.24552055,3.13891258,3.15501600,2.98875313,2.99893110,2.97675728,3.03310160,3.25882095,3.29824161,3.68130387,3.84965160,4.58338804,3.58257534,3.63019494,3.63584350,3.93030501,3.80577495,3.82939753,3.17875458,3.01754794,3.95926112,3.71778881,4.06173074,4.14152618,4.76623312,3.77955176,3.07454090,3.70159308,4.30710941,4.41250285,4.29520344,3.35082700,3.92927986,3.52526571,3.56340557,3.34373901,3.44642249,3.80813795,3.47006469,3.41661032,3.17737194,3.07949011,3.10552095,3.13946976,3.01591448,2.99722894,3.16832474,2.86380766,3.10127430,3.18250572,3.34148810,3.09217014,3.12941715,3.12125823,3.30520232,3.07145894,3.26513912,2.97435851,2.98911939,4.03119457,3.48510491,4.00834131,4.27726254,4.65512629,3.38802494,3.18650464,3.56167956,3.90029678,3.68043223,3.11801402,3.01085393,2.95904616,3.97001602,4.25123416,3.89965771,4.44220000,4.77341976,3.51744718,2.85082121,3.62274624,4.38301504,4.31378281,4.12744511,3.27313021,4.10945165,3.89058800,3.74968388,4.12144865,4.21838336,4.54692571,3.66447466,3.48985394,3.77826720,4.28293890,4.13122326,4.03933396,3.84731896,2.95291456,3.77213100,3.52767319,4.17368016,4.30759746,4.73610101,3.56371356,3.29065781,3.79587915,4.23526821,4.26774841,4.28260175,3.32490383,3.01069787,3.89103592,3.67633173,4.10554707,4.03887314,4.81284867,3.65848716,3.22281843,3.80321590,4.31905032,4.15303762,4.09868013,3.81496456,3.02085613,3.88459273,3.73817284,4.21490926,4.21819442,4.64608289,3.55590580,3.25125962,3.91770095,4.38533240,4.11413933,3.81531252,3.58774276,2.93951425,3.48192149,3.37941691,3.91995683,4.01436402,4.71137487,3.39717224,3.06326539,3.69636542,4.25935781,4.56739536,4.27622017,2.92925489,4.18743335,4.30815210,4.10886655,4.09567127,4.44098013,4.62942177,3.76458866,3.02989132,3.71595171,4.04138703,3.81050898,3.94915942,2.84963834,3.38240167,3.90509747,3.58447873,4.17708564,4.30599547,4.72090978,3.57154010,3.43117057,3.87874904,4.05003500,3.37553253,3.32639261,3.21281424,2.95014644,3.54898902,3.76801002,4.29404885,3.91004386,4.81729596,3.91595243,3.47999793,3.82248852,4.25553546,4.06831172,4.25975774,3.85888267,2.99533673,3.70004948,3.89875323,4.20184125,4.23435053,4.60365990,3.39796896,3.23372590,3.88230149,4.29664060,4.36460915,4.06566946,3.53382421,4.20070230,3.79533221,3.69623793,4.22124064,4.24160150,4.65344908,3.27591925,3.19080780,3.85508241,4.16977548,4.41525352,4.08462797,3.44058598,4.27445256,3.77602883,4.13210504,4.08969709,4.14590037,4.59456755,3.79847966,3.22418033,3.92762440,4.07695725,3.83834494,3.76823951,3.17454247,3.67644533,3.71596546,3.74498992,3.95539273,4.21883000,4.69794462,3.69547954,3.27095788,3.79056340,4.27918850,3.98525134,4.00560818,3.44877390,3.09968439,3.80447210,3.89371268,3.89573714,4.30079369,4.43956337,3.54442113,3.11669690,3.53937329,4.05582108,3.72433084,3.84349245,3.19345713,3.51068696,3.35171584,3.51737881,3.80110415,3.91197021,4.47150921,3.48815356,2.80095151,3.25314896,3.73373412,3.83146069,3.56023896,0.00000000,3.01006918,3.03365900,3.52365821,3.47534901,3.65132096,3.98835903,3.28749060,3.35199646,3.54792150,3.84648783,3.80643771,3.92541222,3.54702501,3.50796750
3.43444241,3.85740896,4.34002229,4.18367371,4.31406636,4.38764510,2.99569143,3.74493711,4.24924239,4.16471964,4.09494236,3.75471473,2.95662977,3.31321546,3.40366886,3.26787420,3.27233770,3.19087150,3.25606755,3.28481179,3.10526369,3.01895376,2.98089497,2.93409796,2.89776634,2.91020166,3.15290786,3.33494618,3.53117328,3.65199257,4.01804439,3.92884427,3.34805606,3.76709065,3.63763124,3.66032624,3.58178599,3.17049966,3.00139150,3.54582100,3.69404522,3.97651841,3.90741160,4.22288996,4.28295441,3.05336720,3.76871834,4.17467693,4.06479866,4.11137875,3.88214330,3.34611769,3.27193567,3.24856582,3.21605709,3.21519055,3.41527935,3.58586969,3.26749570,3.07402609,3.05584022,3.00299951,2.99857955,3.02279606,2.94789033,3.15943200,2.99289176,3.07369752,3.10215663,3.23391442,3.29577898,3.11320039,3.21723730,3.13724323,2.97654778,3.09133808,3.02916652,2.97557235,3.40954950,3.61712030,3.87148824,4.14803810,3.93170299,3.86609390,2.75024766,3.61565158,3.89218221,3.52534224,2.91471450,2.98129007,2.98547201,3.74009346,4.10721038,3.87645312,4.08810605,4.20267432,4.00210719,2.70768734,3.84381172,4.35927749,4.16365715,4.07803725,4.06279178,3.33815611,3.41687900,3.82237309,3.91678824,4.07761442,4.06612090,3.99265386,3.12414237,4.11565337,4.16129547,3.97722911,3.92062015,3.87128760,2.88630487,3.39161855,3.65702925,3.86927679,4.17329262,4.14666017,3.98936606,2.96183740,3.97948820,4.17594625,4.41905943,3.91648404,3.50963203,3.06376800,3.39338715,3.68684101,3.82588895,3.95742992,4.13291556,4.04851547,2.78798640,3.82411813,3.97987064,4.20819763,3.68887038,3.90636484,2.98003980,3.57958131,3.85969218,4.22467123,4.01440978,4.05983016,4.13054591,3.07694677,4.14632781,4.18145062,4.04225503,3.56168855,3.81658591,2.93485289,3.30657353,3.66510000,3.76567128,3.91445604,3.97511600,3.90645143,2.89236136,3.83263399,4.25610789,4.30029060,4.12262525,4.07251609,3.36940779,3.75664255,4.02147356,4.06407990,4.14969324,4.01129693,4.20218223,3.23942307,3.98780723,3.96199188,3.82692739,3.96422510,3.67912165,3.18994984,3.28784653,3.65596910,3.84795396,3.99229655,3.93722436,4.04361135,3.04245035,3.96115079,3.88459609,3.47386887,3.23142853,3.12999588,3.04325121,3.30455785,3.94804317,4.12698985,3.96225344,4.14834022,4.27379990,3.09923520,4.04684817,3.91191214,4.06109750,3.90120648,3.98224032,2.96131055,3.33866350,3.89624586,4.07935898,4.06025676,3.96146730,3.89230279,2.90830124,3.89198706,4.28180140,4.25206532,3.64361509,4.12556854,3.70223701,3.37635135,3.90678279,4.04294746,4.20464411,4.15827828,3.86909610,2.81597863,3.91509596,4.11217036,4.21562930,3.98906098,4.19654014,3.54098139,3.37804686,4.09203810,4.16661067,3.84887402,4.03736449,4.34066045,3.09785925,3.94749773,4.00298877,3.67698385,3.90595926,3.67709153,2.96972849,3.25142859,3.71158757,3.86058760,3.87210935,3.91676104,4.05088440,2.90429604,3.69007383,3.80185113,3.91600532,3.44097690,3.49141061,3.04141921,3.24415986,3.63134392,3.87443560,3.87596859,3.78272841,4.08232219,3.04627913,3.64414608,3.89981188,3.69199057,3.84794943,3.77915798,3.28672159,2.74278005,3.43161457,3.64426577,3.68528986,3.71788261,4.08110408,2.65949052,3.47188187,3.63453414,3.52057941,3.41584072,3.01006918,0.00000000,2.97415378,3.50782105,3.26655195,3.62789316,3.44651057,3.64603555,3.24511308,3.79866856,3.93024918,3.65501276,3.67369793,3.82084488,3.27159055
2.58357731,2.77262208,3.34404931,2.88842094,2.97362724,2.42717908,1.32954530,2.42852501,2.98674622,3.06459420,3.16622291,2.88267814,3.34572941,1.52748821,1.51919733,1.47501784,1.44872292,1.49057859,1.22263004,1.27313662,0.70767554,0.64737066,0.72618047,0.73391856,0.69097532,0.67282032,1.02888353,1.77027726,2.28178123,2.29918761,2.79871709,2.03794038,1.79360443,2.04961838,2.32544370,2.05847426,1.98730546,1.30552738,0.71566537,2.73056910,2.92866505,3.20196955,2.86888331,2.99429648,2.44633336,1.38067979,2.61545993,2.80087464,2.87952671,3.01190753,2.71630180,2.50388292,1.59440896,1.61349282,1.56205056,1.57459150,1.77545169,1.44833878,1.21360357,0.85726180,0.84666273,0.76094003,0.72903838,0.62295630,0.77092567,1.05086561,1.07831556,1.06358330,1.09827906,1.53576266,1.31682183,1.11549160,1.20864976,1.05335391,0.84630487,1.12016324,0.61400435,0.64603000,2.52712307,2.60566811,3.19953076,2.91747419,2.84919683,2.12392434,1.58837446,2.35304196,2.65693278,2.10925718,1.08632575,0.72855670,0.66051894,2.87603524,3.39439358,3.09122583,3.11585922,3.07851731,2.03435993,1.42485552,2.65576387,2.90907291,3.11526159,2.93532645,3.03876183,3.26160668,2.37193094,2.39855995,2.80723071,2.80206656,2.83206111,2.11334403,1.59111053,2.51955854,2.85392486,2.73269088,2.87462209,2.71868117,0.62202103,2.71154050,2.67351000,3.26026212,3.02708452,2.92968051,2.11209358,1.62480341,2.61448175,2.90727880,3.16684223,2.95915863,2.26075847,0.69398702,2.81418356,2.92379281,3.19925595,2.73428056,2.93672086,2.20246800,1.47372390,2.48508760,2.69792984,2.74086165,2.91669427,3.12132964,0.65369801,2.68889107,2.75933781,3.28657530,3.02264539,2.73938961,2.11596115,1.52932325,2.41727182,2.76359432,2.54292835,2.54937357,2.09291043,0.61430191,2.44905948,2.55071374,2.93977014,2.83982024,2.95837453,2.04210814,1.28304628,2.45932879,2.88054349,3.22661668,3.13940565,3.10241476,3.32364698,2.85771377,3.09575166,3.15006841,3.23267897,2.85708983,2.37227694,1.52673121,2.68843392,2.94042216,2.92294187,2.85432197,2.64016618,2.44448942,2.51790418,2.75625068,3.13104736,2.80025905,2.82386423,2.07268273,1.52235768,2.33690995,2.39835255,2.03483155,1.75003107,1.06611272,0.72283668,2.72559147,2.92688261,3.35578171,2.88810999,3.07480079,2.38721337,1.64507519,2.57100081,2.72376146,2.99384583,2.86137522,2.64401655,0.61462896,2.41093795,2.97537630,3.26205181,2.91636086,2.73455263,2.04656217,1.49156207,2.53092691,2.84457849,2.84362553,2.47388661,2.83392187,2.67706631,2.63947188,2.84224661,3.15079166,3.03411626,2.93308395,1.98941436,1.36201426,2.55985352,2.62819183,2.79838173,2.79726453,3.04281436,3.01545508,2.53470567,3.10340489,3.26325705,2.77735065,2.76672630,2.25409545,1.59113549,2.73607813,2.63662328,2.65725662,2.72187757,2.63471435,2.68229618,2.55639156,2.68740824,3.16306862,2.87351030,2.87460893,2.10827419,1.56711815,2.31073853,2.64269041,2.72129685,2.71893666,2.10492718,0.69788809,2.48436295,2.63753784,2.95097620,2.92514011,2.72011102,2.25486540,1.53571303,2.29286820,2.40009841,2.54598126,2.86422097,2.65984968,2.19920781,1.67512206,2.71591006,3.05983425,2.64669057,2.77724214,2.30223798,1.50343194,2.49135299,2.90022024,2.95473611,3.11641102,3.03365900,2.97415378,0.00000000,1.96657883,2.31587543,2.20055803,2.37133123,1.90852020,1.63704727,2.41460823,2.57811086,2.29973783,2.22341962,2.21950592,1.86362931
3.08312445,2.81684727,3.54183111,3.26204307,3.44276484,2.71523145,2.14423460,2.87572517,3.53648837,3.76659955,3.67151934,3.48761516,3.69597809,2.68829364,2.62627694,2.62282520,2.58216113,2.48862389,2.45077162,2.45148096,1.88454248,1.99791039,1.94278282,1.86146816,1.93374045,1.88882910,1.95124951,2.67618031,2.86919035,2.87089028,3.22254921,2.64781034,2.35867559,2.33603651,2.78740330,2.60719498,2.43136171,2.33288795,1.95120287,2.96585440,3.05712590,3.40668649,3.13031783,3.39241092,2.80736683,2.40976662,3.08942691,3.41965298,3.49882827,3.54520284,3.28299047,3.22891532,2.59503502,2.46025055,2.60925879,2.56847218,2.49461300,2.36638135,2.22510219,1.96082109,2.02869477,1.95912829,1.86729492,1.88729334,1.99879787,2.10084986,2.10668200,2.05315793,2.18283234,2.35831133,2.35012776,1.95896649,1.88445341,1.76158325,1.96674452,2.16645704,1.86328536,1.89637593,3.42344388,3.31579130,3.90704873,3.58980801,3.39743792,2.84402963,2.48498617,2.65914001,3.16616212,2.24581165,1.73652820,1.94132981,1.92743939,3.17750365,3.38977643,3.15384283,3.35591395,3.44076120,2.39270962,2.15143816,3.09153299,3.46646876,3.62876514,3.37381806,3.40486978,3.82137703,3.34535506,3.13307280,3.63233366,3.41417615,3.28947062,2.85753987,2.49739900,2.98975838,3.51653925,3.34117846,3.50721541,3.40745858,1.82586516,3.25478861,2.94679289,3.80952512,3.52387315,3.49143579,2.92393691,2.66992731,3.10222862,3.59356481,3.77377479,3.69692145,2.88148377,2.00046792,3.66124943,3.73450840,4.00956114,3.56325981,3.44467306,2.80298000,2.33395357,2.97026630,3.36238409,3.41073144,3.33431590,3.60344913,1.99636111,3.34043644,3.16354845,3.76105141,3.56551595,3.33655848,2.83309269,2.45042067,2.89360488,3.54753809,3.24334433,2.91807044,2.74909499,1.92434419,3.30770271,3.23896172,3.64916753,3.70639750,3.51466325,2.70352939,2.37316674,3.11336463,3.70631676,4.05362058,3.78054279,3.72040120,4.01845622,3.23212793,3.08556071,3.47644579,3.50136359,3.34093652,2.74980570,2.63044054,3.34869668,3.57411039,3.61478883,3.51842079,3.42536768,3.33262439,3.29806358,3.29394213,3.96149204,3.54295673,3.46554837,2.96520457,2.61290992,2.83171831,3.11676462,2.84933614,2.44374447,2.08390053,1.97189246,3.58224608,3.62554437,4.06198988,3.68229615,3.52034038,3.03474300,2.57682876,3.14209496,3.32760661,3.48000394,3.31919915,3.17942529,1.91883151,3.45032569,3.62409500,4.10192780,3.70655952,3.42492304,2.92006105,2.44801241,3.12871953,3.47462887,3.37883300,3.11909390,3.62310692,3.44848420,3.53709374,3.52816329,3.96856058,3.84700554,3.59908609,2.88970721,2.51252506,3.11051418,3.44790267,3.47123135,3.41661049,3.79800829,3.76681948,2.91748611,3.12952653,3.37008206,3.05841108,3.11879785,2.64516725,2.21131731,3.10972988,3.28330677,3.10344737,3.22982441,3.29285173,3.20724317,3.31202492,3.40685112,4.01179173,3.66668497,3.50457266,2.86581742,2.59289714,2.82395311,3.43977909,3.43602938,3.27240719,2.78333264,1.84827732,2.81592047,2.77788218,3.20057704,3.16093303,2.88052840,2.50896325,2.34828909,2.83544569,2.94622387,2.97300624,3.06365779,3.04360892,2.74813746,2.52284026,2.74553814,3.16976120,2.91003374,3.02355747,2.56364613,2.26101267,2.90084231,3.42502183,3.55100007,3.60620691,3.52365821,3.50782105,1.96657883,0.00000000,2.26009229,1.92788097,2.49773766,2.22474999,2.18227639,2.79340673,3.14376731,3.05340908,2.76004923,2.86678634,2.54335534
3.17499523,3.27866256,3.43857438,3.59065259,3.61861995,3.14785990,2.36658173,3.19416020,3.59310142,3.95446514,3.70932666,3.46392887,3.34667316,2.81370810,2.81039576,2.73004872,2.75393320,2.67450621,2.69582665,2.67831290,2.36655879,2.36680022,2.27864112,2.24841238,2.31139811,2.31212228,2.47066305,2.81500326,2.83946280,3.43059962,3.51378665,3.10484007,2.78523662,3.10858775,3.06752811,3.19324582,2.77794976,2.60203935,2.39188807,3.16010399,3.61868353,3.42127072,3.71219963,3.76990848,3.29950459,2.62349803,3.35380246,3.62174589,3.96032176,3.74450973,3.38317453,3.16662116,2.93346472,2.91771746,2.70167269,3.00583738,2.85422487,2.77199883,2.52168000,2.40202766,2.40105902,2.31398510,2.29730987,2.28779671,2.30333744,2.52342458,2.34693241,2.43013232,2.54515752,2.65003858,2.69672237,2.44075226,2.49178842,2.31717386,2.42413548,2.43540926,2.33529649,2.23908484,3.10981390,3.42034340,3.68063525,3.89706997,3.56796107,3.14432111,2.52410960,3.25066539,3.31527123,2.89856022,2.14852179,2.30822830,2.28143364,3.06713011,3.46134918,3.16837980,3.71777773,3.64094034,2.97942173,2.32196624,3.49742710,3.59222647,3.94818524,3.45994862,3.55531729,3.65570560,3.22627716,3.50479242,3.50273359,3.86255812,3.61852976,3.24722794,2.70532321,3.22534014,3.48977276,3.70782839,3.22249970,3.19584921,2.22528993,3.07511137,3.24599351,3.58587789,3.89802132,3.67980328,3.23955445,2.68068520,3.54375353,3.54154126,4.08997237,3.47296985,2.79873491,2.32302683,3.52658127,3.89179245,3.76503956,3.78868030,3.76222070,3.39141056,2.64111926,3.45943138,3.54016157,3.83775540,3.46905634,3.96907147,2.34239309,2.95559695,3.36085801,3.59941824,3.78335898,3.44982198,3.20607937,2.45681112,3.37302111,3.62785646,3.51099857,3.02284280,3.21136172,2.20925032,3.04914080,3.44481761,3.53909742,3.82761630,3.66758324,3.11026178,2.41361980,3.44802046,3.58198748,4.24879709,3.61643408,3.58815398,3.74610943,3.15938322,3.43559904,3.36920309,3.83876597,3.60130555,3.27116613,2.93215496,3.62379892,3.81223610,3.96301097,3.71831996,3.47058583,3.20512469,2.95490206,3.53813871,3.70211875,3.83935094,3.56030490,3.23265773,2.52035065,3.23007120,3.31199958,3.02939457,2.46711000,2.41148092,2.33438028,3.13941708,3.77027296,3.89972633,3.88936668,3.70429629,3.40370813,2.57994446,3.65963256,3.42991169,3.88571006,3.23506334,3.52006107,2.29531975,3.04501846,3.58728345,3.78966984,3.90657084,3.52018873,3.21432483,2.47636387,3.52048069,3.62236200,3.86054226,3.11407041,3.46053227,3.37377430,3.15298908,3.58920048,3.83850497,4.05379790,3.73799273,3.16974983,2.51620442,3.56949019,3.52128200,3.89158551,3.36058589,3.87090115,3.77684755,3.00883111,3.48750071,3.31910963,3.42367599,3.34889528,3.12240921,2.42879312,3.41453689,3.44984564,3.55420791,3.47035003,3.28758184,3.10490668,3.08697389,3.62566877,3.71772208,3.93938460,3.63296345,3.29648989,2.57635490,3.23603803,3.55223626,3.96128950,3.27472852,3.24349018,2.31710906,3.00845364,3.04693351,3.28989475,3.53326364,3.19608679,2.97484697,2.44868218,3.02414594,3.34229346,3.51896735,3.30306287,3.24571709,2.94781423,2.41708694,3.31841031,3.23094082,3.26002026,3.14741931,3.02254096,2.45924809,3.22685624,3.40547448,3.78196088,3.52342231,3.47534901,3.26655195,2.31587543,2.26009229,0.00000000,1.91431538,2.21007039,2.45964480,2.10199755,2.85348060,3.02433973,3.13901076,2.97589976,3.10082963,2.65082309
3.33537788,2.87861920,3.49765887,3.01122908,3.50723753,2.94325147,2.51685123,2.79694171,3.50619010,3.66456341,3.96725152,3.51280422,3.81345949,2.72986583,2.67512748,2.65965304,2.71074491,2.66349218,2.47789563,2.42725360,2.15169620,2.19019896,2.11501688,2.12163343,2.16532735,2.18827288,2.33815878,2.75354855,3.09453501,3.22065264,3.41065449,2.88275823,2.67840905,2.80363252,3.27431809,2.94268397,2.76325687,2.58590109,2.20476369,3.30166489,3.24161282,3.50804986,3.12853957,3.64015136,3.07798856,2.62651889,3.17004037,3.49891122,3.72895426,3.94890213,3.29838134,3.38935961,2.73557058,2.58715547,2.68774483,2.70964596,2.81356360,2.54499754,2.31365594,2.13978458,2.19338487,2.12339119,2.08662394,2.15772210,2.14885007,2.26404789,2.22700724,2.26152291,2.33969769,2.60311106,2.46474127,2.22699616,2.20652114,2.15183705,2.13131581,2.28379967,2.16029677,2.15789110,3.52890309,3.30463803,3.95845286,3.54161837,3.64338160,2.98179204,2.56597497,2.98139516,3.44733018,2.68764845,2.00473647,2.24478813,2.15144787,3.26686928,3.45094073,3.23880853,3.27396140,3.58698288,2.81706594,2.53542926,3.23516382,3.62986525,3.74491958,3.80950487,3.73740363,3.97654771,3.52868112,3.22881965,3.62832759,3.50239233,3.61672439,3.00368433,2.61213336,3.00187117,3.47458048,3.43467342,3.52870226,3.20962070,2.10365883,3.44857343,2.97904866,3.61410630,3.31655721,3.62125138,2.95209095,2.79030919,3.02982124,3.60011627,3.85972822,3.71121393,2.87866856,2.13693680,3.92758636,3.74511050,3.95465955,3.46947940,3.79439024,3.12791222,2.58336334,3.05002238,3.53773155,3.67910875,3.62680062,3.76506292,2.21992307,3.40613481,3.19484089,3.90621086,3.43183031,3.53605723,2.94372653,2.53563817,2.99758718,3.66501536,3.22281813,3.25150744,3.02682983,2.06032975,3.45018834,3.19112893,3.76409667,3.38700731,3.56249154,2.78930006,2.47631270,3.08574996,3.54772248,3.86034207,3.73462521,3.45885461,3.78748921,3.20525399,3.08424865,3.38160975,3.27968199,3.49216822,3.05490719,2.82736588,3.23596058,3.71550269,3.84918614,3.73543249,3.49514551,3.21079166,3.38138646,3.28287661,3.86486144,3.30007283,3.52613066,3.02934461,2.65805967,2.85626479,3.32983290,2.96450484,2.40632217,2.32601433,2.15786849,3.58447714,3.49148685,4.01636226,3.41768021,3.53951454,3.07068257,2.66849682,3.28828447,3.44339150,3.53788381,3.47723190,3.36841994,2.13379512,3.48019299,3.46807156,3.94997551,3.50606402,3.51888122,2.86180937,2.56142712,3.19290696,3.63947431,3.53517426,3.23319237,3.25391814,3.44062694,3.57617373,3.38652865,4.10125970,3.61777961,3.61290271,3.02742686,2.54620338,3.14906902,3.44413331,3.47454405,3.48735324,3.60361515,3.74425766,3.20954924,3.35511391,3.46185037,2.99283221,3.23230639,2.86950263,2.38633621,3.03315460,3.30422904,3.29677669,3.63151069,3.43866796,3.28864073,3.50828324,3.36752755,3.92650712,3.50816827,3.65411545,3.09094644,2.71020403,2.86226071,3.57344817,3.81179745,3.62890965,3.12891975,2.11626791,2.94703217,2.70640326,3.07961663,3.07096359,3.08596561,2.76612206,2.40974515,2.67333499,3.14470407,3.41146548,3.51829021,3.35920334,3.03006884,2.69097091,3.14843870,3.41331467,2.99363318,3.29562362,3.04695690,2.67073569,3.12105140,3.47418213,3.66226288,3.96747727,3.65132096,3.62789316,2.20055803,1.92788097,1.91431538,0.00000000,2.36153641,2.22920812,2.27398802,2.51805484,2.95245267,2.85362509,3.03344975,3.01584822,2.63427579
3.59505045,3.62230378,3.48137108,3.40042866,3.10845509,3.07953387,2.74138517,3.18090941,3.13909406,3.84010227,3.71542059,3.86327249,3.70218068,2.65832132,2.69809839,2.55046589,2.74438596,2.42525112,2.62641225,2.56509086,2.43177768,2.34869450,2.43430006,2.33851182,2.38312766,2.36600760,2.48615998,2.89693026,2.85477581,3.35918543,2.75637289,2.78363883,2.61260108,2.93388719,2.64606564,2.78300221,2.45476614,2.66994060,2.47636182,3.48116053,3.90957836,3.36951408,3.41398999,3.23352952,3.24453133,2.94472583,3.39262511,3.16971198,3.71845616,3.70633513,3.72827228,3.53046443,2.88604636,2.80639121,2.64468111,2.87942267,2.52626525,2.75567584,2.56915918,2.37686415,2.56705086,2.39195810,2.19754282,2.29570447,2.37330042,2.41750659,2.39073140,2.45671256,2.52033147,2.49440614,2.64175831,2.42269716,2.42344149,2.25269408,2.35732139,2.34359033,2.45995233,2.38349579,3.23986376,3.58199384,3.39665640,3.47099465,2.83510290,3.06656921,2.53840843,2.91439034,2.99523076,2.74696394,2.25940165,2.51899118,2.41921411,3.59760893,3.91608583,3.35133677,3.44037823,3.03118755,2.88646810,2.65911373,3.37726731,3.26468681,3.71286457,3.42657246,4.05880535,4.03443657,3.27749476,3.48673489,3.27305821,3.68101446,3.04180789,3.15396200,2.69924012,3.29758316,3.24315636,3.73038534,3.30716729,3.76926653,2.39545121,3.31085968,3.45190935,3.46923587,3.54186609,3.03736290,3.19947819,2.91170527,3.32026674,3.13302551,4.03772165,3.61219982,3.23344354,2.29297481,3.58287233,3.87588941,3.37601784,3.39516250,3.00444676,3.12098508,2.47020350,3.13941965,3.02940048,3.77623842,3.42449819,4.19880791,2.49664658,3.21953075,3.57079003,3.38489194,3.59841400,2.79553785,3.28546755,2.70806421,3.29514921,3.16491730,3.62194612,3.20726666,3.54986844,2.30104443,3.30245499,3.51585684,3.11875997,3.35601792,2.77942372,3.00581336,2.64082006,3.21188818,3.06990169,3.95043094,3.45474290,3.89759880,3.70901996,3.42737281,3.74099745,3.21309220,3.53753730,2.96952840,3.10184371,3.05697918,3.51627926,3.41955224,3.92701875,3.68233992,3.96880161,3.54865690,3.11927576,3.45886512,3.27892055,3.34426168,2.72185366,3.14589605,2.67864825,2.88845080,2.79190626,3.32634185,2.72261120,2.50292315,2.36987618,3.42165062,3.86329441,3.56454837,3.51833210,3.09383970,3.31091534,2.71494754,3.31492025,3.05067795,3.89336217,3.35303892,3.75167397,2.33933839,3.23377530,3.76187083,3.33291258,3.47487465,2.80633559,3.16535757,2.55779799,3.37463458,3.15630323,3.70658153,3.28296794,3.94509899,3.52808348,3.32440811,3.75295784,3.31042309,3.58311213,2.97337503,3.31764138,2.74496321,3.18420478,2.96542563,3.58246884,3.28568549,3.99885372,3.54797741,3.41204425,3.94790166,3.57042963,3.28483816,2.82333068,3.01604040,2.74164048,3.22033225,3.03842615,3.46399459,3.54095865,3.79802025,3.37731910,3.31724125,3.79550708,3.50925843,3.69484596,3.06540208,3.27977140,2.73020976,3.16499009,3.12280297,3.85934074,3.15186541,3.37587241,2.39834518,3.22621712,3.50270322,3.19816895,3.43590186,2.80998208,3.07794640,2.90950260,3.21607356,3.02060481,3.66525326,3.54691283,3.83539079,3.29812196,2.57299263,3.65332748,3.31693361,3.20475839,2.77543291,3.24522731,2.87848193,3.25981264,3.25454446,3.86483646,3.68315068,3.98835903,3.44651057,2.37133123,2.49773766,2.21007039,2.36153641,0.00000000,2.42204995,2.14266798,2.95353312,2.67860510,3.05056222,2.65191831,3.32283813,2.79102247
3.31040474,3.08413527,3.63438263,3.49917814,3.55135270,2.36511164,2.34315035,2.82742140,3.35357559,3.64767361,3.48047700,3.11024679,3.98875078,2.64846919,2.53704280,2.39261311,2.49724827,2.44527290,2.29539299,2.40364671,1.98020701,1.98091118,1.97174481,1.88311181,2.08009504,1.96488452,2.11819916,2.56564346,3.00872865,3.00054622,3.27375927,2.25569226,2.66361924,2.65428852,2.88311340,2.76900266,2.58583087,2.29375829,2.02177837,3.54534136,3.55384191,3.72287392,3.47108818,3.61541954,2.54857571,2.46250194,2.93563274,3.22556233,3.63086576,3.49272385,3.16803251,3.52145053,2.59603789,2.50229715,2.48593819,2.51287986,2.56146665,2.26480518,2.30252648,1.97912449,2.00450192,2.07323380,1.92874919,1.90559073,1.96580383,2.20356088,1.98466527,2.11453589,2.18083681,2.39493927,1.95429298,2.02173606,2.00870466,1.98776554,2.00277932,2.04683433,1.88086809,1.93544010,3.28448477,3.17331963,3.56551953,3.20285417,3.29216220,2.31607634,2.48871168,2.68744001,3.08309268,2.71209456,2.00743258,1.95720712,1.88187398,3.45738736,3.44737420,3.21650610,3.40762130,3.47594353,2.06229317,2.33821634,2.99703319,3.36566001,3.63696293,3.36521149,3.43408730,4.04465487,3.17537213,2.92014953,3.43235045,3.26024720,3.16357551,2.07083355,2.41232640,2.68108987,3.22947035,3.07409929,3.24094135,3.09395072,1.81898203,3.29414907,3.03429492,3.64030495,3.39540951,3.29976568,2.43735636,2.71116080,2.86693676,3.27188332,3.62460513,3.56163543,2.83006964,1.95785339,3.45500492,3.28064139,3.49526390,3.14131503,3.32360273,2.29453147,2.45737012,2.71975025,3.22860955,3.27406719,3.42483470,3.53286777,1.88551752,3.40591475,3.15145849,3.54779514,3.37315551,3.17611735,2.45041674,2.68338812,2.82353697,3.22885773,3.17499666,3.25464945,3.01897334,1.88177760,3.14266804,3.04704293,3.39668262,3.24069224,3.22514692,2.26707454,2.41002532,2.78387909,3.17989487,3.69324473,3.39800370,3.33344811,3.90975057,3.68627282,3.49807619,3.65200791,3.71516831,3.48882252,2.56394082,2.63063165,3.34669931,3.49950134,3.59702870,3.19279010,3.30469445,3.40444143,3.35369033,3.16097211,3.65350959,3.43383602,3.38339745,2.49990384,2.71812083,2.80581980,2.97271069,2.86431012,2.57512848,2.05797929,1.97280833,3.41292055,3.50237847,3.91546598,3.40123100,3.55819622,2.67426983,2.71554747,2.93959934,3.28646481,3.47625993,3.36392407,3.17748926,1.87402602,3.16054837,3.44723629,3.61785040,3.31027030,3.24706430,2.27905245,2.46235614,2.80104322,3.12275410,3.34530896,3.04725834,3.17257195,3.38269784,3.29461227,3.23870113,3.66563672,3.40374071,3.29475045,2.30378980,2.56751916,2.83978495,3.07483166,3.37821660,3.29291162,3.43743174,3.76386534,3.25935629,3.23924490,3.25993191,3.09659857,3.17496330,2.24107468,2.39029736,2.96741886,2.99747325,3.21117527,3.17134543,3.30106137,3.49845440,3.24961706,3.17170295,3.49789357,3.31193738,3.39486523,2.35721026,2.63502517,2.69269223,3.09497121,3.14339354,3.29133747,2.75265645,1.91478012,3.09326412,2.91585981,3.19621181,3.26203126,3.14194142,2.18277131,2.27890889,2.61776350,2.78772097,2.96030804,3.11786154,3.03457986,2.86959376,2.61765079,3.13472222,3.41466007,3.01206752,3.27303652,2.27301269,2.29981572,2.79990705,3.17833663,3.48919729,3.50507937,3.28749060,3.64603555,1.90852020,2.22474999,2.45964480,2.22920812,2.42204995,0.00000000,1.76428908,2.34300013,2.55222817,2.57424733,2.37626547,2.48195652,2.47391272
3.17725942,3.17020583,3.60214301,3.60491729,3.51619038,2.93379847,1.85819552,2.67354267,3.36487728,3.80857288,3.59827267,3.20279989,3.52503376,2.12403368,2.08282302,1.99948566,2.17491839,2.08911061,1.99548303,1.98219860,1.74886142,1.58828289,1.74868159,1.56930983,1.66707657,1.69418086,1.86182206,2.22031895,2.56702526,2.93450522,3.08553394,2.48189290,2.26464668,2.45813443,2.52971191,2.41350986,2.07428499,1.98376850,1.72881125,3.09738488,3.32940749,3.48107557,3.35260096,3.48371700,2.86625138,2.05693512,2.95899634,3.24686009,3.45251614,3.27570558,3.02046258,2.95014372,2.31853589,2.16385317,2.18472499,2.39747043,2.35629763,2.25444522,2.02162446,1.74241270,1.80306817,1.69289434,1.47838379,1.59295968,1.69998571,1.97173351,1.80245100,1.84625806,1.85418614,2.18346888,2.02553514,1.73050005,1.83041001,1.64729903,1.71022904,1.86485247,1.66736531,1.63076115,2.79400156,2.91749464,3.35781513,3.29223235,3.23013112,2.69503238,2.13464425,2.68281535,3.05918090,2.58135325,1.76172285,1.72057060,1.63640596,3.27495039,3.55070707,3.12271067,3.53098138,3.52776418,2.42228650,1.93965591,2.97395429,3.31762665,3.62968797,3.29912893,3.29146523,3.47393126,2.82919512,2.84330806,3.16117887,3.40393667,3.25779143,2.64282293,2.10699086,2.85511464,3.17124597,3.14557101,3.05209106,3.06442426,1.63828162,3.06561510,2.87593282,3.52127761,3.49931661,3.31116580,2.76962348,2.35715262,3.14539973,3.41905946,3.78149495,3.39509921,2.63838345,1.63090381,3.23875390,3.29492822,3.37828037,3.33675522,3.37940450,2.90838872,2.04965154,2.81632607,3.19019546,3.42626389,3.13989923,3.65371031,1.62338341,3.01480421,3.01428648,3.30099868,3.43862001,3.13321237,2.81279262,2.28422141,2.84842831,3.24558022,3.22320301,2.99996427,2.83550325,1.59349479,2.53299072,2.72569811,3.02487444,3.19842269,3.21654860,2.64572913,1.91283166,2.69388379,3.12850887,3.71974208,3.28178338,3.19999651,3.38147316,3.36813906,3.59894882,3.37076425,3.79673227,3.43410636,3.00230339,2.42882882,3.41445523,3.61202131,3.67556050,3.33278664,3.27936179,3.09410393,2.79207400,2.89844325,3.18597709,3.29526096,3.15790749,2.77690807,2.17562748,2.74209627,2.87731342,2.75626546,2.32040496,1.79016815,1.67177325,3.02132398,3.25166285,3.71198297,3.36628814,3.40619371,2.93311011,2.23873908,3.12797458,3.24169245,3.35998106,3.00772058,3.08738956,1.60372820,2.84087104,3.26584283,3.46140843,3.44362731,3.16826870,2.70599535,1.96392986,2.86110168,3.11199226,3.45012854,2.75627454,3.09480843,2.83524351,2.94334779,3.06027637,3.30781390,3.42172703,3.32173479,2.63932185,2.11433795,2.88603524,3.11833261,3.36843080,3.08083238,3.15062463,3.03241922,3.09635228,3.36486094,3.25356371,3.15353121,3.18191921,2.75020371,2.17354979,3.01135672,3.06944104,3.19565873,3.25967016,3.23012358,3.08926978,2.76572533,2.93545049,3.31529694,3.38746036,3.32002381,2.77705004,2.19767755,2.70384527,3.04108447,3.38343699,3.05153065,2.73117362,1.62682529,2.95441664,3.11783346,3.16211617,3.32298787,3.20327734,2.72615515,2.03163684,2.73964009,2.93719874,3.02799015,3.13138108,2.99436598,2.66237462,2.13103581,3.16729203,3.32609495,3.00333168,3.08060930,2.81175028,2.00557906,2.75756321,3.19185715,3.59725122,3.53674559,3.35199646,3.24511308,1.63704727,2.18227639,2.10199755,2.27398802,2.14266798,1.76428908,0.00000000,2.15972183,2.34797422,2.27899006,1.98161843,2.22150223,1.80901441
3.98704025,3.28935157,3.42654941,3.74171967,3.98061239,3.25774494,2.78549330,2.23103582,3.51277288,4.05070018,4.28225890,3.51062439,3.98234029,3.07311410,2.81226746,2.79824713,2.99322286,2.98965256,2.76782050,2.76031243,2.49328814,2.41190323,2.51269199,2.43141226,2.50637381,2.48602224,2.65702429,2.92312127,3.36035723,3.49532985,3.89606926,3.16447232,3.00420359,2.81985863,3.32103425,3.17493142,2.98111535,2.70322065,2.50795899,3.98444012,3.57316378,3.58988047,3.49441292,3.91006506,3.17730825,2.71842283,2.63673397,3.41506040,3.89431094,4.00000428,3.32308445,3.58126196,3.10154909,2.82453086,2.89721041,3.03484943,3.11291352,2.82637481,2.64860084,2.47227259,2.56449840,2.49878591,2.40045675,2.40657698,2.41778161,2.70838967,2.42003109,2.43875292,2.59087419,2.81185686,2.62114075,2.40933111,2.51303623,2.48915549,2.49549007,2.46219762,2.40506548,2.41200375,3.68389643,3.03557556,3.42641914,3.58650469,3.81035185,3.10532553,2.95527604,2.75079054,3.45682397,3.16141027,2.47256693,2.48598070,2.40094896,3.89244140,3.68116177,3.13250455,3.70747012,3.89177863,2.96966327,2.78324015,2.69821819,3.50901479,3.87904864,3.97122756,3.64791676,3.92562135,3.69412116,3.04623890,3.39038957,3.68336905,3.75536034,3.07233705,2.68588650,2.57364512,3.38904797,3.62254462,3.60790495,3.36768555,2.39204979,3.99441005,3.12885805,3.56267651,3.83067478,3.91393343,3.26051270,3.03284476,3.07609497,3.81880776,4.20751693,3.93336936,3.08668632,2.44091702,4.15140997,3.50754268,3.49227209,3.53159209,3.89559871,3.22538481,2.76497813,2.71598393,3.49255450,3.87303442,3.77673046,3.87392256,2.46481899,3.95121209,3.13533890,3.55993773,3.76725148,3.64898708,3.16497729,2.84255583,2.72396640,3.50753929,3.41700617,3.49962889,3.21571954,2.42008513,3.76793828,3.27949465,3.51003278,3.42727332,3.81156680,2.98290303,2.72505731,2.34162620,3.31010403,4.08754543,4.05939347,3.49671589,3.90876690,4.03062578,3.69302195,3.34270331,4.02708523,3.89044805,3.17171198,3.03579421,3.22818512,3.86744239,4.03028004,3.90740840,3.27382631,3.18547691,3.89544598,3.10222624,3.44726948,3.63504975,3.75085459,2.98087031,2.77514174,2.55298594,3.31732910,3.07727988,2.56220547,2.45224756,2.48468856,3.64569296,3.18377679,3.91875551,3.57284808,4.00920202,3.44479013,2.99503881,3.18455530,3.80528213,3.84399056,3.70171676,3.46777306,2.33139389,3.83264093,3.59908607,3.70990785,3.79032110,3.74666484,3.13737508,2.82249972,2.66834545,3.43594987,3.77208961,3.69734424,3.38950758,3.44364943,3.90356387,3.22670578,3.58545783,3.74066448,3.77314403,3.17953297,2.76219763,2.70708377,3.44865545,3.64468709,3.75258060,3.55301200,3.70512356,3.88737676,3.38445890,3.37584963,3.40736143,3.53324402,3.05000742,2.83953141,2.73721440,3.36170977,3.43293418,3.59455827,3.29945926,3.24073003,3.88964003,3.21116031,3.61322905,3.66717073,3.90218589,3.17744941,3.00376314,2.60479257,3.36775177,3.96395374,3.65688502,3.09303513,2.36287225,3.66667901,3.32383664,3.11813749,3.62035449,3.61464034,3.11486426,2.89384086,2.38145778,3.24364843,3.81019392,3.66968199,3.23274994,3.26756219,3.06005119,3.41145998,3.39015185,3.37873320,3.61072049,3.13990122,2.92163211,2.36586408,3.42015484,3.94766797,4.16870863,3.54792150,3.79866856,2.41460823,2.79340673,2.85348060,2.51805484,2.95353312,2.34300013,2.15972183,0.00000000,2.32595628,2.66611412,2.55046493,2.26356456,2.35058868
3.91658304,3.97350412,3.74286827,3.83964040,3.71751454,3.28533690,2.98754785,2.89797746,2.55180093,3.74318496,3.91095590,3.82018720,4.17558129,3.02529255,3.02839675,2.72817078,3.08295488,2.89004388,2.76877166,2.76177455,2.67584436,2.60924695,2.65445080,2.57771931,2.63393575,2.68444819,2.77499620,3.18042253,3.30515180,3.50830480,3.40199262,2.99016576,3.11086449,3.09155548,2.99694510,3.15568897,3.05570318,2.79529288,2.64711846,3.89244213,4.13770092,3.75824668,3.59439613,3.74720066,3.22230959,3.06537873,3.09850598,2.79373583,3.83806711,3.84938380,3.73481594,3.65453006,3.09940803,3.08899920,2.79244667,3.00834029,3.04542389,2.86543476,2.81213928,2.64745023,2.65412066,2.60389148,2.52673270,2.60083964,2.58522431,2.81216335,2.69013329,2.67076601,2.66210935,2.89602827,2.59391155,2.64624355,2.73156753,2.56588143,2.67753053,2.54206031,2.60806116,2.67033910,3.51483731,3.66676910,3.44863996,3.64882320,3.51599641,3.00409133,3.01487338,3.07205927,2.89393347,3.11755478,2.64876399,2.73237151,2.55324834,4.00196212,4.33337189,3.47993722,3.58570613,3.73014761,3.03952235,2.99395171,3.16726007,2.83871971,3.72614598,3.75513273,3.88281265,4.21594690,3.58046872,3.61730000,3.48810942,3.78162009,3.66234608,3.08454108,3.00453466,3.12484981,2.99739723,3.77007693,3.69533313,3.64168198,2.56007064,3.76058686,3.83007773,3.48946697,3.87118915,3.65808101,3.13983356,3.18373060,3.25376986,3.34671292,3.92261151,3.73874497,3.15240751,2.59421855,3.85294278,3.98125863,3.47556307,3.59875133,3.60147238,3.04549677,2.67691717,3.19242938,2.90655069,3.53834726,3.75519707,4.02711400,2.65744322,3.79492884,3.91180036,3.57590004,3.86030975,3.48486476,3.07156805,2.93709403,3.07787112,3.19038754,3.49407361,3.57500389,3.45872567,2.57760341,3.68970893,3.76546866,3.44043976,3.48186588,3.40966849,3.00951869,2.87925998,3.02665459,2.58041641,3.76626679,3.80222548,3.93155891,4.04362459,4.07325167,4.43969621,3.63227775,4.12916312,3.69453886,3.23414594,3.04698676,3.49213929,3.05075672,3.82471666,3.51926526,3.62612690,3.45404551,3.67519709,3.80923701,3.36204996,3.69235179,3.55331945,3.06048664,2.98647196,2.95547588,2.85283260,3.21897110,2.92776046,2.69598476,2.63025479,3.70453406,3.89488289,3.90079997,3.61502854,3.68909238,3.28200691,2.94322615,3.38396608,3.13067028,3.80968574,3.67077498,3.54667091,2.55796927,3.66438835,4.13287578,3.56448504,3.72775800,3.33068110,3.13392287,2.73247079,3.16134731,2.67173624,3.67028770,3.52017199,3.75808470,3.59686909,3.70810217,3.91975151,3.62193655,3.62383026,3.60081619,3.18588115,3.06965203,3.09511940,2.77797359,3.43623014,3.76284888,4.06303166,3.83527097,3.91914253,4.05031520,3.78171697,3.52413592,3.38507225,3.03638920,3.07697240,3.22932963,2.60756794,3.54554017,3.67828774,3.54654186,3.51100423,3.69394443,3.81700212,3.58259168,3.76102960,3.61845665,3.12342286,3.00694947,3.07233092,2.84331955,3.76539024,3.64067975,3.24179096,2.56031921,3.72163329,3.95312029,3.43841326,3.74408330,3.57839453,3.25282920,3.08842992,3.10205565,2.75265466,3.78652831,3.60337280,3.56174510,3.36503047,3.10325432,3.91268909,3.55206509,3.42808547,3.51313314,3.25555624,3.09323010,2.99158178,2.51755781,3.73116556,3.87256754,3.84648783,3.93024918,2.57811086,3.14376731,3.02433973,2.95245267,2.67860510,2.55222817,2.34797422,2.32595628,0.00000000,2.54004025,2.40321167,2.73147425,2.52573079
3.42977493,3.51982673,4.32435788,3.64891187,3.71390820,3.33401959,2.60889254,3.12683598,3.46382566,3.04868612,3.70444653,3.60689574,3.91110726,2.64756008,2.68826577,2.64861761,2.61639686,2.82367523,2.51721157,2.42729126,2.39520383,2.24653734,2.39647107,2.33655999,2.37288775,2.31962190,2.49072343,2.89637185,3.39713095,3.15603027,3.59762347,2.95920231,2.96614812,3.00614801,3.05445986,2.60065573,2.73524547,2.48339962,2.35076081,3.67602438,3.74656029,4.18760082,3.24141984,3.48222619,3.28971946,2.70287569,3.18003364,3.30291739,3.01310539,3.68522997,3.57091634,3.38265454,2.59660620,2.55367454,2.84237859,2.49722111,2.92810796,2.64551333,2.50784727,2.29261310,2.30580400,2.37501250,2.26336569,2.34591635,2.33981224,2.59859131,2.48237990,2.48825926,2.51745585,2.82899771,2.52579427,2.43345727,2.68660434,2.47674729,2.35431530,2.41167353,2.39200048,2.31274197,3.04089458,3.20674805,3.99205569,3.16020765,3.54319323,3.02378217,2.67985521,3.10321896,3.33431521,3.00496082,2.50662858,2.38667507,2.30919633,3.69806680,4.01905123,3.82736859,3.41707508,3.68178895,2.95043072,2.57161757,3.42393284,3.63970742,3.11261399,3.59825704,3.83941806,3.99285558,3.26821527,3.37451230,3.76162314,3.25295131,3.65205964,3.07455321,2.76342979,3.18544383,3.29503191,2.96048463,3.64698043,3.23864886,2.32613102,3.50172909,3.62330471,4.17399488,3.60145128,3.69305083,3.07022186,2.90559282,3.36874036,3.69046762,3.36155109,3.83058680,2.98243811,2.35036968,3.55293257,3.66618869,4.08189736,3.24231902,3.60457446,3.01482709,2.67843749,3.31509127,3.25439698,2.98450011,3.53922471,3.53856539,2.30067046,3.51999309,3.60376399,3.99437063,3.48965415,3.61798638,3.14922816,2.81272811,3.10154067,3.68259254,3.00782549,3.61416207,3.25499024,2.27103547,3.30605576,3.27411873,3.84902746,3.17343069,3.42497290,2.90438419,2.61074374,3.20762305,3.32347440,3.14897739,3.50593856,3.60769973,3.51023692,3.70936843,3.99550136,4.13244224,3.82167721,3.68823299,3.16337102,2.88040086,3.80752763,3.71810953,3.21962202,3.58581127,3.50312936,3.43269406,3.35093797,3.62806495,3.96580322,3.22024112,3.58597535,3.09129153,2.73562834,2.99502789,3.18877771,2.80271496,2.76931207,2.43765225,2.38557559,3.34045578,3.52405811,4.34421112,3.31198936,3.75732476,3.11259055,2.72808841,3.53766564,3.47899140,3.22020299,3.56573028,3.14392243,2.24724007,3.30974376,3.75091657,4.22897241,3.31817259,3.38381893,2.88516081,2.55337411,3.17368572,3.42376470,2.96344522,3.19008711,3.51044513,3.39386652,3.28903187,3.74915067,4.20402730,3.28450161,3.61226239,2.97003384,2.70122259,3.24932334,3.19830582,2.86365792,3.58579299,3.73474423,3.59466912,3.52495996,3.76235704,4.17030429,3.31024496,3.30391803,3.14962639,2.73760019,3.46679498,3.27275716,2.63107535,3.56672311,3.56658008,3.46880119,3.46063625,3.50922312,4.27554270,3.47376983,3.73019142,3.12563679,2.79960848,3.16247111,3.48480397,3.33894204,3.52481588,2.91336207,2.31069031,3.40884803,3.68126659,3.97447800,3.68487400,3.62679983,3.41859033,2.93540756,3.31858258,3.37729173,3.23582804,3.70383596,3.61914385,3.09453216,2.75462811,3.54351219,4.00423507,3.14158618,3.48335924,3.23388548,2.76583332,3.21028864,3.40770751,3.05524493,3.82253463,3.80643771,3.65501276,2.29973783,3.05340908,3.13901076,2.85362509,3.05056222,2.57424733,2.27899006,2.66611412,2.54004025,0.00000000,2.16204383,2.37427431,2.20479561
3.37439738,3.24830477,3.85103829,4.15303831,3.52393220,3.03180703,2.31382722,3.04937152,3.35427950,3.82162131,3.16066453,3.63675749,3.79519607,2.49475593,2.54329590,2.41710612,2.72328217,2.41131488,2.47878626,2.46819437,2.29039700,2.16212057,2.29347680,2.17227534,2.29488774,2.20793496,2.32409290,2.84007266,3.17839696,3.39303360,3.25336110,2.77012306,2.64457446,2.67425994,2.66801673,2.67334629,2.49718191,2.49581429,2.32935563,3.43063112,3.50491616,3.73889350,3.72759627,3.41664398,2.99371085,2.54289890,2.94416107,3.42187008,3.52277017,3.14090213,3.52005733,3.32106986,2.68516450,2.66552224,2.63344797,2.84097746,2.54659379,2.62919567,2.42922383,2.34660781,2.33750365,2.30041441,2.15897959,2.27861846,2.26657112,2.45662824,2.33054618,2.35661752,2.44569449,2.59940752,2.54033161,2.19919982,2.52851414,2.26455779,2.27365668,2.18525890,2.35177763,2.20388342,3.01786965,3.41633438,3.65318627,3.83280283,3.24998837,2.96762832,2.79636889,3.12554265,3.27783758,3.25080998,2.41882819,2.35441829,2.20357903,3.73986840,3.84766887,3.57043810,3.97844200,3.54033754,2.49778975,2.54309935,3.21668802,3.50668990,3.78990804,3.16566810,3.65950027,3.99935847,3.25868677,3.18494522,3.47533323,3.77849992,3.29016975,2.84605501,2.77503892,3.22125133,3.44297823,3.33741847,3.38839802,3.55322965,2.21855961,3.52721522,3.48837816,3.89623725,4.18471035,3.46934068,3.06458696,2.95649243,3.34998834,3.67338424,3.87239917,3.60932350,3.08998657,2.26217543,3.48652699,3.55268606,3.64853620,3.73641553,3.10804340,2.79352036,2.27967761,3.00978329,2.84163507,3.33452093,3.00961584,3.65489415,2.19911280,3.58503460,3.52687530,3.61229821,4.03794743,3.27849699,3.07579210,2.84849614,3.08101156,3.37141251,3.54979154,3.33401509,3.32300863,2.22900482,3.23717232,3.18100905,3.38174466,3.78265438,3.11067676,2.83795973,2.36327405,2.93062898,3.20009747,3.87197237,3.10195997,3.85795746,3.86531749,3.53808595,3.83514325,3.71500190,4.35248183,3.55193370,3.05328703,2.72958596,3.72709810,3.69309713,3.80451356,3.00340058,3.56308542,3.46572189,3.19485138,3.34721083,3.56806250,3.84338977,3.24777464,2.83594337,2.54367835,2.92214455,2.98278715,3.09028493,2.67375548,2.11345881,2.28360656,3.51292245,3.54638298,3.92607585,3.92730498,3.44855875,3.13861713,2.52305588,3.31283659,3.38280536,3.68834569,3.13730660,3.34044031,2.20223843,3.21402493,3.72111002,3.85036929,3.94249368,3.07335154,2.87135667,2.23053298,3.01604310,3.15539383,3.51001766,2.86080960,3.71249290,3.43245753,3.35031671,3.66277344,3.73611463,4.00632151,3.36443090,2.83525308,2.76087152,3.03865266,3.11692470,3.38376044,2.90766931,3.89141304,3.57103663,3.42382001,3.66806007,3.82359511,3.75765237,3.26446685,2.86095584,2.55776335,3.33402181,3.20208543,3.16844139,3.02553786,3.37102598,3.37427398,3.39997609,3.46311690,3.81414636,4.00816632,3.48637263,2.92415749,2.80933614,2.92108616,3.22194308,3.73906823,3.24692942,3.04931119,2.25387895,3.45624983,3.39716003,3.65299730,4.05812899,3.46631129,3.12257034,2.88765811,3.20294651,3.18750658,3.33615179,3.10010472,3.42618428,2.97464255,2.72759468,3.39534661,3.56280089,3.62175618,3.37832326,2.96260810,2.48707754,3.03568453,3.44355709,3.77518470,3.30413130,3.92541222,3.67369793,2.22341962,2.76004923,2.97589976,3.03344975,2.65191831,2.37626547,1.98161843,2.55046493,2.40321167,2.16204383,0.00000000,2.10571455,2.00731442
3.67095344,3.44613905,3.99866776,4.12002921,4.21291562,3.24332896,2.40898907,2.90623525,3.73877552,4.00056732,3.98340539,3.29129431,4.03575001,2.65345624,2.53949099,2.52981987,2.62522026,2.82594807,2.51479243,2.47294487,2.34473842,2.25462855,2.24881657,2.26606403,2.30396535,2.33446917,2.38864735,2.74682081,2.99931402,3.23130204,3.89592843,2.81426497,2.69446865,2.53611447,3.01100356,2.94092120,2.76435924,2.26865072,2.27407745,3.69178758,3.66813512,3.82867319,3.71652995,4.05727537,3.12267451,2.43644476,2.98849009,3.54088547,3.64171655,3.68211929,2.94713179,3.13343009,2.64971853,2.60696378,2.65710110,2.80042366,3.03982633,2.52826019,2.44252486,2.28720094,2.16772990,2.29759123,2.25410347,2.22037894,2.26790509,2.61577110,2.29747607,2.41931028,2.48545714,2.90485035,2.43654285,2.36960459,2.60416419,2.42931993,2.34244056,2.45440449,2.28003408,2.22008549,3.20432377,3.10103796,3.77477009,3.67224770,3.92279284,2.98450535,2.91942064,3.14435137,3.51446874,3.15638175,2.59226400,2.28369116,2.15328090,3.77060182,3.93203497,3.55497265,3.96826356,4.16500389,2.83064245,2.48924546,3.11543746,3.66808345,3.80410076,3.76552115,3.38549739,4.01588910,3.37908275,3.07623429,3.51119155,3.61752425,3.86511701,2.91902640,2.89197810,3.14060020,3.68413077,3.41616716,3.68508532,3.33180290,2.14559258,3.64073832,3.15022824,3.72358792,3.88610764,3.98586407,2.96886590,2.97148863,3.42808000,3.85384159,4.02748720,3.83931682,2.73842711,2.25322419,3.64308247,3.37523816,3.77699650,3.55222445,3.83051868,2.85119791,2.52644355,2.98832072,3.26160990,3.29390445,3.49719756,3.46650841,2.18368587,3.67877417,3.29187880,3.68609543,3.78055167,3.81047837,2.88874118,2.81166144,2.95144421,3.55122554,3.36142091,3.47716934,3.04017709,2.22706741,3.40094633,3.21740760,3.59569121,3.76511667,4.00903347,2.89311429,2.58368931,2.83693933,3.44782486,3.98388943,3.82202582,3.49466208,4.12984271,3.81385824,3.85021181,3.82971022,4.32154753,4.08923151,3.22577462,2.69927595,3.60926103,3.86455160,3.82431420,3.52863916,2.93290247,3.12884822,3.42448661,3.24716130,3.60605412,3.70434637,3.89257592,2.71557545,2.56348827,3.04870845,3.32254910,2.90618927,2.68865856,2.32845103,2.27331018,3.55012724,3.37622824,3.98856269,3.65440420,4.14759694,3.25291053,2.72357762,3.14764307,3.82349768,3.69255591,3.63134564,3.26411480,2.20767603,3.38885617,3.74085829,4.00779994,3.92890663,3.84629847,2.91613668,2.61262804,2.76513023,3.32667508,3.50992371,3.22690883,3.11033159,3.47494073,3.72343889,3.51238976,3.81385181,3.86757401,4.04254359,2.77340873,2.66832717,2.99355904,3.14488167,3.53839192,3.45773757,3.38844591,3.81288123,3.70443685,3.71645758,3.94135136,3.75625821,3.95010293,3.10089302,2.60224212,3.24711389,3.37976471,3.38292640,3.38489848,2.85964029,3.26580568,3.53584241,3.25235911,3.73385763,3.78905874,4.16886747,3.01742146,2.95645429,2.71455763,3.46475799,3.77244438,3.74493032,2.88793721,2.24521122,3.61321525,3.45876140,3.71290221,3.98146157,4.03487138,3.21575693,2.74859305,3.03047567,3.38494644,3.33190156,3.43158006,2.83191300,2.79908049,2.79116690,3.58424742,3.85415067,3.56088031,3.93807251,3.07784323,2.48404903,2.96970599,3.59765428,3.84854612,4.00024862,3.54702501,3.82084488,2.21950592,2.86678634,3.10082963,3.01584822,3.32283813,2.48195652,2.22150223,2.26356456,2.73147425,2.37427431,2.10571455,0.00000000,2.00446241
3.29120001,3.28699239,3.90630045,3.66679904,3.72757603,3.19029075,1.97228783,2.85978517,3.64016216,3.81643705,3.89221166,3.40967583,3.65132750,2.13887553,2.21436226,2.16018256,2.22601339,2.28545081,2.04091018,2.08696056,1.93156238,1.76260533,1.80775020,1.74663438,1.87421253,1.86797968,2.00886763,2.53239678,2.66815725,3.00711923,3.33354673,2.74613767,2.38915004,2.49393625,2.61739462,2.51159950,2.45516354,2.19417299,1.82593500,3.25029832,3.37934586,3.63209501,3.24522093,3.60141189,3.10200348,2.13026939,2.96456796,3.47239996,3.43450079,3.71341628,3.31113802,2.85553243,2.18166411,2.18044016,2.23650927,2.26500629,2.37546077,2.30301557,2.08131540,1.83028791,1.83063214,1.86636012,1.75105589,1.88433470,1.82767004,2.10222744,1.97586594,2.00686577,2.03519137,2.34181265,2.13849053,2.04918479,2.24171047,2.00003087,1.85909580,1.94067914,1.89191762,1.87357794,2.72354796,2.89848365,3.66111378,3.53173142,3.62181767,3.02988342,2.51964359,3.13922209,3.43789075,3.04367896,2.13588298,1.96116756,1.82045688,3.30844709,3.63927351,3.24274208,3.46956200,3.71807663,2.58411921,2.11165897,3.16297323,3.62804399,3.71134476,3.64946065,3.37924005,3.62014046,2.79229147,3.00554837,3.23283122,3.26661561,3.47897257,2.83355521,2.34236424,2.97850153,3.21788085,3.18762559,3.28368971,3.14751380,1.75427407,2.95678331,3.01318623,3.59427640,3.52868985,3.57967416,2.82010749,2.35497239,3.20060221,3.44891275,3.57267149,3.19461935,2.24676983,1.81921692,3.27915088,3.38949883,3.55404257,3.27134999,3.49420684,2.94167780,1.95525435,2.95499165,3.15857123,3.33042939,3.05587484,3.29327847,1.85398027,3.14607504,3.13914534,3.52193203,3.57670567,3.41097618,2.95427030,2.30319341,2.99506211,3.44817782,3.01424038,2.96787806,2.61073007,1.75234430,3.06190920,3.04175991,3.35861326,3.36385716,3.51053514,2.83524508,2.08612878,2.87307578,3.38874075,3.84740218,3.64781939,3.53989082,3.55039032,3.22550428,3.60103952,3.39758361,3.79665591,3.53420276,3.05958347,2.33479023,3.46232091,3.58017577,3.45184685,3.38161943,3.12091363,2.66740669,2.98884357,3.18439627,3.51818990,3.35595131,3.59157833,2.75277685,2.07897450,2.81759644,2.98627508,2.68822522,2.39604678,1.94707015,1.87811176,3.21258089,3.26128250,3.87795930,3.44730745,3.66924310,3.19023382,2.24037084,3.21524331,3.43187538,3.49706422,3.29014843,3.12883580,1.83981286,2.83235949,3.30938494,3.63311694,3.49080246,3.31197693,2.80264140,2.06876000,3.01164545,3.35823084,3.38641135,2.96314438,3.19996287,2.99982566,3.02031461,3.32511297,3.59597318,3.52844020,3.59892998,2.73617519,2.14764424,3.03564059,3.19609606,3.37785330,3.41105855,3.45901443,3.31588195,3.08898247,3.38903799,3.63530439,3.19310077,3.40467608,2.95474584,2.10830754,3.23100997,3.30427688,3.05472167,3.38495642,2.94420063,2.84831373,3.06634840,3.06996136,3.59034122,3.47302805,3.57937489,2.83788810,2.29865862,2.73758057,3.22164231,3.41832337,3.13212917,2.67394394,1.80942125,3.04763466,3.29403553,3.35702442,3.47285991,3.43922098,3.09949501,2.28648330,2.87366735,3.14182621,3.19951081,3.35403078,3.02370752,2.56140026,2.30887778,3.29321725,3.47689051,3.18407193,3.45084581,3.07297495,2.13951872,2.93030103,3.42949503,3.60625357,3.78193849,3.50796750,3.27159055,1.86362931,2.54335534,2.65082309,2.63427579,2.79102247,2.47391272,1.80901441,2.35058868,2.52573079,2.20479561,2.00731442,2.00446241,0.00000000
