input,lower_deck_output,upper_deck_winner,winner_activation,target,target_activation,excluded,over_threshold
####koöy#####,klöfööv,ksöffis,0.014318,kkoyöjy,0.000146,0,0
####ogrl#####,oovfrlv,enmlrlv,0.013195,ogghrul,0.005101,0,0
####hhon#####,hnhnhhv,jndngjy,0.002672,hahioyn,0.000123,0,0
####etgl#####,tebftag,eoöltar,0.012492,eutvgyl,0.000203,0,0
####rröb#####,rlrfrjb,rljkrrb,0.016606,rirsövb,0.005634,0,0
####jore#####,jeiärje,lepejbe,0.004176,jdohrde,0.003145,0,0
####ldgd#####,ldbfödd,nlbyöee,0.004534,lrdmgsd,0.000268,0,0
####bkvi#####,bdibrii,tdvbdps,0.004727,bnkovti,0.000051,0,0
####dkln#####,kdbfölh,fdnföre,0.010499,dkkelyn,0.000028,0,0
####ekru#####,keufrru,idufröu,0.019766,elkmrlu,0.001918,0,0
####bdog#####,bdbbghg,bobbgrp,0.019799,bydnorg,0.000934,0,0
####puoy#####,tupppuu,bgpppdf,0.006060,pbudoby,0.000066,0,0
####ebrd#####,edbbrdv,jdohrde,0.008922,ehbmryd,0.000274,0,0
####srdh#####,sdhsrrh,söhorbb,0.010997,srrgdrh,0.000285,0,0
####yhyp#####,yhypryp,suyhräp,0.036026,ybhnyrp,0.001540,0,0
####oubf#####,odufmfb,sdkfhjb,0.017560,otubbäf,0.000085,0,0
####hfro#####,tnhfrhv,yvhffby,0.009361,hpfjryo,0.000059,0,0
####sfyf#####,sdyffyf,fdysnrö,0.007030,spfäyhf,0.000282,0,0
####böuu#####,bduöfju,nlbööoo,0.004917,bmööunu,0.001845,0,0
####dbfs#####,ydbffhs,tdvbdps,0.003552,dibvfls,0.001046,0,0
####söhv#####,slhfööv,sgtsörv,0.037896,sdöjhov,0.002071,0,0
####goei#####,glioeii,gtaläii,0.007123,gtoteoi,0.005366,0,0
####gfos#####,gsffrsg,gskefdr,0.008223,gpfoois,0.000891,0,0
####oabk#####,bobbrjk,jabsbkk,0.005761,okapbuk,0.003706,0,0
####äsvg#####,ysäässv,ässävgg,0.008527,ässävgg,0.008527,0,0
####gjnh#####,gninnhh,phiorjh,0.019924,gkjynmh,0.004983,0,0
####itvö#####,tdiförv,fdidtlö,0.015482,intaväö,0.000020,0,0
####bväf#####,bähfrfä,bägmebä,0.012484,buvlähf,0.000254,0,0
####sdmh#####,sdhsmlh,sdbskeg,0.008249,skdkmäh,0.005823,0,0
####enfo#####,teefmoo,ruefnip,0.003398,elngffo,0.000261,0,0
####bfed#####,bdbffld,bubpudu,0.004776,bmftemd,0.000042,0,0
####fjol#####,flafflu,fkkffoj,0.006297,ffjvodl,0.000205,0,0
####dägb#####,ydabgab,oääogna,0.004029,dfärgab,0.001981,0,0
####rhöt#####,tlrfööv,tldfnkd,0.005317,rlhsöjt,0.000973,0,0
####rejf#####,rjffrjv,rsffvjf,0.041698,riegjvf,0.000055,0,0
####vväj#####,vävnrjv,jäebdjv,0.011701,vovräij,0.001239,0,0
####jsmt#####,tstsmlm,tkpsrep,0.003605,jäspmdt,0.000263,0,0
####mefs#####,memfmlv,meämvml,0.004521,mketfss,0.000087,0,0
####rydp#####,ydypryp,fdyurie,0.009998,räyfdmp,0.000419,0,0
####ggva#####,glaagav,gdafeav,0.063412,grgovka,0.000334,0,0
####truj#####,tsrärjv,ttyrtgv,0.006329,tvräudj,0.001453,0,0
####bpau#####,bsbpöau,bubpudu,0.025410,blppaju,0.002900,0,0
####npäs#####,nsypnsä,bhäpösä,0.005047,nkpmärs,0.000237,0,0
####räib#####,yärärgb,rljkrrb,0.001417,raäuihb,0.000124,0,0
####äöiu#####,äeöfööu,äeöfiyu,0.049369,äeöfiyu,0.049369,0,0
####ilpt#####,tlppölp,tvvmplk,0.008090,ijlrppt,0.000250,0,0
####mfdä#####,mdmfrlä,mhpfrlr,0.012460,mäfbdmä,0.000138,0,0
####ttfp#####,tyyprfk,biiptft,0.009466,tvtjfmp,0.000443,0,0
####elfh#####,tlhfflv,hlhkrle,0.015132,ellifhh,0.000739,0,0
####nysä#####,täysnäu,tkpsrep,0.008748,nryfslä,0.000018,0,0
####öjnm#####,ööimmjm,övvöhdl,0.004306,öpjlntm,0.000287,0,0
####iefm#####,ieifram,iekmsdr,0.004242,irepfrm,0.000127,0,0
####nfal#####,nlafnlp,sbhnnlb,0.019439,nefrarl,0.000086,0,0
####mube#####,meummöu,idufröu,0.026978,mbutbie,0.000370,0,0
####hkyy#####,kdhhyek,kyhmklf,0.002876,hjkhyly,0.000255,0,0
####jsge#####,jeisese,jeräeam,0.009742,jvsggse,0.001449,0,0
####ypkr#####,ykypryk,ygpäuyk,0.008588,ykpgkdr,0.000068,0,0
####kpdä#####,kdkppää,ksfpevh,0.003326,kupidoä,0.001132,0,0
####dvmp#####,ydvppvv,jdipmsg,0.005773,devämup,0.001139,0,0
####iumt#####,iuuäröi,idufröu,0.010588,ijuomvt,0.005734,0,0
####prhs#####,prhhpls,jnhäpgu,0.004070,phrhhds,0.000499,0,0
####pävl#####,pdvpplv,fovpulj,0.013287,piäsvil,0.000454,0,0
####teev#####,täefeev,tkifeev,0.013910,tgeyehv,0.007707,0,0
####gvmu#####,gvufmrv,rvuäkäm,0.009180,gevfmju,0.000340,0,0
####ehir#####,knihryv,phiorjh,0.003947,euhgimr,0.000058,0,0
####lrhu#####,llaflru,gdafeav,0.013304,llrkhdu,0.000533,0,0
####jtsä#####,tluäräu,tsbäkdi,0.012255,jttjseä,0.000041,0,0
####mhöt#####,tlhmmöt,tlhyoiä,0.003128,mrhpört,0.001940,0,0
####dmpy#####,ddppmyp,llppyfp,0.008433,dpmjpby,0.000028,0,0
####säkf#####,käaffak,kämfygi,0.009550,shätkof,0.000029,0,0
####bsnl#####,bsbnnla,sbhnnlb,0.009661,bksrnpl,0.000382,0,0
####fnöe#####,neöföeg,fdnföre,0.020079,fdnföre,0.020079,0,0
####hthv#####,thhhtvv,thrhnev,0.047558,hvtshov,0.000082,0,0
####rpvg#####,gdvprgv,idmpgyv,0.015481,räpovhg,0.000015,0,0
####tibs#####,tbisrls,bfisrms,0.032715,tgifbds,0.002235,0,0
####utso#####,tsusrau,idufröu,0.026459,uetfsio,0.000004,0,0
####rski#####,rlisrsk,räipebk,0.010329,rtsgkhi,0.000185,0,0
####byny#####,bbbnnyp,bubneit,0.006619,buypngy,0.001013,0,0
####kvlr#####,klvrnrl,mlvfnma,0.007279,kpvsldr,0.006595,0,0
####giuf#####,glifrih,gvidrou,0.005995,gdikumf,0.000336,0,0
####sdpe#####,pdpppep,pkmppöä,0.003995,spdopie,0.000095,0,0
####vhif#####,vdvffoi,yvhffby,0.020501,vshyijf,0.000185,0,0
####fity#####,tyifryy,sgifrub,0.011096,ftiutny,0.000529,0,0
####hgte#####,thigtlv,trhtttg,0.010524,hkgätae,0.000278,0,0
####rfkr#####,kdrfrrk,yvhffby,0.004419,räfbkir,0.000018,0,0
####ybfy#####,ybyfryb,fnufösb,0.010144,ypbofky,0.000426,0,0
####etke#####,tebftek,trnvtsk,0.023536,egtlkne,0.000099,0,0
####musm#####,muummaa,msugsfm,0.013064,msugsfm,0.013064,0,0
####epbe#####,pbpppfb,yblpdub,0.021951,ekpabhe,0.000025,0,0
####ytäi#####,täiträu,ybisiku,0.013554,yttaäpi,0.000344,0,0
####mäsä#####,mlmämäa,yägpräa,0.003387,mpähsfä,0.000009,0,0
####hptg#####,tnpptlv,tesptou,0.008515,höprtmg,0.000522,0,0
####pgäi#####,päippää,pkmppöä,0.008233,pfgiääi,0.000624,0,0
####pett#####,tepttlt,tesptou,0.022879,pgemtvt,0.000151,0,0
####vmek#####,vevmevv,devämup,0.003888,vsmneik,0.000293,0,0
####bäbs#####,bdbärlb,äsnbubb,0.005817,beädbns,0.000028,0,0
####kkpv#####,kbppnvv,khspdyv,0.018447,klkypov,0.004722,0,0
####njyu#####,yjynnju,ydrmnju,0.004377,nfjhyju,0.000373,0,0
####voen#####,oovnnov,rovnrlä,0.009000,vroyesn,0.000039,0,0
####fädr#####,ddffrjr,idufröu,0.012308,fmäddor,0.000017,0,0
####ggmt#####,glttrlm,ghunmpm,0.012811,gsgfmkt,0.001753,0,0
####ftgn#####,tätftgg,täkitld,0.008496,fktdgfn,0.000029,0,0
####öoke#####,öevföek,lykföim,0.003241,öioskde,0.000011,0,0
####hbäu#####,hbufhlu,ibughul,0.004247,hlbräeu,0.000087,0,0
####rndd#####,rdinrdd,jdohrde,0.003668,rtnndyd,0.000328,0,0
####rriy#####,rlihrjv,rlirrtg,0.023372,rgryisy,0.000392,0,0
####onlt#####,tlonnlv,tlgndba,0.007582,oonelit,0.000059,0,0
####ydkj#####,ydyfnjk,ydrmnju,0.040328,yydukgj,0.000419,0,0
####ujud#####,ädusrju,idufröu,0.080466,ukjfupd,0.000073,0,0
####äobu#####,ääääröu,oäemmöb,0.002913,äyoebsu,0.000376,0,0
####nhär#####,näifrrä,nyäknöb,0.004261,nhhfärr,0.000466,0,0
####vksy#####,kdvsryv,kdiilyt,0.007905,vvkfspy,0.000198,0,0
####shbb#####,sdhsnlb,sthbblb,0.045751,sthbblb,0.045751,0,0
####jsäo#####,jsyomsä,ösäfäöä,0.005133,jdsbäeo,0.000098,0,0
####mdät#####,tdmätät,täanmrh,0.006255,mkdääät,0.000186,0,0
####aänv#####,aäaanav,llhaoäv,0.013613,ajäpnpv,0.000522,0,0
####flmg#####,flafnlu,tldfnkd,0.011242,felymyg,0.000308,0,0
####obla#####,ojlnöjv,rjsvybf,0.003884,oöbplpa,0.000089,0,0
####äoaf#####,ädäffak,äräffay,0.036552,äpokapf,0.000078,0,0
####rsöi#####,glrfröv,gluföop,0.007059,rlsnövi,0.000238,0,0
####smäm#####,sämfsäm,öäefmla,0.014523,spmlätm,0.000070,0,0
####hjgl#####,hdhhölv,rlhsöjt,0.003522,hrjvgnl,0.000009,0,0
####jedv#####,jdefmev,jdevrop,0.004535,jäebdjv,0.002767,0,0
####pkhs#####,phhpnlu,pvppfls,0.027160,pgkihäs,0.000085,0,0
####bfko#####,bdbffjo,okbfkdg,0.008856,bpfhkfo,0.000656,0,0
####ukud#####,udufrou,idufröu,0.256149,ufkäuod,0.000034,0,0
####nsms#####,nsysnem,tkpsrep,0.003580,nlsumvs,0.000092,0,0
####olmy#####,klyfmlv,khlemjv,0.005562,omlämty,0.000796,0,0
####tffs#####,tdfftff,tkpsrep,0.004150,töftfls,0.002510,0,0
####dfso#####,ddoffeo,odhfyöt,0.003711,dofgsmo,0.000089,0,0
####jobt#####,tbtorob,söhorbb,0.006013,jäokbot,0.000020,0,0
####shnb#####,shhnnhb,sbhnnlb,0.011502,sbhnnlb,0.011502,0,0
####äsfo#####,ääoffao,äräffay,0.048308,äisyfto,0.000881,0,0
####lpyp#####,ylypölp,ävyemlp,0.020700,llppyfp,0.006857,0,0
####spnd#####,sdppnld,iaosnkd,0.011103,sapsned,0.003844,0,0
####ofym#####,oyufmlm,odhfyöt,0.002566,oiflyum,0.000429,0,0
####bhoo#####,bdbbnoo,khbbono,0.007637,bkhtoso,0.000992,0,0
####nbjg#####,nbbnnjg,sbhnnlb,0.005306,näbljsg,0.000168,0,0
####jdvn#####,ndvfndv,gevfmju,0.006276,jvdkvbn,0.000025,0,0
####lfkä#####,llkffää,dähbftä,0.007594,lvfnkgä,0.000154,0,0
####äeee#####,äeääeee,foäyeek,0.008344,äneseme,0.000908,0,0
####rrbl#####,rdrrrlv,rljkrrb,0.010628,rprvbhl,0.000055,0,0
####rssk#####,rlisrsk,rlirrtg,0.018052,räspslk,0.001295,0,0
####bfdj#####,bdbffjd,sdkfhjb,0.010368,bkfndvj,0.000108,0,0
####ajäm#####,aäammäu,okamneu,0.013777,anjfärm,0.000403,0,0
####tdte#####,tdhttdg,sdnttvf,0.006806,thdutie,0.002541,0,0
####yydr#####,ydyyrrv,fdyurie,0.015556,yuyfdnr,0.001470,0,0
####nvvi#####,tdvnnvv,tkifeev,0.004326,nlvfvsi,0.000189,0,0
####fvuj#####,fdvfnju,gevfmju,0.013631,fovpulj,0.000214,0,0
####rumj#####,rdrnrju,ydrmnju,0.014872,rrudmkj,0.000091,0,0
####ljgd#####,ndiföjd,sdkfhjb,0.004593,lejögyd,0.000026,0,0
####kfeh#####,kdhffeh,ksöffis,0.007376,ksfpevh,0.000622,0,0
####mfnv#####,mehfmvv,mhjmnhm,0.005412,mjfhnev,0.000433,0,0
####hihr#####,hdihrlh,hlhkrle,0.010418,htiphyr,0.000094,0,0
####bdli#####,bdbbili,bobbgrp,0.004077,bvdglei,0.000136,0,0
####nnee#####,nennnee,nyäknöb,0.006664,nhnpeme,0.003075,0,0
####tärf#####,täräraf,tänörvh,0.011045,tläurrf,0.001236,0,0
####brkö#####,tdbbrjk,vfjbrdk,0.006141,btrskoö,0.000037,0,0
####sjöf#####,sdösföv,sgtsörv,0.023784,snjböpf,0.001712,0,0
####frpp#####,fäpfrrp,fjrfpjp,0.014920,fjrfpjp,0.014920,0,0
####kjäl#####,käklflu,uäklävu,0.019805,ksjväsl,0.000785,0,0
####äkjl#####,käbäfjl,bänädjä,0.010986,ärkhjml,0.000018,0,0
####smye#####,ydysmye,äeysaän,0.002876,sgmvyöe,0.000009,0,0
####jvsä#####,jlvärää,jävmsöä,0.038816,jävmsöä,0.038816,0,0
####oypv#####,yovpövv,yrtpökb,0.009340,oeyfpvv,0.000972,0,0
####rbvr#####,rdrbrjv,rdobfrg,0.005853,rrbdvir,0.000350,0,0
####ijlr#####,jlirrjl,phiorjh,0.007379,injultr,0.000035,0,0
####lvjn#####,odvnnjv,ijmbhjv,0.003399,lnvpjjn,0.001318,0,0
####nlig#####,nlinnlp,sbhnnlb,0.010936,nplyiig,0.000123,0,0
####bäky#####,käabyyk,ygpäuyk,0.007552,bbäikuy,0.000009,0,0
####mlku#####,klrfmlu,elkmrlu,0.011993,mjlekäu,0.000043,0,0
####bnfj#####,bbbnfjj,ehbnjjs,0.006568,bännfkj,0.000710,0,0
####bjjl#####,bjbbljl,ijmbhjv,0.016466,bljnjtl,0.000109,0,0
####bddr#####,bdbbrrd,bobbgrp,0.038748,bfdpdör,0.000263,0,0
####yphp#####,yhppöhp,yrtpökb,0.011287,yopyhfp,0.001845,0,0
####pmif#####,plppmii,pvppfls,0.011415,phmdilf,0.000048,0,0
####ambp#####,bsppmgb,yblpdub,0.005951,ajmkbjp,0.000046,0,0
####bout#####,tobbrhu,dgbllhu,0.003247,bvosubt,0.000010,0,0
####bnbj#####,bbbnnjb,sbhnnlb,0.013853,bbnebfj,0.000554,0,0
####aetu#####,teaftuu,keuftuv,0.058086,ahertju,0.000184,0,0
####gjty#####,ggiyrjk,gdikumf,0.002799,gvjstjy,0.000730,0,0
####fmol#####,flofmlu,öäefmla,0.006007,fdmvodl,0.000056,0,0
####äpea#####,yeäppöa,teäohöy,0.007103,äupeeua,0.000048,0,0
####rrdr#####,rdirrru,rljkrrb,0.017490,rvrjdnr,0.000292,0,0
####ndpd#####,ndppndd,bgpppdf,0.025534,nbdtpvd,0.000042,0,0
####odid#####,kdioödd,jdipmsg,0.008638,otdyind,0.000070,0,0
####dltl#####,tlbftll,tlgyljk,0.005140,delättl,0.000131,0,0
####gnkt#####,gganngk,gojntvk,0.003440,gbndkpt,0.000029,0,0
####yguv#####,ylvsrav,lfviräu,0.014866,yhguubv,0.000647,0,0
####usom#####,ydumrau,idufröu,0.010941,uvsronm,0.000016,0,0
####urbb#####,udrbrjb,dauäojb,0.003827,ufrdbsb,0.000607,0,0
####pimf#####,pippfis,pvppfls,0.120806,pgiemif,0.002915,0,0
####iyut#####,tsuäryu,ybisiku,0.013717,isypuet,0.000009,0,0
####ähel#####,äehäell,kehäsfa,0.021730,äghäeäl,0.001602,0,0
####gjtk#####,ggijjjk,tliöägk,0.014581,gojntvk,0.004025,0,0
####uvnn#####,udunndv,ufvmntn,0.007692,ufvmntn,0.007692,0,0
####hnts#####,tnhsnls,tnhgohs,0.008765,hfnutms,0.000244,0,0
####ddjo#####,ddudjjh,dauäojb,0.010009,dydäjko,0.000497,0,0
####efar#####,eeufrre,äräffay,0.005273,etfdajr,0.000046,0,0
####jlde#####,jdolmle,öjiemng,0.001540,jalädse,0.000142,0,0
####gdbh#####,gdifbhh,giiyrhl,0.011045,gedjbuh,0.000245,0,0
####hbtp#####,tbbppjv,thrhnev,0.004333,hvbjtpp,0.000022,0,0
####ymtä#####,täyäräu,yägpräa,0.019617,yämoteä,0.000850,0,0
####nkoä#####,käkonää,ktudneu,0.005900,nkksohä,0.000247,0,0
####ksdv#####,kdksksv,sdbskeg,0.008410,khspdyv,0.000622,0,0
####fiid#####,idifpli,fdidtlö,0.022433,ftigimd,0.000602,0,0
####ylbä#####,ylysllb,lbyuhöu,0.002522,ymlsblä,0.000315,0,0
####ajgb#####,anhbpab,fnufösb,0.006313,aljögab,0.001819,0,0
####khkf#####,kdkfffk,fkkffoj,0.004386,kyhmklf,0.001438,0,0
####älpä#####,äälpplä,äylrpfä,0.021268,äylrpfä,0.021268,0,0
####lksv#####,tlvfnlv,tldfnkd,0.010131,lgkdsvv,0.000251,0,0
####vhye#####,tdhhyoe,fdyurie,0.003866,vuhäyoe,0.001162,0,0
####thos#####,tohotau,söhorbb,0.009837,tnhgohs,0.000874,0,0
####tubp#####,tdtpöub,yrtpökb,0.024142,tyuvbsp,0.000449,0,0
####läiv#####,klifnlv,mlvfnma,0.040655,lfäjitv,0.000189,0,0
####flhn#####,flhfnlu,sbhnnlb,0.007664,fblthän,0.000017,0,0
####gaäi#####,gäifgii,gdafeav,0.019045,gtaläii,0.002872,0,0
####eisf#####,teifris,uetfsio,0.011264,eäipsgf,0.000143,0,0
####svnm#####,tvvnnrm,mvynftm,0.005242,smvhnym,0.005019,0,0
####kryb#####,kdrbrjb,khrtyvb,0.015342,khrtyvb,0.015342,0,0
####uäej#####,teuärjj,fduiujf,0.008275,ufänelj,0.000081,0,0
####fmem#####,memfmöm,frefeie,0.006646,fämdedm,0.000499,0,0
####ämey#####,meäämym,meämvml,0.005090,äämfegy,0.000527,0,0
####vvaj#####,vdvnrjv,vdvaoäd,0.005390,vpvraoj,0.002681,0,0
####mntt#####,tmmnnlt,synnnpt,0.005456,mrnrtpt,0.001298,0,0
####pkdl#####,kdpplld,pvppfls,0.021394,phkodrl,0.000244,0,0
####tvyr#####,tdtttrr,sdtpsym,0.003632,töveyär,0.000129,0,0
####pdks#####,pdpppsk,pdkummu,0.006465,pidikns,0.000897,0,0
####fryo#####,fdyfrru,fdyurie,0.048353,fprkyfo,0.000033,0,0
####ahäg#####,anaaglä,aohgälg,0.009648,aohgälg,0.009648,0,0
####ssäo#####,ssysrää,ymlsblä,0.005428,sysgäfo,0.000455,0,0
####olbm#####,olmfmlm,orbamjm,0.004856,onlpblm,0.001865,0,0
####ävsi#####,ädhnsvi,ndvrsmi,0.005267,äuvpsvi,0.001775,0,0
####thoä#####,tohätäu,jnhäpgu,0.008532,tlhyoiä,0.001313,0,0
####ltab#####,tlablab,pvrblnb,0.006965,lrtyabb,0.000038,0,0
####mäga#####,mägmmaa,yägpräa,0.020039,mnähgma,0.000096,0,0
####lunä#####,näyänlu,ygähnlä,0.023536,lyuvndä,0.003205,0,0
####sgsp#####,sgipslv,sgtsörv,0.006867,skgisäp,0.001691,0,0
####nnrd#####,ndrnrdd,ndfirne,0.007477,nendrbd,0.002428,0,0
####rmnm#####,mernmlm,ghunmpm,0.005126,rpmönäm,0.000786,0,0
####yäky#####,täyäryk,ygpäuyk,0.038647,ykävkny,0.000069,0,0
####eeäi#####,eäifääu,eäipsgf,0.004821,evehäyi,0.000223,0,0
####snnt#####,tlästlt,sbhnnlb,0.018977,synnnpt,0.003913,0,0
####frgk#####,fkrfrlk,mhpfrlr,0.010631,fkrsgtk,0.000709,0,0
####böug#####,blböflu,dibvfls,0.006276,bvöoupg,0.000077,0,0
####jndv#####,jdvfndv,gdafeav,0.004317,jinndtv,0.002211,0,0
####iräf#####,irrfrrf,gyrrfuv,0.002415,ilrmäof,0.002269,0,0
####kukv#####,kbkfkrk,ebyuknk,0.015929,klugkfv,0.004088,0,0
####ykhö#####,ylhynav,llhaoäv,0.011709,yuköhaö,0.004708,0,0
####bydd#####,ydbbfyd,pjbbvud,0.005189,bpyudmd,0.000027,0,0
####sogi#####,ggisrlg,gbisinn,0.028637,sfodgui,0.000025,0,0
####flpk#####,plpfnlp,tldfnkd,0.008431,fplbprk,0.000158,0,0
####euis#####,ysusryu,äeöfiyu,0.004056,enuiiys,0.001296,0,0
####rygu#####,glafrav,gdafeav,0.027229,rdylgru,0.004406,0,0
####bryp#####,bdbrryp,bobbgrp,0.005719,borfykp,0.001398,0,0
####sdhu#####,sdusfhu,idufröu,0.005706,shdmhku,0.000573,0,0
####htup#####,thuptuv,ehuätöe,0.010095,httkukp,0.000011,0,0
####hmny#####,ynhhnly,ygähnlä,0.012407,hbmhnöy,0.002812,0,0
####elij#####,kebliju,dibvfls,0.002916,eäläitj,0.000036,0,0
####gkdj#####,gdiföjk,sdkfhjb,0.009398,gkkfdsj,0.001067,0,0
####mffm#####,mdmmmfm,mhjmnhm,0.008675,msfufgm,0.001666,0,0
####virn#####,tevnrrv,ininrös,0.018286,vmiiron,0.002405,0,0
####ddäd#####,ddäfääm,ddäräid,0.004237,dkdkäfd,0.000233,0,0
####tgjb#####,tgtbtjb,tylibjb,0.011271,tdgujnb,0.000876,0,0
####yadh#####,ydyhrah,udauroh,0.006180,yiaadth,0.001535,0,0
####pkmu#####,pspmmlu,pdkummu,0.009105,pdkummu,0.009105,0,0
####lbiö#####,yliföji,aöilnjk,0.023416,lkblijö,0.000059,0,0
####gtff#####,tgtftaf,getsfff,0.007910,getsfff,0.007910,0,0
####vrkp#####,tävprjp,tvvmplk,0.006726,vnrgkjp,0.000643,0,0
####rofg#####,roafrgu,idufröu,0.019492,rdobfrg,0.000262,0,0
####ldtg#####,tdtftgg,ädgfleä,0.022808,lndrteg,0.000236,0,0
####öpou#####,önöföyu,ööpjumu,0.012034,öypsoau,0.006112,0,0
####rhsm#####,rdrhnhv,thrhnev,0.009438,ryhssjm,0.000066,0,0
####asyp#####,asypysp,ysgpkji,0.004354,apsjyöp,0.000328,0,0
####lkie#####,klbfmli,klugkfv,0.005849,ljkaime,0.000134,0,0
####jnpm#####,pnppmlv,bgpppdf,0.007662,junepbm,0.000214,0,0
####lpbo#####,ydppöab,yrtpökb,0.012054,lppobio,0.000034,0,0
####iksr#####,iekirrs,iealräj,0.016348,iekmsdr,0.003633,0,0
####vmth#####,tvvfmhh,punfthh,0.038024,vgmmtgh,0.000791,0,0
####ejna#####,yjennju,ydrmnju,0.007630,efjrnra,0.000169,0,0
####tnrh#####,tnanrhh,tflunhn,0.017858,tänörvh,0.002650,0,0
####feee#####,fefffee,frefeie,0.008673,frefeie,0.008673,0,0
####vrjt#####,tdvlrjv,tdlyrto,0.004334,vurljmt,0.000036,0,0
####käny#####,keyänyk,kmnänys,0.010924,kpäfnty,0.003587,0,0
####gonp#####,goipngp,gefpnlr,0.003422,gkoantp,0.001651,0,0
####bvth#####,bdbbthh,tdvbdps,0.005873,bevftgh,0.004309,0,0
####deog#####,ddaoeeg,gdafeav,0.013191,dmehodg,0.000033,0,0
####uslm#####,ysummlv,äsormlr,0.002957,udsylpm,0.000031,0,0
####hpbi#####,pdipplb,obiäfli,0.005560,hdpdbhi,0.000312,0,0
####ugee#####,ulueree,keuftuv,0.012305,umgrehe,0.000052,0,0
####jfgr#####,jahfrrg,jkhfhät,0.007437,jyfmggr,0.000173,0,0
####tmvä#####,tävämäv,täanmrh,0.008125,tpmevsä,0.000604,0,0
####utod#####,tduotad,idufröu,0.008912,uvteogd,0.000011,0,0
####rskp#####,räkprsk,räipebk,0.011302,rysäkyp,0.000133,0,0
####eldg#####,elbfödd,gluföop,0.003406,eylfdug,0.000044,0,0
####irnl#####,inrrrll,igesrnl,0.011153,imrlnol,0.001816,0,0
####sätd#####,tdtttld,täkitld,0.016840,släntöd,0.001132,0,0
####lgjr#####,jlvfnjv,blppaju,0.002683,lrgvjgr,0.000045,0,0
####jääm#####,älmmäam,anjfärm,0.005666,jpäpärm,0.000241,0,0
####rjlm#####,mlafrju,tlgyljk,0.021646,rpjrlnm,0.000148,0,0
####tven#####,tehntvn,tflunhn,0.007382,tavnetn,0.000687,0,0
####fifu#####,fdifriu,idufröu,0.147639,fnipfsu,0.002584,0,0
####taiu#####,tsuhtau,ägueeau,0.007272,tnaoiku,0.001893,0,0
####umou#####,mlufmmu,idufröu,0.017812,uemäohu,0.000301,0,0
####ieur#####,ieuärau,gvidrou,0.005724,ihemukr,0.000024,0,0
####ojma#####,ooaamjv,orbamjm,0.091834,orjnmta,0.000900,0,0
####fnbs#####,fdffnsb,fnufösb,0.036644,fknbbfs,0.000086,0,0
####ovsr#####,oovfnro,fgvfvno,0.012505,ouvhsrr,0.009811,0,0
####fälg#####,fääfglg,ftheulg,0.005877,ftäylhg,0.003585,0,0
####dfsi#####,ddifiii,uetfsio,0.003223,dyfssöi,0.000203,0,0
####hogy#####,tohhrlv,söhorbb,0.003628,häosgty,0.000090,0,0
####väph#####,vdhppvh,jnhäpgu,0.006279,veäeplh,0.000471,0,0
####öjhö#####,öhhöööv,rlhsöjt,0.003396,öljdhkö,0.001479,0,0
####urnn#####,uernrjv,mäunntp,0.006456,uärbnmn,0.003591,0,0
####dbpm#####,pdpbphm,pbsdpoi,0.012893,dvbvpäm,0.000333,0,0
####ejtn#####,tjtnnjj,eulänjb,0.004821,eujptvn,0.000040,0,0
####dbdi#####,ddifiim,dvtfgsm,0.010196,dfbödri,0.000208,0,0
####frdp#####,fdrfrdp,idufröu,0.016740,fkrydlp,0.000186,0,0
####äryö#####,äläfrjk,äräffay,0.005405,äarmymö,0.001522,0,0
####vhpg#####,tnppphv,tnpnköp,0.008487,vfhspdg,0.000080,0,0
####hfik#####,tnifnlk,sbhnnlb,0.003695,hlfkiuk,0.000016,0,0
####jrsy#####,jshyrrv,jvkaref,0.003019,jerhsuy,0.000214,0,0
####ufvs#####,udufrrv,idufröu,0.128197,utfkvjs,0.000008,0,0
####yhom#####,yhumrav,ehbmryd,0.010739,yghlojm,0.000268,0,0
####olvl#####,olvfllv,nlvfvsi,0.005637,ovlevfl,0.000024,0,0
####hjäl#####,ahiäflä,jhymhlä,0.005204,hgjlädl,0.000047,0,0
####yrfa#####,ydyfrju,idufröu,0.011329,yirlfea,0.000994,0,0
####sfhi#####,sliffih,sjihrhh,0.006540,sofvhji,0.000131,0,0
####lpte#####,tlpplsv,tlgyljk,0.012599,lkpätpe,0.000060,0,0
####dpes#####,ydpppee,pvppfls,0.003021,dtpyeys,0.000034,0,0
####jgib#####,jlgföib,fnufösb,0.008273,jygsipb,0.000411,0,0
####abor#####,bnobrjv,bnbgbki,0.003947,aybpoer,0.000096,0,0
####käku#####,käkfröu,nppfkdk,0.005371,kväukju,0.002770,0,0
####ferb#####,febfrje,sdkfhjb,0.004774,fneerpb,0.000080,0,0
####atbv#####,tdabövv,gdafeav,0.013209,artjbtv,0.000107,0,0
####aink#####,anannlk,aöilnjk,0.049091,aöilnjk,0.049091,0,0
####pvhr#####,tdvppvv,lutfprv,0.002899,phvjher,0.000298,0,0
####ymvs#####,ysvsmav,ygsstfv,0.006270,yrmpvfs,0.000237,0,0
####kfte#####,tefffek,ksöffis,0.005491,klfrtee,0.000435,0,0
####bpds#####,ydbppyd,vdbupvr,0.007245,bkpudus,0.000021,0,0
####lysa#####,yllyyla,elkmrlu,0.003051,lyyesma,0.000227,0,0
####nark#####,neanrjk,nvabrbk,0.041494,nvabrbk,0.041494,0,0
####uogd#####,oduorgd,gohljdd,0.006298,uaobgid,0.000050,0,0
####kpkä#####,kskpfpä,ivkpyfm,0.003712,kuptkeä,0.002397,0,0
####rbnh#####,rbhnrhh,rkbpnoh,0.009945,rkbpnoh,0.009945,0,0
####rpbi#####,pdrprii,ssrardr,0.001974,räplbki,0.000040,0,0
####npkk#####,kekfnsk,hesjnek,0.011080,nppfkdk,0.000986,0,0
####fsgt#####,tötftsg,getsfff,0.005308,fnsuglt,0.000019,0,0
####jnll#####,jljnnll,fjpntld,0.005355,jjnylml,0.003442,0,0
####dekt#####,tdbftek,tdeheia,0.008176,dhelkft,0.000028,0,0
####ydak#####,ydymkak,yoyghaö,0.017785,yjdoaek,0.000414,0,0
####hnhd#####,hhihmlv,sjihrhh,0.019810,hunehed,0.000004,0,0
####ltöp#####,tlöpööv,tldfnkd,0.005875,lotyöpp,0.000380,0,0
####lgän#####,nägfnää,mäunntp,0.007674,liglämn,0.000058,0,0
####yghp#####,ygypöhv,yrtpökb,0.004756,yfgjhip,0.000483,0,0
####bmlä#####,bbbmmlä,bänädjä,0.004580,bemjluä,0.001804,0,0
####hjoä#####,ohhärjä,mohiugä,0.008072,hmjeovä,0.000089,0,0
####nuoj#####,njoonju,nhtstju,0.007204,nbutoij,0.000380,0,0
####svnp#####,tvvpnpp,stvsnjp,0.029073,stvsnjp,0.029073,0,0
####nhuh#####,nnunnah,mäunntp,0.005045,nähvuah,0.000854,0,0
####jtyk#####,tjyyrtk,teyoäek,0.007202,jutbybk,0.000825,0,0
####mgmf#####,mlmfmgm,mhpfrlr,0.012177,magtmbf,0.000688,0,0
####hmsg#####,slhhrls,eshmmks,0.011592,hdmusvg,0.000038,0,0
####yäpe#####,yäpppgv,yrtpökb,0.016588,yräspve,0.001259,0,0
####ghäe#####,geifräk,geiugäs,0.064729,gjhpäse,0.000887,0,0
####kfdn#####,kdkfmov,pdkummu,0.003399,kpfkdbn,0.000133,0,0
####pdjp#####,pdpspjp,ädpsöpk,0.007482,pgdyjjp,0.001497,0,0
####ähfi#####,änhffii,kämfygi,0.004894,äshsfei,0.001663,0,0
####agjr#####,aguarjg,ägueeau,0.008355,asgujbr,0.000029,0,0
####jojö#####,jöiöjjö,jtiribs,0.004939,jyoöjtö,0.003962,0,0
####sjhd#####,sdhsflv,sjihrhh,0.003436,skjfhld,0.000194,0,0
####udät#####,tduftdu,idufröu,0.015615,utdpäyt,0.000023,0,0
####pftb#####,pbpftlb,prfotob,0.003554,prfotob,0.003554,0,0
####uvly#####,tdvyrlv,idufröu,0.004044,urvnlfy,0.000065,0,0
####uedä#####,tduärdu,idufröu,0.010178,uueidöä,0.000022,0,0
####äutn#####,tuännun,täanmrh,0.022117,äduethn,0.000047,0,0
####tjöj#####,töiöjjv,toääjdv,0.009154,tujäöij,0.000448,0,0
####klpm#####,klppmlk,klkypov,0.005074,kdljpbm,0.000708,0,0
####ejng#####,yjennjg,fjmäpjg,0.014261,eejinkg,0.002231,0,0
####pkil#####,plppfli,pvppfls,0.050584,pokeihl,0.000233,0,0
####ugdö#####,uluöödv,gluföop,0.022034,uugvdgö,0.000057,0,0
####mtsa#####,tsmmmsa,tlgndba,0.009473,mvtpsja,0.001457,0,0
####ähgt#####,tähhtlg,täkitld,0.057105,ämhhgkt,0.000525,0,0
####vhkd#####,tdvffdk,mddgkbk,0.004053,vuhokpd,0.000273,0,0
####stts#####,tsbsrls,tkpsrep,0.006258,stthtes,0.000134,0,0
####dihs#####,ddisaös,ddiyhts,0.033195,ddiyhts,0.033195,0,0
####btup#####,bbbpttu,tesptou,0.004447,bgtnudp,0.000025,0,0
####hojm#####,ohumrjv,phiorjh,0.010388,hkoojpm,0.000036,0,0
####älht#####,tähäthv,täkitld,0.007501,ätlhhrt,0.000003,0,0
####asff#####,asffasg,aöfavsä,0.057730,apsgfff,0.000136,0,0
####löia#####,köiyfal,köähihl,0.032334,ljöyira,0.000915,0,0
####mdka#####,kdafmaa,kipmmpg,0.005676,mndikoa,0.000060,0,0
####dlyj#####,ddbföju,sdkfhjb,0.014258,däliyuj,0.000063,0,0
####gjgf#####,gjifjjg,glifguu,0.007007,gyjkgbf,0.000107,0,0
####sjbp#####,ssbsnlb,stvsnjp,0.004736,säjnbbp,0.000050,0,0
####bhin#####,bnbbnhv,boibphi,0.008940,böhyijn,0.000034,0,0
####öois#####,ösisööv,ybisiku,0.015814,ötorius,0.001266,0,0
####evij#####,yevnejv,jäebdjv,0.004914,efvsibj,0.000316,0,0
####soor#####,osbsrro,övnlrro,0.006373,smobolr,0.000020,0,0
####gpbh#####,gbiprhb,giiyrhl,0.020517,ggpybhh,0.000988,0,0
####emju#####,yeufmju,gevfmju,0.046008,eimmjlu,0.000410,0,0
####hbkm#####,bhhhklk,iyhbkrk,0.004541,hjbsköm,0.000240,0,0
####kdyu#####,kduföyu,idufröu,0.006875,kideyhu,0.004572,0,0
####ppil#####,plpppli,pvppfls,0.044035,päpyiul,0.000854,0,0
####vtnl#####,tlvntll,sbhnnlb,0.005925,vvtrndl,0.000165,0,0
####skhb#####,shhsnlb,sbhnnlb,0.016962,sdkfhjb,0.001116,0,0
####fäso#####,ädofmao,ädgfleä,0.009046,faäfsto,0.000374,0,0
####ärhd#####,ädhnrlk,ähibrun,0.005728,ävrjhpd,0.000363,0,0
####dfdf#####,ddufmff,ddevsfl,0.006592,dpftdvf,0.000684,0,0
####stmg#####,tststlm,sgtsörv,0.006463,shtpmvg,0.001312,0,0
####mbkh#####,blrfrhk,bevftgh,0.017474,moblkmh,0.000087,0,0
####gimn#####,geinnrm,ghunmpm,0.016831,gbivmnn,0.001051,0,0
####bdsy#####,ydbsryv,sdbskeg,0.015872,bbdtsjy,0.000065,0,0
####ljäy#####,klyfflu,glifguu,0.013807,lgjväpy,0.000038,0,0
####bmäf#####,bäbfrää,bägmebä,0.012412,bkmiäof,0.000317,0,0
####oaje#####,oeupjje,gevfmju,0.002498,oravjke,0.000212,0,0
####njäk#####,njäonöä,njnoyuk,0.006464,nbjlätk,0.000202,0,0
####umli#####,mlifrlu,lnugild,0.005450,ubmhlöi,0.000042,0,0
####plla#####,plppplv,pvppfls,0.039346,pslhlta,0.000390,0,0
####öpkj#####,ököföjk,miöpfug,0.008156,öepakoj,0.000017,0,0
####oubk#####,oouonku,yubmhdp,0.002691,oeuäbek,0.000467,0,0
####iond#####,idiored,nodkios,0.001843,iaosnkd,0.000223,0,0
####osys#####,osysrou,oyynhyu,0.005644,ooshyfs,0.000343,0,0
####aiäd#####,aäaaald,obiäfli,0.003408,auihäyd,0.000495,0,0
####vyoa#####,ydvfryv,idmpgyv,0.007416,vgyuooa,0.000090,0,0
####irms#####,ierhrsm,ibrsmrs,0.008326,ibrsmrs,0.008326,0,0
####ebjd#####,tdbbejd,vjbäbji,0.007205,etbpjed,0.000216,0,0
####rkät#####,tärrräu,tänörvh,0.010842,rbkaäät,0.000021,0,0
####joäu#####,jjuäfäu,bjdäbfu,0.003693,jäobäeu,0.000330,0,0
####apmi#####,aspamli,appgmti,0.016442,appgmti,0.016442,0,0
####fmpg#####,fspfmgp,fjrfpjp,0.004540,fjmäpjg,0.003921,0,0
####ääyj#####,ääaäyyj,äprätyä,0.005724,äuäayoj,0.001445,0,0
####dumf#####,ddufmfh,idufröu,0.006971,deutmof,0.001029,0,0
####kuiv#####,kuipruv,klugkfv,0.032174,kfupitv,0.003468,0,0
####kerp#####,ksbprep,kjekrjp,0.004481,kjekrjp,0.004481,0,0
####tvää#####,tävätvä,bänädjä,0.023047,trvpäbä,0.011589,0,0
####yiiu#####,yuisryu,ybisiku,0.034526,ybisiku,0.034526,0,0
####nksj#####,nsinnju,nhtstju,0.007342,ntkaskj,0.000063,0,0
####äjuu#####,äsuäuöu,ässävgg,0.009507,äijruöu,0.000721,0,0
####poji#####,popopji,pkmppöä,0.011875,ppomjvi,0.001725,0,0
####uovf#####,udvffdv,idufröu,0.012223,ujohvvf,0.000063,0,0
####eeöh#####,eebföhv,ellifhh,0.007712,eteaöuh,0.001001,0,0
####tukb#####,tkubtab,trnvtsk,0.007860,tiupkob,0.003508,0,0
####rmdd#####,mdimrdd,bdivmhä,0.009046,rhmpdtd,0.000121,0,0
####rylt#####,tlarrtv,tläurrf,0.032757,rkyylnt,0.000093,0,0
####otmr#####,toommrv,ttyrtgv,0.006783,outsmtr,0.000256,0,0
####npäi#####,näipnää,dtipnhn,0.013403,nepöäji,0.000285,0,0
####bisg#####,bdbbris,bsbidks,0.015765,bdigsig,0.004573,0,0
####pköe#####,kepfööe,ksöffis,0.008321,pekiöie,0.008199,0,0
####nydä#####,ndynnyä,fdysnrö,0.004705,ntygdaä,0.000147,0,0
####rtrf#####,tlrffjv,tkifeev,0.007016,rotiref,0.001359,0,0
####pkdi#####,pdpmpöv,ädpsöpk,0.015744,pbkydji,0.000347,0,0
####pvim#####,pvvppvi,ppomjvi,0.020899,pvvaipm,0.000758,0,0
####bbgp#####,bbbppjp,dvbnpsp,0.008563,bobbgrp,0.002520,0,0
####yhei#####,ydiyrhv,giiyrhl,0.006404,ydhneui,0.000546,0,0
####kbvj#####,kdbnnjv,khlemjv,0.006840,kybövrj,0.000393,0,0
####oooh#####,oovorou,phiorjh,0.005542,omorofh,0.000323,0,0
####esop#####,esbpöyv,khspdyv,0.002649,ejsyoäp,0.000022,0,0
####syvl#####,ssvsllv,psvjkyv,0.004594,sjyfvkl,0.000058,0,0
####ytus#####,tsusrau,idufröu,0.001858,yrtvups,0.000924,0,0
####väjk#####,kdväfjv,sdkfhjb,0.017084,vdädjbk,0.000423,0,0
####vinj#####,vnvnrjj,vmiiron,0.011032,vuiknyj,0.003018,0,0
####gfjp#####,ggfpfjv,gevfmju,0.005890,grftjpp,0.000183,0,0
####nsgi#####,täinrli,sbhnnlb,0.022189,nysägdi,0.000049,0,0
####mtps#####,tsppmsv,tkpsrep,0.004329,mstopys,0.000445,0,0
####reäs#####,reysräu,lfviräu,0.004401,rrejähs,0.000238,0,0
####ympp#####,ylpprgp,yrtpökb,0.010712,ytmrpbp,0.002338,0,0
####mtkb#####,tkhmtbk,vfjbrdk,0.003444,mötdkjb,0.000044,0,0
####aäki#####,tnaäilk,jäafpii,0.008426,aläpkbi,0.000036,0,0
####plmy#####,klypmlm,ftäpflm,0.003982,pklsmvy,0.000141,0,0
####eepf#####,eeffffv,oeyfpvv,0.009403,egegpsf,0.000167,0,0
####äthk#####,tähäthk,toääjdv,0.008521,ältyhok,0.000144,0,0
####öäyl#####,öälfflv,öäefmla,0.097027,önäbyäl,0.000875,0,0
####dspf#####,pdpfpsf,nppfkdk,0.004710,dysfpyf,0.000729,0,0
####tönv#####,töhntöv,trhtttg,0.011277,tnökndv,0.002612,0,0
####vulo#####,vlvfllu,elkmrlu,0.014000,vmuklbo,0.000131,0,0
####mjnm#####,mlmmmjm,gevfmju,0.004817,mhjmnhm,0.001019,0,0
####hläp#####,ahhhplä,ygähnlä,0.004024,hblräkp,0.000013,0,0
####svvr#####,sdvssrv,kdpgsve,0.008948,snvpvär,0.000145,0,0
####vuki#####,vlvfruk,nlvfvsi,0.017280,vkutkyi,0.005087,0,0
####fmeb#####,mdmfmge,fdnföre,0.003287,fimvetb,0.000056,0,0
####tmda#####,tdumtad,jdohrde,0.003521,tsmvdka,0.000130,0,0
####lmuv#####,mlhfmuv,llhaoäv,0.007675,lämuunv,0.000375,0,0
####gnöy#####,glvföyv,gluföop,0.022664,ginyöäy,0.000738,0,0
####jäeo#####,jeääeeo,jeräeam,0.041825,jmäeeoo,0.000588,0,0
####oeoä#####,oevärou,rovnrlä,0.017040,ogepokä,0.000319,0,0
####votd#####,tdvfödd,tdvbdps,0.004046,vvortfd,0.000228,0,0
####äsuf#####,ädhffau,dähbftä,0.008128,ätsäulf,0.000119,0,0
####okev#####,oovföfv,oeyfpvv,0.017856,omkpebv,0.002882,0,0
####oyhp#####,yoppöyp,lotyöpp,0.006885,otyshsp,0.000068,0,0
####rumf#####,rdrfrjf,mdfrfbv,0.004880,rruömdf,0.000285,0,0
####pmed#####,meppmde,jdipmsg,0.011800,plmrehd,0.000087,0,0
####tdfe#####,tdtftef,teöflsb,0.007393,tpdofoe,0.000728,0,0
####pyjo#####,ppympyo,oehlpjo,0.008262,pfyjjvo,0.001487,0,0
####uääm#####,uäumrau,idufröu,0.007285,ugäöäpm,0.000060,0,0
####mkdg#####,kdmmmld,kipmmpg,0.008617,mekydsg,0.000049,0,0
####ybbm#####,ydbbrjm,orbamjm,0.007908,ymbrbtm,0.003064,0,0
####aämd#####,aäaamlm,täkitld,0.004681,adäumsd,0.000082,0,0
####hsli#####,ksihilv,ihiiijj,0.010474,hksälyi,0.000024,0,0
####prkö#####,tlöfrjk,teöflsb,0.010684,pjrekeö,0.000024,0,0
####jdut#####,tduätuu,idufröu,0.004742,jhdvuöt,0.000529,0,0
####äsor#####,äsäfrro,övnlrro,0.015348,ätsiosr,0.000234,0,0
####ooät#####,tätorou,oääogna,0.005137,otomäyt,0.000094,0,0
####uigk#####,kluhrlk,rlhsöjt,0.007624,uiimgek,0.000047,0,0
####äsvn#####,täaänav,toääjdv,0.006663,ääsavbn,0.000049,0,0
####oijt#####,toitrit,phiorjh,0.011789,onihjut,0.003556,0,0
####bäöä#####,bdhbögä,dähbftä,0.030515,bhäpösä,0.001872,0,0
####spil#####,psippll,pkmppöä,0.006117,sfpsijl,0.000114,0,0
####ghvä#####,gdhhöäv,gähhviä,0.015779,gähhviä,0.015779,0,0
####iuhl#####,ihuhrll,ihiiijj,0.005495,ibughul,0.001208,0,0
####yres#####,ysesrjs,bfisrms,0.008829,ylreeds,0.000928,0,0
####tprp#####,tnyprjp,ttyrtgv,0.024566,tkpsrep,0.006153,0,0
####äöfä#####,ääöföäu,ksöffis,0.005801,äkörfiä,0.003588,0,0
####ogäk#####,oägfnkä,yämoteä,0.007494,ohgrätk,0.000474,0,0
####tjei#####,teitrii,thdutie,0.009205,trjäefi,0.001659,0,0
####orgm#####,ooommlg,kipmmpg,0.004840,orrhgäm,0.001006,0,0
####msyn#####,yeanmyy,ybhnyrp,0.006515,mässydn,0.000090,0,0
####bekm#####,tsbbeek,rybmeyk,0.011258,bkebkam,0.000784,0,0
####obmm#####,oobbmjv,orbamjm,0.023294,orbamjm,0.023294,0,0
####äymp#####,yäpprym,yägpräa,0.037623,ävyemlp,0.000036,0,0
####grbv#####,gbhrrrv,grhtesv,0.006922,gfrjbpv,0.000724,0,0
####nykn#####,neanyyk,nbsnyäk,0.009307,neyokun,0.000141,0,0
####iyuu#####,inuärsu,ybisiku,0.019636,iryuusu,0.000506,0,0
####hren#####,tdhhree,jdohrde,0.024963,häreein,0.000006,0,0
####jgye#####,jeyyfse,jjäyhsn,0.010207,jkgpyoe,0.000616,0,0
####sgim#####,sgisrlm,sgifrub,0.034612,srgeihm,0.000546,0,0
####dvlg#####,ydvylvg,rvrytof,0.002782,dkvelrg,0.000121,0,0
####vkdl#####,vdvälll,vdvaoäd,0.020544,vhkmdul,0.000241,0,0
####nong#####,noynnag,eotänab,0.007199,ntolnpg,0.002029,0,0
####msmn#####,meafmla,mlvfnma,0.003797,mhsfmkn,0.001466,0,0
####luvb#####,ydubnav,plvjikb,0.004124,lfuivib,0.000346,0,0
####gyeä#####,geyföää,äeysaän,0.013521,gnyberä,0.001597,0,0
####mnup#####,mnmnmgu,mäunntp,0.003353,mtnvudp,0.000025,0,0
####äpsi#####,ääppsii,aläpkbi,0.004662,äbpssoi,0.002492,0,0
####pnun#####,pnppnöu,naapäou,0.006652,pjnuuln,0.000267,0,0
####rabj#####,adabrav,gdafeav,0.008625,rvaobtj,0.000007,0,0
####äpni#####,ääipnöi,intävöi,0.004443,äupynmi,0.000456,0,0
####älfe#####,äeäffle,öäefmla,0.002970,äjljfje,0.000466,0,0
####nesd#####,tdinnld,ydhneui,0.008486,npeusfd,0.000066,0,0
####äavb#####,ädaböav,gdafeav,0.021994,ägaovsb,0.000526,0,0
####enog#####,onennhg,kvenemi,0.005513,eunoofg,0.000179,0,0
####tove#####,tdvftov,ttyrtgv,0.008525,ttofvye,0.000096,0,0
####hljl#####,ahhhljv,fhphjbv,0.005945,hllvjrl,0.000112,0,0
####ygra#####,ygufrav,yoyghaö,0.006723,yägpräa,0.002806,0,0
####gädm#####,gdiföam,gluföop,0.006921,gääddom,0.002354,0,0
####iaiy#####,isagryö,ininrös,0.011546,ilaäify,0.004777,0,0
####äkej#####,käkäfjv,bänädjä,0.006769,äjkperj,0.000066,0,0
####jgbj#####,gbijnjv,lbptjjv,0.027192,jugbblj,0.000008,0,0
####dbkn#####,bdbnönk,nbsnyäk,0.007719,dbbyken,0.000319,0,0
####hpöä#####,ahhpöäv,bhäpösä,0.025501,hnpaödä,0.001315,0,0
####raiv#####,reabrav,riafihv,0.015079,riafihv,0.015079,0,0
####tglk#####,tlaltlk,tlgyljk,0.067397,tlgyljk,0.067397,0,0
####uräp#####,udrprju,idmpgyv,0.005665,utroäsp,0.000287,0,0
####knns#####,ksnsnss,kgvseih,0.005291,kmnänys,0.004157,0,0
####äjyg#####,äähäyak,äghäeäl,0.009342,äyjtyng,0.000294,0,0
####krgy#####,krryrrk,kjekrjp,0.007945,kmraguy,0.002245,0,0
####ktrf#####,tlrffrk,kugfrie,0.004747,koturhf,0.000841,0,0
####hbby#####,hbhhnlb,sbhkbob,0.009088,hiblbey,0.000489,0,0
####vmaj#####,vdvmmja,gevfmju,0.005052,vimhapj,0.000069,0,0
####rsyf#####,rdyfrrf,getsfff,0.003830,rjsvybf,0.000213,0,0
####isoj#####,ioioijo,juegijo,0.010118,ilsvoäj,0.000177,0,0
####unnd#####,ndufmdd,idufröu,0.035280,umnenfd,0.000073,0,0
####yodp#####,ydyoödp,ryymödp,0.017239,yeohdsp,0.000392,0,0
####egmö#####,egöööag,gnbföbn,0.003914,efgampö,0.000017,0,0
####ugio#####,uluorav,vsuriöv,0.005932,uigeiao,0.000166,0,0
####etyj#####,tyuttju,ydrmnju,0.012709,eötvyfj,0.000017,0,0
####ehod#####,ydhoeod,ydhneui,0.009524,enhhokd,0.000887,0,0
####hylv#####,tlhyhvv,klkypov,0.017555,hlymlsv,0.002938,0,0
####birs#####,bsisrls,bfisrms,0.030433,bfisrms,0.030433,0,0
####odfy#####,odyfrdp,fdyurie,0.012603,ohdsfyy,0.000928,0,0
####obdf#####,odbfmdf,odhfyöt,0.003708,orbgdhf,0.000983,0,0
####grfv#####,glvffrv,gdafeav,0.006247,gyrrfuv,0.002830,0,0
####vurl#####,vsvbrlu,lfviräu,0.015776,vmuörkl,0.002475,0,0
####lyhu#####,llaynau,blgygyh,0.005970,lbyuhöu,0.000122,0,0
####äomr#####,äääfmjm,äämfegy,0.004390,äsormlr,0.000512,0,0
####oyhu#####,youfhyu,yfäfkuu,0.007112,oyynhyu,0.000552,0,0
####fyjn#####,yjyffyu,yvhffby,0.007379,fkyljrn,0.000097,0,0
####gjaj#####,gjipajj,ipipajy,0.005933,gijoauj,0.000581,0,0
####dyiä#####,ydifpäi,deimhrh,0.009710,deyoivä,0.000854,0,0
####nsrr#####,ksasnjv,stvsnjp,0.006572,nmssrir,0.000805,0,0
####nveg#####,kdvnnev,kuvrögv,0.003805,njväeng,0.001538,0,0
####jpys#####,yjypnys,pvppfls,0.007351,jmpdyss,0.000957,0,0
####öimg#####,ööiööiv,sövymyg,0.006539,öjiemng,0.000392,0,0
####yedo#####,ydymrad,teyoäek,0.006043,yoeddeo,0.000152,0,0
####ssgt#####,sgtstlt,täkitld,0.008978,spsägvt,0.000173,0,0
####fynö#####,föyföyu,fdnföre,0.006672,fdysnrö,0.000793,0,0
####uggh#####,gluhrlu,elkmrlu,0.015006,upgkgeh,0.000210,0,0
####jvio#####,jlvföoi,kuvrögv,0.007707,jäveiro,0.001095,0,0
####hbfd#####,bdhfflv,odhfyöt,0.019339,hubefhd,0.000192,0,0
####ldöö#####,ödifööv,fdnföre,0.014389,lbdtöyö,0.000325,0,0
####etdp#####,tdypöyp,tesptou,0.020154,eattdjp,0.000016,0,0
####teäe#####,teetteä,tesptou,0.010462,thedäve,0.000471,0,0
####kpmg#####,kkppppk,koiamtk,0.008142,kipmmpg,0.006139,0,0
####fims#####,fsifrls,bfisrms,0.024261,fuismos,0.006421,0,0
####vsyt#####,tdvstyv,tiohöyö,0.008653,vgsfykt,0.000036,0,0
####urkk#####,uärfrrk,ssrardr,0.006534,uarlkbk,0.002890,0,0
####ööäs#####,ösösööv,ösäfäöä,0.143169,öröäääs,0.000949,0,0
####gttö#####,glipööv,ttyrtgv,0.006442,ghtgttö,0.003571,0,0
####svou#####,olväsuu,glifguu,0.006016,ssväobu,0.000844,0,0
####anvm#####,ndafmvv,gdafeav,0.011218,aenuvvm,0.000068,0,0
####vsäs#####,äsvsrää,äjvsofj,0.010195,vgsväns,0.000045,0,0
####oanu#####,ooafnau,okamneu,0.030766,okamneu,0.030766,0,0
####fsnm#####,fsffnsm,ryofnem,0.008318,fosvntm,0.001351,0,0
####hgyi#####,yhisili,jhhlild,0.003660,hägoyoi,0.000013,0,0
####nffg#####,fnafnlg,fkkffoj,0.007692,nbfjfog,0.003860,0,0
####jsso#####,jsbsroo,jsfyafo,0.005548,jvsesoo,0.000291,0,0
####ihej#####,idehijv,phiorjh,0.003099,ivhmeoj,0.000021,0,0
####tsäm#####,tsymmaä,yämoteä,0.006027,tdsbäom,0.000402,0,0
####vntp#####,tnvpntv,myfptev,0.002015,vknrtvp,0.000033,0,0
####jrmh#####,jhrfmlv,jtsfuvk,0.002611,jmrlmeh,0.002173,0,0
####hskn#####,thhhnsv,thrhnev,0.114954,husvkjn,0.000020,0,0
####ohhe#####,hhiheeh,ähieseh,0.012912,onhlhle,0.000043,0,0
####eghj#####,egböfju,tgeyehv,0.003774,ebgihrj,0.000031,0,0
####lafö#####,aöaffav,gdafeav,0.006504,ljavftö,0.000310,0,0
####lvji#####,jdvnöjv,idmpgyv,0.001847,lfvvjoi,0.000215,0,0
####uuig#####,ulunrlg,urubidg,0.003682,urubidg,0.003682,0,0
####äsää#####,äsääföä,ösäfäöä,0.008826,ähskäiä,0.000589,0,0
####mpbh#####,bbmpphh,blmrpof,0.011016,mipnböh,0.001578,0,0
####bakm#####,bkbbmak,bramkam,0.015107,bramkam,0.015107,0,0
####jpbn#####,jbppnbb,bgpppdf,0.004337,jmpsbln,0.000131,0,0
####fuuf#####,fdafrfu,idufröu,0.022552,fduiujf,0.002182,0,0
####ähdö#####,ädhfööv,odhfyöt,0.005540,äbhndrö,0.000236,0,0
####emfo#####,meffmov,gevfmju,0.003655,eymgfoo,0.000130,0,0
####nods#####,ndosnos,fdysnrö,0.007255,nfosdds,0.000597,0,0
####drks#####,ydbsrrk,ydutdrs,0.004681,dorekks,0.000407,0,0
####lpvf#####,ydvfövv,fdnföre,0.004731,lupavif,0.000012,0,0
####gies#####,gbiprls,giiyrhl,0.013824,grigegs,0.010751,0,0
####fevv#####,fdvfövv,fdnföre,0.030309,foejväv,0.001275,0,0
####jnuy#####,jjynnuu,jkyvumu,0.005728,jonougy,0.000612,0,0
####bfvg#####,bdvfflg,gdafeav,0.007188,bäfpvkg,0.000440,0,0
####ryim#####,yeumram,ykomrbv,0.007621,roynijm,0.000067,0,0
####lhöm#####,ahöflav,äräffay,0.005500,lphjögm,0.000249,0,0
####yald#####,ydulpld,ydutdrs,0.010755,ygaolod,0.002793,0,0
####jghä#####,gjhäfäu,äghäeäl,0.010643,jtgihlä,0.000065,0,0
####vkif#####,vdvföiv,lykföim,0.010906,vuktikf,0.002936,0,0
####imki#####,ilifmak,höäfmrk,0.003424,ipmuköi,0.000402,0,0
####kekh#####,kdhfeek,koiamtk,0.007967,ktetkih,0.000275,0,0
####öpuu#####,önpfösu,äeöfiyu,0.011383,ööpjumu,0.003987,0,0
####kufv#####,kduffuv,keuftuv,0.063575,khutffv,0.005216,0,0
####vpog#####,vsvppgv,ssväobu,0.005750,vdpjong,0.000054,0,0
####tsva#####,tdvätav,ttyrtgv,0.007918,ttsovda,0.000287,0,0
####ttoä#####,täoorau,tnaoiku,0.003612,tötsomä,0.000189,0,0
####lköm#####,klöfmal,kipmmpg,0.010758,lykföim,0.000839,0,0
####shlm#####,shhhhlm,fhphjbv,0.018943,svhklmm,0.000795,0,0
####lhtg#####,tlhntav,tlgyljk,0.011267,lfhltpg,0.000341,0,0
####mäot#####,tloomlp,täanmrh,0.003820,maätoyt,0.000025,0,0
####ggim#####,glifmim,ghunmpm,0.010926,gmgginm,0.001284,0,0
####gndy#####,gdyfnyh,gkjynmh,0.023525,gunadäy,0.000008,0,0
####erjj#####,ejbärjj,vjbäbji,0.011591,epröjij,0.000931,0,0
####jkrf#####,jjrfrjv,hjdlfiv,0.003385,jvkaref,0.000069,0,0
####orij#####,ojinrjv,opkäfjä,0.004519,orrpioj,0.000094,0,0
####pvib#####,pbvppvi,pkmppöä,0.012921,plvjikb,0.008365,0,0
####tiäk#####,täirtkä,tliöägk,0.008332,tliöägk,0.008332,0,0
####ebdm#####,edbbehm,odbmehb,0.042290,evbgdfm,0.000181,0,0
####htod#####,thhottd,trhtttg,0.006699,hytooud,0.000029,0,0
####afäj#####,aäfäfau,bänädjä,0.008006,adfdänj,0.000776,0,0
####ehöe#####,eeöföök,eihföfe,0.012680,eihföfe,0.012680,0,0
####äglä#####,ääglflä,nryfslä,0.014441,ädgfleä,0.002378,0,0
####fojo#####,fdffrju,idufröu,0.023484,foohjho,0.000131,0,0
####öfäj#####,öäöföju,gevfmju,0.015971,öffmäpj,0.000119,0,0
####enry#####,keynrjv,oeyfpvv,0.005653,eönmräy,0.000230,0,0
####äbdp#####,bdbpööp,bhäpösä,0.016203,änbjdyp,0.000371,0,0
####mgjk#####,mkmmmjk,gkmfäok,0.003701,mggtjsk,0.000141,0,0
####tnnd#####,tdhntdd,tnökndv,0.006371,ttnjnvd,0.004339,0,0
####iykf#####,ikyfryk,yvhffby,0.006320,ijynkpf,0.000509,0,0
####smno#####,ssesmoo,ösäfnkp,0.008614,slmknio,0.000214,0,0
####itio#####,iyiföoi,istlile,0.004552,ittgiyo,0.003278,0,0
####fgyj#####,ggyffju,gevfmju,0.018759,fugyylj,0.000009,0,0
####dpey#####,pdpppee,pvppfls,0.007448,döpieby,0.000098,0,0
####ajvn#####,ajafnvv,riafihv,0.007746,apjnvdn,0.000172,0,0
####näha#####,käannlh,sbhnnlb,0.011074,nsämhäa,0.000022,0,0
####bfdm#####,bdbfmlm,bdivmhä,0.002321,bäfadym,0.000293,0,0
####kvos#####,kovonsv,stvsnjp,0.004460,kpvhoös,0.000770,0,0
####hohj#####,ohihhjv,phiorjh,0.043700,hoodhbj,0.000039,0,0
####oämi#####,oäioriv,apimylä,0.003784,osäumyi,0.000065,0,0
####ojab#####,oobbrjb,orbamjm,0.005450,opjiatb,0.000210,0,0
####sätt#####,tätstlt,täkitld,0.007929,späotkt,0.002238,0,0
####srrr#####,rsbrrrr,ssrardr,0.038748,ssrardr,0.038748,0,0
####särg#####,gääsrlv,ykomrbv,0.005667,smäersg,0.000529,0,0
####mjbn#####,mbmmmjb,vgmmtgh,0.002127,mejäbän,0.000057,0,0
####ämhk#####,äähfmkk,höäfmrk,0.008641,äomehak,0.000037,0,0
####ledn#####,llbnöld,tldfnkd,0.014411,lsetdrn,0.000009,0,0
####epnt#####,teypnpn,tesptou,0.016069,efppnot,0.001248,0,0
####hglv#####,hlvlnlv,llhaoäv,0.021564,hggllpv,0.000119,0,0
####lshr#####,hshhrav,isdiliv,0.007880,ltsbher,0.000017,0,0
####rjfh#####,jjhfrgf,yvhffby,0.005236,ryjöfih,0.000060,0,0
####lhpi#####,lninplp,dvbnpsp,0.007070,lihupui,0.000270,0,0
####mgpd#####,mdmppdp,idmpgyv,0.011169,migeppd,0.000191,0,0
####momh#####,momfmhh,myoommh,0.010266,myoommh,0.010266,0,0
####mhyr#####,mdhmrjv,ydrmnju,0.003652,mmhgyhr,0.000126,0,0
####rfur#####,rsrfrru,idufröu,0.012043,rvfbuhr,0.000062,0,0
####bvjv#####,bdvfnjv,stvsnjp,0.004082,bhvpjiv,0.000798,0,0
####nmjp#####,njppmjp,blppaju,0.004720,ntmojgp,0.000118,0,0
####sbkf#####,tdbfffk,ädpsöpk,0.004965,ssbykmf,0.000049,0,0
####mnlu#####,mlmfnlu,mlvfnma,0.008429,mjnslru,0.001699,0,0
####läjj#####,jjjääjk,vjbäbji,0.027992,lnäujkj,0.000097,0,0
####ruim#####,rerfrau,ssrardr,0.004158,rhuyigm,0.000191,0,0
####kvhy#####,kdvynyv,tdvbdps,0.011858,klvmhny,0.001969,0,0
####sfre#####,seffrjv,ppfifjp,0.003227,sufmrie,0.001255,0,0
####nevu#####,tevfnuu,keuftuv,0.020153,njeövyu,0.000022,0,0
####sreh#####,sdbfrhe,sjihrhh,0.009068,sdrvemh,0.000705,0,0
####ronm#####,oornnom,opmgnsv,0.002155,ryofnem,0.002112,0,0
####dnvr#####,tdvnrrv,rovnrlä,0.006514,dhnvvpr,0.000014,0,0
####hhäj#####,hdihhjä,hsbhfjn,0.008349,hvhbäpj,0.000068,0,0
####lojv#####,olvffjv,hjdlfiv,0.005244,lholjiv,0.000179,0,0
####rjrö#####,rlröröv,rlhsöjt,0.006749,ryjnrjö,0.000620,0,0
####jjtn#####,jätjnjv,jäufjnh,0.007535,jijntpn,0.000449,0,0
####jpjy#####,jjppjjv,jpppjfy,0.038155,jpppjfy,0.038155,0,0
####bobj#####,bobbrjb,nonbljb,0.037959,bpombuj,0.000178,0,0
####eväj#####,tävnäjv,jäebdjv,0.040674,emvkälj,0.001032,0,0
####mtoi#####,tlommiv,myoommh,0.009709,mituoyi,0.000006,0,0
####ljvy#####,tdvyöjv,hlymlsv,0.010984,ljjvvyy,0.000107,0,0
####mffv#####,fdffvfv,fddgirv,0.009399,mdfrfbv,0.003707,0,0
####yvku#####,ydvfrrv,ybvjkmu,0.005082,ybvjkmu,0.005082,0,0
####dbdu#####,ddufduu,idufröu,0.031224,dsbjdju,0.020024,0,0
####ibdt#####,idiyitl,jboyitn,0.007078,iubndgt,0.000219,0,0
####meag#####,msmmmaa,nmmmyha,0.002620,msesasg,0.000176,0,0
####nsvt#####,tdvsnrv,stvsnjp,0.007638,nrstvlt,0.000014,0,0
####myfm#####,yyhfmfm,eshmmks,0.006522,mvynftm,0.000080,0,0
####lggb#####,glglnhb,dgbllhu,0.006828,ligjgpb,0.000125,0,0
####hyät#####,thhytää,tlhyoiä,0.040389,häydäot,0.000091,0,0
####hhdl#####,hdihhll,hjkhyly,0.020568,hvhmdnl,0.000400,0,0
####itbl#####,tbiärll,tdlyrto,0.006252,ivtibäl,0.000125,0,0
####pgfk#####,pkafffk,ptgkfak,0.016668,ptgkfak,0.016668,0,0
####obvs#####,oovsrov,tdvbdps,0.005232,okbjvhs,0.000203,0,0
####snmo#####,ssssmlo,ssskmvm,0.004431,sanomio,0.001336,0,0
####hbfn#####,bnhffhv,sbhnnlb,0.006276,hsbhfjn,0.000461,0,0
####mgek#####,mlgfmok,gevfmju,0.005986,mjgmepk,0.000237,0,0
####dägy#####,ydafgyg,idrflym,0.004359,dväggby,0.000089,0,0
####uärf#####,udrfrjr,ssrardr,0.003218,upädrgf,0.000067,0,0
####imäg#####,ieiämäa,ininrös,0.006694,ivmaämg,0.000222,0,0
####msfg#####,bsafmag,gsgfmkt,0.006606,mbsbfig,0.000040,0,0
####rvtl#####,tdvrrlv,tfärilv,0.008561,rvvetbl,0.000041,0,0
####yldb#####,ydubölb,yrtpökb,0.007446,yblpdub,0.000922,0,0
####rbet#####,tbbbrhv,rvfbuhr,0.016701,rkbjent,0.000096,0,0
####kält#####,tlllflk,tldfnkd,0.003907,kiäollt,0.000398,0,0
####nouu#####,nnunnöu,idufröu,0.036908,neoyuuu,0.000097,0,0
####uege#####,ueuerge,jdohrde,0.005707,ugeagfe,0.000106,0,0
####gävö#####,glifögv,gluföop,0.031838,gtäbvtö,0.000670,0,0
####uvvn#####,udufndv,utgenrv,0.004311,uevvvdn,0.000747,0,0
####njid#####,kdinnjd,aöilnjk,0.003489,nöjöivd,0.000087,0,0
####nttu#####,tnuftuu,tesptou,0.009147,nhtstju,0.001756,0,0
####ögyy#####,ölyföyv,oeyfpvv,0.005532,öegdyay,0.000139,0,0
####ukle#####,klulmlu,keuftuv,0.010497,upkaloe,0.000149,0,0
####oäuy#####,oouäryu,idufröu,0.008038,ouäuuty,0.000060,0,0
####jamy#####,adymmau,apimylä,0.001657,jsadmuy,0.000863,0,0
####enhr#####,eehrrrh,oeusnvh,0.004963,eynyhhr,0.000025,0,0
####lläv#####,llkfälv,nryfslä,0.014080,lblväsv,0.000603,0,0
####jheb#####,jehfnbb,jgpjnmb,0.008007,jfhjedb,0.003688,0,0
####rvis#####,ysvsrsv,hhvyfsg,0.002402,rlvdiks,0.000037,0,0
####kyäe#####,keyyfää,meyatyä,0.010009,kjyaääe,0.003499,0,0
####nbaa#####,bdbnnja,ldanhea,0.007612,nkbuasa,0.000527,0,0
####pnmy#####,npypnlm,jmypmfe,0.012252,pfntmey,0.000127,0,0
####pbgo#####,pbvfölm,pobigao,0.004095,pobigao,0.004095,0,0
####muhe#####,meufmeu,keuftuv,0.021543,mpuuhbe,0.000438,0,0
####vtöi#####,tdvfööö,tiohöyö,0.007252,votgöei,0.000283,0,0
####ierl#####,ieirrll,iealräj,0.005621,igesrnl,0.003565,0,0
####ätdd#####,tääättd,täkitld,0.016629,äotpdtd,0.000138,0,0
####gigu#####,glifglg,glifguu,0.022598,glifguu,0.022598,0,0
####ojjt#####,oättjjt,jyoöjtö,0.003536,okjejbt,0.002176,0,0
####sirb#####,ssisrib,annhrib,0.012839,sgifrub,0.003499,0,0
####yeea#####,yeyyeae,fdyurie,0.008200,yhegeöa,0.000036,0,0
####fppa#####,fäpfnjp,päpbfko,0.005503,fkprpda,0.000540,0,0
####tktd#####,tdtttlv,ttyrtgv,0.020239,täkitld,0.003051,0,0
####gnoe#####,gnifnoo,gnbföbn,0.006126,gmniope,0.000178,0,0
####pupp#####,pspppup,pouaplp,0.039630,pouaplp,0.039630,0,0
####idfs#####,idifrys,idufröu,0.034643,ifdefgs,0.000863,0,0
####ritd#####,tnrärld,ininrös,0.002214,rniytgd,0.000560,0,0
####klää#####,klläflä,bänädjä,0.013771,kmliänä,0.004146,0,0
####nsyk#####,täynnek,teyoäek,0.004829,nbsnyäk,0.001118,0,0
####udok#####,kduoööu,gluföop,0.084667,udduogk,0.000127,0,0
####jelo#####,jeefmlo,jeräeam,0.004703,jheslro,0.000225,0,0
####ynäv#####,täyänää,trvpäbä,0.006680,ypntäyv,0.000118,0,0
####eyäa#####,yäyaäyu,äeöfiyu,0.008075,egyräya,0.000256,0,0
####ärtj#####,tääätjj,täkitld,0.009826,ärrntnj,0.000219,0,0
####ivpä#####,yävprää,pkmppöä,0.011380,iyvrpkä,0.009532,0,0
####äläb#####,ääbfälb,ätlfääb,0.043338,ätlfääb,0.043338,0,0
####vdkä#####,vdvfndä,vdvaoäd,0.010512,vhdoksä,0.000274,0,0
####fekb#####,fdbfkeb,sdkfhjb,0.010116,fyekkpb,0.000132,0,0
####ugnv#####,uluhrgv,lfviräu,0.012966,utgenrv,0.001037,0,0
####bofg#####,bobfflg,okbfkdg,0.021328,bvonfig,0.002315,0,0
####ppfs#####,päpfffs,pvppfls,0.027499,pvppfls,0.027499,0,0
####trgs#####,tsrsrag,trhtttg,0.007238,tsrögis,0.003817,0,0
####mgfi#####,mlifmii,kugfrie,0.003598,mägufvi,0.000163,0,0
####jätl#####,täääflk,täkitld,0.006293,jfäntvl,0.000325,0,0
####uikr#####,knufröv,enmlrlv,0.009551,upiekar,0.000170,0,0
####uopf#####,pdpfrov,idufröu,0.006800,uäoepjf,0.000016,0,0
####puly#####,tuppplv,ruptolt,0.004698,pguslgy,0.000039,0,0
####läög#####,öääfögg,fdnföre,0.003394,lfäeöng,0.001236,0,0
####yovg#####,yovorav,yovobpm,0.015842,yaouvjg,0.000129,0,0
####pets#####,tepttls,bfptslr,0.016514,poegtms,0.000169,0,0
####bfed#####,bdbffld,bubpudu,0.004776,bkfketd,0.000100,0,0
####irlm#####,ilimram,bramkam,0.004165,idrflym,0.000561,0,0
####vprä#####,tävprjä,trvpäbä,0.028448,vapiruä,0.000493,0,0
####brur#####,bdbbrju,bobbgrp,0.004854,bsrvuär,0.000125,0,0
####kjbb#####,kdbjnjb,eulänjb,0.009689,kkjrbvb,0.000226,0,0
####liyf#####,llifrly,fdidtlö,0.005257,ltimyff,0.000047,0,0
####ehöj#####,eebföjk,gnbföbn,0.011758,eahyösj,0.000226,0,0
####utoy#####,tduyrav,ttyrtgv,0.008797,uftroäy,0.000032,0,0
####böyg#####,bbbööyg,nlbööoo,0.004319,brörytg,0.000031,0,0
####vbpr#####,bnvprjp,bhvpjiv,0.014579,vdbupvr,0.000074,0,0
####ubty#####,tdubrju,idufröu,0.027174,uvbgthy,0.000045,0,0
####hvlk#####,tdvhhlk,tvvmplk,0.020460,hbvylrk,0.000386,0,0
####dtoy#####,tdofttv,tiohöyö,0.017191,ddtloiy,0.000105,0,0
####isöj#####,ssöyiöj,släntöd,0.012403,iäsgöpj,0.000034,0,0
####ypgi#####,yliprai,ympugui,0.003280,ympugui,0.003280,0,0
####hgpv#####,pnvpphv,bhvpjiv,0.011845,higöpgv,0.001513,0,0
####vfsp#####,vdvfödp,fjrfpjp,0.007932,vmfnsmp,0.000416,0,0
####ipyf#####,idypryf,iöygpfg,0.003658,itppyef,0.000228,0,0
####ypir#####,yliprir,yägpräa,0.008490,ykpeiir,0.000353,0,0
####kgba#####,bkbaöab,bnbätbb,0.005711,kkgibja,0.000628,0,0
####gabö#####,gbiföjb,gdafeav,0.018089,ghaabkö,0.000225,0,0
####fpdu#####,fdpfösp,fdnföre,0.026655,fgptdyu,0.001136,0,0
####rrtf#####,rdtffrf,rotiref,0.006628,rvrytof,0.000199,0,0
####bipi#####,bbiprip,bgpppdf,0.006392,boibphi,0.003277,0,0
####hise#####,khihris,sjihrhh,0.006040,hviässe,0.000623,0,0
####laip#####,alipnli,dtipnhn,0.009831,lfagiäp,0.000039,0,0
####eopn#####,pepnnop,dvbnpsp,0.008808,eroepun,0.000145,0,0
####nnyk#####,nnynnlk,nbsnyäk,0.056243,njnoyuk,0.004425,0,0
####jerp#####,jjpprjv,kjekrjp,0.006360,jdevrop,0.000798,0,0
####jhpu#####,jlppögu,blppaju,0.012311,jnhäpgu,0.000872,0,0
####ssmm#####,ssmsmlm,ssskmvm,0.023585,ssskmvm,0.023585,0,0
####shrb#####,shhsrjb,söhorbb,0.063271,söhorbb,0.063271,0,0
####ygkö#####,ykgföak,ykomrbv,0.006689,ybgmkeö,0.000132,0,0
####veot#####,tovbtov,tesptou,0.009385,vheuomt,0.000015,0,0
####isuö#####,isuhrsu,idufröu,0.024070,idsvumö,0.000230,0,0
####giru#####,glifrru,gvidrou,0.051353,gvidrou,0.051353,0,0
####pbov#####,plppövv,pkmppöä,0.011003,pjbnogv,0.000055,0,0
####ikhr#####,iliärrk,ininrös,0.007464,ipkhher,0.000108,0,0
####odkf#####,odkffdk,höäfmrk,0.003661,ondjkdf,0.000064,0,0
####jbbp#####,bjbppgp,yrtpökb,0.027160,jrbsbup,0.000117,0,0
####jfud#####,jdufugu,idufröu,0.122090,jjfuund,0.000059,0,0
####jimg#####,jlimmli,jdipmsg,0.006860,jdipmsg,0.006860,0,0
####huhj#####,hdihhjh,hfmndjh,0.011696,hkuvhoj,0.000315,0,0
####hämk#####,tdihrlk,räspslk,0.012932,höäfmrk,0.000106,0,0
####dkuj#####,ddbföju,dsbjdju,0.022503,dfksuij,0.000140,0,0
####vggm#####,egvmrav,fgvlvem,0.010879,vugjgkm,0.000432,0,0
####ndis#####,kdifndi,vuiknyj,0.005043,nodkios,0.000038,0,0
####revm#####,rdvfrev,gdafeav,0.020764,rpeuvmm,0.000143,0,0
####stle#####,tslstee,klfrtee,0.007317,sjtllee,0.000026,0,0
####rsbs#####,gdrsrsb,gdkseäl,0.007243,roshbus,0.000073,0,0
####llgr#####,llalrav,lholjiv,0.008691,lylägor,0.000118,0,0
####rvye#####,tdvyree,tdlyrto,0.021891,rnveyte,0.000587,0,0
####eykk#####,tekyyyk,tlgyljk,0.013019,ebyuknk,0.000490,0,0
####spvt#####,tävptvv,svvpöps,0.006103,srpkvrt,0.000039,0,0
####öjlg#####,öjifögg,öjjplbg,0.015918,öjjplbg,0.015918,0,0
####yorv#####,yjvorjv,ykomrbv,0.005613,ykomrbv,0.005613,0,0
####hömn#####,hdhnölv,ydhneui,0.001470,huöömpn,0.000094,0,0
####hvfg#####,tdhhnlv,mjfhnev,0.003027,hhvyfsg,0.000074,0,0
####äimt#####,tämämlm,tujäöij,0.009703,ätismät,0.000189,0,0
####smru#####,ssusrru,ssrardr,0.006972,smmörgu,0.003181,0,0
####kägd#####,kdifögd,käofigd,0.011954,kmäogld,0.000269,0,0
####sbjr#####,sdbssrv,fdysnrö,0.005228,snbrjgr,0.000087,0,0
####mjtk#####,tjmmmjk,tlgyljk,0.013795,myjutuk,0.000544,0,0
####rndä#####,rärärdä,rprsndö,0.004784,runedkä,0.000471,0,0
####dtpk#####,tdppthv,ädpsöpk,0.009048,dutipak,0.000216,0,0
####jfae#####,jefffae,jäufjnh,0.003435,jiföase,0.000130,0,0
####anrb#####,anbbrjb,annhrib,0.030454,annhrib,0.030454,0,0
####oejk#####,ojeäjjk,oberjok,0.009398,oberjok,0.009398,0,0
####dvnb#####,ddvfnbb,dnvfnib,0.008954,dnvfnib,0.008954,0,0
####bhtr#####,tdbbrhr,trbergn,0.005533,byhutpr,0.000449,0,0
####mpvt#####,mdppmvv,myfptev,0.014248,mdpjvgt,0.000290,0,0
####heeg#####,tdhhele,jdohrde,0.010105,hmejerg,0.000085,0,0
####kyrp#####,yspprrp,yrtpökb,0.015126,kbyärhp,0.003090,0,0
####jvhh#####,jjvhnhh,jnvöhkh,0.004657,jnvöhkh,0.004657,0,0
####ulnt#####,tlulnlv,täkitld,0.006797,urlvnht,0.000099,0,0
####ensp#####,teppnep,jepeörs,0.009364,epntsrp,0.000340,0,0
####hyyö#####,tlyhyje,ttofvye,0.006139,hmyayjö,0.001061,0,0
####ounh#####,oouhnhu,idufröu,0.004203,oeusnvh,0.003773,0,0
####ndll#####,ndlnnll,sbhnnlb,0.005197,nedblol,0.000104,0,0
####rldd#####,rlufrld,rlirrtg,0.008475,rälgdäd,0.000983,0,0
####fkfj#####,fkuffjp,fkkffoj,0.020969,fkkffoj,0.020969,0,0
####fpao#####,foafmao,gdafeav,0.006715,fupiato,0.000261,0,0
####mdpb#####,mdmppgp,mrhpört,0.003501,mtdnpub,0.000054,0,0
####gaev#####,geaföav,gdafeav,0.185322,gdafeav,0.185322,0,0
####äykd#####,ydkäyyk,ygpäuyk,0.010601,äryakid,0.000037,0,0
####auga#####,aaahgag,hsplgay,0.007128,aruggga,0.003747,0,0
####käil#####,kliäfli,obiäfli,0.004045,köähihl,0.000150,0,0
####etde#####,tdtetee,tesptou,0.014363,eptgdbe,0.000066,0,0
####feäu#####,feuffeu,oertjeu,0.010428,fleöäju,0.000189,0,0
####köfs#####,ösöfösv,ksöffis,0.009727,ksöffis,0.009727,0,0
####rlnb#####,rlbnrlb,elkmrlu,0.021172,rälkneb,0.001729,0,0
####hääd#####,ädifälä,jhymhlä,0.008656,hbäkähd,0.000018,0,0
####svmg#####,sdvsmlv,sdöjhov,0.009000,sövymyg,0.002018,0,0
####nubn#####,neunnuu,mäunntp,0.006412,nvupbgn,0.000179,0,0
####lhov#####,hlhflav,gdafeav,0.010857,llhaoäv,0.005712,0,0
####hpgy#####,hdhpöyv,mrhpört,0.009747,hsplgay,0.000052,0,0
####bgmp#####,bbbpplm,bgpppdf,0.011004,bmgnmbp,0.000581,0,0
####nnlb#####,nllnnlb,sbhnnlb,0.137055,nonbljb,0.000814,0,0
####tjki#####,tliätik,tlgyljk,0.006195,thjhkfi,0.000124,0,0
####fiyi#####,fdifryi,fdyurie,0.012134,föikyji,0.000151,0,0
####prlb#####,plprplb,elkmrlu,0.008603,pvrblnb,0.000049,0,0
####mkkr#####,klmmrrk,koiamtk,0.015844,mpkskär,0.000025,0,0
####aiam#####,asammam,jsadmuy,0.009195,adiäagm,0.001085,0,0
####renp#####,reypnrv,rkbpnoh,0.013794,ruefnip,0.008060,0,0
####ygki#####,ykisrak,ygiojaf,0.006258,ysgpkji,0.000609,0,0
####gfjk#####,gghfnjk,gkmfäok,0.006614,gufpjik,0.001881,0,0
####vejk#####,vdvbnjv,jäebdjv,0.018850,vteejsk,0.000155,0,0
####yuny#####,yuunryu,yduonmy,0.004509,yduonmy,0.004509,0,0
####smbm#####,sdbsmlm,sdtpsym,0.018269,ssmrbmm,0.003656,0,0
####ätos#####,äsäottk,äbmtttu,0.003173,ägtyods,0.000039,0,0
####kuln#####,klunnlu,ktudneu,0.013051,kmublln,0.011905,0,0
####öint#####,tlhnööi,tldfnkd,0.013819,ötifndt,0.000276,0,0
####msru#####,msrmrjv,elkmrlu,0.008886,musörmu,0.002069,0,0
####kölk#####,klifölk,glifguu,0.006515,kuöilik,0.001204,0,0
####mvtr#####,tvvmmrv,täanmrh,0.006304,mrvbtbr,0.000074,0,0
####öenm#####,öebföam,öäefmla,0.002688,öbejnbm,0.001318,0,0
####uädp#####,ddpppdp,jäspmdt,0.003769,urändup,0.000037,0,0
####ypst#####,tsppras,tkpsrep,0.008132,ybpmsnt,0.000182,0,0
####ejby#####,yehärjv,phiorjh,0.006363,eajubny,0.000121,0,0
####jähn#####,jjäänav,ajäpnpv,0.003080,jjäyhsn,0.000143,0,0
####uiil#####,ilunrlv,lnugild,0.007541,uvihisl,0.000639,0,0
####itvi#####,tdvätrv,ttyrtgv,0.004737,intävöi,0.000007,0,0
####bgtm#####,bgbmtam,bramkam,0.011516,btgöthm,0.001754,0,0
####poej#####,pepppje,itppyef,0.009804,pgofeoj,0.000055,0,0
####inha#####,inihrhh,sjihrhh,0.018119,ihnkhna,0.000140,0,0
####ndba#####,kdbnndb,ydhneui,0.005265,nmdvbta,0.000061,0,0
####epsv#####,pepppsv,bhvpjiv,0.004649,ekpjstv,0.001668,0,0
####dmhn#####,ddanmhh,ghunmpm,0.012739,dvmehan,0.000014,0,0
####buyl#####,bdbblll,kmublln,0.014559,buuäyfl,0.001098,0,0
####egos#####,esbfehu,elkmrlu,0.004034,elgoobs,0.000051,0,0
####boii#####,boibrli,ähibrun,0.006353,bgosifi,0.000091,0,0
####rgij#####,glifrjv,gvidrou,0.003651,rugfioj,0.000179,0,0
####pbvd#####,pdvpövv,pvppfls,0.005866,pjbbvud,0.000160,0,0
####lvru#####,bdvflru,idufröu,0.022892,lfviräu,0.000810,0,0
####gpby#####,gbppöyb,lbdtöyö,0.012585,ggpbbmy,0.000125,0,0
####ädtr#####,tdäätrr,tläurrf,0.012704,äodmtbr,0.000255,0,0
####ootn#####,ootonot,tpdofoe,0.002691,omottkn,0.000325,0,0
####nhgy#####,ynhnnlh,sbhnnlb,0.050618,njhygky,0.000103,0,0
####yyhö#####,yluyyjv,yägpräa,0.003441,yoyghaö,0.001008,0,0
####fmgo#####,fdafmag,idufröu,0.013782,fimigvo,0.000067,0,0
####ikvy#####,idifryv,ininrös,0.007761,iskövpy,0.000114,0,0
####kunu#####,klufnuu,ktudneu,0.029532,ktudneu,0.029532,0,0
####hlpu#####,phphplv,fhphjbv,0.008904,hdläpiu,0.001952,0,0
####ohyt#####,tlhhthp,tlhyoiä,0.004387,odhfyöt,0.000113,0,0
####mbtk#####,tbhmmjk,tvvmplk,0.005818,mabrtfk,0.000566,0,0
####rake#####,rraarav,nvabrbk,0.018476,riadkge,0.002156,0,0
####rkkj#####,rrblrjk,ydrmnju,0.006913,rbkykäj,0.000043,0,0
####moty#####,tooomyk,myoommh,0.003858,muobtyy,0.000761,0,0
####pekl#####,pevpfll,pvppfls,0.008147,piepkel,0.000668,0,0
####ähts#####,ähhäflk,äghäeäl,0.004511,ärhvtts,0.002250,0,0
####bnäo#####,bhbbnhm,ghunmpm,0.007324,bsnhäro,0.000081,0,0
####segd#####,sdvsfld,sdbskeg,0.039095,sneaged,0.000273,0,0
####dmöy#####,ddyfyöö,odhfyöt,0.009641,dtmvöby,0.000672,0,0
####rfvs#####,tdvffsv,gdafeav,0.010201,rnfjvbs,0.000011,0,0
####vjui#####,vlväriu,lfviräu,0.008457,vkjsuyi,0.000658,0,0
####eghd#####,edihfhd,sjihrhh,0.007416,ebgphvd,0.000986,0,0
####iuhj#####,ihihrju,ihiiijj,0.015639,ikujhkj,0.001328,0,0
####tiän#####,täiärää,tänörvh,0.010953,tuieägn,0.000808,0,0
####ufäd#####,udufräd,idufröu,0.074852,upfjädd,0.000338,0,0
####äfhu#####,äähfnuu,yfäfkuu,0.007807,äefehhu,0.000071,0,0
####vbbi#####,bdvfrbi,ndvrsmi,0.010923,vjbäbji,0.000098,0,0
####munp#####,muppmup,mäunntp,0.009160,mäunntp,0.009160,0,0
####vfbt#####,bdvftdb,bätptyb,0.006777,vpfsbtt,0.000020,0,0
####idto#####,tdiätti,fdidtlö,0.007683,iudktko,0.000262,0,0
####uhho#####,hduhrav,jdohrde,0.023386,ubhfhmo,0.000041,0,0
####fbjk#####,bdbfnjp,sdkfhjb,0.004533,fpbujök,0.000030,0,0
####eily#####,keyyryv,khspdyv,0.013058,euivluy,0.000012,0,0
####yddl#####,yduygll,ydutdrs,0.014106,yfdddjl,0.000206,0,0
####ypuk#####,ykypnyk,yägpräa,0.005749,ygpäuyk,0.000783,0,0
####ertb#####,tnbbrrb,eyrfttb,0.003036,eyrfttb,0.003036,0,0
####ogih#####,onihrih,annhrib,0.027267,okgpilh,0.000102,0,0
####afeb#####,aeafeab,gdafeav,0.019745,aiftenb,0.000895,0,0
####bimä#####,bbimrlä,bdivmhä,0.008036,bdivmhä,0.008036,0,0
####fitö#####,töifööi,futftms,0.018434,fdidtlö,0.003006,0,0
####umjp#####,mdmprjv,idmpgyv,0.008207,ujmyjnp,0.000073,0,0
####dkur#####,ddufrru,idufröu,0.082409,däktumr,0.000014,0,0
####pysg#####,psappyg,pkmppöä,0.019939,pbygsdg,0.000158,0,0
####jbbk#####,jjhbbbk,äjkldpk,0.005130,jabsbkk,0.003132,0,0
####rjrb#####,rjrrrgb,rvtbfgb,0.026407,rljkrrb,0.005266,0,0
####dtgm#####,ydgmtam,ydrmnju,0.006430,dvtfgsm,0.000011,0,0
####esbe#####,edäsese,ädpsuib,0.003563,emsubte,0.000092,0,0
####vtev#####,tdvbttv,tdvbdps,0.033448,vgtöeuv,0.000249,0,0
####lymt#####,tlayötm,tlgyljk,0.013334,lfydmvt,0.000305,0,0
####bkso#####,bdbbeho,khbbono,0.012893,blkdsyo,0.000251,0,0
####nmkö#####,klöföök,kuöilik,0.008936,ntmjkjö,0.000019,0,0
####rfty#####,tdyfrru,tdlyrto,0.007667,rlfltry,0.000120,0,0
####kidd#####,kdifrld,koilded,0.024393,koilded,0.024393,0,0
####jnat#####,tltnntt,tlgndba,0.008887,jynoakt,0.000182,0,0
####ogpr#####,onpprgp,lngprkd,0.006185,oygupnr,0.002489,0,0
####sbij#####,ssisijv,stvsnjp,0.007753,söbjitj,0.000241,0,0
####joly#####,jlyorlv,elkmrlu,0.007854,jyoilgy,0.000056,0,0
####ävoj#####,oävärjv,ooväyid,0.013954,äjvsofj,0.000114,0,0
####ftgt#####,töfftlg,töftfls,0.010955,fftvgmt,0.000031,0,0
####mdäf#####,mdffrgä,bägmebä,0.004213,mhdjäkf,0.000014,0,0
####onof#####,ooofmfp,ryofnem,0.005351,ognaojf,0.000039,0,0
####biem#####,bbibeim,bkiyesm,0.003963,bkiyesm,0.003963,0,0
####ouhs#####,osuhölu,oeusnvh,0.002481,oluohos,0.000664,0,0
####bsyn#####,ydbnnya,ydhneui,0.007876,bpslybn,0.000024,0,0
####gjaf#####,gjhfrjk,gevfmju,0.006785,grjdaaf,0.000793,0,0
####äeoj#####,oeoärjj,bänädjä,0.019810,äjenoöj,0.000205,0,0
####ksav#####,kdkäkav,gdafeav,0.004381,kvssafv,0.001742,0,0
####ägas#####,oäaäsaa,äsormlr,0.003882,ängoaes,0.000051,0,0
####jpnb#####,yjppnbb,jgpjnmb,0.013548,jgpjnmb,0.013548,0,0
####ouhs#####,osuhölu,oeusnvh,0.002481,onunhbs,0.000324,0,0
####tfol#####,tloftlu,teöflsb,0.009917,tjfjoyl,0.000123,0,0
####ujdd#####,dduujjd,fduiujf,0.004592,ugjsdgd,0.000660,0,0
####bfvd#####,bdvfflv,tdvbdps,0.005799,bsfmvjd,0.000102,0,0
####ebjs#####,ysbseju,dsbjdju,0.039036,ehbnjjs,0.001000,0,0
####nior#####,noinrro,övnlrro,0.007831,nöipoir,0.000275,0,0
####iörp#####,ilöpryv,idmpgyv,0.013187,idöerup,0.001277,0,0
####gdam#####,gdammam,gdafeav,0.042057,gedbaöm,0.000998,0,0
####fgid#####,gdifgld,fdidtlö,0.014125,fggviod,0.000019,0,0
####uöbn#####,tlufödv,gluföop,0.011819,upöubrn,0.000048,0,0
####jyhä#####,ylyäyäu,deyoivä,0.004012,jhymhlä,0.000473,0,0
####hnek#####,tnihkeh,thrhnev,0.004597,htnketk,0.000039,0,0
####tlnn#####,tlhttln,tldfnkd,0.004563,tflunhn,0.001135,0,0
####rvmi#####,tdvrrlv,nermmkd,0.006449,rjvämdi,0.000227,0,0
####ngll#####,nlvnnll,sbhnnlb,0.008216,npgdldl,0.000063,0,0
####enak#####,teannak,hesjnek,0.007228,eonuakk,0.000362,0,0
####uyil#####,ylufilv,lnugild,0.008973,ueytivl,0.000130,0,0
####umpf#####,mdpfmuv,idufröu,0.005982,uhmspff,0.000016,0,0
####dihh#####,ddifehh,phiorjh,0.019321,deimhrh,0.005971,0,0
####äörj#####,ääöörjk,äkörfiä,0.009233,äsöoryj,0.005142,0,0
####duob#####,ydoböub,ydutdrs,0.007264,dauäojb,0.001129,0,0
####doth#####,tdoothh,dfomtoh,0.019602,dfomtoh,0.019602,0,0
####okjh#####,ohihjjv,ehbnjjs,0.004886,oikdjph,0.000721,0,0
####kägb#####,yäaföab,ysaovmb,0.011183,koäögbb,0.000260,0,0
####jhgt#####,tjhhflt,enhhokd,0.003586,jnhpgät,0.001749,0,0
####hssl#####,khhhrlv,hlhkrle,0.007063,hfsjsvl,0.000013,0,0
####folf#####,fdffflu,fkkffoj,0.005601,fbohlnf,0.000291,0,0
####ilru#####,ilurrlu,lnugild,0.033155,irlkrou,0.002472,0,0
####vjäd#####,ädvffää,rovnrlä,0.014435,vkjnäjd,0.000012,0,0
####oaaa#####,ooaafau,ägueeau,0.025543,otanaua,0.016856,0,0
####rpot#####,topptov,tkpsrep,0.003114,ruptolt,0.000371,0,0
####näää#####,nääänaä,bänädjä,0.012273,nfämänä,0.000832,0,0
####pnth#####,tnpnthh,punfthh,0.022643,punfthh,0.022643,0,0
####fbsp#####,fbpffls,fbifyol,0.002356,fsbkspp,0.000715,0,0
####bdpl#####,bdbbpll,bgpppdf,0.015287,bvdlpjl,0.000793,0,0
####rieo#####,reifriv,rlirrtg,0.007613,rsimedo,0.000366,0,0
####hytk#####,tyhykyk,iyhbkrk,0.005169,hsyätok,0.000293,0,0
####ddeö#####,ödbfeeö,gdafeav,0.010337,dfdöebö,0.004551,0,0
####äueu#####,äeäfeöu,yfäfkuu,0.050154,ägueeau,0.000087,0,0
####rjmk#####,kjirrjk,kjekrjp,0.006812,rljnmhk,0.000787,0,0
####ystv#####,tsvsrjv,ygsstfv,0.013222,ygsstfv,0.013222,0,0
####elnn#####,ellnnln,sbhnnlb,0.010138,efländn,0.000116,0,0
####eyhy#####,teyfyyh,äeöfiyu,0.008267,emybhoy,0.000034,0,0
####ehvä#####,tevfehv,tgeyehv,0.011418,ethtvtä,0.000044,0,0
####öokl#####,ölofölv,övvöhdl,0.010479,ödobkpl,0.001250,0,0
####vuiv#####,vuvfövv,kuvrögv,0.042853,vsuriöv,0.001117,0,0
####mpue#####,meupröu,idufröu,0.007088,mmpnuue,0.000030,0,0
####sbbe#####,ydbselb,ädpsuib,0.012921,shbrbre,0.000015,0,0
####vjue#####,väuärju,lfviräu,0.008016,vpjguoe,0.000637,0,0
####hkmv#####,thhmhlv,fddgirv,0.004972,huktmtv,0.000454,0,0
####jjäs#####,jäiääsu,rävrssu,0.014968,jäjlärs,0.001804,0,0
####flpj#####,flpfflu,mhpfrlr,0.006241,ffllpbj,0.000206,0,0
####kgsi#####,glisris,gbisinn,0.017813,kvggsyi,0.000048,0,0
####ehuö#####,eubööau,sutnfju,0.005104,eihbuvö,0.000006,0,0
####trnv#####,trhrtrv,ttyrtgv,0.014343,thrhnev,0.009122,0,0
####grvn#####,glvnnrv,rovnrlä,0.004290,giruvnn,0.000180,0,0
####ojil#####,oliorlv,phiorjh,0.006613,ovjtinl,0.000039,0,0
####öybt#####,töhyöjv,yvhffby,0.007621,ömyubit,0.000066,0,0
####fhvk#####,tdhfnhk,gdafeav,0.009484,fkhjvdk,0.000712,0,0
####eäeb#####,eäääebb,bvräeob,0.010424,eöämetb,0.001190,0,0
####döog#####,ödofögö,fdnföre,0.017605,doöhopg,0.000019,0,0
####ehvl#####,kevfehv,riafihv,0.025341,ethdvyl,0.000320,0,0
####afil#####,alafili,apimylä,0.005458,aefyirl,0.000187,0,0
####kimk#####,kbimmik,koiamtk,0.062933,koiamtk,0.062933,0,0
####gbmu#####,gbufmum,ghunmpm,0.043823,gebgmru,0.003935,0,0
####gäbi#####,gäifrii,ddäräid,0.005795,gkäbbyi,0.000281,0,0
####ooym#####,oyymmom,yrykmom,0.006466,ovoyyum,0.003274,0,0
####arka#####,anraaak,aärjkha,0.004345,aärjkha,0.004345,0,0
####lpje#####,kjlpfjv,ijmbhjv,0.006245,lepejbe,0.000045,0,0
####tlld#####,tllllld,täkitld,0.017193,ttlvlmd,0.002978,0,0
####bggh#####,bgbgfhh,ellifhh,0.007746,blgygyh,0.001450,0,0
####vtjf#####,tdvftjv,uyvmfje,0.004621,vyttjkf,0.000015,0,0
####hibr#####,hdhrrlb,jbrrhöb,0.004722,hhihbvr,0.000051,0,0
####mlbo#####,mlmfmlb,mdnamsr,0.004211,melbbno,0.000464,0,0
####trmu#####,trrftru,tfrimsu,0.045341,tfrimsu,0.045341,0,0
####pmpä#####,psppmöä,pkmppöä,0.013997,pkmppöä,0.013997,0,0
####siän#####,säinnää,ininrös,0.008294,seiräen,0.000152,0,0
####kthn#####,tltnthv,thrhnev,0.018654,kftthyn,0.000121,0,0
####ldgn#####,ldbnödg,fdnföre,0.013426,lfdmgfn,0.000066,0,0
####ruöj#####,adrföjv,fdnföre,0.009942,rhunörj,0.000062,0,0
####hiuf#####,tdifrlf,mhpfrlr,0.019932,hbigumf,0.000038,0,0
####uhsf#####,udhfrav,yvhffby,0.016438,uahpspf,0.000243,0,0
####ijlf#####,flifijl,phiorjh,0.007316,ikjnllf,0.000021,0,0
####ärsv#####,ääärrrv,äräffay,0.005031,äsrusjv,0.000879,0,0
####bndä#####,bdbnnlä,sbhnnlb,0.006667,bänädjä,0.002194,0,0
####bofs#####,bsbfrlu,bsonfäs,0.009522,bsonfäs,0.009522,0,0
####täjv#####,tätätjv,jäebdjv,0.009834,toääjdv,0.003993,0,0
####hsrr#####,kdihrrr,ssrardr,0.008668,hysärur,0.000463,0,0
####etru#####,teurrru,ttyrtgv,0.021799,emtärku,0.001307,0,0
####nhdf#####,ndhffdh,yvhffby,0.010110,nrhrdvf,0.000129,0,0
####vöbk#####,tdvfödv,tdvbdps,0.006828,vsösbbk,0.000028,0,0
####girl#####,glirrlv,giiyrhl,0.061633,giiyrhl,0.061633,0,0
####ador#####,aduorav,idufröu,0.022347,andäomr,0.000069,0,0
####jjby#####,jjhärjy,jjrjgäy,0.007380,jyjpbjy,0.000931,0,0
####ätäp#####,täyptpä,räyjtkä,0.011615,ävtiäbp,0.000024,0,0
####injv#####,ijvnrjv,ijmbhjv,0.005914,iynejev,0.000640,0,0
####beop#####,bdbbpev,boibphi,0.004969,bnevopp,0.000252,0,0
####dnsb#####,ddbnösb,fnufösb,0.019891,dunjsab,0.000075,0,0
####kntm#####,kktnmrk,kvnntom,0.007314,kvnntom,0.007314,0,0
####ltpv#####,tlppnvv,thrhnev,0.005140,lutfprv,0.000216,0,0
####pruj#####,pspärju,emtärku,0.011701,pbriuej,0.000044,0,0
####nddi#####,ddifnli,ötifndt,0.004788,npdjdli,0.000336,0,0
####sbkg#####,sbbsflk,sdbskeg,0.018854,sdbskeg,0.018854,0,0
####vejä#####,vdvärjv,jäebdjv,0.007791,vbeljvä,0.000044,0,0
####tbki#####,tlibrik,tliöägk,0.008175,tsbäkdi,0.001656,0,0
####höyr#####,hdhhröv,hbmhnöy,0.002565,hgösyar,0.000024,0,0
####fdkp#####,fdpfndp,ruefnip,0.007962,fvdmkop,0.000129,0,0
####lbyj#####,ybbföjp,gluföop,0.004387,löbyyij,0.000004,0,0
####gtii#####,glihtli,giiyrhl,0.005695,gatbiri,0.002501,0,0
####fyre#####,yeyfrre,yvhffby,0.013500,fdyurie,0.000253,0,0
####tsln#####,tlastln,tldfnkd,0.005219,tssolkn,0.000229,0,0
####detg#####,tdeteeg,tesptou,0.010750,dkevtdg,0.000758,0,0
####join#####,jliomiv,phiorjh,0.008870,jboyitn,0.000018,0,0
####tgda#####,tdagtav,gdafeav,0.024283,tlgndba,0.000167,0,0
####nepi#####,pepnnip,mäunntp,0.004598,ngefppi,0.000023,0,0
####ddlt#####,ddeftll,dkevtdg,0.003250,dgdulit,0.000222,0,0
####lgrd#####,klkfrrd,gluföop,0.013971,lngprkd,0.000371,0,0
####göhf#####,glhfööv,gluföop,0.065269,glörhäf,0.000633,0,0
####ujkg#####,jkufnjv,ukyonjm,0.007293,uöjvkug,0.000007,0,0
####irhh#####,ilrhrhk,sjihrhh,0.008450,imruhfh,0.000332,0,0
####hsus#####,ksuhrlu,khutffv,0.003012,hgsoubs,0.000045,0,0
####hiln#####,tninnll,sbhnnlb,0.006470,hridlmn,0.000044,0,0
####ulfö#####,uluföld,gluföop,0.089615,utlbfvö,0.000035,0,0
####eoät#####,täoffäu,tesptou,0.021926,euopäit,0.000011,0,0
####uaor#####,ydabrav,gdafeav,0.023635,uaamofr,0.000158,0,0
####ypab#####,ydappab,yrtpökb,0.005471,yrpiatb,0.000956,0,0
####ökäi#####,öövföäv,glifguu,0.005390,ööktäki,0.000648,0,0
####frvr#####,fdvfrrr,fdnföre,0.017501,fmrrvmr,0.000404,0,0
####hpsh#####,hdihrlh,sjihrhh,0.007366,hyposgh,0.000062,0,0
####vhte#####,tävfthv,tdvbdps,0.004632,vöhttje,0.000436,0,0
####ldto#####,tdoflto,fdnföre,0.008472,lgdptuo,0.000592,0,0
####misy#####,mdhmmyi,osäumyi,0.006302,muinsvy,0.000038,0,0
####iteg#####,tbigrgg,tkifeev,0.005673,imtredg,0.000156,0,0
####elvj#####,tevlmjv,mevrfjm,0.007896,eultvfj,0.000010,0,0
####övhl#####,ööhfölv,kuvrögv,0.007359,övvöhdl,0.000080,0,0
####gfjp#####,ggfpfjv,gevfmju,0.005890,goftjnp,0.000150,0,0
####ldmj#####,ldbfmjm,gevfmju,0.016685,ledemsj,0.000143,0,0
####mkjh#####,khmmrjh,phiorjh,0.025317,mpksjkh,0.000115,0,0
####bbet#####,bbbbejb,bnbätbb,0.011413,bubneit,0.001247,0,0
####rtsy#####,tsäyrtv,tdlyrto,0.023275,rrtvshy,0.000022,0,0
####dblu#####,ddbföuu,fdnföre,0.007373,dgbllhu,0.002390,0,0
####fovg#####,fdvfrgg,gdafeav,0.007709,fkouvhg,0.000256,0,0
####imvd#####,idvmmav,idegmig,0.013139,ilmovid,0.000210,0,0
####fvvm#####,fdvfrvv,fddgirv,0.020513,fgvlvem,0.001296,0,0
####lyns#####,ylbnnls,sbhnnlb,0.019599,lyyänfs,0.000239,0,0
####kpol#####,kjpppll,kiäollt,0.010903,kipgoml,0.000167,0,0
####keol#####,klboflu,kehäsfa,0.004283,kaekosl,0.000444,0,0
####lpjv#####,ljvpnjv,ajäpnpv,0.039134,lbptjjv,0.000988,0,0
####ebvd#####,tdvbedv,tdvbdps,0.015005,etblvpd,0.000015,0,0
####rgje#####,gjvjrju,gvidrou,0.004733,rogtjye,0.000051,0,0
####yrnu#####,yrrnrju,yufnrpo,0.005976,ydrmnju,0.003769,0,0
####ikym#####,kyimrak,dhkdrdk,0.011152,ivkpyfm,0.000319,0,0
####mlrg#####,mlarrlv,äsormlr,0.015199,mulärög,0.000312,0,0
####tyoo#####,tlootau,yämoteä,0.006360,tvyjoyo,0.000348,0,0
####dhfä#####,ddhffäu,gdafeav,0.007731,dähbftä,0.001222,0,0
####lmkj#####,klkfmjk,höäfmrk,0.019464,lempkfj,0.000021,0,0
####udbn#####,bdufndn,yduonmy,0.017071,undhbsn,0.000068,0,0
####dfkh#####,fdafnhh,gdafeav,0.011466,däfbkoh,0.000969,0,0
####pfps#####,pspffös,pvppfls,0.023638,pffdpss,0.001004,0,0
####rtls#####,tsasltu,rlirrtg,0.009545,rstplis,0.000905,0,0
####yrkd#####,ydryrdk,vfjbrdk,0.006525,yurdkmd,0.000846,0,0
####rklt#####,tltlrtu,tläurrf,0.016009,rokuljt,0.001222,0,0
####uaig#####,unuhrav,fuapiso,0.004042,ujagisg,0.000659,0,0
####ehbk#####,eehnnhk,lehgvhi,0.012454,ethkbik,0.001034,0,0
####täiv#####,täväfvv,toääjdv,0.008831,tfärilv,0.001087,0,0
####aayh#####,anahyhk,annhrib,0.007861,aganyoh,0.001247,0,0
####ukäu#####,ksuföäu,idufröu,0.012506,uäklävu,0.001007,0,0
####shid#####,sdisild,jhhlild,0.009621,sghlivd,0.005081,0,0
####khsa#####,ksahföv,gdafeav,0.010657,kehäsfa,0.000250,0,0
####höfb#####,köhföjb,sdkfhjb,0.020247,htöifbb,0.000206,0,0
####shbb#####,sdhsnlb,sthbblb,0.045751,sbhkbob,0.002044,0,0
####bbbi#####,bbibflp,bdigsig,0.013706,bnbgbki,0.000237,0,0
####kalo#####,klbolak,kiäollt,0.032055,kyamlno,0.003544,0,0
####rpjd#####,pdrprgd,äjljfje,0.002844,rfpujkd,0.000007,0,0
####jsae#####,jeoäeae,jeräeam,0.004056,jäsaaöe,0.003827,0,0
####uäsv#####,tduärav,idufröu,0.004610,umäasäv,0.000152,0,0
####rgvf#####,gdvffgv,gdafeav,0.017349,regrväf,0.000041,0,0
####urvö#####,ulvföjv,gluföop,0.007546,uärmvuö,0.000162,0,0
####jpös#####,jjppööv,bhäpösä,0.009178,jepeörs,0.000115,0,0
####syrp#####,ssyprrp,sgtsörv,0.025169,suyhräp,0.007307,0,0
####mvth#####,tvvmmhh,täanmrh,0.010283,mkvptsh,0.005978,0,0
####smss#####,ssmsmls,ssskmvm,0.007671,shmesys,0.000462,0,0
####voen#####,oovnnov,rovnrlä,0.009000,voouejn,0.000095,0,0
####immo#####,meimmoe,nermmkd,0.003762,ipmdmvo,0.000128,0,0
####joög#####,joifögu,obifpop,0.004095,jgoyöhg,0.000568,0,0
####kluj#####,kluljlu,blppaju,0.019300,ksleutj,0.000116,0,0
####feak#####,feaffak,gdafeav,0.005733,fäeaajk,0.000266,0,0
####lmhd#####,mlhfödh,ylhdmdh,0.036364,ljmnhnd,0.000017,0,0
####öloe#####,öloföök,nlbööoo,0.008810,öglyoue,0.000116,0,0
####jtän#####,tjäännu,tsbäkdi,0.004924,jotoäun,0.000066,0,0
####pbvy#####,ybvppvv,yblpdub,0.019389,pdbkvoy,0.000061,0,0
####pvks#####,tvvpnsk,mkvptsh,0.003432,pävgkbs,0.000198,0,0
####srhi#####,suirrih,sjihrhh,0.026387,srrihei,0.000026,0,0
####eyjr#####,yehbrru,yyfärnj,0.004566,egyejyr,0.000235,0,0
####ptik#####,tkppööi,pvppfls,0.004931,putbihk,0.000328,0,0
####sntf#####,täfftrt,yvhffby,0.002059,sdnttvf,0.001949,0,0
####lhkr#####,llkhrrk,elkmrlu,0.014987,lvhdktr,0.000050,0,0
####mysy#####,mehmmyv,nermmkd,0.006523,mvyssby,0.000015,0,0
####hgik#####,hlihnlk,ämikblk,0.023093,hvguivk,0.000303,0,0
####kveh#####,kdvhrov,kuvrögv,0.003104,kgvseih,0.001626,0,0
####oähp#####,ohppphp,bhvpjiv,0.006919,odälhnp,0.000090,0,0
####bgre#####,bgbbrjk,bubneit,0.007403,bpgtrse,0.000852,0,0
####jjhm#####,jhimmjv,khlemjv,0.038143,jvjähom,0.000067,0,0
####kiht#####,tlhhriv,phiorjh,0.007761,köiphrt,0.000349,0,0
####bmhh#####,bdbmnhh,örbmämh,0.007674,bpmihlh,0.001347,0,0
####yhmh#####,yhhhrlh,mhpfrlr,0.006909,ylhdmdh,0.001206,0,0
####ftts#####,fytftlu,nhtstju,0.018939,futftms,0.015651,0,0
####djho#####,ddiddjh,phiorjh,0.020749,dbjlhöo,0.000155,0,0
####hfvg#####,fdhfnlv,odhfyöt,0.004762,hrflvsg,0.000006,0,0
####ayvg#####,yvaagav,gdafeav,0.016300,agybväg,0.000186,0,0
####jhht#####,thihfhh,ellifhh,0.008264,jkhfhät,0.000030,0,0
####äibk#####,täääbik,uäästön,0.003559,ämikblk,0.000168,0,0
####ljgg#####,yjyjnjg,fjmäpjg,0.005697,lbjogkg,0.000077,0,0
####jtso#####,tloorou,tläurrf,0.010633,jvtlsjo,0.000043,0,0
####klmv#####,klvmmlv,hlymlsv,0.010473,khlemjv,0.008349,0,0
####pgäd#####,pdappää,pkmppöä,0.009022,pvgtämd,0.000111,0,0
####fägu#####,fäafgau,gdafeav,0.006330,fpävgau,0.005632,0,0
####muvd#####,mdmmmau,idufröu,0.007492,mouövrd,0.000124,0,0
####rbhy#####,rdryrhb,rlirrtg,0.003567,robehmy,0.000070,0,0
####tesj#####,tsusejv,tavnetn,0.003654,tneushj,0.000283,0,0
####mytä#####,teymmyä,ehbmryd,0.007203,meyatyä,0.000823,0,0
####jdkj#####,jdkfjjk,sdkfhjb,0.010919,jvdykoj,0.000015,0,0
####yijf#####,yjifrji,fjrfpjp,0.006955,ygiojaf,0.000949,0,0
####iiay#####,idaäraa,ininrös,0.016895,ipipajy,0.001075,0,0
####flln#####,flafnlv,sbhnnlb,0.007947,fvlnldn,0.000139,0,0
####ntfn#####,tfafttn,tldfnkd,0.003673,nbtkfön,0.000137,0,0
####kyer#####,yeyyrrv,kbyärhp,0.007860,ksyketr,0.000663,0,0
####kpem#####,keppmek,kipmmpg,0.042143,kspneom,0.000972,0,0
####gkfr#####,glöfrrk,höäfmrk,0.009029,gskefdr,0.000793,0,0
####rvsu#####,rdrrrsv,idufröu,0.002873,rävrssu,0.000308,0,0
####kipg#####,knppris,bgpppdf,0.006125,kgirpdg,0.002026,0,0
####tlbb#####,tbtbtlb,teöflsb,0.013518,tylibjb,0.000902,0,0
####rdhv#####,rdhärhv,rljkrrb,0.004114,rkduhsv,0.000214,0,0
####isev#####,isiyesv,ivskekv,0.007532,ivskekv,0.007532,0,0
####fumg#####,fdufmau,idufröu,0.208041,fbummög,0.003404,0,0
####kgbö#####,kliföjk,tlgyljk,0.012329,kdgybjö,0.000751,0,0
####ytöb#####,yyuböjb,tyubnäm,0.012409,yrtpökb,0.002271,0,0
####vjkb#####,kovänbb,eotänab,0.007938,vmjökfb,0.000183,0,0
####oidb#####,odibrip,ddäräid,0.010095,otivdsb,0.000020,0,0
####ogäa#####,oäaafau,okamneu,0.013494,odgpäoa,0.000057,0,0
####ugrk#####,ulusrrk,klugkfv,0.006799,uegirfk,0.003785,0,0
####iiij#####,ibiärjj,ihiiijj,0.037480,ihiiijj,0.037480,0,0
####giin#####,glinöii,glifguu,0.023537,gbisinn,0.000683,0,0
####rvrä#####,rävrrjv,jävmsöä,0.004701,rovnrlä,0.002936,0,0
####mpnj#####,mnpmrjv,mvtpsja,0.003731,mäpunkj,0.001626,0,0
####jnlj#####,jjjnnjv,ijmbhjv,0.005747,jänblsj,0.000021,0,0
####mprr#####,mppprjr,mvtpsja,0.008827,mhpfrlr,0.003842,0,0
####jdyt#####,tdyftdy,jddjtio,0.003860,jadmyut,0.000112,0,0
####nvsi#####,tdvnnis,ininrös,0.005049,ndvrsmi,0.000642,0,0
####kghf#####,glhfffv,yvhffby,0.014680,kugdhkf,0.000056,0,0
####mosr#####,msmrmsv,äsormlr,0.008445,mboisär,0.000108,0,0
####mnmr#####,memfmjm,gevfmju,0.004655,mdnamsr,0.000250,0,0
####nymr#####,yeanrrm,ydrmnju,0.003885,nhydmdr,0.000015,0,0
####iuti#####,tuuätru,tesptou,0.005550,iiuftki,0.001470,0,0
####kgei#####,gliföiv,glifguu,0.035209,kkgfesi,0.000142,0,0
####bäef#####,bäbffdb,bnbätbb,0.004743,bnäaekf,0.000019,0,0
####rolp#####,rlyprlv,hlymlsv,0.017523,räollgp,0.000782,0,0
####dafj#####,ddaffjj,gdafeav,0.045540,diasfhj,0.001298,0,0
####lopp#####,llppnlp,llppyfp,0.048966,lhouppp,0.000527,0,0
####ejop#####,yebppjv,ijmbhjv,0.002401,eäjnorp,0.000031,0,0
####bkpk#####,kbbpppk,bgpppdf,0.003831,bfkjpjk,0.000280,0,0
####sgev#####,glvfeev,gdafeav,0.046898,slgdehv,0.001938,0,0
####jfao#####,aäufmag,öäefmla,0.010834,jsfyafo,0.000061,0,0
####pykg#####,pkpppyk,pkmppöä,0.060860,pvyhkhg,0.000164,0,0
####gfji#####,gviffii,glifguu,0.005131,gffejyi,0.000160,0,0
####uyäe#####,yeyfräu,yägpräa,0.047582,uäyväde,0.000592,0,0
####guöp#####,glöpööv,miöpfug,0.023618,gluföop,0.004186,0,0
####vtii#####,tlvärti,vmiiron,0.003119,vgtlili,0.000814,0,0
####uuer#####,ueurrör,uegirfk,0.007962,uauyemr,0.002375,0,0
####fali#####,flafilu,glifguu,0.007944,fvadlti,0.000318,0,0
####mvfm#####,mdvfmvm,ssskmvm,0.003255,mevrfjm,0.000678,0,0
####vhke#####,thvhhok,jmkemfk,0.004001,vfhrkäe,0.000188,0,0
####gäkl#####,gävlölk,gähnäll,0.005835,gjänksl,0.000121,0,0
####orju#####,ouunnju,lutfprv,0.006026,oertjeu,0.004735,0,0
####ltpp#####,tlppnlp,llppyfp,0.069758,lättpip,0.000325,0,0
####uarh#####,uduhrav,gdafeav,0.014507,udauroh,0.003878,0,0
####ryöp#####,teöprgv,oeyfpvv,0.011088,ryymödp,0.000835,0,0
####jmäm#####,äljfmää,bägmebä,0.010559,jtmiäim,0.000007,0,0
####ejyo#####,yeyärju,phiorjh,0.006312,erjvypo,0.000098,0,0
####kite#####,tbitkek,koilded,0.003535,kyiatöe,0.002264,0,0
####änub#####,ääuänub,mäunntp,0.005319,äsnbubb,0.000183,0,0
####ändo#####,ädäfmod,ädgfleä,0.003738,äbnedyo,0.000073,0,0
####rmfb#####,mdrfrdb,eyrfttb,0.003825,rrmkfgb,0.000245,0,0
####ffbj#####,fduffjb,fduiujf,0.020674,ftfdbnj,0.000051,0,0
####ssoi#####,slisrio,gbisinn,0.024450,srsdohi,0.000063,0,0
####fptd#####,tdpfpdd,nppfkdk,0.009097,fjpntld,0.000869,0,0
####omsj#####,osmsrju,gevfmju,0.008545,ogmrsmj,0.000046,0,0
####ylfu#####,ylyfflu,yuyfdnr,0.009307,yjltfbu,0.001707,0,0
####ghjd#####,gdhhöjd,gohljdd,0.031686,gohljdd,0.031686,0,0
####äfst#####,tääfflt,täkitld,0.009742,äffssjt,0.000092,0,0
####uasr#####,udabrju,idufröu,0.029432,uäamsbr,0.000174,0,0
####öäää#####,älöfmää,gluföop,0.010036,ösäfäöä,0.000595,0,0
####bdbu#####,bdubfdu,bubpudu,0.018127,bjdäbfu,0.000421,0,0
####smjy#####,sdysmjv,sdbskeg,0.003247,sbmdjuy,0.000032,0,0
####oemb#####,oebmmjv,odbmehb,0.015523,oäemmöb,0.002298,0,0
####tvds#####,tdvstdv,tdsbäom,0.003922,tdvbdps,0.002735,0,0
####mäiy#####,mäiämyi,kämfygi,0.002296,mdädioy,0.000060,0,0
####näys#####,näyänls,kmnänys,0.009134,neätyos,0.000842,0,0
####bdvd#####,bdvfödd,bubpudu,0.006822,bvdmved,0.000166,0,0
####myvl#####,kdammsv,kipmmpg,0.012999,mfygvvl,0.000027,0,0
####lädf#####,ldlfllf,öäefmla,0.006703,lääkduf,0.000824,0,0
####därb#####,ddäbrjb,dtädrmb,0.008213,dtädrmb,0.008213,0,0
####djjn#####,ddefjjj,lnvpjjn,0.019173,dnjhjun,0.002453,0,0
####efes#####,esfffsu,msfufgm,0.011157,egfjems,0.000278,0,0
####iijy#####,ijifrjö,ihiiijj,0.025909,ieipjvy,0.002296,0,0
####apsä#####,pspaaää,hnpaödä,0.011891,alpgsmä,0.002363,0,0
####dras#####,ddaäras,gdafeav,0.013312,dbroams,0.001106,0,0
####ybhp#####,ybbpöjp,yrtpökb,0.009942,yubmhdp,0.001645,0,0
####äfss#####,ääaffls,äräffay,0.010887,äoftsds,0.000336,0,0
####keei#####,klifrie,kugfrie,0.013655,kvenemi,0.000266,0,0
####jthf#####,tlhffaf,tläurrf,0.006705,jmtehäf,0.000333,0,0
####iäsr#####,ieiäraa,iealräj,0.014855,itäisdr,0.000209,0,0
####yyoä#####,yjyoräu,lfviräu,0.010806,yiyuooä,0.001921,0,0
####shel#####,slhhelv,slgdehv,0.001864,smhkeml,0.000069,0,0
####gney#####,gygnnyh,synnnpt,0.004789,gonueäy,0.000435,0,0
####jfti#####,tdiftii,tkifeev,0.019112,jnfftii,0.002481,0,0
####llmn#####,llmfmlv,sbhnnlb,0.004105,lälvmjn,0.000294,0,0
####nhkt#####,thhnnhk,ohavnek,0.009720,nohkkst,0.000061,0,0
####jeio#####,jeimmgv,jdipmsg,0.011946,juegijo,0.000310,0,0
####ejil#####,kebfiju,kväukju,0.005970,evjaiyl,0.000188,0,0
####öppg#####,önpfösp,hnpaödä,0.012202,öupiptg,0.000572,0,0
####etnb#####,tyhbtjb,tyubnäm,0.007730,eotänab,0.001053,0,0
####säbt#####,tdtstlb,täkitld,0.011189,skähbtt,0.000007,0,0
####jsnf#####,jjhfnsf,rsffvjf,0.002381,jgsinef,0.000415,0,0
####vblu#####,bbvfölu,bhvpjiv,0.005909,vjbsltu,0.000183,0,0
####ssuk#####,ksusseu,ktudneu,0.010883,shsiugk,0.000082,0,0
####fafs#####,fdafasu,gdafeav,0.013385,fäagfys,0.002553,0,0
####bjve#####,kdvbnjv,ijmbhjv,0.004733,bgjsvee,0.000017,0,0
####ggmb#####,gbimrlm,ghunmpm,0.006689,gagsmvb,0.003057,0,0
####senb#####,eäbnnlb,sbhnnlb,0.028182,skeunbb,0.000592,0,0
####bgeä#####,bäbbelä,bägmebä,0.022288,bägmebä,0.022288,0,0
####bhvä#####,bdvbnhä,dähbftä,0.006296,bmhgvkä,0.000086,0,0
####hbut#####,tbuhtlu,tuähait,0.004689,höbluät,0.000011,0,0
####iäop#####,ioporap,ilaäify,0.002773,idäuoöp,0.000029,0,0
####ljur#####,alufrju,blppaju,0.013135,lpjkubr,0.000031,0,0
####mvna#####,tdanmja,ldanhea,0.032121,mlvfnma,0.003512,0,0
####gpst#####,ggtpöls,yrtpökb,0.016264,gspasnt,0.000436,0,0
####urtr#####,tdartru,tdlyrto,0.011828,ugrjtjr,0.000357,0,0
####oppo#####,oopppop,llppyfp,0.006025,oppnpko,0.000534,0,0
####ofut#####,täuffou,idufröu,0.050258,ohfkubt,0.000007,0,0
####ijäy#####,iäifrju,sgifrub,0.011311,ijjkäuy,0.000038,0,0
####fpjv#####,pdvffjv,fjrfpjp,0.008333,fhphjbv,0.000168,0,0
####hykg#####,tkhhylk,ygähnlä,0.007003,hpyjkmg,0.000023,0,0
####fäyo#####,ädyfyyo,odhfyöt,0.014198,fpääyuo,0.000832,0,0
####ssäj#####,ssbsfju,sfpsijl,0.012918,smsdääj,0.000347,0,0
####ädkv#####,kdväkok,gdafeav,0.002134,äddukgv,0.000371,0,0
####mmti#####,maimmöi,mimötäi,0.006696,mimötäi,0.006696,0,0
####hbvg#####,hdhhnlv,sbhnnlb,0.004213,hgbovsg,0.000019,0,0
####euns#####,yuusneu,ktudneu,0.011815,ekugnäs,0.002953,0,0
####jsdy#####,jdyyöyh,jdpbnsr,0.004068,jmsudry,0.000292,0,0
####ukve#####,udufeev,keuftuv,0.005298,usksvöe,0.000081,0,0
####bpva#####,pdappjv,fuapiso,0.004424,bbpaväa,0.000128,0,0
####pnve#####,pevnnev,bhvpjiv,0.003934,pnngvhe,0.000014,0,0
####ihgl#####,ilhgill,hlhkrle,0.024092,iphkgöl,0.002181,0,0
####fbim#####,fbiffjm,ftäpflm,0.009656,fybgiym,0.001833,0,0
####ubdi#####,udufrid,lnugild,0.011263,uibvdei,0.000005,0,0
####ägjo#####,ääaäfjo,bänädjä,0.036166,äpghjlo,0.000101,0,0
####bmpf#####,bdpfpdp,bgpppdf,0.014762,blmrpof,0.001118,0,0
####vfby#####,bdyfryb,bvräeob,0.016668,vmfbbry,0.000008,0,0
####hibt#####,tbhhrlb,sbhnnlb,0.004842,hligbdt,0.000197,0,0
####lbie#####,yliföli,obiäfli,0.006572,läbvipe,0.000010,0,0
####omeo#####,ooommoe,ykomrbv,0.005144,olmnevo,0.000055,0,0
####ohul#####,oluhnlu,elkmrlu,0.005797,ophdufl,0.000011,0,0
####beoi#####,bebbrei,bubneit,0.006164,bueroji,0.000171,0,0
####iger#####,elifrre,phiorjh,0.005252,ikgmevr,0.000091,0,0
####sgkb#####,gkbfrlb,gkmfäok,0.013901,sögykdb,0.001018,0,0
####vgug#####,vvufugu,ässävgg,0.004227,vtgsukg,0.000484,0,0
####oank#####,ooaanak,ohavnek,0.069376,ohavnek,0.069376,0,0
####pluv#####,plvpnlv,bhvpjiv,0.006212,psleuyv,0.000240,0,0
####jpnr#####,jjpprjv,jpppjfy,0.017757,jdpbnsr,0.002600,0,0
####fiyl#####,fdifrll,fvyyrlk,0.034366,fbifyol,0.000836,0,0
####bpsr#####,bdbprra,bsnhäro,0.004836,bfptslr,0.000718,0,0
####nrtd#####,tdrnrdd,tdlyrto,0.008691,nnritjd,0.000193,0,0
####hhre#####,hdihrhe,sjihrhh,0.026285,hlhkrle,0.000604,0,0
####nböe#####,beöföjk,gevfmju,0.008342,nlbyöee,0.000106,0,0
####hmdh#####,khihrlh,sjihrhh,0.016134,hfmndjh,0.000042,0,0
####fhug#####,fdafnlu,sbhnnlb,0.006663,ftheulg,0.002853,0,0
####tbrn#####,tbbnrjr,bbyindn,0.008465,trbergn,0.003681,0,0
####ghäl#####,gählnlä,gähnäll,0.029288,gähnäll,0.029288,0,0
####nböo#####,ndhföjo,gevfmju,0.006486,nlbööoo,0.000189,0,0
####vgäp#####,vävppää,iyvrpkä,0.009630,vugdäip,0.000036,0,0
####fbad#####,bdafölu,gdafeav,0.009072,fibfaud,0.001227,0,0
####utne#####,teufnev,keuftuv,0.008355,uetanee,0.001284,0,0
####duse#####,ydbsöus,jepeörs,0.005869,dbuesle,0.000034,0,0
####gigs#####,gbihrls,giiyrhl,0.021331,geiugäs,0.006467,0,0
####dkpn#####,pdppödv,ädpsöpk,0.024020,dokjprn,0.000130,0,0
####hänp#####,hnhpplp,thrhnev,0.009481,hdäjnip,0.000187,0,0
####rukj#####,rurbnjv,ydrmnju,0.015452,rbufkgj,0.000013,0,0
####ijkf#####,ijifrjf,lrifäjo,0.009206,ikjnkef,0.000090,0,0
####älea#####,keaäale,oeuäbek,0.004754,äelteea,0.000213,0,0
####beän#####,bebbneä,bobbgrp,0.002952,bjeeään,0.000712,0,0
####yjrd#####,yduyrjv,ydrmnju,0.028145,yujrrfd,0.002173,0,0
####pbiä#####,pbppöää,pkmppöä,0.011633,peboisä,0.000266,0,0
####naäu#####,näafnau,ntygdaä,0.003585,naapäou,0.001123,0,0
####gpbä#####,gbippää,gähhviä,0.005618,ghppbnä,0.001554,0,0
####breb#####,bdbbrjb,bobbgrp,0.004664,bvräeob,0.000506,0,0
####hypf#####,ydyppyv,idmpgyv,0.025517,hmygpnf,0.000729,0,0
####robd#####,rdiordb,rdobfrg,0.004468,ruotbnd,0.000052,0,0
####fvvo#####,fdvförv,fdnföre,0.080027,fgvfvno,0.007345,0,0
####mndv#####,mdhfmvd,mhjmnhm,0.003859,manpdov,0.000049,0,0
####hsnk#####,thhhnlk,thrhnev,0.007504,hesjnek,0.000177,0,0
####peij#####,pepppji,oehlpjo,0.015118,pdeditj,0.000243,0,0
####tstu#####,tshstau,nhtstju,0.008197,tesptou,0.007175,0,0
####brvi#####,bdvbrii,tdvbdps,0.022978,bmrbvmi,0.007204,0,0
####nmye#####,neynmem,hesjnek,0.004625,nbmeyde,0.000045,0,0
####näeu#####,neufnau,äeöfiyu,0.006600,ntäbeeu,0.000764,0,0
####yhol#####,khhonlv,kiäollt,0.009768,yuhjonl,0.000410,0,0
####fmlr#####,mlyfrlr,rlirrtg,0.030435,fjmälär,0.000044,0,0
####hlsf#####,adhfllf,ädgfleä,0.010138,hölkssf,0.000083,0,0
####hhkp#####,hdihphk,huhpkmp,0.002894,huhpkmp,0.002894,0,0
####ngäm#####,näamnam,bramkam,0.007262,ngghähm,0.000386,0,0
####ohfd#####,odhfrdv,jdohrde,0.018515,oähtfmd,0.000122,0,0
####lbgt#####,tbhbtag,trhtttg,0.006329,lnbpgnt,0.000018,0,0
####mtkt#####,tlymmtk,trnvtsk,0.012197,mbtokgt,0.000018,0,0
####muyk#####,kuymruk,rybmeyk,0.002944,mgudypk,0.000585,0,0
####töäy#####,töhtöyä,tlhyoiä,0.010107,tjöäädy,0.000176,0,0
####gsby#####,gbifösb,gbäböiy,0.012988,glsebby,0.000398,0,0
####vyjh#####,ydvsrjh,phiorjh,0.005223,vjypjph,0.000026,0,0
####lvlk#####,llvflvl,mlvfnma,0.015259,lövmlak,0.000284,0,0
####yyvr#####,ydvfrrv,ydutdrs,0.007103,yiyovfr,0.000233,0,0
####fgjf#####,ggfffjf,fglbnjj,0.004561,fdgyjef,0.000103,0,0
####öugn#####,ölufögv,gluföop,0.073643,ökupgyn,0.000325,0,0
####ekpm#####,pkpmmfv,bgpppdf,0.004581,egkgppm,0.001093,0,0
####eheb#####,enhmehb,odbmehb,0.022016,efhrekb,0.005472,0,0
####tpäf#####,täyptaä,tesptou,0.009814,ttpeäkf,0.002489,0,0
####ryaö#####,teööraö,jeräeam,0.006224,rpytapö,0.000059,0,0
####egiy#####,geiföyv,glifguu,0.003689,ekghiey,0.000074,0,0
####mjkh#####,kjrfrjk,kjekrjp,0.005475,mojekhh,0.000036,0,0
####mjey#####,memmmjv,khlemjv,0.005734,msjhety,0.000037,0,0
####bdjr#####,bdbbrjd,bobbgrp,0.003918,brdkjrr,0.000105,0,0
####näpa#####,nääpnla,mäunntp,0.006612,nfäepma,0.000156,0,0
####jrem#####,jemmrev,deimhrh,0.003711,jeräeam,0.001934,0,0
####jgfu#####,jjhffgu,jkggfhu,0.010778,jkggfhu,0.010778,0,0
####fehh#####,fdhfnhh,bevftgh,0.009679,foenhmh,0.000255,0,0
####fjmo#####,fdffmju,gevfmju,0.011315,fojpmmo,0.000193,0,0
####eötr#####,teuöörv,keuftuv,0.012581,eoöltar,0.000079,0,0
####ovii#####,oovnriv,ooväyid,0.028417,otvvivi,0.000522,0,0
####anfr#####,anafrfg,annhrib,0.003802,aenofur,0.000599,0,0
####mbdm#####,bdbmmgm,bdivmhä,0.003256,mebddem,0.000836,0,0
####äfhm#####,äähfmlm,bägmebä,0.002630,ähffhbm,0.001447,0,0
####japi#####,anppngi,änjphii,0.012861,jäafpii,0.001673,0,0
####dmhr#####,ddimrrh,ehbmryd,0.003171,dlmdhgr,0.000045,0,0
####bosp#####,bsbpplv,bgpppdf,0.025839,brotsyp,0.000137,0,0
####örph#####,önöförv,kuvrögv,0.008551,ökraphh,0.000458,0,0
####okfä#####,ookffäu,opkäfjä,0.087492,opkäfjä,0.087492,0,0
####avtb#####,tnabtab,mrvbtbr,0.007043,aövttub,0.005118,0,0
####onpb#####,onbpnbp,dvbnpsp,0.003441,ovnjpbb,0.000540,0,0
####ipmj#####,ipmmrji,fjmäpjg,0.010151,iupemnj,0.000262,0,0
####djoh#####,hdoböhh,sdrvemh,0.004192,ddjmoth,0.003469,0,0
####jolu#####,olaollu,elkmrlu,0.008791,jfoalsu,0.004162,0,0
####äeae#####,teaäeae,jeräeam,0.007208,äöeuabe,0.000044,0,0
####svös#####,sdvsööv,sgtsörv,0.036064,svvpöps,0.017205,0,0
####vbeh#####,bnvbehv,bubneit,0.011680,vgbeeoh,0.000459,0,0
####amäo#####,asaamää,gsgfmkt,0.004171,asmöälo,0.000208,0,0
####kefu#####,keuffeu,ktudneu,0.012736,kiegfhu,0.002634,0,0
####mond#####,mdoomdd,myoommh,0.009136,mmoenfd,0.005024,0,0
####tdnd#####,tduntdd,tnökndv,0.026634,tldfnkd,0.002008,0,0
####jted#####,tdtteee,tdeheia,0.017862,jätreud,0.000260,0,0
####fuöb#####,fduföjb,fnufösb,0.041929,fnufösb,0.041929,0,0
####ppfo#####,popfffp,pvppfls,0.014400,päpbfko,0.010327,0,0
####dkob#####,ydobökb,rdobfrg,0.018751,drklojb,0.000374,0,0
####jiis#####,jsisrls,obiäfli,0.005863,jtiribs,0.002205,0,0
####gddj#####,gdiföjd,gevfmju,0.006788,gpdmdkj,0.000167,0,0
####upge#####,uepprav,uetanee,0.010663,ukpkgre,0.001704,0,0
####dypf#####,pdpfpyp,päpyiul,0.005005,dtyupdf,0.000035,0,0
####yjey#####,yeyyrje,fdyurie,0.007872,ygjueyy,0.000212,0,0
####fktr#####,tktfrru,tläurrf,0.006255,fkkitpr,0.000540,0,0
####htgy#####,tdhytjv,trhtttg,0.017130,hhtögny,0.000065,0,0
####bbds#####,bdbsfdb,bsbidks,0.003984,bsbidks,0.003984,0,0
####gfbn#####,gbhfnbb,sbhnnlb,0.004092,gofjbgn,0.000334,0,0
####jskf#####,kjiffak,ksöffis,0.010801,jvsakpf,0.000323,0,0
####oäga#####,oäaagaa,oääogna,0.015428,oääogna,0.015428,0,0
####dkäj#####,ddkfäjä,sdkfhjb,0.032705,dykdäjj,0.000316,0,0
####önro#####,ölöfmrv,gluföop,0.005479,övnlrro,0.000949,0,0
####yäpm#####,yäypram,yägpräa,0.069669,ygägpom,0.003862,0,0
####ynrr#####,yeyyrjr,yägpräa,0.003591,ygnjrtr,0.002119,0,0
####iarj#####,inajiju,iealräj,0.020588,iealräj,0.020588,0,0
####ikpl#####,ilpprll,mhpfrlr,0.012472,irkhpsl,0.000144,0,0
####ubde#####,udueödv,äduethn,0.006806,uöbadfe,0.000011,0,0
####tpkh#####,tkppthk,trnvtsk,0.006338,tfpmkph,0.000112,0,0
####rukm#####,rdrfrav,idufröu,0.003807,rvuäkäm,0.000073,0,0
####jvgp#####,jjvpngv,ajäpnpv,0.014228,jivbgrp,0.000936,0,0
####pmpr#####,psppmrp,bgpppdf,0.005887,pnmtpur,0.000339,0,0
####ibvi#####,idvgöiv,idöerup,0.005590,ihbövei,0.000233,0,0
####mfdy#####,mdyfyyd,odhfyöt,0.006240,myfedmy,0.000224,0,0
####snai#####,säinnia,sbhnnlb,0.014179,smnkaui,0.000235,0,0
####oifi#####,onifrip,bvonfig,0.009985,obiäfli,0.001555,0,0
####uynm#####,ydunmjm,ghunmpm,0.029115,ukyonjm,0.000209,0,0
####fhle#####,flhffle,nlbyöee,0.006387,fhhmlve,0.000031,0,0
####fkod#####,fdkföou,lykföim,0.026788,fgkuoäd,0.000465,0,0
####hplm#####,phhpplv,ftäpflm,0.012681,hupklnm,0.000197,0,0
####näkv#####,nevfnsk,dnvfnib,0.006277,neäukev,0.000294,0,0
####edsr#####,sdirrre,fdyurie,0.005282,eldssär,0.000130,0,0
####pdge#####,pdvppdg,pbygsdg,0.002533,psddghe,0.000167,0,0
####ohpo#####,ooppmop,fhphjbv,0.003684,oehlpjo,0.000018,0,0
####bppf#####,pbpfpjp,obifpop,0.012045,bgpppdf,0.001960,0,0
####gbbr#####,gbifrrb,gsgfmkt,0.003479,gublbnr,0.000153,0,0
####äiiä#####,äliääii,obiäfli,0.004893,ägieidä,0.000178,0,0
####dkrk#####,kdirrrk,mddgkbk,0.005821,dhkdrdk,0.002833,0,0
####ened#####,tdbnndd,yduonmy,0.003548,egnjesd,0.000210,0,0
####rgkf#####,ggifrhf,giiyrhl,0.007007,rmgvksf,0.000261,0,0
####hphä#####,hhipphä,bhvpjiv,0.003484,hsplhfä,0.000036,0,0
####vunt#####,tuväntu,ktudneu,0.015103,vkujnät,0.000602,0,0
####idlv#####,ydifivv,hllvjrl,0.004255,isdiliv,0.000067,0,0
####toge#####,toootav,tänörvh,0.005134,tjoygae,0.004015,0,0
####vyvj#####,vdvnrjv,idmpgyv,0.011219,vmyyvdj,0.000121,0,0
####lgbe#####,klglnhb,sbhnnlb,0.007863,lpgkbpe,0.000048,0,0
####fäek#####,teäffek,yvhffby,0.004535,foäyeek,0.000076,0,0
####nyyb#####,yyynnyb,sbhnnlb,0.012595,npykyub,0.001219,0,0
####ojyj#####,yjyärju,kjekrjp,0.011483,otjyylj,0.000049,0,0
####ohrl#####,klhhrlv,thrhnev,0.012423,oyhträl,0.000046,0,0
####yäku#####,yäyfrau,yägpräa,0.006210,yfäfkuu,0.001514,0,0
####kmyi#####,klimmyk,koiamtk,0.013958,kämfygi,0.000258,0,0
####möfg#####,blömmag,huöömpn,0.011652,miöpfug,0.000106,0,0
####hghm#####,hhimflv,kyhmklf,0.006267,högnhfm,0.000020,0,0
####obkg#####,obbhfhk,okbjvhs,0.015526,okbfkdg,0.006044,0,0
####iemg#####,ieimrlg,iekmsdr,0.009706,idegmig,0.002165,0,0
####iuom#####,iuomrau,elkmrlu,0.008673,imubovm,0.000011,0,0
####emrv#####,temmrrv,ykomrbv,0.010576,enmlrlv,0.003716,0,0
####tbuu#####,tbubthu,tesptou,0.022860,tibmutu,0.002342,0,0
####frsp#####,fsrfrrp,fkkffoj,0.008259,frresjp,0.000437,0,0
####mhuä#####,msuämäu,eshmmks,0.005894,mohiugä,0.000282,0,0
####käyy#####,käyäyyk,kämfygi,0.011337,ktätyny,0.001649,0,0
####jott#####,täiortt,jeootft,0.016267,jeootft,0.016267,0,0
####rytä#####,terrfäu,tesptou,0.008538,räyjtkä,0.000028,0,0
####losu#####,llofölu,glifguu,0.014950,lnomsäu,0.000220,0,0
####kntk#####,tbifntk,tflunhn,0.004739,kpnutrk,0.001914,0,0
####gtdb#####,gdgböhb,gbäböiy,0.009699,gktldäb,0.000103,0,0
####jdgy#####,jdyyödp,jjnylml,0.004905,jndngjy,0.000087,0,0
####yfrj#####,yuufrju,yvhffby,0.008924,yyfärnj,0.000954,0,0
####mävl#####,mdvämll,mdnamsr,0.006446,meämvml,0.000963,0,0
####minm#####,meimmem,mhjmnhm,0.003612,mriunam,0.001299,0,0
####nysn#####,tdynnys,ybhnyrp,0.004793,nsyusen,0.000040,0,0
####pirh#####,päiprhv,pkmppöä,0.019531,phiorjh,0.015620,0,0
####ipye#####,ieyprya,ieipjvy,0.013749,igpiyöe,0.000142,0,0
####pjyb#####,pbppyyb,pkmppöä,0.004218,pbjsyhb,0.003201,0,0
####fttt#####,fyftttt,fätktdt,0.008546,fätktdt,0.008546,0,0
####dvvv#####,ydvfövv,oeyfpvv,0.011951,dfvövgv,0.001929,0,0
####jujh#####,jhuhjju,jäufjnh,0.009668,jäufjnh,0.009668,0,0
####mftv#####,memfmvv,mhsfmkn,0.002562,myfptev,0.000282,0,0
####smbr#####,sdbsmrb,ibrsmrs,0.012435,simrbrr,0.000189,0,0
####äämj#####,äämmmjm,fjmäpjg,0.004058,äväamlj,0.001256,0,0
####vltn#####,tlvfnlv,tldfnkd,0.017678,vrletdn,0.000135,0,0
####kyhp#####,klypöyv,khspdyv,0.034908,kgyähyp,0.000759,0,0
####bjss#####,bsbsnjs,hsbhfjn,0.007052,bmjisys,0.000014,0,0
####rdeä#####,rdyäräu,opkäfjä,0.004178,rndsenä,0.000863,0,0
####nänb#####,nääänab,nyäknöb,0.007706,nyäknöb,0.007706,0,0
####kyyö#####,klyföye,kgyähyp,0.005336,kryjyjö,0.001920,0,0
####afvä#####,adaffää,dähbftä,0.004825,aöfavsä,0.000129,0,0
####evud#####,tdvfrdu,idufröu,0.014067,egveund,0.000078,0,0
####ithp#####,tsiprav,toääjdv,0.001936,iftohgp,0.000028,0,0
####rygy#####,gdyfryv,ykomrbv,0.005516,riyhghy,0.000182,0,0
####dsve#####,ydvföev,gdafeav,0.010646,dksyvne,0.000009,0,0
####ydil#####,yduyill,ybisiku,0.014102,yödgirl,0.000638,0,0
####gmäk#####,gäifääk,gkmfäok,0.013736,gkmfäok,0.013736,0,0
####beyg#####,bbbbflg,bobbgrp,0.008206,boehysg,0.000170,0,0
####rkks#####,rsbsrsk,nvabrbk,0.004511,rnkakks,0.000399,0,0
####gbön#####,gbhfögv,sbhnnlb,0.029616,gnbföbn,0.001857,0,0
####ägrr#####,äääarjv,äjgyrhr,0.003877,äjgyrhr,0.003877,0,0
####urmt#####,tdramju,tfrimsu,0.022621,uprnmot,0.000408,0,0
####mhjo#####,mdmmmjo,ndmkrio,0.007181,mehsjäo,0.000144,0,0
####imgl#####,ilrfrlg,elkmrlu,0.010955,ismogel,0.000268,0,0
####mhrd#####,mdhmmhd,eshmmks,0.008940,mphyrnd,0.002500,0,0
####bpmi#####,bbpbrji,boibphi,0.005822,bvpomvi,0.001717,0,0
####käko#####,kekäfoo,kmnänys,0.007480,käävkro,0.000871,0,0
####mbbu#####,bbummbu,idufröu,0.005022,mlbtbdu,0.000291,0,0
####gsnr#####,gnifnsv,gvsynsr,0.009098,gvsynsr,0.009098,0,0
####oido#####,tdiorid,ddäräid,0.008371,oyirdäo,0.000050,0,0
####äkke#####,keäffök,uegirfk,0.005795,äakkkse,0.000084,0,0
####vbmn#####,bbvnmdv,bmgnmbp,0.005689,vjbsmun,0.000117,0,0
####rsjd#####,rdisrjd,äjljfje,0.003786,rasbjed,0.000103,0,0
####tiev#####,tdifevv,tkifeev,0.049728,tkifeev,0.049728,0,0
####eigf#####,eeifrig,gvidrou,0.004088,eiibglf,0.000269,0,0
####jrgy#####,jjhfrrk,jkhfhät,0.007298,jjrjgäy,0.001932,0,0
####vmso#####,vdvämov,devämup,0.006796,vfmjsho,0.000009,0,0
####myrp#####,ylppmjp,ykomrbv,0.004182,mäyarpp,0.000109,0,0
####nrep#####,nlppnee,dtipnhn,0.005823,nkriemp,0.000083,0,0
####uösa#####,tdusöau,idufröu,0.008830,umöäsma,0.000049,0,0
####ltdm#####,tlmmtad,tldfnkd,0.011862,lttddkm,0.000019,0,0
####dayb#####,ydabyab,dsalylb,0.007201,dsalylb,0.007201,0,0
####tädg#####,tdhätdg,täkitld,0.014152,tväodhg,0.000337,0,0
####ovyd#####,tdvyödd,ryymödp,0.004863,ooväyid,0.001731,0,0
####iuus#####,iuuhrsu,uvihisl,0.013577,inuöuss,0.001601,0,0
####ygen#####,ygynnav,sbhnnlb,0.004765,yjgvesn,0.000317,0,0
####rpde#####,pdrsree,jdohrde,0.002838,rdpedpe,0.000234,0,0
####dääd#####,ddäfääm,anjfärm,0.013335,ddäräid,0.001914,0,0
####mlvi#####,mlvfmlv,mlvfnma,0.005729,mrlmvii,0.000247,0,0
####bdre#####,bdbbrre,rdobfrg,0.003350,bodgrde,0.000988,0,0
####obeb#####,onebebv,omkpebv,0.010573,odbmehb,0.001921,0,0
####rogä#####,rovorgu,gortfpä,0.030457,rvosglä,0.000169,0,0
####bjpä#####,bsbppjä,blppaju,0.018460,bgjgphä,0.000920,0,0
####lsib#####,ylifylb,ygähnlä,0.007398,losdipb,0.000096,0,0
####pöso#####,öspsöav,ädpsöpk,0.020325,pgöasmo,0.000057,0,0
####dlsg#####,dlbföls,gluföop,0.012819,dblfsyg,0.000453,0,0
####äpma#####,määpmlm,ftäpflm,0.010911,ärphmma,0.000109,0,0
####irom#####,ieomrav,ykomrbv,0.034683,ijryoäm,0.000079,0,0
####öbef#####,tdöföjb,teöflsb,0.035527,öäbyeff,0.000002,0,0
####ljib#####,yljfnjb,plvjikb,0.003264,lojäifb,0.000267,0,0
####jfim#####,jlifmii,äkjfmrn,0.004979,jrffipm,0.000450,0,0
####vuua#####,uduauau,idufröu,0.005709,vyuyupa,0.000463,0,0
####mmit#####,mlmmmöi,mimötäi,0.012054,mfmairt,0.000120,0,0
####grfä#####,gävffäu,gevfmju,0.006206,gortfpä,0.001199,0,0
####tyäk#####,täyttyk,trnvtsk,0.007056,teyoäek,0.002038,0,0
####tssl#####,tskstlg,usdstty,0.010340,tosusbl,0.000116,0,0
####jhid#####,tdihnli,fdidtlö,0.006166,jhhlild,0.001727,0,0
####mjgy#####,mjhfmjv,gevfmju,0.022426,mijegny,0.000043,0,0
####koid#####,kliföod,klkypov,0.009520,käofigd,0.000327,0,0
####dinn#####,ddinndn,ydhneui,0.004666,dtipnhn,0.001066,0,0
####rpbä#####,gbrprää,äprätyä,0.002672,rkpkbuä,0.000035,0,0
####avvö#####,alhaövv,llhaoäv,0.015389,avvrvyö,0.001078,0,0
####oetp#####,topptop,llppyfp,0.006408,otentbp,0.000690,0,0
####jkmk#####,kjifmik,koiamtk,0.021555,jmkemfk,0.001586,0,0
####rtfb#####,tyrfrab,eyrfttb,0.006959,rvtbfgb,0.001973,0,0
####fäfm#####,fdaffam,äräffay,0.007907,ftäpflm,0.001791,0,0
####ehms#####,ksbmrhv,ykomrbv,0.012189,eshmmks,0.000629,0,0
####öääd#####,ödöföäv,öäefmla,0.012188,ökäfänd,0.000317,0,0
####mevn#####,mevfmev,gevfmju,0.004544,moegvun,0.000010,0,0
####jjav#####,jävajav,jäebdjv,0.025397,jfjkatv,0.003496,0,0
####imhv#####,ilhhmvv,ylhdmdh,0.005274,ijmbhjv,0.000433,0,0
####udty#####,tduftdu,idufröu,0.048167,usdstty,0.000354,0,0
####liäo#####,llkfnää,tldfnkd,0.008442,lrifäjo,0.000194,0,0
####ueöu#####,teufööu,idufröu,0.041385,ukeyöju,0.000614,0,0
####häjo#####,tdhämjv,fhhmlve,0.003319,hfärjio,0.000011,0,0
####kilt#####,tlilfit,tlhyoiä,0.003519,kdiilyt,0.000175,0,0
####nuge#####,neuänag,eejinkg,0.013726,nnuigve,0.001224,0,0
####mnng#####,mnmnmgg,mmnrnbg,0.005637,mmnrnbg,0.005637,0,0
####lrtä#####,tlrätaä,bänädjä,0.009736,lbratmä,0.000782,0,0
####jäöt#####,tläfööö,jlekövi,0.009737,jgätöbt,0.002384,0,0
####tävö#####,tävätav,tiohöyö,0.009820,tiälvöö,0.000195,0,0
####yrfy#####,ydyfryu,yvhffby,0.007563,yerdfey,0.000718,0,0
####tivö#####,tdvpövv,fdidtlö,0.013694,tjitvbö,0.002881,0,0
####fpgy#####,fäpfpyp,fjrfpjp,0.010669,fipigmy,0.000843,0,0
####munb#####,mbumrub,idufröu,0.005369,mgudnfb,0.004625,0,0
####yuds#####,ydusrlu,idufröu,0.012253,ydutdrs,0.006233,0,0
####lögk#####,klvföll,kuvrögv,0.017664,lvökgrk,0.000024,0,0
####kpse#####,ksppkee,kspneom,0.017155,kdpgsve,0.003380,0,0
####jpei#####,jeppnii,nepöäji,0.009937,jmpteäi,0.000795,0,0
####nörh#####,khifrah,phiorjh,0.006865,npörrgh,0.000494,0,0
####desl#####,ddbbell,sdbskeg,0.008850,ddevsfl,0.000916,0,0
####kläv#####,klklälv,klugkfv,0.005854,kyläähv,0.002431,0,0
####dbpp#####,pdpppdp,pdbkvoy,0.004987,dvbnpsp,0.003269,0,0
####vvod#####,vdvnrov,rovnrlä,0.051854,vdvaoäd,0.009730,0,0
####gkel#####,glifelg,grigegs,0.004355,gdkseäl,0.000529,0,0
####äugm#####,ääammag,bramkam,0.004918,äkuagnm,0.000261,0,0
####usoä#####,ädusräu,idufröu,0.007059,uksnouä,0.000175,0,0
####bner#####,bbbrnje,bksrnpl,0.005187,bfngesr,0.000058,0,0
####tunm#####,taumtrm,tyubnäm,0.028057,tyubnäm,0.028057,0,0
####sotf#####,täfffrt,tkpsrep,0.009804,saontpf,0.000102,0,0
####jnhs#####,tlhonls,elgoobs,0.001822,jrnjhns,0.000012,0,0
####vmms#####,vsvsmlv,vjbsmun,0.005379,vumpmos,0.000935,0,0
####gfjä#####,gghffäu,gevfmju,0.035440,göfjjiä,0.000754,0,0
####ädhe#####,ädhäehe,lehgvhi,0.011233,äudrhte,0.000011,0,0
####opfl#####,poofflp,vroullb,0.004735,ofpifdl,0.000116,0,0
####kaät#####,täaafäk,kmraguy,0.005572,kaaläöt,0.000837,0,0
####ousu#####,ouusöuu,kuvrögv,0.005090,otumsäu,0.000768,0,0
####gääu#####,gääfgäu,gevfmju,0.016047,ggäbäku,0.004378,0,0
####slyp#####,ssypnlp,ävyemlp,0.014069,selyyäp,0.001647,0,0
####rsgp#####,gsrprsv,gyrrfuv,0.005321,rlspgpp,0.000298,0,0
####uief#####,udufriv,keuftuv,0.008001,ujijeff,0.000177,0,0
####aiyä#####,asiäyää,apimylä,0.037785,apimylä,0.037785,0,0
####ässs#####,äsapyss,äsormlr,0.005432,äustsos,0.000307,0,0
####imgv#####,ilvmmav,ivhmeoj,0.002447,idmpgyv,0.001743,0,0
####hjvg#####,hdvhnjv,idmpgyv,0.007928,hyjvvdg,0.000063,0,0
####lhvi#####,tlvflhv,gdafeav,0.014221,lehgvhi,0.000033,0,0
####äuif#####,äuäffuk,odhfyöt,0.003297,ädudibf,0.000236,0,0
####pddg#####,pdpppdg,fkprpda,0.011610,pvdhdng,0.000084,0,0
####nnam#####,nnamnam,nermmkd,0.007696,nhneatm,0.001250,0,0
####ntlm#####,tlymnam,kvnntom,0.003313,notslam,0.000764,0,0
####lyuö#####,ylbffau,mlbtbdu,0.011113,laymumö,0.000037,0,0
####jemr#####,jemmrjr,gevfmju,0.006266,jmevmir,0.000093,0,0
####iepp#####,iepprip,tkpsrep,0.005977,idekpnp,0.003526,0,0
####yjsö#####,ysisrjs,bfisrms,0.018216,yrjosuö,0.000084,0,0
####vjrk#####,kävärjv,stvsnjp,0.011205,vfjbrdk,0.000156,0,0
####gjmi#####,glifmji,giiyrhl,0.008458,grjämmi,0.001624,0,0
####hnbä#####,bnhänlä,sbhnnlb,0.017922,hknbböä,0.000020,0,0
####hnmt#####,tntmtlv,täkitld,0.011870,hfnlmät,0.000033,0,0
####fäfi#####,fdiffii,idufröu,0.006107,fpäoffi,0.000167,0,0
####fikä#####,täifrää,yägpräa,0.008759,fiijksä,0.000471,0,0
####iypg#####,isypryp,yoyghaö,0.008191,iöygpfg,0.006885,0,0
####siok#####,tbisiik,tkifeev,0.003403,shitokk,0.000593,0,0
####älni#####,ääifnli,kpäfnty,0.006333,äflänäi,0.000460,0,0
####kssp#####,kskprös,kspneom,0.005638,ktsöspp,0.000101,0,0
####bbtb#####,bdbbtjb,bnbätbb,0.017990,bnbätbb,0.017990,0,0
####iddv#####,idifirv,ihiiijj,0.012666,ivdidmv,0.000727,0,0
####iirs#####,isiirös,ininrös,0.106346,ininrös,0.106346,0,0
####ebrn#####,ebbnrjv,ehbnjjs,0.011730,eibdrun,0.004619,0,0
####rbek#####,reirrhk,rlirrtg,0.033823,rybmeyk,0.000653,0,0
####dpvy#####,ddvypvv,päpyiul,0.006945,dlptvjy,0.000735,0,0
####äsys#####,äsyäyyk,isräyöj,0.010086,äfsyyes,0.002277,0,0
####kfäb#####,käfffäb,kämfygi,0.010331,krfdäeb,0.001041,0,0
####rkyg#####,klyfrhk,fvyyrlk,0.006046,rlkäyrg,0.000048,0,0
####tytv#####,tyymtrv,ttyrtgv,0.008378,ttyrtgv,0.008378,0,0
####lehd#####,tlhföhd,lehgvhi,0.006783,lmejhgd,0.000045,0,0
####noth#####,tohonhh,punfthh,0.007539,noovtsh,0.001781,0,0
####ruya#####,rdayrjy,udauroh,0.009011,rpuiyra,0.000199,0,0
####pkäi#####,psppäiä,pkmppöä,0.014768,pokhäli,0.000119,0,0
####tähy#####,tähärav,kbyärhp,0.015998,teäohöy,0.000126,0,0
####teea#####,teeteee,thdutie,0.007994,tdeheia,0.001211,0,0
####flai#####,flafilu,fdidtlö,0.027709,fpluami,0.000117,0,0
####snfd#####,sdffnld,skjfhld,0.007615,stnöfjd,0.000085,0,0
####bkhr#####,bdbbrjk,khbbono,0.003575,blklhvr,0.000016,0,0
####upun#####,unppnuu,ugppufn,0.006305,ugppufn,0.006305,0,0
####dekb#####,ydbbeek,äelteea,0.004720,dyeskrb,0.000012,0,0
####vvhr#####,vdvnrvv,fddgirv,0.007008,vhvihbr,0.000148,0,0
####ffdv#####,fdvfpvv,fddgirv,0.024363,fkfudbv,0.000924,0,0
####llhy#####,llallav,gdafeav,0.004111,lnlihky,0.000094,0,0
####fleu#####,flafflu,gevfmju,0.007910,frläevu,0.000302,0,0
####toöö#####,tlhöööv,tiohöyö,0.017693,tiohöyö,0.017693,0,0
####äish#####,äähäöla,gähnäll,0.004199,ähieseh,0.000705,0,0
####iovf#####,fdvfrrv,phiorjh,0.002640,imoevjf,0.000006,0,0
####invk#####,inifnrk,dnvfnib,0.005227,ienovnk,0.000453,0,0
####joöl#####,ölilflk,vgtlili,0.004914,jvobövl,0.000091,0,0
####oäsj#####,oäsärjj,äsöoryj,0.008466,otämsnj,0.001406,0,0
####ebdä#####,dbebfhä,dähbftä,0.036412,eobvdpä,0.000131,0,0
####jdto#####,tdäteoh,sdrvemh,0.006635,jddjtio,0.000530,0,0
####gumm#####,guufmrm,ghunmpm,0.065616,ghunmpm,0.065616,0,0
####itur#####,tnuärau,idufröu,0.010694,ivtmurr,0.000034,0,0
####kjod#####,kdioföd,kyiatöe,0.011948,kojmopd,0.000600,0,0
####oöjr#####,oöuorrj,ouvhsrr,0.004975,olöojör,0.002859,0,0
####odje#####,odejjje,sdkfhjb,0.005173,ojdbjne,0.000198,0,0
####tdkö#####,tdkftav,tiohöyö,0.021483,trdikrö,0.000471,0,0
####fsdf#####,ydffflf,ksöffis,0.006133,frsvdnf,0.000045,0,0
####iryj#####,iraärju,ihiiijj,0.005078,isräyöj,0.000189,0,0
####duaj#####,ddufajj,fduiujf,0.010066,däukabj,0.002621,0,0
####äyan#####,yäannyn,mäunntp,0.004702,äeysaän,0.000094,0,0
####yjbö#####,yhisöjb,yrtpökb,0.008107,yijibiö,0.000239,0,0
####kvöv#####,kdvfööv,kuvrögv,0.035436,kuvrögv,0.035436,0,0
####kboo#####,kbbofov,pdbkvoy,0.006853,khbbono,0.004016,0,0
####fsvy#####,fdvföyv,fdnföre,0.024989,ftsgvky,0.000611,0,0
####tpjt#####,tjpptjp,tesptou,0.007906,tjpsjbt,0.000930,0,0
####mrvp#####,mlvpmvv,llppyfp,0.003056,mmruvöp,0.000595,0,0
####yavb#####,ydabrav,gdafeav,0.023547,ysaovmb,0.004953,0,0
####ynyl#####,ykynnlp,fvyyrlk,0.014892,yönpyrl,0.000791,0,0
####äpök#####,ääöföök,ädpsöpk,0.002729,ädpsöpk,0.002729,0,0
####tpgp#####,tnyptpp,ykyhtpt,0.008495,tjpeghp,0.000355,0,0
####ölkn#####,ölvfölv,gluföop,0.009660,öhläkon,0.000141,0,0
####freb#####,fdffrre,fdyurie,0.020539,förheob,0.000085,0,0
####peyi#####,pepspyi,preoyyi,0.005181,preoyyi,0.005181,0,0
####yhfy#####,ydhfray,yvhffby,0.022527,yvhffby,0.022527,0,0
####elnb#####,eebnnlb,sbhnnlb,0.031574,eulänjb,0.000230,0,0
####pspi#####,psipppi,pkmppöä,0.015756,pbsdpoi,0.006007,0,0
####uväe#####,udufeäv,idufröu,0.006022,uivfäpe,0.000092,0,0
####fdiv#####,fdifivv,fddgirv,0.026422,fddgirv,0.026422,0,0
####arsg#####,asrhrsg,ssrardr,0.010184,afrhsfg,0.002489,0,0
####faio#####,foafroi,fnufösb,0.007878,fuapiso,0.004170,0,0
####sref#####,gdffrev,seiräen,0.011433,strieöf,0.000039,0,0
####pmjs#####,psppmju,ärphmma,0.002919,pbmhjms,0.000032,0,0
####äjhi#####,ähiäili,obiäfli,0.021576,änjphii,0.000116,0,0
####voip#####,vovprov,boibphi,0.006473,vtoäimp,0.000058,0,0
####ijba#####,ibaärjb,ihiiijj,0.006859,ipjkbua,0.000139,0,0
####skev#####,kssfeev,tkifeev,0.056096,sbkueav,0.001935,0,0
####djgh#####,ydifnjh,phiorjh,0.008102,drjsgth,0.000454,0,0
####oesk#####,osesrkk,msesasg,0.004536,oaejstk,0.000365,0,0
####sigr#####,gbisriv,giiyrhl,0.003222,sgivggr,0.000401,0,0
####nodu#####,ndufndu,fdnföre,0.007729,niosdgu,0.000138,0,0
####pffp#####,päpfffp,pvppfls,0.012087,ppfifjp,0.004958,0,0
####lkmä#####,tlkfmlä,öäefmla,0.016820,lkkkmnä,0.003184,0,0
####laha#####,alahlau,ägueeau,0.005659,ldanhea,0.000213,0,0
####tfet#####,tefftet,jeootft,0.010921,tefoeät,0.003460,0,0
####yttp#####,tytprjs,yägpräa,0.007255,yutktop,0.000180,0,0
####nmya#####,kyynnla,aganyoh,0.004664,nmmmyha,0.000386,0,0
####lfij#####,flifilu,ihiiijj,0.002879,lofviyj,0.000061,0,0
####ärtä#####,tärrtlä,täkitld,0.008280,äprätyä,0.002963,0,0
####ääfy#####,kähffyk,yvhffby,0.014172,äräffay,0.000997,0,0
####jeöi#####,jeefmii,jepeörs,0.005330,jlekövi,0.001162,0,0
####byrm#####,bsbbrjm,bsfmvjd,0.005454,bnyärbm,0.001949,0,0
####rrbb#####,rdrrrjb,rvrrblb,0.010636,rvrrblb,0.010636,0,0
####dumr#####,ddummrm,fbummög,0.006329,dvugmhr,0.000593,0,0
####ätae#####,teaätak,teyoäek,0.011751,ästvaue,0.000006,0,0
####ksuö#####,klksööu,usksvöe,0.030966,kfsbuhö,0.000109,0,0
####yfro#####,ydyfrro,yvhffby,0.015263,yufnrpo,0.001639,0,0
####jsuk#####,jlufugu,glifguu,0.005466,jtsfuvk,0.000173,0,0
####geyy#####,geyfryv,oeyfpvv,0.006193,gheäyby,0.000225,0,0
####jugd#####,jdusögu,idufröu,0.006803,jtulgdd,0.001234,0,0
####fmip#####,flmprgi,sumpföb,0.006079,fomäibp,0.000085,0,0
####yasj#####,ysusrju,ägueeau,0.011795,yaamsfj,0.000191,0,0
####fjrb#####,fdffrjb,äpmfneb,0.008594,fpjkrrb,0.001801,0,0
####nfre#####,neffrre,nendrbd,0.005952,ndfirne,0.000915,0,0
####öddy#####,ödifödv,fdnföre,0.011843,öpdsdgy,0.000135,0,0
####elot#####,tloftou,tesptou,0.017206,etlfoet,0.000036,0,0
####äirn#####,ääinrjv,mäunntp,0.013280,ähibrun,0.001324,0,0
####trmu#####,trrftru,tfrimsu,0.045341,turumbu,0.027469,0,0
####ggsd#####,gdiggsd,grigegs,0.014146,gvgösvd,0.000284,0,0
####umvg#####,mdummav,idufröu,0.006960,ugmbvhg,0.000032,0,0
####tsaj#####,tsustav,äsrusjv,0.005063,thsöavj,0.000134,0,0
####nsdp#####,kdppndp,rprsndö,0.003918,nmsfdnp,0.000007,0,0
####iptg#####,isiprag,biiptft,0.007958,inpdtkg,0.001545,0,0
####kägh#####,kdhföap,käofigd,0.007225,krädggh,0.000068,0,0
####itie#####,iyiftei,iiuftki,0.007034,istlile,0.001279,0,0
####bjju#####,bjuönju,blppaju,0.008700,bjjjjou,0.001040,0,0
####hyjk#####,hjhhkjk,iyhbkrk,0.001942,hnymjok,0.000777,0,0
####yeev#####,ydveeev,yäeöeov,0.034336,yäeöeov,0.034336,0,0
####rvvy#####,ydvnrvv,rovnrlä,0.005584,rivhvgy,0.000096,0,0
####nöäy#####,nlöfnää,tldfnkd,0.014186,npömävy,0.000040,0,0
####hbjs#####,hhbhnls,hsbhfjn,0.046752,hnbäjos,0.000205,0,0
####uole#####,kluorlu,elkmrlu,0.011950,usollhe,0.000036,0,0
####hdfv#####,kdhffdv,khutffv,0.014382,hjdlfiv,0.001293,0,0
####kini#####,klinniv,khtmtik,0.004573,kgidngi,0.002957,0,0
####kttk#####,kbtkttk,khtmtik,0.021876,khtmtik,0.021876,0,0
####vipd#####,vdvppiv,bgpppdf,0.003280,vainpfd,0.000156,0,0
####ahij#####,anihijk,aöilnjk,0.005000,afhoijj,0.000165,0,0
####lsdk#####,kdkfösd,rlhsöjt,0.010498,lfshdok,0.000014,0,0
####yytt#####,yyttrls,töftfls,0.012247,ykyhtpt,0.001377,0,0
####tölb#####,töbltab,teolgal,0.017377,teöflsb,0.002086,0,0
####nehl#####,klhnnlh,sbhnnlb,0.047584,njemhsl,0.000019,0,0
####bttb#####,tbbbtjb,bnbätbb,0.009846,bätptyb,0.003285,0,0
####ädaa#####,ädaädaa,ldanhea,0.009374,äfdgama,0.000090,0,0
####nlgp#####,nlgnnlp,sbhnnlb,0.009002,nplugsp,0.000346,0,0
####dmoö#####,ödofööö,tiohöyö,0.008769,demnomö,0.000189,0,0
####nmro#####,neymmao,nermmkd,0.006034,ndmkrio,0.005983,0,0
####stfu#####,tsfftau,idufröu,0.006382,sutnfju,0.000678,0,0
####vlsu#####,vlvfllu,elkmrlu,0.005917,vjlrsku,0.000464,0,0
####obkä#####,oobfnäu,otumsäu,0.001936,oiblkmä,0.000765,0,0
####äähk#####,äääfähk,ätlfääb,0.008780,äräthak,0.003155,0,0
####uääj#####,ääuärju,idufröu,0.009721,uhäkäuj,0.000025,0,0
####igyu#####,isifryu,idufröu,0.025343,iugnysu,0.000199,0,0
####öänp#####,önvpöyv,öäefmla,0.004811,ösäfnkp,0.004053,0,0
####stsm#####,tsumtlm,täkitld,0.005076,sdtpsym,0.000428,0,0
####ämnb#####,yäbänlb,oäemmöb,0.004362,äpmfneb,0.001225,0,0
####brkn#####,bhbbrjk,uärbnmn,0.007171,bärhkfn,0.000132,0,0
####dful#####,ddufplu,idufröu,0.065103,dtfuurl,0.000074,0,0
####indm#####,idifrnd,ininrös,0.019538,iinbdbm,0.000926,0,0
####jrhb#####,jhhärjb,jfhjedb,0.009424,jbrrhöb,0.001130,0,0
####bynn#####,bbbnnyn,bbyindn,0.007826,bbyindn,0.007826,0,0
####ömdf#####,ödöfööv,fdnföre,0.014080,ösmedef,0.000116,0,0
####bitt#####,tbirrlt,obiäfli,0.003401,biiptft,0.000546,0,0
####ääbl#####,ääbäflb,öäefmla,0.005812,ätäibml,0.000130,0,0
####bbuu#####,bbubölu,kmublln,0.007110,bubpudu,0.001384,0,0
####ebtm#####,tebbejm,rybmeyk,0.003736,erbathm,0.000048,0,0
####rbro#####,rbbbrov,rotiref,0.005190,rjbirfo,0.003626,0,0
####bnsy#####,bdbnnja,odhfyöt,0.002749,bdnlsey,0.000631,0,0
####uipa#####,unuprpv,kfupitv,0.006016,udirpva,0.000112,0,0
####gfnr#####,gnhfnrg,gdafeav,0.003316,gefpnlr,0.002825,0,0
####ötöy#####,tlyöööv,tiohöyö,0.010451,öytbödy,0.000720,0,0
####tlro#####,tlttrlu,elkmrlu,0.042345,tdlyrto,0.000883,0,0
####mdsv#####,mdmmmvv,bemdmen,0.005440,mrdrsiv,0.000454,0,0
####rekf#####,rdffrhf,rotiref,0.008698,rneokof,0.000441,0,0
####jddk#####,jdifedk,jdipmsg,0.004825,jndhdgk,0.001760,0,0
####tvpk#####,tkvptvv,tesptou,0.010651,tvvmplk,0.007727,0,0
####ledi#####,ddbfmld,tldfnkd,0.003371,lpetdgi,0.000029,0,0
####voro#####,tovärov,lfviräu,0.012159,vnojrlo,0.000944,0,0
####äokh#####,äähfrpk,äämfegy,0.002590,äjodkgh,0.000149,0,0
####fieö#####,feifööö,fdnföre,0.006825,foiieäö,0.000110,0,0
####ldpe#####,pdppööv,jepeörs,0.016344,ludmpöe,0.000094,0,0
####äfbk#####,bääffob,äräffay,0.007241,älfsbsk,0.000024,0,0
####eink#####,keinnik,hesjnek,0.003422,eliengk,0.003239,0,0
####jbli#####,jlafmli,öäefmla,0.005346,jrbflyi,0.001100,0,0
####uedj#####,tdufjjv,fduiujf,0.009365,uneyduj,0.000042,0,0
####gäje#####,gäiäejv,gevfmju,0.003024,gäärjne,0.002234,0,0
####pkyr#####,kypprrk,yönpyrl,0.006483,pfkdypr,0.000098,0,0
####snem#####,säännem,ryofnem,0.014768,ssnyemm,0.001908,0,0
####mdkk#####,kdhmmkk,koiamtk,0.013534,mddgkbk,0.002638,0,0
####eeje#####,ejbejje,frefeie,0.005162,eyeöjse,0.002858,0,0
####uvye#####,tdufrjv,fdyurie,0.035792,uhvsyae,0.000404,0,0
####täat#####,tätätat,tänörvh,0.015332,tuähait,0.000247,0,0
####omöj#####,olömmjk,uyvmfje,0.012190,oämaöbj,0.000165,0,0
####fgkp#####,fsöfnpk,ösäfnkp,0.010722,fögyklp,0.000122,0,0
####nojr#####,njiorju,phiorjh,0.040805,nfoujgr,0.000152,0,0
####pädö#####,pdpppdv,pkmppöä,0.015775,ptäädnö,0.000376,0,0
####ähvn#####,ädhänhv,gdafeav,0.008261,äahvvvn,0.000027,0,0
####ämtu#####,tääämuu,toääjdv,0.001764,äbmtttu,0.000176,0,0
####rrnö#####,rlrnööö,rlhsöjt,0.024692,rprsndö,0.001652,0,0
####mdäh#####,mdmfmgä,oäemmöb,0.007694,mädhäyh,0.000065,0,0
####häij#####,hhihijv,ihiiijj,0.019379,hbäeiej,0.000057,0,0
####upyu#####,tdppösu,fhphjbv,0.002875,uvpuypu,0.000816,0,0
####smfb#####,sdffmbb,ädpsuib,0.006974,sumpföb,0.000162,0,0
####yymm#####,ysummjm,orbamjm,0.013913,yrykmom,0.006245,0,0
####lyit#####,tliyöti,tlgyljk,0.016622,lpyriht,0.000075,0,0
####kgre#####,gbbkrre,trbergn,0.006649,kugfrie,0.000866,0,0
####obil#####,olinrlv,ininrös,0.007194,oubjiel,0.000054,0,0
####äuke#####,äeufeek,oeuäbek,0.050930,älugkke,0.000161,0,0
####jsbd#####,tdisnlb,ädpsuib,0.011096,jismbjd,0.000060,0,0
####btky#####,tybbtyk,muobtyy,0.005823,bttökjy,0.000026,0,0
####mteg#####,temmtge,elkmrlu,0.002740,mjtteag,0.000029,0,0
####pvkv#####,tkvppvv,oeyfpvv,0.009312,psvjkyv,0.000611,0,0
####jnth#####,thinnhh,phiorjh,0.029507,junötph,0.000168,0,0
####emfe#####,eeffmfe,eihföfe,0.014903,ejmlfme,0.000151,0,0
####npyu#####,nuypneu,buypngy,0.007369,nrpjybu,0.001246,0,0
####btal#####,bdbbtju,bnbätbb,0.004021,bbtiaol,0.000059,0,0
####yvey#####,ydvyöyv,fdyurie,0.007992,yjvgevy,0.000055,0,0
####tamh#####,tdumtak,vgmmtgh,0.002189,täanmrh,0.001767,0,0
####äjop#####,ääpppok,bänädjä,0.004552,äkjmoip,0.000060,0,0
####rirg#####,rlirrgv,rlirrtg,0.050074,rlirrtg,0.050074,0,0
####mlrö#####,klörmlk,elkmrlu,0.004976,mlltroö,0.000972,0,0
####ivhe#####,idiärev,phiorjh,0.003679,ihvbhäe,0.000503,0,0
####jvhh#####,jjvhnhh,jnvöhkh,0.004657,jevphfh,0.001750,0,0
####vleh#####,vlvhnlh,vlldevh,0.010697,vlldevh,0.010697,0,0
####lbbf#####,bdhfflb,vroullb,0.004256,lnbnbif,0.000039,0,0
####dtil#####,tdiftli,fdidtlö,0.010585,dytjiöl,0.000068,0,0
####öuvä#####,öövföäu,sövymyg,0.005747,öyutvrä,0.000291,0,0
####gotd#####,goiorod,gvidrou,0.012203,gnoptnd,0.000222,0,0
####yvbm#####,ydvböjv,yovobpm,0.004264,yovobpm,0.004264,0,0
####imuu#####,ieuämöu,idufröu,0.027360,ibmpubu,0.000317,0,0
####bpul#####,bsbpnlu,boibphi,0.005754,btpvuol,0.000036,0,0
####huje#####,hdushjv,idmpgyv,0.003475,hnuujie,0.000509,0,0
####nhud#####,udunnhu,yduonmy,0.005587,nbhourd,0.000003,0,0
####knkk#####,kbkfnök,kpäfnty,0.009292,ktnjkjk,0.003891,0,0
####sirh#####,ksisrih,sjihrhh,0.025941,sjihrhh,0.025941,0,0
####ömvn#####,ölvfönv,gevfmju,0.016427,öämivbn,0.000017,0,0
####oipp#####,topprip,tkpsrep,0.004293,obifpop,0.000442,0,0
####mdyp#####,mdypmyp,mäyarpp,0.003427,mmdyyip,0.000231,0,0
####ulim#####,alifrlu,elkmrlu,0.010027,ugliinm,0.000119,0,0
####luid#####,llbfilu,lnugild,0.004690,lnugild,0.004690,0,0
####rkjr#####,kjrrrjr,kjekrjp,0.007782,rrktjdr,0.000228,0,0
####uvfe#####,udufrov,gdafeav,0.010548,uyvmfje,0.000441,0,0
####ölof#####,öloföav,ogtflfv,0.010898,öölpoäf,0.000131,0,0
####etvj#####,täebejv,tgeyehv,0.034730,edtpvsj,0.000013,0,0
####yahh#####,yyuhrah,sjihrhh,0.014155,ymadheh,0.001108,0,0
####ibpu#####,ibupröp,idufröu,0.035102,iöblpfu,0.000803,0,0
####äluf#####,ädhfflu,öäefmla,0.005779,äsljusf,0.000060,0,0
####dtlp#####,tdpptll,tesptou,0.015324,dutjlbp,0.000022,0,0
####äjmn#####,ääänmjm,mäunntp,0.009346,äkjfmrn,0.000111,0,0
####jyme#####,jeymmee,jeräeam,0.005545,jmypmfe,0.001182,0,0
####rgbo#####,gnbärhb,giiyrhl,0.004533,rägubno,0.000050,0,0
####pyfd#####,pdpfpdd,yvhffby,0.017673,peyöfnd,0.000981,0,0
####nrmd#####,ndrmrdd,nermmkd,0.068825,nermmkd,0.068825,0,0
####otlv#####,tlvoltv,tlgyljk,0.007450,ogtflfv,0.000839,0,0
####sjuh#####,sshsulu,nähvuah,0.004571,skjpush,0.000112,0,0
####sätl#####,täääflv,täkitld,0.016930,shälthl,0.000044,0,0
####hmgs#####,klhhrls,hlhkrle,0.015807,hjmngns,0.000085,0,0
####jäht#####,tlhäflt,jhhlild,0.004204,jeäghft,0.000085,0,0
####urdo#####,tdrordv,tfrimsu,0.007105,uurmduo,0.000098,0,0
####sdoo#####,sdosroo,tdlyrto,0.004631,sddvoro,0.001174,0,0
####dläf#####,dlafmlu,öäefmla,0.009528,deltäof,0.000042,0,0
####aomp#####,aopomom,myoommh,0.007998,atommäp,0.000682,0,0
####koud#####,kduorou,idufröu,0.144236,kloruad,0.000511,0,0
####äkdk#####,kdäfdök,vdädjbk,0.023756,äjkldpk,0.000525,0,0
####omnv#####,oovfmrv,dnvfnib,0.004313,opmgnsv,0.000537,0,0
####ihkk#####,ihhhrhk,iyhbkrk,0.017220,iyhbkrk,0.017220,0,0
####upnr#####,uduprjr,idufröu,0.003203,umptnlr,0.000390,0,0
####riek#####,teirrik,uegirfk,0.012648,räipebk,0.006336,0,0
####obmh#####,oobhöhh,oabbmih,0.025609,oabbmih,0.025609,0,0
####öbäh#####,öööföhv,riafihv,0.011218,örbmämh,0.000019,0,0
####pehy#####,pepppyh,jevphfh,0.010429,preähfy,0.000492,0,0
####otöf#####,tooföav,ttyrtgv,0.010236,omtvöbf,0.000154,0,0
####vjuo#####,vlvärju,idufröu,0.006761,vjjnufo,0.000018,0,0
####uätn#####,täunrrn,mäunntp,0.014704,uäästön,0.000323,0,0
####kusb#####,kdusrub,kiurspb,0.009700,kiurspb,0.009700,0,0
####äpub#####,ääbänub,yrtpökb,0.003410,ädpsuib,0.000129,0,0
####tpkp#####,tkpptpk,trnvtsk,0.004332,tnpnköp,0.002196,0,0
####fivo#####,fdvfrrv,fdnföre,0.021331,fkitvmo,0.000138,0,0
####stöv#####,tltsööv,sgtsörv,0.009870,sgtsörv,0.009870,0,0
####hlne#####,phhhlle,onhlhle,0.011049,hblgnle,0.000744,0,0
####jjeö#####,jeeööje,jeräeam,0.005418,jäjiekö,0.000517,0,0
####fyyf#####,ydyffyf,fdyurie,0.007888,fhyuyof,0.000153,0,0
####eute#####,tutftue,turumbu,0.004419,ehuätöe,0.000189,0,0
####rhso#####,rdhorso,söhorbb,0.009522,rshfsfo,0.008372,0,0
####fgef#####,gdfffee,gdafeav,0.010071,fygreäf,0.000077,0,0
####gbss#####,gsisrls,gsbgsäs,0.008788,gsbgsäs,0.008788,0,0
####hdhb#####,hhihnlb,odbmehb,0.012327,hhddhib,0.001263,0,0
####jrgg#####,jjirrgg,jdipmsg,0.007364,jmrmgtg,0.003611,0,0
####kutv#####,tutpörv,lutfprv,0.046212,keuftuv,0.004954,0,0
####yrgf#####,ydrfrag,yvhffby,0.024369,yärngmf,0.000678,0,0
####vgrf#####,gävfrjv,yvhffby,0.003884,vogmrpf,0.000161,0,0
####öema#####,ölvföav,peyöfnd,0.006940,öäefmla,0.000267,0,0
####tdbv#####,tdtbtdv,ttyrtgv,0.013726,thdybov,0.001326,0,0
####mtav#####,tlammav,hlymlsv,0.008157,mptuayv,0.000293,0,0
####yänä#####,yäyäräm,bnyärbm,0.034536,ygähnlä,0.001789,0,0
####mhsk#####,mlhmmkk,eshmmks,0.009710,mihtsvk,0.000754,0,0
####kmgl#####,klafmlk,kuvrögv,0.007175,kumrgol,0.000300,0,0
####jfjt#####,jjfffjt,jäufjnh,0.011954,jgfrjot,0.001331,0,0
####sndi#####,sdiföld,sdbskeg,0.005810,sinhdji,0.000054,0,0
####gdjs#####,gdijöju,jdipmsg,0.010152,grdejys,0.000161,0,0
####uäde#####,udufmdv,keuftuv,0.012135,uräpdte,0.000023,0,0
####nppr#####,npppnjp,blppaju,0.004443,nepmpär,0.000512,0,0
####pnai#####,nnimmpi,dtipnhn,0.004198,pbnkabi,0.000088,0,0
####dnyh#####,ydynyhh,ydhneui,0.006016,deniydh,0.001346,0,0
####ekie#####,keifeev,keuftuv,0.004453,edkviue,0.000210,0,0
####pobs#####,psppplb,pvppfls,0.002716,pkodbgs,0.000005,0,0
####bllä#####,bbblnlä,bägmebä,0.006404,bmlyljä,0.000397,0,0
####haät#####,thahtäv,thrhnev,0.011770,haagäpt,0.000105,0,0
####bmmn#####,bdbbmlm,bdivmhä,0.006506,bemdmen,0.000844,0,0
####töpj#####,töppöjv,tmfpfyp,0.005479,teönpkj,0.000156,0,0
####grlh#####,glilrhh,giiyrhl,0.074242,gmraldh,0.000163,0,0
####lhgf#####,löhffag,lövmlak,0.013198,lkhmgaf,0.003024,0,0
####modf#####,mdofmof,jdohrde,0.004699,mroädnf,0.000993,0,0
####iuru#####,ieufröu,idufröu,0.107415,idufröu,0.107415,0,0
####ghev#####,glvfnov,grhtesv,0.024017,grhtesv,0.024017,0,0
####jyuu#####,jlyfösu,glifguu,0.011828,jkyvumu,0.003561,0,0
####ftld#####,tdfftld,fdidtlö,0.022394,fltrlod,0.001060,0,0
####ootp#####,topppop,obifpop,0.021914,osogtmp,0.000231,0,0
####flnj#####,flffnlu,gevfmju,0.006427,fglbnjj,0.004467,0,0
####pupe#####,pepppöp,pouaplp,0.012890,pjujpie,0.002905,0,0
####gplg#####,glippsg,jdipmsg,0.007622,gvpylvg,0.002937,0,0
####tntk#####,thhnnlt,trhtttg,0.005030,trnvtsk,0.003790,0,0
####ooly#####,klyorlv,olöojör,0.004981,otoblry,0.000331,0,0
####ufkä#####,täufrää,idufröu,0.023207,ujfmkhä,0.000059,0,0
####togl#####,toootag,täkitld,0.003381,teolgal,0.000565,0,0
####bjäp#####,bsbpnjä,bhäpösä,0.030025,bmjnärp,0.000100,0,0
####änpg#####,ääpänög,mäunntp,0.002690,ävnupbg,0.000028,0,0
####tffp#####,tdpftfp,tmfpfyp,0.021770,tmfpfyp,0.021770,0,0
####volb#####,olvbrlb,rovnrlä,0.007198,vroullb,0.001029,0,0
####eulö#####,eebffau,äeöfiyu,0.009308,eiuhlmö,0.000036,0,0
####gäöy#####,gläföyv,gluföop,0.024810,gbäböiy,0.002578,0,0
####iysb#####,ysibryb,ininrös,0.005381,ieyfspb,0.000436,0,0
####fyrk#####,ysyfrrk,fvyyrlk,0.011033,fvyyrlk,0.011033,0,0
####änjn#####,äoännjk,nyäknöb,0.003751,äpnijtn,0.000125,0,0
####dlgj#####,ddbföju,fdnföre,0.018063,dslygvj,0.000021,0,0
####vväl#####,vävnnlä,rovnrlä,0.023098,vkviäil,0.000331,0,0
####pähl#####,phvpplv,pvppfls,0.006561,pfäthdl,0.000050,0,0
####hsfy#####,kdhffjy,odhfyöt,0.009357,hisdfty,0.000063,0,0
####ovht#####,thvntth,thdutie,0.005733,ofvfhit,0.000981,0,0
####lydo#####,ldkfölo,fdnföre,0.007228,lfyydmo,0.000276,0,0
####örej#####,gböffjv,ksöffis,0.005985,öjrdeoj,0.000031,0,0
####thtg#####,tshhtag,trhtttg,0.012194,trhtttg,0.012194,0,0
####rfvf#####,rdvfrdv,mdfrfbv,0.005243,rsffvjf,0.003102,0,0
