input,lower_deck_output,upper_deck_winner,winner_activation,target,target_activation,excluded,over_threshold
###pouçnir###,pouprir,pourrir,0.038314,pouvoir,0.033451,0,0
###vouîyir###,vouioir,vouloir,0.232830,vouloir,0.232830,0,0
###preosre###,preesre,prendre,0.006574,prendre,0.006574,0,0
###falhjir###,falloir,falloir,0.781245,falloir,0.781245,0,1
###trogâer###,trogter,troquer,0.016111,trouver,0.005547,0,0
###laiâder###,laiieer,laisser,0.110708,laisser,0.110708,1,0
###arrmxer###,arrméer,arrêter,0.038808,arriver,0.020123,0,0
###preaïer###,preeeer,presser,0.052467,premier,0.020190,0,0
###semuïer###,semmuer,sembler,0.101905,sembler,0.101905,0,0
###queibue###,qubique,quelque,0.048294,quelque,0.048294,0,0
###devwhir###,devhhir,devenir,0.093916,devenir,0.093916,0,0
###revüïir###,revveir,retenir,0.028731,revenir,0.009991,0,0
###preâkue###,preueue,presque,0.011681,presque,0.011681,0,0
###appüher###,amppher,amputer,0.025745,appeler,0.000548,0,0
###arrumer###,arrumer,arrimer,0.459887,arrêter,0.004201,0,0
###penâont###,pensont,pensant,0.011420,pendant,0.007558,0,0
###chapgre###,chapgre,chapeau,0.018351,chambre,0.008541,0,0
###derçcer###,derêcer,dernier,0.070935,dernier,0.070935,0,0
###assûjir###,abssrir,asseoir,0.007097,asseoir,0.007097,0,0
###touller###,touller,tailler,0.041070,tourner,0.010457,0,0
###insfynt###,inntant,instant,0.052397,instant,0.052397,0,0
###margler###,margler,morfler,0.021076,marcher,0.017496,0,0
###silâzce###,silâice,silence,0.053528,silence,0.053528,0,0
###quiêfer###,quilter,cuiller,0.092355,quitter,0.006287,1,0
###écoïôer###,écoïter,égorger,0.036071,écouter,0.010559,0,0
###essüwer###,esssser,estimer,0.011880,essayer,0.001705,0,0
###noukxau###,nouaeau,nouveau,0.380535,nouveau,0.380535,0,0
###surwmut###,surutut,surtout,0.175461,surtout,0.175461,0,0
###poucyer###,poucyer,pousser,0.024099,pousser,0.024099,1,0
###parwîis###,parpiis,paradis,0.102131,parfois,0.052470,0,0
###oubgâer###,ouugfer,oublier,0.008267,oublier,0.008267,0,0
###souflnt###,souglnt,souvent,0.090708,souvent,0.090708,0,0
###voiwhre###,voiiore,voiture,0.132393,voiture,0.132393,0,0
###fenàyre###,fentyre,fenêtre,0.010429,fenêtre,0.010429,0,0
###renjôer###,rennyer,renouer,0.092025,rentrer,0.035891,0,0
###monwjer###,monfoer,confier,0.055373,montrer,0.024925,0,0
###famwéle###,famfble,famille,0.305689,famille,0.305689,0,0
###lumjxre###,lumésre,lumière,0.188221,lumière,0.188221,0,0
###traêjil###,trarail,travail,0.022534,travail,0.022534,0,0
###soucàre###,soucore,sourdre,0.137770,sourire,0.102963,0,0
###affmvre###,affèvre,affaire,0.280574,affaire,0.280574,0,0
###tramàrs###,taatrrs,torturé,0.023958,travers,0.015469,0,0
###chayâer###,chahyer,chasser,0.059193,changer,0.003772,0,0
###comjrnt###,comprnt,comment,0.109300,comment,0.109300,0,0
###géniêal###,génital,général,0.339276,général,0.339276,0,0
###plamqir###,plamiir,plaisir,0.229640,plaisir,0.229640,0,0
###glicver###,glicier,glacier,0.087033,glisser,0.044112,1,0
###ajopïer###,ajopoer,ajouter,0.142310,ajouter,0.142310,0,0
###occmker###,omoomer,scooter,0.013973,occuper,0.005885,0,0
###décèjer###,déccter,démener,0.004976,décider,0.000220,0,0
###souézin###,soupein,souvent,0.007962,soudain,0.007599,0,0
###lorïtue###,lorttue,lorsque,0.097295,lorsque,0.097295,0,0
###comnôer###,coonmer,coincer,0.005972,compter,0.002879,0,0
###mauôjis###,maussis,mauvais,0.307554,mauvais,0.307554,0,0
###répâcer###,répécer,répéter,0.484457,répéter,0.484457,0,0
###coubïur###,coubuur,coucher,0.063711,couleur,0.011676,0,0
###jouvèal###,jouveal,journal,0.038847,journal,0.038847,0,0
###manover###,manover,manquer,0.126121,manquer,0.126121,0,0
###semuêne###,semuêne,semaine,0.142775,semaine,0.142775,0,0
###couéder###,couéder,comédie,0.008541,coucher,0.004750,0,0
###avadfer###,adadder,adapter,0.038597,avancer,0.017192,0,0
###orezêle###,orzèlle,oreille,0.077131,oreille,0.077131,0,0
###touîqer###,touquer,tousser,0.026250,toucher,0.018576,0,0
###heuüêux###,heuheux,heureux,0.404824,heureux,0.404824,0,0
###cerôsin###,cerrsin,certain,0.451222,certain,0.451222,0,0
###jouïiée###,jousiée,journée,0.212354,journée,0.212354,0,0
###parkkut###,parfeut,parfait,0.152286,partout,0.050721,0,0
###envmker###,enemver,encrier,0.002549,envoyer,0.000696,0,0
###biegoôt###,biggeôt,bibelot,0.021136,bientôt,0.018846,0,0
###ensèûte###,enstète,ensuite,0.021358,ensuite,0.021358,0,0
###frahcer###,frahcer,froncer,0.032563,frapper,0.020427,1,0
###plevaer###,pleveer,pleurer,0.111976,pleurer,0.111976,0,0
###bonèâur###,bontour,bonheur,0.063487,bonheur,0.063487,0,0
###sufqpre###,suupbee,sultane,0.001341,suffire,0.000880,0,0
###manàsre###,manasre,manière,0.135302,manière,0.135302,0,0
###penômer###,pennger,pencher,0.105532,pencher,0.105532,0,0
###paswïge###,pascege,passage,0.414348,passage,0.414348,0,0
###refèçer###,reffèer,rentrer,0.001782,refuser,0.000195,0,0
###achoïer###,achoher,échouer,0.084705,acheter,0.016452,0,0
###exièaer###,exxièer,expirer,0.001491,exister,0.000312,0,0
###vilrûge###,virruge,virgule,0.039706,village,0.004825,0,0
###retbûir###,rebtiir,retenir,0.014540,retenir,0.014540,0,0
###sertêce###,sertace,service,0.051599,service,0.051599,0,0
###précgnt###,précgnt,prenant,0.029585,présent,0.016061,0,0
###feusmle###,feusule,feuille,0.150961,feuille,0.150961,0,0
###endxâit###,enériit,exploit,0.018746,endroit,0.016287,0,0
###cuiôyne###,cuulyne,cuiller,0.006922,cuisine,0.004025,0,0
###espoïer###,espooer,espacer,0.022905,espérer,0.017098,0,0
###chofgir###,cholgir,choisir,0.380612,choisir,0.380612,0,0
###couîbir###,coubbir,couvrir,0.041182,couvrir,0.041182,0,0
###puidîue###,puidore,puisque,0.005245,puisque,0.005245,0,0
###rapgert###,rapgeet,rapport,0.072456,rapport,0.072456,0,0
###moiküre###,mmifire,moindre,0.083730,moindre,0.083730,0,0
###exebüle###,exillle,exclure,0.036686,exemple,0.014256,0,0
###assfner###,asserer,assener,0.001321,assurer,0.000177,0,0
###appûmer###,ampûler,amputer,0.135376,appuyer,0.001010,0,0
###chaîoer###,chaooer,chasser,0.050583,chanter,0.009398,0,0
###relhner###,rellner,relater,0.007462,relever,0.003888,0,0
###trafger###,traûger,franger,0.018367,traîner,0.006805,0,0
###hésêwer###,héssoer,hésiter,0.147794,hésiter,0.147794,0,0
###chaéfer###,chaader,chasser,0.052912,charger,0.003173,0,0
###réuüxir###,réuieur,réussir,0.090573,réussir,0.090573,1,0
###seclâde###,seclade,seconde,0.160302,seconde,0.160302,0,0
###étozûer###,émooter,éventer,0.000446,étonner,0.000215,1,0
###sectter###,sectter,secteur,0.034489,secouer,0.008856,0,0
###allàqer###,alllyer,affluer,0.006628,allumer,0.002832,0,0
###chatüur###,chattur,contour,0.029564,chaleur,0.005574,0,0
###baiâïer###,baiceer,baisser,0.085374,baisser,0.085374,1,0
###somèîil###,somboil,sommeil,0.118249,sommeil,0.118249,0,0
###musfnue###,mununue,menteur,0.007009,musique,0.003562,0,0
###habfler###,habhler,habiter,0.086189,habiter,0.086189,0,0
###devwger###,devgger,deviser,0.097523,deviner,0.031480,0,0
###étehgre###,éteégre,énergie,0.013942,étendre,0.003227,0,0
###mémtüre###,mééttre,martyre,0.007084,mémoire,0.002342,0,0
###sépmler###,sémmler,séparer,0.056621,séparer,0.056621,0,0
###ramtker###,rartmer,routier,0.003034,ramener,0.000059,0,0
###ignkder###,ignnier,ignorer,0.004371,ignorer,0.004371,0,0
###comqéen###,comqner,complet,0.019244,combien,0.007800,0,0
###oblâàer###,obllèer,obliger,0.001780,obliger,0.001780,0,0
###immuwse###,immiuse,immense,0.419945,immense,0.419945,0,0
###proucnd###,prounnd,prouver,0.154787,profond,0.106437,0,0
###emmpqer###,emmmyer,emmener,0.166044,emmener,0.166044,0,0
###couqzir###,couquir,couloir,0.027778,couloir,0.027778,0,0
###enfûàce###,enfûêce,enfance,0.456851,enfance,0.456851,0,0
###étrêuge###,étrtêge,étrange,0.078718,étrange,0.078718,0,0
###marçïer###,marmèer,marquer,0.070924,marquer,0.070924,0,0
###éclhôer###,échlber,écluser,0.029403,éclater,0.014555,0,0
###soubûle###,soulale,soutane,0.017115,souffle,0.009151,1,0
###répggse###,répogge,légende,0.005613,réponse,0.004410,0,0
###dreoqer###,deoqyer,dentier,0.002003,dresser,0.000135,1,0
###morbkau###,morbaau,corbeau,0.252845,morceau,0.199609,0,0
###riskler###,rifiler,rigoler,0.051384,risquer,0.005816,0,0
###retôser###,retôser,reposer,0.042504,retirer,0.014974,0,0
###libûoté###,bibioté,liberté,0.132711,liberté,0.132711,0,0
###honkjur###,hontuur,honteux,0.121932,honneur,0.048050,0,0
###intküêt###,inprêêt,intérêt,0.201193,intérêt,0.201193,0,0
###trovxer###,trovéer,truffer,0.004321,tromper,0.000436,0,0
###dirxber###,diriber,dérober,0.129493,diriger,0.050907,0,0
###arrtàre###,arrttre,arrière,0.026201,arrière,0.026201,0,0
###engxter###,engrter,entêter,0.018171,engager,0.002929,0,0
###malqïur###,malluur,malheur,0.043281,malheur,0.043281,0,0
###écakêer###,écaater,écarter,0.087323,écarter,0.087323,0,0
###douîûur###,doubour,douleur,0.130216,douleur,0.130216,0,0
###cheüêse###,cherêse,chemise,0.407064,chemise,0.407064,0,0
###écrvper###,écrvper,écraser,0.047851,écraser,0.047851,0,0
###tabofau###,taftaau,taureau,0.029395,tableau,0.020981,0,0
###chafqau###,chaquau,craquer,0.093289,chapeau,0.013221,0,0
###pasuîon###,passçon,passion,0.238961,passion,0.238961,0,0
###docüvur###,docuvur,douleur,0.013803,docteur,0.004561,0,0
###conâïnt###,content,content,0.084206,content,0.084206,0,0
###capvyle###,capayle,capable,0.125963,capable,0.125963,0,0
###ploujer###,plouter,pleurer,0.027480,plonger,0.025230,0,0
###brafihe###,brahihe,branche,0.067714,branche,0.067714,0,0
###mackxne###,macanne,machine,0.197052,machine,0.197052,0,0
###conaêil###,conalil,conseil,0.238505,conseil,0.238505,0,0
###repyfer###,repayer,relayer,0.029567,reposer,0.001842,0,0
###réaxàté###,réaéété,réalité,0.410924,réalité,0.410924,0,0
###vacçqce###,vacccce,factice,0.062784,vacance,0.035094,0,0
###invûçer###,invvler,initier,0.019349,inviter,0.005731,0,0
###achéâer###,achéher,accéder,0.039845,achever,0.020456,0,0
###remzhir###,remhhir,remplir,0.114467,remplir,0.114467,0,0
###briâner###,brinner,briller,0.052277,briller,0.052277,1,0
###obtfâir###,ouétiir,orateur,0.061492,obtenir,0.000509,0,0
###peiîwre###,peisère,peindre,0.051394,peindre,0.051394,0,0
###arrôjée###,arrééue,arrivée,0.025652,arrivée,0.025652,0,0
###couxknt###,courant,courant,0.403323,courant,0.403323,0,0
###angzàis###,aagpiis,anglais,0.037236,anglais,0.037236,0,0
###enlçmer###,enlôler,envoler,0.020158,enlever,0.000722,0,0
###marnwge###,marmage,mariage,0.080787,mariage,0.080787,0,0
###impôver###,implier,imputer,0.053112,imposer,0.040894,0,0
###haumïur###,haumuur,hauteur,0.310098,hauteur,0.310098,0,0
###préôfir###,prêfgir,prévoir,0.009219,prévoir,0.009219,0,0
###cromïer###,cromuer,croquer,0.082203,croiser,0.041091,0,0
###absyice###,asscice,absence,0.032689,absence,0.032689,0,0
###plasàer###,plasier,plaquer,0.008219,planter,0.004907,0,0
###natbûel###,nabtele,nouille,0.053984,naturel,0.000710,0,0
###médôfin###,méfidin,médecin,0.096339,médecin,0.096339,0,0
###attuûer###,atttyer,atteler,0.092029,attirer,0.033779,0,0
###lunaste###,lunaste,lunaire,0.152626,lunette,0.051838,0,0
###voluèté###,voluuté,volupté,0.408848,volonté,0.005547,0,0
###tervüin###,terviin,terrain,0.222506,terrain,0.222506,0,0
###claêwer###,claîèer,classer,0.055115,claquer,0.051214,0,0
###châiüau###,château,château,0.711605,château,0.711605,0,1
###évoxèer###,évhèèrr,évoquer,0.014002,évoquer,0.014002,0,0
###haukîer###,hausher,faucher,0.002238,hausser,0.000717,1,0
###preàher###,precher,presser,0.125404,presser,0.125404,1,0
###couàâge###,coutige,courage,0.130211,courage,0.130211,0,0
###efflàer###,efflfer,affluer,0.003277,effacer,0.002925,0,0
###inuàèle###,inuièle,inutile,0.111152,inutile,0.111152,0,0
###douiâur###,doudeur,douceur,0.022263,douceur,0.022263,0,0
###trasper###,trapper,frapper,0.034513,traiter,0.027219,0,0
###conqjer###,conquer,contrer,0.010978,confier,0.003676,0,0
###fatàsue###,fatasue,fatigue,0.148437,fatigue,0.148437,0,0
###horsvur###,horsour,horreur,0.186903,horreur,0.186903,0,0
###recûèer###,reccèer,rentrer,0.002829,reculer,0.001148,0,0
###admxcer###,adxécer,adhérer,0.002073,admirer,0.001783,0,0
###théqvre###,thhqvre,théâtre,0.009384,théâtre,0.009384,0,0
###manplau###,manleau,manteau,0.312472,manteau,0.312472,0,0
###chakver###,chaaver,chasser,0.026110,chasser,0.026110,1,0
###curîèux###,curyeux,curieux,0.482780,curieux,0.482780,0,0
###horêâon###,horûoon,horizon,0.470869,horizon,0.470869,0,0
###sérèjux###,séruuux,sérieux,0.359412,sérieux,0.359412,0,0
###magàhin###,mamahin,maillon,0.016911,magasin,0.009433,0,0
###conbwct###,conchct,contact,0.214882,contact,0.214882,0,0
###noujeir###,noudiir,nourrir,0.090359,nourrir,0.090359,1,0
###cretïer###,cretier,creuser,0.030671,creuser,0.030671,0,0
###payéàge###,payegge,paysage,0.535231,paysage,0.535231,0,1
###attypte###,attppte,attente,0.030508,attente,0.030508,0,0
###flohaer###,flahser,flatter,0.051799,flotter,0.000396,1,0
###élépynt###,éluéant,élégant,0.032744,élément,0.001028,0,0
###dépôêer###,dépéter,déplier,0.058154,déposer,0.034684,0,0
###socuyté###,socuuté,société,0.093123,société,0.093123,0,0
###désbger###,déséger,dégager,0.033666,désirer,0.012936,0,0
###excâher###,exhcher,exhiber,0.050856,excuser,0.000964,0,0
###incàwnu###,incinnu,inconnu,0.181671,inconnu,0.181671,0,0
###entîpdu###,elqpudu,entendu,0.066493,entendu,0.066493,0,0
###malàgie###,maligie,mariage,0.070633,maladie,0.017921,0,0
###révqîer###,répérer,réparer,0.002231,révéler,0.000368,0,0
###émoûïon###,émorton,émotion,0.671752,émotion,0.671752,0,1
###épozker###,époooer,éponger,0.031163,épouser,0.021793,0,0
###ennoûer###,ennoyer,ennuyer,0.067224,ennuyer,0.067224,0,0
###quajhté###,quaquté,qualité,0.149260,qualité,0.149260,0,0
###matôlre###,matllre,matière,0.013823,matière,0.013823,0,0
###uniqfrs###,qnuusrs,excuser,0.000604,univers,0.000124,0,0
###dégvxer###,dévgéer,dévouer,0.032919,dégager,0.000741,0,0
###vitqjse###,vitésue,village,0.015183,vitesse,0.010881,0,0
###étamfir###,étatdir,établir,0.015200,établir,0.015200,0,0
###envébir###,envébir,envahir,0.057186,envahir,0.057186,0,0
###fighper###,fighger,ficeler,0.018140,figurer,0.007145,0,0
###surézce###,suréuce,surface,0.105440,surface,0.105440,0,0
###fouêsir###,foussir,fournir,0.072844,fournir,0.072844,0,0
###cosgxme###,coôgrme,costume,0.022923,costume,0.022923,0,0
###colarne###,colorne,colonne,0.129115,colline,0.002139,0,0
###essmêer###,emseêer,essayer,0.009805,essuyer,0.006696,0,0
###hôpxüal###,hôplbll,haillon,0.049863,hôpital,0.047009,0,0
###saumâge###,saumage,sauvage,0.277012,sauvage,0.277012,0,0
###lecgîre###,leôcire,lecture,0.007740,lecture,0.007740,0,0
###mérküer###,mmrfrer,morfler,0.503600,mériter,0.014834,0,0
###pladiau###,pladiau,plateau,0.093186,plateau,0.093186,0,0
###poigîon###,poigoon,poisson,0.242796,poisson,0.242796,1,0
###cadênre###,cadêrre,cadavre,0.106343,cadavre,0.106343,0,0
###milkzon###,miloion,million,0.106501,million,0.106501,0,0
###couègau###,cougaau,couteau,0.460644,couteau,0.460644,0,0
###craûôte###,craûate,crainte,0.075500,crainte,0.075500,0,0
###menkser###,menfser,mendier,0.023753,menacer,0.015138,0,0
###proüier###,profier,premier,0.006765,prouver,0.005834,0,0
###défîise###,déffise,défense,0.497121,défense,0.497121,0,0
###bizyêre###,byzyyre,bizarre,0.063659,bizarre,0.063659,0,0
###visuôer###,visiuer,visiter,0.100624,visiter,0.100624,0,0
###boneèur###,bonneur,bonheur,0.187351,bonjour,0.004658,0,0
###réschve###,réncrve,réserve,0.771008,réserve,0.771008,0,1
###foràûne###,forfene,fortune,0.267824,fortune,0.267824,0,0
###vioksnt###,vioisnt,violent,0.422901,violent,0.422901,0,0
###ouvqwer###,ouoqver,oublier,0.004471,ouvrier,0.002370,0,0
###grivôer###,grivler,gravier,0.047447,grimper,0.004169,0,0
###suielnt###,suiuent,suivant,0.023487,suivant,0.023487,0,0
###gueçîer###,gueeher,guetter,0.160646,guetter,0.160646,1,0
###mysoore###,mosoore,musette,0.001966,mystère,0.000716,0,0
###abanmre###,amanure,amasser,0.020415,abattre,0.004722,1,0
###dompïer###,dompier,dompter,0.562177,dominer,0.016305,0,0
###rédfîre###,rénfrre,réduire,0.014877,réduire,0.014877,0,0
###artwble###,artâble,article,0.035146,article,0.035146,0,0
###plaïênd###,plannnd,platane,0.077913,plafond,0.032246,0,0
###frolber###,frorber,frotter,0.052171,frotter,0.052171,1,0
###colïdne###,colidne,colonne,0.146925,colonne,0.146925,0,0
###adrvhse###,adravse,adresse,0.042371,adresse,0.042371,0,0
###dosâher###,dossher,dossier,0.012159,dossier,0.012159,0,0
###libyner###,litbner,lorgner,0.013038,libérer,0.010800,0,0
###misélon###,miselon,mission,0.292891,mission,0.292891,0,0
###rejâier###,rejâier,rentier,0.042935,rejeter,0.003114,0,0
###souzêil###,soullio,souhait,0.010746,sourcil,0.007207,0,0
###gonzmer###,gonober,gonfler,0.117476,gonfler,0.117476,0,0
###juidàet###,juiduet,juillet,0.410510,juillet,0.410510,1,0
###mesâzer###,mezseer,mousser,0.019313,mesurer,0.001704,0,0
###colvâel###,coûvell,convier,0.034657,colonel,0.000804,0,0
###sysàlme###,syshlme,système,0.125073,système,0.125073,0,0
###oriüfne###,orifine,origine,0.118830,origine,0.118830,0,0
###graâxir###,gragxir,grandir,0.161209,grandir,0.161209,0,0
###chaküon###,chaûton,chanson,0.024141,chanson,0.024141,0,0
###inqfïet###,innfiet,inquiet,0.092251,inquiet,0.092251,0,0
###celmrle###,celblle,cellule,0.017197,cellule,0.017197,0,0
###épronve###,éprorve,pérorer,0.002295,épreuve,0.000304,0,0
###jusrüce###,jurrice,justice,0.065966,justice,0.065966,0,0
###domôzne###,dommône,domaine,0.154601,domaine,0.154601,0,0
###vicfrme###,vicorme,vacarme,0.123502,victime,0.082568,0,0
###poilsée###,poiseée,poignée,0.259757,poignée,0.259757,0,0
###oppdyer###,opppyer,opposer,0.054150,opposer,0.054150,0,0
###artôpte###,arpppte,artiste,0.288068,artiste,0.288068,0,0
###étehpel###,éteéeel,éternel,0.080496,éternel,0.080496,0,0
###cralwer###,craluer,cracher,0.017484,cracher,0.017484,0,0
###armgjre###,armgare,armoire,0.020997,armoire,0.020997,0,0
###extqïme###,exétqme,extrême,0.061737,extrême,0.061737,0,0
###fraôâle###,fralôle,fragile,0.139716,fragile,0.139716,0,0
###ateoher###,atheher,atteler,0.006737,atelier,0.002233,0,0
###peiéàre###,peirire,peindre,0.025912,peintre,0.018588,0,0
###poryaer###,porayer,portier,0.034623,portier,0.034623,0,0
###enfjèer###,enfêèer,enfiler,0.002762,enfiler,0.002762,0,0
###dizjxne###,dizeine,dizaine,0.685503,dizaine,0.685503,0,1
###opiyfon###,opiffon,opinion,0.632153,opinion,0.632153,0,1
###furâhux###,furmeux,furieux,0.786472,furieux,0.786472,0,1
###exeiqer###,exeiter,exercer,0.035972,exercer,0.035972,0,0
###comçjet###,cométet,compter,0.068983,complet,0.053493,0,0
###chaléin###,chalcin,chaland,0.082734,chagrin,0.053490,0,0
###resnûct###,rescent,restant,0.212993,respect,0.038115,0,0
###rivïsre###,rivisre,réviser,0.101859,rivière,0.091865,0,0
###autâvne###,autévne,automne,0.064447,automne,0.064447,0,0
###faiuûir###,fairuir,faillir,0.049347,faillir,0.049347,1,0
###parïüit###,pariait,parfait,0.198825,parfait,0.198825,0,0
###blexper###,blereer,blinder,0.000959,blesser,0.000737,1,0
###jaiébir###,jaiéoir,noircir,0.003023,jaillir,0.001018,1,0
###poibçet###,boiceet,bouquet,0.011898,poignet,0.006109,0,0
###soipfer###,soipfer,soigner,0.230028,soigner,0.230028,0,0
###meslqge###,meslage,message,0.331119,message,0.331119,0,0
###coiûêer###,coiûter,coiffer,0.009966,coiffer,0.009966,1,0
###miléoer###,miléoer,millier,0.137529,millier,0.137529,0,0
###mirkple###,mirmple,mirette,0.064965,miracle,0.014427,0,0
###pérfmde###,pérfôde,perfide,0.347476,période,0.085191,0,0
###carâûau###,carreau,carreau,0.150464,carreau,0.150464,0,0
###veiuzer###,veiieer,veiller,0.031822,veiller,0.031822,1,0
###plafïhe###,plafahe,platane,0.176367,planche,0.003658,0,0
###baijqer###,baicier,baisser,0.157036,baigner,0.070649,0,0
###refgêre###,reprare,meurtre,0.010069,refaire,0.002371,0,0
###sectwrs###,secssrs,secours,0.136948,secours,0.136948,0,0
###rigîôur###,rigguur,tiédeur,0.004379,rigueur,0.003601,0,0
###décâère###,dééèère,déduire,0.016396,décrire,0.006288,0,0
###sifîoer###,siéooer,siffler,0.008328,siffler,0.008328,0,0
###demlode###,demlode,demande,0.013037,demande,0.013037,0,0
###accémer###,accémer,accéder,0.105118,accuser,0.006105,0,0
###affcpux###,affueux,affreux,0.264019,affreux,0.264019,0,0
###empgéer###,empeyer,emparer,0.036289,emparer,0.036289,0,0
###heuèîer###,heucèrr,fougère,0.002025,heurter,0.000011,0,0
###caifhou###,caiihou,caisson,0.142751,caillou,0.024415,1,0
###avekzle###,aveelle,aveugle,0.165817,aveugle,0.165817,0,0
###gracver###,gracver,gratter,0.056583,gratter,0.056583,1,0
###poikûer###,poifeer,pouffer,0.018408,pointer,0.014047,0,0
###expgder###,expgter,exposer,0.077993,exposer,0.077993,0,0
###aveâgir###,aveigir,avertir,0.039247,avertir,0.039247,0,0
###dévcger###,dévéger,dévouer,0.052397,dévorer,0.027138,0,0
###drambau###,dramaau,drapeau,0.516280,drapeau,0.516280,0,1
###estêher###,ettêser,emmener,0.000818,estimer,0.000791,0,0
###taidver###,taidver,tailler,0.200612,tailler,0.200612,1,0
###drizcer###,driccer,drifter,0.053745,drifter,0.053745,0,0
###balôàer###,ballyer,baigner,0.017205,balayer,0.005976,0,0
###lantêge###,lantêge,partage,0.030456,langage,0.025798,0,0
###culïhte###,culèhte,culotte,0.062372,culotte,0.062372,0,0
###ouvâlge###,ouvulge,ouvrage,0.587469,ouvrage,0.587469,0,1
###cenumal###,cenumal,central,0.366441,central,0.366441,0,0
###craoçer###,craîder,craquer,0.067611,craquer,0.067611,0,0
###bouffet###,bouffet,bouffer,0.577175,bouquet,0.080330,0,0
###attflue###,attèlle,atteler,0.027079,attaque,0.003450,0,0
###délàqat###,délaqat,délicat,0.108986,délicat,0.108986,0,0
###senlger###,senller,sentier,0.040778,sentier,0.040778,0,0
###cabvwet###,cabeeet,cabinet,0.001084,cabinet,0.001084,0,0
###repljse###,replose,reprise,0.230480,reprise,0.230480,0,0
###brûpknt###,brûtent,brûlant,0.165973,brûlant,0.165973,0,0
###octdnre###,octtnne,octobre,0.016160,octobre,0.016160,0,0
###chajmne###,chaemne,chacune,0.093113,chacune,0.093113,0,0
###quezôes###,queeues,quelles,0.040485,quelles,0.040485,1,0
###fanizme###,fanfôme,fanfare,0.019751,fantôme,0.007937,0,0
###velwprs###,velpprs,velours,0.795489,velours,0.795489,0,1
###nerüdux###,neréeux,nerveux,0.309635,nerveux,0.309635,0,0
###itaoîen###,ivaonen,italien,0.006523,italien,0.006523,0,0
###souaaer###,souaaer,soulier,0.008289,soulier,0.008289,0,0
###bruçkue###,brusuue,brusque,0.061530,brusque,0.061530,0,0
###apadèer###,adapèer,adapter,0.021830,apaiser,0.000357,0,0
###moduçne###,mouuune,routine,0.008329,moderne,0.003741,0,0
###forïhle###,formele,formule,0.109280,formule,0.109280,0,0
###plaèjrd###,placdrd,placard,0.045568,placard,0.045568,0,0
###bagâûle###,baûgele,bascule,0.028569,bagnole,0.014503,0,0
###craçfte###,craîate,cravate,0.112687,cravate,0.112687,0,0
###matkzée###,mattôée,matinée,0.018050,matinée,0.018050,0,0
###mécîgnt###,mécégnt,méchant,0.012432,méchant,0.012432,0,0
###vitagne###,vitaane,dégaine,0.004593,vitrine,0.003013,0,0
###pubàêer###,pupeter,publier,0.041021,publier,0.041021,0,0
###rigauer###,rigauer,risquer,0.021282,rigoler,0.006941,0,0
###célîfre###,célîrre,culture,0.020422,célèbre,0.005527,0,0
###éviyçnt###,évutant,épatant,0.009477,évident,0.002444,0,0
###mouxxlé###,moulelé,mouillé,0.179960,mouillé,0.179960,0,0
###orgqçil###,orolill,oreille,0.038301,orgueil,0.034098,0,0
###aboêyer###,amooyer,amputer,0.012387,aborder,0.000988,0,0
###repcqer###,rencyer,renouer,0.040602,replier,0.000632,0,0
###chijgre###,chiggre,chiffre,0.067390,chiffre,0.067390,1,0
###épuaèer###,épuaèer,épuiser,0.123551,épuiser,0.123551,0,0
###bouàéer###,boudder,boucher,0.045423,bouffer,0.041196,1,0
###carhbse###,carbbbe,caresse,0.008214,caresse,0.008214,0,0
###disaôet###,disstet,dilater,0.025318,discret,0.023758,0,0
###fémèyin###,félinin,féminin,0.294645,féminin,0.294645,0,0
###digèpté###,digupté,dignité,0.194088,dignité,0.194088,0,0
###joiïfre###,joinfre,toiture,0.007048,joindre,0.003228,0,0
###défqjer###,déjqyer,démener,0.006159,défiler,0.000706,0,0
###pasêcnt###,pascant,passant,0.588871,passant,0.588871,0,1
###échiàge###,ééhigge,énergie,0.008366,échange,0.003271,0,0
###endkumi###,enduimi,endormi,0.536651,endormi,0.536651,0,1
###défbcre###,défâcre,défaire,0.179607,défaire,0.179607,0,0
###galnpie###,galipie,galerie,0.116967,galerie,0.116967,0,0
###trezker###,tretter,tresser,0.029505,tremper,0.002531,0,0
###garfüen###,garfçen,gardien,0.224491,gardien,0.224491,0,0
###liagton###,giaoton,liaison,0.088439,liaison,0.088439,0,0
###échqqle###,éccqqee,écaille,0.009882,échelle,0.001414,0,0
###modikte###,modiète,modeste,0.030887,modeste,0.030887,0,0
###fatqêué###,fattqué,fatigué,0.286627,fatigué,0.286627,0,0
###murwdre###,murrdre,murmure,0.074416,murmure,0.074416,0,0
###griôtce###,griccce,griotte,0.033570,grimace,0.025392,0,0
###grouéer###,grouéer,grouper,0.242474,grogner,0.010525,0,0
###temïàte###,temmète,tempête,0.218285,tempête,0.218285,0,0
###spéèzal###,sérgaal,séduire,0.046020,spécial,0.002151,0,0
###repâûer###,reppeer,replier,0.121265,repérer,0.117318,0,0
###sciélce###,sciclce,science,0.081203,science,0.081203,0,0
###mélroge###,mélloge,mélange,0.102032,mélange,0.102032,0,0
###absvîde###,abseade,absurde,0.010954,absurde,0.010954,0,0
###estçzac###,estaaac,estomac,0.061609,estomac,0.061609,0,0
###cerilau###,cerveau,cerveau,0.712364,cerveau,0.712364,0,1
###coihher###,coihher,coucher,0.141431,coincer,0.006609,0,0
###jansâer###,jansyer,janvier,0.022556,janvier,0.022556,0,0
###riczger###,ririger,diriger,0.020797,ricaner,0.000497,0,0
###viswzle###,visiule,visible,0.189282,visible,0.189282,0,0
###baràzue###,barbuue,baroque,0.026713,baraque,0.021274,0,0
###criçüer###,cricier,crisser,0.063515,crisper,0.005526,0,0
###étumner###,étuuner,étudier,0.079403,étudier,0.079403,0,0
###tabfçer###,taather,tailler,0.043073,tablier,0.007639,0,0
###émeïzer###,émeeder,émerger,0.213193,émerger,0.213193,0,0
###conàôrt###,contort,concert,0.044289,concert,0.044289,0,0
###adohver###,adolver,adosser,0.021248,adopter,0.018220,0,0
###envdèer###,envdèer,envoyer,0.003207,envoler,0.002249,0,0
###comàyie###,comièie,comique,0.014727,comédie,0.009425,0,0
###proncès###,proncès,progrès,0.114902,progrès,0.114902,0,0
###énezoie###,éééloie,épisode,0.003147,énergie,0.001138,0,0
###deshüus###,desseus,dessous,0.603214,dessous,0.603214,0,1
###essêîce###,esseêce,essence,0.672635,essence,0.672635,0,1
###aimhrle###,aimémue,aimable,0.010567,aimable,0.010567,0,0
###sanduot###,sanduat,conduit,0.069179,sanglot,0.017595,0,0
###monpxie###,monéêie,monnaie,0.099205,monnaie,0.099205,0,0
###aspmôer###,amppker,amputer,0.047675,aspirer,0.001048,0,0
###éléôpnt###,éluéant,échéant,0.023504,élégant,0.004747,0,0
###culdmre###,culèvre,culotte,0.058322,culture,0.055982,0,0
###luiéznt###,loisint,luisant,0.043122,luisant,0.043122,0,0
###récüêer###,récééer,récrier,0.041527,réciter,0.035402,0,0
###honvvte###,honvvte,honnête,0.044487,honnête,0.044487,0,0
###réufbon###,réurbon,bourbon,0.162384,réunion,0.026534,0,0
###demîêre###,demêêre,demeure,0.097359,demeure,0.097359,0,0
###parcèis###,parceis,paradis,0.092401,paradis,0.092401,0,0
###entdier###,entdier,encrier,0.020111,entamer,0.007788,0,0
###bouûkin###,bourein,bouquin,0.052205,bouquin,0.052205,0,0
###planoer###,planter,planter,0.424214,plaquer,0.011400,0,0
###remyzds###,rembyds,remords,0.303498,remords,0.303498,0,0
###bisèüot###,bistoot,bistrot,0.460851,bistrot,0.460851,0,0
###stujhde###,suusêde,stupide,0.101798,stupide,0.101798,0,0
###voyûcer###,vooûcer,voleter,0.014031,voyager,0.002446,0,0
###envêkon###,envêson,environ,0.107435,environ,0.107435,0,0
###légfzde###,lézgfde,brigade,0.009133,légende,0.006497,0,0
###pêcéâur###,pêpreur,pêcheur,0.020668,pêcheur,0.020668,0,0
###pénqxle###,péniqle,pénible,0.017110,pénible,0.017110,0,0
###abayûon###,aboûyon,abandon,0.061775,abandon,0.061775,0,0
###boumder###,boumder,boucher,0.022446,bourrer,0.007666,1,0
###gueàaer###,gueaeer,guetter,0.277486,gueuler,0.207416,0,0
###déràier###,dériier,déplier,0.020357,dérober,0.007125,0,0
###buiwkon###,buicbon,buisson,0.467343,buisson,0.467343,1,0
###terxmur###,termeur,terreur,0.194392,terreur,0.194392,0,0
###frowège###,frogège,fougère,0.156332,fromage,0.002286,0,0
###monqçre###,monqire,monture,0.067809,monstre,0.063579,0,0
###colûàge###,colgige,collège,0.048961,collège,0.048961,0,0
###appvgit###,appplit,appétit,0.285828,appétit,0.285828,0,0
###enfâôir###,eneêgir,enfouir,0.040825,enfouir,0.040825,0,0
###aliwôer###,aailier,aligner,0.003140,aligner,0.003140,0,0
###panqtau###,pantuat,panique,0.032345,panneau,0.006469,0,0
###plaoqte###,plalqte,plainte,0.048706,plainte,0.048706,0,0
###écoyxer###,écccter,écosser,0.007180,écouler,0.002341,0,0
###souzler###,soubler,soulier,0.009539,soucier,0.003924,0,0
###verxége###,vervege,vertige,0.125297,vertige,0.125297,0,0
###excfqer###,exécxer,exécrer,0.070081,exciter,0.004756,0,0
###bouèjée###,boujoée,bouffée,0.022478,bouffée,0.022478,1,0
###autçnus###,antusus,autobus,0.216719,autobus,0.216719,0,0
###abrîîer###,arrbtrr,arrière,0.047923,abriter,0.000054,0,0
###couqgnt###,cougant,couvent,0.119466,couvent,0.119466,0,0
###domfhge###,dommhge,dommage,0.903948,dommage,0.903948,0,1
###empixyé###,empiémé,empiler,0.062003,employé,0.015655,0,0
###revdûir###,revdeir,revenir,0.019167,revêtir,0.018794,0,0
###matqyas###,maptyas,matelas,0.130917,matelas,0.130917,0,0
###magnlue###,magunue,magique,0.286697,magique,0.286697,0,0
###abokgir###,aboigir,aboutir,0.235671,aboutir,0.235671,0,0
###lecïûur###,leûceur,douceur,0.020344,lecteur,0.001699,0,0
###danbèur###,danduur,danseur,0.130379,danseur,0.130379,0,0
###trokühe###,troûhhe,tronche,0.120101,tronche,0.120101,0,0
###trokêle###,troîole,trouble,0.096542,trouble,0.096542,0,0
###vaixjre###,vairire,vaincre,0.034855,vaincre,0.034855,0,0
###panbgue###,panjgue,panique,0.212584,panique,0.212584,0,0
###réjîpir###,réjppir,réjouir,0.048778,réjouir,0.048778,0,0
###comuser###,comuser,combler,0.016142,combler,0.016142,0,0
###blozéon###,blonzon,blouson,0.045238,blouson,0.045238,0,0
###chiàtis###,chiitis,chinois,0.047945,chinois,0.047945,0,0
###coufnme###,coufnme,couille,0.011217,coutume,0.001485,0,0
###cousûrt###,cousart,courant,0.070926,couvert,0.003206,0,0
###malçïse###,malsase,malaise,0.256817,malaise,0.256817,0,0
###répïver###,répéver,réparer,0.050105,réparer,0.050105,0,0
###révêûte###,répêête,révolte,0.038860,révolte,0.038860,0,0
###irrgxer###,irrréex,irriter,0.243228,irriter,0.243228,0,0
###métcûde###,métende,méthode,0.025750,méthode,0.025750,0,0
###chaüwon###,charhon,chanson,0.033251,charbon,0.023377,0,0
###éteàfue###,éteèfue,étendue,0.252452,étendue,0.252452,0,0
###grewter###,greuter,guetter,0.032769,grenier,0.020363,0,0
###stalôon###,stançon,tronçon,0.089157,station,0.067823,0,0
###flaqàer###,flaquer,flatter,0.053917,flatter,0.053917,1,0
###stukwur###,stutuur,stupeur,0.171803,stupeur,0.171803,0,0
###prozèit###,propèit,produit,0.059665,produit,0.059665,0,0
###supïêbe###,suppêbe,suprême,0.030850,superbe,0.024978,0,0
###toumkée###,toumuée,tournée,0.147884,tournée,0.147884,0,0
###énedxer###,édéeeer,édifier,0.001485,énerver,0.000482,0,0
###nagvïre###,navrare,navrant,0.009212,naguère,0.003113,0,0
###ménbher###,ménbher,ménager,0.103465,ménager,0.103465,0,0
###serkfnt###,serfent,serment,0.085954,sergent,0.041860,0,0
###fouîcer###,foufcer,froncer,0.030102,fourrer,0.004494,1,0
###soubàon###,sousçon,soupçon,0.052034,soupçon,0.052034,0,0
###bouïier###,boudier,bouffer,0.004936,boucler,0.000213,0,0
###touïüer###,toulher,toucher,0.084733,tousser,0.081513,1,0
###blomver###,blomoer,bloquer,0.190221,bloquer,0.190221,0,0
###urghhce###,uuurhhe,bouchée,0.004295,urgence,0.000011,0,0
###halüéne###,halhrne,haleine,0.473840,haleine,0.473840,0,0
###porszil###,porseil,portail,0.056203,portail,0.056203,0,0
###supabme###,supabue,suprême,0.008997,suprême,0.008997,0,0
###diauvnt###,divuvnt,revient,0.072518,diamant,0.000453,0,0
###plazzte###,plzeète,plainte,0.009844,planète,0.008777,0,0
###douéêer###,doulûer,doubler,0.016475,doubler,0.016475,0,0
###couêzin###,cousain,coussin,0.263632,coussin,0.263632,1,0
###grovper###,grovper,grouper,0.514426,gronder,0.010968,0,0
###insgdte###,insurte,insulte,0.044078,insecte,0.035796,0,0
###intîdse###,intidne,intense,0.007164,intense,0.007164,0,0
###majüfté###,majetté,majesté,0.043234,majesté,0.043234,0,0
###barçêer###,barêter,barbier,0.020996,barbier,0.020996,0,0
###févèper###,févèper,février,0.412890,février,0.412890,0,0
###lenpûur###,lenseur,penseur,0.287844,lenteur,0.162355,0,0
###singwre###,sgngire,sincère,0.008933,sincère,0.008933,0,0
###parwïet###,parfent,patient,0.036812,parquet,0.005908,0,0
###honfçux###,honpeux,honteux,0.594218,honteux,0.594218,0,1
###ancèçre###,ancèère,arrière,0.061608,ancêtre,0.001196,0,0
###bonaîir###,bonnair,bonsoir,0.033209,bonsoir,0.033209,0,0
###escgïve###,essrive,esclave,0.035208,esclave,0.035208,0,0
###secfèon###,sencoon,section,0.091637,section,0.091637,0,0
###sédèvre###,sédèvre,séduire,0.005280,séduire,0.005280,0,0
###rédoïer###,rédooer,rédiger,0.002414,rédiger,0.002414,0,0
###braïmir###,brabmir,brandir,0.220594,brandir,0.220594,0,0
###semuile###,semuile,semelle,0.062019,semelle,0.062019,0,0
###pounhir###,pouphir,pourrir,0.024317,pourrir,0.024317,1,0
###défokte###,déffote,défaite,0.341742,défaite,0.341742,0,0
###saibper###,saiaper,sailler,0.238018,saigner,0.176688,0,0
###trauèhe###,trauèhe,tranche,0.031919,tranche,0.031919,0,0
###friàmon###,friozon,frisson,0.057536,frisson,0.057536,1,0
###surdkis###,surdois,surpris,0.225857,surpris,0.225857,0,0
###sagûïse###,sagïase,sagesse,0.024452,sagesse,0.024452,0,0
###rupylre###,rupllue,rupture,0.085175,rupture,0.085175,0,0
###enqaate###,endaate,enfance,0.001399,enquête,0.000109,0,0
###surçvut###,suvuvut,sursaut,0.132956,sursaut,0.132956,0,0
###bounâer###,bouneer,bouffer,0.008484,boucher,0.007541,0,0
###écomzer###,émomger,écosser,0.006652,écolier,0.004275,0,0
###feiuore###,feirore,feindre,0.022865,feindre,0.022865,0,0
###ficjüle###,ficfile,ficelle,0.428422,ficelle,0.428422,0,0
###hosyûle###,hyssale,hostile,0.457426,hostile,0.457426,0,0
###serkônt###,sertant,servant,0.360626,serpent,0.007139,0,0
###vedûnte###,vedênte,vedette,0.182520,vedette,0.182520,0,0
###faltrse###,faltrse,falaise,0.095954,falaise,0.095954,0,0
###revéjre###,revéore,revivre,0.006897,revivre,0.006897,0,0
###royvime###,royoime,royaume,0.019656,royaume,0.019656,0,0
###échwber###,échéber,échouer,0.111490,échouer,0.111490,0,0
###affêder###,affêder,affiner,0.028901,affoler,0.014372,0,0
###reszwrt###,rerrart,rempart,0.018039,ressort,0.013005,0,0
###pruxçnt###,prurant,courant,0.055830,prudent,0.003021,0,0
###corqvge###,corvgge,corsage,0.036950,cortège,0.032744,0,0
###secâkur###,secueur,secteur,0.431973,secteur,0.431973,0,0
###élaxâer###,élarter,élancer,0.025005,élancer,0.025005,0,0
###décpuer###,décpuer,déceler,0.010964,décorer,0.003544,0,0
###colkjer###,colfter,collier,0.116840,collier,0.116840,0,0
###remzkrt###,remtart,rempart,0.050738,rempart,0.050738,0,0
###affowhe###,affoohe,affiche,0.181779,affiche,0.181779,0,0
###arrîuer###,arrruer,arrêter,0.031846,arroser,0.021189,0,0
###éblèvir###,éblioir,éblouir,0.430442,éblouir,0.430442,0,0
###barîçge###,bargage,barrage,0.355634,barrage,0.355634,0,0
###coujüer###,coucoer,coucher,0.047399,courber,0.010953,0,0
###peugker###,peuseer,pousser,0.030185,peupler,0.024117,0,0
###praîüie###,praiiie,prairie,0.109040,prairie,0.109040,0,0
###barnfau###,barfuau,barreau,0.111683,barreau,0.111683,0,0
###griçîer###,grigher,griller,0.026754,grincer,0.018247,0,0
###dépxêer###,dépêter,déplier,0.042338,déplier,0.042338,0,0
###rêvèuie###,rêvuèie,rêverie,0.739006,rêverie,0.739006,0,1
###pelôâse###,peplsse,pelouse,0.021140,pelouse,0.021140,0,0
###élanpir###,élanpir,élargir,0.195953,élargir,0.195953,0,0
###somqwer###,sommuer,sommier,0.429885,sombrer,0.013398,0,0
###tamôüur###,tartmur,tambour,0.068495,tambour,0.068495,0,0
###limêaer###,limmaer,limiter,0.296073,limiter,0.296073,0,0
###serwzre###,sermare,serrure,0.006220,serrure,0.006220,0,0
###fouyérd###,fouyfrr,foulard,0.020272,foulard,0.020272,0,0
###liqxûde###,lléiide,liquide,0.004198,liquide,0.004198,0,0
###pendçon###,pendçon,pendant,0.306477,pension,0.277079,0,0
###roubnau###,rouuaau,rouleau,0.327091,rouleau,0.327091,0,0
###ampôüle###,amplale,ampoule,0.234745,ampoule,0.234745,0,0
###mascîer###,mascuer,marcher,0.041346,masquer,0.002090,0,0
###colbbie###,colboie,colonie,0.083210,colonie,0.083210,0,0
###quoüvue###,quvlque,ouvrage,0.002737,quoique,0.000362,0,0
###capqêal###,cappwal,capital,0.200951,caporal,0.182502,0,0
###chizçon###,chichon,chignon,0.151251,chiffon,0.069255,1,0
###maiudot###,maiidot,maillot,0.152996,maillot,0.152996,1,0
###suilïde###,suilide,suicide,0.065461,suicide,0.065461,0,0
###symukle###,symulle,symbole,0.019990,symbole,0.019990,0,0
###amuihnt###,amuihnt,amusant,0.158500,amusant,0.158500,0,0
###clidéer###,cliiier,cligner,0.039353,cligner,0.039353,0,0
###réfètxe###,réfirxe,réciter,0.006128,réflexe,0.002134,0,0
###fraèuin###,frauuin,frangin,0.210304,frangin,0.210304,0,0
###conîïer###,consoer,contrer,0.040446,contrer,0.040446,0,0
###serdjnt###,sersant,servant,0.091029,servant,0.091029,0,0
###venbsur###,venubur,vengeur,0.184701,vendeur,0.126429,0,0
###bâihéer###,bâiheer,bâiller,0.158930,bâiller,0.158930,1,0
###criewal###,cricial,crucial,0.022057,cristal,0.001209,0,0
###épilude###,épilude,épisode,0.050234,épisode,0.050234,0,0
###musçgte###,mususge,musette,0.140083,musette,0.140083,0,0
###roubmir###,rombuir,rombier,0.257154,rouvrir,0.030936,0,0
###capènce###,capance,cadence,0.032213,caprice,0.005895,0,0
###graêçse###,gravase,graisse,0.118872,graisse,0.118872,0,0
###marphis###,marphis,marquis,0.211803,marquis,0.211803,0,0
###clovqon###,clovçon,cloison,0.262328,cloison,0.262328,0,0
###épiyxle###,épiille,épingle,0.088723,épingle,0.088723,0,0
###lisdére###,lisérre,lisière,0.063692,lisière,0.063692,0,0
###robjjet###,rojéott,robinet,0.387032,robinet,0.387032,0,0
###ronaxer###,ronamer,ronfler,0.017026,ronfler,0.017026,0,0
###ivrytse###,iirisme,torture,0.001253,ivresse,0.000258,0,0
###zinûkro###,zingroo,zingaro,0.482428,zingaro,0.482428,0,0
###pinôàau###,pippuau,pinceau,0.349515,pinceau,0.349515,0,0
###sifuhet###,sifutet,sifflet,0.077707,sifflet,0.077707,0,0
###éclüuré###,éclluré,éclairé,0.293576,éclairé,0.293576,0,0
###moubâon###,mouboon,mousson,0.152111,mousson,0.152111,1,0
###aubqîge###,auplqge,auberge,0.067940,auberge,0.067940,0,0
###facwité###,faccité,faculté,0.076073,faculté,0.076073,0,0
###émeçère###,émeèère,émettre,0.286298,émettre,0.286298,1,0
###habtelé###,habtelé,habillé,0.613658,habillé,0.613658,0,1
###notlvre###,novrvre,navrant,0.003913,notaire,0.002027,0,0
###ranlyne###,ranlyne,rancune,0.072119,rancune,0.072119,0,0
###comânde###,combnde,commode,0.024746,commode,0.024746,0,0
###graûuté###,graguté,gravité,0.055050,gravité,0.055050,0,0
###pisulne###,pisurne,piscine,0.244642,piscine,0.244642,0,0
###conmmrt###,contart,concert,0.063540,confort,0.058230,0,0
###torôdre###,torrdre,torride,0.046904,torture,0.041861,0,0
###adolwer###,adoller,adosser,0.045723,adosser,0.045723,1,0
###taréüne###,tartane,tartine,0.307734,tartine,0.307734,0,0
###brulpnt###,brulnnt,bruyant,0.126198,bruyant,0.126198,0,0
###conyanu###,connynu,continu,0.019254,contenu,0.001699,0,0
###suswyct###,suscuct,suspect,0.077417,suspect,0.077417,0,0
###dévwèer###,dévièrr,dévorer,0.017918,dévaler,0.014402,0,0
###divléer###,divider,diviser,0.049535,diviser,0.049535,0,0
###étafzre###,édaèbre,ébattre,0.013479,étagère,0.007009,0,0
###homttge###,homtuge,hommage,0.053242,hommage,0.053242,0,0
###annîice###,annnice,annonce,0.281139,annonce,0.281139,0,0
###édieîon###,édiedon,édredon,0.676272,édition,0.107738,0,0
###monüjre###,monfore,monture,0.058917,monture,0.058917,0,0
###taplfer###,taplter,tailler,0.080879,tapoter,0.007166,0,0
###casfhne###,cassane,cantine,0.019304,caserne,0.001415,0,0
###flesair###,flesair,fleurir,0.221904,fleurir,0.221904,0,0
###horwqge###,horgage,horloge,0.110299,horloge,0.110299,0,0
###pliàéer###,pliiier,plisser,0.006141,plisser,0.006141,1,0
###accïqil###,aacicil,accueil,0.018033,accueil,0.018033,0,0
###serptur###,serpuur,serpent,0.077168,serveur,0.074182,0,0
###funitre###,funitre,pupitre,0.035841,funèbre,0.007163,0,0
###monàzal###,monfaal,mondial,0.214590,mondial,0.214590,0,0
###torkênt###,tortant,torrent,0.446698,torrent,0.446698,0,0
###conzsur###,conssur,conteur,0.055599,contour,0.040213,0,0
###exctàre###,excttre,exclure,0.132517,exclure,0.132517,0,0
###amaêlur###,amaulur,amollir,0.016303,amateur,0.007652,0,0
###décjlif###,décllif,décisif,0.117256,décisif,0.117256,0,0
###douâûux###,douleux,douleur,0.516856,douteux,0.345616,0,0
###cruîàté###,crurété,cruauté,0.307330,cruauté,0.307330,0,0
###enlàûer###,enllyer,engluer,0.034244,enlacer,0.000796,0,0
###frolaer###,fromter,frotter,0.017860,froncer,0.007330,0,0
###insèmte###,instème,insulte,0.024181,insulte,0.024181,0,0
###crosxet###,crostet,crochet,0.052317,crochet,0.052317,0,0
###empkûer###,empeyer,emparer,0.036869,empiler,0.036725,0,0
###maxïcum###,maxammm,maximum,0.571361,maximum,0.571361,0,1
###moupate###,moupate,mouette,0.033907,mouette,0.033907,0,0
###besêdne###,besndne,besogne,0.112058,besogne,0.112058,0,0
###embvyer###,embeyer,envoyer,0.014551,embêter,0.002543,0,0
###expügit###,expltit,exploit,0.657944,exploit,0.657944,0,1
###maroûau###,marouau,marteau,0.081798,marteau,0.081798,0,0
###stolaer###,sholter,saouler,0.008688,stopper,0.004003,1,0
###tenüçon###,tennçon,tension,0.623813,tension,0.623813,0,1
###vacînme###,vacxnme,vacarme,0.067625,vacarme,0.067625,0,0
###vigézur###,vigégur,vigueur,0.149850,vigueur,0.149850,0,0
###antçoue###,attooue,autobus,0.002661,antique,0.001723,0,0
###brawêer###,braêder,brasser,0.039803,braquer,0.031763,0,0
###scrnmer###,scrnrer,scruter,0.089465,scruter,0.089465,0,0
###injvçte###,injeite,insecte,0.048053,injuste,0.042063,0,0
###meupare###,meupare,meurtre,0.061588,meurtre,0.061588,0,0
###aismzce###,aiscame,aisance,0.030703,aisance,0.030703,0,0
###chozjer###,choooer,chasser,0.004181,choquer,0.003728,0,0
###graïxer###,gragper,gratter,0.066262,gravier,0.046946,0,0
###pétvile###,pétiile,pétrole,0.042381,pétrole,0.042381,0,0
###recôfrs###,cecfsrs,pervers,0.017182,recours,0.001475,0,0
###renêûée###,renéêée,rentrée,0.572227,rentrée,0.572227,0,1
###théfàie###,thétiie,théorie,0.032932,théorie,0.032932,0,0
###corîuge###,corguge,corsage,0.025669,corsage,0.025669,0,0
###inolüer###,inolier,initier,0.047547,inonder,0.015499,0,0
###conûôat###,conûtat,contrat,0.053612,contrat,0.053612,0,0
###taiâvis###,taivvis,taillis,0.647323,taillis,0.647323,1,1
###patôônt###,patrant,patient,0.031383,patient,0.031383,0,0
###desîqin###,densain,dessein,0.630895,dessein,0.630895,0,1
###médüber###,mébéber,méditer,0.037671,méditer,0.037671,0,0
###anojrme###,anjorme,informe,0.008408,anonyme,0.000475,0,0
###assüïer###,asssser,assener,0.062610,assumer,0.015594,0,0
###disèfru###,dissurr,dessert,0.070447,disparu,0.031923,0,0
###groanir###,grganir,grandir,0.021035,grossir,0.019908,1,0
###guiqâre###,guirire,guitare,0.030969,guitare,0.030969,0,0
###chiupte###,chiupte,chiotte,0.204512,chiotte,0.204512,0,0
###citbben###,cibbben,combien,0.085562,citoyen,0.063814,0,0
###flauîer###,flauber,flairer,0.023223,flairer,0.023223,0,0
###jumoïle###,jumlole,jumelle,0.139782,jumelle,0.139782,0,0
###marykte###,maytate,marmite,0.010861,marmite,0.010861,0,0
###sorçjer###,sorster,sorcier,0.075235,sorcier,0.075235,0,0
###aplsbir###,alllair,aligner,0.012738,aplatir,0.001606,0,0
###chaïlté###,challté,charité,0.071093,charité,0.071093,0,0
###défouir###,défouir,enfouir,0.061860,définir,0.013029,0,0
###résgner###,résgner,désirer,0.003922,résumer,0.002215,0,0
###boutïon###,boutoon,bottine,0.011804,bouchon,0.006653,0,0
###débêqer###,débêyer,démêler,0.003125,débiter,0.000244,0,0
###désqfer###,désqrer,désoler,0.057015,désoler,0.057015,0,0
###tranèer###,tranter,traiter,0.020514,traquer,0.007902,0,0
###fachçur###,facchur,faucher,0.073307,facteur,0.013717,0,0
###lamûoau###,lambeau,lambeau,0.492119,lambeau,0.492119,0,0
###palyüer###,pallyer,palmier,0.012397,palmier,0.012397,0,0
###chaîbot###,chaûtot,chariot,0.426104,chariot,0.426104,0,0
###conkmit###,confmit,conduit,0.028732,conflit,0.018578,0,0
###affqéer###,afffrer,affluer,0.038727,affaler,0.005524,0,0
###relônif###,relanin,relatif,0.055056,relatif,0.055056,0,0
###édiwçce###,édéccce,édifice,0.045846,édifice,0.045846,0,0
###flapper###,flapper,frapper,0.461469,flamber,0.043209,0,0
###placxne###,placxne,placide,0.028296,platane,0.024264,0,0
###échèdpe###,échiède,échelle,0.013260,écharpe,0.000219,0,0
###glamval###,glamlal,glacial,0.375507,glacial,0.375507,0,0
###ivrçhne###,iiriine,ivrogne,0.009428,ivrogne,0.009428,0,0
###bagûtre###,bagûtre,bagarre,0.015044,bagarre,0.015044,0,0
###cadhtce###,cadecce,cadence,0.175799,cadence,0.175799,0,0
###chitéer###,chitier,châtier,0.037494,chialer,0.005245,0,0
###exasêer###,exaster,exister,0.616677,exalter,0.009304,0,0
###raloïer###,ralloer,rallier,0.142039,rallier,0.142039,0,0
###gamiêle###,gamille,gamelle,0.572152,gamelle,0.572152,0,1
###retyhit###,rethhit,retrait,0.724462,retrait,0.724462,0,1
###briüéet###,briitet,briquet,0.127318,briquet,0.127318,0,0
###clonwer###,clonuer,clocher,0.035992,clocher,0.035992,0,0
###filpïer###,filpper,filtrer,0.006341,filtrer,0.006341,0,0
###balüoer###,balooer,baigner,0.014152,balader,0.006032,0,0
###capîwal###,cappaal,caporal,0.050905,capital,0.024513,0,0
###fautqer###,fautuer,fausser,0.042343,faucher,0.038576,0,0
###comégue###,comégue,comique,0.030631,comique,0.030631,0,0
###harslot###,harslot,haricot,0.247320,haricot,0.247320,0,0
###renzîrt###,renrart,retrait,0.034734,renfort,0.031214,0,0
###tolâàer###,tolâter,tousser,0.008226,tolérer,0.004514,0,0
###décmvré###,décévré,déchiré,0.043810,déchiré,0.043810,0,0
###goubpre###,gourpre,gouffre,0.095094,gouffre,0.095094,1,0
###recmhte###,remhrte,remiser,0.014652,recette,0.002382,0,0
###tauvûau###,tauvaau,taureau,0.240812,taureau,0.240812,0,0
###torwyur###,tortuur,torture,0.080337,torpeur,0.026982,0,0
###berlqau###,beqquau,bestiau,0.213235,berceau,0.098604,0,0
###exhsder###,exhsder,excéder,0.046123,exhiber,0.013491,0,0
###galàüer###,gallxer,galoper,0.139999,galoper,0.139999,0,0
###groader###,groader,gronder,0.587942,grouper,0.004491,0,0
###porggur###,porggur,pirogue,0.188253,porteur,0.130032,0,0
###titdüer###,tiitier,tailler,0.006795,tituber,0.002811,0,0
###boieïon###,boieoon,boisson,0.095563,boisson,0.095563,1,0
###honïâer###,honnher,honorer,0.189080,honorer,0.189080,0,0
###monerin###,monerin,mondain,0.145373,mondain,0.145373,0,0
###traxsée###,traibée,traînée,0.031388,traînée,0.031388,0,0
###traêqre###,traîqre,traître,0.026305,traître,0.026305,0,0
###mouèynt###,moutynt,mourant,0.152903,mouvant,0.080077,0,0
###mouxqir###,mouioir,mouvoir,0.005936,mouvoir,0.005936,0,0
###graçüit###,graçait,gratuit,0.159092,gratuit,0.159092,0,0
###tumgrte###,tumgrte,tumulte,0.213080,tumulte,0.213080,0,0
###freïxer###,fremeer,freiner,0.049422,freiner,0.049422,0,0
###obsïzne###,ooseène,obscène,0.011427,obscène,0.011427,0,0
###accâyer###,acccyer,accéder,0.009881,accéder,0.009881,0,0
###cuvojte###,cuveote,cuvette,0.578906,cuvette,0.578906,0,1
###greoçde###,groopde,grenade,0.081851,grenade,0.081851,0,0
###logâtue###,logétue,logique,0.055436,logique,0.055436,0,0
###periâer###,periier,percher,0.016434,percher,0.016434,0,0
###verlxon###,verlçon,version,0.559693,version,0.559693,0,1
###alehher###,alhhher,amocher,0.003928,alerter,0.000359,0,0
###borôire###,borrire,bordure,0.089387,bordure,0.089387,0,0
###parküet###,parfeet,parfait,0.051719,parapet,0.009466,0,0
###subawme###,subbime,sublime,0.294870,sublime,0.294870,0,0
###batçént###,batennt,battant,0.420718,battant,0.420718,0,0
###bloïàir###,blociir,boudoir,0.007438,blottir,0.007212,1,0
###hérûâer###,hhrâeer,hériter,0.056969,hériter,0.056969,0,0
###monbïnt###,moubont,mourant,0.011702,montant,0.006345,0,0
###oliaèer###,oliièrr,ornière,0.021940,olivier,0.006169,0,0
###chiûron###,chiûron,chignon,0.046607,chignon,0.046607,0,0
###rouçéne###,roudçne,routine,0.369324,routine,0.369324,0,0
###clamqer###,claqyer,claquer,0.211075,classer,0.020062,1,0
###grimjer###,grimier,grimper,0.298474,griller,0.007592,1,0
###pèlkzin###,pilpinn,piloter,0.106175,pèlerin,0.100190,0,0
###plamoer###,plamser,plaquer,0.015875,plaider,0.008765,0,0
###croîier###,croîier,croquer,0.046098,croquer,0.046098,0,0
###femnnle###,femmnle,femelle,0.041060,femelle,0.041060,0,0
###adaoàer###,adaoyer,adosser,0.004549,adapter,0.001684,0,0
###allwzgé###,allligé,incliné,0.014874,allongé,0.012588,0,0
###desôért###,deséeré,dessert,0.038376,dessert,0.038376,0,0
###flihèue###,flihèue,flingue,0.005905,flingue,0.005905,0,0
###brûphre###,brûâhre,bruyère,0.021641,brûlure,0.012790,0,0
###détlxhé###,détéûué,détaché,0.048403,détaché,0.048403,0,0
###salnyre###,sallyre,salaire,0.131032,salaire,0.131032,0,0
###anacmse###,anaemme,analyse,0.006773,analyse,0.006773,0,0
###briîhde###,brichde,brimade,0.132005,brigade,0.108892,0,0
###disxéte###,diéirte,divorce,0.007465,dispute,0.003321,0,0
###parjbse###,papsqse,paresse,0.036248,paresse,0.036248,0,0
###dorûmir###,dormmir,dormeur,0.167182,dortoir,0.121532,0,0
###ferâüer###,ferfeer,fermier,0.067000,fermier,0.067000,0,0
###invflse###,innvlse,intense,0.042847,inverse,0.017053,0,0
###marçwnt###,marmant,marrant,0.277552,marrant,0.277552,0,0
###dénkker###,dénfier,dénouer,0.085294,dénouer,0.085294,0,0
###édiîzur###,édocgur,éditeur,0.228404,éditeur,0.228404,0,0
###ignàxle###,ignigle,ignoble,0.003339,ignoble,0.003339,0,0
###biléyrd###,bilbdrd,billard,0.068560,billard,0.068560,0,0
###serkdnt###,serçant,servant,0.334488,serment,0.014071,0,0
###cansûne###,cansane,cantine,0.146714,cantine,0.146714,0,0
###délkkué###,délauué,délégué,0.087662,délégué,0.087662,0,0
###éloçmné###,écomdné,éloigné,0.037098,éloigné,0.037098,0,0
###limtbde###,liibbde,liquide,0.037067,limpide,0.018877,0,0
###tonqdau###,tonqquu,tunique,0.040509,tonneau,0.022102,0,0
###radmbux###,rabbeuu,radieux,0.038328,radieux,0.038328,0,0
###refsqer###,rensyer,renouer,0.005381,refiler,0.000257,0,0
###ondgàer###,onndyer,mendier,0.001380,onduler,0.000389,0,0
###édixûer###,édilder,édifier,0.033599,édifier,0.033599,0,0
###tomixau###,toiieax,toiture,0.020384,tombeau,0.003545,0,0
###amoôher###,amomher,amocher,0.660602,amorcer,0.018978,0,0
###larïéur###,largéur,largeur,0.075506,largeur,0.075506,0,0
###médhtal###,médétal,médical,0.117081,médical,0.117081,0,0
###blaâôhe###,blaâbhe,blanche,0.379349,blanche,0.379349,0,0
###dautïin###,dautain,hautain,0.028873,dauphin,0.006355,0,0
###frivcue###,friféve,friture,0.024339,fringue,0.011988,0,0
###inskêsé###,inpsisé,insensé,0.069343,insensé,0.069343,0,0
###minhjum###,minhmum,minimum,0.912088,minimum,0.912088,0,1
###penàkle###,pentale,pendule,0.136646,pendule,0.136646,0,0
###sotôâse###,soôeose,sottise,0.058568,sottise,0.058568,0,0
###halièer###,halièer,habiter,0.014427,haleter,0.011984,0,0
###réghter###,régéter,réciter,0.020661,régaler,0.005732,0,0
###évogôer###,évolter,avorter,0.062178,évoluer,0.018401,0,0
###senêàur###,senuêur,senteur,0.414339,senteur,0.414339,0,0
###stéàble###,stébble,stérile,0.032905,stérile,0.032905,0,0
###bisgîit###,bisctit,biscuit,0.627583,biscuit,0.627583,0,1
###casàbde###,casbade,cascade,0.177197,cascade,0.177197,0,0
###minfçle###,minfile,minable,0.018730,minable,0.018730,0,0
###boutôée###,boutqée,bouffée,0.050674,bouchée,0.044009,0,0
###criqâer###,cricier,crisser,0.056743,crisser,0.056743,1,0
###oblüüue###,oblèque,oblique,0.413408,oblique,0.413408,0,0
###couüdle###,coudlle,couille,0.159467,couille,0.159467,0,0
###dérçber###,déraber,dérober,0.820596,dériver,0.009166,0,0
###étaqçge###,étaïgge,étalage,0.423113,étalage,0.423113,0,0
###indtîis###,inntiis,inutile,0.032946,indécis,0.016453,0,0
###volûfté###,volutté,volupté,0.153001,volupté,0.153001,0,0
###écaâqle###,écaâcle,écaille,0.131845,écaille,0.131845,0,0
###paszôur###,papsuur,pasteur,0.020635,pasteur,0.020635,0,0
###réfqüme###,réffôme,réforme,0.068992,réforme,0.068992,0,0
###estwûde###,exteède,estrade,0.013660,estrade,0.013660,0,0
###fouéwle###,foufole,fouille,0.129358,fouille,0.129358,0,0
###sylézbe###,syrbabe,syllabe,0.272318,syllabe,0.272318,0,0
###démêüir###,démêoir,démêler,0.322953,démolir,0.081279,0,0
###pouîüée###,pousoée,poussée,0.720196,poussée,0.720196,1,1
###décqjer###,décquer,déjouer,0.027034,déceler,0.009276,0,0
###divpûce###,dippuce,divorce,0.091412,divorce,0.091412,0,0
###couûûre###,coûûure,couture,0.187487,coupure,0.109631,0,0
###adoüzir###,adoiger,adosser,0.118862,adoucir,0.042827,0,0
###broîjse###,brosose,brousse,0.107178,brousse,0.107178,0,0
###chaêuel###,chaquel,chasser,0.020783,charnel,0.016100,0,0
###comîéis###,compois,compris,0.168198,compris,0.168198,0,0
###préuîré###,préréré,préféré,0.128548,préféré,0.128548,0,0
###tilxdul###,tixuôul,tilleul,0.728404,tilleul,0.728404,0,1
###auséfre###,ausésre,auréole,0.023812,austère,0.016934,0,0
###sorvkde###,sorvade,sordide,0.178991,sordide,0.178991,0,0
###suryâus###,sursous,surplus,0.146200,surplus,0.146200,0,0
###verîêre###,verrare,serrure,0.032936,verdure,0.024576,0,0
###ferzüur###,fersuur,ferveur,0.535640,ferveur,0.535640,0,1
###hauïbin###,haubbin,hautain,0.198383,hautain,0.198383,0,0
###silrpge###,sirrpge,sillage,0.058800,sillage,0.058800,0,0
###entqdte###,entêêde,entente,0.003256,entente,0.003256,0,0
###exhfver###,exhvher,exhiber,0.052248,exhaler,0.027389,0,0
###artmàan###,artmaay,artisan,0.013771,artisan,0.013771,0,0
###matrdal###,marraal,marrant,0.026323,matinal,0.011194,0,0
###pelçson###,persson,poisson,0.146542,peloton,0.017954,0,0
###clôwyre###,clôlère,clôture,0.045439,clôture,0.045439,0,0
###détfrte###,dédfrte,détente,0.022169,détente,0.022169,0,0
###habâmué###,habbgué,habitué,0.295907,habitué,0.295907,0,0
###naïubté###,nauuuté,naïveté,0.031671,naïveté,0.031671,0,0
###refuvin###,refugin,refrain,0.392838,refrain,0.392838,0,0
###sengrel###,senglel,sensuel,0.364940,sensuel,0.364940,0,0
###verïznt###,vermant,versant,0.537105,versant,0.537105,0,1
###arbêger###,arbêger,arborer,0.007728,arborer,0.007728,0,0
###bariure###,bariure,carrure,0.031336,barbare,0.012965,0,0
###détzôir###,déztûir,détenir,0.011075,détenir,0.011075,0,0
###inducne###,inducne,indigne,0.048474,indigne,0.048474,0,0
###meuàter###,meutter,moufter,0.032020,meubler,0.026323,0,0
###préeçgé###,prépégé,préjugé,0.022957,préjugé,0.022957,0,0
###ralüvti###,ralviii,ralenti,0.216552,ralenti,0.216552,0,0
###argkêté###,arggété,argenté,0.059102,argenté,0.059102,0,0
###cavkone###,caveone,caverne,0.615001,caverne,0.615001,0,1
###chakbau###,chaabau,chameau,0.034926,chameau,0.034926,0,0
###couyhre###,couhhre,couture,0.050085,couture,0.050085,0,0
###musttal###,musttal,musical,0.367900,musical,0.367900,0,0
###roujjnt###,roujunt,roulant,0.469719,roulant,0.469719,0,0
###anxfàux###,axxleux,anxieux,0.102127,anxieux,0.102127,0,0
###comghct###,comghtt,coucher,0.072153,compact,0.005274,0,0
###ferohté###,ferohté,fermeté,0.299186,fermeté,0.299186,0,0
###impjcse###,impeice,impasse,0.024260,impasse,0.024260,0,0
###incaser###,incaser,inciter,0.087804,inciter,0.087804,0,0
###maufzre###,mazfare,fanfare,0.024247,maudire,0.007855,0,0
###ajuxzer###,ajurxer,ajuster,0.003033,ajuster,0.003033,0,0
###laiîûux###,laileux,laiteux,0.234588,laiteux,0.234588,0,0
###lugîire###,luérire,lunaire,0.010174,lugubre,0.000974,0,0
###noibïir###,noichir,noircir,0.239655,noircir,0.239655,0,0
###valïâle###,vallole,valable,0.076401,valable,0.076401,0,0
###balïhce###,balchhe,balance,0.019855,balance,0.019855,0,0
###baprfme###,balrane,barrage,0.032947,baptême,0.000301,0,0
###croübre###,crorbre,croître,0.028397,croître,0.028397,0,0
###anxuhté###,atxuhté,amocher,0.005254,anxiété,0.004704,0,0
###blaêïrd###,blabard,blafard,0.205388,blafard,0.205388,0,0
###comyàne###,commyne,combine,0.029828,commune,0.015502,0,0
###épiçger###,épigger,épicier,0.088840,épicier,0.088840,0,0
###tiécàur###,tiicéer,épicier,0.004979,tiédeur,0.000031,0,0
###trogyer###,trogyer,troquer,0.039938,trotter,0.012468,1,0
###tunçôue###,tunuêue,tunique,0.358394,tunique,0.358394,0,0
###vaujyer###,vauvyer,vautrer,0.051230,vautrer,0.051230,0,0
###cuidqer###,cuicier,cuiller,0.226411,cuiller,0.226411,1,0
###époîîer###,émoîoer,étoiler,0.000844,éponger,0.000375,0,0
###parïèmé###,parmèmé,parfumé,0.316551,parfumé,0.316551,0,0
###réfxvié###,réfigvé,référer,0.029847,réfugié,0.013021,0,0
###véryîda###,véyvada,véranda,0.297043,véranda,0.297043,0,0
###broèwer###,brogèrr,brosser,0.022051,brosser,0.022051,1,0
###teiwfer###,teiieer,teinter,0.161625,teinter,0.161625,0,0
###torqêon###,torqton,torsion,0.054079,torchon,0.042585,0,0
###visbîre###,visrare,viscère,0.002725,visière,0.001102,0,0
###évaxqon###,évanton,évasion,0.289023,évasion,0.289023,0,0
###pomcûer###,pomceer,pousser,0.002906,pompier,0.000510,0,0
###robdqte###,roddrte,rouille,0.006082,robuste,0.000466,0,0
###rouzain###,rouaain,rouquin,0.074409,rouquin,0.074409,0,0
###tutûôer###,tuttter,tutoyer,0.121076,tutoyer,0.121076,0,0
###graüdre###,graadee,graisse,0.044124,gravure,0.008269,0,0
###lâcfïté###,fléflté,fermeté,0.016810,lâcheté,0.000634,0,0
###lucyàne###,luyeune,lucarne,0.013084,lucarne,0.013084,0,0
###rocyüux###,rocyeux,rocheux,0.492665,rocheux,0.492665,0,0
###bravier###,bravier,gravier,0.265860,branler,0.001691,0,0
###méfwünt###,méffont,affront,0.022898,méfiant,0.016499,0,0
###abeâvle###,abeâvle,abeille,0.692810,abeille,0.692810,0,1
###faïémce###,faïaice,faïence,0.221355,faïence,0.221355,0,0
###mailûes###,mmilase,moisson,0.010105,maintes,0.001056,0,0
###partvng###,parrgnt,marrant,0.035504,parking,0.004693,0,0
###ardûfse###,arfûsse,arbuste,0.007814,ardoise,0.005551,0,0
###évaôser###,évaéser,brasser,0.009260,évacuer,0.001532,0,0
###excküer###,exccter,exécrer,0.037616,excéder,0.023350,0,0
###proïace###,provace,propice,0.026539,propice,0.026539,0,0
###clabüur###,clabuur,claquer,0.070048,clameur,0.040948,0,0
###évabker###,évacber,évacuer,0.014823,évaluer,0.003128,0,0
###poruînt###,poojnnt,portant,0.035537,portant,0.035537,0,0
###sieüaes###,sieisss,siennes,0.028739,siennes,0.028739,1,0
###triwwer###,tritier,tricher,0.049234,tricher,0.049234,0,0
###varwïté###,vartaté,variété,0.100385,variété,0.100385,0,0
###conhènu###,concenu,contenu,0.314658,continu,0.001865,0,0
###égolüer###,égolger,égorger,0.209905,égorger,0.209905,0,0
###bâtduse###,bâutese,bouille,0.023550,bâtisse,0.001413,0,0
###cirsxit###,ciritit,circuit,0.090236,circuit,0.090236,0,0
###mieàûes###,mieesse,miennes,0.013964,miennes,0.013964,1,0
###peiçbrd###,peipard,peinard,0.800254,peinard,0.800254,0,1
###digbcer###,digccer,digérer,0.104444,digérer,0.104444,0,0
###égouwme###,égoïume,égoïsme,0.033164,égoïsme,0.033164,0,0
###fugêcif###,fugrfif,fugitif,0.108605,fugitif,0.108605,0,0
###griïzer###,grigzer,grogner,0.015756,griffer,0.011970,1,0
###infsème###,infïème,informe,0.021055,informe,0.021055,0,0
###sourlen###,sournen,soutien,0.068701,soutien,0.068701,0,0
###effokyé###,effooyé,effrayé,0.333250,effrayé,0.333250,0,0
###équbûer###,ébuquer,éduquer,0.008854,équiper,0.005259,0,0
###fronïsé###,frosuné,froissé,0.091889,froissé,0.091889,0,0
###posdyre###,possyre,posture,0.048515,posture,0.048515,0,0
###advpxir###,adxprir,remplir,0.005903,advenir,0.002052,0,0
###atthûit###,attlhit,attrait,0.316407,attrait,0.316407,0,0
###cinwéer###,ciniier,cingler,0.120153,cingler,0.120153,0,0
###colâqer###,colqeer,collier,0.118805,colorer,0.051030,0,0
###dailôer###,dailler,daigner,0.012067,daigner,0.012067,0,0
###jonüzer###,jonnoer,joncher,0.035787,joncher,0.035787,0,0
###pivêèer###,pivièer,pivoter,0.236495,pivoter,0.236495,0,0
###spoîèif###,syopoif,adoptif,0.013154,sportif,0.006439,0,0
###finpase###,finpase,finesse,0.038702,finesse,0.038702,0,0
###fléïmir###,fléimir,flétrir,0.051261,fléchir,0.050998,0,0
###glajzue###,glzuute,gazelle,0.138507,glauque,0.017049,0,0
###lauqïer###,lausuer,laurier,0.047270,laurier,0.047270,0,0
###zézrgte###,zézgrte,zézette,0.610935,zézette,0.610935,0,1
###ravkûer###,raffrer,ramener,0.017435,ravager,0.001445,0,0
###craçyud###,craudud,crouler,0.048753,crapaud,0.045283,0,0
###ranbser###,ranaser,ramener,0.010805,ranimer,0.004438,0,0
###moqdûur###,moqqurr,mosquée,0.009453,moqueur,0.003370,0,0
###netyàté###,netteté,netteté,0.878073,netteté,0.878073,0,1
###obsîïer###,obssrrr,obséder,0.038893,obséder,0.038893,0,0
###pouvéer###,pouvuer,pouvoir,0.093814,pouffer,0.017906,1,0
###tomzynt###,tomtant,tombant,0.259869,tombant,0.259869,0,0
###malôvin###,marigin,malsain,0.055531,malsain,0.055531,0,0
###basîvne###,bavsane,bassine,0.036477,bassine,0.036477,0,0
###cavxüer###,cavrver,cailler,0.014935,cavaler,0.001434,0,0
###impkevu###,impuevu,imprévu,0.727217,imprévu,0.727217,0,1
###laicpur###,laicpur,laideur,0.118172,laideur,0.118172,0,0
###maixâir###,maiiirr,maigrir,0.008530,maigrir,0.008530,0,0
###ravîâer###,ravîver,ramener,0.012933,ravaler,0.000840,0,0
###réckkte###,réctnte,récolte,0.041336,récolte,0.041336,0,0
###tricàne###,tricine,tribune,0.012047,tribune,0.012047,0,0
###couïile###,coudile,couille,0.047607,coupole,0.016988,0,0
###éverrlé###,éverrré,éventré,0.195104,éveillé,0.034004,0,0
###godinse###,godinse,godasse,0.163964,godasse,0.163964,0,0
###troîxse###,troîose,tronche,0.011333,trousse,0.005490,0,0
###autûfar###,autabar,autocar,0.142716,autocar,0.142716,0,0
###corôiau###,corviau,corbeau,0.050736,corbeau,0.050736,0,0
###fâcèsux###,fâcueux,fâcheux,0.026520,fâcheux,0.026520,0,0
###gauweis###,gauaeis,gaulois,0.102296,gaulois,0.102296,0,0
###parxége###,pardgge,partage,0.148026,partage,0.148026,0,0
###proîwdé###,promédé,procédé,0.380317,procédé,0.380317,0,0
###rouhvle###,roulole,rouille,0.361215,rouille,0.361215,0,0
###rumlçer###,ruuller,railler,0.041280,ruminer,0.002507,0,0
###trehyer###,trehyer,tresser,0.011745,tresser,0.011745,1,0
###végcqal###,vécgaal,végétal,0.064714,végétal,0.064714,0,0
###conyiès###,conyois,conquis,0.102631,congrès,0.039346,0,0
###finquce###,fincuce,fissure,0.048394,finance,0.024951,0,0
###iniqûer###,inilier,initier,0.027728,initier,0.027728,0,0
###leséïve###,leseive,lessive,0.541045,lessive,0.541045,0,1
###minupal###,miauôal,miauler,0.058284,minéral,0.042581,0,0
###pomnïer###,ponfeer,pouffer,0.022834,pommier,0.000913,0,0
###proybge###,proygge,profane,0.004904,prodige,0.001540,0,0
###rugmêux###,rugueux,rugueux,0.486661,rugueux,0.486661,0,0
###dépüase###,dépaase,dépense,0.127190,dépense,0.127190,0,0
###facénre###,facanre,facture,0.124872,facture,0.124872,0,0
###aspçlge###,aspplge,asperge,0.050009,asperge,0.050009,0,0
###souqdit###,souiuit,souhait,0.072800,souhait,0.072800,0,0
###attvoer###,attover,autocar,0.012430,atteler,0.000936,0,0
###enipàer###,enipier,initier,0.003443,enivrer,0.000278,0,0
###arcûqve###,arcèqve,archive,0.005956,archive,0.005956,0,0
###arrmihé###,arrmégé,arraché,0.086007,arraché,0.086007,0,0
###tavîûne###,tavîane,taverne,0.083468,taverne,0.083468,0,0
###antgone###,antgone,antenne,0.228703,antenne,0.228703,0,0
###eunrbue###,eubrbue,charrue,0.005299,eunuque,0.003755,0,0
###faunèer###,fannèrr,fanfare,0.005055,fausser,0.001858,1,0
###guikvet###,guiieet,guichet,0.255158,guichet,0.255158,0,0
###barièlé###,barièlé,bariolé,0.537384,barbelé,0.049744,0,0
###évacqui###,évaquii,évaluer,0.043596,évanoui,0.030147,0,0
###moiwvau###,moiieau,moineau,0.157078,moineau,0.157078,0,0
###saoâwer###,saosoer,fausser,0.000497,saouler,0.000021,0,0
###sarxpne###,sarppne,sardine,0.210236,sardine,0.210236,0,0
###carpyte###,carpate,caresse,0.028458,carotte,0.019815,0,0
###couôpur###,couppur,couleur,0.174128,coureur,0.080122,0,0
###dérwîer###,dérmérr,déraper,0.011686,déraper,0.011686,0,0
###hôtlèse###,hôôlèse,hôtesse,0.188892,hôtesse,0.188892,0,0
###négdwif###,négfiif,perfide,0.011300,négatif,0.004194,0,0
###veixhée###,veichée,veillée,0.025635,veillée,0.025635,1,0
###amaçüer###,amamyer,amasser,0.102356,amasser,0.102356,1,0
###comdune###,comdune,commune,0.564613,combine,0.011537,0,0
###cromêer###,cromter,croquer,0.075745,crouler,0.016892,0,0
###modéïer###,moudoer,mousser,0.014167,modeler,0.001513,0,0
###résêjvé###,réséuvé,réservé,0.673394,réservé,0.673394,0,1
###varzüse###,varsase,vareuse,0.028512,vareuse,0.028512,0,0
###coryïct###,corcact,correct,0.056402,correct,0.056402,0,0
###égaxeté###,égagtté,égalité,0.040195,égalité,0.040195,0,0
###fougshe###,fouffge,fouille,0.069794,fourche,0.016617,0,0
###kioyêue###,kiouque,baroque,0.008864,kiosque,0.002606,0,0
###tenxare###,tenîare,tenture,0.034065,tenture,0.034065,0,0
###ébrlyer###,ébrlyer,évaluer,0.001412,ébrouer,0.000393,0,0
###étodlfé###,étoéllé,étoiler,0.102571,étouffé,0.017167,0,0
###fisbbre###,fibbbre,bizarre,0.005110,fissure,0.000809,0,0
###fouêtre###,fouttre,monstre,0.006727,fougère,0.002820,0,0
###radweal###,radaeal,radical,0.229767,radical,0.229767,0,0
###refcger###,refcger,refluer,0.003284,refluer,0.003284,0,0
###retîxue###,retteue,retenue,0.042928,retenue,0.042928,0,0
###avijyté###,avysité,avidité,0.130964,avidité,0.130964,0,0
###entêqin###,entêêin,entrain,0.233076,entrain,0.233076,0,0
###pénkzhe###,pénhhue,pénurie,0.051863,péniche,0.019843,0,0
###somüàer###,sompoer,sommier,0.022680,sommier,0.022680,0,0
###trosjlé###,trosolé,troublé,0.115087,troublé,0.115087,0,0
###anoühal###,aboohal,anormal,0.074290,anormal,0.074290,0,0
###égoèête###,éxootte,égoïste,0.010508,égoïste,0.010508,0,0
###hérwtie###,héritie,hériter,0.217847,hérésie,0.036023,0,0
###horvôre###,horrore,horaire,0.225841,horaire,0.225841,0,0
###moiîdon###,moiidon,maillon,0.087634,moisson,0.058589,1,0
###renpver###,renpver,renouer,0.060250,renouer,0.060250,0,0
###tanséer###,tansxer,tanguer,0.016267,tanguer,0.016267,0,0
###arryôdi###,arraddi,arrondi,0.722523,arrondi,0.722523,0,1
###licgîce###,liicnce,licence,0.201850,licence,0.201850,0,0
###mensïte###,menstte,censure,0.022941,menotte,0.018869,0,0
###monrbau###,monrbau,mourant,0.023351,monceau,0.001770,0,0
###punttse###,puntste,punaise,0.011416,punaise,0.011416,0,0
###mélyjie###,méléqie,mélodie,0.086879,mélodie,0.086879,0,0
###moyèlne###,moylène,moulure,0.006649,moyenne,0.005076,0,0
###vesàrge###,vesvrge,vestige,0.475030,vestige,0.475030,0,0
###vitjîil###,vijtiil,vitrail,0.276135,vitrail,0.276135,0,0
###égrsèer###,égrsèer,égrener,0.004657,égrener,0.004657,0,0
###farçnau###,farunau,fardeau,0.353797,fardeau,0.353797,0,0
###foutçon###,foutçon,fourgon,0.039546,fourgon,0.039546,0,0
###macéôer###,maccyer,maculer,0.005858,maculer,0.005858,0,0
###metszur###,meuseur,metteur,0.141470,metteur,0.141470,0,0
###posvlif###,poiflif,poussif,0.037622,positif,0.013235,0,0
###croïgis###,croisis,croquis,0.248465,croquis,0.248465,0,0
###goueçon###,gouvçon,soupçon,0.108806,goudron,0.082797,0,0
###mésçûge###,méssage,mésange,0.471266,mésange,0.471266,0,0
###parxdin###,paridin,parrain,0.075682,parrain,0.075682,0,0
###traçüay###,traaaay,tramway,0.673592,tramway,0.673592,0,1
###ampféur###,amppéur,ampleur,0.287654,ampleur,0.287654,0,0
###endajer###,endayer,essayer,0.020095,endurer,0.004483,0,0
###enrober###,errober,dérober,0.002671,enrager,0.000136,0,0
###mijgàer###,mijgier,millier,0.008250,mijoter,0.002268,0,0
###porjaon###,porston,portion,0.398818,portion,0.398818,0,0
###toiqîre###,toiqqre,toiture,0.165144,toiture,0.165144,0,0
###affméer###,affffer,affluer,0.032714,affluer,0.032714,0,0
###altzver###,altover,altérer,0.001592,altérer,0.001592,0,0
###bégvper###,béveger,bégayer,0.013423,bégayer,0.013423,0,0
###conïêer###,conneer,contrer,0.041106,convier,0.026763,0,0
###disàent###,diseent,distant,0.077086,distant,0.077086,0,0
###endaqre###,endayre,enduire,0.211892,enduire,0.211892,0,0
###hurôônt###,hurrant,hurlant,0.660111,hurlant,0.660111,0,1
###bibzüot###,bioûoot,bistrot,0.068741,bibelot,0.057712,0,0
###côtfàer###,cuôtfer,contrer,0.026902,côtoyer,0.000441,0,0
###détcadu###,détbndu,détendu,0.167403,détendu,0.167403,0,0
###luxyêux###,luuseux,luxueux,0.601907,luxueux,0.601907,0,1
###prêmfer###,prêffer,pouffer,0.010274,prêcher,0.003914,0,0
###solzure###,soloure,solaire,0.197910,solaire,0.197910,0,0
###susyjns###,sussons,suspens,0.083997,suspens,0.083997,0,0
###dipkvme###,dipamme,diplôme,0.425366,diplôme,0.425366,0,0
###imbôïer###,imblier,imbiber,0.100382,imbiber,0.100382,0,0
###panqmhe###,panaqee,panique,0.342478,panache,0.003464,0,0
###arbfvte###,arfvvre,archive,0.002755,arbuste,0.002503,0,0
###célnvte###,cénvvte,céleste,0.018792,céleste,0.018792,0,0
###conçâns###,consços,conquis,0.018605,confins,0.015778,0,0
###intïéne###,intiene,interne,0.034104,interne,0.034104,0,0
###plagêue###,plauêge,platane,0.004223,planque,0.000710,0,0
###scaômer###,scaamer,scander,0.016814,scander,0.016814,0,0
###scexêer###,scccter,scruter,0.003382,sceller,0.000258,1,0
###attfêhé###,attéhhé,attaché,0.444394,attaché,0.444394,0,0
###atthgdu###,attghdu,attendu,0.726939,attendu,0.726939,0,1
###clogqre###,clolqre,cloître,0.034758,cloître,0.034758,0,0
###délàqer###,déliyer,délirer,0.048182,délirer,0.048182,0,0
###iniçâal###,ininaal,initial,0.679783,initial,0.679783,0,1
###lavsêde###,lavsade,lavande,0.398402,lavande,0.398402,0,0
###libusal###,libusal,libéral,0.248981,libéral,0.248981,0,0
###scumnté###,scmbnné,science,0.027858,sculpté,0.008998,0,0
###sixâdme###,siximme,sixième,0.128122,sixième,0.128122,0,0
###volxéer###,volérer,voleter,0.047571,voleter,0.047571,0,0
###attèàhe###,attèèhe,athlète,0.331172,attache,0.199606,0,0
###débkyer###,défayer,délayer,0.553468,débuter,0.000264,0,0
###fébçkle###,féfeble,fébrile,0.026779,fébrile,0.026779,0,0
###mamhüon###,mammoon,maillon,0.029348,mamelon,0.008328,0,0
###réswêné###,réseéné,résigné,0.452045,résigné,0.452045,0,0
###brixshe###,briisue,brioche,0.007788,brioche,0.007788,0,0
###conàâet###,confeet,concret,0.003630,concret,0.003630,0,0
###litbïie###,liriiie,litanie,0.015536,litanie,0.015536,0,0
###lorïôer###,lorgser,lorgner,0.201460,lorgner,0.201460,0,0
###utikpté###,stutpté,sculpté,0.011977,utilité,0.008173,0,0
###escûîte###,ercsste,escorte,0.038147,escorte,0.038147,0,0
###faivçir###,faivair,faiseur,0.084860,faiblir,0.030480,0,0
###pédfter###,pédfter,pouffer,0.011077,pédaler,0.001629,0,0
###raioôur###,raigour,raideur,0.196468,raideur,0.196468,0,0
###vicdôux###,vicreux,vicieux,0.164787,vicieux,0.164787,0,0
###bouwzon###,bougzon,bouchon,0.023407,bourbon,0.005871,0,0
###chaàber###,chaûber,chasser,0.040691,charmer,0.003065,0,0
###croéxnt###,crorent,content,0.013521,croyant,0.002467,0,0
###hosxvce###,hoscove,hospice,0.004934,hospice,0.004934,0,0
###matôrot###,matorot,matelot,0.411979,matelot,0.411979,0,0
###mesrwin###,meuriin,malsain,0.006984,mesquin,0.002727,0,0
###obsôüné###,obseané,obstiné,0.467860,obstiné,0.467860,0,0
###spegîre###,sperkre,séduire,0.002534,spectre,0.000566,0,0
###allûxer###,alllxer,alléger,0.029134,alléger,0.029134,0,0
###brujàux###,brujeux,brumeux,0.533850,brumeux,0.533850,0,1
###culqqvé###,culquvé,claquer,0.075429,cultivé,0.050710,0,0
###danzânt###,dantant,dansant,0.544780,dansant,0.544780,0,1
###entller###,entller,envoler,0.010519,entêter,0.001860,0,0
###flazbue###,flaèbue,flasque,0.046988,flasque,0.046988,0,0
###frabbur###,frabbur,frayeur,0.088291,frayeur,0.088291,0,0
###larvxer###,larvxer,larguer,0.052469,larguer,0.052469,0,0
###mutjème###,muttème,mutisme,0.458057,mutisme,0.458057,0,0
###pupèüre###,puppère,pupitre,0.164731,pupitre,0.164731,0,0
###sonârnt###,sorgrnt,souvent,0.042842,sonnant,0.040681,0,0
###souzpne###,soupene,soutane,0.127609,soutane,0.127609,0,0
###suéjeis###,suééeis,suédois,0.044678,suédois,0.044678,0,0
###vibüznt###,vibpant,vibrant,0.299907,vibrant,0.299907,0,0
###colçkse###,colesse,colosse,0.068848,colosse,0.068848,0,0
###cosyôrd###,cyscard,costard,0.171749,costard,0.171749,0,0
###épabont###,évalant,élégant,0.006025,épatant,0.003153,0,0
###meehqng###,meehgnr,machine,0.013168,meeting,0.007340,0,0
###odoyànt###,odooynt,odorant,0.349356,odorant,0.349356,0,0
###piqmçnt###,pmqtint,platine,0.016809,piquant,0.006908,0,0
###pougcre###,poucure,poindre,0.025464,pourpre,0.011080,0,0
###préôçre###,présare,prendre,0.012147,prédire,0.006066,0,0
###récïqud###,récunud,réchaud,0.022914,réchaud,0.022914,0,0
###résqxer###,réniser,réviser,0.002306,résider,0.000457,0,0
###sacbxhe###,sachsue,sacoche,0.009248,sacoche,0.009248,0,0
###trojïet###,troîutt,troquet,0.077066,troquet,0.077066,0,0
###attjünt###,atttant,atteint,0.206862,atteint,0.206862,0,0
###donqxur###,donquur,donneur,0.127940,donneur,0.127940,0,0
###ficàûer###,ficfier,ficeler,0.064499,ficeler,0.064499,0,0
###freîüue###,frofque,fresque,0.013124,fresque,0.013124,0,0
###louyrat###,lotyaat,loufiat,0.042102,loufiat,0.042102,0,0
###rytbxer###,ryriber,railler,0.002733,rythmer,0.000814,0,0
###amadper###,amaayer,amasser,0.010078,amarrer,0.007307,1,0
###cabôjet###,cabétet,cabinet,0.068577,cabaret,0.024424,0,0
###caldson###,caleson,caisson,0.115450,caleçon,0.072216,0,0
###casçfer###,caseder,cailler,0.024880,casquer,0.004856,0,0
###couyént###,couyant,couvent,0.163109,coupant,0.029162,0,0
###crivfer###,crifeer,crisser,0.029535,cribler,0.017756,0,0
###débûyle###,déblyle,débâcle,0.015429,débâcle,0.015429,0,0
###lanswre###,llnsxre,lanière,0.162886,lanière,0.162886,0,0
###parxuol###,parouol,parquet,0.047290,parasol,0.026664,0,0
###actxwer###,aactter,avancer,0.001144,activer,0.000112,0,0
###aliüznt###,aligant,aliment,0.104205,aliment,0.104205,0,0
###canfîte###,canfare,fanfare,0.114364,canette,0.040875,0,0
###cropaée###,cropaée,croisée,0.031630,croisée,0.031630,0,0
###galïthe###,galèxhe,galette,0.077601,galoche,0.040731,0,0
###ineçîie###,ineeise,inutile,0.005603,inertie,0.002114,0,0
###boupvle###,boulole,bouille,0.133866,bouille,0.133866,0,0
###mouaser###,mouaser,mousser,0.268406,moucher,0.006021,0,0
###narqâer###,narqrer,marquer,0.005660,narguer,0.001749,0,0
###notwûle###,nottile,nouille,0.043957,notable,0.016601,0,0
###ploêxée###,ploisée,poussée,0.073043,plongée,0.033717,0,0
###banmâau###,banneau,bandeau,0.122264,bandeau,0.122264,0,0
###comyvot###,comooot,confort,0.037229,complot,0.000435,0,0
###conxüve###,convive,convive,0.391054,convive,0.391054,0,0
###cynàame###,cynaème,cynisme,0.524725,cynisme,0.524725,0,1
###effjmve###,effevve,effluve,0.246960,effluve,0.246960,0,0
###menqcer###,menqcer,menacer,0.708698,mendier,0.021453,0,0
###ronycur###,ronugur,rigueur,0.019291,rondeur,0.017432,0,0
###sanwôer###,sannker,sangler,0.113945,sangler,0.113945,0,0
###braàner###,branner,branler,0.119772,brasier,0.003466,0,0
###cofvjet###,covfoet,coffret,0.019603,coffret,0.019603,0,0
###cosieud###,cosieud,casseur,0.027967,costaud,0.019451,0,0
###cynxrue###,cynyrue,charrue,0.057078,cynique,0.025076,0,0
###galühte###,galghte,galette,0.232798,galette,0.232798,0,0
###haiïêux###,haigeux,haineux,0.611281,haineux,0.611281,0,1
###norvxnd###,norgnnd,normand,0.058451,normand,0.058451,0,0
###omeshre###,omssbre,omettre,0.068281,omettre,0.068281,1,0
###ornucre###,ordubre,ornière,0.013674,ornière,0.013674,0,0
###parfêté###,parfété,parfait,0.057775,parenté,0.029335,0,0
###supçwrt###,supptrt,support,0.220091,support,0.220091,0,0
###aurèsle###,aurisle,auréole,0.009590,auréole,0.009590,0,0
###besêhau###,bescuau,bestiau,0.766447,bestiau,0.766447,0,1
###cinmwhe###,chnmmhe,cinoche,0.006755,cinoche,0.006755,0,0
###hecfxre###,hecffre,hectare,0.012258,hectare,0.012258,0,0
###hygxtne###,hôghgne,haleine,0.028322,hygiène,0.017951,0,0
###indeêné###,indenné,indigné,0.014424,indigné,0.014424,0,0
###loukqge###,lousqge,louange,0.604611,louange,0.604611,0,1
###loumger###,loumger,loucher,0.049674,loucher,0.049674,0,0
###marjxre###,marrrre,martyre,0.051439,martyre,0.051439,0,0
###alaêçer###,alalder,alarmer,0.032145,alarmer,0.032145,0,0
###balijnt###,babrant,ballant,0.085531,ballant,0.085531,0,0
###conèèrd###,conèèrd,connard,0.213659,connard,0.213659,0,0
###immftde###,immfnde,immonde,0.129325,immonde,0.129325,0,0
###prodvgé###,prodigé,prodige,0.310678,protégé,0.077714,0,0
###reléühe###,reléohe,relique,0.001803,relâche,0.001734,0,0
###vicîzte###,viciste,village,0.013629,vicomte,0.005457,0,0
###drafter###,drafter,drifter,0.082113,draguer,0.013791,0,0
###édrmzon###,ddrmdon,dormeur,0.047088,édredon,0.018182,0,0
###mimvlue###,mimilue,mimique,0.027803,mimique,0.027803,0,0
###simîèer###,simmèer,simuler,0.061901,simuler,0.061901,0,0
###calévre###,calevre,cadavre,0.040633,calibre,0.014457,0,0
###cocsfte###,cocsste,compote,0.003989,cocotte,0.001327,0,0
###guiyüol###,guiloor,guignol,0.086937,guignol,0.086937,0,0
###infïpme###,infpôme,informe,0.043551,infirme,0.020526,0,0
###litsnre###,llisrre,luisant,0.002277,litière,0.000505,0,0
###miatâer###,miatier,miauler,0.067759,miauler,0.067759,0,0
###perémrs###,permrrs,pervers,0.527833,pervers,0.527833,0,1
###rafphné###,rahphné,rampant,0.212763,raffiné,0.037237,0,0
###récqîme###,récbrme,réclame,0.036709,réclame,0.036709,0,0
###sacàude###,saccude,saccade,0.230642,saccade,0.230642,0,0
###échkxon###,échason,échelon,0.530181,échelon,0.530181,0,1
###escôxre###,excrsre,exclure,0.014505,escadre,0.006119,0,0
###fléûqir###,fléihir,fléchir,0.170993,flétrir,0.121294,0,0
###oeiçhet###,oehihet,oeillet,0.028480,oeillet,0.028480,1,0
###parwçgé###,parpggé,partagé,0.178296,partagé,0.178296,0,0
###penvïnt###,penvant,pendant,0.027471,pensant,0.017282,0,0
###rebdnle###,renbnle,rebelle,0.009995,rebelle,0.009995,0,0
###sonêïur###,sonsour,songeur,0.185891,songeur,0.185891,0,0
###spiznle###,siiglle,spirale,0.021965,spirale,0.021965,0,0
###unakïme###,aaumume,coutume,0.193120,unanime,0.000691,0,0
###abrléir###,abrlrir,abrutir,0.012036,abrutir,0.012036,0,0
###broèmer###,broomer,brosser,0.026340,brouter,0.008299,0,0
###bruvcre###,bruvure,brûlure,0.033975,bruyère,0.007437,0,0
###dédmïre###,dézmire,déduire,0.016231,déduire,0.016231,0,0
###menjêon###,meneoon,mention,0.593798,mention,0.593798,0,1
###mirzste###,mirsste,mirette,0.063071,mirette,0.063071,0,0
###basyyle###,bysyyle,bascule,0.163181,bascule,0.163181,0,0
###dérâxte###,dérârte,déroute,0.355779,déroute,0.355779,0,0
###dévûçir###,dévêûir,dévêtir,0.158759,dévêtir,0.158759,0,0
###dorcvur###,dorcvur,douceur,0.052124,dormeur,0.025139,0,0
###durâtle###,durttle,durable,0.204719,durable,0.204719,0,0
###écojïer###,écjéter,écosser,0.009556,écosser,0.009556,1,0
###espjyer###,espoyer,espérer,0.027330,espacer,0.025396,0,0
###morüwre###,mormore,morsure,0.018331,morsure,0.018331,0,0
###plajzde###,plaeade,placide,0.220480,placide,0.220480,0,0
###pluüqrd###,plulard,plumard,0.116218,plumard,0.116218,0,0
###ravûwer###,ravvver,raviser,0.018809,raviser,0.018809,0,0
###relaàue###,relauue,relique,0.013877,relique,0.013877,0,0
###suihèer###,suisèer,suinter,0.059980,suinter,0.059980,0,0
###banâyet###,banntet,banquet,0.033482,banquet,0.033482,0,0
###enltqer###,enltyer,enliser,0.026197,enliser,0.026197,0,0
###friîbux###,friyeux,frileux,0.418888,frileux,0.418888,0,0
###terüêux###,terleux,terreux,0.741616,terreux,0.741616,0,1
###vioeycé###,viooocé,violacé,0.194794,violacé,0.194794,0,0
###aubôone###,aublone,auberge,0.048096,aubaine,0.045735,0,0
###boséret###,boseret,bosquet,0.247804,bosquet,0.247804,0,0
###déglâté###,déglûté,dégoûté,0.056467,dégoûté,0.056467,0,0
###dévôxer###,dévéter,dévouer,0.056098,dévouer,0.056098,0,0
###friüàle###,frifole,friable,0.078991,frivole,0.048150,0,0
###notvlre###,notvrre,nouille,0.015748,notoire,0.004171,0,0
###relôner###,relaner,relayer,0.010673,relayer,0.010673,0,0
###adoïçer###,adolder,adosser,0.066271,adonner,0.034496,1,0
###arspgal###,arsraal,arsenal,0.017836,arsenal,0.017836,0,0
###beucver###,beuceer,boucher,0.059474,beugler,0.014859,0,0
###bigcüle###,biigile,bignole,0.019880,bignole,0.019880,0,0
###brogâer###,brogher,briller,0.008602,bronzer,0.003711,0,0
###denêlté###,denêlté,densité,0.075900,densité,0.075900,0,0
###dépeyté###,dépeyté,déserté,0.073643,déporté,0.019408,0,0
###moufünt###,moufont,mouflet,0.086013,mourant,0.036645,0,0
###perîsnt###,persrnt,perçant,0.027485,perçant,0.027485,0,0
###siréver###,siriver,dériver,0.056992,siroter,0.016679,0,0
###bibàéon###,bibedon,biberon,0.144049,biberon,0.144049,0,0
###briêale###,brinale,brimade,0.014273,bricole,0.003030,0,0
###cenxyme###,centyme,cynisme,0.292263,centime,0.250405,0,0
###défûàcé###,défcicé,défoncé,0.417546,défoncé,0.417546,0,0
###geiuore###,geioore,gouffre,0.023222,geindre,0.019037,0,0
###latnîal###,laasaal,latéral,0.100403,latéral,0.100403,0,0
###mosîlée###,momélée,mosquée,0.040139,mosquée,0.040139,0,0
###moujïet###,mousott,mousser,0.053547,mouflet,0.037127,0,0
###palûâte###,palette,palette,0.274421,palette,0.274421,0,0
###resïînt###,ressant,restant,0.048125,restant,0.048125,0,0
###brapzer###,bragzer,braquer,0.037919,brasser,0.034387,1,0
###claçéon###,claeçon,clairon,0.085263,clairon,0.085263,0,0
###dényüer###,dénsyer,dénouer,0.066803,dénuder,0.009743,0,0
###hirxüte###,hhritte,horaire,0.009117,hirsute,0.005360,0,0
###insûüré###,inssbré,inspiré,0.118311,inspiré,0.118311,0,0
###morèqer###,morièer,mousser,0.006035,mortier,0.002098,0,0
###poizsre###,poissre,poindre,0.092971,poindre,0.092971,0,0
###prékuce###,précuce,précoce,0.097518,précoce,0.097518,0,0
###relgder###,rerôder,percher,0.002186,relater,0.001631,0,0
###rouüâer###,roureer,routier,0.042012,routier,0.042012,0,0
###sinccux###,sinceux,sinueux,0.235091,sinueux,0.235091,0,0
###bouveon###,bouveon,bouchon,0.012343,bourdon,0.011465,0,0
###chiéïre###,chirire,chiffre,0.024190,chimère,0.008575,0,0
###comkêsé###,coosmsé,composé,0.009347,composé,0.009347,0,0
###dilyçer###,dyllyer,délayer,0.038562,dilater,0.000130,0,0
###épafkui###,épallai,épanoui,0.335270,épanoui,0.335270,0,0
###incqèné###,incicné,incliné,0.073968,incliné,0.073968,0,0
###nomuüil###,nomulil,nombril,0.064356,nombril,0.064356,0,0
###pelçohe###,peleohe,peindre,0.010686,peluche,0.005742,0,0
###pupxnle###,pupllle,pupille,0.273680,pupille,0.273680,0,0
###saiyyie###,syyiyie,sadique,0.006990,saillie,0.001598,1,0
###torsîer###,torsser,tousser,0.018023,torcher,0.001272,0,0
###accôzlé###,aaccllé,calciné,0.038154,accablé,0.015483,0,0
###anngéer###,anngxer,annuler,0.038913,annuler,0.038913,0,0
###assxûer###,alssxrr,amasser,0.007595,assener,0.000153,0,0
###bargàlé###,bargelé,bariolé,0.074516,bariolé,0.074516,0,0
###ébaüvhe###,ébaache,ébauche,0.272483,ébauche,0.272483,0,0
###froêcon###,frorcon,fronton,0.163060,fronton,0.163060,0,0
###palôohe###,pallohe,paluche,0.016114,paluche,0.016114,0,0
###parzànt###,parpant,parlant,0.143236,parlant,0.143236,0,0
###souàvre###,souvvre,vouivre,0.022283,sourdre,0.018341,0,0
###verûhct###,vervhct,verdict,0.101880,verdict,0.101880,0,0
###achâwné###,achlhné,acharné,0.716374,acharné,0.716374,0,1
###amozuir###,amoouir,amocher,0.028060,amollir,0.018606,1,0
###chôodge###,chôoige,chômage,0.074435,chômage,0.074435,0,0
###congsée###,conssée,contrée,0.005032,contrée,0.005032,0,0
###dépwîyé###,déployé,déployé,0.127522,déployé,0.127522,0,0
###désvhmé###,dévhové,détaché,0.009072,désarmé,0.000920,0,0
###lorkfon###,lorfson,lorgnon,0.190197,lorgnon,0.190197,0,0
###staîver###,staîver,stagner,0.009587,stagner,0.009587,0,0
###tauîyer###,tauqyer,taulier,0.129046,taulier,0.129046,0,0
###arbllre###,arbllle,arbuste,0.015798,arbitre,0.005941,0,0
###assçypi###,asspppi,assoupi,0.182163,assoupi,0.182163,0,0
###cerûter###,cerûter,cercler,0.014484,cercler,0.014484,0,0
###colvfbe###,colèrbe,colombe,0.019619,colombe,0.019619,0,0
###couüôet###,couleet,couplet,0.096416,couplet,0.096416,0,0
###crévtau###,crévaau,cerveau,0.214044,créneau,0.008210,0,0
###feubber###,beubber,meubler,0.026493,feutrer,0.009489,0,0
###menzlur###,menblur,menteur,0.109805,menteur,0.109805,0,0
###oramgur###,orougur,fringue,0.006188,orateur,0.000178,0,0
###rebvler###,revbler,reculer,0.022051,rebuter,0.000312,0,0
###remïûai###,remriai,remblai,0.554251,remblai,0.554251,0,1
###empwuse###,emphuse,emprise,0.113772,emphase,0.084228,0,0
###encçaer###,encaaer,encrier,0.067946,enculer,0.048024,0,0
###fangzre###,fanggre,fanfare,0.067173,fanfare,0.067173,0,0
###fétjghe###,fétègge,fétiche,0.026637,fétiche,0.026637,0,0
###oraüher###,oraaher,oranger,0.056109,oranger,0.056109,0,0
###patûêer###,papûter,patiner,0.005385,patiner,0.005385,0,0
###pudkwue###,pupfôue,pudique,0.025684,pudique,0.025684,0,0
###semaïce###,semaace,semence,0.465035,semence,0.465035,0,0
###démkoer###,démmmer,démener,0.196468,démêler,0.018247,0,0
###dépnühe###,dénnoue,donneur,0.059333,dépêche,0.001187,0,0
###emmnïer###,emmmoer,emmener,0.119217,emmêler,0.031517,0,0
###encûhme###,encûmme,enclume,0.094915,enclume,0.094915,0,0
###engméer###,engméer,engluer,0.132748,engluer,0.132748,0,0
###lyrpzue###,lyrpuue,lyrique,0.028921,lyrique,0.028921,0,0
###sacqxdé###,sacéédé,saccadé,0.232798,saccadé,0.232798,0,0
###adjxânt###,adjrant,affront,0.007715,adjoint,0.006413,0,0
###arnâsue###,arnssue,arnaque,0.007047,arnaque,0.007047,0,0
###bifvâck###,bifflck,bifteck,0.118506,bifteck,0.118506,0,0
###ficlèon###,fioloon,fiction,0.170541,fiction,0.170541,0,0
###malxeif###,malliie,maladie,0.018355,maladif,0.000257,0,0
###outfkge###,ouotige,outrage,0.011544,outrage,0.011544,0,0
###shofmer###,shomter,shooter,0.500192,shooter,0.500192,0,1
###adhàper###,adhaher,adhérer,0.007697,adhérer,0.007697,0,0
###conkünu###,consenu,contenu,0.282751,convenu,0.173329,0,0
###coûymux###,coûûeux,coûteux,0.155852,coûteux,0.155852,0,0
###extcjué###,exccoué,exténué,0.229878,exténué,0.229878,0,0
###guéàote###,guéoote,guérite,0.016078,guérite,0.016078,0,0
###hanâfse###,hanfase,hantise,0.159842,hantise,0.159842,0,0
###jésqfte###,ééseree,caserne,0.019920,jésuite,0.000009,0,0
###jubfêer###,jubeoer,jubiler,0.056298,jubiler,0.056298,0,0
###ligdver###,divéier,diviser,0.017109,ligoter,0.000049,0,0
###revüçnt###,reuçant,restant,0.054967,revient,0.003298,0,0
###vienûli###,vienili,vieilli,0.344571,vieilli,0.344571,0,0
###balcène###,balcène,calciné,0.026197,baleine,0.001169,0,0
###détèçer###,détièer,daigner,0.000769,détaler,0.000107,0,0
###émixênt###,émirênt,éminent,0.097466,éminent,0.097466,0,0
###évebhré###,évhevré,éventré,0.150056,éventré,0.150056,0,0
###garôzti###,gargpti,gamelle,0.021371,garanti,0.011570,0,0
###geôüzer###,geômger,geôlier,0.716637,geôlier,0.716637,0,1
###meuwari###,meurari,meurtri,0.352387,meurtri,0.352387,0,0
###accîâer###,acccter,accéder,0.019331,acculer,0.006788,0,0
###allyîre###,alllyre,allègre,0.045433,allègre,0.045433,0,0
###amoçjir###,amomoir,amortir,0.100522,amortir,0.100522,0,0
###coliônt###,colient,collant,0.277071,collant,0.277071,0,0
###crotâir###,crottir,frotter,0.010176,croupir,0.000428,0,0
###gonmûle###,gonmole,gondole,0.517472,gondole,0.517472,0,1
###moiàaur###,moiiaur,moiteur,0.447739,moiteur,0.447739,0,0
###projiré###,projiré,prostré,0.016937,prostré,0.016937,0,0
###resqipé###,resiépé,rescapé,0.323657,rescapé,0.323657,0,0
###troîïée###,troîoée,traînée,0.085019,trophée,0.073655,0,0
###velîàté###,velltté,velouté,0.414060,velouté,0.414060,0,0
###verbçne###,verbane,versant,0.058707,vermine,0.028855,0,0
###abrdôer###,aarbyer,abriter,0.004442,abréger,0.004144,0,0
###appbyat###,appayat,apparat,0.785096,apparat,0.785096,0,1
###barlsue###,barssue,baraque,0.013121,baroque,0.011384,0,0
###botrgne###,botrgne,épargne,0.019237,bottine,0.002021,0,0
###énoâser###,énosser,épouser,0.017172,énoncer,0.002382,0,0
###fungûte###,funtôte,funeste,0.119665,funeste,0.119665,0,0
###hérnpsé###,hérépsé,hérissé,0.166296,hérissé,0.166296,0,0
###lotusie###,lotosie,loterie,0.445137,loterie,0.445137,0,0
###perïode###,peroode,période,0.248190,perfide,0.096978,0,0
###voiaher###,voiaher,voilier,0.064744,voilier,0.064744,0,0
###adénoat###,adanaat,adapter,0.074546,adéquat,0.002978,0,0
###corwâal###,corcaal,cordial,0.380623,cordial,0.380623,0,0
###défaadu###,défaaau,défaire,0.095465,défendu,0.007676,0,0
###fiaîàer###,fiafèer,fiancer,0.047435,fiancer,0.047435,0,0
###gruôcre###,grurcre,gruyère,0.007711,gruyère,0.007711,0,0
###noizûud###,noiceud,noiraud,0.047265,noiraud,0.047265,0,0
###tanlure###,tanlure,tanière,0.121000,tanière,0.121000,0,0
###calvhte###,calvhte,calotte,0.115924,calotte,0.115924,0,0
###cançwde###,candade,candide,0.831061,candide,0.831061,0,1
###desyçné###,dessuné,destiné,0.322141,destiné,0.322141,0,0
###empyïnt###,emplant,emprunt,0.154950,emprunt,0.154950,0,0
###facxîon###,facroon,faction,0.450610,faction,0.450610,0,0
###jacâhes###,cacécps,capital,0.015638,jacques,0.002356,0,0
###malnüat###,mallaat,malfrat,0.017828,malfrat,0.017828,0,0
###mirpzor###,mirpzor,mirador,0.096266,mirador,0.096266,0,0
###moréqde###,morddde,morbide,0.102640,morbide,0.102640,0,0
###pirytue###,piritue,pirogue,0.030938,pirogue,0.030938,0,0
###troiler###,troiler,étoiler,0.025246,troquer,0.018014,0,0
###viràhle###,viriole,virgule,0.143657,virgule,0.143657,0,0
###chenslu###,chsseau,cerceau,0.023875,chevelu,0.002335,0,0
###crayïre###,crayyre,cratère,0.019683,cratère,0.019683,0,0
###dacxqlo###,daclolo,dallage,0.024852,dactylo,0.005429,0,0
###forètné###,foritné,forcené,0.037931,forcené,0.037931,0,0
###lunôôre###,lunlbre,lunette,0.034097,lunaire,0.021007,0,0
###picèyer###,pipièer,piocher,0.001433,picoler,0.000333,0,0
###vénmuer###,vénjuur,vénérer,0.082289,vénérer,0.082289,0,0
###aboàter###,abooter,aboutir,0.057813,abonder,0.017946,0,0
###canümur###,canbmur,candeur,0.205136,candeur,0.205136,0,0
###chrtder###,chrtter,chromer,0.003491,chromer,0.003491,0,0
###déltqré###,déltiré,délabré,0.129453,délabré,0.129453,0,0
###expfïer###,exhlêer,exulter,0.029988,expirer,0.001011,0,0
###fornüit###,forfait,forfait,0.214773,forfait,0.214773,0,0
###grimpon###,grimpon,grillon,0.270018,grillon,0.270018,1,0
###laixdge###,laiiige,lainage,0.033034,lainage,0.033034,0,0
###prétkge###,prétige,présage,0.075466,présage,0.075466,0,0
###cahyyer###,cyyayer,cavaler,0.029418,cahoter,0.000216,0,0
###carbire###,cariire,carrure,0.005943,carrure,0.005943,0,0
###châüàer###,chârier,châtier,0.010065,châtier,0.010065,0,0
###cohïste###,cohïste,modeste,0.009830,cohorte,0.004171,0,0
###cortxda###,cortada,corrida,0.016638,corrida,0.016638,0,0
###enfakré###,enfaaré,enfoiré,0.099209,enfoiré,0.099209,0,0
###exaèûré###,exxcèré,exagéré,0.071054,exagéré,0.071054,0,0
###ferïônt###,fervant,fervent,0.108590,fervent,0.108590,0,0
###frakéue###,frffque,franque,0.025793,franque,0.025793,0,0
###macïfam###,mafamam,macadam,0.357455,macadam,0.357455,0,0
###pécûsur###,pécusur,pécheur,0.053147,pécheur,0.053147,0,0
###smoatng###,smokant,profane,0.011928,smoking,0.003733,0,0
###unihèon###,huunoon,réunion,0.005077,unisson,0.000209,1,0
###varywne###,varnane,varenne,0.240323,varenne,0.240323,0,0
###vitcîux###,viiteux,vicieux,0.075940,vitreux,0.000815,0,0
###châfwis###,châssis,châssis,0.912736,châssis,0.912736,1,1
###civzêre###,civrdre,civière,0.355628,civière,0.355628,0,0
###conkîur###,concnur,conteur,0.057676,conteur,0.057676,0,0
###cuixeot###,cuiotot,cuiller,0.061608,cuistot,0.043855,0,0
###errqkce###,errfqce,errance,0.104287,errance,0.104287,0,0
###gobxpet###,goboeet,gobelet,0.043400,gobelet,0.043400,0,0
###ravnmer###,rarêmer,ranimer,0.040580,raviver,0.001345,0,0
###souâçnu###,souseuu,soutenu,0.312997,soutenu,0.312997,0,0
###avabkée###,avaaaée,avancée,0.137134,avancée,0.137134,0,0
###boiqhux###,boighux,boiteux,0.743895,boiteux,0.743895,0,1
###chôjwur###,chôchur,chômeur,0.179597,chômeur,0.179597,0,0
###déjvker###,déjvier,déplier,0.037756,déjouer,0.001645,0,0
###épiovux###,épiooux,épineux,0.485515,épineux,0.485515,0,0
###friébti###,frirtti,frichti,0.265238,frichti,0.265238,0,0
###mutüper###,mutuper,mutiler,0.200730,mutiler,0.200730,0,0
###néfogte###,négogte,négatif,0.010014,néfaste,0.002684,0,0
###opuqûnt###,ooulant,opulent,0.045071,opulent,0.045071,0,0
###ordakné###,ordanné,ordonné,0.212526,ordonné,0.212526,0,0
###oxyvrne###,onvvrne,oxygène,0.034429,oxygène,0.034429,0,0
###parkhir###,parahir,parloir,0.033132,parloir,0.033132,0,0
###peiâcer###,peiccer,peigner,0.125139,peigner,0.125139,0,0
###recnwer###,recceer,relayer,0.002494,recréer,0.001823,0,0
###vauméur###,vauuuur,vautour,0.201483,vautour,0.201483,0,0
###advckse###,adveise,adverse,0.018245,adverse,0.018245,0,0
###aigïdur###,aigudur,aigreur,0.063137,aigreur,0.063137,0,0
###athqjte###,adhoqte,athlète,0.000794,athlète,0.000794,0,0
###avocqer###,avoccer,avorter,0.136430,avorter,0.136430,0,0
###ceiqlre###,cecllee,cellier,0.003550,ceindre,0.000679,0,0
###chatdue###,chatdue,charrue,0.009526,charrue,0.009526,1,0
###dixïôme###,dixlôme,dixième,0.523966,dixième,0.523966,0,1
###embévme###,embemme,emblème,0.212413,emblème,0.212413,0,0
###humçïié###,humphié,humilié,0.459367,humilié,0.459367,0,0
###nupüoal###,nupéoal,nuptial,0.244516,nuptial,0.244516,0,0
###oseqüle###,osellle,oseille,0.343970,oseille,0.343970,0,0
###potxdie###,potioie,poterie,0.012439,poterie,0.012439,0,0
###pouxûer###,pouleer,pousser,0.035660,poudrer,0.003598,0,0
###satgàer###,sazgyer,saigner,0.089266,saturer,0.001692,0,0
###teiyjre###,teicyre,teindre,0.081084,teindre,0.081084,0,0
###toryyde###,toryyde,tornade,0.064092,torride,0.060782,0,0
###bouhjli###,boullli,bouilli,0.530496,bouilli,0.530496,0,1
###camüüur###,cambmur,candeur,0.020145,campeur,0.011295,0,0
###châdêin###,chârain,châtain,0.219286,châtain,0.219286,0,0
###dorïknt###,dortant,dormant,0.195042,dormant,0.195042,0,0
###encpyer###,encôyer,encrier,0.045927,encrier,0.045927,0,0
###enfhcmé###,enfhcmé,enfermé,0.513390,enfermé,0.513390,0,1
###éveîper###,évevper,éventer,0.060376,éventer,0.060376,0,0
###exajwer###,exjvxer,exposer,0.007958,exaucer,0.002502,0,0
###exumjer###,exumuer,exulter,0.049315,exulter,0.049315,0,0
###genadve###,genaave,gencive,0.051415,gencive,0.051415,0,0
###glyàwne###,glyline,glycine,0.671475,glycine,0.671475,0,1
###huizâux###,huileux,huileux,0.158089,huileux,0.158089,0,0
###inscber###,iiscber,imbiber,0.004782,insérer,0.003472,0,0
###liqèîur###,liqcqur,liqueur,0.485847,liqueur,0.485847,0,0
###marvyal###,marvaal,martial,0.089902,martial,0.089902,0,0
###mertler###,mermler,marquer,0.024617,mercier,0.014593,0,0
###micvêbe###,miceome,microbe,0.019951,microbe,0.019951,0,0
###milxaer###,milièer,militer,0.618191,militer,0.618191,0,1
###murüéte###,muréste,murette,0.364134,murette,0.364134,0,0
###noursle###,nourlle,nouille,0.492079,nouille,0.492079,0,0
###oeuôüer###,oeuleer,oeuvrer,0.009237,oeuvrer,0.009237,0,0
###poméfau###,posfeau,poireau,0.014617,pommeau,0.011870,0,0
###pomqiux###,pompeux,pompeux,0.977971,pompeux,0.977971,0,1
###toràjré###,torroré,torturé,0.393581,torturé,0.393581,0,0
###agaurnt###,amaurnt,assurer,0.013205,agaçant,0.000606,0,0
###clésurd###,clécurd,censure,0.093940,clébard,0.047761,0,0
###disçtsé###,disissé,disposé,0.346792,disposé,0.346792,0,0
###effcüie###,effrice,effigie,0.019091,effigie,0.019091,0,0
###épràcvé###,éprcuvé,éprouvé,0.237649,éprouvé,0.237649,0,0
###extçfit###,extûtit,extrait,0.171513,extrait,0.171513,0,0
###métêjue###,météoue,métèque,0.024503,métèque,0.024503,0,0
###modjçer###,mojdier,mijoter,0.015698,moduler,0.001109,0,0
###ourbfan###,ouraban,ouragan,0.572993,ouragan,0.572993,0,1
###recdgnu###,redgunu,reconnu,0.072526,reconnu,0.072526,0,0
###remïber###,rembber,remiser,0.076711,remiser,0.076711,0,0
###assüvié###,assiiié,associé,0.363770,associé,0.363770,0,0
###galdüie###,galdiie,galerie,0.022658,galaxie,0.004595,0,0
###grapdts###,grappts,gravats,0.088998,gravats,0.088998,0,0
###mouïéer###,mouéser,mousser,0.063417,moufter,0.007375,0,0
###neivaux###,neiveux,nerveux,0.157769,neigeux,0.049652,0,0
###oraàüux###,orareux,orageux,0.639241,orageux,0.639241,0,1
###piléûer###,piplier,piloter,0.126532,piloter,0.126532,0,0
###prouâio###,prouoii,profond,0.099844,proprio,0.001097,0,0
###reldâre###,relrare,meurtre,0.007211,reliure,0.001332,0,0
###torçwde###,torpade,torride,0.126702,tornade,0.052899,0,0
###altoüse###,altoose,altesse,0.429219,altesse,0.429219,0,0
###ambjènt###,ambgont,amusant,0.060821,ambiant,0.025678,0,0
###assjïti###,asseiti,assorti,0.197064,assorti,0.197064,0,0
###bouîèur###,boubuur,boudeur,0.073668,boudeur,0.073668,0,0
###bouézau###,boujeau,bouleau,0.026289,bouleau,0.026289,0,0
###conîyit###,conytit,conflit,0.019405,conduit,0.007687,0,0
###excbbté###,excctté,excepté,0.039310,excepté,0.039310,0,0
###foiôtux###,foiteux,foireux,0.620999,foireux,0.620999,0,1
###galêqin###,galqain,galopin,0.098025,galopin,0.098025,0,0
###lacêuer###,laccuer,lacérer,0.115969,lacérer,0.115969,0,0
###moilâon###,moiloon,maillon,0.101876,moignon,0.089872,0,0
###monwjle###,monfole,monocle,0.041013,monocle,0.041013,0,0
###oripêce###,orioêce,orifice,0.149864,orifice,0.149864,0,0
###pimkfnt###,pimfnnt,pimpant,0.078075,pimpant,0.078075,0,0
###relhbre###,reblbre,rebelle,0.065750,reluire,0.003413,0,0
###répyodu###,répoudu,répandu,0.497593,répandu,0.497593,0,0
###retîüer###,rejîver,reposer,0.003137,retaper,0.001422,0,0
###stavyre###,stavvre,chanvre,0.030848,stature,0.021873,0,0
###batèêur###,battuur,batteur,0.894222,batteur,0.894222,0,1
###broylrt###,broyoet,brosser,0.019006,brocart,0.007874,0,0
###broôket###,brortet,brouter,0.289198,brochet,0.143324,0,0
###canfàhe###,canfohe,caniche,0.149918,caniche,0.149918,0,0
###clovüer###,clovoer,cloquer,0.097684,cloquer,0.097684,0,0
###éboaxis###,ébxisis,éboulis,0.224061,éboulis,0.224061,0,0
###lamôèon###,larèson,lorgnon,0.060009,lampion,0.043494,0,0
###livhüur###,livlour,livreur,0.535120,livreur,0.535120,0,1
###prélmsé###,prplomé,prostré,0.004239,préposé,0.002109,0,0
###romwéce###,rombece,romance,0.368802,romance,0.368802,0,0
###spelwer###,speller,sceller,0.063581,speaker,0.050909,0,0
###tréàgau###,tréggau,tréteau,0.070005,tréteau,0.070005,0,0
###troûeon###,troûçon,tronçon,0.353755,tronçon,0.353755,0,0
###bouînir###,boubnir,bouffir,0.040975,boudoir,0.012754,0,0
###dépôücé###,dépéicé,déplacé,0.221088,déplacé,0.221088,0,0
###épejère###,éppeère,éperdre,0.028390,éperdre,0.028390,0,0
###foutçil###,foutall,fouille,0.160966,fournil,0.007848,0,0
###gazcule###,gazgule,gazelle,0.021559,gazelle,0.021559,0,0
###harluis###,harpuis,harnais,0.158057,harnais,0.158057,0,0
###intuoer###,intoter,intimer,0.022355,intimer,0.022355,0,0
###lospôge###,lorpuge,losange,0.015808,losange,0.015808,0,0
###penjâur###,pensuur,penseur,0.201941,penseur,0.201941,0,0
###rejcçon###,rejcion,rejeton,0.152515,rejeton,0.152515,0,0
###afflxnt###,affllnt,affront,0.209287,affront,0.209287,0,0
###bicûgue###,bigigue,bouille,0.003526,bicoque,0.002060,0,0
###bivyïac###,bivlaac,bivouac,0.028043,bivouac,0.028043,0,0
###coméwre###,commore,commère,0.021773,compère,0.001040,0,0
###cortüge###,cortage,cortège,0.410660,cordage,0.006823,0,0
###cougaer###,cougaer,coucher,0.023006,couiner,0.012670,0,0
###déczêer###,décêter,décorer,0.035024,décimer,0.017434,0,0
###droûfer###,droûber,droguer,0.077312,droguer,0.077312,0,0
###échvgnt###,échggnt,échéant,0.232656,échéant,0.232656,0,0
###épaiqer###,épaicer,apaiser,0.051397,épauler,0.034018,0,0
###exhfâer###,exhlher,exhiber,0.040906,exhumer,0.018806,0,0
###jonwüer###,jonnoer,joncher,0.026112,jongler,0.012662,0,0
###truwyer###,truyyer,truquer,0.199889,truffer,0.022113,1,0
###vanüüil###,vaniail,vantail,0.396765,vantail,0.396765,0,0
###venéüur###,venjeur,vengeur,0.222504,vengeur,0.222504,0,0
###affèxle###,affèble,affable,0.374841,affable,0.374841,0,0
###bafwüer###,baffeer,bouffer,0.025611,bafouer,0.002499,0,0
###bidqmhe###,bidique,bicoque,0.016015,bidoche,0.000168,0,0
###casçfre###,caserre,cassure,0.028141,cassure,0.028141,0,0
###comjïre###,comsure,commère,0.009694,commère,0.009694,0,0
###crolqon###,crorçon,croûton,0.061509,croûton,0.061509,0,0
###donücnt###,donccnt,donnant,0.176758,donnant,0.176758,0,0
###écutîon###,écurton,écusson,0.236149,écusson,0.236149,1,0
###éduiter###,éduiter,éduquer,0.104017,éduquer,0.104017,0,0
###empxgté###,emputté,emporté,0.244474,emporté,0.244474,0,0
###étowèer###,étogèer,étoiler,0.031911,étoiler,0.031911,0,0
###étrhçué###,étrtuué,étriqué,0.398761,étriqué,0.398761,0,0
###fridnre###,frifnre,friture,0.052092,friture,0.052092,0,0
###haimuon###,hainçon,haillon,0.255071,haillon,0.255071,1,0
###lutêçur###,luttêur,lutteur,0.039938,lutteur,0.039938,0,0
###pouïyin###,poussin,poussin,0.124213,poulain,0.043261,0,0
###recôdil###,recleil,recueil,0.037886,recueil,0.037886,0,0
###réfpûer###,répffer,ronfler,0.046182,référer,0.000391,0,0
###rizaêre###,rizaare,rizière,0.166006,rizière,0.166006,0,0
###samébar###,sambber,séparer,0.013523,samovar,0.010255,0,0
###sanefin###,sanniin,sanguin,0.048519,sanguin,0.048519,0,0
###sulèène###,sulèène,sultane,0.028476,sultane,0.028476,0,0
###terpôau###,terpuau,terreau,0.651478,terreau,0.651478,0,1
###trawàze###,trapaze,tranche,0.042023,trapèze,0.006496,0,0
###wesdôrn###,wesrdrn,western,0.281147,western,0.281147,0,0
###absçjbé###,abscagé,absence,0.052322,absorbé,0.049500,0,0
###affiier###,affiier,affiner,0.179189,affamer,0.001040,0,0
###briïjnd###,brinnnd,brigand,0.159489,brigand,0.159489,0,0
###calpyhe###,calaqpe,calotte,0.040924,calèche,0.003262,0,0
###calêéin###,callnin,calepin,0.043593,calepin,0.043593,0,0
###citçzin###,cirppin,citadin,0.063095,citadin,0.063095,0,0
###conqvle###,conqqle,concile,0.068332,console,0.032673,0,0
###craüsat###,crayaat,crachat,0.070495,crachat,0.070495,0,0
###démluer###,démmuer,dévouer,0.014349,démener,0.012926,0,0
###déplbsé###,déplbsé,dépassé,0.090951,dépassé,0.090951,0,0
###écoygré###,écoogré,écoeuré,0.153026,écoeuré,0.153026,0,0
###embvpon###,emovbon,embryon,0.073080,embryon,0.073080,0,0
###glayüer###,glayyer,glacier,0.073057,glacier,0.073057,0,0
###inftéie###,infeiie,inertie,0.015515,infamie,0.015102,0,0
###lanofir###,lanfoir,languir,0.287788,languir,0.287788,0,0
###mamuble###,mambble,mamelle,0.561351,mamelle,0.561351,0,1
###matsïne###,maasane,cantine,0.008591,matrone,0.005226,0,0
###méaxhre###,méaèbre,chambre,0.053341,méandre,0.010849,0,0
###nénêmte###,nénêête,nénette,0.407194,nénette,0.407194,0,0
###recèïer###,reccèrr,mercier,0.001824,receler,0.000122,0,0
###révqfer###,réffrer,réparer,0.009914,réviser,0.001885,0,0
###tatiïer###,tatiier,tatouer,0.007657,tatouer,0.007657,0,0
###traôwhé###,tranhhé,tranché,0.779569,tranché,0.779569,0,1
###affdder###,adffder,affiner,0.020633,affûter,0.006928,0,0
###attüver###,attover,atteler,0.097498,attiser,0.043587,0,0
###celïser###,celsser,cellier,0.014164,cellier,0.014164,0,0
###comdôné###,comciné,colonne,0.008964,combiné,0.001303,0,0
###corîûle###,corîole,corolle,0.065903,corolle,0.065903,0,0
###défqnmé###,défanmé,déformé,0.107443,déformé,0.107443,0,0
###dégqfsé###,dégéfsé,déguisé,0.428366,déguisé,0.428366,0,0
###ébrtwhé###,ébréhgé,ébréché,0.134127,ébréché,0.134127,0,0
###empcyse###,empeyse,emprise,0.101152,emprise,0.101152,0,0
###équàvée###,écuïlée,équipée,0.054285,équipée,0.054285,0,0
###faczgce###,facccce,factice,0.033176,factice,0.033176,0,0
###fliüçer###,flicfer,flirter,0.062522,flipper,0.047164,1,0
###frapder###,frafder,franger,0.027586,franger,0.027586,0,0
###navyrte###,navarre,navette,0.083346,navette,0.083346,0,0
###orahèon###,oraûoon,oraison,0.236850,oraison,0.236850,0,0
###poibôer###,poicèer,pointer,0.020351,poirier,0.012113,0,0
###prutmau###,prutaau,pruneau,0.194424,pruneau,0.194424,0,0
###répxçer###,répprer,replier,0.024151,réputer,0.016694,0,0
###rudilse###,rudille,rouille,0.261078,rudesse,0.022544,0,0
###serjxle###,serélle,servile,0.088901,servile,0.088901,0,0
###bliéêer###,blirder,baisser,0.011356,blinder,0.005562,0,0
###claéwer###,claeeer,classer,0.049121,clavier,0.019276,0,0
###désâwné###,déssiné,désigné,0.031176,désigné,0.031176,0,0
###dévcber###,dévcber,dérober,0.039126,dévider,0.007737,0,0
###devuyer###,devuyer,dentier,0.012922,deviser,0.008091,0,0
###écovîhé###,écorové,écorché,0.078705,écorché,0.078705,0,0
###enfvucé###,enfvucé,enfoncé,0.215617,enfoncé,0.215617,0,0
###entàçré###,enttrré,enterré,0.059020,enterré,0.059020,0,0
###étohïdi###,étohhdi,étourdi,0.768994,étourdi,0.768994,0,1
###figmïer###,fiômuer,fermier,0.035197,figuier,0.001241,0,0
###lispcle###,liscule,lisible,0.087203,lisible,0.087203,0,0
###minlûie###,minlôie,minutie,0.075721,minutie,0.075721,0,0
###pariier###,pariier,portier,0.013962,parader,0.003179,0,0
###picôuer###,pipcuer,picorer,0.016090,picorer,0.016090,0,0
###poueôif###,pouriif,poussif,0.081866,poussif,0.081866,1,0
###venhxle###,venhele,venelle,0.224701,venelle,0.224701,0,0
###ameyïer###,ameeyer,ameuter,0.271699,ameuter,0.271699,0,0
###camiqer###,camimer,cambrer,0.011115,cambrer,0.011115,0,0
###centire###,centire,centime,0.122323,censure,0.003026,0,0
###cézxfue###,cézèfue,cézigue,0.141580,cézigue,0.141580,0,0
###culkjse###,culfsse,culasse,0.102423,culasse,0.102423,0,0
###cychtne###,cychtne,cyclone,0.238731,cyclone,0.238731,0,0
###danmçng###,dadmang,dancing,0.073830,dancing,0.073830,0,0
###débçqre###,débsqre,déduire,0.019095,déboire,0.004997,0,0
###douttle###,doutule,douille,0.108013,douille,0.108013,0,0
###emmcède###,emceède,emmerde,0.080393,emmerde,0.080393,0,0
###incqpre###,incibee,inciter,0.003524,inclure,0.002631,0,0
###machxre###,machbre,machine,0.348697,macabre,0.026343,0,0
###mélhqée###,mélsqée,mélange,0.036970,mélopée,0.032215,0,0
###modccer###,modccer,moucher,0.028790,modérer,0.003662,0,0
###mouîber###,moubber,courber,0.075224,mousser,0.045063,1,0
###palyôre###,paylyre,paysage,0.061497,palabre,0.005188,0,0
###patèrin###,patirin,patelin,0.110815,patelin,0.110815,0,0
###pelwbse###,pellbse,pelouse,0.160490,pelisse,0.154132,0,0
###peuàéux###,peupeux,peureux,0.740488,peureux,0.740488,0,1
###poiysot###,poiisot,poisson,0.137775,poivrot,0.009724,0,0
###raixbre###,raiibre,calibre,0.062752,rainure,0.001253,0,0
###saixgir###,saiigir,saillir,0.285492,saillir,0.285492,1,0
###triïéal###,triiwal,trivial,0.300900,trivial,0.300900,0,0
###anésxne###,anésxne,anémone,0.171526,anémone,0.171526,0,0
###annüuer###,annnuer,annuler,0.031240,annexer,0.010896,0,0
###bigèûdi###,biggidi,bigoudi,0.798691,bigoudi,0.798691,0,1
###cajôïer###,cajleer,cailler,0.038384,cajoler,0.003019,0,0
###conàpat###,conatat,constat,0.022069,constat,0.022069,0,0
###craïïle###,craîele,crapule,0.067624,crapule,0.067624,0,0
###déliier###,déliier,délirer,0.158855,déloger,0.000822,0,0
###forâsné###,forssné,forcené,0.027425,fortuné,0.022822,0,0
###husûârd###,huurord,hussard,0.213472,hussard,0.213472,0,0
###quaxior###,quioior,quatuor,0.009820,quatuor,0.009820,0,0
###racxjte###,racrute,raciste,0.184285,raciste,0.184285,0,0
###risïàle###,risiile,risible,0.226735,risible,0.226735,0,0
###truêyer###,truuyer,truquer,0.066715,truquer,0.066715,0,0
###adokkif###,adoficf,adoptif,0.407559,adoptif,0.407559,0,0
###affkber###,afffber,affamer,0.031793,affiner,0.010294,0,0
###agihpté###,atighté,agilité,0.014590,agilité,0.014590,0,0
###carihel###,caricll,caramel,0.054156,caramel,0.054156,0,0
###carétge###,cartage,carnage,0.193972,carnage,0.193972,0,0
###chapïon###,chaphon,chacune,0.012727,chardon,0.009516,0,0
###cuipîon###,cuicion,cuisson,0.062589,cuisson,0.062589,1,0
###décsôpé###,décsppé,densité,0.010097,découpé,0.005637,0,0
###éleïige###,élelige,élevage,0.185457,élevage,0.185457,0,0
###émijren###,émmeren,émigrer,0.065172,émilien,0.030664,0,0
###forxéit###,forioit,fortuit,0.138567,fortuit,0.138567,0,0
###orgnume###,orgoume,orgasme,0.005866,orgasme,0.005866,0,0
###pelnéer###,pellder,peloter,0.062116,peloter,0.062116,0,0
###pilèkge###,pillège,pillage,0.069521,pillage,0.069521,0,0
###surûîgu###,surguuu,suraigu,0.003852,suraigu,0.003852,0,0
###toujxoi###,touoioi,tournoi,0.056688,tournoi,0.056688,0,0
###troââon###,troûçon,tronçon,0.086962,trognon,0.044288,0,0
###valtwhe###,valèôge,valoche,0.041598,valoche,0.041598,0,0
###vanbèle###,vanèèle,vanille,0.188922,vanille,0.188922,0,0
###comûxte###,coûûtte,cocotte,0.009514,compote,0.003282,0,0
###échnôpe###,échnêpe,échoppe,0.016052,échoppe,0.016052,0,0
###émibïer###,émibber,émigrer,0.057157,émigrer,0.057157,0,0
###enghmis###,enghmis,engrais,0.622725,engrais,0.622725,0,1
###flapôée###,flapôée,flambée,0.165656,flambée,0.165656,0,0
###fledqer###,fleeeer,fleurer,0.249187,fleurer,0.249187,0,0
###gigzher###,giggher,gigoter,0.451243,gigoter,0.451243,0,0
###insqêne###,insiêne,insigne,0.042371,insigne,0.042371,0,0
###mouélrd###,mouélrd,moutard,0.149332,moutard,0.149332,0,0
###myrôbde###,myrbade,myriade,0.581681,myriade,0.581681,0,1
###ossâéet###,ossétrt,osselet,0.377595,osselet,0.377595,0,0
###plaôbne###,planbne,platine,0.077743,platine,0.077743,0,0
###raiüfer###,raifder,railler,0.012530,railler,0.012530,1,0
###repowre###,reppore,repaire,0.217947,repaire,0.217947,0,0
###saiàwer###,saisier,sailler,0.145243,sailler,0.145243,1,0
###sauyqur###,sauuyur,sauveur,0.217049,sauveur,0.217049,0,0
###teralne###,torelne,tartine,0.026672,terrine,0.026431,0,0
###avatôce###,avaeche,avarice,0.022901,avarice,0.022901,0,0
###blaàfer###,blafder,blaguer,0.038677,blaguer,0.038677,0,0
###camshng###,camgang,camping,0.270341,camping,0.270341,0,0
###casüôur###,cassuur,candeur,0.030567,casseur,0.014023,0,0
###conéupt###,coocupt,concept,0.317833,concept,0.317833,0,0
###créïvux###,croveux,crémeux,0.011426,crémeux,0.011426,0,0
###domvner###,dommner,dominer,0.572401,dompter,0.015820,0,0
###faiàtur###,faittur,facteur,0.029156,faiseur,0.003853,0,0
###frucâue###,frucere,frusque,0.045599,frusque,0.045599,0,0
###griüïnt###,grignnt,grisant,0.327528,grisant,0.327528,0,0
###hambüon###,hamboon,hameçon,0.149414,hameçon,0.149414,0,0
###madvter###,maddter,maculer,0.010254,madrier,0.003917,0,0
###nerwxre###,nerrrre,nervure,0.060731,nervure,0.060731,0,0
###occgpte###,ocogpee,occulte,0.010617,occulte,0.010617,0,0
###offçïse###,offffse,offense,0.673549,offense,0.673549,0,1
###optjçue###,opptête,honnête,0.017991,optique,0.000135,0,0
###orfqdre###,orofdee,oreille,0.025959,orfèvre,0.005727,0,0
###pérlher###,pérlher,portier,0.031647,pérorer,0.016751,0,0
###potbker###,pooteer,pousser,0.008544,potager,0.001914,0,0
###remqsnt###,remqrnt,remuant,0.158747,remuant,0.158747,0,0
###sadôxue###,saruque,sadique,0.017201,sadique,0.017201,0,0
###soukhvé###,souvuvé,soulevé,0.430262,soulevé,0.430262,0,0
###vamblre###,vamblle,vampire,0.050333,vampire,0.050333,0,0
###volhcre###,vollcre,voiture,0.014806,volière,0.006209,0,0
###alvôile###,alaiile,alvéole,0.003643,alvéole,0.003643,0,0
###braûüée###,braneée,brassée,0.324706,brassée,0.324706,1,0
###caljàné###,calliné,calciné,0.537934,calciné,0.537934,0,1
###capühle###,capplle,capable,0.080907,capsule,0.064627,0,0
###cléàdnt###,clértnt,clément,0.189115,clément,0.189115,0,0
###déblper###,débller,déplier,0.073414,débiner,0.006223,0,0
###dégpône###,dépppne,dépense,0.010091,dégaine,0.008116,0,0
###ébasère###,ébsèère,ébattre,0.110537,ébattre,0.110537,1,0
###éjedmer###,émeeder,émerger,0.062775,éjecter,0.001034,0,0
###embnohe###,emboohe,emblème,0.011612,embûche,0.010175,0,0
###envxüée###,enproée,envolée,0.032083,envolée,0.032083,0,0
###exéwner###,exhgrer,exhiber,0.033340,exécrer,0.002359,0,0
###faclyte###,faclate,facette,0.129294,facette,0.129294,0,0
###ferkjle###,felfele,femelle,0.013602,fertile,0.002197,0,0
###filwore###,filiore,filière,0.354898,filière,0.354898,0,0
###griplte###,grillte,griller,0.128581,griotte,0.027483,0,0
###maiüèon###,maiioon,maillon,0.093745,maillon,0.093745,1,0
###masnxge###,mangage,massage,0.061208,massage,0.061208,0,0
###ouvdpnt###,ouvdent,ouvrant,0.139789,ouvrant,0.139789,0,0
###preljnt###,prolpnt,prenant,0.037838,prenant,0.037838,0,0
###supvhsé###,suuhivé,cultivé,0.135182,supposé,0.009286,0,0
###tenîént###,tenlhnt,tentant,0.530827,tentant,0.530827,0,1
###triqzle###,triiqle,tringle,0.095282,tringle,0.095282,0,0
###vétxbte###,vétébte,vétuste,0.068377,vétuste,0.068377,0,0
###vouxüre###,vourare,vouivre,0.011821,vouivre,0.011821,0,0
###vriçuer###,vrivuer,vriller,0.384445,vriller,0.384445,1,0
###albûüre###,albrbre,albâtre,0.011862,albâtre,0.011862,0,0
###attîidé###,atttidé,attardé,0.196071,attardé,0.196071,0,0
###brafyue###,brayque,branque,0.021286,branque,0.021286,0,0
###chaàünd###,chacand,chaland,0.660111,chaland,0.660111,0,1
###conyqle###,conqqee,cynique,0.288313,concile,0.000753,0,0
###éclvûer###,éclloer,écluser,0.024209,écluser,0.024209,0,0
###effqbné###,effqgné,effréné,0.133698,effréné,0.133698,0,0
###frémâte###,frémtte,frégate,0.178466,frégate,0.178466,0,0
###inaàhmé###,inanimé,inanimé,0.458741,inanimé,0.458741,0,0
###indêsne###,indisne,indigne,0.199203,indemne,0.065422,0,0
###loyhwté###,horlhté,loucher,0.023168,loyauté,0.013170,0,0
###lyrôfme###,lyrlôme,lyrisme,0.727087,lyrisme,0.727087,0,1
###pluüïel###,plurell,pluriel,0.416258,pluriel,0.416258,0,0
###renljer###,renlyer,renouer,0.036390,rentier,0.011433,0,0
###sabôàer###,sabeyer,sablier,0.112452,sablier,0.112452,0,0
###torpüon###,torpçon,torpeur,0.038191,torsion,0.013511,0,0
###verqàil###,vervell,servile,0.149786,vermeil,0.069711,0,0
###appîyer###,apppyer,appuyer,0.763349,apposer,0.014241,0,0
###bescdal###,besccal,bestial,0.497646,bestial,0.497646,0,0
###bibyfhe###,bibûche,bâiller,0.030103,bibiche,0.014698,0,0
###bleocer###,blooeer,bouffer,0.009168,bleuter,0.001017,0,0
###bouycir###,bouicir,bouffir,0.021151,bouffir,0.021151,1,0
###buvdxte###,buvdete,buvette,0.431340,buvette,0.431340,0,0
###caitêon###,caition,caisson,0.198674,caisson,0.198674,1,0
###daloêge###,dallage,dallage,0.335185,dallage,0.335185,0,0
###déczver###,décover,dévouer,0.017553,décéder,0.006576,0,0
###décîuir###,déciuir,déchoir,0.026718,déchoir,0.026718,0,0
###déspkté###,déépité,densité,0.169091,déserté,0.003159,0,0
###épaüjne###,épanane,épargne,0.092207,épargne,0.092207,0,0
###fliwner###,fligner,flirter,0.032216,flirter,0.032216,0,0
###incdète###,inccète,planète,0.023594,inceste,0.006822,0,0
###louégrd###,louéard,loubard,0.022096,loubard,0.022096,0,0
###luzyüne###,luzsqne,luzerne,0.033473,luzerne,0.033473,0,0
###manîvur###,manfvur,mangeur,0.152770,mangeur,0.152770,0,0
###nacrûle###,narrele,nouille,0.021403,nacelle,0.009649,0,0
###pomïyde###,poyïède,pommade,0.026538,pommade,0.026538,0,0
###pouzîin###,poucenn,poussin,0.023071,poussin,0.023071,1,0
###récèfer###,réfèrer,rédiger,0.004124,récuser,0.001227,0,0
###revtmlà###,rectmll,recueil,0.015087,revoilà,0.000772,0,0
###rouyxur###,rouyeur,rougeur,0.144626,rougeur,0.144626,0,0
###adjàser###,adjeser,adjurer,0.227151,adjurer,0.227151,0,0
###banvvge###,bavvgge,bandage,0.121180,bandage,0.121180,0,0
###bardêin###,bardain,baratin,0.142962,baratin,0.142962,0,0
###beuâcer###,beuccer,beurrer,0.023223,beurrer,0.023223,1,0
###écaqplé###,écaéllé,écaillé,0.737046,écaillé,0.737046,0,1
###écuàsle###,écuïlle,écuelle,0.379901,écuelle,0.379901,0,0
###entczré###,enctrré,enterré,0.014293,entouré,0.001997,0,0
###idiqnie###,iddonie,idiotie,0.184812,idiotie,0.184812,0,0
###mélojgé###,mélligé,mélangé,0.255959,mélangé,0.255959,0,0
###métgcre###,métocre,méandre,0.023848,météore,0.014308,0,0
###misbzve###,miscune,missive,0.186661,missive,0.186661,0,0
###pieèyre###,ziyière,mystère,0.008915,pieuvre,0.000642,0,0
###préïèce###,précèce,précoce,0.203333,préface,0.003056,0,0
###racüïme###,rarbume,racisme,0.014963,racisme,0.014963,0,0
###révdûté###,révdété,réalité,0.025198,révolté,0.018967,0,0
###ripxûte###,riptête,riposte,0.037913,riposte,0.037913,0,0
###visnzre###,viznare,viscère,0.015119,viscère,0.015119,0,0
###agetper###,ategter,alerter,0.007856,agencer,0.000407,0,0
###arrcîer###,arrcéer,arrêter,0.014641,arrimer,0.004531,0,0
###brijçde###,brinnde,brimade,0.075917,brimade,0.075917,0,0
###caixéer###,caiiier,cailler,0.035608,cailler,0.035608,1,0
###chaêyre###,cyayyre,chambre,0.020329,chanvre,0.013660,0,0
###couqjnt###,couqunt,couvent,0.115443,coulant,0.024855,0,0
###cruzsal###,crrssal,cristal,0.136401,crucial,0.031262,0,0
###échtçde###,ééhéêde,écharde,0.027878,écharde,0.027878,0,0
###empçter###,empêter,embêter,0.025091,empirer,0.001812,0,0
###ficwder###,ficider,ficeler,0.174009,fichier,0.039154,0,0
###frikwle###,frifile,friable,0.041541,friable,0.041541,0,0
###gâtpqie###,gâéiqie,gâterie,0.019869,gâterie,0.019869,0,0
###goévcnd###,goécand,goéland,0.016400,goéland,0.016400,0,0
###insôçgé###,insligé,insurgé,0.080118,insurgé,0.080118,0,0
###kleaâex###,kleeeex,kleenex,0.511606,kleenex,0.511606,0,1
###monluge###,monlige,montage,0.074373,montage,0.074373,0,0
###morèber###,morèber,dérober,0.036135,morfler,0.006270,0,0
###piomqer###,piomier,piocher,0.131884,piocher,0.131884,0,0
###plaçyon###,playçon,planton,0.058647,planton,0.058647,0,0
###prézsde###,pééssde,période,0.008283,prélude,0.007072,0,0
###rabzjer###,razbyer,raboter,0.117345,raboter,0.117345,0,0
###rebzprs###,reppars,repaire,0.054943,rebours,0.013269,0,0
###récûâer###,récâeer,rédiger,0.002598,récrier,0.002414,0,0
###ronêyur###,ronuyur,rongeur,0.160318,rongeur,0.160318,0,0
###terçher###,tercher,torcher,0.144877,terrier,0.066175,0,0
###théâyre###,théâtre,théâtre,0.497757,théière,0.008579,0,0
###torwndo###,torgnoi,tournoi,0.171434,torpédo,0.020590,0,0
###torçqde###,torqqde,torride,0.111075,torsade,0.043708,0,0
###véguber###,véguber,vigueur,0.076727,végéter,0.063430,0,0
###affwôté###,affgfté,affecté,0.091864,affecté,0.091864,0,0
###aveéànt###,aveeent,avenant,0.130844,avenant,0.130844,0,0
###caiggot###,caiggot,caillot,0.036903,caillot,0.036903,1,0
###castèue###,castèue,casaque,0.021128,casaque,0.021128,0,0
###claxger###,claiger,classer,0.040494,clapier,0.004077,0,0
###cociêse###,cocisse,cocasse,0.112624,cocasse,0.112624,0,0
###décüace###,décaace,décence,0.689107,décence,0.689107,0,1
###délâzer###,dézâger,délayer,0.008170,délayer,0.008170,0,0
###dévlîté###,dévlûté,dévasté,0.057926,dévasté,0.057926,0,0
###entüése###,entesse,entorse,0.397049,entorse,0.397049,0,0
###gouüfin###,gouifin,gourdin,0.227375,gourdin,0.227375,0,0
###immàûré###,imméiré,immigré,0.440371,immigré,0.440371,0,0
###impebmé###,imbeimé,imprimé,0.373164,imprimé,0.373164,0,0
###marxûer###,marmxrr,marcher,0.037873,mariner,0.011929,0,0
###mézlçue###,mézlule,moulure,0.047929,mézigue,0.044474,0,0
###ondxver###,onddver,onduler,0.218594,ondoyer,0.153539,0,0
###pénzàie###,pénsiée,pénurie,0.019598,pénurie,0.019598,0,0
###poizfau###,piifeau,poireau,0.037785,poireau,0.037785,0,0
###prouéne###,proudne,prouver,0.011608,profane,0.002778,0,0
###ramèknt###,ramfant,rampant,0.015664,rampant,0.015664,0,0
###récvner###,récaner,récurer,0.051134,récurer,0.051134,0,0
###saiàüée###,saisiée,saignée,0.304080,saignée,0.304080,0,0
###senèhnt###,sensènt,sentant,0.101551,sentant,0.101551,0,0
###typxzue###,typuêue,typique,0.071321,typique,0.071321,0,0
###veuoêge###,veuvêge,veuvage,0.804877,veuvage,0.804877,0,1
###amouper###,amouper,ajouter,0.002603,amocher,0.001553,0,0
###ampüàer###,amppyer,amputer,0.080634,amputer,0.080634,0,0
###assûïgé###,agssigé,assiégé,0.043420,assiégé,0.043420,0,0
###beikcet###,beiitet,beignet,0.252245,beignet,0.252245,0,0
###casyqnt###,cayqant,cassant,0.102761,cassant,0.102761,0,0
###ceryçau###,ceycuau,cerceau,0.204516,cerceau,0.204516,0,0
###denméer###,denmeer,dentier,0.155583,dentier,0.155583,0,0
###enrjder###,enjêder,enivrer,0.003390,enrôler,0.000839,0,0
###goryble###,gorable,gorille,0.101437,gorille,0.101437,0,0
###impvger###,imprier,imputer,0.070731,imputer,0.070731,0,0
###nulwvté###,nuvlité,nullité,0.054063,nullité,0.054063,0,0
###pasàôur###,papjuur,pasteur,0.019047,passeur,0.010131,0,0
###pétnâhe###,pénhhhe,pénurie,0.030986,pétoche,0.001095,0,0
###sabpuer###,sappuer,saigner,0.006395,saboter,0.001553,0,0
###scoéfer###,scofder,scander,0.034426,scooter,0.021903,0,0
###souâûlé###,souselé,soufflé,0.029319,soufflé,0.029319,1,0
###zyeéger###,zyzeger,zyeuter,0.261835,zyeuter,0.261835,0,0
###accnâer###,accccer,accéder,0.018494,accoler,0.017910,0,0
###audgwle###,auullle,auberge,0.018185,audible,0.007277,0,0
###barôêon###,barndon,baryton,0.069794,baryton,0.069794,0,0
###basôcon###,basecon,bastion,0.284014,bastion,0.284014,0,0
###bouaüon###,bouroon,bourbon,0.026317,bouffon,0.003186,1,0
###chixyer###,chicyer,chiquer,0.010726,chiquer,0.010726,0,0
###chojvne###,chvovne,caverne,0.033171,chopine,0.006699,0,0
###conèôis###,coniois,conquis,0.205845,conquis,0.205845,0,0
###démxjti###,dépmtti,débiter,0.037716,démenti,0.015587,0,0
###denshlé###,denshlé,densité,0.376871,dentelé,0.055140,0,0
###ébekêué###,ébentué,éberlué,0.150913,éberlué,0.150913,0,0
###éboüûur###,ébojuur,éboueur,0.236720,éboueur,0.236720,0,0
###fonmpnt###,fonfent,fondant,0.327078,fondant,0.327078,0,0
###léoêird###,léoédrr,léopard,0.028814,léopard,0.028814,0,0
###linüoul###,linloul,linceul,0.382314,linceul,0.382314,0,0
###ménpîge###,ménsige,méninge,0.013368,méninge,0.013368,0,0
###morbênt###,morbont,corbeau,0.018022,mordant,0.008771,0,0
###moucûre###,moucure,moucher,0.019945,moulure,0.011256,0,0
###navlânt###,navlant,navrant,0.854244,navrant,0.854244,0,1
###négrhgé###,négrggé,négligé,0.107460,négligé,0.107460,0,0
###pitüüce###,pipccce,pitance,0.061995,pitance,0.061995,0,0
###plovger###,plovger,plonger,0.287476,plomber,0.017593,0,0
###plurqau###,plqlaau,poulain,0.010820,plumeau,0.007274,0,0
###romdyer###,romfyer,rombier,0.042233,rombier,0.042233,0,0
###ambèlüe###,ambèlle,rebelle,0.020179,ambigüe,0.005637,0,0
