input,lower_deck_output,upper_deck_winner,winner_activation,target,target_activation,excluded,over_threshold
####kkoy#####,kykoyöo,kyiatöe,0.005265,kkoyöjy,0.001259,0,0
####oggh#####,ogihrhg,ngghähm,0.010239,ogghrul,0.003583,0,0
####hahi#####,hnihalv,hhihbvr,0.004514,hahioyn,0.000060,0,0
####eutv#####,tutfeuv,tkifeev,0.012026,eutvgyl,0.000474,0,0
####rirs#####,rsrsriv,rljkrrb,0.002828,rirsövb,0.000587,0,0
####jdoh#####,jdooroh,phiorjh,0.005495,jdohrde,0.000348,0,0
####lrdm#####,ldmflad,lövmlak,0.014186,lrdmgsd,0.001491,0,0
####bnko#####,khbbnom,ghunmpm,0.037908,bnkovti,0.000021,0,0
####dkke#####,kdbföee,ädpsöpk,0.002667,dkkelyn,0.000149,0,0
####elkm#####,klkfmlm,elkmrlu,0.055374,elkmrlu,0.055374,0,0
####bydn#####,bdbnnyd,yduonmy,0.005752,bydnorg,0.000430,0,0
####pbud#####,pdupödb,pdkummu,0.005576,pbudoby,0.000097,0,0
####ehbm#####,eebmnhm,mhjmnhm,0.010512,ehbmryd,0.000308,0,0
####srrg#####,gsbsrlv,gyrrfuv,0.002651,srrgdrh,0.000149,0,0
####ybhn#####,ybbnöjv,sbhnnlb,0.008275,ybhnyrp,0.007887,0,0
####otub#####,toubrju,idufröu,0.011821,otubbäf,0.000527,0,0
####hpfj#####,pdkfpjv,hsbhfjn,0.004986,hpfjryo,0.000019,0,0
####spfä#####,päppfää,pkmppöä,0.010226,spfäyhf,0.000010,0,0
####bmöö#####,beöömjö,gevfmju,0.008496,bmööunu,0.001457,0,0
####dibv#####,ydifövv,oeyfpvv,0.004848,dibvfls,0.000022,0,0
####sdöj#####,sdösööv,sgtsörv,0.023274,sdöjhov,0.003161,0,0
####gtot#####,ggtotak,jgätöbt,0.008405,gtoteoi,0.000404,0,0
####gpfo#####,gopfffo,yvhffby,0.004644,gpfoois,0.001020,0,0
####okap#####,oopppap,llppyfp,0.013314,okapbuk,0.000085,0,0
####ässä#####,ääääsää,ässävgg,0.006659,ässävgg,0.006659,0,0
####gkjy#####,gyhföjv,gevfmju,0.014458,gkjynmh,0.000248,0,0
####inta#####,tninröa,ininrös,0.012825,intaväö,0.000093,0,0
####buvl#####,bdubnlv,bhvpjiv,0.004483,buvlähf,0.000321,0,0
####skdk#####,kdiseök,ksöffis,0.007153,skdkmäh,0.000021,0,0
####elng#####,elbnnlg,sbhnnlb,0.023949,elngffo,0.000081,0,0
####bmft#####,bdhfmtm,bdivmhä,0.001871,bmftemd,0.000070,0,0
####ffjv#####,fdvfnjv,fddgirv,0.013834,ffjvodl,0.000070,0,0
####dfär#####,ddafrrä,fdnföre,0.010646,dfärgab,0.000523,0,0
####rlhs#####,rlhhrlv,hlhkrle,0.005849,rlhsöjt,0.001722,0,0
####rieg#####,glirrlv,rlirrtg,0.012407,riegjvf,0.000028,0,0
####vovr#####,vdvnrov,rovnrlä,0.025456,vovräij,0.001742,0,0
####jäsp#####,jäppögv,lkpätpe,0.002697,jäspmdt,0.000828,0,0
####mket#####,tlmmmev,klfrtee,0.004483,mketfss,0.000003,0,0
####räyf#####,ydrfraf,äräffay,0.003576,räyfdmp,0.000274,0,0
####grgo#####,goiorrg,räpovhg,0.009228,grgovka,0.001783,0,0
####tvrä#####,tävärjä,tänörvh,0.011981,tvräudj,0.000381,0,0
####blpp#####,bbbnplp,pouaplp,0.024847,blppaju,0.000273,0,0
####nkpm#####,pnpmmlm,ghunmpm,0.004975,nkpmärs,0.000179,0,0
####raäu#####,räaarau,irlkrou,0.007423,raäuihb,0.000009,0,0
####äeöf#####,teäfööv,fdnföre,0.013199,äeöfiyu,0.001032,0,0
####ijlr#####,jlirrjl,phiorjh,0.007379,ijlrppt,0.000024,0,0
####mäfb#####,mämfrbb,oäemmöb,0.009246,mäfbdmä,0.000131,0,0
####tvtj#####,tdvttjv,ttyrtgv,0.004156,tvtjfmp,0.000207,0,0
####elli#####,klblmlv,keuftuv,0.009922,ellifhh,0.000054,0,0
####nryf#####,ndyfrro,tdlyrto,0.008762,nryfslä,0.000426,0,0
####öpjl#####,öjppöjl,rlhsöjt,0.003081,öpjlntm,0.000206,0,0
####irep#####,ierpree,ieipjvy,0.017218,irepfrm,0.001904,0,0
####nefr#####,keffneo,äpmfneb,0.009118,nefrarl,0.000120,0,0
####mbut#####,blummlu,idufröu,0.003835,mbutbie,0.000172,0,0
####hjkh#####,hjihrjk,sjihrhh,0.017224,hjkhyly,0.001331,0,0
####jvsg#####,jlvfnsv,jdpbnsr,0.009935,jvsggse,0.001795,0,0
####ykpg#####,ykypöag,yrtpökb,0.015784,ykpgkdr,0.001093,0,0
####kupi#####,kupiris,bfisrms,0.004402,kupidoä,0.002194,0,0
####devä#####,ydvfeää,gevfmju,0.006508,devämup,0.000951,0,0
####ijuo#####,yäiorju,phiorjh,0.018690,ijuomvt,0.000253,0,0
####phrh#####,hnphrrh,lngprkd,0.008952,phrhhds,0.000441,0,0
####piäs#####,päpppls,pvppfls,0.056669,piäsvil,0.000171,0,0
####tgey#####,teygthv,ttyrtgv,0.028850,tgeyehv,0.000411,0,0
####gevf#####,gdvfrev,gdafeav,0.065088,gevfmju,0.035342,0,0
####euhg#####,euufnhu,riafihv,0.017698,euhgimr,0.000086,0,0
####llrk#####,llklrlk,elkmrlu,0.025061,llrkhdu,0.001586,0,0
####jttj#####,tjijjju,nhtstju,0.003315,jttjseä,0.000031,0,0
####mrhp#####,mlrpmjv,blmrpof,0.007987,mrhpört,0.000276,0,0
####dpmj#####,ydpmpjj,ydrmnju,0.018641,dpmjpby,0.000274,0,0
####shät#####,shhhtäv,trhtttg,0.006486,shätkof,0.000174,0,0
####bksr#####,bdbbrjk,bobbgrp,0.007734,bksrnpl,0.000085,0,0
####fdnf#####,fdffndf,mdfrfbv,0.005377,fdnföre,0.004536,0,0
####hvts#####,thhhhsv,tdeheia,0.003197,hvtshov,0.000319,0,0
####räpo#####,rrpärgv,mulärög,0.001366,räpovhg,0.000313,0,0
####tgif#####,töiffhf,tkifeev,0.009878,tgifbds,0.004829,0,0
####uetf#####,tdufejv,idufröu,0.012337,uetfsio,0.000534,0,0
####rtsg#####,gstrrtu,gskefdr,0.004273,rtsgkhi,0.000040,0,0
####buyp#####,bdbpöyp,bhäpösä,0.006723,buypngy,0.001124,0,0
####kpvs#####,ksvppsv,bhvpjiv,0.009338,kpvsldr,0.001431,0,0
####gdik#####,gdifögk,glifguu,0.073013,gdikumf,0.008055,0,0
####spdo#####,pdpspöo,pkmppöä,0.009642,spdopie,0.000097,0,0
####vshy#####,kdvsryh,uhvsyae,0.003252,vshyijf,0.000081,0,0
####ftiu#####,fnifttu,iiuftki,0.024909,ftiutny,0.006089,0,0
####hkgä#####,tähhölä,gähhviä,0.024914,hkgätae,0.000059,0,0
####räfb#####,tärfrab,idufröu,0.003641,räfbkir,0.000149,0,0
####ypbo#####,ydypöjb,yrtpökb,0.017625,ypbofky,0.000145,0,0
####egtl#####,egtflal,egtlkne,0.004709,egtlkne,0.004709,0,0
####msug#####,msummlu,elkmrlu,0.009341,msugsfm,0.001994,0,0
####ekpa#####,kkpppau,bgpppdf,0.010773,ekpabhe,0.000909,0,0
####ytta#####,tyuärju,idufröu,0.004066,yttaäpi,0.000706,0,0
####mpäh#####,mämpryä,mulärög,0.002694,mpähsfä,0.002025,0,0
####höpr#####,hdhpööv,mrhpört,0.004259,höprtmg,0.000020,0,0
####pfgi#####,psvfpig,ngefppi,0.006928,pfgiääi,0.001611,0,0
####pgem#####,egmpösm,sdtpsym,0.003857,pgemtvt,0.000820,0,0
####vsmn#####,tdvnmrv,idmpgyv,0.002797,vsmneik,0.000057,0,0
####beäd#####,bäbbeld,täkitld,0.002663,beädbns,0.000090,0,0
####klky#####,klkyllk,klkypov,0.031220,klkypov,0.031220,0,0
####nfjh#####,njhffjh,punfthh,0.005431,nfjhyju,0.000292,0,0
####vroy#####,ydvfrrv,idmpgyv,0.007407,vroyesn,0.000035,0,0
####fmäd#####,mdffräd,yägpräa,0.008321,fmäddor,0.000010,0,0
####gsgf#####,gshffsg,glifguu,0.010980,gsgfmkt,0.003450,0,0
####fktd#####,tdtfödd,fdnföre,0.011766,fktdgfn,0.000140,0,0
####öios#####,önösöav,ininrös,0.006464,öioskde,0.000723,0,0
####hlbr#####,hlhrrlv,hlhkrle,0.017557,hlbräeu,0.000443,0,0
####rtnn#####,ternrtn,thdutie,0.002436,rtnndyd,0.000037,0,0
####rgry#####,rryyrhv,gyrrfuv,0.005615,rgryisy,0.000153,0,0
####oone#####,ooonnov,bodgrde,0.004569,oonelit,0.001262,0,0
####yydu#####,ydyyöyp,tdlyrto,0.005460,yydukgj,0.000163,0,0
####ukjf#####,kduffjv,keuftuv,0.011521,ukjfupd,0.000421,0,0
####äyoe#####,yehföeo,yerdfey,0.006638,äyoebsu,0.000219,0,0
####nhhf#####,ndhffhh,odhfyöt,0.006015,nhhfärr,0.001240,0,0
####vvkf#####,vdvfrrv,vdvaoäd,0.018880,vvkfspy,0.004628,0,0
####sthb#####,thhstab,nhtstju,0.006173,sthbblb,0.000622,0,0
####jdsb#####,jdifnsb,ädpsuib,0.006197,jdsbäeo,0.000370,0,0
####mkdä#####,kdkmrlä,kbyärhp,0.006294,mkdääät,0.000180,0,0
####ajäp#####,asippsä,jdipmsg,0.003811,ajäpnpv,0.001207,0,0
####fely#####,feyfölv,felymyg,0.011716,felymyg,0.011716,0,0
####oöbp#####,oöbpöjp,oöbplpa,0.010681,oöbplpa,0.010681,0,0
####äpok#####,ääpäppk,nppfkdk,0.007463,äpokapf,0.000098,0,0
####rlsn#####,rlasnlu,rlirrtg,0.009298,rlsnövi,0.000236,0,0
####spml#####,sbpsplm,ftäpflm,0.012314,spmlätm,0.002340,0,0
####hrjv#####,tjhhnrv,mjfhnev,0.008814,hrjvgnl,0.000005,0,0
####jäeb#####,jeääeab,jeräeam,0.024288,jäebdjv,0.000379,0,0
####pgki#####,pkppöhi,pvppfls,0.007128,pgkihäs,0.000155,0,0
####bpfh#####,bdbffhh,bubpudu,0.007062,bpfhkfo,0.000966,0,0
####ufkä#####,täufrää,idufröu,0.023207,ufkäuod,0.000010,0,0
####nlsu#####,nlusnlu,elkmrlu,0.006894,nlsumvs,0.000348,0,0
####omlä#####,olyämlä,elkmrlu,0.017869,omlämty,0.000897,0,0
####töft#####,töhötfv,trhtttg,0.013168,töftfls,0.002669,0,0
####dofg#####,fdaffgg,gdafeav,0.010209,dofgsmo,0.000261,0,0
####jäok#####,kläofik,njnoyuk,0.014556,jäokbot,0.000203,0,0
####sbhn#####,sbbsnhv,sbhnnlb,0.012884,sbhnnlb,0.012884,0,0
####äisy#####,äeääsys,osäumyi,0.006103,äisyfto,0.000014,0,0
####llpp#####,llppnlp,llppyfp,0.103233,llppyfp,0.103233,0,0
####saps#####,ssbpslu,sdtpsym,0.001738,sapsned,0.000201,0,0
####oifl#####,tlifrll,mhpfrlr,0.006126,oiflyum,0.000011,0,0
####bkht#####,blbbtjh,blppaju,0.002912,bkhtoso,0.000365,0,0
####näbl#####,kääänlb,sbhnnlb,0.005390,näbljsg,0.000083,0,0
####jvdk#####,jdvfödh,sdrvemh,0.006308,jvdkvbn,0.000304,0,0
####lvfn#####,fdvfnlv,gdafeav,0.009406,lvfnkgä,0.000430,0,0
####änes#####,äeännes,neäukev,0.016646,äneseme,0.000067,0,0
####rprv#####,rrrprjv,ssrardr,0.003618,rprvbhl,0.001160,0,0
####räsp#####,rärprav,ftäpflm,0.003760,räspslk,0.000932,0,0
####bkfn#####,kdbfnfk,rdobfrg,0.002480,bkfndvj,0.000126,0,0
####anjf#####,anffnjg,anjfärm,0.011645,anjfärm,0.011645,0,0
####thdu#####,thhhtdu,tesptou,0.011710,thdutie,0.003163,0,0
####yuyf#####,ydyföyp,idufröu,0.006925,yuyfdnr,0.001584,0,0
####nlvf#####,tdvfnlv,mlvfnma,0.009799,nlvfvsi,0.001354,0,0
####fovp#####,fdvföov,fdnföre,0.008104,fovpulj,0.003353,0,0
####rrud#####,rduärlu,rdylgru,0.018503,rrudmkj,0.001333,0,0
####lejö#####,kebffjg,hsbhfjn,0.005731,lejögyd,0.000062,0,0
####ksfp#####,kskpffp,ösäfnkp,0.009259,ksfpevh,0.007102,0,0
####mjfh#####,mdhfmjh,phiorjh,0.004867,mjfhnev,0.000030,0,0
####htip#####,thihrjv,sjihrhh,0.003983,htiphyr,0.001008,0,0
####bvdg#####,bdbbgdd,bbyindn,0.003494,bvdglei,0.000246,0,0
####nhnp#####,nnypnhp,dtipnhn,0.014046,nhnpeme,0.001569,0,0
####tläu#####,tätätlu,täkitld,0.019176,tläurrf,0.000203,0,0
####btrs#####,tsbbrjk,trbergn,0.002196,btrskoö,0.000050,0,0
####snjb#####,säbsnjb,stvsnjp,0.025986,snjböpf,0.000018,0,0
####fjrf#####,fdffrjr,fjrfpjp,0.006684,fjrfpjp,0.006684,0,0
####ksjv#####,kdksfjv,kvssafv,0.002900,ksjväsl,0.000463,0,0
####ärkh#####,äärfrhk,äämfegy,0.003720,ärkhjml,0.000318,0,0
####sgmv#####,sgvsmlv,sgtsörv,0.022241,sgmvyöe,0.000769,0,0
####jävm#####,jdvämav,gdafeav,0.008698,jävmsöä,0.001389,0,0
####oeyf#####,teyffff,peyöfnd,0.005110,oeyfpvv,0.002395,0,0
####rrbd#####,rdirrdb,rlirrtg,0.011401,rrbdvir,0.000037,0,0
####inju#####,inunrju,idufröu,0.013157,injultr,0.000800,0,0
####lnvp#####,llvpölv,fovpulj,0.002782,lnvpjjn,0.000926,0,0
####nply#####,klypnlv,buypngy,0.010913,nplyiig,0.000041,0,0
####bbäi#####,bäibrli,obiäfli,0.003901,bbäikuy,0.000584,0,0
####mjle#####,memrmjk,mlltroö,0.003794,mjlekäu,0.000505,0,0
####bänn#####,bäbänlm,mäunntp,0.006275,bännfkj,0.000768,0,0
####bljn#####,bjbbnjv,ijmbhjv,0.009587,bljnjtl,0.000060,0,0
####bfdp#####,bdbfpdp,bgpppdf,0.007725,bfdpdör,0.000154,0,0
####yopy#####,yoyoryp,suyhräp,0.006212,yopyhfp,0.001625,0,0
####phmd#####,pdhmmlm,pdkummu,0.005785,phmdilf,0.000893,0,0
####ajmk#####,ajaamlk,yiaadth,0.008453,ajmkbjp,0.000793,0,0
####bvos#####,bdbbryo,bobbgrp,0.006670,bvosubt,0.000246,0,0
####bbne#####,bbhnnbm,bbyindn,0.012223,bbnebfj,0.002348,0,0
####aher#####,anhrrhv,enmlrlv,0.007083,ahertju,0.000058,0,0
####gvjs#####,gsisnjv,äsrusjv,0.003428,gvjstjy,0.002364,0,0
####fdmv#####,fdvfmvv,gdafeav,0.012732,fdmvodl,0.000531,0,0
####äupe#####,äepppöv,gedbaöm,0.002931,äupeeua,0.000279,0,0
####rvrj#####,rvrnrjv,rvrjdnr,0.003804,rvrjdnr,0.003804,0,0
####nbdt#####,tdbnnhv,bbyindn,0.006862,nbdtpvd,0.000109,0,0
####otdy#####,tdyyöyv,tdlyrto,0.005447,otdyind,0.000226,0,0
####delä#####,ddelälä,bänädjä,0.004365,delättl,0.000510,0,0
####gbnd#####,gbifögd,gnbföbn,0.012835,gbndkpt,0.000361,0,0
####yhgu#####,yluhgau,ägueeau,0.008527,yhguubv,0.000072,0,0
####uvsr#####,udunsvv,idufröu,0.008585,uvsronm,0.000046,0,0
####ufrd#####,udufrdd,idufröu,0.099143,ufrdbsb,0.000085,0,0
####pgie#####,plppöei,pvppfls,0.007922,pgiemif,0.000372,0,0
####isyp#####,isyprep,isypuet,0.041794,isypuet,0.041794,0,0
####äghä#####,äähnflä,gähnäll,0.020483,äghäeäl,0.001908,0,0
####gojn#####,ggiojjv,ygiojaf,0.009276,gojntvk,0.000291,0,0
####ufvm#####,udufrmv,idufröu,0.139927,ufvmntn,0.000069,0,0
####hfnu#####,fnhfnlu,gähnäll,0.004384,hfnutms,0.000027,0,0
####dydä#####,ddufpäm,ydrmnju,0.003663,dydäjko,0.000841,0,0
####etfd#####,tdfftad,idufröu,0.007106,etfdajr,0.000015,0,0
####jalä#####,jlaäplu,bänädjä,0.008833,jalädse,0.000418,0,0
####gedj#####,gdiföjd,gdikumf,0.008396,gedjbuh,0.001008,0,0
####hvbj#####,hdvhhjv,sdkfhjb,0.003923,hvbjtpp,0.000016,0,0
####yämo#####,ydymrah,ydrmnju,0.005276,yämoteä,0.002759,0,0
####nkks#####,ksnsnsk,kmnänys,0.004633,nkksohä,0.000226,0,0
####khsp#####,khhpöov,fhphjbv,0.006797,khspdyv,0.003199,0,0
####ftig#####,fyifrgi,fbifyol,0.005745,ftigimd,0.004741,0,0
####ymls#####,ylusmlm,elkmrlu,0.011944,ymlsblä,0.005360,0,0
####aljö#####,anflljg,afhoijj,0.003772,aljögab,0.000533,0,0
####kyhm#####,khhmmyk,ehbmryd,0.018266,kyhmklf,0.000541,0,0
####äylr#####,yääfnrl,tläurrf,0.007043,äylrpfä,0.000029,0,0
####lgkd#####,klvfösd,gluföop,0.011181,lgkdsvv,0.000019,0,0
####vuhä#####,tuhäräu,rävrssu,0.004929,vuhäyoe,0.001966,0,0
####tnhg#####,tnhnthg,trhtttg,0.023706,tnhgohs,0.020060,0,0
####tyuv#####,tyuätyv,ttyrtgv,0.004817,tyuvbsp,0.000808,0,0
####lfäj#####,läfffjä,äräffay,0.012208,lfäjitv,0.000016,0,0
####fblt#####,tbfffll,mbsbfig,0.004550,fblthän,0.000391,0,0
####gtal#####,glaltag,gluföop,0.004991,gtaläii,0.001303,0,0
####eäip#####,yepäryi,lejögyd,0.004292,eäipsgf,0.000257,0,0
####smvh#####,sdhhmvv,ylhdmdh,0.002000,smvhnym,0.001014,0,0
####khrt#####,klhhrrk,tläurrf,0.008931,khrtyvb,0.000078,0,0
####ufän#####,näufnää,yägpräa,0.017652,ufänelj,0.000018,0,0
####fämd#####,mdmfrld,käofigd,0.009135,fämdedm,0.000214,0,0
####äämf#####,äämfflm,äämfegy,0.003453,äämfegy,0.003453,0,0
####vpvr#####,vdvprvv,vdbupvr,0.015893,vpvraoj,0.000524,0,0
####mrnr#####,mmrrmjv,rlirrtg,0.001827,mrnrtpt,0.000551,0,0
####phko#####,pkpänsk,pvppfls,0.000928,phkodrl,0.000543,0,0
####töve#####,tövftöv,aövttub,0.005640,töveyär,0.004575,0,0
####pidi#####,pdpppid,hdläpiu,0.014645,pidikns,0.000057,0,0
####fprk#####,käpfrrk,nppfkdk,0.004760,fprkyfo,0.000031,0,0
####aohg#####,onhonlg,aohgälg,0.008917,aohgälg,0.008917,0,0
####sysg#####,ssbsryv,sdbskeg,0.006037,sysgäfo,0.000954,0,0
####onlp#####,olpnnlp,mäunntp,0.004314,onlpblm,0.000173,0,0
####äuvp#####,ädhppvv,äddukgv,0.010669,äuvpsvi,0.004710,0,0
####tlhy#####,tlhylhh,tlgyljk,0.012207,tlhyoiä,0.003889,0,0
####lrty#####,tlyftrv,fdnföre,0.012791,lrtyabb,0.000006,0,0
####mnäh#####,mämfrhh,mäunntp,0.004617,mnähgma,0.000010,0,0
####lyuv#####,ylufnlv,glifguu,0.011371,lyuvndä,0.000194,0,0
####skgi#####,sbisllv,gbisinn,0.009149,skgisäp,0.000187,0,0
####nend#####,ndnnndd,synnnpt,0.003572,nendrbd,0.000695,0,0
####rpmö#####,merrööö,demnomö,0.007639,rpmönäm,0.000044,0,0
####ykäv#####,yäyäräv,yiyuooä,0.013595,ykävkny,0.000165,0,0
####eveh#####,tävhehv,tgeyehv,0.006844,evehäyi,0.000065,0,0
####synn#####,säysnyn,sbhnnlb,0.009089,synnnpt,0.008560,0,0
####fkrs#####,ksbfrru,ksöffis,0.006369,fkrsgtk,0.000051,0,0
####bvöo#####,ydvföjö,gevfmju,0.006480,bvöoupg,0.000033,0,0
####jinn#####,jjinnnn,vjjnufo,0.004628,jinndtv,0.002363,0,0
####ilrm#####,ilimrlm,elkmrlu,0.028784,ilrmäof,0.000234,0,0
####klug#####,klulllu,elkmrlu,0.028874,klugkfv,0.001283,0,0
####yukö#####,yluföak,gluföop,0.011687,yuköhaö,0.001356,0,0
####bpyu#####,ybbpöyu,bubpudu,0.019601,bpyudmd,0.000111,0,0
####sfod#####,ödfffod,mdfrfbv,0.003815,sfodgui,0.000023,0,0
####fplb#####,flafplb,pouaplp,0.006696,fplbprk,0.001148,0,0
####enui#####,meufnuu,idufröu,0.008708,enuiiys,0.000025,0,0
####rdyl#####,rdyyrld,rdylgru,0.008821,rdylgru,0.008821,0,0
####borf#####,bdbfrjf,bobbgrp,0.007385,borfykp,0.001811,0,0
####shdm#####,sdhmmlm,mhjmnhm,0.006266,shdmhku,0.005963,0,0
####httk#####,thhhtlt,tvvmplk,0.012003,httkukp,0.000028,0,0
####hbmh#####,bhhhrlh,hlhkrle,0.009413,hbmhnöy,0.000482,0,0
####eälä#####,teläälä,obiäfli,0.004625,eäläitj,0.001128,0,0
####gkkf#####,glöffok,gkmfäok,0.005879,gkkfdsj,0.000875,0,0
####msfu#####,mlrfmau,idufröu,0.007736,msfufgm,0.000333,0,0
####vmii#####,vlvnmvi,rjvämdi,0.008594,vmiiron,0.000814,0,0
####dkdk#####,ddiföök,mddgkbk,0.004938,dkdkäfd,0.000033,0,0
####tdgu#####,tdtgtdu,tesptou,0.005178,tdgujnb,0.001178,0,0
####yiaa#####,ydisrya,yägpräa,0.006482,yiaadth,0.000096,0,0
####pdku#####,pdpfpuu,hdläpiu,0.021561,pdkummu,0.019345,0,0
####lkbl#####,llafölb,fdnföre,0.005705,lkblijö,0.000049,0,0
####gets#####,gsittsg,gvidrou,0.007683,getsfff,0.000859,0,0
####vnrg#####,vävnrjv,rovnrlä,0.008281,vnrgkjp,0.000025,0,0
####rdob#####,rdobrdb,rljkrrb,0.029850,rdobfrg,0.010543,0,0
####lndr#####,ldkförd,fdnföre,0.034620,lndrteg,0.000021,0,0
####öyps#####,ösypöyv,ööpjumu,0.005407,öypsoau,0.001683,0,0
####ryhs#####,rehhrhv,mjfhnev,0.009804,ryhssjm,0.000046,0,0
####apsj#####,pspaajj,blppaju,0.009692,apsjyöp,0.000058,0,0
####ljka#####,kjyafjk,kjekrjp,0.014566,ljkaime,0.000309,0,0
####june#####,jeunneu,ktudneu,0.008759,junepbm,0.000164,0,0
####lppo#####,llppöap,gluföop,0.005637,lppobio,0.000465,0,0
####iekm#####,teimrek,elkmrlu,0.004149,iekmsdr,0.003299,0,0
####vgmm#####,vgvmrlv,vgmmtgh,0.012121,vgmmtgh,0.012121,0,0
####efjr#####,eeffrrg,aefyirl,0.006204,efjrnra,0.000182,0,0
####tänö#####,tähättn,täkitld,0.014392,tänörvh,0.001021,0,0
####fref#####,fdrfree,fdnföre,0.008399,frefeie,0.000690,0,0
####vurl#####,vsvbrlu,lfviräu,0.015776,vurljmt,0.000060,0,0
####kpäf#####,kääffsä,ksöffis,0.006067,kpäfnty,0.001322,0,0
####gkoa#####,goaföaa,gdafeav,0.039726,gkoantp,0.000168,0,0
####bevf#####,bdvffev,tdvbdps,0.012923,bevftgh,0.001763,0,0
####dmeh#####,ydimehh,odbmehb,0.011896,dmehodg,0.000036,0,0
####udsy#####,tdusrdu,idufröu,0.032657,udsylpm,0.000128,0,0
####hdpd#####,ddippdv,bgpppdf,0.005555,hdpdbhi,0.001289,0,0
####umgr#####,udummug,idufröu,0.006316,umgrehe,0.000015,0,0
####jyfm#####,yyhfmam,eshmmks,0.011522,jyfmggr,0.000679,0,0
####tpme#####,tepptev,tesptou,0.048418,tpmevsä,0.000115,0,0
####uvte#####,tdufejv,tdeheia,0.006520,uvteogd,0.000033,0,0
####rysä#####,yeräräu,lfviräu,0.022919,rysäkyp,0.000050,0,0
####eylf#####,kehfmyv,felymyg,0.019724,eylfdug,0.000137,0,0
####imrl#####,ilrirll,elkmrlu,0.013372,imrlnol,0.000368,0,0
####slän#####,sllsnlä,sbhnnlb,0.004260,släntöd,0.000824,0,0
####lrgv#####,ldhfnav,gdafeav,0.057911,lrgvjgr,0.000020,0,0
####jpäp#####,äjppfsä,gjhpäse,0.004586,jpäpärm,0.000317,0,0
####rpjr#####,rjrprgr,ajäpnpv,0.007321,rpjrlnm,0.000011,0,0
####tavn#####,tdantav,ttyrtgv,0.008607,tavnetn,0.000333,0,0
####fnip#####,föifnip,ruefnip,0.004335,fnipfsu,0.002788,0,0
####tnao#####,tltntav,tnökndv,0.006729,tnaoiku,0.000070,0,0
####uemä#####,teummäu,idufröu,0.016609,uemäohu,0.000497,0,0
####ihem#####,ieimrav,rsimedo,0.011514,ihemukr,0.000488,0,0
####orjn#####,oornnjv,kjekrjp,0.003666,orjnmta,0.000085,0,0
####fknb#####,fdbfnlb,äpmfneb,0.003868,fknbbfs,0.000163,0,0
####ouvh#####,tovhrhu,bhvpjiv,0.004879,ouvhsrr,0.000258,0,0
####ftäy#####,täyfryu,räyfdmp,0.008051,ftäylhg,0.000025,0,0
####dyfs#####,yduffys,ydutdrs,0.021157,dyfssöi,0.000025,0,0
####häos#####,ohhäflv,jhhlild,0.012105,häosgty,0.000030,0,0
####veäe#####,veväeäv,jävmsöä,0.012003,veäeplh,0.000176,0,0
####öljd#####,ölböfjd,stnöfjd,0.007498,öljdhkö,0.000154,0,0
####uärb#####,ädubrjb,jäebdjv,0.017488,uärbnmn,0.000262,0,0
####dvbv#####,ydvfövv,gdafeav,0.009534,dvbvpäm,0.000021,0,0
####eujp#####,yeppöju,gevfmju,0.017009,eujptvn,0.000307,0,0
####dfbö#####,ödbföjb,sdkfhjb,0.019365,dfbödri,0.000049,0,0
####fkry#####,fdyfrru,idufröu,0.035148,fkrydlp,0.000165,0,0
####äarm#####,ääamrav,jäebdjv,0.005375,äarmymö,0.000058,0,0
####vfhs#####,vhhffoh,vfhspdg,0.009003,vfhspdg,0.009003,0,0
####hlfk#####,kdhfflk,pokhäli,0.007891,hlfkiuk,0.000034,0,0
####jerh#####,jerfrjv,enmlrlv,0.004061,jerhsuy,0.002472,0,0
####utfk#####,täufrak,idufröu,0.008111,utfkvjs,0.000015,0,0
####yghl#####,yluhnav,ygähnlä,0.018633,yghlojm,0.000503,0,0
####ovle#####,olvfllv,ooväyid,0.011222,ovlevfl,0.000427,0,0
####hgjl#####,hhhhölv,ftheulg,0.003557,hgjlädl,0.000032,0,0
####yirl#####,ykilrlv,ykomrbv,0.007548,yirlfea,0.000499,0,0
####sofv#####,täfffev,mdfrfbv,0.004244,sofvhji,0.000135,0,0
####lkpä#####,llppplä,blppaju,0.013099,lkpätpe,0.000164,0,0
####dtpy#####,tdpptjp,tnpnköp,0.011105,dtpyeys,0.000169,0,0
####jygs#####,yjusnsu,yjltfbu,0.016532,jygsipb,0.000124,0,0
####aybp#####,yshpöbv,yrtpökb,0.038977,aybpoer,0.000910,0,0
####kväu#####,kvvfnru,gevfmju,0.008377,kväukju,0.005957,0,0
####fnee#####,feäfnee,frefeie,0.021948,fneerpb,0.000155,0,0
####artj#####,tnaäajj,trhtttg,0.009267,artjbtv,0.000409,0,0
####aöil#####,klaöili,ilaäify,0.009190,aöilnjk,0.000789,0,0
####phvj#####,pdvhpjv,psvjkyv,0.007808,phvjher,0.001868,0,0
####yrmp#####,ysyprjv,yrtpökb,0.014001,yrmpvfs,0.000463,0,0
####klfr#####,klrfrlr,kpäfnty,0.005987,klfrtee,0.000452,0,0
####bkpu#####,bnbnpju,iöblpfu,0.005647,bkpudus,0.000386,0,0
####lyye#####,ylyyöle,blgygyh,0.013067,lyyesma,0.000064,0,0
####nvab#####,ndvbnab,gdafeav,0.024235,nvabrbk,0.000861,0,0
####uaob#####,yduböab,gdafeav,0.011237,uaobgid,0.000345,0,0
####kupt#####,tuppööp,tesptou,0.012254,kuptkeä,0.000111,0,0
####rkbp#####,rdbprbb,rljkrrb,0.005531,rkbpnoh,0.000805,0,0
####räpl#####,räpprlv,enmlrlv,0.004350,räplbki,0.000108,0,0
####nppf#####,nppnnpp,ngefppi,0.008292,nppfkdk,0.000689,0,0
####fnsu#####,fnufnlu,fnufösb,0.024760,fnsuglt,0.003212,0,0
####jjny#####,jjynnjy,jjrjgäy,0.008962,jjnylml,0.002340,0,0
####dhel#####,ddhdelh,jhhlild,0.007291,dhelkft,0.000092,0,0
####yjdo#####,ydyorjd,fdyurie,0.013614,yjdoaek,0.000336,0,0
####hune#####,hnumnev,ryofnem,0.004773,hunehed,0.001387,0,0
####loty#####,tlyfötv,hlymlsv,0.021232,lotyöpp,0.000809,0,0
####ligl#####,llhfölv,jhhlild,0.013576,liglämn,0.000058,0,0
####yfgj#####,yfuffjg,yuyfdnr,0.009364,yfgjhip,0.000029,0,0
####bemj#####,bebmejm,rybmeyk,0.004686,bemjluä,0.000155,0,0
####hmje#####,kdhhmjv,khlemjv,0.015416,hmjeovä,0.000008,0,0
####nbut#####,tbunnöu,tyubnäm,0.009532,nbutoij,0.000618,0,0
####stvs#####,tsvstöv,ttyrtgv,0.011290,stvsnjp,0.000153,0,0
####nähv#####,tävänhv,kyläähv,0.007175,nähvuah,0.000189,0,0
####jutb#####,tutmtub,bätptyb,0.026553,jutbybk,0.000380,0,0
####magt#####,tsammag,täanmrh,0.021947,magtmbf,0.000237,0,0
####hdmu#####,ddumrlu,idufröu,0.023813,hdmusvg,0.000300,0,0
####yräs#####,ysysrau,yägpräa,0.003505,yräspve,0.000123,0,0
####gjhp#####,gjipnjv,gefpnlr,0.007487,gjhpäse,0.000840,0,0
####kpfk#####,kpkfnop,kpäfnty,0.018839,kpfkdbn,0.000114,0,0
####pgdy#####,pdpppyy,pvppfls,0.012680,pgdyjjp,0.000463,0,0
####äshs#####,äshäfsk,ässävgg,0.007047,äshsfei,0.004531,0,0
####asgu#####,asahgag,gdafeav,0.004708,asgujbr,0.000744,0,0
####jyoö#####,tlyoröh,olöojör,0.009380,jyoöjtö,0.000048,0,0
####skjf#####,kskffjv,ksöffis,0.003554,skjfhld,0.000103,0,0
####utdp#####,tdpptdp,tkpsrep,0.005631,utdpäyt,0.000087,0,0
####prfo#####,popfrro,pvppfls,0.003040,prfotob,0.000233,0,0
####urvn#####,udrnöjv,uprnmot,0.003566,urvnlfy,0.002664,0,0
####uuei#####,ueifruv,uegirfk,0.014998,uueidöä,0.000215,0,0
####ädue#####,äduäeöu,kehäsfa,0.009983,äduethn,0.000911,0,0
####tujä#####,tsuätju,tesptou,0.007376,tujäöij,0.000379,0,0
####kdlj#####,kdbföjd,kdgybjö,0.014602,kdljpbm,0.002572,0,0
####eeji#####,ejbeejv,vjbäbji,0.004967,eejinkg,0.000059,0,0
####poke#####,peppfök,pvppfls,0.007508,pokeihl,0.000713,0,0
####uugv#####,uuuhgav,idmpgyv,0.004382,uugvdgö,0.000753,0,0
####mvtp#####,tdvpmvp,tvvmplk,0.009983,mvtpsja,0.000056,0,0
####ämhh#####,ääiämöh,jäufjnh,0.004853,ämhhgkt,0.000145,0,0
####vuho#####,vdväruu,idufröu,0.052607,vuhokpd,0.000112,0,0
####stth#####,tshsrlh,punfthh,0.008606,stthtes,0.000050,0,0
####ddiy#####,ddifiyi,deimhrh,0.007432,ddiyhts,0.005319,0,0
####bgtn#####,tbbnngg,bnbätbb,0.003744,bgtnudp,0.000577,0,0
####hkoo#####,khhäöov,toääjdv,0.003479,hkoojpm,0.000082,0,0
####ätlh#####,täääthk,trnvtsk,0.006367,ätlhhrt,0.000016,0,0
####apsg#####,psagplg,dsalylb,0.009760,apsgfff,0.000108,0,0
####ljöy#####,aöbföjl,äjljfje,0.017493,ljöyira,0.000324,0,0
####mndi#####,mdhfmid,mphyrnd,0.003058,mndikoa,0.000028,0,0
####däli#####,ddäfilm,gdafeav,0.004100,däliyuj,0.000040,0,0
####gyjk#####,gyyföjk,grhtesv,0.003447,gyjkgbf,0.000343,0,0
####säjn#####,säosnjv,sfpsijl,0.020312,säjnbbp,0.002910,0,0
####böhy#####,tdböfjv,kybövrj,0.008049,böhyijn,0.000046,0,0
####ötor#####,tluötav,tdlyrto,0.005005,ötorius,0.000106,0,0
####efvs#####,tevfesv,gevfmju,0.033093,efvsibj,0.000265,0,0
####smob#####,ssosmbb,gagsmvb,0.007962,smobolr,0.000015,0,0
####ggpy#####,ggyppyv,idmpgyv,0.006483,ggpybhh,0.000192,0,0
####eimm#####,eeimrim,nermmkd,0.008386,eimmjlu,0.000181,0,0
####hjbs#####,hhhänlb,dauäojb,0.002129,hjbsköm,0.000015,0,0
####kide#####,kdifree,kdiilyt,0.015585,kideyhu,0.000452,0,0
####päpy#####,ypäpppp,ysgpkji,0.006131,päpyiul,0.000137,0,0
####vvtr#####,tdvftrv,tdvbdps,0.006352,vvtrndl,0.000020,0,0
####sdkf#####,kdöffgk,ksöffis,0.010117,sdkfhjb,0.001446,0,0
####faäf#####,fdaffau,gdafeav,0.041529,faäfsto,0.000253,0,0
####ävrj#####,oääärjv,oääogna,0.002396,ävrjhpd,0.000013,0,0
####dpft#####,ydpfftt,yvhffby,0.006073,dpftdvf,0.000027,0,0
####shtp#####,thhptlv,späotkt,0.007534,shtpmvg,0.000567,0,0
####mobl#####,mlmfmlb,myoommh,0.005098,moblkmh,0.000092,0,0
####gbiv#####,gliföiv,glifguu,0.014501,gbivmnn,0.001273,0,0
####bbdt#####,bdbbödb,gbäböiy,0.004725,bbdtsjy,0.000741,0,0
####lgjv#####,llvfnjv,mlvfnma,0.014325,lgjväpy,0.000003,0,0
####bkmi#####,bbibrli,apimylä,0.003018,bkmiäof,0.000009,0,0
####orav#####,ooaförv,gdafeav,0.015747,oravjke,0.000559,0,0
####nbjl#####,njbnnjl,ijmbhjv,0.009269,nbjlätk,0.000026,0,0
####ubmh#####,bdubrhu,idufröu,0.011223,ubmhlöi,0.000291,0,0
####pslh#####,psapnlh,pvppfls,0.006609,pslhlta,0.006034,0,0
####öepa#####,öepföav,äeöfiyu,0.005793,öepakoj,0.000307,0,0
####oeuä#####,teuäräu,emtärku,0.010687,oeuäbek,0.008357,0,0
####iaos#####,ysaoras,ygiojaf,0.009818,iaosnkd,0.000035,0,0
####oosh#####,oshsrlu,bfisrms,0.003810,ooshyfs,0.003513,0,0
####auih#####,anahiak,uvihisl,0.005894,auihäyd,0.000924,0,0
####vgyu#####,vsusryu,psvjkyv,0.014205,vgyuooa,0.000031,0,0
####ibrs#####,ibisrrs,ininrös,0.026263,ibrsmrs,0.004822,0,0
####etbp#####,teyptjb,tesptou,0.079237,etbpjed,0.000458,0,0
####rbka#####,rdabrjk,nvabrbk,0.027849,rbkaäät,0.000080,0,0
####jäob#####,jläärbb,lojäifb,0.003846,jäobäeu,0.000316,0,0
####appg#####,psagpsp,pouaplp,0.012344,appgmti,0.001332,0,0
####fjmä#####,fäyfmäu,gevfmju,0.029359,fjmäpjg,0.000065,0,0
####äuäa#####,ädaaaau,äuäayoj,0.005815,äuäayoj,0.005815,0,0
####deut#####,tduftuu,tesptou,0.008857,deutmof,0.000130,0,0
####kfup#####,ksufffp,pvppfls,0.007011,kfupitv,0.004463,0,0
####kjek#####,kjbjfik,kpnutrk,0.006010,kjekrjp,0.004041,0,0
####trvp#####,tdvpörv,bhvpjiv,0.001725,trvpäbä,0.000945,0,0
####ybis#####,ybisris,bfisrms,0.014654,ybisiku,0.010583,0,0
####ntka#####,tyafntk,kpäfnty,0.003986,ntkaskj,0.000034,0,0
####äijr#####,ääänrrj,rhunörj,0.011868,äijruöu,0.000069,0,0
####ppom#####,popmmpm,kipmmpg,0.004631,ppomjvi,0.001840,0,0
####ujoh#####,jdunrjv,kuvrögv,0.006075,ujohvvf,0.000024,0,0
####etea#####,tyeaete,tgeyehv,0.013115,eteaöuh,0.000040,0,0
####tiup#####,tnuprgp,tkpsrep,0.009185,tiupkob,0.004977,0,0
####rhmp#####,rlrhöhv,thrhnev,0.012582,rhmpdtd,0.000212,0,0
####rkyy#####,kdyyrey,kpäfnty,0.006002,rkyylnt,0.000030,0,0
####outs#####,tsusöou,sgtsörv,0.007623,outsmtr,0.000668,0,0
####nepö#####,peönnöp,teönpkj,0.008864,nepöäji,0.000604,0,0
####bdig#####,bdibidi,ybisiku,0.009374,bdigsig,0.008348,0,0
####peki#####,pepmeei,nepöäji,0.007720,pekiöie,0.002218,0,0
####ntyg#####,tyhnnly,ybhnyrp,0.017460,ntygdaä,0.000016,0,0
####roti#####,tlroriu,tnaoiku,0.015326,rotiref,0.000183,0,0
####pbky#####,kbppybk,nbsnyäk,0.008463,pbkydji,0.000125,0,0
####pvva#####,pdvppvv,bhvpjiv,0.004018,pvvaipm,0.001523,0,0
####bobb#####,bdbbrhb,odbmehb,0.025970,bobbgrp,0.013275,0,0
####ydhn#####,ydyyndv,yduonmy,0.008593,ydhneui,0.000256,0,0
####kybö#####,ylyyöje,rlhsöjt,0.011152,kybövrj,0.000260,0,0
####omor#####,ooommrv,äsormlr,0.006021,omorofh,0.002271,0,0
####ejsy#####,täyyrju,jäebdjv,0.004996,ejsyoäp,0.000040,0,0
####sjyf#####,sjyffjf,suyhräp,0.005645,sjyfvkl,0.005402,0,0
####yrtv#####,trvftrv,tvvmplk,0.004420,yrtvups,0.000563,0,0
####vdäd#####,ddvfädv,vdvaoäd,0.006509,vdädjbk,0.000196,0,0
####vuik#####,vluföuk,nlvfvsi,0.007319,vuiknyj,0.000011,0,0
####grft#####,ggrffrk,gortfpä,0.005409,grftjpp,0.000105,0,0
####nysä#####,täysnäu,tkpsrep,0.008748,nysägdi,0.000024,0,0
####msto#####,tsommso,sanomio,0.003979,mstopys,0.000753,0,0
####rrej#####,rjbärjv,sutnfju,0.003076,rrejähs,0.000108,0,0
####ytmr#####,ylummjm,yfdddjl,0.003086,ytmrpbp,0.000119,0,0
####mötd#####,tlmmmad,nermmkd,0.006544,mötdkjb,0.000042,0,0
####aläp#####,asaaplä,apimylä,0.014286,aläpkbi,0.000424,0,0
####pkls#####,klppnls,llppyfp,0.003437,pklsmvy,0.000017,0,0
####egeg#####,ebihegg,mbsbfig,0.006911,egegpsf,0.000273,0,0
####älty#####,tläältv,tldfnkd,0.008152,ältyhok,0.000118,0,0
####önäb#####,önbföäu,gnbföbn,0.007305,önäbyäl,0.000495,0,0
####dysf#####,ydhföys,felymyg,0.011308,dysfpyf,0.001079,0,0
####tnök#####,tlhnöev,ttyrtgv,0.009467,tnökndv,0.004783,0,0
####vmuk#####,mduämuu,idufröu,0.011026,vmuklbo,0.000203,0,0
####mhjm#####,mdmmmjv,mdfrfbv,0.003650,mhjmnhm,0.000842,0,0
####hblr#####,hbhhrrv,nbhourd,0.007209,hblräkp,0.000476,0,0
####snvp#####,sdvpnvv,stvsnjp,0.015281,snvpvär,0.001737,0,0
####vkut#####,vluättu,tesptou,0.004036,vkutkyi,0.001226,0,0
####fimv#####,fdvfrrv,gdafeav,0.006758,fimvetb,0.000043,0,0
####tsmv#####,tshsmav,ssskmvm,0.005267,tsmvdka,0.000927,0,0
####lämu#####,lsafmau,ssväobu,0.005523,lämuunv,0.000026,0,0
####giny#####,gyhfney,ötifndt,0.007851,ginyöäy,0.000515,0,0
####jmäe#####,jemämää,jeräeam,0.003889,jmäeeoo,0.000056,0,0
####ogep#####,oopppov,oppnpko,0.009847,ogepokä,0.000875,0,0
####vvor#####,vdvnrrv,fddgirv,0.005096,vvortfd,0.000008,0,0
####ätsä#####,tläätäu,tsbäkdi,0.005640,ätsäulf,0.000197,0,0
####omkp#####,ooppmop,koiamtk,0.003811,omkpebv,0.000088,0,0
####otys#####,tsysryu,ttyrtgv,0.009247,otyshsp,0.000201,0,0
####rruö#####,rlrfrru,idufröu,0.022924,rruömdf,0.000158,0,0
####plmr#####,tlprrlv,elkmrlu,0.004932,plmrehd,0.000499,0,0
####tpdo#####,tdpptav,tesptou,0.007786,tpdofoe,0.000128,0,0
####pfyj#####,pfyffyp,peyöfnd,0.009971,pfyjjvo,0.002004,0,0
####ugäö#####,näufögu,idufröu,0.023404,ugäöäpm,0.000012,0,0
####meky#####,kyymrev,ykomrbv,0.007938,mekydsg,0.000037,0,0
####ymbr#####,ydyfrjb,ydrmnju,0.003499,ymbrbtm,0.000125,0,0
####adäu#####,adaadaä,idufröu,0.006505,adäumsd,0.000174,0,0
####hksä#####,thhärls,tsbäkdi,0.003186,hksälyi,0.000030,0,0
####pjre#####,pepärje,lepejbe,0.004129,pjrekeö,0.000013,0,0
####jhdv#####,tdvhmdv,fddgirv,0.005662,jhdvuöt,0.000225,0,0
####ätsi#####,tsääsii,tsbäkdi,0.026800,ätsiosr,0.000003,0,0
####otom#####,ooommou,tfrimsu,0.003792,otomäyt,0.000734,0,0
####uiim#####,iuunrlu,ybisiku,0.007078,uiimgek,0.000081,0,0
####ääsa#####,äsaaaäa,ääsavbn,0.013246,ääsavbn,0.013246,0,0
####onih#####,oninrih,phiorjh,0.013980,onihjut,0.000762,0,0
####bhäp#####,bsbpnhv,hsbhfjn,0.006418,bhäpösä,0.001083,0,0
####sfps#####,ssfpslu,ftäpflm,0.012326,sfpsijl,0.000073,0,0
####gähh#####,glihrhh,sjihrhh,0.009760,gähhviä,0.002115,0,0
####ibug#####,bbugrhu,ibughul,0.007829,ibughul,0.007829,0,0
####ylre#####,ylyyrlv,elkmrlu,0.025448,ylreeds,0.003969,0,0
####tkps#####,tspptav,tesptou,0.031763,tkpsrep,0.000490,0,0
####äkör#####,klöförk,fdnföre,0.020930,äkörfiä,0.000046,0,0
####ohgr#####,oohhrgg,ogghrul,0.008720,ohgrätk,0.000087,0,0
####trjä#####,tärärju,tesptou,0.005075,trjäefi,0.000217,0,0
####orrh#####,oorhrhv,ogghrul,0.013306,orrhgäm,0.003638,0,0
####mäss#####,mlmämlm,kehäsfa,0.002486,mässydn,0.000071,0,0
####bkeb#####,kdbbeeb,odbmehb,0.146083,bkebkam,0.000165,0,0
####orba#####,oobrrjb,ryjnrjö,0.004328,orbamjm,0.003090,0,0
####ävye#####,tehäyöv,vuhäyoe,0.005083,ävyemlp,0.000007,0,0
####gfrj#####,ggifrjv,gevfmju,0.010848,gfrjbpv,0.000406,0,0
####neyo#####,yeynneo,ybhnyrp,0.007691,neyokun,0.000047,0,0
####iryu#####,ieryruu,irlkrou,0.037428,iryuusu,0.003704,0,0
####häre#####,thirrjv,phiorjh,0.014696,häreein,0.000029,0,0
####jkgp#####,jjvpögv,ajäpnpv,0.014237,jkgpyoe,0.000110,0,0
####srge#####,grvsrlg,suyhräp,0.003737,srgeihm,0.000330,0,0
####dkve#####,ddvföev,gdafeav,0.013082,dkvelrg,0.000132,0,0
####vhkm#####,tdvmmok,tvvmplk,0.005413,vhkmdul,0.000373,0,0
####ntol#####,tlaotll,tldfnkd,0.007307,ntolnpg,0.000273,0,0
####mhsf#####,mdhfmsf,yvhffby,0.006761,mhsfmkn,0.001975,0,0
####lfui#####,anifilu,ybisiku,0.006325,lfuivib,0.000012,0,0
####gnyb#####,gbynnob,gnbföbn,0.004890,gnyberä,0.000790,0,0
####mtnv#####,tehmmvv,keuftuv,0.010590,mtnvudp,0.000009,0,0
####äbps#####,bbppölp,ädpsöpk,0.005198,äbpssoi,0.000620,0,0
####pjnu#####,pjpnnlu,fjpntld,0.006336,pjnuuln,0.001148,0,0
####rvao#####,rdvfrav,gdafeav,0.099845,rvaobtj,0.000125,0,0
####äupy#####,äuhpryp,huhpkmp,0.015137,äupynmi,0.000152,0,0
####äjlj#####,ääääjjk,bänädjä,0.011223,äjljfje,0.000505,0,0
####npeu#####,peppneu,gefpnlr,0.011356,npeusfd,0.000037,0,0
####ägao#####,oäaäsaa,hkgätae,0.003343,ägaovsb,0.000901,0,0
####euno#####,yuufneu,gevfmju,0.015850,eunoofg,0.000088,0,0
####ttof#####,toooraf,jeootft,0.006689,ttofvye,0.000799,0,0
####hllv#####,alhlllv,hlymlsv,0.027619,hllvjrl,0.000586,0,0
####yägp#####,yäyppap,yägpräa,0.024178,yägpräa,0.024178,0,0
####gääd#####,gdiföää,gdafeav,0.010880,gääddom,0.000869,0,0
####ilaä#####,aliärlu,elkmrlu,0.022476,ilaäify,0.005005,0,0
####äjkp#####,äskpöjk,ädpsöpk,0.005069,äjkperj,0.000154,0,0
####jugb#####,jlumgab,aljögab,0.021450,jugbblj,0.000455,0,0
####dbby#####,ydbfgyy,yduonmy,0.006345,dbbyken,0.000426,0,0
####hnpa#####,pnpppjv,fhphjbv,0.007628,hnpaödä,0.000296,0,0
####riaf#####,rdifraf,rlirrtg,0.004379,riafihv,0.000009,0,0
####tlgy#####,tlhllav,trhtttg,0.010278,tlgyljk,0.002608,0,0
####utro#####,tduorav,idufröu,0.021379,utroäsp,0.000008,0,0
####kmnä#####,keymmää,kuptkeä,0.002411,kmnänys,0.001078,0,0
####äyjt#####,tyhätjk,byhutpr,0.011513,äyjtyng,0.000197,0,0
####kmra#####,kdaamrv,koiamtk,0.025242,kmraguy,0.002489,0,0
####kotu#####,touorou,idufröu,0.006126,koturhf,0.000787,0,0
####hibl#####,hhiählb,obiäfli,0.006132,hiblbey,0.000048,0,0
####vimh#####,vdvmroh,vmiiron,0.006357,vimhapj,0.000101,0,0
####rjsv#####,rsrorgv,hjdlfiv,0.006198,rjsvybf,0.000356,0,0
####ilsv#####,ilvfilv,klkypov,0.008402,ilsvoäj,0.000357,0,0
####umne#####,meufmeu,deutmof,0.011301,umnenfd,0.000187,0,0
####yeoh#####,yeoorah,ykomrbv,0.004630,yeohdsp,0.001343,0,0
####efga#####,eguffau,idufröu,0.023031,efgampö,0.000386,0,0
####uige#####,keusrlv,keuftuv,0.009043,uigeiao,0.000028,0,0
####eötv#####,teböötv,teöflsb,0.011565,eötvyfj,0.000011,0,0
####enhh#####,tninnhh,tneushj,0.007081,enhhokd,0.000175,0,0
####hlym#####,adhhllm,jhhlild,0.007258,hlymlsv,0.000086,0,0
####bfis#####,bsiffyi,bfisrms,0.015976,bfisrms,0.015976,0,0
####ohds#####,odhsöhd,ohdsfyy,0.004807,ohdsfyy,0.004807,0,0
####orbg#####,oobrrlg,rovnrlä,0.004811,orbgdhf,0.001619,0,0
####gyrr#####,glgyrrv,ykomrbv,0.003929,gyrrfuv,0.002563,0,0
####vmuö#####,tdufööu,gevfmju,0.015289,vmuörkl,0.000256,0,0
####lbyu#####,ylufölu,gluföop,0.030878,lbyuhöu,0.000233,0,0
####äsor#####,äsäfrro,övnlrro,0.015348,äsormlr,0.001171,0,0
####oyyn#####,yoynyyp,äsöoryj,0.003470,oyynhyu,0.002174,0,0
####fkyl#####,fdyfnlu,fvyyrlk,0.006079,fkyljrn,0.000230,0,0
####gijo#####,ggiorjo,giiyrhl,0.009124,gijoauj,0.000385,0,0
####deyo#####,ydofyeö,yerdfey,0.007745,deyoivä,0.000200,0,0
####nmss#####,nlasmem,tkpsrep,0.001680,nmssrir,0.000874,0,0
####njvä#####,njvonäu,lfviräu,0.006546,njväeng,0.002138,0,0
####jmpd#####,mdppmgv,mdpjvgt,0.009991,jmpdyss,0.000304,0,0
####öjie#####,ööiööji,föikyji,0.028117,öjiemng,0.000122,0,0
####yoed#####,yeyoödd,ygaolod,0.003672,yoeddeo,0.000257,0,0
####spsä#####,slppsää,sdtpsym,0.003295,spsägvt,0.000087,0,0
####fdys#####,ydyfnyu,fdysnrö,0.005801,fdysnrö,0.005801,0,0
####upgk#####,plphögk,ädpsöpk,0.015571,upgkgeh,0.000043,0,0
####jäve#####,jdvfmöv,jävmsöä,0.004033,jäveiro,0.001800,0,0
####hube#####,hduähub,ibughul,0.005209,hubefhd,0.000088,0,0
####lbdt#####,tbyfödv,fdnföre,0.015299,lbdtöyö,0.003803,0,0
####eatt#####,tebtttu,trhtttg,0.009140,eattdjp,0.001534,0,0
####thed#####,tdhhthh,tnhgohs,0.005197,thedäve,0.000107,0,0
####kipm#####,ksppmik,pgiemif,0.009992,kipmmpg,0.003986,0,0
####fuis#####,fsifrru,fnufösb,0.007913,fuismos,0.002678,0,0
####vgsf#####,vävfsfv,dblfsyg,0.003492,vgsfykt,0.000388,0,0
####uarl#####,knabrlu,elkmrlu,0.019408,uarlkbk,0.000011,0,0
####öröä#####,ölöföäv,äkörfiä,0.020619,öröäääs,0.003038,0,0
####ghtg#####,ggihflg,gktldäb,0.004243,ghtgttö,0.002195,0,0
####ssvä#####,slvssäv,slgdehv,0.011437,ssväobu,0.000616,0,0
####aenu#####,aeufnuu,keuftuv,0.005033,aenuvvm,0.000704,0,0
####vgsv#####,vävböov,jäebdjv,0.007494,vgsväns,0.000115,0,0
####okam#####,ooammak,koiamtk,0.010541,okamneu,0.003005,0,0
####fosv#####,fdvffrv,fgvfvno,0.007822,fosvntm,0.000454,0,0
####hägo#####,hdhmglv,kyhmklf,0.015890,hägoyoi,0.000039,0,0
####nbfj#####,nbbfnjo,ehbnjjs,0.008263,nbfjfog,0.001196,0,0
####jvse#####,jevföev,jävmsöä,0.010520,jvsesoo,0.000254,0,0
####ivhm#####,idimrav,jdohrde,0.003986,ivhmeoj,0.000340,0,0
####tdsb#####,tdhbtab,tdgujnb,0.020039,tdsbäom,0.005019,0,0
####vknr#####,vlvärrv,rljkrrb,0.004173,vknrtvp,0.000251,0,0
####jmrl#####,mlrlmlr,elkmrlu,0.010875,jmrlmeh,0.001459,0,0
####husv#####,huhhhuv,lutfprv,0.004735,husvkjn,0.000297,0,0
####onhl#####,olhnnlv,sbhnnlb,0.009958,onhlhle,0.000252,0,0
####ebgi#####,geiföii,gtaläii,0.020620,ebgihrj,0.000046,0,0
####ljav#####,ajaffjv,gdafeav,0.018324,ljavftö,0.006146,0,0
####lfvv#####,fdvfölv,gdafeav,0.031633,lfvvjoi,0.000120,0,0
####urub#####,uuubrjb,rirsövb,0.003712,urubidg,0.000506,0,0
####ähsk#####,ädhffsk,ädpsöpk,0.008157,ähskäiä,0.000151,0,0
####mipn#####,mepnmip,mäunntp,0.012561,mipnböh,0.000534,0,0
####bram#####,bdbbmjm,bsfmvjd,0.011031,bramkam,0.004114,0,0
####jmps#####,msppmgu,blppaju,0.004004,jmpsbln,0.000160,0,0
####fdui#####,fdifnlu,idufröu,0.050179,fduiujf,0.000380,0,0
####äbhn#####,bäbnnhv,sbhnnlb,0.011011,äbhndrö,0.000494,0,0
####eymg#####,yeyerym,bnyärbm,0.007204,eymgfoo,0.000091,0,0
####nfos#####,noofnso,ötifndt,0.003307,nfosdds,0.000386,0,0
####dore#####,odboree,fdyurie,0.006789,dorekks,0.000184,0,0
####lupa#####,llpppau,blppaju,0.052657,lupavif,0.000141,0,0
####grig#####,glirrlv,rlirrtg,0.027462,grigegs,0.000695,0,0
####foej#####,fefffju,gevfmju,0.003866,foejväv,0.000137,0,0
####jono#####,ojiomou,ijuomvt,0.003771,jonougy,0.000312,0,0
####bäfp#####,bdbfphp,jäafpii,0.006636,bäfpvkg,0.001060,0,0
####royn#####,reyonek,teyoäek,0.003581,roynijm,0.000344,0,0
####lphj#####,pjppnjv,thrhnev,0.006136,lphjögm,0.000073,0,0
####ygao#####,ysumrau,ehbmryd,0.005296,ygaolod,0.000462,0,0
####jtgi#####,tlifrli,jtiribs,0.003925,jtgihlä,0.000118,0,0
####vukt#####,tluförk,tvvmplk,0.014172,vuktikf,0.000245,0,0
####ipmu#####,ipmäröu,idufröu,0.017905,ipmuköi,0.002335,0,0
####ktet#####,tyetttk,trhtttg,0.008312,ktetkih,0.000290,0,0
####ööpj#####,ööpööjv,irepfrm,0.006128,ööpjumu,0.002784,0,0
####khut#####,tluhtov,klugkfv,0.032580,khutffv,0.009583,0,0
####vdpj#####,vdvppjv,stvsnjp,0.007412,vdpjong,0.000573,0,0
####ttso#####,tlhsrau,tdlyrto,0.009827,ttsovda,0.000227,0,0
####töts#####,tsustös,sgtsörv,0.003316,tötsomä,0.000188,0,0
####lykf#####,ylhfflk,yvhffby,0.004367,lykföim,0.000539,0,0
####svhk#####,tdhsnvh,tvvmplk,0.004555,svhklmm,0.000497,0,0
####lfhl#####,llhfllv,llhaoäv,0.009478,lfhltpg,0.000526,0,0
####maät#####,täaämlm,täanmrh,0.027328,maätoyt,0.000064,0,0
####gmgg#####,glimmgg,jdipmsg,0.005967,gmgginm,0.000532,0,0
####guna#####,glunnau,ghunmpm,0.012260,gunadäy,0.000034,0,0
####eprö#####,eeöpryö,äeöfiyu,0.009441,epröjij,0.000026,0,0
####jvka#####,jjvfnav,jävmsöä,0.004130,jvkaref,0.000119,0,0
####orrp#####,oorprrp,ssrardr,0.021451,orrpioj,0.000040,0,0
####plvj#####,plvpmlv,pvppfls,0.009381,plvjikb,0.002120,0,0
####tliö#####,tlbltli,tlgyljk,0.015306,tliöägk,0.000867,0,0
####evbg#####,eeebehv,foejväv,0.004521,evbgdfm,0.000085,0,0
####hyto#####,thhätyo,äprätyä,0.007874,hytooud,0.000028,0,0
####adfd#####,adafadd,idufröu,0.016901,adfdänj,0.004395,0,0
####eihf#####,tehfrih,phiorjh,0.010185,eihföfe,0.000657,0,0
####ädgf#####,ädhffgf,yvhffby,0.009553,ädgfleä,0.000707,0,0
####fooh#####,fohfrou,odhfyöt,0.003820,foohjho,0.001301,0,0
####öffm#####,ödummav,öäefmla,0.005768,öffmäpj,0.001217,0,0
####eönm#####,eebmnam,örbmämh,0.003911,eönmräy,0.000464,0,0
####änbj#####,äääänjb,eulänjb,0.013928,änbjdyp,0.000070,0,0
####mggt#####,ggmftgt,vgmmtgh,0.004482,mggtjsk,0.000055,0,0
####ttnj#####,tyhntjn,tdlyrto,0.007906,ttnjnvd,0.000727,0,0
####ijyn#####,yninrjp,ininrös,0.018868,ijynkpf,0.001328,0,0
####slmk#####,klksmlk,äsormlr,0.007842,slmknio,0.000215,0,0
####ittg#####,ttigrlg,tänörvh,0.003530,ittgiyo,0.000330,0,0
####fugy#####,fdufgyu,glifguu,0.015689,fugyylj,0.000061,0,0
####döpi#####,pdpfööv,ädpsöpk,0.005152,döpieby,0.000017,0,0
####apjn#####,anpppjg,lnvpjjn,0.024299,apjnvdn,0.000068,0,0
####nsäm#####,näymnam,notslam,0.025417,nsämhäa,0.004809,0,0
####bäfa#####,bdaffab,gdafeav,0.047217,bäfadym,0.000151,0,0
####kpvh#####,kdvpnvv,tdvbdps,0.004094,kpvhoös,0.000324,0,0
####hood#####,ohhorlv,phiorjh,0.009258,hoodhbj,0.000075,0,0
####osäu#####,osyoräu,osogtmp,0.005614,osäumyi,0.002286,0,0
####opji#####,ooippip,nöipoir,0.004991,opjiatb,0.000009,0,0
####späo#####,äspppaä,rvosglä,0.006104,späotkt,0.000137,0,0
####ssra#####,ssbsrjv,kjekrjp,0.010044,ssrardr,0.004926,0,0
####smäe#####,semfmäm,eldssär,0.004052,smäersg,0.000010,0,0
####mejä#####,mämmrju,yägpräa,0.003519,mejäbän,0.000124,0,0
####äome#####,memfmlm,yägpräa,0.002847,äomehak,0.000066,0,0
####lset#####,tslstse,tlgyljk,0.009071,lsetdrn,0.000167,0,0
####efpp#####,pepfffp,pvppfls,0.009217,efppnot,0.000088,0,0
####hggl#####,hlhlnlg,llhaoäv,0.002882,hggllpv,0.000490,0,0
####ltsb#####,tlbblab,teöflsb,0.012699,ltsbher,0.000336,0,0
####ryjö#####,keöörjö,mlltroö,0.004743,ryjöfih,0.000021,0,0
####lihu#####,llafllu,glifguu,0.013269,lihupui,0.000082,0,0
####mige#####,mehmrig,elkmrlu,0.009867,migeppd,0.000008,0,0
####myoo#####,yeommom,myoommh,0.015700,myoommh,0.015700,0,0
####mmhg#####,mlhmmgg,elkmrlu,0.010994,mmhgyhr,0.000545,0,0
####rvfb#####,fdvfrfb,gdafeav,0.004858,rvfbuhr,0.000022,0,0
####bhvp#####,bdvpphv,bhvpjiv,0.011100,bhvpjiv,0.011100,0,0
####ntmo#####,teammam,tyubnäm,0.003082,ntmojgp,0.000066,0,0
####ssby#####,sdysrbb,ädpsuib,0.014726,ssbykmf,0.000203,0,0
####mjns#####,msmnnju,ösäfnkp,0.003322,mjnslru,0.000056,0,0
####lnäu#####,nlkfnlu,ygähnlä,0.014841,lnäujkj,0.000021,0,0
####rhuy#####,rdryrhv,enmlrlv,0.003829,rhuyigm,0.000114,0,0
####klvm#####,klkfmlv,hlymlsv,0.007673,klvmhny,0.000867,0,0
####sufm#####,saufsam,otumsäu,0.004931,sufmrie,0.002382,0,0
####njeö#####,neiöfjö,nepöäji,0.032824,njeövyu,0.001078,0,0
####sdrv#####,sdvsrjv,sgtsörv,0.006864,sdrvemh,0.000308,0,0
####ryof#####,rdofrrf,idufröu,0.011905,ryofnem,0.007641,0,0
####dhnv#####,ydhnnov,ydhneui,0.006986,dhnvvpr,0.000353,0,0
####hvhb#####,hhvhhlb,ofvfhit,0.002241,hvhbäpj,0.000169,0,0
####lhol#####,llhfölv,eihföfe,0.006806,lholjiv,0.000593,0,0
####ryjn#####,yjynrjv,ijmbhjv,0.011855,ryjnrjö,0.000469,0,0
####jijn#####,jjinjjj,jäufjnh,0.004995,jijntpn,0.000443,0,0
####jppp#####,pjppngp,ajäpnpv,0.024205,jpppjfy,0.000691,0,0
####bpom#####,bkbmmjm,bgpppdf,0.009357,bpombuj,0.000338,0,0
####emvk#####,tevfemv,tkifeev,0.008534,emvkälj,0.000097,0,0
####mitu#####,tetmmuu,tfrimsu,0.006686,mituoyi,0.000146,0,0
####ljjv#####,ajblijv,fddgirv,0.008060,ljjvvyy,0.000179,0,0
####mdfr#####,mdmfrgr,mdnamsr,0.005088,mdfrfbv,0.000576,0,0
####ybvj#####,ydvffjv,ydrmnju,0.010561,ybvjkmu,0.009894,0,0
####dsbj#####,ydbsöjb,ydrmnju,0.010543,dsbjdju,0.004364,0,0
####iubn#####,ibunröb,sbhnnlb,0.042290,iubndgt,0.000066,0,0
####mses#####,msmmmev,elkmrlu,0.004797,msesasg,0.000510,0,0
####nrst#####,tlrsnrs,tläurrf,0.014459,nrstvlt,0.000019,0,0
####mvyn#####,mdynmyv,rybmeyk,0.001583,mvynftm,0.000339,0,0
####ligj#####,llbnnjl,sbhnnlb,0.002861,ligjgpb,0.000010,0,0
####häyd#####,kdyhylv,khspdyv,0.004717,häydäot,0.000057,0,0
####hvhm#####,hdhmhlh,jnvöhkh,0.003478,hvhmdnl,0.000619,0,0
####ivti#####,tvirtri,ftiutny,0.004483,ivtibäl,0.000068,0,0
####ptgk#####,tkpptak,pkmppöä,0.009811,ptgkfak,0.000340,0,0
####okbj#####,oobnnjb,orbamjm,0.005915,okbjvhs,0.001123,0,0
####sano#####,sabsnau,jabsbkk,0.011644,sanomio,0.000510,0,0
####hsbh#####,hdihrlh,sjihrhh,0.015805,hsbhfjn,0.000239,0,0
####mjgm#####,mdmmmjm,vgmmtgh,0.007527,mjgmepk,0.000272,0,0
####dväg#####,ydvfgvä,ndvrsmi,0.006832,dväggby,0.000041,0,0
####upäd#####,udpprdä,hnpaödä,0.005291,upädrgf,0.000156,0,0
####ivma#####,idimrjv,gvidrou,0.007059,ivmaämg,0.000162,0,0
####mbsb#####,blhmmlb,oäemmöb,0.003882,mbsbfig,0.000027,0,0
####rvve#####,tdvfrev,jdohrde,0.010196,rvvetbl,0.000112,0,0
####yblp#####,ybbpölp,yrtpökb,0.011614,yblpdub,0.005044,0,0
####rkbj#####,kdrfrjv,phiorjh,0.002835,rkbjent,0.000113,0,0
####kiäo#####,keiffiä,keuftuv,0.005455,kiäollt,0.000281,0,0
####neoy#####,yehnnev,nbsnyäk,0.004395,neoyuuu,0.000033,0,0
####ugea#####,uluörav,ägueeau,0.020366,ugeagfe,0.000061,0,0
####gtäb#####,gätbtab,ghtgttö,0.006412,gtäbvtö,0.000543,0,0
####uevv#####,tdufevv,keuftuv,0.010308,uevvvdn,0.002814,0,0
####nöjö#####,nliööjö,nlbööoo,0.008665,nöjöivd,0.000401,0,0
####nhts#####,thhsnhh,tflunhn,0.013331,nhtstju,0.001480,0,0
####öegd#####,ölvfödd,ötifndt,0.011894,öegdyay,0.000012,0,0
####upka#####,udppnak,ädpsöpk,0.007971,upkaloe,0.000072,0,0
####ouäu#####,ouuföru,idufröu,0.005036,ouäuuty,0.000081,0,0
####jsad#####,tdasrad,gdafeav,0.002833,jsadmuy,0.000240,0,0
####eyny#####,yehnnyu,sbhnnlb,0.006110,eynyhhr,0.000036,0,0
####lblv#####,llyfövv,gluföop,0.008383,lblväsv,0.001706,0,0
####jfhj#####,jjhffjv,ijmbhjv,0.009290,jfhjedb,0.000031,0,0
####rlvd#####,rdvfölv,gdafeav,0.012873,rlvdiks,0.000100,0,0
####kjya#####,kyyafjk,kryjyjö,0.072545,kjyaääe,0.002399,0,0
####nkbu#####,kbunnlu,sbhnnlb,0.014440,nkbuasa,0.000027,0,0
####pfnt#####,tfpnflg,pvppfls,0.033417,pfntmey,0.000028,0,0
####pobi#####,pbpomii,pbsdpoi,0.015798,pobigao,0.000072,0,0
####mpuu#####,mlmpröu,ibmpubu,0.018101,mpuuhbe,0.000184,0,0
####votg#####,tävotog,täkitld,0.017249,votgöei,0.000128,0,0
####iges#####,ibifryi,äsöoryj,0.013072,igesrnl,0.000108,0,0
####äotp#####,täpptop,trvpäbä,0.002850,äotpdtd,0.000211,0,0
####glif#####,glifllf,glifguu,0.055537,glifguu,0.055537,0,0
####okje#####,oobjjjv,orbamjm,0.009889,okjejbt,0.000363,0,0
####sgif#####,gliffiu,gbisinn,0.013135,sgifrub,0.005120,0,0
####yheg#####,ylyyghv,yiyuooä,0.002725,yhegeöa,0.000658,0,0
####fkpr#####,kspfrrp,kpäfnty,0.019600,fkprpda,0.000165,0,0
####täki#####,täiätak,tläurrf,0.006407,täkitld,0.002547,0,0
####gmni#####,glhfmii,gevfmju,0.008103,gmniope,0.000090,0,0
####poua#####,pappnou,blppaju,0.010153,pouaplp,0.002105,0,0
####ifde#####,ideffed,ieyfspb,0.015156,ifdefgs,0.001051,0,0
####rniy#####,rlinryv,rlirrtg,0.005097,rniytgd,0.000041,0,0
####kmli#####,klimmlk,elkmrlu,0.009694,kmliänä,0.000358,0,0
####nbsn#####,nbbnnss,ehbnjjs,0.011862,nbsnyäk,0.001385,0,0
####uddu#####,ddufödu,idufröu,0.038192,udduogk,0.000053,0,0
####jhes#####,jebsnsv,ledemsj,0.003115,jheslro,0.000024,0,0
####ypnt#####,thtpnls,yönpyrl,0.007894,ypntäyv,0.000117,0,0
####egyr#####,ggyfryv,sgifrub,0.003621,egyräya,0.001491,0,0
####ärrn#####,äärnrjv,ärrntnj,0.024587,ärrntnj,0.024587,0,0
####iyvr#####,ydarrrv,ykomrbv,0.004560,iyvrpkä,0.000123,0,0
####ätlf#####,tläffak,tlgyljk,0.009167,ätlfääb,0.000103,0,0
####vhdo#####,tdvmöoo,mrhpört,0.004062,vhdoksä,0.000095,0,0
####fyek#####,yeyffyk,peyöfnd,0.015071,fyekkpb,0.000020,0,0
####utge#####,teurrav,keuftuv,0.016114,utgenrv,0.000057,0,0
####bvon#####,bdbnnro,bobbgrp,0.003039,bvonfig,0.000058,0,0
####pvpp#####,pvvppvp,bhvpjiv,0.011982,pvppfls,0.005976,0,0
####tsrö#####,tsrstav,ygsstfv,0.005952,tsrögis,0.000633,0,0
####mägu#####,mäuärau,hsplgay,0.003631,mägufvi,0.000038,0,0
####jfän#####,jjäffää,opkäfjä,0.004480,jfäntvl,0.000064,0,0
####upie#####,ueiprev,ieipjvy,0.002718,upiekar,0.000060,0,0
####uäoe#####,ydufreu,idufröu,0.153077,uäoepjf,0.000095,0,0
####pgus#####,pgupnlu,ktudneu,0.005838,pguslgy,0.000454,0,0
####lfäe#####,kelfflä,nryfslä,0.006344,lfäeöng,0.000021,0,0
####yaou#####,yooorau,ykomrbv,0.011135,yaouvjg,0.000422,0,0
####poeg#####,oepppeg,nepmpär,0.015599,poegtms,0.000045,0,0
####bkfk#####,kdbffhk,vfjbrdk,0.004183,bkfketd,0.000036,0,0
####idrf#####,idifrrv,idufröu,0.008849,idrflym,0.001545,0,0
####vapi#####,vdvppvi,ndvrsmi,0.012251,vapiruä,0.000079,0,0
####bsrv#####,bsbbrjv,bsfmvjd,0.006305,bsrvuär,0.000649,0,0
####kkjr#####,kdikrrk,kjekrjp,0.010427,kkjrbvb,0.000197,0,0
####ltim#####,tlimlam,tliöägk,0.010233,ltimyff,0.000169,0,0
####eahy#####,keanyyu,äeöfiyu,0.008274,eahyösj,0.000043,0,0
####uftr#####,tdufrrr,idufröu,0.023855,uftroäy,0.000029,0,0
####brör#####,bdöböjö,bobbgrp,0.003729,brörytg,0.001656,0,0
####vdbu#####,bdufödu,idufröu,0.012720,vdbupvr,0.000151,0,0
####uvbg#####,udubrhv,idufröu,0.010343,uvbgthy,0.000047,0,0
####hbvy#####,hdhhrhv,hlymlsv,0.004467,hbvylrk,0.000511,0,0
####ddtl#####,ddäftll,ddevsfl,0.004881,ddtloiy,0.001561,0,0
####iäsg#####,isgäiis,ilaäify,0.027321,iäsgöpj,0.000132,0,0
####ympu#####,ylypmyu,yägpräa,0.003968,ympugui,0.000146,0,0
####higö#####,hdhhölg,fdidtlö,0.011164,higöpgv,0.000044,0,0
####vmfn#####,mdvfmdn,gevfmju,0.012642,vmfnsmp,0.000275,0,0
####itpp#####,tsppryp,tkpsrep,0.060855,itppyef,0.000723,0,0
####ykpe#####,yeppöek,yrtpökb,0.023249,ykpeiir,0.001300,0,0
####kkgi#####,kliföik,rlhsöjt,0.007922,kkgibja,0.000147,0,0
####ghaa#####,glannaa,gdafeav,0.015729,ghaabkö,0.001360,0,0
####fgpt#####,sgpffhp,lgdptuo,0.008008,fgptdyu,0.000230,0,0
####rvry#####,rdvyrjv,ssrardr,0.002852,rvrytof,0.001650,0,0
####boib#####,bobbrhb,boibphi,0.052381,boibphi,0.052381,0,0
####hviä#####,tdihhää,töveyär,0.002036,hviässe,0.000404,0,0
####lfag#####,flafpag,gdafeav,0.008236,lfagiäp,0.000323,0,0
####eroe#####,robfreu,ykomrbv,0.005095,eroepun,0.000113,0,0
####njno#####,njyonjo,ukyonjm,0.018631,njnoyuk,0.004444,0,0
####jdev#####,jdefeev,fddgirv,0.004076,jdevrop,0.003118,0,0
####jnhä#####,jjhonlä,sbhnnlb,0.002970,jnhäpgu,0.002081,0,0
####sssk#####,slbsnek,älfsbsk,0.008460,ssskmvm,0.000233,0,0
####söho#####,slhsööv,rlhsöjt,0.020892,söhorbb,0.000299,0,0
####ybgm#####,ydbmöjm,ehbmryd,0.003800,ybgmkeö,0.000234,0,0
####vheu#####,vhunehu,khutffv,0.007329,vheuomt,0.000766,0,0
####idsv#####,idiärev,idmpgyv,0.012503,idsvumö,0.001188,0,0
####gvid#####,gdifögv,gdikumf,0.007522,gvidrou,0.000662,0,0
####pjbn#####,pnpnnbb,sbhnnlb,0.004945,pjbnogv,0.002082,0,0
####ipkh#####,ikkprek,ivkpyfm,0.012523,ipkhher,0.000646,0,0
####ondj#####,odonnjd,jndngjy,0.006584,ondjkdf,0.000071,0,0
####jrbs#####,jsbärlv,trbergn,0.008827,jrbsbup,0.000518,0,0
####jjfu#####,jjuffgu,glifguu,0.004582,jjfuund,0.000792,0,0
####jdip#####,tdiängp,hdäjnip,0.014436,jdipmsg,0.000692,0,0
####hkuv#####,hhuhhlv,khutffv,0.013626,hkuvhoj,0.000156,0,0
####höäf#####,köhffgv,dähbftä,0.007612,höäfmrk,0.000238,0,0
####dfks#####,ydöffsk,sdkfhjb,0.004291,dfksuij,0.000577,0,0
####vugj#####,vsvnuju,dsbjdju,0.004673,vugjgkm,0.000072,0,0
####nodk#####,ndofndv,ötifndt,0.004366,nodkios,0.000136,0,0
####rpeu#####,reyprev,oertjeu,0.005764,rpeuvmm,0.000016,0,0
####sjtl#####,tstsflv,töftfls,0.010959,sjtllee,0.000038,0,0
####rosh#####,rshhrhu,rshfsfo,0.006460,roshbus,0.000165,0,0
####lylä#####,llylälu,gähnäll,0.004514,lylägor,0.000045,0,0
####rnve#####,tevnrev,jdohrde,0.004149,rnveyte,0.000494,0,0
####ebyu#####,yeuföyu,äeöfiyu,0.016333,ebyuknk,0.000137,0,0
####srpk#####,ssppnrk,dtipnhn,0.003950,srpkvrt,0.000377,0,0
####öjjp#####,öjppjjv,vjypjph,0.003958,öjjplbg,0.003725,0,0
####ykom#####,ylummak,ygiojaf,0.005142,ykomrbv,0.003583,0,0
####huöö#####,hööhööv,hlymlsv,0.005905,huöömpn,0.003688,0,0
####hhvy#####,hdyhrhv,hlymlsv,0.016588,hhvyfsg,0.000479,0,0
####ätis#####,äsiäfti,äshsfei,0.011450,ätismät,0.002115,0,0
####smmö#####,söösmöm,smmörgu,0.007026,smmörgu,0.007026,0,0
####kmäo#####,käkfmoä,käofigd,0.005289,kmäogld,0.000218,0,0
####snbr#####,sdbrrjb,ädpsuib,0.006795,snbrjgr,0.001057,0,0
####myju#####,yummmju,ydrmnju,0.020738,myjutuk,0.000028,0,0
####rune#####,rersneu,ydrmnju,0.006696,runedkä,0.000066,0,0
####duti#####,tdumtui,tesptou,0.004055,dutipak,0.000059,0,0
####jifö#####,jöifööö,sgifrub,0.011871,jiföase,0.000078,0,0
####annh#####,anannhh,aganyoh,0.018200,annhrib,0.001385,0,0
####ober#####,onerere,äneseme,0.021551,oberjok,0.007831,0,0
####dnvf#####,tdvfövv,gevfmju,0.022459,dnvfnib,0.002174,0,0
####byhu#####,bubnnyh,oyynhyu,0.015255,byhutpr,0.000372,0,0
####mdpj#####,mdmppgp,mdpjvgt,0.004741,mdpjvgt,0.004741,0,0
####hmej#####,mdihejv,gdafeav,0.005958,hmejerg,0.000136,0,0
####kbyä#####,kbyyyyä,kbyärhp,0.019537,kbyärhp,0.019537,0,0
####jnvö#####,jlvfööv,glifguu,0.006932,jnvöhkh,0.000228,0,0
####urlv#####,rluröjv,gluföop,0.013654,urlvnht,0.000011,0,0
####epnt#####,teypnpn,tesptou,0.016069,epntsrp,0.000034,0,0
####hmya#####,kdyhyjy,kdgybjö,0.003303,hmyayjö,0.000441,0,0
####oeus#####,osusrou,idufröu,0.004858,oeusnvh,0.000335,0,0
####nedb#####,bdbnnlb,sbhnnlb,0.005044,nedblol,0.001093,0,0
####rälg#####,räalrlv,gdafeav,0.014351,rälgdäd,0.000294,0,0
####fkkf#####,fdkfffk,fkkffoj,0.048508,fkkffoj,0.048508,0,0
####fupi#####,fupfrip,ruefnip,0.026966,fupiato,0.000185,0,0
####mtdn#####,tdantdn,täanmrh,0.004059,mtdnpub,0.000070,0,0
####gdaf#####,gdafgaf,gdafeav,0.108824,gdafeav,0.108824,0,0
####ärya#####,ädäärja,ssrardr,0.002703,äryakid,0.000082,0,0
####arug#####,anagrlg,lnugild,0.026140,aruggga,0.007124,0,0
####köäh#####,klöfööv,klkypov,0.006123,köähihl,0.000241,0,0
####eptg#####,tetptyg,tesptou,0.017122,eptgdbe,0.000053,0,0
####fleö#####,flbfölu,fdnföre,0.012627,fleöäju,0.000079,0,0
####ksöf#####,kdöfööv,ksöffis,0.041423,ksöffis,0.041423,0,0
####rälk#####,räilrlk,räspslk,0.010341,rälkneb,0.000112,0,0
####hbäk#####,bbhhääk,nbsnyäk,0.011507,hbäkähd,0.000406,0,0
####sövy#####,sööfööv,sgtsörv,0.036278,sövymyg,0.000326,0,0
####nvup#####,uvvpnhv,bhvpjiv,0.005850,nvupbgn,0.000212,0,0
####llha#####,llallau,gdafeav,0.006858,llhaoäv,0.000782,0,0
####hspl#####,ksppplv,fhphjbv,0.007754,hsplgay,0.000122,0,0
####bmgn#####,bbbnngg,sbhnnlb,0.010922,bmgnmbp,0.010199,0,0
####nonb#####,nobnnöb,sbhnnlb,0.008518,nonbljb,0.000771,0,0
####thjh#####,thahtjh,thjhkfi,0.010844,thjhkfi,0.010844,0,0
####föik#####,öliföev,tkifeev,0.020344,föikyji,0.000200,0,0
####pvrb#####,pdvppjb,pkmppöä,0.005330,pvrblnb,0.000297,0,0
####mpks#####,mpppysk,mgudypk,0.004357,mpkskär,0.000075,0,0
####adiä#####,adiäiää,adiäagm,0.006775,adiäagm,0.006775,0,0
####ruef#####,rdffrrv,keuftuv,0.008320,ruefnip,0.000158,0,0
####ysgp#####,ysyprlp,yrtpökb,0.010297,ysgpkji,0.000497,0,0
####gufp#####,ggöfrfp,sgifrub,0.003078,gufpjik,0.000375,0,0
####vtee#####,tävbeev,thdutie,0.004498,vteejsk,0.000013,0,0
####yduo#####,yduoöau,idufröu,0.025956,yduonmy,0.015634,0,0
####ssmr#####,ssmsmrv,ssrardr,0.007847,ssmrbmm,0.001712,0,0
####ägty#####,tähftyk,täanmrh,0.008614,ägtyods,0.000048,0,0
####kmub#####,klummbu,elkmrlu,0.012186,kmublln,0.000638,0,0
####ötif#####,töifögv,tkifeev,0.023745,ötifndt,0.001053,0,0
####musö#####,mlmmööu,elkmrlu,0.010206,musörmu,0.001579,0,0
####kuöi#####,kliiööö,kyiatöe,0.008547,kuöilik,0.004807,0,0
####mrvb#####,mdmmmbv,mdfrfbv,0.003249,mrvbtbr,0.001978,0,0
####öbej#####,tbeöfjv,gnbföbn,0.002401,öbejnbm,0.000328,0,0
####urän#####,uärnräu,ssrardr,0.004270,urändup,0.000048,0,0
####ybpm#####,ybypöjm,yrtpökb,0.015036,ybpmsnt,0.000392,0,0
####eaju#####,eebfjau,dsbjdju,0.013336,eajubny,0.000057,0,0
####jjäy#####,jäyäääu,bänädjä,0.005606,jjäyhsn,0.001259,0,0
####uvih#####,uäihrhv,mjfhnev,0.006291,uvihisl,0.001926,0,0
####intä#####,tniäräu,tnökndv,0.003414,intävöi,0.000381,0,0
####btgö#####,bbhböag,bkebkam,0.003873,btgöthm,0.000993,0,0
####pgof#####,povffff,pkmppöä,0.006044,pgofeoj,0.000313,0,0
####ihnk#####,inhhrhk,ininrös,0.005338,ihnkhna,0.000310,0,0
####nmdv#####,mdymmvv,oeyfpvv,0.006550,nmdvbta,0.000010,0,0
####ekpj#####,kebppjv,lbptjjv,0.005313,ekpjstv,0.000534,0,0
####dvme#####,ydvmmev,gdafeav,0.003657,dvmehan,0.000032,0,0
####buuä#####,bsbbräu,idufröu,0.008100,buuäyfl,0.000335,0,0
####elgo#####,elvföao,elkmrlu,0.006696,elgoobs,0.000622,0,0
####bgos#####,bsbbrhk,bobbgrp,0.021323,bgosifi,0.000088,0,0
####rugf#####,gdrfrav,gdafeav,0.135627,rugfioj,0.000124,0,0
####pjbb#####,psbäplb,plvjikb,0.003204,pjbbvud,0.001419,0,0
####lfvi#####,fdvfnlv,gdafeav,0.009377,lfviräu,0.000055,0,0
####ggpb#####,gbipphv,giiyrhl,0.008308,ggpbbmy,0.000639,0,0
####äodm#####,ädommöm,nermmkd,0.006159,äodmtbr,0.000089,0,0
####omot#####,ooommop,osogtmp,0.007033,omottkn,0.006876,0,0
####njhy#####,tjyonjh,ukyonjm,0.047823,njhygky,0.000055,0,0
####yoyg#####,yoyoölp,pouaplp,0.004626,yoyghaö,0.001362,0,0
####fimi#####,fdifrli,fdidtlö,0.030558,fimigvo,0.000098,0,0
####iskö#####,ilkfisö,fnufösb,0.006590,iskövpy,0.000053,0,0
####ktud#####,tluftuu,idufröu,0.050228,ktudneu,0.004955,0,0
####hdlä#####,ahhällä,jhymhlä,0.008307,hdläpiu,0.000614,0,0
####odhf#####,ödoffdv,jdohrde,0.006707,odhfyöt,0.000848,0,0
####mabr#####,mdammjv,udauroh,0.004111,mabrtfk,0.000057,0,0
####riad#####,idrärad,udauroh,0.006146,riadkge,0.000293,0,0
####rbky#####,rdrbrjk,nvabrbk,0.006695,rbkykäj,0.000114,0,0
####muob#####,muummuu,jäobäeu,0.002333,muobtyy,0.001172,0,0
####piep#####,pepppip,pvppfls,0.011505,piepkel,0.001166,0,0
####ärhv#####,äähnnvv,ärrntnj,0.003044,ärhvtts,0.002527,0,0
####bsnh#####,bdbnnhh,täanmrh,0.004118,bsnhäro,0.000023,0,0
####snea#####,säannea,sapsned,0.015181,sneaged,0.000158,0,0
####dtmv#####,tdhmmvv,vgmmtgh,0.003003,dtmvöby,0.000325,0,0
####rnfj#####,rrffrju,mhpfrlr,0.003418,rnfjvbs,0.000057,0,0
####vkjs#####,vsvsrjv,stvsnjp,0.008047,vkjsuyi,0.001743,0,0
####ebgp#####,ebbpöyp,etbpjed,0.017075,ebgphvd,0.007140,0,0
####ikuj#####,ikuärju,idufröu,0.012204,ikujhkj,0.000509,0,0
####tuie#####,tuusree,idufröu,0.007810,tuieägn,0.000175,0,0
####upfj#####,udpfnjv,rsffvjf,0.003498,upfjädd,0.000044,0,0
####äefe#####,teäffee,eihföfe,0.003703,äefehhu,0.000035,0,0
####vjbä#####,vdvärää,rovnrlä,0.025268,vjbäbji,0.000241,0,0
####mäun#####,ääummuu,idufröu,0.009265,mäunntp,0.000674,0,0
####vpfs#####,vgvfpyv,vvkfspy,0.004282,vpfsbtt,0.000291,0,0
####iudk#####,iduärus,idufröu,0.022750,iudktko,0.000199,0,0
####ubhf#####,tdhfrjb,idufröu,0.015126,ubhfhmo,0.001287,0,0
####fpbu#####,fbpfpsb,ibmpubu,0.009110,fpbujök,0.000066,0,0
####euiv#####,teufiuv,keuftuv,0.007388,euivluy,0.000092,0,0
####yfdd#####,ydyfgld,yuyfdnr,0.013370,yfdddjl,0.000072,0,0
####ygpä#####,yäyppäu,yägpräa,0.022233,ygpäuyk,0.000022,0,0
####eyrf#####,teffrye,äeöfiyu,0.005050,eyrfttb,0.000233,0,0
####okgp#####,oopppgp,lotyöpp,0.008373,okgpilh,0.000500,0,0
####aift#####,tnafaft,yvhffby,0.007595,aiftenb,0.000056,0,0
####bdiv#####,bdibiev,bdigsig,0.007065,bdivmhä,0.003226,0,0
####fdid#####,ddifild,deimhrh,0.007578,fdidtlö,0.001657,0,0
####ujmy#####,adymrju,idufröu,0.028991,ujmyjnp,0.000010,0,0
####däkt#####,tdafttk,trnvtsk,0.005584,däktumr,0.000090,0,0
####pbyg#####,pbpppyg,pbsdpoi,0.009002,pbygsdg,0.000764,0,0
####jabs#####,ysuäpab,dauäojb,0.010259,jabsbkk,0.000050,0,0
####rljk#####,rlklrjv,rljkrrb,0.014307,rljkrrb,0.014307,0,0
####dvtf#####,tdvftrh,bevftgh,0.024187,dvtfgsm,0.000132,0,0
####emsu#####,tluföuu,gevfmju,0.030952,emsubte,0.000059,0,0
####vgtö#####,tävfögv,bevftgh,0.034510,vgtöeuv,0.000074,0,0
####lfyd#####,ldyfölp,gluföop,0.018515,lfydmvt,0.000019,0,0
####blkd#####,blhbmlk,hlhkrle,0.004917,blkdsyo,0.000202,0,0
####ntmj#####,ttamrjm,ydrmnju,0.007812,ntmjkjö,0.000452,0,0
####rlfl#####,rlkfrlu,elkmrlu,0.073991,rlfltry,0.000108,0,0
####koil#####,klioflv,kmäogld,0.006247,koilded,0.000303,0,0
####jyno#####,jjhonyo,ijuomvt,0.009006,jynoakt,0.000663,0,0
####oygu#####,yoooöyu,glifguu,0.010040,oygupnr,0.000049,0,0
####söbj#####,ssösöjb,sdkfhjb,0.011017,söbjitj,0.000110,0,0
####jyoi#####,jlyomii,aläpkbi,0.007092,jyoilgy,0.000074,0,0
####äjvs#####,äsäärsv,äddukgv,0.006919,äjvsofj,0.000163,0,0
####fftv#####,fdtftvv,fdnföre,0.010713,fftvgmt,0.001077,0,0
####mhdj#####,mdhmmjd,khlemjv,0.005635,mhdjäkf,0.000115,0,0
####ogna#####,ooaonau,okamneu,0.009607,ognaojf,0.000276,0,0
####bkiy#####,kdibrji,bfisrms,0.008637,bkiyesm,0.002222,0,0
####oluo#####,tloomlu,elkmrlu,0.024757,oluohos,0.000510,0,0
####bpsl#####,pspbpll,pdbkvoy,0.003885,bpslybn,0.000028,0,0
####grjd#####,gdifrjd,gdikumf,0.009029,grjdaaf,0.000135,0,0
####äjen#####,oeäänev,ajäpnpv,0.003069,äjenoöj,0.000032,0,0
####kvss#####,ksvsrrs,bfisrms,0.006308,kvssafv,0.003529,0,0
####ängo#####,äähnnag,äräffay,0.002153,ängoaes,0.000221,0,0
####jgpj#####,jjppjjv,ajäpnpv,0.009642,jgpjnmb,0.000256,0,0
####onun#####,oouonöu,mäunntp,0.010900,onunhbs,0.000201,0,0
####tjfj#####,tjuffju,tlgyljk,0.003416,tjfjoyl,0.000209,0,0
####ugjs#####,äsuörju,dsbjdju,0.004212,ugjsdgd,0.000012,0,0
####bsfm#####,bsbfmjm,bsfmvjd,0.003949,bsfmvjd,0.003949,0,0
####ehbn#####,enbnnhv,sbhnnlb,0.003119,ehbnjjs,0.002542,0,0
####nöip#####,klipnep,dtipnhn,0.011763,nöipoir,0.001674,0,0
####idöe#####,idifööv,fdnföre,0.010044,idöerup,0.000138,0,0
####gedb#####,gdifödb,gdikumf,0.010212,gedbaöm,0.001676,0,0
####fggv#####,ggvfggv,gdafeav,0.009948,fggviod,0.000138,0,0
####upöu#####,pdöpööu,äeöfiyu,0.009684,upöubrn,0.000197,0,0
####jhym#####,yhhmmav,eshmmks,0.003324,jhymhlä,0.000385,0,0
####htnk#####,thhhtlk,thrhnev,0.017099,htnketk,0.000030,0,0
####tflu#####,tllftlg,teöflsb,0.007788,tflunhn,0.000186,0,0
####rjvä#####,rjvrräv,rovnrlä,0.003631,rjvämdi,0.000157,0,0
####npgd#####,ndppnad,bgpppdf,0.003278,npgdldl,0.000858,0,0
####eonu#####,oebfneu,gevfmju,0.010307,eonuakk,0.000042,0,0
####ueyt#####,tdufrev,keuftuv,0.026042,ueytivl,0.000153,0,0
####uhms#####,mduhrlv,jdohrde,0.022739,uhmspff,0.000028,0,0
####deim#####,ydimiem,deimhrh,0.009880,deimhrh,0.009880,0,0
####äsöo#####,ädöfööo,äeöfiyu,0.012120,äsöoryj,0.000687,0,0
####dauä#####,ddanpau,ägueeau,0.028044,dauäojb,0.000303,0,0
####dfom#####,ödofmod,atommäp,0.007786,dfomtoh,0.000887,0,0
####oikd#####,tokordd,söhorbb,0.003454,oikdjph,0.000113,0,0
####koäö#####,klkfööv,klkypov,0.005102,koäögbb,0.000016,0,0
####jnhp#####,pjppnhv,ajäpnpv,0.040875,jnhpgät,0.000112,0,0
####hfsj#####,fshffjv,yvhffby,0.011150,hfsjsvl,0.000015,0,0
####fboh#####,fdhffhp,yvhffby,0.006850,fbohlnf,0.001151,0,0
####irlk#####,inirrll,ininrös,0.020982,irlkrou,0.001866,0,0
####vkjn#####,kkvnnjv,stvsnjp,0.015771,vkjnäjd,0.000419,0,0
####otan#####,touotau,eotänab,0.011632,otanaua,0.000169,0,0
####rupt#####,trrprtv,tkpsrep,0.005428,ruptolt,0.000096,0,0
####nfäm#####,nämfnam,nbsnyäk,0.003673,nfämänä,0.000630,0,0
####punf#####,pupfpuf,pkmppöä,0.011065,punfthh,0.002362,0,0
####fsbk#####,bdbfnlk,fdysnrö,0.004444,fsbkspp,0.000015,0,0
####bvdl#####,bdbbfll,bdnlsey,0.004317,bvdlpjl,0.001616,0,0
####rsim#####,rsrsrsv,rkduhsv,0.002412,rsimedo,0.000852,0,0
####hsyä#####,tdyhrää,suyhräp,0.002596,hsyätok,0.001847,0,0
####dfdö#####,ddbfööu,fdnföre,0.009580,dfdöebö,0.003639,0,0
####ägue#####,äeuäreu,oeuäbek,0.014274,ägueeau,0.001569,0,0
####rljn#####,rlunrjv,rlirrtg,0.005419,rljnmhk,0.000476,0,0
####ygss#####,ysusrys,bfisrms,0.010284,ygsstfv,0.000989,0,0
####eflä#####,teyfflu,gevfmju,0.006611,efländn,0.000033,0,0
####emyb#####,yeymrym,felymyg,0.015351,emybhoy,0.000029,0,0
####etht#####,täehthh,punfthh,0.007680,ethtvtä,0.000258,0,0
####ödob#####,ödvfödb,öytbödy,0.020408,ödobkpl,0.007117,0,0
####vsur#####,vsvärju,idufröu,0.004072,vsuriöv,0.000615,0,0
####mmpn#####,mepnmpp,mäunntp,0.007371,mmpnuue,0.001015,0,0
####shbr#####,sdhhrjb,sjihrhh,0.010738,shbrbre,0.000213,0,0
####vpjg#####,vävppgv,bhvpjiv,0.016958,vpjguoe,0.000024,0,0
####hukt#####,tdthtjk,trnvtsk,0.010246,huktmtv,0.000024,0,0
####jäjl#####,jäääjlv,jäjlärs,0.009927,jäjlärs,0.009927,0,0
####ffll#####,flalllu,dsalylb,0.010019,ffllpbj,0.000857,0,0
####kvgg#####,kvigggg,kgirpdg,0.009293,kvggsyi,0.001038,0,0
####eihb#####,eehbrib,annhrib,0.016041,eihbuvö,0.000105,0,0
####thrh#####,ththrar,tänörvh,0.003982,thrhnev,0.001179,0,0
####giru#####,glifrru,gvidrou,0.051353,giruvnn,0.000137,0,0
####ovjt#####,tovpjjv,toääjdv,0.023429,ovjtinl,0.000059,0,0
####ömyu#####,ölöööyu,äeöfiyu,0.005128,ömyubit,0.004244,0,0
####fkhj#####,fkhffju,gevfmju,0.011611,fkhjvdk,0.000073,0,0
####eöäm#####,öökmöau,lövmlak,0.003271,eöämetb,0.002690,0,0
####doöh#####,ödofööh,fdnföre,0.018074,doöhopg,0.000042,0,0
####ethd#####,tehdthh,äduethn,0.006476,ethdvyl,0.000020,0,0
####aefy#####,aeafyyu,gdafeav,0.006192,aefyirl,0.004443,0,0
####koia#####,klioröv,klkypov,0.022199,koiamtk,0.000566,0,0
####gebg#####,gbigehg,giiyrhl,0.010618,gebgmru,0.000634,0,0
####gkäb#####,gäiföäb,sgifrub,0.005756,gkäbbyi,0.000131,0,0
####ovoy#####,oovfrrv,ouvhsrr,0.012860,ovoyyum,0.000140,0,0
####aärj#####,aäaärju,bänädjä,0.012926,aärjkha,0.000356,0,0
####lepe#####,leppplv,lepejbe,0.003632,lepejbe,0.003632,0,0
####ttlv#####,tyltttv,ttlvlmd,0.016061,ttlvlmd,0.016061,0,0
####blgy#####,bdhböjg,rlhsöjt,0.009640,blgygyh,0.000234,0,0
####vytt#####,tvvpttv,ghtgttö,0.011936,vyttjkf,0.000274,0,0
####hhih#####,hhihrlh,sjihrhh,0.028187,hhihbvr,0.017021,0,0
####melb#####,memmmlm,elkmrlu,0.008411,melbbno,0.001745,0,0
####tfri#####,tlifrii,tkifeev,0.010008,tfrimsu,0.000326,0,0
####pkmp#####,psppmpm,kipmmpg,0.007039,pkmppöä,0.004948,0,0
####seir#####,seisriv,bfisrms,0.004951,seiräen,0.002022,0,0
####kftt#####,tktfflt,khtmtik,0.009678,kftthyn,0.000352,0,0
####lfdm#####,ldmflld,jismbjd,0.003914,lfdmgfn,0.000267,0,0
####rhun#####,rnrfrhv,sbhnnlb,0.001711,rhunörj,0.000257,0,0
####hbig#####,hbihnli,sbhnnlb,0.014715,hbigumf,0.002195,0,0
####uahp#####,tduhnav,yduonmy,0.005031,uahpspf,0.000065,0,0
####ikjn#####,kninrjö,kjekrjp,0.005316,ikjnllf,0.000102,0,0
####äsru#####,äsäärju,dsbjdju,0.010033,äsrusjv,0.005742,0,0
####bänä#####,bbbänää,bänädjä,0.023424,bänädjä,0.023424,0,0
####bson#####,bdbbnoo,bubneit,0.005494,bsonfäs,0.000726,0,0
####toää#####,täyoraä,emtärku,0.006681,toääjdv,0.000974,0,0
####hysä#####,thhärää,tsbäkdi,0.005394,hysärur,0.000161,0,0
####emtä#####,tetmräu,täanmrh,0.007385,emtärku,0.001203,0,0
####nrhr#####,ndhrrrh,söhorbb,0.004279,nrhrdvf,0.001369,0,0
####vsös#####,tdvsööv,svvpöps,0.007804,vsösbbk,0.000104,0,0
####giiy#####,gliföyy,gluföop,0.017520,giiyrhl,0.001560,0,0
####andä#####,adaänlä,ygähnlä,0.005051,andäomr,0.004762,0,0
####jyjp#####,jjypjjv,vjypjph,0.015255,jyjpbjy,0.002295,0,0
####ävti#####,tääätvi,uäästön,0.007727,ävtiäbp,0.000018,0,0
####iyne#####,yeinryi,ybisiku,0.006071,iynejev,0.000010,0,0
####bnev#####,bdbnnev,bubneit,0.013001,bnevopp,0.000033,0,0
####dunj#####,ddunnju,ydrmnju,0.021574,dunjsab,0.000008,0,0
####kvnn#####,kvvnkfn,käävkro,0.003640,kvnntom,0.000294,0,0
####lutf#####,tlaftfu,teöflsb,0.010275,lutfprv,0.000346,0,0
####pbri#####,pbiprii,pgiemif,0.026726,pbriuej,0.000125,0,0
####npdj#####,ndppnjh,ydrmnju,0.006650,npdjdli,0.000095,0,0
####sdbs#####,sdbsflb,ädpsuib,0.009038,sdbskeg,0.006339,0,0
####vbel#####,bevbvlv,bhvpjiv,0.013139,vbeljvä,0.000022,0,0
####tsbä#####,tststaä,tötsomä,0.003616,tsbäkdi,0.001790,0,0
####hgös#####,hlhsölv,rlhsöjt,0.014199,hgösyar,0.000078,0,0
####fvdm#####,fdvfövd,fgvfvno,0.011013,fvdmkop,0.002473,0,0
####löby#####,klhföjb,söhorbb,0.005061,löbyyij,0.000086,0,0
####gatb#####,ggabtab,gdafeav,0.013396,gatbiri,0.000950,0,0
####fdyu#####,fduföyu,idufröu,0.011148,fdyurie,0.002453,0,0
####tsso#####,tshstoo,usdstty,0.009293,tssolkn,0.000692,0,0
####dkev#####,tdbfeev,odbmehb,0.016737,dkevtdg,0.000043,0,0
####jboy#####,jbhoöoy,mrhpört,0.001762,jboyitn,0.000402,0,0
####tlgn#####,tlhltlg,ikjnllf,0.004920,tlgndba,0.001723,0,0
####ngef#####,eeafnek,sbhnnlb,0.005059,ngefppi,0.000955,0,0
####dgdu#####,dduföuu,idufröu,0.077577,dgdulit,0.000593,0,0
####lngp#####,llynölp,lotyöpp,0.003719,lngprkd,0.000705,0,0
####glör#####,glvfööl,gluföop,0.029301,glörhäf,0.001649,0,0
####uöjv#####,oduööjv,mdfrfbv,0.009075,uöjvkug,0.000016,0,0
####imru#####,ilumröu,idufröu,0.009089,imruhfh,0.000076,0,0
####hgso#####,ohhhrlo,phiorjh,0.006803,hgsoubs,0.000019,0,0
####hrid#####,thihrld,phiorjh,0.009327,hridlmn,0.000083,0,0
####utlb#####,tlubrav,tyubnäm,0.010758,utlbfvö,0.000201,0,0
####euop#####,yeoföyu,neoyuuu,0.008166,euopäit,0.000131,0,0
####uaam#####,udammau,udauroh,0.021112,uaamofr,0.000758,0,0
####yrpi#####,ysyyrip,ytmrpbp,0.007038,yrpiatb,0.001064,0,0
####öökt#####,tököööv,ttyrtgv,0.008064,ööktäki,0.001213,0,0
####fmrr#####,fdffrjr,mhpfrlr,0.015570,fmrrvmr,0.000483,0,0
####hypo#####,yhyppyv,kgyähyp,0.012036,hyposgh,0.000002,0,0
####vöht#####,tlvöödv,ttyrtgv,0.002519,vöhttje,0.000520,0,0
####lgdp#####,ldppödv,fdnföre,0.004383,lgdptuo,0.000116,0,0
####muin#####,meufmuu,keuftuv,0.006053,muinsvy,0.000042,0,0
####imtr#####,ietmmri,täanmrh,0.003645,imtredg,0.000603,0,0
####eult#####,tbeflau,tesptou,0.005848,eultvfj,0.000136,0,0
####övvö#####,ödvfööö,fdnföre,0.013412,övvöhdl,0.001103,0,0
####goft#####,ggtftot,sgifrub,0.010464,goftjnp,0.000249,0,0
####lede#####,llkfölv,fdnföre,0.014847,ledemsj,0.000222,0,0
####mpks#####,mpppysk,mgudypk,0.004357,mpksjkh,0.000081,0,0
####bubn#####,bdubnub,yduonmy,0.004870,bubneit,0.002278,0,0
####rrtv#####,rdtrfrv,tkifeev,0.006756,rrtvshy,0.000377,0,0
####dgbl#####,gdaböll,gdafeav,0.012377,dgbllhu,0.000048,0,0
####fkou#####,fkuföuu,gluföop,0.021032,fkouvhg,0.000209,0,0
####ilmo#####,ilrmrld,elkmrlu,0.022443,ilmovid,0.000291,0,0
####fgvl#####,flvfölv,fgvfvno,0.008581,fgvlvem,0.000249,0,0
####lyyä#####,slyäylu,rlkäyrg,0.005279,lyyänfs,0.000686,0,0
####kipg#####,knppris,bgpppdf,0.006125,kipgoml,0.000765,0,0
####kaek#####,kebaaek,jabsbkk,0.007445,kaekosl,0.000296,0,0
####lbpt#####,tbpnöbp,ybhnyrp,0.003602,lbptjjv,0.000408,0,0
####etbl#####,tebbtlb,täkitld,0.015670,etblvpd,0.000169,0,0
####rogt#####,rororgv,gortfpä,0.016533,rogtjye,0.000908,0,0
####ydrm#####,ydumrjm,ydrmnju,0.009347,ydrmnju,0.009347,0,0
####ivkp#####,ivvprpv,bhvpjiv,0.005926,ivkpyfm,0.001022,0,0
####mulä#####,msmämlu,elkmrlu,0.023786,mulärög,0.002772,0,0
####tvyj#####,tdvttyv,psvjkyv,0.003564,tvyjoyo,0.000533,0,0
####dähb#####,ddaänab,vdädjbk,0.002858,dähbftä,0.000527,0,0
####lemp#####,leyfmlv,oeyfpvv,0.021710,lempkfj,0.002024,0,0
####undh#####,udunrdh,idufröu,0.006700,undhbsn,0.000045,0,0
####däfb#####,ddaffab,sdkfhjb,0.007464,däfbkoh,0.006746,0,0
####pffd#####,pdpfpdd,ädgfleä,0.004144,pffdpss,0.002477,0,0
####rstp#####,tsrprtv,tkpsrep,0.004371,rstplis,0.000588,0,0
####yurd#####,ydusrjv,jdohrde,0.008062,yurdkmd,0.000064,0,0
####roku#####,rokfrou,rotiref,0.003159,rokuljt,0.001334,0,0
####ujag#####,jlunrjg,dauäojb,0.006775,ujagisg,0.000098,0,0
####ethk#####,teetthk,trnvtsk,0.018253,ethkbik,0.000192,0,0
####tfär#####,tätfrru,täanmrh,0.003077,tfärilv,0.000162,0,0
####agan#####,agannag,ägueeau,0.015722,aganyoh,0.001652,0,0
####uäkl#####,udufulk,öäefmla,0.006705,uäklävu,0.000222,0,0
####sghl#####,slhsnlv,sbhnnlb,0.019528,sghlivd,0.000749,0,0
####kehä#####,kehäfhä,tlhyoiä,0.006137,kehäsfa,0.005389,0,0
####htöi#####,thihööö,tjitvbö,0.010532,htöifbb,0.000044,0,0
####sbhk#####,slhsnhk,eliengk,0.008283,sbhkbob,0.000455,0,0
####bnbg#####,bnbnnlg,sbhnnlb,0.015716,bnbgbki,0.003724,0,0
####kyam#####,klkmmak,koiamtk,0.008604,kyamlno,0.000634,0,0
####rfpu#####,räpfrfv,mhpfrlr,0.013045,rfpujkd,0.000073,0,0
####jäsa#####,jlääfas,isräyöj,0.002508,jäsaaöe,0.000160,0,0
####umäa#####,uduaräu,idufröu,0.030751,umäasäv,0.000653,0,0
####regr#####,glvrrgu,lfviräu,0.008143,regrväf,0.000083,0,0
####uärm#####,udumrjv,jäebdjv,0.002717,uärmvuö,0.000349,0,0
####jepe#####,jepppse,gjhpäse,0.004854,jepeörs,0.001814,0,0
####suyh#####,shuhrhh,suyhräp,0.013970,suyhräp,0.013970,0,0
####mkvp#####,klmmmvv,kipmmpg,0.003599,mkvptsh,0.000136,0,0
####shme#####,sdhfmlv,shtpmvg,0.004148,shmesys,0.000594,0,0
####voou#####,vlvärou,gvidrou,0.013839,voouejn,0.000013,0,0
####ipmd#####,idmmrdd,idufröu,0.011316,ipmdmvo,0.000223,0,0
####jgoy#####,tjhynyu,fjpntld,0.002321,jgoyöhg,0.000169,0,0
####ksle#####,kslsklk,ksleutj,0.005984,ksleutj,0.005984,0,0
####fäea#####,fdaffae,fäagfys,0.019982,fäeaajk,0.000684,0,0
####ljmn#####,mlanmjm,sbhnnlb,0.005834,ljmnhnd,0.000107,0,0
####ögly#####,öövföyv,sövymyg,0.004089,öglyoue,0.000047,0,0
####joto#####,toiorok,phiorjh,0.010066,jotoäun,0.000151,0,0
####pdbk#####,pdpppbb,ädpsuib,0.008742,pdbkvoy,0.002573,0,0
####pävg#####,yvapgvg,jmrmgtg,0.003352,pävgkbs,0.000299,0,0
####srri#####,ssisriv,sgifrub,0.005427,srrihei,0.000051,0,0
####egye#####,geyffye,meyatyä,0.014928,egyejyr,0.000901,0,0
####putb#####,tupptub,bätptyb,0.009214,putbihk,0.000011,0,0
####sdnt#####,sdtsnlp,synnnpt,0.008034,sdnttvf,0.004256,0,0
####lvhd#####,advnldv,hlymlsv,0.006556,lvhdktr,0.000032,0,0
####mvys#####,tdhmmsv,ykomrbv,0.004089,mvyssby,0.000040,0,0
####hvgu#####,tvhhglv,kyhmklf,0.004483,hvguivk,0.000030,0,0
####kgvs#####,ksvsösv,kuvrögv,0.011077,kgvseih,0.003389,0,0
####odäl#####,kdvffld,kmäogld,0.019482,odälhnp,0.000322,0,0
####bpgt#####,bbbptpg,bnbätbb,0.009350,bpgtrse,0.000069,0,0
####jvjä#####,jävljjä,jävmsöä,0.091007,jvjähom,0.000184,0,0
####köip#####,köipögv,kuvrögv,0.010598,köiphrt,0.006959,0,0
####bpmi#####,bbpbrji,boibphi,0.005822,bpmihlh,0.000084,0,0
####ylhd#####,yluyndd,klkypov,0.003997,ylhdmdh,0.003781,0,0
####futf#####,fdtftrt,fdnföre,0.012744,futftms,0.009240,0,0
####dbjl#####,ddbböjl,ödobkpl,0.007166,dbjlhöo,0.000020,0,0
####hrfl#####,tdhfrlf,hlhkrle,0.012796,hrflvsg,0.000005,0,0
####agyb#####,agabyab,sthbblb,0.004675,agybväg,0.000257,0,0
####jkhf#####,hjhfffv,yvhffby,0.025609,jkhfhät,0.001734,0,0
####ämik#####,mäiämik,jäafpii,0.012458,ämikblk,0.000131,0,0
####lbjo#####,ndbföjo,rlhsöjt,0.008804,lbjogkg,0.000006,0,0
####jvtl#####,tävltlv,tavnetn,0.004844,jvtlsjo,0.001923,0,0
####khle#####,klhyklk,blgygyh,0.006182,khlemjv,0.000242,0,0
####pvgt#####,tvvptvg,tesptou,0.010613,pvgtämd,0.000027,0,0
####fpäv#####,fävffvä,trvpäbä,0.008968,fpävgau,0.000160,0,0
####mouö#####,mlmomöu,idufröu,0.008173,mouövrd,0.000099,0,0
####robe#####,reirrhv,lfviräu,0.002498,robehmy,0.000035,0,0
####tneu#####,teunteu,tesptou,0.008370,tneushj,0.000114,0,0
####meya#####,mdymrea,fdyurie,0.007079,meyatyä,0.000360,0,0
####jvdy#####,jdvyöyv,jjäyhsn,0.009661,jvdykoj,0.001221,0,0
####ygio#####,ysiorai,ygiojaf,0.043754,ygiojaf,0.043754,0,0
####ipip#####,isipröi,ininrös,0.048453,ipipajy,0.004919,0,0
####fvln#####,fdvfnlv,mlvfnma,0.009870,fvlnldn,0.000261,0,0
####nbtk#####,tbanntk,nbsnyäk,0.037142,nbtkfön,0.000503,0,0
####ksyk#####,ksyykyk,ksyketr,0.010929,ksyketr,0.010929,0,0
####kspn#####,ksppnep,efppnot,0.010599,kspneom,0.003989,0,0
####gske#####,ggisrsk,gvidrou,0.011812,gskefdr,0.000179,0,0
####rävr#####,tdvrrjv,ssrardr,0.003590,rävrssu,0.000197,0,0
####kgir#####,klifrik,rlirrtg,0.016804,kgirpdg,0.000237,0,0
####tyli#####,tlytlli,teöflsb,0.007789,tylibjb,0.000607,0,0
####rkdu#####,rdufrru,idufröu,0.141724,rkduhsv,0.000029,0,0
####ivsk#####,ivvförk,svvpöps,0.008888,ivskekv,0.000441,0,0
####fbum#####,bduffhu,idufröu,0.007933,fbummög,0.000057,0,0
####kdgy#####,kdyföyv,fdnföre,0.016586,kdgybjö,0.002137,0,0
####yrtp#####,tstprjp,yägpräa,0.010663,yrtpökb,0.000988,0,0
####vmjö#####,tdvööjö,gevfmju,0.032077,vmjökfb,0.000314,0,0
####otiv#####,toiorov,tkifeev,0.003594,otivdsb,0.000103,0,0
####odgp#####,odpppdp,bgpppdf,0.023457,odgpäoa,0.001030,0,0
####uegi#####,ueuerlv,uauyemr,0.005032,uegirfk,0.004993,0,0
####ihii#####,ilihpöi,ilaäify,0.012304,ihiiijj,0.005984,0,0
####gbis#####,gbisrli,bfisrms,0.011365,gbisinn,0.011328,0,0
####rovn#####,rdvfnnv,dnvfnib,0.004050,rovnrlä,0.001132,0,0
####mäpu#####,mäppräu,mulärög,0.004573,mäpunkj,0.000444,0,0
####jänb#####,jääänbb,jgpjnmb,0.014237,jänblsj,0.000650,0,0
####mhpf#####,mdhprfp,idufröu,0.002560,mhpfrlr,0.001694,0,0
####jadm#####,jdammau,fbummög,0.005564,jadmyut,0.000413,0,0
####ndvr#####,ydvrrjv,enmlrlv,0.003163,ndvrsmi,0.001507,0,0
####kugd#####,kdusödu,idufröu,0.034445,kugdhkf,0.000068,0,0
####mboi#####,boofmii,mrlmvii,0.017605,mboisär,0.000108,0,0
####mdna#####,mdanmda,ldanhea,0.012943,mdnamsr,0.002238,0,0
####nhyd#####,ydhnnlh,ydhneui,0.016920,nhydmdr,0.000037,0,0
####iiuf#####,idufrfu,idufröu,0.032715,iiuftki,0.009787,0,0
####kkgf#####,kdöfffk,ksöffis,0.146841,kkgfesi,0.001735,0,0
####bnäa#####,käabnäu,uärbnmn,0.017127,bnäaekf,0.000091,0,0
####räol#####,rdofrlv,räollgp,0.005358,räollgp,0.005358,0,0
####dias#####,ddasaas,dbroams,0.005953,diasfhj,0.000786,0,0
####lhou#####,llhföau,glifguu,0.009048,lhouppp,0.000025,0,0
####eäjn#####,yäjnnjv,jäebdjv,0.004499,eäjnorp,0.000381,0,0
####bfkj#####,bbbfnjj,hsbhfjn,0.010239,bfkjpjk,0.000661,0,0
####slgd#####,sdislld,skjfhld,0.041622,slgdehv,0.000220,0,0
####jsfy#####,jlhfrsy,jkhfhät,0.007056,jsfyafo,0.000954,0,0
####pvyh#####,pdvpphv,pkmppöä,0.013739,pvyhkhg,0.004872,0,0
####gffe#####,gguffev,yvhffby,0.007419,gffejyi,0.000671,0,0
####uäyv#####,tdhärdv,tdlyrto,0.004701,uäyväde,0.000044,0,0
####gluf#####,glhfllu,glifguu,0.013551,gluföop,0.008778,0,0
####vgtl#####,tävbtlv,täkitld,0.047779,vgtlili,0.000079,0,0
####uauy#####,udahrju,idufröu,0.076120,uauyemr,0.001185,0,0
####fvad#####,fdvfndd,gdafeav,0.009025,fvadlti,0.001398,0,0
####mevr#####,mevmrjv,mevrfjm,0.013784,mevrfjm,0.013784,0,0
####vfhr#####,vdhfrrv,odhfyöt,0.005716,vfhrkäe,0.001996,0,0
####gjän#####,gäifnää,gähhviä,0.010246,gjänksl,0.000214,0,0
####oert#####,toorrep,tkpsrep,0.029521,oertjeu,0.000234,0,0
####lätt#####,tälätlt,täkitld,0.059012,lättpip,0.000142,0,0
####udau#####,ddufudu,idufröu,0.068998,udauroh,0.000396,0,0
####ryym#####,yeumram,ykomrbv,0.015179,ryymödp,0.000045,0,0
####jtmi#####,tlimmli,tläurrf,0.012659,jtmiäim,0.000062,0,0
####erjv#####,ejbbrrv,lutfprv,0.004100,erjvypo,0.000040,0,0
####kyia#####,kliyryk,rlirrtg,0.010480,kyiatöe,0.001729,0,0
####äsnb#####,yäaänab,ysaovmb,0.040476,äsnbubb,0.000437,0,0
####äbne#####,bbbnnöv,hbmhnöy,0.008465,äbnedyo,0.000279,0,0
####rrmk#####,rdkrrlk,nvabrbk,0.006142,rrmkfgb,0.000395,0,0
####ftfd#####,tdfftdd,fdidtlö,0.007411,ftfdbnj,0.000450,0,0
####srsd#####,sdbsrld,skjfhld,0.003477,srsdohi,0.000027,0,0
####fjpn#####,fjpfnjp,fjrfpjp,0.010423,fjpntld,0.000323,0,0
####ogmr#####,oovfmor,höäfmrk,0.004465,ogmrsmj,0.000144,0,0
####yjlt#####,yltlfjl,yghlojm,0.012436,yjltfbu,0.001305,0,0
####gohl#####,gliorlv,hlhkrle,0.029117,gohljdd,0.001465,0,0
####äffs#####,ääfffsk,äräffay,0.010071,äffssjt,0.000790,0,0
####uäam#####,udumram,uäamsbr,0.033410,uäamsbr,0.033410,0,0
####ösäf#####,ösöföää,ösäfäöä,0.075355,ösäfäöä,0.075355,0,0
####bjdä#####,bdbböjä,ädgfleä,0.003510,bjdäbfu,0.000049,0,0
####sbmd#####,sdbsmld,sdbskeg,0.007088,sbmdjuy,0.000164,0,0
####oäem#####,oämmmlm,bägmebä,0.013922,oäemmöb,0.006407,0,0
####tdvb#####,tdvbtdb,ttyrtgv,0.009899,tdvbdps,0.005144,0,0
####mdäd#####,mdmmmäd,käofigd,0.004638,mdädioy,0.000111,0,0
####neät#####,täännää,mäunntp,0.017806,neätyos,0.000037,0,0
####bvdm#####,bdbmnjm,ydrmnju,0.005187,bvdmved,0.003429,0,0
####mfyg#####,mmyfmyg,mhsfmkn,0.010512,mfygvvl,0.001777,0,0
####lääk#####,käkfälä,gähnäll,0.013630,lääkduf,0.000072,0,0
####dtäd#####,tdäftdu,täkitld,0.011884,dtädrmb,0.000053,0,0
####dnjh#####,ddänöjh,jndngjy,0.010250,dnjhjun,0.000092,0,0
####egfj#####,egfffju,yvhffby,0.004987,egfjems,0.003176,0,0
####ieip#####,ieppröi,ieipjvy,0.011782,ieipjvy,0.011782,0,0
####alpg#####,alpaplg,llhaoäv,0.009705,alpgsmä,0.000280,0,0
####dbro#####,rdbbroo,pdbkvoy,0.009089,dbroams,0.000146,0,0
####yubm#####,ydubrjb,tyubnäm,0.010983,yubmhdp,0.000034,0,0
####äoft#####,tääffot,täkitld,0.004120,äoftsds,0.000008,0,0
####kven#####,kdvnnfv,kuvrögv,0.007790,kvenemi,0.000366,0,0
####jmte#####,tetteee,tefoeät,0.020329,jmtehäf,0.000051,0,0
####itäi#####,täiärau,tesptou,0.008934,itäisdr,0.000028,0,0
####yiyu#####,ydyyryp,mäyarpp,0.004329,yiyuooä,0.000198,0,0
####smhk#####,slhmmlh,ylhdmdh,0.010747,smhkeml,0.000350,0,0
####gonu#####,gouonuu,gevfmju,0.005971,gonueäy,0.000191,0,0
####jnff#####,jjhffff,ljavftö,0.004081,jnfftii,0.000402,0,0
####lälv#####,lälffav,gluföop,0.004385,lälvmjn,0.000502,0,0
####nohk#####,thionöh,phiorjh,0.042108,nohkkst,0.000010,0,0
####jueg#####,jeugegg,jeräeam,0.024298,juegijo,0.000661,0,0
####evja#####,tdvfejv,gdafeav,0.010007,evjaiyl,0.000034,0,0
####öupi#####,öuöpöip,öupiptg,0.003846,öupiptg,0.003846,0,0
####eotä#####,teoäräu,tesptou,0.009659,eotänab,0.000023,0,0
####skäh#####,klhsnhv,khspdyv,0.011094,skähbtt,0.000019,0,0
####jgsi#####,jlisnsi,kgidngi,0.006972,jgsinef,0.000658,0,0
####vjbs#####,vsvsrjv,vsösbbk,0.003675,vjbsltu,0.000463,0,0
####shsi#####,shihiiv,ihiiijj,0.005496,shsiugk,0.000231,0,0
####fäag#####,fäafglg,gdafeav,0.004818,fäagfys,0.003305,0,0
####bgjs#####,bsböfju,dsbjdju,0.010113,bgjsvee,0.000102,0,0
####gags#####,gsahrag,gdafeav,0.009709,gagsmvb,0.000187,0,0
####skeu#####,klufseu,ktudneu,0.025257,skeunbb,0.000014,0,0
####bägm#####,bäbmgam,bramkam,0.007539,bägmebä,0.002577,0,0
####bmhg#####,blbmmlg,ylhdmdh,0.003446,bmhgvkä,0.000351,0,0
####höbl#####,alhföll,rlhsöjt,0.004864,höbluät,0.000041,0,0
####idäu#####,idifröu,idufröu,0.038361,idäuoöp,0.000462,0,0
####lpjk#####,ljippjk,äjkldpk,0.004511,lpjkubr,0.000038,0,0
####mlvf#####,mdafmlv,mdfrfbv,0.018266,mlvfnma,0.001852,0,0
####gspa#####,gsppöga,gspasnt,0.027122,gspasnt,0.027122,0,0
####ugrj#####,ggufrjv,sgtsörv,0.004182,ugrjtjr,0.000454,0,0
####oppn#####,popnnpp,bgpppdf,0.004650,oppnpko,0.004615,0,0
####ohfk#####,ooofnhv,ötifndt,0.003387,ohfkubt,0.000146,0,0
####ijjk#####,jjbjijp,lkblijö,0.007896,ijjkäuy,0.000099,0,0
####fhph#####,fdpföhp,gluföop,0.005820,fhphjbv,0.000956,0,0
####hpyj#####,yhyhpjh,ysgpkji,0.004947,hpyjkmg,0.000251,0,0
####fpää#####,päpffää,pvppfls,0.008050,fpääyuo,0.000048,0,0
####smsd#####,sdismld,sdbskeg,0.009234,smsdääj,0.000062,0,0
####äddu#####,ädufdöu,idufröu,0.116065,äddukgv,0.000356,0,0
####mimö#####,mlömmii,elkmrlu,0.004729,mimötäi,0.000714,0,0
####hgbo#####,hnhäölb,jnhäpgu,0.002354,hgbovsg,0.000004,0,0
####ekug#####,kluföuu,ägueeau,0.005124,ekugnäs,0.000774,0,0
####jmsu#####,tlmfmuu,turumbu,0.010224,jmsudry,0.000041,0,0
####usks#####,ksuhrsv,ssrardr,0.009316,usksvöe,0.000213,0,0
####bbpa#####,bdbbpja,blppaju,0.005859,bbpaväa,0.003966,0,0
####pnng#####,pnpnnlg,pvppfls,0.018738,pnngvhe,0.000045,0,0
####iphk#####,ihpppek,iyvrpkä,0.003847,iphkgöl,0.000211,0,0
####fybg#####,ysafflg,riafihv,0.007429,fybgiym,0.000027,0,0
####uibv#####,udubrvv,fnufösb,0.005558,uibvdei,0.000012,0,0
####äpgh#####,äääpnhg,äuvpsvi,0.002818,äpghjlo,0.000448,0,0
####blmr#####,blbbrlv,hlhkrle,0.004006,blmrpof,0.000248,0,0
####vmfb#####,bdvfmbb,oäemmöb,0.002527,vmfbbry,0.000035,0,0
####hlig#####,tlihölv,hlhkrle,0.012469,hligbdt,0.004048,0,0
####läbv#####,ydlfnhb,rälkneb,0.004381,läbvipe,0.000064,0,0
####olmn#####,olofmlv,tldfnkd,0.003713,olmnevo,0.000061,0,0
####ophd#####,pdppödv,fhphjbv,0.033826,ophdufl,0.000003,0,0
####buer#####,bdbbrre,bobbgrp,0.006706,bueroji,0.000598,0,0
####ikgm#####,ieimrak,ykomrbv,0.002755,ikgmevr,0.000190,0,0
####sögy#####,sbyföyv,sgtsörv,0.024671,sögykdb,0.000071,0,0
####vtgs#####,tsvstag,tkpsrep,0.004239,vtgsukg,0.000105,0,0
####ohav#####,olvhnav,eotänab,0.005066,ohavnek,0.000831,0,0
####psle#####,pslppll,pvppfls,0.005655,psleuyv,0.000569,0,0
####jdpb#####,pdpjpbp,jgpjnmb,0.014148,jdpbnsr,0.004584,0,0
####fbif#####,fdiffii,fbifyol,0.043889,fbifyol,0.043889,0,0
####bfpt#####,bbpffhp,bnbätbb,0.003966,bfptslr,0.000358,0,0
####nnri#####,nlinrim,ininrös,0.003305,nnritjd,0.000187,0,0
####hlhk#####,hlihklk,sjihrhh,0.022296,hlhkrle,0.002197,0,0
####nlby#####,nlynnlb,sbhnnlb,0.055002,nlbyöee,0.000396,0,0
####hfmn#####,tnhfnlv,sbhnnlb,0.026681,hfmndjh,0.000044,0,0
####fthe#####,tehfteh,yvhffby,0.020638,ftheulg,0.000310,0,0
####trbe#####,terrrjv,ttyrtgv,0.040206,trbergn,0.001257,0,0
####gähn#####,gäannhv,mäunntp,0.008540,gähnäll,0.008248,0,0
####nlbö#####,nlöföjb,rlhsöjt,0.005794,nlbööoo,0.001348,0,0
####vugd#####,vduhrgd,idufröu,0.010052,vugdäip,0.000002,0,0
####fibf#####,fdiffib,sgifrub,0.009943,fibfaud,0.000224,0,0
####ueta#####,tduaetu,ägueeau,0.009621,uetanee,0.000120,0,0
####dbue#####,yduföeu,gebgmru,0.005672,dbuesle,0.001105,0,0
####geiu#####,geifruu,gvidrou,0.042036,geiugäs,0.004261,0,0
####dokj#####,ädkföjk,sdkfhjb,0.060655,dokjprn,0.000158,0,0
####hdäj#####,ddhhhjä,ghppbnä,0.004962,hdäjnip,0.000278,0,0
####rbuf#####,rdrfrhf,yvhffby,0.007580,rbufkgj,0.000198,0,0
####ikjn#####,kninrjö,kjekrjp,0.005316,ikjnkef,0.000105,0,0
####äelt#####,telätll,täkitld,0.029508,äelteea,0.000647,0,0
####bjee#####,bbbbeje,äjljfje,0.004045,bjeeään,0.000063,0,0
####yujr#####,yuumrrr,ybhnyrp,0.004477,yujrrfd,0.002648,0,0
####pebo#####,pepbpob,nepmpär,0.007451,peboisä,0.003232,0,0
####naap#####,ksapnak,dutipak,0.003848,naapäou,0.000598,0,0
####ghpp#####,ggppnhp,ajäpnpv,0.004373,ghppbnä,0.001186,0,0
####bvrä#####,bävbrjä,bänädjä,0.018618,bvräeob,0.000038,0,0
####hmyg#####,ylyhmlm,ylhdmdh,0.015376,hmygpnf,0.000144,0,0
####ruot#####,rlooötu,tiohöyö,0.003223,ruotbnd,0.000651,0,0
####fgvf#####,fdvfffv,mdfrfbv,0.027086,fgvfvno,0.002184,0,0
####manp#####,msppmya,jäspmdt,0.002304,manpdov,0.000172,0,0
####hesj#####,odhhejv,khlemjv,0.004126,hesjnek,0.000056,0,0
####pded#####,pdppped,peyöfnd,0.005698,pdeditj,0.002244,0,0
####tesp#####,tepppep,tesptou,0.009963,tesptou,0.009963,0,0
####bmrb#####,bdbbrjm,orbamjm,0.012312,bmrbvmi,0.000467,0,0
####nbme#####,bembnem,öbejnbm,0.007146,nbmeyde,0.000903,0,0
####ntäb#####,tääbnab,tyubnäm,0.003508,ntäbeeu,0.000392,0,0
####yuhj#####,yuuhnju,ydrmnju,0.016403,yuhjonl,0.000562,0,0
####fjmä#####,fäyfmäu,gevfmju,0.029359,fjmälär,0.000056,0,0
####hölk#####,köhhölk,ämikblk,0.008646,hölkssf,0.000133,0,0
####huhp#####,huihpuh,huhpkmp,0.029500,huhpkmp,0.029500,0,0
####nggh#####,glannah,aganyoh,0.020768,ngghähm,0.000145,0,0
####oäht#####,thhäfht,ohfkubt,0.002955,oähtfmd,0.000507,0,0
####lnbp#####,lbypölp,sbhnnlb,0.026653,lnbpgnt,0.000093,0,0
####mbto#####,tehmmhm,bdivmhä,0.006081,mbtokgt,0.000244,0,0
####mgud#####,mdumrgu,idufröu,0.024442,mgudypk,0.000034,0,0
####tjöä#####,töttfjä,tötsomä,0.013343,tjöäädy,0.000213,0,0
####glse#####,glilrle,glifguu,0.007434,glsebby,0.001759,0,0
####vjyp#####,vovpryp,idmpgyv,0.026898,vjypjph,0.000132,0,0
####lövm#####,klvföav,lövmlak,0.021300,lövmlak,0.021300,0,0
####yiyo#####,ydyyryp,mäyarpp,0.010260,yiyovfr,0.001359,0,0
####fdgy#####,ddyfgdp,ryymödp,0.005217,fdgyjef,0.000931,0,0
####ökup#####,önpöögu,ööpjumu,0.011051,ökupgyn,0.000385,0,0
####egkg#####,ebbfehg,ebyuknk,0.005261,egkgppm,0.000192,0,0
####efhr#####,eehfrrv,lutfprv,0.027929,efhrekb,0.000017,0,0
####ttpe#####,tepptgv,tesptou,0.022581,ttpeäkf,0.000282,0,0
####rpyt#####,teyprrk,ykyhtpt,0.009379,rpytapö,0.000092,0,0
####ekgh#####,elbööhh,ellifhh,0.048433,ekghiey,0.000241,0,0
####moje#####,memmrjv,gevfmju,0.008715,mojekhh,0.000025,0,0
####msjh#####,msmmrjh,phiorjh,0.007360,msjhety,0.000180,0,0
####brdk#####,bdbbrlk,udauroh,0.006336,brdkjrr,0.000016,0,0
####nfäe#####,neäffää,nepmpär,0.005332,nfäepma,0.000143,0,0
####jerä#####,jevärju,jeräeam,0.002647,jeräeam,0.002647,0,0
####jkgg#####,jjiffgg,jdipmsg,0.003637,jkggfhu,0.000183,0,0
####foen#####,feofnee,hesjnek,0.013305,foenhmh,0.000040,0,0
####fojp#####,fofpfjp,tmfpfyp,0.015882,fojpmmo,0.000326,0,0
####eoöl#####,kebffll,gnbföbn,0.010406,eoöltar,0.000012,0,0
####otvv#####,tovftrv,ttyrtgv,0.005055,otvvivi,0.000572,0,0
####aeno#####,aeooneg,jeootft,0.008067,aenofur,0.003098,0,0
####mebd#####,mdmmmdb,mdnamsr,0.003319,mebddem,0.000901,0,0
####ähff#####,ädhffff,yvhffby,0.020089,ähffhbm,0.000763,0,0
####jäaf#####,jjfäfak,jeräeam,0.005579,jäafpii,0.000304,0,0
####dlmd#####,dlmfmld,skjfhld,0.025282,dlmdhgr,0.000071,0,0
####brot#####,tdobtju,tdsbäom,0.005252,brotsyp,0.000301,0,0
####ökra#####,klöörav,nlbööoo,0.008609,ökraphh,0.000057,0,0
####opkä#####,ookpnää,fomäibp,0.007127,opkäfjä,0.003032,0,0
####aövt#####,tövaööv,töftfls,0.005028,aövttub,0.000760,0,0
####ovnj#####,oovnnjv,rovnrlä,0.003010,ovnjpbb,0.000090,0,0
####iupe#####,ieppröe,jepeörs,0.004127,iupemnj,0.000100,0,0
####ddjm#####,ddummjm,ydrmnju,0.016780,ddjmoth,0.013032,0,0
####jfoa#####,jäuffau,jäufjnh,0.007297,jfoalsu,0.000082,0,0
####äöeu#####,äeöfööu,äeöfiyu,0.064806,äöeuabe,0.000247,0,0
####svvp#####,sdvppvv,äuvpsvi,0.006875,svvpöps,0.000463,0,0
####vgbe#####,bevbehv,bhvpjiv,0.007586,vgbeeoh,0.000194,0,0
####asmö#####,asfaösö,bhäpösä,0.005055,asmöälo,0.000236,0,0
####kieg#####,kbifrie,kugfrie,0.009459,kiegfhu,0.000091,0,0
####mmoe#####,meommov,myoommh,0.003532,mmoenfd,0.000808,0,0
####tldf#####,tötltlf,töftfls,0.029948,tldfnkd,0.000046,0,0
####jätr#####,tääärru,tläurrf,0.038398,jätreud,0.000070,0,0
####fnuf#####,fdufflu,idufröu,0.003962,fnufösb,0.001548,0,0
####päpb#####,pbbpppm,pkmppöä,0.007568,päpbfko,0.000116,0,0
####drkl#####,ddbfrld,nryfslä,0.010250,drklojb,0.000120,0,0
####jtir#####,tlirrju,tläurrf,0.003024,jtiribs,0.000520,0,0
####gpdm#####,gdipppm,sdtpsym,0.006353,gpdmdkj,0.000243,0,0
####ukpk#####,pdppnök,efppnot,0.005467,ukpkgre,0.000230,0,0
####dtyu#####,tduftuu,idufröu,0.072312,dtyupdf,0.000018,0,0
####ygju#####,yjusgju,ägueeau,0.016787,ygjueyy,0.000129,0,0
####fkki#####,klifnip,ötifndt,0.009981,fkkitpr,0.000062,0,0
####hhtö#####,tlihööv,tkifeev,0.012643,hhtögny,0.000393,0,0
####bsbi#####,bdibrlb,bdigsig,0.008294,bsbidks,0.000340,0,0
####gofj#####,goifrjk,sgifrub,0.006001,gofjbgn,0.000441,0,0
####jvsa#####,jlväraa,jävmsöä,0.016656,jvsakpf,0.000387,0,0
####oääo#####,oäooräu,bägmebä,0.006578,oääogna,0.001013,0,0
####dykd#####,ydkfydk,jtsfuvk,0.003545,dykdäjj,0.000034,0,0
####övnl#####,fövföll,gähnäll,0.005658,övnlrro,0.000070,0,0
####ygäg#####,yäyfgäu,ägueeau,0.007840,ygägpom,0.000300,0,0
####ygnj#####,ygunnju,ydrmnju,0.036854,ygnjrtr,0.000362,0,0
####ieal#####,ieaäill,ueytivl,0.005472,iealräj,0.004928,0,0
####irkh#####,ieryrhk,ienovnk,0.006898,irkhpsl,0.000259,0,0
####uöba#####,tduaöju,gluföop,0.005890,uöbadfe,0.000027,0,0
####tfpm#####,täppphm,kipmmpg,0.003249,tfpmkph,0.001947,0,0
####rvuä#####,täväräu,lfviräu,0.005097,rvuäkäm,0.000145,0,0
####jivb#####,jdvföbb,dnvfnib,0.011588,jivbgrp,0.000488,0,0
####pnmt#####,tnpntlm,fjpntld,0.008305,pnmtpur,0.000021,0,0
####ihbö#####,ilhyhöb,jbrrhöb,0.004260,ihbövei,0.000002,0,0
####myfe#####,mehfmfv,gevfmju,0.006405,myfedmy,0.000014,0,0
####smnk#####,tsrnmlk,höäfmrk,0.006094,smnkaui,0.000008,0,0
####obiä#####,oniäriu,foiieäö,0.004295,obiäfli,0.001278,0,0
####ukyo#####,kdufrav,idufröu,0.011554,ukyonjm,0.000053,0,0
####fhhm#####,fdhfnlh,kyhmklf,0.009839,fhhmlve,0.001728,0,0
####fgku#####,gkufösu,gevfmju,0.007505,fgkuoäd,0.000112,0,0
####hupk#####,hdphpuh,hdläpiu,0.009172,hupklnm,0.000221,0,0
####neäu#####,neufneu,hesjnek,0.006549,neäukev,0.000576,0,0
####elds#####,kdksölu,elkmrlu,0.016076,eldssär,0.000233,0,0
####psdd#####,pdpppld,päpyiul,0.004758,psddghe,0.000188,0,0
####oehl#####,tlhhflv,llhaoäv,0.015015,oehlpjo,0.000476,0,0
####bgpp#####,bbbpphp,bgpppdf,0.009958,bgpppdf,0.009958,0,0
####gubl#####,glufölv,gluföop,0.091672,gublbnr,0.000123,0,0
####ägie#####,äeifiei,jäafpii,0.010724,ägieidä,0.000084,0,0
####dhkd#####,ddkfödk,nppfkdk,0.006655,dhkdrdk,0.003301,0,0
####egnj#####,egbnnju,fglbnjj,0.014539,egnjesd,0.001125,0,0
####rmgv#####,gdvfrgv,gfrjbpv,0.006878,rmgvksf,0.000140,0,0
####hspl#####,ksppplv,fhphjbv,0.007754,hsplhfä,0.000070,0,0
####vkuj#####,väuärjv,vmuörkl,0.002772,vkujnät,0.000212,0,0
####isdi#####,idisröd,ininrös,0.009351,isdiliv,0.001126,0,0
####tjoy#####,tohorjv,phiorjh,0.004222,tjoygae,0.000326,0,0
####vmyy#####,vdyfmyv,idmpgyv,0.019213,vmyyvdj,0.000505,0,0
####lpgk#####,klgnpak,dutipak,0.009141,lpgkbpe,0.000043,0,0
####foäy#####,foyfräu,suyhräp,0.005223,foäyeek,0.000074,0,0
####npyk#####,neynnek,nbsnyäk,0.009732,npykyub,0.000405,0,0
####otjy#####,toyorjv,tfärilv,0.003913,otjyylj,0.000047,0,0
####oyht#####,thhythu,thdutie,0.009947,oyhträl,0.000048,0,0
####yfäf#####,ydyffää,yvhffby,0.005953,yfäfkuu,0.001027,0,0
####kämf#####,kdkffok,käofigd,0.012940,kämfygi,0.008615,0,0
####miöp#####,mlöpmip,llppyfp,0.002172,miöpfug,0.000235,0,0
####högn#####,tlhnöav,kuvrögv,0.011621,högnhfm,0.000121,0,0
####okbf#####,oobffob,borfykp,0.005802,okbfkdg,0.002058,0,0
####ideg#####,idifieg,seiräen,0.004413,idegmig,0.000233,0,0
####imub#####,ieumrab,ghunmpm,0.001909,imubovm,0.000170,0,0
####enml#####,kemfnlv,gevfmju,0.010682,enmlrlv,0.000192,0,0
####tibm#####,tbimrlb,oäemmöb,0.006552,tibmutu,0.001240,0,0
####frre#####,ferffre,frefeie,0.010991,frresjp,0.000119,0,0
####mohi#####,mliomii,söhorbb,0.004033,mohiugä,0.000202,0,0
####ktät#####,täytftä,tänörvh,0.004971,ktätyny,0.000360,0,0
####jeoo#####,jeeäroe,uegirfk,0.004953,jeootft,0.002283,0,0
####räyj#####,yärärjv,ydrmnju,0.025010,räyjtkä,0.000074,0,0
####lnom#####,llofmlm,rljnmhk,0.003019,lnomsäu,0.000608,0,0
####kpnu#####,ksppnöu,ktudneu,0.013863,kpnutrk,0.000289,0,0
####gktl#####,tgtftak,ghtgttö,0.005444,gktldäb,0.001826,0,0
####jndn#####,njinmdd,tjöäädy,0.004345,jndngjy,0.000844,0,0
####yyfä#####,yäyfräu,yvhffby,0.010721,yyfärnj,0.000378,0,0
####meäm#####,memmrem,seiräen,0.002969,meämvml,0.000314,0,0
####mriu#####,mlrfmui,mimötäi,0.003479,mriunam,0.000061,0,0
####nsyu#####,ylunneu,ybisiku,0.011022,nsyusen,0.000065,0,0
####phio#####,phpoöei,ppomjvi,0.018353,phiorjh,0.000651,0,0
####igpi#####,ilpprip,bgpppdf,0.006326,igpiyöe,0.000145,0,0
####pbjs#####,psbspjs,pvppfls,0.015971,pbjsyhb,0.000289,0,0
####fätk#####,tääfflk,äräffay,0.004124,fätktdt,0.000234,0,0
####dfvö#####,ödvföjö,gevfmju,0.015619,dfvövgv,0.000850,0,0
####jäuf#####,jdhffaf,glifguu,0.007824,jäufjnh,0.000123,0,0
####myfp#####,mlypmfp,jmypmfe,0.003828,myfptev,0.000069,0,0
####simr#####,ssismlv,bfisrms,0.002626,simrbrr,0.000008,0,0
####äväa#####,ädaaäaa,äväamlj,0.011241,äväamlj,0.011241,0,0
####vrle#####,vlvlrle,hlhkrle,0.013213,vrletdn,0.000218,0,0
####kgyä#####,täyföää,uäyväde,0.005228,kgyähyp,0.000738,0,0
####bmji#####,bdbmmji,bsfmvjd,0.002845,bmjisys,0.000049,0,0
####rnds#####,rdrsrds,bfisrms,0.012594,rndsenä,0.001263,0,0
####nyäk#####,neyfnyk,teyoäek,0.006894,nyäknöb,0.000782,0,0
####kryj#####,krryrjp,kjekrjp,0.020310,kryjyjö,0.002044,0,0
####aöfa#####,adöafav,khutffv,0.013583,aöfavsä,0.001055,0,0
####egve#####,egvfeev,riafihv,0.005396,egveund,0.002302,0,0
####ifto#####,ftifrto,faäfsto,0.020544,iftohgp,0.000047,0,0
####riyh#####,reryrhh,sjihrhh,0.010826,riyhghy,0.000503,0,0
####dksy#####,kdkföyv,sdkfhjb,0.003484,dksyvne,0.000281,0,0
####yödg#####,ydufödd,ryymödp,0.020315,yödgirl,0.000101,0,0
####gkmf#####,göhfmrh,gevfmju,0.019457,gkmfäok,0.002427,0,0
####boeh#####,bobbreh,bobbgrp,0.008895,boehysg,0.000366,0,0
####rnka#####,rdannak,nvabrbk,0.015756,rnkakks,0.000216,0,0
####gnbf#####,gbifnfb,sbhnnlb,0.046344,gnbföbn,0.000842,0,0
####äjgy#####,äähägjp,bänädjä,0.011959,äjgyrhr,0.000270,0,0
####uprn#####,udpprjv,efppnot,0.006875,uprnmot,0.000015,0,0
####mehs#####,mlmmmlv,elkmrlu,0.004256,mehsjäo,0.000011,0,0
####ismo#####,isymrao,eshmmks,0.004168,ismogel,0.000745,0,0
####mphy#####,mhypyyh,mkvptsh,0.009921,mphyrnd,0.000551,0,0
####bvpo#####,bdvnöjp,dvbnpsp,0.018030,bvpomvi,0.000040,0,0
####kääv#####,käääfvä,kyläähv,0.007905,käävkro,0.001988,0,0
####mlbt#####,tlrrmlb,tfrimsu,0.002155,mlbtbdu,0.000288,0,0
####gvsy#####,gväyörv,eahyösj,0.004084,gvsynsr,0.003013,0,0
####oyir#####,yoioriv,phiorjh,0.005762,oyirdäo,0.000067,0,0
####äakk#####,ääafnak,jäafpii,0.008143,äakkkse,0.000073,0,0
####vjbs#####,vsvsrjv,vsösbbk,0.003675,vjbsmun,0.000566,0,0
####rasb#####,rdabrab,gdafeav,0.009031,rasbjed,0.000337,0,0
####tkif#####,tliffik,tkifeev,0.007642,tkifeev,0.007642,0,0
####eiib#####,yeebrib,annhrib,0.008733,eiibglf,0.000203,0,0
####jjrj#####,jjrärjk,jäufjnh,0.003074,jjrjgäy,0.000283,0,0
####vfmj#####,vdvfrjv,gevfmju,0.009155,vfmjsho,0.000202,0,0
####mäya#####,kdääyya,ldanhea,0.003773,mäyarpp,0.000156,0,0
####nkri#####,klinrek,eliengk,0.036700,nkriemp,0.000025,0,0
####umöä#####,mdömrää,pdkummu,0.008626,umöäsma,0.000135,0,0
####lttd#####,tlbftld,tlgyljk,0.014188,lttddkm,0.000061,0,0
####dsal#####,ddaapll,dsalylb,0.019216,dsalylb,0.019216,0,0
####tväo#####,tävätaä,yämoteä,0.018987,tväodhg,0.000243,0,0
####oovä#####,ooväräu,ooväyid,0.026115,ooväyid,0.026115,0,0
####inuö#####,inufröu,idufröu,0.192939,inuöuss,0.004877,0,0
####yjgv#####,yjvsnjv,stvsnjp,0.009883,yjgvesn,0.000336,0,0
####rdpe#####,rdpprdv,rdpedpe,0.014257,rdpedpe,0.014257,0,0
####ddär#####,ddufrrr,dokjprn,0.004811,ddäräid,0.004043,0,0
####mrlm#####,mlmmmjm,blmrpof,0.003356,mrlmvii,0.001310,0,0
####bodg#####,bdbbödd,boibphi,0.017886,bodgrde,0.002762,0,0
####odbm#####,odbbmjm,orbamjm,0.018788,odbmehb,0.002722,0,0
####rvos#####,rdvorsv,psvjkyv,0.002511,rvosglä,0.000012,0,0
####bgjg#####,ggbögjg,hgbovsg,0.006692,bgjgphä,0.000151,0,0
####losd#####,lloföld,gluföop,0.018370,losdipb,0.000081,0,0
####pgöa#####,plvpöav,pvppfls,0.011186,pgöasmo,0.000333,0,0
####dblf#####,ddaflll,gdafeav,0.024160,dblfsyg,0.001843,0,0
####ärph#####,äärprhh,ädpsöpk,0.003766,ärphmma,0.000594,0,0
####ijry#####,ijynrjv,ukyonjm,0.008313,ijryoäm,0.000052,0,0
####öäby#####,tööföyv,fdnföre,0.008136,öäbyeff,0.000010,0,0
####lojä#####,nlylfjä,blppaju,0.009999,lojäifb,0.000160,0,0
####jrff#####,jjrfrgf,jvkaref,0.004518,jrffipm,0.001043,0,0
####vyuy#####,vdvfryu,idufröu,0.030971,vyuyupa,0.000500,0,0
####mfma#####,mdafmja,mdnamsr,0.011442,mfmairt,0.000348,0,0
####gort#####,gotorok,gortfpä,0.011773,gortfpä,0.011773,0,0
####teyo#####,teyytao,tesptou,0.008585,teyoäek,0.002622,0,0
####tosu#####,tlootau,ykomrbv,0.004497,tosusbl,0.000087,0,0
####jhhl#####,ajhhnlh,sjihrhh,0.084037,jhhlild,0.001850,0,0
####mije#####,memmmji,gevfmju,0.012197,mijegny,0.000055,0,0
####käof#####,kdoffok,ksöffis,0.008627,käofigd,0.002202,0,0
####dtip#####,tdipögi,ydhneui,0.008794,dtipnhn,0.000361,0,0
####rkpk#####,knpprkk,tkpsrep,0.003538,rkpkbuä,0.000041,0,0
####avvr#####,sdarrrv,fddgirv,0.017264,avvrvyö,0.000278,0,0
####oten#####,toontnv,ttyrtgv,0.007677,otentbp,0.003784,0,0
####jmke#####,kemfmek,felymyg,0.004837,jmkemfk,0.000205,0,0
####rvtb#####,tdrbrdb,tdvbdps,0.020329,rvtbfgb,0.000312,0,0
####ftäp#####,täyffää,tmfpfyp,0.004854,ftäpflm,0.001091,0,0
####eshm#####,eskmeyv,ehbmryd,0.006644,eshmmks,0.001579,0,0
####ökäf#####,öäöföäv,öäefmla,0.007880,ökäfänd,0.002016,0,0
####moeg#####,mlmmmgg,elkmrlu,0.004805,moegvun,0.000045,0,0
####jfjk#####,jjkffjk,jäufjnh,0.009126,jfjkatv,0.000346,0,0
####ijmb#####,ibmmrjb,oäemmöb,0.004003,ijmbhjv,0.001142,0,0
####usds#####,kdusrou,idufröu,0.033924,usdstty,0.001105,0,0
####lrif#####,llifrlu,eliengk,0.003728,lrifäjo,0.000831,0,0
####ukey#####,kdufrav,klugkfv,0.014016,ukeyöju,0.000011,0,0
####hfär#####,tdhfrrä,jkhfhät,0.004462,hfärjio,0.000036,0,0
####kdii#####,kdifnii,kgidngi,0.013739,kdiilyt,0.006818,0,0
####nnui#####,nnimrlu,elkmrlu,0.004371,nnuigve,0.000125,0,0
####mmnr#####,mehmmrm,höäfmrk,0.003420,mmnrnbg,0.000626,0,0
####lbra#####,klbföja,rlhsöjt,0.011533,lbratmä,0.000030,0,0
####jgät#####,tähfgää,jäufjnh,0.009507,jgätöbt,0.000128,0,0
####tiäl#####,täiärlä,apimylä,0.015449,tiälvöö,0.000036,0,0
####yerd#####,yduyrdv,tdlyrto,0.011751,yerdfey,0.001592,0,0
####tjit#####,tjihrit,biiptft,0.003671,tjitvbö,0.000319,0,0
####fipi#####,fdpfrip,mhpfrlr,0.005648,fipigmy,0.000409,0,0
####mgud#####,mdumrgu,idufröu,0.024442,mgudnfb,0.000125,0,0
####ydut#####,tdusödy,ydutdrs,0.011353,ydutdrs,0.011353,0,0
####lvök#####,ödvfövl,fdnföre,0.008911,lvökgrk,0.000035,0,0
####kdpg#####,kdppögp,ädpsöpk,0.016289,kdpgsve,0.007106,0,0
####jmpt#####,tlppmgv,llppyfp,0.003940,jmpteäi,0.000120,0,0
####npör#####,neöprör,nyäknöb,0.013126,npörrgh,0.009317,0,0
####ddev#####,ddvfeev,gdafeav,0.009424,ddevsfl,0.001990,0,0
####kylä#####,klyyflä,nryfslä,0.009954,kyläähv,0.000138,0,0
####dvbn#####,ddbnnvv,ydhneui,0.006099,dvbnpsp,0.002377,0,0
####vdva#####,vdvnndv,gdafeav,0.017271,vdvaoäd,0.015123,0,0
####gdks#####,gdifrdk,sgifrub,0.007671,gdkseäl,0.000523,0,0
####äkua#####,kduaköu,idufröu,0.003589,äkuagnm,0.000701,0,0
####uksn#####,tlufnau,idufröu,0.063115,uksnouä,0.000015,0,0
####bfng#####,bbbfngg,bvonfig,0.019831,bfngesr,0.000050,0,0
####tyub#####,tyubtab,yyfärnj,0.018738,tyubnäm,0.016325,0,0
####saon#####,sabsnau,sapsned,0.048341,saontpf,0.002451,0,0
####jrnj#####,jjrärjv,ydrmnju,0.005125,jrnjhns,0.000146,0,0
####vump#####,mdvprmv,bhvpjiv,0.004968,vumpmos,0.000546,0,0
####göfj#####,gguföjv,gevfmju,0.010304,göfjjiä,0.000094,0,0
####äudr#####,ädäfrrj,tläurrf,0.006397,äudrhte,0.000255,0,0
####ofpi#####,oopfrip,ruefnip,0.020159,ofpifdl,0.000044,0,0
####kaal#####,kaaaplk,kmublln,0.007326,kaaläöt,0.002577,0,0
####otum#####,toumrau,ykomrbv,0.003591,otumsäu,0.000771,0,0
####ggäb#####,gbifgäb,gäärjne,0.004651,ggäbäku,0.000394,0,0
####sely#####,kslfllv,psleuyv,0.003009,selyyäp,0.000079,0,0
####rlsp#####,rlpprlv,elkmrlu,0.006257,rlspgpp,0.000977,0,0
####ujij#####,auuhrjv,phiorjh,0.012290,ujijeff,0.000154,0,0
####apim#####,asimisi,fuapiso,0.021798,apimylä,0.000340,0,0
####äust#####,ääuäöus,tujäöij,0.005204,äustsos,0.000109,0,0
####idmp#####,idiprdi,ieipjvy,0.011490,idmpgyv,0.000629,0,0
####hyjv#####,hjhmhjv,ijmbhjv,0.007254,hyjvvdg,0.000105,0,0
####lehg#####,llhnnav,llhaoäv,0.008993,lehgvhi,0.003588,0,0
####ädud#####,ädufulu,idufröu,0.023552,ädudibf,0.002373,0,0
####pvdh#####,pdvppdh,bgpppdf,0.014199,pvdhdng,0.000083,0,0
####nhne#####,nehnnhh,sbhnnlb,0.005644,nhneatm,0.000346,0,0
####nots#####,toysnos,nhtstju,0.011316,notslam,0.001278,0,0
####laym#####,alafpam,bramkam,0.051643,laymumö,0.000206,0,0
####jmev#####,jeefmev,keuftuv,0.015820,jmevmir,0.000199,0,0
####idek#####,idifrek,ieipjvy,0.005689,idekpnp,0.000273,0,0
####yrjo#####,yjoorju,ygiojaf,0.010376,yrjosuö,0.001936,0,0
####vfjb#####,vdvfpjb,sdkfhjb,0.012285,vfjbrdk,0.000110,0,0
####grjä#####,gjhärju,gevfmju,0.013405,grjämmi,0.000070,0,0
####hknb#####,bnhnölb,sbhnnlb,0.012920,hknbböä,0.000058,0,0
####hfnl#####,anhfflp,tnhgohs,0.008180,hfnlmät,0.000009,0,0
####fpäo#####,fopffää,ädgfleä,0.005719,fpäoffi,0.000113,0,0
####fiij#####,flifrju,idufröu,0.006252,fiijksä,0.000365,0,0
####iöyg#####,iöifiyv,äeöfiyu,0.006617,iöygpfg,0.000111,0,0
####shit#####,tsihilt,gbisinn,0.008214,shitokk,0.000309,0,0
####äflä#####,äälfflä,dähbftä,0.008978,äflänäi,0.000429,0,0
####ktsö#####,tltsööv,nbtkfön,0.004751,ktsöspp,0.000058,0,0
####bnbä#####,bäbnnlä,sbhnnlb,0.010132,bnbätbb,0.004333,0,0
####ivdi#####,idifprv,udirpva,0.003528,ivdidmv,0.000197,0,0
####inin#####,inifrii,ininrös,0.169801,ininrös,0.169801,0,0
####eibd#####,ydibrdb,nendrbd,0.003012,eibdrun,0.000106,0,0
####rybm#####,ydubrhv,ykomrbv,0.008284,rybmeyk,0.000012,0,0
####dlpt#####,tdplölt,fjpntld,0.004557,dlptvjy,0.000925,0,0
####äfsy#####,äähfsyo,rshfsfo,0.009307,äfsyyes,0.000009,0,0
####krfd#####,kdrfrok,idufröu,0.014174,krfdäeb,0.000027,0,0
####rlkä#####,rlklrlu,elkmrlu,0.111427,rlkäyrg,0.001377,0,0
####ttyr#####,tyttrrr,trhtttg,0.005494,ttyrtgv,0.001229,0,0
####lmej#####,klefmjm,gevfmju,0.015212,lmejhgd,0.000023,0,0
####noov#####,olvonov,olöojör,0.014474,noovtsh,0.000009,0,0
####rpui#####,perärui,uemäohu,0.002081,rpuiyra,0.000012,0,0
####pokh#####,pkpänhh,ukyonjm,0.003474,pokhäli,0.000069,0,0
####teäo#####,teottau,tesptou,0.058797,teäohöy,0.001533,0,0
####tdeh#####,tdhhtdh,punfthh,0.010676,tdeheia,0.000647,0,0
####fplu#####,flpfnlu,mhpfrlr,0.006830,fpluami,0.000125,0,0
####stnö#####,tltstön,släntöd,0.046470,stnöfjd,0.000005,0,0
####blkl#####,blbbflk,rljnmhk,0.005162,blklhvr,0.000394,0,0
####ugpp#####,ulppnpp,tkpsrep,0.005623,ugppufn,0.001041,0,0
####dyes#####,ydbsess,ydutdrs,0.006463,dyeskrb,0.000087,0,0
####vhvi#####,vdvhrov,ndvrsmi,0.003860,vhvihbr,0.001014,0,0
####fkfu#####,fdufnou,idufröu,0.015798,fkfudbv,0.000108,0,0
####lnli#####,llifnll,tldfnkd,0.007091,lnlihky,0.000097,0,0
####frlä#####,flyfrlu,elkmrlu,0.005618,frläevu,0.000102,0,0
####tioh#####,tnhäroh,trhtttg,0.014878,tiohöyö,0.000319,0,0
####ähie#####,äeiföei,ähieseh,0.004573,ähieseh,0.004573,0,0
####imoe#####,iemomoe,elkmrlu,0.003182,imoevjf,0.000029,0,0
####ieno#####,ieinreo,iealräj,0.004786,ienovnk,0.001946,0,0
####jvob#####,jdvfpbb,plvjikb,0.013742,jvobövl,0.000103,0,0
####otäm#####,täomrau,yämoteä,0.007340,otämsnj,0.000042,0,0
####eobv#####,yevfeov,gdafeav,0.012998,eobvdpä,0.000079,0,0
####jddj#####,ddifjjd,ddevsfl,0.003126,jddjtio,0.001647,0,0
####ghun#####,glunnhu,gluföop,0.023893,ghunmpm,0.003573,0,0
####ivtm#####,tdimrym,tvvmplk,0.008843,ivtmurr,0.000158,0,0
####kojm#####,klkmmjk,kjekrjp,0.018961,kojmopd,0.000247,0,0
####olöo#####,ölofölu,vroullb,0.011641,olöojör,0.000507,0,0
####ojdb#####,odoböjb,sdkfhjb,0.005888,ojdbjne,0.000498,0,0
####trdi#####,tdrrtii,ndmkrio,0.010718,trdikrö,0.000210,0,0
####frsv#####,fdvffrv,fdnföre,0.041683,frsvdnf,0.000117,0,0
####isrä#####,ieirrää,ieipjvy,0.016412,isräyöj,0.000892,0,0
####däuk#####,ddufuhu,idufröu,0.034211,däukabj,0.000762,0,0
####äeys#####,yeyäyek,yerdfey,0.008423,äeysaän,0.001027,0,0
####yiji#####,yjisrji,ybisiku,0.014203,yijibiö,0.000295,0,0
####kuvr#####,kdurrrv,fddgirv,0.008276,kuvrögv,0.001567,0,0
####khbb#####,kdhfnob,sbhnnlb,0.002864,khbbono,0.000581,0,0
####ftsg#####,fstftlu,futftms,0.005993,ftsgvky,0.000099,0,0
####tjps#####,tspptjv,tesptou,0.006000,tjpsjbt,0.000784,0,0
####mmru#####,msumröu,eshmmks,0.003321,mmruvöp,0.000049,0,0
####ysao#####,ysymrao,äsöoryj,0.016149,ysaovmb,0.003293,0,0
####yönp#####,yöynnyp,ybhnyrp,0.042541,yönpyrl,0.000990,0,0
####ädps#####,ädppööv,ädpsöpk,0.073683,ädpsöpk,0.073683,0,0
####tjpe#####,täpptjv,tesptou,0.005093,tjpeghp,0.000749,0,0
####öhlä#####,aöhffäv,öölpoäf,0.007796,öhläkon,0.000159,0,0
####förh#####,ödöfrav,gdafeav,0.028418,förheob,0.000019,0,0
####preo#####,teporeo,vnojrlo,0.006472,preoyyi,0.000062,0,0
####yvhf#####,tvhfrdv,tlhyoiä,0.003897,yvhffby,0.002077,0,0
####eulä#####,teyfflu,eimmjlu,0.002514,eulänjb,0.000170,0,0
####pbsd#####,pdpppdb,pdbkvoy,0.008601,pbsdpoi,0.000182,0,0
####uivf#####,udufrdv,idufröu,0.011811,uivfäpe,0.000270,0,0
####fddg#####,ddufgdu,idufröu,0.005888,fddgirv,0.000912,0,0
####afrh#####,anafrhk,annhrib,0.030059,afrhsfg,0.002028,0,0
####fuap#####,fdpfnap,fjrfpjp,0.013509,fuapiso,0.000295,0,0
####stri#####,tsisrjv,tkpsrep,0.009290,strieöf,0.000177,0,0
####pbmh#####,bbbpmhh,bgpppdf,0.007095,pbmhjms,0.000211,0,0
####änjp#####,äoäpnjp,ajäpnpv,0.032468,änjphii,0.000098,0,0
####vtoä#####,tovftäu,gevfmju,0.004197,vtoäimp,0.000041,0,0
####ipjk#####,ijkppjk,pbkydji,0.011127,ipjkbua,0.000625,0,0
####sbku#####,kbbfsuk,idufröu,0.004651,sbkueav,0.000077,0,0
####drjs#####,dsbsrjs,dsbjdju,0.008465,drjsgth,0.000277,0,0
####oaej#####,oeuaeju,opkäfjä,0.003929,oaejstk,0.000590,0,0
####sgiv#####,slvsöiv,sgtsörv,0.090893,sgivggr,0.000996,0,0
####nios#####,nnionas,bfisrms,0.009215,niosdgu,0.000046,0,0
####ppfi#####,pfpfffi,ngefppi,0.006417,ppfifjp,0.001100,0,0
####lkkk#####,klkfmsk,glifguu,0.003457,lkkkmnä,0.000107,0,0
####ldan#####,ddanmad,gdafeav,0.035868,ldanhea,0.002934,0,0
####tefo#####,tehftaf,keuftuv,0.006310,tefoeät,0.004596,0,0
####yutk#####,tyusrrk,tyubnäm,0.011679,yutktop,0.000914,0,0
####nmmm#####,neymmem,mhjmnhm,0.007578,nmmmyha,0.000271,0,0
####lofv#####,olkfffv,gluföop,0.013840,lofviyj,0.000026,0,0
####äprä#####,ääpprjä,bänädjä,0.010487,äprätyä,0.001035,0,0
####äräf#####,äräffrä,äkörfiä,0.032187,äräffay,0.030953,0,0
####jlek#####,jlelelk,jeräeam,0.004119,jlekövi,0.002051,0,0
####bnyä#####,bäbbnäb,sbhnnlb,0.003815,bnyärbm,0.000328,0,0
####rvrr#####,rvvrrjr,rvrjdnr,0.027203,rvrrblb,0.002244,0,0
####dvug#####,ddunngu,idufröu,0.019241,dvugmhr,0.000143,0,0
####ästv#####,tääätsv,toääjdv,0.021100,ästvaue,0.000061,0,0
####kfsb#####,ksöffbb,ksöffis,0.014505,kfsbuhö,0.000067,0,0
####yufn#####,yyufran,yvhffby,0.027436,yufnrpo,0.002964,0,0
####jtsf#####,tlhfraf,tläurrf,0.045620,jtsfuvk,0.000130,0,0
####gheä#####,gehäeäk,äghäeäl,0.013528,gheäyby,0.000586,0,0
####jtul#####,tluätlu,tesptou,0.004794,jtulgdd,0.000179,0,0
####fomä#####,foyfmäu,foejväv,0.005559,fomäibp,0.000145,0,0
####yaam#####,ydumrak,ydrmnju,0.017187,yaamsfj,0.001477,0,0
####fpjk#####,pjpffjk,pvppfls,0.004435,fpjkrrb,0.000020,0,0
####ndfi#####,ndifnli,ötifndt,0.004759,ndfirne,0.000170,0,0
####öpds#####,ödpfösv,ädpsöpk,0.011350,öpdsdgy,0.000573,0,0
####etlf#####,tlfffak,keuftuv,0.026257,etlfoet,0.000057,0,0
####ähib#####,ähhänab,äflänäi,0.007418,ähibrun,0.000533,0,0
####turu#####,tstätrv,ttyrtgv,0.007847,turumbu,0.000409,0,0
####gvgö#####,gvifööv,fbifyol,0.008456,gvgösvd,0.000772,0,0
####ugmb#####,ulubrjb,fnufösb,0.004996,ugmbvhg,0.000559,0,0
####thsö#####,tlhstsv,trhtttg,0.020695,thsöavj,0.000221,0,0
####nmsf#####,ndöfmrm,tldfnkd,0.006445,nmsfdnp,0.000170,0,0
####inpd#####,idpprnd,idufröu,0.004769,inpdtkg,0.000145,0,0
####kräd#####,kdkfrää,bdivmhä,0.006202,krädggh,0.000265,0,0
####istl#####,tsiärsl,istlile,0.007672,istlile,0.007672,0,0
####bjjj#####,bjbjnjj,vjbäbji,0.011005,bjjjjou,0.000125,0,0
####hnym#####,ynyhnlm,ygähnlä,0.022902,hnymjok,0.000532,0,0
####yäeö#####,yäyyöaö,yägpräa,0.012057,yäeöeov,0.004590,0,0
####rivh#####,revhrhv,jdohrde,0.001769,rivhvgy,0.000215,0,0
####npöm#####,npömnöm,npömävy,0.002858,npömävy,0.002858,0,0
####hnbä#####,bnhänlä,sbhnnlb,0.017922,hnbäjos,0.000157,0,0
####usol#####,tlusrlu,elkmrlu,0.025094,usollhe,0.000084,0,0
####hjdl#####,hdhäöld,ehbnjjs,0.003531,hjdlfiv,0.000049,0,0
####kgid#####,kdiföek,glifguu,0.014092,kgidngi,0.000401,0,0
####khtm#####,thtmmok,koiamtk,0.023376,khtmtik,0.016124,0,0
####vain#####,vdvnaik,tavnetn,0.002773,vainpfd,0.000532,0,0
####afho#####,adhfnag,gdafeav,0.023372,afhoijj,0.000802,0,0
####lfsh#####,flhfnlh,hlhkrle,0.015785,lfshdok,0.000040,0,0
####ykyh#####,yhyyrah,tänörvh,0.010826,ykyhtpt,0.003183,0,0
####teöf#####,tehföav,keuftuv,0.025649,teöflsb,0.007620,0,0
####njem#####,yeymnjm,ydrmnju,0.032202,njemhsl,0.000174,0,0
####bätp#####,bäbpptg,bgpppdf,0.008483,bätptyb,0.006387,0,0
####äfdg#####,ädäfflg,äämfegy,0.008087,äfdgama,0.000098,0,0
####nplu#####,nllpnlu,gefpnlr,0.014532,nplugsp,0.000617,0,0
####demn#####,ydmnmen,nermmkd,0.005718,demnomö,0.000773,0,0
####ndmk#####,ndanmlh,nermmkd,0.008583,ndmkrio,0.000225,0,0
####sutn#####,saunteu,synnnpt,0.008557,sutnfju,0.001136,0,0
####vjlr#####,vlvlrjl,imrlnol,0.005202,vjlrsku,0.000112,0,0
####oibl#####,tniorlb,annhrib,0.026973,oiblkmä,0.000027,0,0
####ärät#####,täärfrä,äkörfiä,0.011609,äräthak,0.000526,0,0
####uhäk#####,uduhnäk,ädpsöpk,0.002176,uhäkäuj,0.000056,0,0
####iugn#####,iuunrap,ininrös,0.012340,iugnysu,0.001501,0,0
####ösäf#####,ösöföää,ösäfäöä,0.075355,ösäfnkp,0.004988,0,0
####sdtp#####,tdppödp,tkpsrep,0.007059,sdtpsym,0.001030,0,0
####äpmf#####,mäpfffm,yvhffby,0.005274,äpmfneb,0.000486,0,0
####bärh#####,bdbbrjh,jdohrde,0.007402,bärhkfn,0.004831,0,0
####dtfu#####,tduftau,idufröu,0.053349,dtfuurl,0.000033,0,0
####iinb#####,ininrbb,ininrös,0.291119,iinbdbm,0.000672,0,0
####jbrr#####,jbbfrjr,vdbupvr,0.002775,jbrrhöb,0.000046,0,0
####bbyi#####,bbibryp,ybisiku,0.009697,bbyindn,0.001070,0,0
####ösme#####,ösbfööv,ksöffis,0.008841,ösmedef,0.000016,0,0
####biip#####,bbippii,boibphi,0.011136,biiptft,0.000920,0,0
####ätäi#####,täiätpä,toääjdv,0.006435,ätäibml,0.000191,0,0
####bubp#####,bdbpöjp,bhäpösä,0.003523,bubpudu,0.002298,0,0
####erba#####,rdbrrjv,ryjnrjö,0.005514,erbathm,0.000074,0,0
####rjbi#####,rlrrrgb,rlirrtg,0.011713,rjbirfo,0.000285,0,0
####bdnl#####,bdbnnll,sbhnnlb,0.014541,bdnlsey,0.000815,0,0
####udir#####,kdurrgv,ädudibf,0.007377,udirpva,0.000429,0,0
####gefp#####,egvfffp,tmfpfyp,0.005403,gefpnlr,0.000171,0,0
####öytb#####,tötmöab,teöflsb,0.007349,öytbödy,0.000737,0,0
####tdly#####,tdyytdl,fdmvodl,0.008201,tdlyrto,0.001089,0,0
####mrdr#####,mdmrmrr,jdipmsg,0.002217,mrdrsiv,0.000454,0,0
####rneo#####,rlrfroe,rjbirfo,0.003672,rneokof,0.000375,0,0
####jndh#####,jdinmlh,jdohrde,0.003882,jndhdgk,0.000263,0,0
####tvvm#####,tdvmtvv,ydrmnju,0.004812,tvvmplk,0.003995,0,0
####lpet#####,telptal,tesptou,0.029029,lpetdgi,0.000063,0,0
####vnoj#####,vovnrjv,rovnrlä,0.017916,vnojrlo,0.000894,0,0
####äjod#####,ädiofjd,bänädjä,0.002560,äjodkgh,0.000071,0,0
####foii#####,flifrli,fpäoffi,0.006969,foiieäö,0.000195,0,0
####ludm#####,lumflad,lövmlak,0.012746,ludmpöe,0.004348,0,0
####älfs#####,älafflu,öäefmla,0.006744,älfsbsk,0.000782,0,0
####elie#####,klifmle,keuftuv,0.005697,eliengk,0.000188,0,0
####jrbf#####,jjrfrgf,jbrrhöb,0.016326,jrbflyi,0.000566,0,0
####uney#####,udunrhu,idufröu,0.008700,uneyduj,0.000013,0,0
####gäär#####,gäärrrä,gäärjne,0.044588,gäärjne,0.044588,0,0
####pfkd#####,pdkffdk,pvppfls,0.015909,pfkdypr,0.001363,0,0
####ssny#####,säysnen,sapsned,0.075697,ssnyemm,0.000227,0,0
####mddg#####,mdmmmgd,nermmkd,0.008495,mddgkbk,0.000531,0,0
####eyeö#####,eebööye,nlbööoo,0.025622,eyeöjse,0.000538,0,0
####uhvs#####,hdahnav,gdafeav,0.028078,uhvsyae,0.000752,0,0
####tuäh#####,täththu,tesptou,0.004677,tuähait,0.000295,0,0
####oäma#####,oäaamlm,koiamtk,0.009638,oämaöbj,0.003359,0,0
####fögy#####,ööyföyu,fdnföre,0.009052,fögyklp,0.000186,0,0
####nfou#####,noufnru,rhunörj,0.005165,nfoujgr,0.000009,0,0
####ptää#####,täppfpä,bänädjä,0.012208,ptäädnö,0.000143,0,0
####äahv#####,ädannav,gdafeav,0.012395,äahvvvn,0.000519,0,0
####äbmt#####,tätbölm,gbäböiy,0.005814,äbmtttu,0.000541,0,0
####rprs#####,rsyprsv,rstplis,0.007890,rprsndö,0.000088,0,0
####mädh#####,mdhämhh,öäefmla,0.005435,mädhäyh,0.000055,0,0
####hbäe#####,bbbhhää,dbbyken,0.003319,hbäeiej,0.000906,0,0
####uvpu#####,udppnvv,idufröu,0.005649,uvpuypu,0.000844,0,0
####sump#####,ssupslm,sdtpsym,0.015818,sumpföb,0.001344,0,0
####yryk#####,yeyyrjk,teyoäek,0.031351,yrykmom,0.000423,0,0
####lpyr#####,ylypnyv,yägpräa,0.002550,lpyriht,0.000038,0,0
####kugf#####,kdhfkak,gdafeav,0.006966,kugfrie,0.002855,0,0
####oubj#####,oounnju,ydrmnju,0.010194,oubjiel,0.000181,0,0
####älug#####,ääaäulu,ätsäulf,0.009806,älugkke,0.000071,0,0
####jism#####,jsimmls,eshmmks,0.064402,jismbjd,0.000228,0,0
####bttö#####,tbbbtjv,trhtttg,0.005276,bttökjy,0.000661,0,0
####mjtt#####,tdmmmjt,täkitld,0.003043,mjtteag,0.000006,0,0
####psvj#####,psvpjjv,bhvpjiv,0.012824,psvjkyv,0.004403,0,0
####junö#####,jjufööu,ukeyöju,0.007784,junötph,0.000083,0,0
####ejml#####,kemfmjl,gevfmju,0.019350,ejmlfme,0.000032,0,0
####nrpj#####,nspprjv,ryjnrjö,0.003259,nrpjybu,0.000058,0,0
####bbti#####,bbibrii,boibphi,0.028783,bbtiaol,0.000119,0,0
####yjvg#####,yjvsrjv,ykomrbv,0.006502,yjvgevy,0.000692,0,0
####täan#####,tätntan,täanmrh,0.007089,täanmrh,0.007089,0,0
####äkjm#####,käkmmjm,orbamjm,0.007323,äkjmoip,0.000111,0,0
####rlir#####,rlarrlu,rlirrtg,0.019732,rlirrtg,0.019732,0,0
####mllt#####,tlmfmlv,tläurrf,0.002646,mlltroö,0.000523,0,0
####ihvb#####,idhbhab,ihvbhäe,0.011224,ihvbhäe,0.011224,0,0
####jevp#####,jdvppgv,jevphfh,0.009275,jevphfh,0.009275,0,0
####vlld#####,vlvllll,tvvmplk,0.003547,vlldevh,0.000272,0,0
####lnbn#####,llhnölp,sbhnnlb,0.090495,lnbnbif,0.000093,0,0
####dytj#####,ddtdtju,ydrmnju,0.010579,dytjiöl,0.000344,0,0
####öyut#####,täuööyu,tesptou,0.005520,öyutvrä,0.001468,0,0
####gnop#####,ggppngv,gefpnlr,0.003424,gnoptnd,0.003060,0,0
####yovo#####,ydvorrv,yovobpm,0.013595,yovobpm,0.013595,0,0
####ibmp#####,bbiprji,ibmpubu,0.005139,ibmpubu,0.005139,0,0
####btpv#####,bnbpthv,bgpppdf,0.017416,btpvuol,0.000119,0,0
####hnuu#####,hnufnlu,lnugild,0.014650,hnuujie,0.001023,0,0
####nbho#####,bhhnnjo,fglbnjj,0.004590,nbhourd,0.000046,0,0
####ktnj#####,tbbnnjn,öbejnbm,0.002877,ktnjkjk,0.001373,0,0
####sjih#####,ssisrih,sjihrhh,0.013558,sjihrhh,0.013558,0,0
####öämi#####,öäimmiv,uyvmfje,0.010772,öämivbn,0.000079,0,0
####obif#####,ooifrib,sgifrub,0.016529,obifpop,0.001302,0,0
####mmdy#####,mdyfmyy,mdnamsr,0.009674,mmdyyip,0.000309,0,0
####ugli#####,ululrlv,enmlrlv,0.031008,ugliinm,0.000057,0,0
####lnug#####,nlunölu,gluföop,0.002857,lnugild,0.002046,0,0
####rrkt#####,rlrtrtk,rotiref,0.003891,rrktjdr,0.000150,0,0
####uyvm#####,ydumrav,ykomrbv,0.004852,uyvmfje,0.000476,0,0
####öölp#####,ööbpööv,higöpgv,0.011507,öölpoäf,0.003732,0,0
####edtp#####,tdpppdp,tmfpfyp,0.005394,edtpvsj,0.002305,0,0
####ymad#####,ydumraa,tdlyrto,0.007775,ymadheh,0.000179,0,0
####iöbl#####,bliföll,sdkfhjb,0.006267,iöblpfu,0.000096,0,0
####äslj#####,äsääfsl,msesasg,0.003627,äsljusf,0.002015,0,0
####dutj#####,tduftjj,tujäöij,0.005734,dutjlbp,0.000175,0,0
####äkjf#####,kdkffjk,sdkfhjb,0.011400,äkjfmrn,0.000256,0,0
####jmyp#####,tlypmyp,llppyfp,0.009809,jmypmfe,0.002376,0,0
####rägu#####,gäalrau,gdafeav,0.059799,rägubno,0.000797,0,0
####peyö#####,pepföye,pekiöie,0.013412,peyöfnd,0.003104,0,0
####nerm#####,nemmnjm,ryofnem,0.003756,nermmkd,0.000297,0,0
####ogtf#####,tovftft,yvhffby,0.003467,ogtflfv,0.001224,0,0
####skjp#####,ssppnjp,stvsnjp,0.007746,skjpush,0.000048,0,0
####shäl#####,shhlnlv,shälthl,0.007598,shälthl,0.007598,0,0
####hjmn#####,hdhnnlv,enmlrlv,0.012925,hjmngns,0.000046,0,0
####jeäg#####,jevfeäg,jeräeam,0.005737,jeäghft,0.001253,0,0
####uurm#####,udumram,udauroh,0.032752,uurmduo,0.000639,0,0
####sddv#####,ddvsövv,sgtsörv,0.005331,sddvoro,0.000443,0,0
####delt#####,tdeltll,ddevsfl,0.013811,deltäof,0.000031,0,0
####atom#####,toommam,bramkam,0.016919,atommäp,0.001593,0,0
####klor#####,klkorlu,elkmrlu,0.036759,kloruad,0.000867,0,0
####äjkl#####,käälflk,räspslk,0.007196,äjkldpk,0.001673,0,0
####opmg#####,ooppplg,bgpppdf,0.004543,opmgnsv,0.000054,0,0
####iyhb#####,yhibrab,uhvsyae,0.006496,iyhbkrk,0.000071,0,0
####umpt#####,tuppmuv,vumpmos,0.010804,umptnlr,0.000182,0,0
####räip#####,ysrärgi,ssrardr,0.011668,räipebk,0.000121,0,0
####oabb#####,oobbpab,gdafeav,0.005629,oabbmih,0.001267,0,0
####örbm#####,glöföjb,gluföop,0.028025,örbmämh,0.000012,0,0
####preä#####,tevpreä,pkmppöä,0.007050,preähfy,0.000069,0,0
####omtv#####,totfmvv,sgtsörv,0.008933,omtvöbf,0.003552,0,0
####vjjn#####,vävnnjv,stvsnjp,0.012335,vjjnufo,0.000026,0,0
####uääs#####,ädufräu,idufröu,0.041655,uäästön,0.000160,0,0
####kiur#####,kbuiröu,ktudneu,0.006447,kiurspb,0.000566,0,0
####ädps#####,ädppööv,ädpsöpk,0.073683,ädpsuib,0.002073,0,0
####tnpn#####,tnppnnp,tnpnköp,0.019037,tnpnköp,0.019037,0,0
####fkit#####,föiffli,fbifyol,0.008331,fkitvmo,0.001516,0,0
####sgts#####,tgtstls,ygsstfv,0.004073,sgtsörv,0.002366,0,0
####hblg#####,hbhhflg,sbhnnlb,0.008822,hblgnle,0.000961,0,0
####jäji#####,jääämji,jävmsöä,0.004056,jäjiekö,0.000705,0,0
####fhyu#####,fdyfnhu,fdysnrö,0.012097,fhyuyof,0.000363,0,0
####ehuä#####,euuäehu,uemäohu,0.040257,ehuätöe,0.000298,0,0
####rshf#####,gdhfrhv,gdafeav,0.016558,rshfsfo,0.002732,0,0
####fygr#####,ydhfrrg,nhhfärr,0.005706,fygreäf,0.000009,0,0
####gsbg#####,gbisrlb,gbisinn,0.009096,gsbgsäs,0.000559,0,0
####hhdd#####,hhimmld,hhihbvr,0.004099,hhddhib,0.000284,0,0
####jmrm#####,mljmmjv,khlemjv,0.005155,jmrmgtg,0.000075,0,0
####keuf#####,kdufkev,keuftuv,0.021456,keuftuv,0.021456,0,0
####yärn#####,yäyärjn,yägpräa,0.018653,yärngmf,0.000785,0,0
####vogm#####,vovmrgg,vogmrpf,0.055099,vogmrpf,0.055099,0,0
####öäef#####,teöföav,teöflsb,0.022060,öäefmla,0.000167,0,0
####thdy#####,tdhytdh,trhtttg,0.006329,thdybov,0.000392,0,0
####mptu#####,mepptuu,tesptou,0.067715,mptuayv,0.000120,0,0
####ygäh#####,yäyfraä,kbyärhp,0.009969,ygähnlä,0.001382,0,0
####miht#####,tlhmmlt,ylhdmdh,0.011093,mihtsvk,0.000098,0,0
####kumr#####,kdumrrv,kugfrie,0.008016,kumrgol,0.000512,0,0
####jgfr#####,jghfrjr,mhpfrlr,0.014584,jgfrjot,0.000052,0,0
####sinh#####,häisrlh,sjihrhh,0.016539,sinhdji,0.000031,0,0
####grde#####,gdirrre,gdikumf,0.006819,grdejys,0.000121,0,0
####uräp#####,udrprju,idmpgyv,0.005665,uräpdte,0.000233,0,0
####nepm#####,pepmnlm,kspneom,0.004129,nepmpär,0.001574,0,0
####pbnk#####,pbpnnlk,oppnpko,0.005175,pbnkabi,0.000125,0,0
####deni#####,ddinnli,ydhneui,0.006223,deniydh,0.000132,0,0
####edkv#####,tdvfeev,gdafeav,0.011963,edkviue,0.000439,0,0
####pkod#####,kdoppok,klkypov,0.004089,pkodbgs,0.000339,0,0
####bmly#####,bbbbmym,bobbgrp,0.004223,bmlyljä,0.000805,0,0
####haag#####,anahnlv,gdafeav,0.005225,haagäpt,0.000076,0,0
####bemd#####,bdbbmdd,odbmehb,0.008357,bemdmen,0.000740,0,0
####teön#####,tehftöv,keuftuv,0.011802,teönpkj,0.001344,0,0
####gmra#####,glaamav,ghunmpm,0.007317,gmraldh,0.000607,0,0
####lkhm#####,llhmmak,eshmmks,0.015258,lkhmgaf,0.000940,0,0
####mroä#####,mooomäu,myoommh,0.013861,mroädnf,0.000093,0,0
####iduf#####,idifrfu,idufröu,0.116618,idufröu,0.116618,0,0
####grht#####,glhrtrk,tlhyoiä,0.006381,grhtesv,0.001363,0,0
####jkyv#####,jjyfmyv,jfjkatv,0.003981,jkyvumu,0.000543,0,0
####fltr#####,tltfrlu,ttyrtgv,0.004243,fltrlod,0.001522,0,0
####osog#####,osogrsu,osogtmp,0.004322,osogtmp,0.004322,0,0
####fglb#####,ggafllb,kmublln,0.013218,fglbnjj,0.000256,0,0
####pjuj#####,pjppjju,blppaju,0.048314,pjujpie,0.000034,0,0
####gvpy#####,gvhpnyv,idmpgyv,0.006811,gvpylvg,0.000620,0,0
####trnv#####,trhrtrv,ttyrtgv,0.014343,trnvtsk,0.000323,0,0
####otob#####,toobtbu,omottkn,0.006986,otoblry,0.005191,0,0
####ujfm#####,fdufrju,idufröu,0.021416,ujfmkhä,0.000172,0,0
####teol#####,teootll,täkitld,0.015227,teolgal,0.003311,0,0
####bmjn#####,bbbbnjg,fglbnjj,0.007647,bmjnärp,0.000260,0,0
####ävnu#####,äväänuu,yfäfkuu,0.027866,ävnupbg,0.000066,0,0
####tmfp#####,töyptfp,jmypmfe,0.011150,tmfpfyp,0.001470,0,0
####vrou#####,bvväöuu,kuvrögv,0.006543,vroullb,0.000142,0,0
####eiuh#####,teufrhu,sjihrhh,0.011052,eiuhlmö,0.000040,0,0
####gbäb#####,gbiföhb,fbifyol,0.008550,gbäböiy,0.001546,0,0
####ieyf#####,ieyfref,ieyfspb,0.012032,ieyfspb,0.012032,0,0
####fvyy#####,fdvfryv,fddgirv,0.009034,fvyyrlk,0.000533,0,0
####äpni#####,ääipnöi,intävöi,0.004443,äpnijtn,0.000015,0,0
####dsly#####,ddlyöll,öäefmla,0.002841,dslygvj,0.002253,0,0
####vkvi#####,vdvfövv,nlvfvsi,0.010531,vkviäil,0.000283,0,0
####pfät#####,täpffää,päpyiul,0.008166,pfäthdl,0.000092,0,0
####hisd#####,khihrls,ddiyhts,0.003805,hisdfty,0.000031,0,0
####ofvf#####,fdvfffv,fddgirv,0.010536,ofvfhit,0.001071,0,0
####lfyy#####,flyfölp,gluföop,0.046352,lfyydmo,0.000067,0,0
####öjrd#####,ödiörjö,fdnföre,0.014471,öjrdeoj,0.000016,0,0
####trht#####,trhhrlv,ttyrtgv,0.006804,trhtttg,0.006683,0,0
####rsff#####,rdffraf,getsfff,0.010645,rsffvjf,0.006288,0,0
