input,lower_deck_output,upper_deck_winner,winner_activation,target,target_activation,excluded,over_threshold
###aalgoya###,aaloola,aaltola,0.163044,aaltola,0.163044,0,0
###aimulha###,aimulha,aamulla,0.021922,aamulla,0.021922,0,0
###lamusga###,lamumua,aamusta,0.041707,aamusta,0.041707,0,0
###rfrikrn###,rorikan,ranskan,0.004136,afrikan,0.003291,0,0
###uidosbi###,usdoksi,uudeksi,0.025343,aidosti,0.012996,0,0
###aselman###,asemman,asemaan,0.139755,aiemman,0.135795,0,0
###äiekmat###,aikkmit,tekemät,0.059089,aiemmat,0.011002,0,0
###amdmmin###,aammmin,aiemmin,0.623224,aiemmin,0.623224,0,0
###aiimbaa###,aiimana,arimpia,0.006329,aiempaa,0.003862,0,0
###aidmpma###,aidmmma,aikamme,0.011025,aiempia,0.000543,0,0
###ägheena###,ääheena,aiheena,0.045381,aiheena,0.045381,0,0
###aivlina###,ailvina,aiheina,0.079557,aiheina,0.079557,0,0
###aideiia###,aideiia,aineita,0.023764,aiheita,0.004632,0,0
###aihögta###,aihahta,aiheita,0.046940,aihetta,0.015998,0,0
###atjeuta###,ajjeuta,arjesta,0.201584,aiheuta,0.026484,0,0
###aikasfe###,askaase,aikamme,0.063501,aikamme,0.063501,0,0
###aiiausa###,aiiaasa,asiassa,0.011045,aikansa,0.007455,0,0
###aäkodna###,asdodna,ainoana,0.076288,aikoina,0.046797,0,0
###anöojen###,asnojen,aikojen,0.109983,aikojen,0.109983,0,0
###ahkooat###,aaaotot,avaimet,0.005474,aikovat,0.000680,0,0
###aietkin###,aietkin,ainakin,0.038088,ainakin,0.038088,0,0
###aijeiga###,aijeija,aineita,0.028748,aineita,0.028748,0,0
###aineloa###,ainella,monella,0.010663,ainetta,0.000479,0,0
###abboana###,astoada,ainoana,0.010840,ainoana,0.010840,0,0
###airraan###,airraan,aiotaan,0.016900,aiotaan,0.016900,0,0
###fivojnn###,finnoin,huonoon,0.008269,aivojen,0.000616,0,0
###ajavapn###,aaaaaan,ajamaan,0.013150,ajamaan,0.013150,0,0
###ajeupan###,apeptan,ajetaan,0.015659,ajetaan,0.015659,0,0
###amomlta###,alootta,aloilta,0.018408,ajoilta,0.000420,0,0
###ajfisla###,ajmilla,ajoilta,0.007982,ajoissa,0.006860,0,0
###öjoisya###,yööitia,avoimia,0.001949,ajoista,0.000047,0,0
###vkbelin###,veleiin,valmiin,0.010580,akselin,0.000151,0,0
###akuötni###,akuutii,akuutti,0.573829,akuutti,0.573829,0,0
###alslnen###,aalanen,salonen,0.008475,alainen,0.000487,0,0
###albmaan###,allmaan,olemaan,0.009809,alataan,0.002626,0,0
###rlasalo###,rarsalo,rauhala,0.010854,alatalo,0.000141,0,0
###jgeksis###,jesesis,jäseniä,0.171698,aleksis,0.000176,0,0
###alenhrs###,alersus,aleksis,0.027159,alennus,0.003869,0,0
###adentfa###,adennta,ideasta,0.002752,alentaa,0.000597,0,0
###jletabn###,jelaajn,pelaaja,0.013332,aletaan,0.000003,0,0
###alkhdsi###,aldaksi,alkaisi,0.141416,alkaisi,0.141416,0,0
###aleangt###,alaanat,alkanut,0.337453,alkanut,0.337453,0,0
###uekavan###,uukavan,mukavan,0.169811,alkavan,0.023044,0,0
###alkastt###,alkastt,alkavat,0.026898,alkavat,0.026898,0,0
###alöunja###,aajunja,ohjaaja,0.003829,alkunsa,0.002920,0,0
###aloölpa###,aloppla,aloilla,0.023463,aloilla,0.023463,0,0
###adonlle###,asnolle,ehdolle,0.018343,aloille,0.014387,0,0
###afoigta###,avoimta,avointa,0.236782,aloilta,0.007070,0,0
###anomtin###,anomtin,aloitin,0.343655,aloitin,0.343655,0,0
###afoiiti###,avoiiti,aloitti,0.055312,aloitti,0.055312,0,0
###öläitus###,möistus,ehdotus,0.008237,aloitus,0.003303,0,0
###asuekta###,asuatta,asettua,0.018463,alueita,0.002370,0,0
###ipuetta###,ipuutta,osuutta,0.015337,aluetta,0.001522,0,0
###aluktyn###,allkaun,aluksen,0.075444,aluksen,0.075444,0,0
###amgdtin###,aamtdin,aloitin,0.012439,ammatin,0.002814,0,0
###ahmatii###,ahmatii,ammatti,0.067904,ammatti,0.067904,0,0
###kleista###,keeista,kelasta,0.029576,aneista,0.000172,0,0
###annyjme###,annumme,annamme,0.286672,annamme,0.286672,0,0
###anietku###,aneeiku,annettu,0.411465,annettu,0.411465,0,0
###annlaun###,annnaun,annetun,0.592339,annetun,0.592339,0,0
###aäyetut###,aseetut,asettua,0.046497,annetut,0.009606,0,0
###anoijna###,ajoijna,ajoissa,0.091235,anniina,0.000750,0,0
###apnimki###,annikki,annikki,0.166111,annikki,0.166111,0,0
###nnnosra###,nonosta,annosta,0.072839,annosta,0.072839,0,0
###ansrkka###,anrakka,annukka,0.365450,annukka,0.365450,0,0
###antdksi###,antaksi,indeksi,0.109597,antaisi,0.038410,0,0
###ubtamaa###,uutmaaa,kotimaa,0.011237,antamaa,0.004702,0,0
###andayan###,andaaan,antaman,0.014955,antaman,0.014955,0,0
###anäamit###,anaamit,antamat,0.126583,antamat,0.126583,0,0
###afeanut###,asannut,avannut,0.031830,antanut,0.000948,0,0
###antatit###,antattt,antavat,0.073776,antavat,0.073776,0,0
###anötnla###,anntlla,innolla,0.023262,anttila,0.003817,0,0
###atrraha###,arrraaa,apuraha,0.004225,apuraha,0.004225,0,0
###aylmpia###,allmpia,aiempia,0.096392,arimpia,0.087879,0,0
###aäjassa###,ajjassa,arjessa,0.146172,arjessa,0.146172,0,0
###tbjesta###,tejesta,testata,0.004108,arjesta,0.000362,0,0
###atkitin###,aatitin,aloitin,0.012194,arkisin,0.005871,0,0
###aikiäto###,aikkito,arkisto,0.080558,arkisto,0.080558,0,0
###öräeija###,rtkeäjä,rakensi,0.018032,armeija,0.001218,0,0
###örttumi###,tttuuki,artturi,0.124344,artturi,0.124344,0,0
###ajveläe###,alvelle,arvelee,0.188054,arvelee,0.188054,0,0
###agvomen###,avvmmen,avoimen,0.041658,arvojen,0.000189,0,0
###arvjias###,arjrjas,arvokas,0.118905,arvokas,0.118905,0,0
###arvvlba###,arvalla,arvolta,0.195797,arvolta,0.195797,0,0
###arvnkme###,arvamke,arvomme,0.023365,arvomme,0.023365,0,0
###aivösta###,aivasta,tilasta,0.011802,arvosta,0.001083,0,0
###aaeiken###,akaieen,aseiden,0.003946,aseiden,0.003946,0,0
###aeemavn###,asemavn,asemaan,0.080395,asemaan,0.080395,0,0
###asentäs###,asentus,asennus,0.310358,asennus,0.310358,0,0
###aöeltaa###,aleetaa,aluetta,0.013876,asentaa,0.000750,0,0
###aaetgaa###,aseteaa,asettaa,0.252850,asettaa,0.252850,0,0
###asstäua###,assttua,asettua,0.063563,asettua,0.063563,0,0
###hmettuu###,hetttuu,muuttuu,0.093909,asettuu,0.003402,0,0
###asjakrs###,asjakas,asiakas,0.036979,asiakas,0.036979,0,0
###rsialja###,rrialja,kroatia,0.006125,asialla,0.000024,0,0
###astahle###,astalle,asialle,0.319431,asialle,0.319431,0,0
###ajianoa###,ajianoa,asiansa,0.029350,asiansa,0.029350,0,0
###aviaysa###,aaiaasa,aulassa,0.015378,asiassa,0.002648,0,0
###aeiajta###,aiiajta,asiasta,0.006821,asiasta,0.006821,0,0
###hsioioa###,heioioa,heikkoa,0.042058,asioida,0.000202,0,0
###asiofpa###,asiopda,asioida,0.096831,asioita,0.070473,0,0
###östenta###,sttenuö,sininen,0.006692,astetta,0.000358,0,0
###avukaan###,aauvaan,taivaan,0.016320,asumaan,0.005435,0,0
###adunekt###,akundet,asuneet,0.058325,asuneet,0.058325,0,0
###lpunnon###,lupnnon,luonnon,0.365642,asunnon,0.005438,0,0
###aluneot###,aluneot,asunnot,0.134809,asunnot,0.134809,0,0
###aiugtoa###,aduutoa,asuntoa,0.063673,asuntoa,0.063673,0,0
###asubeen###,asueeen,asuneet,0.094229,asuvien,0.018662,0,0
###lterran###,leerran,seuraan,0.005885,aterian,0.000950,0,0
###ateteat###,ateteat,asettaa,0.045957,ateriat,0.005933,0,0
###auäasäa###,asuassa,aulassa,0.018764,aulassa,0.018764,0,0
###aulpkgi###,apupkii,hankkii,0.013983,aulikki,0.007869,0,0
###aesaton###,assoton,auraton,0.064494,auraton,0.064494,0,0
###byrinko###,ryränko,uskonto,0.022833,aurinko,0.013002,0,0
###autdmöe###,antadme,autamme,0.060851,autamme,0.060851,0,0
###äuhojen###,aähojen,tahojen,0.123297,autojen,0.005430,0,0
###augmlla###,auumlla,aloilla,0.023463,autolla,0.009345,0,0
###yutoksa###,yutokka,katolle,0.005935,autossa,0.002412,0,0
###uumosta###,uumosta,tulosta,0.065309,autosta,0.025154,0,0
###auuimen###,auuimen,auvinen,0.054375,auvinen,0.054375,0,0
###avöavgt###,avvavöt,avaavat,0.190110,avaavat,0.190110,0,0
###afaifet###,avaidut,avaimet,0.092001,avaimet,0.092001,0,0
###anannot###,anannot,asunnot,0.215544,avannut,0.114738,0,0
###avaeous###,avaeous,avarrus,0.082558,avarrus,0.082558,0,0
###avdlaan###,aaeaaan,taivaan,0.001546,avataan,0.000778,0,0
###aeantui###,avuntti,avautui,0.012715,avautui,0.012715,0,0
###ariutuu###,ariutuu,avautuu,0.060613,avautuu,0.060613,0,0
###avöoego###,asvoeko,avioero,0.047119,avioero,0.047119,0,0
###hvoiien###,hhoiien,huomion,0.005256,avoimen,0.001380,0,0
###avdiöet###,aatidtt,aseiden,0.015600,avoimet,0.000964,0,0
###auoimea###,auoimma,aloilla,0.003259,avoimia,0.002899,0,0
###avoiiöa###,avoiika,anniina,0.006231,avoinna,0.001597,0,0
###amoinsa###,amaissa,ajoissa,0.020895,avointa,0.000074,0,0
###avuöiaa###,akuuina,alueita,0.012018,avustaa,0.002642,0,0
###akurtus###,kauraus,kauneus,0.028568,avustus,0.024627,0,0
###baltvjn###,balvjjn,valvoja,0.014742,baltian,0.003209,0,0
###neldian###,neldian,nordean,0.012689,belgian,0.003089,0,0
###bjtonpn###,botanon,betonin,0.063941,betonin,0.063941,0,0
###bknusea###,konussa,bonusta,0.034730,bonusta,0.034730,0,0
###brsndkn###,sosännn,brändin,0.010123,brändin,0.010123,0,0
###noglari###,nonpari,notaari,0.266368,dollari,0.005022,0,0
###sdeunyt###,sysänyt,pysynyt,0.053351,edennyt,0.000571,0,0
###edeläfn###,edeläen,luennon,0.007045,edetään,0.002527,0,0
###ebislää###,eeäsäää,elämään,0.012462,edistää,0.007920,0,0
###pdupsta###,pudpsta,perusta,0.006787,eduista,0.000089,0,0
###jduhtaa###,juhttta,juontaa,0.003868,edustaa,0.000027,0,0
###kduskus###,kosskus,katsaus,0.026041,edustus,0.000743,0,0
###dhyptin###,hhyttin,tyystin,0.004343,egyptin,0.002846,0,0
###eajitty###,ehjitty,ehditty,0.157374,ehditty,0.157374,0,0
###ähddkas###,kädokas,kädellä,0.181806,ehdokas,0.014490,0,0
###egdolra###,erdolla,ehdolla,0.364980,ehdolla,0.364980,0,0
###ehkolre###,erkolle,eurolle,0.045445,ehdolle,0.044430,0,0
###bhgoton###,bohtoon,johtoon,0.103508,ehdoton,0.001903,0,0
###emiotti###,eriitti,ehdotti,0.051689,ehdotti,0.051689,0,0
###ehdftös###,ehdidas,ehdokas,0.314133,ehdotus,0.087653,0,0
###lhbäisy###,lyhäysy,hyväksy,0.045208,ehkäisy,0.004305,0,0
###emkinyt###,eekinyt,eläimet,0.010114,ehtinyt,0.004890,0,0
###ettävät###,ettävät,estävät,0.644361,ehtivät,0.019383,0,0
###ahtljen###,aatajen,autojen,0.011986,ehtojen,0.000108,0,0
###disöhän###,iidddän,viedään,0.107261,eiköhän,0.000755,0,0
###eöväthä###,ehtähää,eräässä,0.020880,eivätkä,0.005159,0,0
###yletäjn###,yletään,eletään,0.504298,eletään,0.504298,0,0
###ähiniän###,ääiniän,eliniän,0.066753,eliniän,0.066753,0,0
###dllystä###,kylsttä,sydäntä,0.010560,ellistä,0.000323,0,0
###eloknyo###,elkoomo,elokolo,0.076659,elokolo,0.076659,0,0
###elokhbn###,elköhen,eiköhän,0.026477,elokuun,0.004558,0,0
###öaokuva###,askkuva,elokuva,0.036207,elokuva,0.036207,0,0
###aläiaen###,alaaien,aluksen,0.051013,eläimen,0.004650,0,0
###elenmet###,elenmet,eläimet,0.155521,eläimet,0.155521,0,0
###eapimiä###,enmimiä,eläimiä,0.130441,eläimiä,0.130441,0,0
###raämäni###,räämani,romaani,0.130818,elämäni,0.107163,0,0
###mlvmään###,mälmään,myymään,0.168803,elämään,0.007472,0,0
###engmdän###,engnmän,enemmän,0.138359,enemmän,0.138359,0,0
###ehehpää###,ehhmpää,enempää,0.096690,enempää,0.096690,0,0
###eplrgia###,eelrgia,tulevia,0.065855,energia,0.005387,0,0
###knnpkoi###,konykii,kukaksi,0.020271,ennakoi,0.000977,0,0
###ennäota###,ennonta,ennalta,0.142515,ennalta,0.142515,0,0
###ennrnte###,ennente,ennuste,0.103305,ennuste,0.103305,0,0
###ejriapu###,erjiapu,ensiapu,0.527180,ensiapu,0.527180,0,0
###ensijgi###,ensijji,ensiksi,0.312465,ensiksi,0.312465,0,0
###eptinön###,egtinan,entinen,0.203911,entinen,0.203911,0,0
###äntiuen###,aätiten,vähiten,0.011825,entisen,0.007174,0,0
###entimlt###,entilat,entiset,0.237234,entiset,0.237234,0,0
###rntimiä###,retiiiä,entisiä,0.040811,entisiä,0.040811,0,0
###eetisrä###,eetisrä,entisiä,0.032189,entistä,0.025729,0,0
###epäidpe###,epppdpe,epäilee,0.035425,epäilee,0.035425,0,0
###epsildä###,epsillä,epäillä,0.238969,epäillä,0.238969,0,0
###erkkrsä###,erkksää,erkkilä,0.184855,erkkilä,0.184855,0,0
###edpavat###,eetavat,eroavat,0.049607,eroavat,0.049607,0,0
###erktmaa###,erkmmaa,erottaa,0.124006,erottaa,0.124006,0,0
###yruttuu###,yryttuu,erottuu,0.045793,erottuu,0.045793,0,0
###eääiben###,eiääeen,eläimen,0.021143,eräiden,0.005807,0,0
###eräbkdi###,eräoksi,eräiksi,0.782522,eräiksi,0.782522,0,0
###elmissä###,elmissä,ellistä,0.063521,eräissä,0.009603,0,0
###eräähgä###,ehhääää,ärhäkät,0.056297,eräässä,0.027714,0,0
###fsömies###,siesims,frendit,0.006043,esimies,0.000034,0,0
###esmnevt###,esenvät,estävät,0.297608,esineet,0.038316,0,0
###esigtöä###,esittää,esittää,0.206572,esittää,0.206572,0,0
###mspaaja###,mamaaja,ohjaaja,0.004363,espanja,0.000235,0,0
###ejteeuä###,ehtetää,estettä,0.077861,esteenä,0.023647,0,0
###essegtä###,esseätä,estettä,0.092382,esteitä,0.071492,0,0
###estdtkä###,estäkkä,vitikka,0.014872,estettä,0.006022,0,0
###estivht###,eshivyt,estävät,0.156697,estävät,0.156697,0,0
###etvläun###,etttään,etenkin,0.003333,etelään,0.002811,0,0
###etfnvin###,ettnkin,entisen,0.006139,etenkin,0.003557,0,0
###eosnmme###,ennomme,etsimme,0.034578,etsimme,0.034578,0,0
###jfsivät###,jisivit,jakavat,0.012863,etsivät,0.000621,0,0
###yttepkö###,yttekkö,yksikkö,0.117261,etteikö,0.065121,0,0
###efiemme###,etämmme,etsimme,0.025897,ettemme,0.011644,0,0
###kuunimi###,kuumimi,kuusamo,0.004734,etunimi,0.001677,0,0
###ogusija###,osusija,osuutta,0.022278,etusija,0.013056,0,0
###euöäjen###,esjujen,eurojen,0.072059,eurojen,0.072059,0,0
###surmlla###,surmlla,saralla,0.174467,eurolla,0.025045,0,0
###eurojre###,euroere,eurolle,0.206231,eurolle,0.206231,0,0
###lurodta###,luronta,eurosta,0.018174,eurosta,0.018174,0,0
###jveksti###,jesssii,tanssii,0.006072,eversti,0.000123,0,0
###fiölali###,iiaalli,finaali,0.463811,finaali,0.463811,0,0
###foornki###,foonoki,foorumi,0.018704,foorumi,0.018704,0,0
###sormlla###,sormlla,saralla,0.199650,formula,0.017567,0,0
###kgrssan###,karssan,korsuun,0.037920,forssan,0.000347,0,0
###hrebdit###,hreidit,trendit,0.053328,frendit,0.015383,0,0
###grggmaa###,grammaa,grammaa,0.932585,grammaa,0.932585,0,1
###haabdla###,haaadla,hattula,0.009406,haapala,0.004449,0,0
###haaätäa###,hhaataa,haastaa,0.106414,haastaa,0.106414,0,0
###haetmsn###,haemsen,haetaan,0.138487,haetaan,0.138487,0,0
###drittaa###,kdittaa,viittaa,0.013929,haittaa,0.004717,0,0
###rapanen###,rapanen,japanin,0.013244,hakanen,0.009703,0,0
###htkumus###,hukumus,hakemus,0.464344,hakemus,0.464344,0,0
###ffkenut###,foknnut,koonnut,0.007827,hakenut,0.001126,0,0
###haklvnt###,haknnat,hakenut,0.299117,hakevat,0.017969,0,0
###haiijfn###,hiimjen,hakijan,0.017056,hakijan,0.017056,0,0
###gaaijat###,atajjja,avaimet,0.004061,hakijat,0.000012,0,0
###haämaan###,haamaan,harmaan,0.357747,hallaan,0.009549,0,0
###hallfba###,halaala,hollola,0.029667,hallita,0.000404,0,0
###halsken###,halkken,halonen,0.082619,halonen,0.082619,0,0
###hbltbja###,heltaja,hattula,0.000384,haltija,0.000250,0,0
###hattjun###,hattjun,hattula,0.041863,haltuun,0.004402,0,0
###haäussn###,hauusen,halusin,0.138894,halusin,0.138894,0,0
###vatusta###,vatusta,halusta,0.006063,halusta,0.006063,0,0
###hagpttu###,hahtttu,haittaa,0.039059,haluttu,0.017745,0,0
###hamfntn###,hamunon,haminan,0.659786,haminan,0.659786,0,0
###hdmpeat###,hohpeat,huoneet,0.065918,hampaat,0.039278,0,0
###hakkula###,hakkula,hattula,0.053509,hankala,0.013764,0,0
###hanlkta###,hankkta,hankkia,0.070142,hankkia,0.070142,0,0
###haiktii###,haiktii,haittaa,0.067484,hankkii,0.022821,0,0
###hlnnlle###,honnlle,hannele,0.153184,hannele,0.153184,0,0
###hansila###,hanvila,hannula,0.017479,hannula,0.017479,0,0
###hadhilu###,hahhilu,hapuilu,0.098527,hapuilu,0.098527,0,0
###htrhita###,horhiti,harkita,0.288116,harkita,0.288116,0,0
###parmlan###,parplan,parhaan,0.138927,harmaan,0.000978,0,0
###hanppmi###,hanpmii,kappeli,0.082575,harppoi,0.029702,0,0
###nartmus###,narmsus,valmius,0.013890,hartaus,0.000875,0,0
###harvean###,harvean,hirveän,0.058631,harvoin,0.038589,0,0
###babtula###,balouda,katolla,0.015526,hattula,0.001467,0,0
###haunakn###,hannakn,hankala,0.045051,hauraan,0.005334,0,0
###hauidaa###,hauddaa,hauskaa,0.042018,hauskaa,0.042018,0,0
###hahikat###,hahikat,hakijat,0.043817,hauskat,0.043255,0,0
###raudala###,rauaala,rauhala,0.516796,hautala,0.014926,0,0
###isvaita###,isiaita,asiasta,0.029639,havaita,0.000288,0,0
###leiskoa###,leiskoa,leikkaa,0.126534,heikkoa,0.002922,0,0
###geakura###,erauura,elokuva,0.009232,heikura,0.001203,0,0
###hehnopa###,hehhaoa,huhtala,0.049154,heinola,0.000819,0,0
###hevytää###,hevytää,heittää,0.427722,heittää,0.427722,0,0
###jalpoin###,jalloin,jolloin,0.116492,helpoin,0.002045,0,0
###heipioa###,heipioa,helppoa,0.063411,helppoa,0.063411,0,0
###henthen###,henheen,henkeen,0.056430,henkeen,0.056430,0,0
###oenkplö###,onnollu,äänellä,0.023034,henkilö,0.000402,0,0
###horäoti###,horooti,korosti,0.262875,herätti,0.023953,0,0
###sevknen###,sevknen,hevonen,0.019996,hevonen,0.019996,0,0
###hemofen###,hemooen,hevosen,0.015488,hevosen,0.015488,0,0
###hevksmt###,hevmkät,hevoset,0.030920,hevoset,0.030920,0,0
###hiyesta###,hidesta,hänestä,0.079783,hidasta,0.030682,0,0
###himkpaa###,himppaa,hiekkaa,0.018567,hiekkaa,0.018567,0,0
###yienuja###,yieneja,hienoja,0.145538,hienoja,0.145538,0,0
###hiörfja###,hiöraja,hoitaja,0.025038,hieroja,0.011714,0,0
###hiepada###,hiedapa,hietala,0.195043,hietala,0.195043,0,0
###miehdon###,midddon,ehdoton,0.042118,hiihdon,0.034371,0,0
###rantaan###,rantaan,rantaan,0.942562,hintaan,0.000938,0,1
###himtöja###,himtöja,hintoja,0.026250,hintoja,0.026250,0,0
###hgsveän###,hehveän,selkeän,0.032677,hirveän,0.019418,0,0
###hiukugt###,hiuuuut,hiukset,0.076782,hiukset,0.076782,0,0
###hoirsja###,hoirsja,hoitava,0.030115,hoitaja,0.006509,0,0
###hojtaga###,hohtaja,huhtala,0.038567,hoitava,0.005520,0,0
###homtoaa###,homtoaa,hoitoja,0.012829,hoitoja,0.012829,0,0
###hoijron###,hoijjon,hoitoon,0.436398,hoitoon,0.436398,0,0
###yällola###,yllollä,talolla,0.012857,hollola,0.001259,0,0
###uoteldi###,uudelli,uudella,0.031189,hotelli,0.003599,0,0
###hmhtnla###,hyhtnla,huhtala,0.054266,huhtala,0.054266,0,0
###äunassa###,aänassa,uunissa,0.038147,hukassa,0.000404,0,0
###husknan###,huhunan,huomaan,0.021036,hukkaan,0.005160,0,0
###hknajba###,hanajja,sanasta,0.017325,hunajaa,0.006640,0,0
###huolhvn###,huhhhon,huhtala,0.030512,huollon,0.002053,0,0
###hpoelot###,holplot,huollot,0.191029,huollot,0.191029,0,0
###hpoötaa###,hooptaa,poistaa,0.017559,huoltaa,0.003492,0,0
###huöltäa###,huultta,huoltoa,0.224535,huoltoa,0.224535,0,0
###huimarn###,huimarn,huomaan,0.051144,huomaan,0.051144,0,0
###oeomasi###,osomasi,osoitti,0.078075,huomasi,0.003479,0,0
###iuompta###,idoopta,iloista,0.117858,huomata,0.004134,0,0
###huobili###,huomili,huomioi,0.107724,huomioi,0.107724,0,0
###äuogion###,uuooion,kuopion,0.007878,huomion,0.002911,0,0
###huojien###,huojjen,huoneen,0.043372,huoneen,0.043372,0,0
###muojeet###,muojeet,muotien,0.021230,huoneet,0.004001,0,0
###hromoja###,hoomoja,hoitoja,0.172418,huonoja,0.029306,0,0
###huoeomn###,huomoon,huonoon,0.048678,huonoon,0.048678,0,0
###vuotali###,vuotali,vuoteen,0.053485,huotari,0.011760,0,0
###kiumori###,kimmori,huumori,0.016970,huumori,0.016970,0,0
###hykutty###,hykätty,hylätty,0.214568,hylätty,0.214568,0,0
###byvönen###,yyvvnen,hyvönen,0.146430,hytönen,0.000070,0,0
###gysillä###,yssillä,yhdellä,0.035944,hyvillä,0.014418,0,0
###ojvissä###,ovvissä,hyvissä,0.151221,hyvissä,0.151221,0,0
###hyvgsvä###,hyvvvvä,hyvistä,0.090593,hyvistä,0.090593,0,0
###lyvpksi###,lypvkii,hyväksi,0.112381,hyväksi,0.112381,0,0
###tynäksy###,tynäyyy,syntyyn,0.054310,hyväksy,0.001959,0,0
###hypänle###,hypälle,hyvälle,0.236618,hyvälle,0.236618,0,0
###hiväloä###,hivälsä,hyvässä,0.020945,hyvällä,0.004849,0,0
###hybättä###,hytättä,hyvästä,0.030428,hyvältä,0.015220,0,0
###hjdänsä###,hydänsä,hyvänsä,0.021064,hyvänsä,0.021064,0,0
###hyvvtsä###,hyväsää,hyvillä,0.048444,hyvässä,0.006448,0,0
###hovdstä###,hodostä,hänestä,0.038777,hyvästä,0.037536,0,0
###gyvöeen###,yveveen,viereen,0.005839,hyvönen,0.000244,0,0
###tvötyjä###,työtyjä,hyötyjä,0.198547,hyötyjä,0.198547,0,0
###säiniöt###,säiniöt,säännöt,0.255517,häiriöt,0.017414,0,0
###yäselle###,yseelle,yhdelle,0.083134,hänelle,0.000901,0,0
###hunullä###,hunullä,hänellä,0.351771,hänellä,0.351771,0,0
###sänkltä###,sänkllä,mäntylä,0.003751,häneltä,0.000059,0,0
###hääevtä###,häheätä,hänestä,0.035137,hänestä,0.035137,0,0
###ölrmälä###,mökäälä,myymälä,0.010674,härmälä,0.000872,0,0
###möyoäsi###,möyoäsi,itseäsi,0.046818,höyläsi,0.023451,0,0
###ideayua###,iiehana,hietala,0.006072,ideasta,0.000562,0,0
###ddeogta###,eddddta,ideasta,0.115822,ideoita,0.003124,0,0
###iaatlla###,iiallla,ihailla,0.308237,ihailla,0.308237,0,0
###ihmöiaä###,ihmmpia,ihmisiä,0.059984,ihmeitä,0.015958,0,0
###lhmottä###,lomtttä,lyhyttä,0.086885,ihmettä,0.004165,0,0
###iemönen###,ikmenen,ihminen,0.064586,ihminen,0.064586,0,0
###ihiiken###,ihiiken,ihminen,0.036111,ihmisen,0.033313,0,0
###ivmisgt###,irmimit,ihmiset,0.140829,ihmiset,0.140829,0,0
###ihöiriä###,ihmihiä,ihmisiä,0.559979,ihmisiä,0.559979,0,0
###igmpstä###,iimästä,ihmistä,0.235184,ihmistä,0.235184,0,0
###imsaymi###,iismami,iisalmi,0.370266,iisalmi,0.370266,0,0
###dkuunan###,kuunnan,kauniin,0.065371,ikkunan,0.000076,0,0
###bkkunät###,kekuttt,kokivat,0.008048,ikkunat,0.002200,0,0
###iuuonen###,uuuonen,immonen,0.008667,ikuinen,0.000676,0,0
###ioämnen###,immonen,immonen,0.119302,ikäinen,0.000323,0,0
###iljajla###,ijjalta,illalla,0.012816,illalla,0.012816,0,0
###illatva###,illavva,illalla,0.186067,illassa,0.113970,0,0
###flrassa###,forsssa,forssan,0.223394,ilmassa,0.000037,0,0
###irbasto###,iriasto,ilmasto,0.086407,ilmasto,0.086407,0,0
###almlnee###,almenne,ilmenee,0.210703,ilmenee,0.210703,0,0
###ifmesäy###,iideäpy,ilmesty,0.005576,ilmesty,0.005576,0,0
###ifmeutä###,iimeätä,nimeltä,0.020102,ilmettä,0.008024,0,0
###iömrötä###,iiöäötä,ilmiötä,0.120319,ilmiötä,0.120319,0,0
###rlmfita###,rommita,lopulta,0.014884,ilmoita,0.000212,0,0
###ökoinen###,iöknnen,ykkönen,0.014702,iloinen,0.000081,0,0
###ilohson###,ilooson,iloisen,0.254047,iloisen,0.254047,0,0
###igoissa###,isooisa,isoissa,0.079169,iloisia,0.001067,0,0
###mloisfa###,momisaa,monista,0.013014,iloista,0.000021,0,0
###slojajn###,soojjjn,lukijan,0.022272,ilojaan,0.002072,0,0
###imatyvn###,iiataon,osaston,0.004955,imatran,0.004847,0,0
###imboden###,ihdoden,kanadan,0.016901,immonen,0.004248,0,0
###indhkni###,innakii,innokas,0.039558,indeksi,0.032423,0,0
###innuuas###,iinnsus,siunaus,0.015665,innokas,0.002868,0,0
###innmhla###,innilla,innolla,0.550600,innolla,0.550600,0,0
###ijlapti###,iijalti,iisalmi,0.022702,irlanti,0.007739,0,0
###isfdnti###,iididti,islanti,0.003088,islanti,0.003088,0,0
###iloussa###,iloossa,isoissa,0.079587,isoissa,0.079587,0,0
###isrkrtu###,iirurti,irlanti,0.019032,isokatu,0.000335,0,0
###isapmat###,isaamat,osaajat,0.061535,isommat,0.037730,0,0
###ibvmpia###,iiimpia,arimpia,0.037144,isompia,0.005908,0,0
###nsotölo###,sostolo,kohtalo,0.007012,isotalo,0.001109,0,0
###tstpnut###,tottnut,vastuut,0.017883,istunut,0.001083,0,0
###kstujat###,ketujat,katujen,0.188821,istuvat,0.002241,0,0
###tsänsän###,sänssän,tanssin,0.009230,isännän,0.000005,0,0
###italken###,itakten,itkonen,0.025071,italian,0.005202,0,0
###itkdben###,itkiden,itäisen,0.012006,itkonen,0.005207,0,0
###itöeiin###,iteeiin,itsekin,0.036754,itsekin,0.036754,0,0
###gtsslle###,stselle,sisälle,0.108234,itselle,0.071154,0,0
###ilsemhe###,ilmemee,ilmenee,0.064197,itsemme,0.008061,0,0
###gtsersä###,ttrerää,merellä,0.004729,itsensä,0.003554,0,0
###itfkstä###,iitistä,ihmistä,0.012531,itsestä,0.008209,0,0
###imseägi###,isseäni,itseäni,0.015374,itseäni,0.015374,0,0
###ibseäai###,isiseni,siirtyi,0.006708,itseäsi,0.000388,0,0
###utsyään###,uusytän,pysyvän,0.002322,itseään,0.000411,0,0
###iräiaen###,irälien,irlanti,0.009254,itäinen,0.000147,0,0
###itoesen###,itoesen,itäisen,0.078257,itäisen,0.078257,0,0
###uaetain###,uuetain,ajetaan,0.008396,jaetaan,0.000145,0,0
###jökaeat###,jakkeat,jakavat,0.220079,jakavat,0.220079,0,0
###malmayi###,malmaii,malliin,0.041153,jalmari,0.015145,0,0
###jflonyn###,jylnnon,jalonen,0.025534,jalonen,0.025534,0,0
###jaouäon###,jaojoon,jaoston,0.368662,jaoston,0.368662,0,0
###jaeknin###,jaennin,jaetaan,0.038507,japanin,0.016478,0,0
###patvuva###,patvuva,palauta,0.028879,jatkuva,0.000918,0,0
###poensäu###,ponnsuu,poistuu,0.013707,joensuu,0.002504,0,0
###eohanva###,ehhavva,uhmaava,0.021953,johanna,0.001136,0,0
###johttha###,jhhttaa,johtoon,0.016919,johtaja,0.014249,0,0
###johtoka###,johtoja,johtama,0.035183,johtama,0.035183,0,0
###jootara###,jootala,kootaan,0.012167,johtava,0.001577,0,0
###iohaoon###,ihoaaon,ehdoton,0.024027,johtoon,0.000331,0,0
###lohtusn###,lohtuun,loppuun,0.010196,johtuen,0.000329,0,0
###johtsaa###,johtsaa,johtuva,0.008216,johtuva,0.008216,0,0
###joitvjn###,joitojn,joitain,0.157751,joitain,0.157751,0,0
###jekeltn###,jekelin,jokelan,0.345135,jokelan,0.345135,0,0
###jlkänen###,jäknnen,mäkinen,0.020266,jokinen,0.012370,0,0
###jokutmn###,jokummn,jokunen,0.171606,jokunen,0.171606,0,0
###dollabn###,dolaadn,tolonen,0.005851,jollain,0.001200,0,0
###jolröin###,jolloin,jollain,0.300942,jolloin,0.156375,0,0
###nossasn###,nosssan,forssan,0.004814,jossain,0.002668,0,0
###jokmain###,jokkain,jollain,0.046391,jostain,0.006544,0,0
###entakin###,entakin,kutakin,0.078361,jotakin,0.055051,0,0
###joedsin###,joedsin,joensuu,0.009788,jouduin,0.003001,0,0
###jouukna###,joukkna,joukkoa,0.182795,joukkoa,0.182795,0,0
###jyukhue###,jhhuees,johtoon,0.014267,joukkue,0.000459,0,0
###jöuluva###,jouluva,jatkuva,0.040901,jouluna,0.016518,0,0
###häuluun###,häuluun,jouluun,0.197607,jouluun,0.197607,0,0
###judöaan###,jujaaan,juhlaan,0.015374,juhlaan,0.015374,0,0
###yuhaien###,yhyiien,yhtyeen,0.036447,juhlien,0.000298,0,0
###ouhniin###,ouonkin,puhelin,0.002993,juhliin,0.001388,0,0
###jumytaa###,jumytaa,jumalaa,0.104811,jumalaa,0.104811,0,0
###jummgan###,jummman,jumalan,0.056685,jumalan,0.056685,0,0
###luoalla###,luoalla,lomalla,0.023719,junalla,0.003192,0,0
###jukkori###,jukkori,juniori,0.143629,juniori,0.143629,0,0
###huomven###,huommen,huomaan,0.136622,juomien,0.004649,0,0
###jgontla###,jotnnla,kotinsa,0.018318,juontaa,0.003107,0,0
###sussfla###,susslla,uusilla,0.029929,jussila,0.010902,0,0
###vutvlla###,vuttlla,autolla,0.101824,jutella,0.040159,0,0
###jkteuja###,jetkaja,juttuja,0.160141,juttuja,0.160141,0,0
###yupussa###,uudussa,minussa,0.047090,jutussa,0.029197,0,0
###jphonen###,pohjnen,johtuen,0.005859,juvonen,0.000067,0,0
###jälsesn###,jälssen,välisen,0.062122,jälkeen,0.027297,0,0
###jävlebn###,jävänen,jälkeen,0.151560,jälleen,0.049406,0,0
###jarkeoä###,jarkeoä,järkevä,0.015692,järkevä,0.015692,0,0
###jäovejä###,jäejojä,johtaja,0.047502,järvelä,0.011231,0,0
###gähenen###,eähenen,jäsenen,0.014248,jäsenen,0.014248,0,0
###jägendt###,jädedtn,jäsenen,0.029676,jäsenet,0.000208,0,0
###iaseniä###,issennä,esteenä,0.028612,jäseniä,0.017141,0,0
###jgpentä###,jepentä,perintä,0.023398,jäsentä,0.001911,0,0
###tätstty###,tätstty,säästyy,0.012264,jätetty,0.010435,0,0
###jätmtuä###,jätttää,jätettä,0.546738,jätettä,0.546738,0,0
###järtyen###,järteen,jätteen,0.015404,jätteen,0.015404,0,0
###jvttget###,jyttejt,jätteet,0.582042,jätteet,0.582042,0,0
###yääueen###,ysyeeen,täyteen,0.114027,jääneen,0.000452,0,0
###sänneet###,sänneet,saaneet,0.024658,jääneet,0.002094,0,0
###laapina###,laaiina,lapsena,0.082507,kaarina,0.051970,0,0
###kmduläa###,kydulna,kadulla,0.010629,kadulla,0.010629,0,0
###kahffen###,kahhden,kahteen,0.616858,kahteen,0.616858,0,0
###kahälna###,kahalna,kahtena,0.402688,kahtena,0.402688,0,0
###äabvila###,aälvila,asuvien,0.020975,kahvila,0.016690,0,0
###sdikkea###,seikkea,heikkoa,0.013728,kaikkea,0.001692,0,0
###daikbia###,tiidaia,kaikkia,0.006399,kaikkia,0.006399,0,0
###kainoän###,kainoon,keinoin,0.209275,kainuun,0.038478,0,0
###kaäaahi###,kahaari,kajaani,0.020515,kajaani,0.020515,0,0
###kölärvo###,kälorvo,kalervo,0.789184,kalervo,0.789184,0,0
###kavivan###,kavivan,kanavan,0.019187,kalevan,0.014970,0,0
###kalribn###,kalaien,kallion,0.019998,kallion,0.019998,0,0
###kryojen###,kyrojen,kylkeen,0.021223,kalojen,0.006877,0,0
###palusäo###,palosso,palonen,0.279913,kalusto,0.068035,0,0
###kombran###,komuran,kameran,0.049140,kameran,0.049140,0,0
###kanvdin###,kanvdin,kanadan,0.192773,kanadan,0.192773,0,0
###kanävhn###,kananän,kanavan,0.028936,kanavan,0.028936,0,0
###kpnkrva###,konkrva,korkoja,0.004614,kanerva,0.004247,0,0
###kajkasn###,kakksan,kankaan,0.020116,kankaan,0.020116,0,0
###kakgata###,kakaata,kukinta,0.013941,kannata,0.013624,0,0
###uansmia###,unnamia,uunissa,0.008777,kanslia,0.000730,0,0
###bantfja###,bantaja,kantaja,0.105456,kantaja,0.105456,0,0
###hantbva###,hantvva,kantava,0.116046,kantava,0.116046,0,0
###klntben###,ketteen,kohteen,0.007680,kanteen,0.000236,0,0
###kauöola###,kaulola,taitoja,0.005746,kantola,0.002630,0,0
###kadoöen###,kadoden,kaponen,0.078235,kaponen,0.078235,0,0
###äapeale###,apäeele,aloille,0.012333,kappale,0.000612,0,0
###nappeai###,nappeni,kappeli,0.417218,kappeli,0.417218,0,0
###kayeeli###,kayeeli,kappeli,0.014964,kapseli,0.013547,0,0
###kayvoke###,kayvoke,karaoke,0.398559,karaoke,0.398559,0,0
###ktrhusa###,karstsa,kurssia,0.004434,karhula,0.003131,0,0
###kadkala###,kadkala,karjala,0.046141,karjala,0.046141,0,0
###kapuano###,kappana,kaukana,0.018806,kartano,0.007099,0,0
###klskssa###,kossssa,käsissä,0.092952,kasassa,0.056889,0,0
###kasbpke###,kasskke,kastike,0.046251,kastike,0.046251,0,0
###pgsvava###,pasvava,kasvava,0.006060,kasvava,0.006060,0,0
###kasneta###,kanseta,makseta,0.047513,kasveja,0.001921,0,0
###karoien###,karoien,kuronen,0.007859,kasvien,0.007213,0,0
###kaevova###,kaevova,kasvava,0.015635,kasvoja,0.014974,0,0
###kayiuun###,kayiuun,kainuun,0.027165,kasvuun,0.000397,0,0
###kvtethu###,kehätuu,kehitys,0.015391,katettu,0.008775,0,0
###kaaoöla###,kaaaola,kantola,0.046126,katolla,0.002988,0,0
###kttolee###,kotolee,ketonen,0.113591,katolle,0.039099,0,0
###kaudaus###,kaykaus,katsaus,0.042447,katsaus,0.042447,0,0
###kavsäen###,kavveen,kaverin,0.006152,katsoen,0.001745,0,0
###uavtava###,uuutvva,luotava,0.005381,kattava,0.000282,0,0
###katnosn###,katnoon,kattoon,0.115325,kattoon,0.115325,0,0
###kktuöen###,kktuken,katujen,0.198174,katujen,0.198174,0,0
###kaumaöa###,kaumaja,kantaja,0.053137,kauhava,0.003021,0,0
###kyhkana###,kyhkana,vahvana,0.020225,kaukana,0.011070,0,0
###aauness###,aaeness,kauneus,0.121047,kauneus,0.121047,0,0
###kounyin###,koynyin,käynnin,0.013333,kauniin,0.011072,0,0
###kounyit###,koynitt,koonnut,0.045422,kauniit,0.011534,0,0
###oyuppaa###,oppppaa,opettaa,0.046041,kauppaa,0.032393,0,0
###kbvervn###,kevvvvn,kaverin,0.016081,kaverin,0.016081,0,0
###koveryt###,koveryt,kaverit,0.261709,kaverit,0.261709,0,0
###kebikdo###,kedokko,kehikko,0.238447,kehikko,0.238447,0,0
###kehytpi###,kehynti,kehitti,0.244492,kehitti,0.244492,0,0
###jehieys###,jheieys,kehitys,0.009263,kehitys,0.009263,0,0
###kehvtöi###,kehttoi,kehitti,0.130488,kehotti,0.101471,0,0
###kehybus###,kehäkus,kehotus,0.427363,kehotus,0.427363,0,0
###hbinoin###,hoinoin,keinoin,0.101716,keinoin,0.101716,0,0
###teivoja###,teivoja,toivola,0.199773,keinoja,0.034351,0,0
###peisuri###,peiseri,keisari,0.475636,keisari,0.475636,0,0
###keirsiö###,keirsiö,keittiö,0.280669,keittiö,0.280669,0,0
###nelapta###,lelaata,kelasta,0.298340,kelasta,0.298340,0,0
###oemrssä###,ormossä,yhdessä,0.023961,kemissä,0.001518,0,0
###keaoele###,kekkole,kempele,0.016565,kempele,0.016565,0,0
###kemvsja###,kemmmja,keinoja,0.019677,kemusta,0.009583,0,0
###keneuse###,keneese,kenelle,0.572406,kenelle,0.572406,0,0
###fentees###,einteee,santeri,0.064735,kenties,0.002112,0,0
###deyttää###,eddttää,syyttää,0.065693,kenttää,0.000800,0,0
###keitvan###,keitvan,kertaan,0.032224,keravan,0.001333,0,0
###pvrroin###,porroin,kerroin,0.030083,kerroin,0.030083,0,0
###versaan###,versaan,version,0.053967,kertaan,0.053116,0,0
###ktrtofa###,kortola,korttia,0.018670,kertoja,0.003481,0,0
###tertopa###,tertata,tarttua,0.034036,kertova,0.002376,0,0
###kudänen###,kudonen,kuronen,0.036326,keränen,0.003195,0,0
###keräpby###,keräpyy,kerätty,0.597053,kerätty,0.597053,0,0
###kksmävä###,käsvävä,kestävä,0.313872,kestävä,0.313872,0,0
###kysäkpi###,kysäksi,kesäksi,0.181671,kesäksi,0.181671,0,0
###kesäneu###,kesänne,rakenne,0.016228,kesäkuu,0.002717,0,0
###resäleä###,reseltä,rahalla,0.009382,kesällä,0.002978,0,0
###kesädpä###,kesäädä,kesästä,0.120660,kesästä,0.120660,0,0
###kegonrn###,keronon,ketonen,0.013778,ketonen,0.013778,0,0
###nyuruun###,nyuuuun,nousuun,0.584380,keuruun,0.016514,0,0
###keöottä###,kedottä,kevättä,0.003612,kevyttä,0.000720,0,0
###khvnttä###,kyhtttä,kevättä,0.003022,kevättä,0.003022,0,0
###keiääiä###,keikäiä,leikkiä,0.013732,keväänä,0.004937,0,0
###kielpnn###,kiennen,kiinaan,0.012691,kieleen,0.004730,0,0
###tielbon###,tieleon,tietoon,0.008734,kiellon,0.003095,0,0
###kleljen###,kelljen,kulujen,0.010963,kielten,0.000670,0,0
###kiultbä###,killttä,kieltää,0.102867,kieltää,0.102867,0,0
###kknrros###,korsros,kenties,0.015120,kierros,0.013047,0,0
###kierudä###,kiedenä,kiertää,0.092137,kiertää,0.092137,0,0
###kiijtiy###,kiiityy,kiihtyy,0.222151,kiihtyy,0.222151,0,0
###kiingvn###,kiindin,kiinaan,0.026961,kiinaan,0.026961,0,0
###kianöeä###,kainunä,kannata,0.007015,kiinteä,0.000937,0,0
###krirpen###,keipden,kriisin,0.022804,kiireen,0.002616,0,0
###viitsää###,viittää,viettää,0.053151,kiittää,0.026014,0,0
###mimylsi###,mimilsi,kimalsi,0.070218,kimalsi,0.070218,0,0
###kirvamn###,kirkaan,virkaan,0.042609,kirjaan,0.006733,0,0
###kirsmta###,kirssta,kirjata,0.034947,kirjata,0.034947,0,0
###kfbjeen###,korjeen,kohteen,0.003756,kirjeen,0.000255,0,0
###lirfeet###,lileeet,kirjeet,0.039656,kirjeet,0.039656,0,0
###girjrin###,irririn,kirjein,0.008473,kirjein,0.008473,0,0
###yirvoja###,yirvoja,siivous,0.078842,kirjoja,0.023854,0,0
###kirgkla###,kirkkla,kirkkoa,0.095112,kirkkoa,0.095112,0,0
###kisaoya###,kisaaaa,kisassa,0.367706,kisassa,0.367706,0,0
###kntojen###,kotojen,katujen,0.084630,kisojen,0.001213,0,0
###käuisen###,käuisen,välisen,0.019897,kitisen,0.009495,0,0
###kitniyä###,kiknyyä,kääntyä,0.060637,kittilä,0.011685,0,0
###kidbnen###,kiniden,kanadan,0.030332,kivinen,0.004976,0,0
###sivisdö###,sividsö,kivistö,0.042550,kivistö,0.042550,0,0
###vlfkkaa###,volkkaa,palkkaa,0.043830,klikkaa,0.000422,0,0
###krpissa###,krrissa,kurissa,0.554992,kodissa,0.007913,0,0
###koöisla###,kooilla,monilla,0.003804,kodista,0.001422,0,0
###kletlan###,keellan,kreikan,0.021841,koetaan,0.020962,0,0
###kohmaga###,kohaava,kohdata,0.017236,kohdata,0.017236,0,0
###kottuan###,kottuan,koetaan,0.009710,kohtaan,0.006511,0,0
###kphbalo###,kolpala,karjala,0.001550,kohtalo,0.000380,0,0
###koötöen###,koötden,kohteen,0.015147,kohteen,0.015147,0,0
###kähveet###,käheeet,kohteet,0.032499,kohteet,0.032499,0,0
###kofbelu###,kolkulu,kohtelu,0.168816,kohtelu,0.168816,0,0
###koiugen###,kououen,loppuun,0.003787,koirien,0.000268,0,0
###vsittaa###,veittaa,viittaa,0.033840,koittaa,0.000017,0,0
###kyivuta###,kyivuta,korvata,0.050717,koivula,0.032634,0,0
###kdktile###,kottile,kittilä,0.070572,kokeile,0.013457,0,0
###äokailu###,alkkilu,kokeilu,0.078970,kokeilu,0.078970,0,0
###kofemjs###,kovimms,kokemus,0.179316,kokemus,0.179316,0,0
###kskeaut###,kakkeut,kukkien,0.031563,kokenut,0.004342,0,0
###yokemaa###,ohkemaa,kokevaa,0.026712,kokevaa,0.026712,0,0
###ifkevat###,iikkvat,aikovat,0.057667,kokevat,0.001300,0,0
###kokibtt###,kokittt,kokivat,0.054799,kokivat,0.054799,0,0
###kolmola###,kolmola,kulmala,0.138333,kokkola,0.017912,0,0
###kglkeen###,kelkeen,kylkeen,0.047987,kolmeen,0.003479,0,0
###kolilna###,kolilna,kolmena,0.009481,kolmena,0.009481,0,0
###kolörni###,kolirni,kolumni,0.182072,kolumni,0.182072,0,0
###kodieea###,kodieea,kohteen,0.026257,komitea,0.019383,0,0
###klneima###,kekeima,sekoita,0.005599,koneita,0.001686,0,0
###koledta###,kolelta,kodista,0.050126,konetta,0.006985,0,0
###koönnet###,konnnet,kovanen,0.012510,koonnut,0.005271,0,0
###keoetui###,keketui,kääntyi,0.008862,koostui,0.003962,0,0
###kaottuu###,kaottuu,koostuu,0.014282,koostuu,0.014282,0,0
###kootidn###,kootion,kootaan,0.185926,kootaan,0.185926,0,0
###kopoaän###,koooaan,korkean,0.019526,koponen,0.000994,0,0
###krrjaha###,kahjaja,kahtena,0.002307,korjata,0.000038,0,0
###koajaäs###,kaojaas,korjaus,0.281357,korjaus,0.281357,0,0
###kookeha###,kokkeea,kokevaa,0.004579,korkeaa,0.001076,0,0
###öorkedn###,ytkenun,ykkönen,0.022614,korkean,0.000050,0,0
###lorknat###,lonknat,korkeat,0.055160,korkeat,0.055160,0,0
###korfern###,korreun,korkean,0.040240,korkein,0.022766,0,0
###körkehs###,kekkeys,kenties,0.014116,korkeus,0.001688,0,0
###kornoaa###,kornoaa,korkoja,0.012580,korkoja,0.012580,0,0
###kntosti###,kotilti,korosti,0.012234,korosti,0.012234,0,0
###äorotas###,äääotus,korotus,0.031452,korotus,0.031452,0,0
###lorpsla###,loppsla,korpela,0.033003,korpela,0.033003,0,0
###kyruuun###,kyruuun,korsuun,0.341519,korsuun,0.341519,0,0
###kortöua###,kortuua,korsuun,0.036605,korttia,0.017807,0,0
###klävata###,kalvata,korvata,0.088510,korvata,0.088510,0,0
###koovavs###,koovavs,korvaus,0.510558,korvaus,0.510558,0,0
###kägvina###,käivina,korvina,0.059586,korvina,0.059586,0,0
###koävaan###,koovaan,kankaan,0.036750,koskaan,0.031004,0,0
###koväela###,kovvela,kovalla,0.072603,koskela,0.011185,0,0
###käskeja###,käskoje,kärkeen,0.055437,koskeva,0.006434,0,0
###kodpien###,koipien,koirien,0.099053,koskien,0.014452,0,0
###kosdnsn###,kononon,kosonen,0.029576,kosonen,0.029576,0,0
###koltevs###,koltevs,kolmeen,0.022135,kosteus,0.001888,0,0
###jotvmaa###,jotamaa,kotimaa,0.143053,kotimaa,0.143053,0,0
###öotidsa###,ottidss,ottivat,0.188203,kotinsa,0.003241,0,0
###kouvuaa###,kouvuna,kouvola,0.080109,kouluja,0.013507,0,0
###krulubn###,kuruuun,korsuun,0.018557,kouluun,0.004382,0,0
###eouoola###,epuoola,kouvola,0.034127,kouvola,0.034127,0,0
###koktlla###,kotklla,kovalla,0.062232,kovalla,0.062232,0,0
###äovanmn###,ovvonmn,hevonen,0.004503,kovanen,0.000690,0,0
###koeasua###,kooasua,kovassa,0.019278,kovassa,0.019278,0,0
###kvvaeti###,kvvatti,kovasti,0.136648,kovasti,0.136648,0,0
###kguikan###,kuöikan,kurikan,0.193323,kreikan,0.008052,0,0
###oreikia###,oreikia,kreikka,0.029547,kreikka,0.029547,0,0
###kuiistn###,kuiisen,kriisin,0.045976,kriisin,0.045976,0,0
###kubisiä###,kukisiä,kriisiä,0.045510,kriisiä,0.045510,0,0
###krestns###,krrstos,kristus,0.649848,kristus,0.649848,0,0
###kroaaäa###,kroraaa,erottaa,0.028721,kroatia,0.007365,0,0
###kpkavsi###,kakavsi,paketti,0.043295,kukaksi,0.003171,0,0
###kgdinta###,kyöiita,kodista,0.020108,kukinta,0.008803,0,0
###kubkijn###,kukkiin,kulujen,0.011894,kukkien,0.005581,0,0
###hulbeva###,huleeva,kulkeva,0.023815,kulkeva,0.023815,0,0
###kusiala###,kussala,koskela,0.003841,kulmala,0.001362,0,0
###vuljjen###,vuljjen,kulujen,0.123590,kulujen,0.123590,0,0
###kuhunöt###,kuhunet,kohteet,0.016908,kulunut,0.010490,0,0
###kulevus###,kulevus,kulutus,0.123273,kulutus,0.123273,0,0
###khluyan###,kyllaan,kohtaan,0.026972,kuluvan,0.002151,0,0
###kumpeea###,kumpeee,kuuteen,0.109251,kumpula,0.002775,0,0
###gulnian###,bulnnan,suunnan,0.005013,kunnian,0.001341,0,0
###hpntaan###,hantaan,haetaan,0.046055,kuntaan,0.000068,0,0
###kuatken###,kuukken,kuuteen,0.047715,kuntien,0.001551,0,0
###uuntäin###,uuuttin,muutkin,0.027849,kuntiin,0.003609,0,0
###tuntobn###,tuttnon,tunteen,0.073748,kuntoon,0.000955,0,0
###kuolvja###,kuoloja,kuolema,0.005643,kuolema,0.005643,0,0
###kvoalut###,kooaltt,kuollut,0.012123,kuollut,0.012123,0,0
###kuonirn###,kuonirn,kuorman,0.006561,kuopion,0.001738,0,0
###kuotfen###,kuotoen,kuntien,0.022360,kuoreen,0.007672,0,0
###kfomman###,kokmman,kuorman,0.021842,kuorman,0.021842,0,0
###kuoiian###,kuoiian,kurikan,0.011698,kurikan,0.011698,0,0
###kurbkua###,kurukua,kurikka,0.208261,kurikka,0.208261,0,0
###jurisea###,jurissa,kurissa,0.095748,kurissa,0.095748,0,0
###dfronen###,fodendn,tarinan,0.002346,kuronen,0.000294,0,0
###kartsia###,kartsia,korttia,0.024511,kurssia,0.010856,0,0
###durusin###,uuuddin,ruumiin,0.017970,kurssin,0.002851,0,0
###jursnit###,jursnit,kurssit,0.154185,kurssit,0.154185,0,0
###kutaobn###,kutaoon,kutakin,0.328648,kutakin,0.328648,0,0
###kuuslgt###,kuullut,kuullut,0.138679,kuullut,0.138679,0,0
###käuluva###,käuluva,kuuluva,0.933139,kuuluja,0.002226,0,1
###ruulula###,ruulula,tuusula,0.031336,kuuluva,0.002453,0,0
###ktunana###,kuunana,kannata,0.202270,kuumana,0.079658,0,0
###kjfsamo###,kossamo,kuusamo,0.048273,kuusamo,0.048273,0,0
###yuuseaa###,uueseaa,kuusela,0.004251,kuusela,0.004251,0,0
###kuptsen###,kuttsen,kuntien,0.014138,kuuteen,0.003259,0,0
###kuuykon###,kuuyken,kutakin,0.026255,kuution,0.000273,0,0
###rövaaja###,rröaaja,kuvaaja,0.061682,kuvaaja,0.061682,0,0
###iuvahva###,vhhaava,kuvaava,0.008314,kuvaava,0.008314,0,0
###kjvasra###,kovasla,kovalla,0.077569,kuvassa,0.002312,0,0
###kyvarta###,kyvarta,kuvattu,0.056041,kuvasta,0.042595,0,0
###kuvaädu###,kuvakdu,kuvattu,0.722167,kuvattu,0.722167,0,0
###ouäissa###,ouoissa,oloissa,0.352951,kuvissa,0.002106,0,0
###luvlsta###,lulusta,kuvista,0.052949,kuvista,0.052949,0,0
###kuvmtls###,kuvulls,kulutus,0.021660,kuvitus,0.006826,0,0
###vymnnyt###,vyvynyt,pysynyt,0.349313,kyennyt,0.014237,0,0
###uykepee###,uukepee,uudelle,0.066078,kykenee,0.013482,0,0
###eälkeen###,ellkeen,suureen,0.006173,kylkeen,0.000926,0,0
###knlphlä###,kyppllä,kylpylä,0.015399,kylpylä,0.015399,0,0
###kjlkssä###,kelkssä,kelasta,0.026575,kylässä,0.015031,0,0
###kylrktä###,kyryktä,kylästä,0.027071,kylästä,0.027071,0,0
###kidellä###,kidellä,kädellä,0.269122,kysellä,0.002084,0,0
###kytalyn###,kytalyn,kyselyn,0.021192,kyselyn,0.021192,0,0
###kusslyt###,kusslyt,kyselyt,0.123116,kyselyt,0.123116,0,0
###kisyeys###,kiseeys,kisassa,0.011924,kysymys,0.006205,0,0
###kypynoä###,kypynoä,kysyntä,0.619926,kysyntä,0.619926,0,0
###kydyhty###,kydytty,kysytty,0.188337,kysytty,0.188337,0,0
###kysovat###,kosyvat,kysyvät,0.127415,kysyvät,0.127415,0,0
###fyytiän###,yyytiin,myytiin,0.054663,kyytiin,0.047196,0,0
###kuöötin###,kööitin,kyöstin,0.486183,kyöstin,0.486183,0,0
###dddellä###,ddddllä,todella,0.053723,kädellä,0.034978,0,0
###kyyessä###,kydessä,kylässä,0.049618,kädessä,0.005111,0,0
###käätstä###,kättstä,kädestä,0.128469,kädestä,0.128469,0,0
###ksfylän###,kylälän,kylkeen,0.007990,käpylän,0.000019,0,0
###gärkten###,kääetän,tärkeän,0.006001,kärkeen,0.000078,0,0
###käpilsi###,käpilsi,käsiksi,0.091208,käsiksi,0.091208,0,0
###kanillä###,kanillä,käsillä,0.009191,käsillä,0.009191,0,0
###kgsiosä###,kossosä,katsoen,0.035534,käsissä,0.000337,0,0
###käsrrtä###,kärrstä,kädestä,0.030924,käsistä,0.019351,0,0
###kssitds###,kksikos,käsitys,0.012174,käsitys,0.012174,0,0
###sätinsä###,sätinsä,äitinsä,0.046232,kätensä,0.006252,0,0
###äävtlee###,äätttee,äärelle,0.124242,kävelee,0.000824,0,0
###kägpllä###,käppllä,käsillä,0.182114,kävellä,0.025185,0,0
###kduijät###,kusijtt,kävijät,0.296093,kävijät,0.296093,0,0
###kävidyä###,kävimyä,kävijää,0.156524,kävijää,0.156524,0,0
###käkimde###,kädimee,kävimme,0.195014,kävimme,0.195014,0,0
###kavivpt###,kavivit,kävivät,0.464709,kävivät,0.464709,0,0
###käfvään###,käyvään,käymään,0.024804,käydään,0.016441,0,0
###ktymärn###,kyrmään,kyselyn,0.001864,käymään,0.000263,0,0
###käynbdt###,käyndöt,käyneet,0.359824,käyneet,0.359824,0,0
###käyjyin###,käylyin,käytiin,0.248873,käynnin,0.221743,0,0
###käyresä###,kärresä,kärkeen,0.011864,käytetä,0.010283,0,0
###kähjiin###,kähliin,nähtiin,0.029670,käytiin,0.029014,0,0
###kkyttaä###,kyyttää,kenttää,0.032221,käyttää,0.018766,0,0
###käytddä###,kädtddä,kädellä,0.198993,käyttöä,0.046123,0,0
###köyeävä###,kyyvävä,käytävä,0.307009,käytävä,0.307009,0,0
###käfnmös###,kääimös,kävimme,0.042781,käännös,0.010437,0,0
###keävtyi###,kevätyi,kehotti,0.010699,kääntyi,0.002564,0,0
###kgäntpy###,käspnyy,kyennyt,0.020516,kääntyy,0.001807,0,0
###kppntyä###,käpytyä,käpylän,0.013837,kääntyä,0.008417,0,0
###näänoää###,näänoää,kääntää,0.584139,kääntää,0.584139,0,0
###höuhien###,höuhien,köyhien,0.159893,köyhien,0.159893,0,0
###bödhyys###,ködhyys,köyhyys,0.127536,köyhyys,0.127536,0,0
###layjkan###,laajjan,laajaan,0.108352,laajaan,0.108352,0,0
###yaajemi###,aiajemi,avautui,0.009682,laajeni,0.002375,0,0
###laasvja###,laasaja,laajoja,0.033835,laajoja,0.033835,0,0
###earjuus###,ejrjuus,eurojen,0.005349,laajuus,0.003302,0,0
###laajöon###,laajjon,laajaan,0.325553,laakson,0.220359,0,0
###lahtuhn###,lahtnun,tahtiin,0.016416,laatuun,0.005666,0,0
###laejkvi###,lavkkii,laeiksi,0.026366,laeiksi,0.026366,0,0
###lrhjöja###,rahjuja,lahjoja,0.037151,lahjoja,0.037151,0,0
###ljjnata###,lanaata,lainata,0.017910,lainata,0.017910,0,0
###ohisten###,ohisten,toisten,0.023148,laisten,0.004094,0,0
###llinaan###,llinaan,kiinaan,0.194284,laitaan,0.112969,0,0
###loijila###,loilila,laitila,0.315269,laitila,0.315269,0,0
###lantpaa###,lantaaa,laittaa,0.285014,laittaa,0.285014,0,0
###lvittki###,letttki,levikki,0.015923,laittoi,0.003522,0,0
###laptuti###,laptuti,laituri,0.014383,laituri,0.014383,0,0
###mapibsa###,mamissa,salissa,0.007804,lapissa,0.004601,0,0
###llusena###,luusena,lapsena,0.246808,lapsena,0.246808,0,0
###äapsini###,äääsini,pääsisi,0.104496,lapseni,0.002433,0,0
###lrpsimn###,lersion,version,0.158756,lapsiin,0.057543,0,0
###öaosuus###,osasuus,paksuus,0.052180,lapsuus,0.017598,0,0
###sasköun###,saskuun,sanotun,0.024885,laskuun,0.014372,0,0
###ukssila###,ussslla,uusilla,0.295503,lassila,0.000374,0,0
###lattsyn###,lattsyn,lattian,0.146276,lattian,0.146276,0,0
###sätvala###,satvala,latvala,0.033291,latvala,0.033291,0,0
###farlaja###,fajaaja,kantaja,0.012131,laulaja,0.008112,0,0
###lauämja###,laamjja,luomaan,0.042354,lauluja,0.011819,0,0
###tauaila###,taulila,tautien,0.010253,laurila,0.003196,0,0
###latälla###,latalla,lavalla,0.130287,lavalla,0.130287,0,0
###lnnalle###,lonalle,lavalle,0.023306,lavalle,0.023306,0,0
###lpgönda###,lyppnda,sippola,0.013257,legenda,0.000953,0,0
###fahmien###,hahmien,huomion,0.002085,lehmien,0.000652,0,0
###lphueen###,lehheen,lehteen,0.699370,lehteen,0.699370,0,0
###llatien###,laltien,lattian,0.070447,lehtien,0.009497,0,0
###iihtola###,iihtola,viitala,0.014306,lehtola,0.001825,0,0
###ldhtoöi###,lohttri,lehtori,0.030559,lehtori,0.030559,0,0
###lmskata###,lakaata,lainata,0.014209,leikata,0.009170,0,0
###kemkkaa###,kemkkaa,kemusta,0.064254,leikkaa,0.001709,0,0
###leikmgä###,lemkkää,leikkiä,0.128855,leikkiä,0.128855,0,0
###leipeko###,leiseko,lehteen,0.050831,leipomo,0.041595,0,0
###lvpismö###,lepiökö,lepistö,0.303395,lepistö,0.303395,0,0
###lefpäkä###,leeäkkä,leikkiä,0.018648,leppälä,0.009966,0,0
###mevjkki###,menikki,menetti,0.021850,levikki,0.003487,0,0
###liökfan###,liökkan,lieksan,0.013051,lieksan,0.013051,0,0
###lieoiyn###,liedien,liemien,0.329967,liemien,0.329967,0,0
###nietvua###,ninteva,mittava,0.068916,liettua,0.001352,0,0
###lieakpi###,lieakpi,liiaksi,0.126724,liiaksi,0.126724,0,0
###öiikyua###,iökhhuö,mökille,0.015647,liikkua,0.000031,0,0
###lihakuu###,lihakuu,liikkuu,0.089825,liikkuu,0.089825,0,0
###liettöi###,liettiö,liittyi,0.127993,liittyi,0.127993,0,0
###lvihtyy###,lihätyy,liittyy,0.224404,liittyy,0.224404,0,0
###lfiteyä###,leetyyä,liittyä,0.352099,liittyä,0.352099,0,0
###liiänää###,liinnnä,liittyä,0.099963,liittää,0.056455,0,0
###kimibka###,kimikka,sinikka,0.024525,liminka,0.022515,0,0
###biytuja###,bijuuja,toimija,0.011333,lintuja,0.000734,0,0
###uippuva###,upppuua,opettaa,0.008310,lippuja,0.000995,0,0
###lifäioi###,lilliki,lisäisi,0.129919,lisäisi,0.129919,0,0
###lislkvi###,lilkkvi,lisäksi,0.060613,lisäksi,0.060613,0,0
###lioäpty###,liiitty,lisätty,0.192512,lisätty,0.192512,0,0
###lltkuva###,lltkuva,latvala,0.121258,liukuva,0.008182,0,0
###äiuosra###,äiiosra,liuosta,0.035928,liuosta,0.035928,0,0
###lyiäaan###,lyidaan,laitaan,0.032250,loimaan,0.021747,0,0
###mokmkuu###,mokkmuu,lokakuu,0.102133,lokakuu,0.102133,0,0
###loraöla###,roraala,korpela,0.001000,lomalla,0.000705,0,0
###lomdloe###,lommlle,lomalle,0.767948,lomalle,0.767948,0,0
###gnmassa###,nnasssa,kurssia,0.023419,lomassa,0.000066,0,0
###lyntdon###,lyttnon,laatuun,0.012465,lontoon,0.002976,0,0
###lkpetii###,lopetii,lopetti,0.346198,lopetti,0.346198,0,0
###mappuun###,maupuun,vastuun,0.012443,loppuun,0.001169,0,0
###lopuuei###,lopuhsi,lopetti,0.238220,lopuksi,0.140002,0,0
###lorumla###,lorulla,torilla,0.005436,lopulla,0.000930,0,0
###fopvlta###,ooovlta,korvata,0.017142,lopulta,0.000408,0,0
###loäuisa###,laulisa,laurila,0.028211,lopussa,0.001776,0,0
###lotuloe###,lotoldo,lotalle,0.081045,lotalle,0.081045,0,0
###leunhan###,lehnnan,lounaan,0.022878,lounaan,0.022878,0,0
###lovpita###,lopvita,nopeita,0.105571,loviisa,0.034063,0,0
###nuennji###,nennnji,kääntyi,0.020053,luennoi,0.007897,0,0
###muejnon###,munnnon,muhonen,0.010607,luennon,0.009872,0,0
###luenrät###,luertät,luennot,0.058549,luennot,0.058549,0,0
###loetäan###,loetaan,luetaan,0.569490,luetaan,0.569490,0,0
###lukynnt###,lykuntt,lukenut,0.054462,lukenut,0.054462,0,0
###lukeäaa###,lukkäaa,lukijaa,0.122737,lukijaa,0.122737,0,0
###lukupan###,lukunan,lukijan,0.070997,lukijan,0.070997,0,0
###pukinat###,pukinat,lukijat,0.009544,lukijat,0.009544,0,0
###lrkujtn###,lrkujät,lukujen,0.189280,lukujen,0.189280,0,0
###ruodaun###,ruodaun,tuodaan,0.046993,luodaan,0.028881,0,0
###luoaöaa###,luolaaa,luottaa,0.058763,luokkaa,0.051407,0,0
###lunmgan###,lulmkan,luomaan,0.295042,luomaan,0.295042,0,0
###luovdet###,luvvltt,luvattu,0.068806,luoneet,0.047966,0,0
###juonyon###,juonnon,juvonen,0.042691,luonnon,0.016067,0,0
###luonöya###,luonaja,luontoa,0.103133,luontoa,0.103133,0,0
###kuojava###,kuojava,kuvaava,0.099466,luotava,0.057810,0,0
###ldoviin###,loiviin,luotiin,0.021100,luotiin,0.021100,0,0
###lootoaa###,llottoa,luottaa,0.061419,luottaa,0.061419,0,0
###lusvrus###,luluuus,kulutus,0.159434,luovuus,0.135303,0,0
###ökulisi###,köölisi,höyläsi,0.095903,luulisi,0.004219,0,0
###lmvaska###,levaksa,lavalla,0.111115,luvassa,0.032725,0,0
###lybattu###,lylattu,luvattu,0.075105,luvattu,0.075105,0,0
###guvvlla###,vuvvlla,luvulla,0.072526,luvulla,0.072526,0,0
###luoumsa###,luoumma,luotava,0.024683,luvussa,0.001107,0,0
###kdhyitä###,kyhyitä,lyhyitä,0.257865,lyhyitä,0.257865,0,0
###syhattä###,syhättä,syvästi,0.009330,lyhyttä,0.005346,0,0
###lähegre###,lehääre,lähelle,0.292189,lähelle,0.292189,0,0
###läherhä###,lähenrä,lähellä,0.035641,lähellä,0.035641,0,0
###llmeltä###,llmeltä,nimeltä,0.035097,läheltä,0.034134,0,0
###lmaetin###,lametin,lähetin,0.042226,lähetin,0.042226,0,0
###nhhetti###,hhhetti,aihetta,0.030356,lähetti,0.016992,0,0
###gähptys###,kähttys,lähetys,0.131772,lähetys,0.131772,0,0
###iäyinnä###,iiäinnä,lähinnä,0.049867,lähinnä,0.049867,0,0
###läbttet###,lälttet,lähteet,0.097523,lähteet,0.097523,0,0
###luhtikn###,luhtikn,lähtien,0.005922,lähtien,0.005922,0,0
###nehtöön###,tehtöön,tehtaan,0.010041,lähtöön,0.000936,0,0
###ljndeen###,loneeen,länteen,0.017180,länteen,0.017180,0,0
###gäädäri###,äääääri,itäinen,0.045088,lääkäri,0.004045,0,0
###mpanlma###,mannama,maisema,0.022222,maailma,0.020513,0,0
###mvaraus###,maraass,maalaus,0.059130,maalaus,0.059130,0,0
###maauimn###,maamimn,maaliin,0.171561,maaliin,0.171561,0,0
###bantila###,bantila,mattila,0.016023,maatila,0.000343,0,0
###mbhtjva###,mahtvva,mahtava,0.166823,mahtava,0.166823,0,0
###äaineln###,aiineen,paineen,0.052998,maineen,0.047080,0,0
###mhinjta###,minnjta,minusta,0.035780,mainita,0.006190,0,0
###maköema###,makkema,makseta,0.051291,maisema,0.030884,0,0
###maivtpu###,maisttu,maistuu,0.057839,maistuu,0.057839,0,0
###äabseta###,aäeesta,makseta,0.004613,makseta,0.004613,0,0
###mgksvmi###,moksimi,maksimi,0.257468,maksimi,0.257468,0,0
###iaksuöa###,isasuoa,kurssia,0.008497,maksuja,0.000704,0,0
###gakujon###,avkujun,aikojen,0.391791,makujen,0.005326,0,0
###majunen###,manunen,malinen,0.066384,malinen,0.066384,0,0
###mslleka###,melkela,melkein,0.024960,malleja,0.002225,0,0
###malbpen###,malpmen,malinen,0.047653,mallien,0.004622,0,0
###mnsliin###,mensiin,mentiin,0.095806,malliin,0.005942,0,0
###mirijta###,mirijta,maritta,0.198464,maritta,0.198464,0,0
###mmmjoja###,mrmmoja,muotoja,0.132203,marjoja,0.041546,0,0
###mbräkaa###,markaaa,markkaa,0.003716,markkaa,0.003716,0,0
###yatalun###,altalun,alkavan,0.011644,matalan,0.000496,0,0
###mayesia###,maeesia,materia,0.022598,materia,0.022598,0,0
###matklön###,matklan,matalan,0.249360,matkaan,0.121654,0,0
###matktha###,matakaa,materia,0.019149,matkoja,0.004159,0,0
###mantpla###,mantlla,rantala,0.017181,mattila,0.005498,0,0
###maukela###,maukela,maunula,0.021686,maunula,0.021686,0,0
###mekaspi###,mekappi,metalli,0.018133,melassi,0.004443,0,0
###metkpin###,memkkin,itsekin,0.009857,melkein,0.000515,0,0
###mvnutti###,menutti,menetti,0.110397,menetti,0.110397,0,0
###mlnemys###,mesemys,menetys,0.420747,menetys,0.420747,0,0
###mlnekän###,menkkän,menevän,0.128692,menevän,0.128692,0,0
###mknevmt###,menemmt,menevät,0.101124,menevät,0.101124,0,0
###meniett###,menitet,menivät,0.122103,menivät,0.122103,0,0
###tenyeen###,teneeen,tuoreen,0.032163,menneen,0.001001,0,0
###metfeet###,meteeet,menneet,0.126021,menneet,0.126021,0,0
###senpään###,senpään,sentään,0.387207,mennään,0.002146,0,0
###menäjun###,menäjen,menojen,0.421580,menojen,0.421580,0,0
###jonossa###,jonjssa,monessa,0.068908,menossa,0.001594,0,0
###mkngiin###,menniin,mentiin,0.194332,mentiin,0.194332,0,0
###kereale###,keraale,kertaan,0.039127,merelle,0.012308,0,0
###jerillä###,jerillä,perillä,0.186143,merellä,0.003435,0,0
###mhrmitä###,myrmitä,merkitä,0.034977,merkitä,0.034977,0,0
###narkkiä###,nankkiä,merkkiä,0.077613,merkkiä,0.077613,0,0
###gejtari###,etttgri,erottuu,0.065381,mestari,0.002059,0,0
###mntarli###,motalli,metalli,0.652757,metalli,0.652757,0,0
###mvtaiin###,mataiin,metriin,0.136242,metriin,0.136242,0,0
###meksren###,mekseen,makseta,0.044644,metsien,0.003893,0,0
###jltsään###,jätstän,jaoston,0.006413,metsään,0.000142,0,0
###mirheli###,mirheli,mikkeli,0.203785,mieheni,0.025666,0,0
###mirbenä###,mirrenä,merellä,0.016015,miehenä,0.006608,0,0
###oigleen###,oieleen,oinonen,0.021507,mieleen,0.003106,0,0
###miehtan###,miehtan,muistan,0.027940,miesten,0.002759,0,0
###jietpii###,jiettii,vietiin,0.109036,miettii,0.036921,0,0
###mnetttä###,mentttä,menetti,0.029230,miettiä,0.001511,0,0
###mbkkbli###,molkili,melkein,0.007263,mikkeli,0.004275,0,0
###mipdiin###,mimdiin,mikkiin,0.070904,mikkiin,0.070904,0,0
###hinkola###,hinkola,hankala,0.062198,mikkola,0.006152,0,0
###mitlobn###,milaoon,milloin,0.257925,milloin,0.257925,0,0
###mslläan###,mallään,millään,0.278703,millään,0.278703,0,0
###sinkäbn###,sisäkän,sinäkin,0.060144,minkään,0.000196,0,0
###mnnrlla###,monalla,minulla,0.083174,minulla,0.083174,0,0
###mmnusle###,monulle,minulle,0.263738,minulle,0.263738,0,0
###öitulta###,iiöutua,sipulia,0.003434,minulta,0.001936,0,0
###mhnuksa###,manuksa,minusta,0.057513,minussa,0.031419,0,0
###minomta###,minomta,minusta,0.099480,minusta,0.099480,0,0
###biiäkin###,iiuäkin,minäkin,0.006339,minäkin,0.006339,0,0
###miryfmi###,myrämmi,mirjami,0.154714,mirjami,0.154714,0,0
###mishjän###,misjjän,mistään,0.071741,missään,0.054428,0,0
###mlstägn###,mesäään,neljään,0.004970,mistään,0.000174,0,0
###rioattu###,rioattu,rajattu,0.204715,mitattu,0.021195,0,0
###mitmaön###,mitaaan,mukavan,0.002552,mittaan,0.002050,0,0
###öittkri###,ittttkö,etteikö,0.083163,mittari,0.000301,0,0
###mivtäus###,mittäus,mittaus,0.816201,mittaus,0.816201,0,0
###liutava###,liutava,luotava,0.144700,mittava,0.039296,0,0
###fsderni###,foenoii,frendit,0.053908,moderni,0.001811,0,0
###mknelda###,monella,monella,0.466537,monella,0.466537,0,0
###msneyle###,myneele,hannele,0.005671,monelle,0.001448,0,0
###mgselta###,meselta,monelta,0.111466,monelta,0.111466,0,0
###monenöa###,monenna,monella,0.225351,monessa,0.109546,0,0
###monaota###,monaata,monista,0.032787,monesta,0.014289,0,0
###monrbti###,montati,monesti,0.206334,monesti,0.206334,0,0
###honilna###,honilsa,monilla,0.030574,monilla,0.030574,0,0
###mänihle###,mänille,märille,0.273986,monille,0.257317,0,0
###mobiläa###,molilia,monilla,0.024335,monilta,0.009775,0,0
###munrssa###,munsssa,turussa,0.012217,monissa,0.004014,0,0
###moniyja###,monioja,mononen,0.030708,monista,0.016959,0,0
###monohsn###,monosen,mononen,0.214153,mononen,0.214153,0,0
###mobtaso###,motaaso,sotkamo,0.013642,montako,0.009677,0,0
###morhiön###,morhiin,morsian,0.319885,morsian,0.319885,0,0
###mptmvan###,muttman,mittaan,0.110543,motivan,0.099638,0,0
###mogivyi###,mhiivii,muistin,0.050240,motivoi,0.006583,0,0
###mudoren###,mudoren,muhonen,0.054301,muhonen,0.054301,0,0
###mulstba###,mulstaa,muistaa,0.292146,muistaa,0.292146,0,0
###msrstan###,marstan,morsian,0.217031,muistan,0.026468,0,0
###muisjyn###,muisjen,maineen,0.014676,muistin,0.009584,0,0
###muisggt###,meusket,hauskat,0.043470,muistot,0.004128,0,0
###mfkfvaa###,mokavaa,mukavaa,0.260014,mukavaa,0.260014,0,0
###eukgvan###,eukkvan,tukevan,0.218268,mukavan,0.050544,0,0
###mufyvia###,muyivia,mukavia,0.120061,mukavia,0.120061,0,0
###muskbta###,musssta,uusista,0.041843,muokata,0.018178,0,0
###suotden###,suoteen,suhteen,0.021902,muotien,0.001785,0,0
###juttoja###,juttoja,juttuja,0.650333,muotoja,0.017435,0,0
###muodfon###,muddoon,museoon,0.097530,muotoon,0.053449,0,0
###muiumen###,muuijen,muotien,0.007213,murujen,0.003186,0,0
###museavn###,museavn,museoon,0.113018,museoon,0.113018,0,0
###yaualla###,alualla,asialla,0.058068,muualla,0.001769,0,0
###mpäalle###,maralle,muualle,0.025326,muualle,0.025326,0,0
###muralra###,murrrla,murujen,0.010928,muualta,0.000033,0,0
###miurjme###,mirrjme,muurame,0.048611,muurame,0.048611,0,0
###muejama###,muemama,muutama,0.156718,muutama,0.156718,0,0
###moubkin###,moukkin,muutoin,0.009845,muutkin,0.006337,0,0
###ruutofn###,rurouun,runojen,0.032385,muutoin,0.000100,0,0
###muuftia###,muuutia,muuttua,0.088448,muuttaa,0.021348,0,0
###mautyua###,mautuua,maunula,0.027637,muuttua,0.002440,0,0
###mduttoi###,mudttoi,muuttui,0.187222,muuttui,0.187222,0,0
###fuuetuu###,uuuuuuu,puuttuu,0.030026,muuttuu,0.012886,0,0
###mvllygä###,myläylä,myllylä,0.085791,myllylä,0.085791,0,0
###myyeäan###,myeyään,myymään,0.070887,myydään,0.036280,0,0
###mnyöälä###,myynälä,myymälä,0.318084,myymälä,0.318084,0,0
###myyoaän###,myyhään,myydään,0.200670,myymään,0.189671,0,0
###mfytnin###,myntnin,mentiin,0.022915,myynnin,0.011065,0,0
###uyyjtiä###,ysyytiä,lyhyttä,0.007059,myyntiä,0.003023,0,0
###mäitiin###,mäitiin,mentiin,0.058276,myytiin,0.053862,0,0
###mygtsvä###,myttyvä,myytävä,0.116117,myytävä,0.116117,0,0
###myöevän###,myöevän,menevän,0.260124,myöhään,0.001477,0,0
###mäönvää###,männvää,mäntylä,0.052842,myöntää,0.000595,0,0
###myöegin###,myöäkin,myöskin,0.124589,myöskin,0.124589,0,0
###upenpää###,epenpää,enempää,0.079311,mäenpää,0.018234,0,0
###bäeelän###,eäällän,etelään,0.003985,mäkelän,0.000496,0,0
###mäoinnn###,mäonnnn,luonnon,0.032599,mäkinen,0.004581,0,0
###mäkgplä###,mämpplä,mäntylä,0.005528,mäkipää,0.000484,0,0
###mäkibän###,mäkkään,mäkelän,0.050354,mäkisen,0.002977,0,0
###mäntpnä###,männpää,mäntylä,0.131078,mäntylä,0.131078,0,0
###kälille###,kälille,välille,0.271719,märille,0.003332,0,0
###kfärätä###,kärrätä,käytävä,0.017325,määrätä,0.009610,0,0
###mläräfs###,mälääss,määräys,0.017848,määräys,0.017848,0,0
###äääaään###,ääääään,päätään,0.059525,määrään,0.044578,0,0
###nökilae###,noneeia,tukevia,0.001777,mökille,0.000053,0,0
###möiinlä###,miiiilä,mökillä,0.008213,mökillä,0.008213,0,0
###nampdri###,namprri,nappasi,0.261985,naapuri,0.098398,0,0
###nyisöin###,nyisiin,naisiin,0.361535,naisiin,0.361535,0,0
###javsten###,jatsten,jaoston,0.009879,naisten,0.001608,0,0
###djppasi###,japaass,sodassa,0.014993,nappasi,0.004172,0,0
###nessali###,nessali,naskali,0.657717,naskali,0.657717,0,0
###nassgla###,nasslla,nastola,0.175852,nastola,0.175852,0,0
###nauthla###,nautala,hautala,0.352097,nauttia,0.048780,0,0
###suuttii###,suuttii,suutari,0.081113,nauttii,0.060527,0,0
###ndvejan###,nonejän,nenonen,0.018431,navetan,0.018134,0,0
###navejda###,navedja,navetta,0.378390,navetta,0.378390,0,0
###belöötä###,pelnötä,neliötä,0.218898,neliötä,0.218898,0,0
###neljvvn###,nelvvvn,nelonen,0.044881,neljään,0.015309,0,0
###neforen###,neroeen,nesteen,0.018500,nelonen,0.003715,0,0
###nnloven###,noloven,solujen,0.009084,nelosen,0.005562,0,0
###nenoöun###,nenokun,nesteen,0.009434,nenonen,0.006632,0,0
###neutuen###,neutuen,nesteen,0.410775,nesteen,0.410775,0,0
###netiöpä###,eepittä,tekijää,0.004872,netissä,0.000525,0,0
###nbgistä###,nettstä,netistä,0.108614,netistä,0.108614,0,0
###netkihn###,netnien,nettiin,0.024574,nettiin,0.024574,0,0
###neuvväa###,neuvvva,neuvoja,0.156939,neuvoja,0.156939,0,0
###nirmejä###,ninmejä,viinejä,0.019543,niemelä,0.004507,0,0
###fiinein###,iienein,pieneen,0.039023,niinkin,0.001163,0,0
###ngkkisä###,neksikä,nikkilä,0.018667,nikkilä,0.018667,0,0
###nklsuän###,nelsuän,nilsiän,0.135237,nilsiän,0.135237,0,0
###niyekki###,nikekki,nimeksi,0.053224,nimeksi,0.053224,0,0
###numnllä###,nunullä,nimellä,0.102997,nimellä,0.102997,0,0
###niäsltä###,näksstä,nimeltä,0.052489,nimeltä,0.052489,0,0
###ngmlnsä###,nemsnsä,nimensä,0.098130,nimensä,0.098130,0,0
###nlyessä###,nenessä,nimessä,0.291173,nimessä,0.291173,0,0
###nkmttty###,kymttty,nimetty,0.063115,nimetty,0.063115,0,0
###nsmingn###,seminan,haminan,0.002365,niminen,0.000988,0,0
###nimueen###,nimeeen,nimisen,0.032052,nimisen,0.032052,0,0
###ntmiusä###,netimsä,netissä,0.154170,nimissä,0.001074,0,0
###nimätvs###,nivävvs,nimitys,0.036049,nimitys,0.036049,0,0
###fipumsi###,fitumsi,finaali,0.042895,nipuksi,0.002080,0,0
###pojamla###,pojalla,nojalla,0.087527,nojalla,0.087527,0,0
###noneavn###,noneaen,nenonen,0.015270,nopeaan,0.006795,0,0
###nobaita###,notaita,nopeita,0.300584,nopeita,0.300584,0,0
###noydejn###,nondeen,nordean,0.051453,nordean,0.051453,0,0
###öbtaari###,trökari,työpaja,0.002083,notaari,0.000220,0,0
###neuäeva###,neueeva,nouseva,0.509031,nouseva,0.509031,0,0
###pouskut###,pouskut,noussut,0.088967,noussut,0.088967,0,0
###pousjun###,poisuun,korsuun,0.050447,nousuun,0.033438,0,0
###ljmeroa###,lemeora,lomalla,0.014188,numeroa,0.003882,0,0
###numirln###,numilin,jumalan,0.020368,numeron,0.016593,0,0
###npmetot###,nemetot,numerot,0.130168,numerot,0.130168,0,0
###nummöta###,nummtta,nummela,0.193017,nummela,0.193017,0,0
###nuotana###,nuotana,vuotena,0.011778,nuorena,0.000379,0,0
###nuoayin###,nuanain,niinkin,0.010555,nuoriin,0.004402,0,0
###äuorioo###,uuorioo,nuoriso,0.098002,nuoriso,0.098002,0,0
###nuorhln###,nuorlon,nuoriin,0.053693,nuorten,0.032569,0,0
###noreela###,noreela,monella,0.011322,nurmela,0.003207,0,0
###nykiäön###,nyknään,nykyään,0.062884,nykyään,0.062884,0,0
###nikänin###,nikänin,nykänen,0.003458,nykänen,0.003458,0,0
###nkdonia###,kokooia,kokkola,0.007973,nylonia,0.001046,0,0
###näseään###,nääeään,näkevät,0.043200,nähdään,0.019905,0,0
###ääineet###,äääneet,jääneet,0.281052,nähneet,0.004501,0,0
###nähdäin###,nähdään,nähdään,0.833789,nähtiin,0.034354,0,0
###näkelvs###,nänevvs,näkevät,0.015646,näkemys,0.011041,0,0
###näkdöät###,näkdöät,nähdään,0.098152,näkevät,0.021236,0,0
###näkovkt###,näkokkt,näkivät,0.015273,näkivät,0.015273,0,0
###näjybin###,näyyyin,näyttää,0.020462,näkymin,0.017154,0,0
###näusmiä###,näuspiä,näkymiä,0.051460,näkymiä,0.051460,0,0
###uäaymät###,asäymtt,antamat,0.063505,näkymät,0.020777,0,0
###näkinut###,näkinut,näkivät,0.282771,näkynyt,0.006665,0,0
###näbyvut###,näyyvut,näkyvät,0.049372,näkyvät,0.049372,0,0
###näyfbää###,näynylä,näyttää,0.110527,näyttää,0.110527,0,0
###mäyätöä###,mäyättä,määrätä,0.015618,näyttöä,0.000949,0,0
###hbottaa###,hotttaa,voittaa,0.025585,odottaa,0.000088,0,0
###otottaa###,otottaa,odottaa,0.165477,ohittaa,0.005591,0,0
###ohfaöja###,ohjaaja,ohjaaja,0.217687,ohjaaja,0.217687,0,0
###rhjadmo###,rrhammo,ohjaamo,0.084858,ohjaamo,0.084858,0,0
###ahjavtu###,ahjaatu,arjesta,0.022953,ohjattu,0.006623,0,0
###nhjkita###,nohkija,nähtiin,0.027802,ohjeita,0.000111,0,0
###okuelma###,oluelma,ohjelma,0.125505,ohjelma,0.125505,0,0
###oiseain###,oieeain,tietyin,0.003548,oikeaan,0.001641,0,0
###oakkita###,olkkita,oikeita,0.383100,oikeita,0.383100,0,0
###oinhyen###,oinhyen,oinonen,0.509557,oinonen,0.509557,0,0
###hureita###,hureita,harkita,0.068803,oireita,0.011867,0,0
###sjenpus###,sepinus,säännös,0.034855,ojennus,0.001581,0,0
###tksunen###,tesunen,turunen,0.071839,oksanen,0.001244,0,0
###oldkarn###,dookaan,koskaan,0.004314,olekaan,0.000264,0,0
###ongmaan###,ongmaan,olemaan,0.198949,olemaan,0.198949,0,0
###jlenkun###,jeekkun,teoksen,0.010101,olenkin,0.000015,0,0
###uletsaa###,uueesaa,olettaa,0.020936,olettaa,0.020936,0,0
###rlevamn###,rermamn,terveen,0.020210,olevaan,0.000666,0,0
###nievani###,nienani,mieheni,0.010012,olevani,0.004133,0,0
###tlevöen###,teeveen,terveen,0.025695,olevien,0.000035,0,0
###oaeväin###,ovevein,oleviin,0.203887,oleviin,0.203887,0,0
###omiseko###,oiiseko,olisiko,0.429906,olisiko,0.429906,0,0
###olgebta###,olletta,olleita,0.187851,olleita,0.187851,0,0
###olmevsa###,olvemsa,ollessa,0.278783,ollessa,0.278783,0,0
###olndlan###,oonulan,ollilan,0.060988,ollilan,0.060988,0,0
###oölueta###,olleeta,olleita,0.134995,ollutta,0.003923,0,0
###yloihun###,yloihun,oloihin,0.167059,oloihin,0.167059,0,0
###oleibsa###,ollissa,ollessa,0.317861,oloissa,0.088278,0,0
###omhisbt###,ohmistt,ihmiset,0.027227,omaiset,0.001131,0,0
###omiötra###,omiipra,omistaa,0.087882,omistaa,0.087882,0,0
###pnyelma###,pypelma,ohjelma,0.005752,ongelma,0.003303,0,0
###onnemii###,onnemii,onneksi,0.046859,onneksi,0.046859,0,0
###onkisju###,ookijuu,onnistu,0.070247,onnistu,0.070247,0,0
###opartfa###,oppaata,opettaa,0.013799,opastaa,0.006099,0,0
###gpassus###,ppasuus,paksuus,0.490140,opastus,0.009381,0,0
###ovethaa###,ohettaa,ohittaa,0.175992,opettaa,0.040488,0,0
###oninnät###,osonnät,oinonen,0.007040,opinnot,0.002059,0,0
###dpisthn###,pöisdän,opiston,0.006602,opiston,0.006602,0,0
###hpitafn###,haitarn,hoitaja,0.013449,opitaan,0.002192,0,0
###äppiias###,äääiiss,oppilas,0.024900,oppilas,0.024900,0,0
###äöpinut###,äääinut,oppinut,0.033111,oppinut,0.033111,0,0
###dppimat###,padpaat,hampaat,0.004503,oppivat,0.000098,0,0
###ovivemi###,ovevepi,viemään,0.012240,orivesi,0.011899,0,0
###orvhkdi###,ordakki,orvokki,0.444731,orvokki,0.444731,0,0
###ofaujat###,otoujut,osaajat,0.077501,osaajat,0.077501,0,0
###osyaiia###,osaaiia,osaavia,0.075150,osaajia,0.072540,0,0
###osedvat###,oseovat,osaavat,0.150842,osaavat,0.150842,0,0
###nöaavia###,naaavia,nauttia,0.018771,osaavia,0.017600,0,0
###ssasnut###,sasnnut,saaneet,0.025685,osannut,0.001366,0,0
###osnoton###,osnoton,osaston,0.057170,osaston,0.057170,0,0
###jdastot###,jutattt,jakavat,0.013853,osastot,0.002142,0,0
###obatgan###,odltuan,opitaan,0.008304,osataan,0.007863,0,0
###rsoisti###,reoisti,ruoasta,0.001696,osoitti,0.000082,0,0
###ovoitos###,ovoitus,osoitus,0.175287,osoitus,0.175287,0,0
###ostmjin###,oottjin,totesin,0.011850,ostajan,0.004345,0,0
###gsjajat###,saaajjt,saaneet,0.041242,ostajat,0.000001,0,0
###osifnut###,osinnut,osannut,0.158697,ostanut,0.004114,0,0
###ästahat###,astamtt,antamat,0.020756,ostavat,0.001181,0,0
###asteatu###,asteitu,katettu,0.016766,ostettu,0.008352,0,0
###oiuueen###,oiuueen,osuuden,0.024898,osuuden,0.024898,0,0
###osdtdet###,osdodtt,osuudet,0.121977,osuudet,0.121977,0,0
###osyuöta###,osöusta,osuutta,0.063721,osuutta,0.063721,0,0
###dpetaan###,pdetaan,haetaan,0.006496,otetaan,0.004860,0,0
###oasiyko###,osisoko,olisiko,0.390188,otsikko,0.076889,0,0
###gttansi###,tttanii,ottaisi,0.001095,ottaisi,0.001095,0,0
###bdtakaa###,betaaaa,antamaa,0.013405,ottakaa,0.004784,0,0
###obtahut###,ostahut,salatut,0.016901,ottanut,0.014999,0,0
###optavpt###,optavat,ostavat,0.078764,ottavat,0.042421,0,0
###oayeita###,odeeita,otteita,0.043477,otteita,0.043477,0,0
###ettegun###,ettetun,ettemme,0.038863,ottelun,0.032443,0,0
###ettävat###,ettävat,sitovat,0.015696,ottivat,0.007962,0,0
###oulpsta###,oulusta,oulusta,0.537528,oulussa,0.000675,0,0
###oolutta###,ollutta,ollutta,0.867907,oulusta,0.004145,0,0
###ovansin###,ovansin,ovatkin,0.356725,ovatkin,0.356725,0,0
###paavdda###,padadda,tapahdu,0.016405,paavola,0.000052,0,0
###pohasii###,pohasii,pahasti,0.019325,pahasti,0.019325,0,0
###bahikta###,hahttta,maritta,0.008339,pahinta,0.000360,0,0
###padlkaa###,padakaa,paikkaa,0.073392,paikkaa,0.073392,0,0
###paibonn###,painoon,paineen,0.297006,paikoin,0.184861,0,0
###pagneon###,pannoon,pannaan,0.068122,paineen,0.059254,0,0
###paonekt###,paannet,paineet,0.076339,paineet,0.076339,0,0
###taiitaa###,tiiitaa,viittaa,0.029286,paistaa,0.000069,0,0
###pmgunen###,pymunen,palonen,0.015326,pajunen,0.006525,0,0
###ymkattu###,yykattu,uskottu,0.150488,pakattu,0.069844,0,0
###pakhtgn###,pahhtun,paketin,0.043161,paketin,0.043161,0,0
###muketti###,muketti,paketti,0.085003,paketti,0.085003,0,0
###pakikkn###,pakikkn,pakilan,0.102753,pakilan,0.102753,0,0
###eakkmus###,elkkmus,kokemus,0.053227,pakkaus,0.002544,0,0
###nlksuus###,loksuus,nousuun,0.028271,paksuus,0.004054,0,0
###rmlauta###,rarauta,palauta,0.174932,palauta,0.174932,0,0
###hasaute###,hahaate,havaita,0.035815,palaute,0.002875,0,0
###galkaea###,alaamaa,alataan,0.030251,palkata,0.000008,0,0
###aalskaa###,aalakaa,palkkaa,0.002565,palkkaa,0.002565,0,0
###patkkuo###,patkkko,palkkio,0.170799,palkkio,0.170799,0,0
###ralhnen###,rahhnen,malinen,0.003212,palonen,0.000349,0,0
###palyusa###,paluusa,paluuta,0.458126,paluuta,0.458126,0,0
###pulvegu###,puhvupu,palvelu,0.143859,palvelu,0.143859,0,0
###uannhan###,unnanan,antaman,0.011016,pannaan,0.000675,0,0
###klperia###,keperia,paperia,0.028934,paperia,0.028934,0,0
###papoain###,papoain,paperin,0.025155,paperin,0.025155,0,0
###papörvt###,papvrrt,paperit,0.199348,paperit,0.199348,0,0
###prraree###,peraere,perille,0.119080,paranee,0.003622,0,0
###pavasäa###,papasna,parasta,0.048548,parasta,0.048548,0,0
###phhempi###,hhhempi,parempi,0.005937,parempi,0.005937,0,0
###pahhnan###,pahhnan,parhaan,0.086326,parhaan,0.086326,0,0
###parhojt###,parjojt,partola,0.072929,parhaat,0.033780,0,0
###iagissa###,aiaissa,asiassa,0.016498,parissa,0.000245,0,0
###parköoo###,parkooo,parkano,0.034422,parkano,0.034422,0,0
###rarrola###,rarrola,partola,0.058018,partola,0.058018,0,0
###uartuäi###,ururtui,uudeksi,0.010599,parturi,0.000010,0,0
###parpike###,parkike,parveke,0.177332,parveke,0.177332,0,0
###oaeanen###,omaanen,oinonen,0.019879,pasanen,0.000057,0,0
###pksnlan###,posslan,pasilan,0.039126,pasilan,0.039126,0,0
###iastosi###,isstosi,islanti,0.009782,pastori,0.000405,0,0
###peiötfä###,peipptä,peittää,0.232538,peittää,0.232538,0,0
###pekkära###,pekkrla,pekkala,0.481282,pekkala,0.481282,0,0
###peätaja###,pettaja,pelaaja,0.026020,pelaaja,0.026020,0,0
###iblissä###,iillssä,illassa,0.040282,pelissä,0.002197,0,0
###pellgiä###,pellliä,pelkkiä,0.482936,pelkkiä,0.482936,0,0
###ädlkkää###,äälkkuä,äärellä,0.018559,pelkkää,0.000945,0,0
###jegtola###,jettola,peltola,0.057873,peltola,0.057873,0,0
###paröeen###,parpeen,tarpeen,0.236774,perheen,0.007305,0,0
###peeieet###,peiieet,perheet,0.022600,perheet,0.022600,0,0
###pemilje###,pelilje,perille,0.061480,perille,0.061480,0,0
###yerilaä###,yyrillä,perillä,0.020884,perillä,0.020884,0,0
###perömää###,permpää,peittää,0.053913,perimiä,0.016300,0,0
###peränse###,peränse,perässä,0.458964,perinne,0.075559,0,0
###peelntä###,peltntä,perintä,0.024799,perintä,0.024799,0,0
###pedinöö###,peiihöö,perintö,0.365331,perintö,0.365331,0,0
###nernnaa###,nenenaa,perunaa,0.072445,perunaa,0.072445,0,0
###eeruoan###,eurooan,korkean,0.008341,perunan,0.002112,0,0
###pepunst###,pepunet,perunat,0.447914,perunat,0.447914,0,0
###pekmsta###,pekssta,perusta,0.162773,perusta,0.162773,0,0
###pkäuste###,päpuste,peruste,0.601325,peruste,0.601325,0,0
###pnrosti###,porosti,korosti,0.150634,perusti,0.109385,0,0
###peaostu###,pedostu,perustu,0.335384,perustu,0.335384,0,0
###peräebä###,peräenä,perässä,0.195558,perässä,0.195558,0,0
###pesvhen###,pehvven,pesonen,0.145319,pesonen,0.145319,0,0
###pesteii###,pesteii,pesonen,0.028643,petteri,0.008583,0,0
###pirympi###,pirpmpi,harppoi,0.008674,pidempi,0.001465,0,0
###piputty###,piputty,pidetty,0.180548,pidetty,0.180548,0,0
###pianmme###,pirnmme,pidämme,0.083007,pidämme,0.083007,0,0
###pieäöen###,piepden,pieleen,0.065888,pieleen,0.065888,0,0
###bäeneen###,eääneen,jääneen,0.481183,pieneen,0.011579,0,0
###piensvä###,pinvepä,pintaan,0.047918,pienenä,0.001414,0,0
###hienyin###,hienyin,tietyin,0.103183,pieniin,0.010350,0,0
###piänynä###,piynänä,pienenä,0.021565,pieninä,0.013899,0,0
###piymten###,piipten,pienten,0.292578,pienten,0.292578,0,0
###päepari###,päerari,pietari,0.237332,pietari,0.237332,0,0
###oivtilä###,oittilä,kittilä,0.056881,pietilä,0.040271,0,0
###pahaläa###,pahalaa,paistaa,0.015779,pihalla,0.008661,0,0
###prhalre###,peralle,perille,0.606354,pihalle,0.008575,0,0
###pihpösa###,pihista,pahinta,0.073450,pihassa,0.006237,0,0
###mihfaja###,mimaaja,tilaaja,0.024652,pihlaja,0.007723,0,0
###piiräsn###,piirään,piiriin,0.118971,piirien,0.095590,0,0
###puirgin###,puirkin,piiriin,0.074844,piiriin,0.074844,0,0
###piörrös###,pirrrus,piirros,0.057282,piirros,0.057282,0,0
###pkibtää###,peittää,peittää,0.574719,piirtää,0.014340,0,0
###pinvarn###,pinvaan,pintaan,0.053196,pintaan,0.053196,0,0
###pintenn###,pinteen,pintaan,0.656246,pisteen,0.031856,0,0
###pystret###,pyrteyt,portaat,0.024325,pisteet,0.023247,0,0
###gijivät###,itijvät,tärkeät,0.008328,pitivät,0.000093,0,0
###niikien###,niikien,piirien,0.025793,pitkien,0.002013,0,0
###tötkään###,tätkään,tykkään,0.159794,pitkään,0.060435,0,0
###pvtaisi###,pataisi,pitäisi,0.147134,pitäisi,0.147134,0,0
###eiränyt###,eiränyt,edennyt,0.027872,pitänyt,0.010677,0,0
###pttävyt###,tytävyt,pitävät,0.017253,pitävät,0.017253,0,0
###uityäkö###,yittkkö,pitääkö,0.116237,pitääkö,0.116237,0,0
###pyhvaan###,pyhvaan,puhtaan,0.234152,pohjaan,0.060081,0,0
###pohhaha###,pohhhha,poikkea,0.005792,pohjana,0.004623,0,0
###pojjona###,pojjona,pohjana,0.151529,pohjola,0.130880,0,0
###pdikabi###,poikari,poikani,0.485749,poikani,0.485749,0,0
###ltiketa###,lekkita,leikata,0.029534,poiketa,0.000906,0,0
###pyikiin###,pyikiin,piiriin,0.203551,poikien,0.013048,0,0
###pfiakea###,poiakma,poikkea,0.185683,poikkea,0.185683,0,0
###pougtaa###,ppuutaa,puuttua,0.059137,poistaa,0.008705,0,0
###pohseuu###,pohseuu,poistuu,0.181322,poistuu,0.181322,0,0
###pvjiöle###,pöjilje,pakilan,0.034386,pojille,0.018925,0,0
###pmuiisi###,puiiisi,poliisi,0.011968,poliisi,0.011968,0,0
###polföaa###,polllaa,polttaa,0.458323,polttaa,0.458323,0,0
###potisma###,potisaa,porista,0.035296,porissa,0.017538,0,0
###porysha###,poroksa,porissa,0.080820,porista,0.058722,0,0
###rorojvn###,rrrvjen,porvoon,0.010763,porojen,0.000080,0,0
###portltt###,portttt,portaat,0.532808,portaat,0.532808,0,0
###korgkan###,korkkan,kurikan,0.084760,porukan,0.073503,0,0
###sorukga###,sorukua,porukka,0.016829,porukka,0.016829,0,0
###pyrvoän###,pyrvoän,päivään,0.044701,porvoon,0.010014,0,0
###pptilts###,pöpiltt,pitivät,0.031121,potilas,0.026190,0,0
###puhyhka###,phhhkka,puhakka,0.432169,puhakka,0.432169,0,0
###pukerta###,pukerta,puhetta,0.046339,puheita,0.028633,0,0
###puäefin###,puueiin,puhelin,0.025848,puhelin,0.025848,0,0
###puhärun###,puhuuun,puhtaan,0.017866,puhelun,0.007462,0,0
###fuheiut###,uuhiiut,puheita,0.007183,puhelut,0.002221,0,0
###puletva###,pulevaa,tulevaa,0.147979,puhetta,0.012712,0,0
###suetaan###,suetaan,tuetaan,0.139005,puhtaan,0.002043,0,0
###puhtugt###,puhthut,puhtaat,0.195278,puhtaat,0.195278,0,0
###puhtyos###,puhtäys,puhtaus,0.595280,puhtaus,0.595280,0,0
###muuumme###,muuumme,puhumme,0.194030,puhumme,0.194030,0,0
###yuhukut###,ykhukut,yksiköt,0.018374,puhunut,0.002104,0,0
###pusyttu###,pusuttu,puhuttu,0.043578,puhuttu,0.043578,0,0
###puhuygt###,puhunyt,puhunut,0.252584,puhuvat,0.062163,0,0
###puinion###,puinion,puiston,0.151871,puiston,0.151871,0,0
###pueghti###,puhehti,pahasti,0.060540,pulahti,0.039261,0,0
###äuolven###,uuoolen,vuosien,0.001773,puoleen,0.000999,0,0
###puoriio###,puoriio,puoliso,0.056707,puoliso,0.056707,0,0
###pktanen###,petanen,ketonen,0.010291,puranen,0.004733,0,0
###pbgolla###,pololla,talolla,0.053430,purolla,0.015926,0,0
###nftkeen###,notkeen,nordean,0.007978,putkeen,0.001418,0,0
###gutköen###,uttikun,ottelun,0.005154,putkien,0.000005,0,0
###suvttua###,sutttua,muuttua,0.046158,puuttua,0.014233,0,0
###puhtmui###,puhtmui,puuttui,0.059254,puuttui,0.059254,0,0
###kuutduu###,kuutuuu,muuttuu,0.012872,puuttuu,0.009393,0,0
###pyjvmme###,pyrymme,pyrimme,0.775246,pyrimme,0.775246,0,0
###kyretty###,kyretty,pyritty,0.058890,pyritty,0.058890,0,0
###mmstytä###,mystätä,mestari,0.031693,pystytä,0.003475,0,0
###mystyfn###,mysäyyn,pystyyn,0.024255,pystyyn,0.024255,0,0
###eysyöyt###,ehsujyt,edennyt,0.023907,pysynyt,0.000911,0,0
###öysyvyä###,vyöyvyä,siirtyä,0.016006,pysyviä,0.001229,0,0
###pesyfän###,pespään,pesonen,0.112666,pysyvän,0.018430,0,0
###phkyvät###,pyhyvät,pysyvät,0.389889,pysyvät,0.389889,0,0
###pysulää###,pysulää,pysyvää,0.109654,pysyvää,0.109654,0,0
###käiviln###,käiviin,toivion,0.020815,päivien,0.005385,0,0
###phfvinä###,pohvynä,pohjana,0.019575,päivinä,0.004635,0,0
###päivksi###,päikksi,paikkaa,0.050775,päivyri,0.004960,0,0
###päeväsä###,päeväsä,päivänä,0.012352,päivänä,0.012352,0,0
###päitpys###,ppiptys,päiväys,0.020301,päiväys,0.020301,0,0
###räevään###,räerään,päivään,0.114113,päivään,0.114113,0,0
###päekäue###,pääkenä,putkeen,0.042569,pälkäne,0.032686,0,0
###kärjltä###,kärjstä,pärjätä,0.094299,pärjätä,0.094299,0,0
###pääöjia###,pääijia,pääasia,0.042050,pääasia,0.042050,0,0
###iääotaa###,idäotta,ideoita,0.007905,pääomaa,0.000514,0,0
###yäämman###,ysämmän,ylemmän,0.194604,pääoman,0.001363,0,0
###pääjsln###,jääjsen,pääosin,0.003582,pääosin,0.003582,0,0
###pääeini###,pääeini,pääsisi,0.084908,pääsisi,0.084908,0,0
###rägssyt###,rärssyt,päässyt,0.053443,päässyt,0.053443,0,0
###pyäetää###,pädetää,päästää,0.053659,päästää,0.053659,0,0
###peästkt###,peästtt,päästöt,0.038982,päästöt,0.038982,0,0
###gäjttyi###,jäättyi,päättyi,0.033261,päättyi,0.033261,0,0
###päätäsy###,pääääyy,päätään,0.079744,päättyy,0.042454,0,0
###ptuttää###,putttää,päättää,0.011963,päättää,0.011963,0,0
###pääpdän###,pääpään,päätään,0.405420,päätään,0.405420,0,0
###jöylään###,jyylään,jouluun,0.027038,pöytään,0.001183,0,0
###lahyksi###,lahiksi,laeiksi,0.148042,rahaksi,0.135615,0,0
###flhalla###,holalla,haapala,0.006230,rahalla,0.000406,0,0
###äahasoa###,ahhassa,tahansa,0.018385,rahasta,0.000895,0,0
###iöhasto###,ihdasto,ilmasto,0.087813,rahasto,0.004693,0,0
###raäsmon###,raämson,raision,0.182974,raision,0.182974,0,0
###rajaöja###,rajaaja,rajalla,0.088284,rajalla,0.088284,0,0
###tajnttu###,tanuttu,sanottu,0.140750,rajattu,0.029833,0,0
###gatojen###,attojen,autojen,0.572418,rajojen,0.000344,0,0
###pejusti###,pejusti,perusti,0.649945,rajusti,0.074422,0,0
###rurenne###,rurennn,puranen,0.003705,rakenne,0.001416,0,0
###raueusi###,raurusi,rakensi,0.117915,rakensi,0.117915,0,0
###oaökaus###,osakaus,varkaus,0.017882,rakkaus,0.000853,0,0
###bankbaa###,bannaaa,pannaan,0.004218,rankkaa,0.001124,0,0
###uanskmn###,unnskan,antaman,0.011860,ranskan,0.002555,0,0
###iannaan###,iinnaan,kiinaan,0.031860,rantaan,0.000088,0,0
###öintala###,iintala,rintala,0.032416,rantala,0.000807,0,0
###laoisua###,laoissa,raoissa,0.034640,raoissa,0.034640,0,0
###rfskman###,rorskan,porukan,0.035466,raskaan,0.000271,0,0
###rauratn###,rarrahn,rantaan,0.074730,rauhaan,0.000766,0,0
###raufama###,raumama,rauhala,0.056545,rauhala,0.056545,0,0
###mavpnto###,mamstto,varasto,0.008534,ravinto,0.004129,0,0
###rergtio###,rerrtio,reaktio,0.437182,reaktio,0.437182,0,0
###rehhfri###,rehheri,rehtori,0.589814,rehtori,0.589814,0,0
###rehugan###,rehunan,rehujen,0.059872,rehujen,0.059872,0,0
###keittää###,keittää,kiittää,0.128149,reittiä,0.000377,0,0
###rlnkaöt###,rarkaat,tärkeät,0.023918,renkaat,0.013250,0,0
###remeyti###,remeiti,ilmesty,0.030905,resepti,0.024262,0,0
###rmbppuu###,ropppuu,riippuu,0.270112,riippuu,0.270112,0,0
###voittää###,viittää,väittää,0.493674,riittää,0.002577,0,0
###riktsus###,risksus,rikkaus,0.096491,rikkaus,0.096491,0,0
###riluala###,riralla,rintala,0.033554,rintala,0.033554,0,0
###risidvo###,risiovo,risikko,0.009394,risikko,0.009394,0,0
###rhskojä###,rehkojä,riskejä,0.052826,riskejä,0.052826,0,0
###jiskikn###,jiskkin,mikkiin,0.009105,riskien,0.002214,0,0
###figtiin###,fittiin,ristiin,0.048945,ristiin,0.048945,0,0
###hohklat###,hohhlat,rohkeat,0.067810,rohkeat,0.067810,0,0
###pohdeus###,poheeus,rohkeus,0.118184,rohkeus,0.118184,0,0
###rymmani###,rymmaii,romaani,0.198093,romaani,0.198093,0,0
###rolaria###,roraria,romania,0.087381,romania,0.087381,0,0
###rojlijn###,rojjjjn,korjata,0.012585,rooliin,0.011931,0,0
###ruäoden###,ruäonen,tulonen,0.022602,runojen,0.007359,0,0
###runvvan###,runvvan,runojen,0.027780,runsaan,0.020275,0,0
###runäaft###,ruuantt,ruoasta,0.015293,runsaat,0.007486,0,0
###guoasva###,usaaava,vaativa,0.023173,ruoasta,0.000214,0,0
###nuohöla###,nuupula,nummela,0.003481,ruohola,0.000520,0,0
###dmokaan###,moddaan,voidaan,0.026653,ruokaan,0.000028,0,0
###rdonala###,rontala,ruokala,0.031114,ruokala,0.031114,0,0
###rmktsia###,romssia,romania,0.141764,ruotsia,0.003324,0,0
###ruofsan###,ruossan,ruotsin,0.282700,ruotsin,0.282700,0,0
###vuumäin###,vuumäin,ruumiin,0.138824,ruumiin,0.138824,0,0
###rkhmiin###,rehmiin,ryhmiin,0.113381,ryhmien,0.000031,0,0
###rnnmiin###,renmiin,ruumiin,0.035698,ryhmiin,0.020637,0,0
###rdheään###,rähdään,ryhmään,0.178985,ryhmään,0.178985,0,0
###rsrpiin###,serpiin,räppiin,0.018433,räppiin,0.018433,0,0
###mästgen###,mästäen,muotien,0.004299,rästien,0.002779,0,0
###räuänfn###,rääänön,räsänen,0.375470,räsänen,0.375470,0,0
###eamdaan###,ademaan,asumaan,0.005561,saadaan,0.000012,0,0
###iaämaan###,iiemaan,saamaan,0.036487,saamaan,0.036487,0,0
###saafien###,saaiien,saatiin,0.061774,saaneen,0.055177,0,0
###saanldt###,saanlat,saaneet,0.492919,saaneet,0.492919,0,0
###sahnnkn###,sanännn,suhonen,0.014742,saannin,0.003201,0,0
###saabnla###,saaalla,samalla,0.022496,saarela,0.004120,0,0
###sahdava###,sahaava,saatava,0.114393,saatava,0.114393,0,0
###soafiin###,soasiin,saatiin,0.274240,saatiin,0.274240,0,0
###safntaa###,sanntaa,saattaa,0.047250,saattaa,0.047250,0,0
###yafttoi###,aiyttti,täyttyi,0.030158,saattoi,0.001871,0,0
###pkatuja###,paktuja,kantaja,0.014128,saatuja,0.009284,0,0
###safpipi###,sapiipi,safiiri,0.051118,safiiri,0.051118,0,0
###svimaän###,siimiän,syömään,0.063432,saimaan,0.004951,0,0
###slijaan###,soijaan,sarjaan,0.027372,sairaan,0.000517,0,0
###saprass###,sapsass,saralla,0.023501,sairaus,0.001019,0,0
###gfksaan###,saksaan,saksaan,0.407665,saksaan,0.407665,0,0
###sofsala###,soosala,saksala,0.026384,saksala,0.026384,0,0
###sdyatut###,sydattt,säästöt,0.012371,salatut,0.006215,0,0
###rllissa###,relissa,raoissa,0.004431,salissa,0.001141,0,0
###sapmvla###,sammlla,samalla,0.244539,salmela,0.000674,0,0
###rjlomaa###,rormaaa,korkeaa,0.018132,salomaa,0.000188,0,0
###sahonfn###,sahonen,suhonen,0.251861,salonen,0.036737,0,0
###ealosva###,ellossa,tulossa,0.016663,salossa,0.016603,0,0
###saäilla###,saailla,samalla,0.011103,samalla,0.011103,0,0
###sagable###,saaalle,samalle,0.004410,samalle,0.004410,0,0
###samanba###,samansa,samalla,0.110217,samalta,0.010113,0,0
###sklassa###,solassa,solassa,0.823116,samassa,0.000194,0,0
###yakasta###,askasta,asiasta,0.070812,samasta,0.000335,0,0
###iimojen###,iimojen,ihmisen,0.005780,samojen,0.005202,0,0
###sjnalja###,sanalja,sanalla,0.100007,sanalla,0.100007,0,0
###saniäta###,sannita,sanasta,0.136702,sanasta,0.136702,0,0
###shokari###,sookari,sankari,0.085298,sankari,0.085298,0,0
###jarojen###,parojen,rajojen,0.107108,sanojen,0.001629,0,0
###sannmöt###,sannmat,pannaan,0.017057,sanomat,0.014383,0,0
###lanolta###,lanolta,talosta,0.008536,sanonta,0.008169,0,0
###kynonut###,kynonut,kokenut,0.059231,sanonut,0.051240,0,0
###snnoteu###,sonottu,mononen,0.030602,sanottu,0.025524,0,0
###sknjtun###,sonktun,sanotun,0.215156,sanotun,0.215156,0,0
###salogat###,salooat,salomaa,0.044567,sanovat,0.006921,0,0
###sanrjri###,sanrrri,sankari,0.151385,santeri,0.115169,0,0
###sarblba###,sarolla,saralla,0.592480,saralla,0.592480,0,0
###faäjaan###,ajajann,ajamaan,0.120562,sarjaan,0.000494,0,0
###vakaman###,vakaman,vakavan,0.279239,sataman,0.006943,0,0
###saerjen###,sarreen,suureen,0.033223,satojen,0.005123,0,0
###natsapa###,nassata,satsata,0.016315,satsata,0.016315,0,0
###spinifn###,seipiin,seinien,0.134000,seinien,0.134000,0,0
###seinlan###,sennlan,seuraan,0.036116,seinään,0.003752,0,0
###sdloita###,soloita,sekoita,0.024870,sekoita,0.024870,0,0
###snktooi###,sontooi,sektori,0.005920,sektori,0.005920,0,0
###eeäillä###,ehäillä,epäillä,0.064579,selillä,0.003619,0,0
###sevvtys###,sevvtys,selitys,0.063455,selitys,0.063455,0,0
###sedkuän###,sedkään,selkeän,0.059746,selkeän,0.059746,0,0
###selveot###,selveot,selkeät,0.406286,selkeät,0.406286,0,0
###aetkeää###,astteää,esteenä,0.004978,selkeää,0.001699,0,0
###sglvigi###,sesvipi,selvisi,0.112021,selvisi,0.112021,0,0
###kelritä###,kelritä,selvitä,0.022993,selvitä,0.022993,0,0
###semveää###,seemeää,selkeää,0.337515,selviää,0.005258,0,0
###oenöori###,oponeii,kääntyi,0.012583,seniori,0.000086,0,0
###senpjiä###,sensjiä,senttiä,0.662592,senttiä,0.662592,0,0
###srntvän###,sentään,sentään,0.056076,sentään,0.056076,0,0
###oeppölä###,opppplä,sippola,0.102489,seppälä,0.018522,0,0
###seorvan###,seorvan,seuraan,0.068388,seuraan,0.068388,0,0
###setpasi###,sepsiti,seppälä,0.018193,seurasi,0.003613,0,0
###sguraya###,syurara,seurata,0.165963,seurata,0.165963,0,0
###sisotyu###,sisättu,uusittu,0.024370,sidottu,0.006032,0,0
###siiartn###,siaartn,sikalan,0.009159,siirron,0.001531,0,0
###niirtua###,niirtua,viittaa,0.011747,siirtoa,0.009147,0,0
###siprlyi###,sipplyi,siirtyi,0.054687,siirtyi,0.054687,0,0
###siärryy###,sirrryy,siirtyy,0.527138,siirtyy,0.527138,0,0
###siiftjä###,siittjä,siirtää,0.032068,siirtyä,0.030413,0,0
###ssirmää###,seimpää,selkeää,0.058668,siirtää,0.019723,0,0
###sinyous###,siynous,siivous,0.079207,siivous,0.079207,0,0
###hijahta###,hihajta,hidasta,0.057270,sijaita,0.014106,0,0
###gidalla###,idaalla,ihailla,0.047410,sijalla,0.000534,0,0
###sdjajle###,sajalje,sijalle,0.092802,sijalle,0.092802,0,0
###kijahta###,kihajta,sijaita,0.010051,sijasta,0.003923,0,0
###sikadfn###,sikadan,sikalan,0.024379,sikalan,0.024379,0,0
###sitojsn###,sitojsn,sitovat,0.056949,sikojen,0.022302,0,0
###vildoin###,villoin,milloin,0.111310,silloin,0.101947,0,0
###sepmien###,sepmien,seinien,0.071416,silmien,0.058165,0,0
###piemiin###,piemiin,pieniin,0.458266,silmiin,0.005420,0,0
###rilmäbn###,rilänän,äimänen,0.004593,silmään,0.000492,0,0
###semjnen###,semenen,simonen,0.132439,simonen,0.132439,0,0
###vinikja###,vinikja,vinkkaa,0.292596,sinikka,0.006818,0,0
###finknen###,finnnen,oinonen,0.001121,sininen,0.000675,0,0
###siäuyla###,siulyla,sivulla,0.021422,sinulla,0.004702,0,0
###slnalle###,sonalle,sanalla,0.073919,sinulle,0.031237,0,0
###bonusta###,bonusta,bonusta,0.981237,sinusta,0.005941,0,1
###sijokin###,sijokin,sinäkin,0.065480,sinäkin,0.065480,0,0
###finääsä###,äinääsä,sinänsä,0.217882,sinänsä,0.217882,0,0
###sipppka###,sipppja,sippola,0.079910,sippola,0.079910,0,0
###sfpelia###,sopella,lopulla,0.004465,sipulia,0.001690,0,0
###mipblit###,mimilit,sipulit,0.133077,sipulit,0.133077,0,0
###bisääle###,siäääte,sisälle,0.036712,sisälle,0.036712,0,0
###smrälly###,syrälly,sisälly,0.227272,sisälly,0.227272,0,0
###iisdllä###,iislllä,sisällä,0.223988,sisällä,0.223988,0,0
###oisälpi###,oisälpi,iisalmi,0.098481,sisälsi,0.012921,0,0
###limältä###,limältä,nimeltä,0.107761,sisältä,0.035243,0,0
###sisllfö###,sisillö,sisältö,0.185883,sisältö,0.185883,0,0
###sisyövi###,sisäkvi,sisäovi,0.222789,sisäovi,0.222789,0,0
###sitoylt###,sitältt,sitovat,0.027225,sitovat,0.027225,0,0
###sitdjin###,sisädin,silmiin,0.007946,sitäkin,0.002519,0,0
###sirnöus###,sirnnus,siunaus,0.119118,siunaus,0.119118,0,0
###sihonhn###,sihonen,suhonen,0.476212,sivonen,0.017670,0,0
###aivujfn###,aivujen,aivojen,0.261512,sivujen,0.126629,0,0
###tivufla###,tivuula,tilalla,0.130768,sivulla,0.024166,0,0
###ytvulle###,yyvulle,yhdelle,0.091679,sivulle,0.018826,0,0
###jivulha###,jihulja,jutussa,0.002618,sivulta,0.000171,0,0
###divfsto###,fiddtto,sidottu,0.031666,sivusto,0.002172,0,0
###nadassa###,nadassa,sodassa,0.059228,sodassa,0.059228,0,0
###sidmsta###,sidssta,sinusta,0.038528,sodasta,0.019460,0,0
###soibäaa###,soisaaa,soittaa,0.299367,soittaa,0.299367,0,0
###sskebia###,sekkoia,sokeria,0.028480,sokeria,0.028480,0,0
###solensa###,solensa,solassa,0.059256,solassa,0.059256,0,0
###äoluhen###,äpholen,hevosen,0.001534,solujen,0.000019,0,0
###bomelia###,boeeiia,sokeria,0.008880,somalia,0.001532,0,0
###äopikus###,äppikus,oppinut,0.028860,sopimus,0.021507,0,0
###sopigvt###,sopivut,sopivat,0.317480,sopinut,0.007830,0,0
###ropiiaa###,rooriaa,teoriaa,0.025350,sopivaa,0.004646,0,0
###sdpitan###,sopitan,sopivan,0.234791,sopivan,0.234791,0,0
###aophvat###,aphovat,aikovat,0.180378,sopivat,0.000668,0,0
###yopivka###,oppikka,otsikko,0.016046,sopivia,0.000363,0,0
###soäkumo###,ssukkmo,sotkamo,0.158903,sotkamo,0.158903,0,0
###pmvellu###,pelellu,merellä,0.004903,sovellu,0.000569,0,0
###sovmtpu###,sovptuu,soittaa,0.006520,sovittu,0.000919,0,0
###sgvstun###,sotstun,sovitun,0.115519,sovitun,0.115519,0,0
###ooeitut###,osoitut,osoitus,0.146943,sovitut,0.003316,0,0
###suöessi###,sujessi,stressi,0.042396,stressi,0.042396,0,0
###uueonen###,uuoonen,uutinen,0.049327,suhonen,0.005089,0,0
###sudveen###,sueveen,suhteen,0.057212,suhteen,0.057212,0,0
###suhpeät###,suheeät,selkeät,0.059506,suhteet,0.054234,0,0
###suoönut###,ssounut,sanonut,0.036103,sujunut,0.011525,0,0
###soduvat###,soduvat,sopivat,0.126342,sujuvat,0.084153,0,0
###subheri###,suuteri,summeri,0.186445,summeri,0.186445,0,0
###surjfta###,surusta,turusta,0.082891,suojata,0.003494,0,0
###ssskatu###,seksatu,suokatu,0.003940,suokatu,0.003940,0,0
###dmomeen###,modeemn,moderni,0.003760,suomeen,0.000010,0,0
###suorosn###,suoroon,suoraan,0.254519,suoraan,0.254519,0,0
###puusion###,puusion,kuution,0.217215,suosion,0.002145,0,0
###kisanna###,kisanna,kisassa,0.241642,susanna,0.072209,0,0
###suujntn###,sununen,suhteen,0.016930,suunnan,0.002213,0,0
###surgtaa###,surutaa,suuntaa,0.076070,suuntaa,0.076070,0,0
###iuurnen###,iuurnen,ikuinen,0.019233,suureen,0.018688,0,0
###suurbla###,suurula,suurena,0.042819,suurena,0.042819,0,0
###sudaiin###,suuaiin,suuriin,0.401182,suuriin,0.401182,0,0
###öuuvten###,uuuttun,uskotun,0.009134,suurten,0.000247,0,0
###suösuus###,suusuus,suuruus,0.616147,suuruus,0.616147,0,0
###suftmri###,suttyri,suutari,0.130178,suutari,0.130178,0,0
###suvsvto###,suvvsto,suvanto,0.474987,suvanto,0.474987,0,0
###sveansi###,sieassi,sveitsi,0.053212,sveitsi,0.053212,0,0
###eldämen###,eläämen,eläimen,0.698409,sydämen,0.002525,0,0
###spdännä###,säpännä,sydäntä,0.019344,sydäntä,0.019344,0,0
###sykfdnä###,sydänlä,sydäntä,0.506416,syksynä,0.011055,0,0
###sykshfn###,syksnen,syksyyn,0.107986,syksyyn,0.107986,0,0
###syätivä###,säitivä,syntyvä,0.069897,syntyvä,0.069897,0,0
###smntöyn###,syntyyn,syntyyn,0.096664,syntyyn,0.096664,0,0
###syajäpä###,ssäpäjä,syöpään,0.080487,syrjälä,0.016964,0,0
###uyvärle###,uuvelle,uudelle,0.057225,syvälle,0.001670,0,0
###ayväati###,avaaati,ammatti,0.032086,syvästi,0.000190,0,0
###syyaduu###,syydasu,syyskuu,0.216285,syyskuu,0.216285,0,0
###lyyttnä###,lyyttää,liittyä,0.037841,syyttää,0.014773,0,0
###sykdäin###,sykäiin,syöviin,0.003467,syödään,0.000178,0,0
###syhmäan###,syhmään,syömään,0.113363,syömään,0.113363,0,0
###lyöprän###,lyöprän,syöpään,0.119440,syöpään,0.119440,0,0
###äyötkää###,ysyttää,ystävää,0.004777,syöttää,0.000072,0,0
###ooöviin###,ovoviin,oleviin,0.039372,syöviin,0.001217,0,0
###säälnön###,säännön,säännöt,0.070891,säiliön,0.011382,0,0
###säähnfs###,sääääss,säännös,0.183671,säännös,0.183671,0,0
###doännöt###,bddndöt,edennyt,0.037257,säännöt,0.008618,0,0
###säämhyy###,sääämyy,kääntyy,0.215951,säästyy,0.199923,0,0
###sääutlä###,sääällä,sisällä,0.021972,säästää,0.017954,0,0
###sjäsaöt###,sääsaöt,säästöt,0.300877,säästöt,0.300877,0,0
###ddästöä###,kdddtös,syödään,0.038386,säästöä,0.000043,0,0
###sääsihn###,sääsien,säätiön,0.027854,säätiön,0.027854,0,0
###taylnsa###,talsnsa,talossa,0.111771,tahansa,0.040711,0,0
###tsrojen###,torojen,porojen,0.064609,tahojen,0.000859,0,0
###oahopta###,ophopta,oulusta,0.005323,taholta,0.001185,0,0
###tbhtpin###,tehtiin,tehtiin,0.778002,tahtiin,0.006004,0,0
###töikhna###,tihknna,tahansa,0.004197,taikina,0.001358,0,0
###baipsle###,aaivese,taiteen,0.008199,taipale,0.008055,0,0
###taiiiva###,taitiva,taitava,0.155390,taitava,0.155390,0,0
###tkiöeen###,tiikeen,taiteen,0.102079,taiteen,0.102079,0,0
###täiteja###,täiteja,tunteja,0.111983,taitoja,0.043128,0,0
###raivsan###,raivsan,taivaan,0.060062,taivaan,0.060062,0,0
###tajksän###,takksan,tanssin,0.110374,tajusin,0.000903,0,0
###tilopen###,tilonen,tilojen,0.303660,talojen,0.000374,0,0
###talalra###,talalla,tavalla,0.041004,talolla,0.001404,0,0
###ealbssa###,allassa,tilassa,0.016637,talossa,0.004050,0,0
###tbposta###,toposta,tulosta,0.004453,talosta,0.001595,0,0
###talpenn###,talnenn,talteen,0.193687,talteen,0.193687,0,0
###talieaa###,talieaa,talvena,0.024200,talvena,0.024200,0,0
###tlmkela###,tomkela,koskela,0.049046,tammela,0.001471,0,0
###tampnve###,tanenme,tasolle,0.014733,tampere,0.006758,0,0
###tanidan###,tanidan,kanadan,0.043889,tanskan,0.011106,0,0
###tpnssma###,tonssma,tanssin,0.027866,tanssia,0.019659,0,0
###dahssii###,dadsssi,tanssii,0.006786,tanssii,0.006786,0,0
###tanston###,tanston,jaoston,0.033492,tanssin,0.003388,0,0
###tanshgt###,tahakat,tehtaat,0.025546,tanssit,0.000294,0,0
###tmlaama###,talaama,tapaama,0.279495,tapaama,0.279495,0,0
###tamthdu###,tahahmu,tahtiin,0.053392,tapahdu,0.002074,0,0
###tapusän###,tapusun,taponen,0.005724,tapasin,0.001011,0,0
###tapirda###,tapiraa,tavaraa,0.060645,tapiola,0.001582,0,0
###bapgnen###,papnnen,palonen,0.022651,taponen,0.000186,0,0
###maninaa###,maninaa,tarinaa,0.069422,tarinaa,0.069422,0,0
###bariäan###,parrvan,parhaan,0.002858,tarinan,0.000644,0,0
###tarmpat###,tarpmat,tarpeet,0.243403,tarinat,0.100747,0,0
###rarhoaa###,rarhoaa,tarjoaa,0.031830,tarjoaa,0.031830,0,0
###tariösi###,tarissi,parissa,0.045490,tarjosi,0.012110,0,0
###tigjota###,tijjota,tarjota,0.127833,tarjota,0.127833,0,0
###tigjous###,tiljous,tarjous,0.143319,tarjous,0.143319,0,0
###tejkkaa###,tehkkaa,tarkkaa,0.065384,tarkkaa,0.065384,0,0
###tvrkrin###,terkrin,kerroin,0.009141,tarkoin,0.005733,0,0
###aarpern###,aarreen,tarpeen,0.127053,tarpeen,0.127053,0,0
###paopeet###,paopeet,tarpeet,0.178350,tarpeet,0.178350,0,0
###tauitua###,tauutua,taustaa,0.129395,tarttua,0.068595,0,0
###tarnbui###,tarnori,tarttui,0.092084,tarttui,0.092084,0,0
###tatttsu###,tatstuu,tarttuu,0.029049,tarttuu,0.029049,0,0
###tarsipa###,tarsita,tarvita,0.074589,tarvita,0.074589,0,0
###tasaöha###,tasaaja,tasalla,0.110128,tasalla,0.110128,0,0
###ossamaa###,ossamaa,tasamaa,0.012470,tasamaa,0.012470,0,0
###easomla###,essolla,eurolla,0.055931,tasolla,0.002863,0,0
###taboäle###,tatoole,tasolle,0.208648,tasolle,0.208648,0,0
###täeosta###,tedosta,tasosta,0.107814,tasosta,0.107814,0,0
###taietaa###,taeetaa,toistaa,0.025937,taustaa,0.011490,0,0
###thutuen###,tuutuen,tunteen,0.023030,tautien,0.001105,0,0
###vavafsi###,vavaksi,tavaksi,0.110986,tavaksi,0.110986,0,0
###tavrloa###,tavoooa,tarttua,0.005555,tavalla,0.004052,0,0
###tavaeva###,tavavva,tavalla,0.012872,tavaraa,0.005743,0,0
###tmoaran###,toaaran,tavaran,0.196513,tavaran,0.196513,0,0
###taöarft###,tarartt,tavarat,0.408865,tavarat,0.408865,0,0
###savoiye###,savoise,tavoite,0.037719,tavoite,0.037719,0,0
###feemaön###,fnemaan,asemaan,0.062206,teemaan,0.017178,0,0
###eeemkna###,elemkna,teemana,0.031650,teemana,0.031650,0,0
###termoba###,termama,testata,0.005287,teemoja,0.000118,0,0
###tepätää###,tetätää,terästä,0.044905,teettää,0.012004,0,0
###nehyään###,nehyään,nykyään,0.104651,tehdään,0.001870,0,0
###tuhnent###,tuhnnen,turunen,0.003585,tehneet,0.002758,0,0
###tefoaas###,teetaas,teemaan,0.041549,tehokas,0.004598,0,0
###tihtjan###,tihtjan,tehtaan,0.034175,tehtaan,0.034175,0,0
###sejtaat###,settaat,tehtaat,0.220519,tehtaat,0.220519,0,0
###tyltiin###,tyltiin,tuotiin,0.048164,tehtiin,0.003827,0,0
###tedtfjä###,tettjjä,tehtyjä,0.119344,tehtyjä,0.119344,0,0
###tehtrbn###,tehtnrn,tehtaan,0.023294,tehtyyn,0.005623,0,0
###mehtäeä###,mehteää,lehteen,0.011368,tehtävä,0.007224,0,0
###toremiä###,toremiä,torille,0.017821,tekemiä,0.006895,0,0
###oekenän###,okkenän,oikeaan,0.015297,tekemän,0.002690,0,0
###tngemät###,tenemät,tekemät,0.040757,tekemät,0.040757,0,0
###tvuemää###,tevemää,tekemää,0.175366,tekemää,0.175366,0,0
###tekukän###,tekkkän,tykkään,0.018649,tekevän,0.018313,0,0
###tnrevät###,terevät,tekevät,0.426166,tekevät,0.426166,0,0
###teritän###,teritän,tekijän,0.023615,tekijän,0.023615,0,0
###tekimit###,tekimit,tekstit,0.092658,tekijät,0.009100,0,0
###tekiemä###,ttkkmkä,tekijää,0.026915,tekijää,0.026915,0,0
###tenivpt###,tevivät,tekivät,0.289635,tekivät,0.289635,0,0
###takltin###,takntin,paketin,0.031371,tekstin,0.024679,0,0
###tepstut###,tepstut,tekstit,0.161003,tekstit,0.161003,0,0
###leksthä###,lehätää,kesällä,0.013108,tekstiä,0.000602,0,0
###pfoksen###,pokksen,poikien,0.016877,teoksen,0.003793,0,0
###meofset###,mediset,teokset,0.076243,teokset,0.076243,0,0
###reokska###,reokkla,ruokala,0.051228,teoksia,0.004174,0,0
###tevrira###,tevrrra,teoriaa,0.164201,teoriaa,0.164201,0,0
###teofvan###,toovvan,tulevan,0.021327,teorian,0.021154,0,0
###tiostgn###,tiostan,teorian,0.004514,teosten,0.002679,0,0
###teraavi###,tevaavi,terassi,0.061409,terassi,0.061409,0,0
###täriloe###,tärille,torille,0.048958,terille,0.022170,0,0
###jerveun###,jerveun,terveen,0.233052,terveen,0.233052,0,0
###tmtveys###,tyteeys,tärkeys,0.088229,terveys,0.065840,0,0
###telhstä###,telestä,terästä,0.048041,terästä,0.048041,0,0
###tegtmta###,temmmta,teemana,0.030142,testata,0.006466,0,0
###tssdaus###,sostaus,testaus,0.019828,testaus,0.019828,0,0
###tkaimöa###,tamimaa,tarinaa,0.015074,thaimaa,0.001979,0,0
###äisinen###,äisinen,kivinen,0.008646,tiainen,0.005624,0,0
###tiaaäia###,tiaaaaa,tilaaja,0.025796,tiaisia,0.010418,0,0
###tiebatä###,tiedatä,tiedetä,0.043067,tiedetä,0.043067,0,0
###tjpdote###,toppote,torille,0.143123,tiedote,0.004152,0,0
###tiegnjt###,tiknjet,tuoneet,0.023942,tiennyt,0.011204,0,0
###tueyeen###,tuuteen,tunteen,0.061418,tieteen,0.001530,0,0
###asetoja###,asetoja,asettaa,0.182283,tietoja,0.101771,0,0
###hietyon###,hietyon,tietoon,0.047874,tietoon,0.047874,0,0
###iiettdä###,iieettä,ihmettä,0.009835,tiettyä,0.002183,0,0
###tbekyin###,tekkiin,tehtiin,0.012844,tietyin,0.000780,0,0
###piisdai###,piisdai,tiistai,0.082484,tiistai,0.082484,0,0
###tdlahja###,tylaaja,tilaaja,0.304998,tilaaja,0.304998,0,0
###tjgalla###,totalla,nojalla,0.015999,tilalla,0.006348,0,0
###tilaete###,tilaete,tilasta,0.081655,tilalle,0.063343,0,0
###tilglja###,tilllja,tilaaja,0.095906,tilalta,0.004953,0,0
###tjlönne###,tolanee,tilanne,0.050277,tilanne,0.050277,0,0
###tymassa###,tytassa,tilassa,0.028397,tilassa,0.028397,0,0
###timmsta###,timmsta,tilasta,0.038434,tilasta,0.038434,0,0
###tilifäe###,tiltäle,tilille,0.021979,tilille,0.021979,0,0
###tonojen###,tonojen,porojen,0.037200,tilojen,0.005044,0,0
###tipynen###,tipänen,taponen,0.149844,timonen,0.018980,0,0
###äivkkaa###,aivkkka,sivulla,0.007190,tiukkaa,0.001924,0,0
###todeähi###,thhoidi,tohtori,0.034555,todeksi,0.001495,0,0
###undella###,unnella,uudella,0.208709,todella,0.000834,0,0
###godättu###,ordtttu,ostettu,0.040710,todettu,0.000982,0,0
###tndisbe###,totisde,todiste,0.224631,todiste,0.224631,0,0
###tnhtoui###,tohttui,tohtori,0.158683,tohtori,0.158683,0,0
###foijyla###,foijala,toijala,0.019824,toijala,0.019824,0,0
###toimrfn###,tommrrn,toimeen,0.067530,toimeen,0.067530,0,0
###tpilien###,toilien,tyyliin,0.017044,toimien,0.003149,0,0
###tvimiän###,teimiän,toimien,0.059504,toimiin,0.056343,0,0
###teihija###,teitija,toimija,0.119557,toimija,0.119557,0,0
###tojmfsi###,tojmsii,totesin,0.035406,toimisi,0.000909,0,0
###toimuäa###,toimuna,toimita,0.055083,toimita,0.055083,0,0
###mojmiva###,mommava,mittava,0.009490,toimiva,0.008889,0,0
###toiunen###,toionen,taponen,0.050854,toiseen,0.000271,0,0
###tfisäna###,toisina,toisena,0.297328,toisena,0.297328,0,0
###uoisbin###,usussin,unionin,0.019287,toisiin,0.000324,0,0
###joissaa###,joissaa,toistaa,0.011713,toistaa,0.011713,0,0
###toipjen###,toipeen,tarpeen,0.016518,toisten,0.004627,0,0
###togmeet###,torpeet,toimeen,0.071218,toiveet,0.025329,0,0
###tmpvion###,topsion,tuomion,0.021891,toivion,0.019336,0,0
###tauvola###,tauvola,kouvola,0.038483,toivola,0.035475,0,0
###holmnen###,holmnen,kolmeen,0.303847,tolonen,0.005116,0,0
###tomjiha###,tomiija,tommila,0.091310,tommila,0.091310,0,0
###morulla###,morulla,minulla,0.035192,torilla,0.015506,0,0
###toholle###,toholle,torille,0.103916,torille,0.103916,0,0
###toräien###,toroien,toimien,0.085492,tornion,0.043825,0,0
###torftli###,tortlli,torstai,0.122686,torstai,0.122686,0,0
###totnaan###,tottaan,tosiaan,0.058893,tosiaan,0.058893,0,0
###tttespn###,ttsenon,totesin,0.006155,totesin,0.006155,0,0
###totsndu###,totsnsu,jossain,0.033680,toteudu,0.004684,0,0
###potnttu###,pottttu,totuttu,0.075807,totuttu,0.075807,0,0
###trabdit###,trridit,trendit,0.175098,trendit,0.175098,0,0
###tuetfkn###,tuttkkn,muutkin,0.012372,tuetaan,0.010962,0,0
###guhafta###,uhhauta,tuhatta,0.004562,tuhatta,0.004562,0,0
###tuhojhu###,tuhajju,tuhoutu,0.072640,tuhoutu,0.072640,0,0
###tuäenöt###,täennet,jäsenet,0.004137,tukenut,0.002064,0,0
###tuneyin###,tuunyyn,tuetaan,0.003445,tukesin,0.002291,0,0
###tlkenan###,teknnan,tekstin,0.007676,tukevan,0.000525,0,0
###tnkevpt###,tekevät,tekevät,0.615690,tukevat,0.142899,0,0
###nukeaia###,nukeaia,tukevia,0.003529,tukevia,0.003529,0,0
###tuieeyo###,tuieeyo,tunteja,0.008181,tuleeko,0.004619,0,0
###tnlembe###,telemme,tulemme,0.473234,tulemme,0.473234,0,0
###tsdevaa###,tosevaa,tulevaa,0.068466,tulevaa,0.068466,0,0
###ivlevan###,ileevan,tulevan,0.014556,tulevan,0.014556,0,0
###tukevnt###,tukevat,tukenut,0.020956,tulevat,0.000044,0,0
###teaevia###,teeevia,teoksia,0.016881,tulevia,0.007446,0,0
###silikin###,silikin,tulikin,0.105524,tulikin,0.105524,0,0
###lulltyö###,lulltyö,tulityö,0.046644,tulityö,0.046644,0,0
###tuvgvat###,tuvvvat,tukevat,0.126479,tulivat,0.051642,0,0
###tölöita###,työpöta,toimita,0.022408,tulkita,0.001294,0,0
###tuhlvan###,tuhhvan,tukevan,0.044889,tullaan,0.000316,0,0
###trllefn###,trteeen,tuttuun,0.003601,tulleen,0.000369,0,0
###tullmjt###,tulujut,tulojen,0.053183,tulleet,0.047643,0,0
###oblojen###,oolojen,solujen,0.112049,tulojen,0.011211,0,0
###vulönen###,vulunen,välinen,0.083492,tulonen,0.023572,0,0
###tblosoa###,toloola,tolonen,0.014006,tulossa,0.000303,0,0
###tulobga###,tultala,tullaan,0.006999,tulosta,0.002299,0,0
###tpmneta###,topneta,tarjota,0.015279,tunneta,0.006724,0,0
###tuntlln###,tuntlln,tunteen,0.185120,tunteen,0.185120,0,0
###tudtlet###,tuttlet,tunteet,0.009432,tunteet,0.009432,0,0
###uunteha###,uuutnea,uusinta,0.057831,tunteja,0.000023,0,0
###msntien###,mentien,mentiin,0.037150,tuntien,0.005728,0,0
###tumdayn###,tummayn,tuomaan,0.024093,tuodaan,0.000608,0,0
###tuokavu###,tuokavu,suokatu,0.035401,tuoksuu,0.027796,0,0
###turhaan###,turhaan,turhaan,0.967223,tuomaan,0.003019,0,1
###tuämpri###,tämmrri,tuomari,0.182838,tuomari,0.182838,0,0
###äeomion###,elomion,tuomion,0.058938,tuomion,0.058938,0,0
###duonevt###,udendvt,yleiset,0.007570,tuoneet,0.000006,0,0
###ouonnbn###,ouonnen,luonnon,0.030929,tuonnin,0.007064,0,0
###mubreen###,murreen,murujen,0.051871,tuoreen,0.002850,0,0
###tpbreet###,torpeet,tarpeet,0.016866,tuoreet,0.000052,0,0
###yuorern###,yuoreen,tuorein,0.047232,tuorein,0.047232,0,0
###tusttin###,tusttin,tekstin,0.002557,tuotiin,0.002374,0,0
###tjottia###,totttia,korttia,0.119596,tuottaa,0.001929,0,0
###tuotlsa###,tuotsla,tuottaa,0.025921,tuottoa,0.006586,0,0
###tudhafn###,tuhoddn,tuhatta,0.007337,turhaan,0.001101,0,0
###turäugn###,turäuun,turkuun,0.337677,turkuun,0.337677,0,0
###turuuön###,turuuun,turkuun,0.722321,turunen,0.014077,0,0
###tuvusha###,tuuukua,turusta,0.017246,turussa,0.013339,0,0
###tprufta###,tyrunta,turusta,0.120680,turusta,0.120680,0,0
###tnrvhta###,tyrvnta,tarjota,0.049489,turvata,0.006431,0,0
###tusgija###,tussija,tutkija,0.087001,tutkija,0.087001,0,0
###tuibuja###,tuijuja,tuttuja,0.065633,tuttuja,0.065633,0,0
###tuapuun###,tuutuun,tuttuun,0.058297,tuttuun,0.058297,0,0
###tuaudsi###,tudiisi,tarjosi,0.015858,tutuksi,0.009526,0,0
###nutuätu###,nuttutu,netistä,0.134637,tutustu,0.038864,0,0
###tfuiula###,tounula,tuusula,0.099469,tuusula,0.099469,0,0
###bjville###,kolille,välille,0.012302,tuville,0.000096,0,0
###thkkäön###,täkkkän,tykkään,0.064833,tykkään,0.064833,0,0
###tyttdmä###,tytäälä,tyttöjä,0.071849,tyttöjä,0.071849,0,0
###tyyyitn###,tyyyitn,tyyliin,0.510740,tyyliin,0.510740,0,0
###fybstin###,fytttin,tekstin,0.000484,tyystin,0.000368,0,0
###tröabka###,työaaka,työaika,0.054080,työaika,0.054080,0,0
###tröalan###,trralan,tarinan,0.004831,työajan,0.003549,0,0
###gjöasua###,jhjaaja,nojalla,0.016525,työasua,0.000402,0,0
###tymkaeu###,tytkamu,työkalu,0.276258,työkalu,0.276258,0,0
###tyniyky###,tyniyky,työkyky,0.186084,työkyky,0.186084,0,0
###tfgntää###,tytnyää,työntää,0.041968,työntää,0.041968,0,0
###työptfa###,työpöta,työpaja,0.122568,työpaja,0.122568,0,0
###työläää###,työläää,työstää,0.015392,työstää,0.015392,0,0
###työlbän###,työlöän,työtään,0.025227,työtään,0.025227,0,0
###uyöurgn###,ugsunun,perunan,0.011355,työuran,0.002191,0,0
###jyögria###,gyairia,työuria,0.034578,työuria,0.034578,0,0
###opöväen###,opoväen,olevien,0.016095,työväen,0.005447,0,0
###tähyibn###,tähäiyn,tähtien,0.245214,tähtien,0.245214,0,0
###öäloöin###,pöönnin,pöytään,0.011244,tällöin,0.000322,0,0
###gämäkgn###,ääääkän,tämäkin,0.006936,tämäkin,0.006936,0,0
###dänävin###,vädddin,jouduin,0.008347,tänäkin,0.002892,0,0
###tjrköin###,ttrjöin,tarkoin,0.010304,tärkein,0.006054,0,0
###värkeös###,värkeös,tärkeys,0.091660,tärkeys,0.091660,0,0
###käikeän###,käikeen,kärkeen,0.167442,tärkeän,0.007906,0,0
###förkeät###,töökeut,tärkeät,0.108051,tärkeät,0.108051,0,0
###öärueää###,ätreäää,itseään,0.006199,tärkeää,0.000074,0,0
###iäyjeen###,iiäljen,eläimen,0.007321,täyteen,0.000099,0,0
###tlyteyi###,tylteyi,täyttyi,0.175826,täyttyi,0.175826,0,0
###täytööy###,täytööö,täyteen,0.213606,täyttyy,0.008605,0,0
###ääytaää###,ääytäää,päättää,0.042535,täyttää,0.025120,0,0
###uhäabva###,uuhaava,kuvaava,0.075305,uhmaava,0.059264,0,0
###akklnen###,aakenen,alainen,0.002376,ukkonen,0.002144,0,0
###upssssa###,uussssa,uusissa,0.721214,uksessa,0.010542,0,0
###umkoysu###,uukomsu,ulkoasu,0.114034,ulkoasu,0.114034,0,0
###urotyuu###,urottuu,erottuu,0.180684,ulottuu,0.106080,0,0
###vliikki###,veiikki,uniikki,0.082102,uniikki,0.082102,0,0
###ungooin###,uninoin,unionin,0.179411,unionin,0.179411,0,0
###unkaean###,ukkeean,tukevan,0.025371,unkarin,0.000767,0,0
###unoavaa###,unohvaa,unohtaa,0.453990,unohtaa,0.453990,0,0
###unoftju###,uuuuumu,perustu,0.038979,unohtuu,0.004611,0,0
###urrktin###,uurkkin,urakoin,0.071102,urakoin,0.071102,0,0
###urliilu###,uriiilu,urheilu,0.285822,urheilu,0.285822,0,0
###umenmpi###,uneempi,useampi,0.268333,useampi,0.268333,0,0
###hreassa###,herassa,hukassa,0.053995,useassa,0.001522,0,0
###udeasji###,useaasi,useassa,0.028352,useasti,0.024422,0,0
###ugeäden###,esänden,useiden,0.235879,useiden,0.235879,0,0
###useijba###,useijja,osaajia,0.024942,useilla,0.000515,0,0
###ksemssa###,kessssa,kurssia,0.013309,useissa,0.000001,0,0
###ustrsta###,uutasta,autosta,0.193134,useista,0.000360,0,0
###rskalja###,rrkalja,sikalan,0.011184,uskalla,0.004247,0,0
###vsktmme###,setämme,uskomme,0.014289,uskomme,0.014289,0,0
###dsionto###,sddotoo,ehdoton,0.015620,uskonto,0.007243,0,0
###useonot###,usuonot,uskonut,0.187898,uskonut,0.187898,0,0
###oskotvu###,ossovvu,ostettu,0.018667,uskottu,0.007004,0,0
###uakoeun###,askonun,uskotun,0.092716,uskotun,0.092716,0,0
###uskybat###,usuukat,uskovat,0.013960,uskovat,0.013960,0,0
###tudekki###,tudekki,tuleeko,0.007829,uudeksi,0.001695,0,0
###uudmula###,uuumula,uudella,0.044524,uudella,0.044524,0,0
###uudefke###,uuuukke,uudelle,0.094052,uudelle,0.094052,0,0
###tudsssa###,tudsssa,tulossa,0.046398,uudessa,0.003703,0,0
###eadesta###,edeesta,aneista,0.008900,uudesta,0.007201,0,0
###iunifsa###,innissa,uunissa,0.020422,uunissa,0.020422,0,0
###ufsikvi###,uuvikvi,uusiksi,0.308187,uusiksi,0.308187,0,0
###uusijfa###,uusijja,uusilla,0.063889,uusilla,0.063889,0,0
###yusikle###,yssille,uusille,0.070181,uusille,0.070181,0,0
###uuskmla###,uusklla,uusilla,0.172311,uusimaa,0.000285,0,0
###eusdnta###,edsuuta,eurosta,0.028026,uusinta,0.000436,0,0
###kksissa###,kosissa,kodissa,0.028242,uusissa,0.011396,0,0
###fushsta###,uuhssta,kurssia,0.043485,uusista,0.000811,0,0
###puöittu###,pudittu,uusittu,0.052887,uusittu,0.052887,0,0
###uuvönen###,uuvunen,uutinen,0.172809,uutinen,0.172809,0,0
###jutismt###,jutimit,uutiset,0.007846,uutiset,0.007846,0,0
###uhtesia###,uueesia,uudesta,0.019330,uutisia,0.003933,0,0
###vbalena###,vallena,valtava,0.023683,vaaleja,0.000393,0,0
###vaalysn###,vaalasn,vaarana,0.024275,vaalien,0.009964,0,0
###valspua###,valspua,valinta,0.016339,vaappua,0.005611,0,0
###vanjana###,vanjana,vaarana,0.029521,vaarana,0.029521,0,0
###vaapini###,vaapini,vaatisi,0.150892,vaatisi,0.150892,0,0
###omativa###,otativa,vaativa,0.068012,vaativa,0.068012,0,0
###gahinäo###,hhionno,tiainen,0.001174,vahinko,0.000115,0,0
###eahöana###,ehhhana,pohjana,0.006387,vahvana,0.002908,0,0
###tahvona###,tahvona,talvena,0.100661,vahvoja,0.020278,0,0
###sahvurs###,sahvuus,säännös,0.015713,vahvuus,0.001809,0,0
###laihdön###,laihdon,vaihdon,0.221899,vaihdon,0.221899,0,0
###vfihpen###,viipden,viiteen,0.020660,vaiheen,0.008064,0,0
###öaibeet###,aöiheet,kiireen,0.013761,vaiheet,0.002290,0,0
###vfnhtaa###,vonntaa,voittaa,0.072883,vaihtaa,0.000310,0,0
###vaahkoa###,vaahkoa,vaihtoa,0.123001,vaihtoa,0.123001,0,0
###vafhtfi###,vahhkri,vaihtui,0.033450,vaihtoi,0.031756,0,0
###vaghtoi###,vahhtoi,vaihtoi,0.869003,vaihtui,0.006979,0,0
###aanhtuu###,aahhtuu,vaihtuu,0.016593,vaihtuu,0.016593,0,0
###vjiklaa###,vokilaa,vakavaa,0.012527,vaikeaa,0.004881,0,0
###vafhean###,vahhean,vaiheen,0.211767,vaikean,0.001732,0,0
###vatfeus###,vateeus,vaikeus,0.068083,vaikeus,0.068083,0,0
###vöikvei###,veiikei,viitala,0.008338,vaikkei,0.000209,0,0
###tbikuta###,toikuta,vaikuta,0.048243,vaikuta,0.048243,0,0
###oaimoui###,oiimoni,vaimoni,0.009695,vaimoni,0.009695,0,0
###aakajaa###,ajkajaa,antamaa,0.009875,vakavaa,0.005770,0,0
###vanivan###,vanivan,vantaan,0.061087,vakavan,0.035915,0,0
###labavia###,lavaaia,lavalla,0.226085,vakavia,0.009538,0,0
###sakiooa###,saksooa,suosion,0.008358,vakiona,0.000295,0,0
###veruutu###,veruutu,vakuutu,0.496780,vakuutu,0.496780,0,0
###vakidta###,vakidta,vakiona,0.034278,valinta,0.009988,0,0
###valkdse###,valvess,valitse,0.170155,valitse,0.170155,0,0
###vabitni###,vaiitii,valitsi,0.022532,valitsi,0.022532,0,0
###palitäu###,palituu,puuttuu,0.022999,valittu,0.001306,0,0
###vglötun###,volttun,valitun,0.079177,valitun,0.079177,0,0
###vvlitrs###,veritas,värikäs,0.041896,valitus,0.023450,0,0
###vahotut###,vahotut,valitut,0.147745,valitut,0.147745,0,0
###vjlkava###,valkava,valtava,0.118727,valkama,0.070341,0,0
###varöiin###,varriin,varhain,0.088828,valmiin,0.014641,0,0
###vfemiit###,veemiit,valmiit,0.484058,valmiit,0.484058,0,0
###valfibs###,valiiss,välissä,0.026611,valmius,0.004644,0,0
###valtiha###,valtija,haltija,0.017982,valoisa,0.012433,0,0
###valkysa###,valkasa,valkama,0.053302,valossa,0.005623,0,0
###vlldava###,volvava,valtava,0.099638,valtava,0.099638,0,0
###valöirn###,varvrrn,valitun,0.021645,valtion,0.003974,0,0
###valtfdt###,valadtt,valitut,0.085985,valtiot,0.038928,0,0
###valäuja###,valvuja,valvoja,0.058567,valvoja,0.058567,0,0
###psmmala###,pampala,työpaja,0.005866,vammala,0.000380,0,0
###vantaun###,vantaun,vantaan,0.411920,vanhaan,0.000511,0,0
###vaehöla###,vaahula,varalla,0.032253,vanhala,0.013410,0,0
###omnhoja###,oonhoja,korkoja,0.003276,vanhoja,0.002934,0,0
###vbnkiln###,vonkiln,vankien,0.019285,vankien,0.019285,0,0
###hanbaan###,hannaan,hintaan,0.054027,vantaan,0.002410,0,0
###uapyana###,appauaa,aiempaa,0.013565,vapaana,0.000006,0,0
###gapagta###,apaatta,vapaata,0.015494,vapaata,0.015494,0,0
###oasaita###,ossaita,vastata,0.052975,vapaita,0.000047,0,0
###rarakla###,rarakla,saralla,0.023017,varalla,0.003788,0,0
###varulde###,varalle,varalle,0.473686,varalle,0.473686,0,0
###daralfa###,dadaaha,lavalla,0.001683,varalta,0.000340,0,0
###vajadsa###,vaaaasa,varassa,0.191743,varassa,0.191743,0,0
###vuralto###,vuralto,varalta,0.288657,varasto,0.020809,0,0
###vöratfu###,varaauu,varattu,0.697629,varattu,0.697629,0,0
###vashtin###,vahstin,lähetin,0.008917,varhain,0.001832,0,0
###vuriemy###,vurimmy,variety,0.098584,variety,0.098584,0,0
###vdrjöon###,vyrjjon,varjoon,0.087121,varjoon,0.087121,0,0
###vavkans###,vavvaus,varkaus,0.035856,varkaus,0.035856,0,0
###varsgan###,varsaan,varmaan,0.155910,varmaan,0.155910,0,0
###darmgja###,gadmama,saamaan,0.015574,varmoja,0.002369,0,0
###haaojen###,haaajen,hakijan,0.036131,varojen,0.001744,0,0
###vörheen###,verheen,perheen,0.313408,varteen,0.042402,0,0
###jastnan###,jasttan,vastaan,0.040818,vastaan,0.040818,0,0
###vastmvi###,vastvii,vastasi,0.066470,vastasi,0.066470,0,0
###vasiaöa###,vaiiaaa,vaikeaa,0.002737,vastata,0.000060,0,0
###öastfus###,sötsuus,katsaus,0.158191,vastaus,0.000034,0,0
###vssrine###,sessene,vesillä,0.035944,vastine,0.000284,0,0
###vaskofn###,vasooon,vastoin,0.024682,vastoin,0.024682,0,0
###elstuun###,eestuun,vastuun,0.104004,vastuun,0.104004,0,0
###vsstunt###,vestuut,vastuut,0.028718,vastuut,0.028718,0,0
###vkuhtöa###,voihtva,vaihtoa,0.004677,vauhtia,0.004359,0,0
###äedallä###,eädällä,kädellä,0.046467,vedellä,0.027666,0,0
###vedtsrä###,vertslä,vesillä,0.016797,vedessä,0.007958,0,0
###yedeutä###,edeeetä,yhdeltä,0.007862,vedestä,0.001685,0,0
###velmoba###,velmola,velkoja,0.009647,velkoja,0.009647,0,0
###fenejän###,eienjän,venäjän,0.045959,venäjän,0.045959,0,0
###jnnäjää###,nännjää,junalla,0.010437,venäjää,0.008209,0,0
###vsdkkoo###,vodskko,verkkoo,0.079987,verkkoo,0.079987,0,0
###verolyn###,verolyn,verojen,0.079154,verojen,0.079154,0,0
###vervtps###,vervtäs,terveys,0.014710,verotus,0.010286,0,0
###veebata###,veetata,verrata,0.098832,verrata,0.098832,0,0
###veröibn###,vervien,version,0.089711,version,0.089711,0,0
###nksillä###,nesillä,käsillä,0.033827,vesillä,0.020089,0,0
###lptänyt###,lytänyt,vetänyt,0.006491,vetänyt,0.006491,0,0
###vejäeät###,veeäeät,vihreät,0.131681,vetävät,0.010842,0,0
###vyeoään###,vyedään,väärään,0.025930,viedään,0.001998,0,0
###vuemäpä###,vuemäpä,vieläpä,0.101018,vieläpä,0.101018,0,0
###viomäkn###,vikkäkn,virkaan,0.114929,viemään,0.001099,0,0
###fiennrn###,fiennin,viennin,0.034808,viennin,0.034808,0,0
###vienpbä###,vieinpä,vieläpä,0.111384,vientiä,0.005874,0,0
###vielaon###,vielaon,vieraan,0.062131,vieraan,0.062131,0,0
###aigraat###,aiiraaa,viittaa,0.001699,vieraat,0.000652,0,0
###vvöreen###,virreen,viereen,0.119660,viereen,0.119660,0,0
###nterola###,neetela,nastola,0.007085,vierola,0.000242,0,0
###miesyin###,miesyin,missään,0.233861,viestin,0.021746,0,0
###tiektit###,tikktit,mikkiin,0.036798,viestit,0.002012,0,0
###bmestiä###,mesttiä,tekstiä,0.003674,viestiä,0.000081,0,0
###vdetiön###,vgetiin,vietiin,0.244614,vietiin,0.244614,0,0
###vneatää###,vevätää,venäjää,0.011697,viettää,0.004298,0,0
###vihuonn###,vihonnn,viennin,0.048504,vihdoin,0.011283,0,0
###nihbeän###,nihdeän,nilsiän,0.024879,vihreän,0.020879,0,0
###vshrmät###,sehmmät,vihreät,0.006955,vihreät,0.006955,0,0
###vuhrepä###,vuhretä,vihreää,0.308523,vihreää,0.308523,0,0
###vuihtny###,vvihtyy,viihtyy,0.458551,viihtyy,0.458551,0,0
###vimskoa###,vokskoa,vuosina,0.010926,viikkoa,0.000952,0,0
###vjbmein###,veemiin,valmiin,0.171151,viimein,0.079524,0,0
###vbönejä###,vennäjä,viinejä,0.381890,viinejä,0.381890,0,0
###soisaus###,soisaus,sairaus,0.063126,viisaus,0.001543,0,0
###liitula###,liitila,viitala,0.079153,viitala,0.079153,0,0
###kiieeen###,kiileen,kieleen,0.021901,viiteen,0.000238,0,0
###vrsttaa###,verttaa,voittaa,0.016000,viittaa,0.001100,0,0
###viijdly###,viijäly,viljely,0.409515,viljely,0.409515,0,0
###vamkkaa###,vavkkaa,vakavaa,0.018462,vinkkaa,0.003016,0,0
###hirnsta###,hirusta,sinusta,0.017248,virasta,0.002722,0,0
###öiralto###,iiratto,aihetta,0.009343,virasto,0.007708,0,0
###vinyeet###,vieieet,virheet,0.046149,virheet,0.046149,0,0
###firkagn###,firaaun,finaali,0.032879,virkaan,0.003487,0,0
###viäosda###,vidonsa,virossa,0.100679,virossa,0.100679,0,0
###viloska###,vilokka,vitikka,0.031253,virosta,0.017775,0,0
###viaidka###,viaikka,vitikka,0.304232,vitikka,0.304232,0,0
###vyidaen###,vyidden,voidaan,0.064676,voidaan,0.064676,0,0
###voitdan###,voitdan,voittaa,0.288875,voimaan,0.037150,0,0
###vlimsla###,voimlla,voimala,0.195756,voimala,0.195756,0,0
###yoinfet###,ysyneet,yleiset,0.025933,voineet,0.005220,0,0
###voioigo###,voioioo,voisiko,0.417169,voisiko,0.417169,0,0
###vditana###,voitana,viitala,0.133197,voitava,0.063077,0,0
###vortion###,vortion,valtion,0.060866,voitiin,0.049894,0,0
###eoettaa###,edettaa,opettaa,0.053337,voittaa,0.000497,0,0
###öohttoa###,ohtttoa,ohittaa,0.089197,voittoa,0.016286,0,0
###vaokkaa###,vaokkaa,vaikeaa,0.012220,vuokraa,0.003004,0,0
###uuoorat###,uuoortt,vuokrat,0.024358,vuokrat,0.024358,0,0
###viarela###,vierela,vierola,0.023825,vuorela,0.021568,0,0
###äuosifn###,uäooien,muotien,0.004597,vuosien,0.003736,0,0
###vukspin###,vukstin,vuosiin,0.384768,vuosiin,0.384768,0,0
###uuosfna###,uuoosaa,uutisia,0.003042,vuosina,0.000592,0,0
###vgooeen###,voooeen,vuoteen,0.008907,vuoteen,0.008907,0,0
###vultöna###,vultuna,vuotena,0.115880,vuotena,0.115880,0,0
###vgehtön###,vehötön,verotus,0.006102,väestön,0.002090,0,0
###nähsnee###,näheeee,nähneet,0.536083,vähenee,0.103443,0,0
###väritmn###,väriman,väkisin,0.015566,vähiten,0.006005,0,0
###vämttuä###,vämttuä,väittää,0.041477,väittää,0.041477,0,0
###uäkimin###,uukimin,tulikin,0.005974,väkisin,0.000778,0,0
###vätilbe###,vätilee,välille,0.026179,välille,0.026179,0,0
###vmliilä###,veliilä,välillä,0.100722,välillä,0.100722,0,0
###rälältä###,äärältä,sisältä,0.055958,väliltä,0.032851,0,0
###oulinen###,oulinen,auvinen,0.013311,välinen,0.001106,0,0
###välppen###,välpeen,välisen,0.088515,välisen,0.088515,0,0
###vdllset###,voltlet,väliset,0.117162,väliset,0.117162,0,0
###vömisiä###,vitisiä,vesillä,0.022842,välisiä,0.006153,0,0
###äälfssä###,äälrssä,ääressä,0.306444,välissä,0.259174,0,0
###väoigtä###,väoittä,väliltä,0.035861,välistä,0.026811,0,0
###bälitgn###,bääätin,brändin,0.028749,välitön,0.000050,0,0
###yältgyä###,ysltyyä,yrttejä,0.011862,välttyä,0.001336,0,0
###kolttää###,kolttää,välttää,0.114046,välttää,0.114046,0,0
###väriios###,värrios,säännös,0.011851,värikäs,0.006709,0,0
###väsjays###,vässays,väsymys,0.201837,väsymys,0.201837,0,0
###väärnrn###,värrrän,väärään,0.057373,väärään,0.057373,0,0
###yvdekri###,yrderii,yhdeksi,0.173724,yhdeksi,0.173724,0,0
###ykgelle###,yydelle,yhdelle,0.025302,yhdelle,0.025302,0,0
###öhdeölä###,höeölöä,haetaan,0.014824,yhdellä,0.008543,0,0
###vhdhltä###,hhhhltä,yhdeltä,0.191788,yhdeltä,0.191788,0,0
###yjdussä###,yhdussä,yhdessä,0.424592,yhdessä,0.424592,0,0
###yhdevvä###,yhdevvä,yhdelle,0.118947,yhdestä,0.080095,0,0
###ghthisö###,hhhiööö,yhteisö,0.014399,yhteisö,0.014399,0,0
###yhtvjen###,yhtvjen,ystävän,0.020706,yhtyeen,0.008135,0,0
###ykfjnen###,yinönen,ykkönen,0.003318,ykkönen,0.003318,0,0
###yiköjen###,yiköden,ykkösen,0.253170,ykkösen,0.253170,0,0
###ykjikgö###,ykjikkö,yksikkö,0.908608,yksikkö,0.908608,0,1
###vkbikön###,vyiikön,yksikön,0.010270,yksikön,0.010270,0,0
###hkspköt###,hepkköt,hauskat,0.081949,yksiköt,0.036355,0,0
###susilön###,susilön,yksilön,0.008205,yksilön,0.008205,0,0
###tkmilöt###,tomilit,yksilöt,0.024795,yksilöt,0.024795,0,0
###ylvenoä###,ylvynnä,yleensä,0.115121,yleensä,0.115121,0,0
###ylsgnen###,yysunen,yleinen,0.043038,yleinen,0.043038,0,0
###ylvison###,ylvisin,yleisin,0.131002,yleisen,0.007467,0,0
###ateiset###,aseiset,yleiset,0.070412,yleiset,0.070412,0,0
###vleirin###,veeirin,väkisin,0.017636,yleisin,0.003876,0,0
###yleoöiä###,yleiikä,yleensä,0.106708,yleisiä,0.064201,0,0
###ylriskä###,yyriskä,yleisiä,0.006290,yleistä,0.002342,0,0
###ypeisbn###,yppisen,yleisen,0.188469,yleisön,0.000390,0,0
###bleisfä###,lelisää,pelissä,0.020978,yleisöä,0.000957,0,0
###flevmän###,leemmän,viemään,0.025506,ylemmän,0.013258,0,0
###ylnnpää###,yynypää,ystävää,0.021962,ylempää,0.005813,0,0
###tnimmän###,tnmmmän,tekemän,0.065778,ylimmän,0.007628,0,0
###ylefalo###,yleealo,ylitalo,0.267731,ylitalo,0.267731,0,0
###naittää###,näittää,näyttää,0.058741,ylittää,0.008889,0,0
###ylgytti###,yllytti,yllätti,0.609881,yllätti,0.609881,0,0
###ylvätds###,yrsädös,yllätys,0.045747,yllätys,0.045747,0,0
###ylöeioä###,ylyeikä,ylpeitä,0.384061,ylpeitä,0.384061,0,0
###kmmägrä###,kymärrä,ymmärrä,0.269584,ymmärrä,0.269584,0,0
###yrbttsä###,yytättä,yrttejä,0.002017,yrittää,0.001217,0,0
###hmttejä###,hettejä,yrttejä,0.040378,yrttejä,0.040378,0,0
###astävöä###,astavvä,kuvaava,0.034703,ystäviä,0.002208,0,0
###iktävän###,iitävän,ystävän,0.034128,ystävän,0.034128,0,0
###isaävät###,isiävät,ystävät,0.003332,ystävät,0.003332,0,0
###ysmäviä###,yssäviä,ystäviä,0.640764,ystävää,0.001219,0,0
###äidolje###,äidolde,äidille,0.180191,äidille,0.180191,0,0
###viöänen###,vinänen,äimänen,0.017052,äimänen,0.017052,0,0
###jitirsä###,jitisrä,äitinsä,0.053479,äitinsä,0.053479,0,0
###ärääaät###,äräääät,ärhäkät,0.156037,ärhäkät,0.156037,0,0
###äpneloä###,äänellä,äänellä,0.255859,äänellä,0.255859,0,0
###äämansä###,äääänsä,äänensä,0.489173,äänensä,0.489173,0,0
###mfnestä###,menestä,monesta,0.018717,äänestä,0.004556,0,0
###yädelle###,ysdelle,yhdelle,0.722964,äärelle,0.001421,0,0
###äereilä###,ääreilä,äärellä,0.048710,äärellä,0.048710,0,0
###ääueasä###,ääueäsä,ääressä,0.075049,ääressä,0.075049,0,0
