input,lower_deck_output,upper_deck_winner,winner_activation,target,target_activation,excluded,over_threshold
###aalotla###,aalolla,talolla,0.519248,aaltola,0.067091,0,0
###aamlula###,aammula,aaltola,0.029980,aamulla,0.009175,0,0
###aamsuta###,aaamuta,aamusta,0.018315,aamusta,0.018315,0,0
###afrkian###,aarkian,afrikan,0.045662,afrikan,0.045662,0,0
###aidsoti###,aidotti,aidosti,0.051065,aidosti,0.051065,0,0
###aiemman###,aiemman,aiemman,0.933053,aiemman,0.933053,1,1
###aiemmat###,aiemmat,aiemmat,0.961751,aiemmat,0.961751,1,1
###aiemmin###,aiemmin,aiemmin,0.956729,aiemmin,0.956729,1,1
###aiepmaa###,aiemmaa,aiempaa,0.077245,aiempaa,0.077245,0,0
###aiepmia###,aiempia,aiempia,0.160147,aiempia,0.160147,0,0
###aiheena###,aiheena,aiheena,0.963222,aiheena,0.963222,1,1
###aihiena###,aiheena,aiheena,0.701062,aiheina,0.061938,0,0
###aihieta###,aiheita,aiheita,0.215759,aiheita,0.215759,0,0
###aihteta###,aihttta,aihetta,0.517956,aihetta,0.517956,0,1
###aihueta###,aiheuta,aiheuta,0.921817,aiheuta,0.921817,0,1
###aikmame###,aikkame,aikamme,0.735205,aikamme,0.735205,0,1
###aiknasa###,aiknasa,aikansa,0.025781,aikansa,0.025781,0,0
###aikiona###,aikiona,aikoina,0.189384,aikoina,0.189384,0,0
###aikjoen###,aikkjen,aikojen,0.459519,aikojen,0.459519,0,0
###aikvoat###,aikkvat,aikovat,0.234038,aikovat,0.234038,0,0
###ainkain###,ainkkin,ainakin,0.050099,ainakin,0.050099,0,0
###ainieta###,ainieta,ainetta,0.002504,aineita,0.001231,0,0
###ainteta###,ainteta,ainetta,0.033815,ainetta,0.033815,0,0
###ainaona###,ainnona,ainoana,0.228534,ainoana,0.228534,0,0
###aioatan###,aioatan,aiotaan,0.575745,aiotaan,0.575745,0,1
###aivjoen###,aivooen,aikojen,0.093931,aivojen,0.060723,0,0
###ajaaman###,ajaalan,ajamaan,0.369429,ajamaan,0.369429,0,0
###ajeatan###,ajeatan,ajetaan,0.133139,ajetaan,0.133139,0,0
###ajolita###,ajooita,ajoista,0.083832,ajoilta,0.034607,0,0
###ajosisa###,ajooisa,ajoissa,0.236181,ajoissa,0.236181,0,0
###ajosita###,ajooita,ajoista,0.286653,ajoista,0.286653,0,0
###akslein###,aasklin,akselin,0.033289,akselin,0.033289,0,0
###akututi###,aauttti,akuutti,0.046167,akuutti,0.046167,0,0
###alanien###,alanien,eliniän,0.010535,alainen,0.006399,0,0
###alaatan###,alaaaan,alataan,0.420816,alataan,0.420816,0,0
###alaatlo###,alaalto,alatalo,0.175888,alatalo,0.175888,0,0
###aleskis###,aleskis,aleksis,0.053478,aleksis,0.053478,0,0
###alennus###,alennus,alennus,0.959778,alennus,0.959778,1,1
###aletnaa###,alettaa,alentaa,0.473170,alentaa,0.473170,0,0
###aleatan###,aleatan,alentaa,0.029641,aletaan,0.024141,0,0
###alkiasi###,alkiisi,alkaisi,0.849488,alkaisi,0.849488,0,1
###alknaut###,alkkaut,alkanut,0.003848,alkanut,0.003848,0,0
###alkvaan###,alkvaan,aletaan,0.077182,alkavan,0.023558,0,0
###alkvaat###,allkaat,alkavat,0.165101,alkavat,0.165101,0,0
###alknusa###,alknnsa,alkunsa,0.585909,alkunsa,0.585909,0,1
###alolila###,alooila,aloilla,0.578391,aloilla,0.578391,0,1
###alolile###,aloklle,aloille,0.575762,aloille,0.575762,0,1
###alolita###,alooita,aloilta,0.066137,aloilta,0.066137,0,0
###alotiin###,alotiin,aloitin,0.029210,aloitin,0.029210,0,0
###alotiti###,alotiti,aloitti,0.265520,aloitti,0.265520,0,0
###alotius###,alotius,aloitus,0.564160,aloitus,0.564160,0,1
###aluieta###,aluiita,aloilta,0.082935,alueita,0.027830,0,0
###aluteta###,aluetta,aluetta,0.140005,aluetta,0.140005,0,0
###alusken###,aluksen,aluksen,0.819609,aluksen,0.819609,0,1
###ammtain###,aamtain,ammatin,0.023698,ammatin,0.023698,0,0
###ammtati###,aamtati,ammatti,0.050923,ammatti,0.050923,0,0
###anesita###,aneeita,aiheita,0.027860,aneista,0.017507,0,0
###annmame###,annmmme,annamme,0.319575,annamme,0.319575,0,0
###anntetu###,anneitu,annettu,0.269423,annettu,0.269423,0,0
###annteun###,annteun,annetun,0.662091,annetun,0.662091,0,1
###annteut###,annttut,annetut,0.535434,annetut,0.535434,0,1
###anniina###,anniina,anniina,0.977539,anniina,0.977539,1,1
###annkiki###,annkiki,annikki,0.572409,annikki,0.572409,0,1
###annsota###,annosta,annosta,0.722973,annosta,0.722973,0,1
###annkuka###,annkkka,annukka,0.093515,annukka,0.093515,0,0
###antiasi###,antiisi,antaisi,0.846830,antaisi,0.846830,0,1
###antmaaa###,antamaa,antamaa,0.177205,antamaa,0.177205,0,0
###antmaan###,antaman,antaman,0.204157,antaman,0.204157,0,0
###antmaat###,antamat,antamat,0.137996,antamat,0.137996,0,0
###antnaut###,antnnut,antanut,0.472800,antanut,0.472800,0,0
###antvaat###,antvvat,antavat,0.840678,antavat,0.840678,0,1
###antitla###,antilla,anttila,0.099219,anttila,0.099219,0,0
###apuarha###,apuaaha,apuraha,0.920721,apuraha,0.920721,0,1
###aripmia###,arimpia,arimpia,0.833600,arimpia,0.833600,0,1
###arjsesa###,arjsssa,arvosta,0.021076,arjessa,0.006584,0,0
###arjseta###,arjjsta,arvosta,0.069329,arjesta,0.064056,0,0
###arksiin###,arksiin,arkisin,0.194424,arkisin,0.194424,0,0
###arksito###,arkstto,arkisto,0.424740,arkisto,0.424740,0,0
###armieja###,armieja,armeija,0.444894,armeija,0.444894,0,0
###artutri###,arturri,artturi,0.723754,artturi,0.723754,0,1
###arvleee###,arveeee,arvelee,0.268699,arvelee,0.268699,0,0
###arvjoen###,arvooen,arvojen,0.100223,arvojen,0.100223,0,0
###arvkoas###,aravkas,arvokas,0.055210,arvokas,0.055210,0,0
###arvlota###,arvotta,arvolta,0.121549,arvolta,0.121549,0,0
###arvmome###,arvomme,arvomme,0.757880,arvomme,0.757880,0,1
###arvsota###,arvosta,arvosta,0.107571,arvosta,0.107571,0,0
###asedien###,asemien,aseiden,0.732469,aseiden,0.732469,0,1
###aseaman###,aseaman,aiemman,0.092567,asemaan,0.074769,0,0
###asennus###,asennus,asennus,0.963738,asennus,0.963738,1,1
###asetnaa###,asettaa,asettaa,0.827618,asentaa,0.059900,0,0
###asettaa###,asettaa,asettaa,0.941503,asettaa,0.941503,1,1
###asettua###,asettua,asettua,0.944066,asettua,0.944066,1,1
###asettuu###,asettuu,asettuu,0.966097,asettuu,0.966097,1,1
###asikaas###,asisaas,asiakas,0.052484,asiakas,0.052484,0,0
###asilala###,asialla,asialla,0.724975,asialla,0.724975,0,1
###asilale###,asialle,asialle,0.603349,asialle,0.603349,0,1
###asinasa###,asinasa,asialla,0.055597,asiansa,0.008812,0,0
###asisasa###,asisssa,asiassa,0.172705,asiassa,0.172705,0,0
###asisata###,asisita,asiasta,0.420732,asiasta,0.420732,0,0
###asiioda###,asiooda,asioida,0.109470,asioida,0.109470,0,0
###asiiota###,asiista,asioita,0.136444,asioita,0.136444,0,0
###astteta###,astteta,astetta,0.046457,astetta,0.046457,0,0
###asuaman###,asumman,asumaan,0.750513,asumaan,0.750513,0,1
###asuenet###,asueeet,asuneet,0.843596,asuneet,0.843596,0,1
###asunnon###,asunnon,asunnon,0.955371,asunnon,0.955371,1,1
###asunnot###,asunnot,asunnot,0.958158,asunnot,0.958158,1,1
###asutnoa###,asuttoa,asuntoa,0.307334,asuntoa,0.307334,0,0
###asuiven###,asuiven,asuvien,0.098056,asuvien,0.098056,0,0
###ateiran###,atairan,afrikan,0.009134,aterian,0.007252,0,0
###ateirat###,attirat,ottivat,0.015285,ateriat,0.010442,0,0
###aulsasa###,auusssa,aulassa,0.059115,aulassa,0.059115,0,0
###aulkiki###,aulkiki,aulikki,0.545865,aulikki,0.545865,0,1
###aurtaon###,aurtaon,auraton,0.096866,auraton,0.096866,0,0
###aurniko###,aurviko,aurinko,0.751013,aurinko,0.751013,0,1
###autmame###,autmmme,arvomme,0.023839,autamme,0.009815,0,0
###autjoen###,autojen,autojen,0.384799,autojen,0.384799,0,0
###autlola###,auttola,anttila,0.071988,autolla,0.019968,0,0
###autsosa###,uutsssa,muistaa,0.003956,autossa,0.002176,0,0
###autsota###,auttsta,autosta,0.071721,autosta,0.071721,0,0
###auvnien###,auunien,auvinen,0.070686,auvinen,0.070686,0,0
###avavaat###,avaaaat,avaavat,0.223622,avaavat,0.223622,0,0
###avamiet###,avamitt,avaimet,0.034919,avaimet,0.034919,0,0
###avannut###,avannut,avannut,0.967626,avannut,0.967626,1,1
###avarrus###,avarrus,avarrus,0.985459,avarrus,0.985459,1,1
###avaatan###,avaatan,avaavat,0.109814,avataan,0.049933,0,0
###avatuui###,avattui,avautui,0.072748,avautui,0.072748,0,0
###avatuuu###,avatuuu,avautuu,0.339056,avautuu,0.339056,0,0
###avieoro###,avirero,avioero,0.786714,avioero,0.786714,0,1
###avomien###,avommen,avoimen,0.341825,avoimen,0.341825,0,0
###avomiet###,avoimet,avoimet,0.533538,avoimet,0.533538,0,1
###avomiia###,avommia,avoimia,0.751134,avoimia,0.751134,0,1
###avonina###,avoinna,avoinna,0.848709,avoinna,0.848709,0,1
###avonita###,avoiita,avointa,0.614553,avointa,0.614553,0,1
###avutsaa###,avuttaa,avustaa,0.085063,avustaa,0.085063,0,0
###avutsus###,auutsus,avustus,0.064493,avustus,0.064493,0,0
###balitan###,balttan,baltian,0.614673,baltian,0.614673,0,1
###beligan###,belgnan,belgian,0.906707,belgian,0.906707,0,1
###betnoin###,betnoin,betonin,0.135232,betonin,0.135232,0,0
###bonsuta###,bonuuta,bonusta,0.842543,bonusta,0.842543,0,1
###brädnin###,brändin,brändin,0.878028,brändin,0.878028,0,1
###dolalri###,dodlali,dollari,0.361024,dollari,0.361024,0,0
###edennyt###,edennyt,edennyt,0.980478,edennyt,0.980478,1,1
###edeätän###,edeätän,edetään,0.079995,edetään,0.079995,0,0
###editsää###,edittää,edistää,0.155380,edistää,0.155380,0,0
###edusita###,edusita,eduista,0.190072,eduista,0.190072,0,0
###edutsaa###,eduttaa,edustaa,0.099072,edustaa,0.099072,0,0
###edutsus###,edutsus,edustus,0.355064,edustus,0.355064,0,0
###egytpin###,egyppin,egyptin,0.822779,egyptin,0.822779,0,1
###ehdtity###,ehdiity,ehditty,0.443209,ehditty,0.443209,0,0
###ehdkoas###,eeddoas,ehdokas,0.117842,ehdokas,0.117842,0,0
###ehdlola###,ehdolla,ehdolla,0.096133,ehdolla,0.096133,0,0
###ehdlole###,ehdolle,ehdolle,0.478887,ehdolle,0.478887,0,0
###ehdtoon###,eedtoon,ehdoton,0.032034,ehdoton,0.032034,0,0
###ehdtoti###,ehettti,ehdotti,0.129960,ehdotti,0.129960,0,0
###ehdtous###,ehdttus,ehdotus,0.107101,ehdotus,0.107101,0,0
###ehkiäsy###,ehkäiyy,ehkäisy,0.181317,ehkäisy,0.181317,0,0
###ehtniyt###,eetnnyt,ehtinyt,0.057509,ehtinyt,0.057509,0,0
###ehtviät###,ehtivät,ehtivät,0.101940,ehtivät,0.101940,0,0
###ehtjoen###,ehtooen,katsoen,0.117921,ehtojen,0.027234,0,0
###eikhöän###,ehköhän,eiköhän,0.374241,eiköhän,0.374241,0,0
###eivtäkä###,eittäkä,eivätkä,0.060489,eivätkä,0.060489,0,0
###eleätän###,eleäään,eletään,0.096395,eletään,0.096395,0,0
###eliinän###,eliinän,eliniän,0.067925,eliniän,0.067925,0,0
###ellsitä###,elliitä,ellistä,0.728082,ellistä,0.728082,0,1
###elooklo###,elokolo,elokolo,0.947255,elokolo,0.947255,0,1
###eloukun###,elokuun,elokuun,0.907112,elokuun,0.907112,0,1
###eloukva###,elokkva,elokuva,0.853380,elokuva,0.853380,0,1
###elämien###,elämien,toimien,0.012508,eläimen,0.005623,0,0
###elämiet###,elemiet,eläimet,0.057788,eläimet,0.057788,0,0
###elämiiä###,elämiiä,eläimiä,0.062651,eläimiä,0.062651,0,0
###eläämni###,eläämni,elämäni,0.609868,elämäni,0.609868,0,1
###eläämän###,elääään,elämään,0.467924,elämään,0.467924,0,0
###enemmän###,enemmän,enemmän,0.975193,enemmän,0.975193,1,1
###enepmää###,enempää,enempää,0.635028,enempää,0.635028,0,1
###enegria###,energia,energia,0.898095,energia,0.898095,0,1
###ennkaoi###,ennnioi,ennakoi,0.344751,ennakoi,0.344751,0,0
###ennlata###,ennnata,ennalta,0.181253,ennalta,0.181253,0,0
###ennsute###,ennnnte,kannata,0.155273,ennuste,0.111985,0,0
###ensaipu###,ensaapu,ensiapu,0.494714,ensiapu,0.494714,0,0
###enskisi###,enssisi,ensiksi,0.713445,ensiksi,0.713445,0,1
###entnien###,entnien,entisen,0.082230,entinen,0.073877,0,0
###entsien###,entiien,entisen,0.030588,entisen,0.030588,0,0
###entsiet###,entiiet,entiset,0.522496,entiset,0.522496,0,1
###entsiiä###,entsiiä,entisiä,0.517876,entisiä,0.517876,0,1
###entsitä###,entiitä,entistä,0.679596,entistä,0.679596,0,1
###epäliee###,epäliee,epäilee,0.267721,epäilee,0.267721,0,0
###epälilä###,epälilä,epäillä,0.700859,epäillä,0.700859,0,1
###erkiklä###,erkillä,erkkilä,0.092502,erkkilä,0.092502,0,0
###erovaat###,erorvat,eroavat,0.781555,eroavat,0.781555,0,1
###erottaa###,erottaa,erottaa,0.965090,erottaa,0.965090,1,1
###erottuu###,erottuu,erottuu,0.976377,erottuu,0.976377,1,1
###erädien###,erädien,eräiden,0.009105,eräiden,0.009105,0,0
###eräkisi###,eräkisi,eräiksi,0.036338,eräiksi,0.036338,0,0
###eräsisä###,eräsisä,pääsisi,0.043916,eräissä,0.014993,0,0
###eräsäsä###,eräsäsä,eräässä,0.290289,eräässä,0.290289,0,0
###esiimes###,esiimes,esimies,0.243989,esimies,0.243989,0,0
###esienet###,eseneet,esineet,0.127423,esineet,0.127423,0,0
###esittää###,esittää,esittää,0.967656,esittää,0.967656,1,1
###espnaja###,espnaja,espanja,0.039819,espanja,0.039819,0,0
###esteenä###,esteenä,esteenä,0.977659,esteenä,0.977659,1,1
###estietä###,estietä,esteitä,0.029348,esteitä,0.029348,0,0
###esttetä###,esttetä,käytetä,0.057935,estettä,0.003229,0,0
###estväät###,estvvät,estävät,0.201777,estävät,0.201777,0,0
###eteälän###,eteälän,etelään,0.227752,etelään,0.227752,0,0
###eteknin###,eteenin,etenkin,0.075352,etenkin,0.075352,0,0
###etsmime###,etsmmme,etsimme,0.597143,etsimme,0.597143,0,1
###etsviät###,etsvvät,etsivät,0.463090,etsivät,0.463090,0,0
###ettiekö###,ettikkö,etteikö,0.662391,etteikö,0.662391,0,1
###ettmeme###,ettemme,ettemme,0.886443,ettemme,0.886443,0,1
###etuinmi###,etuummi,etunimi,0.151631,etunimi,0.151631,0,0
###etuisja###,etuijja,etusija,0.174242,etusija,0.174242,0,0
###eurjoen###,eurooen,eurojen,0.790087,eurojen,0.790087,0,1
###eurlola###,eurlola,eurolla,0.326990,eurolla,0.326990,0,0
###eurlole###,euroole,eurolle,0.805314,eurolle,0.805314,0,1
###eursota###,eurrsta,eurosta,0.530725,eurosta,0.530725,0,1
###evesrti###,eveesti,eversti,0.423602,eversti,0.423602,0,0
###finaali###,finaali,finaali,0.986399,finaali,0.986399,1,1
###foourmi###,foorumi,foorumi,0.746147,foorumi,0.746147,0,1
###forumla###,formlla,formula,0.541453,formula,0.541453,0,1
###forssan###,forssan,forssan,0.983126,forssan,0.983126,1,1
###frednit###,frendit,frendit,0.794226,frendit,0.794226,0,1
###grammaa###,grammaa,grammaa,0.990082,grammaa,0.990082,1,1
###haaapla###,haaaala,haapala,0.248892,haapala,0.248892,0,0
###haatsaa###,haatsaa,haittaa,0.069064,haastaa,0.057183,0,0
###haeatan###,haeatan,haetaan,0.078613,haetaan,0.078613,0,0
###haittaa###,haittaa,haittaa,0.949737,haittaa,0.949737,1,1
###haknaen###,haknaen,hukkaan,0.073418,hakanen,0.008688,0,0
###hakmeus###,hakkeus,hakemus,0.153310,hakemus,0.153310,0,0
###hakneut###,hakneut,hakenut,0.145600,hakenut,0.145600,0,0
###hakveat###,hakkeat,hakijat,0.076107,hakevat,0.041366,0,0
###hakjian###,hakkian,hakijan,0.157868,hakijan,0.157868,0,0
###hakjiat###,hakjiat,hakijat,0.106645,hakijat,0.106645,0,0
###halalan###,halalan,matalan,0.038618,hallaan,0.030689,0,0
###halilta###,halilta,halusta,0.022422,hallita,0.007417,0,0
###halnoen###,halnoen,halonen,0.040843,halonen,0.040843,0,0
###halitja###,halijja,halusta,0.022294,haltija,0.019207,0,0
###halutun###,haluuun,haltuun,0.545882,haltuun,0.545882,0,1
###halsuin###,hallaun,haltuun,0.043121,halusin,0.013896,0,0
###halsuta###,haljuta,halusta,0.093670,halusta,0.093670,0,0
###haltutu###,haltutu,haluttu,0.263396,haluttu,0.263396,0,0
###hamnian###,hamniin,kauniin,0.008696,haminan,0.003192,0,0
###hamapat###,hamaaat,hampaat,0.721899,hampaat,0.721899,0,1
###hanakla###,hankkla,hankala,0.088906,hankala,0.088906,0,0
###hankkia###,hankkia,hankkia,0.953054,hankkia,0.953054,1,1
###hankkii###,hankkii,hankkii,0.964922,hankkii,0.964922,1,1
###hanenle###,hanenle,hänelle,0.131815,hannele,0.089109,0,0
###hanunla###,hanunla,halusta,0.015976,hannula,0.011921,0,0
###hapiulu###,hapuulu,hapuilu,0.483310,hapuilu,0.483310,0,0
###harikta###,harikta,harkita,0.069238,harkita,0.069238,0,0
###haraman###,haraaan,harmaan,0.067299,harmaan,0.067299,0,0
###harppoi###,harppoi,harppoi,0.985767,harppoi,0.985767,1,1
###haratus###,haratus,hartaus,0.151073,hartaus,0.151073,0,0
###harovin###,harovin,harvoin,0.115512,harvoin,0.115512,0,0
###hatutla###,hatulla,halusta,0.048983,hattula,0.027146,0,0
###hauaran###,haauaan,haastaa,0.019709,hauraan,0.006810,0,0
###hauksaa###,hauksaa,hauskaa,0.014007,hauskaa,0.014007,0,0
###hauksat###,hauksat,hiukset,0.162486,hauskat,0.055516,0,0
###hauatla###,hauuala,hautala,0.090280,hautala,0.090280,0,0
###haviata###,haviita,halusta,0.008444,havaita,0.007716,0,0
###heikkoa###,heikkoa,heikkoa,0.964784,heikkoa,0.964784,1,1
###heiukra###,heikkra,heikura,0.141950,heikura,0.141950,0,0
###heionla###,heioola,heinola,0.059078,heinola,0.059078,0,0
###heittää###,heittää,heittää,0.960395,heittää,0.960395,1,1
###helopin###,helpoin,helpoin,0.489181,helpoin,0.489181,0,0
###helppoa###,helppoa,helppoa,0.985417,helppoa,0.985417,1,1
###heneken###,heneken,henkeen,0.118173,henkeen,0.118173,0,0
###heniklö###,heniklö,henkilö,0.099615,henkilö,0.099615,0,0
###hertäti###,hertiti,herätti,0.240216,herätti,0.240216,0,0
###hevnoen###,hennoen,heinola,0.019427,hevonen,0.003349,0,0
###hevsoen###,hevvoen,henkeen,0.021216,hevosen,0.011581,0,0
###hevsoet###,hevooet,hevoset,0.146074,hevoset,0.146074,0,0
###hidsata###,hiddata,kirjata,0.040124,hidasta,0.011125,0,0
###hiekkaa###,hiekkaa,hiekkaa,0.974288,hiekkaa,0.974288,1,1
###hieonja###,hienoja,hieroja,0.120944,hienoja,0.068632,0,0
###hieorja###,hieooja,hintoja,0.099485,hieroja,0.082405,0,0
###hieatla###,hiealaa,hiekkaa,0.062172,hietala,0.041758,0,0
###hiidhon###,hiihdon,hiihdon,0.968209,hiihdon,0.968209,0,1
###hinatan###,hinanan,hintaan,0.252550,hintaan,0.252550,0,0
###hinotja###,hinnnja,hintoja,0.012819,hintoja,0.012819,0,0
###hirevän###,hirevän,hirveän,0.298115,hirveän,0.298115,0,0
###hiusket###,hiukket,hiukset,0.850012,hiukset,0.850012,0,1
###hoiatja###,hoiaaja,hoitava,0.168184,hoitaja,0.151102,0,0
###hoiatva###,hoiaava,hoitava,0.185833,hoitava,0.185833,0,0
###hoiotja###,hoitjoa,hoitava,0.165448,hoitoja,0.039113,0,0
###hoioton###,hoioton,hoitoon,0.173558,hoitoon,0.173558,0,0
###hololla###,hololla,hollola,0.088855,hollola,0.088855,0,0
###hotleli###,hotelli,hotelli,0.890473,hotelli,0.890473,0,1
###huhatla###,huhaaaa,huhtala,0.133287,huhtala,0.133287,0,0
###huksasa###,huksasa,hukassa,0.505823,hukassa,0.505823,0,1
###hukakan###,hukakan,hukkaan,0.150990,hukkaan,0.150990,0,0
###hunjaaa###,hunjaaa,huhtala,0.011595,hunajaa,0.010453,0,0
###huollon###,huollon,huollon,0.957837,huollon,0.957837,1,1
###huollot###,huollot,huollot,0.966298,huollot,0.966298,1,1
###huotlaa###,huotoaa,huhtala,0.013603,huoltaa,0.007680,0,0
###huotloa###,huotola,huhtala,0.012118,huoltoa,0.008762,0,0
###huoaman###,huomman,huomaan,0.675833,huomaan,0.675833,0,1
###huoamsi###,huomssi,huomasi,0.652754,huomasi,0.652754,0,1
###huoamta###,huoamta,huomata,0.511971,huomata,0.511971,0,1
###huoimoi###,huoiioi,huomioi,0.274353,huomioi,0.274353,0,0
###huoimon###,huommon,huomion,0.506167,huomion,0.506167,0,1
###huoenen###,huoönen,huoneen,0.055896,huoneen,0.055896,0,0
###huoenet###,huoenet,huoneet,0.440891,huoneet,0.440891,0,0
###huoonja###,huonoja,huonoja,0.639030,huonoja,0.639030,0,1
###huoonon###,huonnon,huonoon,0.760069,huonoon,0.760069,0,1
###huoatri###,huottri,huotari,0.150973,huotari,0.150973,0,0
###huuomri###,huomrri,huumori,0.274731,huumori,0.274731,0,0
###hyltäty###,hyltyty,hylätty,0.426513,hylätty,0.426513,0,0
###hytnöen###,hytnnen,hytönen,0.580224,hytönen,0.580224,0,1
###hyvlilä###,hyvvilä,hyvillä,0.132481,hyvillä,0.132481,0,0
###hyvsisä###,hyvsisä,hyvissä,0.083230,hyvissä,0.083230,0,0
###hyvsitä###,hyvvitä,hyvistä,0.051481,hyvistä,0.051481,0,0
###hyvkäsi###,hyväksi,hyväksi,0.815989,hyväksi,0.815989,0,1
###hyvkäsy###,hyväysy,hyväksy,0.159318,hyväksy,0.159318,0,0
###hyvläle###,hyvvlle,hyvälle,0.366206,hyvälle,0.366206,0,0
###hyvlälä###,hyvvllä,hyvillä,0.379572,hyvällä,0.212522,0,0
###hyvlätä###,hyvvätä,hyvistä,0.405856,hyvältä,0.137985,0,0
###hyvnäsä###,hyväysä,hyvällä,0.032745,hyvänsä,0.025160,0,0
###hyvsäsä###,hyvääsä,hyvissä,0.032480,hyvässä,0.016222,0,0
###hyvsätä###,hyväätä,hyvistä,0.155156,hyvästä,0.008548,0,0
###hyvnöen###,hyvönen,hytönen,0.086377,hyvönen,0.081899,0,0
###hyöytjä###,hyööjjä,hyötyjä,0.154940,hyötyjä,0.154940,0,0
###häiiröt###,häiisöt,häiriöt,0.678228,häiriöt,0.678228,0,1
###hänlele###,hänelle,hänelle,0.835939,hänelle,0.835939,0,1
###hänlelä###,hänellä,hänellä,0.712620,hänellä,0.712620,0,1
###hänletä###,hännetä,hänestä,0.165998,häneltä,0.117156,0,0
###hänsetä###,hännetä,häneltä,0.219547,hänestä,0.130374,0,0
###härämlä###,härällä,härmälä,0.065518,härmälä,0.065518,0,0
###höyälsi###,hööääsi,höyläsi,0.146617,höyläsi,0.146617,0,0
###idesata###,idesata,ideasta,0.175418,ideasta,0.175418,0,0
###ideiota###,ideitta,ideoita,0.142322,ideoita,0.142322,0,0
###ihalila###,iialila,italian,0.020475,ihailla,0.005866,0,0
###ihmietä###,ihmiitä,ihmeitä,0.302493,ihmeitä,0.302493,0,0
###ihmtetä###,ihmettä,ihmettä,0.646769,ihmettä,0.646769,0,1
###ihmnien###,ihmmnen,ihminen,0.049593,ihminen,0.049593,0,0
###ihmsien###,ihmmien,ihmisen,0.234387,ihmisen,0.234387,0,0
###ihmsiet###,ihmmiet,ihmiset,0.265113,ihmiset,0.265113,0,0
###ihmsiiä###,ihimiiä,ihmisiä,0.338000,ihmisiä,0.338000,0,0
###ihmsitä###,ihmiitä,ihmeitä,0.669676,ihmistä,0.043238,0,0
###iislami###,iiimami,iisalmi,0.055121,iisalmi,0.055121,0,0
###ikknuan###,iiknaan,ikkunan,0.002767,ikkunan,0.002767,0,0
###ikknuat###,iiknaat,ikkunat,0.006702,ikkunat,0.006702,0,0
###ikunien###,ikunien,kauniin,0.037573,ikuinen,0.020617,0,0
###ikänien###,iiänien,seinien,0.024792,ikäinen,0.000062,0,0
###illlala###,illaala,illalla,0.457272,illalla,0.457272,0,0
###illsasa###,illsaaa,illassa,0.226332,illassa,0.226332,0,0
###ilmsasa###,ilmsssa,ilmassa,0.601229,ilmassa,0.601229,0,1
###ilmsato###,ilmaato,ilmasto,0.671067,ilmasto,0.671067,0,1
###ilmneee###,ilmnnee,ilmenee,0.946829,ilmenee,0.946829,0,1
###ilmsety###,ilmesty,ilmesty,0.540161,ilmesty,0.540161,0,1
###ilmtetä###,ilmettä,ilmettä,0.659402,ilmettä,0.659402,0,1
###ilmöitä###,ilmiötä,ilmiötä,0.837591,ilmiötä,0.837591,0,1
###ilmiota###,iloiita,iloista,0.296529,ilmoita,0.024448,0,0
###ilonien###,ilonien,iloisen,0.035962,iloinen,0.013772,0,0
###ilosien###,ilosien,iloisen,0.075564,iloisen,0.075564,0,0
###ilosiia###,ilosiia,iloisia,0.054750,iloisia,0.054750,0,0
###ilosita###,ilooita,iloista,0.084253,iloista,0.084253,0,0
###iloajan###,iloajan,ilojaan,0.081460,ilojaan,0.081460,0,0
###imartan###,imaaran,imatran,0.102983,imatran,0.102983,0,0
###immnoen###,immnnen,immonen,0.639633,immonen,0.639633,0,1
###indkesi###,iideksi,indeksi,0.894838,indeksi,0.894838,0,1
###innkoas###,innskas,innokas,0.175355,innokas,0.175355,0,0
###innlola###,innolla,innolla,0.949075,innolla,0.949075,0,1
###irlnati###,irlnnti,irlanti,0.392924,irlanti,0.392924,0,0
###islnati###,islnati,islanti,0.230673,islanti,0.230673,0,0
###isosisa###,isosisa,isoissa,0.260835,isoissa,0.260835,0,0
###isoaktu###,isoastu,isokatu,0.100058,isokatu,0.100058,0,0
###isommat###,isommat,isommat,0.982528,isommat,0.982528,1,1
###isopmia###,isompia,isompia,0.873337,isompia,0.873337,0,1
###isoatlo###,isoalto,ilmasto,0.044764,isotalo,0.015994,0,0
###istnuut###,isinnut,osannut,0.037870,istunut,0.030612,0,0
###istvuat###,isivvat,istuvat,0.003808,istuvat,0.003808,0,0
###isännän###,isännän,isännän,0.978488,isännän,0.978488,1,1
###itailan###,itailan,italian,0.071455,italian,0.071455,0,0
###itknoen###,itknnen,itkonen,0.646880,itkonen,0.646880,0,1
###itskein###,itskkin,itsekin,0.028101,itsekin,0.028101,0,0
###itslele###,itselle,itselle,0.952726,itselle,0.952726,0,1
###itsmeme###,itsemme,itsemme,0.908536,itsemme,0.908536,0,1
###itsnesä###,itsensä,itsensä,0.561626,itsensä,0.561626,0,1
###itssetä###,itsestä,itsestä,0.392004,itsestä,0.392004,0,0
###itsäeni###,itseäni,itseäni,0.900951,itseäni,0.900951,0,1
###itsäesi###,itseäsi,itseäsi,0.629368,itseäsi,0.629368,0,1
###itsäeän###,itseään,itseään,0.639557,itseään,0.639557,0,1
###itänien###,itänien,seinien,0.038030,itäinen,0.001073,0,0
###itäsien###,itäsien,itäisen,0.057008,itäisen,0.057008,0,0
###jaeatan###,jaeatan,jaetaan,0.150145,jaetaan,0.150145,0,0
###jakvaat###,jakkaat,jakavat,0.560665,jakavat,0.560665,0,1
###jalamri###,jalmari,jalmari,0.810011,jalmari,0.810011,0,1
###jalnoen###,jalneen,jalonen,0.030716,jalonen,0.030716,0,0
###jaotson###,jaotton,jaoston,0.531351,jaoston,0.531351,0,1
###japnain###,japnain,jaetaan,0.012266,japanin,0.009545,0,0
###jatukva###,jatakva,jatkuva,0.321873,jatkuva,0.321873,0,0
###joesnuu###,joesuuu,joensuu,0.399000,joensuu,0.399000,0,0
###johnana###,johnana,johanna,0.049696,johanna,0.049696,0,0
###johatja###,johaaja,johanna,0.076149,johtaja,0.051890,0,0
###johatma###,johaama,johtama,0.576920,johtama,0.576920,0,1
###johatva###,johaava,johtava,0.294179,johtava,0.294179,0,0
###johoton###,johtton,johtoon,0.473055,johtoon,0.473055,0,0
###johuten###,johuten,johtuen,0.037116,johtuen,0.037116,0,0
###johutva###,johauva,johtuva,0.703281,johtuva,0.703281,0,1
###joiatin###,joiatin,joitain,0.098215,joitain,0.098215,0,0
###joklean###,jokkean,jokelan,0.118937,jokelan,0.118937,0,0
###joknien###,joknien,jokinen,0.139046,jokinen,0.139046,0,0
###joknuen###,joknuen,jokinen,0.019576,jokunen,0.012725,0,0
###jolalin###,jolllin,jollain,0.157974,jollain,0.157974,0,0
###jololin###,jolloin,jolloin,0.896378,jolloin,0.896378,0,1
###josasin###,josasin,jostain,0.063786,jossain,0.011210,0,0
###josatin###,josatin,jotakin,0.397583,jostain,0.070400,0,0
###jotkain###,jotkain,joitain,0.046600,jotakin,0.011372,0,0
###jouudin###,jouddin,jouduin,0.693206,jouduin,0.693206,0,1
###joukkoa###,joukkoa,joukkoa,0.971074,joukkoa,0.971074,1,1
###joukkue###,joukkue,joukkue,0.981678,joukkue,0.981678,1,1
###jouulna###,jouluna,jouluna,0.087680,jouluna,0.087680,0,0
###jouulun###,jouuuun,jouluun,0.935858,jouluun,0.935858,0,1
###juhalan###,juhalan,jumalan,0.424817,juhlaan,0.026021,0,0
###juhilen###,juhilen,juhlien,0.050943,juhlien,0.050943,0,0
###juhilin###,juhilin,juhliin,0.137430,juhliin,0.137430,0,0
###jumlaaa###,jumlaaa,juhlaan,0.124588,jumalaa,0.027810,0,0
###jumlaan###,jummaan,juhlaan,0.092576,jumalan,0.013573,0,0
###junlala###,junaala,junalla,0.609852,junalla,0.609852,0,1
###junoiri###,junoari,juniori,0.164478,juniori,0.164478,0,0
###juoimen###,juoimen,juomien,0.096795,juomien,0.096795,0,0
###juotnaa###,juotnaa,juontaa,0.069913,juontaa,0.069913,0,0
###jusisla###,jusilla,uusilla,0.056109,jussila,0.034248,0,0
###jutlela###,juttela,jutella,0.056571,jutella,0.056571,0,0
###jututja###,jutuuja,juttuja,0.622319,juttuja,0.622319,0,1
###jutsusa###,jutsssa,jussila,0.217808,jutussa,0.057331,0,0
###juvnoen###,juvnoen,juvonen,0.034806,juvonen,0.034806,0,0
###jäleken###,jälejen,jälkeen,0.189017,jälkeen,0.189017,0,0
###jälelen###,jälelen,jäsenen,0.063641,jälleen,0.056038,0,0
###järekvä###,järkkvä,järkevä,0.838172,järkevä,0.838172,0,1
###järevlä###,järellä,jätettä,0.024086,järvelä,0.008494,0,0
###jäsneen###,jäsneen,jääneen,0.408177,jäsenen,0.018778,0,0
###jäsneet###,jäsneet,jääneet,0.363855,jäsenet,0.008382,0,0
###jäsneiä###,jänneiä,jäseniä,0.115822,jäseniä,0.115822,0,0
###jäsnetä###,jännetä,jäsentä,0.079109,jäsentä,0.079109,0,0
###jättety###,jätttty,jätetty,0.711436,jätetty,0.711436,0,1
###jättetä###,jättetä,jätteen,0.170636,jätettä,0.141626,0,0
###jäteten###,jäteten,jäsenen,0.092942,jätteen,0.050813,0,0
###jätetet###,jätetet,jäsenet,0.141607,jätteet,0.137282,0,0
###jääenen###,jääenen,jäsenen,0.392221,jääneen,0.044189,0,0
###jääenet###,jääenet,jäsenet,0.518791,jääneet,0.188932,0,0
###kaairna###,kaairna,kaarina,0.050335,kaarina,0.050335,0,0
###kadlula###,kadlula,karhula,0.054288,kadulla,0.002400,0,0
###kaheten###,kaheten,kahteen,0.168468,kahteen,0.168468,0,0
###kahetna###,kahetta,kahtena,0.008346,kahtena,0.008346,0,0
###kahivla###,kahilla,kahvila,0.005269,kahvila,0.005269,0,0
###kaikkea###,kaikkea,kaikkea,0.949834,kaikkea,0.949834,1,1
###kaikkia###,kaikkia,kaikkia,0.953521,kaikkia,0.953521,1,1
###kaiunun###,kaiuuun,kainuun,0.200142,kainuun,0.200142,0,0
###kajaani###,kajaani,kajaani,0.981262,kajaani,0.981262,1,1
###kalrevo###,kalvevo,kalervo,0.201516,kalervo,0.201516,0,0
###kalvean###,kalvean,kalevan,0.022059,kalevan,0.022059,0,0
###kalilon###,kalilon,kallion,0.086225,kallion,0.086225,0,0
###kaljoen###,kaljoen,katsoen,0.025338,kalojen,0.010408,0,0
###kalsuto###,kalssto,kalusto,0.608278,kalusto,0.608278,0,1
###kamrean###,kareean,korkean,0.026208,kameran,0.004729,0,0
###kandaan###,kandaan,kankaan,0.355029,kanadan,0.003662,0,0
###kanvaan###,kanvaan,kankaan,0.284106,kanavan,0.006396,0,0
###kanreva###,kanveva,kanerva,0.110910,kanerva,0.110910,0,0
###kanakan###,kanakan,kanavan,0.104276,kankaan,0.003705,0,0
###kananta###,kananta,sanonta,0.027918,kannata,0.007033,0,0
###kanlsia###,kanisia,tanssia,0.023512,kanslia,0.013341,0,0
###kanatja###,kanaaja,kanavan,0.014715,kantaja,0.001193,0,0
###kanatva###,kanavva,kanerva,0.043676,kantava,0.027701,0,0
###kaneten###,kaneten,kanteen,0.056116,kanteen,0.056116,0,0
###kanotla###,kanolla,katolla,0.128188,kantola,0.023015,0,0
###kapnoen###,kapnoen,katsoen,0.056323,kaponen,0.002394,0,0
###kapaple###,kapplle,kappale,0.442121,kappale,0.442121,0,0
###kapepli###,kapplli,kappeli,0.437787,kappeli,0.437787,0,0
###kapesli###,kapelli,kapseli,0.041447,kapseli,0.041447,0,0
###karoake###,karooke,karaoke,0.875435,karaoke,0.875435,0,1
###karuhla###,karulla,kadulla,0.026983,karhula,0.004046,0,0
###karajla###,karalja,saralla,0.020530,karjala,0.001409,0,0
###karatno###,karatto,kartano,0.020924,kartano,0.020924,0,0
###kassasa###,kassasa,kasassa,0.073067,kasassa,0.073067,0,0
###kasitke###,kasitke,kastike,0.016981,kastike,0.016981,0,0
###kasavva###,kasavva,kasassa,0.091796,kasvava,0.024682,0,0
###kasevja###,kasejja,kasassa,0.059717,kasveja,0.002825,0,0
###kasiven###,kasiven,kasvien,0.018812,kasvien,0.018812,0,0
###kasovja###,kasooja,kasvoja,0.119668,kasvoja,0.119668,0,0
###kasuvun###,kasuuun,kasvuun,0.033808,kasvuun,0.033808,0,0
###kattetu###,kattetu,katettu,0.541714,katettu,0.541714,0,1
###katlola###,kattola,kantola,0.199484,katolla,0.018391,0,0
###katlole###,kattole,katolle,0.186170,katolle,0.186170,0,0
###katasus###,katasus,katsaus,0.082751,katsaus,0.082751,0,0
###katosen###,katosen,kitisen,0.031253,katsoen,0.002330,0,0
###katatva###,katavva,kattava,0.122612,kattava,0.122612,0,0
###katoton###,katoton,kattoon,0.065942,kattoon,0.065942,0,0
###katjuen###,kattuen,katujen,0.016654,katujen,0.016654,0,0
###kauahva###,kauaava,kuvaava,0.055490,kauhava,0.020973,0,0
###kauakna###,kauukna,kaukana,0.078806,kaukana,0.078806,0,0
###kauenus###,kauenus,kauneus,0.004552,kauneus,0.004552,0,0
###kauinin###,kaunnin,kauniin,0.035651,kauniin,0.035651,0,0
###kauinit###,kauunit,kauniit,0.214079,kauniit,0.214079,0,0
###kauppaa###,kauppaa,kauppaa,0.982129,kauppaa,0.982129,1,1
###kavrein###,karkein,kirjein,0.015069,kaverin,0.011620,0,0
###kavreit###,karkeit,kaverit,0.026033,kaverit,0.026033,0,0
###kehkiko###,kehikko,kehikko,0.954286,kehikko,0.954286,0,1
###kehtiti###,kehtiti,kehitti,0.073675,kehitti,0.073675,0,0
###kehtiys###,kehtiys,kenties,0.294184,kehitys,0.034852,0,0
###kehtoti###,kehttti,kehitti,0.197545,kehotti,0.102730,0,0
###kehtous###,kehtous,kehotus,0.211288,kehotus,0.211288,0,0
###keionin###,keinnin,keinoin,0.064073,keinoin,0.064073,0,0
###keionja###,keiooja,keinoja,0.492207,keinoja,0.492207,0,0
###keiasri###,keissri,keisari,0.328927,keisari,0.328927,0,0
###keittiö###,keittiö,keittiö,0.983624,keittiö,0.983624,1,1
###kelsata###,kelsata,kelasta,0.171488,kelasta,0.171488,0,0
###kemsisä###,kessisä,kemissä,0.017586,kemissä,0.017586,0,0
###kemeple###,kemplle,kempele,0.405234,kempele,0.405234,0,0
###kemsuta###,keussta,kelasta,0.033597,kemusta,0.020019,0,0
###kenlele###,kennele,kenelle,0.587359,kenelle,0.587359,0,1
###kenites###,kenites,kenties,0.041005,kenties,0.041005,0,0
###kenttää###,kenttää,kenttää,0.962309,kenttää,0.962309,1,1
###kervaan###,kervaan,kertaan,0.480281,keravan,0.011906,0,0
###kerorin###,kerrrin,kerroin,0.112013,kerroin,0.112013,0,0
###keratan###,keratan,keravan,0.356697,kertaan,0.009293,0,0
###kerotja###,kerooja,kertoja,0.036428,kertoja,0.036428,0,0
###kerotva###,kerovva,kertova,0.253551,kertova,0.253551,0,0
###kernäen###,kernäen,keränen,0.025744,keränen,0.025744,0,0
###kertäty###,kerttty,kerätty,0.725426,kerätty,0.725426,0,1
###kesätvä###,kesäävä,kestävä,0.281766,kestävä,0.281766,0,0
###keskäsi###,kessksi,kesäksi,0.417478,kesäksi,0.417478,0,0
###keskäuu###,kesskuu,kesäkuu,0.494601,kesäkuu,0.494601,0,0
###keslälä###,keslälä,kestävä,0.138812,kesällä,0.073495,0,0
###kessätä###,kessätä,kestävä,0.055922,kesästä,0.040656,0,0
###ketnoen###,kettoen,ketonen,0.035809,ketonen,0.035809,0,0
###keuurun###,keuuuun,keuruun,0.666918,keuruun,0.666918,0,1
###kevtytä###,kevtytä,käytetä,0.011331,kevyttä,0.000715,0,0
###kevtätä###,kevtttä,kevättä,0.017887,kevättä,0.017887,0,0
###keväänä###,keväänä,keväänä,0.982769,keväänä,0.982769,1,1
###kieelen###,kiellen,kielten,0.046776,kieleen,0.018600,0,0
###kiellon###,kiellon,kiellon,0.976042,kiellon,0.976042,1,1
###kietlen###,kietten,kielten,0.016041,kielten,0.016041,0,0
###kietlää###,kiettää,kieltää,0.104066,kieltää,0.104066,0,0
###kierros###,kierros,kierros,0.980511,kierros,0.980511,1,1
###kieträä###,kiettää,kiertää,0.656910,kiertää,0.656910,0,1
###kiithyy###,kiihtyy,kiihtyy,0.914569,kiihtyy,0.914569,0,1
###kiianan###,kiianan,kiinaan,0.025465,kiinaan,0.025465,0,0
###kiitneä###,kiitinä,kiittää,0.732909,kiinteä,0.005333,0,0
###kiieren###,kikeeen,kieleen,0.023064,kiireen,0.023049,0,0
###kiittää###,kiittää,kiittää,0.936710,kiittää,0.936710,1,1
###kimlasi###,killasi,kimalsi,0.014170,kimalsi,0.014170,0,0
###kirajan###,kirajan,kirjaan,0.083427,kirjaan,0.083427,0,0
###kirajta###,kirajta,virasta,0.061452,kirjata,0.040386,0,0
###kirejen###,kirejen,kisojen,0.032543,kirjeen,0.023737,0,0
###kirejet###,kirejet,kirjeet,0.160283,kirjeet,0.160283,0,0
###kirejin###,kirejin,kirjein,0.062094,kirjein,0.062094,0,0
###kirojja###,kirooja,kirjoja,0.349947,kirjoja,0.349947,0,0
###kirkkoa###,kirkkoa,kirkkoa,0.974394,kirkkoa,0.974394,1,1
###kissasa###,kissasa,kisassa,0.271060,kisassa,0.271060,0,0
###kisjoen###,kissoen,katsoen,0.191286,kisojen,0.075920,0,0
###kitsien###,kitsien,metsien,0.023909,kitisen,0.011300,0,0
###kititlä###,kitillä,kitisen,0.054908,kittilä,0.047460,0,0
###kivnien###,kivnien,kivinen,0.034939,kivinen,0.034939,0,0
###kivsitö###,kikiitö,kivistö,0.327367,kivistö,0.327367,0,0
###klikkaa###,klikkaa,klikkaa,0.968907,klikkaa,0.968907,1,1
###kodsisa###,kodsisa,kodissa,0.050069,kodissa,0.050069,0,0
###kodsita###,kodsita,koneita,0.143375,kodista,0.010621,0,0
###koeatan###,koeatan,koetaan,0.004967,koetaan,0.004967,0,0
###kohadta###,kohadta,kohdata,0.219985,kohdata,0.219985,0,0
###kohatan###,kohatan,kohtaan,0.496578,kohtaan,0.496578,0,0
###kohatlo###,kohallo,kohtalo,0.122693,kohtalo,0.122693,0,0
###koheten###,koheten,kohteen,0.032805,kohteen,0.032805,0,0
###kohetet###,kohetet,kohteet,0.284515,kohteet,0.284515,0,0
###kohetlu###,kohellu,kohtelu,0.059685,kohtelu,0.059685,0,0
###koiiren###,koiiren,koirien,0.507341,koirien,0.507341,0,1
###koittaa###,koittaa,koittaa,0.936338,koittaa,0.936338,1,1
###koiuvla###,koiuula,koittaa,0.007558,koivula,0.002480,0,0
###kokiele###,kokille,kokivat,0.067069,kokeile,0.028680,0,0
###kokielu###,kokellu,kokeilu,0.558137,kokeilu,0.558137,0,1
###kokmeus###,kokseus,kokemus,0.140661,kokemus,0.140661,0,0
###kokneut###,kokneut,koonnut,0.015690,kokenut,0.008829,0,0
###kokveaa###,koekeaa,korkeaa,0.284620,kokevaa,0.004261,0,0
###kokveat###,kokkeat,korkeat,0.238426,kokevat,0.016787,0,0
###kokviat###,kokiiat,kokivat,0.813397,kokivat,0.813397,0,1
###kokokla###,kokkkla,kovalla,0.012174,kokkola,0.004976,0,0
###kolemen###,kolemen,kolmeen,0.022859,kolmeen,0.022859,0,0
###kolemna###,kolemna,kokemus,0.009904,kolmena,0.002344,0,0
###kolmuni###,kolluni,kolumni,0.202262,kolumni,0.202262,0,0
###komtiea###,komtiea,komitea,0.012317,komitea,0.012317,0,0
###konieta###,konieta,kodista,0.009231,koneita,0.004863,0,0
###konteta###,konteta,koneita,0.018364,konetta,0.017126,0,0
###koonnut###,koonnut,koonnut,0.971884,koonnut,0.971884,1,1
###kootsui###,koottui,kootaan,0.172516,koostui,0.110381,0,0
###kootsuu###,koottuu,koostuu,0.281665,koostuu,0.281665,0,0
###kooatan###,kooatan,kootaan,0.078629,kootaan,0.078629,0,0
###kopnoen###,kopnoen,katsoen,0.011450,koponen,0.001457,0,0
###korajta###,korajta,korjata,0.037646,korjata,0.037646,0,0
###korajus###,korajus,korkeus,0.138025,korjaus,0.045329,0,0
###korekaa###,korekaa,kokevaa,0.039212,korkeaa,0.018038,0,0
###korekan###,korekan,korkean,0.034347,korkean,0.034347,0,0
###korekat###,korekat,korkeat,0.407485,korkeat,0.407485,0,0
###korekin###,korekin,korkein,0.057594,korkein,0.057594,0,0
###korekus###,korekus,kokemus,0.022388,korkeus,0.021187,0,0
###korokja###,korkkja,korkoja,0.128186,korkoja,0.128186,0,0
###korsoti###,korstti,korosti,0.122652,korosti,0.122652,0,0
###kortous###,kortous,kosteus,0.020030,korotus,0.015689,0,0
###korepla###,korplla,korpela,0.086371,korpela,0.086371,0,0
###korusun###,korusun,korsuun,0.014312,korsuun,0.014312,0,0
###korttia###,korttia,korttia,0.970489,korttia,0.970489,1,1
###koravta###,koravta,korjata,0.023895,korvata,0.010368,0,0
###koravus###,koravus,korkeus,0.136916,korvaus,0.037085,0,0
###korivna###,korirna,korvina,0.032027,korvina,0.032027,0,0
###kosakan###,kosakan,koskaan,0.121282,koskaan,0.121282,0,0
###kosekla###,kosella,koskela,0.022723,koskela,0.022723,0,0
###kosekva###,kosekva,koskeva,0.254616,koskeva,0.254616,0,0
###kosiken###,kosiken,kosonen,0.015775,koskien,0.010764,0,0
###kosnoen###,kosnoen,katsoen,0.048213,kosonen,0.026085,0,0
###kosetus###,kosetus,kokemus,0.032175,kosteus,0.005064,0,0
###kotmiaa###,kotmiaa,koneita,0.057704,kotimaa,0.001381,0,0
###kotnisa###,kotnisa,koneita,0.187164,kotinsa,0.097633,0,0
###kouulja###,kouljja,kouluja,0.419651,kouluja,0.419651,0,0
###kouulun###,kouuuun,kouluun,0.731476,kouluun,0.731476,0,1
###kouovla###,kouvola,kovalla,0.002662,kouvola,0.001425,0,0
###kovlala###,kovlala,kovalla,0.055611,kovalla,0.055611,0,0
###kovnaen###,kovvaen,kohteen,0.029777,kovanen,0.014338,0,0
###kovsasa###,kovsasa,kovassa,0.345403,kovassa,0.345403,0,0
###kovsati###,kovsati,kovasti,0.036222,kovasti,0.036222,0,0
###krekian###,keekian,kukkien,0.011474,kreikan,0.001364,0,0
###krekika###,krekika,kreikka,0.531857,kreikka,0.531857,0,1
###krisiin###,krisiin,toisiin,0.089915,kriisin,0.014992,0,0
###krisiiä###,krisiiä,kriisiä,0.129633,kriisiä,0.129633,0,0
###kritsus###,kritsus,kristus,0.052322,kristus,0.052322,0,0
###krotaia###,krottia,kroatia,0.173776,kroatia,0.173776,0,0
###kukkasi###,kukkasi,kukaksi,0.394071,kukaksi,0.394071,0,0
###kuknita###,kuknita,kukinta,0.252523,kukinta,0.252523,0,0
###kukiken###,kukiken,kukkien,0.023418,kukkien,0.023418,0,0
###kulekva###,kulkkva,kulkeva,0.471561,kulkeva,0.471561,0,0
###kulamla###,kulalla,kulmala,0.007175,kulmala,0.007175,0,0
###kuljuen###,kulluen,kulujen,0.018546,kulujen,0.018546,0,0
###kulnuut###,kulnuut,kulunut,0.040569,kulunut,0.040569,0,0
###kultuus###,kultuus,kulutus,0.036480,kulutus,0.036480,0,0
###kulvuan###,kulvuan,kasvuun,0.028275,kuluvan,0.020859,0,0
###kumupla###,kumplla,kumpula,0.289218,kumpula,0.289218,0,0
###kuninan###,kuninan,kuntaan,0.011978,kunnian,0.003295,0,0
###kunatan###,kunanan,kuntaan,0.120501,kuntaan,0.120501,0,0
###kuniten###,kuniten,kuntien,0.074094,kuntien,0.074094,0,0
###kunitin###,kunikin,kuntiin,0.084122,kuntiin,0.084122,0,0
###kunoton###,kunonon,kuntoon,0.070401,kuntoon,0.070401,0,0
###kuoelma###,kuoelma,kuolema,0.021331,kuolema,0.021331,0,0
###kuollut###,kuollut,kuollut,0.961433,kuollut,0.961433,1,1
###kuoipon###,kuoioon,kuopion,0.557857,kuopion,0.557857,0,1
###kuoeren###,kuoeeen,kuoreen,0.214744,kuoreen,0.214744,0,0
###kuomran###,kuomran,kuorman,0.036854,kuorman,0.036854,0,0
###kurkian###,kurkian,kurikan,0.019102,kurikan,0.019102,0,0
###kurkika###,kurkika,kurikka,0.280140,kurikka,0.280140,0,0
###kursisa###,kursisa,kurissa,0.083402,kurissa,0.083402,0,0
###kurnoen###,kurnoen,kuronen,0.025578,kuronen,0.025578,0,0
###kurssia###,kurssia,kurssia,0.947153,kurssia,0.947153,1,1
###kurssin###,kurssin,kurssin,0.942841,kurssin,0.942841,1,1
###kurssit###,kurssit,kurssit,0.960098,kurssit,0.960098,1,1
###kutkain###,kukkiin,kukkien,0.021468,kutakin,0.010710,0,0
###kuullut###,kuullut,kuullut,0.962737,kuullut,0.962737,1,1
###kuuulja###,kuuljja,kuuluja,0.075559,kuuluja,0.075559,0,0
###kuuulva###,kuuluva,kuuluva,0.498271,kuuluva,0.498271,0,0
###kuuamna###,kuuamna,kuumana,0.060882,kuumana,0.060882,0,0
###kuuasmo###,kuuaamo,kuusamo,0.402870,kuusamo,0.402870,0,0
###kuuesla###,kuuesla,kuusela,0.039763,kuusela,0.039763,0,0
###kuueten###,kuueten,kuuteen,0.085207,kuuteen,0.085207,0,0
###kuuiton###,kuuiton,kuution,0.022198,kuution,0.022198,0,0
###kuvaaja###,kuvaaja,kuvaaja,0.956374,kuvaaja,0.956374,1,1
###kuvaava###,kuvaava,kuvaava,0.963544,kuvaava,0.963544,1,1
###kuvsasa###,kuvsasa,kuvissa,0.013430,kuvassa,0.007057,0,0
###kuvsata###,kuusata,kuvista,0.007173,kuvasta,0.000966,0,0
###kuvtatu###,kuvtatu,kuntaan,0.088897,kuvattu,0.020084,0,0
###kuvsisa###,kuvsisa,kuvissa,0.160656,kuvissa,0.160656,0,0
###kuvsita###,kuvsita,kuvista,0.009015,kuvista,0.009015,0,0
###kuvtius###,kuvtius,kuvitus,0.020314,kuvitus,0.020314,0,0
###kyennyt###,kyennyt,kyennyt,0.974269,kyennyt,0.974269,1,1
###kykneee###,kykneee,kykenee,0.366493,kykenee,0.366493,0,0
###kyleken###,kyleken,kylkeen,0.063817,kylkeen,0.063817,0,0
###kylyplä###,kylpllä,kylpylä,0.678653,kylpylä,0.678653,0,1
###kylsäsä###,kylsäsä,kylässä,0.083266,kylässä,0.083266,0,0
###kylsätä###,kyllätä,kylästä,0.242348,kylästä,0.242348,0,0
###kyslelä###,kyslelä,kysellä,0.099707,kysellä,0.099707,0,0
###kysleyn###,kyleyyn,kylkeen,0.077053,kyselyn,0.056921,0,0
###kysleyt###,kyleeyt,kylkeen,0.072983,kyselyt,0.025676,0,0
###kysmyys###,kyssyys,kysymys,0.156723,kysymys,0.156723,0,0
###kysnytä###,kystytä,pystytä,0.259578,kysyntä,0.068316,0,0
###kystyty###,kystyty,pystytä,0.115170,kysytty,0.069793,0,0
###kysvyät###,kysyyät,kysyvät,0.148129,kysyvät,0.148129,0,0
###kyyitin###,kyyitin,kyytiin,0.083328,kyytiin,0.083328,0,0
###kyötsin###,kyötsin,kyöstin,0.203053,kyöstin,0.203053,0,0
###kädlelä###,kädlelä,kädellä,0.068907,kädellä,0.068907,0,0
###kädsesä###,kädsesä,kädessä,0.213143,kädessä,0.213143,0,0
###kädsetä###,kädsetä,kädestä,0.310649,kädestä,0.310649,0,0
###käplyän###,källäyn,käymään,0.008247,käpylän,0.000490,0,0
###käreken###,käreken,kärkeen,0.325332,kärkeen,0.325332,0,0
###käskisi###,kässisi,käsiksi,0.431105,käsiksi,0.431105,0,0
###käslilä###,käslilä,käsillä,0.297398,käsillä,0.297398,0,0
###kässisä###,kässisä,käsissä,0.422628,käsissä,0.422628,0,0
###kässitä###,kässitä,käsistä,0.185702,käsistä,0.185702,0,0
###kästiys###,kästiys,käsitys,0.370680,käsitys,0.370680,0,0
###kätnesä###,kätnesä,kätensä,0.233783,kätensä,0.233783,0,0
###kävleee###,kävleee,kävelee,0.165862,kävelee,0.165862,0,0
###kävlelä###,kävvelä,kävellä,0.471384,kävellä,0.471384,0,0
###kävjiät###,käviiät,kävivät,0.044031,kävijät,0.035935,0,0
###kävjiää###,käviiää,kävijää,0.098649,kävijää,0.098649,0,0
###kävmime###,kävmime,kävimme,0.656177,kävimme,0.656177,0,1
###kävviät###,käviiät,kävivät,0.364323,kävivät,0.364323,0,0
###käyädän###,käädään,käydään,0.830112,käydään,0.830112,0,1
###käyämän###,käämmän,käymään,0.106762,käymään,0.106762,0,0
###käyenet###,käyenet,jäsenet,0.030162,käyneet,0.006981,0,0
###käynnin###,käynnin,käynnin,0.967726,käynnin,0.967726,1,1
###käyettä###,käyettä,kädestä,0.012989,käytetä,0.004781,0,0
###käyitin###,käyitin,käynnin,0.042533,käytiin,0.035214,0,0
###käyttää###,käyttää,käyttää,0.917029,käyttää,0.917029,1,1
###käyttöä###,käyttöä,käyttöä,0.956325,käyttöä,0.956325,1,1
###käyätvä###,käyäävä,käytävä,0.261452,käytävä,0.261452,0,0
###käännös###,käännös,käännös,0.967536,käännös,0.967536,1,1
###käätnyi###,käyttyi,kääntyi,0.032927,kääntyi,0.032927,0,0
###käätnyy###,käättyy,kääntyy,0.036834,kääntyy,0.036834,0,0
###käätnyä###,käyttyä,kääntyä,0.009442,kääntyä,0.009442,0,0
###käätnää###,käättää,käyttää,0.114406,kääntää,0.004428,0,0
###köyihen###,kööhhen,köyhien,0.196774,köyhien,0.196774,0,0
###köyyhys###,köyhhys,köyhyys,0.316588,köyhyys,0.316588,0,0
###laaajan###,laaajan,laajaan,0.486790,laajaan,0.486790,0,0
###laaejni###,laeajni,luetaan,0.024800,laajeni,0.022442,0,0
###laaojja###,laaaoja,laajoja,0.391726,laajoja,0.391726,0,0
###laaujus###,aaauuus,laajuus,0.153604,laajuus,0.153604,0,0
###laaskon###,laaskon,laakson,0.475510,laakson,0.475510,0,0
###laautun###,laautun,laatuun,0.054839,laatuun,0.054839,0,0
###laekisi###,laekisi,laeiksi,0.239299,laeiksi,0.239299,0,0
###lahojja###,lahjoja,lahjoja,0.583500,lahjoja,0.583500,0,1
###laianta###,laaanta,lavalla,0.008015,lainata,0.002240,0,0
###laitsen###,laitsen,laitaan,0.086344,laisten,0.032320,0,0
###laiatan###,laiatan,laittaa,0.034069,laitaan,0.005352,0,0
###laiitla###,laiilaa,laittaa,0.014708,laitila,0.004442,0,0
###laittaa###,laittaa,laittaa,0.933222,laittaa,0.933222,1,1
###laittoi###,laittoi,laittoi,0.963051,laittoi,0.963051,1,1
###laiutri###,lairtri,laituri,0.205440,laituri,0.205440,0,0
###lapsisa###,lapsisa,lapsiin,0.119002,lapissa,0.088378,0,0
###lapesna###,lapessa,lapissa,0.182350,lapsena,0.006097,0,0
###lapesni###,lapessi,lapissa,0.089613,lapseni,0.018317,0,0
###lapisin###,lapisin,lapissa,0.161892,lapsiin,0.039237,0,0
###lapusus###,lapuuus,lapsuus,0.327986,lapsuus,0.327986,0,0
###lasukun###,lasukun,laskuun,0.041088,laskuun,0.041088,0,0
###lasisla###,lasisla,lassila,0.007887,lassila,0.007887,0,0
###latitan###,latitan,lattian,0.247523,lattian,0.247523,0,0
###latavla###,latalla,lavalla,0.608851,latvala,0.008403,0,0
###laualja###,lauljja,laulaja,0.218248,laulaja,0.218248,0,0
###lauulja###,lauuuja,lauluja,0.513381,lauluja,0.513381,0,1
###lauirla###,laurrla,lavalla,0.022347,laurila,0.011458,0,0
###lavlala###,lavvala,lavalla,0.202350,lavalla,0.202350,0,0
###lavlale###,lavalle,lavalle,0.802857,lavalle,0.802857,0,1
###legneda###,legnnda,legenda,0.352684,legenda,0.352684,0,0
###lehimen###,lehimen,lehteen,0.077367,lehmien,0.045412,0,0
###leheten###,leheten,lehteen,0.041903,lehteen,0.041903,0,0
###lehiten###,lehiten,vähiten,0.071392,lehtien,0.002611,0,0
###lehotla###,leholta,lehtola,0.078649,lehtola,0.078649,0,0
###lehotri###,lehttri,lehtori,0.557374,lehtori,0.557374,0,1
###leiakta###,leuakta,leikata,0.038692,leikata,0.038692,0,0
###leikkaa###,leikkaa,leikkaa,0.956331,leikkaa,0.956331,1,1
###leikkiä###,leikkiä,leikkiä,0.971675,leikkiä,0.971675,1,1
###leiopmo###,leippmo,leipomo,0.627384,leipomo,0.627384,0,1
###lepsitö###,lepsstö,lepistö,0.953348,lepistö,0.953348,0,1
###lepäplä###,leppälä,leppälä,0.635330,leppälä,0.635330,0,1
###levkiki###,levkkki,levikki,0.879188,levikki,0.879188,0,1
###lieskan###,lieskan,lieksan,0.099190,lieksan,0.099190,0,0
###lieimen###,lieilen,liemien,0.131730,liemien,0.131730,0,0
###liettua###,liettua,liettua,0.971585,liettua,0.971585,1,1
###liikasi###,liikisi,lisäisi,0.030405,liiaksi,0.016332,0,0
###liikkua###,liikkua,liikkua,0.949211,liikkua,0.949211,1,1
###liikkuu###,liikkuu,liikkuu,0.969013,liikkuu,0.969013,1,1
###liittyi###,liittyi,liittyi,0.938468,liittyi,0.938468,1,1
###liittyy###,liittyy,liittyy,0.955332,liittyy,0.955332,1,1
###liittyä###,liittyä,liittyä,0.930841,liittyä,0.930841,1,1
###liittää###,liittää,liittää,0.941864,liittää,0.941864,1,1
###limnika###,liminka,liminka,0.761362,liminka,0.761362,0,1
###linutja###,linuuja,lintuja,0.028910,lintuja,0.028910,0,0
###lipupja###,lipppja,lippuja,0.802544,lippuja,0.802544,0,1
###lisiäsi###,lisiäsi,lisäisi,0.068162,lisäisi,0.068162,0,0
###liskäsi###,lisäksi,lisäksi,0.558946,lisäksi,0.558946,0,1
###listäty###,lisätty,lisätty,0.687219,lisätty,0.687219,0,1
###liuukva###,liuukva,liukuva,0.109894,liukuva,0.109894,0,0
###liusota###,liulota,liuosta,0.278797,liuosta,0.278797,0,0
###loiaman###,loimaan,loimaan,0.781349,loimaan,0.781349,0,1
###lokkauu###,lolkkuu,liikkuu,0.128733,lokakuu,0.110822,0,0
###lomlala###,lommala,voimala,0.029387,lomalla,0.024451,0,0
###lomlale###,lomaale,lomalle,0.862458,lomalle,0.862458,0,1
###lomsasa###,lomsasa,lomassa,0.152475,lomassa,0.152475,0,0
###lonoton###,lonnton,lontoon,0.143184,lontoon,0.143184,0,0
###lopteti###,lopteti,lopetti,0.326493,lopetti,0.326493,0,0
###lopupun###,loppkun,loppuun,0.801315,loppuun,0.801315,0,1
###lopkusi###,lopkksi,lopuksi,0.339465,lopuksi,0.339465,0,0
###loplula###,loplula,lopulla,0.275615,lopulla,0.275615,0,0
###lopluta###,lolluta,lopulta,0.047194,lopulta,0.047194,0,0
###lopsusa###,lopsusa,lapsena,0.052218,lopussa,0.040227,0,0
###lotlale###,lottlle,lotalle,0.805653,lotalle,0.805653,0,1
###louanan###,louanan,suunnan,0.028633,lounaan,0.019612,0,0
###loviisa###,loviisa,loviisa,0.981897,loviisa,0.981897,1,1
###luennoi###,luennoi,luennoi,0.963965,luennoi,0.963965,1,1
###luennon###,luennon,luennon,0.934635,luennon,0.934635,1,1
###luennot###,luennot,luennot,0.945435,luennot,0.945435,1,1
###lueatan###,lueatan,luetaan,0.058722,luetaan,0.058722,0,0
###lukneut###,lukneut,lukenut,0.270376,lukenut,0.270376,0,0
###lukjiaa###,lukkiaa,lukijaa,0.063026,lukijaa,0.063026,0,0
###lukjian###,lukkian,lukijan,0.287828,lukijan,0.287828,0,0
###lukjiat###,lukkiat,lukijat,0.261358,lukijat,0.261358,0,0
###lukjuen###,lukkuen,johtuen,0.016904,lukujen,0.010650,0,0
###luoadan###,luoanan,luodaan,0.165083,luodaan,0.165083,0,0
###luokkaa###,luokkaa,luokkaa,0.967762,luokkaa,0.967762,1,1
###luoaman###,luomman,luomaan,0.234492,luomaan,0.234492,0,0
###luoenet###,luoenet,luoneet,0.162574,luoneet,0.162574,0,0
###luonnon###,luonnon,luonnon,0.956180,luonnon,0.956180,1,1
###luotnoa###,luotnoa,tuottoa,0.078923,luontoa,0.043232,0,0
###luoatva###,luoaava,luotava,0.351824,luotava,0.351824,0,0
###luoitin###,luoitin,luotiin,0.037942,luotiin,0.037942,0,0
###luottaa###,luottaa,luottaa,0.937902,luottaa,0.937902,1,1
###luouvus###,luouvus,luovuus,0.056684,luovuus,0.056684,0,0
###luuilsi###,luuilsi,luulisi,0.076290,luulisi,0.076290,0,0
###luvsasa###,luvsasa,luvassa,0.057905,luvassa,0.057905,0,0
###luvtatu###,lultatu,luetaan,0.102672,luvattu,0.032202,0,0
###luvlula###,luvvula,luvulla,0.196058,luvulla,0.196058,0,0
###luvsusa###,luvsssa,luvassa,0.043413,luvussa,0.019116,0,0
###lyhiytä###,lyhiitä,lyhyitä,0.746130,lyhyitä,0.746130,0,1
###lyhtytä###,lyhtytä,lyhyttä,0.034546,lyhyttä,0.034546,0,0
###lählele###,läheele,lähelle,0.863140,lähelle,0.863140,0,1
###lählelä###,lählelä,lähellä,0.585846,lähellä,0.585846,0,1
###lähletä###,lähletä,läheltä,0.529605,läheltä,0.529605,0,1
###lähtein###,lähtiin,lähetin,0.062221,lähetin,0.062221,0,0
###lähteti###,lähtiti,lähetti,0.711112,lähetti,0.711112,0,1
###lähteys###,lähteys,lähetys,0.663782,lähetys,0.663782,0,1
###lähninä###,lähiinä,lähinnä,0.883244,lähinnä,0.883244,0,1
###lähetet###,lähetet,lähetin,0.068378,lähteet,0.056562,0,0
###lähiten###,lähiten,vähiten,0.510395,lähtien,0.025649,0,0
###lähötön###,lähööön,lähtöön,0.855877,lähtöön,0.855877,0,1
###läneten###,länenen,länteen,0.325465,länteen,0.325465,0,0
###läääkri###,lääkkri,lääkäri,0.051558,lääkäri,0.051558,0,0
###maalima###,maamima,maailma,0.205479,maailma,0.205479,0,0
###maaalus###,maaalus,maalaus,0.117901,maalaus,0.117901,0,0
###maailin###,maailin,maailma,0.088171,maaliin,0.046647,0,0
###maaitla###,maailla,maailma,0.343942,maatila,0.008152,0,0
###mahatva###,mahavva,mahtava,0.148651,mahtava,0.148651,0,0
###maienen###,maienen,malinen,0.045393,maineen,0.013559,0,0
###maiinta###,maainta,maritta,0.019322,mainita,0.011969,0,0
###maiesma###,maeesma,monesta,0.007206,maisema,0.003082,0,0
###maitsuu###,maittuu,maistuu,0.470774,maistuu,0.470774,0,0
###makesta###,makesta,monesta,0.057326,makseta,0.010660,0,0
###makismi###,makimmi,maksimi,0.101008,maksimi,0.101008,0,0
###makusja###,makujja,makujen,0.163669,maksuja,0.083525,0,0
###makjuen###,makkeen,makujen,0.041530,makujen,0.041530,0,0
###malnien###,malnien,mallien,0.283314,malinen,0.025390,0,0
###malelja###,malelja,malleja,0.085802,malleja,0.085802,0,0
###malilen###,malilen,malinen,0.527278,mallien,0.012845,0,0
###malilin###,malilin,malliin,0.077968,malliin,0.077968,0,0
###martita###,martita,maritta,0.054119,maritta,0.054119,0,0
###marojja###,marjoja,marjoja,0.595211,marjoja,0.595211,0,1
###markkaa###,markkaa,markkaa,0.961572,markkaa,0.961572,1,1
###matlaan###,mattaan,matkaan,0.053893,matalan,0.002951,0,0
###matreia###,marreia,materia,0.029403,materia,0.029403,0,0
###matakan###,matakan,matalan,0.486521,matkaan,0.020322,0,0
###matokja###,matooja,matkoja,0.665117,matkoja,0.665117,0,1
###matitla###,matilla,mattila,0.038931,mattila,0.038931,0,0
###mauunla###,mauuula,maunula,0.018355,maunula,0.018355,0,0
###melsasi###,melsasi,melassi,0.299479,melassi,0.299479,0,0
###melekin###,melekin,melkein,0.074129,melkein,0.074129,0,0
###menteti###,menteti,menetti,0.193292,menetti,0.193292,0,0
###menteys###,mentyys,menetys,0.385975,menetys,0.385975,0,0
###menveän###,menneän,menneen,0.245711,menevän,0.020079,0,0
###menveät###,menneät,menneet,0.335926,menevät,0.066730,0,0
###menviät###,menniät,menneet,0.194674,menivät,0.057694,0,0
###menenen###,menenen,menevän,0.028226,menneen,0.011098,0,0
###menenet###,menenet,menevät,0.154188,menneet,0.090807,0,0
###menänän###,menänän,mennään,0.448640,mennään,0.448640,0,0
###menjoen###,menjoen,menneen,0.089612,menojen,0.043868,0,0
###mensosa###,mensssa,menossa,0.365498,menossa,0.365498,0,0
###menitin###,menitin,mentiin,0.024654,mentiin,0.024654,0,0
###merlele###,mereele,merelle,0.508603,merelle,0.508603,0,1
###merlelä###,merlelä,merellä,0.122844,merellä,0.122844,0,0
###meriktä###,merittä,merkitä,0.067395,merkitä,0.067395,0,0
###merkkiä###,merkkiä,merkkiä,0.969705,merkkiä,0.969705,1,1
###mesatri###,mesaari,mestari,0.497045,mestari,0.497045,0,0
###metlali###,metaali,metalli,0.176121,metalli,0.176121,0,0
###metirin###,metirin,metriin,0.039236,metriin,0.039236,0,0
###metisen###,metisen,mäkisen,0.029217,metsien,0.014485,0,0
###metäsän###,metäään,metsään,0.305675,metsään,0.305675,0,0
###mieehni###,mieeeni,mieheni,0.011635,mieheni,0.011635,0,0
###mieehnä###,mieeenä,miehenä,0.103034,miehenä,0.103034,0,0
###mieelen###,mieelen,mieleen,0.029990,mieleen,0.029990,0,0
###mietsen###,mietsen,miesten,0.052244,miesten,0.052244,0,0
###miettii###,miettii,miettii,0.962595,miettii,0.962595,1,1
###miettiä###,miettiä,miettiä,0.950559,miettiä,0.950559,1,1
###mikekli###,mikelli,mikkeli,0.525717,mikkeli,0.525717,0,1
###mikikin###,mikikin,mikkiin,0.061627,mikkiin,0.061627,0,0
###mikokla###,mikklla,mikkola,0.249041,mikkola,0.249041,0,0
###milolin###,milllin,milloin,0.791625,milloin,0.791625,0,1
###milälän###,milälän,millään,0.818826,millään,0.818826,0,1
###minäkän###,minäkän,minäkin,0.662099,minkään,0.024184,0,0
###minlula###,minnala,minulla,0.206273,minulla,0.206273,0,0
###minlule###,minnlle,minulle,0.351850,minulle,0.351850,0,0
###minluta###,minnuta,minusta,0.145931,minulta,0.056627,0,0
###minsusa###,minsssa,minussa,0.176605,minussa,0.176605,0,0
###minsuta###,minsuta,minusta,0.081677,minusta,0.081677,0,0
###minkäin###,minkkin,minäkin,0.146064,minäkin,0.146064,0,0
###mirajmi###,miraami,mirjami,0.321475,mirjami,0.321475,0,0
###misäsän###,misäsän,mistään,0.020619,missään,0.012328,0,0
###misätän###,misäään,mistään,0.270827,mistään,0.270827,0,0
###mittatu###,mitaatu,mitattu,0.462880,mitattu,0.462880,0,0
###mitatan###,mitatan,mittaan,0.343773,mittaan,0.343773,0,0
###mitatri###,mitatri,mitattu,0.120544,mittari,0.050840,0,0
###mitatus###,mitatus,mittaus,0.337730,mittaus,0.337730,0,0
###mitatva###,mitavva,mitattu,0.018357,mittava,0.016778,0,0
###modreni###,modreni,moderni,0.054558,moderni,0.054558,0,0
###monlela###,moneela,monilla,0.286090,monella,0.230789,0,0
###monlele###,montele,monelle,0.416799,monelle,0.416799,0,0
###monleta###,monteta,monista,0.052702,monelta,0.021400,0,0
###monsesa###,monsssa,monissa,0.158206,monessa,0.148972,0,0
###monseta###,monseta,monista,0.174307,monesta,0.162732,0,0
###monseti###,monseti,monesti,0.153448,monesti,0.153448,0,0
###monlila###,monlila,monilla,0.209183,monilla,0.209183,0,0
###monlile###,monelle,monelle,0.336522,monille,0.324434,0,0
###monlita###,montita,koneita,0.077210,monilta,0.028517,0,0
###monsisa###,monsisa,monissa,0.151053,monissa,0.151053,0,0
###monsita###,monsita,monista,0.056884,monista,0.056884,0,0
###monnoen###,monnoen,menneen,0.105619,mononen,0.090891,0,0
###monatko###,monatko,montako,0.050604,montako,0.050604,0,0
###morisan###,morisan,motivan,0.013642,morsian,0.005133,0,0
###motvian###,mottian,motivan,0.136040,motivan,0.136040,0,0
###motvioi###,mottioi,motivoi,0.233594,motivoi,0.233594,0,0
###muhnoen###,munnoen,menneen,0.031947,muhonen,0.000613,0,0
###muitsaa###,muitsaa,muistaa,0.428031,muistaa,0.428031,0,0
###muitsan###,muitsan,muistan,0.284739,muistan,0.284739,0,0
###muitsin###,muitsin,muistin,0.227785,muistin,0.227785,0,0
###muitsot###,muittot,muistot,0.569612,muistot,0.569612,0,1
###mukvaaa###,mukkaaa,mukavaa,0.070031,mukavaa,0.070031,0,0
###mukvaan###,mukkaan,mukavan,0.101830,mukavan,0.101830,0,0
###mukvaia###,mukkaia,muokata,0.081276,mukavia,0.043874,0,0
###muoakta###,muoatta,muokata,0.080326,muokata,0.080326,0,0
###muoiten###,muoiten,muotien,0.019917,muotien,0.019917,0,0
###muootja###,muottja,muotoja,0.417611,muotoja,0.417611,0,0
###muooton###,muotton,muotoon,0.110313,muotoon,0.110313,0,0
###murjuen###,murjuen,murujen,0.078337,murujen,0.078337,0,0
###musoeon###,museoon,museoon,0.057076,museoon,0.057076,0,0
###muulala###,muulala,muualla,0.122773,muualla,0.122773,0,0
###muulale###,muulale,muualle,0.085278,muualle,0.085278,0,0
###muulata###,muulata,muualta,0.055549,muualta,0.055549,0,0
###muuarme###,muurrme,muurame,0.783097,muurame,0.783097,0,1
###muuatma###,muuaama,muutama,0.320801,muutama,0.320801,0,0
###muuktin###,muuttin,muutkin,0.188598,muutkin,0.188598,0,0
###muuotin###,muuttin,muutkin,0.037171,muutoin,0.035302,0,0
###muuttaa###,muuttaa,muuttaa,0.950740,muuttaa,0.950740,1,1
###muuttua###,muuttua,muuttua,0.921143,muuttua,0.921143,1,1
###muuttui###,muuttui,muuttui,0.938793,muuttui,0.938793,1,1
###muuttuu###,muuttuu,muuttuu,0.948302,muuttuu,0.948302,1,1
###mylyllä###,myllllä,myllylä,0.031882,myllylä,0.031882,0,0
###myyädän###,myydään,myydään,0.921183,myydään,0.921183,0,1
###myyämlä###,myymllä,myymälä,0.402574,myymälä,0.402574,0,0
###myyämän###,myymmän,myymään,0.602157,myymään,0.602157,0,1
###myynnin###,myynnin,myynnin,0.965828,myynnin,0.965828,1,1
###myytniä###,myytyiä,myytiin,0.263314,myyntiä,0.080851,0,0
###myyitin###,myyitin,tyystin,0.037049,myytiin,0.032636,0,0
###myyätvä###,myyäävä,myytävä,0.678697,myytävä,0.678697,0,1
###myöähän###,myöäään,myöhään,0.825351,myöhään,0.825351,0,1
###myötnää###,myötäää,myöntää,0.433555,myöntää,0.433555,0,0
###myöksin###,myössin,myöskin,0.118601,myöskin,0.118601,0,0
###mäepnää###,mäenäää,mäenpää,0.021502,mäenpää,0.021502,0,0
###mäkleän###,mäkkeän,mäkelän,0.051655,mäkelän,0.051655,0,0
###mäknien###,mäknien,mäkinen,0.291154,mäkinen,0.291154,0,0
###mäkpiää###,mäksiää,mäkipää,0.043490,mäkipää,0.043490,0,0
###mäksien###,mäksien,metsien,0.031754,mäkisen,0.031433,0,0
###mänytlä###,mäntllä,mäntylä,0.010494,mäntylä,0.010494,0,0
###märlile###,märeile,märille,0.228839,märille,0.228839,0,0
###määärtä###,määäätä,määrätä,0.267857,määrätä,0.267857,0,0
###määärys###,määääys,määräys,0.497649,määräys,0.497649,0,0
###määärän###,määäään,määrään,0.510247,määrään,0.510247,0,1
###möklile###,mökkele,mikkeli,0.491264,mökille,0.203172,0,0
###möklilä###,mökkilä,mökillä,0.446168,mökillä,0.446168,0,0
###naaupri###,naaprri,naapuri,0.614680,naapuri,0.614680,0,1
###naiisin###,naiisin,naisiin,0.064179,naisiin,0.064179,0,0
###naitsen###,naitsen,taiteen,0.083844,naisten,0.002795,0,0
###napapsi###,napaasi,nappasi,0.692827,nappasi,0.692827,0,1
###nasakli###,nasakli,naskali,0.112170,naskali,0.112170,0,0
###nasotla###,nasolla,tasolla,0.549009,nastola,0.082539,0,0
###nauttia###,nauttia,nauttia,0.954404,nauttia,0.954404,1,1
###nauttii###,nauttii,nauttii,0.966447,nauttii,0.966447,1,1
###navtean###,nantean,vaikean,0.005803,navetan,0.004200,0,0
###navteta###,navteta,kahtena,0.014667,navetta,0.004995,0,0
###nelöitä###,neliitä,netistä,0.049752,neliötä,0.040852,0,0
###neläjän###,neläjän,venäjän,0.086571,neljään,0.059300,0,0
###nelnoen###,nelnoen,nelonen,0.059154,nelonen,0.059154,0,0
###nelsoen###,nelpeen,nelonen,0.097779,nelosen,0.037785,0,0
###nennoen###,nennoen,nenonen,0.283157,nenonen,0.283157,0,0
###neseten###,neseten,nesteen,0.293547,nesteen,0.293547,0,0
###netsisä###,netsisä,netissä,0.417949,netissä,0.417949,0,0
###netsitä###,netsitä,netistä,0.703872,netistä,0.703872,0,1
###netitin###,netiiin,nettiin,0.064342,nettiin,0.064342,0,0
###neuovja###,neuvoja,neuvoja,0.061566,neuvoja,0.061566,0,0
###nieemlä###,nieellä,nimellä,0.061307,niemelä,0.024902,0,0
###niiknin###,nikniin,niinkin,0.087329,niinkin,0.087329,0,0
###nikiklä###,nikikkä,nikkilä,0.026410,nikkilä,0.026410,0,0
###nilisän###,nilisän,nilsiän,0.090858,nilsiän,0.090858,0,0
###nimkesi###,nimeesi,nimeksi,0.034361,nimeksi,0.034361,0,0
###nimlelä###,nimmelä,nimellä,0.345134,nimellä,0.345134,0,0
###nimletä###,nimeetä,nimeltä,0.350729,nimeltä,0.350729,0,0
###nimnesä###,nimeesä,nimissä,0.034089,nimensä,0.016046,0,0
###nimsesä###,nimsesä,nimessä,0.435566,nimessä,0.435566,0,0
###nimtety###,nimeety,nimetty,0.701960,nimetty,0.701960,0,1
###nimnien###,nimnien,nimisen,0.148362,niminen,0.073384,0,0
###nimsien###,nimsien,nimisen,0.038012,nimisen,0.038012,0,0
###nimsisä###,nimsisä,nimissä,0.201208,nimissä,0.201208,0,0
###nimtiys###,ninmyys,nimitys,0.297716,nimitys,0.297716,0,0
###nipkusi###,nipuksi,nipuksi,0.407860,nipuksi,0.407860,0,0
###nojlala###,nonjlla,nojalla,0.052834,nojalla,0.052834,0,0
###nopaean###,noppaan,nopeaan,0.696866,nopeaan,0.696866,0,1
###nopieta###,nopieta,nopeita,0.345226,nopeita,0.345226,0,0
###noredan###,norddan,nordean,0.678350,nordean,0.678350,0,1
###notaari###,notaari,notaari,0.982633,notaari,0.982633,1,1
###nouesva###,nouesva,nouseva,0.396720,nouseva,0.396720,0,0
###noussut###,noussut,noussut,0.980864,noussut,0.980864,1,1
###nouusun###,nouuuun,nousuun,0.581669,nousuun,0.581669,0,1
###numreoa###,numeeoa,numeroa,0.040491,numeroa,0.040491,0,0
###numreon###,nummeon,numeron,0.018345,numeron,0.018345,0,0
###numreot###,numeeot,numerot,0.510726,numerot,0.510726,0,1
###numemla###,numella,nummela,0.155124,nummela,0.155124,0,0
###nuoerna###,nuoerna,nuorena,0.045024,nuorena,0.045024,0,0
###nuoirin###,nuoirin,nuoriin,0.095373,nuoriin,0.095373,0,0
###nuoirso###,nuoiroo,nuoriso,0.277296,nuoriso,0.277296,0,0
###nuotren###,nuoteen,vuoteen,0.070796,nuorten,0.047360,0,0
###nuremla###,nurella,nurmela,0.092826,nurmela,0.092826,0,0
###nykäyän###,nykäään,nykyään,0.882899,nykyään,0.882899,0,1
###nyknäen###,nyknäen,nykyään,0.163734,nykänen,0.015309,0,0
###nylnoia###,nyynoia,nylonia,0.198285,nylonia,0.198285,0,0
###nähädän###,nähddän,nähdään,0.866978,nähdään,0.866978,0,1
###nähenet###,nähenet,nähneet,0.107995,nähneet,0.107995,0,0
###nähitin###,nähitin,nähtiin,0.070940,nähtiin,0.070940,0,0
###näkmeys###,näkeeys,näkemys,0.634629,näkemys,0.634629,0,1
###näkveät###,näkneät,näkivät,0.033116,näkevät,0.028327,0,0
###näkviät###,näkiiät,näkivät,0.636074,näkivät,0.636074,0,1
###näkmyin###,näkmiin,näkymin,0.038018,näkymin,0.038018,0,0
###näkmyiä###,näkkyiä,näkymiä,0.137937,näkymiä,0.137937,0,0
###näkmyät###,näkymät,näkymät,0.114336,näkymät,0.114336,0,0
###näknyyt###,näknyyt,näkynyt,0.226040,näkynyt,0.226040,0,0
###näkvyät###,näkyvät,näkyvät,0.323057,näkyvät,0.323057,0,0
###näyttää###,näyttää,näyttää,0.943940,näyttää,0.943940,1,1
###näyttöä###,näyttöä,näyttöä,0.963872,näyttöä,0.963872,1,1
###odottaa###,odottaa,odottaa,0.976864,odottaa,0.976864,1,1
###ohittaa###,ohittaa,ohittaa,0.971976,ohittaa,0.971976,1,1
###ohjaaja###,ohjaaja,ohjaaja,0.972441,ohjaaja,0.972441,1,1
###ohjaamo###,ohjaamo,ohjaamo,0.981673,ohjaamo,0.981673,1,1
###ohjtatu###,ohhtatu,otetaan,0.007827,ohjattu,0.005305,0,0
###ohjieta###,ohjeeta,ohjeita,0.029011,ohjeita,0.029011,0,0
###ohjlema###,ohgeema,ohjelma,0.112033,ohjelma,0.112033,0,0
###oikaean###,oikeaan,oikeaan,0.708492,oikeaan,0.708492,0,1
###oikieta###,oikeeta,oikeita,0.841107,oikeita,0.841107,0,1
###oinnoen###,oinnoen,oinonen,0.818617,oinonen,0.818617,0,1
###oirieta###,oireeta,oireita,0.577141,oireita,0.577141,0,1
###ojennus###,ojennus,ojennus,0.985017,ojennus,0.985017,1,1
###oksnaen###,oosnaen,oksanen,0.009378,oksanen,0.009378,0,0
###oleakan###,oleaaan,olekaan,0.103302,olekaan,0.103302,0,0
###oleaman###,oleaaan,olemaan,0.007344,olemaan,0.007344,0,0
###oleknin###,oleknin,oleviin,0.030886,olenkin,0.029899,0,0
###olettaa###,olettaa,olettaa,0.954506,olettaa,0.954506,1,1
###oleavan###,oloavan,alkavan,0.025000,olevaan,0.007014,0,0
###oleavni###,olevnni,olevani,0.454977,olevani,0.454977,0,0
###oleiven###,oloiven,olevien,0.021447,olevien,0.021447,0,0
###oleivin###,olevvin,oleviin,0.134221,oleviin,0.134221,0,0
###oliisko###,oliikko,olisiko,0.313733,olisiko,0.313733,0,0
###ollieta###,ollieta,olleita,0.265280,olleita,0.265280,0,0
###ollsesa###,ollessa,ollessa,0.756754,ollessa,0.756754,0,1
###olllian###,ollllan,ollilan,0.434957,ollilan,0.434957,0,0
###olltuta###,ollvuta,olleita,0.335478,ollutta,0.145453,0,0
###olohiin###,oloiiin,oloihin,0.820579,oloihin,0.820579,0,1
###olosisa###,olosisa,oloissa,0.365609,oloissa,0.365609,0,0
###omasiet###,omaiiet,omaiset,0.438694,omaiset,0.438694,0,0
###omitsaa###,omitaaa,omistaa,0.019748,omistaa,0.019748,0,0
###onglema###,ongeema,ongelma,0.928838,ongelma,0.928838,0,1
###onnkesi###,onneksi,onneksi,0.902207,onneksi,0.902207,0,1
###onnsitu###,onniitu,onnistu,0.770799,onnistu,0.770799,0,1
###opatsaa###,opattaa,opastaa,0.640579,opastaa,0.640579,0,1
###opatsus###,opatsus,opastus,0.858765,opastus,0.858765,0,1
###opettaa###,opettaa,opettaa,0.955159,opettaa,0.955159,1,1
###opinnot###,opinnot,opinnot,0.981699,opinnot,0.981699,1,1
###opitson###,opitoon,opitaan,0.231255,opiston,0.069662,0,0
###opiatan###,opiaaan,opitaan,0.501800,opitaan,0.501800,0,1
###opplias###,oppshas,oppilas,0.280973,oppilas,0.280973,0,0
###oppniut###,oppnnut,oppinut,0.048455,oppinut,0.048455,0,0
###oppviat###,opppvat,oppivat,0.636247,oppivat,0.636247,0,1
###orievsi###,orivesi,orivesi,0.276946,orivesi,0.276946,0,0
###orvkoki###,orvkkki,orvokki,0.691813,orvokki,0.691813,0,1
###osajaat###,osaajat,osaajat,0.754150,osaajat,0.754150,0,1
###osajaia###,osaajia,osaajia,0.581745,osaajia,0.581745,0,1
###osavaat###,osaavat,osaavat,0.175848,osaavat,0.175848,0,0
###osavaia###,osaaaia,osaajia,0.065644,osaavia,0.056776,0,0
###osannut###,osannut,osannut,0.970420,osannut,0.970420,1,1
###osatson###,osaston,osaston,0.769323,osaston,0.769323,0,1
###osatsot###,osattot,osastot,0.206243,osastot,0.206243,0,0
###osaatan###,osaatan,osaston,0.049892,osataan,0.008339,0,0
###osotiti###,osotiti,osoitti,0.510984,osoitti,0.510984,0,1
###osotius###,osotius,osoitus,0.747995,osoitus,0.747995,0,1
###ostjaan###,osttjan,ostajan,0.370759,ostajan,0.370759,0,0
###ostjaat###,osttjat,ostajat,0.308184,ostajat,0.308184,0,0
###ostnaut###,ostnnut,osannut,0.151722,ostanut,0.078398,0,0
###ostvaat###,osttvat,ostavat,0.072749,ostavat,0.072749,0,0
###osttetu###,osttttu,ostettu,0.531371,ostettu,0.531371,0,1
###osuduen###,osuuuun,osuuden,0.377785,osuuden,0.377785,0,0
###osuduet###,osuuuet,osuudet,0.425576,osuudet,0.425576,0,0
###osututa###,osututa,osuutta,0.145140,osuutta,0.145140,0,0
###oteatan###,oteatan,otetaan,0.032818,otetaan,0.032818,0,0
###otskiko###,otsikko,otsikko,0.942202,otsikko,0.942202,0,1
###ottiasi###,ottiisi,ottaisi,0.669510,ottaisi,0.669510,0,1
###ottkaaa###,ottaaaa,ottakaa,0.384949,ottakaa,0.384949,0,0
###ottnaut###,ottnaut,osannut,0.014651,ottanut,0.005818,0,0
###ottvaat###,otttvat,ostavat,0.039631,ottavat,0.009627,0,0
###ottieta###,otteeta,otteita,0.488559,otteita,0.488559,0,0
###ottleun###,otteeun,ottelun,0.096835,ottelun,0.096835,0,0
###ottviat###,ottivat,ottivat,0.437668,ottivat,0.437668,0,0
###oulsusa###,oulsusa,oulussa,0.038562,oulussa,0.038562,0,0
###oulsuta###,ououuta,aiheuta,0.007457,oulusta,0.005140,0,0
###ovaktin###,ovaatin,ovatkin,0.287165,ovatkin,0.287165,0,0
###paaovla###,paaalla,pihalla,0.004468,paavola,0.001793,0,0
###pahsati###,pahaati,pahasti,0.440851,pahasti,0.440851,0,0
###pahnita###,pahiita,pahinta,0.102935,pahinta,0.102935,0,0
###paikkaa###,paikkaa,paikkaa,0.943624,paikkaa,0.943624,1,1
###paiokin###,paiokin,paikoin,0.032486,paikoin,0.032486,0,0
###paienen###,painnen,palonen,0.050169,paineen,0.009918,0,0
###paienet###,painnet,paineet,0.576912,paineet,0.576912,0,1
###paitsaa###,paitsaa,paikkaa,0.136657,paistaa,0.078886,0,0
###pajnuen###,panneen,paineen,0.301760,pajunen,0.001601,0,0
###paktatu###,pakaatu,pakattu,0.367236,pakattu,0.367236,0,0
###paktein###,pakkein,paikoin,0.020224,paketin,0.011086,0,0
###pakteti###,pakketi,paketti,0.634695,paketti,0.634695,0,1
###paklian###,pakkian,pakilan,0.105874,pakilan,0.105874,0,0
###pakakus###,pakakus,pakkaus,0.109189,pakkaus,0.109189,0,0
###pakusus###,pakusus,pakkaus,0.346968,paksuus,0.170701,0,0
###paluata###,palaata,palauta,0.088509,palauta,0.088509,0,0
###paluate###,palaute,palaute,0.378865,palaute,0.378865,0,0
###palakta###,palakta,palauta,0.278093,palkata,0.018449,0,0
###palkkaa###,palkkaa,palkkaa,0.948851,palkkaa,0.948851,1,1
###palkkio###,palkkio,palkkio,0.976996,palkkio,0.976996,1,1
###palnoen###,palnoen,palonen,0.169699,palonen,0.169699,0,0
###paluuta###,paluuta,paluuta,0.962592,paluuta,0.962592,1,1
###palevlu###,palellu,palvelu,0.261397,palvelu,0.261397,0,0
###pananan###,pananan,pasanen,0.032525,pannaan,0.010875,0,0
###papreia###,papreia,paperia,0.143548,paperia,0.143548,0,0
###paprein###,pappein,paineen,0.011505,paperin,0.005457,0,0
###papreit###,pappeit,paineet,0.034961,paperit,0.031466,0,0
###parnaee###,paraaee,paranee,0.179957,paranee,0.179957,0,0
###parsata###,parsata,parasta,0.084888,parasta,0.084888,0,0
###parmepi###,parpepi,parempi,0.119718,parempi,0.119718,0,0
###parahan###,paraaan,parhaan,0.074157,parhaan,0.074157,0,0
###parahat###,paraaat,parhaat,0.045346,parhaat,0.045346,0,0
###parsisa###,parsisa,parissa,0.233414,parissa,0.233414,0,0
###parakno###,paraano,parkano,0.880387,parkano,0.880387,0,1
###parotla###,parolla,purolla,0.274891,partola,0.010628,0,0
###parutri###,parrrri,parturi,0.233378,parturi,0.233378,0,0
###parevke###,parvvke,parveke,0.882323,parveke,0.882323,0,1
###pasnaen###,pasnaen,pannaan,0.387778,pasanen,0.028112,0,0
###paslian###,paslaan,pasilan,0.008244,pasilan,0.008244,0,0
###pasotri###,paiorri,pastori,0.057705,pastori,0.057705,0,0
###peittää###,peittää,peittää,0.950221,peittää,0.950221,1,1
###pekakla###,pekakla,pekkala,0.168401,pekkala,0.168401,0,0
###pelaaja###,pelaaja,pelaaja,0.976541,pelaaja,0.976541,1,1
###pelsisä###,pelsisä,pelissä,0.174444,pelissä,0.174444,0,0
###pelkkiä###,pelkkiä,pelkkiä,0.952526,pelkkiä,0.952526,1,1
###pelkkää###,pelkkää,pelkkää,0.965850,pelkkää,0.965850,1,1
###pelotla###,pelolla,talolla,0.103177,peltola,0.090909,0,0
###perehen###,pereeen,perheen,0.054142,perheen,0.054142,0,0
###perehet###,pereeet,perheet,0.245533,perheet,0.245533,0,0
###perlile###,perpile,perille,0.331525,perille,0.331525,0,0
###perlilä###,pervilä,perillä,0.083436,perillä,0.083436,0,0
###permiiä###,permiiä,perimiä,0.200503,perimiä,0.200503,0,0
###pernine###,pernine,perinne,0.467681,perinne,0.467681,0,0
###pernitä###,pertitä,perintä,0.099700,perintä,0.099700,0,0
###pernitö###,perpntö,perintö,0.831418,perintö,0.831418,0,1
###pernuaa###,pernaaa,perunaa,0.079482,perunaa,0.079482,0,0
###pernuan###,pernnan,perunan,0.064754,perunan,0.064754,0,0
###pernuat###,pernaat,perunat,0.125373,perunat,0.125373,0,0
###persuta###,persuta,perusta,0.355950,perusta,0.355950,0,0
###persute###,persste,peruste,0.516938,peruste,0.516938,0,1
###persuti###,persiti,perusti,0.367341,perusti,0.367341,0,0
###persutu###,peruutu,perustu,0.692119,perustu,0.692119,0,1
###persäsä###,persäsä,perässä,0.069843,perässä,0.069843,0,0
###pesnoen###,pesnoen,pesonen,0.244513,pesonen,0.244513,0,0
###petetri###,petetri,petteri,0.029495,petteri,0.029495,0,0
###pidmepi###,pieeppi,pidempi,0.096637,pidempi,0.096637,0,0
###pidtety###,pidtyty,pidetty,0.649395,pidetty,0.649395,0,1
###pidmäme###,pidämme,pidämme,0.700933,pidämme,0.700933,0,1
###pieelen###,piellen,pieleen,0.314694,pieleen,0.314694,0,0
###pieenen###,pieenen,pieleen,0.028431,pieneen,0.007031,0,0
###pieennä###,piennnä,pienenä,0.054168,pienenä,0.054168,0,0
###pieinin###,pieinin,pieniin,0.022226,pieniin,0.022226,0,0
###pieinnä###,pieinnä,perintä,0.012232,pieninä,0.011723,0,0
###pietnen###,pietnen,pienten,0.021788,pienten,0.021788,0,0
###pieatri###,piertii,pietari,0.030603,pietari,0.030603,0,0
###pieitlä###,pieillä,perillä,0.018026,pietilä,0.002138,0,0
###pihlala###,pihlala,pihlaja,0.251071,pihalla,0.012614,0,0
###pihlale###,pihlale,pihalle,0.535428,pihalle,0.535428,0,1
###pihsasa###,pihsasa,pihlaja,0.080382,pihassa,0.023186,0,0
###pihalja###,pihalja,pihalla,0.344271,pihlaja,0.024214,0,0
###piiiren###,piiiren,piirien,0.013636,piirien,0.013636,0,0
###piiirin###,piiirin,piiriin,0.085043,piiriin,0.085043,0,0
###piirros###,piirros,piirros,0.976196,piirros,0.976196,1,1
###piiträä###,piittää,kiittää,0.031975,piirtää,0.007551,0,0
###pinatan###,pinanan,pintaan,0.099085,pintaan,0.099085,0,0
###piseten###,piseten,pisteen,0.115449,pisteen,0.115449,0,0
###pisetet###,pisetet,pienten,0.047227,pisteet,0.017898,0,0
###pitviät###,pitviät,pitivät,0.088772,pitivät,0.088772,0,0
###pitiken###,pitiken,pitkien,0.042788,pitkien,0.042788,0,0
###pitäkän###,pitäkän,sitäkin,0.084275,pitkään,0.005551,0,0
###pitiäsi###,pitiäsi,pitivät,0.100900,pitäisi,0.055474,0,0
###pitnäyt###,pittyyt,pitänyt,0.481120,pitänyt,0.481120,0,0
###pitväät###,pitväät,pitivät,0.110248,pitävät,0.036359,0,0
###pitääkö###,pitääkö,pitääkö,0.987649,pitääkö,0.987649,1,1
###pohajan###,pohajan,pohjaan,0.145176,pohjaan,0.145176,0,0
###pohajna###,pohajna,johanna,0.094757,pohjana,0.056642,0,0
###pohojla###,pohjlla,pihalla,0.016788,pohjola,0.007493,0,0
###poiakni###,poiakni,poikani,0.124378,poikani,0.124378,0,0
###poiekta###,poietta,porista,0.026419,poiketa,0.025633,0,0
###poiiken###,poiiken,poikien,0.014988,poikien,0.014988,0,0
###poikkea###,poikkea,poikkea,0.965739,poikkea,0.965739,1,1
###poitsaa###,poitaaa,poistaa,0.051983,poistaa,0.051983,0,0
###poitsuu###,poittuu,poistuu,0.502426,poistuu,0.502426,0,1
###pojlile###,pojllle,pojille,0.621474,pojille,0.621474,0,1
###poliisi###,poliisi,poliisi,0.977466,poliisi,0.977466,1,1
###polttaa###,polttaa,polttaa,0.973030,polttaa,0.973030,1,1
###porsisa###,porsisa,porissa,0.274990,porissa,0.274990,0,0
###porsita###,porsita,porista,0.261563,porista,0.261563,0,0
###porjoen###,porjoen,kirjeen,0.048841,porojen,0.030452,0,0
###poratat###,poratat,portaat,0.049574,portaat,0.049574,0,0
###porkuan###,porkaun,porojen,0.008144,porukan,0.000929,0,0
###porkuka###,porkkka,poikkea,0.061360,porukka,0.042566,0,0
###porovon###,porvnon,porvoon,0.528727,porvoon,0.528727,0,1
###potlias###,potsias,potilas,0.517130,potilas,0.517130,0,1
###puhkaka###,puhkaka,puhakka,0.026732,puhakka,0.026732,0,0
###puhieta###,puheita,puheita,0.714317,puheita,0.714317,0,1
###puhlein###,puhlein,puhelin,0.149795,puhelin,0.149795,0,0
###puhleun###,puhleun,puhelun,0.230866,puhelun,0.230866,0,0
###puhleut###,puhleut,puhelut,0.123437,puhelut,0.123437,0,0
###puhteta###,puhteta,puheita,0.054941,puhetta,0.029885,0,0
###puhatan###,puhatan,puhtaan,0.291322,puhtaan,0.291322,0,0
###puhatat###,puhatat,puhtaat,0.028805,puhtaat,0.028805,0,0
###puhatus###,puhutus,puhtaus,0.448254,puhtaus,0.448254,0,0
###puhmume###,puhumme,puhumme,0.794820,puhumme,0.794820,0,1
###puhnuut###,puhnuut,puhelut,0.191222,puhunut,0.163796,0,0
###puhtutu###,puhtutu,tuhoutu,0.159244,puhuttu,0.089097,0,0
###puhvuat###,puhvvat,puhtaat,0.183663,puhuvat,0.035496,0,0
###puitson###,puition,puiston,0.265167,puiston,0.265167,0,0
###pulhati###,pullati,pulahti,0.841624,pulahti,0.841624,0,1
###puoelen###,puollen,puoleen,0.436037,puoleen,0.436037,0,0
###puoilso###,puoisso,puoliso,0.032860,puoliso,0.032860,0,0
###purnaen###,purraen,puranen,0.152949,puranen,0.152949,0,0
###purlola###,purllla,purolla,0.147103,purolla,0.147103,0,0
###puteken###,puteken,putkien,0.050169,putkeen,0.024869,0,0
###putiken###,putiken,putkien,0.016179,putkien,0.016179,0,0
###puuttua###,puuttua,puuttua,0.938129,puuttua,0.938129,1,1
###puuttui###,puuttui,puuttui,0.939938,puuttui,0.939938,1,1
###puuttuu###,puuttuu,puuttuu,0.945155,puuttuu,0.945155,1,1
###pyrmime###,pyrmmme,pyrimme,0.185177,pyrimme,0.185177,0,0
###pyrtity###,pyrtity,pystytä,0.106304,pyritty,0.105419,0,0
###pysyttä###,pysyttä,lyhyttä,0.062136,pystytä,0.013422,0,0
###pysytyn###,pysytyn,pysyvän,0.142750,pystyyn,0.058858,0,0
###pysnyyt###,pysnyyt,pystyyn,0.278206,pysynyt,0.090884,0,0
###pysvyiä###,pysvynä,pystytä,0.082812,pysyviä,0.002299,0,0
###pysvyän###,pysvyän,pystyyn,0.068042,pysyvän,0.005347,0,0
###pysvyät###,pysvyät,pysyvät,0.184236,pysyvät,0.184236,0,0
###pysvyää###,pysvynä,päivänä,0.169653,pysyvää,0.005717,0,0
###päiiven###,piiiven,piirien,0.009897,päivien,0.003184,0,0
###päiivnä###,päiinnä,päivänä,0.029077,päivinä,0.016778,0,0
###päiyvri###,päirrri,päivyri,0.035674,päivyri,0.035674,0,0
###päiävnä###,pähvänä,päivänä,0.216456,päivänä,0.216456,0,0
###päiävys###,päiääys,päiväys,0.650286,päiväys,0.650286,0,1
###päiävän###,päivään,päivään,0.309372,päivään,0.309372,0,0
###päläkne###,pälkkne,pälkäne,0.666907,pälkäne,0.666907,0,1
###päräjtä###,pärjjtä,pärjätä,0.259347,pärjätä,0.259347,0,0
###pääsaia###,pääsaia,päästää,0.102189,pääasia,0.011482,0,0
###päämoaa###,päädoaa,pääomaa,0.044370,pääomaa,0.044370,0,0
###päämoan###,päämoän,pääoman,0.005446,pääoman,0.005446,0,0
###pääsoin###,pääsoin,pääosin,0.042428,pääosin,0.042428,0,0
###pääissi###,pääissi,pääsisi,0.037794,pääsisi,0.037794,0,0
###päässyt###,päässyt,päässyt,0.979092,päässyt,0.979092,1,1
###päätsää###,päättää,päättää,0.806333,päästää,0.006561,0,0
###päätsöt###,päätsöt,päästöt,0.086900,päästöt,0.086900,0,0
###päättyi###,päättyi,päättyi,0.949221,päättyi,0.949221,1,1
###päättyy###,päättyy,päättyy,0.959035,päättyy,0.959035,1,1
###päättää###,päättää,päättää,0.936363,päättää,0.936363,1,1
###pääätän###,päääään,päätään,0.458721,päätään,0.458721,0,0
###pöyätän###,pöytään,pöytään,0.176422,pöytään,0.176422,0,0
###rahkasi###,rahkasi,rahaksi,0.145062,rahaksi,0.145062,0,0
###rahlala###,rahhala,rahalla,0.217297,rahalla,0.217297,0,0
###rahsata###,rahtata,rahasta,0.414564,rahasta,0.414564,0,0
###rahsato###,rahsata,rahasta,0.100876,rahasto,0.028892,0,0
###raiison###,raiison,raision,0.139356,raision,0.139356,0,0
###rajlala###,rajjlla,rajalla,0.375747,rajalla,0.375747,0,0
###rajtatu###,rartatu,rantaan,0.059338,rajattu,0.025210,0,0
###rajjoen###,rarjjen,rajojen,0.091590,rajojen,0.091590,0,0
###rajsuti###,rajsuti,rajusti,0.360270,rajusti,0.360270,0,0
###raknene###,raknene,rakenne,0.251000,rakenne,0.251000,0,0
###raknesi###,rakeesi,rakensi,0.151540,rakensi,0.151540,0,0
###rakakus###,rakkkus,rakkaus,0.310478,rakkaus,0.310478,0,0
###rankkaa###,rankkaa,rankkaa,0.963553,rankkaa,0.963553,1,1
###ranksan###,ranksan,rankkaa,0.031060,ranskan,0.017149,0,0
###ranatan###,rananan,rantaan,0.020529,rantaan,0.020529,0,0
###ranatla###,ranalla,sanalla,0.168593,rantala,0.024087,0,0
###raosisa###,raosisa,raoissa,0.459750,raoissa,0.459750,0,0
###rasakan###,rasakan,raskaan,0.179381,raskaan,0.179381,0,0
###rauahan###,raahaan,rauhaan,0.778049,rauhaan,0.778049,0,1
###rauahla###,rauhala,rauhala,0.366245,rauhala,0.366245,0,0
###ravnito###,ravvnto,ravinto,0.930428,ravinto,0.930428,0,1
###reatkio###,reattio,reaktio,0.819447,reaktio,0.819447,0,1
###rehotri###,rehtori,rehtori,0.721027,rehtori,0.721027,0,1
###rehjuen###,rehheen,lehteen,0.095883,rehujen,0.079822,0,0
###reittiä###,reittiä,reittiä,0.966626,reittiä,0.966626,1,1
###renakat###,renakat,renkaat,0.140000,renkaat,0.140000,0,0
###respeti###,respeti,resepti,0.545429,resepti,0.545429,0,1
###riippuu###,riippuu,riippuu,0.989830,riippuu,0.989830,1,1
###riittää###,riittää,riittää,0.951217,riittää,0.951217,1,1
###rikakus###,rikkkus,rikkaus,0.489943,rikkaus,0.489943,0,0
###rinatla###,rinalta,rintala,0.020708,rintala,0.020708,0,0
###riskiko###,risikko,risikko,0.955995,risikko,0.955995,0,1
###risekjä###,reskjjä,riskejä,0.725162,riskejä,0.725162,0,1
###risiken###,risiken,riskien,0.035120,riskien,0.035120,0,0
###risitin###,risitin,ristiin,0.119686,ristiin,0.119686,0,0
###rohekat###,rohekat,rohkeat,0.661422,rohkeat,0.661422,0,1
###rohekus###,rohokus,rohkeus,0.197572,rohkeus,0.197572,0,0
###romaani###,romaani,romaani,0.982932,romaani,0.982932,1,1
###romnaia###,rommaia,romania,0.041028,romania,0.041028,0,0
###rooilin###,rroilin,rooliin,0.008113,rooliin,0.008113,0,0
###runjoen###,runojen,runojen,0.689770,runojen,0.689770,0,1
###runasan###,runanan,runsaan,0.045271,runsaan,0.045271,0,0
###runasat###,runasat,runsaat,0.048991,runsaat,0.048991,0,0
###ruosata###,ruosata,ruoasta,0.187508,ruoasta,0.187508,0,0
###ruoohla###,ruoolla,rahalla,0.137953,ruohola,0.135169,0,0
###ruoakan###,ruoakan,ruokaan,0.240240,ruokaan,0.240240,0,0
###ruoakla###,rroalla,ruoasta,0.060010,ruokala,0.026335,0,0
###ruostia###,ruostia,ruotsia,0.009616,ruotsia,0.009616,0,0
###ruostin###,ruostin,muistin,0.043548,ruotsin,0.023807,0,0
###ruuimin###,ruuiiin,ruumiin,0.223974,ruumiin,0.223974,0,0
###ryhimen###,ryhimen,ryhmien,0.059641,ryhmien,0.059641,0,0
###ryhimin###,ryhiiin,ryhmiin,0.240834,ryhmiin,0.240834,0,0
###ryhämän###,ryhämän,ryhmään,0.097671,ryhmään,0.097671,0,0
###räpipin###,räpipin,räppiin,0.841070,räppiin,0.841070,0,1
###räsiten###,räsiten,rästien,0.044402,rästien,0.044402,0,0
###räsnäen###,räsnäen,räsänen,0.043318,räsänen,0.043318,0,0
###saaadan###,saaaaan,saamaan,0.037106,saadaan,0.018644,0,0
###saaaman###,saaaman,sataman,0.383751,saamaan,0.023133,0,0
###saaenen###,saaenen,salonen,0.043384,saaneen,0.006401,0,0
###saaenet###,saaenet,saaneet,0.236150,saaneet,0.236150,0,0
###saannin###,saannin,saannin,0.967676,saannin,0.967676,1,1
###saaerla###,saaalla,saarela,0.036232,saarela,0.036232,0,0
###saaatva###,saaaaaa,saattaa,0.125272,saatava,0.002648,0,0
###saaitin###,saaitin,saannin,0.016171,saatiin,0.007253,0,0
###saattaa###,saattaa,saattaa,0.948081,saattaa,0.948081,1,1
###saattoi###,saattoi,saattoi,0.975959,saattoi,0.975959,1,1
###saautja###,saauuja,saatuja,0.189944,saatuja,0.189944,0,0
###safiiri###,safiiri,safiiri,0.988328,safiiri,0.988328,1,1
###saiaman###,saimman,saimaan,0.037111,saimaan,0.037111,0,0
###saiaran###,saairan,sairaan,0.019885,sairaan,0.019885,0,0
###saiarus###,saaasus,sairaus,0.091156,sairaus,0.091156,0,0
###sakasan###,sakasan,saksaan,0.017921,saksaan,0.017921,0,0
###sakasla###,sakalla,sanalla,0.002593,saksala,0.000538,0,0
###saltaut###,saltaut,salatut,0.058264,salatut,0.058264,0,0
###salsisa###,salsisa,salissa,0.043892,salissa,0.043892,0,0
###salemla###,salella,talolla,0.022601,salmela,0.017065,0,0
###salmoaa###,salmoaa,salmela,0.105204,salomaa,0.049256,0,0
###salnoen###,salnoen,salonen,0.096293,salonen,0.096293,0,0
###salsosa###,salsosa,salissa,0.070884,salossa,0.043994,0,0
###samlala###,sammlla,samalla,0.091716,samalla,0.091716,0,0
###samlale###,samalle,samalle,0.558609,samalle,0.558609,0,1
###samlata###,sammata,samalta,0.030574,samalta,0.030574,0,0
###samsasa###,samsasa,satsata,0.019187,samassa,0.014437,0,0
###samsata###,samsata,satsata,0.119362,samasta,0.006349,0,0
###samjoen###,samooen,salonen,0.024655,samojen,0.002699,0,0
###sanlala###,sannlla,sanalla,0.458984,sanalla,0.458984,0,0
###sansata###,sansata,satsata,0.196286,sanasta,0.020982,0,0
###sanakri###,sankkri,sankari,0.326186,sankari,0.326186,0,0
###sanjoen###,sanooen,sanojen,0.729605,sanojen,0.729605,0,1
###sanmoat###,sanmoat,sanomat,0.016466,sanomat,0.016466,0,0
###sannota###,sanoota,sanonta,0.242090,sanonta,0.242090,0,0
###sannout###,sannout,sanonut,0.171460,sanonut,0.171460,0,0
###santotu###,santttu,sanottu,0.443879,sanottu,0.443879,0,0
###santoun###,santoun,sanotun,0.137648,sanotun,0.137648,0,0
###sanvoat###,sanvoat,sanomat,0.043595,sanovat,0.025771,0,0
###sanetri###,sanetri,sankari,0.040215,santeri,0.027211,0,0
###sarlala###,sarrala,saralla,0.313394,saralla,0.313394,0,0
###sarajan###,sarajan,sarjaan,0.083738,sarjaan,0.083738,0,0
###satmaan###,sattaan,saksaan,0.005440,sataman,0.000679,0,0
###satjoen###,sattoen,satojen,0.071081,satojen,0.071081,0,0
###satasta###,satasta,sanasta,0.125544,satsata,0.019103,0,0
###seiinen###,seiinen,sininen,0.045676,seinien,0.002057,0,0
###seiänän###,seäänän,selkeän,0.023788,seinään,0.008033,0,0
###sekiota###,sekoota,sekoita,0.558296,sekoita,0.558296,0,1
###sekotri###,sekotri,sektori,0.181068,sektori,0.181068,0,0
###sellilä###,sellilä,selillä,0.172933,selillä,0.172933,0,0
###seltiys###,seltiys,selitys,0.336849,selitys,0.336849,0,0
###selekän###,selekän,selkeän,0.288559,selkeän,0.288559,0,0
###selekät###,selktät,selkeät,0.842519,selkeät,0.842519,0,1
###selekää###,seleeää,selkeää,0.130638,selkeää,0.130638,0,0
###selivsi###,selivsi,selvisi,0.071359,selvisi,0.071359,0,0
###selivtä###,selivtä,selillä,0.111324,selvitä,0.046471,0,0
###selivää###,selivää,selkeää,0.059887,selviää,0.041656,0,0
###senoiri###,seioiri,seniori,0.036058,seniori,0.036058,0,0
###senttiä###,senttiä,senttiä,0.969423,senttiä,0.969423,1,1
###senätän###,senätän,sentään,0.096132,sentään,0.096132,0,0
###sepäplä###,seppllä,seppälä,0.641843,seppälä,0.641843,0,1
###seuaran###,seuaran,seuraan,0.205089,seuraan,0.205089,0,0
###seuarsi###,seurrsi,seurasi,0.054311,seurasi,0.054311,0,0
###seuarta###,seuarta,seurata,0.025702,seurata,0.025702,0,0
###sidtotu###,sidottu,sidottu,0.444013,sidottu,0.444013,0,0
###siirron###,siirron,siirron,0.974683,siirron,0.974683,1,1
###siitroa###,siittoa,siirtoa,0.263574,siirtoa,0.263574,0,0
###siitryi###,siittri,siirtyi,0.019384,siirtyi,0.019384,0,0
###siitryy###,siittyy,liittyy,0.111938,siirtyy,0.084762,0,0
###siitryä###,siitträ,siirtyä,0.049203,siirtyä,0.049203,0,0
###siiträä###,siittää,siirtää,0.005854,siirtää,0.005854,0,0
###siiovus###,siiious,siivous,0.028598,siivous,0.028598,0,0
###sijiata###,sijiita,sijaita,0.019129,sijaita,0.019129,0,0
###sijlala###,sijjlla,sijalla,0.037114,sijalla,0.037114,0,0
###sijlale###,sijllle,sijalle,0.802487,sijalle,0.802487,0,1
###sijsata###,sijsata,satsata,0.128024,sijasta,0.007143,0,0
###siklaan###,sikkaan,sikalan,0.071902,sikalan,0.071902,0,0
###sikjoen###,sikkoen,sikojen,0.044716,sikojen,0.044716,0,0
###silolin###,silllin,silmiin,0.050211,silloin,0.026014,0,0
###silimen###,silimen,silmien,0.073159,silmien,0.073159,0,0
###silimin###,siliiin,silmiin,0.054569,silmiin,0.054569,0,0
###silämän###,silälän,silmään,0.071363,silmään,0.071363,0,0
###simnoen###,sinnoen,silloin,0.014307,simonen,0.001840,0,0
###sinkika###,sinkika,sinikka,0.111376,sinikka,0.111376,0,0
###sinnien###,sinnien,sininen,0.096808,sininen,0.096808,0,0
###sinlula###,sinnlla,sinulla,0.251822,sinulla,0.251822,0,0
###sinlule###,sinnlle,sinulle,0.476721,sinulle,0.476721,0,0
###sinsuta###,sinnnta,tunneta,0.090283,sinusta,0.035141,0,0
###sinkäin###,sinkkin,sinäkin,0.037146,sinäkin,0.037146,0,0
###sinnäsä###,sinnäsä,sinänsä,0.176490,sinänsä,0.176490,0,0
###sipopla###,sopplla,sippola,0.030231,sippola,0.030231,0,0
###sipluia###,sipluia,sipulia,0.024665,sipulia,0.024665,0,0
###sipluit###,sipstit,sipulit,0.035343,sipulit,0.035343,0,0
###sisläle###,sisälle,sisälle,0.832021,sisälle,0.832021,0,1
###sisläly###,sisälly,sisälly,0.902662,sisälly,0.902662,0,1
###sislälä###,sislllä,sisällä,0.599159,sisällä,0.599159,0,1
###sisläsi###,sissäsi,sisälsi,0.110814,sisälsi,0.110814,0,0
###sislätä###,sislätä,sisältä,0.064018,sisältä,0.064018,0,0
###sislätö###,sissltö,sisältö,0.687421,sisältö,0.687421,0,1
###sisoävi###,sisäovi,sisäovi,0.935470,sisäovi,0.935470,0,1
###sitvoat###,sitvoat,sitovat,0.022781,sitovat,0.022781,0,0
###sitkäin###,sitkkin,sitäkin,0.102949,sitäkin,0.102949,0,0
###siuanus###,siaunus,siunaus,0.060597,siunaus,0.060597,0,0
###sivnoen###,sienoen,silloin,0.009414,sivonen,0.000843,0,0
###sivjuen###,sivveen,silmien,0.012897,sivujen,0.005624,0,0
###sivlula###,siluula,sivulla,0.032706,sivulla,0.032706,0,0
###sivlule###,sivulle,sivulle,0.633546,sivulle,0.633546,0,1
###sivluta###,sivuuta,sinusta,0.019018,sivulta,0.013028,0,0
###sivsuto###,sivstto,sivusto,0.075978,sivusto,0.075978,0,0
###sodsasa###,sodsasa,sodassa,0.056306,sodassa,0.056306,0,0
###sodsata###,soosata,satsata,0.045666,sodasta,0.019289,0,0
###soittaa###,soittaa,soittaa,0.951397,soittaa,0.951397,1,1
###sokreia###,sokkeia,sokeria,0.029110,sokeria,0.029110,0,0
###solsasa###,solsasa,solassa,0.311322,solassa,0.311322,0,0
###soljuen###,soljeen,kirjeen,0.019340,solujen,0.006787,0,0
###somlaia###,sommaia,somalia,0.089005,somalia,0.089005,0,0
###sopmius###,sopsius,sopimus,0.067997,sopimus,0.067997,0,0
###sopniut###,sopniut,sopinut,0.153653,sopinut,0.153653,0,0
###sopviaa###,sopsiaa,sopivaa,0.211744,sopivaa,0.211744,0,0
###sopvian###,sopvian,sopivan,0.120035,sopivan,0.120035,0,0
###sopviat###,sopsiat,sopivat,0.674214,sopivat,0.674214,0,1
###sopviia###,sopsiia,sopivia,0.099743,sopivia,0.099743,0,0
###sotakmo###,sotakmo,sotkamo,0.698837,sotkamo,0.698837,0,1
###sovlelu###,soveelu,sovellu,0.233123,sovellu,0.233123,0,0
###sovtitu###,sootitu,sovittu,0.059974,sovittu,0.059974,0,0
###sovtiun###,sovttun,sovitun,0.084789,sovitun,0.084789,0,0
###sovtiut###,sovttut,sovitut,0.114296,sovitut,0.114296,0,0
###strsesi###,strsesi,stressi,0.761790,stressi,0.761790,0,1
###suhnoen###,sunooen,suhonen,0.036027,suhonen,0.036027,0,0
###suheten###,suheten,suhonen,0.069530,suhteen,0.048938,0,0
###suhetet###,suhetet,suhteet,0.143896,suhteet,0.143896,0,0
###sujnuut###,suunuut,suuruus,0.022117,sujunut,0.005566,0,0
###sujvuat###,suusvat,suhteet,0.072045,sujuvat,0.002523,0,0
###sumemri###,summrri,summeri,0.686866,summeri,0.686866,0,1
###suoajta###,suoajta,suojata,0.043583,suojata,0.043583,0,0
###suoaktu###,suoastu,suokatu,0.090707,suokatu,0.090707,0,0
###suoemen###,suoemen,suomeen,0.065756,suomeen,0.065756,0,0
###suoaran###,suoaran,suoraan,0.091588,suoraan,0.091588,0,0
###suoison###,suoison,suosion,0.009975,suosion,0.009975,0,0
###susnana###,sunnana,susanna,0.004912,susanna,0.004912,0,0
###suunnan###,suunnan,suunnan,0.972959,suunnan,0.972959,1,1
###suutnaa###,suuttaa,muuttaa,0.036424,suuntaa,0.031737,0,0
###suueren###,suueeen,suureen,0.209241,suureen,0.209241,0,0
###suuerna###,suuerna,suurena,0.071680,suurena,0.071680,0,0
###suuirin###,suuirin,suuriin,0.016578,suuriin,0.016578,0,0
###suutren###,suuteen,suhteen,0.106472,suurten,0.000266,0,0
###suuurus###,suuuuus,suuruus,0.082611,suuruus,0.082611,0,0
###suuatri###,suurtri,suutari,0.308752,suutari,0.308752,0,0
###suvnato###,suonato,suvanto,0.054370,suvanto,0.054370,0,0
###svetisi###,seetisi,sveitsi,0.037374,sveitsi,0.037374,0,0
###sydmäen###,sydmäen,syömään,0.005853,sydämen,0.001574,0,0
###sydnätä###,sydnätä,sydäntä,0.048626,sydäntä,0.048626,0,0
###sykysnä###,sykyynä,syksynä,0.131190,syksynä,0.131190,0,0
###sykysyn###,sykysyn,syksyyn,0.430388,syksyyn,0.430388,0,0
###synytvä###,synyvvä,syntyvä,0.053231,syntyvä,0.053231,0,0
###synytyn###,synytyn,syntyyn,0.019131,syntyyn,0.019131,0,0
###syräjlä###,syrällä,syrjälä,0.064507,syrjälä,0.064507,0,0
###syvläle###,syvälle,syvälle,0.903138,syvälle,0.903138,0,1
###syvsäti###,syvsiti,syvästi,0.017569,syvästi,0.017569,0,0
###syyksuu###,syyssuu,syyskuu,0.345177,syyskuu,0.345177,0,0
###syyttää###,syyttää,syyttää,0.953953,syyttää,0.953953,1,1
###syöädän###,syöädän,sydämen,0.039276,syödään,0.027004,0,0
###syöämän###,syöäään,syömään,0.055793,syömään,0.055793,0,0
###syöäpän###,syöppän,syöpään,0.740197,syöpään,0.740197,0,1
###syöttää###,syöttää,syöttää,0.958221,syöttää,0.958221,1,1
###syöivin###,syöivin,syöviin,0.082366,syöviin,0.082366,0,0
###säiilön###,sääilön,yksilön,0.026543,säiliön,0.002406,0,0
###säännös###,säännös,säännös,0.955231,säännös,0.955231,1,1
###säännöt###,säännöt,säännöt,0.958189,säännöt,0.958189,1,1
###säätsyy###,säästyy,säästyy,0.229818,säästyy,0.229818,0,0
###säätsää###,säättää,päättää,0.024470,säästää,0.005554,0,0
###säätsöt###,säässöt,säästöt,0.620680,säästöt,0.620680,0,1
###säätsöä###,säätsöä,säätiön,0.114544,säästöä,0.052651,0,0
###sääitön###,sääitön,välitön,0.074240,säätiön,0.019853,0,0
###tahnasa###,tanaasa,tahansa,0.015390,tahansa,0.015390,0,0
###tahjoen###,tahjoen,tahojen,0.147454,tahojen,0.147454,0,0
###tahlota###,tahtota,taholta,0.056310,taholta,0.056310,0,0
###tahitin###,tahitin,tahtiin,0.052933,tahtiin,0.052933,0,0
###taiikna###,tiiikna,toisena,0.059327,taikina,0.033175,0,0
###taiaple###,taipale,taipale,0.846990,taipale,0.846990,0,1
###taiatva###,taiaava,taitava,0.145473,taitava,0.145473,0,0
###taieten###,taieten,toisten,0.022720,taiteen,0.000236,0,0
###taiotja###,taiooja,taitava,0.013058,taitoja,0.012624,0,0
###taiavan###,taiavan,taivaan,0.026479,taivaan,0.026479,0,0
###tajsuin###,tassuin,tanssin,0.047175,tajusin,0.001825,0,0
###taljoen###,taljoen,talteen,0.259172,talojen,0.011964,0,0
###tallola###,tallola,talolla,0.070306,talolla,0.070306,0,0
###talsosa###,talsssa,talossa,0.488240,talossa,0.488240,0,0
###talsota###,talssta,talosta,0.544617,talosta,0.544617,0,1
###taleten###,taleten,talojen,0.024848,talteen,0.022138,0,0
###talevna###,talevna,talvena,0.020376,talvena,0.020376,0,0
###tamemla###,tamemla,tammela,0.017173,tammela,0.017173,0,0
###tamepre###,tampere,tampere,0.571556,tampere,0.571556,0,1
###tanksan###,tanksan,tanssin,0.064335,tanskan,0.022823,0,0
###tanssia###,tanssia,tanssia,0.935463,tanssia,0.935463,1,1
###tanssii###,tanssii,tanssii,0.951973,tanssii,0.951973,1,1
###tanssin###,tanssin,tanssin,0.931034,tanssin,0.931034,1,1
###tanssit###,tanssit,tanssit,0.950668,tanssit,0.950668,1,1
###tapaama###,tapaama,tapaama,0.970580,tapaama,0.970580,1,1
###taphadu###,tapaadu,tapahdu,0.942032,tapahdu,0.942032,0,1
###tapsain###,tassain,jossain,0.008831,tapasin,0.002507,0,0
###tapoila###,tapoila,tapiola,0.044141,tapiola,0.044141,0,0
###tapnoen###,tapnoen,taponen,0.051339,taponen,0.051339,0,0
###tarniaa###,tarniaa,tarkkaa,0.035074,tarinaa,0.023306,0,0
###tarnian###,tarnian,tarinan,0.058654,tarinan,0.058654,0,0
###tarniat###,tarniat,tarinat,0.109906,tarinat,0.109906,0,0
###tarojaa###,tarooaa,tarjoaa,0.490007,tarjoaa,0.490007,0,0
###tarojsi###,taroosi,tarjosi,0.220978,tarjosi,0.220978,0,0
###tarojta###,taroota,tarjota,0.118406,tarjota,0.118406,0,0
###tarojus###,tarosus,tarjous,0.058096,tarjous,0.058096,0,0
###tarkkaa###,tarkkaa,tarkkaa,0.946181,tarkkaa,0.946181,1,1
###tarokin###,tarokin,tarkoin,0.019544,tarkoin,0.019544,0,0
###tarepen###,tareeen,tarpeen,0.058769,tarpeen,0.058769,0,0
###tarepet###,tarpeet,tarpeet,0.838780,tarpeet,0.838780,0,1
###tarttua###,tarttua,tarttua,0.935725,tarttua,0.935725,1,1
###tarttui###,tarttui,tarttui,0.947664,tarttui,0.947664,1,1
###tarttuu###,tarttuu,tarttuu,0.955806,tarttuu,0.955806,1,1
###tarivta###,tarirta,tarinaa,0.030304,tarvita,0.006926,0,0
###taslala###,tassala,tasalla,0.069920,tasalla,0.069920,0,0
###tasmaaa###,tassaaa,tasamaa,0.028804,tasamaa,0.028804,0,0
###taslola###,tassola,tasalla,0.048327,tasolla,0.009843,0,0
###taslole###,tasoole,tasolle,0.489835,tasolle,0.489835,0,0
###tassota###,tasssta,tasosta,0.306015,tasosta,0.306015,0,0
###tautsaa###,tauttaa,taustaa,0.320617,taustaa,0.320617,0,0
###tauiten###,tauiten,tautien,0.031839,tautien,0.031839,0,0
###tavkasi###,tavkksi,tavaksi,0.035386,tavaksi,0.035386,0,0
###tavlala###,talvala,talolla,0.088478,tavalla,0.002052,0,0
###tavraaa###,tavtaaa,taustaa,0.014252,tavaraa,0.008799,0,0
###tavraan###,tavtaan,taivaan,0.057062,tavaran,0.001615,0,0
###tavraat###,tarvaat,tarinat,0.024635,tavarat,0.016573,0,0
###taviote###,taviote,tavoite,0.110775,tavoite,0.110775,0,0
###teeaman###,teemman,teemaan,0.743115,teemaan,0.743115,0,1
###teeamna###,teemana,teemana,0.160093,teemana,0.160093,0,0
###teeomja###,teemmja,teemoja,0.115576,teemoja,0.115576,0,0
###teettää###,teettää,teettää,0.962039,teettää,0.962039,1,1
###tehädän###,thhädän,tehdään,0.035096,tehdään,0.035096,0,0
###tehenet###,tehenet,tehneet,0.099682,tehneet,0.099682,0,0
###tehkoas###,tehkoas,tehokas,0.237535,tehokas,0.237535,0,0
###tehatan###,tehatan,tehtaan,0.204357,tehtaan,0.204357,0,0
###tehatat###,tehatat,tehtaat,0.197664,tehtaat,0.197664,0,0
###tehitin###,tehitin,tehtiin,0.043368,tehtiin,0.043368,0,0
###tehytjä###,tehtjjä,tehtyjä,0.501253,tehtyjä,0.501253,0,1
###tehytyn###,tehetyn,tehtyyn,0.175534,tehtyyn,0.175534,0,0
###tehätvä###,tehävvä,tehtävä,0.445849,tehtävä,0.445849,0,0
###tekmeiä###,tekkeiä,tekstiä,0.069334,tekemiä,0.054862,0,0
###tekmeän###,tekkeän,selkeän,0.035273,tekemän,0.012163,0,0
###tekmeät###,tekkeät,selkeät,0.034216,tekemät,0.016608,0,0
###tekmeää###,tekkeää,tekijää,0.068926,tekemää,0.057166,0,0
###tekveän###,tekkeän,tekijän,0.037265,tekevän,0.026824,0,0
###tekveät###,tekkeät,tekivät,0.076503,tekevät,0.061845,0,0
###tekjiän###,tekkiän,tekijän,0.014514,tekijän,0.014514,0,0
###tekjiät###,tekkiät,tekijät,0.027757,tekijät,0.027757,0,0
###tekjiää###,tekkiää,tekijää,0.063733,tekijää,0.063733,0,0
###tekviät###,tekkiät,tekevät,0.069896,tekivät,0.060283,0,0
###tektsin###,tekssin,tekstin,0.418122,tekstin,0.418122,0,0
###tektsit###,tekksit,tekstit,0.617867,tekstit,0.617867,0,1
###tektsiä###,tekstiä,tekstiä,0.744170,tekstiä,0.744170,0,1
###teosken###,teoksen,teoksen,0.675953,teoksen,0.675953,0,1
###teosket###,teokset,teokset,0.942758,teokset,0.942758,0,1
###teoskia###,teoskia,teoksia,0.052711,teoksia,0.052711,0,0
###teoiraa###,teoiraa,teoriaa,0.105962,teoriaa,0.105962,0,0
###teoiran###,teoiran,teorian,0.033719,teorian,0.033719,0,0
###teotsen###,teotsen,teoksen,0.308925,teosten,0.010604,0,0
###tersasi###,tersasi,terassi,0.407419,terassi,0.407419,0,0
###terlile###,tertile,terille,0.551431,terille,0.551431,0,1
###tereven###,tereeen,terveen,0.073404,terveen,0.073404,0,0
###terevys###,terevys,terveys,0.156556,terveys,0.156556,0,0
###tersätä###,tersätä,terästä,0.201904,terästä,0.201904,0,0
###tesatta###,tesatta,testata,0.128338,testata,0.128338,0,0
###tesatus###,tesasus,testaus,0.645167,testaus,0.645167,0,1
###thamiaa###,taamiaa,tammela,0.002597,thaimaa,0.000801,0,0
###tianien###,tianien,tiainen,0.009241,tiainen,0.009241,0,0
###tiasiia###,taasiia,toisiin,0.014408,tiaisia,0.011211,0,0
###tieedtä###,tieeltä,tiedetä,0.231805,tiedetä,0.231805,0,0
###tieodte###,tidddte,tiedote,0.569132,tiedote,0.569132,0,1
###tiennyt###,tiennyt,tiennyt,0.970204,tiennyt,0.970204,1,1
###tieeten###,tieeten,tieteen,0.024611,tieteen,0.024611,0,0
###tieotja###,tietoja,tietoja,0.170705,tietoja,0.170705,0,0
###tieoton###,tieeton,tietoon,0.024541,tietoon,0.024541,0,0
###tiettyä###,tiettyä,tiettyä,0.962453,tiettyä,0.962453,1,1
###tieytin###,tieetin,tietyin,0.014030,tietyin,0.014030,0,0
###tiitsai###,tiittii,tiistai,0.078200,tiistai,0.078200,0,0
###tilaaja###,tilaaja,tilaaja,0.965428,tilaaja,0.965428,1,1
###tillala###,tillala,tilalla,0.108980,tilalla,0.108980,0,0
###tillale###,tilaele,tilalle,0.749687,tilalle,0.749687,0,1
###tillata###,tillata,tilasta,0.064828,tilalta,0.033751,0,0
###tilnane###,tilnnne,tilanne,0.675605,tilanne,0.675605,0,1
###tilsasa###,tilsasa,tilassa,0.215564,tilassa,0.215564,0,0
###tilsata###,tillata,tilasta,0.296653,tilasta,0.296653,0,0
###tillile###,tillile,tilille,0.333677,tilille,0.333677,0,0
###tiljoen###,tilloen,tulleen,0.034731,tilojen,0.030179,0,0
###timnoen###,tinnoen,tiainen,0.004550,timonen,0.003753,0,0
###tiukkaa###,tiukkaa,tiukkaa,0.975176,tiukkaa,0.975176,1,1
###todkesi###,todkesi,todeksi,0.166788,todeksi,0.166788,0,0
###todlela###,todlela,todella,0.015642,todella,0.015642,0,0
###todtetu###,todeetu,todettu,0.044050,todettu,0.044050,0,0
###todsite###,todsite,todiste,0.447351,todiste,0.447351,0,0
###tohotri###,tohotri,tohtori,0.159595,tohtori,0.159595,0,0
###toiajla###,toiaala,toistaa,0.081474,toijala,0.017139,0,0
###toiemen###,toimmen,toimien,0.034201,toimeen,0.003472,0,0
###toiimen###,toimmen,toimien,0.218272,toimien,0.218272,0,0
###toiimin###,toimmin,toimiin,0.848257,toimiin,0.848257,0,1
###toiimja###,toimjja,toimija,0.540171,toimija,0.540171,0,1
###toiimsi###,toiimii,tiistai,0.009254,toimisi,0.002755,0,0
###toiimta###,tiiimta,toimita,0.027205,toimita,0.027205,0,0
###toiimva###,toimvva,toimiva,0.349646,toimiva,0.349646,0,0
###toiesen###,tooosen,teoksen,0.032066,toiseen,0.000288,0,0
###toiesna###,tooesna,tanssia,0.006539,toisena,0.001591,0,0
###toiisin###,toiisin,totesin,0.035054,toisiin,0.008742,0,0
###toitsaa###,toitaaa,toistaa,0.305975,toistaa,0.305975,0,0
###toitsen###,toitsen,toisten,0.023129,toisten,0.023129,0,0
###toievet###,toiveet,toiveet,0.080905,toiveet,0.080905,0,0
###toiivon###,toiiton,toivion,0.132486,toivion,0.132486,0,0
###toiovla###,toioola,toistaa,0.040781,toivola,0.012322,0,0
###tolnoen###,tolnoen,tolonen,0.033797,tolonen,0.033797,0,0
###tomimla###,tomimla,tommila,0.409710,tommila,0.409710,0,0
###torlila###,torlila,torilla,0.044645,torilla,0.044645,0,0
###torlile###,torlile,torille,0.616278,torille,0.616278,0,1
###torinon###,torinon,tarinan,0.057103,tornion,0.054840,0,0
###tortsai###,tortsii,tarttui,0.025763,torstai,0.017506,0,0
###tosaian###,tosaaan,tosiaan,0.546584,tosiaan,0.546584,0,1
###totsein###,totsein,toisiin,0.241268,totesin,0.012660,0,0
###totuedu###,toteudu,toteudu,0.873907,toteudu,0.873907,0,1
###tottutu###,tottutu,totuttu,0.072370,totuttu,0.072370,0,0
###trednit###,teendit,trendit,0.082664,trendit,0.082664,0,0
###tueatan###,tueatan,tuetaan,0.068822,tuetaan,0.068822,0,0
###tuhtata###,tuhtata,huhtala,0.014190,tuhatta,0.012711,0,0
###tuhuotu###,tuhoutu,tuhoutu,0.637843,tuhoutu,0.637843,0,1
###tukneut###,tukneut,tukenut,0.115131,tukenut,0.115131,0,0
###tuksein###,tuksein,tekstin,0.028431,tukesin,0.012958,0,0
###tukvean###,tukkean,tukevan,0.115446,tukevan,0.115446,0,0
###tukveat###,tukkeat,tukevat,0.456633,tukevat,0.456633,0,0
###tukveia###,tukkeia,tuorein,0.010604,tukevia,0.009823,0,0
###tuleeko###,tuleeko,tuleeko,0.983987,tuleeko,0.983987,1,1
###tulmeme###,tuleeme,tulemme,0.771630,tulemme,0.771630,0,1
###tulveaa###,tulveaa,tulevaa,0.079269,tulevaa,0.079269,0,0
###tulvean###,tulvean,tulevan,0.022546,tulevan,0.022546,0,0
###tulveat###,tulveat,tulivat,0.243002,tulevat,0.113972,0,0
###tulveia###,tulveia,tulevia,0.109453,tulevia,0.109453,0,0
###tulkiin###,tulkiin,tulkita,0.174409,tulikin,0.016934,0,0
###tultiyö###,tultiyö,tulityö,0.626253,tulityö,0.626253,0,1
###tulviat###,tulviat,tulivat,0.276049,tulivat,0.276049,0,0
###tulikta###,tulikta,tulkita,0.015257,tulkita,0.015257,0,0
###tulalan###,tulalan,tulevan,0.021238,tullaan,0.007156,0,0
###tulelen###,tulelen,tulevan,0.028780,tulleen,0.005144,0,0
###tulelet###,tulelet,tulevat,0.084452,tulleet,0.034267,0,0
###tuljoen###,tulljen,tulleen,0.455503,tulojen,0.040907,0,0
###tulnoen###,tulnoen,tulleen,0.020961,tulonen,0.011754,0,0
###tulsosa###,tulsssa,tulossa,0.243262,tulossa,0.243262,0,0
###tulsota###,tulssta,tulosta,0.351496,tulosta,0.351496,0,0
###tunenta###,tunenta,tunneta,0.016796,tunneta,0.016796,0,0
###tuneten###,tunenen,tunteen,0.098302,tunteen,0.098302,0,0
###tunetet###,tunetet,tunteet,0.088250,tunteet,0.088250,0,0
###tunetja###,tunejja,tunteja,0.050281,tunteja,0.050281,0,0
###tuniten###,tuninen,tunteen,0.056850,tuntien,0.047761,0,0
###tuoadan###,tuoadan,tuodaan,0.330347,tuodaan,0.330347,0,0
###tuoskuu###,tuostuu,tuoksuu,0.282593,tuoksuu,0.282593,0,0
###tuoaman###,tuomman,kuorman,0.042855,tuomaan,0.039369,0,0
###tuoamri###,tuomrmi,tuomari,0.231051,tuomari,0.231051,0,0
###tuoimon###,tuoimon,tuomion,0.324517,tuomion,0.324517,0,0
###tuoenet###,tuonnet,tuoneet,0.055398,tuoneet,0.055398,0,0
###tuonnin###,tuonnin,tuonnin,0.966778,tuonnin,0.966778,1,1
###tuoeren###,tuoreen,tuoreen,0.544114,tuoreen,0.544114,0,1
###tuoeret###,tuoeeet,tuoreet,0.563245,tuoreet,0.563245,0,1
###tuoerin###,tuorrin,tuorein,0.295384,tuorein,0.295384,0,0
###tuoitin###,tuoitin,aloitin,0.022535,tuotiin,0.005457,0,0
###tuottaa###,tuottaa,tuottaa,0.930553,tuottaa,0.930553,1,1
###tuottoa###,tuottoa,tuottoa,0.959799,tuottoa,0.959799,1,1
###turahan###,turanan,turhaan,0.034100,turhaan,0.034100,0,0
###turukun###,turukun,turkuun,0.098737,turkuun,0.098737,0,0
###turnuen###,turneen,tunteen,0.009543,turunen,0.006173,0,0
###tursusa###,tursssa,turussa,0.392129,turussa,0.392129,0,0
###tursuta###,tursuta,turusta,0.151270,turusta,0.151270,0,0
###turavta###,turavta,turusta,0.078937,turvata,0.029110,0,0
###tutikja###,tutikja,tuttuja,0.082492,tutkija,0.079364,0,0
###tututja###,tutuuja,tuttuja,0.063080,tuttuja,0.063080,0,0
###tututun###,tutuuun,tuttuun,0.501188,tuttuun,0.501188,0,1
###tutkusi###,tutkisi,tutuksi,0.264964,tutuksi,0.264964,0,0
###tutsutu###,tutsutu,tuhoutu,0.186772,tutustu,0.088169,0,0
###tuuusla###,tuuusla,tuusula,0.043451,tuusula,0.043451,0,0
###tuvlile###,tuvtile,tuville,0.581586,tuville,0.581586,0,1
###tykäkän###,tykäkän,tykkään,0.138441,tykkään,0.138441,0,0
###tytötjä###,tytööjä,tyttöjä,0.720121,tyttöjä,0.720121,0,1
###tyyilin###,tyyilin,tyyliin,0.041010,tyyliin,0.041010,0,0
###tyytsin###,tyytsin,tyystin,0.210973,tyystin,0.210973,0,0
###työiaka###,työaika,työaika,0.413671,työaika,0.413671,0,0
###työjaan###,työjaan,työajan,0.068932,työajan,0.068932,0,0
###työsaua###,työsaua,työasua,0.163425,työasua,0.163425,0,0
###työaklu###,työaalu,työkalu,0.108313,työkalu,0.108313,0,0
###työykky###,työykky,työkyky,0.560834,työkyky,0.560834,0,1
###työtnää###,työtnää,työstää,0.207800,työntää,0.057102,0,0
###työapja###,työpjja,työpaja,0.806320,työpaja,0.806320,0,1
###työtsää###,työtsää,työasua,0.052026,työstää,0.046157,0,0
###työätän###,työäään,työtään,0.101803,työtään,0.101803,0,0
###työruan###,työruun,työtään,0.020915,työuran,0.012591,0,0
###työruia###,työryia,työasua,0.021866,työuria,0.018531,0,0
###työäven###,työääen,työväen,0.072749,työväen,0.072749,0,0
###tähiten###,tähiten,vähiten,0.317976,tähtien,0.029740,0,0
###tälölin###,tälilin,tällöin,0.153334,tällöin,0.153334,0,0
###tämkäin###,täkkäin,tärkein,0.243501,tämäkin,0.003633,0,0
###tänkäin###,tänniin,tänäkin,0.042092,tänäkin,0.042092,0,0
###tärekin###,tärekin,tärkein,0.031271,tärkein,0.031271,0,0
###tärekys###,tärekys,tärkeys,0.202034,tärkeys,0.202034,0,0
###tärekän###,tärekän,tärkeän,0.275527,tärkeän,0.275527,0,0
###tärekät###,tärktät,tärkeät,0.760357,tärkeät,0.760357,0,1
###tärekää###,täretää,tärkeää,0.064856,tärkeää,0.064856,0,0
###täyeten###,täyeten,toisten,0.013217,täyteen,0.003740,0,0
###täyttyi###,täyttyi,täyttyi,0.961493,täyttyi,0.961493,1,1
###täyttyy###,täyttyy,täyttyy,0.966166,täyttyy,0.966166,1,1
###täyttää###,täyttää,täyttää,0.941747,täyttää,0.941747,1,1
###uhmaava###,uhmaava,uhmaava,0.987379,uhmaava,0.987379,1,1
###ukknoen###,ukknnen,ukkonen,0.012491,ukkonen,0.012491,0,0
###ukssesa###,uksessa,uksessa,0.888122,uksessa,0.888122,0,1
###ulkaosu###,ulkaasu,ulkoasu,0.596353,ulkoasu,0.596353,0,1
###ulottuu###,ulottuu,ulottuu,0.975537,ulottuu,0.975537,1,1
###unikiki###,unikiki,uniikki,0.879174,uniikki,0.879174,0,1
###uninoin###,uninoin,unionin,0.192433,unionin,0.192433,0,0
###unkrain###,urkrrin,unkarin,0.006535,unkarin,0.006535,0,0
###unothaa###,unohtaa,unohtaa,0.374925,unohtaa,0.374925,0,0
###unothuu###,unohtuu,unohtuu,0.909129,unohtuu,0.909129,0,1
###uraokin###,urookin,urakoin,0.010018,urakoin,0.010018,0,0
###urhielu###,urhielu,urheilu,0.747453,urheilu,0.747453,0,1
###usemapi###,usemppi,useampi,0.398799,useampi,0.398799,0,0
###usesasa###,useassa,useassa,0.051424,useassa,0.051424,0,0
###usesati###,useatti,useasti,0.236149,useasti,0.236149,0,0
###usedien###,usuiien,useiden,0.658192,useiden,0.658192,0,1
###uselila###,ussella,useilla,0.060847,useilla,0.060847,0,0
###usesisa###,ussessa,uusissa,0.376814,useissa,0.012746,0,0
###usesita###,usuesta,useista,0.308678,useista,0.308678,0,0
###usklala###,uskalla,uskalla,0.838407,uskalla,0.838407,0,1
###uskmome###,uskmmme,uskomme,0.765767,uskomme,0.765767,0,1
###usknoto###,uskonoo,uskonto,0.567579,uskonto,0.567579,0,1
###usknout###,usunnut,uskonut,0.043685,uskonut,0.043685,0,0
###usktotu###,usktttu,uskottu,0.188553,uskottu,0.188553,0,0
###usktoun###,usuttun,uskotun,0.250151,uskotun,0.250151,0,0
###uskvoat###,uuksvat,uskovat,0.232896,uskovat,0.232896,0,0
###uudkesi###,uudeksi,uudeksi,0.328523,uudeksi,0.328523,0,0
###uudlela###,uuuella,uudella,0.329396,uudella,0.329396,0,0
###uudlele###,uudelle,uudelle,0.387742,uudelle,0.387742,0,0
###uudsesa###,uudeesa,uudella,0.035195,uudessa,0.007132,0,0
###uudseta###,uuueeta,uudesta,0.061210,uudesta,0.061210,0,0
###uunsisa###,uuusisa,uudessa,0.008266,uunissa,0.006355,0,0
###uuskisi###,uussisi,uusiksi,0.443190,uusiksi,0.443190,0,0
###uuslila###,uuulila,uusilla,0.409006,uusilla,0.409006,0,0
###uuslile###,uusllle,uusille,0.841311,uusille,0.841311,0,1
###uusmiaa###,uussaaa,uusimaa,0.177576,uusimaa,0.177576,0,0
###uusnita###,uuunnta,uusinta,0.532763,uusinta,0.532763,0,1
###uussisa###,uussisa,uusissa,0.258386,uusissa,0.258386,0,0
###uussita###,uuusita,uusinta,0.045700,uusista,0.026342,0,0
###uustitu###,uustitu,uusittu,0.321356,uusittu,0.321356,0,0
###uutnien###,uutnnen,uutinen,0.874158,uutinen,0.874158,0,1
###uutsiet###,uuuitet,uutiset,0.708266,uutiset,0.708266,0,1
###uutsiia###,uuuiiia,uutisia,0.022139,uutisia,0.022139,0,0
###vaaelja###,vaaljja,vaaleja,0.110806,vaaleja,0.110806,0,0
###vaailen###,vaailen,vaalien,0.040006,vaalien,0.040006,0,0
###vaappua###,vaappua,vaappua,0.981872,vaappua,0.981872,1,1
###vaaarna###,vaaarna,vaarana,0.430087,vaarana,0.430087,0,0
###vaaitsi###,vaaitsi,valitsi,0.069653,vaatisi,0.009556,0,0
###vaaitva###,vaaivva,vaativa,0.124531,vaativa,0.124531,0,0
###vahniko###,vahinko,vahinko,0.793469,vahinko,0.793469,0,1
###vahavna###,vahanna,vapaana,0.039099,vahvana,0.032035,0,0
###vahovja###,vahooja,vahvoja,0.155971,vahvoja,0.155971,0,0
###vahuvus###,vahuvus,vahvuus,0.069142,vahvuus,0.069142,0,0
###vaidhon###,vaihdon,vaihdon,0.966138,vaihdon,0.966138,0,1
###vaiehen###,vaiheen,vaiheen,0.322659,vaiheen,0.322659,0,0
###vaiehet###,vaiheet,vaiheet,0.681541,vaiheet,0.681541,0,1
###vaithaa###,vaihtaa,vaihtaa,0.406595,vaihtaa,0.406595,0,0
###vaithoa###,vaihtoa,vaihtoa,0.412775,vaihtoa,0.412775,0,0
###vaithoi###,vaihtoi,vaihtoi,0.593916,vaihtoi,0.593916,0,1
###vaithui###,vaihtui,vaihtui,0.754046,vaihtui,0.754046,0,1
###vaithuu###,vaihtuu,vaihtuu,0.827491,vaihtuu,0.827491,0,1
###vaiekaa###,vaikkaa,vakavaa,0.024981,vaikeaa,0.004740,0,0
###vaiekan###,vaikkan,vaikean,0.230981,vaikean,0.230981,0,0
###vaiekus###,vaikkus,vaikeus,0.235289,vaikeus,0.235289,0,0
###vaikkei###,vaikkei,vaikkei,0.975639,vaikkei,0.975639,1,1
###vaiukta###,vaiukta,vastata,0.004789,vaikuta,0.002458,0,0
###vaiomni###,vaimmii,vaimoni,0.101941,vaimoni,0.101941,0,0
###vakvaaa###,vakkaaa,vaikeaa,0.027649,vakavaa,0.006314,0,0
###vakvaan###,vakkaan,vakavan,0.082551,vakavan,0.082551,0,0
###vakvaia###,vakkaia,vakavia,0.054411,vakavia,0.054411,0,0
###vakoina###,vakoina,vakiona,0.010814,vakiona,0.010814,0,0
###vakuutu###,vakuutu,vakuutu,0.985932,vakuutu,0.985932,1,1
###valnita###,valnita,valinta,0.042310,valinta,0.042310,0,0
###valtise###,valtise,valitse,0.347745,valitse,0.347745,0,0
###valtisi###,valtisi,vaatisi,0.275313,valitsi,0.036244,0,0
###valtitu###,valtitu,valittu,0.155781,valittu,0.155781,0,0
###valtiun###,valtiun,valtion,0.153192,valitun,0.022910,0,0
###valtius###,valtius,valmius,0.258031,valitus,0.018391,0,0
###valtiut###,valtiut,valtiot,0.271285,valitut,0.031151,0,0
###valakma###,valakma,valkama,0.651549,valkama,0.651549,0,1
###valimin###,valimin,valitun,0.071159,valmiin,0.070238,0,0
###valimit###,valimit,valitut,0.248584,valmiit,0.024009,0,0
###valimus###,valimus,valitus,0.710020,valmius,0.019235,0,0
###valiosa###,valiosa,valoisa,0.031731,valoisa,0.031731,0,0
###valsosa###,valsssa,valossa,0.185966,valossa,0.185966,0,0
###valatva###,valaava,valtava,0.257468,valtava,0.257468,0,0
###valiton###,valiton,valtion,0.149027,valtion,0.149027,0,0
###valitot###,valitot,valtiot,0.148689,valtiot,0.148689,0,0
###valovja###,valvoja,valvoja,0.766979,valvoja,0.766979,0,1
###vamamla###,vamalla,varalla,0.173041,vammala,0.015347,0,0
###vanahan###,vananan,vanhaan,0.693454,vanhaan,0.693454,0,1
###vanahla###,vanalla,varalla,0.122831,vanhala,0.013025,0,0
###vanohja###,vanhjja,vanhoja,0.160680,vanhoja,0.160680,0,0
###vaniken###,vaniken,vankien,0.013710,vankien,0.013710,0,0
###vanatan###,vanatan,vantaan,0.098637,vantaan,0.098637,0,0
###vapaana###,vapaana,vapaana,0.961607,vapaana,0.961607,1,1
###vapaata###,vapaata,vapaata,0.939282,vapaata,0.939282,1,1
###vapiata###,vapiita,vapaata,0.066602,vapaita,0.060499,0,0
###varlala###,varrala,varalla,0.067496,varalla,0.067496,0,0
###varlale###,varaele,varalle,0.087587,varalle,0.087587,0,0
###varlata###,varrata,verrata,0.072534,varalta,0.006742,0,0
###varsasa###,varsasa,varassa,0.161505,varassa,0.161505,0,0
###varsato###,varsato,varasto,0.449964,varasto,0.449964,0,0
###vartatu###,vartatu,varattu,0.115006,varattu,0.115006,0,0
###varahin###,varakin,varhain,0.078870,varhain,0.078870,0,0
###vareity###,vareity,variety,0.121848,variety,0.121848,0,0
###varojon###,varooon,varjoon,0.422499,varjoon,0.422499,0,0
###varakus###,varakus,varkaus,0.037910,varkaus,0.037910,0,0
###varaman###,varaaan,varmaan,0.052208,varmaan,0.052208,0,0
###varomja###,varmoja,varmoja,0.040882,varmoja,0.040882,0,0
###varjoen###,varjoen,varjoon,0.187766,varojen,0.009351,0,0
###vareten###,vareten,varteen,0.027949,varteen,0.027949,0,0
###vasatan###,vasaaan,vastaan,0.528336,vastaan,0.528336,0,1
###vasatsi###,vaaatsi,valitsi,0.158991,vastasi,0.008559,0,0
###vasatta###,vasatta,vapaita,0.003905,vastata,0.002194,0,0
###vasatus###,vasatus,valitus,0.067327,vastaus,0.009475,0,0
###vasitne###,vasitee,valitse,0.225166,vastine,0.002370,0,0
###vasotin###,vasotin,vastoin,0.071206,vastoin,0.071206,0,0
###vasutun###,vasutun,vastuun,0.275539,vastuun,0.275539,0,0
###vasutut###,vasutut,valitut,0.154274,vastuut,0.015636,0,0
###vauthia###,vauhaia,vauhtia,0.590200,vauhtia,0.590200,0,1
###vedlelä###,vedlelä,vedellä,0.068280,vedellä,0.068280,0,0
###vedsesä###,vedsesä,vedessä,0.612151,vedessä,0.612151,0,1
###vedsetä###,vedsetä,vedestä,0.291441,vedestä,0.291441,0,0
###velokja###,velkkja,velkoja,0.670715,velkoja,0.670715,0,1
###venjään###,venjään,venäjän,0.107548,venäjän,0.107548,0,0
###venjäää###,venjäää,venäjää,0.196740,venäjää,0.196740,0,0
###verkkoo###,verkkoo,verkkoo,0.984845,verkkoo,0.984845,1,1
###verjoen###,verjeen,kirjeen,0.059865,verojen,0.043971,0,0
###vertous###,vertous,verotus,0.159415,verotus,0.159415,0,0
###verarta###,verarta,verrata,0.612377,verrata,0.612377,0,1
###verison###,verison,version,0.044288,version,0.044288,0,0
###veslilä###,vestilä,vesillä,0.536086,vesillä,0.536086,0,1
###vetnäyt###,vettäyt,vetänyt,0.770394,vetänyt,0.770394,0,1
###vetväät###,vettvät,vetävät,0.211361,vetävät,0.211361,0,0
###vieädän###,vieddän,viedään,0.427775,viedään,0.427775,0,0
###vieälpä###,vieälpä,vieläpä,0.212605,vieläpä,0.212605,0,0
###vieämän###,vieäään,venäjän,0.022600,viemään,0.009371,0,0
###viennin###,viennin,viennin,0.963759,viennin,0.963759,1,1
###vietniä###,viettiä,viettää,0.109675,vientiä,0.053083,0,0
###viearan###,viearan,vieraan,0.066192,vieraan,0.066192,0,0
###viearat###,viarrat,vieraat,0.368346,vieraat,0.368346,0,0
###vieeren###,vieeeen,viereen,0.138535,viereen,0.138535,0,0
###vieorla###,viverla,varalla,0.050636,vierola,0.003121,0,0
###vietsin###,viettin,vietiin,0.173378,viestin,0.061935,0,0
###vietsit###,viettit,viestit,0.412686,viestit,0.412686,0,0
###vietsiä###,viettiä,viettää,0.121441,viestiä,0.041983,0,0
###vieitin###,vieitin,viestin,0.416978,vietiin,0.007847,0,0
###viettää###,viettää,viettää,0.955324,viettää,0.955324,1,1
###vihodin###,vihidin,vihdoin,0.260059,vihdoin,0.260059,0,0
###viherän###,viherän,vihreän,0.142688,vihreän,0.142688,0,0
###viherät###,viherät,vihreät,0.204902,vihreät,0.204902,0,0
###viherää###,viheeää,vihreää,0.413543,vihreää,0.413543,0,0
###viithyy###,viihtyy,viihtyy,0.960205,viihtyy,0.960205,0,1
###viikkoa###,viikkoa,viikkoa,0.963827,viikkoa,0.963827,1,1
###viiemin###,viimiin,viimein,0.065100,viimein,0.065100,0,0
###viienjä###,viieejä,viinejä,0.259330,viinejä,0.259330,0,0
###viiasus###,viiiaus,viisaus,0.258376,viisaus,0.258376,0,0
###viiatla###,viitlla,viitala,0.362478,viitala,0.362478,0,0
###viieten###,viieten,vähiten,0.010572,viiteen,0.003270,0,0
###viittaa###,viittaa,viittaa,0.950161,viittaa,0.950161,1,1
###vilejly###,vilelly,viljely,0.377185,viljely,0.377185,0,0
###vinkkaa###,vinkkaa,vinkkaa,0.971015,vinkkaa,0.971015,1,1
###virsata###,virsata,kirjata,0.079241,virasta,0.042537,0,0
###virsato###,virsato,virasto,0.227098,virasto,0.227098,0,0
###virehet###,vireeet,virheet,0.229876,virheet,0.229876,0,0
###virakan###,virakan,virkaan,0.059632,virkaan,0.059632,0,0
###virsosa###,virsosa,virossa,0.310917,virossa,0.310917,0,0
###virsota###,virssta,virasta,0.234458,virosta,0.214594,0,0
###vitkika###,vitkika,vitikka,0.654517,vitikka,0.654517,0,1
###voiadan###,voiddan,voidaan,0.502379,voidaan,0.502379,0,1
###voiaman###,voimaan,voimaan,0.312715,voimaan,0.312715,0,0
###voiamla###,voimala,voimala,0.876237,voimala,0.876237,0,1
###voienet###,voionet,väliset,0.031277,voineet,0.011063,0,0
###voiisko###,voiikko,voisiko,0.046516,voisiko,0.046516,0,0
###voiatva###,voiaava,voitava,0.696415,voitava,0.696415,0,1
###voiitin###,voittin,voitiin,0.041423,voitiin,0.041423,0,0
###voittaa###,voittaa,voittaa,0.916403,voittaa,0.916403,1,1
###voittoa###,voittoa,voittoa,0.960335,voittoa,0.960335,1,1
###vuorkaa###,vuorkaa,vuokraa,0.041909,vuokraa,0.041909,0,0
###vuorkat###,vuoskat,vuokrat,0.124044,vuokrat,0.124044,0,0
###vuoerla###,vuoella,vuokraa,0.128201,vuorela,0.067119,0,0
###vuoisen###,vuoisen,vuoteen,0.060871,vuosien,0.015566,0,0
###vuoisin###,vuoisin,vuosiin,0.044279,vuosiin,0.044279,0,0
###vuoisna###,vuoisna,vuosina,0.034272,vuosina,0.034272,0,0
###vuoeten###,vuoeten,vuoteen,0.213403,vuoteen,0.213403,0,0
###vuoetna###,vuoetna,vuosina,0.286905,vuotena,0.216212,0,0
###väetsön###,väetsön,väestön,0.199013,väestön,0.199013,0,0
###vähneee###,vähheee,vähenee,0.658333,vähenee,0.658333,0,1
###vähtien###,vähtien,tähtien,0.170958,vähiten,0.024693,0,0
###väittää###,väittää,väittää,0.953540,väittää,0.953540,1,1
###väksiin###,väksiin,väkisin,0.237638,väkisin,0.237638,0,0
###vällile###,välllle,välille,0.881476,välille,0.881476,0,1
###vällilä###,vällilä,välillä,0.498202,välillä,0.498202,0,0
###vällitä###,vällitä,välistä,0.326112,väliltä,0.124526,0,0
###välnien###,välnnen,välinen,0.493853,välinen,0.493853,0,0
###välsien###,väliien,välisen,0.107979,välisen,0.107979,0,0
###välsiet###,väliiet,väliset,0.664823,väliset,0.664823,0,1
###välsiiä###,välliiä,välisiä,0.413656,välisiä,0.413656,0,0
###välsisä###,välvisä,välissä,0.655765,välissä,0.655765,0,1
###välsitä###,väliitä,välistä,0.394255,välistä,0.394255,0,0
###vältiön###,vältiön,valtion,0.136532,välitön,0.113040,0,0
###välttyä###,välttyä,välttyä,0.966036,välttyä,0.966036,1,1
###välttää###,välttää,välttää,0.949668,välttää,0.949668,1,1
###värkiäs###,värkiäs,värikäs,0.130076,värikäs,0.130076,0,0
###väsmyys###,väsmyys,väsymys,0.340499,väsymys,0.340499,0,0
###vääärän###,väärään,väärään,0.929635,väärään,0.929635,0,1
###yhdkesi###,yhdeksi,yhdeksi,0.941776,yhdeksi,0.941776,0,1
###yhdlele###,yhdelle,yhdelle,0.475607,yhdelle,0.475607,0,0
###yhdlelä###,yhdellä,yhdellä,0.862457,yhdellä,0.862457,0,1
###yhdletä###,yhdeetä,yhdestä,0.554255,yhdeltä,0.424654,0,0
###yhdsesä###,yhdessä,yhdessä,0.850620,yhdessä,0.850620,0,1
###yhdsetä###,yhdeetä,yhdestä,0.394550,yhdestä,0.394550,0,0
###yhtiesö###,yhtiiöö,yhteisö,0.742524,yhteisö,0.742524,0,1
###yhteyen###,yhteyen,yhtyeen,0.013743,yhtyeen,0.013743,0,0
###ykknöen###,ykkönen,ykkönen,0.836740,ykkönen,0.836740,0,1
###ykksöen###,ykkönen,ykkösen,0.535525,ykkösen,0.535525,0,1
###ykskikö###,yksskkö,yksikkö,0.808395,yksikkö,0.808395,0,1
###ykskiön###,ykskkön,yksikön,0.152121,yksikön,0.152121,0,0
###ykskiöt###,ykikköt,yksilöt,0.068546,yksiköt,0.068006,0,0
###yksliön###,yksliön,säiliön,0.087056,yksilön,0.040538,0,0
###yksliöt###,ykiliöt,yksiköt,0.243526,yksilöt,0.174440,0,0
###ylenesä###,yleeeää,yleensä,0.503946,yleensä,0.503946,0,1
###ylenien###,ylenien,yleisen,0.063780,yleinen,0.047929,0,0
###ylesien###,yleiien,yleisen,0.140703,yleisen,0.140703,0,0
###ylesiet###,yleiiet,yleiset,0.667372,yleiset,0.667372,0,1
###ylesiin###,yleviin,yleisin,0.100402,yleisin,0.100402,0,0
###ylesiiä###,yleiiiä,yleisiä,0.643721,yleisiä,0.643721,0,1
###ylesitä###,yleiitä,yleistä,0.701372,yleistä,0.701372,0,1
###ylesiön###,yleiiön,yleisön,0.317231,yleisön,0.317231,0,0
###ylesiöä###,yleiiöä,yleisöä,0.488547,yleisöä,0.488547,0,0
###ylemmän###,ylemmän,ylemmän,0.955242,ylemmän,0.955242,1,1
###ylepmää###,ylempää,ylempää,0.885413,ylempää,0.885413,0,1
###ylimmän###,ylimmän,ylimmän,0.965944,ylimmän,0.965944,1,1
###yliatlo###,yliallo,ylitalo,0.796667,ylitalo,0.796667,0,1
###ylittää###,ylittää,ylittää,0.954314,ylittää,0.954314,1,1
###ylltäti###,yllttti,yllätti,0.787542,yllätti,0.787542,0,1
###ylltäys###,ylltäys,yllätys,0.577673,yllätys,0.577673,0,1
###ylpietä###,ylpeetä,ylpeitä,0.708754,ylpeitä,0.708754,0,1
###ymmrärä###,ymmrrrä,ymmärrä,0.696762,ymmärrä,0.696762,0,1
###yrittää###,yrittää,yrittää,0.967255,yrittää,0.967255,1,1
###yrtetjä###,yrteejä,yrttejä,0.092215,yrttejä,0.092215,0,0
###ystväiä###,ysttviä,ystäviä,0.089099,ystäviä,0.089099,0,0
###ystvään###,ystvään,ystävän,0.100211,ystävän,0.100211,0,0
###ystväät###,ystvvät,ystävät,0.107121,ystävät,0.107121,0,0
###ystväää###,ysttvää,ystävää,0.457590,ystävää,0.457590,0,0
###äidlile###,äidelle,äidille,0.639611,äidille,0.639611,0,1
###äimnäen###,ääänäen,äimänen,0.012717,äimänen,0.012717,0,0
###äitnisä###,äitäisä,äitinsä,0.482086,äitinsä,0.482086,0,0
###ärhkäät###,äähkkät,tärkeät,0.226778,ärhäkät,0.006729,0,0
###äänlelä###,ääneelä,äänellä,0.087212,äänellä,0.087212,0,0
###äännesä###,äänneeä,äänestä,0.270490,äänensä,0.082799,0,0
###äänsetä###,ääänetä,äänestä,0.129590,äänestä,0.129590,0,0
###äärlele###,äärrele,äärelle,0.782358,äärelle,0.782358,0,1
###äärlelä###,äärrelä,äärellä,0.492994,äärellä,0.492994,0,0
###äärsesä###,äärresä,ääressä,0.187913,ääressä,0.187913,0,0
