input,lower_deck_output,upper_deck_winner,winner_activation,target,target_activation,excluded,over_threshold
###kkogövy###,kkhgövy,kkoyöjy,0.046780,kkoyöjy,0.046780,0,0
###oighrhl###,ooihrrl,sjihrhh,0.044080,ogghrul,0.003485,0,0
###lahiofn###,lfhiofn,hahioyn,0.016312,hahioyn,0.016312,0,0
###rutvgrl###,rutugrl,eutvgyl,0.022187,eutvgyl,0.022187,0,0
###tirsöab###,tirsaab,tsrögis,0.019291,rirsövb,0.005124,0,0
###jsomrde###,jeorrde,jdohrde,0.161043,jdohrde,0.161043,0,0
###ärdjgsd###,äräjgsd,lrdmgsd,0.079456,lrdmgsd,0.079456,0,0
###bldovti###,bodovii,bnkovti,0.017587,bnkovti,0.017587,0,0
###dkhebyn###,dkbdyyn,dbbyken,0.025881,dkkelyn,0.006204,0,0
###eldmrmu###,elmmräu,elkmrlu,0.064578,elkmrlu,0.064578,0,0
###ägdnorg###,gjdnorg,bydnorg,0.187104,bydnorg,0.187104,0,0
###pbvkoby###,pbpkoky,pbudoby,0.107602,pbudoby,0.107602,0,0
###ehemrid###,ehmmrid,ehbmryd,0.219015,ehbmryd,0.219015,0,0
###srröhrh###,sröödrh,srrgdrh,0.256946,srrgdrh,0.256946,0,0
###ytjnyrp###,ytnnyrp,ybhnyrp,0.030718,ybhnyrp,0.030718,0,0
###otubsgf###,otublff,otubbäf,0.025231,otubbäf,0.025231,0,0
###hpjjuyo###,hjyjoyo,hpfjryo,0.121389,hpfjryo,0.121389,0,0
###söfädhf###,ssfädgf,spfäyhf,0.192866,spfäyhf,0.192866,0,0
###bläöunu###,bhfuänu,bjdäbfu,0.007633,bmööunu,0.006578,0,0
###djbvpls###,djbblls,dvbvpäm,0.016150,dibvfls,0.001917,0,0
###sddshov###,sdddhvv,mdädioy,0.016823,sdöjhov,0.012161,0,0
###gtjtegi###,gjtteti,mjtteag,0.038290,gtoteoi,0.011847,0,0
###gpfomrs###,gpmsrms,gpfoois,0.009593,gpfoois,0.009593,0,0
###oddpbuk###,oddubuk,oppnpko,0.015011,okapbuk,0.002300,0,0
###äsppvgg###,äsppvgg,ässävgg,0.131743,ässävgg,0.131743,0,0
###dkjynnh###,djjjohn,dnjhjun,0.014908,gkjynmh,0.005453,0,0
###intuvoö###,ittuooö,intaväö,0.010955,intaväö,0.010955,0,0
###buvtphf###,bvtvphf,buvlähf,0.006756,buvlähf,0.006756,0,0
###sldlmäh###,slllhäh,skdkmäh,0.008126,skdkmäh,0.008126,0,0
###elggfmo###,elggffo,elngffo,0.127181,elngffo,0.127181,0,0
###ömfteyd###,ömtöeyd,dpftdvf,0.003357,bmftemd,0.000617,0,0
###vfavodl###,vftaddl,vvtrndl,0.023260,ffjvodl,0.004454,0,0
###dfäögob###,dfäföob,dfärgab,0.005302,dfärgab,0.005302,0,0
###rlrköjt###,rlrökjt,rlhsöjt,0.297625,rlhsöjt,0.297625,0,0
###rianjvf###,rinravf,riegjvf,0.059369,riegjvf,0.059369,0,0
###povsäij###,povsiij,äjvsofj,0.008813,vovräij,0.003832,0,0
###ifspmdt###,iimpamt,ipipajy,0.007928,jäspmdt,0.005093,0,0
###mketirs###,mkktkss,mketfss,0.006791,mketfss,0.006791,0,0
###rbyfdep###,rbyfdee,rdpedpe,0.017671,räyfdmp,0.004561,0,0
###jrgovaa###,jrjvgaa,hrjvgnl,0.017678,grgovka,0.010803,0,0
###tvrgbdj###,tvrbbjj,tvräudj,0.040553,tvräudj,0.040553,0,0
###blepagu###,beteagu,bbtiaol,0.008917,blppaju,0.003042,0,0
###udpmärs###,uumräms,shmesys,0.006937,nkpmärs,0.005379,0,0
###raäutub###,rräutub,raäuihb,0.175310,raäuihb,0.175310,0,0
###äeäfiju###,äerfiju,äeöfiyu,0.061235,äeöfiyu,0.061235,0,0
###ijlöpnt###,jijnptt,jijntpn,0.054125,ijlrppt,0.003970,0,0
###mefmdmä###,medmdmä,meämvml,0.042769,mäfbdmä,0.032943,0,0
###tgtjhmp###,tgtjhmp,tvtjfmp,0.053016,tvtjfmp,0.053016,0,0
###enlmfhh###,efmndhh,hfmndjh,0.025549,ellifhh,0.005655,0,0
###nfyfilä###,nkyfilä,nryfslä,0.098681,nryfslä,0.098681,0,0
###äpylntm###,äpäyntm,kpäfnty,0.015339,öpjlntm,0.009686,0,0
###isepkrm###,ispeprm,iskövpy,0.003943,irepfrm,0.001989,0,0
###ipfrarl###,iiprarl,efjrnra,0.023412,nefrarl,0.018981,0,0
###mbuttye###,mbbttye,maätoyt,0.014901,mbutbie,0.006020,0,0
###hjfbyly###,hjhfyly,hjkhyly,0.369057,hjkhyly,0.369057,0,0
###jhsggie###,jihggie,jvsggse,0.026390,jvsggse,0.026390,0,0
###jlpgkdr###,jlppkdr,ykpgkdr,0.044735,ykpgkdr,0.044735,0,0
###kupykoä###,kuppkoä,kuptkeä,0.059702,kupidoä,0.054300,0,0
###deiämkp###,deemkkö,deutmof,0.006909,devämup,0.003776,0,0
###ijukavt###,ijukakt,ijjkäuy,0.017881,ijuomvt,0.009107,0,0
###pöähhds###,pdhhhds,phrhhds,0.222003,phrhhds,0.222003,0,0
###pimsiil###,iimaiil,jtmiäim,0.007101,piäsvil,0.001020,0,0
###tpeynhv###,tteyehv,tgeyehv,0.271047,tgeyehv,0.271047,0,0
###oevfmsu###,oetfmäu,gevfmju,0.010774,gevfmju,0.010774,0,0
###eutsimr###,ettaisr,euhgimr,0.017409,euhgimr,0.017409,0,0
###llrbjdu###,llbrrdu,mlbtbdu,0.037176,llrkhdu,0.031239,0,0
###uatjseä###,uatjäaä,jttjseä,0.010749,jttjseä,0.010749,0,0
###mrdpvrt###,mpdrjrt,brdkjrr,0.020043,mrhpört,0.005871,0,0
###dpäjpiy###,dhpjpyy,dpmjpby,0.019028,dpmjpby,0.019028,0,0
###sfetkof###,ssetkof,rneokof,0.012532,shätkof,0.009538,0,0
###bksruhl###,bkssshl,btgöthm,0.003293,bksrnpl,0.001939,0,0
###fdäfmre###,fddfjre,brdkjrr,0.023688,fdnföre,0.020258,0,0
###hspshov###,hssähvv,hksälyi,0.005389,hvtshov,0.003263,0,0
###rvkovhg###,rgvovhg,räpovhg,0.045834,räpovhg,0.045834,0,0
###täiabds###,tdsabds,tgifbds,0.017490,tgifbds,0.017490,0,0
###satfsio###,saafsio,faäfsto,0.029782,uetfsio,0.002150,0,0
###rssgshi###,rssgshi,rtsgkhi,0.128245,rtsgkhi,0.128245,0,0
###biypägy###,bbyiägy,buypngy,0.004008,buypngy,0.004008,0,0
###öpäsldr###,öpäsldr,kpvsldr,0.125152,kpvsldr,0.125152,0,0
###ödikunf###,öiöknff,ötifndt,0.011163,gdikumf,0.000552,0,0
###sjdopäe###,sddäääe,smsdääj,0.010262,spdopie,0.005673,0,0
###vghymjf###,vghyyjf,vshyijf,0.084257,vshyijf,0.084257,0,0
###ftijiny###,ftijiny,ftiutny,0.014098,ftiutny,0.014098,0,0
###hkgutde###,hhtgtee,ghtgttö,0.061089,hkgätae,0.006992,0,0
###räfomir###,räofmir,räfbkir,0.027058,räfbkir,0.027058,0,0
###yiböfky###,yibbfky,ypbofky,0.171587,ypbofky,0.171587,0,0
###eatllne###,ettllne,egtlkne,0.304923,egtlkne,0.304923,0,0
###mdugsvm###,mduusvm,msugsfm,0.033148,msugsfm,0.033148,0,0
###ekpauäe###,ekkapäe,ekpabhe,0.044899,ekpabhe,0.044899,0,0
###yötmäpi###,ytätäpi,yttaäpi,0.125592,yttaäpi,0.125592,0,0
###maähgfä###,mämfäfä,mpähsfä,0.036730,mpähsfä,0.036730,0,0
###hösrämg###,höörärg,höprtmg,0.012215,höprtmg,0.012215,0,0
###hmgiääi###,hmmääii,jtmiäim,0.007202,pfgiääi,0.000477,0,0
###pgimtpt###,pgittpt,pgiemif,0.016864,pgemtvt,0.009249,0,0
###psmnejk###,pnpneek,tnpnköp,0.004119,vsmneik,0.001472,0,0
###besdins###,bbsdies,bkpudus,0.006598,beädbns,0.002685,0,0
###kjkyprv###,kkkyprv,khlemjv,0.012639,klkypov,0.005490,0,0
###nvjhäju###,nvvhähu,ngghähm,0.017611,nfjhyju,0.004849,0,0
###vfoyksn###,vooytkn,omottkn,0.005327,vroyesn,0.004776,0,0
###gmäddnr###,gmdddnr,fmäddor,0.029095,fmäddor,0.029095,0,0
###gsgffrt###,gsffaut,gsgfmkt,0.008489,gsgfmkt,0.008489,0,0
###öktdofn###,öknfoon,öhläkon,0.011117,fktdgfn,0.000291,0,0
###övolkde###,övvlkei,öioskde,0.017935,öioskde,0.017935,0,0
###hdbräku###,hddkäru,hlbräeu,0.014183,hlbräeu,0.014183,0,0
###konndyd###,konndyd,koilded,0.019323,rtnndyd,0.002224,0,0
###rnryesy###,ryttnry,rgryisy,0.006651,rgryisy,0.006651,0,0
###ojnhlit###,ohhhlit,oonelit,0.069555,oonelit,0.069555,0,0
###yydbegj###,yydbeej,yydukgj,0.065365,yydukgj,0.065365,0,0
###jkjfopd###,jkkkopd,ukjfupd,0.018826,ukjfupd,0.018826,0,0
###äyotgsu###,äyttggä,äylrpfä,0.011862,äyoebsu,0.001499,0,0
###nhäfäär###,nhäfärr,nhhfärr,0.097121,nhhfärr,0.097121,0,0
###vvkoshy###,vvkvhhy,vvkfspy,0.044610,vvkfspy,0.044610,0,0
###sesbblb###,sessblb,sapsned,0.011813,sthbblb,0.010437,0,0
###aysbäeo###,asbbäöo,asmöälo,0.004493,jdsbäeo,0.000464,0,0
###mkdbäyt###,mbdääät,mkdääät,0.085970,mkdääät,0.085970,0,0
###yjhpnpv###,yjypnpv,ajäpnpv,0.290134,ajäpnpv,0.290134,0,0
###fegnmyg###,fygmmng,fbummög,0.004696,felymyg,0.003450,0,0
###yöbpjpa###,ypbpbpb,oöbplpa,0.013960,oöbplpa,0.013960,0,0
###tplkapf###,tplpkpf,öölpoäf,0.009278,äpokapf,0.002602,0,0
###rlunmvi###,rlunmvi,rlsnövi,0.054467,rlsnövi,0.054467,0,0
###spvläfm###,spvläfm,spmlätm,0.087897,spmlätm,0.087897,0,0
###hfjvgil###,hijvgil,hrjvgnl,0.083390,hrjvgnl,0.083390,0,0
###jäerdyv###,jrlyerv,tgeyehv,0.016873,jäebdjv,0.001641,0,0
###kgkohäs###,kkkkhäs,pgkihäs,0.009787,pgkihäs,0.009787,0,0
###ppjhkfo###,ppphfko,bpfhkfo,0.036078,bpfhkfo,0.036078,0,0
###ffkjuod###,fkuuddd,fkprpda,0.017743,ufkäuod,0.000178,0,0
###nösmmvs###,nömmsvs,nlsumvs,0.013212,nlsumvs,0.013212,0,0
###oalähty###,olhälty,omlämty,0.018028,omlämty,0.018028,0,0
###tmftfvs###,tmftfms,tmfpfyp,0.064998,töftfls,0.048810,0,0
###fofgsho###,foggsho,foohjho,0.016881,dofgsmo,0.009132,0,0
###jäokyjt###,jätykjt,jäebdjv,0.021887,jäokbot,0.002894,0,0
###sohnnib###,sohänib,sbhkbob,0.007638,sbhnnlb,0.005398,0,0
###äisyrjo###,äisyojj,äisyfto,0.064835,äisyfto,0.064835,0,0
###llptyjp###,lpltyjp,grftjpp,0.007796,llppyfp,0.002769,0,0
###sahsved###,shhsvvd,sghlivd,0.036961,sapsned,0.011987,0,0
###mifbyum###,miffyum,oiflyum,0.026964,oiflyum,0.026964,0,0
###bhhtooo###,bbhtooo,bkhtoso,0.036807,bkhtoso,0.036807,0,0
###nkbljeg###,nkbljee,nfoujgr,0.005576,näbljsg,0.005249,0,0
###jvtkvln###,jjvlvkn,sjtllee,0.011374,jvdkvbn,0.001012,0,0
###nvgnkgä###,nvgggvä,ntygdaä,0.012761,lvfnkgä,0.001900,0,0
###pneteme###,pneteme,äneseme,0.110236,äneseme,0.110236,0,0
###rprmbfl###,rpmrbfm,rpmönäm,0.011944,rprvbhl,0.004135,0,0
###rbspklk###,rbspkkk,räspslk,0.033473,räspslk,0.033473,0,0
###pkfpdvj###,pkkpdjj,pbkydji,0.070545,bkfndvj,0.002378,0,0
###knjiärm###,kkjräjm,vkviäil,0.008524,anjfärm,0.004811,0,0
###jhdujie###,jhdjjie,thdutie,0.009002,thdutie,0.009002,0,0
###dfyfdnr###,dddfdnr,yuyfdnr,0.005547,yuyfdnr,0.005547,0,0
###nahfvsi###,nahfvsi,nlvfvsi,0.032591,nlvfvsi,0.032591,0,0
###äovdulj###,ävodllj,äväamlj,0.024364,fovpulj,0.001112,0,0
###rgudmpj###,rdudmdj,rruömdf,0.016741,rrudmkj,0.014413,0,0
###lekögpd###,nfköggd,lejögyd,0.022153,lejögyd,0.022153,0,0
###bsepevh###,bsppevh,ksfpevh,0.018112,ksfpevh,0.018112,0,0
###mmhhnev###,mhmeeev,mjfhnev,0.035008,mjfhnev,0.035008,0,0
###htifhör###,hööihör,htiphyr,0.015837,htiphyr,0.015837,0,0
###lveglei###,lvlliei,lkblijö,0.007934,bvdglei,0.001161,0,0
###nmkpeme###,nmpppme,nhnpeme,0.006160,nhnpeme,0.006160,0,0
###tsäärrf###,tfsrrrf,ätsäulf,0.012480,tläurrf,0.001394,0,0
###atrlkoö###,attlkoö,intaväö,0.006186,btrskoö,0.000819,0,0
###dnrböpf###,dnrrövf,blmrpof,0.033844,snjböpf,0.003248,0,0
###färfphp###,fprfhhp,fjrfpjp,0.092293,fjrfpjp,0.092293,0,0
###äsjväil###,äsjvivl,ksjväsl,0.056463,ksjväsl,0.056463,0,0
###ygkhjml###,yghhjmm,yghlojm,0.034242,ärkhjml,0.001415,0,0
###dgmyyöe###,ögmyyöe,öglyoue,0.051188,sgmvyöe,0.013929,0,0
###jävmmvä###,jävmmvä,jävmsöä,0.215065,jävmsöä,0.215065,0,0
###oeyfhbv###,oeefhbv,oeyfpvv,0.010174,oeyfpvv,0.010174,0,0
###äabdvir###,ääaaiir,rrbdvir,0.006337,rrbdvir,0.006337,0,0
###anjuatr###,annuatr,injultr,0.039197,injultr,0.039197,0,0
###lnemjjn###,lnemjjn,lälvmjn,0.018829,lnvpjjn,0.013200,0,0
###naryiig###,naiyiig,nplyiig,0.166127,nplyiig,0.166127,0,0
###paäikuy###,apäukuk,bbäikuy,0.005870,bbäikuy,0.005870,0,0
###njyekäu###,njyjkeu,njeövyu,0.003504,mjlekäu,0.001247,0,0
###bägndkj###,bädndkj,bännfkj,0.030786,bännfkj,0.030786,0,0
###bhjhjtl###,bhjhjjl,bljnjtl,0.018693,bljnjtl,0.018693,0,0
###bpmpdör###,bpmpmdr,bfdpdör,0.013780,bfdpdör,0.013780,0,0
###öopihfp###,oipfhfp,yopyhfp,0.013724,yopyhfp,0.013724,0,0
###phmsolf###,phmsllf,phmdilf,0.304763,phmdilf,0.304763,0,0
###ajmkupp###,ajmkksp,ajmkbjp,0.036949,ajmkbjp,0.036949,0,0
###bvogunt###,bvogunt,bvosubt,0.105905,bvosubt,0.105905,0,0
###bbyhbfj###,bbhyyfj,bbnebfj,0.008953,bbnebfj,0.008953,0,0
###apirtju###,aprirju,ahertju,0.006404,ahertju,0.006404,0,0
###gvjsuey###,ggjsbey,gvjstjy,0.013505,gvjstjy,0.013505,0,0
###fdmvlml###,ffmvlml,fdmvodl,0.014333,fdmvodl,0.014333,0,0
###rupemua###,rrmemua,äupeeua,0.037947,äupeeua,0.037947,0,0
###rerjdrr###,rreddtr,rrbdvir,0.042958,rvrjdnr,0.008175,0,0
###nbdtdnd###,nndtdnd,otdyind,0.008674,nbdtpvd,0.004102,0,0
###ottyied###,ottyiid,otdyind,0.022134,otdyind,0.022134,0,0
###deläopl###,dellool,delättl,0.028148,delättl,0.028148,0,0
###gerdkpt###,gtrgket,gbndkpt,0.030486,gbndkpt,0.030486,0,0
###yhlunbv###,yhlulbv,yhguubv,0.006882,yhguubv,0.006882,0,0
###yvtronm###,yvvromm,uvsronm,0.028277,uvsronm,0.028277,0,0
###uärddsb###,urrddbb,ufrdbsb,0.058878,ufrdbsb,0.058878,0,0
###pgibmdf###,pgisfdf,pgiemif,0.022620,pgiemif,0.022620,0,0
###ilmpuet###,ipmelft,uprnmot,0.006326,isypuet,0.000770,0,0
###äghäihl###,ääähihl,köähihl,0.020049,äghäeäl,0.000243,0,0
###eoöntvk###,eonntvk,eujptvn,0.041610,gojntvk,0.018774,0,0
###ufkmnun###,ukmftun,ufvmntn,0.010556,ufvmntn,0.010556,0,0
###hfngtös###,hötgtgs,hhtögny,0.018313,hfnutms,0.005943,0,0
###nydäako###,dydäaao,dydäjko,0.148796,dydäjko,0.148796,0,0
###ekfdaur###,efafuur,etfdajr,0.019682,etfdajr,0.019682,0,0
###jatähse###,jähthse,jalädse,0.006152,jalädse,0.006152,0,0
###geddbkh###,gedddhh,gedjbuh,0.016456,gedjbuh,0.016456,0,0
###hvbithp###,vvibhhp,uvihisl,0.001362,hvbjtpp,0.001067,0,0
###yäyotvä###,yoyttvä,yämoteä,0.077650,yämoteä,0.077650,0,0
###nkesvhä###,nkesehä,nkksohä,0.145569,nkksohä,0.145569,0,0
###kosndyv###,kkssdyv,khspdyv,0.225582,khspdyv,0.225582,0,0
###jeigimd###,jeimimd,ftigimd,0.018087,ftigimd,0.018087,0,0
###vmlsolä###,vmlsolä,ymlsblä,0.115169,ymlsblä,0.115169,0,0
###afiögab###,aiföfgb,aruggga,0.012786,aljögab,0.007408,0,0
###jthmklf###,jjhkllf,kyhmklf,0.026117,kyhmklf,0.026117,0,0
###nflrpfä###,nrllärä,nryfslä,0.010799,äylrpfä,0.003245,0,0
###lgöäsvv###,lggnsvv,lgkdsvv,0.094028,lgkdsvv,0.094028,0,0
###puhlyoe###,puutyoe,vuhäyoe,0.030042,vuhäyoe,0.030042,0,0
###tnhgkss###,ynhggss,tnhgohs,0.024885,tnhgohs,0.024885,0,0
###lyuvesp###,lulypsp,llppyfp,0.006395,tyuvbsp,0.000639,0,0
###ifäkitv###,iiäkvki,iiuftki,0.017437,lfäjitv,0.000233,0,0
###fbökhän###,böökhän,fblthän,0.076047,fblthän,0.076047,0,0
###gtalnli###,gtalini,gtaläii,0.271049,gtaläii,0.271049,0,0
###täiplgf###,täippgf,eäipsgf,0.149968,eäipsgf,0.149968,0,0
###jfvhnym###,jvvfhhm,jvjähom,0.032268,smvhnym,0.001077,0,0
###ghrbyvb###,ghgbyvb,khrtyvb,0.038979,khrtyvb,0.038979,0,0
###ufffelj###,ufffelj,ufänelj,0.088786,ufänelj,0.088786,0,0
###fämabdm###,fämdddm,fämdedm,0.520663,fämdedm,0.520663,0,0
###äämäeäy###,ämmäääy,äämfegy,0.006736,äämfegy,0.006736,0,0
###vpvrmtj###,vpvmtmj,vpvraoj,0.034241,vpvraoj,0.034241,0,0
###bpnrtpt###,bpbrnpt,mrnrtpt,0.077134,mrnrtpt,0.077134,0,0
###rhoodrl###,rhordrl,phkodrl,0.020238,phkodrl,0.020238,0,0
###tsvtyär###,ttvvyär,bsrvuär,0.009414,töveyär,0.002272,0,0
###eedikns###,etdikns,pidikns,0.174455,pidikns,0.174455,0,0
###fprlyno###,fpltyto,fpääyuo,0.041197,fprkyfo,0.035308,0,0
###aoigäeg###,aaiggäg,aohgälg,0.052396,aohgälg,0.052396,0,0
###gyagäfo###,gyggäoo,sysgäfo,0.064770,sysgäfo,0.064770,0,0
###onömblm###,onöbnlm,tnökndv,0.005606,onlpblm,0.001712,0,0
###äuvpfbi###,äuvpfbi,äuvpsvi,0.101216,äuvpsvi,0.101216,0,0
###tlhrkiä###,tltiäir,tlhyoiä,0.009892,tlhyoiä,0.009892,0,0
###lbtybbb###,lttybbb,sthbblb,0.024944,lrtyabb,0.010085,0,0
###mnthkma###,mntthka,mndikoa,0.010159,mnähgma,0.004646,0,0
###lyävnrä###,lylvärä,lblväsv,0.041336,lyuvndä,0.014305,0,0
###vktisäp###,vkvspip,vkjsuyi,0.006248,skgisäp,0.000864,0,0
###nehrrbd###,nehrrbd,nendrbd,0.033840,nendrbd,0.033840,0,0
###rpmenrm###,rpnenem,rpmönäm,0.029290,rpmönäm,0.029290,0,0
###ybävdny###,ybbvdyy,ykävkny,0.145695,ykävkny,0.145695,0,0
###evkhtyi###,eytteti,evehäyi,0.005736,evehäyi,0.005736,0,0
###synjntt###,synjntt,synnnpt,0.107886,synnnpt,0.107886,0,0
###fkjsttk###,fkfkttk,fkrsgtk,0.182580,fkrsgtk,0.182580,0,0
###bjöojpg###,bööojpg,bvöoupg,0.099659,bvöoupg,0.099659,0,0
###jintjtv###,jinjjtv,jinndtv,0.115274,jinndtv,0.115274,0,0
###ildhäof###,ilddäot,ilrmäof,0.030443,ilrmäof,0.030443,0,0
###ktuhkfv###,ktttffv,khutffv,0.131762,klugkfv,0.006054,0,0
###oukökaö###,ujkaköö,upkaloe,0.015467,yuköhaö,0.011709,0,0
###bpoudnd###,bpoudnd,bpyudmd,0.207924,bpyudmd,0.207924,0,0
###mfodlui###,mfouuui,sfodgui,0.003441,sfodgui,0.003441,0,0
###fplbeak###,fplbeva,frläevu,0.029118,fplbprk,0.003212,0,0
###bnbiiys###,bhinifs,ininrös,0.006237,enuiiys,0.000383,0,0
###rdyngju###,rdyurju,rdylgru,0.015947,rdylgru,0.015947,0,0
###borjdkp###,brrkjkp,borfykp,0.011439,borfykp,0.011439,0,0
###shijhku###,shjjhku,shdmhku,0.017320,shdmhku,0.017320,0,0
###sttdukp###,stsuukp,httkukp,0.045390,httkukp,0.045390,0,0
###ismhnöy###,ismhhay,msjhety,0.031164,hbmhnöy,0.006821,0,0
###kälritj###,kälriij,eäläitj,0.073603,eäläitj,0.073603,0,0
###hkafdsj###,hkafdsj,gkkfdsj,0.062643,gkkfdsj,0.062643,0,0
###msjufpm###,mffuupm,msfufgm,0.014890,msfufgm,0.014890,0,0
###vmuvron###,vururon,vumpmos,0.018898,vmiiron,0.006489,0,0
###iadkäfd###,iiakäfd,dkdkäfd,0.040849,dkdkäfd,0.040849,0,0
###tdkuknb###,tdkuknb,tdgujnb,0.076790,tdgujnb,0.076790,0,0
###yiatith###,yiaatth,yiaadth,0.057620,yiaadth,0.057620,0,0
###ndkuomu###,ndkuohm,udduogk,0.023076,pdkummu,0.014660,0,0
###lpblpjö###,lpbppjö,lälvmjn,0.010130,lkblijö,0.005492,0,0
###retkfff###,rtttkof,shätkof,0.033418,getsfff,0.002045,0,0
###vnngfjp###,vnnnpjp,jndngjy,0.013789,vnrgkjp,0.011213,0,0
###rdokfmg###,rdoforg,rdobfrg,0.124027,rdobfrg,0.124027,0,0
###lnybteg###,nybbteg,ntäbeeu,0.022888,lndrteg,0.019972,0,0
###öyksnau###,öyksfau,öypsoau,0.118626,öypsoau,0.118626,0,0
###yyhsujm###,yyululm,yghlojm,0.011934,ryhssjm,0.001111,0,0
###apöjeöp###,apööjjö,epröjij,0.012633,apsjyöp,0.007391,0,0
###ljkriee###,llkkiee,ljkaime,0.053910,ljkaime,0.053910,0,0
###lueepbm###,luuepbm,junepbm,0.064128,junepbm,0.064128,0,0
###rapobio###,raoobio,sanomio,0.009965,lppobio,0.006002,0,0
###ienmödr###,iendmgr,ipmdmvo,0.008838,iekmsdr,0.005144,0,0
###vhsmtgh###,vhvmtgh,vgmmtgh,0.188824,vgmmtgh,0.188824,0,0
###efjrufa###,efjraue,efjrnra,0.008024,efjrnra,0.008024,0,0
###tänpsvh###,ttnppvh,tänörvh,0.024974,tänörvh,0.024974,0,0
###frkfehe###,fkefehe,frefeie,0.218844,frefeie,0.218844,0,0
###vukljat###,vullatt,vurljmt,0.025650,vurljmt,0.025650,0,0
###kpäksty###,kpätsty,kpäfnty,0.049212,kpäfnty,0.049212,0,0
###yäoantp###,ytäantp,gkoantp,0.016806,gkoantp,0.016806,0,0
###uevfteh###,uevftfh,bevftgh,0.102091,bevftgh,0.102091,0,0
###dlehndg###,dennedg,deniydh,0.034022,dmehodg,0.003544,0,0
###ädlylpm###,ädlllpm,udsylpm,0.054829,udsylpm,0.054829,0,0
###hdsdmhi###,hdsdmhi,hdpdbhi,0.036912,hdpdbhi,0.036912,0,0
###ukgreae###,ukkaeae,uhvsyae,0.011407,umgrehe,0.007176,0,0
###jyfmiur###,jjymirr,jyfmggr,0.042735,jyfmggr,0.042735,0,0
###trmfvsä###,trmffsä,tpmevsä,0.030740,tpmevsä,0.030740,0,0
###uptöogd###,upoöogd,uaobgid,0.018014,uvteogd,0.005040,0,0
###ryöäkjp###,ryyäkjp,rysäkyp,0.041665,rysäkyp,0.041665,0,0
###ejlbdug###,ejlbdug,eylfdug,0.171114,eylfdug,0.171114,0,0
###ämranol###,ämäooll,umäasäv,0.011609,imrlnol,0.000311,0,0
###söästöd###,siäösöd,stnöfjd,0.016891,släntöd,0.011782,0,0
###srbvjgr###,srsvjgr,lrgvjgr,0.045380,lrgvjgr,0.045380,0,0
###jväprrm###,jväpmrm,jpäpärm,0.207761,jpäpärm,0.207761,0,0
###rrjrlam###,rrjrlam,rpjrlnm,0.164002,rpjrlnm,0.164002,0,0
###tshnetn###,tshhett,tdeheia,0.007336,tavnetn,0.001083,0,0
###fnoofsu###,nnotfsu,fnipfsu,0.077601,fnipfsu,0.077601,0,0
###fnloiku###,fjlkiiu,fätktdt,0.003240,tnaoiku,0.000469,0,0
###jemäihu###,jeeämhu,uemäohu,0.051621,uemäohu,0.051621,0,0
###ikevukr###,iieuvkr,ihemukr,0.015077,ihemukr,0.015077,0,0
###orbnmla###,orbnmba,orjnmta,0.223406,orjnmta,0.223406,0,0
###lknbgfs###,lksbgfs,nkpmärs,0.009464,fknbbfs,0.004305,0,0
###oivhssr###,ovihhrr,ouvhsrr,0.071971,ouvhsrr,0.071971,0,0
###oräylhg###,hräyyhg,ftäylhg,0.096492,ftäylhg,0.096492,0,0
###ddfspöi###,dspspöi,dfbödri,0.018505,dyfssöi,0.010988,0,0
###häkdgty###,hätddty,häosgty,0.064074,häosgty,0.064074,0,0
###veteklh###,vveekvh,ktetkih,0.015052,veäeplh,0.006736,0,0
###ölpghkö###,ölppökö,svvpöps,0.004760,öljdhkö,0.000383,0,0
###ujrbtmn###,ujrjtmn,uärbnmn,0.042192,uärbnmn,0.042192,0,0
###ivfvpäm###,ifvppmm,ihvbhäe,0.005945,dvbvpäm,0.003206,0,0
###euspuvn###,euepssn,eujptvn,0.095821,eujptvn,0.095821,0,0
###drböpri###,dreöprö,dfbödri,0.007112,dfbödri,0.007112,0,0
###akryglp###,akrgglp,fkrydlp,0.033690,fkrydlp,0.033690,0,0
###äermyyö###,äermyyö,äarmymö,0.010025,äarmymö,0.010025,0,0
###rfhsrdg###,rfhhrgg,vfhspdg,0.031466,vfhspdg,0.031466,0,0
###ylokiuk###,yokoikk,tnaoiku,0.008105,hlfkiuk,0.002120,0,0
###jerjsvy###,jerjsvy,jjrjgäy,0.026612,jerhsuy,0.019517,0,0
###utfidjs###,utfidjs,utfkvjs,0.096440,utfkvjs,0.096440,0,0
###ygääojm###,ygäjjmm,yghlojm,0.024200,yghlojm,0.024200,0,0
###okleefl###,oeoeffe,ovlevfl,0.009634,ovlevfl,0.009634,0,0
###hgjoäel###,hjjjäol,hgjlädl,0.032699,hgjlädl,0.032699,0,0
###yiylyea###,yirlyea,yirlfea,0.330163,yirlfea,0.330163,0,0
###dofvyji###,dofjiji,dokjprn,0.015127,sofvhji,0.006540,0,0
###ltpätae###,täpäaae,lkpätpe,0.006462,lkpätpe,0.006462,0,0
###dtpoeäs###,depooäs,dtpyeys,0.032932,dtpyeys,0.032932,0,0
###aygsisb###,asgsisb,jygsipb,0.022217,jygsipb,0.022217,0,0
###ayppolr###,ayppplr,aybpoer,0.019110,aybpoer,0.019110,0,0
###äjäukju###,äjäjjju,äjljfje,0.025659,kväukju,0.007927,0,0
###figerpb###,ffgerrb,fpjkrrb,0.025573,fneerpb,0.014814,0,0
###aötjntv###,aotjvtv,artjbtv,0.254556,artjbtv,0.254556,0,0
###aöifpjk###,aöippjk,räipebk,0.008115,aöilnjk,0.001740,0,0
###phvkhhr###,ppvhhhr,pvyhkhg,0.025071,phvjher,0.008212,0,0
###yrbpyfs###,yrbfbfs,yrmpvfs,0.049978,yrmpvfs,0.049978,0,0
###elurtee###,elbtree,nlbyöee,0.016410,klfrtee,0.002409,0,0
###ikputus###,iituuss,iryuusu,0.038135,bkpudus,0.003157,0,0
###lyrefma###,lyyelma,lyyesma,0.144257,lyyesma,0.144257,0,0
###nvybrlk###,nvybrjk,fvyyrlk,0.110912,nvabrbk,0.101201,0,0
###uaäbgäd###,uäbbäad,rälgdäd,0.009400,uaobgid,0.008107,0,0
###kuptmfä###,kupttmä,kuptkeä,0.059812,kuptkeä,0.059812,0,0
###rlbfnoh###,rlhnnoh,rshfsfo,0.026458,rkbpnoh,0.001995,0,0
###däpobki###,däpkbii,räplbki,0.035180,räplbki,0.035180,0,0
###hphfkdk###,hpäkhfk,htnketk,0.008837,nppfkdk,0.000902,0,0
###fysuhlt###,ffsullt,fnsuglt,0.010382,fnsuglt,0.010382,0,0
###jrnyfml###,jjlyyrl,jjnylml,0.113409,jjnylml,0.113409,0,0
###dhedkst###,dhekktt,dhelkft,0.039333,dhelkft,0.039333,0,0
###yedfaek###,yeyfaek,yjdoaek,0.043349,yjdoaek,0.043349,0,0
###huoehsd###,udoehsd,hunehed,0.049256,hunehed,0.049256,0,0
###lstyögp###,lytyöpp,lotyöpp,0.034277,lotyöpp,0.034277,0,0
###nigläfn###,nfgläfn,liglämn,0.065507,liglämn,0.065507,0,0
###rfgjhhp###,rfgjhhp,rrejähs,0.017185,yfgjhip,0.011948,0,0
###bemjyvä###,bemjyer,bemjluä,0.054556,bemjluä,0.054556,0,0
###hmbedvä###,hmdedvä,hmjeovä,0.230831,hmjeovä,0.230831,0,0
###nbugonj###,nbugojj,nbutoij,0.028972,nbutoij,0.028972,0,0
###stvuujp###,sttuujp,stvsnjp,0.014731,stvsnjp,0.014731,0,0
###nählhah###,nlalhlh,nähvuah,0.005736,nähvuah,0.005736,0,0
###jjtbobk###,jttbobk,jutbybk,0.080595,jutbybk,0.080595,0,0
###maebmbf###,mabbebf,magtmbf,0.049738,magtmbf,0.049738,0,0
###hlmtsvg###,hlmssvg,hdmusvg,0.257249,hdmusvg,0.257249,0,0
###yrosove###,yrosvse,yaouvjg,0.005569,yräspve,0.005192,0,0
###gjaoäse###,gjooäse,gjhpäse,0.103369,gjhpäse,0.103369,0,0
###kbvkdbn###,kkvkdbn,kpfkdbn,0.070586,kpfkdbn,0.070586,0,0
###mgdyöjp###,mmdyfjy,mmdyyip,0.062866,pgdyjjp,0.002215,0,0
###tshofei###,tshohei,tsbäkdi,0.009573,äshsfei,0.004530,0,0
###lsgukbr###,lrskukr,lpjkubr,0.011644,asgujbr,0.000807,0,0
###syoörtö###,sjoreöö,strieöf,0.016080,jyoöjtö,0.000525,0,0
###skjfjdd###,skjjddd,skjfhld,0.097724,skjfhld,0.097724,0,0
###utddbyt###,utddbbt,utdpäyt,0.015697,utdpäyt,0.015697,0,0
###pröojob###,prrojob,prfotob,0.132079,prfotob,0.132079,0,0
###frvrlfy###,fvrrlry,fmrrvmr,0.006537,urvnlfy,0.000218,0,0
###uleidhä###,ueeilhä,ujfmkhä,0.025892,uueidöä,0.019416,0,0
###gdueohn###,gdeuooh,udauroh,0.011671,äduethn,0.000410,0,0
###tueköij###,tueköij,tujäöij,0.050262,tujäöij,0.050262,0,0
###koljpim###,jkklpim,egkgppm,0.008466,kdljpbm,0.001831,0,0
###ebjinag###,ebjnnng,eejinkg,0.048216,eejinkg,0.048216,0,0
###uokyihl###,uokyihl,pokeihl,0.024275,pokeihl,0.024275,0,0
###urgvagö###,rlvvvaö,nlvfvsi,0.007786,uugvdgö,0.000215,0,0
###mvnesja###,mnnesja,mvtpsja,0.011833,mvtpsja,0.011833,0,0
###tmhhght###,tmmhght,ämhhgkt,0.026803,ämhhgkt,0.026803,0,0
###vöhodpd###,vovödpd,tdvbdps,0.005833,vuhokpd,0.001018,0,0
###mtthtys###,mtthtyy,mstopys,0.024422,stthtes,0.008025,0,0
###deiyhys###,deiyhys,ddiyhts,0.011676,ddiyhts,0.011676,0,0
###bgttädp###,bgtgddp,bgtnudp,0.196053,bgtnudp,0.196053,0,0
###hkdjjpm###,hdjjhpm,hkoojpm,0.091144,hkoojpm,0.091144,0,0
###otluhrt###,ootuhrt,ätlhhrt,0.010276,ätlhhrt,0.010276,0,0
###rpsgfäf###,rssofäf,bsonfäs,0.007100,apsgfff,0.005143,0,0
###ejöyiva###,eöjövya,ljöyira,0.019035,ljöyira,0.019035,0,0
###mnditga###,mnmitga,mndikoa,0.107157,mndikoa,0.107157,0,0
###dälimjj###,dämiöjj,däliyuj,0.052264,däliyuj,0.052264,0,0
###gypkgsf###,gygggff,gyjkgbf,0.005182,gyjkgbf,0.005182,0,0
###iäjabbp###,iäabibp,säjnbbp,0.022653,säjnbbp,0.022653,0,0
###löhyisn###,lfhtisn,böhyijn,0.010571,böhyijn,0.010571,0,0
###ötortas###,oöortas,osogtmp,0.005604,ötorius,0.000810,0,0
###efvsvjj###,egvssjj,efvsibj,0.057731,efvsibj,0.057731,0,0
###sdobotr###,ssobttr,smobolr,0.021632,smobolr,0.021632,0,0
###glpäbhh###,hgplbhh,ggpybhh,0.023550,ggpybhh,0.023550,0,0
###eimmtnu###,eimmtni,eimmjlu,0.082581,eimmjlu,0.082581,0,0
###djbskbm###,ddmskbm,dyeskrb,0.055301,hjbsköm,0.003553,0,0
###kidpöhu###,kidphgu,niosdgu,0.007462,kideyhu,0.007126,0,0
###läpyirl###,läpairl,päpyiul,0.024909,päpyiul,0.024909,0,0
###vvkmndl###,vvvnndl,vvtrndl,0.079764,vvtrndl,0.079764,0,0
###fnkfhjb###,ffhfhjb,sdkfhjb,0.014330,sdkfhjb,0.014330,0,0
###faeftto###,faffeto,faäfsto,0.111856,faäfsto,0.111856,0,0
###ävruhnd###,ävärhnd,ävrjhpd,0.026447,ävrjhpd,0.026447,0,0
###dyftivf###,dyttfvf,dpftdvf,0.016545,dpftdvf,0.016545,0,0
###sötpmug###,sftttgg,shtpmvg,0.014354,shtpmvg,0.014354,0,0
###häblkmh###,häblkhh,moblkmh,0.005653,moblkmh,0.005653,0,0
###gbdömnn###,gbdddnn,yfdddjl,0.009043,gbivmnn,0.007331,0,0
###ybdasjy###,ybdjayy,bbdtsjy,0.008678,bbdtsjy,0.008678,0,0
###ngjmäpy###,nggmääy,npömävy,0.053489,lgjväpy,0.001037,0,0
###bkmvsof###,bkmvvof,bkmiäof,0.183024,bkmiäof,0.183024,0,0
###oralfke###,oraffke,oravjke,0.271457,oravjke,0.271457,0,0
###lbolätk###,llooätl,lblväsv,0.005233,nbjlätk,0.000420,0,0
###ubkklöi###,ukkklöi,ubmhlöi,0.024194,ubmhlöi,0.024194,0,0
###hslhvta###,hshhvaa,hsplgay,0.017171,pslhlta,0.004944,0,0
###ögpaklj###,öövpkjj,öepakoj,0.023378,öepakoj,0.023378,0,0
###seuägek###,seskkek,oeuäbek,0.025056,oeuäbek,0.025056,0,0
###vaovnkd###,vvonnnd,iaosnkd,0.035404,iaosnkd,0.035404,0,0
###olseyfs###,lsbesfs,ooshyfs,0.017354,ooshyfs,0.017354,0,0
###yurhäyd###,yuähäyd,auihäyd,0.163955,auihäyd,0.163955,0,0
###vriuooa###,vrrioua,uurmduo,0.002930,vgyuooa,0.000350,0,0
###ibrpmps###,ibtpmps,ibrsmrs,0.032160,ibrsmrs,0.032160,0,0
###etvpjdd###,egvpddd,etbpjed,0.018122,etbpjed,0.018122,0,0
###rakaäpt###,rrkaäpt,rbkaäät,0.130309,rbkaäät,0.130309,0,0
###jäpbäku###,jäpkpku,junepbm,0.010255,jäobäeu,0.000708,0,0
###hpigmti###,hpmmmii,hligbdt,0.006872,appgmti,0.003366,0,0
###fjfäpdg###,fdfäpdg,fjmäpjg,0.041711,fjmäpjg,0.041711,0,0
###iaäayoj###,iiaayoj,äuäayoj,0.077902,äuäayoj,0.077902,0,0
###dhrtmof###,därtmof,deutmof,0.115124,deutmof,0.115124,0,0
###tfusitv###,tfisitv,kfupitv,0.004001,kfupitv,0.004001,0,0
###kjenrup###,kjenrrp,kjekrjp,0.037492,kjekrjp,0.037492,0,0
###trppubä###,trpppbä,trvpäbä,0.138396,trvpäbä,0.138396,0,0
###yyisgku###,yyyggku,oyynhyu,0.017416,ybisiku,0.016479,0,0
###ytkuskj###,ykyukkj,yydukgj,0.079491,ntkaskj,0.000383,0,0
###sinruöu###,sirrröu,äijruöu,0.035137,äijruöu,0.035137,0,0
###kporjvi###,opjrjvv,rpjrlnm,0.007002,ppomjvi,0.005076,0,0
###ulohväf###,ujoäävf,ujohvvf,0.023268,ujohvvf,0.023268,0,0
###eteffuh###,öueefuh,eteaöuh,0.016602,eteaöuh,0.016602,0,0
###tiuälob###,täuilob,tiupkob,0.076376,tiupkob,0.076376,0,0
###ähbpdtd###,ähäpdtd,rhmpdtd,0.157440,rhmpdtd,0.157440,0,0
###sbyylnt###,sbsyntt,jboyitn,0.009479,rkyylnt,0.002721,0,0
###dutsbtr###,dtbsttr,dfbödri,0.007358,outsmtr,0.001498,0,0
###nepöpöi###,nehpööi,lehgvhi,0.011681,nepöäji,0.009591,0,0
###bdygshg###,bddgshg,bdigsig,0.053878,bdigsig,0.053878,0,0
###pökäöie###,pökööie,pekiöie,0.075047,pekiöie,0.075047,0,0
###ntuidaä###,ntuidaä,ntygdaä,0.054424,ntygdaä,0.054424,0,0
###rotrrbf###,rotjrbf,rotiref,0.080812,rotiref,0.080812,0,0
###pryydji###,pryydii,pbkydji,0.011698,pbkydji,0.011698,0,0
###ovvaiym###,ovvyiym,evjaiyl,0.026514,pvvaipm,0.009964,0,0
###bnbagrp###,bbbggrp,vnrgkjp,0.010959,bobbgrp,0.005332,0,0
###ydhyehi###,yyhhhhh,eynyhhr,0.012107,ydhneui,0.000232,0,0
###kybävgj###,kybbnjj,kybövrj,0.125043,kybövrj,0.125043,0,0
###oooiofh###,ofoiofh,omorofh,0.049839,omorofh,0.049839,0,0
###ejiyopp###,ejyjoyp,ejsyoäp,0.020987,ejsyoäp,0.020987,0,0
###sjlhvkl###,sjhlvki,sjyfvkl,0.005458,sjyfvkl,0.005458,0,0
###srtvkps###,sttvtks,stthtes,0.048658,yrtvups,0.004616,0,0
###adädebk###,ddädeek,foäyeek,0.009584,vdädjbk,0.006824,0,0
###guikayj###,gukayjj,fugyylj,0.037491,vuiknyj,0.000132,0,0
###gkftapp###,gktaapp,grftjpp,0.034047,grftjpp,0.034047,0,0
###nytögdi###,nttdddi,nysägdi,0.006004,nysägdi,0.006004,0,0
###msdoöys###,mseödms,myfedmy,0.018308,mstopys,0.001550,0,0
###äreeähs###,äeeeäis,ylreeds,0.004278,rrejähs,0.000339,0,0
###mtmrpap###,mpmrpmp,ytmrpbp,0.033186,ytmrpbp,0.033186,0,0
###möyfkjb###,myffkjb,mötdkjb,0.067785,mötdkjb,0.067785,0,0
###alvukbi###,alvkkki,aläpkbi,0.019881,aläpkbi,0.019881,0,0
###pslsmry###,pslsjmy,usdstty,0.010080,pklsmvy,0.009293,0,0
###egdlpsf###,egdglpf,egegpsf,0.015757,egegpsf,0.015757,0,0
###älpshok###,älpshok,ältyhok,0.094747,ältyhok,0.094747,0,0
###öläkyäl###,ööltkäl,öölpoäf,0.015187,önäbyäl,0.012066,0,0
###dysbryf###,dybsbff,dysfpyf,0.009820,dysfpyf,0.009820,0,0
###ofökndv###,ooökndv,tnökndv,0.118436,tnökndv,0.118436,0,0
###vmuoluo###,vmovomo,vmuklbo,0.003998,vmuklbo,0.003998,0,0
###mhtrnhm###,mttrnhm,mhjmnhm,0.031601,mhjmnhm,0.031601,0,0
###hberävp###,hberärp,hblräkp,0.161678,hblräkp,0.161678,0,0
###snyivär###,snyyvär,snvpvär,0.175760,snvpvär,0.175760,0,0
###vuutkgi###,vuttkgt,vuhokpd,0.009913,vkutkyi,0.001055,0,0
###fiavötb###,fövöitb,fimvetb,0.052988,fimvetb,0.052988,0,0
###ttmvdda###,ttmvdda,tsmvdka,0.175908,tsmvdka,0.175908,0,0
###lätdunv###,lätdukv,omottkn,0.005887,lämuunv,0.005461,0,0
###giuyyäy###,guueiyy,muobtyy,0.014167,ginyöäy,0.013451,0,0
###tmueeoo###,tuuueoo,jmäeeoo,0.004076,jmäeeoo,0.004076,0,0
###ogeootä###,ogeteoä,ogepokä,0.162487,ogepokä,0.162487,0,0
###vioröfd###,vvorrvd,vvortfd,0.104791,vvortfd,0.104791,0,0
###ätsmuöf###,ätsutuf,ätsäulf,0.040784,ätsäulf,0.040784,0,0
###oygpebv###,oygpevv,omkpebv,0.096597,omkpebv,0.096597,0,0
###atyshtp###,aayhssp,otyshsp,0.013599,otyshsp,0.013599,0,0
###rnuöydf###,rnudyff,rjsvybf,0.011443,rruömdf,0.004209,0,0
###pomryhd###,opohrhd,phrhhds,0.004395,plmrehd,0.001901,0,0
###mydofoe###,mjdfffe,tpdofoe,0.007421,tpdofoe,0.007421,0,0
###payjjuo###,ppyujao,pfyjjvo,0.007248,pfyjjvo,0.007248,0,0
###unäöäym###,uunöääm,ugäöäpm,0.053577,ugäöäpm,0.053577,0,0
###mebyddg###,meydydg,mekydsg,0.015961,mekydsg,0.015961,0,0
###ymbybom###,ymbbbom,ymbrbtm,0.059931,ymbrbtm,0.059931,0,0
###kdäufsd###,kdäufsd,kmäogld,0.008914,adäumsd,0.004197,0,0
###hkstlöi###,hatllöi,kaaläöt,0.006894,hksälyi,0.005203,0,0
###pjrybeö###,pjrjyöö,pjrekeö,0.070559,pjrekeö,0.070559,0,0
###gbdvuöt###,gbdvuuö,jhdvuöt,0.033349,jhdvuöt,0.033349,0,0
###stsuosr###,stsuoor,ätsiosr,0.007397,ätsiosr,0.007397,0,0
###ntomtyt###,ntymttt,noovtsh,0.008776,otomäyt,0.002524,0,0
###uiituek###,uiiieek,uiimgek,0.079718,uiimgek,0.079718,0,0
###mäsaobn###,mässbbn,mässydn,0.107704,ääsavbn,0.038492,0,0
###nnirjut###,nniujut,onihjut,0.029103,onihjut,0.029103,0,0
###bhanösä###,bhhnasä,bkhtoso,0.009866,bhäpösä,0.006039,0,0
###sfpvikl###,sfvkvkl,sjyfvkl,0.023646,sfpsijl,0.008294,0,0
###gähhusä###,ghhhosä,gähhviä,0.026379,gähhviä,0.026379,0,0
###fbugeul###,fbegful,fbifyol,0.020125,ibughul,0.005240,0,0
###dlveeds###,dleeets,ylreeds,0.116517,ylreeds,0.116517,0,0
###tkhtrep###,tkttrep,tkpsrep,0.242685,tkpsrep,0.242685,0,0
###ouörfiä###,ouöifiä,oiblkmä,0.009918,äkörfiä,0.008021,0,0
###vhgtätk###,vvgtävt,rbkaäät,0.005664,ohgrätk,0.002761,0,0
###ttjäeei###,tjääeei,trjäefi,0.025626,trjäefi,0.025626,0,0
###trrhgpm###,trrögpm,orrhgäm,0.037612,orrhgäm,0.037612,0,0
###mtdsydn###,madsddn,mässydn,0.016810,mässydn,0.016810,0,0
###bkebsdm###,bksssdm,bkebkam,0.013141,bkebkam,0.013141,0,0
###okbmmjm###,okbrmom,orbamjm,0.010294,orbamjm,0.010294,0,0
###äyyempp###,äpyeppp,ävyemlp,0.021682,ävyemlp,0.021682,0,0
###gfrjnfv###,fjrrngv,thrhnev,0.011192,gfrjbpv,0.003543,0,0
###peyoken###,ppeokek,ikjnkef,0.004637,neyokun,0.001503,0,0
###iryudpu###,iryuduu,iryuusu,0.293449,iryuusu,0.293449,0,0
###häfeesn###,häfeefn,häreein,0.205925,häreein,0.205925,0,0
###nygpyoe###,npgppoo,jkgpyoe,0.015666,jkgpyoe,0.015666,0,0
###srörihm###,srörihm,srgeihm,0.018063,srgeihm,0.018063,0,0
###dhvolrg###,dvollrg,dkvelrg,0.008452,dkvelrg,0.008452,0,0
###vhimdil###,vhdidil,ivdidmv,0.023338,vhkmdul,0.000804,0,0
###ntolrmg###,ntolggg,ntolnpg,0.110313,ntolnpg,0.110313,0,0
###shsfbkn###,shsfbbn,mhsfmkn,0.025395,mhsfmkn,0.025395,0,0
###lluijib###,luuiiib,oubjiel,0.014195,lfuivib,0.013060,0,0
###gnubebä###,gnubebä,gnyberä,0.033206,gnyberä,0.033206,0,0
###milvudp###,mimlpdp,mtnvudp,0.025186,mtnvudp,0.025186,0,0
###äbpsvdi###,äbpsvdi,äbpssoi,0.195780,äbpssoi,0.195780,0,0
###pjniuhn###,pjönuhn,pjnuuln,0.085108,pjnuuln,0.085108,0,0
###rvaogyj###,rvaoyjj,rvaobtj,0.102659,rvaobtj,0.102659,0,0
###äuayömi###,äuuaimi,äupynmi,0.012019,äupynmi,0.012019,0,0
###ärljpje###,äjljpje,äjljfje,0.112466,äjljfje,0.112466,0,0
###vpeutfd###,vvteffd,vvortfd,0.031785,npeusfd,0.001663,0,0
###kgavvsb###,kgavvsb,ägaovsb,0.235610,ägaovsb,0.235610,0,0
###eunvolg###,euhvnng,eunoofg,0.008924,eunoofg,0.008924,0,0
###ttorlye###,tjorlye,ttofvye,0.035386,ttofvye,0.035386,0,0
###hfbvjrl###,hffvjrl,hllvjrl,0.318677,hllvjrl,0.318677,0,0
###jägfräa###,jägffää,jäufjnh,0.008621,yägpräa,0.001645,0,0
###häädrom###,hdädrom,gääddom,0.016540,gääddom,0.016540,0,0
###vlauify###,vuayify,vuktikf,0.012489,ilaäify,0.005923,0,0
###äjkgekj###,äjejekj,äjkperj,0.166204,äjkperj,0.166204,0,0
###jugbräj###,jugbuäj,jugbblj,0.063975,jugbblj,0.063975,0,0
###dnsyken###,dnnyken,dbbyken,0.180905,dbbyken,0.180905,0,0
###häuaödä###,hhuaudä,hnpaödä,0.049452,hnpaödä,0.049452,0,0
###riaoiyv###,riayavv,riafihv,0.024858,riafihv,0.024858,0,0
###tldbljk###,tlbbjjd,tldfnkd,0.013027,tlgyljk,0.011248,0,0
###rtroädp###,rtrtddp,mtnvudp,0.018793,utroäsp,0.001644,0,0
###vmfänys###,vmfnsys,kmnänys,0.037832,kmnänys,0.037832,0,0
###äpotyng###,äpptyng,äyjtyng,0.129459,äyjtyng,0.129459,0,0
###kmöagky###,kmaggyy,kmraguy,0.010049,kmraguy,0.010049,0,0
###kktukhf###,ktttkhf,koturhf,0.021613,koturhf,0.021613,0,0
###hibnbgy###,hihbggy,hiblbey,0.022276,hiblbey,0.022276,0,0
###vithupj###,vihhupj,vimhapj,0.042211,vimhapj,0.042211,0,0
###rpsbybf###,rsspyff,rjsvybf,0.082726,rjsvybf,0.082726,0,0
###ilövöäj###,ilövääj,ilsvoäj,0.017153,ilsvoäj,0.017153,0,0
###uänvnfd###,uänvnfd,umnenfd,0.029209,umnenfd,0.029209,0,0
###yefbdsp###,yfffdsp,yvhffby,0.025586,yeohdsp,0.004239,0,0
###efguhpö###,efggupp,efgampö,0.029444,efgampö,0.029444,0,0
###vrgeiao###,vngeaoo,vnojrlo,0.005178,uigeiao,0.001982,0,0
###evtvysj###,evtvysj,eötvyfj,0.027470,eötvyfj,0.027470,0,0
###edhtokd###,etttkkd,enhhokd,0.122765,enhhokd,0.122765,0,0
###älyalsv###,äläylsv,jjäyhsn,0.005308,hlymlsv,0.002628,0,0
###bffsrks###,bffsrks,bfisrms,0.075053,bfisrms,0.075053,0,0
###osdsayy###,osdssyy,ohdsfyy,0.107083,ohdsfyy,0.107083,0,0
###yrbgmhf###,yybglhf,orbgdhf,0.024026,orbgdhf,0.024026,0,0
###jfrrfuv###,jrfuurv,jrffipm,0.007888,gyrrfuv,0.001740,0,0
###vmuöaul###,umuauul,vmuörkl,0.006385,vmuörkl,0.006385,0,0
###lbklhöu###,llhlhhu,blklhvr,0.016121,lbyuhöu,0.003635,0,0
###ägokmlr###,ääommlr,smobolr,0.016680,äsormlr,0.013077,0,0
###oyyilyu###,oylroyv,omorofh,0.009892,oyynhyu,0.006642,0,0
###fkyösrn###,fkösrrn,fkyljrn,0.075751,fkyljrn,0.075751,0,0
###gieofuj###,gieofuj,gijoauj,0.099047,gijoauj,0.099047,0,0
###dmyoinä###,dmnooää,dbbyken,0.007991,deyoivä,0.004083,0,0
###nmlsdir###,nmsldir,nmssrir,0.081845,nmssrir,0.081845,0,0
###njöäeeg###,njjäeeg,njväeng,0.022168,njväeng,0.022168,0,0
###jfpfyss###,jyfpyss,jmpdyss,0.020431,jmpdyss,0.020431,0,0
###öaitmng###,öimtmtg,kipmmpg,0.018959,öjiemng,0.002401,0,0
###yoedjbo###,yyejdjo,yfdddjl,0.219094,yoeddeo,0.103647,0,0
###spsäaät###,sstaaää,spfäyhf,0.007609,spsägvt,0.003396,0,0
###fsysniö###,ffssnöö,fdysnrö,0.083434,fdysnrö,0.083434,0,0
###upakgäh###,uppgkhä,hsplhfä,0.020690,upgkgeh,0.000427,0,0
###jäneigo###,jäeeeno,jäjiekö,0.012942,jäveiro,0.001716,0,0
###äubefbd###,äubeofd,hubefhd,0.017134,hubefhd,0.017134,0,0
###jbdtmyö###,jbdjdyö,lbdtöyö,0.124581,lbdtöyö,0.124581,0,0
###eatfdpp###,eftpdpp,eattdjp,0.175966,eattdjp,0.175966,0,0
###töedäie###,ttetäie,thedäve,0.012274,thedäve,0.012274,0,0
###kiplmag###,pkpamgg,kipmmpg,0.027622,kipmmpg,0.027622,0,0
###fossmos###,fossmos,fuismos,0.291591,fuismos,0.291591,0,0
###ägsfyat###,ägffftt,äisyfto,0.011872,vgsfykt,0.001377,0,0
###jarlrbk###,jlrbrjk,tlgyljk,0.035408,uarlkbk,0.000422,0,0
###övötääs###,öövtääs,öröäääs,0.063518,öröäääs,0.063518,0,0
###ghtgäsö###,gtttpöp,ghtgttö,0.004263,ghtgttö,0.004263,0,0
###slääobu###,sslääbu,ssväobu,0.011763,ssväobu,0.011763,0,0
###aepuvum###,aeeuvvm,aenuvvm,0.146750,aenuvvm,0.146750,0,0
###vähväns###,vävnäns,vgsväns,0.041159,vgsväns,0.041159,0,0
###okävneu###,ouvvnuu,otumsäu,0.004492,okamneu,0.001183,0,0
###fouäntm###,foääntm,fosvntm,0.168339,fosvntm,0.168339,0,0
###hygoyji###,hogoiji,hägoyoi,0.045769,hägoyoi,0.045769,0,0
###nbdrfog###,bbdrorg,bydnorg,0.012241,nbfjfog,0.000088,0,0
###jvsdsso###,jvsdsoo,jvsesoo,0.466254,jvsesoo,0.466254,0,0
###ivmmevj###,ivmrjvj,ivhmeoj,0.017204,ivhmeoj,0.017204,0,0
###jdsväom###,jdvvmsm,jdipmsg,0.008314,tdsbäom,0.004846,0,0
###öknrdvp###,kkördpp,kiurspb,0.003780,vknrtvp,0.001468,0,0
###jmrvmah###,jrrvmmh,sdrvemh,0.008538,jmrlmeh,0.007135,0,0
###hrsvkbn###,hasvbbn,jabsbkk,0.004445,husvkjn,0.002591,0,0
###enhphle###,enhpnle,enmlrlv,0.019466,onhlhle,0.004521,0,0
###ebluhrj###,euluhrj,ebgihrj,0.064274,ebgihrj,0.064274,0,0
###äjavfkö###,äjävfkf,ejmlfme,0.006213,ljavftö,0.003798,0,0
###lfevjui###,levviii,lfvvjoi,0.022232,lfvvjoi,0.022232,0,0
###uvubedg###,ugubedg,urubidg,0.102968,urubidg,0.102968,0,0
###äfukäiä###,äuukuiä,ähskäiä,0.089227,ähskäiä,0.089227,0,0
###oipnbih###,ohpppih,ghppbnä,0.018897,mipnböh,0.000310,0,0
###buamktm###,btbmttm,bramkam,0.042814,bramkam,0.042814,0,0
###jubsbln###,juusbln,jugbblj,0.074429,jmpsbln,0.029435,0,0
###fdeiunf###,fdeuenf,fduiujf,0.029034,fduiujf,0.029034,0,0
###äbhnaäö###,äbäbhöö,äbhndrö,0.060083,äbhndrö,0.060083,0,0
###epmguoo###,epmgmoo,eymgfoo,0.039322,eymgfoo,0.039322,0,0
###nhdsdds###,nddddds,nfosdds,0.044586,nfosdds,0.044586,0,0
###dobekis###,dobeiks,dorekks,0.026767,dorekks,0.026767,0,0
###iupdvif###,ihuuvff,lupavif,0.010320,lupavif,0.010320,0,0
###grskegs###,grbkess,grigegs,0.087212,grigegs,0.087212,0,0
###voelväv###,voleväv,foejväv,0.016483,foejväv,0.016483,0,0
###joiouöy###,uoiouuy,jonougy,0.041502,jonougy,0.041502,0,0
###bäfeukg###,bffgeug,bfngesr,0.008990,bäfpvkg,0.002618,0,0
###rhynyjm###,rhynyjm,roynijm,0.141150,roynijm,0.141150,0,0
###lphjeem###,lpmjhem,lphjögm,0.040335,lphjögm,0.040335,0,0
###hglolod###,hlhlood,fltrlod,0.012291,ygaolod,0.002448,0,0
###hpgihlä###,hpgihlä,jtgihlä,0.046834,jtgihlä,0.046834,0,0
###vuatlkf###,vvtalkf,vyttjkf,0.049970,vuktikf,0.002012,0,0
###upmuäöi###,upmmäöi,ipmuköi,0.063982,ipmuköi,0.063982,0,0
###ttetkbh###,ttekbbh,tdeheia,0.014478,ktetkih,0.005641,0,0
###ööpjviu###,öövjviu,ööpjumu,0.006767,ööpjumu,0.006767,0,0
###kvuaffv###,kdaaffv,khutffv,0.124833,khutffv,0.124833,0,0
###vdpporg###,vdppprp,vdbupvr,0.055487,vdpjong,0.006329,0,0
###ttsseda###,ttssdda,ttsovda,0.029039,ttsovda,0.029039,0,0
###tftmomä###,tttmomä,tötsomä,0.045644,tötsomä,0.045644,0,0
###lyofiim###,loofiim,lykföim,0.005158,lykföim,0.005158,0,0
###svhblum###,svsvlmm,svhklmm,0.013649,svhklmm,0.013649,0,0
###jfhlteg###,jfhfteg,lndrteg,0.007201,lfhltpg,0.006018,0,0
###egätoyt###,egätoyt,maätoyt,0.040994,maätoyt,0.040994,0,0
###gaguinm###,gauiinm,gmgginm,0.053241,gmgginm,0.053241,0,0
###eunudäy###,eunudäy,gunadäy,0.082808,gunadäy,0.082808,0,0
###lpröoij###,lröoöij,lppobio,0.023821,epröjij,0.003142,0,0
###jvkanbf###,jvkanbn,jvdkvbn,0.056139,jvkaref,0.044198,0,0
###orrtigj###,orrtiij,orrpioj,0.095628,orrpioj,0.095628,0,0
###pävjivb###,povjibb,plvjikb,0.054974,plvjikb,0.054974,0,0
###rliöälk###,rlisälk,tliöägk,0.005098,tliöägk,0.005098,0,0
###etbndfm###,etnndem,rtnndyd,0.033477,evbgdfm,0.003104,0,0
###hjfooud###,jjhooud,enhhokd,0.111312,hytooud,0.032235,0,0
###ydfdäbj###,yyfdäjj,dykdäjj,0.187753,adfdänj,0.012426,0,0
###eipfsfe###,eipfffe,eihföfe,0.176371,eihföfe,0.176371,0,0
###ädgykeä###,ädgykeä,ädgfleä,0.050021,ädgfleä,0.050021,0,0
###söohjho###,sfjhfho,foohjho,0.016286,foohjho,0.016286,0,0
###hffmgpj###,hfmfppj,hfmndjh,0.017671,öffmäpj,0.002004,0,0
###ejnmrry###,ejnmery,eönmräy,0.083829,eönmräy,0.083829,0,0
###äybjtyp###,äytätyp,änbjdyp,0.016874,änbjdyp,0.016874,0,0
###mggtödk###,mlgtkdk,mggtjsk,0.037685,mggtjsk,0.037685,0,0
###otäjnvd###,otävnnd,otdyind,0.007473,ttnjnvd,0.002210,0,0
###kjykkpf###,kyyjkpf,ijynkpf,0.053867,ijynkpf,0.053867,0,0
###slmnnmo###,smsnnfo,smvhnym,0.019200,slmknio,0.009127,0,0
###vtlgiyo###,vtlyiyo,felymyg,0.008179,ittgiyo,0.004878,0,0
###tugyolj###,ttgyloj,jvdykoj,0.011002,fugyylj,0.001036,0,0
###fypieby###,ffpipyp,fgptdyu,0.010021,döpieby,0.001350,0,0
###anjnhdn###,anjntdn,apjnvdn,0.012734,apjnvdn,0.012734,0,0
###njäkhäa###,njäohaa,nsämhäa,0.019775,nsämhäa,0.019775,0,0
###bäftmym###,bäähmym,bäfadym,0.013502,bäfadym,0.013502,0,0
###kidhoös###,kidkoös,kpvhoös,0.092882,kpvhoös,0.092882,0,0
###hotahbj###,hotahbj,hoodhbj,0.020840,hoodhbj,0.020840,0,0
###ovärmyi###,ovämmyi,osäumyi,0.185085,osäumyi,0.185085,0,0
###ojjiftb###,jtoitib,jeootft,0.009756,opjiatb,0.000485,0,0
###sprotpt###,sptotpt,späotkt,0.260497,späotkt,0.260497,0,0
###ssdahdr###,sssdhdr,ssrardr,0.013637,ssrardr,0.013637,0,0
###smäprag###,sspärrg,smäersg,0.033194,smäersg,0.033194,0,0
###fejäbyn###,fojäeyn,fojpmmo,0.014068,mejäbän,0.010937,0,0
###ävmöhak###,ävmhhak,äomehak,0.042235,äomehak,0.042235,0,0
###ddetdrn###,dtettrn,lsetdrn,0.243196,lsetdrn,0.243196,0,0
###eääpnot###,etppnot,efppnot,0.210911,efppnot,0.210911,0,0
###hgätlpv###,hgällpv,hggllpv,0.022883,hggllpv,0.022883,0,0
###lrfbher###,lrhbhrr,ltsbher,0.086941,ltsbher,0.086941,0,0
###gyjötih###,tgjööhh,tujäöij,0.011626,ryjöfih,0.006943,0,0
###lirului###,lrlului,lihupui,0.006397,lihupui,0.006397,0,0
###mapeppd###,mappppp,manpdov,0.008567,migeppd,0.007691,0,0
###mgoopmh###,mgoopmh,myoommh,0.070541,myoommh,0.070541,0,0
###mmhrrhr###,mmmrrrr,mmhgyhr,0.021675,mmhgyhr,0.021675,0,0
###rtfbudr###,rtffudr,rvfbuhr,0.010117,rvfbuhr,0.010117,0,0
###shvijiv###,ssvijiv,bhvpjiv,0.031943,bhvpjiv,0.031943,0,0
###ätmtjgp###,ättjjmp,tvtjfmp,0.021237,ntmojgp,0.004841,0,0
###ssgpkmf###,sggkmff,ssskmvm,0.005149,ssbykmf,0.000199,0,0
###mdyslru###,mdyrlmu,rdylgru,0.010788,mjnslru,0.001322,0,0
###lnäudäj###,lnduäjj,ledemsj,0.013505,lnäujkj,0.008701,0,0
###rhlyidm###,rhadidm,rhuyigm,0.076804,rhuyigm,0.076804,0,0
###kavmhsy###,kvtmhay,klvmhny,0.032992,klvmhny,0.032992,0,0
###sueyrie###,sueyrie,sufmrie,0.051907,sufmrie,0.051907,0,0
###nueövsu###,nevvesu,nlvfvsi,0.017589,njeövyu,0.012097,0,0
###sdrvbdh###,sdbvhvh,sdrvemh,0.124585,sdrvemh,0.124585,0,0
###ryokäem###,ryomeem,ryofnem,0.173219,ryofnem,0.173219,0,0
###dhnsvtr###,dhnsttr,dhnvvpr,0.139638,dhnvvpr,0.139638,0,0
###hvjläpj###,hjvläpp,hvhbäpj,0.012123,hvhbäpj,0.012123,0,0
###lmoljav###,ljjlvvv,ljjvvyy,0.008831,lholjiv,0.007479,0,0
###ryjnddö###,ryjnddö,ryjnrjö,0.069900,ryjnrjö,0.069900,0,0
###jöjetpn###,jjtöten,jijntpn,0.050545,jijntpn,0.050545,0,0
###jpfpnfy###,jpfpppy,jpppjfy,0.013469,jpppjfy,0.013469,0,0
###beoybuj###,bboobuj,bpombuj,0.033137,bpombuj,0.033137,0,0
###egvkäsj###,egvääsj,egegpsf,0.027365,emvkälj,0.019687,0,0
###mrruoyi###,mreuoyi,mituoyi,0.116928,mituoyi,0.116928,0,0
###njjvoyy###,yjjvvyy,ljjvvyy,0.029111,ljjvvyy,0.029111,0,0
###idvrfbv###,iirivbv,ivdidmv,0.004094,mdfrfbv,0.001587,0,0
###bbdjkmu###,bbdjkku,bbäikuy,0.016736,ybvjkmu,0.003704,0,0
###dsäjlju###,dsjjltu,dsbjdju,0.054600,dsbjdju,0.054600,0,0
###yubndnt###,ybbtdtt,ybpmsnt,0.006128,iubndgt,0.001237,0,0
###mservsg###,meervsg,msesasg,0.028421,msesasg,0.028421,0,0
###drptvlt###,drptvtt,dlptvjy,0.036129,nrstvlt,0.029779,0,0
###mvykötm###,mvyöttm,mvynftm,0.269373,mvynftm,0.269373,0,0
###lihjghb###,lijjhbb,lbjogkg,0.008386,ligjgpb,0.007343,0,0
###häyjävt###,hyyäätt,häydäot,0.007361,häydäot,0.007361,0,0
###hphmönl###,hphmmnl,hvhmdnl,0.046880,hvhmdnl,0.046880,0,0
###ihhibäl###,ihhbhäl,ihvbhäe,0.040718,ivtibäl,0.012867,0,0
###mggkfak###,mggafak,mggtjsk,0.022554,ptgkfak,0.014607,0,0
###ombovhs###,omivoss,otivdsb,0.030010,okbjvhs,0.001763,0,0
###spnjmio###,spnjmio,sanomio,0.058515,sanomio,0.058515,0,0
###hsohrjn###,hsshrjv,hsbhfjn,0.024702,hsbhfjn,0.024702,0,0
###mvgmekk###,mvgmekk,mjgmepk,0.148051,mjgmepk,0.148051,0,0
###dvpggsy###,dvpggyy,dväggby,0.163517,dväggby,0.163517,0,0
###lpädbgf###,lpädggf,lpetdgi,0.010711,upädrgf,0.000985,0,0
###iktaämg###,iitaäms,ivmaämg,0.038201,ivmaämg,0.038201,0,0
###äbsbiig###,ässbbig,ässävgg,0.007392,mbsbfig,0.001068,0,0
###rpvetll###,rvvetll,rvvetbl,0.104420,rvvetbl,0.104420,0,0
###öbopdub###,ööopdub,yblpdub,0.013219,yblpdub,0.013219,0,0
###tkbjönt###,tkbjjjt,ehbnjjs,0.006778,rkbjent,0.000944,0,0
###uläollt###,uuolltt,usollhe,0.018485,kiäollt,0.000083,0,0
###neoypvu###,neyuuhu,neoyuuu,0.025269,neoyuuu,0.025269,0,0
###räeagfe###,ränggfe,rälgdäd,0.007473,ugeagfe,0.001468,0,0
###ftrbvtö###,ftrbvtö,gtäbvtö,0.075056,gtäbvtö,0.075056,0,0
###uevyldn###,ueveldn,uevvvdn,0.016156,uevvvdn,0.016156,0,0
###söjaivd###,sijövvd,sghlivd,0.006951,nöjöivd,0.001472,0,0
###nhuätju###,nhuätju,nhtstju,0.077337,nhtstju,0.077337,0,0
###öoodyay###,öööayay,hgösyar,0.010026,öegdyay,0.007043,0,0
###ufkrloe###,ukkrlne,upkaloe,0.033436,upkaloe,0.033436,0,0
###iaäuuty###,iiäuytt,jadmyut,0.010144,ouäuuty,0.007414,0,0
###jsatmly###,jstmmsl,dytjiöl,0.002975,jsadmuy,0.000823,0,0
###iknyhhr###,iynyhhr,eynyhhr,0.464770,eynyhhr,0.464770,0,0
###iglväsv###,igrligv,imrlnol,0.011259,lblväsv,0.000096,0,0
###nfhjekb###,nfejebb,jfhjedb,0.024405,jfhjedb,0.024405,0,0
###rleliks###,rltkeks,rlvdiks,0.045484,rlvdiks,0.045484,0,0
###kjuaäte###,jkoääae,hkgätae,0.011426,kjyaääe,0.000557,0,0
###nuyuasa###,nyyusaa,nsyusen,0.046392,nkbuasa,0.012316,0,0
###ifhtmey###,ifthhmy,futftms,0.003561,pfntmey,0.000036,0,0
###polioao###,ppöioao,pobigao,0.038123,pobigao,0.038123,0,0
###meuuhle###,meuuhee,mpuuhbe,0.080942,mpuuhbe,0.080942,0,0
###vokjöei###,vojjjji,okjejbt,0.003411,votgöei,0.000980,0,0
###pgessnl###,pgessnl,igesrnl,0.089502,igesrnl,0.089502,0,0
###äoypbtd###,äyypbtd,äotpdtd,0.012399,äotpdtd,0.012399,0,0
###glrfluu###,llafluu,glifguu,0.036036,glifguu,0.036036,0,0
###vkjejöt###,vkjjjtt,okjejbt,0.051984,okjejbt,0.051984,0,0
###sghftub###,sggftub,sgifrub,0.031050,sgifrub,0.031050,0,0
###nhfgeöa###,nkhfeae,nähvuah,0.007391,yhegeöa,0.002073,0,0
###fkpipia###,fkpipia,fkprpda,0.046171,fkprpda,0.046171,0,0
###tfkiuld###,ttuiuld,täkitld,0.037466,täkitld,0.037466,0,0
###pmnippe###,ptmippe,gmniope,0.033194,gmniope,0.033194,0,0
###pouabap###,poaaabp,fomäibp,0.023018,pouaplp,0.018358,0,0
###bfoefgs###,bfoeffs,bsonfäs,0.061496,ifdefgs,0.015646,0,0
###uniybgd###,unniogd,rniytgd,0.032312,rniytgd,0.032312,0,0
###kmfipnä###,kimmpiä,lkkkmnä,0.001947,kmliänä,0.000324,0,0
###nbslyvk###,nkslyvk,nbsnyäk,0.021168,nbsnyäk,0.021168,0,0
###udrusgk###,udräggk,fkrsgtk,0.009526,udduogk,0.007077,0,0
###jmuslro###,jusslro,jheslro,0.227929,jheslro,0.227929,0,0
###vpntäpv###,vnäptpä,ajäpnpv,0.007335,ypntäyv,0.000199,0,0
###eyyääya###,eyyääya,egyräya,0.308259,egyräya,0.308259,0,0
###krrktnj###,krrktnj,ärrntnj,0.037541,ärrntnj,0.037541,0,0
###iyorökä###,iyoräää,iyvrpkä,0.027864,iyvrpkä,0.027864,0,0
###ätlbänb###,ätlknkb,ätlfääb,0.032772,ätlfääb,0.032772,0,0
###gndoksä###,gndoosä,vhdoksä,0.027096,vhdoksä,0.027096,0,0
###fäekdpb###,fbäkkbb,fyekkpb,0.114563,fyekkpb,0.114563,0,0
###ukgeniv###,ukvgeiv,kgvseih,0.007817,utgenrv,0.003779,0,0
###maonfig###,maonfgg,bvonfig,0.041908,bvonfig,0.041908,0,0
###pvppues###,pvuppsu,nvupbgn,0.010954,pvppfls,0.010073,0,0
###tspömis###,tsmööis,tsrögis,0.338360,tsrögis,0.338360,0,0
###fägvfvi###,ftävvvi,fpäoffi,0.018924,mägufvi,0.006762,0,0
###jfynivl###,jflyivl,jfäntvl,0.173992,jfäntvl,0.173992,0,0
###upiukor###,upiukor,upiekar,0.069069,upiekar,0.069069,0,0
###udoegjf###,ujoegjf,uäoepjf,0.071080,uäoepjf,0.071080,0,0
###pguplty###,pgpplty,pguslgy,0.029441,pguslgy,0.029441,0,0
###ofäeöjg###,foäööej,koäögbb,0.013252,lfäeöng,0.004106,0,0
###laojvjg###,laojvjg,lnäujkj,0.004973,yaouvjg,0.004638,0,0
###poegpäs###,poegpäs,poegtms,0.172993,poegtms,0.172993,0,0
###bpfkätd###,bbftkkd,bpfhkfo,0.022625,bkfketd,0.000416,0,0
###idrvlnm###,idrllnl,idrflym,0.014560,idrflym,0.014560,0,0
###vapeäuä###,vppeauä,vbeljvä,0.018008,vapiruä,0.005904,0,0
###bsrsnär###,bsssnär,bsrvuär,0.012428,bsrvuär,0.012428,0,0
###pkjrnvb###,kpjknvb,kkjrbvb,0.067474,kkjrbvb,0.067474,0,0
###lrimyuf###,ldimyff,ltimyff,0.021038,ltimyff,0.021038,0,0
###pahyöuj###,plöyuuj,tujäöij,0.006661,eahyösj,0.005569,0,0
###uftaääy###,ufääyay,ufkäuod,0.019445,uftroäy,0.016260,0,0
###btmrytg###,bmymltg,jmrmgtg,0.032168,brörytg,0.016168,0,0
###adbtpvr###,aabptvr,aybpoer,0.038974,vdbupvr,0.005478,0,0
###uvugyhy###,uugggyy,uvbgthy,0.013049,uvbgthy,0.013049,0,0
###hbvyepk###,hyvykvk,hbvylrk,0.014909,hbvylrk,0.014909,0,0
###ddgloky###,dydggky,dväggby,0.065037,ddtloiy,0.001393,0,0
###iäsvödj###,iäsvfdj,iäsgöpj,0.032496,iäsgöpj,0.032496,0,0
###yrpurui###,yrrupui,ympugui,0.024968,ympugui,0.024968,0,0
###hitösgv###,hitssgv,hvtshov,0.033186,higöpgv,0.020615,0,0
###ökfnsmp###,ökssnsp,öioskde,0.013363,vmfnsmp,0.000145,0,0
###inppylf###,ipipyfy,ivkpyfm,0.024683,itppyef,0.007141,0,0
###yybeiir###,yhybiir,ykpeiir,0.124934,ykpeiir,0.124934,0,0
###gkgvbja###,gkbvbja,kkgibja,0.084414,kkgibja,0.084414,0,0
###ghraokö###,grgkokö,ghaabkö,0.015974,ghaabkö,0.015974,0,0
###mdptdyu###,mtdtdyu,fgptdyu,0.058968,fgptdyu,0.058968,0,0
###svratof###,svtotao,späotkt,0.006451,rvrytof,0.000249,0,0
###boibgsi###,boigifi,boibphi,0.074851,boibphi,0.074851,0,0
###hviäphe###,hpiäpve,hviässe,0.321053,hviässe,0.321053,0,0
###lmngiäp###,lnmgpäp,lfagiäp,0.008302,lfagiäp,0.008302,0,0
###elaepun###,eelenun,eroepun,0.075212,eroepun,0.075212,0,0
###ohnoyuk###,ohnoyuk,njnoyuk,0.014854,njnoyuk,0.014854,0,0
###fdeorop###,fdeorep,fomäibp,0.010085,jdevrop,0.007727,0,0
###inyäpgu###,inyäpau,jnhäpgu,0.015291,jnhäpgu,0.015291,0,0
###ssbktvm###,stäktsm,ssskmvm,0.019041,ssskmvm,0.019041,0,0
###suhorkb###,suhorrb,söhorbb,0.170629,söhorbb,0.170629,0,0
###nfgmkeö###,negmkeö,ybgmkeö,0.011899,ybgmkeö,0.011899,0,0
###vkedomt###,vkdddmt,vheuomt,0.018505,vheuomt,0.018505,0,0
###gdsdumö###,gdsddpö,rdpedpe,0.003610,idsvumö,0.003439,0,0
###goimrou###,goirrou,gvidrou,0.191466,gvidrou,0.191466,0,0
###pvbrogv###,pppgjrv,bhvpjiv,0.003999,pjbnogv,0.002465,0,0
###ipkuhmr###,ipkuhmr,ipkhher,0.091806,ipkhher,0.091806,0,0
###anmjkdf###,anmjkdf,ondjkdf,0.034842,ondjkdf,0.034842,0,0
###jabsjup###,jabujup,jrbsbup,0.012982,jrbsbup,0.012982,0,0
###äjfuuld###,äfäuuud,fibfaud,0.006363,jjfuund,0.001825,0,0
###jhipisg###,jhipisg,jdipmsg,0.311199,jdipmsg,0.311199,0,0
###hkjöhoj###,hkjöhöj,hkuvhoj,0.010463,hkuvhoj,0.010463,0,0
###höävmsk###,höäkmsk,höäfmrk,0.191589,höäfmrk,0.191589,0,0
###äfbsuij###,äfsiuss,äijruöu,0.010160,dfksuij,0.000907,0,0
###vfgjvkm###,vfjjvmv,vfmjsho,0.012530,vugjgkm,0.001735,0,0
###iodkiös###,iiddhks,ifdefgs,0.018043,nodkios,0.005292,0,0
###fpeuvnm###,fpeuvnm,rpeuvmm,0.144720,rpeuvmm,0.144720,0,0
###sjiulee###,sjjllee,sjtllee,0.371494,sjtllee,0.371494,0,0
###rrshbis###,rrhkbis,roshbus,0.022428,roshbus,0.022428,0,0
###lylboor###,lllloor,lylägor,0.085008,lylägor,0.085008,0,0
###rlreyte###,rlteete,rnveyte,0.030547,rnveyte,0.030547,0,0
###eiyujnk###,eiyujnk,ebyuknk,0.006750,ebyuknk,0.006750,0,0
###sllkvrt###,sslklkt,srpkvrt,0.006482,srpkvrt,0.006482,0,0
###öajälbg###,öjoblbg,öjjplbg,0.159097,öjjplbg,0.159097,0,0
###vkomrtv###,vkortrv,tkifeev,0.006383,ykomrbv,0.002910,0,0
###huvöspn###,hvvvöpp,hvbjtpp,0.013262,huöömpn,0.002935,0,0
###hhvylög###,hvvylög,hbvylrk,0.022923,hhvyfsg,0.009447,0,0
###äjissät###,älissät,ätismät,0.115997,ätismät,0.115997,0,0
###smmöpnu###,sumöfnu,sbmdjuy,0.032799,smmörgu,0.002540,0,0
###kmäleld###,kmäkdld,kmäogld,0.092595,kmäogld,0.092595,0,0
###snmrjrr###,smmmsrr,simrbrr,0.021899,snbrjgr,0.002593,0,0
###mysuouk###,mmsukuk,myjutuk,0.016087,myjutuk,0.016087,0,0
###rynvdkä###,ryyvknä,runedkä,0.014346,runedkä,0.014346,0,0
###dktilak###,dktilak,dutipak,0.100257,dutipak,0.100257,0,0
###jmfölse###,jmfllse,jiföase,0.016762,jiföase,0.016762,0,0
###aknhrmb###,aknnmbb,annhrib,0.010751,annhrib,0.010751,0,0
###oberevk###,onererk,oberjok,0.034781,oberjok,0.034781,0,0
###tnvynib###,ttnvnyi,ttnjnvd,0.003142,dnvfnib,0.001239,0,0
###bytftpr###,byfjtpr,byhutpr,0.100137,byhutpr,0.100137,0,0
###sdppvgt###,sdppptt,skähbtt,0.013902,mdpjvgt,0.001362,0,0
###hmeäeug###,hmeääug,hmejerg,0.063281,hmejerg,0.063281,0,0
###joyärhp###,joyärhp,kbyärhp,0.068975,kbyärhp,0.068975,0,0
###jjvfhkh###,jvvvhkh,jnvöhkh,0.038145,jnvöhkh,0.038145,0,0
###krlvaht###,krrvhvt,urlvnht,0.015171,urlvnht,0.015171,0,0
###jpnisrp###,jipisrp,jivbgrp,0.032991,epntsrp,0.004018,0,0
###hhylyjö###,hlhhyjö,hmyayjö,0.133385,hmyayjö,0.133385,0,0
###mausnvh###,mausnvh,oeusnvh,0.004752,oeusnvh,0.004752,0,0
###hekblol###,lbhkool,sbhnnlb,0.013119,nedblol,0.001723,0,0
###rmlgpäd###,rmlgpäd,rälgdäd,0.036201,rälgdäd,0.036201,0,0
###fvkafoj###,fvkfaoj,fkkffoj,0.184461,fkkffoj,0.184461,0,0
###fukisto###,fukisko,iudktko,0.021827,fupiato,0.009910,0,0
###ikdnpub###,ikdppbb,mtdnpub,0.014089,mtdnpub,0.014089,0,0
###gdpfelv###,gdpfehv,gdafeav,0.078903,gdafeav,0.078903,0,0
###ärpdkid###,ärpodkd,rälgdäd,0.002848,äryakid,0.001874,0,0
###nrgggga###,nrnggga,aruggga,0.246112,aruggga,0.246112,0,0
###köägial###,kövaial,köähihl,0.136842,köähihl,0.136842,0,0
###lptgrbe###,llgrgbe,bpgtrse,0.006622,eptgdbe,0.005286,0,0
###foeöäuu###,feeöouu,fleöäju,0.028942,fleöäju,0.028942,0,0
###kböfbis###,kiöfbis,ksöffis,0.028868,ksöffis,0.028868,0,0
###rärdneb###,rändndb,rälkneb,0.061247,rälkneb,0.061247,0,0
###ibmkähd###,ibdmähd,ilrmäof,0.010803,hbäkähd,0.009236,0,0
###sörymbg###,sööyybg,sövymyg,0.035943,sövymyg,0.035943,0,0
###nsupban###,nsupubn,nvupbgn,0.031432,nvupbgn,0.031432,0,0
###slhaobv###,sbabobv,sbkueav,0.006791,llhaoäv,0.000184,0,0
###hnprgay###,hnpngya,hsplgay,0.019933,hsplgay,0.019933,0,0
###bkgnrbp###,bkggrbp,bmgnmbp,0.038722,bmgnmbp,0.038722,0,0
###äosbljb###,äossjlb,äsnbubb,0.006204,nonbljb,0.004318,0,0
###tijhlfi###,tijllli,thjhkfi,0.014691,thjhkfi,0.014691,0,0
###föipnji###,fpipnji,föikyji,0.076036,föikyji,0.076036,0,0
###bviblnb###,bvribnn,bvräeob,0.037903,pvrblnb,0.005696,0,0
###mpkyeär###,mykeyär,mpkskär,0.029761,mpkskär,0.029761,0,0
###adiikgm###,ahadkgm,riadkge,0.042088,adiäagm,0.005336,0,0
###rlefngp###,relfnpp,ruefnip,0.034772,ruefnip,0.034772,0,0
###rsopkji###,rspppki,rstplis,0.019787,ysgpkji,0.004933,0,0
###gufmjök###,gugmjkk,gufpjik,0.055229,gufpjik,0.055229,0,0
###öteeksk###,ööteisk,vteejsk,0.017097,vteejsk,0.017097,0,0
###ydvoämy###,ydvvomy,yduonmy,0.026298,yduonmy,0.026298,0,0
###lsurbmm###,lsurubm,ssskmvm,0.008981,ssmrbmm,0.001207,0,0
###frtyods###,fyoyods,ägtyods,0.028016,ägtyods,0.028016,0,0
###kkubldn###,kdublnn,kmublln,0.048582,kmublln,0.048582,0,0
###örifydt###,ödifytt,ötifndt,0.026024,ötifndt,0.026024,0,0
###mgpörmu###,mgupräu,musörmu,0.007750,musörmu,0.007750,0,0
###kuöiäpk###,kuöiäpk,kuöilik,0.063063,kuöilik,0.063063,0,0
###mrvatvr###,mrtajrr,mrvbtbr,0.011034,mrvbtbr,0.011034,0,0
###dbernbm###,dbernbm,öbejnbm,0.122109,öbejnbm,0.122109,0,0
###lyändup###,lnludup,urändup,0.029263,urändup,0.029263,0,0
###yäpmslt###,yppmstt,ybpmsnt,0.057029,ybpmsnt,0.057029,0,0
###hajurny###,hajhrry,eajubny,0.007735,eajubny,0.007735,0,0
###jjävhtn###,jrävttn,ärhvtts,0.009070,jjäyhsn,0.000753,0,0
###uvähvsl###,uvähhsl,uvihisl,0.038419,uvihisl,0.038419,0,0
###imtkvöi###,ittkvii,intävöi,0.229270,intävöi,0.229270,0,0
###ptgsthm###,pggsthm,btgöthm,0.014771,btgöthm,0.014771,0,0
###profepj###,profprj,pgofeoj,0.065667,pgofeoj,0.065667,0,0
###ihvkhla###,ivhhhaa,ävrjhpd,0.005220,ihnkhna,0.001083,0,0
###näevbta###,nänetta,nhneatm,0.013992,nmdvbta,0.004987,0,0
###ekklstv###,eklkesv,grhtesv,0.020885,ekpjstv,0.001914,0,0
###lsmehan###,lsmeehn,dvmehan,0.002553,dvmehan,0.002553,0,0
###buuuifl###,bnuuifl,buuäyfl,0.042339,buuäyfl,0.042339,0,0
###elgohhs###,eloghhs,elngffo,0.009487,elgoobs,0.001448,0,0
###beoeifi###,beoeiei,bgosifi,0.047583,bgosifi,0.047583,0,0
###duggioj###,uggdooj,rugfioj,0.005908,rugfioj,0.005908,0,0
###pjfvvud###,pjvvvud,pjbbvud,0.035867,pjbbvud,0.035867,0,0
###lfpiaäu###,lfpaafu,lfviräu,0.012114,lfviräu,0.012114,0,0
###sgpbemy###,sspgeyy,rybmeyk,0.004445,ggpbbmy,0.000164,0,0
###kosmtbr###,kkoomtr,outsmtr,0.008042,äodmtbr,0.001411,0,0
###omofökn###,ommfkkn,omlämty,0.004201,omottkn,0.003883,0,0
###mjhymky###,mmhayky,mmhgyhr,0.016096,njhygky,0.011766,0,0
###yöygäaö###,yyyöfaö,yoyghaö,0.011526,yoyghaö,0.011526,0,0
###jimiavo###,jijiavo,fimigvo,0.044444,fimigvo,0.044444,0,0
###fskökpy###,fsöökpy,iskövpy,0.065194,iskövpy,0.065194,0,0
###ktumnöu###,kummtöu,äbmtttu,0.010134,ktudneu,0.000491,0,0
###hdlfpuu###,hlpfuuu,glifguu,0.032955,hdläpiu,0.005530,0,0
###oohfynt###,oohfytt,odhfyöt,0.025441,odhfyöt,0.025441,0,0
###hatrtfk###,httktfk,hbvylrk,0.011960,mabrtfk,0.006533,0,0
###aiaekge###,aabkkee,frefeie,0.004441,riadkge,0.001770,0,0
###rbkokfj###,rkkkkff,rbkykäj,0.020511,rbkykäj,0.020511,0,0
###huoityy###,hutihiy,hisdfty,0.010826,muobtyy,0.005213,0,0
###fiepyel###,feepiyl,piepkel,0.005456,piepkel,0.005456,0,0
###aohvtts###,aohhtst,noovtsh,0.013633,ärhvtts,0.003772,0,0
###bfneäro###,fnenero,bsnhäro,0.034437,bsnhäro,0.034437,0,0
###steaaed###,sttadad,sneaged,0.009653,sneaged,0.009653,0,0
###jtmvösy###,jjtvmsy,rrtvshy,0.007499,dtmvöby,0.000314,0,0
###rnäjvts###,rrntsts,rrtvshy,0.014053,rnfjvbs,0.001843,0,0
###vkjnuai###,vkjnuui,vkjsuyi,0.205209,vkjsuyi,0.205209,0,0
###eggpevd###,egppevd,ebgphvd,0.114754,ebgphvd,0.114754,0,0
###ikulikj###,ikulijj,ikujhkj,0.017875,ikujhkj,0.017875,0,0
###ttmeägn###,tmmeägn,tuieägn,0.063280,tuieägn,0.063280,0,0
###uvfjödd###,uvuödjd,övvöhdl,0.016078,upfjädd,0.006490,0,0
###äeffvhu###,äefffhu,äefehhu,0.176277,äefehhu,0.176277,0,0
###väbätji###,vvbtjji,vjbäbji,0.013156,vjbäbji,0.013156,0,0
###häungtp###,häggttp,häosgty,0.010552,mäunntp,0.005528,0,0
###upfsbot###,upssbot,vpfsbtt,0.032216,vpfsbtt,0.032216,0,0
###bufktko###,bbfftko,iudktko,0.016613,iudktko,0.016613,0,0
###ubofhno###,ubffhno,uvsronm,0.008508,ubhfhmo,0.008124,0,0
###fpbgjkk###,fbgkjkk,fpbujök,0.028093,fpbujök,0.028093,0,0
###euivbäy###,ruhviäy,euivluy,0.006475,euivluy,0.006475,0,0
###yfddrol###,yfydrrl,yfdddjl,0.058561,yfdddjl,0.058561,0,0
###kgläuyk###,ölläuyk,ygpäuyk,0.338845,ygpäuyk,0.338845,0,0
###lgrfttb###,lggftlb,sgifrub,0.012251,eyrfttb,0.009231,0,0
###ongpifh###,ongppfh,jevphfh,0.011035,okgpilh,0.009581,0,0
###äifbenb###,äiefenb,ätlfääb,0.004844,aiftenb,0.002760,0,0
###ndivmaä###,nnivvdä,ägieidä,0.015509,bdivmhä,0.009063,0,0
###fdjdmlö###,fddjjlö,fdidtlö,0.046033,fdidtlö,0.046033,0,0
###ujnybnp###,ujnbybp,jutbybk,0.007507,ujmyjnp,0.003772,0,0
###dvktömr###,dvtvtmö,dkevtdg,0.010746,däktumr,0.000515,0,0
###ibugsdg###,ibugudg,pbygsdg,0.055323,pbygsdg,0.055323,0,0
###dkbsbkk###,dkssbbk,ämikblk,0.005986,jabsbkk,0.003630,0,0
###rdjsrrb###,rrrsrrb,rrbdvir,0.011526,rljkrrb,0.005769,0,0
###dvttism###,dvtsidm,dvtfgsm,0.025697,dvtfgsm,0.025697,0,0
###emsuile###,emssiie,emsubte,0.043138,emsubte,0.043138,0,0
###rttöeuv###,tttövuv,utgenrv,0.053667,vgtöeuv,0.005420,0,0
###lbydjvt###,lbbvjtt,lblväsv,0.016411,lfydmvt,0.000538,0,0
###blkdjdo###,bdkndoo,bfkjpjk,0.007128,blkdsyo,0.002392,0,0
###btmökjö###,bmmöfjö,bttökjy,0.250701,ntmjkjö,0.014763,0,0
###rlflääy###,rllfyäy,ilaäify,0.005013,rlfltry,0.002387,0,0
###koglred###,kogrred,koilded,0.009836,koilded,0.009836,0,0
###jnnoukt###,jnnnukt,jynoakt,0.026831,jynoakt,0.026831,0,0
###oyguöur###,yygohur,yrjosuö,0.005702,oygupnr,0.001355,0,0
###söujutj###,sujjttj,söbjitj,0.016438,söbjitj,0.016438,0,0
###jyoiksy###,jyoksyy,jäokbot,0.011329,jyoilgy,0.009509,0,0
###äbvsotj###,ävosotj,äväamlj,0.011697,äjvsofj,0.008741,0,0
###fvyvgmt###,fftvgmt,fftvgmt,0.241650,fftvgmt,0.241650,0,0
###mhdjnif###,mhdjfif,mhdjäkf,0.054363,mhdjäkf,0.054363,0,0
###ognefjf###,onnjejf,ognaojf,0.127456,ognaojf,0.127456,0,0
###bgiyegm###,gbiiegm,grigegs,0.016729,bkiyesm,0.016189,0,0
###ojuuhos###,jhurhos,oluohos,0.033656,oluohos,0.033656,0,0
###bpvlkbn###,bplpvbn,bärhkfn,0.002759,bpslybn,0.001909,0,0
###gujmaaf###,gujuauf,grjdaaf,0.017946,grjdaaf,0.017946,0,0
###äjäsoöj###,äjsoäöj,äjenoöj,0.018590,äjenoöj,0.018590,0,0
###kfsjafv###,sfksakv,jfjkatv,0.019907,kvssafv,0.004472,0,0
###älyoaes###,äloyaas,äfsyyes,0.044324,ängoaes,0.004322,0,0
###jkptnmb###,jktktbb,gktldäb,0.008219,jgpjnmb,0.003717,0,0
###osunhgs###,osoätgs,osogtmp,0.033801,onunhbs,0.007175,0,0
###tjfueyl###,tjfyeyl,tjfjoyl,0.202801,tjfjoyl,0.202801,0,0
###utjsugd###,uttsgdd,jtulgdd,0.016494,ugjsdgd,0.000459,0,0
###bsfävyd###,bsfävyd,bsfmvjd,0.095453,bsfmvjd,0.095453,0,0
###ghbnnjs###,ghbnbns,hjmngns,0.032659,ehbnjjs,0.006484,0,0
###pöiplir###,pöiirir,nöipoir,0.042242,nöipoir,0.042242,0,0
###idmertp###,idmertr,idufröu,0.015530,idöerup,0.015484,0,0
###geeaaöm###,geeaamm,gedbaöm,0.071762,gedbaöm,0.071762,0,0
###fgyvijd###,fgtvijd,fggviod,0.122026,fggviod,0.122026,0,0
###öböubrn###,ööubbun,upöubrn,0.005083,upöubrn,0.005083,0,0
###jeyählä###,jeyählä,jhymhlä,0.012328,jhymhlä,0.012328,0,0
###rtnkmtk###,rantnrk,ktnjkjk,0.003734,htnketk,0.000218,0,0
###pflujhn###,pfluohh,tflunhn,0.012001,tflunhn,0.012001,0,0
###mkvämdi###,mekävdi,rjvämdi,0.016873,rjvämdi,0.016873,0,0
###npgilll###,npgilll,npgdldl,0.211609,npgdldl,0.211609,0,0
###esnuukk###,ensuukk,eonuakk,0.013944,eonuakk,0.013944,0,0
###ueytösl###,uettlsl,ueytivl,0.013089,ueytivl,0.013089,0,0
###uhmtaff###,uttataf,vyttjkf,0.006430,uhmspff,0.001115,0,0
###deiayrh###,deayyrh,deimhrh,0.016028,deimhrh,0.016028,0,0
###vsöornj###,vsvoröj,vsuriöv,0.007844,äsöoryj,0.003822,0,0
###dauäglb###,däuällb,dauäojb,0.022147,dauäojb,0.022147,0,0
###dpoetoh###,dpoetoh,dfomtoh,0.156450,dfomtoh,0.156450,0,0
###oikjjöh###,okjjhkh,okjejbt,0.028014,oikdjph,0.016272,0,0
###kiäögib###,iiäögbb,koäögbb,0.016860,koäögbb,0.016860,0,0
###jldpgät###,jddpäät,jnhpgät,0.008061,jnhpgät,0.008061,0,0
###hfrdsvl###,hdsdsvl,hfsjsvl,0.174336,hfsjsvl,0.174336,0,0
###äbihlnf###,äbiilln,fbohlnf,0.008378,fbohlnf,0.008378,0,0
###irldäou###,irrddou,irlkrou,0.016806,irlkrou,0.016806,0,0
###vkjnmvd###,vkjnjvd,vkjnäjd,0.066117,vkjnäjd,0.066117,0,0
###otaeöua###,otaaaua,otanaua,0.307342,otanaua,0.307342,0,0
###rupoojt###,ruruojt,ruptolt,0.024874,ruptolt,0.024874,0,0
###nfjmbnä###,nbjmämä,nfämänä,0.040886,nfämänä,0.040886,0,0
###puvtthh###,uuvtthh,punfthh,0.031826,punfthh,0.031826,0,0
###usakspp###,uapaspp,umäasäv,0.022893,fsbkspp,0.002288,0,0
###bvdipyl###,bbdilyl,bvdlpjl,0.043662,bvdlpjl,0.043662,0,0
###rsbmevo###,rsbbevo,rsimedo,0.070243,rsimedo,0.070243,0,0
###hsyfbok###,hysääok,hnymjok,0.071819,hsyätok,0.029198,0,0
###nfdyebö###,nydyebb,lrtyabb,0.002232,dfdöebö,0.001300,0,0
###hbueeau###,hbbeeau,hlbräeu,0.011613,ägueeau,0.010489,0,0
###rtonmhk###,rhntnkk,rljnmhk,0.024403,rljnmhk,0.024403,0,0
###ygesöfv###,ygvsöfv,sgtsörv,0.051086,ygsstfv,0.002681,0,0
###rfläbdn###,räfdbgn,räollgp,0.032348,efländn,0.000100,0,0
###amybvoy###,ambaoyy,emybhoy,0.007651,emybhoy,0.007651,0,0
###nthkvtä###,nthtvkä,ethtvtä,0.023938,ethtvtä,0.023938,0,0
###öjubkpl###,öjfbklk,däfbkoh,0.012865,ödobkpl,0.011729,0,0
###vsprihv###,vsvrpvv,iyvrpkä,0.006126,vsuriöv,0.004410,0,0
###mapiuue###,mapupme,lihupui,0.008597,mmpnuue,0.002559,0,0
###shbiyre###,shsyrre,shbrbre,0.035255,shbrbre,0.035255,0,0
###htjguoe###,htggoee,hkgätae,0.008849,vpjguoe,0.007824,0,0
###suktptv###,suttttv,sdnttvf,0.008928,huktmtv,0.005541,0,0
###täjuärs###,tutuärs,tdgujnb,0.003514,jäjlärs,0.000340,0,0
###ffdlprj###,ffddprj,ffllpbj,0.036750,ffllpbj,0.036750,0,0
###kmfgsyi###,kyfmkyi,kvggsyi,0.014220,kvggsyi,0.014220,0,0
###jihbutö###,jibuuöö,jhdvuöt,0.023500,eihbuvö,0.005471,0,0
###uhrhsev###,uhrhsev,thrhnev,0.032378,thrhnev,0.032378,0,0
###riruvmn###,riruvmn,giruvnn,0.191376,giruvnn,0.191376,0,0
###mijtinl###,mijtnnl,ovjtinl,0.040063,ovjtinl,0.040063,0,0
###smyuäit###,smyuait,ömyubit,0.055436,ömyubit,0.055436,0,0
###fahjädk###,ffhhädk,fkhjvdk,0.012123,fkhjvdk,0.012123,0,0
###elämftb###,eemfttb,eyrfttb,0.062641,eöämetb,0.001657,0,0
###doghbpg###,donbbpg,doöhopg,0.041071,doöhopg,0.041071,0,0
###etmduyl###,ettddyl,ethdvyl,0.216670,ethdvyl,0.216670,0,0
###aemdirl###,kemdrel,bemdmen,0.017647,aefyirl,0.001597,0,0
###köiaetk###,kökaitk,koiamtk,0.071123,koiamtk,0.071123,0,0
###yebgmuu###,ybbgmsu,ybvjkmu,0.008015,gebgmru,0.005817,0,0
###gkfbdyi###,gybbdii,gkäbbyi,0.021391,gkäbbyi,0.021391,0,0
###ovfyyam###,omffyym,oiflyum,0.007232,ovoyyum,0.000920,0,0
###aäröksa###,aäraksa,aärjkha,0.299617,aärjkha,0.299617,0,0
###oeyejbe###,ooeejbe,okjejbt,0.035273,lepejbe,0.031861,0,0
###ttlvnid###,trlvnnd,ttlvlmd,0.142066,ttlvlmd,0.142066,0,0
###bllygkh###,hlagkkh,ellifhh,0.016247,blgygyh,0.002793,0,0
###vytrjef###,vytrjee,vfhrkäe,0.018049,vyttjkf,0.006612,0,0
###ihihtvr###,ihihtvr,ihiiijj,0.038960,hhihbvr,0.027286,0,0
###mvlbjno###,mrvrjno,fgvfvno,0.007631,melbbno,0.002420,0,0
###torimäu###,tlrimäu,tfrimsu,0.078041,tfrimsu,0.078041,0,0
###dkmpphä###,dkkppgä,pkmppöä,0.047805,pkmppöä,0.047805,0,0
###heiräfn###,heieäfn,seiräen,0.026333,seiräen,0.026333,0,0
###äfttjyn###,äftttyn,kftthyn,0.010098,kftthyn,0.010098,0,0
###äödmgfn###,äddjgmn,äduethn,0.008569,lfdmgfn,0.003372,0,0
###dhunmrj###,dhuntrj,rhunörj,0.032041,rhunörj,0.032041,0,0
###hviguof###,hvigrof,hbigumf,0.091704,hbigumf,0.091704,0,0
###uahhsdf###,uaahtff,lkhmgaf,0.017414,uahpspf,0.006794,0,0
###iejullf###,iejlulf,injultr,0.032126,ikjnllf,0.008240,0,0
###äsyuhjv###,äsyhhjv,äsrusjv,0.050879,äsrusjv,0.050879,0,0
###bädbdjä###,bädbdjä,mäfbdmä,0.030136,bänädjä,0.028479,0,0
###oöonfäs###,ononääs,öröäääs,0.068051,bsonfäs,0.014540,0,0
###poäpjdv###,pdäjjjv,toääjdv,0.052612,toääjdv,0.052612,0,0
###hymnrur###,hynmrur,hysärur,0.116904,hysärur,0.116904,0,0
###kdtärku###,kdttrru,koturhf,0.018815,emtärku,0.007370,0,0
###nahrgvf###,naargvr,nrhrdvf,0.025698,nrhrdvf,0.025698,0,0
###rsössbk###,esösbbk,vsösbbk,0.096551,vsösbbk,0.096551,0,0
###gviyrrl###,gigyrrl,giiyrhl,0.109103,giiyrhl,0.109103,0,0
###andlohr###,anddovr,andäomr,0.062764,andäomr,0.062764,0,0
###gykpbjy###,gkypbjy,jyjpbjy,0.030874,jyjpbjy,0.030874,0,0
###ävheäbp###,ävheäbp,ävtiäbp,0.010846,ävtiäbp,0.010846,0,0
###äynehev###,äynvhev,hunehed,0.007103,iynejev,0.005563,0,0
###anevapp###,apevapp,bnevopp,0.031136,bnevopp,0.031136,0,0
###dhnjdab###,dhnjdab,dunjsab,0.071994,dunjsab,0.071994,0,0
###kvdutom###,kvudtom,kvnntom,0.035551,kvnntom,0.035551,0,0
###luyförv###,lyyuörv,lutfprv,0.064230,lutfprv,0.064230,0,0
###erriuej###,ribejij,epröjij,0.014536,pbriuej,0.000718,0,0
###nadjyli###,ndajili,npdjdli,0.063319,npdjdli,0.063319,0,0
###gdbsneg###,gdbseeg,sdbskeg,0.021801,sdbskeg,0.021801,0,0
###deeljvä###,deelvvä,vbeljvä,0.036343,vbeljvä,0.036343,0,0
###tbbähdi###,btbähdi,tsbäkdi,0.038274,tsbäkdi,0.038274,0,0
###hrösyrr###,hrössrr,hgösyar,0.004883,hgösyar,0.004883,0,0
###faämkop###,ffämkpp,fvdmkop,0.019656,fvdmkop,0.019656,0,0
###eöbygij###,eöbyöyj,löbyyij,0.033716,löbyyij,0.033716,0,0
###fatäiri###,ffairii,gtaläii,0.009779,gatbiri,0.003140,0,0
###fdyrrte###,fddyrte,tdlyrto,0.020055,fdyurie,0.007951,0,0
###tpsoukn###,tpsoukn,tssolkn,0.083520,tssolkn,0.083520,0,0
###dkemrdg###,dkkmerg,dkvelrg,0.037107,dkevtdg,0.005008,0,0
###jboyddn###,jjoydnd,tjoygae,0.002863,jboyitn,0.000397,0,0
###tpgndia###,ttgndna,tlgndba,0.083064,tlgndba,0.083064,0,0
###bgefkpi###,bbgfkpi,ybgmkeö,0.011787,ngefppi,0.000404,0,0
###dgeklit###,dtellit,dhelkft,0.061869,dgdulit,0.028232,0,0
###lngbrmd###,lngrrrd,lngprkd,0.013851,lngprkd,0.013851,0,0
###glfrhmf###,gggfhmm,ubhfhmo,0.011155,glörhäf,0.003614,0,0
###uönvkig###,uöövkfg,uöjvkug,0.021026,uöjvkug,0.021026,0,0
###smrjhfh###,smrjhhh,imruhfh,0.011115,imruhfh,0.011115,0,0
###hlfoubs###,hlhobbs,rnfjvbs,0.009545,hgsoubs,0.003583,0,0
###ymidlmn###,ymndlmn,imrlnol,0.006748,hridlmn,0.003010,0,0
###utlhfgö###,utllfgö,utlbfvö,0.080668,utlbfvö,0.080668,0,0
###mtopäit###,mpopäit,euopäit,0.049464,euopäit,0.049464,0,0
###uaamkkr###,uaamkkk,uarlkbk,0.077370,uaamofr,0.055726,0,0
###erpimtb###,prmitbb,htöifbb,0.010597,yrpiatb,0.003535,0,0
###mäktäki###,mäktäii,mrlmvii,0.011037,ööktäki,0.005671,0,0
###pmhrvmr###,prhhvmr,fmrrvmr,0.008509,fmrrvmr,0.008509,0,0
###iymosgh###,iimoehh,ismogel,0.009811,hyposgh,0.007754,0,0
###göhetje###,göheete,grhtesv,0.025453,vöhttje,0.004807,0,0
###rgdptbo###,rdgrpbb,odgpäoa,0.005278,lgdptuo,0.000337,0,0
###ouijsvy###,ouijsvy,muinsvy,0.177100,muinsvy,0.177100,0,0
###imtbeug###,iitkbug,ipjkbua,0.013741,imtredg,0.005657,0,0
###eulivpj###,euvliij,efvsibj,0.031901,eultvfj,0.004797,0,0
###övvvhtl###,vöävttl,vöhttje,0.036552,övvöhdl,0.000538,0,0
###guftjfp###,gtftjup,goftjnp,0.035907,goftjnp,0.035907,0,0
###uedegsj###,uddessj,ledemsj,0.051215,ledemsj,0.051215,0,0
###jkksjkh###,jkksjkh,mpksjkh,0.056909,mpksjkh,0.056909,0,0
###bubpait###,bubiait,bbtiaol,0.013641,bubneit,0.002586,0,0
###rrtösuy###,rrsstuy,ohdsfyy,0.005368,rrtvshy,0.002044,0,0
###drblrhu###,drbllhu,dgbllhu,0.187249,dgbllhu,0.187249,0,0
###fkvuväg###,fkuuväg,fkouvhg,0.158512,fkouvhg,0.158512,0,0
###iggovid###,igvovid,ilmovid,0.095386,ilmovid,0.095386,0,0
###fgglmem###,fggtmem,fgvlvem,0.026161,fgvlvem,0.026161,0,0
###lyyäpjs###,lyyäpjs,lyyänfs,0.080441,lyyänfs,0.080441,0,0
###iiggoml###,iigggml,kipgoml,0.035718,kipgoml,0.035718,0,0
###kaeköml###,köfkkml,kaekosl,0.037287,kaekosl,0.037287,0,0
###rbprjjv###,rbjjjrv,lbptjjv,0.032531,lbptjjv,0.032531,0,0
###utblväd###,utllohd,gohljdd,0.007284,etblvpd,0.005728,0,0
###rogphye###,rogphye,rogtjye,0.259499,rogtjye,0.259499,0,0
###odemnju###,oedmjnu,otdyind,0.010481,ydrmnju,0.006417,0,0
###iiklyfm###,iikelfm,ivkpyfm,0.040197,ivkpyfm,0.040197,0,0
###iulärrg###,irnlägg,imrlnol,0.006302,mulärög,0.000026,0,0
###tvyöofo###,tvtyöoo,tvyjoyo,0.022880,tvyjoyo,0.022880,0,0
###dähbäpä###,dhhbööä,dähbftä,0.290999,dähbftä,0.290999,0,0
###leätkfj###,leätkkj,lnäujkj,0.051222,lempkfj,0.051063,0,0
###hbdhbsn###,hhdsbsn,undhbsn,0.028883,undhbsn,0.028883,0,0
###däfmhoh###,dämfhoh,däfbkoh,0.058451,däfbkoh,0.058451,0,0
###ädfdpss###,äffpsds,äoftsds,0.054815,pffdpss,0.004760,0,0
###jsgplis###,jgsplss,jäspmdt,0.015600,rstplis,0.001944,0,0
###yarökmd###,yrrökmd,yurdkmd,0.073369,yurdkmd,0.073369,0,0
###roehljt###,rorhjjt,fhphjbv,0.004157,rokuljt,0.001350,0,0
###ujmgikg###,ujmjkgg,ujagisg,0.007012,ujagisg,0.007012,0,0
###ythkbak###,thhbbbk,thdybov,0.012916,ethkbik,0.002587,0,0
###tfätiöv###,tfätitv,tfärilv,0.059759,tfärilv,0.059759,0,0
###agarkoh###,roagkoh,aganyoh,0.014790,aganyoh,0.014790,0,0
###näkkävu###,nääkkhu,hbäkähd,0.008179,uäklävu,0.000133,0,0
###dgölivd###,dvellvl,gvpylvg,0.027010,sghlivd,0.002688,0,0
###kehosoa###,kehoooa,kehäsfa,0.006687,kehäsfa,0.006687,0,0
###etöipbb###,etöipbb,htöifbb,0.225145,htöifbb,0.225145,0,0
###sbrkbsb###,ssrkbsb,ufrdbsb,0.102856,sbhkbob,0.009612,0,0
###bnmobki###,bnmobki,bnbgbki,0.061133,bnbgbki,0.061133,0,0
###kkämlno###,krämtno,kyamlno,0.170131,kyamlno,0.170131,0,0
###rnpojkd###,rrpkjkd,rfpujkd,0.037027,rfpujkd,0.037027,0,0
###jäbpaöe###,jjppööe,jäsaaöe,0.020041,jäsaaöe,0.020041,0,0
###umäaebv###,uaäaebv,uarlkbk,0.006190,umäasäv,0.003034,0,0
###reguhäf###,rehuhäf,regrväf,0.010553,regrväf,0.010553,0,0
###uäsmviö###,uismviö,uärmvuö,0.003967,uärmvuö,0.003967,0,0
###jeryörs###,jrröörs,tsrögis,0.011943,jepeörs,0.011715,0,0
###suoträp###,sttrräp,suyhräp,0.037898,suyhräp,0.037898,0,0
###mkamtsh###,mkmatsh,mkvptsh,0.058637,mkvptsh,0.058637,0,0
###shmäöys###,ssmmsys,shmesys,0.102348,shmesys,0.102348,0,0
###bäouejn###,bäobejn,voouejn,0.035111,voouejn,0.035111,0,0
###ipmdruo###,ipmdruo,ipmdmvo,0.049850,ipmdmvo,0.049850,0,0
###hgoyvhg###,hgoyvhg,jgoyöhg,0.101643,jgoyöhg,0.101643,0,0
###ksäeytj###,ksäyytj,ksleutj,0.044549,ksleutj,0.044549,0,0
###fäynajk###,ftyyajk,fäeaajk,0.081500,fäeaajk,0.081500,0,0
###lämrhnd###,drrähnd,ljmnhnd,0.008788,ljmnhnd,0.008788,0,0
###oguyoue###,oguyyue,öglyoue,0.014691,öglyoue,0.014691,0,0
###jatoään###,ajtoään,jotoäun,0.129531,jotoäun,0.129531,0,0
###prbkvry###,prbbvry,preähfy,0.006410,pdbkvoy,0.005047,0,0
###pävröbs###,pävrrbs,pävgkbs,0.067926,pävgkbs,0.067926,0,0
###mrrfhei###,mrmfhei,srrihei,0.015597,srrihei,0.015597,0,0
###egyeärr###,ggvyäär,uauyemr,0.005091,egyejyr,0.002581,0,0
###pvtbghk###,tppgghk,tjpeghp,0.009702,putbihk,0.004609,0,0
###sdöttöf###,sstdtef,stthtes,0.037762,sdnttvf,0.006070,0,0
###lkhbktr###,hhhbjir,lvhdktr,0.009887,lvhdktr,0.009887,0,0
###mvyvsry###,mvymsmy,mvyssby,0.035243,mvyssby,0.035243,0,0
###hvnuink###,hhnuink,hvguivk,0.031635,hvguivk,0.031635,0,0
###kyvsrih###,kyvsrhh,kgvseih,0.033377,kgvseih,0.033377,0,0
###gdjlhnp###,gjdlnnp,odälhnp,0.020691,odälhnp,0.020691,0,0
###ppktrse###,ppktrse,bpgtrse,0.167210,bpgtrse,0.167210,0,0
###söjähom###,sfjähöm,jvjähom,0.051023,jvjähom,0.051023,0,0
###kviahrt###,kvtairt,kmraguy,0.004221,köiphrt,0.002839,0,0
###fpsihlh###,pfpislh,bfptslr,0.030504,bpmihlh,0.016819,0,0
###yuhdmäh###,yuudmäh,ylhdmdh,0.013308,ylhdmdh,0.013308,0,0
###uutytms###,uutytmy,futftms,0.212633,futftms,0.212633,0,0
###dyjvhöo###,dyjvoöo,dbjlhöo,0.136294,dbjlhöo,0.136294,0,0
###hrfhvhg###,hfhhvhg,hubefhd,0.009097,hrflvsg,0.005539,0,0
###agibvlg###,agabvvg,agybväg,0.181369,agybväg,0.181369,0,0
###jdhfhbt###,jöhfhbt,jkhfhät,0.070327,jkhfhät,0.070327,0,0
###lsikblk###,llikblk,ämikblk,0.104870,ämikblk,0.104870,0,0
###lyjogig###,lljoggg,lbjogkg,0.262286,lbjogkg,0.262286,0,0
###jftasjo###,jftaajo,jvtlsjo,0.179113,jvtlsjo,0.179113,0,0
###khuhmjv###,khujhjv,khlemjv,0.080487,khlemjv,0.080487,0,0
###pvitemd###,piptemd,pvgtämd,0.025325,pvgtämd,0.025325,0,0
###fvävöau###,fvvvfuu,fnipfsu,0.012499,fpävgau,0.006204,0,0
###mltövrd###,mmltvöd,mlltroö,0.007147,mouövrd,0.005911,0,0
###robmgmy###,robogmy,robehmy,0.098879,robehmy,0.098879,0,0
###tnprshj###,ttprshj,ogmrsmj,0.012417,tneushj,0.004911,0,0
###meyadhä###,meyadhä,meyatyä,0.102223,meyatyä,0.102223,0,0
###jvdävoj###,jdäjjjo,jvtlsjo,0.011161,jvdykoj,0.001544,0,0
###ygpobaf###,ggpobaf,ggpbbmy,0.024053,ygiojaf,0.007644,0,0
###ibdpajy###,ipdpajy,ipipajy,0.175888,ipipajy,0.175888,0,0
###fölfldn###,fdlllnd,fltrlod,0.015386,fvlnldn,0.001190,0,0
###nptkhön###,nptkhön,nbtkfön,0.045172,nbtkfön,0.045172,0,0
###ksyäeyr###,kkyäryr,egyejyr,0.016181,ksyketr,0.006907,0,0
###kyineom###,kyinnom,kvnntom,0.170203,kspneom,0.017989,0,0
###gsköfur###,grökuur,brdkjrr,0.011555,gskefdr,0.000658,0,0
###rnyrssu###,ryyrsäu,rmgvksf,0.005466,rävrssu,0.004192,0,0
###kgirrbg###,kkirbbg,rlirrtg,0.010686,kgirpdg,0.000871,0,0
###tmlijjb###,timijit,tjpsjbt,0.005983,tylibjb,0.001631,0,0
###rkvuhlv###,rkvhhhy,rprvbhl,0.010455,rkduhsv,0.002519,0,0
###rvekekv###,rnekeev,rpeuvmm,0.006563,ivskekv,0.006101,0,0
###fbumufg###,fbmugfg,fbummög,0.035126,fbummög,0.035126,0,0
###kdgyypö###,kdgyypö,kdgybjö,0.349498,kdgybjö,0.349498,0,0
###lrspökb###,lrspökb,yrtpökb,0.214659,yrtpökb,0.214659,0,0
###ymjölfb###,yjjöffb,vmjökfb,0.038533,vmjökfb,0.038533,0,0
###otsydsb###,otdddsb,otivdsb,0.021493,otivdsb,0.021493,0,0
###odgpvfa###,odappva,odgpäoa,0.096146,odgpäoa,0.096146,0,0
###uegojfk###,eegjjef,fdgyjef,0.016771,uegirfk,0.000932,0,0
###ihdfijj###,ihddhjj,ihiiijj,0.058524,ihiiijj,0.058524,0,0
###äbisvnn###,äbivibn,äahvvvn,0.016555,gbisinn,0.005626,0,0
###rovsriä###,rlvsrär,lfviräu,0.010940,rovnrlä,0.005456,0,0
###mktunkj###,mktutkj,mäpunkj,0.100732,mäpunkj,0.100732,0,0
###jbgblsj###,jvgblsj,jänblsj,0.128884,jänblsj,0.128884,0,0
###pfpfrlr###,pfpbrlr,bfptslr,0.079240,mhpfrlr,0.056229,0,0
###gadmöut###,gafmdut,jadmyut,0.027079,jadmyut,0.027079,0,0
###sdursmi###,sddusmi,ndvrsmi,0.020431,ndvrsmi,0.020431,0,0
###kujdokf###,kkdkkkf,ondjkdf,0.015623,kugdhkf,0.001599,0,0
###kboidär###,bkoooär,mboisär,0.007541,mboisär,0.007541,0,0
###mdjvmsr###,mdjvvsr,hyjvvdg,0.006640,mdnamsr,0.004265,0,0
###khyfmdr###,khyfmdr,nhydmdr,0.090791,nhydmdr,0.090791,0,0
###nnuftki###,nnkfnki,ngefppi,0.004177,iiuftki,0.001057,0,0
###nkgfefi###,nkgfffi,kkgfesi,0.023842,kkgfesi,0.023842,0,0
###gnäaökf###,gääaökf,bnäaekf,0.072886,bnäaekf,0.072886,0,0
###öäollyp###,öjollyp,räollgp,0.012443,räollgp,0.012443,0,0
###deasghj###,deagshj,diasfhj,0.078993,diasfhj,0.078993,0,0
###liluppp###,lplippp,lpgkbpe,0.010107,lhouppp,0.006717,0,0
###eäjylrp###,eäjyrrp,ejsyoäp,0.010397,eäjnorp,0.009888,0,0
###lfkjpmk###,lkjmppk,äkjmoip,0.006110,bfkjpjk,0.001002,0,0
###sifdehv###,siffehv,slgdehv,0.028959,slgdehv,0.028959,0,0
###jsfymto###,jsfyfto,jsfyafo,0.076069,jsfyafo,0.076069,0,0
###pvehkrg###,vheevrg,dkvelrg,0.012564,pvyhkhg,0.000323,0,0
###gffvsyi###,gifsiyi,gffejyi,0.025229,gffejyi,0.025229,0,0
###oäeväde###,oeevväe,bsrvuär,0.004173,uäyväde,0.000429,0,0
###glefötp###,gtffööp,gluföop,0.114170,gluföop,0.114170,0,0
###lgtlmli###,lgtlimi,vgtlili,0.038323,vgtlili,0.038323,0,0
###uauöjmr###,uaummmr,uauyemr,0.192663,uauyemr,0.192663,0,0
###jvadtti###,jdaadtt,fvadlti,0.003487,fvadlti,0.003487,0,0
###yevnfjm###,ytvnfjm,yovobpm,0.012434,mevrfjm,0.010748,0,0
###vfhikke###,vfhkkke,vfhrkäe,0.080048,vfhrkäe,0.080048,0,0
###gjäekol###,gjäekel,gjänksl,0.069771,gjänksl,0.069771,0,0
###segtjeu###,setjjeu,sutnfju,0.016510,oertjeu,0.008676,0,0
###lytepip###,ltttpip,lättpip,0.440251,lättpip,0.440251,0,0
###ufaurlh###,ufaurhl,udauroh,0.025305,udauroh,0.025305,0,0
###gyjmödp###,gymöfjp,stnöfjd,0.012647,ryymödp,0.000279,0,0
###jtmiytm###,jtimitm,jmrmgtg,0.011834,jtmiäim,0.003100,0,0
###evyvypo###,evyeyoo,erjvypo,0.050116,erjvypo,0.050116,0,0
###kyireöe###,kyireöö,kyiatöe,0.021271,kyiatöe,0.021271,0,0
###ksnmubb###,ksnjnbb,äsnbubb,0.028089,äsnbubb,0.028089,0,0
###lbnvdyo###,lrbvdyo,äbnedyo,0.021221,äbnedyo,0.021221,0,0
###ekmkfgb###,emmkfbb,rrmkfgb,0.040773,rrmkfgb,0.040773,0,0
###ätfdbrj###,ttfbbrj,ftfdbnj,0.012159,ftfdbnj,0.012159,0,0
###hösdohi###,hdsddhi,hdpdbhi,0.013695,srsdohi,0.008578,0,0
###fjönlld###,fjlnlld,fjpntld,0.065529,fjpntld,0.065529,0,0
###ogmrdjj###,ogomdmj,ogmrsmj,0.014521,ogmrsmj,0.014521,0,0
###yjlnfmu###,yjfnfäm,yufnrpo,0.003860,yjltfbu,0.001859,0,0
###hohfjdd###,hfhlddd,hvhmdnl,0.007059,gohljdd,0.003782,0,0
###pffssit###,pfpsstt,äffssjt,0.006455,äffssjt,0.006455,0,0
###uäpmybr###,uäpärbr,uäamsbr,0.046859,uäamsbr,0.046859,0,0
###össflöä###,össstöä,ösäfäöä,0.241657,ösäfäöä,0.241657,0,0
###tjdebfu###,jjdebfu,bjdäbfu,0.034625,bjdäbfu,0.034625,0,0
###abmdjey###,abbdmjy,bemdmen,0.011854,sbmdjuy,0.011425,0,0
###oäemolb###,oeemolb,oäemmöb,0.007575,oäemmöb,0.007575,0,0
###idvbdns###,iddvdns,frsvdnf,0.010183,tdvbdps,0.008247,0,0
###öiädioy###,ödädioy,mdädioy,0.202890,mdädioy,0.202890,0,0
###leätyus###,lulyäss,lblväsv,0.006615,neätyos,0.000085,0,0
###bedmled###,bemmted,bvdmved,0.095226,bvdmved,0.095226,0,0
###mfypvsl###,mdfppsl,myfptev,0.021652,mfygvvl,0.001368,0,0
###lääfdlf###,lälfdlf,lääkduf,0.030356,lääkduf,0.030356,0,0
###mtäprmb###,määprml,mvtpsja,0.010254,dtädrmb,0.001299,0,0
###dnrfjun###,ddffjun,dnjhjun,0.033561,dnjhjun,0.033561,0,0
###egfigms###,efmgggs,äfdgama,0.004843,egfjems,0.002006,0,0
###ieipfay###,ieipyya,ieipjvy,0.142024,ieipjvy,0.142024,0,0
###klpgsää###,klpsssä,alpgsmä,0.011572,alpgsmä,0.011572,0,0
###dkroaös###,dkokaas,dbroams,0.048838,dbroams,0.048838,0,0
###yuomydp###,yuoypmp,yutktop,0.016524,yubmhdp,0.013148,0,0
###ämbtsds###,ätttsds,ägtyods,0.026315,äoftsds,0.011249,0,0
###uoenemi###,umenehi,umgrehe,0.012698,kvenemi,0.011463,0,0
###jmttsäf###,jtttfff,jttjseä,0.082775,jmtehäf,0.007857,0,0
###itmtsdr###,itisddr,itäisdr,0.031560,itäisdr,0.031560,0,0
###yiyudvä###,yiyuävä,yiyuooä,0.103093,yiyuooä,0.103093,0,0
###shhkoml###,shhmkml,shdmhku,0.017771,smhkeml,0.008125,0,0
###jonueky###,jynukey,jonougy,0.010887,gonueäy,0.001303,0,0
###gnhftii###,gnhftii,jnfftii,0.074677,jnfftii,0.074677,0,0
###gälvkjn###,gällnjv,lälvmjn,0.019240,lälvmjn,0.019240,0,0
###rohdkst###,rohdktt,lvhdktr,0.019417,nohkkst,0.003827,0,0
###jyemijo###,jeeyijo,juegijo,0.065554,juegijo,0.065554,0,0
###evnaryl###,evnarrl,yönpyrl,0.040887,evjaiyl,0.032397,0,0
###öuiipig###,öuuipig,öupiptg,0.038237,öupiptg,0.038237,0,0
###eoäädab###,eeäädab,eotänab,0.055310,eotänab,0.055310,0,0
###skävvtt###,skävttt,späotkt,0.022107,skähbtt,0.016749,0,0
###jgsänff###,jgsnnff,jgsinef,0.051877,jgsinef,0.051877,0,0
###gjbsluu###,ggbslsu,jfoalsu,0.005167,vjbsltu,0.003335,0,0
###nhsiögk###,nhsiake,nhnpeme,0.016141,shsiugk,0.002268,0,0
###dnagfys###,dnhgfys,fäagfys,0.149397,fäagfys,0.149397,0,0
###bdjnvee###,bdbvvee,bgjsvee,0.073565,bgjsvee,0.073565,0,0
###gomsmvb###,ggmsmob,gkmfäok,0.007101,gagsmvb,0.003110,0,0
###skegnab###,skeknbb,skeunbb,0.066589,skeunbb,0.066589,0,0
###vägmäbä###,vägmäbä,bägmebä,0.068286,bägmebä,0.068286,0,0
###bjhgvhä###,bvhgvhä,bmhgvkä,0.057599,bmhgvkä,0.057599,0,0
###hnnluät###,hnnäuät,oonelit,0.008993,höbluät,0.004794,0,0
###ieäfoöp###,ieäfoöp,tiälvöö,0.007728,idäuoöp,0.005479,0,0
###ltskubr###,lrskukr,lpjkubr,0.036767,lpjkubr,0.036767,0,0
###llvfgma###,lvgffma,lyyesma,0.006762,mlvfnma,0.000528,0,0
###gsuaset###,ggbsatt,nhneatm,0.006528,gspasnt,0.006471,0,0
###dgljtjr###,dgrllrr,dgbllhu,0.032317,ugrjtjr,0.007319,0,0
###hpänpko###,hhänpno,oppnpko,0.017904,oppnpko,0.017904,0,0
###ohfehbt###,oöffhbt,ofvfhit,0.036256,ohfkubt,0.030857,0,0
###ijjkkdy###,ijjjkky,ijjkäuy,0.017180,ijjkäuy,0.017180,0,0
###fhhhjjv###,hfjhjjv,nfjhyju,0.017530,fhphjbv,0.005656,0,0
###hpybomg###,hbbmoyg,hpyjkmg,0.004371,hpyjkmg,0.004371,0,0
###fpgbyuo###,fpggyuo,fpääyuo,0.084979,fpääyuo,0.084979,0,0
###spsfääj###,spspfäj,smsdääj,0.032501,smsdääj,0.032501,0,0
###ädfnkgv###,ääfjkgn,gofjbgn,0.013020,äddukgv,0.012394,0,0
###vieötäi###,vöeteii,ööktäki,0.013238,mimötäi,0.000214,0,0
###rlbovsg###,rlbovsg,hgbovsg,0.044419,hgbovsg,0.044419,0,0
###ekupnps###,euupnps,ekugnäs,0.022014,ekugnäs,0.022014,0,0
###jysudöy###,jyjudöy,jmsudry,0.042747,jmsudry,0.042747,0,0
###ukkivöe###,ukkkvöe,usksvöe,0.062122,usksvöe,0.062122,0,0
###bboavsa###,bbdvvsa,bbpaväa,0.024273,bbpaväa,0.024273,0,0
###fengvhe###,fneggfe,foejväv,0.007376,pnngvhe,0.007116,0,0
###inekgöl###,nbelgnl,hrjvgnl,0.016051,iphkgöl,0.001626,0,0
###fdvgiym###,fdvdiym,fybgiym,0.032343,fybgiym,0.032343,0,0
###rlbvdei###,rrbvvei,rrbdvir,0.076253,uibvdei,0.005363,0,0
###äpphvlo###,ähhpllo,phmdilf,0.006696,äpghjlo,0.004261,0,0
###sjmrpof###,sjjrrpf,snjböpf,0.050591,blmrpof,0.001603,0,0
###vmhbbey###,vmhbbvy,vmfbbry,0.036777,vmfbbry,0.036777,0,0
###fligbyt###,fbilbbt,fnsuglt,0.025257,hligbdt,0.001451,0,0
###lääiipe###,lääiipe,läbvipe,0.074408,läbvipe,0.074408,0,0
###olhnbvo###,olhnbvo,olmnevo,0.104772,olmnevo,0.104772,0,0
###ophdnbl###,ophddll,ophdufl,0.048566,ophdufl,0.048566,0,0
###bklroji###,bkjljji,vkjnäjd,0.004428,bueroji,0.003108,0,0
###ykmmevr###,ykemevr,ikgmevr,0.222655,ikgmevr,0.222655,0,0
###hhgykdb###,hhgdkdb,sögykdb,0.029937,sögykdb,0.029937,0,0
###vigsuig###,vgsgsig,pbygsdg,0.008561,vtgsukg,0.002409,0,0
###ohahäek###,ohohävk,ohgrätk,0.080888,ohavnek,0.014534,0,0
###pgneuyv###,pnneugv,pnngvhe,0.010388,psleuyv,0.007010,0,0
###kdsbnsr###,kkssnsr,nmssrir,0.005916,jdpbnsr,0.000920,0,0
###fbinyöl###,fbinyöl,fbifyol,0.140124,fbifyol,0.140124,0,0
###mfptmlr###,mfptmlr,bfptslr,0.007875,bfptslr,0.007875,0,0
###jvritjd###,jvrrtjd,nnritjd,0.014756,nnritjd,0.014756,0,0
###hnhkrde###,hnhhrde,hlhkrle,0.049233,hlhkrle,0.049233,0,0
###njbiöee###,njjbeöe,nlbyöee,0.010577,nlbyöee,0.010577,0,0
###hfnnhjh###,hfnnhhh,hfmndjh,0.078793,hfmndjh,0.078793,0,0
###fthrjlg###,fthujlg,ftheulg,0.007460,ftheulg,0.007460,0,0
###trbaran###,trrbajn,trbergn,0.006665,trbergn,0.006665,0,0
###fäänäll###,ffäääll,jfäntvl,0.011676,gähnäll,0.005657,0,0
###vllööoo###,ölllloo,nlbööoo,0.021861,nlbööoo,0.021861,0,0
###vufsäip###,vfvipip,vugdäip,0.009755,vugdäip,0.009755,0,0
###oibfard###,obbbafd,bobbgrp,0.008961,fibfaud,0.000935,0,0
###uptanfe###,uptanfe,uetanee,0.241301,uetanee,0.241301,0,0
###dbuemae###,dbueeme,dbuesle,0.062821,dbuesle,0.062821,0,0
###gdlugäs###,glduääs,geiugäs,0.003509,geiugäs,0.003509,0,0
###dmkjpnn###,dkdjpnn,dokjprn,0.012090,dokjprn,0.012090,0,0
###edyjnip###,edyjnpp,edkviue,0.014227,hdäjnip,0.008042,0,0
###rbvvkgj###,rbvvkkj,rmgvksf,0.009466,rbufkgj,0.005448,0,0
###ikdnuef###,itddunf,jjfuund,0.015880,ikjnkef,0.001075,0,0
###äelyeoa###,äelyyea,selyyäp,0.080430,äelteea,0.012091,0,0
###ajteään###,ajeteän,jjäyhsn,0.009781,bjeeään,0.002562,0,0
###ygjrrgd###,yygrgjd,fygreäf,0.007051,yujrrfd,0.003279,0,0
###kebtisä###,keitksä,peboisä,0.033045,peboisä,0.033045,0,0
###nalpfou###,nuapffu,naapäou,0.008356,naapäou,0.008356,0,0
###ohpöbnä###,ohppönä,bhäpösä,0.097081,ghppbnä,0.035658,0,0
###bvrrkob###,bvrkrob,bvräeob,0.081604,bvräeob,0.081604,0,0
###hsygynf###,hssgyyf,apsgfff,0.018713,hmygpnf,0.009160,0,0
###puotönd###,puoifnd,ruotbnd,0.051507,ruotbnd,0.051507,0,0
###fgöföno###,fngfööo,fnufösb,0.025078,fgvfvno,0.007898,0,0
###manloov###,mlnfmov,mdnamsr,0.008702,manpdov,0.005534,0,0
###hesgnuk###,hesenuk,hesjnek,0.541724,hesjnek,0.541724,0,0
###pdedmfj###,peedmff,pdeditj,0.130760,pdeditj,0.130760,0,0
###teyntou###,teyotou,tesptou,0.143341,tesptou,0.143341,0,0
###tmrevmi###,tmrvmii,fmrrvmr,0.015476,bmrbvmi,0.002864,0,0
###nbräyde###,neräyde,nbmeyde,0.003556,nbmeyde,0.003556,0,0
###ntubeyu###,nyubetu,ntäbeeu,0.093039,ntäbeeu,0.093039,0,0
###yuhkofl###,yuhfkfl,yuhjonl,0.078630,yuhjonl,0.078630,0,0
###ftmänär###,ftmäfär,fjmälär,0.038577,fjmälär,0.038577,0,0
###höoyssf###,höoyssf,hölkssf,0.088927,hölkssf,0.088927,0,0
###iuhpimp###,iumpmmp,vumpmos,0.012422,huhpkmp,0.006723,0,0
###hgdhähm###,hvdhähm,ngghähm,0.065668,ngghähm,0.065668,0,0
###odhtjmd###,odhthmd,oähtfmd,0.043247,oähtfmd,0.043247,0,0
###mnbpint###,mbntbpt,mbutbie,0.016818,lnbpgnt,0.000156,0,0
###mbtobet###,mobobet,mlbtbdu,0.008879,mbtokgt,0.000786,0,0
###mgsdyrk###,mmsyrrk,mphyrnd,0.004918,mgudypk,0.000906,0,0
###ujödädy###,ujöjääy,npömävy,0.006998,tjöäädy,0.004417,0,0
###geoebby###,gobeeby,glsebby,0.041356,glsebby,0.041356,0,0
###ojepjph###,oeeppph,jevphfh,0.016325,vjypjph,0.002202,0,0
###tövmldk###,tlvmmdk,tvvmplk,0.018448,lövmlak,0.002840,0,0
###yeyjvfr###,yeyjver,yiyovfr,0.061733,yiyovfr,0.061733,0,0
###vdgyjlf###,vdyjyff,vvortfd,0.003430,fdgyjef,0.001470,0,0
###fkujgyn###,fkjugjn,fktdgfn,0.041966,ökupgyn,0.010426,0,0
###egägypm###,egägmpm,egkgppm,0.064283,egkgppm,0.064283,0,0
###elhaekb###,eöhköbb,söhorbb,0.029882,efhrekb,0.005813,0,0
###bnpeäkf###,bnptpkf,bgpppdf,0.047917,ttpeäkf,0.033162,0,0
###rpjnapö###,rjjnapö,rpytapö,0.050231,rpytapö,0.050231,0,0
###gkghäey###,gkghäey,gkmfäok,0.008694,ekghiey,0.002987,0,0
###mojepmh###,mojemph,mojekhh,0.100674,mojekhh,0.100674,0,0
###mfjeety###,mjjeety,msjhety,0.058674,msjhety,0.058674,0,0
###orddjrr###,ordddrr,brdkjrr,0.089991,brdkjrr,0.089991,0,0
###bfäeäma###,bfäaaml,bfisrms,0.011182,nfäepma,0.001510,0,0
###jmsäeam###,jmääaam,jeräeam,0.041603,jeräeam,0.041603,0,0
###kkgdfhu###,kfddfhu,kiegfhu,0.020151,jkggfhu,0.003200,0,0
###roenhsh###,roehhhh,rrejähs,0.027585,foenhmh,0.019512,0,0
###noopmmo###,npmmmoo,fojpmmo,0.033029,fojpmmo,0.033029,0,0
###eoöntgr###,etnlttr,eoöltar,0.017898,eoöltar,0.017898,0,0
###otväövi###,otvävvi,otvvivi,0.075337,otvvivi,0.075337,0,0
###aenoylr###,aonyyll,yönpyrl,0.015071,aenofur,0.010859,0,0
###mebekem###,mebekem,mebddem,0.019618,mebddem,0.019618,0,0
###ähsföbm###,äöhföbm,ähffhbm,0.117029,ähffhbm,0.117029,0,0
###jähfphi###,jähfpfi,jäafpii,0.026639,jäafpii,0.026639,0,0
###almdhfr###,aladmfr,dlmdhgr,0.042383,dlmdhgr,0.042383,0,0
###trotgyp###,trotgyp,brotsyp,0.113826,brotsyp,0.113826,0,0
###vsraphh###,vsvaphh,veäeplh,0.017265,ökraphh,0.002490,0,0
###kpkäfhä###,kpfkfhä,opkäfjä,0.011990,opkäfjä,0.011990,0,0
###eövgtub###,eövötub,aövttub,0.013581,aövttub,0.013581,0,0
###nanjpbb###,nanjnbb,ovnjpbb,0.016189,ovnjpbb,0.016189,0,0
###iipmmnj###,iipmmnj,iupemnj,0.084086,iupemnj,0.084086,0,0
###ddjböth###,ddjöeth,drjsgth,0.067069,ddjmoth,0.026146,0,0
###jsoabsu###,jsaaasu,jfoalsu,0.032950,jfoalsu,0.032950,0,0
###äöeenbe###,äneebbn,gnbföbn,0.026104,äöeuabe,0.002846,0,0
###yvvphps###,yvvphps,yrtvups,0.021145,svvpöps,0.009478,0,0
###agbdeoh###,agbdfoh,aganyoh,0.062793,vgbeeoh,0.047007,0,0
###ysmöllo###,ysmyllo,asmöälo,0.012125,asmöälo,0.012125,0,0
###kiegivu###,kvegiuv,kiegfhu,0.004479,kiegfhu,0.004479,0,0
###tmoeifd###,tmoeiid,mmoenfd,0.040273,mmoenfd,0.040273,0,0
###tddfukd###,ttduukd,tldfnkd,0.123094,tldfnkd,0.123094,0,0
###aätheud###,thettud,jätreud,0.015686,jätreud,0.015686,0,0
###ynufökb###,ynufnkb,fnufösb,0.017380,fnufösb,0.017380,0,0
###pääbuko###,päpkbko,päpbfko,0.011785,päpbfko,0.011785,0,0
###pnklojb###,pnpjljb,pvrblnb,0.011876,drklojb,0.002299,0,0
###jtimips###,jttmilm,jttjseä,0.012604,jtiribs,0.003445,0,0
###ggdsdkj###,gddsskj,gpdmdkj,0.360766,gpdmdkj,0.360766,0,0
###okekgre###,okeggre,ukpkgre,0.006452,ukpkgre,0.006452,0,0
###dsöupdf###,dsöpppf,dtyupdf,0.009291,dtyupdf,0.009291,0,0
###tgeueyy###,ggyueyy,ygjueyy,0.228432,ygjueyy,0.228432,0,0
###fkdvtpr###,fktvtpr,fkkitpr,0.056955,fkkitpr,0.056955,0,0
###hhtpgyy###,htppgyy,htiphyr,0.018076,hhtögny,0.004160,0,0
###bspödks###,bspkdks,bsbidks,0.277113,bsbidks,0.277113,0,0
###gpdjbgn###,gddjbgn,gofjbgn,0.220767,gofjbgn,0.220767,0,0
###jvdikpf###,jvdjkpf,jvsakpf,0.184618,jvsakpf,0.184618,0,0
###oäpoena###,oäpapka,oämaöbj,0.011319,oääogna,0.001985,0,0
###dssdäjj###,dsdddtj,dslygvj,0.014525,dykdäjj,0.009449,0,0
###dmnlrro###,dmnroro,gmniope,0.016466,övnlrro,0.010031,0,0
###ygägntm###,ygääntm,ygägpom,0.031173,ygägpom,0.031173,0,0
###pgtjrtr###,ggptjgr,fgptdyu,0.007072,ygnjrtr,0.002692,0,0
###mkalräj###,mlkaräj,llhaoäv,0.013570,iealräj,0.001259,0,0
###irkjptl###,irklljl,rokuljt,0.014048,irkhpsl,0.010330,0,0
###uösidfe###,uissdie,uöbadfe,0.011589,uöbadfe,0.011589,0,0
###hfpmnph###,hfmfpph,hfmndjh,0.087792,tfpmkph,0.001529,0,0
###rvuäblm###,rvräbmm,rvuäkäm,0.147659,rvuäkäm,0.147659,0,0
###jieagrp###,jiesgrp,jivbgrp,0.319066,jivbgrp,0.319066,0,0
###önmvpur###,önöppur,ötorius,0.008044,pnmtpur,0.006475,0,0
###ihäsvei###,ihsssvi,rlsnövi,0.005237,ihbövei,0.003706,0,0
###mygenmy###,myggney,myfedmy,0.006275,myfedmy,0.006275,0,0
###smnsvui###,sinuvui,smnkaui,0.035538,smnkaui,0.035538,0,0
###obianli###,obianil,obiäfli,0.007067,obiäfli,0.007067,0,0
###emyonjm###,emmonjm,ukyonjm,0.073894,ukyonjm,0.073894,0,0
###frhmloe###,frhflme,fhhmlve,0.057952,fhhmlve,0.057952,0,0
###fgkfdäd###,fggfddd,fgkuoäd,0.033000,fgkuoäd,0.033000,0,0
###hupkhfm###,huhkhmm,hupklnm,0.027250,hupklnm,0.027250,0,0
###neyuiev###,neyuivv,neäukev,0.049467,neäukev,0.049467,0,0
###endsnär###,eddsäär,eldssär,0.074081,eldssär,0.074081,0,0
###usrdghe###,ussdghe,psddghe,0.014134,psddghe,0.014134,0,0
###uehlpso###,ueellso,oehlpjo,0.006253,oehlpjo,0.006253,0,0
###agppadf###,agtppdf,bgpppdf,0.214358,bgpppdf,0.214358,0,0
###gubaenr###,gabeere,gnyberä,0.024991,gublbnr,0.001459,0,0
###mgieioä###,mlieioä,ägieidä,0.014268,ägieidä,0.014268,0,0
###dhmdrjk###,dhmmrrk,dhkdrdk,0.231342,dhkdrdk,0.231342,0,0
###eghjead###,egeaead,sghlivd,0.008539,egnjesd,0.007622,0,0
###mmgvtsf###,mvgttvf,sdnttvf,0.037987,rmgvksf,0.000365,0,0
###yspllfä###,ysllffä,hsplhfä,0.062857,hsplhfä,0.062857,0,0
###ppujnät###,pppjnäu,rpmönäm,0.014655,vkujnät,0.014457,0,0
###isöioiv###,issioiv,isdiliv,0.209364,isdiliv,0.209364,0,0
###tjoigge###,ttobgge,tjoygae,0.013778,tjoygae,0.013778,0,0
###dpyyvdj###,ddpyvjd,dlptvjy,0.007408,vmyyvdj,0.000663,0,0
###lpgoipe###,lpgeipe,lpgkbpe,0.259807,lpgkbpe,0.259807,0,0
###foäuemk###,foeummk,fpbujök,0.008890,foäyeek,0.001913,0,0
###njykaub###,nyyoyab,npykyub,0.103330,npykyub,0.103330,0,0
###ddjyylj###,djdjylj,otjyylj,0.015968,otjyylj,0.015968,0,0
###oyhsrhl###,oyirrhl,giiyrhl,0.010316,oyhträl,0.000924,0,0
###yfvkkuu###,ykvfusu,gkkfdsj,0.004747,yfäfkuu,0.003643,0,0
###krpfygi###,krppfgi,jrbflyi,0.004587,kämfygi,0.000784,0,0
###piöprug###,ipöiprg,fplbprk,0.017325,miöpfug,0.003122,0,0
###hagnofm###,haannfm,högnhfm,0.090179,högnhfm,0.090179,0,0
###oäbfgdg###,oäbffdg,okbfkdg,0.036502,okbfkdg,0.036502,0,0
###adegtig###,adegttg,idegmig,0.059445,idegmig,0.059445,0,0
###imuiivm###,ituiimv,ivmaämg,0.007069,imubovm,0.001409,0,0
###ejmörlv###,efmörlv,enmlrlv,0.059959,enmlrlv,0.059959,0,0
###täbmdtu###,täbmtmu,tibmutu,0.027861,tibmutu,0.027861,0,0
###rrretjp###,rrretjp,frresjp,0.008113,frresjp,0.008113,0,0
###mohluää###,mjhäuää,mohiugä,0.011834,mohiugä,0.011834,0,0
###khätnny###,kkättny,ktätyny,0.209203,ktätyny,0.209203,0,0
###jeoatrt###,jetaart,jeootft,0.006501,jeootft,0.006501,0,0
###eäybtkä###,eäbbtkä,räyjtkä,0.029650,räyjtkä,0.029650,0,0
###lapmsäu###,lpmmsfu,lnomsäu,0.016932,lnomsäu,0.016932,0,0
###kpnotmk###,ppnottk,kpnutrk,0.015032,kpnutrk,0.015032,0,0
###gktidab###,gktadib,gktldäb,0.367652,gktldäb,0.367652,0,0
###jkdjgjy###,jkdjgjy,jndngjy,0.058408,jndngjy,0.058408,0,0
###yyfämvj###,yyymjmr,ryymödp,0.005959,yyfärnj,0.005747,0,0
###meäidml###,meämdml,meämvml,0.532190,meämvml,0.532190,0,0
###moiunlm###,mjionhm,mriunam,0.026406,mriunam,0.026406,0,0
###dshusen###,ddsuuan,tssolkn,0.008022,nsyusen,0.003419,0,0
###phiotoh###,phiotoh,phiorjh,0.032021,phiorjh,0.032021,0,0
###igpihge###,igtihge,igpiyöe,0.010194,igpiyöe,0.010194,0,0
###pnmsyhb###,anmsysb,opmgnsv,0.011449,pbjsyhb,0.001360,0,0
###fämstdt###,fätssdt,fätktdt,0.034128,fätktdt,0.034128,0,0
###dfvtvyv###,dfvvvdv,dfvövgv,0.042904,dfvövgv,0.042904,0,0
###jäufrdh###,jdujrjh,jdohrde,0.005957,jäufjnh,0.002411,0,0
###byfgtev###,bvfjtev,myfptev,0.013467,myfptev,0.013467,0,0
###niorbrr###,noonirr,nhhfärr,0.007962,simrbrr,0.002494,0,0
###bväaylj###,bvayyyl,löbyyij,0.010470,äväamlj,0.000876,0,0
###vrlmodn###,vrvnmnn,vdvaoäd,0.005854,vrletdn,0.001781,0,0
###rgyhhyp###,ryyhhyp,riyhghy,0.019167,kgyähyp,0.014520,0,0
###bmjjöys###,bjjöfjy,bttökjy,0.049514,bmjisys,0.001269,0,0
###rigsenä###,rggesnä,skgisäp,0.002900,rndsenä,0.002306,0,0
###nhfknöb###,nkhfhöb,sdkfhjb,0.011141,nyäknöb,0.004089,0,0
###kdijyjö###,kdkjjjö,kryjyjö,0.084047,kryjyjö,0.084047,0,0
###atfaosä###,atftosä,aöfavsä,0.008546,aöfavsä,0.008546,0,0
###agveusd###,agetvsd,egnjesd,0.017034,egveund,0.002592,0,0
###rfpohgp###,rfofhpp,iftohgp,0.021287,iftohgp,0.021287,0,0
###ritjghy###,ritjghy,riyhghy,0.090767,riyhghy,0.090767,0,0
###dksnbne###,dknbdse,dksyvne,0.100928,dksyvne,0.100928,0,0
###yöugitl###,ygutitl,yödgirl,0.007743,yödgirl,0.007743,0,0
###gkmuäsk###,gkguääk,gkmfäok,0.020995,gkmfäok,0.020995,0,0
###boehhgg###,boegghg,boehysg,0.107190,boehysg,0.107190,0,0
###onkvkks###,oonvkks,ooshyfs,0.019577,rnkakks,0.001672,0,0
###fnoföbn###,fnoföbn,gnbföbn,0.090221,gnbföbn,0.090221,0,0
###hjgyyhr###,hthyyhr,mmhgyhr,0.015154,äjgyrhr,0.003475,0,0
###updnkot###,upddkot,uprnmot,0.012466,uprnmot,0.012466,0,0
###mghfjäo###,mghfjäo,mehsjäo,0.172582,mehsjäo,0.172582,0,0
###iymouel###,imyeiel,hbäeiej,0.010599,ismogel,0.006411,0,0
###vshyrnd###,vshyrnd,mphyrnd,0.051104,mphyrnd,0.051104,0,0
###bvpmmäi###,bbvmmäi,bbpaväa,0.036481,bvpomvi,0.021608,0,0
###näävuro###,näävrro,käävkro,0.186639,käävkro,0.186639,0,0
###mmbkbdu###,mmbdbuu,mlbtbdu,0.064043,mlbtbdu,0.064043,0,0
###evsynur###,evsusur,gvsynsr,0.016730,gvsynsr,0.016730,0,0
###fyiröäo###,fyiiräo,oyirdäo,0.048063,oyirdäo,0.048063,0,0
###dakkjse###,dkekase,äakkkse,0.009021,äakkkse,0.009021,0,0
###vjpsmdn###,vjpsddn,vjbsmun,0.078300,vjbsmun,0.078300,0,0
###rapäjed###,rrpäjjd,rfpujkd,0.017685,rasbjed,0.005346,0,0
###nkiyeev###,nkiieev,tkifeev,0.117065,tkifeev,0.117065,0,0
###evibgof###,evigrof,eiibglf,0.045628,eiibglf,0.045628,0,0
###jjfjaäy###,jjfjuay,jjrjgäy,0.116741,jjrjgäy,0.116741,0,0
###vhmjiho###,vhimhho,vfmjsho,0.006255,vfmjsho,0.006255,0,0
###säiarpp###,sprarpp,ssrardr,0.029731,mäyarpp,0.023185,0,0
###nyjiemp###,njjnemp,njhygky,0.010582,nkriemp,0.007972,0,0
###umdäfma###,uädädmm,gääddom,0.010471,umöäsma,0.000662,0,0
###lttdtbm###,ltttbbm,dvtfgsm,0.005625,lttddkm,0.003118,0,0
###osalyfb###,osasyfb,ovnjpbb,0.006195,dsalylb,0.004185,0,0
###tmoodhg###,tmooohg,tväodhg,0.110138,tväodhg,0.110138,0,0
###novämid###,novämdd,ooväyid,0.025724,ooväyid,0.025724,0,0
###ilföuss###,iluöfls,inuöuss,0.177822,inuöuss,0.177822,0,0
###yvuvesn###,ynuvesn,yjgvesn,0.052731,yjgvesn,0.052731,0,0
###rdpvlpe###,rdpvpee,rdpedpe,0.034347,rdpedpe,0.034347,0,0
###dmpräid###,dpprpid,ddäräid,0.211009,ddäräid,0.211009,0,0
###mrpmsii###,mrmmmii,mrlmvii,0.286795,mrlmvii,0.286795,0,0
###bodgmje###,bbdjmje,bodgrde,0.038056,bodgrde,0.038056,0,0
###odbmfnb###,odffnfb,ogtflfv,0.005926,odbmehb,0.001456,0,0
###rvnsgrä###,rnssgrä,rdylgru,0.008798,rvosglä,0.001095,0,0
###bajlphä###,bbjlphä,bgjgphä,0.209470,bgjgphä,0.209470,0,0
###londiub###,lnödiob,losdipb,0.022855,losdipb,0.022855,0,0
###kgöasho###,kgöasho,pgöasmo,0.072642,pgöasmo,0.072642,0,0
###rglfsyg###,rygfgrg,rrtvshy,0.005447,dblfsyg,0.002828,0,0
###mrpfmma###,mrppmma,ärphmma,0.088245,ärphmma,0.088245,0,0
###rjryokm###,rjjykmm,rjbirfo,0.004956,ijryoäm,0.000572,0,0
###öävyerf###,öävyeff,öäbyeff,0.067924,öäbyeff,0.067924,0,0
###lojfufb###,ljffffb,lojäifb,0.021330,lojäifb,0.021330,0,0
###jhffifm###,jhffifm,jrffipm,0.227129,jrffipm,0.227129,0,0
###vyuyaya###,vuuyaya,vyuyupa,0.029756,vyuyupa,0.029756,0,0
###mämaint###,mämantt,mfmairt,0.038642,mfmairt,0.038642,0,0
###jortfuä###,jtttffä,jttjseä,0.011524,gortfpä,0.005601,0,0
###tmsoäek###,ttsoäek,teyoäek,0.154764,teyoäek,0.154764,0,0
###tolhsbl###,toollbl,teolgal,0.015070,tosusbl,0.009999,0,0
###jhflnld###,jhhhhnd,jhhlild,0.200567,jhhlild,0.200567,0,0
###mtjdgny###,mmddggy,mijegny,0.030510,mijegny,0.030510,0,0
###kjofiöd###,koofiöd,käofigd,0.097854,käofigd,0.097854,0,0
###ättpnhn###,hptphhn,kftthyn,0.016836,dtipnhn,0.016581,0,0
###rkpaäuä###,rraaauä,rkpkbuä,0.012899,rkpkbuä,0.012899,0,0
###avvbayö###,avdnvyö,avvrvyö,0.116510,avvrvyö,0.116510,0,0
###oiontbp###,oionbtp,mäunntp,0.010590,otentbp,0.005511,0,0
###jmkimlk###,jmkmmlk,jmkemfk,0.073014,jmkemfk,0.073014,0,0
###rttyfgb###,rythfgb,rvtbfgb,0.031730,rvtbfgb,0.031730,0,0
###asäpflm###,apäpmlm,asmöälo,0.032999,ftäpflm,0.015292,0,0
###ishmyks###,ishhyks,eshmmks,0.020035,eshmmks,0.020035,0,0
###ikäfädd###,ieäfädd,upfjädd,0.005662,ökäfänd,0.002667,0,0
###mbekvun###,mbeuvun,moegvun,0.047252,moegvun,0.047252,0,0
###sfjketv###,sjfkekv,tjfjoyl,0.008551,jfjkatv,0.000531,0,0
###ibmbgjv###,ibmbggv,ijmbhjv,0.329940,ijmbhjv,0.329940,0,0
###ujhstty###,uuyjtty,usdstty,0.120675,usdstty,0.120675,0,0
###lrifeto###,lrifeto,lrifäjo,0.055703,lrifäjo,0.055703,0,0
###ukeföiu###,ueeföiu,ksöffis,0.015515,ukeyöju,0.005991,0,0
###hiäöjio###,hiäöjöo,hfärjio,0.079996,hfärjio,0.079996,0,0
###kymilyt###,kkimlit,kdiilyt,0.039642,kdiilyt,0.039642,0,0
###nnllgve###,nkllgve,nnuigve,0.020983,nnuigve,0.020983,0,0
###mmnrgög###,mmmggög,mulärög,0.021682,mmnrnbg,0.006269,0,0
###lnmatmä###,lnmatmä,lbratmä,0.153962,lbratmä,0.153962,0,0
###jgnvöbt###,jvjvöbt,jgätöbt,0.020161,jgätöbt,0.020161,0,0
###yiulvöö###,yiiuvöö,tjitvbö,0.011505,tiälvöö,0.009495,0,0
###yerdäjy###,yerdjjy,yerdfey,0.461562,yerdfey,0.461562,0,0
###uoitvbö###,uiivtöö,uiimgek,0.010076,tjitvbö,0.003869,0,0
###gipägmy###,gääggmy,fipigmy,0.022010,fipigmy,0.022010,0,0
###mpudnbb###,mupdnbb,mgudnfb,0.057590,mgudnfb,0.057590,0,0
###youtdus###,ytoodus,yrjosuö,0.003747,ydutdrs,0.002666,0,0
###evökyrk###,eövyrrk,nvabrbk,0.017416,lvökgrk,0.008801,0,0
###kdpgpee###,kdpgpee,kdpgsve,0.272142,kdpgsve,0.272142,0,0
###jopleäi###,jjplääi,ätlfääb,0.006974,jmpteäi,0.005062,0,0
###nvörräh###,nlvrräh,npörrgh,0.030262,npörrgh,0.030262,0,0
###dfeisfl###,desilfl,ddevsfl,0.026307,ddevsfl,0.026307,0,0
###kyiäfhv###,kyyähhv,kyläähv,0.082249,kyläähv,0.082249,0,0
###dvbnuäp###,dvbnpäp,dvbnpsp,0.348433,dvbnpsp,0.348433,0,0
###ldiaoäd###,ldlaoäd,vdvaoäd,0.210619,vdvaoäd,0.210619,0,0
###gdkunäl###,gdkuläd,gonueäy,0.015267,gdkseäl,0.004475,0,0
###äeuaänm###,äeäaanm,äkuagnm,0.030676,äkuagnm,0.030676,0,0
###tksnbuä###,tkskuuä,rkpkbuä,0.035961,uksnouä,0.032760,0,0
###lfngusr###,lffgugr,lpjkubr,0.004290,bfngesr,0.003500,0,0
###tyuskäm###,tyysklm,tyubnäm,0.040856,tyubnäm,0.040856,0,0
###sagltpf###,stgltpf,vogmrpf,0.005454,saontpf,0.003238,0,0
###jlojhns###,jlojhss,jrnjhns,0.027200,jrnjhns,0.027200,0,0
###vatpmos###,vvtpaos,vumpmos,0.034848,vumpmos,0.034848,0,0
###iöfojiä###,iööoägä,iftohgp,0.040869,göfjjiä,0.006681,0,0
###äudjhhe###,äujjhhe,ävrjhpd,0.005044,äudrhte,0.003104,0,0
###mfpufdl###,mppdddl,mmpnuue,0.014998,ofpifdl,0.000270,0,0
###kaipäöt###,kkipäöt,kaaläöt,0.020267,kaaläöt,0.020267,0,0
###otuyseu###,otostsu,otyshsp,0.006628,otumsäu,0.004064,0,0
###ggäfämu###,gfäfmum,yfäfkuu,0.028801,ggäbäku,0.001779,0,0
###sesnyäp###,stsnyäp,selyyäp,0.226200,selyyäp,0.226200,0,0
###rtspgop###,rpspgpp,rlspgpp,0.258470,rlspgpp,0.258470,0,0
###ujitoff###,ujftogf,ujijeff,0.011068,ujijeff,0.011068,0,0
###spipylä###,siipyeä,apimylä,0.030239,apimylä,0.030239,0,0
###äuabsos###,äuobsls,äustsos,0.038862,äustsos,0.038862,0,0
###idmpekv###,idmipev,ijmbhjv,0.014583,idmpgyv,0.009586,0,0
###gyjvfdg###,gyfvfgg,gyrrfuv,0.012198,hyjvvdg,0.009845,0,0
###lehgkii###,lehgiii,lehgvhi,0.055523,lehgvhi,0.055523,0,0
###ädädiöf###,ädädiöf,ädudibf,0.047757,ädudibf,0.047757,0,0
###pvnhvng###,phhhvng,pvdhdng,0.012508,pvdhdng,0.012508,0,0
###nnneptm###,ntneetm,nhneatm,0.060271,nhneatm,0.060271,0,0
###nntslrm###,nttllrm,ntolnpg,0.011879,notslam,0.002420,0,0
###oaymamö###,oaaayöm,odhfyöt,0.018401,laymumö,0.000345,0,0
###jmkvmyr###,jmkvmrr,jmevmir,0.051094,jmevmir,0.051094,0,0
###ioekpbp###,ipekpbp,idekpnp,0.237515,idekpnp,0.237515,0,0
###ytdosuö###,ytdotuö,yrjosuö,0.006033,yrjosuö,0.006033,0,0
###jujbrdk###,jubdrrk,jutbybk,0.011205,vfjbrdk,0.002861,0,0
###grkämni###,gkekmni,grjämmi,0.011518,grjämmi,0.011518,0,0
###heabböä###,hebbböä,hknbböä,0.088815,hknbböä,0.088815,0,0
###uknlmät###,uknlnät,hfnlmät,0.050864,hfnlmät,0.050864,0,0
###lpälffi###,lplpifi,lempkfj,0.010893,fpäoffi,0.002623,0,0
###fivgksä###,ffgvksä,rmgvksf,0.094898,fiijksä,0.040771,0,0
###iäyäpfg###,iäyäpfg,iöygpfg,0.097527,iöygpfg,0.097527,0,0
###shgtvkk###,stgkikk,shitokk,0.010654,shitokk,0.010654,0,0
###ärlänei###,ärlknli,äupynmi,0.023258,äflänäi,0.020367,0,0
###ktsölip###,ktstpip,ktsöspp,0.024852,ktsöspp,0.024852,0,0
###rdbätbb###,rdäättb,eyrfttb,0.007255,bnbätbb,0.000718,0,0
###uvdädmv###,uvdddvv,yfdddjl,0.013994,ivdidmv,0.011095,0,0
###ibinrps###,ibinrrs,ininrös,0.314202,ininrös,0.314202,0,0
###eibdbgn###,eibdbgn,eibdrun,0.263189,eibdrun,0.263189,0,0
###rpnmeyk###,rpnmeyk,rybmeyk,0.217105,rybmeyk,0.217105,0,0
###dlptlly###,dyltlyl,dkkelyn,0.007057,dlptvjy,0.001921,0,0
###äfdykes###,äydykes,äfsyyes,0.029960,äfsyyes,0.029960,0,0
###urfdäib###,urffäib,ufrdbsb,0.013543,krfdäeb,0.009523,0,0
###nukäyrg###,nukuyrg,rlkäyrg,0.016378,rlkäyrg,0.016378,0,0
###ttmrtvv###,ttmmtvv,ttyrtgv,0.050666,ttyrtgv,0.050666,0,0
###lmejavd###,lmjaatd,lmejhgd,0.010225,lmejhgd,0.010225,0,0
###nophtsh###,nopptsh,noovtsh,0.016134,noovtsh,0.016134,0,0
###rpäinra###,rpärnra,rpuiyra,0.036585,rpuiyra,0.036585,0,0
###äekhäli###,äekhäli,pokhäli,0.181556,pokhäli,0.181556,0,0
###deäohuy###,detohuy,teäohöy,0.068094,teäohöy,0.068094,0,0
###odeheba###,odeheaa,tdeheia,0.020591,tdeheia,0.020591,0,0
###opbuami###,obpuaum,osäumyi,0.022153,fpluami,0.017750,0,0
###spböfjd###,spböjjd,stnöfjd,0.048390,stnöfjd,0.048390,0,0
###ylklhrr###,llklhrr,blklhvr,0.364410,blklhvr,0.364410,0,0
###ugrpsfn###,upgpnfn,undhbsn,0.021112,ugppufn,0.015657,0,0
###dieskhb###,dieshbb,dyeskrb,0.052035,dyeskrb,0.052035,0,0
###vhvintr###,vhviiir,vhvihbr,0.142542,vhvihbr,0.142542,0,0
###fkdudgv###,fkdudgv,fkfudbv,0.029507,fkfudbv,0.029507,0,0
###lnlähgy###,lnlägly,lnlihky,0.017506,lnlihky,0.017506,0,0
###frlätöu###,ffrätuu,frläevu,0.014177,frläevu,0.014177,0,0
###tiuhöhö###,tiuihöö,tiälvöö,0.031357,tiohöyö,0.008133,0,0
###äriefeh###,äirfheh,jevphfh,0.013210,ähieseh,0.010155,0,0
###inoegjf###,iooorgf,imoevjf,0.005487,imoevjf,0.005487,0,0
###ietgvnk###,ieetvnk,ienovnk,0.020393,ienovnk,0.020393,0,0
###jvjdövl###,jvjlivl,ovjtinl,0.017332,jvobövl,0.004049,0,0
###otarsnj###,ottrsjj,ogmrsmj,0.101896,otämsnj,0.030232,0,0
###eoavfpä###,eeavoaä,eobvdpä,0.018594,eobvdpä,0.018594,0,0
###oddjäio###,dddääio,jddjtio,0.028761,jddjtio,0.028761,0,0
###gfujmpm###,ggujmpm,ghunmpm,0.051263,ghunmpm,0.051263,0,0
###bktmurr###,bkmmuur,bpombuj,0.011167,ivtmurr,0.004606,0,0
###khjmoöd###,kmmöjöd,kpvhoös,0.011766,kojmopd,0.003383,0,0
###olöodmr###,oooodmr,myoommh,0.012281,olöojör,0.002140,0,0
###ojdyjte###,jtddjte,jyoöjtö,0.007433,ojdbjne,0.005380,0,0
###grbikrö###,gigkjrö,grgovka,0.007961,trdikrö,0.002387,0,0
###fssvbnf###,ftsvbvf,frsvdnf,0.055308,frsvdnf,0.055308,0,0
###ipräköj###,iprkköj,isräyöj,0.143739,isräyöj,0.143739,0,0
###hkukabj###,hukkbbj,hupklnm,0.004486,däukabj,0.000262,0,0
###äelsaen###,äeslaen,äeysaän,0.067118,äeysaän,0.067118,0,0
###yiokbiö###,yioböiö,tiohöyö,0.032911,yijibiö,0.028175,0,0
###kfgrögv###,kkgrögv,kuvrögv,0.320885,kuvrögv,0.320885,0,0
###khbbteo###,khbrteb,kkjrbvb,0.033454,khbbono,0.013082,0,0
###ftsmäky###,ftsmäky,ftsgvky,0.011425,ftsgvky,0.011425,0,0
###tjpmbbt###,tjpjbbt,tjpsjbt,0.104877,tjpsjbt,0.104877,0,0
###tmruvfp###,tmruuup,mmruvöp,0.042816,mmruvöp,0.042816,0,0
###jsagvmb###,jsavvbb,ysaovmb,0.021539,ysaovmb,0.021539,0,0
###opnpyrl###,opnpyrl,yönpyrl,0.234628,yönpyrl,0.234628,0,0
###ädpyöbk###,ääpyökk,ädpsöpk,0.007211,ädpsöpk,0.007211,0,0
###öjpoghp###,öjöjphp,ökraphh,0.005787,tjpeghp,0.002300,0,0
###ghläkgn###,gglllng,egtlkne,0.011541,öhläkon,0.000155,0,0
###dörhvob###,drrloob,drklojb,0.029812,förheob,0.004359,0,0
###pieoöyi###,pieööyi,preoyyi,0.175133,preoyyi,0.175133,0,0
###vvhfföy###,vvdöfvy,vknrtvp,0.007470,yvhffby,0.000891,0,0
###mujänjb###,mumänjb,eulänjb,0.003343,eulänjb,0.003343,0,0
###gösdpoi###,ögsdioi,pbsdpoi,0.007012,pbsdpoi,0.007012,0,0
###öivtäpe###,öövtäpe,uivfäpe,0.204871,uivfäpe,0.204871,0,0
###kddlirv###,krdlirv,fddgirv,0.014208,fddgirv,0.014208,0,0
###amrhefg###,ammregg,aruggga,0.033466,afrhsfg,0.001301,0,0
###fuapööo###,fuupööo,fuapiso,0.030072,fuapiso,0.030072,0,0
###ötriaöf###,tititaö,tiohöyö,0.012888,strieöf,0.001006,0,0
###pbähams###,pbmhams,pbmhjms,0.154939,pbmhjms,0.154939,0,0
###anjlhii###,anjnoii,änjphii,0.057082,änjphii,0.057082,0,0
###vnopimp###,vnoipmp,vtoäimp,0.018151,vtoäimp,0.018151,0,0
###iljkyua###,ljjkyfa,ipjkbua,0.038773,ipjkbua,0.038773,0,0
###sskuyav###,sskuuuv,sbkueav,0.027414,sbkueav,0.027414,0,0
###vmjsgth###,vsjsgth,drjsgth,0.010574,drjsgth,0.010574,0,0
###oahjntk###,ohatntk,ohavnek,0.014154,oaejstk,0.012963,0,0
###sgiveör###,sgbveör,sgivggr,0.021402,sgivggr,0.021402,0,0
###yiosdsu###,yidoduu,niosdgu,0.007167,niosdgu,0.007167,0,0
###rpfijjp###,pffjjgp,pfyjjvo,0.010292,ppfifjp,0.002180,0,0
###lnkktnä###,lkkttnä,lkkkmnä,0.008629,lkkkmnä,0.008629,0,0
###ldalhha###,llalhaa,hsplhfä,0.012880,ldanhea,0.009573,0,0
###tnroeät###,tnnoeät,tefoeät,0.357445,tefoeät,0.357445,0,0
###yuökthp###,yktötkp,yutktop,0.022165,yutktop,0.022165,0,0
###hmmiyha###,hmmylaa,hmyayjö,0.008712,nmmmyha,0.003284,0,0
###hjfviyj###,hhfvfji,hmyayjö,0.004623,lofviyj,0.000695,0,0
###äurytyä###,äurttyä,äprätyä,0.046349,äprätyä,0.046349,0,0
###arpffay###,apfpffa,apsgfff,0.027564,äräffay,0.001031,0,0
###jllköri###,jrjklri,jrbflyi,0.011492,jlekövi,0.004745,0,0
###bnyfram###,byyrrjm,bnyärbm,0.012514,bnyärbm,0.012514,0,0
###rvpablb###,rvabbbb,rvrrblb,0.030876,rvrrblb,0.030876,0,0
###dvugbkr###,ddgdkkr,dhnvvpr,0.012228,dvugmhr,0.001988,0,0
###kltvaue###,kltvtöe,ästvaue,0.038201,ästvaue,0.038201,0,0
###afsvuhö###,ufaauöö,kfsbuhö,0.038410,kfsbuhö,0.038410,0,0
###yuffepo###,yufffeo,yufnrpo,0.159798,yufnrpo,0.159798,0,0
###utsfuok###,utsfuok,jtsfuvk,0.037077,jtsfuvk,0.037077,0,0
###eheäbby###,eheäeby,gheäyby,0.223661,gheäyby,0.223661,0,0
###jtrltdd###,jttttdd,jtulgdd,0.017936,jtulgdd,0.017936,0,0
###foläybp###,foläybp,fomäibp,0.133663,fomäibp,0.133663,0,0
###tramsfj###,trrmsfj,ärrntnj,0.005750,yaamsfj,0.002986,0,0
###fajarrb###,faabrrb,fpjkrrb,0.016472,fpjkrrb,0.016472,0,0
###adfifne###,adfifne,ndfirne,0.009978,ndfirne,0.009978,0,0
###öfdsdfy###,ösdfdfy,öpdsdgy,0.381489,öpdsdgy,0.381489,0,0
###etlfukt###,etfkkut,etlfoet,0.024434,etlfoet,0.024434,0,0
###äeiblun###,äbeelun,gbisinn,0.008787,ähibrun,0.004696,0,0
###turirbu###,turibiu,turumbu,0.018032,turumbu,0.018032,0,0
###gvoösbd###,gvobdsd,gvgösvd,0.007465,gvgösvd,0.007465,0,0
###fgmbvög###,fbmbvbg,ugmbvhg,0.033241,ugmbvhg,0.033241,0,0
###khröavj###,khhaajj,thsöavj,0.010290,thsöavj,0.010290,0,0
###fjsfdnp###,fjsfdpp,fjrfpjp,0.036016,nmsfdnp,0.025651,0,0
###nnpttkg###,ntpttkg,inpdtkg,0.038471,inpdtkg,0.038471,0,0
###jräddgh###,jrälddh,krädggh,0.057418,krädggh,0.057418,0,0
###ihnlile###,ihnllle,istlile,0.096050,istlile,0.096050,0,0
###hajjjou###,ajjjägu,bjjjjou,0.031945,bjjjjou,0.031945,0,0
###hnämvok###,hnäähok,hsyätok,0.029305,hnymjok,0.013494,0,0
###yälseov###,yslseov,ygsstfv,0.024643,yäeöeov,0.000717,0,0
###rivovky###,rvvvvyy,avvrvyö,0.038433,rivhvgy,0.025302,0,0
###nporävy###,npjäävä,npömävy,0.037092,npömävy,0.037092,0,0
###pmbäjos###,ppbäjjs,hnbäjos,0.005152,hnbäjos,0.005152,0,0
###gsolläe###,ggllläl,äghäeäl,0.013091,usollhe,0.001399,0,0
###ejdafiv###,edaaviv,fddgirv,0.013469,hjdlfiv,0.005273,0,0
###kgedtgi###,egteedi,bgtnudp,0.006027,kgidngi,0.001186,0,0
###mhtmdik###,mhdmdkk,mhdjäkf,0.032388,khtmtik,0.001925,0,0
###vainojd###,viinond,vainpfd,0.019477,vainpfd,0.019477,0,0
###sfhoiöj###,söjoööj,teäohöy,0.006012,afhoijj,0.003470,0,0
###oeshdok###,oesddok,lfshdok,0.095348,lfshdok,0.095348,0,0
###ykähtat###,ykähttt,ykyhtpt,0.112885,ykyhtpt,0.112885,0,0
###tekflfb###,teffblb,teöflsb,0.015007,teöflsb,0.015007,0,0
###nphmhsl###,nphhhsl,njemhsl,0.222921,njemhsl,0.222921,0,0
###aänptyb###,aynpytb,eyrfttb,0.007884,bätptyb,0.007496,0,0
###äjdglma###,äjäglma,äfdgama,0.020523,äfdgama,0.020523,0,0
###npfhgsp###,nphhgsp,nplugsp,0.064215,nplugsp,0.064215,0,0
###detfomö###,dttfömö,demnomö,0.172920,demnomö,0.172920,0,0
###nömkvio###,immkvio,slmknio,0.013528,ndmkrio,0.009593,0,0
###tatnfju###,tttnfju,sutnfju,0.047330,sutnfju,0.047330,0,0
###ojlrsuu###,oulrsuu,otumsäu,0.012351,vjlrsku,0.004380,0,0
###aibljmä###,aibljmä,oiblkmä,0.289532,oiblkmä,0.289532,0,0
###ärlhhak###,lrhhhaa,lövmlak,0.020501,äräthak,0.007685,0,0
###khbkäuj###,kubkäuj,uhäkäuj,0.016839,uhäkäuj,0.016839,0,0
###tugnyou###,tugyyou,iugnysu,0.032158,iugnysu,0.032158,0,0
###ödofnkp###,ödofnkp,ösäfnkp,0.142488,ösäfnkp,0.142488,0,0
###sdkpdym###,sykdmym,sdtpsym,0.039891,sdtpsym,0.039891,0,0
###äpmkdeb###,ämkedlb,äpmfneb,0.006272,äpmfneb,0.006272,0,0
###bäbhknn###,bäbhkfn,bärhkfn,0.106401,bärhkfn,0.106401,0,0
###stfuuäl###,stfuuäl,stthtes,0.003834,dtfuurl,0.001146,0,0
###ignödbm###,ivnböbm,iinbdbm,0.064480,iinbdbm,0.064480,0,0
###jurrhrb###,jurrhrb,jbrrhöb,0.117495,jbrrhöb,0.117495,0,0
###bbhnndn###,bhnnddn,fvlnldn,0.010277,bbyindn,0.010251,0,0
###öjmedvf###,öjöedef,ösmedef,0.058694,ösmedef,0.058694,0,0
###birötft###,börrtft,mrnrtpt,0.044944,biiptft,0.004664,0,0
###äedibml###,äiäiiml,ätäibml,0.092925,ätäibml,0.092925,0,0
###bubgubu###,bbuggju,blgygyh,0.008121,bubpudu,0.001554,0,0
###erbttjm###,ebbltmm,ejmlfme,0.008511,erbathm,0.002348,0,0
###rjblyfo###,rjbvyfo,rjbirfo,0.123786,rjbirfo,0.123786,0,0
###bmnbsey###,bmnbbey,vmfbbry,0.019920,bdnlsey,0.017734,0,0
###udiöppa###,upöappa,udsylpm,0.006128,udirpva,0.003166,0,0
###gefpfdr###,ggnpfor,gefpnlr,0.018642,gefpnlr,0.018642,0,0
###öytyudy###,ötttddy,öytbödy,0.113750,öytbödy,0.113750,0,0
###pslyrto###,pslyrto,tdlyrto,0.041155,tdlyrto,0.041155,0,0
###mrdtsuv###,mrdtsuv,mrdrsiv,0.059450,mrdrsiv,0.059450,0,0
###rndoöof###,rnooöof,rneokof,0.061592,rneokof,0.061592,0,0
###pmdhdgk###,ppdhdgk,jndhdgk,0.062151,jndhdgk,0.062151,0,0
###tavmpjk###,ttmmpjk,tvvmplk,0.069052,tvvmplk,0.069052,0,0
###hpebdgi###,hbbedii,lpetdgi,0.012981,lpetdgi,0.012981,0,0
###unoyrlo###,ujoyrul,vnojrlo,0.007393,vnojrlo,0.007393,0,0
###fjodfgh###,öjodogh,äjodkgh,0.081106,äjodkgh,0.081106,0,0
###rotieäö###,rottöäö,lbdtöyö,0.009563,foiieäö,0.006920,0,0
###sudmköe###,sudmkke,ludmpöe,0.008848,ludmpöe,0.008848,0,0
###älftbbk###,ätfbkbk,ähffhbm,0.011272,älfsbsk,0.009718,0,0
###dlienhk###,dliieek,vlldevh,0.006741,eliengk,0.005344,0,0
###jrkfeyi###,jkkfyyi,jrbflyi,0.151128,jrbflyi,0.151128,0,0
###uueyluj###,utlyyuj,uneyduj,0.161662,uneyduj,0.161662,0,0
###göärjee###,ggärjee,gäärjne,0.057117,gäärjne,0.057117,0,0
###pfrdspr###,pfpssdr,bfptslr,0.020748,pfkdypr,0.003358,0,0
###sunyelm###,sunylem,ssnyemm,0.178297,ssnyemm,0.178297,0,0
###mbdgöbk###,mbdgkkk,mddgkbk,0.100423,mddgkbk,0.100423,0,0
###eyvöjoe###,egeöjjv,eyeöjse,0.007110,eyeöjse,0.007110,0,0
###uhvpfae###,uhvavae,uivfäpe,0.025172,uhvsyae,0.019723,0,0
###euähhit###,euthhit,euopäit,0.080488,tuähait,0.043541,0,0
###häaaöbj###,hhaaöbj,oämaöbj,0.051776,oämaöbj,0.051776,0,0
###fäggklp###,fnägklg,fögyklp,0.039904,fögyklp,0.039904,0,0
###ifouogr###,ifouogr,nfoujgr,0.043498,nfoujgr,0.043498,0,0
###ptäämvö###,ppäävvö,ptäädnö,0.037504,ptäädnö,0.037504,0,0
###äahivön###,äaiiiön,äahvvvn,0.019971,äahvvvn,0.019971,0,0
###öbmtetu###,ööbtttu,tibmutu,0.020063,äbmtttu,0.007972,0,0
###rtrrndö###,rträndö,rprsndö,0.080857,rprsndö,0.080857,0,0
###mädkäfh###,mmdräff,mädhäyh,0.035293,mädhäyh,0.035293,0,0
###emäeiej###,emäejij,jmäeeoo,0.016590,hbäeiej,0.003069,0,0
###uspuymu###,uspaymu,gspasnt,0.020010,uvpuypu,0.014117,0,0
###simpfäb###,simpfäb,sumpföb,0.257402,sumpföb,0.257402,0,0
###äryamom###,äryomom,orbamjm,0.038284,yrykmom,0.015504,0,0
###lpytist###,lpytitt,lpyriht,0.123938,lpyriht,0.123938,0,0
###yugfvie###,yyvfvie,lfuivib,0.009707,kugfrie,0.004409,0,0
###oubmibl###,omubibl,oubjiel,0.030912,oubjiel,0.030912,0,0
###fluekke###,flukeke,älugkke,0.039946,älugkke,0.039946,0,0
###kosmbjd###,koojjjb,kloruad,0.007224,jismbjd,0.000666,0,0
###bpdökjy###,bpdpkjy,bbdtsjy,0.017591,bttökjy,0.010686,0,0
###mjttlyg###,mjmtygg,mjtteag,0.058659,mjtteag,0.058659,0,0
###psvukpv###,pnvpkov,psvjkyv,0.008939,psvjkyv,0.008939,0,0
###juebtph###,jtbbteh,ltsbher,0.010765,junötph,0.002253,0,0
###ejmöfbe###,emmmfbe,ejmlfme,0.045564,ejmlfme,0.045564,0,0
###mjpjybu###,mjpjybu,bjjjjou,0.013823,nrpjybu,0.011192,0,0
###lptiaol###,lptiaol,bbtiaol,0.008180,bbtiaol,0.008180,0,0
###yjkgfvy###,ykyfvgy,yvhffby,0.014275,yjvgevy,0.003482,0,0
###tvammrh###,tvvmmrh,täanmrh,0.083116,täanmrh,0.083116,0,0
###äujloip###,äujloip,äkjmoip,0.232981,äkjmoip,0.232981,0,0
###rlorrkg###,rlorrkg,rlirrtg,0.046651,rlirrtg,0.046651,0,0
###flltrsö###,fflllöt,eiuhlmö,0.008855,mlltroö,0.005026,0,0
###ihvbpbe###,ihvppbe,ihvbhäe,0.039337,ihvbhäe,0.039337,0,0
###jevlhoh###,jevlhhh,jevphfh,0.070056,jevphfh,0.070056,0,0
###alfdevh###,alaövvh,vlldevh,0.014499,vlldevh,0.014499,0,0
###lvönbif###,löönbvf,lnbnbif,0.052639,lnbnbif,0.052639,0,0
###nttjiöl###,nttjijl,ntmjkjö,0.024268,dytjiöl,0.017456,0,0
###myuturä###,mtyutru,mptuayv,0.016506,öyutvrä,0.000093,0,0
###unoltnd###,unottnd,gnoptnd,0.044994,gnoptnd,0.044994,0,0
###blvobpm###,bvobbpm,yovobpm,0.007822,yovobpm,0.007822,0,0
###iempuöu###,iemhuöu,äijruöu,0.015892,ibmpubu,0.011002,0,0
###bmpauol###,bmpaaol,bbtiaol,0.032780,btpvuol,0.019244,0,0
###hnutjme###,hntjjme,hnuujie,0.137460,hnuujie,0.137460,0,0
###pbhburd###,pbuborl,pjbbvud,0.014911,nbhourd,0.000406,0,0
###krnjljk###,kkjjnjk,kryjyjö,0.021358,ktnjkjk,0.019803,0,0
###svihrrh###,svihrvr,sjihrhh,0.046539,sjihrhh,0.046539,0,0
###öumivnn###,öumvvnn,öämivbn,0.018928,öämivbn,0.018928,0,0
###obmspop###,opmspop,blmrpof,0.012603,obifpop,0.011116,0,0
###mjbyyip###,mmhyyyp,mmdyyip,0.050182,mmdyyip,0.050182,0,0
###uebiinm###,ueblifm,uärbnmn,0.005578,ugliinm,0.004027,0,0
###lpudild###,llldild,lnugild,0.047552,lnugild,0.047552,0,0
###rratvdr###,rratvdr,rrktjdr,0.007607,rrktjdr,0.007607,0,0
###uynefje###,uynjfge,äjljfje,0.012649,uyvmfje,0.006572,0,0
###örluoäf###,örluoäf,öölpoäf,0.180331,öölpoäf,0.180331,0,0
###ndipvsj###,ndipspj,ndvrsmi,0.007876,edtpvsj,0.002330,0,0
###ybsdheh###,ysbsheh,ymadheh,0.012053,ymadheh,0.012053,0,0
###höflpfu###,höllpgu,hdläpiu,0.020709,iöblpfu,0.017599,0,0
###äsojjsf###,äsjjjjf,äsljusf,0.005913,äsljusf,0.005913,0,0
###duejfbp###,duejfbp,dutjlbp,0.053810,dutjlbp,0.053810,0,0
###dkyfmrn###,dkyfmrn,äkjfmrn,0.036714,äkjfmrn,0.036714,0,0
###jmmpmle###,mjmpmle,jmypmfe,0.014146,jmypmfe,0.014146,0,0
###räaueno###,räeueno,rägubno,0.035605,rägubno,0.035605,0,0
###pyyöfdd###,pyyöfdd,peyöfnd,0.050948,peyöfnd,0.050948,0,0
###nersbkd###,nerkndb,nermmkd,0.023982,nermmkd,0.023982,0,0
###omtfsfv###,ottfofv,ogtflfv,0.008696,ogtflfv,0.008696,0,0
###ykjpesh###,ykjpfsh,skjpush,0.020037,skjpush,0.020037,0,0
###shäptgl###,shtatll,shälthl,0.013392,shälthl,0.013392,0,0
###hdmngps###,hdmngds,hjmngns,0.062435,hjmngns,0.062435,0,0
###jerghot###,jergoot,jeäghft,0.024939,jeäghft,0.024939,0,0
###euemduo###,euueduo,uurmduo,0.048809,uurmduo,0.048809,0,0
###ödivoro###,ödivooo,sddvoro,0.106366,sddvoro,0.106366,0,0
###daltlof###,dllllfo,dutjlbp,0.004832,deltäof,0.002640,0,0
###vtopmäp###,votppäp,obifpop,0.003783,atommäp,0.001731,0,0
###kiaruad###,kirraad,kloruad,0.022118,kloruad,0.022118,0,0
###yjkldek###,yjkekek,yjdoaek,0.040254,äjkldpk,0.006789,0,0
###opjgpsv###,opggpsv,oeyfpvv,0.012854,opmgnsv,0.012576,0,0
###vyhbfrk###,vydbfrk,iyhbkrk,0.073383,iyhbkrk,0.073383,0,0
###ugppnlr###,ugppnlr,umptnlr,0.130090,umptnlr,0.130090,0,0
###rämpöbk###,räppökk,räipebk,0.041445,räipebk,0.041445,0,0
###oibjmih###,oibmmih,oabbmih,0.097541,oabbmih,0.097541,0,0
###nrbsämh###,nrblähh,örbmämh,0.047195,örbmämh,0.047195,0,0
###prrähmy###,prrhhmy,preähfy,0.008543,preähfy,0.008543,0,0
###ommvövf###,omhvmvf,äahvvvn,0.011920,omtvöbf,0.007851,0,0
###tjjnmfo###,tlmnfno,olmnevo,0.010997,vjjnufo,0.002859,0,0
###uässtbn###,uätssbn,uäästön,0.051509,uäästön,0.051509,0,0
###kmurjpb###,kmmrrjb,kiurspb,0.018198,kiurspb,0.018198,0,0
###pdpyuib###,pbpyibb,pbkydji,0.010039,ädpsuib,0.000244,0,0
###pypnköp###,pppnnöp,tnpnköp,0.012034,tnpnköp,0.012034,0,0
###fkioomo###,fkiiomo,fkitvmo,0.064887,fkitvmo,0.064887,0,0
###sdtlörv###,sfötörv,sdöjhov,0.042435,sgtsörv,0.018028,0,0
###höngnle###,hlhgnle,hblgnle,0.055039,hblgnle,0.055039,0,0
###ääjfekö###,ääjfeök,äjkldpk,0.011123,jäjiekö,0.002056,0,0
###fhnugof###,fnhuunf,fhyuyof,0.005901,fhyuyof,0.005901,0,0
###bhuäthe###,bhuäthe,ehuätöe,0.022963,ehuätöe,0.022963,0,0
###yshfgfo###,ysagffo,rshfsfo,0.128657,rshfsfo,0.128657,0,0
###lpgreäf###,lllreäf,ilrmäof,0.006093,fygreäf,0.001337,0,0
###gsbgins###,gsbgiis,gsbgsäs,0.063624,gsbgsäs,0.063624,0,0
###hhdlaib###,hhailib,hhddhib,0.010665,hhddhib,0.010665,0,0
###jmrmosg###,jmooosg,jeootft,0.004807,jmrmgtg,0.002231,0,0
###kvuftrv###,kkuftrv,keuftuv,0.040385,keuftuv,0.040385,0,0
###yifngmf###,yiiggmf,yärngmf,0.025821,yärngmf,0.025821,0,0
###öogmöpf###,ögggmpf,vogmrpf,0.016517,vogmrpf,0.016517,0,0
###väehmla###,ävvemla,ävyemlp,0.032823,öäefmla,0.001679,0,0
###tidtbov###,tditbov,thdybov,0.035412,thdybov,0.035412,0,0
###mptuuuv###,mppuuuv,mptuayv,0.022899,mptuayv,0.022899,0,0
###fgägnlä###,fgäänlg,ftäpflm,0.006585,ygähnlä,0.000956,0,0
###mihyivk###,mmhtkvk,mihtsvk,0.086929,mihtsvk,0.086929,0,0
###kufjgol###,ukfjogl,utfkvjs,0.010268,kumrgol,0.000487,0,0
###jkfrlot###,jkfrlot,jgfrjot,0.104883,jgfrjot,0.104883,0,0
###sikhdgi###,sishlki,sinhdji,0.242875,sinhdji,0.242875,0,0
###yrbejys###,yrbejys,grdejys,0.153565,grdejys,0.153565,0,0
###hräodte###,hroodte,uräpdte,0.111843,uräpdte,0.111843,0,0
###tvpmpär###,tvvmpäp,nepmpär,0.029204,nepmpär,0.029204,0,0
###ubmkabi###,ubkabbi,omkpebv,0.004603,pbnkabi,0.003529,0,0
###deviyph###,deevivh,dvbvpäm,0.012826,deniydh,0.008586,0,0
###edrfiue###,edrdrue,edkviue,0.022796,edkviue,0.022796,0,0
###pkydbps###,pkppbps,pffdpss,0.013533,pkodbgs,0.005528,0,0
###aulyljä###,aullljä,bmlyljä,0.043098,bmlyljä,0.043098,0,0
###vaagspt###,vatgspt,haagäpt,0.009715,haagäpt,0.009715,0,0
###bempöen###,bempmön,bemdmen,0.595814,bemdmen,0.595814,0,0
###ternpjj###,teräpnj,tvräudj,0.023742,teönpkj,0.022407,0,0
###grralbh###,grarlhh,ghaabkö,0.005001,gmraldh,0.004377,0,0
###dkhmggf###,dkhkggk,dväggby,0.004750,lkhmgaf,0.004121,0,0
###frovdnf###,frovdnf,frsvdnf,0.494176,mroädnf,0.049003,0,0
###idmmröu###,idmmräu,idufröu,0.030854,idufröu,0.030854,0,0
###unhtesv###,unntesv,undhbsn,0.016685,grhtesv,0.011146,0,0
###jkefumu###,jkefuäm,jrffipm,0.016561,jkyvumu,0.013466,0,0
###oatrlod###,otorlid,omorofh,0.031733,fltrlod,0.007621,0,0
###oshätmp###,othätmp,osogtmp,0.006511,osogtmp,0.006511,0,0
###fgybndj###,fgbbndj,fglbnjj,0.265566,fglbnjj,0.265566,0,0
###pjöjppe###,ppöjppe,pjujpie,0.053931,pjujpie,0.053931,0,0
###mvpyhvg###,mvpygvg,mdpjvgt,0.004085,gvpylvg,0.002725,0,0
###trbvttk###,trbvttk,trnvtsk,0.057133,trnvtsk,0.057133,0,0
###hmoblry###,hmoblrl,otoblry,0.057710,otoblry,0.057710,0,0
###ajfmköä###,aöfmköä,ujfmkhä,0.084886,ujfmkhä,0.084886,0,0
###jlolgal###,llolgal,teolgal,0.093261,teolgal,0.093261,0,0
###kmanärp###,kmnamrp,bmjnärp,0.017049,bmjnärp,0.017049,0,0
###ävoupjg###,ävoupgg,ävnupbg,0.100388,ävnupbg,0.100388,0,0
###tmfmfip###,ttfmfip,tmfpfyp,0.070760,tmfpfyp,0.070760,0,0
###yröullb###,yylrllb,jyoilgy,0.007538,vroullb,0.001486,0,0
###kiuhsmö###,kiimsöö,kiurspb,0.003618,eiuhlmö,0.000868,0,0
###gbvbaiy###,gbbbbiy,gbäböiy,0.269790,gbäböiy,0.269790,0,0
###iryfsob###,iryfisb,ieyfspb,0.016526,ieyfspb,0.016526,0,0
###fvlarlk###,fvalrrk,fvadlti,0.012241,fvyyrlk,0.004967,0,0
###mfnijtn###,miftttn,mimötäi,0.004798,äpnijtn,0.001369,0,0
###äseygvj###,äseyörj,uneyduj,0.007976,dslygvj,0.003351,0,0
###veviiil###,vvviiil,vkviäil,0.183491,vkviäil,0.183491,0,0
###pfttadl###,pftaadl,pfäthdl,0.148884,pfäthdl,0.148884,0,0
###hirtfty###,hiihyty,hjkhyly,0.010289,hisdfty,0.009020,0,0
###ofkmhit###,okomhit,ofvfhit,0.043135,ofvfhit,0.043135,0,0
###lyyydao###,lyyydao,lfyydmo,0.030177,lfyydmo,0.030177,0,0
###öorduoj###,öfrdooj,öjrdeoj,0.329854,öjrdeoj,0.329854,0,0
###brytttg###,brytttg,trhtttg,0.042531,trhtttg,0.042531,0,0
###osffyjf###,osfärjf,ognaojf,0.005040,rsffvjf,0.004762,0,0
