input,lower_deck_output,upper_deck_winner,winner_activation,target,target_activation,excluded,over_threshold
####aloa#####,aloallo,alatalo,0.017466,aaltola,0.000011,0,0
####amla#####,ahmalma,iisalmi,0.012878,aamulla,0.000058,0,0
####amsa#####,ghsamma,tasamaa,0.018880,aamusta,0.000005,0,0
####arkn#####,arkakko,puhakka,0.017793,afrikan,0.000537,0,0
####adsi#####,andaddi,kanadan,0.011793,aidosti,0.000183,0,0
####aemn#####,amkemmn,tulemme,0.012633,aiemman,0.000280,0,0
####aemt#####,amaemmt,tekemät,0.007958,aiemmat,0.000805,0,0
####aemn#####,amkemmn,tulemme,0.012633,aiemmin,0.000787,0,0
####aepa#####,appaapa,apuraha,0.003198,aiempaa,0.000004,0,0
####aepa#####,appaapa,apuraha,0.003198,aiempia,0.000006,0,0
####ahea#####,aheaama,useassa,0.005902,aiheena,0.000011,0,0
####ahia#####,hhhaara,uhmaava,0.015820,aiheina,0.000006,0,0
####ahia#####,hhhaara,uhmaava,0.015820,aiheita,0.000003,0,0
####ahta#####,hhhahta,uhmaava,0.003162,aihetta,0.000022,0,0
####ahua#####,hhhahua,hidasta,0.004489,aiheuta,0.000015,0,0
####akme#####,akkamme,aikamme,0.093775,aikamme,0.093775,0,0
####akna#####,annakka,puhakka,0.070879,aikansa,0.000139,0,0
####akia#####,ahkakia,pääasia,0.004315,aikoina,0.000003,0,0
####akjn#####,ajjakjn,ainakin,0.087232,aikojen,0.000323,0,0
####akvt#####,avvavkt,alkavat,0.017600,aikovat,0.002473,0,0
####ankn#####,ankankn,hakanen,0.014187,ainakin,0.000709,0,0
####ania#####,anaaaia,pääasia,0.015237,aineita,0.000001,0,0
####anta#####,anaanta,antamaa,0.007311,ainetta,0.000002,0,0
####anaa#####,anaaaaa,haapala,0.002809,ainoana,0.000064,0,0
####aoan#####,apaaaan,ainoana,0.002396,aiotaan,0.000565,0,0
####avjn#####,avjajjs,sijalle,0.026210,aivojen,0.000452,0,0
####aaan#####,apaaaan,laajaan,0.004941,ajamaan,0.001955,0,0
####aean#####,asaaaan,juhlaan,0.001752,ajetaan,0.000353,0,0
####aola#####,aplaola,uhmaava,0.000607,ajoilta,0.000031,0,0
####aosa#####,assaasa,museoon,0.001814,ajoissa,0.000001,0,0
####aosa#####,assaasa,museoon,0.001814,ajoista,0.000001,0,0
####asln#####,fnnalan,matalan,0.009090,akselin,0.000375,0,0
####auti#####,autiuri,aiheuta,0.028557,akuutti,0.000299,0,0
####aann#####,anaaaan,tavaran,0.001724,alainen,0.000003,0,0
####aaan#####,apaaaan,laajaan,0.004941,alataan,0.001876,0,0
####aaao#####,ahaaama,vapaata,0.006617,alatalo,0.003630,0,0
####aess#####,aseasss,asiassa,0.010234,aleksis,0.003591,0,0
####aens#####,asesass,asennus,0.024387,alennus,0.000030,0,0
####aeta#####,ahtaata,astetta,0.002557,alentaa,0.000002,0,0
####aean#####,asaaaan,juhlaan,0.001752,aletaan,0.000106,0,0
####akii#####,aniakii,ainakin,0.017889,alkaisi,0.000679,0,0
####aknt#####,antakkt,puhakka,0.018672,alkanut,0.000125,0,0
####akvn#####,avvakks,ainakin,0.080778,alkavan,0.000594,0,0
####akvt#####,avvavkt,alkavat,0.017600,alkavat,0.017600,0,0
####akna#####,annakka,puhakka,0.070879,alkunsa,0.000004,0,0
####aola#####,aplaola,uhmaava,0.000607,aloilla,0.000025,0,0
####aole#####,aaaalme,asialle,0.005046,aloille,0.001117,0,0
####aola#####,aplaola,uhmaava,0.000607,aloilta,0.000013,0,0
####aotn#####,apaaadt,ajamaan,0.002748,aloitin,0.000082,0,0
####aoti#####,ataaoki,ammatti,0.000590,aloitti,0.000108,0,0
####aots#####,asaaous,asennus,0.028643,aloitus,0.000178,0,0
####auia#####,apkaara,palauta,0.006752,alueita,0.000008,0,0
####auta#####,ahtauma,antamaa,0.014408,aluetta,0.000011,0,0
####ausn#####,asaaaus,asennus,0.034108,aluksen,0.000061,0,0
####amtn#####,mmaammt,annamme,0.017304,ammatin,0.000249,0,0
####amti#####,ahmammi,kävimme,0.002950,ammatti,0.000249,0,0
####aesa#####,assaasa,tasalla,0.004960,aneista,0.000004,0,0
####anme#####,angamme,tulemme,0.020531,annamme,0.017046,0,0
####antu#####,antanuu,unohtuu,0.009014,annettu,0.001242,0,0
####antn#####,anaanat,antanut,0.032537,annetun,0.000019,0,0
####antt#####,antanut,antamat,0.013800,annetut,0.000108,0,0
####ania#####,anaaaia,pääasia,0.015237,anniina,0.000013,0,0
####anki#####,ankikki,annikki,0.022488,annikki,0.022488,0,0
####ansa#####,ansansa,susanna,0.017874,annosta,0.000072,0,0
####anka#####,ankakka,puhakka,0.041554,annukka,0.006356,0,0
####atii#####,aviatii,miettii,0.014665,antaisi,0.000061,0,0
####atma#####,ahmamma,autamme,0.043103,antamaa,0.001610,0,0
####atmn#####,fmtammt,autamme,0.088458,antaman,0.000996,0,0
####atmt#####,amtammt,antamat,0.113696,antamat,0.113696,0,0
####atnt#####,antatat,lotalle,0.020111,antanut,0.003054,0,0
####atvt#####,avtavvt,antavat,0.036470,antavat,0.036470,0,0
####atia#####,ahaaaia,pelaaja,0.002540,anttila,0.000003,0,0
####auaa#####,ahaaaaa,antamaa,0.002148,apuraha,0.000835,0,0
####aipa#####,appaaha,vapaata,0.010925,arimpia,0.000028,0,0
####ajsa#####,asjajja,sijasta,0.050581,arjessa,0.000400,0,0
####ajsa#####,asjajja,sijasta,0.050581,arjesta,0.000274,0,0
####aksn#####,annakks,ainakin,0.080285,arkisin,0.000006,0,0
####akso#####,askakko,puhakka,0.013561,arkisto,0.000029,0,0
####amia#####,ahmaama,tapaama,0.027588,armeija,0.000012,0,0
####atui#####,avaituu,asettuu,0.005466,artturi,0.000201,0,0
####avle#####,vvvalle,lavalle,0.052114,arvelee,0.012391,0,0
####avjn#####,avjajjs,sijalle,0.026210,arvojen,0.000720,0,0
####avks#####,avkakks,kukaksi,0.036411,arvokas,0.000798,0,0
####avla#####,alvalma,ennalta,0.006905,arvolta,0.001234,0,0
####avme#####,vvkamme,aikamme,0.030697,arvomme,0.000418,0,0
####avsa#####,vssavsa,osaavia,0.003506,arvosta,0.000003,0,0
####aedn#####,anddddn,aseiden,0.040866,aseiden,0.040866,0,0
####aean#####,asaaaan,juhlaan,0.001752,asemaan,0.000557,0,0
####aens#####,asesass,asennus,0.024387,asennus,0.024387,0,0
####aeta#####,ahtaata,astetta,0.002557,asentaa,0.000001,0,0
####aeta#####,ahtaata,astetta,0.002557,asettaa,0.000001,0,0
####aeta#####,ahtaata,astetta,0.002557,asettua,0.000010,0,0
####aetu#####,atteuuu,toteudu,0.066770,asettuu,0.001214,0,0
####aiks#####,akkaaks,aikojen,0.014312,asiakas,0.001795,0,0
####aila#####,aiaaala,pelaaja,0.001969,asialla,0.000266,0,0
####aile#####,aiaalle,arvelee,0.007759,asialle,0.005545,0,0
####aina#####,aiaaana,pelaaja,0.003285,asiansa,0.000075,0,0
####aisa#####,assaasa,tasalla,0.011481,asiassa,0.000033,0,0
####aisa#####,assaasa,tasalla,0.011481,asiasta,0.000015,0,0
####aiia#####,aiaaaia,jollain,0.005242,asioida,0.000009,0,0
####aiia#####,aiaaaia,jollain,0.005242,asioita,0.000001,0,0
####atta#####,ahtatta,antamaa,0.005260,astetta,0.004817,0,0
####auan#####,apaaaun,maalaus,0.003442,asumaan,0.000340,0,0
####auet#####,aseeuut,aseiden,0.005522,asuneet,0.000730,0,0
####aunn#####,ananmun,annetun,0.008262,asunnon,0.002074,0,0
####aunt#####,anaauut,antanut,0.002734,asunnot,0.000173,0,0
####auta#####,ahtauma,antamaa,0.014408,asuntoa,0.000129,0,0
####auin#####,apanuun,aiheuta,0.002642,asuvien,0.000095,0,0
####aein#####,avieaen,jollain,0.002166,aterian,0.000023,0,0
####aeit#####,atitari,ensiapu,0.000985,ateriat,0.000107,0,0
####alsa#####,alaalsa,ennalta,0.005216,aulassa,0.000142,0,0
####alki#####,alkakki,annikki,0.008734,aulikki,0.007006,0,0
####artn#####,araarat,tavarat,0.051538,auraton,0.000207,0,0
####arno#####,ankarro,kalervo,0.013605,aurinko,0.000561,0,0
####atme#####,aamamme,tulemme,0.024396,autamme,0.006638,0,0
####atjn#####,ahjajjn,ostajat,0.041998,autojen,0.002167,0,0
####atla#####,attalla,antamaa,0.008206,autolla,0.001279,0,0
####atsa#####,astataa,lotalle,0.001592,autossa,0.000055,0,0
####atsa#####,astataa,lotalle,0.001592,autosta,0.000166,0,0
####avnn#####,annavan,kanavan,0.071133,auvinen,0.000035,0,0
####aavt#####,avaaavt,avaavat,0.027699,avaavat,0.027699,0,0
####aamt#####,amaaamt,tapaama,0.019767,avaimet,0.000605,0,0
####aant#####,anaaaat,vapaata,0.005870,avannut,0.000047,0,0
####aars#####,fpaaaas,maalaus,0.017835,avarrus,0.000890,0,0
####aaan#####,apaaaan,laajaan,0.004941,avataan,0.000669,0,0
####aati#####,ahtaari,notaari,0.007093,avautui,0.000022,0,0
####aatu#####,aataauu,notaari,0.011280,avautuu,0.000668,0,0
####aieo#####,aieeare,aseiden,0.002708,avioero,0.001051,0,0
####aomn#####,amkammo,johtama,0.008659,avoimen,0.000086,0,0
####aomt#####,amkammt,johtama,0.009776,avoimet,0.001018,0,0
####aoma#####,ahmaama,tapaama,0.050558,avoimia,0.000017,0,0
####aona#####,asnaada,pelaaja,0.002753,avoinna,0.000011,0,0
####aona#####,asnaada,pelaaja,0.002753,avointa,0.000009,0,0
####auta#####,ahtauma,antamaa,0.014408,avustaa,0.000058,0,0
####auts#####,astauus,asennus,0.011573,avustus,0.000812,0,0
####blin#####,longuin,betonin,0.018176,baltian,0.000056,0,0
####blin#####,longuin,betonin,0.018176,belgian,0.000822,0,0
####btnn#####,benstan,bonusta,0.001562,betonin,0.000159,0,0
####bnsa#####,bauskaa,bonusta,0.008387,bonusta,0.008387,0,0
####bädn#####,brdddan,kanadan,0.113991,brändin,0.010556,0,0
####dlai#####,drdddri,syödään,0.018885,dollari,0.003339,0,0
####eent#####,eteeeet,esineet,0.005653,edennyt,0.003484,0,0
####eeän#####,epeeeän,enemmän,0.005221,edetään,0.001470,0,0
####eitä#####,etteitä,ettemme,0.025287,edistää,0.000293,0,0
####eusa#####,eseeaps,esteenä,0.004018,eduista,0.000053,0,0
####euta#####,euteutt,ettemme,0.011805,edustaa,0.000201,0,0
####euts#####,eueetut,estävät,0.002926,edustus,0.000872,0,0
####eytn#####,yheeeyt,yleensä,0.002949,egyptin,0.000517,0,0
####edty#####,eddedty,pidetty,0.131190,ehditty,0.041036,0,0
####edks#####,erdekps,ehdokas,0.051398,ehdokas,0.051398,0,0
####edla#####,erdelde,legenda,0.016210,ehdolla,0.000298,0,0
####edle#####,erdelde,uudelle,0.068916,ehdolle,0.003348,0,0
####edtn#####,endeddt,indeksi,0.011384,ehdoton,0.000683,0,0
####edti#####,eddedti,eduista,0.034525,ehdotti,0.000486,0,0
####edts#####,eddedds,edetään,0.038370,ehdotus,0.000456,0,0
####ekiy#####,yheikri,safiiri,0.000499,ehkäisy,0.000138,0,0
####etnt#####,entetät,entiset,0.035433,ehtinyt,0.001628,0,0
####etvt#####,ettevvt,etsivät,0.090318,ehtivät,0.001052,0,0
####etjn#####,ettejjn,ettemme,0.030212,ehtojen,0.003580,0,0
####ekhn#####,ehhekks,ehdokas,0.021239,eiköhän,0.000325,0,0
####evtä#####,evtevvt,näkevät,0.013292,eivätkä,0.000571,0,0
####eeän#####,epeeeän,enemmän,0.005221,eletään,0.001534,0,0
####eiin#####,eieeein,lähetin,0.003562,eliniän,0.000006,0,0
####elsä#####,ellelss,monelta,0.001748,ellistä,0.000069,0,0
####eooo#####,epodooo,elokolo,0.167948,elokolo,0.167948,0,0
####eoun#####,eueeeun,elokuun,0.004766,elokuun,0.004766,0,0
####eoua#####,eheeeja,energia,0.004786,elokuva,0.000822,0,0
####eämn#####,eäeeemn,esteenä,0.019392,eläimen,0.000701,0,0
####eämt#####,eleemmt,tekemät,0.010536,eläimet,0.003868,0,0
####eämä#####,elseäää,esteenä,0.003007,eläimiä,0.000062,0,0
####eääi#####,eleieää,esteenä,0.018590,elämäni,0.000091,0,0
####eään#####,eäeeeän,esteenä,0.005838,elämään,0.003057,0,0
####eemn#####,eleeemn,ettemme,0.018602,enemmän,0.005653,0,0
####eepä#####,eppeepä,ensiapu,0.010067,enempää,0.000630,0,0
####eega#####,eheeaja,ehdolla,0.004695,energia,0.001094,0,0
####enki#####,enkikki,uniikki,0.003572,ennakoi,0.000357,0,0
####enla#####,engella,jutella,0.003633,ennalta,0.000076,0,0
####ense#####,essense,vähenee,0.018410,ennuste,0.000521,0,0
####esau#####,esseeuu,näkevät,0.002164,ensiapu,0.000179,0,0
####eski#####,ehsikki,ensiksi,0.020821,ensiksi,0.020821,0,0
####etnn#####,entetan,annetun,0.007122,entinen,0.001030,0,0
####etsn#####,ettetös,ettemme,0.011985,entisen,0.000307,0,0
####etst#####,ettettt,ettemme,0.008777,entiset,0.003538,0,0
####etsä#####,ettettä,estettä,0.032516,entisiä,0.000095,0,0
####etsä#####,ettettä,estettä,0.032516,entistä,0.000032,0,0
####eäle#####,eleelle,aiheena,0.007511,epäilee,0.001559,0,0
####eälä#####,eleeälä,esteenä,0.018922,epäillä,0.000619,0,0
####ekiä#####,eteekiä,itsekin,0.009022,erkkilä,0.000060,0,0
####eovt#####,evevvvt,eversti,0.039044,eroavat,0.007655,0,0
####eota#####,eteevva,eurolla,0.002839,erottaa,0.000686,0,0
####eotu#####,etteuku,aiheuta,0.009201,erottuu,0.001976,0,0
####eädn#####,endeddn,eräiden,0.006662,eräiden,0.006662,0,0
####eäki#####,eleekki,etteikö,0.013179,eräiksi,0.000922,0,0
####eäsä#####,esseäsä,itseäsi,0.003356,eräissä,0.000373,0,0
####eäsä#####,esseäsä,itseäsi,0.003356,eräässä,0.000664,0,0
####eiis#####,eteeeii,tuorein,0.006388,esimies,0.000017,0,0
####eiet#####,eteeiit,ateriat,0.022444,esineet,0.000214,0,0
####eitä#####,etteitä,ettemme,0.025287,esittää,0.000167,0,0
####epna#####,eppevpa,paperia,0.006635,espanja,0.000389,0,0
####eteä#####,eteetvä,yleensä,0.005308,esteenä,0.002489,0,0
####etiä#####,eieetiä,tiettyä,0.003140,esteitä,0.000004,0,0
####että#####,ettettä,estettä,0.303026,estettä,0.303026,0,0
####etvt#####,ettevvt,etsivät,0.090318,estävät,0.010935,0,0
####eeän#####,epeeeän,enemmän,0.005221,etelään,0.003468,0,0
####eekn#####,eleeeko,esteenä,0.006561,etenkin,0.000586,0,0
####esme#####,esmemme,ettemme,0.054595,etsimme,0.000552,0,0
####esvt#####,eveevvt,estävät,0.012776,etsivät,0.010163,0,0
####etiö#####,eteetpö,ihmettä,0.002975,etteikö,0.000546,0,0
####etme#####,etmemme,ettemme,0.308610,ettemme,0.308610,0,0
####euii#####,eliieri,petteri,0.006398,etunimi,0.000481,0,0
####euia#####,eleeera,yleensä,0.001324,etusija,0.000038,0,0
####erjn#####,erjejjn,arjesta,0.076407,eurojen,0.001124,0,0
####erla#####,ereelle,jutella,0.005148,eurolla,0.000129,0,0
####erle#####,ereelle,arvelee,0.015459,eurolle,0.000933,0,0
####ersa#####,ereerse,irlanti,0.009962,eurosta,0.000006,0,0
####eesi#####,evsiesi,ensiksi,0.092525,eversti,0.000209,0,0
####fnai#####,fopikna,frendit,0.009484,finaali,0.000720,0,0
####foui#####,foovkus,frendit,0.004189,foorumi,0.003131,0,0
####frua#####,fyöuruu,frendit,0.011532,formula,0.003742,0,0
####frsn#####,fofsras,forssan,0.039260,forssan,0.039260,0,0
####fedt#####,fnddddt,frendit,0.198727,frendit,0.198727,0,0
####gama#####,gaaumma,grammaa,0.032575,grammaa,0.032575,0,0
####haaa#####,haahaaa,haastaa,0.054161,haapala,0.014606,0,0
####hata#####,hhhhhaa,huhtala,0.006465,haastaa,0.000752,0,0
####hean#####,haehean,hannele,0.008310,haetaan,0.005979,0,0
####hita#####,hhhhita,huhtala,0.012427,haittaa,0.000093,0,0
####hknn#####,hähhkin,huhtala,0.006428,hakanen,0.000585,0,0
####hkms#####,hhhumms,hakemus,0.163151,hakemus,0.163151,0,0
####hknt#####,hähhkkt,huhtala,0.025737,hakenut,0.000903,0,0
####hkvt#####,hahhvvt,huhtala,0.018304,hakevat,0.001229,0,0
####hkjn#####,hhhukjn,johtaja,0.076630,hakijan,0.000474,0,0
####hkjt#####,hhhhojt,vahvoja,0.010723,hakijat,0.001876,0,0
####hlan#####,hahhlla,halonen,0.028783,hallaan,0.003583,0,0
####hlia#####,hhhhhia,huhtala,0.036609,hallita,0.000201,0,0
####hlnn#####,hahhnän,huhtala,0.007918,halonen,0.001708,0,0
####hlia#####,hhhhhia,huhtala,0.036609,haltija,0.000473,0,0
####hlun#####,höhhuuu,haltuun,0.064678,haltuun,0.064678,0,0
####hlsn#####,hahulls,halonen,0.043861,halusin,0.015346,0,0
####hlsa#####,hahuksa,halusta,0.044010,halusta,0.044010,0,0
####hltu#####,hahuhtu,haluttu,0.213192,haluttu,0.213192,0,0
####hmnn#####,hyhhmmn,hakemus,0.028084,haminan,0.001125,0,0
####hmat#####,hahhmmt,vaiheet,0.035146,hampaat,0.002469,0,0
####hnaa#####,hahhnia,halusta,0.008118,hankala,0.000463,0,0
####hnka#####,hhhhkka,hauskaa,0.018447,hankkia,0.008143,0,0
####hnki#####,hhhhkki,huhtala,0.027727,hankkii,0.001547,0,0
####hnee#####,hhhhnee,vähenee,0.046363,hannele,0.007490,0,0
####hnua#####,hhhhnua,huhtala,0.026207,hannula,0.000444,0,0
####hpiu#####,hahphuu,haluttu,0.014861,hapuilu,0.006095,0,0
####hria#####,hhhhria,huhtala,0.033536,harkita,0.000249,0,0
####hran#####,hahhnan,huhtala,0.008020,harmaan,0.002164,0,0
####hrpi#####,hrhprri,huhtala,0.006366,harppoi,0.004075,0,0
####hras#####,hahhoas,hakemus,0.013531,hartaus,0.009083,0,0
####hron#####,hhhhorn,huhtala,0.029263,harvoin,0.001981,0,0
####htua#####,hhhhtua,aihetta,0.022889,hattula,0.000159,0,0
####huan#####,höhhuun,karhula,0.033007,hauraan,0.000265,0,0
####huka#####,hhhhkka,huhtala,0.040067,hauskaa,0.002051,0,0
####hukt#####,hhhhkkt,hukassa,0.027490,hauskat,0.000208,0,0
####huaa#####,hhuhhja,hauskaa,0.020276,hautala,0.001805,0,0
####hvia#####,halhvia,hankkia,0.021194,havaita,0.000134,0,0
####hika#####,hhhhkka,huhtala,0.036226,heikkoa,0.000986,0,0
####hiua#####,hhhhhia,huhtala,0.028349,heikura,0.000282,0,0
####hioa#####,hhhhoia,huhtala,0.007137,heinola,0.000494,0,0
####hitä#####,hhhhitt,huhtala,0.032294,heittää,0.001838,0,0
####hlon#####,hohhllo,rahalla,0.011682,helpoin,0.002650,0,0
####hlpa#####,hahulda,halusta,0.019709,helppoa,0.000314,0,0
####hnen#####,hhhhnne,halonen,0.020675,henkeen,0.000260,0,0
####hniö#####,hhhhhia,huhtala,0.041192,henkilö,0.000088,0,0
####hrti#####,hhhhnrt,huhtala,0.019362,herätti,0.000405,0,0
####hvnn#####,hahhnnn,huhtala,0.032922,hevonen,0.003112,0,0
####hvsn#####,hahunäs,huhtala,0.029868,hevosen,0.000230,0,0
####hvst#####,hhhuvvt,huoneet,0.022566,hevoset,0.010462,0,0
####hdsa#####,hhdudda,hidasta,0.041970,hidasta,0.041970,0,0
####heka#####,hhhhkka,huhtala,0.012336,hiekkaa,0.006990,0,0
####heoa#####,hhehoma,hieroja,0.008392,hienoja,0.007723,0,0
####heoa#####,hhehoma,hieroja,0.008392,hieroja,0.008392,0,0
####heaa#####,haehaaa,haetaan,0.018167,hietala,0.007602,0,0
####hidn#####,hhhhddn,hiihdon,0.425542,hiihdon,0.425542,0,0
####hnan#####,hahhnaa,halonen,0.038730,hintaan,0.000130,0,0
####hnoa#####,hhhhnda,huhtala,0.006549,hintoja,0.000427,0,0
####hren#####,hhhhnrn,huhtala,0.025676,hirveän,0.001103,0,0
####hust#####,hhhuuut,huoneet,0.019980,hiukset,0.002930,0,0
####hiaa#####,hhhhiia,hankkia,0.025331,hoitaja,0.000143,0,0
####hiaa#####,hhhhiia,hankkia,0.025331,hoitava,0.000512,0,0
####hioa#####,hhhhoia,huhtala,0.007137,hoitoja,0.000403,0,0
####hion#####,hhhhoon,huonoon,0.031329,hoitoon,0.001635,0,0
####hloa#####,hhhhola,huhtala,0.010536,hollola,0.003826,0,0
####htli#####,hhlhhri,huhtala,0.020694,hotelli,0.000525,0,0
####hhaa#####,hhhhhia,huhtala,0.028793,huhtala,0.028793,0,0
####hksa#####,hhhukka,hauskaa,0.050867,hukassa,0.000352,0,0
####hkan#####,hahhkaa,hauskaa,0.009085,hukkaan,0.000044,0,0
####hnja#####,hhhunja,ohjaaja,0.077112,hunajaa,0.000212,0,0
####holn#####,hohhole,huonoon,0.029481,huollon,0.000010,0,0
####holt#####,hohholt,hevoset,0.007639,huollot,0.005657,0,0
####hota#####,hhhhoda,huhtala,0.007221,huoltaa,0.000098,0,0
####hota#####,hhhhoda,huhtala,0.007221,huoltoa,0.000130,0,0
####hoan#####,hahhoan,huonoon,0.154119,huomaan,0.000407,0,0
####hoai#####,hhihora,hoitoja,0.015733,huomasi,0.000021,0,0
####hoaa#####,hahhoaa,vanhoja,0.013493,huomata,0.000577,0,0
####hoii#####,hhhhoii,vaihtui,0.018163,huomioi,0.000577,0,0
####hoin#####,hohhoin,huonoon,0.069010,huomion,0.000029,0,0
####hoen#####,hhhnoen,huonoon,0.275179,huoneen,0.004280,0,0
####hoet#####,hhhhomt,huoneet,0.019837,huoneet,0.019837,0,0
####hooa#####,hhahooo,huonoon,0.063975,huonoja,0.000268,0,0
####hoon#####,hohnooo,huonoon,0.845198,huonoon,0.845198,0,1
####hoai#####,hhihora,hoitoja,0.015733,huotari,0.000036,0,0
####huoi#####,hhhhhri,huotari,0.030990,huumori,0.000828,0,0
####hlty#####,hhhuyly,hyväksy,0.027732,hylätty,0.007947,0,0
####htnn#####,hhhhtän,huomion,0.003161,hytönen,0.000428,0,0
####hvlä#####,häluovä,halonen,0.033175,hyvillä,0.000118,0,0
####hvsä#####,hhhäkvä,ärhäkät,0.014946,hyvissä,0.000001,0,0
####hvsä#####,hhhäkvä,ärhäkät,0.014946,hyvistä,0.000003,0,0
####hvki#####,hhhhkki,hyväksi,0.011143,hyväksi,0.011143,0,0
####hvky#####,hyhukky,hyväksy,0.337522,hyväksy,0.337522,0,0
####hvle#####,haluele,hyvälle,0.023309,hyvälle,0.023309,0,0
####hvlä#####,häluovä,halonen,0.033175,hyvällä,0.000110,0,0
####hvlä#####,häluovä,halonen,0.033175,hyvältä,0.000054,0,0
####hvnä#####,hyhhovä,huhtala,0.033554,hyvänsä,0.000278,0,0
####hvsä#####,hhhäkvä,ärhäkät,0.014946,hyvässä,0.000345,0,0
####hvsä#####,hhhäkvä,ärhäkät,0.014946,hyvästä,0.001313,0,0
####hvnn#####,hahhnnn,huhtala,0.032922,hyvönen,0.000687,0,0
####höyä#####,hhöhyöä,myöhään,0.020996,hyötyjä,0.016766,0,0
####hiit#####,hhhhiit,häiriöt,0.013320,häiriöt,0.013320,0,0
####hnle#####,halunle,halonen,0.135820,hänelle,0.003494,0,0
####hnlä#####,hyhänlä,halonen,0.038209,hänellä,0.003731,0,0
####hnlä#####,hyhänlä,halonen,0.038209,häneltä,0.000002,0,0
####hnsä#####,hhhänsä,hyvänsä,0.138101,hänestä,0.000592,0,0
####hrää#####,hrhhoää,vihreää,0.028544,härmälä,0.001969,0,0
####hyäi#####,hhyhyiä,ihmisiä,0.011090,höyläsi,0.002483,0,0
####iesa#####,issiiss,käsissä,0.010880,ideasta,0.000017,0,0
####ieia#####,ileeiii,ihmeitä,0.011912,ideoita,0.003055,0,0
####iala#####,iililla,lukijaa,0.001897,ihailla,0.000276,0,0
####imiä#####,ihmimmi,itsemme,0.011977,ihmeitä,0.000226,0,0
####imtä#####,itmimmä,ihmistä,0.003809,ihmettä,0.000034,0,0
####imnn#####,inmimmn,tarinan,0.004807,ihminen,0.001502,0,0
####imsn#####,insimms,sopimus,0.021296,ihmisen,0.000129,0,0
####imst#####,irmimmt,ihmiset,0.012805,ihmiset,0.012805,0,0
####imsä#####,ihmimss,sopimus,0.002585,ihmisiä,0.000279,0,0
####imsä#####,ihmimss,sopimus,0.002585,ihmistä,0.000263,0,0
####isli#####,irsilsi,pasilan,0.015884,iisalmi,0.002806,0,0
####iknn#####,inkikin,yksikön,0.008607,ikkunan,0.000148,0,0
####iknt#####,ittikkt,yksiköt,0.006480,ikkunat,0.000171,0,0
####iunn#####,inainun,tarinan,0.003915,ikuinen,0.000415,0,0
####iänn#####,inäiiän,tekijän,0.005247,ikäinen,0.000191,0,0
####illa#####,illilla,ihailla,0.037566,illalla,0.006344,0,0
####ilsa#####,illilsa,isoissa,0.010413,illassa,0.000616,0,0
####imsa#####,ihmimms,ilmassa,0.004486,ilmassa,0.004486,0,0
####imso#####,ihmimmo,ilmiötä,0.008013,ilmasto,0.001684,0,0
####imne#####,inmimme,kävimme,0.038242,ilmenee,0.000448,0,0
####imsy#####,ihsimms,itsemme,0.016803,ilmesty,0.001018,0,0
####imtä#####,itmimmä,ihmistä,0.003809,ilmettä,0.000009,0,0
####imöä#####,ihmiikö,näkivät,0.003342,ilmiötä,0.001198,0,0
####imia#####,ihmimmi,itsemme,0.022024,ilmoita,0.009988,0,0
####ionn#####,iniooin,ikkunan,0.003142,iloinen,0.000168,0,0
####iosn#####,issioss,innokas,0.003525,iloisen,0.000111,0,0
####iosa#####,issioss,valitus,0.002399,iloisia,0.000092,0,0
####iosa#####,issioss,valitus,0.002399,iloista,0.000042,0,0
####ioan#####,ipooidn,italian,0.002431,ilojaan,0.000682,0,0
####iarn#####,ffairan,näkivät,0.002134,imatran,0.000199,0,0
####imnn#####,inmimmn,tarinan,0.004807,immonen,0.000053,0,0
####idki#####,irdikki,kreikka,0.036883,indeksi,0.000925,0,0
####inks#####,inkikks,jokinen,0.007436,innokas,0.000250,0,0
####inla#####,inlinla,tarinaa,0.002330,innolla,0.000085,0,0
####ilni#####,inäilii,ihailla,0.003531,irlanti,0.000094,0,0
####ilni#####,inäilii,ihailla,0.003531,islanti,0.000086,0,0
####iosa#####,issioss,valitus,0.002399,isoissa,0.000574,0,0
####ioau#####,ipuiiua,riippuu,0.000485,isokatu,0.000249,0,0
####iomt#####,itoimmt,iisalmi,0.016628,isommat,0.002893,0,0
####iopa#####,ippipdt,oppinut,0.014184,isompia,0.000052,0,0
####ioao#####,ipioioo,toivion,0.005108,isotalo,0.000652,0,0
####itnt#####,ittiööt,ottivat,0.014178,istunut,0.000411,0,0
####itvt#####,ittivvt,ottivat,0.010229,istuvat,0.000243,0,0
####iänn#####,inäiiän,tekijän,0.005247,isännän,0.000093,0,0
####iain#####,ifiiain,ihmeitä,0.001792,italian,0.001283,0,0
####iknn#####,inkikin,yksikön,0.008607,itkonen,0.000007,0,0
####iskn#####,iksikks,itsekin,0.006328,itsekin,0.006328,0,0
####isle#####,ileilse,mökille,0.005703,itselle,0.001233,0,0
####isme#####,ismimme,kävimme,0.045951,itsemme,0.031298,0,0
####isnä#####,issinsä,näkivät,0.001651,itsensä,0.000098,0,0
####issä#####,iräisss,hyvissä,0.036543,itsestä,0.000016,0,0
####isäi#####,irsisiä,yleisiä,0.005925,itseäni,0.000028,0,0
####isäi#####,irsisiä,yleisiä,0.005925,itseäsi,0.000010,0,0
####isän#####,iäsisän,tosiaan,0.003634,itseään,0.000139,0,0
####iänn#####,inäiiän,tekijän,0.005247,itäinen,0.000221,0,0
####iäsn#####,iksiäss,käsitys,0.018035,itäisen,0.000068,0,0
####jean#####,jaejjjn,jaetaan,0.184717,jaetaan,0.184717,0,0
####jkvt#####,kakuovt,jakavat,0.007485,jakavat,0.007485,0,0
####jlai#####,jajilla,jokinen,0.013595,jalmari,0.000396,0,0
####jlnn#####,jyljjln,jumalan,0.007671,jalonen,0.003031,0,0
####jotn#####,jotjojn,jolloin,0.059789,jaoston,0.002078,0,0
####jpnn#####,jäppjän,tarpeen,0.020591,japanin,0.002590,0,0
####jtua#####,jujttua,muuttua,0.005072,jatkuva,0.000629,0,0
####jesu#####,jusuajs,johtaja,0.029004,joensuu,0.001101,0,0
####jhna#####,jhhjnja,johanna,0.027964,johanna,0.027964,0,0
####jhaa#####,jahjjja,johtaja,0.010119,johtaja,0.010119,0,0
####jhaa#####,jahjjja,johtaja,0.010119,johtama,0.001302,0,0
####jhaa#####,jahjjja,johtaja,0.010119,johtava,0.000342,0,0
####jhon#####,johjorn,johtoon,0.133137,johtoon,0.133137,0,0
####jhun#####,jhhjjun,tahojen,0.039744,johtuen,0.001210,0,0
####jhua#####,jhhujja,johtaja,0.095435,johtuva,0.000853,0,0
####jian#####,jjnjian,jaetaan,0.005294,joitain,0.000615,0,0
####jkln#####,köljoln,kirjaan,0.002312,jokelan,0.000162,0,0
####jknn#####,jänjoin,juniori,0.002435,jokinen,0.000160,0,0
####jknn#####,jänjoin,juniori,0.002435,jokunen,0.000205,0,0
####jlan#####,jaljlan,jalonen,0.010272,jollain,0.000397,0,0
####jlon#####,junjlln,jumalan,0.032985,jolloin,0.000901,0,0
####jsan#####,jajjsan,jutussa,0.007237,jossain,0.000108,0,0
####jsan#####,jajjsan,jutussa,0.007237,jostain,0.000181,0,0
####jtkn#####,jjkjkun,jakavat,0.006511,jotakin,0.001655,0,0
####juun#####,juhjuun,jouluun,0.033306,jouduin,0.000340,0,0
####juka#####,jukuuja,johtaja,0.095238,joukkoa,0.000314,0,0
####juke#####,jukukme,jakavat,0.032168,joukkue,0.006739,0,0
####juua#####,juupuua,jouluun,0.029456,jouluna,0.001002,0,0
####juun#####,juhjuun,jouluun,0.033306,jouluun,0.033306,0,0
####jhan#####,jahjjjn,tahojen,0.057612,juhlaan,0.007891,0,0
####jhin#####,jhhjjjn,lahjoja,0.060580,juhlien,0.003093,0,0
####jhin#####,jhhjjjn,lahjoja,0.060580,juhliin,0.013555,0,0
####jmla#####,jalumma,johtama,0.108455,jumalaa,0.000590,0,0
####jmln#####,jyljmmn,kolumni,0.003648,jumalan,0.000159,0,0
####jnla#####,jajunla,jutussa,0.020991,junalla,0.002092,0,0
####jnoi#####,jojiori,jokinen,0.043873,juniori,0.022290,0,0
####join#####,jojjoin,jolloin,0.038266,juomien,0.000633,0,0
####jota#####,jotjoja,juttuja,0.030250,juontaa,0.003402,0,0
####jsia#####,jijisia,sijasta,0.061032,jussila,0.001380,0,0
####jtla#####,jattlla,jutella,0.007288,jutella,0.007288,0,0
####jtua#####,jujttua,muuttua,0.005072,juttuja,0.004789,0,0
####jtsa#####,jajjsta,jutussa,0.008684,jutussa,0.008684,0,0
####jvnn#####,jynjjän,jumalan,0.009470,juvonen,0.002619,0,0
####jlen#####,jujjjen,jaetaan,0.008462,jälkeen,0.000680,0,0
####jlen#####,jujjjen,jaetaan,0.008462,jälleen,0.000411,0,0
####jreä#####,jrejjrä,jaetaan,0.039554,järkevä,0.003918,0,0
####jreä#####,jrejjrä,jaetaan,0.039554,järvelä,0.004318,0,0
####jsnn#####,jynjsin,jumalan,0.005644,jäsenen,0.003657,0,0
####jsnt#####,jäsjsjn,jalonen,0.017099,jäsenet,0.000398,0,0
####jsnä#####,jäkjssä,jätettä,0.025099,jäseniä,0.004461,0,0
####jsnä#####,jäkjssä,jätettä,0.025099,jäsentä,0.001452,0,0
####jtty#####,jytttty,jätetty,0.017659,jätetty,0.017659,0,0
####jttä#####,jätättä,jätettä,0.714589,jätettä,0.714589,0,1
####jten#####,jjejjjn,jaetaan,0.013280,jätteen,0.001836,0,0
####jtet#####,jäetjjt,jaetaan,0.037968,jätteet,0.004215,0,0
####jäen#####,jääjjen,neljään,0.011716,jääneen,0.001262,0,0
####jäet#####,jääjäjt,jääneet,0.022466,jääneet,0.022466,0,0
####kaia#####,kakakia,kaikkia,0.001256,kaarina,0.000076,0,0
####kdla#####,kadalla,kadulla,0.047083,kadulla,0.047083,0,0
####khen#####,hehkkkn,henkeen,0.045438,kahteen,0.000025,0,0
####khea#####,hehkkka,huhtala,0.006706,kahtena,0.000508,0,0
####khia#####,hhhhkia,huhtala,0.027513,kahvila,0.000463,0,0
####kika#####,kikkkka,kurikka,0.038088,kaikkea,0.005037,0,0
####kika#####,kikkkka,kurikka,0.038088,kaikkia,0.002031,0,0
####kiun#####,kbnkkun,yksikön,0.008418,kainuun,0.000145,0,0
####kjai#####,kaäkkja,korkoja,0.001188,kajaani,0.000009,0,0
####klro#####,krlkolo,kohtalo,0.024709,kalervo,0.003751,0,0
####klvn#####,kanvkvn,kutakin,0.004835,kalevan,0.000253,0,0
####klin#####,kölkkin,klikkaa,0.007139,kallion,0.000292,0,0
####kljn#####,kbljljn,käännös,0.004370,kalojen,0.002141,0,0
####klso#####,kllkklo,palkkio,0.015896,kalusto,0.011933,0,0
####kmrn#####,krkkrre,kierros,0.005419,kameran,0.001496,0,0
####kndn#####,kokiknn,kanadan,0.006558,kanadan,0.006558,0,0
####knvn#####,kanäkve,kivinen,0.011912,kanavan,0.006683,0,0
####knra#####,krrarra,kuronen,0.013683,kanerva,0.004213,0,0
####knan#####,kanknan,kaponen,0.013930,kankaan,0.007579,0,0
####knaa#####,kanakna,kasassa,0.005932,kannata,0.000135,0,0
####knla#####,kalakla,kulmala,0.028096,kanslia,0.000028,0,0
####knaa#####,kanakna,kasassa,0.005932,kantaja,0.000089,0,0
####knaa#####,kanakna,kasassa,0.005932,kantava,0.000024,0,0
####knen#####,kenknkn,kuntoon,0.005006,kanteen,0.003380,0,0
####knoa#####,konakla,kaikkea,0.002543,kantola,0.000354,0,0
####kpnn#####,käppynn,kuopion,0.004589,kaponen,0.000442,0,0
####kpae#####,kaekkke,kaponen,0.001780,kappale,0.000672,0,0
####kpei#####,käppkii,kukaksi,0.001990,kappeli,0.000637,0,0
####kpei#####,käppkii,kukaksi,0.001990,kapseli,0.000057,0,0
####kroe#####,kreerke,kierros,0.049916,karaoke,0.022741,0,0
####krua#####,krruruu,kesäkuu,0.018688,karhula,0.000102,0,0
####kraa#####,krrarra,tavaraa,0.016347,karjala,0.000065,0,0
####krao#####,krokrro,kalervo,0.016252,kartano,0.000138,0,0
####kssa#####,koskksa,kasassa,0.012995,kasassa,0.012995,0,0
####ksie#####,käeekie,kreikan,0.002977,kastike,0.000278,0,0
####ksaa#####,kakakaa,kaikkea,0.004692,kasvava,0.000049,0,0
####ksea#####,kasksra,klikkaa,0.001092,kasveja,0.000065,0,0
####ksin#####,koskkin,tanskan,0.004965,kasvien,0.000349,0,0
####ksoa#####,kakkkva,klikkaa,0.004286,kasvoja,0.000583,0,0
####ksun#####,kynkkun,kesäkuu,0.005835,kasvuun,0.000390,0,0
####kttu#####,kttutuu,katettu,0.061087,katettu,0.061087,0,0
####ktla#####,kaltkla,kulmala,0.015045,katolla,0.005936,0,0
####ktle#####,kottlle,katolle,0.066749,katolle,0.066749,0,0
####ktas#####,kastkks,kasassa,0.012587,katsaus,0.000304,0,0
####kton#####,kontkun,kuntoon,0.022381,katsoen,0.001129,0,0
####ktaa#####,kaakkaa,kaikkea,0.006178,kattava,0.000473,0,0
####kton#####,kontkun,kuntoon,0.022381,kattoon,0.000236,0,0
####ktjn#####,käktojn,kiittää,0.007581,katujen,0.000462,0,0
####kuaa#####,kaakaaa,katolla,0.002692,kauhava,0.000279,0,0
####kuaa#####,kaakaaa,katolla,0.002692,kaukana,0.000711,0,0
####kues#####,kkskkus,kosteus,0.009736,kauneus,0.001298,0,0
####kuin#####,kokkkun,käännös,0.002433,kauniin,0.000225,0,0
####kuit#####,kuokkkt,korkeat,0.009423,kauniit,0.001416,0,0
####kupa#####,kppphka,kuopion,0.025039,kauppaa,0.003654,0,0
####kvrn#####,krnvkkn,kukaksi,0.023945,kaverin,0.000015,0,0
####kvrt#####,krrkokt,kuronen,0.012310,kaverit,0.000512,0,0
####khko#####,khhhkko,kehikko,0.699074,kehikko,0.699074,0,1
####khti#####,khhikti,kohtaan,0.018304,kehitti,0.003302,0,0
####khts#####,kähäkks,kohtaan,0.012298,kehitys,0.005558,0,0
####khti#####,khhikti,kohtaan,0.018304,kehotti,0.003419,0,0
####khts#####,kähäkks,kohtaan,0.012298,kehotus,0.008386,0,0
####kion#####,konkkon,kankaan,0.002770,keinoin,0.000432,0,0
####kioa#####,kiäkako,kohtalo,0.006665,keinoja,0.000116,0,0
####kiai#####,kaikkii,kääntyi,0.005104,keisari,0.001067,0,0
####kitö#####,kötkkkö,yksikkö,0.094072,keittiö,0.019941,0,0
####klsa#####,kalkkla,kelasta,0.008298,kelasta,0.008298,0,0
####kmsä#####,käsäkky,kesäkuu,0.032127,kemissä,0.000005,0,0
####kmee#####,kekkmme,kävimme,0.038424,kempele,0.002111,0,0
####kmsa#####,kaskkke,kukaksi,0.006368,kemusta,0.000092,0,0
####knle#####,kälknle,kulunut,0.014284,kenelle,0.003942,0,0
####knis#####,kosikks,käsiksi,0.020446,kenties,0.000028,0,0
####kntä#####,kätänkä,kätensä,0.037300,kenttää,0.000035,0,0
####krvn#####,krvvrvn,kaverit,0.028715,keravan,0.000056,0,0
####kron#####,korkrun,kameran,0.004096,kerroin,0.000451,0,0
####kran#####,kankran,kameran,0.008728,kertaan,0.000009,0,0
####kroa#####,krrarro,kalervo,0.013215,kertoja,0.000155,0,0
####kroa#####,krrarro,kalervo,0.013215,kertova,0.000655,0,0
####krnn#####,krkärnn,kaverin,0.011898,keränen,0.000262,0,0
####krty#####,krtyrry,kääntyy,0.029429,kerätty,0.005818,0,0
####ksää#####,käkkkää,klikkaa,0.003019,kestävä,0.000045,0,0
####kski#####,kkskkki,käsiksi,0.027276,kesäksi,0.013088,0,0
####ksku#####,kksukks,kukaksi,0.019263,kesäkuu,0.003235,0,0
####kslä#####,käläklä,kylästä,0.002514,kesällä,0.000624,0,0
####kssä#####,käkäksä,kesäksi,0.022828,kesästä,0.000057,0,0
####ktnn#####,käntkkn,kanavan,0.005186,ketonen,0.000167,0,0
####kuun#####,kuukkun,kouluun,0.004498,keuruun,0.002361,0,0
####kvtä#####,kytäkko,kurikka,0.011264,kevyttä,0.000007,0,0
####kvtä#####,kytäkko,kurikka,0.011264,kevättä,0.001885,0,0
####kvää#####,käväkvä,kuvaava,0.024714,keväänä,0.002544,0,0
####keen#####,keekeen,kankaan,0.011302,kieleen,0.000803,0,0
####keln#####,kllkeln,koskela,0.007172,kiellon,0.000064,0,0
####ketn#####,ketkkkt,ketonen,0.008964,kielten,0.000162,0,0
####ketä#####,ketäkkä,sitäkin,0.019657,kieltää,0.000098,0,0
####kers#####,krskers,korkeus,0.003601,kierros,0.000113,0,0
####ketä#####,ketäkkä,sitäkin,0.019657,kiertää,0.000264,0,0
####kity#####,kitäiky,kääntyy,0.077835,kiihtyy,0.017625,0,0
####kian#####,kankkin,olekaan,0.002930,kiinaan,0.000032,0,0
####kitä#####,kitäkkä,keränen,0.005531,kiinteä,0.000180,0,0
####kien#####,kiekiin,kankaan,0.005654,kiireen,0.000015,0,0
####kitä#####,kitäkkä,keränen,0.005531,kiittää,0.000705,0,0
####kmli#####,kölkkli,aulikki,0.006317,kimalsi,0.000131,0,0
####kran#####,kankran,kameran,0.008728,kirjaan,0.000021,0,0
####kraa#####,krrarra,tavaraa,0.016347,kirjata,0.000024,0,0
####kren#####,krnkrrn,kankaan,0.003980,kirjeen,0.000051,0,0
####kret#####,krrkrrt,korkeat,0.061128,kirjeet,0.003152,0,0
####kren#####,krnkrrn,kankaan,0.003980,kirjein,0.000015,0,0
####kroa#####,krrarro,kalervo,0.013215,kirjoja,0.001451,0,0
####krka#####,krkakko,kreikka,0.151398,kirkkoa,0.000887,0,0
####kssa#####,koskksa,kasassa,0.012995,kisassa,0.010742,0,0
####ksjn#####,käskkjn,kisojen,0.021317,kisojen,0.021317,0,0
####ktsn#####,kätskks,katsaus,0.006358,kitisen,0.000255,0,0
####ktiä#####,kiäätiä,kevättä,0.009551,kittilä,0.000046,0,0
####kvnn#####,kynvkkn,yksikön,0.003988,kivinen,0.000183,0,0
####kvsö#####,kysäkks,kehikko,0.022036,kivistö,0.000248,0,0
####kika#####,kikkkka,kurikka,0.038088,klikkaa,0.005697,0,0
####kdsa#####,kodakda,kadulla,0.013379,kodissa,0.003242,0,0
####kdsa#####,kodakda,kadulla,0.013379,kodista,0.005426,0,0
####kean#####,kaekkan,kankaan,0.016334,koetaan,0.000140,0,0
####khaa#####,hahhkva,hauskaa,0.002754,kohdata,0.000055,0,0
####khan#####,hahhkvn,kahteen,0.006038,kohtaan,0.000958,0,0
####khao#####,kahkkra,klikkaa,0.001687,kohtalo,0.000091,0,0
####khen#####,hehkkkn,henkeen,0.045438,kohteen,0.000019,0,0
####khet#####,kehkekt,kohtaan,0.014714,kohteet,0.003973,0,0
####kheu#####,hhhkkke,tahojen,0.005215,kohtelu,0.000435,0,0
####kiin#####,kiäkkin,itsekin,0.007023,koirien,0.000010,0,0
####kita#####,kitaika,karaoke,0.002308,koittaa,0.000819,0,0
####kiua#####,kiukkku,klikkaa,0.003677,koivula,0.000153,0,0
####kkie#####,käekkke,kreikka,0.081475,kokeile,0.000065,0,0
####kkiu#####,kkskkki,kehikko,0.015265,kokeilu,0.000155,0,0
####kkms#####,käskkks,kukaksi,0.027002,kokemus,0.002334,0,0
####kknt#####,känkkko,kehikko,0.030002,kokenut,0.000146,0,0
####kkva#####,kavkkka,kaikkea,0.014088,kokevaa,0.000148,0,0
####kkvt#####,kakkkko,kehikko,0.018783,kokevat,0.000179,0,0
####kkvt#####,kakkkko,kehikko,0.018783,kokivat,0.000358,0,0
####kkoa#####,kaakkka,kreikka,0.007917,kokkola,0.000731,0,0
####klen#####,kenklln,kankaan,0.024492,kolmeen,0.000079,0,0
####klea#####,kllklla,katolla,0.004074,kolmena,0.000113,0,0
####klmi#####,kömkkmi,kolumni,0.002014,kolumni,0.002014,0,0
####kmta#####,katamme,ketonen,0.010212,komitea,0.000049,0,0
####knia#####,kakakia,kaikkia,0.032993,koneita,0.000013,0,0
####knta#####,katanka,kotinsa,0.017195,konetta,0.000020,0,0
####kont#####,koskokt,kokkola,0.031652,koonnut,0.000321,0,0
####koti#####,kosikki,kehikko,0.010068,koostui,0.001869,0,0
####kotu#####,kottkko,kehikko,0.028695,koostuu,0.000387,0,0
####koan#####,kankoan,kankaan,0.018410,kootaan,0.000040,0,0
####kpnn#####,käppynn,kuopion,0.004589,koponen,0.000298,0,0
####kraa#####,krrarra,tavaraa,0.016347,korjata,0.000015,0,0
####kras#####,kaskkrs,kierros,0.004095,korjaus,0.000048,0,0
####krea#####,krrkrra,irlanti,0.007088,korkeaa,0.000102,0,0
####kren#####,krnkrrn,kankaan,0.003980,korkean,0.002777,0,0
####kret#####,krrkrrt,korkeat,0.061128,korkeat,0.061128,0,0
####kren#####,krnkrrn,kankaan,0.003980,korkein,0.000552,0,0
####kres#####,krskols,kasvoja,0.014102,korkeus,0.000403,0,0
####kroa#####,krrarro,kalervo,0.013215,korkoja,0.000424,0,0
####krsi#####,krsikri,kreikan,0.015955,korosti,0.000104,0,0
####krts#####,krtsrus,kutakin,0.013392,korotus,0.000031,0,0
####krea#####,krrkrra,irlanti,0.007088,korpela,0.000052,0,0
####krun#####,krrkrun,kesäkuu,0.003811,korsuun,0.000736,0,0
####krta#####,krtarkt,kutakin,0.045364,korttia,0.000017,0,0
####kraa#####,krrarra,tavaraa,0.016347,korvata,0.000006,0,0
####kras#####,kaskkrs,kierros,0.004095,korvaus,0.000083,0,0
####kria#####,krkaria,kroatia,0.030006,korvina,0.000045,0,0
####ksan#####,kankkan,kankaan,0.061143,koskaan,0.000160,0,0
####ksea#####,kasksra,klikkaa,0.001092,koskela,0.000128,0,0
####ksea#####,kasksra,klikkaa,0.001092,koskeva,0.000255,0,0
####ksin#####,koskkin,tanskan,0.004965,koskien,0.000360,0,0
####ksnn#####,känsknn,yksikön,0.007703,kosonen,0.000229,0,0
####kses#####,käskkus,käsitys,0.009971,kosteus,0.009070,0,0
####ktma#####,kamamma,kemusta,0.009633,kotimaa,0.003896,0,0
####ktna#####,kanakka,kanerva,0.004112,kotinsa,0.000196,0,0
####kuua#####,kuukkuu,kesäkuu,0.008877,kouluja,0.000048,0,0
####kuun#####,kuukkun,kouluun,0.004498,kouluun,0.004498,0,0
####kuoa#####,kuokavo,käännös,0.003115,kouvola,0.000364,0,0
####kvla#####,kalkkla,kaikkea,0.009948,kovalla,0.000032,0,0
####kvnn#####,kynvkkn,yksikön,0.003988,kovanen,0.000166,0,0
####kvsa#####,kasäkva,käsiksi,0.017599,kovassa,0.000050,0,0
####kvsi#####,kosikki,käsiksi,0.107436,kovasti,0.000172,0,0
####kekn#####,kkkkkko,kokkola,0.161016,kreikan,0.000058,0,0
####keka#####,kkkkkko,kukaksi,0.046495,kreikka,0.027356,0,0
####kisn#####,käskkks,käsiksi,0.011330,kriisin,0.000060,0,0
####kisä#####,käsäkss,kesäksi,0.110737,kriisiä,0.000009,0,0
####kits#####,ktskkks,käsiksi,0.008151,kristus,0.000373,0,0
####kota#####,kotakka,kutakin,0.013353,kroatia,0.003874,0,0
####kkki#####,kksikki,käsiksi,0.029865,kukaksi,0.002402,0,0
####kkna#####,kankkka,kreikka,0.037994,kukinta,0.000101,0,0
####kkin#####,känkkkn,kutakin,0.007513,kukkien,0.000182,0,0
####klea#####,kllklla,katolla,0.004074,kulkeva,0.000126,0,0
####klaa#####,kalakla,kovalla,0.002913,kulmala,0.000201,0,0
####kljn#####,kbljljn,käännös,0.004370,kulujen,0.001036,0,0
####klnt#####,kllkklo,kulmala,0.009351,kulunut,0.004931,0,0
####klts#####,kltskks,kutakin,0.026037,kulutus,0.000362,0,0
####klvn#####,kanvkvn,kutakin,0.004835,kuluvan,0.000255,0,0
####kmua#####,kakakka,kreikka,0.005320,kumpula,0.000241,0,0
####knin#####,käkkkin,kaikkia,0.018722,kunnian,0.000020,0,0
####knan#####,kanknan,kaponen,0.013930,kuntaan,0.000140,0,0
####knin#####,käkkkin,kaikkia,0.018722,kuntien,0.000005,0,0
####knin#####,käkkkin,kaikkia,0.018722,kuntiin,0.002189,0,0
####knon#####,konkkln,koneita,0.005695,kuntoon,0.002071,0,0
####koea#####,kaekoka,kokkola,0.034062,kuolema,0.000205,0,0
####kolt#####,kolkolt,korkeat,0.004016,kuollut,0.000290,0,0
####koin#####,koinoin,kokkola,0.018856,kuopion,0.000020,0,0
####koen#####,koekokn,keinoin,0.019682,kuoreen,0.000043,0,0
####komn#####,kokkomo,kokkola,0.580852,kuorman,0.000119,0,0
####krkn#####,krkkkko,kukaksi,0.047765,kurikan,0.000334,0,0
####krka#####,krkakko,kreikka,0.151398,kurikka,0.017241,0,0
####krsa#####,krskrra,kreikan,0.021442,kurissa,0.000033,0,0
####krnn#####,krkärnn,kaverin,0.011898,kuronen,0.000261,0,0
####krsa#####,krskrra,kreikan,0.021442,kurssia,0.000037,0,0
####krsn#####,krskrrs,kierros,0.008713,kurssin,0.000050,0,0
####krst#####,krskkrt,kysyvät,0.002772,kurssit,0.000237,0,0
####ktkn#####,ktkkkkn,kukaksi,0.038964,kutakin,0.002221,0,0
####kult#####,kultklt,kysyvät,0.003644,kuullut,0.000342,0,0
####kuua#####,kuukkuu,kesäkuu,0.008877,kuuluja,0.000066,0,0
####kuua#####,kuukkuu,kesäkuu,0.008877,kuuluva,0.000112,0,0
####kuaa#####,kaakaaa,katolla,0.002692,kuumana,0.000179,0,0
####kuao#####,kuokkua,kootaan,0.010001,kuusamo,0.000310,0,0
####kuea#####,kuukkra,käännös,0.003954,kuusela,0.000379,0,0
####kuen#####,kuekkun,kankaan,0.005517,kuuteen,0.000131,0,0
####kuin#####,kokkkun,käännös,0.002433,kuution,0.000212,0,0
####kvaa#####,kavakva,kaikkea,0.015826,kuvaaja,0.000023,0,0
####kvaa#####,kavakva,kaikkea,0.015826,kuvaava,0.000025,0,0
####kvsa#####,kasäkva,käsiksi,0.017599,kuvassa,0.000037,0,0
####kvsa#####,kasäkva,käsiksi,0.017599,kuvasta,0.000032,0,0
####kvtu#####,kytukku,kehikko,0.019935,kuvattu,0.000623,0,0
####kvsa#####,kasäkva,käsiksi,0.017599,kuvissa,0.000036,0,0
####kvsa#####,kasäkva,käsiksi,0.017599,kuvista,0.000013,0,0
####kvts#####,kosäkks,käsiksi,0.012129,kuvitus,0.000027,0,0
####kent#####,kenkkkt,klikkaa,0.003416,kyennyt,0.000927,0,0
####kkne#####,känkkke,kehikko,0.019814,kykenee,0.000538,0,0
####klen#####,kenklln,kankaan,0.024492,kylkeen,0.001910,0,0
####klyä#####,kälkkly,klikkaa,0.010621,kylpylä,0.001032,0,0
####klsä#####,käläksä,kylässä,0.018719,kylässä,0.018719,0,0
####klsä#####,käläksä,kylässä,0.018719,kylästä,0.016626,0,0
####kslä#####,käläklä,kylästä,0.002514,kysellä,0.000060,0,0
####ksln#####,konkkln,kankaan,0.004860,kyselyn,0.000039,0,0
####kslt#####,koskklt,koskaan,0.009760,kyselyt,0.000440,0,0
####ksms#####,kosäkss,kokemus,0.019495,kysymys,0.011001,0,0
####ksnä#####,känäknä,kesäkuu,0.003257,kysyntä,0.000223,0,0
####ksty#####,kykskyy,kääntyy,0.020951,kysytty,0.002239,0,0
####ksvt#####,koskkvt,kisojen,0.008516,kysyvät,0.007212,0,0
####kyin#####,kyykkin,kutakin,0.006109,kyytiin,0.000663,0,0
####kötn#####,kööökön,yleisön,0.000697,kyöstin,0.000345,0,0
####kdlä#####,kädäklä,kädellä,0.050359,kädellä,0.050359,0,0
####kdsä#####,kädäkds,kesäkuu,0.020400,kädessä,0.001426,0,0
####kdsä#####,kädäkds,kesäkuu,0.020400,kädestä,0.002442,0,0
####kpln#####,köppyln,kylpylä,0.039381,käpylän,0.000214,0,0
####kren#####,krnkrrn,kankaan,0.003980,kärkeen,0.001389,0,0
####kski#####,kkskkki,käsiksi,0.027276,käsiksi,0.027276,0,0
####kslä#####,käläklä,kylästä,0.002514,käsillä,0.000013,0,0
####kssä#####,käkäksä,kesäksi,0.022828,käsissä,0.000090,0,0
####kssä#####,käkäksä,kesäksi,0.022828,käsistä,0.000000,0,0
####ksts#####,kosskus,kutakin,0.036673,käsitys,0.001505,0,0
####ktnä#####,känäkkä,kesäksi,0.007523,kätensä,0.000286,0,0
####kvle#####,kolelle,kokeile,0.008053,kävelee,0.001281,0,0
####kvlä#####,käläkvä,kylästä,0.006887,kävellä,0.000054,0,0
####kvjt#####,käsvoky,kiihtyy,0.004668,kävijät,0.000388,0,0
####kvjä#####,kähäkjo,keinoja,0.005895,kävijää,0.000134,0,0
####kvme#####,kikemme,kokeile,0.044471,kävimme,0.007014,0,0
####kvvt#####,kavvvvt,kysyvät,0.004435,kävivät,0.001160,0,0
####kyän#####,käykyän,kärkeen,0.015401,käydään,0.007861,0,0
####kyän#####,käykyän,kärkeen,0.015401,käymään,0.006981,0,0
####kyet#####,kyekekt,korkeat,0.012153,käyneet,0.001147,0,0
####kynn#####,kykkynn,kyselyn,0.002034,käynnin,0.000183,0,0
####kyeä#####,kyeäykä,olekaan,0.002703,käytetä,0.000028,0,0
####kyin#####,kyykkin,kutakin,0.006109,käytiin,0.000125,0,0
####kytä#####,kytäkkä,kätensä,0.013690,käyttää,0.000197,0,0
####kytä#####,kytäkkä,kätensä,0.013690,käyttöä,0.001259,0,0
####kyää#####,kyyäkää,kylästä,0.006856,käytävä,0.000227,0,0
####käns#####,kässkks,käsiksi,0.010055,käännös,0.002674,0,0
####käti#####,kääkkki,kehikko,0.005674,kääntyi,0.000497,0,0
####käty#####,kätytky,kääntyy,0.072221,kääntyy,0.072221,0,0
####kätä#####,kätäkkä,kätensä,0.005992,kääntyä,0.000203,0,0
####kätä#####,kätäkkä,kätensä,0.005992,kääntää,0.000220,0,0
####kyin#####,kyykkin,kutakin,0.006109,köyhien,0.000071,0,0
####kyys#####,kyykkys,köyhyys,0.017229,köyhyys,0.017229,0,0
####laan#####,laalaan,juhlaan,0.029074,laajaan,0.026319,0,0
####laei#####,laelami,laulaja,0.003158,laajeni,0.000047,0,0
####laoa#####,llodamo,luodaan,0.023312,laajoja,0.000432,0,0
####laus#####,lassaus,lapsuus,0.153842,laajuus,0.001902,0,0
####lasn#####,lassaas,jossain,0.037424,laakson,0.000020,0,0
####laun#####,launuun,laskuun,0.010675,laatuun,0.010566,0,0
####leki#####,lililki,levikki,0.028935,laeiksi,0.000701,0,0
####lhoa#####,llhhoda,lehtori,0.002760,lahjoja,0.001235,0,0
####liaa#####,liallia,sipulia,0.004764,lainata,0.000038,0,0
####litn#####,lilliin,liittää,0.004331,laisten,0.001948,0,0
####lian#####,lleliin,luulisi,0.004312,laitaan,0.000385,0,0
####liia#####,lilllii,silloin,0.007749,laitila,0.000014,0,0
####lita#####,lilelta,lopulta,0.001274,laittaa,0.000083,0,0
####liti#####,lilliti,lisäisi,0.009759,laittoi,0.000808,0,0
####liui#####,liuliui,luulisi,0.068547,laituri,0.001196,0,0
####lpsa#####,lopplla,paperia,0.003477,lapissa,0.000191,0,0
####lpea#####,papplpa,räppiin,0.024813,lapsena,0.000284,0,0
####lpei#####,päpplpi,kappeli,0.093358,lapseni,0.005079,0,0
####lpin#####,lippyin,räppiin,0.115643,lapsiin,0.001855,0,0
####lpus#####,popsuus,lapsuus,0.080720,lapsuus,0.080720,0,0
####lsun#####,luluuun,liettua,0.011625,laskuun,0.001915,0,0
####lsia#####,lilalia,ollilan,0.004127,lassila,0.000038,0,0
####ltin#####,liltlin,luotiin,0.067356,lattian,0.000751,0,0
####ltaa#####,laltlaa,lavalla,0.007044,latvala,0.000119,0,0
####luaa#####,laollaa,lomalla,0.005065,laulaja,0.000174,0,0
####luua#####,luuluuu,lauluja,0.118220,lauluja,0.118220,0,0
####luia#####,liullia,lauluja,0.017071,laurila,0.000341,0,0
####lvla#####,lalulla,talolla,0.085048,lavalla,0.008323,0,0
####lvle#####,lolelle,lähelle,0.029966,lavalle,0.005418,0,0
####lgna#####,lalulda,valinta,0.004650,legenda,0.002195,0,0
####lhin#####,hilhhin,halonen,0.042869,lehmien,0.000776,0,0
####lhen#####,hehhyre,lehtori,0.013947,lehteen,0.007208,0,0
####lhin#####,hilhhin,halonen,0.042869,lehtien,0.000188,0,0
####lhoa#####,llhhoda,lehtori,0.002760,lehtola,0.001550,0,0
####lhoi#####,lohhori,lehtori,0.098745,lehtori,0.098745,0,0
####liaa#####,liallia,sipulia,0.004764,leikata,0.000034,0,0
####lika#####,likklka,liminka,0.006344,leikkaa,0.000199,0,0
####likä#####,lisklkä,liminka,0.018911,leikkiä,0.000226,0,0
####lioo#####,llololo,elokolo,0.080182,leipomo,0.012523,0,0
####lpsö#####,pöppluö,räppiin,0.027344,lepistö,0.003895,0,0
####lpää#####,päpplää,räppiin,0.005248,leppälä,0.000684,0,0
####lvki#####,lilikki,aulikki,0.007999,levikki,0.005131,0,0
####lesn#####,llssess,kosteus,0.003383,lieksan,0.000022,0,0
####lein#####,lielern,pieleen,0.019567,liemien,0.009007,0,0
####leta#####,lllaltt,iisalmi,0.000487,liettua,0.000040,0,0
####liki#####,lipkiki,lisäisi,0.038405,liiaksi,0.001409,0,0
####lika#####,likklka,liminka,0.006344,liikkua,0.001370,0,0
####liku#####,lipkkku,liminka,0.016042,liikkuu,0.002146,0,0
####liti#####,lilliti,lisäisi,0.009759,liittyi,0.009252,0,0
####lity#####,lilälty,liittyy,0.077084,liittyy,0.077084,0,0
####litä#####,liäältä,läheltä,0.001210,liittyä,0.000318,0,0
####litä#####,liäältä,läheltä,0.001210,liittää,0.000507,0,0
####lmna#####,lalumma,valkama,0.018807,liminka,0.000038,0,0
####lnua#####,laluuua,liikkua,0.021021,lintuja,0.000820,0,0
####lpua#####,poppuua,vaappua,0.012090,lippuja,0.005293,0,0
####lsii#####,lililii,luennoi,0.002953,lisäisi,0.000166,0,0
####lski#####,liskkki,lisäksi,0.043776,lisäksi,0.043776,0,0
####lsty#####,lylätty,kääntyy,0.008262,lisätty,0.001418,0,0
####luua#####,luuluuu,lauluja,0.118220,liukuva,0.001778,0,0
####lusa#####,lisulua,laskuun,0.009839,liuosta,0.000124,0,0
####lian#####,lleliin,luulisi,0.004312,loimaan,0.000816,0,0
####lkku#####,lllkkko,luokkaa,0.014003,lokakuu,0.000428,0,0
####lmla#####,lalulla,talolla,0.065597,lomalla,0.004981,0,0
####lmle#####,lilelle,välille,0.045741,lomalle,0.003714,0,0
####lmsa#####,lolumma,valkama,0.007631,lomassa,0.000006,0,0
####lnon#####,lonooln,lontoon,0.015944,lontoon,0.015944,0,0
####lpti#####,pöpplri,kappeli,0.047568,lopetti,0.002203,0,0
####lpun#####,loppyun,loppuun,0.054935,loppuun,0.054935,0,0
####lpki#####,löppkki,aulikki,0.045136,lopuksi,0.007295,0,0
####lpla#####,lopplla,lopulla,0.133391,lopulla,0.133391,0,0
####lpla#####,lopplla,lopulla,0.133391,lopulta,0.000241,0,0
####lpsa#####,lopplla,paperia,0.003477,lopussa,0.000382,0,0
####ltle#####,lolelle,lähelle,0.010815,lotalle,0.000454,0,0
####luan#####,lualuun,lauluja,0.242141,lounaan,0.000961,0,0
####lvia#####,valalii,välille,0.007931,loviisa,0.000107,0,0
####leni#####,lililii,ollilan,0.006749,luennoi,0.000050,0,0
####lenn#####,llenlnn,luennon,0.026591,luennon,0.026591,0,0
####lent#####,llltllt,valvoja,0.003326,luennot,0.000089,0,0
####lean#####,laelaan,luetaan,0.038577,luetaan,0.038577,0,0
####lknt#####,kältkkt,kalojen,0.013889,lukenut,0.000184,0,0
####lkja#####,lalkkja,haltija,0.010762,lukijaa,0.000990,0,0
####lkjn#####,käluojn,kalojen,0.008762,lukijan,0.000034,0,0
####lkjt#####,kältöjt,kalojen,0.024879,lukijat,0.000092,0,0
####lkjn#####,käluojn,kalojen,0.008762,lukujen,0.000052,0,0
####loan#####,lloloan,lontoon,0.017112,luodaan,0.002100,0,0
####loka#####,llkkoko,leipomo,0.014822,luokkaa,0.000287,0,0
####loan#####,lloloan,lontoon,0.017112,luomaan,0.001673,0,0
####loet#####,lletomt,luennot,0.017288,luoneet,0.001618,0,0
####lonn#####,lonlonn,lontoon,0.015232,luonnon,0.000766,0,0
####lota#####,lllaldo,luoneet,0.004086,luontoa,0.000757,0,0
####loaa#####,llododa,lehtola,0.005029,luotava,0.002522,0,0
####loin#####,looloin,lontoon,0.043955,luotiin,0.000850,0,0
####lota#####,lllaldo,luoneet,0.004086,luottaa,0.001016,0,0
####lous#####,loolous,lapsuus,0.036880,luovuus,0.005882,0,0
####luii#####,liillri,luulisi,0.057055,luulisi,0.057055,0,0
####lvsa#####,lalulva,lassila,0.002452,luvassa,0.000047,0,0
####lvtu#####,loluuvu,paluuta,0.094580,luvattu,0.000653,0,0
####lvla#####,lalulla,talolla,0.085048,luvulla,0.002221,0,0
####lvsa#####,lalulva,lassila,0.002452,luvussa,0.000067,0,0
####lhiä#####,hiläliä,liittyä,0.001849,lyhyitä,0.000098,0,0
####lhtä#####,hälältä,hylätty,0.018493,lyhyttä,0.000119,0,0
####lhle#####,hälelle,lähelle,0.081327,lähelle,0.081327,0,0
####lhlä#####,hälällä,hänellä,0.029398,lähellä,0.010452,0,0
####lhlä#####,hälällä,hänellä,0.029398,läheltä,0.000006,0,0
####lhtn#####,helturt,halonen,0.063976,lähetin,0.000153,0,0
####lhti#####,hölihri,halonen,0.020435,lähetti,0.002550,0,0
####lhts#####,lehälrs,lahjoja,0.002980,lähetys,0.001468,0,0
####lhnä#####,hehäyvä,hyvällä,0.005247,lähinnä,0.000745,0,0
####lhet#####,lelkert,lähteet,0.014836,lähteet,0.014836,0,0
####lhin#####,hilhhin,halonen,0.042869,lähtien,0.000338,0,0
####lhön#####,höllööö,hallita,0.033578,lähtöön,0.000275,0,0
####lnen#####,lälnnee,lähelle,0.007855,länteen,0.000372,0,0
####lääi#####,lääläää,lääkäri,0.013781,lääkäri,0.013781,0,0
####mala#####,galmama,kolmena,0.001614,maailma,0.000093,0,0
####maas#####,maamaas,saamaan,0.192193,maalaus,0.013886,0,0
####main#####,maamamn,myymään,0.042713,maaliin,0.000474,0,0
####maia#####,miamama,grammaa,0.001429,maatila,0.000072,0,0
####mhaa#####,hammmma,huomata,0.023558,mahtava,0.000005,0,0
####mien#####,miemimn,olemaan,0.008022,maineen,0.000035,0,0
####miia#####,miamiii,silmiin,0.017651,mainita,0.000012,0,0
####miea#####,miemima,liemien,0.014003,maisema,0.000701,0,0
####mitu#####,mittimu,mitattu,0.107802,maistuu,0.003321,0,0
####mkea#####,maekmma,kreikka,0.001475,makseta,0.000042,0,0
####mkii#####,mrmmkii,hankkii,0.024567,maksimi,0.000068,0,0
####mkua#####,gummkka,hauskaa,0.004299,maksuja,0.000042,0,0
####mkjn#####,krnmojn,kasvoja,0.000923,makujen,0.000062,0,0
####mlnn#####,manmmln,mukavan,0.002001,malinen,0.000309,0,0
####mlea#####,maemmme,peruste,0.004342,malleja,0.000075,0,0
####mlin#####,mölmlii,myymään,0.009921,mallien,0.000514,0,0
####mlin#####,mölmlii,myymään,0.009921,malliin,0.000265,0,0
####mrta#####,mamarra,materia,0.043196,maritta,0.000120,0,0
####mroa#####,grmmrra,ymmärrä,0.022752,marjoja,0.000060,0,0
####mrka#####,grmkrra,ymmärrä,0.030628,markkaa,0.000044,0,0
####mtln#####,malttln,talteen,0.005187,matalan,0.000019,0,0
####mtra#####,gartrra,ymmärrä,0.015061,materia,0.001384,0,0
####mtan#####,mantman,malinen,0.010883,matkaan,0.003081,0,0
####mtoa#####,mommoma,mikkola,0.002891,matkoja,0.001074,0,0
####mtia#####,mimmtia,mukavia,0.009823,mattila,0.000073,0,0
####muua#####,muummua,muuttua,0.043274,maunula,0.000336,0,0
####mlsi#####,malisri,valitsi,0.007276,melassi,0.000594,0,0
####mlen#####,manmmme,minulle,0.034810,melkein,0.000517,0,0
####mnti#####,mämimti,kehitti,0.006857,menetti,0.002084,0,0
####mnts#####,mätsmmt,metsien,0.114374,menetys,0.000098,0,0
####mnvn#####,mannmme,sanomat,0.017896,menevän,0.000121,0,0
####mnvt#####,männmmt,menneet,0.015128,menevät,0.005211,0,0
####mnvt#####,männmmt,menneet,0.015128,menivät,0.002882,0,0
####mnen#####,mannmme,annamme,0.030228,menneen,0.000201,0,0
####mnet#####,männmme,menneet,0.025046,menneet,0.025046,0,0
####mnän#####,mänmmän,sanomat,0.005098,mennään,0.000120,0,0
####mnjn#####,jrmmmmn,samojen,0.006126,menojen,0.000084,0,0
####mnsa#####,famumsa,numeroa,0.007529,menossa,0.000048,0,0
####mnin#####,minmmii,mukavia,0.005303,mentiin,0.001198,0,0
####mrle#####,rrmmrle,lomalle,0.067146,merelle,0.000696,0,0
####mrlä#####,rrmmrlä,ymmärrä,0.004441,merellä,0.000195,0,0
####mriä#####,mremrri,summeri,0.021273,merkitä,0.000020,0,0
####mrkä#####,rrkkrrä,ymmärrä,0.029530,merkkiä,0.000086,0,0
####msai#####,sammmri,summeri,0.006407,mestari,0.000007,0,0
####mtli#####,maltmri,talteen,0.004685,metalli,0.000025,0,0
####mtin#####,minmtii,muistin,0.025023,metriin,0.002682,0,0
####mtin#####,minmtii,muistin,0.025023,metsien,0.000059,0,0
####mtän#####,mänstän,muhonen,0.004433,metsään,0.000478,0,0
####meei#####,mheieri,summeri,0.006536,mieheni,0.000398,0,0
####meeä#####,mäemevä,niemelä,0.005833,miehenä,0.000569,0,0
####meen#####,meememn,mieleen,0.026835,mieleen,0.026835,0,0
####metn#####,mmtnmmt,mattila,0.020151,miesten,0.000213,0,0
####meti#####,mitimmi,maailma,0.013722,miettii,0.000537,0,0
####metä#####,mitämtä,mattila,0.014823,miettiä,0.000571,0,0
####mkei#####,kremmii,luennoi,0.000755,mikkeli,0.000133,0,0
####mkin#####,mönmkii,minäkin,0.039841,mikkiin,0.000196,0,0
####mkoa#####,kommova,kertova,0.001871,mikkola,0.001604,0,0
####mlon#####,monmolo,milloin,0.028636,milloin,0.028636,0,0
####mlän#####,mänmmän,muhonen,0.003669,millään,0.000780,0,0
####mnän#####,mänmmän,sanomat,0.005098,minkään,0.000102,0,0
####mnla#####,falmmma,salomaa,0.008484,minulla,0.000033,0,0
####mnle#####,milmeme,valitse,0.028165,minulle,0.000698,0,0
####mnla#####,falmmma,salomaa,0.008484,minulta,0.000013,0,0
####mnsa#####,famumsa,numeroa,0.007529,minussa,0.000018,0,0
####mnsa#####,famumsa,numeroa,0.007529,minusta,0.000010,0,0
####mnkn#####,makkmme,uskomme,0.004725,minäkin,0.000276,0,0
####mrai#####,grmmrri,summeri,0.064190,mirjami,0.000052,0,0
####msän#####,sänmmän,suomeen,0.007975,missään,0.000066,0,0
####msän#####,sänmmän,suomeen,0.007975,mistään,0.000009,0,0
####mttu#####,matttmu,mattila,0.026914,mitattu,0.025688,0,0
####mtan#####,mantman,malinen,0.010883,mittaan,0.000039,0,0
####mtai#####,mammmii,malinen,0.001636,mittari,0.000125,0,0
####mtas#####,matsmus,hakemus,0.004813,mittaus,0.000067,0,0
####mtaa#####,mammmaa,mahtava,0.001093,mittava,0.000048,0,0
####mdri#####,drrmmri,grammaa,0.070434,moderni,0.000609,0,0
####mnla#####,falmmma,salomaa,0.008484,monella,0.000053,0,0
####mnle#####,milmeme,valitse,0.028165,monelle,0.000396,0,0
####mnla#####,falmmma,salomaa,0.008484,monelta,0.000014,0,0
####mnsa#####,famumsa,numeroa,0.007529,monessa,0.000018,0,0
####mnsa#####,famumsa,numeroa,0.007529,monesta,0.000045,0,0
####mnsi#####,mänimsi,annikki,0.004268,monesti,0.000629,0,0
####mnla#####,falmmma,salomaa,0.008484,monilla,0.000018,0,0
####mnle#####,milmeme,valitse,0.028165,monille,0.000393,0,0
####mnla#####,falmmma,salomaa,0.008484,monilta,0.000007,0,0
####mnsa#####,famumsa,numeroa,0.007529,monissa,0.000005,0,0
####mnsa#####,famumsa,numeroa,0.007529,monista,0.000015,0,0
####mnnn#####,mnnmmmn,tekemän,0.038572,mononen,0.000032,0,0
####mnao#####,mammmma,antamaa,0.001504,montako,0.000025,0,0
####mrin#####,mrmmrri,ymmärrä,0.015750,morsian,0.000031,0,0
####mtvn#####,manstvt,myöntää,0.004152,motivan,0.000652,0,0
####mtvi#####,mamimri,muuttui,0.012560,motivoi,0.001287,0,0
####mhnn#####,hänmmmn,huomion,0.051783,muhonen,0.000163,0,0
####mita#####,mammima,mainita,0.021859,muistaa,0.000363,0,0
####mitn#####,mmttimn,mattila,0.005296,muistan,0.000204,0,0
####mitn#####,mmttimn,mattila,0.005296,muistin,0.000237,0,0
####mitt#####,mittimt,mattila,0.050071,muistot,0.000453,0,0
####mkva#####,mavkmva,mahtava,0.007734,mukavaa,0.000037,0,0
####mkvn#####,manmmve,minäkin,0.007112,mukavan,0.000220,0,0
####mkva#####,mavkmva,mahtava,0.007734,mukavia,0.000009,0,0
####moaa#####,gaamoaa,varmoja,0.006642,muokata,0.000034,0,0
####moin#####,monmoin,kolmeen,0.005828,muotien,0.000003,0,0
####mooa#####,moamooo,vaimoni,0.007363,muotoja,0.000114,0,0
####moon#####,moomoon,muotoon,0.058451,muotoon,0.058451,0,0
####mrjn#####,grmmrrn,ymmärrä,0.019742,murujen,0.000079,0,0
####mson#####,sonmoun,seniori,0.011312,museoon,0.000637,0,0
####mula#####,mulmuma,numeroa,0.001868,muualla,0.000176,0,0
####mule#####,mumelme,uudelle,0.013546,muualle,0.001808,0,0
####mula#####,mulmuma,numeroa,0.001868,muualta,0.000097,0,0
####muae#####,muemmme,muutama,0.010086,muurame,0.002136,0,0
####muaa#####,muammma,muutama,0.015244,muutama,0.015244,0,0
####mukn#####,mukkmme,maksimi,0.036234,muutkin,0.000077,0,0
####muon#####,muomomn,muotoon,0.018737,muutoin,0.000071,0,0
####muta#####,mutamma,autamme,0.056805,muuttaa,0.000181,0,0
####muta#####,mutamma,autamme,0.056805,muuttua,0.000848,0,0
####muti#####,mutimmi,muuttui,0.023727,muuttui,0.023727,0,0
####mutu#####,mutuumu,autamme,0.032004,muuttuu,0.005581,0,0
####mlyä#####,mäymylä,härmälä,0.003085,myllylä,0.000411,0,0
####myän#####,myymmän,myymään,0.283263,myydään,0.001763,0,0
####myää#####,myymmää,myymälä,0.034954,myymälä,0.034954,0,0
####myän#####,myymmän,myymään,0.283263,myymään,0.283263,0,0
####mynn#####,myymmmn,tekemän,0.008030,myynnin,0.003015,0,0
####mytä#####,mytämmä,hytönen,0.005401,myyntiä,0.000779,0,0
####myin#####,myymyin,myymään,0.090277,myytiin,0.015460,0,0
####myää#####,myymmää,myymälä,0.034954,myytävä,0.001643,0,0
####möän#####,mäömäön,välitön,0.013745,myöhään,0.001794,0,0
####mötä#####,mäöäötä,märille,0.019723,myöntää,0.000446,0,0
####mökn#####,mäkkumn,maksimi,0.022618,myöskin,0.000523,0,0
####mepä#####,gempmpä,kauppaa,0.010187,mäenpää,0.000852,0,0
####mkln#####,mölkmle,viljely,0.000519,mäkelän,0.000049,0,0
####mknn#####,mänmknn,minäkin,0.009451,mäkinen,0.000047,0,0
####mkpä#####,kämäpmä,kumpula,0.002456,mäkipää,0.000105,0,0
####mksn#####,mänskue,tanskan,0.052322,mäkisen,0.000022,0,0
####mnyä#####,mäymymä,mäntylä,0.006371,mäntylä,0.006371,0,0
####mrle#####,rrmmrle,lomalle,0.067146,märille,0.000278,0,0
####määä#####,määmäää,mäenpää,0.018191,määrätä,0.017771,0,0
####määs#####,määmääs,käymään,0.115754,määräys,0.002219,0,0
####mään#####,määmään,käymään,0.080670,määrään,0.023534,0,0
####mkle#####,kälkele,pälkäne,0.009153,mökille,0.001343,0,0
####mklä#####,mälkklä,välillä,0.002640,mökillä,0.000537,0,0
####naui#####,naanuua,kainuun,0.013062,naapuri,0.000129,0,0
####niin#####,niinoin,niinkin,0.222210,naisiin,0.001120,0,0
####nitn#####,nitnnin,tuonnin,0.006746,naisten,0.000015,0,0
####npai#####,napppua,nappasi,0.005068,nappasi,0.005068,0,0
####nsai#####,sannnsa,pannaan,0.001434,naskali,0.000038,0,0
####nsoa#####,sannoda,silloin,0.010619,nastola,0.001121,0,0
####nuta#####,nutanua,lotalle,0.005558,nauttia,0.000017,0,0
####nuti#####,nutinmi,safiiri,0.000764,nauttii,0.000110,0,0
####nvtn#####,nannnvt,sanovat,0.011695,navetan,0.000005,0,0
####nvta#####,nananvt,kanavan,0.059936,navetta,0.000006,0,0
####nlöä#####,nälnööä,yleisöä,0.001917,neliötä,0.000273,0,0
####nlän#####,nälnnän,myynnin,0.007155,neljään,0.000104,0,0
####nlnn#####,nalnnln,välinen,0.007205,nelonen,0.003925,0,0
####nlsn#####,nalunse,nelonen,0.236636,nelosen,0.000486,0,0
####nnnn#####,nnnnnnn,nenonen,0.270837,nenonen,0.270837,0,0
####nsen#####,sannnee,hannele,0.008958,nesteen,0.000009,0,0
####ntsä#####,nännnsä,nimensä,0.012371,netissä,0.000144,0,0
####ntsä#####,nännnsä,nimensä,0.012371,netistä,0.000075,0,0
####ntin#####,ninntii,työntää,0.006417,nettiin,0.000031,0,0
####nuoa#####,nuonauo,juontaa,0.002659,neuvoja,0.000135,0,0
####neeä#####,näeneee,pieneen,0.074520,niemelä,0.003849,0,0
####nikn#####,niknnkn,nykänen,0.005129,niinkin,0.001737,0,0
####nkiä#####,nännkkä,olenkin,0.004384,nikkilä,0.000050,0,0
####nlin#####,nilnnln,nelonen,0.009956,nilsiän,0.001967,0,0
####nmki#####,mikikmi,maksimi,0.017156,nimeksi,0.000879,0,0
####nmlä#####,nälämme,tulemme,0.015617,nimellä,0.000037,0,0
####nmlä#####,nälämme,tulemme,0.015617,nimeltä,0.000184,0,0
####nmnä#####,nänänme,nykänen,0.005401,nimensä,0.000499,0,0
####nmsä#####,näsänme,nykänen,0.020115,nimessä,0.000005,0,0
####nmty#####,mymunme,muurame,0.021825,nimetty,0.000051,0,0
####nmnn#####,nynnmmn,nenonen,0.007591,niminen,0.000118,0,0
####nmsn#####,nonumme,nenonen,0.063940,nimisen,0.000102,0,0
####nmsä#####,näsänme,nykänen,0.020115,nimissä,0.000046,0,0
####nmts#####,nossmmt,missään,0.008571,nimitys,0.000050,0,0
####npki#####,keppkki,kappeli,0.021330,nipuksi,0.005654,0,0
####njla#####,naluuja,malleja,0.003874,nojalla,0.000253,0,0
####npan#####,nappnan,nappasi,0.011673,nopeaan,0.000191,0,0
####npia#####,napppua,nappasi,0.189098,nopeita,0.022473,0,0
####nren#####,rrennrn,perunan,0.002971,nordean,0.000064,0,0
####ntai#####,taintua,työntää,0.002637,notaari,0.000003,0,0
####nuea#####,nuenaue,hienoja,0.020089,nouseva,0.000066,0,0
####nust#####,nunuuut,annetut,0.001130,noussut,0.000736,0,0
####nuun#####,nuanuus,kainuun,0.126662,nousuun,0.038141,0,0
####nmra#####,nyrarme,nordean,0.015600,numeroa,0.004303,0,0
####nmrn#####,nyrpmre,nurmela,0.049654,numeron,0.000219,0,0
####nmrt#####,nmrprrt,nurmela,0.036119,numerot,0.018717,0,0
####nmea#####,namnmme,itsemme,0.021666,nummela,0.000811,0,0
####noea#####,naenome,hienoja,0.101920,nuorena,0.000270,0,0
####noin#####,noinoin,keinoin,0.053846,nuoriin,0.000018,0,0
####noio#####,noinooi,voineet,0.005571,nuoriso,0.000062,0,0
####notn#####,notnomt,huonoon,0.017061,nuorten,0.000011,0,0
####nrea#####,nreanre,tiedote,0.001039,nurmela,0.000149,0,0
####nkän#####,kännkän,kannata,0.013682,nykyään,0.000034,0,0
####nknn#####,kannnan,kuntoon,0.009040,nykänen,0.000017,0,0
####nlna#####,nalnnla,nylonia,0.015429,nylonia,0.015429,0,0
####nhän#####,hähnnän,hevonen,0.021965,nähdään,0.000028,0,0
####nhet#####,hehneet,huoneet,0.247631,nähneet,0.002420,0,0
####nhin#####,hinnnun,hevonen,0.020176,nähtiin,0.000006,0,0
####nkms#####,nekskms,nenonen,0.006905,näkemys,0.003550,0,0
####nkvt#####,konvvvt,tanssit,0.007802,näkevät,0.000029,0,0
####nkvt#####,konvvvt,tanssit,0.007802,näkivät,0.000009,0,0
####nkmn#####,myknmme,uskomme,0.003099,näkymin,0.000554,0,0
####nkmä#####,mykäkme,tämäkin,0.031763,näkymiä,0.000061,0,0
####nkmt#####,kikkkmt,tekstit,0.002093,näkymät,0.000209,0,0
####nknt#####,knnnkkt,tänäkin,0.004422,näkynyt,0.000015,0,0
####nkvt#####,konvvvt,tanssit,0.007802,näkyvät,0.000037,0,0
####nytä#####,nytänyä,hyvänsä,0.075647,näyttää,0.000007,0,0
####nytä#####,nytänyä,hyvänsä,0.075647,näyttöä,0.000040,0,0
####oota#####,otttoko,otsikko,0.029957,odottaa,0.002083,0,0
####oita#####,otsoika,oinonen,0.007159,ohittaa,0.000343,0,0
####ojaa#####,ohjojja,osaajia,0.023135,ohjaaja,0.004636,0,0
####ojao#####,jhoooja,muotoja,0.018781,ohjaamo,0.000014,0,0
####ojtu#####,otjujju,ohjaaja,0.013150,ohjattu,0.000259,0,0
####ojia#####,jhjooja,osaajia,0.050261,ohjeita,0.000070,0,0
####ojla#####,orjooja,arvolta,0.008974,ohjelma,0.000512,0,0
####okan#####,ornooan,tanskan,0.002435,oikeaan,0.000059,0,0
####okia#####,orkokia,hankkia,0.012847,oikeita,0.000017,0,0
####onnn#####,onnonnn,unionin,0.003881,oinonen,0.000877,0,0
####oria#####,droiora,urakoin,0.017944,oireita,0.000007,0,0
####oens#####,osesoss,osoitus,0.035107,ojennus,0.006030,0,0
####osnn#####,osnoogn,tanssin,0.003921,oksanen,0.000022,0,0
####oean#####,oseeoan,olekaan,0.004197,olekaan,0.004197,0,0
####oean#####,oseeoan,olekaan,0.004197,olemaan,0.002674,0,0
####oekn#####,olknokn,oikeita,0.010916,olenkin,0.000356,0,0
####oeta#####,oteevka,otetaan,0.010384,olettaa,0.000273,0,0
####oean#####,oseeoan,olekaan,0.004197,olevaan,0.002703,0,0
####oeai#####,ohoieri,osoitti,0.021895,olevani,0.001764,0,0
####oein#####,openoen,osuuden,0.005164,olevien,0.000211,0,0
####oein#####,openoen,osuuden,0.005164,oleviin,0.000130,0,0
####oiio#####,opoooio,muutoin,0.025341,olisiko,0.000165,0,0
####olia#####,ollooia,muutoin,0.003017,olleita,0.000050,0,0
####olsa#####,olloosa,arvolta,0.008376,ollessa,0.000030,0,0
####olln#####,flnolle,innolla,0.044036,ollilan,0.000088,0,0
####olta#####,oltolka,arvolta,0.006627,ollutta,0.001640,0,0
####oohn#####,ohhhoos,vanhoja,0.084291,oloihin,0.001164,0,0
####oosa#####,ossooss,oinonen,0.012624,oloissa,0.000584,0,0
####oast#####,ossooat,osuudet,0.009921,omaiset,0.000901,0,0
####oita#####,otsoika,oinonen,0.007159,omistaa,0.000997,0,0
####ogla#####,orgolda,asioida,0.010584,ongelma,0.000759,0,0
####onki#####,onkikki,orvokki,0.012912,onneksi,0.000281,0,0
####onsu#####,ossonss,oulussa,0.034400,onnistu,0.000025,0,0
####oata#####,ottooka,oinonen,0.002245,opastaa,0.000808,0,0
####oats#####,ostooks,osoitus,0.007641,opastus,0.001004,0,0
####oeta#####,oteevka,otetaan,0.010384,opettaa,0.000414,0,0
####oint#####,otoooin,oinonen,0.006254,opinnot,0.000827,0,0
####oitn#####,otsookn,otetaan,0.046941,opiston,0.000756,0,0
####oian#####,opoooan,osuuden,0.003865,opitaan,0.000470,0,0
####opls#####,oppools,oppilas,0.018492,oppilas,0.018492,0,0
####opnt#####,opppout,numerot,0.003557,oppinut,0.000443,0,0
####opvt#####,ovpvvvt,oppivat,0.035808,oppivat,0.035808,0,0
####oiei#####,opeeiri,oireita,0.013067,orivesi,0.000321,0,0
####ovki#####,orkikki,orvokki,0.094223,orvokki,0.094223,0,0
####oajt#####,otjoojt,osuudet,0.004472,osaajat,0.000637,0,0
####oaja#####,ohjooja,ohjaaja,0.022213,osaajia,0.002837,0,0
####oavt#####,ovovvvt,oppivat,0.018283,osaavat,0.001847,0,0
####oava#####,ovsvvva,kertova,0.059402,osaavia,0.035150,0,0
####oant#####,osotokt,osuudet,0.004468,osannut,0.000677,0,0
####oatn#####,otstokt,otetaan,0.020061,osaston,0.000028,0,0
####oatt#####,otttomt,otetaan,0.162254,osastot,0.001485,0,0
####oaan#####,opohoan,oikeaan,0.013862,osataan,0.005013,0,0
####ooti#####,ototoki,otsikko,0.072183,osoitti,0.001137,0,0
####oots#####,ototoks,osoitus,0.035250,osoitus,0.035250,0,0
####otjn#####,jrtoojn,ostajat,0.032472,ostajan,0.003119,0,0
####otjt#####,ottojjt,ostajat,0.019200,ostajat,0.019200,0,0
####otnt#####,ottookt,katsoen,0.008799,ostanut,0.000315,0,0
####otvt#####,ortvvvt,ottavat,0.069136,ostavat,0.001646,0,0
####ottu#####,ottotuu,ostettu,0.040462,ostettu,0.040462,0,0
####oudn#####,unooddn,useiden,0.017260,osuuden,0.016469,0,0
####oudt#####,odooddt,odottaa,0.115892,osuudet,0.003924,0,0
####outa#####,optouka,oinonen,0.007624,osuutta,0.000580,0,0
####oean#####,oseeoan,olekaan,0.004197,otetaan,0.002892,0,0
####osko#####,ossooko,otsikko,0.092937,otsikko,0.092937,0,0
####otii#####,otoitii,miettii,0.008713,ottaisi,0.000117,0,0
####otka#####,ottokka,orvokki,0.065829,ottakaa,0.064416,0,0
####otnt#####,ottookt,katsoen,0.008799,ottanut,0.001795,0,0
####otvt#####,ortvvvt,ottavat,0.069136,ottavat,0.069136,0,0
####otia#####,ohotoia,muutoin,0.005280,otteita,0.000107,0,0
####otln#####,ottookn,katsoen,0.004130,ottelun,0.001565,0,0
####otvt#####,ortvvvt,ottavat,0.069136,ottivat,0.046770,0,0
####olsa#####,olloosa,arvolta,0.008376,oulussa,0.000062,0,0
####olsa#####,olloosa,arvolta,0.008376,oulusta,0.000016,0,0
####oakn#####,otnkokn,karaoke,0.013236,ovatkin,0.000341,0,0
####paoa#####,ppapaho,pakkaus,0.009869,paavola,0.000460,0,0
####phsi#####,pöhppri,pahasti,0.029999,pahasti,0.029999,0,0
####phna#####,pahphja,pahinta,0.013409,pahinta,0.013409,0,0
####pika#####,pippkka,parveke,0.016729,paikkaa,0.000472,0,0
####pion#####,ppppooo,syöpään,0.022264,paikoin,0.000860,0,0
####pien#####,pgepipn,pieleen,0.027158,paineen,0.000501,0,0
####piet#####,piepipt,pieleen,0.010072,paineet,0.003369,0,0
####pita#####,ppppika,paperia,0.013245,paistaa,0.000814,0,0
####pjnn#####,pgppojn,tarpeen,0.030700,pajunen,0.000050,0,0
####pktu#####,köppkku,kastike,0.022180,pakattu,0.000037,0,0
####pktn#####,köptyko,kastike,0.008223,paketin,0.000046,0,0
####pkti#####,köptkki,kappeli,0.009468,paketti,0.000114,0,0
####pkln#####,kölpyle,kylpylä,0.209816,pakilan,0.000009,0,0
####pkas#####,pappkks,pastori,0.005655,pakkaus,0.003034,0,0
####pkus#####,pösskus,paksuus,0.019209,paksuus,0.019209,0,0
####plua#####,pappluu,loppuun,0.006494,palauta,0.000005,0,0
####plue#####,pöpplle,taipale,0.004607,palaute,0.001597,0,0
####plaa#####,papplla,paperia,0.070185,palkata,0.000148,0,0
####plka#####,pappkka,sippola,0.012166,palkkaa,0.000284,0,0
####plko#####,pöppolo,sippola,0.037348,palkkio,0.001318,0,0
####plnn#####,pöpplln,loppuun,0.024985,palonen,0.000035,0,0
####plua#####,pappluu,loppuun,0.006494,paluuta,0.000075,0,0
####pleu#####,peppppe,puuttuu,0.065936,palvelu,0.002063,0,0
####pnan#####,pappnan,nappasi,0.036938,pannaan,0.002097,0,0
####ppra#####,papprra,räppiin,0.034986,paperia,0.024013,0,0
####pprn#####,prpprrö,räppiin,0.046521,paperin,0.009013,0,0
####pprt#####,prpprrt,paperit,0.034658,paperit,0.034658,0,0
####prne#####,ryeprre,syöpään,0.020897,paranee,0.000106,0,0
####prsa#####,rapprra,räppiin,0.178677,parasta,0.000004,0,0
####prmi#####,römpmri,naapuri,0.017813,parempi,0.000306,0,0
####pran#####,rapprrn,räppiin,0.050579,parhaan,0.000033,0,0
####prat#####,rapprrt,tarpeet,0.028061,parhaat,0.000480,0,0
####prsa#####,rapprra,räppiin,0.178677,parissa,0.000005,0,0
####prao#####,rapprro,kauppaa,0.022227,parkano,0.000299,0,0
####proa#####,rapprro,räppiin,0.024108,partola,0.000167,0,0
####prui#####,rrpppri,riippuu,0.032852,parturi,0.000068,0,0
####pree#####,prepere,tampere,0.012670,parveke,0.004110,0,0
####psnn#####,pgppyun,räppiin,0.029835,pasanen,0.000026,0,0
####psln#####,pöppyls,sippola,0.017234,pasilan,0.000007,0,0
####psoi#####,popppri,kappeli,0.047091,pastori,0.005068,0,0
####pitä#####,pipäpkö,pitääkö,0.024384,peittää,0.001491,0,0
####pkaa#####,pappkka,paperia,0.032479,pekkala,0.000073,0,0
####plaa#####,papplla,paperia,0.070185,pelaaja,0.000028,0,0
####plsä#####,pöppllä,kylpylä,0.013608,pelissä,0.009581,0,0
####plkä#####,pöppkko,puhakka,0.009734,pelkkiä,0.000331,0,0
####plkä#####,pöppkko,puhakka,0.009734,pelkkää,0.000995,0,0
####ploa#####,ppppllo,purolla,0.012472,peltola,0.002092,0,0
####pren#####,reeprrn,syöpään,0.024697,perheen,0.000089,0,0
####pret#####,rreprrt,syöpään,0.015812,perheet,0.001011,0,0
####prle#####,prpplle,itselle,0.010860,perille,0.007418,0,0
####prlä#####,räppllä,hyvällä,0.013462,perillä,0.008151,0,0
####prmä#####,rämprrä,kumpula,0.025423,perimiä,0.000109,0,0
####prne#####,ryeprre,syöpään,0.020897,perinne,0.000178,0,0
####prnä#####,rypprrä,räppiin,0.056162,perintä,0.000042,0,0
####prnö#####,rappröö,räppiin,0.071968,perintö,0.000415,0,0
####prna#####,rapprra,räppiin,0.163372,perunaa,0.000019,0,0
####prnn#####,rrpprrn,tarpeen,0.028186,perunan,0.000364,0,0
####prnt#####,rrpprrt,syöpään,0.021728,perunat,0.000068,0,0
####prsa#####,rapprra,räppiin,0.178677,perusta,0.000002,0,0
####prse#####,prpprre,kappale,0.064206,peruste,0.015632,0,0
####prsi#####,srpppri,räppiin,0.057011,perusti,0.000039,0,0
####prsu#####,rrppurs,räppiin,0.071859,perustu,0.000034,0,0
####prsä#####,räppprä,seppälä,0.160871,perässä,0.000068,0,0
####psnn#####,pgppyun,räppiin,0.029835,pesonen,0.000035,0,0
####ptei#####,pgpptii,puuttui,0.054427,petteri,0.001016,0,0
####pdmi#####,pödpmpi,sydämen,0.028953,pidempi,0.015888,0,0
####pdty#####,pödpydy,pidetty,0.056018,pidetty,0.056018,0,0
####pdme#####,pödpmpe,pidämme,0.094791,pidämme,0.094791,0,0
####peen#####,ppepepn,pieleen,0.057674,pieleen,0.057674,0,0
####peen#####,ppepepn,pieleen,0.057674,pieneen,0.020524,0,0
####peeä#####,ppepppä,pietilä,0.013491,pienenä,0.005015,0,0
####pein#####,peipypi,syöpään,0.015169,pieniin,0.000386,0,0
####peiä#####,peepppä,vieläpä,0.008457,pieninä,0.000661,0,0
####petn#####,pgtpekt,syöpään,0.020328,pienten,0.000918,0,0
####peai#####,pappppi,harppoi,0.007914,pietari,0.001767,0,0
####peiä#####,peepppä,vieläpä,0.008457,pietilä,0.006524,0,0
####phla#####,pahphla,sippola,0.004948,pihalla,0.004399,0,0
####phle#####,pöhpyle,pihalle,0.136041,pihalle,0.136041,0,0
####phsa#####,pahppja,pihassa,0.018283,pihassa,0.018283,0,0
####phaa#####,pahphja,pahinta,0.054317,pihlaja,0.000424,0,0
####piin#####,pippyin,piiriin,0.018322,piirien,0.000009,0,0
####piin#####,pippyin,piiriin,0.018322,piiriin,0.018322,0,0
####pirs#####,pissors,paksuus,0.035356,piirros,0.006098,0,0
####pitä#####,pipäpkö,pitääkö,0.024384,piirtää,0.000598,0,0
####pnan#####,pappnan,nappasi,0.036938,pintaan,0.000132,0,0
####psen#####,pgppyue,räppiin,0.008014,pisteen,0.000490,0,0
####pset#####,pgspput,pisteet,0.046329,pisteet,0.046329,0,0
####ptvt#####,paptvut,valtiot,0.009173,pitivät,0.000100,0,0
####ptin#####,peppyii,räppiin,0.007837,pitkien,0.000228,0,0
####ptän#####,päpptän,syöpään,0.004232,pitkään,0.000242,0,0
####ptii#####,pipptii,puuttui,0.024708,pitäisi,0.000154,0,0
####ptnt#####,pättyut,kattava,0.005907,pitänyt,0.000120,0,0
####ptvt#####,paptvut,valtiot,0.009173,pitävät,0.000080,0,0
####ptäö#####,päpptöö,perintö,0.055638,pitääkö,0.010840,0,0
####phan#####,pahphus,pahasti,0.044417,pohjaan,0.000697,0,0
####phaa#####,pahphja,pahinta,0.054317,pohjana,0.000304,0,0
####phoa#####,phhppda,pohjola,0.021189,pohjola,0.021189,0,0
####piai#####,papppii,räppiin,0.009150,poikani,0.001135,0,0
####piea#####,ppepipa,pieleen,0.036408,poiketa,0.000499,0,0
####piin#####,pippyin,piiriin,0.018322,poikien,0.000122,0,0
####pika#####,pippkka,parveke,0.016729,poikkea,0.000240,0,0
####pita#####,ppppika,paperia,0.013245,poistaa,0.001185,0,0
####pitu#####,pppphku,puuttuu,0.047661,poistuu,0.010633,0,0
####pjle#####,pöpplje,kappale,0.026245,pojille,0.011775,0,0
####plii#####,pöpplii,kappeli,0.034923,poliisi,0.001965,0,0
####plta#####,papplla,räppiin,0.019148,polttaa,0.000328,0,0
####prsa#####,rapprra,räppiin,0.178677,porissa,0.000002,0,0
####prsa#####,rapprra,räppiin,0.178677,porista,0.000006,0,0
####prjn#####,rrjpojo,rajojen,0.033257,porojen,0.000057,0,0
####prat#####,rapprrt,tarpeet,0.028061,portaat,0.000047,0,0
####prkn#####,krpprko,kuopion,0.011025,porukan,0.000109,0,0
####prka#####,papprko,syöpään,0.013152,porukka,0.001478,0,0
####pron#####,rorprro,syöpään,0.026977,porvoon,0.000473,0,0
####ptls#####,pöptols,peltola,0.230076,potilas,0.000029,0,0
####phka#####,pahpkka,puhakka,0.096887,puhakka,0.096887,0,0
####phia#####,pöhphia,hiihdon,0.006060,puheita,0.001208,0,0
####phln#####,pöhpyle,kylpylä,0.066758,puhelin,0.000594,0,0
####phln#####,pöhpyle,kylpylä,0.066758,puhelun,0.000874,0,0
####phlt#####,pöhtylt,polttaa,0.029324,puhelut,0.000255,0,0
####phta#####,phhphja,pihassa,0.021543,puhetta,0.000965,0,0
####phan#####,pahphus,pahasti,0.044417,puhtaan,0.000447,0,0
####phat#####,pahphrt,puhtaat,0.012052,puhtaat,0.012052,0,0
####phas#####,pahppus,pahasti,0.041218,puhtaus,0.004802,0,0
####phme#####,pöhpyme,puhumme,0.097332,puhumme,0.097332,0,0
####phnt#####,pöhpyut,puhtaan,0.012091,puhunut,0.001772,0,0
####phtu#####,pöhphuu,puhuttu,0.075638,puhuttu,0.075638,0,0
####phvt#####,pahpyvt,puhelut,0.023694,puhuvat,0.005816,0,0
####pitn#####,pgppyiö,paperit,0.008446,puiston,0.001287,0,0
####plhi#####,pöhphli,kappeli,0.061782,pulahti,0.003060,0,0
####poen#####,ppepopn,pieleen,0.010540,puoleen,0.000135,0,0
####poio#####,poipoko,leipomo,0.012769,puoliso,0.005473,0,0
####prnn#####,rrpprrn,tarpeen,0.028186,puranen,0.000084,0,0
####prla#####,rapplla,lopulla,0.018039,purolla,0.000583,0,0
####pten#####,peeptun,päästöt,0.005437,putkeen,0.000405,0,0
####ptin#####,peppyii,räppiin,0.007837,putkien,0.000362,0,0
####puta#####,pptpuua,potilas,0.012103,puuttua,0.000465,0,0
####puti#####,pupphki,purolla,0.004135,puuttui,0.002550,0,0
####putu#####,putuuuu,paluuta,0.061553,puuttuu,0.030145,0,0
####prme#####,prmprme,tampere,0.020509,pyrimme,0.001222,0,0
####prty#####,pytpyry,syöpään,0.036946,pyritty,0.000158,0,0
####psyä#####,pyppyyä,kylpylä,0.015505,pystytä,0.013824,0,0
####psyn#####,syppyys,sippola,0.087597,pystyyn,0.000893,0,0
####psnt#####,pgptyut,pisteen,0.022017,pysynyt,0.000739,0,0
####psvä#####,säpäppä,seppälä,0.007456,pysyviä,0.000061,0,0
####psvn#####,sopvvus,sopimus,0.002422,pysyvän,0.000055,0,0
####psvt#####,popvvut,paperit,0.036806,pysyvät,0.003185,0,0
####psvä#####,säpäppä,seppälä,0.007456,pysyvää,0.000047,0,0
####piin#####,pippyin,piiriin,0.018322,päivien,0.000052,0,0
####piiä#####,piäppiä,piiriin,0.045039,päivinä,0.000024,0,0
####piyi#####,pöyppii,harppoi,0.007012,päivyri,0.001486,0,0
####piää#####,pääppiä,päättää,0.040225,päivänä,0.000472,0,0
####piäs#####,pppppps,piirros,0.011094,päiväys,0.004015,0,0
####piän#####,päppyin,palonen,0.004373,päivään,0.000274,0,0
####pläe#####,päppllä,pihalle,0.006557,pälkäne,0.000069,0,0
####prää#####,rääpprä,räppiin,0.015823,pärjätä,0.001240,0,0
####päsa#####,ppsppps,pesonen,0.021435,pääasia,0.000141,0,0
####päma#####,pämpmms,syöpään,0.003370,pääomaa,0.000791,0,0
####pämn#####,päspmäs,näkymät,0.002596,pääoman,0.002013,0,0
####päsn#####,päspääs,päiväys,0.018458,pääosin,0.000120,0,0
####päii#####,pöiippi,poikani,0.010814,pääsisi,0.000394,0,0
####päst#####,pästäöt,pisteet,0.032916,päässyt,0.000197,0,0
####pätä#####,päpääää,pitääkö,0.014159,päästää,0.000338,0,0
####pätt#####,pättäkt,jätteet,0.036252,päästöt,0.001465,0,0
####päti#####,päptpkt,pastori,0.004820,päättyi,0.000574,0,0
####päty#####,päspyyy,päättyy,0.050905,päättyy,0.050905,0,0
####pätä#####,päpääää,pitääkö,0.014159,päättää,0.000222,0,0
####pään#####,pääpääs,päätään,0.124456,päätään,0.124456,0,0
####pyän#####,päypyyn,päivyri,0.059405,pöytään,0.000846,0,0
####rhki#####,rihhkri,rehtori,0.009103,rahaksi,0.008540,0,0
####rhla#####,rahhrla,rahalla,0.009486,rahalla,0.009486,0,0
####rhsa#####,raharss,rahalla,0.011762,rahasta,0.003036,0,0
####rhso#####,rohäoso,rahasto,0.019930,rahasto,0.019930,0,0
####riin#####,riirrin,ruotsin,0.007877,raision,0.000362,0,0
####rjla#####,rajjlla,rajalla,0.008550,rajalla,0.008550,0,0
####rjtu#####,rrjuuju,rajusti,0.059051,rajattu,0.007756,0,0
####rjjn#####,jrjjojn,ohjaaja,0.063586,rajojen,0.014198,0,0
####rjsi#####,krjjori,arjessa,0.014507,rajusti,0.007211,0,0
####rkne#####,keeerke,kastike,0.072981,rakenne,0.001167,0,0
####rkni#####,krhvkii,kaikkia,0.043213,rakensi,0.000007,0,0
####rkas#####,raskrls,rakkaus,0.005737,rakkaus,0.005737,0,0
####rnka#####,rrkarko,risikko,0.028348,rankkaa,0.004973,0,0
####rnkn#####,rrkkrke,sokeria,0.018931,ranskan,0.000190,0,0
####rnan#####,raparan,moderni,0.002783,rantaan,0.000605,0,0
####rnaa#####,raparna,tavaraa,0.029432,rantala,0.001243,0,0
####rosa#####,rosaoso,rehtori,0.032401,raoissa,0.000861,0,0
####rsan#####,rassran,raoissa,0.029292,raskaan,0.004940,0,0
####ruan#####,raöruun,aiheuta,0.007329,rauhaan,0.001678,0,0
####ruaa#####,raorraa,tavaraa,0.012914,rauhala,0.002673,0,0
####rvno#####,rovvrlo,rahasto,0.020463,ravinto,0.008865,0,0
####rato#####,raaarro,rahasto,0.033662,reaktio,0.002072,0,0
####rhoi#####,rrhhori,tohtori,0.044575,rehtori,0.018978,0,0
####rhjn#####,hrhjujs,lahjoja,0.013517,rehujen,0.001446,0,0
####ritä#####,riärrtä,rehtori,0.002777,reittiä,0.001110,0,0
####rnat#####,rapprrt,tavarat,0.006896,renkaat,0.000920,0,0
####rspi#####,srpprri,siirtyi,0.010006,resepti,0.000493,0,0
####ripu#####,rrpprru,räppiin,0.211950,riippuu,0.049312,0,0
####ritä#####,riärrtä,rehtori,0.002777,riittää,0.002719,0,0
####rkas#####,raskrls,rakkaus,0.005737,rikkaus,0.000013,0,0
####rnaa#####,raparna,tavaraa,0.029432,rintala,0.003226,0,0
####rsko#####,rrskrko,risikko,0.135303,risikko,0.135303,0,0
####rseä#####,räeeerä,siirtyä,0.008755,riskejä,0.003633,0,0
####rsin#####,rissrii,sokeria,0.025686,riskien,0.000153,0,0
####rsin#####,rissrii,sokeria,0.025686,ristiin,0.013766,0,0
####rhet#####,hrhhert,vihreät,0.027191,rohkeat,0.010047,0,0
####rhes#####,rehpors,rehtori,0.020884,rohkeus,0.010443,0,0
####rmai#####,mammrri,ymmärrä,0.008459,romaani,0.000051,0,0
####rmna#####,rymurma,ymmärrä,0.003701,romania,0.001673,0,0
####roin#####,roiroin,rehtori,0.047796,rooliin,0.005597,0,0
####rnjn#####,rrjjrrn,rajojen,0.019223,runojen,0.000071,0,0
####rnan#####,raparan,moderni,0.002783,runsaan,0.000145,0,0
####rnat#####,rapprrt,tavarat,0.006896,runsaat,0.003137,0,0
####rosa#####,rosaoso,rehtori,0.032401,ruoasta,0.000777,0,0
####rooa#####,rpotoro,ruohola,0.095612,ruohola,0.095612,0,0
####roan#####,raovoan,runsaan,0.008841,ruokaan,0.002727,0,0
####roaa#####,raotaaa,ruohola,0.005087,ruokala,0.001608,0,0
####rosa#####,rosaoso,rehtori,0.032401,ruotsia,0.000427,0,0
####rosn#####,rosvoss,ruohola,0.015385,ruotsin,0.000167,0,0
####ruin#####,riurrrn,rehtori,0.037510,ruumiin,0.002768,0,0
####rhin#####,hihhrri,rehtori,0.057526,ryhmien,0.000060,0,0
####rhin#####,hihhrri,rehtori,0.057526,ryhmiin,0.044107,0,0
####rhän#####,hrhhään,huhtala,0.021849,ryhmään,0.010202,0,0
####rpin#####,ripprin,räppiin,0.047772,räppiin,0.047772,0,0
####rsin#####,rissrii,sokeria,0.025686,rästien,0.000144,0,0
####rsnn#####,ryesrin,tavaran,0.016481,räsänen,0.000687,0,0
####saan#####,saasaan,saksaan,0.305631,saadaan,0.045240,0,0
####saan#####,saasaan,saksaan,0.305631,saamaan,0.076121,0,0
####saen#####,saesamn,saksala,0.021842,saaneen,0.000514,0,0
####saet#####,saesamt,saksala,0.008854,saaneet,0.000852,0,0
####sann#####,sansaan,saksaan,0.019949,saannin,0.000177,0,0
####saea#####,saeaaaa,saatava,0.003411,saarela,0.000044,0,0
####saaa#####,saaaaaa,saattaa,0.024670,saatava,0.011918,0,0
####sain#####,saisain,saksaan,0.036516,saatiin,0.000085,0,0
####sata#####,satasta,sanasta,0.007269,saattaa,0.000011,0,0
####sati#####,sasssti,salissa,0.022263,saattoi,0.000026,0,0
####saua#####,sausaua,tarttua,0.002665,saatuja,0.000334,0,0
####sfii#####,sifisii,safiiri,0.024944,safiiri,0.024944,0,0
####sian#####,saesiin,suosion,0.023198,saimaan,0.000120,0,0
####sian#####,saesiin,suosion,0.023198,sairaan,0.000083,0,0
####sias#####,saasais,suosion,0.028696,sairaus,0.000635,0,0
####skan#####,sanskan,sanojen,0.032783,saksaan,0.003669,0,0
####skaa#####,saeskaa,hauskaa,0.003263,saksala,0.000712,0,0
####sltt#####,stttltt,satojen,0.153157,salatut,0.000507,0,0
####slsa#####,salasse,salossa,0.034220,salissa,0.007853,0,0
####slea#####,saeasle,sisälle,0.003074,salmela,0.000156,0,0
####slma#####,samumme,simonen,0.011598,salomaa,0.003746,0,0
####slnn#####,sylssln,sopivan,0.008770,salonen,0.001680,0,0
####slsa#####,salasse,salossa,0.034220,salossa,0.034220,0,0
####smla#####,salumme,puhumme,0.015888,samalla,0.000001,0,0
####smle#####,silumme,uskomme,0.007160,samalle,0.002337,0,0
####smla#####,salumme,puhumme,0.015888,samalta,0.000005,0,0
####smsa#####,samumme,puhumme,0.008902,samassa,0.001264,0,0
####smsa#####,samumme,puhumme,0.008902,samasta,0.001257,0,0
####smjn#####,säjsmms,suosion,0.034697,samojen,0.000176,0,0
####snla#####,salusla,solassa,0.005639,sanalla,0.000074,0,0
####snsa#####,sasansa,salossa,0.003522,sanasta,0.000088,0,0
####snai#####,sanisia,salissa,0.292712,sankari,0.000030,0,0
####snjn#####,säjsnjn,sijalle,0.092021,sanojen,0.000204,0,0
####snmt#####,säksmmt,sanomat,0.034876,sanomat,0.034876,0,0
####snna#####,sananna,sinusta,0.015175,sanonta,0.004528,0,0
####snnt#####,sänssöt,sinusta,0.022480,sanonut,0.000639,0,0
####sntu#####,sykusue,sinusta,0.010056,sanottu,0.000028,0,0
####sntn#####,sytssmt,sijasta,0.008970,sanotun,0.000038,0,0
####snvt#####,sänvsvt,säästöt,0.009387,sanovat,0.000511,0,0
####snei#####,sänisie,salissa,0.051945,santeri,0.000045,0,0
####srla#####,srrulla,saralla,0.007254,saralla,0.007254,0,0
####sran#####,sansran,sarjaan,0.010708,sarjaan,0.010708,0,0
####stmn#####,sämsmmn,suosion,0.031763,sataman,0.017750,0,0
####stjn#####,srjstjn,sijalle,0.035728,satojen,0.000203,0,0
####staa#####,saessaa,salissa,0.012193,satsata,0.004905,0,0
####siin#####,sifsiin,viestin,0.014994,seinien,0.000013,0,0
####siän#####,säesiin,suosion,0.009051,seinään,0.000172,0,0
####skia#####,saeskia,sinäkin,0.005386,sekoita,0.000105,0,0
####skoi#####,sädikio,palkkio,0.007398,sektori,0.000033,0,0
####sllä#####,sälällä,selillä,0.094817,selillä,0.094817,0,0
####slts#####,sttssls,satsata,0.059155,selitys,0.000299,0,0
####slen#####,sennlle,sinulle,0.037232,selkeän,0.000123,0,0
####slet#####,säeille,sinulle,0.017299,selkeät,0.000938,0,0
####sleä#####,säeälle,samalle,0.007902,selkeää,0.003126,0,0
####slii#####,sifilii,sisälsi,0.007420,selvisi,0.000261,0,0
####sliä#####,siläliä,selillä,0.003119,selvitä,0.000329,0,0
####sliä#####,siläliä,selillä,0.003119,selviää,0.000251,0,0
####snoi#####,sonisio,salissa,0.056441,seniori,0.003641,0,0
####sntä#####,sykästä,syvästi,0.017222,senttiä,0.000115,0,0
####snän#####,sänssän,suosion,0.047031,sentään,0.000467,0,0
####spää#####,säpspää,säästöä,0.049339,seppälä,0.025390,0,0
####suan#####,suösuun,suosion,0.032681,seuraan,0.000132,0,0
####suai#####,sufisua,salissa,0.009518,seurasi,0.000137,0,0
####suaa#####,suuasaa,sopivaa,0.004079,seurata,0.000447,0,0
####sdtu#####,sydustu,kadulla,0.014906,sidottu,0.000589,0,0
####sirn#####,sirsrin,suosion,0.051202,siirron,0.000622,0,0
####sita#####,sijssta,sinusta,0.002083,siirtoa,0.000248,0,0
####siti#####,sissiii,suuriin,0.006978,siirtyi,0.000641,0,0
####sity#####,sysästy,sisälly,0.022190,siirtyy,0.021565,0,0
####sitä#####,siäästö,sinäkin,0.006830,siirtyä,0.000178,0,0
####sitä#####,siäästö,sinäkin,0.006830,siirtää,0.000406,0,0
####sios#####,ssosois,säännös,0.041810,siivous,0.017004,0,0
####sjia#####,sajssja,sijasta,0.058859,sijaita,0.002835,0,0
####sjla#####,sajusja,sujuvat,0.018615,sijalla,0.001898,0,0
####sjle#####,sijulje,sijalle,0.099036,sijalle,0.099036,0,0
####sjsa#####,sajussa,sijasta,0.346839,sijasta,0.346839,0,0
####skln#####,sänskle,syyskuu,0.007949,sikalan,0.000040,0,0
####skjn#####,säjskjn,jossain,0.015966,sikojen,0.000103,0,0
####slon#####,sonsllo,suvanto,0.005052,silloin,0.003738,0,0
####slin#####,sinslii,suosion,0.016653,silmien,0.000398,0,0
####slin#####,sinslii,suosion,0.016653,silmiin,0.000298,0,0
####slän#####,sälsllä,silloin,0.004902,silmään,0.000892,0,0
####smnn#####,sänsmmn,suosion,0.020465,simonen,0.000211,0,0
####snka#####,sakskka,sikojen,0.005908,sinikka,0.003494,0,0
####snnn#####,synssin,tanssin,0.007268,sininen,0.001363,0,0
####snla#####,salusla,solassa,0.005639,sinulla,0.001048,0,0
####snle#####,sälulle,samalle,0.004369,sinulle,0.003980,0,0
####snsa#####,sasansa,salossa,0.003522,sinusta,0.001320,0,0
####snkn#####,sykskme,saksala,0.063939,sinäkin,0.002556,0,0
####snnä#####,synäsnä,sinusta,0.013738,sinänsä,0.001441,0,0
####spoa#####,sappsdo,seppälä,0.055691,sippola,0.048493,0,0
####spla#####,sapulla,sipulia,0.020599,sipulia,0.020599,0,0
####splt#####,säpsllt,sopivat,0.056773,sipulit,0.032800,0,0
####ssle#####,sälesle,samalle,0.012319,sisälle,0.006831,0,0
####ssly#####,sysäysy,sisälly,0.032979,sisälly,0.032979,0,0
####sslä#####,sälässä,salossa,0.014823,sisällä,0.000283,0,0
####ssli#####,säsissi,salissa,0.015054,sisälsi,0.008274,0,0
####sslä#####,sälässä,salossa,0.014823,sisältä,0.000075,0,0
####sslö#####,sölsssö,salossa,0.013873,sisältö,0.006578,0,0
####ssoi#####,sodisso,sivusto,0.029470,sisäovi,0.000334,0,0
####stvt#####,sätästt,suhteet,0.012258,sitovat,0.007121,0,0
####stkn#####,stkskks,säästöt,0.011043,sitäkin,0.000864,0,0
####suas#####,sufsaus,suosion,0.015732,siunaus,0.002519,0,0
####svnn#####,sänssön,sinäkin,0.011165,sivonen,0.000434,0,0
####svjn#####,säjsjjs,sijalle,0.096383,sivujen,0.001390,0,0
####svla#####,salulla,solujen,0.003792,sivulla,0.000714,0,0
####svle#####,sävulle,sivulle,0.376688,sivulle,0.376688,0,0
####svla#####,salulla,solujen,0.003792,sivulta,0.001057,0,0
####svso#####,sovosso,salossa,0.338202,sivusto,0.026315,0,0
####sdsa#####,sadassa,sodassa,0.029296,sodassa,0.029296,0,0
####sdsa#####,sadassa,sodassa,0.029296,sodasta,0.002639,0,0
####sita#####,sijssta,sinusta,0.002083,soittaa,0.000099,0,0
####skra#####,srräkra,saralla,0.030880,sokeria,0.000289,0,0
####slsa#####,salasse,salossa,0.034220,solassa,0.012131,0,0
####sljn#####,säjslje,sijalle,0.141390,solujen,0.000916,0,0
####smla#####,salumme,puhumme,0.015888,somalia,0.000052,0,0
####spms#####,sässmms,sopimus,0.030153,sopimus,0.030153,0,0
####spnt#####,säpssöt,seppälä,0.058012,sopinut,0.004968,0,0
####spva#####,sapuspa,hapuilu,0.004225,sopivaa,0.000261,0,0
####spvn#####,säpsvus,suosion,0.034725,sopivan,0.000256,0,0
####spvt#####,säpvvvt,sopivat,0.066367,sopivat,0.066367,0,0
####spva#####,sapuspa,hapuilu,0.004225,sopivia,0.000295,0,0
####stao#####,saossta,salossa,0.017658,sotkamo,0.000126,0,0
####svlu#####,syvulue,sivulle,0.048429,sovellu,0.001370,0,0
####svtu#####,sysusue,solujen,0.009693,sovittu,0.000191,0,0
####svtn#####,sänssut,suosion,0.014478,sovitun,0.000132,0,0
####svtt#####,sitästt,satojen,0.043656,sovitut,0.003202,0,0
####srsi#####,srsissi,sveitsi,0.004997,stressi,0.001149,0,0
####shnn#####,hynssän,sopivan,0.006135,suhonen,0.000888,0,0
####shen#####,sennsme,hoitava,0.003087,suhteen,0.000428,0,0
####shet#####,heeösmt,huoneet,0.015955,suhteet,0.012907,0,0
####sjnt#####,säjssjt,suosion,0.005238,sujunut,0.002185,0,0
####sjvt#####,säjvsjt,suhteet,0.003608,sujuvat,0.003250,0,0
####smei#####,säsimme,etsimme,0.010781,summeri,0.000182,0,0
####soaa#####,saaaoaa,sopivaa,0.003667,suojata,0.001128,0,0
####soau#####,sausous,suuruus,0.003867,suokatu,0.000166,0,0
####soen#####,ssesoen,silloin,0.017171,suomeen,0.000468,0,0
####soan#####,sansoan,katsoen,0.049795,suoraan,0.000341,0,0
####soin#####,soisoin,toiseen,0.010212,suosion,0.005003,0,0
####ssna#####,sansssa,sinusta,0.023898,susanna,0.000276,0,0
####sunn#####,sunsuun,suosion,0.036077,suunnan,0.000354,0,0
####suta#####,sutusta,sinusta,0.011060,suuntaa,0.000734,0,0
####suen#####,sueneus,siunaus,0.005479,suureen,0.000116,0,0
####suea#####,ssessme,soittaa,0.003241,suurena,0.000963,0,0
####suin#####,suusuun,suosion,0.054187,suuriin,0.000299,0,0
####sutn#####,sutsuut,suosion,0.050624,suurten,0.000113,0,0
####suus#####,sussuus,suuruus,0.047889,suuruus,0.047889,0,0
####suai#####,sufisua,salissa,0.009518,suutari,0.000600,0,0
####svno#####,synosfo,salossa,0.103588,suvanto,0.000236,0,0
####seti#####,stsistt,salissa,0.067419,sveitsi,0.000902,0,0
####sdmn#####,fydsmms,sydämen,0.031647,sydämen,0.031647,0,0
####sdnä#####,sydäsdä,ykkösen,0.002028,sydäntä,0.000141,0,0
####skyä#####,syöskkä,syyskuu,0.038573,syksynä,0.003052,0,0
####skyn#####,synskus,syyskuu,0.107939,syksyyn,0.008147,0,0
####snyä#####,syösyyä,syksynä,0.040482,syntyvä,0.006766,0,0
####snyn#####,synsyyn,syyskuu,0.019895,syntyyn,0.000353,0,0
####srää#####,säääsää,sisällä,0.015963,syrjälä,0.000889,0,0
####svle#####,sävulle,sivulle,0.376688,syvälle,0.076034,0,0
####svsi#####,säsiksi,sisälsi,0.015976,syvästi,0.000083,0,0
####syku#####,sysukks,porukka,0.001664,syyskuu,0.001246,0,0
####sytä#####,sytästä,syvästi,0.018397,syyttää,0.001744,0,0
####söän#####,säössön,yleisön,0.030857,syödään,0.003607,0,0
####söän#####,säössön,yleisön,0.030857,syömään,0.006013,0,0
####söän#####,säössön,yleisön,0.030857,syöpään,0.001612,0,0
####sötä#####,säöäsöö,sisältö,0.238140,syöttää,0.006198,0,0
####söin#####,söössön,yleisön,0.022049,syöviin,0.002146,0,0
####siin#####,sifsiin,viestin,0.014994,säiliön,0.000037,0,0
####säns#####,sässsös,suosion,0.037730,säännös,0.014063,0,0
####sänt#####,sänssät,suosion,0.026828,säännöt,0.000090,0,0
####säty#####,sässsyy,säästyy,0.182418,säästyy,0.182418,0,0
####sätä#####,säääsää,säästää,0.020032,säästää,0.020032,0,0
####sätt#####,sätsstt,satsata,0.091765,säästöt,0.055060,0,0
####sätä#####,säääsää,säästää,0.020032,säästöä,0.006206,0,0
####säin#####,sääsäön,säästää,0.083889,säätiön,0.000750,0,0
####thna#####,hahtnva,huhtala,0.081978,tahansa,0.000242,0,0
####thjn#####,hhhtojt,johtaja,0.043823,tahojen,0.000428,0,0
####thla#####,hahtola,huhtala,0.069668,taholta,0.000066,0,0
####thin#####,hehtyii,huhtala,0.040519,tahtiin,0.023121,0,0
####tiia#####,tiettia,ruotsia,0.009252,taikina,0.000005,0,0
####tiae#####,taetiia,koetaan,0.012591,taipale,0.000009,0,0
####tiaa#####,taatiia,ruotsia,0.017431,taitava,0.000024,0,0
####tien#####,tietiin,haetaan,0.008473,taiteen,0.000099,0,0
####tioa#####,tbetoia,nastola,0.002177,taitoja,0.000549,0,0
####tian#####,bantiin,ruotsin,0.002025,taivaan,0.000005,0,0
####tjsn#####,kattojn,työtään,0.002780,tajusin,0.000029,0,0
####tljn#####,lajtojn,työtään,0.002415,talojen,0.000005,0,0
####tlla#####,laltlla,lopulla,0.001770,talolla,0.000461,0,0
####tlsa#####,talttla,aaltola,0.009616,talossa,0.000005,0,0
####tlsa#####,talttla,aaltola,0.009616,talosta,0.000022,0,0
####tlen#####,tantlle,vastine,0.003869,talteen,0.000210,0,0
####tlea#####,taltlla,anttila,0.001544,talvena,0.000006,0,0
####tmea#####,tamtmme,tasolle,0.008992,tammela,0.000499,0,0
####tmee#####,tieeeme,tampere,0.004921,tampere,0.004921,0,0
####tnkn#####,kyntkke,yksiköt,0.002676,tanskan,0.000825,0,0
####tnsa#####,tantnsa,tarinaa,0.009090,tanssia,0.000214,0,0
####tnsi#####,tontnsi,vaatisi,0.002760,tanssii,0.000794,0,0
####tnsn#####,nastnue,ykkönen,0.000865,tanssin,0.000025,0,0
####tnst#####,tottnöt,kattava,0.010287,tanssit,0.000010,0,0
####tpaa#####,tapttaa,paperia,0.008802,tapaama,0.001374,0,0
####tphu#####,pahttuu,puhuttu,0.027455,tapahdu,0.000096,0,0
####tpsn#####,papttus,jätteet,0.002690,tapasin,0.000392,0,0
####tpoa#####,taptora,tietoja,0.005961,tapiola,0.000229,0,0
####tpnn#####,tapptun,loppuun,0.005991,taponen,0.000074,0,0
####trna#####,tartrra,imatran,0.005220,tarinaa,0.000045,0,0
####trnn#####,trvtrrn,tavaran,0.006137,tarinan,0.000124,0,0
####trnt#####,trttrrt,kattava,0.011019,tarinat,0.000008,0,0
####troa#####,trrtora,tietoja,0.004275,tarjoaa,0.000583,0,0
####troi#####,trotori,pastori,0.039433,tarjosi,0.001155,0,0
####troa#####,trrtora,tietoja,0.004275,tarjota,0.000551,0,0
####tros#####,trstors,tohtori,0.012224,tarjous,0.002347,0,0
####trka#####,krttrka,vitikka,0.017730,tarkkaa,0.000112,0,0
####tron#####,trntorn,muutoin,0.013053,tarkoin,0.000189,0,0
####tren#####,tretrrn,työtään,0.002564,tarpeen,0.000014,0,0
####tret#####,trttort,jätteet,0.005227,tarpeet,0.000086,0,0
####trta#####,trtarra,tavaraa,0.022755,tarttua,0.000468,0,0
####trti#####,trttrri,artturi,0.125217,tarttui,0.000619,0,0
####trtu#####,trturru,totuttu,0.079378,tarttuu,0.000687,0,0
####tria#####,trraria,työuria,0.018993,tarvita,0.000050,0,0
####tsla#####,taltlla,peltola,0.011191,tasalla,0.000011,0,0
####tsma#####,samamma,samojen,0.045239,tasamaa,0.000428,0,0
####tsla#####,taltlla,peltola,0.011191,tasolla,0.000026,0,0
####tsle#####,toltlle,sisälle,0.004906,tasolle,0.000448,0,0
####tssa#####,sattssa,salossa,0.003461,tasosta,0.000016,0,0
####tuta#####,tutauva,tuttuja,0.006351,taustaa,0.000111,0,0
####tuin#####,tuötuun,tuttuun,0.004018,tautien,0.000122,0,0
####tvki#####,kivtkki,muutkin,0.009064,tavaksi,0.000274,0,0
####tvla#####,taltlla,aaltola,0.017991,tavalla,0.000145,0,0
####tvra#####,tartrva,tarttua,0.015641,tavaraa,0.000106,0,0
####tvrn#####,tartrrt,varteen,0.003999,tavaran,0.000034,0,0
####tvrt#####,trrtort,valtiot,0.012588,tavarat,0.000722,0,0
####tvie#####,tivteve,tuville,0.060338,tavoite,0.024337,0,0
####tean#####,taettan,haetaan,0.014808,teemaan,0.000027,0,0
####teaa#####,taettaa,saattaa,0.007794,teemana,0.000033,0,0
####teoa#####,taettra,teettää,0.012551,teemoja,0.000452,0,0
####tetä#####,tätttvä,teettää,0.034923,teettää,0.034923,0,0
####thän#####,hähttät,huhtala,0.077157,tehdään,0.000047,0,0
####thet#####,tehtort,tehtaat,0.045153,tehneet,0.001401,0,0
####thks#####,hehtkvs,muutkin,0.010227,tehokas,0.003030,0,0
####than#####,hahttun,tahtiin,0.048493,tehtaan,0.000989,0,0
####that#####,hahtovt,tehtaat,0.028710,tehtaat,0.028710,0,0
####thin#####,hehtyii,huhtala,0.040519,tehtiin,0.003406,0,0
####thyä#####,hyhttyä,täyttyy,0.003860,tehtyjä,0.000028,0,0
####thyn#####,hyhtyyt,hyötyjä,0.039011,tehtyyn,0.004497,0,0
####thää#####,hähttvä,heittää,0.006115,tehtävä,0.000731,0,0
####tkmä#####,kämtkkä,tämäkin,0.063161,tekemiä,0.000004,0,0
####tkmn#####,kamtkkn,kiittää,0.005473,tekemän,0.000058,0,0
####tkmt#####,kbttkkt,kattava,0.151938,tekemät,0.000005,0,0
####tkmä#####,kämtkkä,tämäkin,0.063161,tekemää,0.000003,0,0
####tkvn#####,kantkvn,kantava,0.148179,tekevän,0.000002,0,0
####tkvt#####,kavtkvt,kantava,0.030263,tekevät,0.000008,0,0
####tkjn#####,kavtojn,kantola,0.034098,tekijän,0.000004,0,0
####tkjt#####,kättojt,kertoja,0.020440,tekijät,0.000006,0,0
####tkjä#####,kävtkjä,kantaja,0.104623,tekijää,0.000008,0,0
####tkvt#####,kavtkvt,kantava,0.030263,tekivät,0.000008,0,0
####tktn#####,kattkkn,kattava,0.065729,tekstin,0.000001,0,0
####tktt#####,ktttkkt,kattava,0.164663,tekstit,0.000003,0,0
####tktä#####,kättkkä,sitäkin,0.004330,tekstiä,0.000018,0,0
####tosn#####,tottosn,muutoin,0.003891,teoksen,0.000003,0,0
####tost#####,tittovt,kattoon,0.042533,teokset,0.000019,0,0
####tosa#####,tastosa,nastola,0.002281,teoksia,0.000010,0,0
####toia#####,tiettia,korttia,0.008452,teoriaa,0.000002,0,0
####toin#####,toitoin,vastoin,0.012148,teorian,0.000003,0,0
####totn#####,tottoon,tuottaa,0.008306,teosten,0.000189,0,0
####trsi#####,trttrri,artturi,0.142817,terassi,0.000052,0,0
####trle#####,trttrle,lotalle,0.005580,terille,0.000182,0,0
####tren#####,tretrrn,työtään,0.002564,terveen,0.000017,0,0
####tres#####,trttore,työtään,0.002300,terveys,0.000189,0,0
####trsä#####,trttrrä,liittyä,0.002587,terästä,0.000216,0,0
####tsaa#####,saatsaa,saattaa,0.004266,testata,0.000022,0,0
####tsas#####,sasttss,baltian,0.002238,testaus,0.000048,0,0
####tama#####,gamamma,samalla,0.021889,thaimaa,0.000004,0,0
####tann#####,tantaan,rantaan,0.002125,tiainen,0.000007,0,0
####tasa#####,tasaasa,tasalla,0.006444,tiaisia,0.000002,0,0
####teeä#####,täeteeä,tieteen,0.010717,tiedetä,0.002782,0,0
####teoe#####,ttetoee,tieteen,0.015604,tiedote,0.001420,0,0
####tent#####,tetteet,työtään,0.016847,tiennyt,0.000100,0,0
####teen#####,teeteen,tieteen,0.121576,tieteen,0.121576,0,0
####teoa#####,taettra,teettää,0.012551,tietoja,0.006320,0,0
####teon#####,tgetoen,tietoon,0.002977,tietoon,0.002977,0,0
####tetä#####,tätttvä,teettää,0.034923,tiettyä,0.012562,0,0
####teyn#####,tyetyyn,tietyin,0.028460,tietyin,0.028460,0,0
####titi#####,tittiii,tarttui,0.006507,tiistai,0.000132,0,0
####tlaa#####,taltlla,rantala,0.005050,tilaaja,0.000000,0,0
####tlla#####,laltlla,lopulla,0.001770,tilalla,0.000437,0,0
####tlle#####,loltlle,itselle,0.007031,tilalle,0.001614,0,0
####tlla#####,laltlla,lopulla,0.001770,tilalta,0.000004,0,0
####tlne#####,tantlle,sisälle,0.003679,tilanne,0.000024,0,0
####tlsa#####,talttla,aaltola,0.009616,tilassa,0.000005,0,0
####tlsa#####,talttla,aaltola,0.009616,tilasta,0.000008,0,0
####tlle#####,loltlle,itselle,0.007031,tilille,0.000192,0,0
####tljn#####,lajtojn,työtään,0.002415,tilojen,0.000016,0,0
####tmnn#####,tyntmmn,tekemän,0.045931,timonen,0.000018,0,0
####tuka#####,kutukka,vitikka,0.070893,tiukkaa,0.000056,0,0
####tdki#####,krttkii,sitäkin,0.023129,todeksi,0.000107,0,0
####tdla#####,taltdda,trendit,0.001363,todella,0.000366,0,0
####tdtu#####,trtudtu,tutustu,0.046748,todettu,0.000519,0,0
####tdse#####,tretdde,lotalle,0.003088,todiste,0.001020,0,0
####thoi#####,thhtori,tohtori,0.577485,tohtori,0.577485,0,1
####tiaa#####,taatiia,ruotsia,0.017431,toijala,0.000005,0,0
####tien#####,tietiin,haetaan,0.008473,toimeen,0.000003,0,0
####tiin#####,tiitiin,ristiin,0.005483,toimien,0.000000,0,0
####tiin#####,tiitiin,ristiin,0.005483,toimiin,0.000124,0,0
####tiia#####,tiettia,ruotsia,0.009252,toimija,0.000002,0,0
####tiii#####,tiittii,miettii,0.050673,toimisi,0.000074,0,0
####tiia#####,tiettia,ruotsia,0.009252,toimita,0.000003,0,0
####tiia#####,tiettia,ruotsia,0.009252,toimiva,0.000004,0,0
####tien#####,tietiin,haetaan,0.008473,toiseen,0.000006,0,0
####tiea#####,taetiia,opettaa,0.010539,toisena,0.000011,0,0
####tiin#####,tiitiin,ristiin,0.005483,toisiin,0.000045,0,0
####tita#####,tittiia,tuttuja,0.009098,toistaa,0.000036,0,0
####titn#####,tittiin,kattava,0.012211,toisten,0.000011,0,0
####tiet#####,ttetiit,tuetaan,0.007510,toiveet,0.000031,0,0
####tiin#####,tiitiin,ristiin,0.005483,toivion,0.000003,0,0
####tioa#####,tbetoia,nastola,0.002177,toivola,0.000060,0,0
####tlnn#####,lalttln,valtion,0.001909,tolonen,0.000010,0,0
####tmia#####,timamii,thaimaa,0.001722,tommila,0.000195,0,0
####trla#####,trrtrla,anttila,0.002783,torilla,0.000056,0,0
####trle#####,trttrle,lotalle,0.005580,torille,0.000170,0,0
####trin#####,trrtrin,korttia,0.004036,tornion,0.000014,0,0
####trti#####,trttrri,artturi,0.125217,torstai,0.000136,0,0
####tsan#####,santsan,santeri,0.014425,tosiaan,0.000000,0,0
####ttsn#####,tatttsn,tuottoa,0.003782,totesin,0.000015,0,0
####ttuu#####,tuuttuu,tarttuu,0.111239,toteudu,0.000172,0,0
####tttu#####,tittttu,tarttuu,0.066159,totuttu,0.005011,0,0
####tedt#####,trttddt,jätteet,0.029338,trendit,0.001628,0,0
####tean#####,taettan,haetaan,0.014808,tuetaan,0.000982,0,0
####thta#####,hhhttva,huhtala,0.012008,tuhatta,0.004607,0,0
####thuu#####,huuttuu,muuttuu,0.031870,tuhoutu,0.000099,0,0
####tknt#####,kättkkt,kattava,0.084845,tukenut,0.000001,0,0
####tksn#####,kattkks,kattava,0.005888,tukesin,0.000001,0,0
####tkvn#####,kantkvn,kantava,0.148179,tukevan,0.000001,0,0
####tkvt#####,kavtkvt,kantava,0.030263,tukevat,0.000003,0,0
####tkva#####,kavtkva,vaativa,0.012368,tukevia,0.000003,0,0
####tleo#####,teetole,elokolo,0.010394,tuleeko,0.000159,0,0
####tlme#####,lamelme,ilmenee,0.025804,tulemme,0.003777,0,0
####tlva#####,lalttva,vaativa,0.004010,tulevaa,0.000031,0,0
####tlvn#####,lalttve,liittyy,0.004340,tulevan,0.000011,0,0
####tlvt#####,laltlvt,luotava,0.011824,tulevat,0.000028,0,0
####tlva#####,lalttva,vaativa,0.004010,tulevia,0.000012,0,0
####tlkn#####,laltkko,ovatkin,0.002478,tulikin,0.000039,0,0
####tltö#####,tatttlö,keittiö,0.017529,tulityö,0.002851,0,0
####tlvt#####,laltlvt,luotava,0.011824,tulivat,0.000013,0,0
####tlia#####,talttla,tarttua,0.001698,tulkita,0.000021,0,0
####tlan#####,tantlln,talteen,0.004262,tullaan,0.000001,0,0
####tlen#####,tantlle,vastine,0.003869,tulleen,0.000002,0,0
####tlet#####,tattlle,hattula,0.006736,tulleet,0.000006,0,0
####tljn#####,lajtojn,työtään,0.002415,tulojen,0.000012,0,0
####tlnn#####,lalttln,valtion,0.001909,tulonen,0.000005,0,0
####tlsa#####,talttla,aaltola,0.009616,tulossa,0.000005,0,0
####tlsa#####,talttla,aaltola,0.009616,tulosta,0.000008,0,0
####tnea#####,tantnna,tanssia,0.002859,tunneta,0.000229,0,0
####tnen#####,tantnee,tänäkin,0.002004,tunteen,0.000662,0,0
####tnet#####,tänteut,tunteet,0.016753,tunteet,0.016753,0,0
####tnea#####,tantnna,tanssia,0.002859,tunteja,0.000581,0,0
####tnin#####,tintnin,trendit,0.008439,tuntien,0.000276,0,0
####toan#####,tantoon,vastoin,0.002575,tuodaan,0.000003,0,0
####tosu#####,tosttus,kosteus,0.003266,tuoksuu,0.000006,0,0
####toan#####,tantoon,vastoin,0.002575,tuomaan,0.000001,0,0
####toai#####,taittri,taitoja,0.005989,tuomari,0.000009,0,0
####toin#####,toitoin,vastoin,0.012148,tuomion,0.000001,0,0
####toet#####,ttetort,tietoja,0.111555,tuoneet,0.000080,0,0
####tonn#####,tantoon,muutoin,0.004799,tuonnin,0.000004,0,0
####toen#####,tbetoen,tietoon,0.018486,tuoreen,0.000003,0,0
####toet#####,ttetort,tietoja,0.111555,tuoreet,0.000031,0,0
####toen#####,tbetoen,tietoon,0.018486,tuorein,0.000002,0,0
####toin#####,toitoin,vastoin,0.012148,tuotiin,0.000145,0,0
####tota#####,tatttva,tarttua,0.015385,tuottaa,0.003996,0,0
####tota#####,tatttva,tarttua,0.015385,tuottoa,0.013856,0,0
####tran#####,tartran,baltian,0.003217,turhaan,0.000001,0,0
####trun#####,tyrtrun,imatran,0.005955,turkuun,0.000068,0,0
####trnn#####,trvtrrn,tavaran,0.006137,turunen,0.000012,0,0
####trsa#####,trttrra,imatran,0.003372,turussa,0.000021,0,0
####trsa#####,trttrra,imatran,0.003372,turusta,0.000017,0,0
####traa#####,tartrra,tavaraa,0.004719,turvata,0.000001,0,0
####ttia#####,tiettia,korttia,0.007992,tutkija,0.000004,0,0
####ttua#####,tavttua,tarttua,0.155779,tuttuja,0.000125,0,0
####ttun#####,tanttun,tarttui,0.013578,tuttuun,0.003905,0,0
####ttki#####,tittkki,tuottoa,0.005832,tutuksi,0.000333,0,0
####ttsu#####,tostttu,totuttu,0.001371,tutustu,0.000041,0,0
####tuua#####,tuutuuu,tuttuun,0.007189,tuusula,0.000013,0,0
####tvle#####,tovtlle,sivulle,0.036098,tuville,0.005584,0,0
####tkän#####,käntkkn,kiittää,0.007645,tykkään,0.000004,0,0
####ttöä#####,täöttöä,täyttää,0.011784,tyttöjä,0.000547,0,0
####tyin#####,työtyin,tietyin,0.088458,tyyliin,0.000138,0,0
####tytn#####,tyttyyn,tietyin,0.027260,tyystin,0.000165,0,0
####töia#####,taaatia,korttia,0.006118,työaika,0.000025,0,0
####töjn#####,jgötöjn,hyötyjä,0.029406,työajan,0.000161,0,0
####tösa#####,tasttöa,tarttua,0.002534,työasua,0.000028,0,0
####töau#####,baöttua,tarttua,0.001583,työkalu,0.000008,0,0
####töyy#####,yyöttyy,syöttää,0.046952,työkyky,0.000772,0,0
####tötä#####,täöätöö,lähtöön,0.005284,työntää,0.000523,0,0
####töaa#####,taattaa,saattaa,0.036308,työpaja,0.000018,0,0
####tötä#####,täöätöö,lähtöön,0.005284,työstää,0.000216,0,0
####töän#####,bäötöön,lähtöön,0.042301,työtään,0.016072,0,0
####törn#####,rrötrön,imatran,0.011267,työuran,0.001124,0,0
####töra#####,raötrra,numeroa,0.007016,työuria,0.003075,0,0
####töän#####,bäötöön,lähtöön,0.042301,työväen,0.000068,0,0
####thin#####,hehtyii,huhtala,0.040519,tähtien,0.005321,0,0
####tlön#####,föötlön,työtään,0.001265,tällöin,0.000046,0,0
####tmkn#####,kyntkke,yksiköt,0.003055,tämäkin,0.000812,0,0
####tnkn#####,kyntkke,yksiköt,0.002676,tänäkin,0.000406,0,0
####tren#####,tretrrn,työtään,0.002564,tärkein,0.000018,0,0
####tres#####,trttore,työtään,0.002300,tärkeys,0.000171,0,0
####tren#####,tretrrn,työtään,0.002564,tärkeän,0.000027,0,0
####tret#####,trttort,jätteet,0.005227,tärkeät,0.000239,0,0
####treä#####,tretrrä,tiettyä,0.002808,tärkeää,0.000416,0,0
####tyen#####,tyetyen,tietyin,0.049435,täyteen,0.000141,0,0
####tyti#####,tyttyyi,tarttui,0.024682,täyttyi,0.005884,0,0
####tyty#####,tytytyy,täyttyy,0.076887,täyttyy,0.076887,0,0
####tytä#####,tytätyä,tyttöjä,0.009533,täyttää,0.000338,0,0
####umaa#####,uauumma,muutama,0.012301,uhmaava,0.000116,0,0
####uknn#####,unuukun,porukan,0.038307,ukkonen,0.000531,0,0
####ussa#####,ussussa,minussa,0.035905,uksessa,0.007323,0,0
####ukau#####,ukuukua,paluuta,0.007631,ulkoasu,0.000033,0,0
####uotu#####,utuuuuu,vakuutu,0.044190,ulottuu,0.000446,0,0
####uiki#####,uksikki,uniikki,0.060098,uniikki,0.060098,0,0
####uinn#####,unuuuin,useiden,0.003166,unionin,0.001066,0,0
####ukrn#####,urvukkn,urakoin,0.016129,unkarin,0.000308,0,0
####uota#####,upuuuva,paluuta,0.009849,unohtaa,0.000113,0,0
####uotu#####,utuuuuu,vakuutu,0.044190,unohtuu,0.000482,0,0
####uaon#####,auouuun,aiheuta,0.004552,urakoin,0.000135,0,0
####uhiu#####,uhhukuu,puhunut,0.012702,urheilu,0.010534,0,0
####uemi#####,uvmimmi,uskomme,0.009681,useampi,0.008506,0,0
####uesa#####,ussuapa,uksessa,0.007664,useassa,0.002316,0,0
####uesi#####,ussiepi,uusiksi,0.141799,useasti,0.000100,0,0
####uedn#####,unduddn,useiden,0.068250,useiden,0.068250,0,0
####uela#####,upuulla,lopulla,0.010692,useilla,0.000937,0,0
####uesa#####,ussuapa,uksessa,0.007664,useissa,0.000736,0,0
####uesa#####,ussuapa,uksessa,0.007664,useista,0.000959,0,0
####ukla#####,ukvukla,annukka,0.009349,uskalla,0.000228,0,0
####ukme#####,ukuumme,puhumme,0.119559,uskomme,0.116036,0,0
####ukno#####,unkokko,uniikki,0.022521,uskonto,0.001726,0,0
####uknt#####,unuukkt,yksiköt,0.040365,uskonut,0.000960,0,0
####uktu#####,ukuukku,porukka,0.023933,uskottu,0.000347,0,0
####uktn#####,ukuukkt,yksiköt,0.034632,uskotun,0.000008,0,0
####ukvt#####,vvvuvvt,osuudet,0.011639,uskovat,0.000098,0,0
####udki#####,urdukki,uudeksi,0.027192,uudeksi,0.027192,0,0
####udla#####,drduuda,kadulla,0.374010,uudella,0.002717,0,0
####udle#####,urdulde,kadulla,0.234529,uudelle,0.027410,0,0
####udsa#####,uddudda,kadulla,0.105504,uudessa,0.000716,0,0
####udsa#####,uddudda,kadulla,0.105504,uudesta,0.001464,0,0
####unsa#####,usuunua,perunaa,0.058545,uunissa,0.000069,0,0
####uski#####,ussikki,uusiksi,0.270262,uusiksi,0.270262,0,0
####usla#####,ussulla,sipulia,0.009448,uusilla,0.000371,0,0
####usle#####,usvulle,minulle,0.043209,uusille,0.001952,0,0
####usma#####,usmumma,kemusta,0.031501,uusimaa,0.002277,0,0
####usna#####,usuunua,perunaa,0.026885,uusinta,0.001282,0,0
####ussa#####,ussussa,minussa,0.035905,uusissa,0.002177,0,0
####ussa#####,ussussa,minussa,0.035905,uusista,0.000019,0,0
####ustu#####,usuuutu,perustu,0.021999,uusittu,0.002828,0,0
####utnn#####,untutun,useiden,0.003638,uutinen,0.002751,0,0
####utst#####,ustuttt,katujen,0.008453,uutiset,0.004233,0,0
####utsa#####,ustutta,perusta,0.002891,uutisia,0.000324,0,0
####vaea#####,vaeaava,vapaata,0.004842,vaaleja,0.000087,0,0
####vain#####,vaivain,voitava,0.038267,vaalien,0.000137,0,0
####vapa#####,vapavpa,vapaita,0.022561,vaappua,0.000721,0,0
####vaaa#####,vaaaaaa,vakavaa,0.015999,vaarana,0.000588,0,0
####vaii#####,viiivri,viiteen,0.002832,vaatisi,0.000109,0,0
####vaia#####,vaiavia,vakavia,0.016097,vaativa,0.000205,0,0
####vhno#####,vyhhyvo,vahvoja,0.026889,vahinko,0.011403,0,0
####vhaa#####,vahhvva,vauhtia,0.012930,vahvana,0.000766,0,0
####vhoa#####,vahhovo,vihdoin,0.031563,vahvoja,0.027824,0,0
####vhus#####,vbhvvus,vahvuus,0.258196,vahvuus,0.258196,0,0
####vidn#####,vidvddn,vaihdon,0.080367,vaihdon,0.080367,0,0
####vien#####,vievvin,olevaan,0.013903,vaiheen,0.000053,0,0
####viet#####,vievevt,viettää,0.014572,vaiheet,0.000160,0,0
####vita#####,vitviva,vaativa,0.002988,vaihtaa,0.000312,0,0
####vita#####,vitviva,vaativa,0.002988,vaihtoa,0.000653,0,0
####viti#####,vihiivi,vietiin,0.017463,vaihtoi,0.000055,0,0
####viti#####,vihiivi,vietiin,0.017463,vaihtui,0.000038,0,0
####vitu#####,vivviku,vaihtuu,0.016727,vaihtuu,0.016727,0,0
####viea#####,vievvva,voitava,0.005769,vaikeaa,0.000178,0,0
####vien#####,vievvin,olevaan,0.013903,vaikean,0.000096,0,0
####vies#####,vieveps,vesillä,0.013454,vaikeus,0.000111,0,0
####viki#####,visiiki,vitikka,0.013620,vaikkei,0.000051,0,0
####viua#####,vivviia,vahvana,0.013810,vaikuta,0.000312,0,0
####vioi#####,viivivo,vaativa,0.093500,vaimoni,0.000178,0,0
####vkva#####,vavavva,kuvaava,0.029751,vakavaa,0.003489,0,0
####vkvn#####,vanvvvo,valvoja,0.012053,vakavan,0.003984,0,0
####vkva#####,vavavva,kuvaava,0.029751,vakavia,0.021128,0,0
####vkoa#####,vavkkka,verkkoo,0.006605,vakiona,0.001485,0,0
####vkuu#####,vyvvkuu,kesäkuu,0.011002,vakuutu,0.001010,0,0
####vlna#####,valvlna,väärään,0.003681,valinta,0.001112,0,0
####vlte#####,vävelte,välille,0.036385,valitse,0.011866,0,0
####vlti#####,valilki,valittu,0.034297,valitsi,0.007497,0,0
####vltu#####,valultu,valittu,0.054948,valittu,0.054948,0,0
####vltn#####,valilut,välttää,0.021317,valitun,0.000678,0,0
####vlts#####,valslut,välttää,0.010889,valitus,0.000387,0,0
####vltt#####,valtltt,välttää,0.013825,valitut,0.000645,0,0
####vlaa#####,valalla,varalla,0.004531,valkama,0.000682,0,0
####vlin#####,vilvlin,väärään,0.007517,valmiin,0.000592,0,0
####vlit#####,välvivt,väärään,0.007169,valmiit,0.000715,0,0
####vlis#####,väsills,vesillä,0.030603,valmius,0.000278,0,0
####vlia#####,vavalia,varalla,0.003249,valoisa,0.000616,0,0
####vlsa#####,valvlsa,valossa,0.010154,valossa,0.010154,0,0
####vlaa#####,valalla,varalla,0.004531,valtava,0.000361,0,0
####vlin#####,vilvlin,väärään,0.007517,valtion,0.000568,0,0
####vlit#####,välvivt,väärään,0.007169,valtiot,0.000430,0,0
####vloa#####,vaovolo,voisiko,0.011205,valvoja,0.002128,0,0
####vmaa#####,vamamma,valkama,0.032214,vammala,0.000738,0,0
####vnan#####,vanvvnn,vakavan,0.011849,vanhaan,0.000472,0,0
####vnaa#####,vavavna,vakavaa,0.008191,vanhala,0.000374,0,0
####vnoa#####,vovvvvo,väärään,0.007016,vanhoja,0.000665,0,0
####vnin#####,vivivin,väärään,0.005543,vankien,0.000901,0,0
####vnan#####,vanvvnn,vakavan,0.011849,vantaan,0.001770,0,0
####vpaa#####,vappvaa,vakavaa,0.011979,vapaana,0.000562,0,0
####vpaa#####,vappvaa,vakavaa,0.011979,vapaata,0.000201,0,0
####vpia#####,vappvia,vakavia,0.059432,vapaita,0.000147,0,0
####vrla#####,vavvlla,varalla,0.026805,varalla,0.026805,0,0
####vrle#####,vrvvlle,varalle,0.063494,varalle,0.063494,0,0
####vrla#####,vavvlla,varalla,0.026805,varalta,0.000076,0,0
####vrsa#####,vrvarra,väärään,0.004814,varassa,0.000544,0,0
####vrso#####,srvvrro,kalervo,0.014971,varasto,0.000735,0,0
####vrtu#####,vrvurru,vaihtuu,0.007403,varattu,0.001057,0,0
####vran#####,vavvran,vuokrat,0.004228,varhain,0.000438,0,0
####vrey#####,vrvvrry,viihtyy,0.008745,variety,0.002186,0,0
####vron#####,vrvvrro,vuokraa,0.012217,varjoon,0.003437,0,0
####vras#####,vasvrus,väärään,0.004697,varkaus,0.000969,0,0
####vran#####,vavvran,vuokrat,0.004228,varmaan,0.001450,0,0
####vroa#####,vrvvrro,vuokraa,0.014144,varmoja,0.000813,0,0
####vrjn#####,vrvvrrn,orivesi,0.000607,varojen,0.000088,0,0
####vren#####,vrvvrrn,väestön,0.004630,varteen,0.000172,0,0
####vsan#####,vanvsun,väärään,0.005750,vastaan,0.000459,0,0
####vsai#####,vasispi,vesillä,0.008866,vastasi,0.000204,0,0
####vsaa#####,vavasaa,virasta,0.035491,vastata,0.000058,0,0
####vsas#####,vasssus,vesillä,0.035117,vastaus,0.016544,0,0
####vsie#####,vivvvpe,hyvönen,0.003872,vastine,0.000734,0,0
####vson#####,vonvouo,väärään,0.002450,vastoin,0.000591,0,0
####vsun#####,syvvsus,vaappua,0.007648,vastuun,0.000949,0,0
####vsut#####,vysvsut,vastuut,0.026028,vastuut,0.026028,0,0
####vuta#####,vutauva,voitava,0.006258,vauhtia,0.000843,0,0
####vdlä#####,vädäldä,vedellä,0.022797,vedellä,0.022797,0,0
####vdsä#####,väsässä,vastaan,0.012409,vedessä,0.003721,0,0
####vdsä#####,väsässä,vastaan,0.012409,vedestä,0.003064,0,0
####vloa#####,vaovolo,voisiko,0.011205,velkoja,0.002098,0,0
####vnjn#####,väsvvjn,väärään,0.006631,venäjän,0.000699,0,0
####vnjä#####,vähvvjä,vahvoja,0.093782,venäjää,0.001270,0,0
####vrko#####,vrkorko,arkisto,0.018801,verkkoo,0.004804,0,0
####vrjn#####,vrvvrrn,orivesi,0.000607,verojen,0.000187,0,0
####vrts#####,vrssrut,vuokrat,0.062467,verotus,0.000360,0,0
####vraa#####,vavaraa,vuokraa,0.024648,verrata,0.000356,0,0
####vrin#####,vrvvrin,vuosiin,0.018206,version,0.000285,0,0
####vslä#####,vävällä,venäjää,0.023939,vesillä,0.000559,0,0
####vtnt#####,vätttvt,väärään,0.003875,vetänyt,0.001612,0,0
####vtvt#####,vahvvvt,vetävät,0.015164,vetävät,0.015164,0,0
####veän#####,väeveän,hirveän,0.007264,viedään,0.000549,0,0
####veää#####,väevevä,viettää,0.014027,vieläpä,0.000622,0,0
####veän#####,väeveän,hirveän,0.007264,viemään,0.000753,0,0
####venn#####,vvevenn,vihreän,0.011454,viennin,0.000228,0,0
####vetä#####,vitävvä,voitava,0.048513,vientiä,0.000317,0,0
####vean#####,vaevevn,kasveja,0.006011,vieraan,0.000012,0,0
####veat#####,vaetevt,vaiheet,0.005991,vieraat,0.000137,0,0
####veen#####,vvevenn,viereen,0.037559,viereen,0.037559,0,0
####veoa#####,vaevevo,viereen,0.019690,vierola,0.003723,0,0
####vetn#####,vvtvevt,vaaleja,0.013931,viestin,0.000074,0,0
####vett#####,vtstevt,vuotena,0.033068,viestit,0.000547,0,0
####vetä#####,vitävvä,voitava,0.048513,viestiä,0.000240,0,0
####vein#####,vvivevn,viimein,0.026201,vietiin,0.000021,0,0
####vetä#####,vitävvä,voitava,0.048513,viettää,0.000880,0,0
####vhon#####,vohvovo,vahvoja,0.259986,vihdoin,0.015149,0,0
####vhen#####,vehvvve,vahvoja,0.287518,vihreän,0.000968,0,0
####vhet#####,vehvevt,vahvoja,0.099538,vihreät,0.003738,0,0
####vheä#####,vehävvä,vahvoja,0.020889,vihreää,0.001153,0,0
####vity#####,viväivy,viihtyy,0.030152,viihtyy,0.030152,0,0
####vika#####,vikvkka,vitikka,0.018519,viikkoa,0.000699,0,0
####vien#####,vievvin,olevaan,0.013903,viimein,0.000079,0,0
####vieä#####,vievvvä,viettää,0.049799,viinejä,0.000436,0,0
####vias#####,vaivais,valvoja,0.016557,viisaus,0.001077,0,0
####viaa#####,vaevvia,vakavia,0.075698,viitala,0.000101,0,0
####vien#####,vievvin,olevaan,0.013903,viiteen,0.000107,0,0
####vita#####,vitviva,vaativa,0.002988,viittaa,0.000682,0,0
####vley#####,vyvyyly,viihtyy,0.012621,viljely,0.003339,0,0
####vnka#####,vakakka,vitikka,0.028800,vinkkaa,0.002300,0,0
####vrsa#####,vrvarra,väärään,0.004814,virasta,0.000376,0,0
####vrso#####,srvvrro,kalervo,0.014971,virasto,0.002996,0,0
####vret#####,vrevrrt,viestit,0.029258,virheet,0.001180,0,0
####vran#####,vavvran,vuokrat,0.004228,virkaan,0.000140,0,0
####vrsa#####,vrvarra,väärään,0.004814,virossa,0.000521,0,0
####vrsa#####,vrvarra,väärään,0.004814,virosta,0.000478,0,0
####vtka#####,vakkkka,puhakka,0.026305,vitikka,0.008126,0,0
####vian#####,vaivvin,valvoja,0.008096,voidaan,0.000665,0,0
####vian#####,vaivvin,valvoja,0.008096,voimaan,0.000915,0,0
####viaa#####,vaevvia,vakavia,0.075698,voimala,0.000073,0,0
####viet#####,vievevt,viettää,0.014572,voineet,0.000461,0,0
####viio#####,viohoio,vihdoin,0.022904,voisiko,0.000781,0,0
####viaa#####,vaevvia,vakavia,0.075698,voitava,0.000141,0,0
####viin#####,viiviin,viennin,0.015756,voitiin,0.000736,0,0
####vita#####,vitviva,vaativa,0.002988,voittaa,0.001252,0,0
####vita#####,vitviva,vaativa,0.002988,voittoa,0.000680,0,0
####vora#####,vorvora,valvoja,0.019430,vuokraa,0.003830,0,0
####vort#####,vrrvovt,valvoja,0.030694,vuokrat,0.005665,0,0
####voea#####,vaevova,valvoja,0.125007,vuorela,0.000119,0,0
####voin#####,voivoin,toivola,0.086212,vuosien,0.000007,0,0
####voin#####,voivoin,toivola,0.086212,vuosiin,0.000335,0,0
####voia#####,voivoia,vakavia,0.034090,vuosina,0.000050,0,0
####voen#####,vvevovn,valvoja,0.041013,vuoteen,0.001563,0,0
####voea#####,vaevova,valvoja,0.125007,vuotena,0.000286,0,0
####vetn#####,vvtvevt,vaaleja,0.013931,väestön,0.000761,0,0
####vhne#####,vehvyve,vahvoja,0.260012,vähenee,0.074658,0,0
####vhtn#####,vyhhyvt,vahvoja,0.023552,vähiten,0.004945,0,0
####vitä#####,vihäivä,viihtyy,0.006353,väittää,0.000287,0,0
####vksn#####,vesvkke,vinkkaa,0.042094,väkisin,0.000231,0,0
####vlle#####,vavvlle,välille,0.119209,välille,0.119209,0,0
####vllä#####,välällä,välillä,0.320170,välillä,0.320170,0,0
####vllä#####,välällä,välillä,0.320170,väliltä,0.001051,0,0
####vlnn#####,valvlln,vakavan,0.006126,välinen,0.001233,0,0
####vlsn#####,valvlle,valvoja,0.020225,välisen,0.000947,0,0
####vlst#####,väsvlle,vesillä,0.016937,väliset,0.001611,0,0
####vlsä#####,välälsä,venäjää,0.012913,välisiä,0.000926,0,0
####vlsä#####,välälsä,venäjää,0.012913,välissä,0.001004,0,0
####vlsä#####,välälsä,venäjää,0.012913,välistä,0.000276,0,0
####vltn#####,valilut,välttää,0.021317,välitön,0.003183,0,0
####vltä#####,välältä,venäjää,0.005327,välttyä,0.000769,0,0
####vltä#####,välältä,venäjää,0.005327,välttää,0.000566,0,0
####vrks#####,vrkäklo,sokeria,0.014638,värikäs,0.000582,0,0
####vsms#####,vässmss,väsymys,0.041945,väsymys,0.041945,0,0
####vään#####,väsvään,väärään,0.068480,väärään,0.068480,0,0
####ydki#####,yrdikki,yhdeksi,0.184634,yhdeksi,0.184634,0,0
####ydle#####,yrdeldu,yrittää,0.040079,yhdelle,0.026895,0,0
####ydlä#####,yrdäldä,yrittää,0.064188,yhdellä,0.006521,0,0
####ydlä#####,yrdäldä,yrittää,0.064188,yhdeltä,0.005873,0,0
####ydsä#####,yrdämdä,yrittää,0.064339,yhdessä,0.012247,0,0
####ydsä#####,yrdämdä,yrittää,0.064339,yhdestä,0.007143,0,0
####ytiö#####,yyöytöö,kyöstin,0.020904,yhteisö,0.000610,0,0
####yten#####,yhtytyn,yhtyeen,0.171399,yhtyeen,0.171399,0,0
####yknn#####,yykykkn,yksikön,0.052402,ykkönen,0.000305,0,0
####yksn#####,yysykks,yllätys,0.018977,ykkösen,0.000103,0,0
####yskö#####,yhsäkkö,yksikkö,0.052514,yksikkö,0.052514,0,0
####yskn#####,yysykks,lisäksi,0.016141,yksikön,0.001816,0,0
####yskt#####,yksäkkt,yksiköt,0.050515,yksiköt,0.050515,0,0
####ysln#####,yysälön,yksilön,0.026745,yksilön,0.026745,0,0
####yslt#####,yysälöt,yksilöt,0.043553,yksilöt,0.043553,0,0
####yenä#####,yheyeää,yhtyeen,0.165962,yleensä,0.001835,0,0
####yenn#####,yhyyeen,yhtyeen,0.164616,yleinen,0.000421,0,0
####yesn#####,yhsyeös,yhtyeen,0.166545,yleisen,0.000028,0,0
####yest#####,yhsytöt,ystävät,0.034502,yleiset,0.005655,0,0
####yesn#####,yhsyeös,yhtyeen,0.166545,yleisin,0.000078,0,0
####yesä#####,yhyyesä,yhtyeen,0.220628,yleisiä,0.000346,0,0
####yesä#####,yhyyesä,yhtyeen,0.220628,yleistä,0.000352,0,0
####yesn#####,yhsyeös,yhtyeen,0.166545,yleisön,0.000147,0,0
####yesä#####,yhyyesä,yhtyeen,0.220628,yleisöä,0.000215,0,0
####yemn#####,yheymmn,yhtyeen,0.698940,ylemmän,0.010115,0,0
####yepä#####,yppyppä,yhtyeen,0.058730,ylempää,0.006522,0,0
####yimn#####,yhkymmn,yhtyeen,0.184919,ylimmän,0.005014,0,0
####yiao#####,yhehaio,yhdelle,0.003875,ylitalo,0.002891,0,0
####yitä#####,yhyyytä,yhtyeen,0.022795,ylittää,0.000583,0,0
####ylti#####,yhpilki,yhtyeen,0.096683,yllätti,0.000179,0,0
####ylts#####,yhsälyt,yksilöt,0.097954,yllätys,0.001281,0,0
####ypiä#####,yöpyyiä,näkymiä,0.032937,ylpeitä,0.020803,0,0
####ymrä#####,yrdämmä,ymmärrä,0.075744,ymmärrä,0.075744,0,0
####yitä#####,yhyyytä,yhtyeen,0.022795,yrittää,0.002252,0,0
####yteä#####,yheytvä,yhtyeen,0.016320,yrttejä,0.000737,0,0
####ytvä#####,yhtävvä,näkyvät,0.026963,ystäviä,0.016679,0,0
####ytvn#####,yvtyvvt,näkyvät,0.329309,ystävän,0.002183,0,0
####ytvt#####,yhtyvvt,ystävät,0.401878,ystävät,0.401878,0,0
####ytvä#####,yhtävvä,näkyvät,0.026963,ystävää,0.025695,0,0
####ädle#####,ärdälde,pidämme,0.045795,äidille,0.016009,0,0
####ämnn#####,äääämön,räsänen,0.007718,äimänen,0.001834,0,0
####ätnä#####,äääätää,eräässä,0.017273,äitinsä,0.000020,0,0
####ähkt#####,ähhäkkt,ärhäkät,0.046407,ärhäkät,0.046407,0,0
####änlä#####,äääällä,eräässä,0.014210,äänellä,0.001587,0,0
####ännä#####,äääännä,räsänen,0.026610,äänensä,0.001199,0,0
####änsä#####,äääänsä,hyvänsä,0.078297,äänestä,0.000002,0,0
####ärle#####,ärdälle,äärelle,0.093599,äärelle,0.093599,0,0
####ärlä#####,äräällä,eräässä,0.110561,äärellä,0.025075,0,0
####ärsä#####,äräääsä,eräässä,0.274336,ääressä,0.000041,0,0
