input,lower_deck_output,upper_deck_winner,winner_activation,target,target_activation,excluded,over_threshold
###aalröla###,aaaarla,aaltola,0.028350,aaltola,0.028350,0,0
###aamhila###,aammila,aamulla,0.017031,aamulla,0.017031,0,0
###aamhita###,aammita,aamusta,0.101244,aamusta,0.101244,0,0
###afrjean###,aarjjan,sarjaan,0.032623,afrikan,0.003946,0,0
###aidhnti###,aihotti,aidosti,0.091035,aidosti,0.091035,0,0
###aiebvan###,aieevan,aiemman,0.040766,aiemman,0.040766,1,0
###aievgat###,aievvat,aiemmat,0.057312,aiemmat,0.057312,1,0
###aiebäin###,aieniin,aiemmin,0.053248,aiemmin,0.053248,1,0
###aiejyaa###,aiejeja,aiheena,0.011430,aiempaa,0.001247,0,0
###aievoia###,aievoia,aiempia,0.006532,aiempia,0.006532,0,0
###aihyfna###,aihhuna,aiheina,0.078058,aiheena,0.068585,1,0
###aihokna###,aihokna,ainoana,0.112534,aiheina,0.027522,0,0
###aihpota###,pihopta,kirjata,0.006390,aiheita,0.000303,0,0
###aihföta###,aihauta,aiheita,0.007052,aihetta,0.003735,0,0
###aihrdta###,aihadta,kirjata,0.005216,aiheuta,0.003950,0,0
###aiklrme###,aikkrme,aikamme,0.521383,aikamme,0.521383,0,1
###aikpesa###,aikeesa,aiheena,0.004555,aikansa,0.002949,0,0
###aikpfna###,aikasna,ainoana,0.024046,aikoina,0.018586,0,0
###aikphen###,aikahen,aikojen,0.006256,aikojen,0.006256,0,0
###aikänat###,akkanat,ikkunat,0.022893,aikovat,0.004780,0,0
###ainmäin###,ainmkin,ainakin,0.196147,ainakin,0.196147,0,0
###ainmkta###,ainkmta,ainetta,0.218768,aineita,0.117316,0,0
###ainfyta###,ainnuta,tunneta,0.067087,ainetta,0.028123,0,0
###ainggna###,ainnkna,antamaa,0.008611,ainoana,0.006064,0,0
###aiopyan###,aiapaan,vieraan,0.004163,aiotaan,0.001186,0,0
###aivlhen###,aivalen,aivojen,0.026979,aivojen,0.026979,0,0
###ajavyan###,aaavaan,alainen,0.002809,ajamaan,0.001128,0,0
###ajemäan###,ajemaan,asemaan,0.242027,ajetaan,0.007107,0,0
###ajommta###,ajommma,avoimia,0.005864,ajoilta,0.000362,0,0
###ajoegsa###,ajeossa,ajoissa,0.370035,ajoissa,0.370035,0,0
###ajompta###,ajopmta,avointa,0.003929,ajoista,0.001306,0,0
###aksovin###,aasovin,akselin,0.020837,akselin,0.020837,0,0
###akujnti###,akjunti,rajusti,0.132890,akuutti,0.066214,0,0
###alatfen###,alateen,alataan,0.304779,alainen,0.165996,0,0
###alavpan###,alavvan,alataan,0.280681,alataan,0.280681,0,0
###alanklo###,alaallo,alatalo,0.296641,alatalo,0.296641,0,0
###alejvis###,alevvus,aleksis,0.025884,aleksis,0.025884,0,0
###alepkus###,aleksus,alennus,0.388215,alennus,0.388215,1,0
###alerdaa###,areeraa,aiempaa,0.014944,alentaa,0.006328,0,0
###aledvan###,aaevvan,vaikean,0.002275,aletaan,0.000405,0,0
###alkpvsi###,alpivsi,alkaisi,0.019761,alkaisi,0.019761,0,0
###alkyeut###,alkeeut,alkavat,0.033090,alkanut,0.007827,0,0
###alkdean###,alkelan,alkavan,0.009192,alkavan,0.009192,0,0
###alkosat###,alkostt,alkavat,0.015168,alkavat,0.015168,0,0
###alktäsa###,altssta,alentaa,0.018024,alkunsa,0.007595,0,0
###aloöyla###,aaaplla,sivulla,0.003406,aloilla,0.003052,0,0
###aloutle###,aloulte,aloilta,0.158511,aloille,0.059113,0,0
###aloknta###,aloknta,aloilta,0.197861,aloilta,0.197861,0,0
###alopsin###,alppsin,tapasin,0.081909,aloitin,0.011372,0,0
###alongti###,aloonti,aloitti,0.077762,aloitti,0.077762,0,0
###alopeus###,alossus,aloitus,0.298969,aloitus,0.298969,0,0
###alubnta###,aluuuta,paluuta,0.011997,alueita,0.006129,0,0
###aluöbta###,aluauta,muualta,0.045542,aluetta,0.001078,0,0
###aluyven###,aluuven,aluksen,0.072759,aluksen,0.072759,0,0
###ammsoin###,aammoin,ammatin,0.052603,ammatin,0.052603,0,0
###ammluti###,aamatti,aamusta,0.057532,ammatti,0.030444,0,0
###aneurta###,annerta,aneista,0.029991,aneista,0.029991,0,0
###annpbme###,annamme,annamme,0.681553,annamme,0.681553,0,1
###annrbtu###,annvitt,aineita,0.035626,annettu,0.005546,0,0
###annyvun###,annuvun,annetun,0.229079,annetun,0.229079,0,0
###annfiut###,anniiut,annetut,0.501387,annetut,0.501387,0,1
###annkgna###,annokaa,annukka,0.077144,anniina,0.002864,1,0
###annyöki###,anaukki,annikki,0.071746,annikki,0.071746,0,0
###annivta###,annivaa,anniina,0.049428,annosta,0.007294,0,0
###annghka###,annhkka,annukka,0.206946,annukka,0.206946,0,0
###antdfsi###,antaist,antaisi,0.111914,antaisi,0.111914,0,0
###antedaa###,antedaa,antamaa,0.144841,antamaa,0.144841,0,0
###antjban###,anttjan,antaman,0.017352,antaman,0.017352,0,0
###antävat###,antavat,antavat,0.953700,antamat,0.013357,0,0
###antdhut###,anhudut,annetut,0.033046,antanut,0.015644,0,0
###antmlat###,antalat,antavat,0.137827,antavat,0.137827,0,0
###antfhla###,antalla,anttila,0.289758,anttila,0.289758,0,0
###apufgha###,apuakha,apuraha,0.319352,apuraha,0.319352,0,0
###ariäeia###,arireia,arimpia,0.019229,arimpia,0.019229,0,0
###arjäysa###,arjassa,arjessa,0.569885,arjessa,0.569885,0,1
###arjönta###,arjunta,arjesta,0.587420,arjesta,0.587420,0,1
###arkmyin###,aakkpin,tarkoin,0.008518,arkisin,0.000227,0,0
###arkävto###,arkavto,arkisto,0.605579,arkisto,0.605579,0,1
###armvhja###,armamja,armeija,0.519428,armeija,0.519428,0,1
###artneri###,artteri,petteri,0.017126,artturi,0.011435,0,0
###arvjäee###,arvaeee,arvelee,0.382599,arvelee,0.382599,0,0
###arvhien###,arhvien,arvojen,0.015920,arvojen,0.015920,0,0
###arvgyas###,aravpas,arvokas,0.014657,arvokas,0.014657,0,0
###arvnmta###,arvamaa,antamaa,0.056616,arvolta,0.000315,0,0
###arvkhme###,arramme,arvomme,0.137415,arvomme,0.137415,0,0
###arvjfta###,arvvsta,arvosta,0.104664,arvosta,0.104664,0,0
###asepmen###,asemmen,asemaan,0.053680,aseiden,0.039618,0,0
###aselvan###,aseevan,asemaan,0.092268,asemaan,0.092268,0,0
###asefjus###,asemuus,asennus,0.755213,asennus,0.755213,1,1
###asejraa###,asereaa,asettaa,0.186315,asentaa,0.097583,0,0
###aseövaa###,asevvaa,asettaa,0.335479,asettaa,0.335479,1,0
###asenvua###,aseneua,asettua,0.508830,asettua,0.508830,1,1
###asehduu###,aseeduu,asettuu,0.304465,asettuu,0.304465,1,0
###asihhas###,ahhhkas,asiakas,0.016464,asiakas,0.016464,0,0
###asijkla###,asikkla,asialla,0.378156,asialla,0.378156,0,0
###asibmle###,asimlle,asialle,0.700126,asialle,0.700126,0,1
###asilmsa###,asimsaa,aamusta,0.002557,asiansa,0.000024,0,0
###asiuösa###,aaiuusa,aamusta,0.011614,asiassa,0.006649,0,0
###asiökta###,asiidta,asiasta,0.400140,asiasta,0.400140,0,0
###asipmda###,asiidda,asialla,0.010061,asioida,0.006579,0,0
###asikmta###,asikmta,asiasta,0.019210,asioita,0.003552,0,0
###astväta###,astavta,astetta,0.416438,astetta,0.416438,0,0
###asulban###,asutdan,asumaan,0.189644,asumaan,0.189644,0,0
###asukpet###,asukset,asuneet,0.065852,asuneet,0.065852,0,0
###asuljon###,asusjen,asunnon,0.036929,asunnon,0.036929,1,0
###asupjot###,asupjjt,asunnot,0.050379,asunnot,0.050379,1,0
###asuöroa###,asurrra,asuntoa,0.020262,asuntoa,0.020262,0,0
###asupfen###,asupden,asuvien,0.046341,asuvien,0.046341,0,0
###atefsan###,ateesan,lieksan,0.015994,aterian,0.012713,0,0
###atevvat###,avtvvat,aikovat,0.054997,ateriat,0.004310,0,0
###aulotsa###,aulosta,tulosta,0.175713,aulassa,0.028391,0,0
###aulytki###,aulukki,aulikki,0.773835,aulikki,0.773835,0,1
###aurjdon###,arradon,aseiden,0.034894,auraton,0.020626,0,0
###aurfhko###,aurhkko,aurinko,0.208301,aurinko,0.208301,0,0
###autäbme###,astamme,autamme,0.678370,autamme,0.678370,0,1
###autpfen###,autaden,autojen,0.017048,autojen,0.017048,0,0
###autpila###,auttila,anttila,0.134633,autolla,0.010075,0,0
###autinsa###,autinsa,kotinsa,0.064443,autossa,0.016874,0,0
###autgfta###,autauta,autosta,0.098359,autosta,0.098359,0,0
###auvöken###,auvaden,auvinen,0.084384,auvinen,0.084384,0,0
###avaukat###,avaukat,avaavat,0.193082,avaavat,0.193082,0,0
###avarjet###,avareet,tuoreet,0.043182,avaimet,0.011303,0,0
###avakäut###,avakaut,avannut,0.015967,avannut,0.015967,1,0
###avatlus###,avatlus,avarrus,0.143666,avarrus,0.143666,1,0
###avahlan###,aaahlan,alataan,0.007692,avataan,0.000630,0,0
###avagpui###,avaapui,avautui,0.500975,avautui,0.500975,0,1
###avabeuu###,avaeuuu,avautuu,0.281828,avautuu,0.281828,0,0
###aviläro###,aairrro,avioero,0.080896,avioero,0.080896,0,0
###avoblen###,aaoolen,aiotaan,0.004983,avoimen,0.000874,0,0
###avoööet###,avopptt,avoimet,0.006967,avoimet,0.006967,0,0
###avogöia###,avaiika,avaimet,0.031291,avoimia,0.007915,0,0
###avokrna###,avooraa,vuokraa,0.072242,avoinna,0.042075,0,0
###avoffta###,avoolta,avointa,0.493030,avointa,0.493030,0,0
###avumhaa###,avummaa,avustaa,0.208387,avustaa,0.208387,0,0
###avujius###,aauvius,asuvien,0.009982,avustus,0.007951,0,0
###balrjan###,baljjan,baltian,0.109640,baltian,0.109640,0,0
###belypan###,lelppan,belgian,0.011115,belgian,0.011115,0,0
###betmäin###,beäääin,tekstin,0.004962,betonin,0.001601,0,0
###bonveta###,boneeta,monelta,0.026221,bonusta,0.003249,0,0
###brävsin###,rrässin,räppiin,0.002481,brändin,0.000215,0,0
###dolpkri###,dolpkri,dollari,0.012825,dollari,0.012825,0,0
###edevkyt###,ereäkyt,edennyt,0.018321,edennyt,0.018321,1,0
###edeiöän###,edeiden,edetään,0.058480,edetään,0.058480,0,0
###ediamää###,edämäää,edistää,0.112369,edistää,0.112369,0,0
###edujgta###,eduutja,eduista,0.318912,eduista,0.318912,0,0
###eduööaa###,edöupja,edustaa,0.015210,edustaa,0.015210,0,0
###eduäkus###,esuäkus,edustus,0.099005,edustus,0.099005,0,0
###egyärin###,egyrgin,egyptin,0.011382,egyptin,0.011382,0,0
###ehdlkty###,ehdhlty,ehditty,0.711386,ehditty,0.711386,0,1
###ehdbuas###,eeusuas,edustus,0.006298,ehdokas,0.004177,0,0
###ehdäfla###,ehdalla,ehdolla,0.106568,ehdolla,0.106568,0,0
###ehdijle###,ehdilje,ehdolle,0.062457,ehdolle,0.062457,0,0
###ehdrmon###,errmmon,enemmän,0.015723,ehdoton,0.000791,0,0
###ehdvlti###,ehdilti,ehdotti,0.301895,ehdotti,0.301895,0,0
###ehdglus###,ehdedus,ehdotus,0.678662,ehdotus,0.678662,0,1
###ehkuosy###,ehkäoyy,ehkäisy,0.316042,ehkäisy,0.316042,0,0
###ehtkäyt###,eetkkät,selkeät,0.023763,ehtinyt,0.000077,0,0
###ehtlkät###,eltökät,estävät,0.033331,ehtivät,0.017520,0,0
###ehtmven###,ehtemen,entisen,0.030451,ehtojen,0.029703,0,0
###eikgmän###,enkimän,tekemän,0.106613,eiköhän,0.015908,0,0
###eivöfkä###,eivökkä,eivätkä,0.603338,eivätkä,0.603338,0,1
###elekfän###,elekeän,eliniän,0.053136,eletään,0.034327,0,0
###eliagän###,eläaään,elämään,0.071310,eliniän,0.008019,0,0
###ellputä###,ellpptä,ellistä,0.497489,ellistä,0.497489,0,0
###elogylo###,elopolo,elokolo,0.043069,elokolo,0.043069,0,0
###eloasun###,eloasan,iloisen,0.162176,elokuun,0.042814,0,0
###eloiyva###,elovvva,elokuva,0.653330,elokuva,0.653330,0,1
###eläpgen###,eläpäen,eläimen,0.013806,eläimen,0.013806,0,0
###eländet###,edänlet,eläimet,0.091534,eläimet,0.091534,0,0
###eläjfiä###,eeääjiä,eläimiä,0.022202,eläimiä,0.022202,0,0
###eläupni###,eläunni,elämäni,0.604968,elämäni,0.604968,0,1
###elägpän###,eläptän,elämään,0.443918,elämään,0.443918,0,0
###enefjän###,enenjän,enemmän,0.019384,enemmän,0.019384,1,0
###enesjää###,eeeneää,enempää,0.019656,enempää,0.019656,0,0
###enekäia###,eneeiia,energia,0.008235,energia,0.008235,0,0
###enngdoi###,endoioi,ennakoi,0.162531,ennakoi,0.162531,0,0
###enngmta###,ennnmta,ennalta,0.277997,ennalta,0.277997,0,0
###ennrrte###,eenrnte,ennuste,0.060988,ennuste,0.060988,0,0
###ensögpu###,ensunpu,ensiapu,0.115405,ensiapu,0.115405,0,0
###ensorsi###,ensissi,ensiksi,0.218131,ensiksi,0.218131,0,0
###entsren###,enteeen,entisen,0.065602,entinen,0.022706,0,0
###entrhen###,enrhten,eurojen,0.027001,entisen,0.003569,0,0
###entgmet###,entimet,entiset,0.239201,entiset,0.239201,0,0
###entfyiä###,entntyä,estettä,0.017063,entisiä,0.003154,0,0
###entagtä###,entantt,entistä,0.329959,entistä,0.329959,0,0
###epäauee###,epuhuee,epäilee,0.404445,epäilee,0.404445,0,0
###epäbmlä###,eeäällä,epäillä,0.058928,epäillä,0.058928,0,0
###erkdhlä###,erkellä,erkkilä,0.569379,erkkilä,0.569379,0,1
###eromsat###,eromsat,eroavat,0.217541,eroavat,0.217541,0,0
###eroipaa###,eroipaa,erottaa,0.333162,erottaa,0.333162,1,0
###erofkuu###,eroukuu,erottuu,0.833779,erottuu,0.833779,1,1
###erägsen###,eräesen,entisen,0.048708,eräiden,0.003924,0,0
###eräöosi###,erärssi,eräiksi,0.114534,eräiksi,0.114534,0,0
###erälösä###,erälssä,eräissä,0.060750,eräissä,0.060750,0,0
###eränmsä###,eräässä,eräässä,0.604773,eräässä,0.604773,0,1
###esigäes###,esiiies,esimies,0.033735,esimies,0.033735,0,0
###esikget###,esikset,esineet,0.107712,esineet,0.107712,0,0
###esigkää###,esiskää,esittää,0.472227,esittää,0.472227,1,0
###espvuja###,essvuja,maksuja,0.023748,espanja,0.023535,0,0
###estrfnä###,eetänää,merellä,0.002308,esteenä,0.002059,1,0
###estrltä###,eeteltä,entistä,0.065302,esteitä,0.007283,0,0
###estobtä###,estootä,esteitä,0.038002,estettä,0.028545,0,0
###estloät###,esettät,esittää,0.055034,estävät,0.035494,0,0
###eteirän###,ettieän,etsivät,0.015968,etelään,0.007017,0,0
###etefmin###,eteimin,etenkin,0.232496,etenkin,0.232496,0,0
###etsgjme###,eesämme,etsimme,0.480285,etsimme,0.480285,0,0
###etsunät###,ettunät,etsivät,0.017576,etsivät,0.017576,0,0
###etthakö###,eettkkö,etteikö,0.035992,etteikö,0.035992,0,0
###ettihme###,ehtimme,ettemme,0.166835,ettemme,0.166835,0,0
###etupdmi###,etäummi,etunimi,0.187788,etunimi,0.187788,0,0
###etukgja###,etuukja,etusija,0.066331,etusija,0.066331,0,0
###eurkken###,eurkken,eurojen,0.086114,eurojen,0.086114,0,0
###eurjsla###,eurjsla,eurolla,0.073713,eurolla,0.073713,0,0
###eurävle###,eurälle,eurolle,0.345105,eurolle,0.345105,0,0
###eurkäta###,eurkota,eurosta,0.292468,eurosta,0.292468,0,0
###evekäti###,eveeiti,eversti,0.053422,eversti,0.053422,0,0
###finpkli###,finkkii,hankkii,0.147569,finaali,0.034482,1,0
###footami###,footami,foorumi,0.027810,foorumi,0.027810,0,0
###fordsla###,forssla,formula,0.236725,formula,0.236725,0,0
###forhhan###,hohhaan,turhaan,0.034876,forssan,0.001849,1,0
###frelvit###,frrveit,frendit,0.028532,frendit,0.028532,0,0
###graijaa###,rraijaa,grammaa,0.008724,grammaa,0.008724,1,0
###haanfla###,haanala,haapala,0.103668,haapala,0.103668,0,0
###haamoaa###,haamoaa,haastaa,0.134402,haastaa,0.134402,0,0
###haeyman###,haamman,haetaan,0.011415,haetaan,0.011415,0,0
###haioeaa###,haihoea,haittaa,0.018415,haittaa,0.018415,1,0
###hakiren###,hakiren,hakanen,0.079608,hakanen,0.079608,0,0
###hakdyus###,hakhaus,hakemus,0.064215,hakemus,0.064215,0,0
###hakäyut###,hakhaut,hakenut,0.028525,hakenut,0.028525,0,0
###hakypat###,hakppat,hampaat,0.062821,hakevat,0.027209,0,0
###hakggan###,hakaaan,haetaan,0.021924,hakijan,0.019706,0,0
###hakpdat###,hakadat,hakijat,0.067490,hakijat,0.067490,0,0
###halsean###,halsean,hallaan,0.037403,hallaan,0.037403,0,0
###halssta###,halssta,halusta,0.528169,hallita,0.007388,0,0
###halvgen###,halvjen,halonen,0.093154,halonen,0.093154,0,0
###halknja###,halknja,haltija,0.066930,haltija,0.066930,0,0
###halbmun###,halmmun,haltuun,0.149359,haltuun,0.149359,0,0
###halojin###,halajin,helpoin,0.053994,halusin,0.030634,0,0
###halfgta###,halauta,halusta,0.132842,halusta,0.132842,0,0
###halegtu###,halattu,haluttu,0.201752,haluttu,0.201752,0,0
###hampban###,hampaan,harmaan,0.081374,haminan,0.042948,0,0
###hamjeat###,hammeat,hampaat,0.043859,hampaat,0.043859,0,0
###hanyela###,haneela,hannele,0.001960,hankala,0.000937,0,0
###hanmuia###,hanmaia,hankkia,0.123238,hankkia,0.123238,1,0
###hanjoii###,hannoii,hankkii,0.423401,hankkii,0.423401,1,0
###hanuole###,hanoole,hannele,0.137563,hannele,0.137563,0,0
###hanrfla###,hanvala,hankala,0.028299,hannula,0.025008,0,0
###hapfdlu###,haduulu,hattula,0.129830,hapuilu,0.039725,0,0
###hargsta###,harasta,halusta,0.074972,harkita,0.060084,0,0
###haroian###,haroian,harmaan,0.053964,harmaan,0.053964,0,0
###haryäoi###,harhioi,harppoi,0.196629,harppoi,0.196629,1,0
###hargfus###,harpsus,hartaus,0.485479,hartaus,0.485479,0,0
###hartmin###,hartiin,harvoin,0.067416,harvoin,0.067416,0,0
###hatdola###,hatoola,hattula,0.117992,hattula,0.117992,0,0
###hauilan###,hauilan,hakijan,0.052633,hauraan,0.033194,0,0
###hauovaa###,hauuoaa,halusta,0.007733,hauskaa,0.005390,0,0
###hauiäat###,haunjat,hauskat,0.171058,hauskat,0.171058,0,0
###haurfla###,haurala,hautala,0.321675,hautala,0.321675,0,0
###havnbta###,hanaata,sanasta,0.021011,havaita,0.017420,0,0
###heibpoa###,heippoa,helppoa,0.460035,heikkoa,0.135752,1,0
###heifära###,heirpla,heinola,0.232573,heikura,0.013336,0,0
###heikmla###,heikkla,heinola,0.010518,heinola,0.010518,0,0
###heidlää###,heiläää,hänellä,0.063345,heittää,0.037036,1,0
###helgain###,helmain,helpoin,0.028852,helpoin,0.028852,0,0
###heljboa###,heljoja,velkoja,0.043851,helppoa,0.006959,1,0
###henuden###,henuden,henkeen,0.159554,henkeen,0.159554,0,0
###hentblö###,hentölö,henkilö,0.191866,henkilö,0.191866,0,0
###herkgti###,herkkti,herätti,0.027422,herätti,0.027422,0,0
###hevfaen###,hevmaen,huomion,0.061843,hevonen,0.008577,0,0
###hevdaen###,heemaen,hevonen,0.003888,hevosen,0.002939,0,0
###hevaret###,hevavet,hevoset,0.164768,hevoset,0.164768,0,0
###hidprta###,hirppta,hidasta,0.041823,hidasta,0.041823,0,0
###hiegsaa###,hheesaa,hiekkaa,0.014420,hiekkaa,0.014420,1,0
###hielyja###,hielyja,hienoja,0.050574,hienoja,0.050574,0,0
###hiebgja###,hiemaja,hieroja,0.036261,hieroja,0.036261,0,0
###hienvla###,hinnlla,hannula,0.062480,hietala,0.019902,0,0
###hiiabon###,hiihaon,hiihdon,0.037766,hiihdon,0.037766,0,0
###hinmpan###,hinpkan,hintaan,0.650084,hintaan,0.650084,0,1
###hinsgja###,hinnaja,hintoja,0.255968,hintoja,0.255968,0,0
###hirdjän###,hirdjän,hirveän,0.226654,hirveän,0.226654,0,0
###hiuylet###,hiuulet,hiukset,0.058414,hiukset,0.058414,0,0
###hoillja###,hoillla,hollola,0.456989,hoitaja,0.000223,0,0
###hoimsva###,hoimsva,hoitava,0.598065,hoitava,0.598065,0,1
###hoipdja###,hoipaja,hoitoja,0.041259,hoitoja,0.041259,0,0
###hoiskon###,hoiskon,hoitoon,0.265951,hoitoon,0.265951,0,0
###holsöla###,holllla,hollola,0.062788,hollola,0.062788,0,0
###hotysli###,hotulli,hotelli,0.375309,hotelli,0.375309,0,0
###huhräla###,huhläla,huhtala,0.637153,huhtala,0.637153,0,1
###hukyrsa###,hukussa,hukassa,0.052743,hukassa,0.052743,0,0
###hukgran###,hukhran,huomaan,0.048372,hukkaan,0.036540,0,0
###hunmvaa###,hunmkaa,hunajaa,0.097003,hunajaa,0.097003,0,0
###huogkon###,huohkon,huomion,0.075208,huollon,0.072936,1,0
###huoggot###,huophot,huollot,0.368791,huollot,0.368791,1,0
###huosfaa###,huossaa,huoltaa,0.042248,huoltaa,0.042248,0,0
###huoönoa###,huonnna,huonoja,0.008898,huoltoa,0.006726,0,0
###huorean###,huorean,huomaan,0.101699,huomaan,0.101699,0,0
###huoärsi###,huoossi,huomasi,0.074553,huomasi,0.074553,0,0
###huogyta###,huohata,huomata,0.213547,huomata,0.213547,0,0
###huoesoi###,huoeioi,huomioi,0.260868,huomioi,0.260868,0,0
###huodron###,huoddon,huomion,0.067727,huomion,0.067727,0,0
###huodyen###,huydäen,huoneen,0.029594,huoneen,0.029594,0,0
###huovyet###,huovvet,huoneet,0.251139,huoneet,0.251139,0,0
###huogsja###,huosjja,huonoja,0.233781,huonoja,0.233781,0,0
###huodson###,huodson,huomion,0.072564,huonoon,0.028553,0,0
###huonnri###,huonori,huotari,0.085349,huotari,0.085349,0,0
###huusdri###,huumdri,huotari,0.118910,huumori,0.034198,0,0
###hylmvty###,hylymty,hylätty,0.777910,hylätty,0.777910,0,1
###hytäien###,hytäien,hytönen,0.044182,hytönen,0.044182,0,0
###hyvbslä###,hyvällä,hyvillä,0.233915,hyvillä,0.233915,0,0
###hyvrbsä###,hyväslä,hyvässä,0.405578,hyvissä,0.000534,0,0
###hyvdjtä###,hyräjtä,hyvistä,0.129404,hyvistä,0.129404,0,0
###hyvmosi###,hyvmksi,hyväksi,0.119682,hyväksi,0.119682,0,0
###hyvoisy###,hyvvisi,hyvissä,0.159277,hyväksy,0.026807,0,0
###hyvible###,hyviyle,hyvälle,0.127149,hyvälle,0.127149,0,0
###hyvkelä###,hyvkylä,hyvillä,0.095176,hyvällä,0.047430,0,0
###hyvnmtä###,hyrymtä,hyvistä,0.064270,hyvältä,0.016519,0,0
###hyvugsä###,hyvässä,hyvässä,0.566881,hyvänsä,0.005276,0,0
###hyvbmsä###,hyvämää,hyvänsä,0.012996,hyvässä,0.006600,0,0
###hyvagtä###,hyvästt,hyvästä,0.330465,hyvästä,0.330465,0,0
###hyvälen###,hyvälen,hyvältä,0.125351,hyvönen,0.006973,0,0
###hyömgjä###,hyömjjä,hyötyjä,0.572980,hyötyjä,0.572980,0,1
###häivpöt###,häippöt,häiriöt,0.114309,häiriöt,0.114309,0,0
###hänmdle###,hänmele,hänelle,0.486339,hänelle,0.486339,0,0
###hänvjlä###,hänvölä,hänellä,0.404378,hänellä,0.404378,0,0
###hänkotä###,hänkotä,hänestä,0.257587,häneltä,0.222180,0,0
###hänoltä###,hänoltä,häneltä,0.864108,hänestä,0.004860,0,0
###häröelä###,härkelä,härmälä,0.089608,härmälä,0.089608,0,0
###höytjsi###,hyötyjä,hyötyjä,0.888021,höyläsi,0.000641,0,0
###ideruta###,iieruta,ideasta,0.028397,ideasta,0.028397,0,0
###idejgta###,ideddta,ideasta,0.429564,ideoita,0.342421,0,0
###ihafmla###,ihamlla,innolla,0.024425,ihailla,0.014649,0,0
###ihmfstä###,ihmistä,ihmistä,0.791831,ihmeitä,0.019726,0,0
###ihmnltä###,ihmintä,perintä,0.032340,ihmettä,0.000104,0,0
###ihmlgen###,ihmmhen,ihmisen,0.458981,ihminen,0.249000,0,0
###ihmalen###,ihmalen,ihminen,0.148011,ihmisen,0.114211,0,0
###ihmnöet###,ihminet,ihmiset,0.014246,ihmiset,0.014246,0,0
###ihmgaiä###,ihmmhiä,ihmisiä,0.929203,ihmisiä,0.929203,0,1
###ihmfrtä###,irmirtä,ihmistä,0.036009,ihmistä,0.036009,0,0
###iisurmi###,iisurmi,iisalmi,0.077036,iisalmi,0.077036,0,0
###ikktfan###,itkkkan,ikkunan,0.015223,ikkunan,0.015223,0,0
###ikkpyat###,iikkaat,rikkaus,0.029716,ikkunat,0.006952,0,0
###ikuöven###,ikuuden,osuuden,0.061848,ikuinen,0.031667,0,0
###ikämden###,iiääden,eräiden,0.085729,ikäinen,0.010656,0,0
###illönla###,illnnla,illalla,0.148544,illalla,0.148544,0,0
###illevsa###,illessa,illassa,0.037942,illassa,0.037942,0,0
###ilmfnsa###,ilminsa,ilmassa,0.186014,ilmassa,0.186014,0,0
###ilmkpto###,ilmopto,ilmasto,0.382377,ilmasto,0.382377,0,0
###ilmtpee###,ilmimee,ilmenee,0.295928,ilmenee,0.295928,0,0
###ilmroty###,illipty,ilmesty,0.128316,ilmesty,0.128316,0,0
###ilmbotä###,illottä,ellistä,0.033114,ilmettä,0.031300,0,0
###ilmvatä###,illmitä,ilmettä,0.039313,ilmiötä,0.012182,0,0
###ilmgnta###,ilmonta,ilmoita,0.077743,ilmoita,0.077743,0,0
###iloguen###,ilulhen,ikuinen,0.033688,iloinen,0.005563,0,0
###ilobben###,ilolien,iloisen,0.016425,iloisen,0.016425,0,0
###ilohnia###,ilionna,iloisia,0.131229,iloisia,0.131229,0,0
###iloygta###,ilolhta,iloista,0.723927,iloista,0.723927,0,1
###iloguan###,iloohan,ilojaan,0.199270,ilojaan,0.199270,0,0
###imabdan###,iraadan,kanadan,0.318710,imatran,0.000872,0,0
###immvyen###,iimmämn,valmiin,0.003304,immonen,0.000687,0,0
###indärsi###,iidärsi,indeksi,0.084588,indeksi,0.084588,0,0
###inngeas###,innnsas,innokas,0.545490,innokas,0.545490,0,1
###innudla###,innalda,innolla,0.174438,innolla,0.174438,0,0
###irlfsti###,irlusti,irlanti,0.141133,irlanti,0.141133,0,0
###islvuti###,islvvti,islanti,0.043490,islanti,0.043490,0,0
###isorgsa###,iioosoa,isoissa,0.002205,isoissa,0.002205,0,0
###isoögtu###,isoihtu,isokatu,0.247528,isokatu,0.247528,0,0
###isobfat###,isoistt,isommat,0.002694,isommat,0.002694,1,0
###isofäia###,isisoia,isompia,0.080995,isompia,0.080995,0,0
###isopmlo###,isoilmo,isotalo,0.045026,isotalo,0.045026,0,0
###istkeut###,isekkut,istunut,0.014994,istunut,0.014994,0,0
###istjfat###,ististt,useista,0.002741,istuvat,0.000859,0,0
###isälgän###,isälään,isännän,0.126975,isännän,0.126975,1,0
###itabpan###,itaadan,italian,0.021206,italian,0.021206,0,0
###itkvren###,trviren,arvojen,0.017146,itkonen,0.000985,0,0
###itsbgin###,itsäiin,itsekin,0.023389,itsekin,0.023389,0,0
###itsyvle###,ttselve,itselle,0.036042,itselle,0.036042,0,0
###itsnhme###,itnämme,itsemme,0.303736,itsemme,0.303736,0,0
###itsaasä###,itiaasä,liiaksi,0.005849,itsensä,0.001200,0,0
###itsoytä###,ihsottä,itsestä,0.040819,itsestä,0.040819,0,0
###itslmni###,iilämii,iisalmi,0.007724,itseäni,0.001581,0,0
###itslusi###,itssäsi,itseäsi,0.268817,itseäsi,0.268817,0,0
###itsmdän###,itsädän,itseään,0.027200,itseään,0.027200,0,0
###itävöen###,ttvväen,terveen,0.003771,itäinen,0.000698,0,0
###itämyen###,itämäen,itäisen,0.019557,itäisen,0.019557,0,0
###jaeiuan###,jaeijan,jaetaan,0.152413,jaetaan,0.152413,0,0
###jakrsat###,kakksat,korkeat,0.009085,jakavat,0.005429,0,0
###jalfäri###,jaljuri,jalmari,0.078521,jalmari,0.078521,0,0
###jalköen###,jalkeen,jälkeen,0.205284,jalonen,0.107030,0,0
###jaodeon###,jadjoon,varjoon,0.114301,jaoston,0.023830,0,0
###japrmin###,jarmmin,japanin,0.011031,japanin,0.011031,0,0
###jatörva###,jatarva,jatkuva,0.414966,jatkuva,0.414966,0,0
###joeäluu###,joelluu,joensuu,0.037318,joensuu,0.037318,0,0
###johösna###,johjsna,arjessa,0.013018,johanna,0.010411,0,0
###johylja###,jhhjlja,lahjoja,0.104381,johtaja,0.064726,0,0
###johknma###,johknma,johanna,0.204595,johtama,0.035398,0,0
###johmöva###,johmuva,johtaja,0.201525,johtava,0.129893,0,0
###johukon###,johonon,johtoon,0.463717,johtoon,0.463717,0,0
###johöyen###,johleen,vaalien,0.005336,johtuen,0.001464,0,0
###johrkva###,johkkva,johtava,0.183321,johtuva,0.059829,0,0
###joiegin###,joemiin,yleisin,0.008772,joitain,0.003551,0,0
###jokyöan###,joajnan,jokelan,0.049664,jokelan,0.049664,0,0
###jokhben###,johkeen,jälkeen,0.037064,jokinen,0.001072,0,0
###joktmen###,jokkmen,jokinen,0.018519,jokunen,0.015038,0,0
###jolrtin###,jolltin,jollain,0.362912,jollain,0.362912,0,0
###joltäin###,joltoin,jolloin,0.118143,jolloin,0.118143,0,0
###josbpin###,josisin,jostain,0.040988,jossain,0.017615,0,0
###josrfin###,jorioin,korkein,0.018931,jostain,0.011145,0,0
###jotbsin###,jottsin,totesin,0.327082,jotakin,0.108107,0,0
###joubbin###,jouniin,jotakin,0.015416,jouduin,0.008254,0,0
###joudyoa###,joydona,jouluna,0.017144,joukkoa,0.000100,1,0
###joumrue###,joumure,jalmari,0.022304,joukkue,0.014097,1,0
###jouyena###,joujena,suurena,0.270154,jouluna,0.010655,0,0
###jouivun###,joiiuun,jokinen,0.023948,jouluun,0.014037,0,0
###juhoman###,juhaman,juhlaan,0.164137,juhlaan,0.164137,0,0
###juhmden###,juhaden,juhlaan,0.026649,juhlien,0.012501,0,0
###juhäyin###,juyläin,juhliin,0.019146,juhliin,0.019146,0,0
###jumekaa###,jumemaa,jutella,0.063674,jumalaa,0.006136,0,0
###jumdyan###,jurdain,jumalan,0.025007,jumalan,0.025007,0,0
###junhela###,junnela,junalla,0.372550,junalla,0.372550,0,0
###junälri###,jännlri,juniori,0.096724,juniori,0.096724,0,0
###juoäten###,juooten,juomien,0.170826,juomien,0.170826,0,0
###juoebaa###,juodona,juontaa,0.013045,juontaa,0.013045,0,0
###jushola###,juhoola,huhtala,0.007471,jussila,0.004720,0,0
###jutskla###,jutklla,jutella,0.288207,jutella,0.288207,0,0
###jutvoja###,juttoja,juttuja,0.290805,juttuja,0.290805,0,0
###jutöfsa###,jutasta,autosta,0.020652,jutussa,0.000734,0,0
###juviien###,juviien,juvonen,0.003709,juvonen,0.003709,0,0
###jälapen###,jalanen,jalonen,0.024386,jälkeen,0.016031,0,0
###jälkken###,jälkken,jälkeen,0.527899,jälleen,0.000969,0,0
###järuhvä###,jähäävä,järkevä,0.403904,järkevä,0.403904,0,0
###järyalä###,järjälä,järvelä,0.301317,järvelä,0.301317,0,0
###jäsypen###,jäseten,jäsenen,0.760241,jäsenen,0.760241,0,1
###jäsröet###,järjeet,jäsenet,0.015771,jäsenet,0.015771,0,0
###jäshtiä###,jähttiä,jätettä,0.039517,jäseniä,0.023305,0,0
###jäsrvtä###,jävvttä,jätettä,0.086325,jäsentä,0.044485,0,0
###jätdlty###,jälllty,jätetty,0.383356,jätetty,0.383356,0,0
###jätsltä###,jättltä,jätettä,0.679891,jätettä,0.679891,0,1
###jätpgen###,jättäen,jätteen,0.335931,jätteen,0.335931,0,0
###jätuset###,jätenet,jäsenet,0.082347,jätteet,0.054090,0,0
###jääloen###,jääloen,jälleen,0.143377,jääneen,0.107565,0,0
###jääouet###,jääoeet,jääneet,0.288565,jääneet,0.288565,0,0
###kaadmna###,kaymmna,kahtena,0.032258,kaarina,0.019079,0,0
###kadäola###,kayoola,kantola,0.123411,kadulla,0.001065,0,0
###kahuben###,kahhuen,kahteen,0.588410,kahteen,0.588410,0,1
###kahööna###,kaöhuna,kahtena,0.053329,kahtena,0.053329,0,0
###kahofla###,kahoola,kantola,0.021736,kahvila,0.009920,0,0
###kaittea###,kaittea,koittaa,0.021846,kaikkea,0.005833,1,0
###kaiseia###,kaiseia,kaikkia,0.005475,kaikkia,0.005475,1,0
###kaifmun###,kaimkun,kainuun,0.080987,kainuun,0.080987,0,0
###kajpfni###,kajpuni,kajaani,0.009553,kajaani,0.009553,1,0
###kalfhvo###,kalaovo,kalervo,0.471926,kalervo,0.471926,0,0
###kaluban###,kalvuan,kalevan,0.034743,kalevan,0.034743,0,0
###kalöton###,kallton,kallion,0.120518,kallion,0.120518,0,0
###kalupen###,kalpuen,kalojen,0.012297,kalojen,0.012297,0,0
###kalmhto###,kalptto,kalusto,0.435983,kalusto,0.435983,0,0
###kamyöan###,kaauran,kameran,0.004121,kameran,0.004121,0,0
###kanhtan###,kanhtan,kankaan,0.049391,kanadan,0.006436,0,0
###kantuan###,kantuun,kanteen,0.257155,kanavan,0.014471,0,0
###kanoiva###,kanoiva,kantava,0.169955,kanerva,0.141976,0,0
###kanjlan###,kanjlan,kankaan,0.047883,kankaan,0.047883,0,0
###kanbmta###,kanomta,kannata,0.083879,kannata,0.083879,0,0
###kanvoia###,kanvoia,kantola,0.042618,kanslia,0.030604,0,0
###kanvbja###,kanvjja,kantaja,0.213941,kantaja,0.213941,0,0
###kanibva###,kanikva,kantava,0.177871,kantava,0.177871,0,0
###kanfäen###,kannden,kanteen,0.270569,kanteen,0.270569,0,0
###kanhsla###,kanslla,kantola,0.198442,kantola,0.198442,0,0
###kapsben###,kaspeen,tarpeen,0.026932,kaponen,0.000319,0,0
###kaporle###,karplle,katolle,0.050332,kappale,0.004864,0,0
###kapötli###,kapplti,kappeli,0.045491,kappeli,0.045491,0,0
###kaptäli###,kattili,kittilä,0.052166,kapseli,0.005460,0,0
###karjbke###,karaeje,karaoke,0.068609,karaoke,0.068609,0,0
###karnjla###,karjlla,kanerva,0.008859,karhula,0.002746,0,0
###karöyla###,karppla,karjala,0.054058,karjala,0.054058,0,0
###karjfno###,karjsto,varasto,0.035074,kartano,0.032175,0,0
###kasrusa###,karsssa,kanslia,0.007862,kasassa,0.007199,0,0
###kashvke###,kahekke,kahteen,0.046466,kastike,0.037512,0,0
###kaslova###,kasvova,kasvava,0.021803,kasvava,0.021803,0,0
###kasnuja###,kassuja,kantaja,0.038365,kasveja,0.001726,0,0
###kaslden###,kaseden,kasvien,0.021315,kasvien,0.021315,0,0
###kasltja###,kasstja,kanslia,0.017611,kasvoja,0.000110,0,0
###kasfbun###,kassuun,kasvuun,0.239402,kasvuun,0.239402,0,0
###katirtu###,katirtu,katettu,0.250835,katettu,0.250835,0,0
###katvpla###,kavvlla,kahvila,0.014288,katolla,0.008500,0,0
###katddle###,kadddle,kadulla,0.075706,katolle,0.012150,0,0
###katvhus###,kahvvus,katsaus,0.103819,katsaus,0.103819,0,0
###katälen###,katalen,matalan,0.023406,katsoen,0.002691,0,0
###katirva###,katirva,kattava,0.053833,kattava,0.053833,0,0
###katbjon###,kattton,kattoon,0.049098,kattoon,0.049098,0,0
###katröen###,kartden,kattoon,0.007221,katujen,0.006534,0,0
###kauipva###,kaipuva,kauhava,0.023301,kauhava,0.023301,0,0
###kautrna###,kautuna,kahtena,0.026413,kaukana,0.011829,0,0
###kautgus###,kautuus,kauneus,0.027879,kauneus,0.027879,0,0
###kaurfin###,kaurrin,kauniin,0.050258,kauniin,0.050258,0,0
###kauobit###,kaaaiit,kauniit,0.028453,kauniit,0.028453,0,0
###kaujlaa###,kauulja,kadulla,0.014345,kauppaa,0.005125,1,0
###kavluin###,kalluin,kaverin,0.004036,kaverin,0.004036,0,0
###kavnoit###,kavnoit,kauniit,0.127869,kaverit,0.082660,0,0
###kehpbko###,kehpkko,kehikko,0.954150,kehikko,0.954150,0,1
###kehöbti###,kehönta,kehitti,0.055094,kehitti,0.055094,0,0
###kehfnys###,kehänys,kehitys,0.476854,kehitys,0.476854,0,0
###kehjäti###,kehjäti,kehitti,0.320004,kehotti,0.213658,0,0
###kehlbus###,kellkus,kehotus,0.308071,kehotus,0.308071,0,0
###keiltin###,keiltin,kyöstin,0.007513,keinoin,0.004057,0,0
###keiälja###,keiljja,keinoja,0.238349,keinoja,0.238349,0,0
###keiyfri###,keireri,keisari,0.194221,keisari,0.194221,0,0
###keisniö###,keissöö,keisari,0.355615,keittiö,0.335409,1,0
###kelfota###,kellota,kelasta,0.401906,kelasta,0.401906,0,0
###kemörsä###,kemrrsä,kemissä,0.446841,kemissä,0.446841,0,0
###kemoäle###,kemoole,kenelle,0.029849,kempele,0.019582,0,0
###kemyrta###,keryrta,kemusta,0.047730,kemusta,0.047730,0,0
###kengsle###,kenelle,kenelle,0.754292,kenelle,0.754292,0,1
###kenlmes###,kenemms,kenties,0.130989,kenties,0.130989,0,0
###kenybää###,keynenä,keväänä,0.008126,kenttää,0.001084,1,0
###kersian###,kersian,kertaan,0.036190,keravan,0.026722,0,0
###kerdmin###,kerimin,kerroin,0.055111,kerroin,0.055111,0,0
###keröäan###,kerpään,kertaan,0.103823,kertaan,0.103823,0,0
###kermvja###,kervoja,kertoja,0.383391,kertoja,0.383391,0,0
###keryfva###,kervrva,kertova,0.411610,kertova,0.411610,0,0
###kerafen###,keraden,keravan,0.106737,keränen,0.029505,0,0
###kerhhty###,kehhtty,kerätty,0.827694,kerätty,0.827694,0,1
###kesdövä###,kesdävä,kestävä,0.542526,kestävä,0.542526,0,1
###kesbusi###,kessksi,kesäksi,0.452972,kesäksi,0.452972,0,0
###kestouu###,kesttuu,kesäkuu,0.023295,kesäkuu,0.023295,0,0
###kesdplä###,kespplä,kesällä,0.162198,kesällä,0.162198,0,0
###kesurtä###,kesustä,kesästä,0.037517,kesästä,0.037517,0,0
###ketjöen###,kettjen,ketonen,0.176035,ketonen,0.176035,0,0
###keuötun###,kkuttun,kouluun,0.009280,keuruun,0.003484,0,0
###kevdjtä###,keväjtä,kevyttä,0.071126,kevyttä,0.071126,0,0
###kevsmtä###,kevämtä,kevyttä,0.028448,kevättä,0.010073,0,0
###kevöinä###,kevvinä,keväänä,0.068204,keväänä,0.068204,1,0
###kiefpen###,kieiden,kivinen,0.009539,kieleen,0.006222,0,0
###kievdon###,kiedoon,kiellon,0.005830,kiellon,0.005830,1,0
###kiespen###,keepten,kieleen,0.004149,kielten,0.002876,0,0
###kieööää###,kieöpöä,viestiä,0.006893,kieltää,0.000875,0,0
###kieddos###,kidddos,kierros,0.234130,kierros,0.234130,1,0
###kiehgää###,kihdtää,vihreää,0.008171,kiertää,0.000462,0,0
###kiivayy###,kiikyyy,kiinaan,0.037994,kiihtyy,0.009378,0,0
###kiivsan###,kiivsan,kiinaan,0.058414,kiinaan,0.058414,0,0
###kiiuaeä###,kiikeeä,kiittää,0.044389,kiinteä,0.027889,0,0
###kiivaen###,kiikaen,kiireen,0.005151,kiireen,0.005151,0,0
###kiiolää###,kiiioää,kiittää,0.188966,kiittää,0.188966,1,0
###kimugsi###,kimuksi,kimalsi,0.092409,kimalsi,0.092409,0,0
###kirfoan###,kirroan,kirjaan,0.044947,kirjaan,0.044947,0,0
###kirmota###,kirmota,kirjata,0.090749,kirjata,0.090749,0,0
###kirlgen###,kiröden,kirjeen,0.007177,kirjeen,0.007177,0,0
###kirgset###,keriset,kirjeet,0.019456,kirjeet,0.019456,0,0
###kiryuin###,kirrkun,kirjaan,0.012936,kirjein,0.002033,0,0
###kirguja###,kiruuja,kirjoja,0.105434,kirjoja,0.105434,0,0
###kirhloa###,kirhooa,kirkkoa,0.149116,kirkkoa,0.149116,1,0
###kisönsa###,kisunsa,kisassa,0.580203,kisassa,0.580203,0,1
###kisbren###,kisuren,kisojen,0.060632,kisojen,0.060632,0,0
###kitdöen###,kisdden,kanadan,0.022136,kitisen,0.007998,0,0
###kitealä###,kitkälä,kittilä,0.278425,kittilä,0.278425,0,0
###kivyhen###,kihynen,kivinen,0.124369,kivinen,0.124369,0,0
###kivoätö###,kivottö,kivistö,0.542350,kivistö,0.542350,0,1
###klivgaa###,keivkaa,leikkaa,0.035257,klikkaa,0.002588,1,0
###kodptsa###,kodstaa,koittaa,0.024981,kodissa,0.015832,0,0
###kodnnta###,konnnta,konetta,0.060044,kodista,0.003177,0,0
###koemöan###,koemoan,koetaan,0.198514,koetaan,0.198514,0,0
###kohpgta###,kohpsta,kohdata,0.103345,kohdata,0.103345,0,0
###kohvgan###,kohvvan,kohtaan,0.664495,kohtaan,0.664495,0,1
###kohgplo###,kohpllo,kohtalo,0.293638,kohtalo,0.293638,0,0
###kohvben###,kohveen,kohteen,0.325421,kohteen,0.325421,0,0
###kohsdet###,kohoeet,kohteet,0.661406,kohteet,0.661406,0,1
###kohnalu###,konhalu,kohtelu,0.033903,kohtelu,0.033903,0,0
###koijjen###,koijjen,kirjeen,0.012964,koirien,0.008411,0,0
###koighaa###,koihkaa,koittaa,0.181540,koittaa,0.181540,1,0
###koiggla###,koipala,voimala,0.015925,koivula,0.012896,0,0
###kokuule###,kokuule,kokeile,0.062163,kokeile,0.062163,0,0
###kokydlu###,kokellu,kokeilu,0.406290,kokeilu,0.406290,0,0
###kokgvus###,kokivus,kokemus,0.252361,kokemus,0.252361,0,0
###kokfgut###,kokkkut,kokenut,0.021782,kokenut,0.021782,0,0
###kokmuaa###,kokkuna,kokkola,0.033420,kokevaa,0.030376,0,0
###kokriat###,kokkiat,kokivat,0.084711,kokevat,0.034886,0,0
###kokgyat###,kokstat,kokivat,0.033161,kokivat,0.033161,0,0
###kokhdla###,kodalla,kovalla,0.014501,kokkola,0.005312,0,0
###kolgsen###,kolosen,kolmeen,0.049949,kolmeen,0.049949,0,0
###kolbfna###,kolvsna,kolmena,0.181302,kolmena,0.181302,0,0
###kolähni###,kohonni,kehotti,0.052957,kolumni,0.040744,0,0
###komufea###,komamea,komitea,0.452104,komitea,0.452104,0,0
###kondvta###,konvdta,koneita,0.168718,koneita,0.168718,0,0
###konyita###,koynita,koneita,0.134449,konetta,0.000101,0,0
###kooprut###,koopput,koonnut,0.446265,koonnut,0.446265,1,0
###kooööui###,koolpui,koostui,0.046131,koostui,0.046131,0,0
###koophuu###,koohhuu,koostuu,0.310125,koostuu,0.310125,0,0
###koopjan###,koopjan,kootaan,0.586013,kootaan,0.586013,0,1
###kopulen###,kopulen,koponen,0.018113,koponen,0.018113,0,0
###korynta###,korunta,korvata,0.018275,korjata,0.014366,0,0
###kordfus###,korosus,korkeus,0.119335,korjaus,0.037698,0,0
###korylaa###,koruraa,korkeaa,0.138271,korkeaa,0.138271,0,0
###koröpan###,korppan,korkean,0.036233,korkean,0.036233,0,0
###korösat###,korpsat,korkeat,0.093112,korkeat,0.093112,0,0
###korvvin###,korvvin,korkein,0.101190,korkein,0.101190,0,0
###kornäus###,kornäus,korkeus,0.081282,korkeus,0.081282,0,0
###korbtja###,korjtaa,korttia,0.028691,korkoja,0.006419,0,0
###kornjti###,korjoti,korosti,0.213686,korosti,0.213686,0,0
###korbeus###,koreeus,korkeus,0.405695,korotus,0.009034,0,0
###kortvla###,korvula,korvata,0.033721,korpela,0.020568,0,0
###kordvun###,korudun,korsuun,0.099059,korsuun,0.099059,0,0
###korödia###,koridia,korttia,0.074810,korttia,0.074810,1,0
###korjlta###,korjsta,korjata,0.306308,korvata,0.000165,0,0
###korbäus###,korjäus,korkeus,0.121739,korvaus,0.027996,0,0
###koröena###,korrena,korvina,0.062914,korvina,0.062914,0,0
###kosjuan###,kossuun,korsuun,0.182656,koskaan,0.002219,0,0
###kosdfla###,kosolla,koskela,0.068923,koskela,0.068923,0,0
###kosmlva###,kosmmva,koskeva,0.500782,koskeva,0.500782,0,1
###kosbyen###,kossyen,kosonen,0.095072,koskien,0.057689,0,0
###kosgven###,koseven,kosonen,0.098977,kosonen,0.098977,0,0
###kosjjus###,kossjus,kosteus,0.175496,kosteus,0.175496,0,0
###kotrjaa###,kotttaa,kotimaa,0.141480,kotimaa,0.141480,0,0
###kotbhsa###,kotossa,kovassa,0.003728,kotinsa,0.001436,0,0
###kouvvja###,kovvoja,kovassa,0.047183,kouluja,0.003003,0,0
###koujjun###,koiuuun,kouluun,0.063358,kouluun,0.063358,0,0
###koufgla###,kouuula,kouvola,0.088312,kouvola,0.088312,0,0
###kovhrla###,kohvlla,korpela,0.009546,kovalla,0.004752,0,0
###kovijen###,kovijen,kovanen,0.016477,kovanen,0.016477,0,0
###kovdbsa###,kovvssa,kovassa,0.451579,kovassa,0.451579,0,0
###kovyeti###,koveeti,kovasti,0.018726,kovasti,0.018726,0,0
###kreöjan###,kreöjan,kreikan,0.174656,kreikan,0.174656,0,0
###krebvka###,kervoka,kertoja,0.008909,kreikka,0.001858,0,0
###krivpin###,keivkin,kriisin,0.124201,kriisin,0.124201,0,0
###kriepiä###,keerpiä,kriisiä,0.038941,kriisiä,0.038941,0,0
###kridbus###,krikkus,kristus,0.348992,kristus,0.348992,0,0
###kroöjia###,kroijja,kouluja,0.017751,kroatia,0.007092,0,0
###kukgesi###,kukeesi,kukaksi,0.191258,kukaksi,0.191258,0,0
###kukepta###,kukepta,kukinta,0.136162,kukinta,0.136162,0,0
###kuklden###,kukelen,kukkien,0.122185,kukkien,0.122185,0,0
###kulsöva###,kulvuva,kulkeva,0.125014,kulkeva,0.125014,0,0
###kulsnla###,kulslla,kulmala,0.085991,kulmala,0.085991,0,0
###kuloden###,kuloden,kuronen,0.015984,kulujen,0.007290,0,0
###kulrbut###,kurruut,kulunut,0.090109,kulunut,0.090109,0,0
###kulöpus###,kulppus,kuvitus,0.046003,kulutus,0.025422,0,0
###kuleean###,kullean,kieleen,0.020180,kuluvan,0.000164,0,0
###kumvbla###,kuvmlla,kovalla,0.010419,kumpula,0.001321,0,0
###kunefan###,kunekan,kuntaan,0.125750,kunnian,0.044578,0,0
###kunööan###,kyöödan,kyöstin,0.023964,kuntaan,0.001539,0,0
###kunähen###,kuhhnen,kuntien,0.006122,kuntien,0.006122,0,0
###kunäpin###,känpkin,kutakin,0.009397,kuntiin,0.004848,0,0
###kunjjon###,kunjjen,kuntien,0.081398,kuntoon,0.011080,0,0
###kuopvma###,kuosmma,kuolema,0.071736,kuolema,0.071736,0,0
###kuovdut###,kuoidut,kuollut,0.027712,kuollut,0.027712,1,0
###kuoyjon###,kukjjen,kulujen,0.077563,kuopion,0.002108,0,0
###kuoaaen###,kuokaen,ruokaan,0.005240,kuoreen,0.001157,0,0
###kuoblan###,kuollan,kuorman,0.019056,kuorman,0.019056,0,0
###kuryöan###,kururan,kurikan,0.124819,kurikan,0.124819,0,0
###kurbäka###,kurkkka,kurikka,0.079034,kurikka,0.079034,0,0
###kuröjsa###,kurusja,kurssia,0.081637,kurissa,0.069393,0,0
###kurgäen###,kurräen,kuronen,0.052670,kuronen,0.052670,0,0
###kureäia###,kurriia,kerroin,0.058565,kurssia,0.001678,1,0
###kurjmin###,kurujin,kurssin,0.117649,kurssin,0.117649,1,0
###kurnäit###,kurräit,kurssit,0.155628,kurssit,0.155628,1,0
###kutbdin###,kutidin,kutakin,0.031750,kutakin,0.031750,0,0
###kuudvut###,kuuuuut,kurssit,0.010549,kuullut,0.001973,1,0
###kuuötja###,kuuttja,kuuluja,0.023212,kuuluja,0.023212,0,0
###kuudtva###,kuuddva,kuuluva,0.167344,kuuluva,0.167344,0,0
###kuuprna###,kuurrna,kuumana,0.055465,kuumana,0.055465,0,0
###kuuvnmo###,kuvuomo,kuusamo,0.061643,kuusamo,0.061643,0,0
###kuurmla###,kuurrla,kuusela,0.017473,kuusela,0.017473,0,0
###kuubpen###,kuupten,kuuteen,0.117481,kuuteen,0.117481,0,0
###kuuepon###,kuupten,kuuteen,0.026300,kuution,0.007486,0,0
###kuväfja###,kuvajja,kuvaaja,0.678193,kuvaaja,0.678193,1,1
###kuvttva###,kuvttva,kuvaava,0.058379,kuvaava,0.058379,1,0
###kuväosa###,kuvoosa,kuvissa,0.238154,kuvassa,0.127590,0,0
###kuviita###,kuviita,kuvista,0.329845,kuvasta,0.000317,0,0
###kuvhötu###,kuhhttu,kuvattu,0.049232,kuvattu,0.049232,0,0
###kuvblsa###,kuvvlsa,kuvissa,0.263616,kuvissa,0.263616,0,0
###kuvjrta###,kuvusta,turusta,0.075220,kuvista,0.058223,0,0
###kuvldus###,kuvvlus,kuvitus,0.622425,kuvitus,0.622425,0,1
###kyefvyt###,kyvyvyt,kyennyt,0.077500,kyennyt,0.077500,1,0
###kyköaee###,kyeöeee,kieleen,0.237971,kykenee,0.063470,0,0
###kylsfen###,kylpeen,kylkeen,0.314192,kylkeen,0.314192,0,0
###kylnolä###,kylnolä,kylpylä,0.031001,kylpylä,0.031001,0,0
###kyluusä###,kylläsä,kylässä,0.011719,kylässä,0.011719,0,0
###kylvmtä###,kylymtä,kylästä,0.177638,kylästä,0.177638,0,0
###kysgblä###,kysällä,kysellä,0.541210,kysellä,0.541210,0,1
###kyspoyn###,kyspyyn,kyselyn,0.202541,kyselyn,0.202541,0,0
###kyspuyt###,kysppyt,kyselyt,0.325202,kyselyt,0.325202,0,0
###kysojys###,kysojys,kosteus,0.017798,kysymys,0.016486,0,0
###kysjbtä###,kysästä,kysyntä,0.067968,kysyntä,0.067968,0,0
###kyshäty###,kyssyty,kysytty,0.232805,kysytty,0.232805,0,0
###kysiiät###,kyiiiät,kaikkia,0.005182,kysyvät,0.004881,0,0
###kyyfmin###,kyymmin,kyytiin,0.232985,kyytiin,0.232985,0,0
###kyöefin###,kyööiin,kyöstin,0.102078,kyöstin,0.102078,0,0
###käduvlä###,kädulvä,kädellä,0.020052,kädellä,0.020052,0,0
###kädgösä###,käddäöä,kädellä,0.429771,kädessä,0.125411,0,0
###kädjytä###,kädjäty,kädestä,0.095168,kädestä,0.095168,0,0
###käpmeän###,kämmeän,kärkeen,0.006978,käpylän,0.001740,0,0
###käroben###,kärooen,kärkeen,0.288670,kärkeen,0.288670,0,0
###käsrösi###,kärsssi,käsiksi,0.088461,käsiksi,0.088461,0,0
###käsholä###,kässolä,käsillä,0.200852,käsillä,0.200852,0,0
###kästhsä###,kähtsää,kohtaan,0.013379,käsissä,0.001587,0,0
###käsvptä###,käsvptä,käsistä,0.415069,käsistä,0.415069,0,0
###käsuuys###,kässäus,katsaus,0.016788,käsitys,0.010161,0,0
###kätoosä###,kätoosä,kätensä,0.104891,kätensä,0.104891,0,0
###kävöbee###,kävveee,kävelee,0.301848,kävelee,0.301848,0,0
###kävhslä###,kähvolä,kävellä,0.033534,kävellä,0.033534,0,0
###kävanät###,kävanät,kävivät,0.059360,kävijät,0.009790,0,0
###kävmrää###,kämmrää,käyttää,0.048935,kävijää,0.021090,0,0
###kävdnme###,kävämne,kävimme,0.100602,kävimme,0.100602,0,0
###kävghät###,kähytät,käyttää,0.022240,kävivät,0.011317,0,0
###käyopän###,käyppän,käytiin,0.021046,käydään,0.015188,0,0
###käyfdän###,kääddän,käydään,0.167459,käymään,0.000403,0,0
###käydhet###,kähhtet,käyneet,0.102538,käyneet,0.102538,0,0
###käyjain###,käyjäin,käynnin,0.103880,käynnin,0.103880,1,0
###käynhtä###,kähhätä,kädestä,0.034487,käytetä,0.031482,0,0
###käyugin###,käyykin,käynnin,0.025978,käytiin,0.015494,0,0
###käyboää###,käydoää,käyttää,0.518914,käyttää,0.518914,1,1
###käysröä###,kärsröä,säästöä,0.092260,käyttöä,0.071460,1,0
###käysuvä###,käyvävä,käytävä,0.674789,käytävä,0.674789,0,1
###käämoös###,käämmös,käännös,0.046754,käännös,0.046754,1,0
###kääuhyi###,kähykyi,kääntyi,0.016859,kääntyi,0.016859,0,0
###kääöfyy###,käypyyy,täyttyy,0.022099,kääntyy,0.019960,0,0
###kääpdyä###,kääpäyä,kääntyä,0.046712,kääntyä,0.046712,0,0
###käävöää###,käyväää,käyttää,0.017211,kääntää,0.015853,0,0
###köypfen###,kyypeen,köyhien,0.060322,köyhien,0.060322,0,0
###köyouys###,köyhäus,köyhyys,0.260374,köyhyys,0.260374,0,0
###laadtan###,laattan,laajaan,0.051577,laajaan,0.051577,0,0
###laarvni###,laavrni,laajeni,0.118166,laajeni,0.118166,0,0
###laagnja###,laajaja,laajoja,0.055989,laajoja,0.055989,0,0
###laavfus###,laavsus,lavalle,0.016455,laajuus,0.012387,0,0
###laafuon###,laajuon,laakson,0.345833,laakson,0.345833,0,0
###laaömun###,laaaöun,laatuun,0.254910,laatuun,0.254910,0,0
###laebpsi###,laeassi,laeiksi,0.305301,laeiksi,0.305301,0,0
###lahdija###,lahjija,lahjoja,0.123624,lahjoja,0.123624,0,0
###laiddta###,ladddta,lainata,0.006692,lainata,0.006692,0,0
###laiäden###,liidden,laisten,0.061470,laisten,0.061470,0,0
###laidean###,laidean,laisten,0.018598,laitaan,0.015895,0,0
###laiyäla###,laijala,laitila,0.073423,laitila,0.073423,0,0
###laisnaa###,laisaaa,laittaa,0.138978,laittaa,0.138978,1,0
###laijsoi###,laijssi,laituri,0.036407,laittoi,0.021979,1,0
###laijyri###,laijari,laituri,0.400907,laituri,0.400907,0,0
###lapmjsa###,lapmmja,lapissa,0.057052,lapissa,0.057052,0,0
###lapyäna###,lappnna,lapsena,0.281578,lapsena,0.281578,0,0
###lapydni###,lapindi,lapseni,0.028897,lapseni,0.028897,0,0
###lapjmin###,lampjin,lapsiin,0.013323,lapsiin,0.013323,0,0
###lapteus###,lapteus,lapsuus,0.026162,lapsuus,0.026162,0,0
###lasvjun###,lalvjun,laskuun,0.016649,laskuun,0.016649,0,0
###lasupla###,lasplla,lapissa,0.055431,lassila,0.016326,0,0
###latbuan###,lattuan,lattian,0.377312,lattian,0.377312,0,0
###latröla###,lattöla,latvala,0.028009,latvala,0.028009,0,0
###lauirja###,laauuja,lauluja,0.009568,laulaja,0.005334,0,0
###lauhtja###,lautaja,laittaa,0.017070,lauluja,0.004303,0,0
###laukkla###,laukkla,laurila,0.019529,laurila,0.019529,0,0
###lavpmla###,lavmmla,lavalla,0.148559,lavalla,0.148559,0,0
###lavtkle###,lalvele,lavalle,0.507154,lavalle,0.507154,0,1
###legsäda###,ledsäda,legenda,0.080167,legenda,0.080167,0,0
###lehrjen###,leljeen,lehteen,0.615467,lehmien,0.008763,0,0
###lehfäen###,leheeän,lehteen,0.144426,lehteen,0.144426,0,0
###lehpben###,lehpeen,lehteen,0.618014,lehtien,0.001113,0,0
###lehgbla###,lehakla,lehtola,0.496818,lehtola,0.496818,0,0
###lehfjri###,lehjori,lehtori,0.264466,lehtori,0.264466,0,0
###leibjta###,leljöta,kelasta,0.033217,leikata,0.021464,0,0
###leiobaa###,leilova,leikkaa,0.022873,leikkaa,0.022873,1,0
###leitniä###,leitiiä,liittyä,0.087736,leikkiä,0.045196,1,0
###leiöömo###,leilöto,leipomo,0.085558,leipomo,0.085558,0,0
###leprdtö###,lelpötö,selvitä,0.008163,lepistö,0.001811,0,0
###leparlä###,leppllä,leppälä,0.071399,leppälä,0.071399,0,0
###levfdki###,levikki,levikki,0.584848,levikki,0.584848,0,1
###liebtan###,liettan,lieksan,0.040010,lieksan,0.040010,0,0
###lieupen###,liennen,liemien,0.227234,liemien,0.227234,0,0
###liegvua###,lieetva,liettua,0.040955,liettua,0.040955,1,0
###liioösi###,liiiisi,liiaksi,0.300479,liiaksi,0.300479,0,0
###liigmua###,liiitua,liikkua,0.025124,liikkua,0.025124,1,0
###liivtuu###,liivtuu,liikkuu,0.172258,liikkuu,0.172258,1,0
###liisnyi###,liisyyi,liittyi,0.136620,liittyi,0.136620,1,0
###liikdyy###,liidyyy,liittyy,0.659742,liittyy,0.659742,1,1
###liisnyä###,liisäyä,liittyä,0.258433,liittyä,0.258433,1,0
###liivsää###,liivsvä,liittyä,0.239403,liittää,0.221632,1,0
###limugka###,limukka,liminka,0.047558,liminka,0.047558,0,0
###linopja###,linpoja,lintuja,0.030142,lintuja,0.030142,0,0
###lipvdja###,lilvuja,lippuja,0.019088,lippuja,0.019088,0,0
###lisrfsi###,lisässi,lisäisi,0.013558,lisäisi,0.013558,0,0
###lisefsi###,lisissi,lisäisi,0.014706,lisäksi,0.006034,0,0
###lisppty###,lipptyy,liittyy,0.073472,lisätty,0.027999,0,0
###liuörva###,liuurva,luotava,0.022869,liukuva,0.007152,0,0
###liuryta###,liurata,liuosta,0.127099,liuosta,0.127099,0,0
###loiävan###,loivvan,loimaan,0.096635,loimaan,0.096635,0,0
###lokpruu###,loluuuu,lokakuu,0.059368,lokakuu,0.059368,0,0
###lomfäla###,lommlla,lomalla,0.044333,lomalla,0.044333,0,0
###lomtrle###,lomtele,lomalle,0.786899,lomalle,0.786899,0,1
###lomjisa###,lomjisa,lomassa,0.251922,lomassa,0.251922,0,0
###longäon###,looolon,lontoon,0.101543,lontoon,0.101543,0,0
###lopösti###,lopisti,lopetti,0.152899,lopetti,0.152899,0,0
###lopafun###,lolanun,lokakuu,0.025142,loppuun,0.019287,0,0
###lophösi###,lopihsi,lopuksi,0.085831,lopuksi,0.085831,0,0
###lopetla###,lopelta,lopulta,0.043554,lopulla,0.010103,0,0
###lopneta###,lopnnta,lopulta,0.273003,lopulta,0.273003,0,0
###lopöksa###,lopussa,lopussa,0.074797,lopussa,0.074797,0,0
###lotööle###,lovtötö,lähtöön,0.037300,lotalle,0.004630,0,0
###loupban###,loupuan,lounaan,0.250459,lounaan,0.250459,0,0
###lovöysa###,lovvssa,loviisa,0.237459,loviisa,0.237459,1,0
###luettoi###,luettoi,laittoi,0.189411,luennoi,0.023484,1,0
###lueygon###,lulonon,lukijan,0.019541,luennon,0.010374,1,0
###luejvot###,luvjlot,luennot,0.456092,luennot,0.456092,1,0
###luevpan###,luevpan,luetaan,0.381125,luetaan,0.381125,0,0
###lukrhut###,lukkkut,lukenut,0.427003,lukenut,0.427003,0,0
###lukhbaa###,luhkaaa,juhlaan,0.005380,lukijaa,0.003104,0,0
###lukbban###,lulkaan,lukijan,0.029761,lukijan,0.029761,0,0
###lukönat###,llknnat,lukijat,0.022266,lukijat,0.022266,0,0
###luksmen###,luksmun,lukujen,0.073337,lukujen,0.073337,0,0
###luoskan###,luoskan,luokkaa,0.132414,luodaan,0.005571,0,0
###luofraa###,luouraa,luottaa,0.056447,luokkaa,0.036400,1,0
###luogban###,luomhan,luomaan,0.086274,luomaan,0.086274,0,0
###luoihet###,luoitet,luoneet,0.054030,luoneet,0.054030,0,0
###luopöon###,luophon,luonnon,0.282182,luonnon,0.282182,1,0
###luopeoa###,luoleoa,luonnon,0.025081,luontoa,0.025036,0,0
###luodrva###,loourva,toimiva,0.011494,luotava,0.008634,0,0
###luovain###,luoviin,luotiin,0.094714,luotiin,0.094714,0,0
###luoökaa###,luokkaa,luokkaa,0.135594,luottaa,0.036382,1,0
###luoeyus###,lueleus,luovuus,0.021265,luovuus,0.021265,0,0
###luupäsi###,luuläsi,luulisi,0.652511,luulisi,0.652511,0,1
###luvöpsa###,luvvssa,luvassa,0.135633,luvassa,0.135633,0,0
###luvddtu###,vudddtu,uudesta,0.019422,luvattu,0.000673,0,0
###luvihla###,luvilla,luvulla,0.039750,luvulla,0.039750,0,0
###luvdpsa###,luvskaa,lavalla,0.084625,luvussa,0.015800,0,0
###lyhdvtä###,lyhyltä,lyhyttä,0.109132,lyhyitä,0.088358,0,0
###lyhdptä###,lyhyptä,lyhyttä,0.129996,lyhyttä,0.129996,0,0
###lähvyle###,lähvyle,lähelle,0.561112,lähelle,0.561112,0,1
###lähtvlä###,lähtllä,lähellä,0.162292,lähellä,0.162292,0,0
###lähvbtä###,lähvötä,läheltä,0.150683,läheltä,0.150683,0,0
###lähvsin###,lähvsin,lähetin,0.215612,lähetin,0.215612,0,0
###lähasti###,lahasti,pahasti,0.190139,lähetti,0.018762,0,0
###lähpuys###,lähpäys,lähetys,0.660772,lähetys,0.660772,0,1
###lähpvnä###,lähvänä,lähellä,0.244394,lähinnä,0.066156,0,0
###läharet###,lähaltt,lähteet,0.047174,lähteet,0.047174,0,0
###lähuöen###,lählnen,lähtöön,0.055590,lähtien,0.036344,0,0
###lähkvön###,lähökön,lähtien,0.039583,lähtöön,0.024970,0,0
###länöaen###,läänöen,länteen,0.022493,länteen,0.022493,0,0
###lääefri###,läeräri,lääkäri,0.015587,lääkäri,0.015587,0,0
###maarema###,maarema,maailma,0.248251,maailma,0.248251,0,0
###maaeyus###,maaeeus,maalaus,0.029670,maalaus,0.029670,0,0
###maapyin###,maapain,maaliin,0.149520,maaliin,0.149520,0,0
###maajhla###,maaalla,maatila,0.038697,maatila,0.038697,0,0
###mahdöva###,mahhuva,mahtava,0.099050,mahtava,0.099050,0,0
###maityen###,maiteen,maineen,0.116596,maineen,0.116596,0,0
###maieyta###,maeeita,makseta,0.031687,mainita,0.025924,0,0
###maiölma###,maailma,maailma,0.573311,maisema,0.013792,0,0
###maifäuu###,maihuuu,maistuu,0.748107,maistuu,0.748107,0,1
###makfgta###,makamta,makseta,0.021194,makseta,0.021194,0,0
###makäumi###,makkimi,maksimi,0.215130,maksimi,0.215130,0,0
###makgnja###,maknnja,maksuja,0.017001,maksuja,0.017001,0,0
###makfäen###,makkeen,makujen,0.043327,makujen,0.043327,0,0
###maldven###,maleden,malinen,0.209802,malinen,0.209802,0,0
###malnrja###,malueja,malleja,0.139527,malleja,0.139527,0,0
###malphen###,mampeen,tarpeen,0.038383,mallien,0.001981,0,0
###malkuin###,malkoin,melkein,0.070782,malliin,0.070177,0,0
###maräpta###,marapta,parasta,0.055265,maritta,0.017113,0,0
###marffja###,marmoja,marjoja,0.447142,marjoja,0.447142,0,0
###marftaa###,marutaa,markkaa,0.258014,markkaa,0.258014,1,0
###matfäan###,mattvan,matkaan,0.173343,matalan,0.156220,0,0
###matfyia###,mattiia,materia,0.048232,materia,0.048232,0,0
###matplan###,mattlan,matalan,0.216536,matkaan,0.003412,0,0
###matgyja###,mattaja,matkoja,0.110665,matkoja,0.110665,0,0
###matkdla###,matklla,mattila,0.176091,mattila,0.176091,0,0
###maupvla###,mauuula,maunula,0.049416,maunula,0.049416,0,0
###melrvsi###,meleosi,melassi,0.645942,melassi,0.645942,0,1
###meluhin###,melunin,melkein,0.151946,melkein,0.151946,0,0
###menrhti###,menhtti,menetti,0.519287,menetti,0.519287,0,1
###menpoys###,menpyys,menetys,0.474362,menetys,0.474362,0,0
###menjjän###,menjjän,menojen,0.245242,menevän,0.046826,0,0
###menspät###,menspät,menneet,0.017379,menevät,0.011244,0,0
###menföät###,menntät,menneet,0.501409,menivät,0.069831,0,0
###menbhen###,menhnen,menojen,0.082517,menneen,0.063469,0,0
###menölet###,menilet,menneet,0.396617,menneet,0.396617,0,0
###menjkän###,menjjän,menojen,0.103042,mennään,0.008595,0,0
###menröen###,menneen,menneen,0.022438,menojen,0.009385,0,0
###mendpsa###,menssfa,menossa,0.091317,menossa,0.091317,0,0
###menkpin###,mennkin,mentiin,0.046183,mentiin,0.046183,0,0
###merjäle###,merjäle,merelle,0.040543,merelle,0.040543,0,0
###meröölä###,merlölä,merellä,0.137716,merellä,0.137716,0,0
###merdötä###,merdptä,merkitä,0.229340,merkitä,0.229340,0,0
###meruliä###,meruliä,merkkiä,0.317856,merkkiä,0.317856,1,0
###meskhri###,messeri,mestari,0.314966,mestari,0.314966,0,0
###metsöli###,messiti,metalli,0.142946,metalli,0.142946,0,0
###metajin###,metajin,metriin,0.054409,metriin,0.054409,0,0
###metvuen###,metteen,metriin,0.017263,metsien,0.007708,0,0
###metböän###,mettään,metsään,0.171761,metsään,0.171761,0,0
###mieöyni###,mielyni,mieheni,0.302219,mieheni,0.302219,0,0
###mieudnä###,midddnä,miehenä,0.066566,miehenä,0.066566,0,0
###miepuen###,miipeen,mieleen,0.014899,mieleen,0.014899,0,0
###mieoäen###,miedäen,miesten,0.024295,miesten,0.024295,0,0
###mienuii###,mienemi,miettii,0.045299,miettii,0.045299,1,0
###miehpiä###,miehpiä,miettiä,0.103765,miettiä,0.103765,1,0
###mikgbli###,mikklli,miettii,0.034355,mikkeli,0.028922,0,0
###mikvbin###,mikkiin,mikkiin,0.888000,mikkiin,0.888000,0,1
###mikgpla###,mikppla,oikeita,0.009172,mikkola,0.007108,0,0
###milefin###,milmiin,silmiin,0.042432,milloin,0.025301,0,0
###miltvän###,miltvän,millään,0.056514,millään,0.056514,0,0
###minaöän###,minadan,minkään,0.018891,minkään,0.018891,0,0
###minypla###,ninplla,sinulla,0.016264,minulla,0.009977,0,0
###minhvle###,minhele,minulle,0.045365,minulle,0.045365,0,0
###minrkta###,minktta,oireita,0.010024,minulta,0.003502,0,0
###minärsa###,minassa,minusta,0.066877,minussa,0.028991,0,0
###minjpta###,minjpta,ainetta,0.030773,minusta,0.021312,0,0
###minysin###,minukin,minäkin,0.131265,minäkin,0.131265,0,0
###mirsnmi###,miräami,mirjami,0.057773,mirjami,0.057773,0,0
###misvdän###,misädän,missään,0.018715,missään,0.018715,0,0
###misbdän###,misädän,missään,0.011324,mistään,0.010085,0,0
###miteytu###,miteitu,mitattu,0.186771,mitattu,0.186771,0,0
###miteoan###,mieeoan,tietoon,0.033783,mittaan,0.018359,0,0
###mitögri###,miitrri,päivyri,0.007439,mittari,0.005539,0,0
###mitljus###,mitjsus,mittaus,0.532078,mittaus,0.532078,0,1
###mitrsva###,mitasva,mittava,0.103487,mittava,0.103487,0,0
###modtsni###,modtsii,monesti,0.149992,moderni,0.005179,0,0
###monirla###,monilla,monilla,0.890348,monella,0.012805,0,0
###monpule###,monplle,monille,0.549579,monelle,0.457724,0,0
###monästa###,monosta,monista,0.318767,monelta,0.000441,0,0
###monhpsa###,monhsaa,monista,0.023385,monessa,0.013887,0,0
###monöhta###,monhsta,monista,0.100166,monesta,0.035181,0,0
###monöyti###,montpti,monesti,0.345803,monesti,0.345803,0,0
###mondrla###,monulla,monella,0.208782,monilla,0.160866,0,0
###monägle###,monnlle,monelle,0.442598,monille,0.345258,0,0
###monäpta###,monopta,monista,0.024176,monilta,0.013487,0,0
###mondgsa###,monnasa,mononen,0.043751,monissa,0.015654,0,0
###monyhta###,monhnta,monilta,0.019289,monista,0.018944,0,0
###mongden###,mododen,mononen,0.196102,mononen,0.196102,0,0
###monyjko###,monjojo,montako,0.106472,montako,0.106472,0,0
###morköan###,morkaan,markkaa,0.065392,morsian,0.017263,0,0
###motköan###,motkkan,motivan,0.420464,motivan,0.420464,0,0
###motdyoi###,modtiti,moderni,0.023652,motivoi,0.001929,0,0
###muhyaen###,muhheen,myöhään,0.015323,muhonen,0.014422,0,0
###muiboaa###,muisoaa,muistaa,0.157969,muistaa,0.157969,0,0
###muipgan###,muimaan,saimaan,0.023901,muistan,0.014752,0,0
###muikfin###,muikkin,muutkin,0.073103,muistin,0.014669,0,0
###muiöyot###,muihiot,muistot,0.433205,muistot,0.433205,0,0
###mukbdaa###,mudamaa,mukavaa,0.095260,mukavaa,0.095260,0,0
###muköpan###,mukppan,muistan,0.016369,mukavan,0.003165,0,0
###mukgfia###,mukaiia,mukavia,0.239324,mukavia,0.239324,0,0
###muogjta###,muojjta,muokata,0.284163,muokata,0.284163,0,0
###muoaäen###,muodäen,muotien,0.219290,muotien,0.219290,0,0
###muolpja###,muoloja,muotoja,0.427636,muotoja,0.427636,0,0
###muokgon###,muokoon,muotoon,0.145107,muotoon,0.145107,0,0
###muryhen###,murheen,murujen,0.118328,murujen,0.118328,0,0
###muslton###,mulston,muistot,0.025072,museoon,0.002769,0,0
###muuöila###,muulila,muualla,0.234286,muualla,0.234286,0,0
###muuoäle###,muuläle,muualle,0.303595,muualle,0.303595,0,0
###muusvta###,muussta,muualta,0.289937,muualta,0.289937,0,0
###muulöme###,muulume,muurame,0.363475,muurame,0.363475,0,0
###muuefma###,muummma,muutama,0.081907,muutama,0.081907,0,0
###muujfin###,muumjin,muutoin,0.069540,muutkin,0.054018,0,0
###muuprin###,muurrin,muutoin,0.070477,muutoin,0.070477,0,0
###muuköaa###,muukaaa,muuttaa,0.385498,muuttaa,0.385498,1,0
###muuneua###,muunena,muuttua,0.028021,muuttua,0.028021,1,0
###muukoui###,muukoui,muuttui,0.251391,muuttui,0.251391,1,0
###muuepuu###,muuepuu,muuttuu,0.812976,muuttuu,0.812976,1,1
###mylfelä###,myllelä,myllylä,0.036959,myllylä,0.036959,0,0
###myyftän###,myyytän,myöntää,0.009146,myydään,0.003473,0,0
###myygtlä###,myyttlä,myymälä,0.024368,myymälä,0.024368,0,0
###myyaöän###,myyhään,myytiin,0.037644,myymään,0.012542,0,0
###myybhin###,myyhtin,myytiin,0.196846,myynnin,0.111763,1,0
###myyöaiä###,myyhpiä,myöhään,0.086960,myyntiä,0.080662,0,0
###myyjhin###,myyhjin,myytiin,0.067068,myytiin,0.067068,0,0
###myyrjvä###,myyvejä,myöntää,0.012812,myytävä,0.012383,0,0
###myöalän###,myöalän,matalan,0.069918,myöhään,0.012713,0,0
###myöjpää###,myöpjää,myöntää,0.077863,myöntää,0.077863,0,0
###myögbin###,myöhiin,myytiin,0.093570,myöskin,0.085067,0,0
###mäeböää###,mäenäää,mäenpää,0.035540,mäenpää,0.035540,0,0
###mäkarän###,mäkkrän,mäkelän,0.042377,mäkelän,0.042377,0,0
###mäkoten###,mäkoten,mäkisen,0.050804,mäkinen,0.013802,0,0
###mäksfää###,mäksäää,mäkipää,0.064263,mäkipää,0.064263,0,0
###mäkvgen###,mäkkmen,kärkeen,0.026524,mäkisen,0.001981,0,0
###mänghlä###,männllä,mäntylä,0.311596,mäntylä,0.311596,0,0
###märvule###,märvele,märille,0.606975,märille,0.606975,0,1
###määlatä###,määlätä,määrätä,0.144669,määrätä,0.144669,0,0
###määhnys###,määhnys,määräys,0.088122,määräys,0.088122,0,0
###määpuän###,määsään,määrään,0.460968,määrään,0.460968,0,0
###mökaale###,makkele,mikkeli,0.015301,mökille,0.000271,0,0
###mökdnlä###,mykkänä,makujen,0.012497,mökillä,0.003215,0,0
###naayäri###,naarari,naapuri,0.331192,naapuri,0.331192,0,0
###naigyin###,naipiin,naisiin,0.333735,naisiin,0.333735,0,0
###naiöhen###,naihden,naisten,0.002268,naisten,0.002268,0,0
###napmosi###,namsosi,nappasi,0.127621,nappasi,0.127621,0,0
###nasrvli###,navvrri,naapuri,0.030473,naskali,0.006761,0,0
###nasjpla###,nasplla,nastola,0.050343,nastola,0.050343,0,0
###nauhmia###,nauhmia,nauttia,0.398966,nauttia,0.398966,1,0
###nauvöii###,nauviia,nauttia,0.094935,nauttii,0.002343,1,0
###navpsan###,napvsan,navetan,0.004756,navetan,0.004756,0,0
###navöita###,navvita,navetta,0.091306,navetta,0.091306,0,0
###nelmstä###,nelmstä,nelosen,0.060115,neliötä,0.021915,0,0
###nelmtän###,nelttän,neljään,0.026587,neljään,0.026587,0,0
###nelduen###,nelduen,nesteen,0.027380,nelonen,0.014616,0,0
###neltden###,netteen,nettiin,0.174634,nelosen,0.002045,0,0
###nentmen###,nenmeen,nenonen,0.564812,nenonen,0.564812,0,1
###neslmen###,nelmeen,nelonen,0.076065,nesteen,0.014173,0,0
###netdusä###,neddutä,netistä,0.031331,netissä,0.000048,0,0
###netkatä###,nettätä,netistä,0.416131,netistä,0.416131,0,0
###netdsin###,nettkin,nettiin,0.056720,nettiin,0.056720,0,0
###neuybja###,neuneja,keinoja,0.026113,neuvoja,0.019127,0,0
###niekklä###,niekklä,nikkilä,0.156294,niemelä,0.013343,0,0
###niitbin###,niitiin,niinkin,0.099117,niinkin,0.099117,0,0
###niktalä###,nitkalä,nikkilä,0.072676,nikkilä,0.072676,0,0
###nilreän###,nilreän,nilsiän,0.027430,nilsiän,0.027430,0,0
###nimupsi###,nimupsi,nipuksi,0.450876,nimeksi,0.021742,0,0
###nimöolä###,nimmolä,nimellä,0.407705,nimellä,0.407705,0,0
###nimddtä###,nidddtä,nimeltä,0.303883,nimeltä,0.303883,0,0
###nimolsä###,nimilsä,nimissä,0.452075,nimensä,0.191321,0,0
###nimfjsä###,nimmmsä,nimissä,0.412484,nimessä,0.026052,0,0
###nimfpty###,nimpyty,nimetty,0.642761,nimetty,0.642761,0,1
###nimhyen###,nimmeen,nimisen,0.076747,niminen,0.041126,0,0
###nimgaen###,nimpaen,nimisen,0.299707,nimisen,0.299707,0,0
###nimjrsä###,nimussä,nimissä,0.229925,nimissä,0.229925,0,0
###nimghys###,nihyyys,nimitys,0.439251,nimitys,0.439251,0,0
###nipöäsi###,sipsäsi,itseäsi,0.021537,nipuksi,0.002961,0,0
###nojksla###,nonksla,nojalla,0.003142,nojalla,0.003142,0,0
###nopädan###,nopalan,nopeaan,0.137592,nopeaan,0.137592,0,0
###nopusta###,nopusta,nopeita,0.155249,nopeita,0.155249,0,0
###norhtan###,norhtan,nordean,0.047073,nordean,0.047073,0,0
###notöbri###,nottrri,tohtori,0.030092,notaari,0.003870,1,0
###nouhyva###,nouhava,kauhava,0.477201,nouseva,0.217107,0,0
###noujhut###,nohhuut,noussut,0.096254,noussut,0.096254,1,0
###noudgun###,nouduun,nousuun,0.710037,nousuun,0.710037,0,1
###numptoa###,numptoa,numeroa,0.182487,numeroa,0.182487,0,0
###numbjon###,nummmon,numeron,0.078674,numeron,0.078674,0,0
###numdvot###,numyrot,numerot,0.511613,numerot,0.511613,0,1
###numjdla###,nummlla,nummela,0.297194,nummela,0.297194,0,0
###nuovsna###,nuosssa,nuorena,0.002805,nuorena,0.002805,0,0
###nuojvin###,nuojvin,numeron,0.004095,nuoriin,0.000656,0,0
###nuobtso###,nuostoo,naisten,0.055605,nuoriso,0.004378,0,0
###nuokmen###,nuonmen,nuorten,0.095083,nuorten,0.095083,0,0
###nurjöla###,rurjula,nurmela,0.003535,nurmela,0.003535,0,0
###nykveän###,nykyeän,nykyään,0.268908,nykyään,0.268908,0,0
###nykögen###,nyööeen,syöpään,0.044243,nykänen,0.012378,0,0
###nyljfia###,nylpyja,nylonia,0.193560,nylonia,0.193560,0,0
###nähfbän###,nähdään,nähdään,0.241838,nähdään,0.241838,0,0
###nähliet###,näheiet,nähneet,0.273412,nähneet,0.273412,0,0
###nähmgin###,nähmkin,nähtiin,0.028517,nähtiin,0.028517,0,0
###näkduys###,näkdäys,näkemys,0.211876,näkemys,0.211876,0,0
###näkioät###,näkität,näkivät,0.778243,näkevät,0.001753,0,0
###näklaät###,näkklät,näkivät,0.025331,näkivät,0.025331,0,0
###näkdöin###,näkddin,näkymin,0.089422,näkymin,0.089422,0,0
###näkdbiä###,näkkäiä,näkymiä,0.210881,näkymiä,0.210881,0,0
###näkviät###,näkiiät,näkivät,0.636074,näkymät,0.001273,0,0
###näkfsyt###,näkssyt,näkynyt,0.022972,näkynyt,0.022972,0,0
###näkauät###,näknäät,näkivät,0.022560,näkyvät,0.001038,0,0
###näyooää###,näynolä,näyttää,0.192123,näyttää,0.192123,1,0
###näypröä###,näyprrä,näkymiä,0.022579,näyttöä,0.016680,1,0
###odovgaa###,ohovvaa,odottaa,0.030726,odottaa,0.030726,1,0
###ohislaa###,ohoilaa,ohittaa,0.171388,ohittaa,0.171388,1,0
###ohjrgja###,oojajja,ohjaaja,0.057116,ohjaaja,0.057116,1,0
###ohjnlmo###,oonjlmo,ohjaamo,0.072490,ohjaamo,0.072490,1,0
###ohjsytu###,ohjjttu,ohjattu,0.529693,ohjattu,0.529693,0,1
###ohjädta###,ohdadta,ohjattu,0.132769,ohjeita,0.002544,0,0
###ohjfgma###,ohgamma,ohjelma,0.029846,ohjelma,0.029846,0,0
###oikpman###,oikiman,oikeaan,0.030344,oikeaan,0.030344,0,0
###oikbhta###,oikohta,oikeita,0.107784,oikeita,0.107784,0,0
###oindgen###,oinnden,oinonen,0.182703,oinonen,0.182703,0,0
###oirybta###,oironta,oireita,0.370729,oireita,0.370729,0,0
###ojeödus###,ojeidus,ojennus,0.675017,ojennus,0.675017,1,1
###oksvfen###,kosveen,kasvuun,0.074254,oksanen,0.000377,0,0
###oleöban###,olevhen,olenkin,0.018725,olekaan,0.007488,0,0
###oleptan###,oleptan,olekaan,0.038688,olemaan,0.025061,0,0
###olebtin###,oleetin,oleviin,0.032804,olenkin,0.024741,0,0
###oleyiaa###,oleeina,olettaa,0.050127,olettaa,0.050127,1,0
###oleäjan###,oleajan,olemaan,0.047132,olevaan,0.025848,0,0
###olemdni###,olemmni,olevani,0.066418,olevani,0.066418,0,0
###olebyen###,ollleen,ollilan,0.053826,olevien,0.000230,0,0
###olepäin###,opepiin,opettaa,0.041290,oleviin,0.024641,0,0
###olifrko###,oliilko,olisiko,0.009274,olisiko,0.009274,0,0
###ollömta###,ollalta,olleita,0.150442,olleita,0.150442,0,0
###ollpmsa###,ollusaa,ollessa,0.020232,ollessa,0.020232,0,0
###ollgfan###,ollvjan,ollilan,0.605040,ollilan,0.605040,0,1
###ollbpta###,ollotta,olleita,0.178799,ollutta,0.133820,0,0
###olouyin###,ololhin,oloihin,0.062396,oloihin,0.062396,0,0
###oloymsa###,olommma,oloissa,0.135154,oloissa,0.135154,0,0
###omakfet###,olakeet,omaiset,0.035523,omaiset,0.035523,0,0
###omiybaa###,oiimpna,ohittaa,0.006170,omistaa,0.004183,0,0
###ongkjma###,onnomma,annamme,0.031726,ongelma,0.019212,0,0
###onnjäsi###,ojnjjsi,onneksi,0.056147,onneksi,0.056147,0,0
###onnkötu###,onniitu,onnistu,0.859359,onnistu,0.859359,0,1
###opagyaa###,opapaaa,opastaa,0.599618,opastaa,0.599618,0,1
###opaöeus###,opaueus,opastus,0.640440,opastus,0.640440,0,1
###opengaa###,opeaaaa,opettaa,0.045339,opettaa,0.045339,1,0
###opisuot###,opispot,opiston,0.100710,opinnot,0.060808,1,0
###opiakon###,opiakon,opiston,0.037229,opiston,0.037229,0,0
###opilyan###,opipann,opitaan,0.005620,opitaan,0.005620,0,0
###oppyras###,opppras,oppilas,0.769701,oppilas,0.769701,0,1
###opplkut###,ooppkut,oppinut,0.020264,oppinut,0.020264,0,0
###oppemat###,oppemat,oppivat,0.242460,oppivat,0.242460,0,0
###orifösi###,friiksi,orivesi,0.387129,orivesi,0.387129,0,0
###orvsfki###,orvikki,orvokki,0.672243,orvokki,0.672243,0,1
###osabfat###,osaasat,ostavat,0.019249,osaajat,0.007185,0,0
###osaägia###,osaaoia,osaavia,0.141514,osaajia,0.077438,0,0
###osaipat###,osaipat,osaavat,0.011086,osaavat,0.011086,0,0
###osagyia###,osaspia,osaavia,0.059171,osaavia,0.059171,0,0
###osaklut###,osaklut,osannut,0.268810,osannut,0.268810,1,0
###osaöron###,osorran,avoimen,0.003508,osaston,0.002817,0,0
###osalvot###,osoovtt,ostavat,0.052208,osastot,0.009068,0,0
###osalian###,osaaian,osaston,0.124211,osataan,0.089487,0,0
###osodjti###,osoijti,osoitti,0.730146,osoitti,0.730146,0,1
###osomrus###,oooomus,osoitus,0.065514,osoitus,0.065514,0,0
###ostäban###,ostaoan,ostajan,0.039557,ostajan,0.039557,0,0
###ostyiat###,ostittt,ostettu,0.034255,ostajat,0.017552,0,0
###ostähut###,ostokut,osannut,0.013675,ostanut,0.007922,0,0
###ostäjat###,ostajat,ostajat,0.892190,ostavat,0.006165,0,0
###ostfmtu###,ootimmu,ostettu,0.086903,ostettu,0.086903,0,0
###osulyen###,osuleen,osuuden,0.027125,osuuden,0.027125,0,0
###osuvpet###,osuvpet,osuudet,0.033072,osuudet,0.033072,0,0
###osuöeta###,osueeta,osuutta,0.078279,osuutta,0.078279,0,0
###otejyan###,otejjan,otetaan,0.112416,otetaan,0.112416,0,0
###otsauko###,ooaskko,olisiko,0.029635,otsikko,0.015404,0,0
###ottbfsi###,ottassi,ottaisi,0.187739,ottaisi,0.187739,0,0
###ottgiaa###,ohtaiaa,ottakaa,0.012309,ottakaa,0.012309,0,0
###ottvöut###,ottvvut,ostajat,0.011458,ottanut,0.006505,0,0
###ottfjat###,ootujat,ostajat,0.079428,ottavat,0.018628,0,0
###ottffta###,ottalta,otteita,0.409733,otteita,0.409733,0,0
###ottgpun###,ottptun,ottelun,0.084861,ottelun,0.084861,0,0
###ottpyat###,ootttat,jätteet,0.046026,ottivat,0.002009,0,0
###oulyjsa###,oulujsa,oulussa,0.298101,oulussa,0.298101,0,0
###oulmäta###,oulmuta,oulusta,0.164371,oulusta,0.164371,0,0
###ovagbin###,ovaakin,ovatkin,0.150194,ovatkin,0.150194,0,0
###paagyla###,paapala,haapala,0.260709,paavola,0.046392,0,0
###pahovti###,pahonti,pahinta,0.071113,pahasti,0.030365,0,0
###pahogta###,pahohta,pahinta,0.054349,pahinta,0.054349,0,0
###paimbaa###,paipana,paistaa,0.149405,paikkaa,0.063586,1,0
###paiugin###,pauikin,paikoin,0.045517,paikoin,0.045517,0,0
###paiujen###,paiijen,paineen,0.016980,paineen,0.016980,0,0
###paiuyet###,paineet,paineet,0.620579,paineet,0.620579,0,1
###paivgaa###,paivaaa,paistaa,0.251754,paistaa,0.251754,0,0
###pajköen###,pajkjen,paikoin,0.004800,pajunen,0.004020,0,0
###pakeetu###,pakeetu,pakattu,0.030371,pakattu,0.030371,0,0
###paköäin###,pökkhin,paketin,0.020260,paketin,0.020260,0,0
###pakldti###,pakaiti,paketti,0.260711,paketti,0.260711,0,0
###pakväan###,pakvaan,pannaan,0.013152,pakilan,0.000364,0,0
###pakrnus###,paksnus,pakkaus,0.177424,pakkaus,0.177424,0,0
###paktgus###,patkaus,pakkaus,0.099359,paksuus,0.011195,0,0
###paljmta###,paljmta,palkata,0.097431,palauta,0.011572,0,0
###palföte###,palpöta,palkata,0.141725,palaute,0.000350,0,0
###paleota###,paloota,palkata,0.080920,palkata,0.080920,0,0
###palenaa###,palenaa,palkkaa,0.184229,palkkaa,0.184229,1,0
###palmjio###,palpoio,palkkio,0.381072,palkkio,0.381072,1,0
###palbyen###,palteen,palonen,0.096919,palonen,0.096919,0,0
###palvnta###,palvnta,valinta,0.020793,paluuta,0.002483,1,0
###palghlu###,pahahlu,palvelu,0.108480,palvelu,0.108480,0,0
###panjyan###,panjaan,pannaan,0.094134,pannaan,0.094134,0,0
###papyöia###,pappiia,paperia,0.278261,paperia,0.278261,0,0
###papfdin###,papidin,paperin,0.082145,paperin,0.082145,0,0
###papämit###,pamamit,paperit,0.018571,paperit,0.018571,0,0
###paruäee###,paraeee,paranee,0.301915,paranee,0.301915,0,0
###parynta###,parunta,parasta,0.051428,parasta,0.051428,0,0
###parukpi###,parukri,perusti,0.030621,parempi,0.012594,0,0
###parlian###,parlian,parhaan,0.053005,parhaan,0.053005,0,0
###parbmat###,parpmat,parhaat,0.128487,parhaat,0.128487,0,0
###pareesa###,paresta,parasta,0.099220,parissa,0.055049,0,0
###parygno###,paroono,parkano,0.461283,parkano,0.461283,0,0
###parfmla###,parplla,varalla,0.035477,partola,0.011967,0,0
###pargori###,parrrri,pastori,0.127021,parturi,0.036184,0,0
###paryjke###,parijje,parveke,0.079437,parveke,0.079437,0,0
###pasgken###,paskken,paineen,0.011226,pasanen,0.007635,0,0
###pasjhan###,pahjjan,puhtaan,0.018701,pasilan,0.004014,0,0
###pasäkri###,paskkri,pastori,0.080580,pastori,0.080580,0,0
###peiouää###,peinoää,peittää,0.659835,peittää,0.659835,1,1
###pekvdla###,pedella,pekkala,0.004577,pekkala,0.004577,0,0
###peltsja###,peltsja,pelaaja,0.207406,pelaaja,0.207406,1,0
###pelofsä###,pelossä,pelissä,0.456020,pelissä,0.456020,0,0
###peljsiä###,pellsiä,pelissä,0.426960,pelkkiä,0.066143,1,0
###pelddää###,peddäää,pelkkää,0.135801,pelkkää,0.135801,1,0
###peldsla###,pelplla,peltola,0.031837,peltola,0.031837,0,0
###perlaen###,perleen,perheen,0.083462,perheen,0.083462,0,0
###pernset###,perpset,perheet,0.048011,perheet,0.048011,0,0
###pervöle###,pervlle,perille,0.281421,perille,0.281421,0,0
###peranlä###,peranlä,perillä,0.159815,perillä,0.159815,0,0
###perduiä###,perdinä,perillä,0.134243,perimiä,0.037187,0,0
###perylne###,perilye,perille,0.503283,perinne,0.010438,0,0
###pershtä###,perästä,perintä,0.075264,perintä,0.075264,0,0
###perhytö###,perhytö,perintö,0.607125,perintö,0.607125,0,1
###perköaa###,perkpaa,perunaa,0.068873,perunaa,0.068873,0,0
###perivan###,perivan,keravan,0.058096,perunan,0.017076,0,0
###permjat###,perpjat,perunat,0.405961,perunat,0.405961,0,0
###perjjta###,perjjta,perusta,0.065109,perusta,0.065109,0,0
###perahte###,perante,peruste,0.129420,peruste,0.129420,0,0
###perohti###,peronti,kehotti,0.100386,perusti,0.076112,0,0
###pergvtu###,pervitu,perustu,0.699694,perustu,0.699694,0,1
###perlnsä###,peränsä,perintä,0.109300,perässä,0.031225,0,0
###pesvhen###,pehvven,pesonen,0.145319,pesonen,0.145319,0,0
###petksri###,petkkri,perusti,0.028555,petteri,0.016735,0,0
###pidöopi###,pippppi,pidempi,0.063307,pidempi,0.063307,0,0
###pidurty###,pidulty,pidetty,0.653114,pidetty,0.653114,0,1
###pidknme###,pikimne,aikamme,0.080526,pidämme,0.028012,0,0
###pieösen###,piepsen,nimisen,0.011325,pieleen,0.007768,0,0
###pierten###,pierten,pienten,0.542933,pieneen,0.000495,0,0
###pievanä###,pievanä,pienenä,0.027775,pienenä,0.027775,0,0
###pieäoin###,piedoin,pieniin,0.079770,pieniin,0.079770,0,0
###piebgnä###,pienänä,pienenä,0.042695,pieninä,0.025858,0,0
###pielmen###,piepmen,pieleen,0.048207,pienten,0.039190,0,0
###pieööri###,piepepö,pietari,0.054017,pietari,0.054017,0,0
###piebjlä###,pillllä,pietilä,0.009080,pietilä,0.009080,0,0
###pihjkla###,pihklla,pihalla,0.164325,pihalla,0.164325,0,0
###pihvrle###,pihuele,pihalle,0.182544,pihalle,0.182544,0,0
###pihbrsa###,pihisaa,pihassa,0.098123,pihassa,0.098123,0,0
###pihubja###,pihujja,pihlaja,0.349000,pihlaja,0.349000,0,0
###piiyben###,piipeen,piirien,0.090576,piirien,0.090576,0,0
###piigyin###,piipiin,piiriin,0.354550,piiriin,0.354550,0,0
###piikäos###,piikäss,piirros,0.114034,piirros,0.114034,1,0
###piiuaää###,piiläää,piirtää,0.038570,piirtää,0.038570,0,0
###pingvan###,pihivan,pintaan,0.054366,pintaan,0.054366,0,0
###pisdren###,pisiren,pisteen,0.066578,pisteen,0.066578,0,0
###pisgvet###,pisivet,pisteet,0.072743,pisteet,0.072743,0,0
###pitysät###,pitisät,pitivät,0.026992,pitivät,0.026992,0,0
###pitrven###,pitvven,pitkien,0.014602,pitkien,0.014602,0,0
###pitdaän###,pittäan,pintaan,0.042862,pitkään,0.001240,0,0
###pitvrsi###,pitirri,tiistai,0.010199,pitäisi,0.004340,0,0
###pitköyt###,pitkkyt,pysyvät,0.007745,pitänyt,0.001015,0,0
###pitlfät###,piltöät,pitivät,0.037441,pitävät,0.008219,0,0
###pitookö###,pittokö,pitääkö,0.212989,pitääkö,0.212989,1,0
###pohylan###,pohhlan,pohjaan,0.148600,pohjaan,0.148600,0,0
###pohvfna###,pohvana,pohjana,0.136345,pohjana,0.136345,0,0
###pohifla###,pohilla,pihalla,0.037631,pohjola,0.007391,0,0
###poiblni###,poiilni,poikani,0.019148,poikani,0.019148,0,0
###poivyta###,poivata,poiketa,0.132176,poiketa,0.132176,0,0
###poiören###,poiiren,poikien,0.032832,poikien,0.032832,0,0
###poilbea###,poileea,poikkea,0.292513,poikkea,0.292513,1,0
###poiljaa###,poijoaa,poistaa,0.213746,poistaa,0.213746,0,0
###poidhuu###,poihuuu,poistuu,0.344950,poistuu,0.344950,0,0
###pojkgle###,pojkele,pojille,0.075071,pojille,0.075071,0,0
###poldjsi###,poljjsi,poliisi,0.294850,poliisi,0.294850,1,0
###polnmaa###,polumaa,polttaa,0.450963,polttaa,0.450963,1,0
###poryesa###,porjesa,porissa,0.076644,porissa,0.076644,0,0
###pormlta###,porplta,porista,0.138240,porista,0.138240,0,0
###pormmen###,pormmen,porojen,0.028112,porojen,0.028112,0,0
###porhäat###,porjaat,portaat,0.486504,portaat,0.486504,0,0
###porfman###,pormman,porukan,0.056316,porukan,0.056316,0,0
###porjika###,porkkja,porissa,0.058207,porukka,0.029347,0,0
###porölon###,porplon,porvoon,0.023824,porvoon,0.023824,0,0
###potumas###,putumas,potilas,0.424914,potilas,0.424914,0,0
###puhgnka###,puhunka,puhakka,0.110613,puhakka,0.110613,0,0
###puhfvta###,puhuvta,puheita,0.050538,puheita,0.050538,0,0
###puhrmin###,purrmin,puhelin,0.105237,puhelin,0.105237,0,0
###puhmfun###,puhmuun,puhelun,0.153682,puhelun,0.153682,0,0
###puhyvut###,puhyvut,puhuvat,0.177268,puhelut,0.007324,0,0
###puhrdta###,purahta,puheita,0.040593,puhetta,0.019265,0,0
###puhrlan###,puhllan,puhtaan,0.084835,puhtaan,0.084835,0,0
###puhsfat###,puhssat,puhtaat,0.254041,puhtaat,0.254041,0,0
###puhenus###,puhenus,puhtaus,0.111930,puhtaus,0.111930,0,0
###puhyjme###,puhjmme,puhumme,0.246274,puhumme,0.246274,0,0
###puhakut###,puhakut,puhakka,0.139867,puhunut,0.041747,0,0
###puhnetu###,puhhetu,puhuttu,0.082009,puhuttu,0.082009,0,0
###puhsjat###,puhsjat,puhtaat,0.230101,puhuvat,0.070074,0,0
###puihfon###,puihhon,puiston,0.070245,puiston,0.070245,0,0
###pulgfti###,pulahti,pulahti,0.197539,pulahti,0.197539,0,0
###puotten###,puotten,nuorten,0.013309,puoleen,0.007951,0,0
###puoabso###,puiaaso,puoliso,0.005175,puoliso,0.005175,0,0
###purmden###,purmden,puranen,0.076604,puranen,0.076604,0,0
###pursdla###,purplla,eurolla,0.067951,purolla,0.022148,0,0
###putbben###,puttuen,putkien,0.018664,putkeen,0.004841,0,0
###putoyen###,puttyen,putkien,0.033406,putkien,0.033406,0,0
###puugrua###,puuuuua,puuttua,0.252498,puuttua,0.252498,1,0
###puuömui###,puuukui,puuttui,0.143973,puuttui,0.143973,1,0
###puuäjuu###,pujuuuu,avautuu,0.032067,puuttuu,0.017981,1,0
###pyrvume###,pyrveme,pyrimme,0.577485,pyrimme,0.577485,0,1
###pyrkhty###,pyryyty,pyritty,0.436513,pyritty,0.436513,0,0
###pysvktä###,pyhvktä,pystytä,0.006810,pystytä,0.006810,0,0
###pysdeyn###,pyseyyn,pystyyn,0.834788,pystyyn,0.834788,0,1
###pysuhyt###,pyhyvyt,pysynyt,0.105304,pysynyt,0.105304,0,0
###pysueiä###,pysseiä,pysyviä,0.037881,pysyviä,0.037881,0,0
###pystkän###,pyskkän,pelkkää,0.007709,pysyvän,0.007137,0,0
###pyskkät###,pykkkät,pysyvät,0.157506,pysyvät,0.157506,0,0
###pysotää###,pytytää,piirtää,0.030568,pysyvää,0.029711,0,0
###päiyben###,päipeen,päivien,0.123260,päivien,0.123260,0,0
###päioanä###,päionnä,päivinä,0.078824,päivinä,0.078824,0,0
###päihgri###,päirkri,päivyri,0.135271,päivyri,0.135271,0,0
###päiojnä###,päiojnä,päivinä,0.023459,päivänä,0.014975,0,0
###päidhys###,päihäys,päiväys,0.303495,päiväys,0.303495,0,0
###päiglän###,päiilän,päätään,0.008955,päivään,0.007980,0,0
###päljhne###,pähjjee,pihalle,0.053685,pälkäne,0.032731,0,0
###pärdatä###,pärdätä,pärjätä,0.032864,pärjätä,0.032864,0,0
###päänfia###,päänniä,pääasia,0.073934,pääasia,0.073934,0,0
###pääynaa###,päpynna,paperia,0.011343,pääomaa,0.008074,0,0
###pääuran###,päärran,pääoman,0.019626,pääoman,0.019626,0,0
###pääauin###,päänäin,päätään,0.030643,pääosin,0.004607,0,0
###pääfysi###,pääääsi,pääsisi,0.337528,pääsisi,0.337528,0,0
###pääömyt###,päämmyt,päässyt,0.259469,päässyt,0.259469,1,0
###pääioää###,pääioää,päättää,0.216187,päästää,0.205822,0,0
###pääovöt###,pääovöt,päästöt,0.020646,päästöt,0.020646,0,0
###päänjyi###,päänjyi,päättyi,0.114156,päättyi,0.114156,1,0
###pääudyy###,päädmyy,päättyy,0.326690,päättyy,0.326690,1,0
###päägsää###,pääsäää,päättää,0.386296,päättää,0.386296,1,0
###pääorän###,pääonän,pääosin,0.102047,päätään,0.068496,0,0
###pöyubän###,pyöpäen,pysyvän,0.008858,pöytään,0.001793,0,0
###rahbtsi###,rahttti,rahasta,0.011114,rahaksi,0.005974,0,0
###rahmtla###,ramtlla,rahalla,0.036576,rahalla,0.036576,0,0
###rahdlta###,rahhlta,taholta,0.093314,rahasta,0.039817,0,0
###rahnvto###,rahvnto,rahasta,0.033366,rahasto,0.008999,0,0
###raijuon###,raijuon,raision,0.466762,raision,0.466762,0,0
###rajvpla###,rarppla,rantala,0.017860,rajalla,0.014673,0,0
###rajpätu###,rarjutu,rajattu,0.245996,rajattu,0.245996,0,0
###rajguen###,rajjuen,kirjeen,0.016769,rajojen,0.002397,0,0
###rajvdti###,rajiuti,rajusti,0.029649,rajusti,0.029649,0,0
###rakötne###,rakönke,rakenne,0.078965,rakenne,0.078965,0,0
###rakthsi###,kahhkii,pahasti,0.029858,rakensi,0.000215,0,0
###rakgvus###,rarurus,rakkaus,0.020377,rakkaus,0.020377,0,0
###ranyfaa###,raranna,tarttua,0.008148,rankkaa,0.003843,1,0
###raneuan###,raneeun,rantaan,0.058292,ranskan,0.027732,0,0
###ranyvan###,raruvan,ranskan,0.016070,rantaan,0.014568,0,0
###ranbmla###,ranmlla,rantala,0.116821,rantala,0.116821,0,0
###raogpsa###,raappaa,raoissa,0.111445,raoissa,0.111445,0,0
###rasäyan###,rasaaan,raskaan,0.209380,raskaan,0.209380,0,0
###raueöan###,raeraan,ranskan,0.014209,rauhaan,0.013600,0,0
###rauböla###,raupala,rauhala,0.368516,rauhala,0.368516,0,0
###ravlfto###,ravosto,ravinto,0.115174,ravinto,0.115174,0,0
###reaypio###,raappio,vaappua,0.082630,reaktio,0.006781,0,0
###rehmjri###,remmeri,rehtori,0.385400,rehtori,0.385400,0,0
###rehtden###,rehtden,tehtaan,0.033043,rehujen,0.001537,0,0
###reiöhiä###,rrihpiä,reittiä,0.538847,reittiä,0.538847,1,1
###renvvat###,revvvat,renkaat,0.049949,renkaat,0.049949,0,0
###resmäti###,resmpti,resepti,0.087523,resepti,0.087523,0,0
###riithuu###,rihhtuu,riippuu,0.060557,riippuu,0.060557,1,0
###riiblää###,riiilää,riittää,0.064478,riittää,0.064478,1,0
###rikjnus###,rikunus,rikkaus,0.260051,rikkaus,0.260051,0,0
###rinsola###,ronoola,rintala,0.318516,rintala,0.318516,0,0
###risfbko###,rosskko,risikko,0.898928,risikko,0.898928,0,1
###risbyjä###,risäyjä,riskejä,0.759017,riskejä,0.759017,0,1
###rishöen###,risveen,riskien,0.103955,riskien,0.103955,0,0
###rismoin###,rismoin,ristiin,0.173519,ristiin,0.173519,0,0
###rohygat###,rohhpat,rohkeat,0.226750,rohkeat,0.226750,0,0
###rohinus###,rohinus,rohkeus,0.278473,rohkeus,0.278473,0,0
###romeäni###,romeini,romaani,0.437390,romaani,0.437390,1,0
###rombbia###,rommiia,romania,0.512111,romania,0.512111,0,1
###rooyäin###,roorpin,rooliin,0.189587,rooliin,0.189587,0,0
###runhyen###,ruhheen,suhteen,0.022540,runojen,0.001775,0,0
###runöian###,runiiin,ruotsin,0.008381,runsaan,0.003712,0,0
###runyhat###,ruhhnat,turhaan,0.034397,runsaat,0.001181,0,0
###ruoklta###,ruoklta,ruoasta,0.221761,ruoasta,0.221761,0,0
###ruopjla###,ruoplla,ruokala,0.200630,ruohola,0.071736,0,0
###ruompan###,ruompan,ruokaan,0.198084,ruokaan,0.198084,0,0
###ruobela###,ruorela,ruokala,0.093760,ruokala,0.093760,0,0
###ruohpia###,ruohpia,ruotsia,0.069354,ruotsia,0.069354,0,0
###ruohein###,ruhhein,ruohola,0.004253,ruotsin,0.002703,0,0
###ruuvfin###,ruuviin,ruumiin,0.352278,ruumiin,0.352278,0,0
###ryhuten###,ryhyten,ryhmien,0.060548,ryhmien,0.060548,0,0
###ryhdjin###,ryhhdin,ryhmiin,0.148697,ryhmiin,0.148697,0,0
###ryhovän###,ryhyvän,ryhmään,0.208306,ryhmään,0.208306,0,0
###räpbjin###,rärpjin,tärkein,0.031545,räppiin,0.024472,0,0
###räslken###,räreken,räsänen,0.006387,rästien,0.006256,0,0
###räsafen###,rasanen,pasanen,0.073018,räsänen,0.014475,0,0
###saaptan###,saattan,saattaa,0.158830,saadaan,0.009397,0,0
###saahean###,saahean,saaneen,0.036836,saamaan,0.004679,0,0
###saalfen###,saaalen,saaneen,0.163821,saaneen,0.163821,0,0
###saaviet###,saaiiet,saaneet,0.412620,saaneet,0.412620,0,0
###saaevin###,saaeiin,saannin,0.090648,saannin,0.090648,1,0
###saahola###,saaoola,paavola,0.042572,saarela,0.020480,0,0
###saaoova###,saaoova,saatava,0.230794,saatava,0.230794,0,0
###saahuin###,saahiun,saaneen,0.047458,saatiin,0.010972,0,0
###saayuaa###,saasuna,saatuja,0.186679,saattaa,0.006632,1,0
###saamäoi###,saasaoi,saamaan,0.077727,saattoi,0.055430,1,0
###saanbja###,saanaja,saatuja,0.026982,saatuja,0.026982,0,0
###safobri###,saftori,pastori,0.038487,safiiri,0.011696,1,0
###saihäan###,saijaan,sairaan,0.084754,saimaan,0.068672,0,0
###saibkan###,saikkan,saimaan,0.059436,sairaan,0.051153,0,0
###saifmus###,saimmus,sopimus,0.104741,sairaus,0.023129,0,0
###sakiian###,sakiian,saksaan,0.137714,saksaan,0.137714,0,0
###sakhnla###,sankula,sanalla,0.099838,saksala,0.063792,0,0
###salpkut###,salkkut,salatut,0.122834,salatut,0.122834,0,0
###salrusa###,saluusa,samassa,0.026309,salissa,0.014307,0,0
###salönla###,salalla,samalla,0.030215,salmela,0.001853,0,0
###salbdaa###,salalaa,salomaa,0.076806,salomaa,0.076806,0,0
###salkhen###,salkeen,salonen,0.045029,salonen,0.045029,0,0
###saldbsa###,salassa,salissa,0.157200,salossa,0.039192,0,0
###samjfla###,sammlla,samalla,0.545812,samalla,0.545812,0,1
###sambhle###,sammlle,samalle,0.208691,samalle,0.208691,0,0
###sampnta###,sappnta,samasta,0.202736,samalta,0.138728,0,0
###samujsa###,samujja,samassa,0.214016,samassa,0.214016,0,0
###samygta###,samomta,samasta,0.114047,samasta,0.114047,0,0
###samläen###,sammeen,salonen,0.014790,samojen,0.000896,0,0
###sanytla###,sanulla,sanalla,0.539515,sanalla,0.539515,0,1
###sanpdta###,sapndta,sanasta,0.109555,sanasta,0.109555,0,0
###sangori###,sanoori,sankari,0.264843,sankari,0.264843,0,0
###sanryen###,santeen,sanojen,0.043178,sanojen,0.043178,0,0
###sanjjat###,sanjjat,sanojen,0.163076,sanomat,0.017473,0,0
###sanijta###,sanijta,sanasta,0.036859,sanonta,0.019994,0,0
###sankmut###,sankmut,sanomat,0.100219,sanonut,0.024556,0,0
###sanmvtu###,sanuutu,sanottu,0.421760,sanottu,0.421760,0,0
###sanjbun###,sannjun,sanotun,0.310220,sanotun,0.310220,0,0
###sanedat###,sanadat,sanomat,0.048893,sanovat,0.031664,0,0
###sanmöri###,sanmrri,sankari,0.162008,santeri,0.111289,0,0
###saröyla###,sarppla,saralla,0.060675,saralla,0.060675,0,0
###sarmäan###,sarmaan,sarjaan,0.075451,sarjaan,0.075451,0,0
###satiyan###,sattian,sataman,0.039854,sataman,0.039854,0,0
###satmuen###,sattuen,salonen,0.005366,satojen,0.005057,0,0
###satpäta###,sattuta,satsata,0.174584,satsata,0.174584,0,0
###seitfen###,seiteen,seinien,0.006452,seinien,0.006452,0,0
###seimmän###,seimmän,ylimmän,0.070580,seinään,0.021256,0,0
###sekypta###,sepppta,sekoita,0.083899,sekoita,0.083899,0,0
###sekpöri###,sekirri,seniori,0.056382,sektori,0.017295,0,0
###selrrlä###,serrllä,selillä,0.295753,selillä,0.295753,0,0
###selkhys###,seläkys,selitys,0.338608,selitys,0.338608,0,0
###selöoän###,selloän,selkeän,0.053590,selkeän,0.053590,0,0
###seloöät###,selttät,selkeät,0.187429,selkeät,0.187429,0,0
###selhmää###,selmmää,selkeää,0.162251,selkeää,0.162251,0,0
###selnhsi###,sehäksi,selvisi,0.134802,selvisi,0.134802,0,0
###selhmtä###,selmmtä,selvitä,0.194532,selvitä,0.194532,0,0
###selofää###,seläolä,selillä,0.258620,selviää,0.003110,0,0
###senubri###,seuueri,summeri,0.055777,seniori,0.023577,0,0
###senyliä###,seneliä,senttiä,0.228636,senttiä,0.228636,1,0
###senryän###,sentyän,syntyyn,0.017266,sentään,0.011023,0,0
###sepgtlä###,seppllä,seppälä,0.606147,seppälä,0.606147,0,1
###seugtan###,seuttan,seuraan,0.353365,seuraan,0.353365,0,0
###seuyäsi###,seusisi,seurasi,0.074630,seurasi,0.074630,0,0
###seuöbta###,seunuta,seurata,0.462680,seurata,0.462680,0,0
###sidgktu###,sidittu,sidottu,0.160582,sidottu,0.160582,0,0
###siipuon###,siippon,siirron,0.090515,siirron,0.090515,1,0
###siihgoa###,siioooa,siirtoa,0.005039,siirtoa,0.005039,0,0
###siikayi###,siikavi,siirtyi,0.024477,siirtyi,0.024477,0,0
###siialyy###,siiilyy,siirtyy,0.207623,siirtyy,0.207623,0,0
###siiavyä###,siiäävä,siirtää,0.022541,siirtyä,0.000526,0,0
###siijhää###,siisjää,siirtää,0.062541,siirtää,0.062541,0,0
###siiphus###,pipssus,viisaus,0.007396,siivous,0.006684,0,0
###sijnhta###,sikjnta,sinusta,0.007359,sijaita,0.004911,0,0
###sijgdla###,sidilla,sijalla,0.015306,sijalla,0.015306,0,0
###sijbrle###,sijulle,sijalle,0.757805,sijalle,0.757805,0,1
###sijnfta###,siknnta,sanonta,0.010729,sijasta,0.000899,0,0
###sikohan###,sikonan,sikalan,0.079694,sikalan,0.079694,0,0
###sikmyen###,siksyen,sikojen,0.062630,sikojen,0.062630,0,0
###silpfin###,sippyin,silmiin,0.033563,silloin,0.010212,0,0
###siläaen###,sillaen,silmään,0.022008,silmien,0.011976,0,0
###silöoin###,silloin,silloin,0.915051,silmiin,0.003061,0,0
###silvkän###,silvkän,silmään,0.049209,silmään,0.049209,0,0
###simfken###,simiken,simonen,0.052984,simonen,0.052984,0,0
###sinloka###,sinoola,sinusta,0.079450,sinikka,0.072587,0,0
###sinlmen###,sinmlen,sininen,0.238158,sininen,0.238158,0,0
###sinvola###,sinoola,sinulla,0.014799,sinulla,0.014799,0,0
###sinävle###,sinälle,sinulle,0.139441,sinulle,0.139441,0,0
###sindpta###,sinipta,sinusta,0.209953,sinusta,0.209953,0,0
###sindfin###,sinädin,sinäkin,0.089001,sinäkin,0.089001,0,0
###sinopsä###,sonissä,sininen,0.011219,sinänsä,0.003894,0,0
###sipbhla###,sipulla,sipulia,0.180781,sippola,0.009164,0,0
###sipbvia###,sipuvia,sopivia,0.148253,sipulia,0.044039,0,0
###sipkjit###,sikssit,sipulit,0.023387,sipulit,0.023387,0,0
###sisyple###,sisplle,sisälle,0.235861,sisälle,0.235861,0,0
###sisöfly###,sisälly,sisälly,0.270340,sisälly,0.270340,0,0
###sisbblä###,sisällä,sisällä,0.569075,sisällä,0.569075,0,1
###sisorsi###,sisirsi,sisälsi,0.143585,sisälsi,0.143585,0,0
###sisrdtä###,sisäitä,sisältä,0.417225,sisältä,0.417225,0,0
###sisoatö###,sisoatö,sisältö,0.654057,sisältö,0.654057,0,1
###sismhvi###,sihäkvi,sisäovi,0.069108,sisäovi,0.069108,0,0
###sitmdat###,sitimat,sitovat,0.053859,sitovat,0.053859,0,0
###sityfin###,sittyin,sitäkin,0.186087,sitäkin,0.186087,0,0
###siubyus###,siuuuys,siunaus,0.106917,siunaus,0.106917,0,0
###sivbben###,sivveen,sivonen,0.040319,sivonen,0.040319,0,0
###sivöken###,siväken,sivonen,0.207701,sivujen,0.122422,0,0
###sivtpla###,siptlla,sivulla,0.023965,sivulla,0.023965,0,0
###sivyjle###,sivulje,sivulle,0.338790,sivulle,0.338790,0,0
###sivnäta###,sinnntä,siunaus,0.009678,sivulta,0.001661,0,0
###sivketo###,siektto,sikojen,0.022981,sivusto,0.003104,0,0
###sodvisa###,sodiisa,sodassa,0.019138,sodassa,0.019138,0,0
###sodjlta###,sodolta,sodasta,0.254211,sodasta,0.254211,0,0
###soiuuaa###,soisuua,soittaa,0.014800,soittaa,0.014800,1,0
###sokugia###,sokskia,sokeria,0.333589,sokeria,0.333589,0,0
###solmdsa###,solmmsa,solassa,0.144607,solassa,0.144607,0,0
###solkäen###,solkeen,solujen,0.024317,solujen,0.024317,0,0
###somfvia###,sovimia,somalia,0.079333,somalia,0.079333,0,0
###sophkus###,sopskus,sopimus,0.156865,sopimus,0.156865,0,0
###sopfjut###,soppjut,sopinut,0.168513,sopinut,0.168513,0,0
###sopmhaa###,soppmaa,sopivaa,0.415343,sopivaa,0.415343,0,0
###sopmfan###,sopmman,sopivan,0.022898,sopivan,0.022898,0,0
###sopuäat###,sopsvat,sopivat,0.607750,sopivat,0.607750,0,1
###sopuuia###,sopspua,sopivaa,0.015232,sopivia,0.003592,0,0
###sotpömo###,sotpomo,sotkamo,0.689817,sotkamo,0.689817,0,1
###sovaklu###,sovaklu,sovellu,0.457648,sovellu,0.457648,0,0
###sovlatu###,solvatu,sovittu,0.042203,sovittu,0.042203,0,0
###sovkmun###,sovkkun,sovitun,0.234965,sovitun,0.234965,0,0
###sovödut###,sovolut,sovitut,0.772108,sovitut,0.772108,0,1
###strhgsi###,sehäkri,tehokas,0.013800,stressi,0.000554,0,0
###suhygen###,suhynen,suhonen,0.204056,suhonen,0.204056,0,0
###suhkmen###,suhmmen,suhonen,0.264495,suhteen,0.205178,0,0
###suhdket###,suuoket,suhteet,0.014914,suhteet,0.014914,0,0
###sujvgut###,suuuvut,sujunut,0.048272,sujunut,0.048272,0,0
###sujlhat###,sujulat,sujuvat,0.098317,sujuvat,0.098317,0,0
###sumytri###,sumyrri,summeri,0.230709,summeri,0.230709,0,0
###suovrta###,suoorta,suojata,0.105213,suojata,0.105213,0,0
###suobätu###,suojutu,suokatu,0.526420,suokatu,0.526420,0,1
###suobyen###,suopyen,suomeen,0.041360,suomeen,0.041360,0,0
###suoeban###,suooean,suoraan,0.128760,suoraan,0.128760,0,0
###suohmon###,suomoon,suomeen,0.257552,suosion,0.066557,0,0
###susöhna###,suhunna,susanna,0.022731,susanna,0.022731,0,0
###suuilan###,suuilan,lukijan,0.004953,suunnan,0.003949,1,0
###suudraa###,suuuraa,muuttaa,0.027505,suuntaa,0.012291,0,0
###suugten###,suupten,suurten,0.786911,suureen,0.001451,0,0
###suuölna###,suullla,susanna,0.003433,suurena,0.001856,0,0
###suuvgin###,suuviin,ruumiin,0.032174,suuriin,0.020847,0,0
###suuloen###,suuloen,suurten,0.024621,suurten,0.024621,0,0
###suubpus###,suuppus,suuruus,0.285353,suuruus,0.285353,0,0
###suuväri###,suuräri,suutari,0.199501,suutari,0.199501,0,0
###suvhgto###,suootto,suhteet,0.013076,suvanto,0.009596,0,0
###sverpsi###,seerspi,siirtyi,0.049834,sveitsi,0.003930,0,0
###sydppen###,sypppen,syöpään,0.087035,sydämen,0.002033,0,0
###sydhmtä###,sydämtä,sydäntä,0.308664,sydäntä,0.308664,0,0
###sykdrnä###,sykärnä,syksynä,0.173706,syksynä,0.173706,0,0
###sykmlyn###,sykslyn,syksyyn,0.015060,syksyyn,0.015060,0,0
###synjavä###,synvävä,syntyvä,0.630139,syntyvä,0.630139,0,1
###synhkyn###,synykyn,syntyyn,0.594708,syntyyn,0.594708,0,1
###syrvulä###,syrvälä,syrjälä,0.184458,syrjälä,0.184458,0,0
###syvjöle###,syvvyjä,syöviin,0.053451,syvälle,0.021422,0,0
###syvggti###,syvänti,syvästi,0.421793,syvästi,0.421793,0,0
###syytguu###,syytauu,syyskuu,0.085368,syyskuu,0.085368,0,0
###syyeeää###,syymenä,syyttää,0.169669,syyttää,0.169669,1,0
###syöetän###,syöetän,syöttää,0.020332,syödään,0.003626,0,0
###syödfän###,syöddän,syödään,0.458994,syömään,0.007003,0,0
###syökuän###,syökään,selkeän,0.039253,syöpään,0.010699,0,0
###syöejää###,syöejjä,syöttää,0.005989,syöttää,0.005989,1,0
###syöätin###,syöätin,syöviin,0.076074,syöviin,0.076074,0,0
###säiayön###,sääsaön,säiliön,0.036790,säiliön,0.036790,0,0
###sääadös###,säänäös,säännös,0.374887,säännös,0.374887,1,0
###sääreöt###,sääreöt,säästöt,0.179600,säännöt,0.089639,1,0
###sääjjyy###,sääsjyy,säästyy,0.665164,säästyy,0.665164,0,1
###sääryää###,sääräyä,määrätä,0.050973,säästää,0.025608,0,0
###säärföt###,säärööt,säästöt,0.390528,säästöt,0.390528,0,0
###säädlöä###,säälllä,säästää,0.020308,säästöä,0.012339,0,0
###säämjön###,säämjön,säätiön,0.071033,säätiön,0.071033,0,0
###tahäbsa###,tahassa,tahansa,0.265666,tahansa,0.265666,0,0
###tahlben###,tahteen,kahteen,0.191376,tahojen,0.014299,0,0
###tahbgta###,tahaata,taholta,0.140957,taholta,0.140957,0,0
###tahmvin###,tahhmin,tahtiin,0.445551,tahtiin,0.445551,0,0
###taioyna###,taidana,taikina,0.138723,taikina,0.138723,0,0
###taiähle###,tiiahle,taipale,0.310622,taipale,0.310622,0,0
###taiäjva###,tiivvva,taitava,0.116816,taitava,0.116816,0,0
###tailsen###,taiisen,teoksen,0.007878,taiteen,0.001584,0,0
###tairmja###,taimoja,taitoja,0.021796,taitoja,0.021796,0,0
###taifyan###,taitaan,taiteen,0.066016,taivaan,0.024912,0,0
###tajhdin###,tahddin,tahtiin,0.417486,tajusin,0.003449,0,0
###talyben###,talpeen,talteen,0.295706,talojen,0.018428,0,0
###talesla###,talesla,talolla,0.061499,talolla,0.061499,0,0
###talgusa###,talsusa,talossa,0.247174,talossa,0.247174,0,0
###talrfta###,talasta,talosta,0.066349,talosta,0.066349,0,0
###taljien###,taljien,talojen,0.179470,talteen,0.063206,0,0
###talbhna###,talonaa,tulevaa,0.021428,talvena,0.005699,0,0
###tamkfla###,tamkola,tammela,0.012143,tammela,0.012143,0,0
###tamvbre###,tavvere,tampere,0.111506,tampere,0.111506,0,0
###tanygan###,taaakan,tarinan,0.012142,tanskan,0.005269,0,0
###tanfgia###,tannkia,tanssia,0.077872,tanssia,0.077872,1,0
###tanhyii###,tahhyii,tietyin,0.024811,tanssii,0.023919,1,0
###tanbein###,tannein,tanssin,0.101770,tanssin,0.101770,1,0
###tanvjit###,tanvvit,tanssit,0.224163,tanssit,0.224163,1,0
###tapovma###,taromma,tapaama,0.025157,tapaama,0.025157,1,0
###tapsbdu###,tapsudu,toteudu,0.161651,tapahdu,0.031523,0,0
###tapujin###,tapujin,tajusin,0.016761,tapasin,0.006063,0,0
###tapögla###,tappula,tapiola,0.033440,tapiola,0.033440,0,0
###tapfäen###,tappeen,tarpeen,0.009742,taponen,0.006755,0,0
###tarälaa###,taralaa,tarkkaa,0.021431,tarinaa,0.011720,0,0
###tarjoan###,tarjoan,tarjoaa,0.482967,tarinan,0.039206,0,0
###tarkoat###,tarkoat,tarkkaa,0.143242,tarinat,0.126529,0,0
###tarähaa###,taraaaa,tarjoaa,0.020600,tarjoaa,0.020600,0,0
###taräfsi###,tarassi,terassi,0.504216,tarjosi,0.022759,0,0
###tarögta###,taraöta,tarjota,0.042515,tarjota,0.042515,0,0
###taröfus###,tarvuus,vahvuus,0.034417,tarjous,0.012925,0,0
###tarhiaa###,tarhiaa,tarvita,0.036743,tarkkaa,0.032649,1,0
###tarfyin###,tarniin,tarkoin,0.081010,tarkoin,0.081010,0,0
###targoen###,taroeen,tarpeen,0.085824,tarpeen,0.085824,0,0
###tardget###,tarpdat,tarinat,0.235875,tarpeet,0.034153,0,0
###tarlnua###,tarllua,tarttua,0.042791,tarttua,0.042791,1,0
###taronui###,taronsi,tarttui,0.037343,tarttui,0.037343,1,0
###taroluu###,taroluu,tarttuu,0.459825,tarttuu,0.459825,1,0
###tarhdta###,tarhdta,tarjota,0.070423,tarvita,0.039118,0,0
###tasääla###,tasaala,tasalla,0.074936,tasalla,0.074936,0,0
###tasroaa###,tassoaa,tarjoaa,0.085992,tasamaa,0.003380,0,0
###taskela###,taskela,koskela,0.090445,tasolla,0.012369,0,0
###taspnle###,tasslle,tasolle,0.272528,tasolle,0.272528,0,0
###tasjeta###,tasjeta,tarjota,0.034752,tasosta,0.011045,0,0
###tauglaa###,taultaa,taustaa,0.500640,taustaa,0.500640,0,1
###tauhlen###,tauluen,tautien,0.165149,tautien,0.165149,0,0
###tavogsi###,tavoosi,tavaksi,0.231355,tavaksi,0.231355,0,0
###tavrbla###,tavvola,tavalla,0.368086,tavalla,0.368086,0,0
###tavbfaa###,tavvoaa,tavaraa,0.106554,tavaraa,0.106554,0,0
###tavbman###,tavmman,tavaran,0.077010,tavaran,0.077010,0,0
###tavölat###,tavvlat,tavarat,0.156122,tavarat,0.156122,0,0
###tavplte###,tapplte,taponen,0.008751,tavoite,0.003891,0,0
###teepdan###,teepdan,teemaan,0.048907,teemaan,0.048907,0,0
###teepäna###,teenena,teemana,0.071590,teemana,0.071590,0,0
###teehbja###,tehteja,tehtyjä,0.038659,teemoja,0.007780,0,0
###teenjää###,teeneää,teettää,0.143177,teettää,0.143177,1,0
###tehaiän###,tehdian,tehtiin,0.067710,tehdään,0.012445,0,0
###tehbket###,tehotet,tehneet,0.454552,tehneet,0.454552,0,0
###tehäias###,teheias,tehtiin,0.157221,tehokas,0.036875,0,0
###tehvfan###,tehvvan,tehtaan,0.185496,tehtaan,0.185496,0,0
###tehyrat###,teherat,tehtaat,0.161600,tehtaat,0.161600,0,0
###tehjyin###,tehtyin,tehtiin,0.239325,tehtiin,0.239325,0,0
###tehökjä###,tehkkjä,tehtyjä,0.506132,tehtyjä,0.506132,0,1
###tehmiyn###,tehmiyn,lehmien,0.117429,tehtyyn,0.020938,0,0
###tehbyvä###,tehäävä,tehtävä,0.628295,tehtävä,0.628295,0,1
###tekvjiä###,tekkjiä,tekstiä,0.322788,tekemiä,0.187093,0,0
###tekbjän###,teknjän,tekijän,0.528275,tekemän,0.023204,0,0
###tekylät###,tekelät,tekevät,0.085588,tekemät,0.055233,0,0
###tekdrää###,tekerää,tekemää,0.198232,tekemää,0.198232,0,0
###tekbbän###,teknään,tekemän,0.018601,tekevän,0.010803,0,0
###teknrät###,teknnät,tekijät,0.074196,tekevät,0.030210,0,0
###tekggän###,teknnän,tekemän,0.024823,tekijän,0.020442,0,0
###tekröät###,terköät,tekemät,0.053421,tekijät,0.051741,0,0
###tekpöää###,teksöää,tekemää,0.042616,tekijää,0.020194,0,0
###teköuät###,tekntut,tekstit,0.016655,tekivät,0.005620,0,0
###tekmgin###,teknmin,tekstin,0.087030,tekstin,0.087030,0,0
###tekgbit###,teknkit,tekstit,0.541493,tekstit,0.541493,0,1
###tekyjiä###,tekäjiä,tekstiä,0.297477,tekstiä,0.297477,0,0
###teolren###,teoreen,teosten,0.050304,teoksen,0.022473,0,0
###teojuet###,teoptet,teokset,0.389059,teokset,0.389059,0,0
###teofgia###,toonoia,teoksia,0.054793,teoksia,0.054793,0,0
###teohjaa###,thojoaa,teoriaa,0.030204,teoriaa,0.030204,0,0
###teojjan###,teojjan,teorian,0.036192,teorian,0.036192,0,0
###teovgen###,teoveen,terveen,0.272475,teosten,0.126622,0,0
###terömsi###,terissi,terassi,0.769665,terassi,0.769665,0,1
###terömle###,terplle,terille,0.718147,terille,0.718147,0,1
###terlien###,terlien,terveen,0.052696,terveen,0.052696,0,0
###teroöys###,terooys,terveys,0.276388,terveys,0.276388,0,0
###termvtä###,tervetä,terästä,0.199081,terästä,0.199081,0,0
###tesluta###,tesssta,testata,0.038662,testata,0.038662,0,0
###tespjus###,tesseus,testaus,0.571135,testaus,0.571135,0,1
###thangaa###,thhaaaa,tavaraa,0.005110,thaimaa,0.000349,0,0
###tiaplen###,tipplen,tarpeen,0.050589,tiainen,0.001127,0,0
###tiaömia###,tiöatia,tiaisia,0.058101,tiaisia,0.058101,0,0
###tievktä###,tivvttä,tiedetä,0.025846,tiedetä,0.025846,0,0
###tieylte###,tieelte,tiedote,0.016773,tiedote,0.016773,0,0
###tieghyt###,tihhtyt,tiennyt,0.108941,tiennyt,0.108941,1,0
###tieugen###,tiunuen,tautien,0.063317,tieteen,0.000631,0,0
###tievgja###,tieveja,tietoja,0.050533,tietoja,0.050533,0,0
###tieäkon###,tiekken,tiukkaa,0.007339,tietoon,0.002315,0,0
###tieuvyä###,tieäyvä,tiettyä,0.014690,tiettyä,0.014690,1,0
###tiervin###,tierein,tietyin,0.042272,tietyin,0.042272,0,0
###tiiöfai###,tiiiika,tiistai,0.004826,tiistai,0.004826,0,0
###tilägja###,tilaöja,tilaaja,0.416191,tilaaja,0.416191,1,0
###tiloela###,tillola,tilalla,0.293507,tilalla,0.293507,0,0
###tilsple###,tilpele,tilille,0.107333,tilalle,0.049181,0,0
###tilnäta###,tilnöta,tilasta,0.179921,tilalta,0.103845,0,0
###tilssne###,tilssse,tilassa,0.390617,tilanne,0.009632,0,0
###tiludsa###,tiluusa,tilassa,0.072096,tilassa,0.072096,0,0
###tilbmta###,tilmmaa,tilasta,0.062589,tilasta,0.062589,0,0
###tiloöle###,tillole,tilille,0.368561,tilille,0.368561,0,0
###tilmgen###,tilmeen,tilojen,0.091993,tilojen,0.091993,0,0
###timaben###,timanen,timonen,0.156219,timonen,0.156219,0,0
###tiuylaa###,tiuulaa,tiukkaa,0.028904,tiukkaa,0.028904,1,0
###todgbsi###,todissi,todeksi,0.528599,todeksi,0.528599,0,1
###todpvla###,topvlla,toistaa,0.016223,todella,0.013789,0,0
###todaätu###,todaatu,todettu,0.021254,todettu,0.021254,0,0
###todvmte###,todomte,todiste,0.563269,todiste,0.563269,0,1
###tohegri###,tohreri,tohtori,0.541245,tohtori,0.541245,0,1
###toirnla###,toirola,toijala,0.075275,toijala,0.075275,0,0
###toiuyen###,toidien,taiteen,0.022821,toimeen,0.003650,0,0
###toijpen###,toipjen,toisten,0.116822,toimien,0.050184,0,0
###toihvin###,toihoin,toimiin,0.055329,toimiin,0.055329,0,0
###toiöäja###,toitaja,toimija,0.290545,toimija,0.290545,0,0
###toiövsi###,toiiisi,toimisi,0.156352,toimisi,0.156352,0,0
###toibyta###,toitita,toimita,0.325636,toimita,0.325636,0,0
###toiubva###,toivuva,toimiva,0.375519,toimiva,0.375519,0,0
###toidfen###,toidden,toisten,0.064410,toiseen,0.003038,0,0
###toivjna###,toivona,toivola,0.219282,toisena,0.005753,0,0
###toilgin###,toiliin,toimiin,0.031036,toisiin,0.009857,0,0
###toivraa###,toivraa,toistaa,0.277425,toistaa,0.277425,0,0
###toifyen###,toipien,toisten,0.104058,toisten,0.104058,0,0
###toikget###,tookeet,teokset,0.041972,toiveet,0.016891,0,0
###toihhon###,tohhhon,toivion,0.082012,toivion,0.082012,0,0
###toijrla###,toijlla,toijala,0.053871,toivola,0.021795,0,0
###tolhden###,toloeen,tolonen,0.064570,tolonen,0.064570,0,0
###tompyla###,toppala,korpela,0.040228,tommila,0.011185,0,0
###tornela###,tornela,korpela,0.045983,torilla,0.025035,0,0
###toryple###,tyrpele,torille,0.504546,torille,0.504546,0,1
###tordhon###,torodon,tornion,0.090527,tornion,0.090527,0,0
###toryeai###,toreeri,torstai,0.101560,torstai,0.101560,0,0
###tospvan###,tossvan,tosiaan,0.091745,tosiaan,0.091745,0,0
###totdyin###,toydiin,toimiin,0.025126,totesin,0.009611,0,0
###totlrdu###,totallu,toteudu,0.083794,toteudu,0.083794,0,0
###totkätu###,totkätu,totuttu,0.285691,totuttu,0.285691,0,0
###trembit###,temmmit,tekstit,0.070422,trendit,0.008754,0,0
###tueylan###,tueelan,tuetaan,0.006758,tuetaan,0.006758,0,0
###tuhväta###,tuhtäta,tuhatta,0.210454,tuhatta,0.210454,0,0
###tuhkdtu###,tuhdutu,tuhoutu,0.709996,tuhoutu,0.709996,0,1
###tukaäut###,tukkvut,tukenut,0.065063,tukenut,0.065063,0,0
###tuköyin###,tuökiin,tukesin,0.028753,tukesin,0.028753,0,0
###tuklran###,tukuran,tukevan,0.164369,tukevan,0.164369,0,0
###tukmdat###,tukamat,tukevat,0.544439,tukevat,0.544439,0,1
###tuköhia###,tukhhia,tukevia,0.091347,tukevia,0.091347,0,0
###tulbako###,tulaako,tuleeko,0.019775,tuleeko,0.019775,1,0
###tulypme###,tulpmme,tulemme,0.504971,tulemme,0.504971,0,1
###tulkdaa###,tulakaa,tulevaa,0.175272,tulevaa,0.175272,0,0
###tuldian###,tullian,tulevan,0.036869,tulevan,0.036869,0,0
###tulpkat###,tulkkat,tulevat,0.081921,tulevat,0.081921,0,0
###tulröia###,tullria,tulevia,0.056203,tulevia,0.056203,0,0
###tuloein###,tuloein,tulikin,0.047528,tulikin,0.047528,0,0
###tulbbyö###,tyltyyö,tulityö,0.593498,tulityö,0.593498,0,1
###tulsdat###,tulalat,tulevat,0.149797,tulivat,0.109009,0,0
###tulbeta###,tulleta,tulosta,0.099983,tulkita,0.069989,0,0
###tulspan###,tulstan,tulevan,0.048319,tullaan,0.020496,0,0
###tulkien###,tulkien,tulkita,0.167653,tulleen,0.005232,0,0
###tulkjet###,tulkeet,tulleet,0.183334,tulleet,0.183334,0,0
###tulmien###,tulmien,toimien,0.017634,tulojen,0.014533,0,0
###tulyien###,tullien,tuntien,0.037322,tulonen,0.010794,0,0
###tulybsa###,tylussa,tulosta,0.028854,tulossa,0.015399,0,0
###tuljäta###,tuljäta,tulosta,0.094640,tulosta,0.094640,0,0
###tunäjta###,tunajta,tunneta,0.161936,tunneta,0.161936,0,0
###tunöben###,tunneen,tunteen,0.056149,tunteen,0.056149,0,0
###tuniiet###,tuniiet,tunteet,0.026543,tunteet,0.026543,0,0
###tunöfja###,tuönöja,tunteja,0.080871,tunteja,0.080871,0,0
###tunäven###,tuväven,tuoreen,0.013520,tuntien,0.009685,0,0
###tuosvan###,tuosvan,tuomaan,0.028130,tuodaan,0.007430,0,0
###tuobäuu###,tuoluuu,tuoksuu,0.176767,tuoksuu,0.176767,0,0
###tuoäpan###,tuoojan,tuomaan,0.078981,tuomaan,0.078981,0,0
###tuoydri###,tuoirri,tilille,0.007122,tuomari,0.002979,0,0
###tuoflon###,tuollon,tuomion,0.090819,tuomion,0.090819,0,0
###tuomget###,tuommet,tuoneet,0.052289,tuoneet,0.052289,0,0
###tuodäin###,tuodiin,tuodaan,0.311017,tuonnin,0.047373,1,0
###tuojöen###,tuojjen,tuoreen,0.059423,tuoreen,0.059423,0,0
###tuoayet###,tuoaaet,tuoneet,0.084747,tuoreet,0.035730,0,0
###tuobfin###,tuoniin,tuonnin,0.474498,tuorein,0.012596,0,0
###tuosmin###,tuosmin,vuosiin,0.013933,tuotiin,0.002865,0,0
###tuojfaa###,tuotjaa,tuottaa,0.294462,tuottaa,0.294462,1,0
###tuojnoa###,tuojnoa,tuottoa,0.357690,tuottoa,0.357690,1,0
###tureäan###,turräan,turhaan,0.044052,turhaan,0.044052,0,0
###turfaun###,turtuun,turkuun,0.207196,turkuun,0.207196,0,0
###turhlen###,turhlen,turhaan,0.030776,turunen,0.013898,0,0
###turfksa###,turuksa,tarkkaa,0.050294,turussa,0.010271,0,0
###turhdta###,turhdta,turusta,0.237155,turusta,0.237155,0,0
###turkmta###,turkmta,turkuun,0.088520,turvata,0.008528,0,0
###tutänja###,tutanja,tutkija,0.063198,tutkija,0.063198,0,0
###tutenja###,tutenja,tutkija,0.085693,tuttuja,0.056019,0,0
###tutfäun###,tuttuun,tuttuun,0.127067,tuttuun,0.127067,0,0
###tutedsi###,tudeisi,tutuksi,0.010324,tutuksi,0.010324,0,0
###tuteätu###,tuteitu,tutustu,0.055590,tutustu,0.055590,0,0
###tuuäöla###,tuutula,tuusula,0.291066,tuusula,0.291066,0,0
###tuvnble###,tunnele,tunneta,0.015279,tuville,0.001902,0,0
###tykeoän###,tykeeän,tykkään,0.055777,tykkään,0.055777,0,0
###tytafjä###,tytäjjä,tyttöjä,0.321988,tyttöjä,0.321988,0,0
###tyyuuin###,tyynyin,tyystin,0.068838,tyyliin,0.052203,0,0
###tyyuein###,tyynein,tyystin,0.191028,tyystin,0.191028,0,0
###työorka###,työorka,työaika,0.052483,työaika,0.052483,0,0
###työkoan###,työkaan,työajan,0.028873,työajan,0.028873,0,0
###työnkua###,työnkua,työasua,0.235974,työasua,0.235974,0,0
###työnrlu###,tyruluu,turunen,0.060759,työkalu,0.008127,0,0
###työerky###,tykeyyy,työkyky,0.055342,työkyky,0.055342,0,0
###työdgää###,työdäää,syödään,0.161843,työntää,0.113557,0,0
###työvkja###,työvjja,työpaja,0.128285,työpaja,0.128285,0,0
###työvhää###,työhäää,työstää,0.283133,työstää,0.283133,0,0
###työfoän###,työntän,työtään,0.022884,työtään,0.022884,0,0
###työdfan###,työddan,työajan,0.068557,työuran,0.067662,0,0
###työejia###,työejia,työuria,0.133147,työuria,0.133147,0,0
###työffen###,työöden,työväen,0.078869,työväen,0.078869,0,0
###tähjfen###,tähjjen,tähtien,0.446837,tähtien,0.446837,0,0
###tälbjin###,täliöin,tällöin,0.039580,tällöin,0.039580,0,0
###tämjein###,tämmtin,tärkein,0.058313,tämäkin,0.009798,0,0
###tändpin###,täpnkin,tänäkin,0.022439,tänäkin,0.022439,0,0
###tärdlin###,täridin,tärkein,0.261473,tärkein,0.261473,0,0
###tärouys###,täroäys,tärkeys,0.160645,tärkeys,0.160645,0,0
###täruiän###,tärriän,tärkeän,0.112487,tärkeän,0.112487,0,0
###tärdvät###,tärvdät,tärkeät,0.665442,tärkeät,0.665442,0,1
###tärjyää###,tärjäjä,tärkeää,0.088914,tärkeää,0.088914,0,0
###täyfken###,täynken,tähtien,0.068596,täyteen,0.015109,0,0
###täyuöyi###,täylyyi,täyttyi,0.776918,täyttyi,0.776918,1,1
###täyhoyy###,täyhyyy,täyttyy,0.857229,täyttyy,0.857229,1,1
###täykbää###,täykäää,täyttää,0.805265,täyttää,0.805265,1,1
###uhmejva###,uhmemva,uhmaava,0.009527,uhmaava,0.009527,1,0
###ukkdsen###,ukkesen,ukkonen,0.141471,ukkonen,0.141471,0,0
###uksftsa###,uksutta,uksessa,0.004174,uksessa,0.004174,0,0
###ulkyysu###,ulsuäsu,ulkoasu,0.027816,ulkoasu,0.027816,0,0
###ulokvuu###,ulokuvu,ulottuu,0.735339,ulottuu,0.735339,1,1
###uniprki###,uniikri,uniikki,0.939151,uniikki,0.939151,0,1
###unifein###,unuiiin,unkarin,0.013560,unionin,0.011872,0,0
###unkemin###,unkemin,unkarin,0.053455,unkarin,0.053455,0,0
###unokgaa###,unohkaa,unohtaa,0.415236,unohtaa,0.415236,0,0
###unoaöuu###,unaahuu,unohtuu,0.609787,unohtuu,0.609787,0,1
###uraböin###,rräadin,eräiden,0.018901,urakoin,0.001708,0,0
###urhyklu###,urhuklu,urheilu,0.369241,urheilu,0.369241,0,0
###usejypi###,usspppi,useampi,0.140200,useampi,0.140200,0,0
###useppsa###,usepspa,useista,0.010118,useassa,0.008617,0,0
###useokti###,useokti,useasti,0.015681,useasti,0.015681,0,0
###usefoen###,useooen,useiden,0.196088,useiden,0.196088,0,0
###usejnla###,esuella,asialla,0.036024,useilla,0.031397,0,0
###useprsa###,usersta,useista,0.015120,useissa,0.003945,0,0
###usekgta###,useakaa,useista,0.003514,useista,0.003514,0,0
###uskfila###,uskulla,uskalla,0.211624,uskalla,0.211624,0,0
###uskbame###,usuemme,uskomme,0.163773,uskomme,0.163773,0,0
###uskahto###,usdasto,uskonto,0.213464,uskonto,0.213464,0,0
###uskhdut###,usuuktt,uutiset,0.008690,uskonut,0.008286,0,0
###uskymtu###,uukumtu,uskomme,0.013716,uskottu,0.002053,0,0
###uskdlun###,uskulun,uskotun,0.143619,uskotun,0.143619,0,0
###uskifat###,uskiktt,useista,0.033581,uskovat,0.001543,0,0
###uudvfsi###,uusiksi,uusiksi,0.287126,uudeksi,0.025905,0,0
###uudjäla###,judolla,uusilla,0.015373,uudella,0.011751,0,0
###uudaöle###,uuualle,tilalle,0.014317,uudelle,0.013715,0,0
###uudfösa###,uudulsa,uudella,0.068603,uudessa,0.030132,0,0
###uudjpta###,uudupta,uudesta,0.089091,uudesta,0.089091,0,0
###uunjbsa###,uunussa,uunissa,0.114772,uunissa,0.114772,0,0
###uusdbsi###,uusuksi,uusiksi,0.549354,uusiksi,0.549354,0,1
###uusähla###,uuuulla,uusilla,0.593699,uusilla,0.593699,0,1
###uusjble###,ussulle,uusille,0.550513,uusille,0.550513,0,1
###uusjkaa###,uuuukaa,uusimaa,0.017597,uusimaa,0.017597,0,0
###uusvvta###,uusvvta,uusista,0.234526,uusinta,0.168078,0,0
###uushosa###,uusoosa,uusilla,0.031781,uusissa,0.007799,0,0
###uusbeta###,uuueeta,uudesta,0.084347,uusista,0.005158,0,0
###uusäetu###,uuseetu,uusittu,0.437595,uusittu,0.437595,0,0
###uuthaen###,uuuhuen,uutinen,0.020384,uutinen,0.020384,0,0
###uutpfet###,uuutset,uutiset,0.269002,uutiset,0.269002,0,0
###uutyyia###,uuyyyia,uutisia,0.254834,uutisia,0.254834,0,0
###vaauäja###,vaaauja,saatuja,0.072692,vaaleja,0.052357,0,0
###vaamuen###,vaamuen,vaalien,0.128782,vaalien,0.128782,0,0
###vaayyua###,vaahena,vaaleja,0.038251,vaappua,0.003543,1,0
###vaapuna###,vaavuna,vaarana,0.115497,vaarana,0.115497,0,0
###vaaoäsi###,vaaoasi,vastasi,0.150281,vaatisi,0.030502,0,0
###vaaeeva###,vaaeeva,vaaleja,0.011208,vaativa,0.002773,0,0
###vahjlko###,vahjlmo,vahinko,0.080513,vahinko,0.080513,0,0
###vahrjna###,vahvrna,vahvana,0.036633,vahvana,0.036633,0,0
###vahfäja###,vahhjja,vahvoja,0.101083,vahvoja,0.101083,0,0
###vahdmus###,vahmmus,vahvuus,0.071566,vahvuus,0.071566,0,0
###vaipyon###,vaipaon,vaihdon,0.033381,vaihdon,0.033381,0,0
###vaifoen###,vaiooen,varjoon,0.012386,vaiheen,0.002973,0,0
###vaiäpet###,viippet,vaiheet,0.074163,vaiheet,0.074163,0,0
###vaidmaa###,vaimaaa,vaihtaa,0.098880,vaihtaa,0.098880,0,0
###vairgoa###,vairooa,sairaan,0.004144,vaihtoa,0.002568,0,0
###vairpoi###,vairooi,vaihtoi,0.063539,vaihtoi,0.063539,0,0
###vaiplui###,vaihuui,vaihtui,0.384740,vaihtui,0.384740,0,0
###vaiäeuu###,viiveuu,viisaus,0.025567,vaihtuu,0.013947,0,0
###vaimyaa###,vaimana,vaimoni,0.013161,vaikeaa,0.000388,0,0
###vairjan###,vairjan,sairaan,0.148870,vaikean,0.093386,0,0
###vaihous###,vaihous,vaihtui,0.088747,vaikeus,0.073485,0,0
###vailbei###,vaiteei,vaikkei,0.021920,vaikkei,0.021920,1,0
###vaioyta###,vaitata,vaikuta,0.061842,vaikuta,0.061842,0,0
###vaighni###,vaihiii,vaatisi,0.009905,vaimoni,0.006216,0,0
###vakbgaa###,vakkkaa,vakavaa,0.076904,vakavaa,0.076904,0,0
###vakoyan###,vakkann,vakavan,0.016707,vakavan,0.016707,0,0
###vakymia###,vakymia,vakavia,0.099287,vakavia,0.099287,0,0
###vakmbna###,vakkmna,kaukana,0.009617,vakiona,0.002463,0,0
###vaknetu###,vaknetu,vakuutu,0.150383,vakuutu,0.150383,1,0
###valbgta###,valvuta,valinta,0.182815,valinta,0.182815,0,0
###valrose###,valoose,valitse,0.430788,valitse,0.430788,0,0
###valfhsi###,valuksi,valitsi,0.052052,valitsi,0.052052,0,0
###valsotu###,vallstu,valittu,0.128945,valittu,0.128945,0,0
###valepun###,valetun,valitun,0.517167,valitun,0.517167,0,1
###valjäus###,valjuus,valitus,0.284359,valitus,0.284359,0,0
###valffut###,valuuut,valitut,0.421625,valitut,0.421625,0,0
###valhfma###,valmmma,valkama,0.585880,valkama,0.585880,0,1
###valdyin###,valliin,valmiin,0.301474,valmiin,0.301474,0,0
###valbyit###,valtiit,valmiit,0.269266,valmiit,0.269266,0,0
###valrnus###,valunus,valitus,0.370825,valmius,0.187670,0,0
###valäösa###,valvssa,valoisa,0.036029,valoisa,0.036029,0,0
###valdusa###,valuusa,valoisa,0.042316,valossa,0.016378,0,0
###valriva###,valviva,vaativa,0.071264,valtava,0.044314,0,0
###valujon###,valujon,valtion,0.034076,valtion,0.034076,0,0
###valgöot###,valptot,valtiot,0.366582,valtiot,0.366582,0,0
###valdhja###,valhaja,valvoja,0.030054,valvoja,0.030054,0,0
###vamyhla###,vaphlla,varalla,0.047999,vammala,0.002242,0,0
###vanfman###,vannman,vantaan,0.233003,vanhaan,0.080000,0,0
###vanmula###,vanmula,vanhala,0.053542,vanhala,0.053542,0,0
###vantbja###,vantaja,vantaan,0.101507,vanhoja,0.007045,0,0
###vantuen###,vanteen,vantaan,0.101360,vankien,0.011201,0,0
###vanäyan###,vannann,vantaan,0.114508,vantaan,0.114508,0,0
###vapgsna###,vapssna,vapaana,0.034473,vapaana,0.034473,1,0
###vaprnta###,vapurta,vapaata,0.048617,vapaata,0.048617,1,0
###vapönta###,vapunta,valinta,0.173107,vapaita,0.028701,0,0
###varghla###,varhrla,varalla,0.414766,varalla,0.414766,0,0
###variäle###,variele,varalle,0.282861,varalle,0.282861,0,0
###varnota###,varvota,tarjota,0.018549,varalta,0.011660,0,0
###varhäsa###,varvasa,varalla,0.035903,varassa,0.029686,0,0
###varpjto###,varjjto,varasto,0.405447,varasto,0.405447,0,0
###vardmtu###,variitu,varattu,0.098144,varattu,0.098144,0,0
###varljin###,varjjin,varhain,0.106657,varhain,0.106657,0,0
###varpgty###,varprty,variety,0.223720,variety,0.223720,0,0
###varuyon###,varvaon,varjoon,0.096010,varjoon,0.096010,0,0
###varyeus###,vareeus,varkaus,0.032292,varkaus,0.032292,0,0
###vareäan###,varraan,varmaan,0.075708,varmaan,0.075708,0,0
###varöuja###,varuuja,varmoja,0.012238,varmoja,0.012238,0,0
###varkyen###,varkeen,vaikean,0.041003,varojen,0.005293,0,0
###varbmen###,varmmen,varojen,0.059874,varteen,0.022861,0,0
###vasrfan###,vassaan,vastaan,0.188112,vastaan,0.188112,0,0
###vaspksi###,vassksi,vastasi,0.082224,vastasi,0.082224,0,0
###vasmjta###,vasmmta,vastata,0.037718,vastata,0.037718,0,0
###vasfbus###,vasvuus,vastaus,0.066181,vastaus,0.066181,0,0
###vasläne###,valvene,vastine,0.124337,vastine,0.124337,0,0
###vasägin###,vasakin,vastoin,0.124393,vastoin,0.124393,0,0
###vasörun###,vasurun,valitun,0.036782,vastuun,0.021879,0,0
###vasrnut###,vavurut,valitut,0.090875,vastuut,0.042106,0,0
###vauäfia###,vauaiia,vauhtia,0.125111,vauhtia,0.125111,0,0
###vedkjlä###,vedkjlä,vesillä,0.054429,vedellä,0.020998,0,0
###vedbusä###,veduäsä,vedessä,0.383862,vedessä,0.383862,0,0
###vedmitä###,vedmitä,vedestä,0.126047,vedestä,0.126047,0,0
###velfmja###,velmmja,velkoja,0.097214,velkoja,0.097214,0,0
###venddän###,vedddän,venäjän,0.070796,venäjän,0.070796,0,0
###venllää###,ventllä,vedellä,0.101042,venäjää,0.029997,0,0
###verhuoo###,verheoo,verkkoo,0.729368,verkkoo,0.729368,1,1
###verhaen###,verheen,perheen,0.150465,verojen,0.008724,0,0
###verökus###,verukus,verotus,0.308290,verotus,0.308290,0,0
###verjgta###,verjjta,verrata,0.258321,verrata,0.258321,0,0
###vertlon###,vertton,version,0.137668,version,0.137668,0,0
###vesodlä###,vosollä,vedellä,0.248212,vesillä,0.192865,0,0
###vetaayt###,vetaayt,tehtaat,0.009899,vetänyt,0.004007,0,0
###vetrsät###,vetrsät,vetävät,0.033827,vetävät,0.033827,0,0
###viesuän###,vieseän,viestin,0.054923,viedään,0.004647,0,0
###vienspä###,viennpä,vieläpä,0.155185,vieläpä,0.155185,0,0
###viefoän###,viedoän,viemään,0.011515,viemään,0.011515,0,0
###viepmin###,viemmin,viestin,0.105010,viennin,0.067891,1,0
###vieddiä###,vidddiä,viestiä,0.187677,vientiä,0.024783,0,0
###vieätan###,vieetan,viestin,0.064550,vieraan,0.013594,0,0
###viesfat###,viessat,vieraat,0.052251,vieraat,0.052251,0,0
###viesfen###,vieieen,viereen,0.040025,viereen,0.040025,0,0
###vienpla###,vienlla,vierola,0.052351,vierola,0.052351,0,0
###vieuyin###,vieuein,viestin,0.033420,viestin,0.033420,0,0
###viemyit###,viemeit,viestit,0.300532,viestit,0.300532,0,0
###viemoiä###,viemoiä,viestiä,0.099890,viestiä,0.099890,0,0
###viekmin###,viemmin,viestin,0.110822,vietiin,0.098166,0,0
###vielpää###,vieleää,kieltää,0.242493,viettää,0.147922,1,0
###vihktin###,vihttin,viestin,0.066049,vihdoin,0.019400,0,0
###vihspän###,vihstän,vihreän,0.198368,vihreän,0.198368,0,0
###vihsaät###,vihstät,vihreät,0.414388,vihreät,0.414388,0,0
###vihtöää###,vihttää,viettää,0.267466,vihreää,0.015344,0,0
###viiebyy###,vieäyyy,viihtyy,0.113793,viihtyy,0.113793,0,0
###viitjoa###,viitoja,viitala,0.158949,viikkoa,0.011488,1,0
###viiöoin###,viihoin,viimein,0.045337,viimein,0.045337,0,0
###viipyjä###,viivyjä,viinejä,0.359950,viinejä,0.359950,0,0
###viikpus###,viikkus,vaikeus,0.214055,viisaus,0.069843,0,0
###viiosla###,viiolla,viitala,0.230801,viitala,0.230801,0,0
###viiuoen###,viiioen,viiteen,0.210121,viiteen,0.210121,0,0
###viiypaa###,viippaa,viittaa,0.472645,viittaa,0.472645,1,0
###viläply###,vilälly,sisälly,0.092991,viljely,0.066231,0,0
###vinrbaa###,vintaaa,vinkkaa,0.106262,vinkkaa,0.106262,1,0
###virufta###,virurta,virasta,0.110259,virasta,0.110259,0,0
###virkdto###,viridto,virasto,0.555317,virasto,0.555317,0,1
###virydet###,viriryt,virheet,0.025430,virheet,0.025430,0,0
###virjpan###,virjjan,virkaan,0.072450,virkaan,0.072450,0,0
###virötsa###,virusta,virasta,0.327760,virossa,0.001130,0,0
###virnnta###,virnnta,virasta,0.105912,virosta,0.067947,0,0
###vitshka###,vihskka,vitikka,0.283938,vitikka,0.283938,0,0
###voiupan###,voippan,voimaan,0.076778,voidaan,0.029406,0,0
###voibtan###,voistan,voittaa,0.188214,voimaan,0.056752,0,0
###voiggla###,voipala,voimala,0.098688,voimala,0.098688,0,0
###voiaket###,voikket,voineet,0.512994,voineet,0.512994,0,1
###voittko###,voittko,voittaa,0.217610,voisiko,0.135457,0,0
###voiäyva###,viivava,voitava,0.293906,voitava,0.293906,0,0
###voisbin###,voissin,voitiin,0.046092,voitiin,0.046092,0,0
###voiynaa###,voiunaa,voittaa,0.056534,voittaa,0.056534,1,0
###voiguoa###,voisuoa,viikkoa,0.146814,voittoa,0.105943,1,0
###vuoghaa###,vuohhaa,vuokraa,0.047053,vuokraa,0.047053,0,0
###vuonhat###,vuohtat,vuokrat,0.029015,vuokrat,0.029015,0,0
###vuoymla###,vuoulla,varalla,0.038327,vuorela,0.012592,0,0
###vuobten###,vuooten,vuoteen,0.080395,vuosien,0.013648,0,0
###vuoykin###,vuyykin,vuosiin,0.016284,vuosiin,0.016284,0,0
###vuoprna###,vuorrna,vuosina,0.197796,vuosina,0.197796,0,0
###vuophen###,vuoheen,vaiheen,0.051929,vuoteen,0.018630,0,0
###vuoygna###,vuodnna,vuotena,0.050317,vuotena,0.050317,0,0
###väelhön###,väeläen,välisen,0.017381,väestön,0.002832,0,0
###vähloee###,vähoeee,vähenee,0.528639,vähenee,0.528639,0,1
###vähalen###,vahelen,vähiten,0.043444,vähiten,0.043444,0,0
###väiodää###,väiooää,väittää,0.174440,väittää,0.174440,1,0
###väkjyin###,väksjin,väkisin,0.607037,väkisin,0.607037,0,1
###välrgle###,väräele,välille,0.142538,välille,0.142538,0,0
###välaölä###,vällllä,välillä,0.401238,välillä,0.401238,0,0
###väleotä###,välottä,välistä,0.497158,väliltä,0.248205,0,0
###välfuen###,välluen,välisen,0.025877,välinen,0.007905,0,0
###väljgen###,väljjen,välisen,0.176345,välisen,0.176345,0,0
###välaret###,valrlet,valitut,0.018936,väliset,0.018799,0,0
###välöhiä###,väyäöiä,välisiä,0.212960,välisiä,0.212960,0,0
###välpösä###,välvsöä,välillä,0.010361,välissä,0.005856,0,0
###väluytä###,väläätä,välistä,0.469333,välistä,0.469333,0,0
###välhhön###,vähhhän,vähiten,0.024845,välitön,0.000604,0,0
###välnmyä###,välämyä,välttyä,0.737289,välttyä,0.737289,1,1
###väligää###,väliäää,välttää,0.256782,välttää,0.256782,1,0
###värfdäs###,väriääs,värikäs,0.369418,värikäs,0.369418,0,0
###väsbfys###,väsvmys,väsymys,0.218183,väsymys,0.218183,0,0
###vääatän###,vääätän,väärään,0.169938,väärään,0.169938,0,0
###yhdrjsi###,yhdussi,yhdeksi,0.164979,yhdeksi,0.164979,0,0
###yhdikle###,yhdille,yhdelle,0.174985,yhdelle,0.174985,0,0
###yhditlä###,yhdiltä,yhdeltä,0.307462,yhdellä,0.156693,0,0
###yhdiatä###,yhdiitä,yhdestä,0.214701,yhdeltä,0.186738,0,0
###yhdptsä###,yhduttä,yhdestä,0.174150,yhdessä,0.001744,0,0
###yhdjotä###,yhddttä,yhdeltä,0.376480,yhdestä,0.308287,0,0
###yhtkfsö###,yyttkkö,yksikkö,0.075667,yhteisö,0.005079,0,0
###yhtkäen###,yhtöäen,yhtyeen,0.033884,yhtyeen,0.033884,0,0
###ykkäpen###,ykköpän,ykkösen,0.159494,ykkönen,0.143509,0,0
###ykkhäen###,ykköään,ykkösen,0.020371,ykkösen,0.020371,0,0
###yksnvkö###,yysäkkö,lisäksi,0.009060,yksikkö,0.007501,0,0
###yksvfön###,yysvkön,yksikön,0.017756,yksikön,0.017756,0,0
###yksmoöt###,ysitout,ystävät,0.165618,yksiköt,0.007727,0,0
###yksäuön###,yksääön,yksikön,0.203531,yksilön,0.199672,0,0
###yksvhöt###,yyhäkät,ystävät,0.076480,yksilöt,0.000338,0,0
###yledtsä###,yddästä,yhdeltä,0.017683,yleensä,0.002411,0,0
###yleoäen###,yleöäen,yleisen,0.274601,yleinen,0.086143,0,0
###yletben###,yleteen,yleisen,0.094796,yleisen,0.094796,0,0
###ylehnet###,yleentt,yleinen,0.024351,yleiset,0.013974,0,0
###ylebdin###,yleidin,yleisin,0.592429,yleisin,0.592429,0,1
###yleuhiä###,ylyyhiä,yleisiä,0.059461,yleisiä,0.059461,0,0
###yleggtä###,yleyttä,ylittää,0.038869,yleistä,0.022643,0,0
###ylegtön###,yleötön,yleisön,0.493115,yleisön,0.493115,0,0
###ylevvöä###,ylevvvä,yleensä,0.033046,yleisöä,0.010812,0,0
###ylehrän###,yleyeän,ylemmän,0.026447,ylemmän,0.026447,1,0
###ylejtää###,yleetää,ylittää,0.202781,ylempää,0.042061,0,0
###yliökän###,yliöhän,ylimmän,0.123584,ylimmän,0.123584,1,0
###yligslo###,ylisllo,ylitalo,0.817013,ylitalo,0.817013,0,1
###ylivrää###,ylivvää,ylittää,0.546802,ylittää,0.546802,1,1
###yllbfti###,yllänti,yllätti,0.665283,yllätti,0.665283,0,1
###yllimys###,yllimys,kysymys,0.006605,yllätys,0.004847,0,0
###ylpmntä###,yylyntä,kysyntä,0.050918,ylpeitä,0.000723,0,0
###ymmvjrä###,ymmmrrä,ymmärrä,0.043821,ymmärrä,0.043821,0,0
###yribeää###,yrireää,yrittää,0.114359,yrittää,0.114359,1,0
###yrtugjä###,yrtuäjä,yrttejä,0.370283,yrttejä,0.370283,0,0
###ystokiä###,ysttkiä,ystäviä,0.107973,ystäviä,0.107973,0,0
###ystböän###,yytttän,yleisön,0.026813,ystävän,0.021416,0,0
###ystldät###,ystädät,ystävät,0.428634,ystävät,0.428634,0,0
###ystökää###,ysttkää,ystävää,0.352982,ystävää,0.352982,0,0
###äidotle###,äidolte,äidille,0.160381,äidille,0.160381,0,0
###äimvyen###,vimmeyn,aiemman,0.001728,äimänen,0.000352,0,0
###äitfrsä###,äitätsä,äitinsä,0.391244,äitinsä,0.391244,0,0
###ärhjpät###,äähjpät,ärhäkät,0.057528,ärhäkät,0.057528,0,0
###äänsmlä###,ääämllä,kääntyä,0.011968,äänellä,0.002324,0,0
###äängdsä###,ääändsä,määrätä,0.011880,äänensä,0.005152,0,0
###äänbötä###,äännötä,kannata,0.043509,äänestä,0.018442,0,0
###äärtsle###,äärtlle,äärelle,0.230059,äärelle,0.230059,0,0
###äärtjlä###,äärtölä,äärellä,0.207083,äärellä,0.207083,0,0
###äärjmsä###,ääärssä,ääressä,0.433320,ääressä,0.433320,0,0
