input,lower_deck_output,upper_deck_winner,winner_activation,target,target_activation,excluded,over_threshold
####pouv#####,poupovu,convive,0.084947,pouvoir,0.012465,0,0
####voul#####,vouvoll,vouloir,0.225240,vouloir,0.225240,0,0
####pren#####,preppnn,pourpre,0.023879,prendre,0.000061,0,0
####fall#####,flalaal,flirter,0.038248,falloir,0.001681,0,0
####trou#####,trotuoo,trotter,0.502181,trouver,0.008564,0,0
####lais#####,laileas,taillis,0.011517,laisser,0.002562,0,0
####arri#####,aariiri,affaire,0.006410,arriver,0.000012,0,0
####prem#####,plmmpmn,palmier,0.038416,premier,0.020108,0,0
####semb#####,sombems,tombeau,0.040214,sembler,0.006734,0,0
####quel#####,qlulqul,quelque,0.383399,quelque,0.383399,0,0
####deve#####,dedeere,demeure,0.015143,devenir,0.002586,0,0
####reve#####,revevve,revivre,0.025040,revenir,0.000187,0,0
####pres#####,prpsprs,prostré,0.029907,presque,0.004079,0,0
####appe#####,apppppe,frapper,0.059063,appeler,0.000978,0,0
####arrê#####,arxêarr,brocart,0.003552,arrêter,0.000036,0,0
####pend#####,penpedd,peupler,0.292074,pendant,0.003953,0,0
####cham#####,chamhan,chambre,0.044730,chambre,0.044730,0,0
####dern#####,deerdnn,décrire,0.026659,dernier,0.000838,0,0
####asse#####,assssse,analyse,0.002967,asseoir,0.000034,0,0
####tour#####,toutouo,toucher,0.014457,tourner,0.013031,0,0
####inst#####,iniiint,inquiet,0.006152,instant,0.000584,0,0
####marc#####,marraal,morceau,0.003679,marcher,0.000521,0,0
####sile#####,sislils,positif,0.000750,silence,0.000039,0,0
####quit#####,qoqquut,troquet,0.035806,quitter,0.000608,0,0
####écou#####,éoocéué,éloigné,0.015085,écouter,0.001485,0,0
####essa#####,eesaaas,matelas,0.011383,essayer,0.000093,0,0
####nouv#####,nouvovu,nouveau,0.238810,nouveau,0.238810,0,0
####surt#####,sussurt,sursaut,0.049961,surtout,0.021328,0,0
####pous#####,pouporn,peupler,0.039542,pousser,0.004769,0,0
####parf#####,panpard,pimpant,0.014764,parfois,0.001224,0,0
####oubl#####,obblbol,bourbon,0.038253,oublier,0.000143,0,0
####souv#####,souvovu,pouvoir,0.108064,souvent,0.002912,0,0
####voit#####,voivort,voiture,0.165037,voiture,0.165037,0,0
####fenê#####,fenêenn,fenêtre,0.009920,fenêtre,0.009920,0,0
####rent#####,reetent,revient,0.010387,rentrer,0.000008,0,0
####mont#####,mommtot,complot,0.015715,montrer,0.000645,0,0
####fami#####,famfwan,feindre,0.013089,famille,0.000835,0,0
####lumi#####,lumllai,lumière,0.252020,lumière,0.252020,0,0
####trav#####,travvao,travers,0.062238,travail,0.007721,0,0
####sour#####,sousous,mourant,0.010687,sourire,0.003710,0,0
####affa#####,ffffaaf,effrayé,0.063186,affaire,0.001884,0,0
####trav#####,travvao,travers,0.062238,travers,0.062238,0,0
####chan#####,chachon,chanson,0.097534,changer,0.001299,0,0
####comm#####,commman,comique,0.071889,comment,0.008278,0,0
####géné#####,généégé,général,0.011952,général,0.011952,0,0
####plai#####,plppiao,chapeau,0.008517,plaisir,0.000440,0,0
####glis#####,gliguis,gaulois,0.048240,glisser,0.012536,0,0
####ajou#####,ajauqux,artisan,0.001276,ajouter,0.000704,0,0
####occu#####,ooccecu,cocotte,0.007119,occuper,0.002836,0,0
####déci#####,décrdco,décence,0.335560,décider,0.013720,0,0
####soud#####,sousaud,amusant,0.011649,soudain,0.000642,0,0
####lors#####,lonllos,quelles,0.012318,lorsque,0.000028,0,0
####comp#####,comppro,compère,0.166887,compter,0.165223,0,0
####mauv#####,mauvevu,sauveur,0.062758,mauvais,0.023930,0,0
####répé#####,répéppé,répéter,0.016083,répéter,0.016083,0,0
####coul#####,couceol,coulant,0.178979,couleur,0.146915,0,0
####jour#####,jojrouu,journée,0.050379,journal,0.020221,0,0
####manq#####,mamnaau,minéral,0.001504,manquer,0.000163,0,0
####sema#####,semheas,samovar,0.002220,semaine,0.000099,0,0
####couc#####,couceru,coucher,0.141749,coucher,0.141749,0,0
####avan#####,avaraac,agaçant,0.009337,avancer,0.002613,0,0
####orei#####,ooooiri,endormi,0.013962,oreille,0.000095,0,0
####touc#####,toutacu,couteau,0.038555,toucher,0.000394,0,0
####heur#####,hhureur,horreur,0.186624,heureux,0.107091,0,0
####cert#####,cencert,cerceau,0.106767,certain,0.000082,0,0
####jour#####,jojrouu,journée,0.050379,journée,0.050379,0,0
####part#####,paptart,portant,0.024250,partout,0.002482,0,0
####envo#####,envveos,inverse,0.028659,envoyer,0.009603,0,0
####bien#####,bibnbôn,bourbon,0.101066,bientôt,0.000354,0,0
####ensu#####,eneueuu,chevelu,0.002126,ensuite,0.000123,0,0
####frap#####,frapaao,frapper,0.018845,frapper,0.018845,0,0
####pleu#####,pleuelu,pleurer,0.321255,pleurer,0.321255,0,0
####bonh#####,bonbhon,bourbon,0.343834,bonheur,0.001439,0,0
####suff#####,fufffvf,suffire,0.140674,suffire,0.140674,0,0
####mani#####,mammaan,murmure,0.011812,manière,0.000124,0,0
####penc#####,pencecu,pinceau,0.019636,pencher,0.006754,0,0
####pass#####,passaas,pensant,0.021676,passage,0.004377,0,0
####refu#####,refueau,refuser,0.004831,refuser,0.004831,0,0
####ache#####,hahahhe,attache,0.010410,acheter,0.000010,0,0
####exis#####,exiseix,exister,0.626250,exister,0.626250,0,1
####vill#####,vinlbll,vitrail,0.067012,village,0.030610,0,0
####rete#####,reterre,serrure,0.000916,retenir,0.000004,0,0
####serv#####,sevvevs,serveur,0.081511,service,0.010363,0,0
####prés#####,prpppré,prostré,0.044630,présent,0.002438,0,0
####feui#####,feureux,feutrer,0.067412,feuille,0.051300,0,0
####endr#####,endener,égrener,0.002296,endroit,0.000112,0,0
####cuis#####,cuicuvs,crisper,0.021210,cuisine,0.005257,0,0
####espé#####,espepsé,excepté,0.021452,espérer,0.000059,0,0
####choi#####,châhhhn,coucher,0.063413,choisir,0.000198,0,0
####couv#####,couvevu,couvert,0.051211,couvrir,0.001513,0,0
####puis#####,puupuis,peupler,0.280075,puisque,0.001431,0,0
####rapp#####,rrppppo,frapper,0.067551,rapport,0.047588,0,0
####moin#####,mommion,moignon,0.011593,moindre,0.000180,0,0
####exem#####,exememx,exemple,0.098344,exemple,0.098344,0,0
####assu#####,aasssus,amusant,0.004188,assurer,0.000066,0,0
####appu#####,ppppppu,frapper,0.037835,appuyer,0.000367,0,0
####chan#####,chachon,chanson,0.097534,chanter,0.001611,0,0
####rele#####,rererle,demeure,0.001212,relever,0.000560,0,0
####traî#####,traîtro,traître,0.114020,traîner,0.000097,0,0
####hési#####,héshiif,hésiter,0.141030,hésiter,0.141030,0,0
####char#####,charhon,cracher,0.127176,charger,0.030180,0,0
####réus#####,réérers,décrire,0.002510,réussir,0.000138,0,0
####seco#####,secocvu,sacoche,0.018216,seconde,0.001475,0,0
####éton#####,évotton,écouter,0.022675,étonner,0.000465,0,0
####seco#####,secocvu,sacoche,0.018216,secouer,0.001417,0,0
####allu#####,aluleau,altesse,0.005456,allumer,0.003678,0,0
####chal#####,chachal,crachat,0.070496,chaleur,0.004810,0,0
####bais#####,baisaan,baisser,0.095796,baisser,0.095796,0,0
####somm#####,somhsoé,sombrer,0.016307,sommeil,0.013409,0,0
####musi#####,musseis,musette,0.055820,musique,0.039583,0,0
####habi#####,hhbhhan,haillon,0.028271,habiter,0.011820,0,0
####devi#####,diveedf,déduire,0.048676,deviner,0.003969,0,0
####éten#####,éjeeton,émettre,0.009624,étendre,0.000951,0,0
####mémo#####,mémoooo,mémoire,0.206864,mémoire,0.206864,0,0
####sépa#####,sépappé,séparer,0.027643,séparer,0.027643,0,0
####rame#####,mamrrme,égoïsme,0.004375,ramener,0.000009,0,0
####igno#####,giiggon,fourgon,0.002843,ignorer,0.000073,0,0
####comb#####,combbro,combler,0.354727,combien,0.050393,0,0
####obli#####,oobloai,oublier,0.010203,obliger,0.000978,0,0
####imme#####,mmmmime,égoïsme,0.001280,immense,0.000041,0,0
####prof#####,propfro,proprio,0.024585,profond,0.007505,0,0
####emme#####,emmeeme,comment,0.012121,emmener,0.003739,0,0
####coul#####,couceol,coulant,0.178979,couloir,0.053022,0,0
####enfa#####,effaeau,macadam,0.001768,enfance,0.000293,0,0
####étra#####,éérttaé,constat,0.001192,étrange,0.000130,0,0
####marq#####,mamqqas,minéral,0.005496,marquer,0.000325,0,0
####écla#####,éccceal,écusson,0.002719,éclater,0.001003,0,0
####souf#####,sousars,amusant,0.005064,souffle,0.000014,0,0
####répo#####,réporpo,pérorer,0.013371,réponse,0.000835,0,0
####dres#####,dessrrs,dresser,0.015065,dresser,0.015065,0,0
####morc#####,moorhcl,moindre,0.003672,morceau,0.001706,0,0
####risq#####,iisqars,gravats,0.003690,risquer,0.000495,0,0
####reti#####,retreat,respect,0.001114,retirer,0.000046,0,0
####libe#####,libribe,vibrant,0.038887,liberté,0.016715,0,0
####honn#####,hhnhhnn,haillon,0.060653,honneur,0.000533,0,0
####inté#####,iégiété,société,0.003776,intérêt,0.000042,0,0
####trom#####,trotwoo,trotter,0.133415,tromper,0.078872,0,0
####diri#####,didrdif,citadin,0.008771,diriger,0.002384,0,0
####arri#####,aariiri,affaire,0.006410,arrière,0.000205,0,0
####enga#####,engaeau,engager,0.011124,engager,0.011124,0,0
####malh#####,mammhal,bestial,0.005444,malheur,0.000044,0,0
####écar#####,écrréaa,écarter,0.017896,écarter,0.017896,0,0
####doul#####,douleuu,douleur,0.637605,douleur,0.637605,0,1
####chem#####,chômhmm,chameau,0.060374,chemise,0.055773,0,0
####écra#####,éccécaé,échéant,0.004647,écraser,0.000626,0,0
####tabl#####,tattaal,trotter,0.050387,tableau,0.000431,0,0
####chap#####,chaphpn,chapeau,0.320710,chapeau,0.320710,0,0
####pass#####,passaas,pensant,0.021676,passion,0.000352,0,0
####doct#####,docccct,donnant,0.027238,docteur,0.006419,0,0
####cont#####,conchnt,content,0.040033,content,0.040033,0,0
####capa#####,cappaau,chapeau,0.025640,capable,0.013917,0,0
####plon#####,ponphon,pension,0.014692,plonger,0.000318,0,0
####bran#####,brabzan,artisan,0.020902,branche,0.004529,0,0
####mach#####,macrhhl,écorché,0.006544,machine,0.000024,0,0
####cons#####,concoon,censure,0.018811,conseil,0.006576,0,0
####repo#####,révpppo,frapper,0.047854,reposer,0.000028,0,0
####réal#####,rééraal,journal,0.008970,réalité,0.000171,0,0
####vaca#####,vavvaal,cerveau,0.026113,vacance,0.000031,0,0
####invi#####,inviiau,inviter,0.193785,inviter,0.193785,0,0
####ache#####,hahahhe,attache,0.010410,achever,0.000040,0,0
####remp#####,remppry,rempart,0.151060,remplir,0.017684,0,0
####bril#####,brûbril,bouleau,0.061841,briller,0.014736,0,0
####obte#####,oobotte,oublier,0.036451,obtenir,0.000253,0,0
####pein#####,peippin,peupler,0.056602,peindre,0.006677,0,0
####arri#####,aariiri,affaire,0.006410,arrivée,0.000018,0,0
####cour#####,courorr,courant,0.201860,courant,0.201860,0,0
####angl#####,aaglngl,charnel,0.011270,anglais,0.000292,0,0
####enle#####,eneeell,annexer,0.002847,enlever,0.002129,0,0
####mari#####,marmwai,murmure,0.072316,mariage,0.000778,0,0
####impo#####,iémppoo,complot,0.004084,imposer,0.000024,0,0
####haut#####,hauhaut,souhait,0.050048,hauteur,0.004206,0,0
####prév#####,prêppvé,prendre,0.005697,prévoir,0.000533,0,0
####croi#####,croccro,cerceau,0.018415,croiser,0.000094,0,0
####abse#####,absabse,bourbon,0.001201,absence,0.000033,0,0
####plan#####,plalaau,plateau,0.031776,planter,0.000292,0,0
####natu#####,nanneau,nouveau,0.053576,naturel,0.000393,0,0
####méde#####,mémmdde,méthode,0.010614,médecin,0.000127,0,0
####atti#####,atttaai,attaque,0.009081,attirer,0.007494,0,0
####lune#####,luleenu,luzerne,0.004152,lunette,0.002752,0,0
####volo#####,vovvooé,vouloir,0.031763,volonté,0.002881,0,0
####terr#####,tetrter,trotter,0.230584,terrain,0.000021,0,0
####claq#####,claqiau,cligner,0.027411,claquer,0.025683,0,0
####chât#####,châchat,crachat,0.108428,château,0.037235,0,0
####évoq#####,élovovo,éloigné,0.063384,évoquer,0.005940,0,0
####haus#####,hauseus,hussard,0.007299,hausser,0.003303,0,0
####pres#####,prpsprs,prostré,0.029907,presser,0.009746,0,0
####cour#####,courorr,courant,0.201860,courage,0.108450,0,0
####effa#####,fffraac,offense,0.014879,effacer,0.008779,0,0
####inut#####,ioqieut,inquiet,0.006756,inutile,0.000023,0,0
####douc#####,doucuru,douceur,0.443483,douceur,0.443483,0,0
####trai#####,tratwao,traquer,0.011849,traiter,0.002304,0,0
####conf#####,conffrn,confier,0.074920,confier,0.074920,0,0
####fati#####,fatiaat,feindre,0.008910,fatigue,0.000096,0,0
####horr#####,hoorhrr,horreur,0.141170,horreur,0.141170,0,0
####recu#####,recuecu,recueil,0.022837,reculer,0.001339,0,0
####admi#####,daanddm,bigoudi,0.003536,admirer,0.000084,0,0
####théâ#####,thââthé,théâtre,0.023084,théâtre,0.023084,0,0
####mant#####,mammant,normand,0.006956,manteau,0.000051,0,0
####chas#####,chashas,chasser,0.050143,chasser,0.050143,0,0
####curi#####,cuucpié,cerceau,0.016641,curieux,0.005238,0,0
####hori#####,hoohhoi,hommage,0.016945,horizon,0.002764,0,0
####séri#####,sérssié,réussir,0.009562,sérieux,0.003887,0,0
####maga#####,magaaay,engrais,0.004424,magasin,0.000855,0,0
####cont#####,conchnt,content,0.040033,contact,0.007112,0,0
####nour#####,nonnour,noiraud,0.047125,nourrir,0.014304,0,0
####creu#####,cruceru,cerceau,0.089083,creuser,0.019509,0,0
####pays#####,pyysayo,paysage,0.825616,paysage,0.825616,0,1
####atte#####,attette,attente,0.052977,attente,0.052977,0,0
####flot#####,flotfot,flotter,0.358903,flotter,0.358903,0,0
####élém#####,ééxémyé,égalité,0.003711,élément,0.001688,0,0
####dépo#####,déppéro,proprio,0.015114,déposer,0.001988,0,0
####soci#####,sochcif,rocheux,0.001961,société,0.001424,0,0
####dési#####,désidrs,déduire,0.029711,désirer,0.005364,0,0
####excu#####,exxueux,excuser,0.155580,excuser,0.155580,0,0
####inco#####,iocoiau,cocotte,0.012906,inconnu,0.003984,0,0
####ente#####,eetentt,parenté,0.004882,entendu,0.000402,0,0
####mala#####,mammaal,matelas,0.001908,maladie,0.000020,0,0
####révé#####,révéévé,réservé,0.095053,révéler,0.003178,0,0
####émot#####,émortot,émotion,0.027618,émotion,0.027618,0,0
####épou#####,époppué,épouser,0.072470,épouser,0.072470,0,0
####ennu#####,eneuenu,inconnu,0.004795,ennuyer,0.000086,0,0
####qual#####,qlaquul,quelque,0.313679,qualité,0.005475,0,0
####mati#####,matrwai,matelas,0.006949,matière,0.000148,0,0
####univ#####,unvvenu,unisson,0.041844,univers,0.027786,0,0
####déga#####,dégaaad,dégager,0.191217,dégager,0.191217,0,0
####vite#####,vitetre,vitesse,0.089987,vitesse,0.089987,0,0
####étab#####,ébbraaé,élégant,0.002061,établir,0.000135,0,0
####enva#####,envveas,cerveau,0.031593,envahir,0.000576,0,0
####figu#####,figugif,engager,0.020211,figurer,0.010304,0,0
####surf#####,surssur,buisson,0.014908,surface,0.000372,0,0
####four#####,fouroux,fourrer,0.095235,fournir,0.012513,0,0
####cost#####,coscoat,costume,0.007241,costume,0.007241,0,0
####coll#####,cocloll,coulant,0.020979,colline,0.000677,0,0
####essu#####,eesueus,gravats,0.002766,essuyer,0.000097,0,0
####hôpi#####,hôprhaf,hôpital,0.248744,hôpital,0.248744,0,0
####sauv#####,sauvevu,sauveur,0.040546,sauvage,0.014929,0,0
####lect#####,leclect,dessert,0.004108,lecture,0.000041,0,0
####méri#####,mérriri,mériter,0.040528,mériter,0.040528,0,0
####plat#####,plptaat,plateau,0.042854,plateau,0.042854,0,0
####pois#####,poipois,pompier,0.022296,poisson,0.008081,0,0
####cada#####,caaaaad,cavaler,0.005710,cadavre,0.001037,0,0
####mill#####,mimllll,tilleul,0.009269,million,0.000661,0,0
####cout#####,coucert,couteau,0.037446,couteau,0.037446,0,0
####crai#####,crarcao,crachat,0.020268,crainte,0.000992,0,0
####mena#####,memmeau,chameau,0.016793,menacer,0.000048,0,0
####prou#####,prophro,proprio,0.328719,prouver,0.002380,0,0
####défe#####,défedre,déduire,0.017395,défense,0.002215,0,0
####biza#####,bibaban,bourbon,0.039590,bizarre,0.012414,0,0
####visi#####,viskvis,visiter,0.109282,visiter,0.109282,0,0
####bonj#####,bonjbrn,bourbon,0.150248,bonjour,0.029131,0,0
####rése#####,réssrre,mésange,0.003976,réserve,0.002460,0,0
####fort#####,fouffrt,confort,0.012635,fortune,0.000018,0,0
####viol#####,vivviol,vitrail,0.034140,violent,0.002480,0,0
####ouvr#####,oovrrur,ouvrage,0.049158,ouvrier,0.036193,0,0
####grim#####,grigrrn,geindre,0.028766,grimper,0.002847,0,0
####suiv#####,uuivuvs,puisque,0.055148,suivant,0.024721,0,0
####guet#####,guggeut,guignol,0.024547,guetter,0.013145,0,0
####myst#####,mystwms,zyeuter,0.017160,mystère,0.012206,0,0
####abat#####,abataat,attrait,0.004616,abattre,0.000389,0,0
####domi#####,dommddi,domaine,0.052540,dominer,0.037401,0,0
####rédu#####,répuéuu,réputer,0.011322,réduire,0.002337,0,0
####arti#####,aatiiat,artisan,0.003759,article,0.000316,0,0
####plaf#####,plalaad,plafond,0.025308,plafond,0.025308,0,0
####frot#####,foofrrt,forfait,0.021837,frotter,0.000087,0,0
####colo#####,conocoo,complot,0.006303,colonne,0.000123,0,0
####adre#####,aarrare,éperdre,0.002273,adresse,0.000056,0,0
####doss#####,dossors,dessous,0.023286,dossier,0.000928,0,0
####libé#####,liblblé,liberté,0.091446,libérer,0.013383,0,0
####miss#####,misssos,mission,0.078610,mission,0.078610,0,0
####reje#####,rejerre,demeure,0.001922,rejeter,0.000035,0,0
####sour#####,sousous,mourant,0.010687,sourcil,0.001062,0,0
####gonf#####,gongfrn,gonfler,0.424455,gonfler,0.424455,0,0
####juil#####,jujlial,jaillir,0.050336,juillet,0.006241,0,0
####mesu#####,mesmeas,suspens,0.022703,mesurer,0.002865,0,0
####colo#####,conocoo,complot,0.006303,colonel,0.000121,0,0
####syst#####,syplayt,syllabe,0.156792,système,0.017720,0,0
####orig#####,oogorgi,opposer,0.011572,origine,0.001092,0,0
####gran#####,gragaan,grillon,0.021124,grandir,0.000741,0,0
####chan#####,chachon,chanson,0.097534,chanson,0.097534,0,0
####inqu#####,inqqquu,moqueur,0.011984,inquiet,0.002444,0,0
####cell#####,clnlell,couleur,0.018884,cellule,0.004884,0,0
####épre#####,éérrpré,pourpre,0.059178,épreuve,0.000118,0,0
####just#####,jujsutt,jumelle,0.034159,justice,0.014924,0,0
####doma#####,dodaaad,douille,0.008917,domaine,0.002381,0,0
####vict#####,victict,violent,0.011129,victime,0.003376,0,0
####poig#####,poiphgo,pompier,0.079640,poignée,0.002230,0,0
####oppo#####,ooppopo,torpédo,0.015976,opposer,0.003359,0,0
####arti#####,aatiiat,artisan,0.003759,artiste,0.000086,0,0
####éter#####,éjerter,écarter,0.132015,éternel,0.001034,0,0
####crac#####,crccaal,crucial,0.042054,cracher,0.000461,0,0
####armo#####,ammorri,armoire,0.056674,armoire,0.056674,0,0
####extr#####,exhrtex,exercer,0.042840,extrême,0.008084,0,0
####frag#####,fragaad,frégate,0.049331,fragile,0.003062,0,0
####atel#####,ateltal,acheter,0.004632,atelier,0.000319,0,0
####pein#####,peippin,peupler,0.056602,peintre,0.000391,0,0
####port#####,popprrt,portant,0.049458,portier,0.000389,0,0
####enfi#####,fnfenai,affiner,0.001409,enfiler,0.000062,0,0
####diza#####,dinaaao,dilater,0.146834,dizaine,0.019670,0,0
####opin#####,oooppoi,chapeau,0.006449,opinion,0.001161,0,0
####furi#####,fufffux,ferveur,0.014502,furieux,0.006579,0,0
####exer#####,exereer,exercer,0.054119,exercer,0.054119,0,0
####comp#####,comppro,compère,0.166887,complet,0.015894,0,0
####chag#####,chaghgg,chagrin,0.091372,chagrin,0.091372,0,0
####resp#####,respprs,inspiré,0.056819,respect,0.003362,0,0
####rivi#####,rivrvis,diviser,0.022811,rivière,0.015145,0,0
####auto#####,autotat,abattre,0.004837,automne,0.000307,0,0
####fail#####,failaid,faillir,0.194053,faillir,0.194053,0,0
####parf#####,panpard,pimpant,0.014764,parfait,0.012459,0,0
####bles#####,blssbln,bouille,0.015653,blesser,0.002384,0,0
####jail#####,jajlial,jaillir,0.041817,jaillir,0.041817,0,0
####poig#####,poiphgo,pompier,0.079640,poignet,0.002678,0,0
####soig#####,sogsags,logique,0.066520,soigner,0.001541,0,0
####mess#####,messess,mission,0.047749,message,0.013266,0,0
####coif#####,coiffif,coiffer,0.037698,coiffer,0.037698,0,0
####mill#####,mimllll,tilleul,0.009269,millier,0.000388,0,0
####mira#####,mimaaan,minéral,0.007534,miracle,0.004041,0,0
####péri#####,pépppio,pécheur,0.021866,période,0.000505,0,0
####carr#####,cacrérr,coureur,0.019444,carreau,0.003115,0,0
####veil#####,veileil,veiller,0.048061,veiller,0.048061,0,0
####plan#####,plalaau,plateau,0.031776,planche,0.000673,0,0
####baig#####,baigaao,brigade,0.053975,baigner,0.010442,0,0
####refa#####,rrffaau,refrain,0.013424,refaire,0.001150,0,0
####seco#####,secocvu,sacoche,0.018216,secours,0.002684,0,0
####rigu#####,rugreué,aigreur,0.022213,rigueur,0.001485,0,0
####décr#####,décréco,décrire,0.165739,décrire,0.165739,0,0
####siff#####,sffffif,suffire,0.053440,siffler,0.029643,0,0
####dema#####,dodmeau,drapeau,0.009658,demande,0.001025,0,0
####accu#####,accceau,occulte,0.016336,accuser,0.014195,0,0
####affr#####,fffffad,affreux,0.059179,affreux,0.059179,0,0
####empa#####,emmaeau,pommeau,0.012292,emparer,0.000428,0,0
####heur#####,hhureur,horreur,0.186624,heurter,0.000431,0,0
####cail#####,cailaal,cailler,0.091533,caillou,0.000829,0,0
####aveu#####,avevevu,accueil,0.003386,aveugle,0.000403,0,0
####grat#####,grngaat,grogner,0.076459,gratter,0.000984,0,0
####poin#####,poipion,pompier,0.040559,pointer,0.002570,0,0
####expo#####,expresx,exemple,0.017401,exposer,0.009431,0,0
####aver#####,avervrr,aigreur,0.005307,avertir,0.002076,0,0
####dévo#####,dévdoré,déduire,0.013136,dévorer,0.002607,0,0
####drap#####,draparo,disparu,0.049708,drapeau,0.005156,0,0
####esti#####,keteiti,assorti,0.002635,estimer,0.000016,0,0
####tail#####,ttitaal,toiture,0.061407,tailler,0.033209,0,0
####drif#####,ddifrrf,drifter,0.086750,drifter,0.086750,0,0
####bala#####,balaaal,baisser,0.005698,balayer,0.001336,0,0
####lang#####,laggnau,langage,0.092134,langage,0.092134,0,0
####culo#####,culccou,caleçon,0.011837,culotte,0.005770,0,0
####ouvr#####,oovrrur,ouvrage,0.049158,ouvrage,0.049158,0,0
####cent#####,cencent,cerceau,0.087705,central,0.001394,0,0
####craq#####,craqcas,craquer,0.005471,craquer,0.005471,0,0
####bouq#####,bouqbrs,bourbon,0.336001,bouquet,0.010185,0,0
####atta#####,attaaau,attaque,0.027410,attaque,0.027410,0,0
####déli#####,dédrdii,déduire,0.015677,délicat,0.002772,0,0
####sent#####,sensenn,présent,0.029392,sentier,0.000001,0,0
####cabi#####,cacrban,carreau,0.002689,cabinet,0.000363,0,0
####repr#####,rrprper,frapper,0.019215,reprise,0.000871,0,0
####brûl#####,brûbbèn,brûlure,0.511666,brûlant,0.504460,0,1
####octo#####,ooooooi,opposer,0.003795,octobre,0.001938,0,0
####chac#####,chachau,crachat,0.691364,chacune,0.006350,0,0
####quel#####,qlulqul,quelque,0.383399,quelles,0.001489,0,0
####fant#####,fanfant,fondant,0.061828,fantôme,0.000330,0,0
####velo#####,vevvolà,voiture,0.015481,velours,0.004065,0,0
####nerv#####,nnvvner,nouveau,0.062976,nerveux,0.041976,0,0
####ital#####,ziiital,initial,0.007505,italien,0.000057,0,0
####soul#####,souleol,soulier,0.033758,soulier,0.033758,0,0
####brus#####,brusers,brusque,0.311605,brusque,0.311605,0,0
####apai#####,apapaao,apaiser,0.029205,apaiser,0.029205,0,0
####mode#####,mommode,pommade,0.003988,moderne,0.000230,0,0
####form#####,fooffré,feindre,0.013255,formule,0.000775,0,0
####plac#####,placaau,pinceau,0.077749,placard,0.005054,0,0
####bagn#####,bagjaan,buvette,0.011526,bagnole,0.000587,0,0
####crav#####,cravval,cravate,0.051516,cravate,0.051516,0,0
####mati#####,matrwai,matelas,0.006949,matinée,0.000118,0,0
####méch#####,mécrhhé,péniche,0.015222,méchant,0.000444,0,0
####vitr#####,vitrtrl,vitreux,0.132783,vitrine,0.085308,0,0
####publ#####,puplbll,pupille,0.017873,publier,0.003158,0,0
####rigo#####,zigogoo,engrais,0.018009,rigoler,0.013405,0,0
####célè#####,célcûré,calciné,0.017384,célèbre,0.010577,0,0
####évid#####,ééiéévd,décéder,0.038363,évident,0.000668,0,0
####moui#####,mommori,moucher,0.009674,mouillé,0.002142,0,0
####orgu#####,oogoûgu,orgasme,0.035980,orgueil,0.035628,0,0
####abor#####,abarbrr,bourbon,0.072065,aborder,0.013410,0,0
####repl#####,rèpppré,frapper,0.040641,replier,0.000385,0,0
####chif#####,chichhd,chiffre,0.067853,chiffre,0.067853,0,0
####épui#####,épupppi,épuiser,0.108624,épuiser,0.108624,0,0
####bouf#####,boujerx,boudeur,0.016167,bouffer,0.004393,0,0
####care#####,cacrare,carrure,0.332583,caresse,0.001186,0,0
####disc#####,discirs,douceur,0.103265,discret,0.069986,0,0
####fémi#####,féfffré,février,0.024072,féminin,0.006275,0,0
####dign#####,diddgig,dessein,0.012951,dignité,0.000401,0,0
####join#####,jojnion,joindre,0.088941,joindre,0.088941,0,0
####défi#####,déffdif,décisif,0.045885,défiler,0.002784,0,0
####pass#####,passaas,pensant,0.021676,passant,0.002761,0,0
####écha#####,échahau,écharpe,0.022274,échange,0.013237,0,0
####endo#####,endeedi,indemne,0.018726,endormi,0.005722,0,0
####défa#####,défaaad,défaire,0.043246,défaire,0.043246,0,0
####gale#####,glggaae,geindre,0.030788,galerie,0.000918,0,0
####trem#####,trômwmy,tentant,0.076915,tremper,0.019057,0,0
####gard#####,gaggard,grogner,0.020390,gardien,0.000306,0,0
####liai#####,lialeai,évaluer,0.008977,liaison,0.003412,0,0
####éche#####,échéhhe,échéant,0.060770,échelle,0.022597,0,0
####mode#####,mommode,pommade,0.003988,modeste,0.000257,0,0
####fati#####,fatiaat,feindre,0.008910,fatigué,0.000484,0,0
####murm#####,mmrmuum,murmure,0.085125,murmure,0.085125,0,0
####grim#####,grigrrn,geindre,0.028766,grimace,0.003027,0,0
####grog#####,grgggro,zingaro,0.045860,grogner,0.045766,0,0
####temp#####,tômppru,campeur,0.044691,tempête,0.040157,0,0
####spéc#####,séspppé,découpé,0.004951,spécial,0.000061,0,0
####repé#####,rrpppré,flipper,0.017078,repérer,0.000028,0,0
####scie#####,scisire,exister,0.017339,science,0.003827,0,0
####méla#####,mélmaal,médical,0.046128,mélange,0.000523,0,0
####absu#####,abssbus,autobus,0.029331,absurde,0.000077,0,0
####esto#####,eeteooi,matelot,0.001707,estomac,0.000072,0,0
####cerv#####,ceêvhvl,cerveau,0.171056,cerveau,0.171056,0,0
####coin#####,cocciin,cocasse,0.011563,coincer,0.001397,0,0
####janv#####,javviau,janvier,0.154580,janvier,0.154580,0,0
####rica#####,rrcccal,autocar,0.002108,ricaner,0.000037,0,0
####visi#####,viskvis,visiter,0.109282,visible,0.027871,0,0
####bara#####,banaaau,barbare,0.009102,baraque,0.000181,0,0
####cris#####,cricurs,cerceau,0.033526,crisper,0.029719,0,0
####étud#####,ééuétué,écuelle,0.014010,étudier,0.002118,0,0
####tabl#####,tattaal,trotter,0.050387,tablier,0.000322,0,0
####émer#####,émhreer,écarter,0.010896,émerger,0.002286,0,0
####conc#####,conchcu,concile,0.099631,concert,0.012349,0,0
####adop#####,adoparo,léopard,0.017329,adopter,0.001842,0,0
####envo#####,envveos,inverse,0.028659,envoler,0.002680,0,0
####comé#####,coméwré,combiné,0.010208,comédie,0.000243,0,0
####prog#####,prophèo,proprio,0.333036,progrès,0.002301,0,0
####éner#####,énerner,éternel,0.025157,énergie,0.000249,0,0
####dess#####,dessers,dessous,0.163149,dessous,0.163149,0,0
####esse#####,eseeess,vareuse,0.011332,essence,0.001018,0,0
####aima#####,aimaaai,aimable,0.014180,aimable,0.014180,0,0
####sang#####,saggann,élégant,0.029267,sanglot,0.000124,0,0
####monn#####,mommçon,mamelon,0.013610,monnaie,0.000005,0,0
####aspi#####,aappppf,frapper,0.048931,aspirer,0.000991,0,0
####élég#####,élgéûgé,négligé,0.016162,élégant,0.000244,0,0
####cult#####,culceat,cuisson,0.016098,culture,0.002865,0,0
####luis#####,luillos,taillis,0.022933,luisant,0.001296,0,0
####réci#####,récrécé,recréer,0.034359,réciter,0.000710,0,0
####honn#####,hhnhhnn,haillon,0.060653,honnête,0.000304,0,0
####réun#####,rérrunu,matrone,0.005450,réunion,0.000016,0,0
####deme#####,dedeede,demeure,0.012970,demeure,0.012970,0,0
####para#####,papaaao,chapeau,0.005093,paradis,0.000237,0,0
####enta#####,eeeeeat,dessert,0.000994,entamer,0.000003,0,0
####bouq#####,bouqbrs,bourbon,0.336001,bouquin,0.007941,0,0
####plaq#####,plapqau,plateau,0.027199,plaquer,0.009756,0,0
####remo#####,remoraà,rouvrir,0.006544,remords,0.004573,0,0
####bist#####,bistbrt,biscuit,0.018009,bistrot,0.009229,0,0
####stup#####,suuparu,coupure,0.039646,stupide,0.012599,0,0
####voya#####,voyvaao,voyager,0.056963,voyager,0.056963,0,0
####envi#####,enveeas,inverse,0.006168,environ,0.002057,0,0
####lége#####,léglpgé,négligé,0.206241,légende,0.013737,0,0
####pêch#####,pêphhio,pêcheur,0.347702,pêcheur,0.347702,0,0
####péni#####,péppppn,pécheur,0.062931,pénible,0.020434,0,0
####aban#####,abaraan,artisan,0.005266,abandon,0.002568,0,0
####bour#####,bourour,bourrer,0.055395,bourrer,0.055395,0,0
####gueu#####,gugueux,rugueux,0.121986,gueuler,0.035294,0,0
####déro#####,dédréro,déduire,0.046783,dérober,0.000843,0,0
####buis#####,buisuus,baisser,0.033069,buisson,0.028508,0,0
####terr#####,tetrter,trotter,0.230584,terreur,0.000526,0,0
####from#####,froffrn,fanfare,0.011589,fromage,0.001819,0,0
####mons#####,monsçon,mousson,0.004896,monstre,0.000168,0,0
####coll#####,cocloll,coulant,0.020979,collège,0.002768,0,0
####appé#####,ppppppé,flipper,0.040928,appétit,0.000479,0,0
####enfo#####,effonon,baroque,0.000677,enfouir,0.000250,0,0
####alig#####,alglagi,aigreur,0.035389,aligner,0.000675,0,0
####pann#####,panpann,poussin,0.002847,panneau,0.000062,0,0
####plai#####,plppiao,chapeau,0.008517,plainte,0.000398,0,0
####écou#####,éoocéué,éloigné,0.015085,écouler,0.000864,0,0
####souc#####,sousaré,sourdre,0.005068,soucier,0.001489,0,0
####vert#####,veuvert,couvert,0.024559,vertige,0.000520,0,0
####exci#####,exceeix,exciter,0.030635,exciter,0.030635,0,0
####bouf#####,boujerx,boudeur,0.016167,bouffée,0.001475,0,0
####auto#####,autotat,abattre,0.004837,autobus,0.000639,0,0
####abri#####,aabrari,spirale,0.003678,abriter,0.000011,0,0
####couv#####,couvevu,couvert,0.051211,couvent,0.000987,0,0
####domm#####,dommwmé,dommage,0.017623,dommage,0.017623,0,0
####empl#####,eèpeeyé,asperge,0.001069,employé,0.000102,0,0
####revê#####,rêvervà,rêverie,0.234555,revêtir,0.000819,0,0
####mate#####,mateaae,brimade,0.000893,matelas,0.000395,0,0
####magi#####,magraai,engrais,0.003637,magique,0.001960,0,0
####abou#####,aboubui,autobus,0.020641,aboutir,0.002443,0,0
####lect#####,leclect,dessert,0.004108,lecteur,0.002567,0,0
####dans#####,daasand,dansant,0.047542,danseur,0.000787,0,0
####tron#####,trotaon,trotter,0.116768,tronche,0.000734,0,0
####trou#####,trotuoo,trotter,0.502181,trouble,0.001972,0,0
####vain#####,vaivana,suivant,0.090919,vaincre,0.001986,0,0
####pani#####,panpaan,peupler,0.014945,panique,0.000409,0,0
####réjo#####,réjorré,mémoire,0.003733,réjouir,0.000609,0,0
####comb#####,combbro,combler,0.354727,combler,0.354727,0,0
####blou#####,bloublo,bloquer,0.404536,blouson,0.087511,0,0
####chin#####,chichon,chignon,0.058739,chinois,0.002670,0,0
####cout#####,coucert,couteau,0.037446,coutume,0.007666,0,0
####couv#####,couvevu,couvert,0.051211,couvert,0.051211,0,0
####mala#####,mammaal,matelas,0.001908,malaise,0.000158,0,0
####répa#####,répappé,réparer,0.040204,réparer,0.040204,0,0
####révo#####,révoévé,dévorer,0.182010,révolte,0.001075,0,0
####irri#####,iiiriri,sourire,0.042079,irriter,0.000609,0,0
####méth#####,métrhht,mémoire,0.005757,méthode,0.001721,0,0
####char#####,charhon,cracher,0.127176,charbon,0.014638,0,0
####éten#####,éjeeton,émettre,0.009624,étendue,0.000884,0,0
####gren#####,grngren,gourdin,0.021070,grenier,0.000619,0,0
####stat#####,stataat,stature,0.044938,station,0.042705,0,0
####flat#####,flafôat,flasque,0.041900,flatter,0.015401,0,0
####stup#####,suuparu,coupure,0.039646,stupeur,0.017829,0,0
####prod#####,poophro,proprio,0.050397,produit,0.000090,0,0
####supe#####,supeppe,supposé,0.005046,superbe,0.004726,0,0
####tour#####,toutouo,toucher,0.014457,tournée,0.012468,0,0
####éner#####,énerner,éternel,0.025157,énerver,0.002450,0,0
####nagu#####,nngngau,négligé,0.008506,naguère,0.002591,0,0
####ména#####,méémaan,médical,0.013205,ménager,0.001795,0,0
####serg#####,seggseg,sergent,0.008184,sergent,0.008184,0,0
####four#####,fouroux,fourrer,0.095235,fourrer,0.095235,0,0
####soup#####,souparu,coupure,0.028742,soupçon,0.007058,0,0
####bouc#####,bouberc,bouleau,0.012926,boucler,0.003340,0,0
####tous#####,toutaus,toucher,0.066174,tousser,0.043002,0,0
####bloq#####,bloibao,bloquer,0.423200,bloquer,0.423200,0,0
####urge#####,uuguuge,insurgé,0.019706,urgence,0.003358,0,0
####hale#####,hanhege,hommage,0.019858,haleine,0.008570,0,0
####port#####,popprrt,portant,0.049458,portail,0.000489,0,0
####supr#####,suprper,suprême,0.016514,suprême,0.016514,0,0
####diam#####,dimmaam,dommage,0.005449,diamant,0.001965,0,0
####plan#####,plalaau,plateau,0.031776,planète,0.000205,0,0
####doub#####,doudauu,douille,0.028255,doubler,0.007128,0,0
####cous#####,coucors,coucher,0.164807,coussin,0.002254,0,0
####gron#####,grngzon,sanglot,0.017535,gronder,0.000022,0,0
####inse#####,ingeise,chemise,0.009563,insecte,0.000083,0,0
####inte#####,intinte,infirme,0.002255,intense,0.000021,0,0
####maje#####,mameaae,gamelle,0.005215,majesté,0.000198,0,0
####barb#####,babbbré,barbare,0.169841,barbier,0.081921,0,0
####févr#####,févrévé,février,0.012603,février,0.012603,0,0
####lent#####,lenlent,dessert,0.001718,lenteur,0.000321,0,0
####sinc#####,siscinn,piscine,0.065955,sincère,0.000099,0,0
####parq#####,papppao,pupille,0.008781,parquet,0.000512,0,0
####hont#####,honhhnt,content,0.009916,honteux,0.004049,0,0
####ancê#####,ancêact,gravats,0.000508,ancêtre,0.000186,0,0
####bons#####,bonsbon,boisson,0.088188,bonsoir,0.023047,0,0
####escl#####,seceecl,conseil,0.004392,esclave,0.000023,0,0
####sect#####,secsect,secteur,0.056362,section,0.002068,0,0
####sédu#####,désudus,résumer,0.015884,séduire,0.001060,0,0
####rédi#####,réérédi,réussir,0.003770,rédiger,0.001478,0,0
####bran#####,brabzan,artisan,0.020902,brandir,0.000857,0,0
####seme#####,semeeme,demeure,0.010830,semelle,0.001797,0,0
####pour#####,poupuro,pourpre,0.043179,pourrir,0.005153,0,0
####défa#####,défaaad,défaire,0.043246,défaite,0.001144,0,0
####saig#####,saggags,brigade,0.010864,saigner,0.000525,0,0
####tran#####,trataan,tentant,0.033656,tranche,0.000296,0,0
####fris#####,friffrs,faiseur,0.054499,frisson,0.007604,0,0
####surp#####,suppprt,support,0.069207,surpris,0.005866,0,0
####sage#####,sagsage,corsage,0.163514,sagesse,0.000058,0,0
####rupt#####,ruppptt,parapet,0.016287,rupture,0.001223,0,0
####enqu#####,kleunuu,étendue,0.005032,enquête,0.000191,0,0
####surs#####,surssrs,sursaut,0.012206,sursaut,0.012206,0,0
####bouc#####,bouberc,bouleau,0.012926,boucher,0.005150,0,0
####écol#####,écoéûlé,éveillé,0.003562,écolier,0.000042,0,0
####fein#####,feifenn,feindre,0.079540,feindre,0.079540,0,0
####fice#####,fiffcce,fourche,0.013080,ficelle,0.000441,0,0
####host#####,honhoot,haricot,0.010726,hostile,0.001322,0,0
####serp#####,sepppru,serpent,0.025544,serpent,0.025544,0,0
####vede#####,veveere,demeure,0.004240,vedette,0.003641,0,0
####fala#####,fflaaad,forfait,0.014780,falaise,0.005242,0,0
####revi#####,revrevà,livreur,0.022450,revivre,0.000628,0,0
####roya#####,royyyao,radical,0.004773,royaume,0.001261,0,0
####écho#####,échhhoi,échelon,0.014801,échouer,0.007002,0,0
####affo#####,fffrfac,affreux,0.036895,affoler,0.003044,0,0
####ress#####,wessrrs,dessous,0.038126,ressort,0.031671,0,0
####prud#####,pouphrd,peupler,0.245066,prudent,0.000586,0,0
####cort#####,contert,contrat,0.008535,cortège,0.001327,0,0
####sect#####,secsect,secteur,0.056362,secteur,0.056362,0,0
####élan#####,élanaan,élancer,0.001485,élancer,0.001485,0,0
####déco#####,décocro,décorer,0.199695,décorer,0.199695,0,0
####coll#####,cocloll,coulant,0.020979,collier,0.001799,0,0
####remp#####,remppry,rempart,0.151060,rempart,0.151060,0,0
####affi#####,ffffaaf,effrayé,0.079662,affiche,0.001701,0,0
####arro#####,aroooro,armoire,0.008061,arroser,0.000259,0,0
####éblo#####,égrbblé,bourbon,0.014735,éblouir,0.000175,0,0
####barr#####,baararr,barreau,0.033552,barrage,0.013329,0,0
####cour#####,courorr,courant,0.201860,courber,0.016211,0,0
####peup#####,peuppru,peupler,0.037029,peupler,0.037029,0,0
####prai#####,prappao,proprio,0.069400,prairie,0.000638,0,0
####barr#####,baararr,barreau,0.033552,barreau,0.033552,0,0
####grin#####,grigain,gourdin,0.019620,grincer,0.000942,0,0
####dépl#####,déppplé,dépassé,0.018569,déplier,0.002917,0,0
####rêve#####,rêvrrve,rêverie,0.337440,rêverie,0.337440,0,0
####pelo#####,penpplo,peupler,0.163051,pelouse,0.000439,0,0
####élar#####,ééallar,tableau,0.003670,élargir,0.000159,0,0
####somb#####,sombsos,sombrer,0.164086,sombrer,0.164086,0,0
####tamb#####,tambaay,tombeau,0.134962,tambour,0.028438,0,0
####limi#####,limllai,lisible,0.016692,limiter,0.016680,0,0
####serr#####,seereer,aborder,0.000848,serrure,0.000086,0,0
####foul#####,foulerl,foulard,0.173395,foulard,0.173395,0,0
####liqu#####,liqlqou,liqueur,0.260462,liquide,0.038020,0,0
####pens#####,pensenn,poussin,0.041311,pension,0.009190,0,0
####roul#####,trureal,crucial,0.003707,rouleau,0.000880,0,0
####ampo#####,ammrppo,torpédo,0.000935,ampoule,0.000124,0,0
####masq#####,masqqas,matelas,0.144170,masquer,0.000615,0,0
####colo#####,conocoo,complot,0.006303,colonie,0.000156,0,0
####quoi#####,qooqqui,quoique,0.323616,quoique,0.323616,0,0
####capo#####,cappppo,concept,0.011419,caporal,0.004566,0,0
####chif#####,chichhd,chiffre,0.067853,chiffon,0.023674,0,0
####mail#####,maimaal,brimade,0.007930,maillot,0.000187,0,0
####suic#####,suusicé,service,0.018309,suicide,0.000599,0,0
####symb#####,lybbamé,symbole,0.113982,symbole,0.113982,0,0
####amus#####,aauseas,matelas,0.003899,amusant,0.000382,0,0
####clig#####,clicièg,cligner,0.094632,cligner,0.094632,0,0
####réfl#####,rrérryé,préféré,0.002103,réflexe,0.000279,0,0
####fran#####,frafaan,forfait,0.024023,frangin,0.001386,0,0
####cont#####,conchnt,content,0.040033,contrer,0.000424,0,0
####serv#####,sevvevs,serveur,0.081511,servant,0.006786,0,0
####vend#####,vemdinu,vermine,0.038585,vendeur,0.006569,0,0
####bâil#####,bâbllii,bâiller,0.759689,bâiller,0.759689,0,1
####cris#####,cricurs,cerceau,0.033526,cristal,0.014088,0,0
####épis#####,éppsppé,épanoui,0.005334,épisode,0.001596,0,0
####muse#####,museure,musette,0.021307,musette,0.021307,0,0
####rouv#####,rouvvvu,nouveau,0.159719,rouvrir,0.011973,0,0
####capr#####,caprppo,caprice,0.086283,caprice,0.086283,0,0
####grai#####,gragaao,grillon,0.012792,graisse,0.004665,0,0
####marq#####,mamqqas,minéral,0.005496,marquis,0.000779,0,0
####cloi#####,clociao,clocher,0.052079,cloison,0.002582,0,0
####épin#####,épprppn,épineux,0.023587,épingle,0.011651,0,0
####lisi#####,lisleis,taillis,0.016123,lisière,0.005728,0,0
####robi#####,rrbrzoi,meurtri,0.012344,robinet,0.000062,0,0
####ronf#####,ronfron,coffret,0.018513,ronfler,0.001070,0,0
####ivre#####,vivrire,sourire,0.015700,ivresse,0.000027,0,0
####zing#####,zézaing,zézette,0.071054,zingaro,0.002083,0,0
####pinc#####,pinpicg,pinceau,0.059196,pinceau,0.059196,0,0
####siff#####,sffffif,suffire,0.053440,sifflet,0.008149,0,0
####écla#####,éccceal,écusson,0.002719,éclairé,0.001139,0,0
####mous#####,moumoos,mouette,0.003970,mousson,0.001856,0,0
####aube#####,aubebbe,auberge,0.008864,auberge,0.008864,0,0
####facu#####,facucau,feindre,0.020081,faculté,0.004636,0,0
####émet#####,émééeet,élément,0.006395,émettre,0.001912,0,0
####habi#####,hhbhhan,haillon,0.028271,habillé,0.017149,0,0
####nota#####,nonaaat,nénette,0.041640,notaire,0.000208,0,0
####ranc#####,raccanu,précoce,0.006672,rancune,0.001795,0,0
####comm#####,commman,comique,0.071889,commode,0.003761,0,0
####grav#####,gravaao,gravure,0.125139,gravité,0.034460,0,0
####pisc#####,pinpics,pimpant,0.172022,piscine,0.013548,0,0
####conf#####,conffrn,confier,0.074920,confort,0.023830,0,0
####tort#####,totttro,toiture,0.065089,torture,0.008479,0,0
####ados#####,adosaas,matelas,0.017989,adosser,0.000188,0,0
####tart#####,tattaay,trotter,0.041075,tartine,0.005196,0,0
####bruy#####,bruybru,bruyère,0.451980,bruyant,0.060023,0,0
####cont#####,conchnt,content,0.040033,contenu,0.000225,0,0
####susp#####,suspars,support,0.037417,suspect,0.014788,0,0
####déva#####,dévaaaa,dévaler,0.090094,dévaler,0.090094,0,0
####divi#####,divddif,diviser,0.222456,diviser,0.222456,0,0
####étag#####,étggaaé,négligé,0.010602,étagère,0.000365,0,0
####homm#####,homhhoé,humilié,0.067904,hommage,0.062226,0,0
####anno#####,aanrçon,adéquat,0.000398,annonce,0.000168,0,0
####édit#####,ééddttt,cuistot,0.002046,édition,0.000116,0,0
####mont#####,mommtot,complot,0.015715,monture,0.000423,0,0
####tapo#####,tatptao,torpédo,0.091003,tapoter,0.011651,0,0
####case#####,cassaae,cassant,0.022742,caserne,0.001357,0,0
####fleu#####,fleuelx,fleurer,0.174067,fleurir,0.030327,0,0
####horl#####,hoolhlr,haillon,0.084239,horloge,0.032126,0,0
####plis#####,piuleis,publier,0.036971,plisser,0.002882,0,0
####accu#####,accceau,occulte,0.016336,accueil,0.008619,0,0
####serv#####,sevvevs,serveur,0.081511,serveur,0.081511,0,0
####funè#####,funèhrn,funèbre,0.062425,funèbre,0.062425,0,0
####mond#####,mommhdd,moutard,0.017537,mondial,0.001565,0,0
####torr#####,toortrr,trotter,0.286763,torrent,0.000683,0,0
####cont#####,conchnt,content,0.040033,contour,0.002200,0,0
####excl#####,excleel,conseil,0.006467,exclure,0.004698,0,0
####amat#####,amaraat,attrait,0.004313,amateur,0.000104,0,0
####déci#####,décrdco,décence,0.335560,décisif,0.022748,0,0
####dout#####,doudort,douteux,0.037305,douteux,0.037305,0,0
####crua#####,crucaru,crucial,0.133500,cruauté,0.001171,0,0
####enla#####,engaeal,château,0.001345,enlacer,0.000022,0,0
####fron#####,froffon,fanfare,0.054300,froncer,0.000090,0,0
####insu#####,insniau,bestiau,0.015976,insulte,0.000122,0,0
####croc#####,cooccro,concert,0.085423,crochet,0.018295,0,0
####empi#####,eêmepyi,démenti,0.018107,empiler,0.000009,0,0
####maxi#####,maxieax,maximum,0.005514,maximum,0.005514,0,0
####moue#####,moumere,mourant,0.012568,mouette,0.010603,0,0
####beso#####,besebos,bourbon,0.045258,besogne,0.001087,0,0
####embê#####,embeêmi,emmener,0.519295,embêter,0.023920,0,0
####expl#####,expleyx,frileux,0.009321,exploit,0.008604,0,0
####mart#####,martaat,marrant,0.018054,marteau,0.015296,0,0
####stop#####,sooparo,stopper,0.033321,stopper,0.033321,0,0
####tens#####,testenn,tréteau,0.009684,tension,0.001001,0,0
####vaca#####,vavvaal,cerveau,0.026113,vacarme,0.000020,0,0
####vigu#####,vigugig,vigueur,0.143532,vigueur,0.143532,0,0
####anti#####,antiaat,attrait,0.002407,antique,0.000078,0,0
####braq#####,brayban,briller,0.016257,braquer,0.005260,0,0
####scru#####,scrssré,sincère,0.004472,scruter,0.000131,0,0
####inju#####,jnqniau,joindre,0.044694,injuste,0.000090,0,0
####meur#####,meureur,mourant,0.073504,meurtre,0.003208,0,0
####aisa#####,ansaaas,apparat,0.004780,aisance,0.000187,0,0
####choq#####,choqhhn,crochet,0.090578,choquer,0.010458,0,0
####grav#####,gravaao,gravure,0.125139,gravier,0.059320,0,0
####pétr#####,ppprtrt,pupitre,0.037699,pétrole,0.003415,0,0
####reco#####,recoccà,recours,0.019570,recours,0.019570,0,0
####rent#####,reetent,revient,0.010387,rentrée,0.000030,0,0
####théo#####,tttthoé,torchon,0.011719,théorie,0.000092,0,0
####cors#####,coocors,concert,0.016375,corsage,0.001264,0,0
####inon#####,inoiion,environ,0.003429,inonder,0.000126,0,0
####cont#####,conchnt,content,0.040033,contrat,0.007373,0,0
####tail#####,ttitaal,toiture,0.061407,taillis,0.002393,0,0
####pati#####,papppat,pupille,0.008091,patient,0.000292,0,0
####dess#####,dessers,dessous,0.163149,dessein,0.019491,0,0
####médi#####,médrddi,méandre,0.017760,méditer,0.007454,0,0
####anon#####,alonaon,abandon,0.005246,anonyme,0.000273,0,0
####assu#####,aasssus,amusant,0.004188,assumer,0.000189,0,0
####disp#####,dippprs,disparu,0.031026,disparu,0.031026,0,0
####gros#####,grngrès,progrès,0.102269,grossir,0.000705,0,0
####guit#####,guitiit,guitare,0.048471,guitare,0.048471,0,0
####chio#####,chchhoo,coucher,0.017692,chiotte,0.000092,0,0
####cito#####,citotoo,cahoter,0.005758,citoyen,0.000496,0,0
####flai#####,flarian,flasque,0.056771,flairer,0.016240,0,0
####jume#####,jujqume,murmure,0.008122,jumelle,0.001745,0,0
####marm#####,marmwrm,murmure,0.164196,marmite,0.098532,0,0
####sorc#####,soosaré,soigner,0.016195,sorcier,0.001909,0,0
####apla#####,aapaaau,chapeau,0.021899,aplatir,0.000104,0,0
####char#####,charhon,cracher,0.127176,charité,0.030653,0,0
####défi#####,déffdif,décisif,0.045885,définir,0.000369,0,0
####résu#####,résueué,résumer,0.063759,résumer,0.063759,0,0
####bouc#####,bouberc,bouleau,0.012926,bouchon,0.000946,0,0
####débi#####,dédrdré,déduire,0.007965,débiter,0.001492,0,0
####déso#####,dédodrs,déduire,0.205060,désoler,0.000292,0,0
####traq#####,tlattay,tonneau,0.007426,traquer,0.000890,0,0
####fact#####,factact,feutrer,0.009495,facteur,0.003669,0,0
####lamb#####,lamblau,lambeau,0.756270,lambeau,0.756270,0,1
####palm#####,pappwal,pupille,0.012127,palmier,0.000147,0,0
####char#####,charhon,cracher,0.127176,chariot,0.005249,0,0
####conf#####,conffrn,confier,0.074920,conflit,0.020660,0,0
####affa#####,ffffaaf,effrayé,0.063186,affaler,0.010671,0,0
####rela#####,rrraral,apparat,0.004761,relatif,0.000276,0,0
####édif#####,ééifodf,élément,0.003510,édifice,0.002129,0,0
####flam#####,flamôaé,flamber,0.174302,flamber,0.174302,0,0
####plat#####,plptaat,plateau,0.042854,platane,0.002468,0,0
####écha#####,échahau,écharpe,0.022274,écharpe,0.022274,0,0
####glac#####,glôcaao,glacial,0.161574,glacial,0.161574,0,0
####ivro#####,iovoioo,enfoiré,0.015651,ivrogne,0.000105,0,0
####baga#####,bagaaay,bégayer,0.025902,bagarre,0.007183,0,0
####cade#####,cacrare,ceindre,0.003148,cadence,0.000532,0,0
####chia#####,chihhan,chiquer,0.026581,chialer,0.015273,0,0
####exal#####,exaleal,exalter,0.110522,exalter,0.110522,0,0
####rall#####,trllwal,journal,0.005529,rallier,0.000202,0,0
####game#####,gagmage,geindre,0.006915,gamelle,0.005115,0,0
####retr#####,zeereer,écarter,0.001598,retrait,0.000061,0,0
####briq#####,briqbri,bruyère,0.025318,briquet,0.000502,0,0
####cloc#####,clochao,clocher,0.120090,clocher,0.120090,0,0
####filt#####,finfiit,forfait,0.108200,filtrer,0.001024,0,0
####bala#####,balaaal,baisser,0.005698,balader,0.000435,0,0
####capi#####,cappppo,calepin,0.029973,capital,0.009646,0,0
####fauc#####,faucaru,faucher,0.071151,faucher,0.071151,0,0
####comi#####,compmao,comique,0.050457,comique,0.050457,0,0
####hari#####,harhhri,haillon,0.020234,haricot,0.001672,0,0
####renf#####,reffrnn,beurrer,0.001086,renfort,0.000225,0,0
####tolé#####,tottélé,torturé,0.018875,tolérer,0.002508,0,0
####déch#####,décrhhd,détaché,0.081624,déchiré,0.001080,0,0
####gouf#####,gougfrd,gouffre,0.723057,gouffre,0.723057,0,1
####rece#####,recrece,décence,0.013149,recette,0.000420,0,0
####taur#####,tautauu,trotter,0.016958,taureau,0.010936,0,0
####torp#####,totppro,toiture,0.083967,torpeur,0.007227,0,0
####berc#####,beccecr,berceau,0.092164,berceau,0.092164,0,0
####exhi#####,exhheux,exhiber,0.016560,exhiber,0.016560,0,0
####galo#####,gagogao,galoche,0.016623,galoper,0.001283,0,0
####grou#####,groguuo,grogner,0.569623,grouper,0.041634,0,0
####port#####,popprrt,portant,0.049458,porteur,0.000610,0,0
####titu#####,titttuu,trotter,0.087452,tituber,0.018391,0,0
####bois#####,boisoon,boisson,0.191772,boisson,0.191772,0,0
####hono#####,honhhon,haillon,0.060568,honorer,0.011251,0,0
####mond#####,mommhdd,moutard,0.017537,mondain,0.000796,0,0
####traî#####,traîtro,traître,0.114020,traînée,0.000028,0,0
####traî#####,traîtro,traître,0.114020,traître,0.114020,0,0
####mouv#####,mouvovu,pouvoir,0.082502,mouvant,0.005377,0,0
####mouv#####,mouvovu,pouvoir,0.082502,mouvoir,0.042586,0,0
####grat#####,grngaat,grogner,0.076459,gratuit,0.000883,0,0
####tumu#####,tuuttuu,tutoyer,0.125648,tumulte,0.011220,0,0
####frei#####,frffirf,forfait,0.045500,freiner,0.001436,0,0
####obsc#####,oosobac,ouragan,0.001461,obscène,0.000301,0,0
####accé#####,acccccé,accablé,0.045760,accéder,0.001407,0,0
####cuve#####,cuveuve,convive,0.007535,cuvette,0.002111,0,0
####gren#####,grngren,gourdin,0.021070,grenade,0.001002,0,0
####logi#####,loglûii,engluer,0.017876,logique,0.006652,0,0
####perc#####,peêcecr,peupler,0.063036,percher,0.004456,0,0
####vers#####,ververs,velours,0.251925,version,0.002641,0,0
####aler#####,allrxer,avancer,0.001210,alerter,0.000209,0,0
####bord#####,bonbard,boisson,0.087680,bordure,0.018512,0,0
####para#####,papaaao,chapeau,0.005093,parapet,0.001159,0,0
####subl#####,subsbol,charbon,0.010718,sublime,0.001038,0,0
####batt#####,baûtaat,battant,0.063856,battant,0.063856,0,0
####blot#####,blotbot,blottir,0.069419,blottir,0.069419,0,0
####héri#####,héêrhii,hériter,0.042814,hériter,0.042814,0,0
####mont#####,mommtot,complot,0.015715,montant,0.006857,0,0
####oliv#####,oôoovaà,opposer,0.016811,olivier,0.001011,0,0
####chig#####,chichgg,coucher,0.208980,chignon,0.006487,0,0
####rout#####,roureat,bouquet,0.015193,routine,0.000090,0,0
####clas#####,classas,classer,0.010129,classer,0.010129,0,0
####gril#####,grigril,guignol,0.071726,griller,0.013769,0,0
####pèle#####,pyupèie,peupler,0.055324,pèlerin,0.000806,0,0
####plai#####,plppiao,chapeau,0.008517,plaider,0.000517,0,0
####croq#####,croccro,concert,0.027053,croquer,0.001230,0,0
####feme#####,femeeve,femelle,0.021478,femelle,0.021478,0,0
####adap#####,apapaau,chapeau,0.017959,adapter,0.008662,0,0
####allo#####,aalloli,affluer,0.016372,allongé,0.000527,0,0
####dess#####,dessers,dessous,0.163149,dessert,0.088546,0,0
####flin#####,flilind,faillir,0.101080,flingue,0.000443,0,0
####brûl#####,brûbbèn,brûlure,0.511666,brûlure,0.511666,0,1
####déta#####,dédaaao,défaire,0.005317,détaché,0.002013,0,0
####sala#####,sansaal,samovar,0.001817,salaire,0.000221,0,0
####anal#####,alalaal,arsenal,0.007927,analyse,0.000132,0,0
####brig#####,brggaro,brigade,0.062747,brigade,0.062747,0,0
####disp#####,dippprs,disparu,0.031026,dispute,0.001598,0,0
####pare#####,papparo,peupler,0.031491,paresse,0.000549,0,0
####dort#####,dondort,dessert,0.008307,dortoir,0.001268,0,0
####ferm#####,fffmerr,feindre,0.016371,fermier,0.010656,0,0
####inve#####,inviive,inviter,0.011753,inverse,0.001778,0,0
####marr#####,marrarr,mourant,0.012129,marrant,0.003417,0,0
####déno#####,dédddoo,déduire,0.014025,dénouer,0.001622,0,0
####édit#####,ééddttt,cuistot,0.002046,éditeur,0.000126,0,0
####igno#####,giiggon,fourgon,0.002843,ignoble,0.000131,0,0
####bill#####,biblbll,bourbon,0.097015,billard,0.004792,0,0
####serm#####,semssré,serment,0.049536,serment,0.049536,0,0
####cant#####,cancant,cascade,0.010307,cantine,0.000157,0,0
####délé#####,dééééré,décéder,0.061019,délégué,0.046383,0,0
####éloi#####,ééoiiai,écolier,0.004243,éloigné,0.001039,0,0
####limp#####,limpiyé,limpide,0.378737,limpide,0.378737,0,0
####tonn#####,tottçon,tartine,0.038072,tonneau,0.000067,0,0
####radi#####,rraraai,zingaro,0.000460,radieux,0.000085,0,0
####refi#####,rrfreif,réflexe,0.000869,refiler,0.000026,0,0
####ondu#####,ooounud,omettre,0.004978,onduler,0.002112,0,0
####édif#####,ééifodf,élément,0.003510,édifier,0.000776,0,0
####tomb#####,tombboo,tombeau,0.270168,tombeau,0.270168,0,0
####amor#####,amorror,complot,0.000800,amorcer,0.000253,0,0
####larg#####,lagglgé,langage,0.183473,largeur,0.034176,0,0
####médi#####,médrddi,méandre,0.017760,médical,0.008655,0,0
####blan#####,blabean,blouson,0.019087,blanche,0.012481,0,0
####daup#####,dauparu,disparu,0.152634,dauphin,0.017142,0,0
####frin#####,frifinn,forfait,0.041572,fringue,0.000075,0,0
####inse#####,ingeise,chemise,0.009563,insensé,0.001326,0,0
####mini#####,mimmiin,mondain,0.002993,minimum,0.000212,0,0
####pend#####,penpedd,peupler,0.292074,pendule,0.002841,0,0
####sott#####,soutoot,sanglot,0.004051,sottise,0.002633,0,0
####hale#####,hanhege,hommage,0.019858,haleter,0.003479,0,0
####réga#####,régraaé,négligé,0.018439,régaler,0.002721,0,0
####évol#####,évovolé,éveillé,0.008792,évoluer,0.000080,0,0
####sent#####,sensenn,présent,0.029392,senteur,0.000031,0,0
####stér#####,srostté,prostré,0.043633,stérile,0.000026,0,0
####bisc#####,biscbrs,biscuit,0.215470,biscuit,0.215470,0,0
####casc#####,caccaau,cerceau,0.078146,cascade,0.002121,0,0
####mina#####,minaaan,ouragan,0.007982,minable,0.000508,0,0
####bouc#####,bouberc,bouleau,0.012926,bouchée,0.000551,0,0
####cris#####,cricurs,cerceau,0.033526,crisser,0.011821,0,0
####obli#####,oobloai,oublier,0.010203,oblique,0.000952,0,0
####coui#####,coucoin,coucher,0.056970,couille,0.003638,0,0
####déri#####,dérrdio,décrire,0.032408,dériver,0.003239,0,0
####étal#####,étaltal,végétal,0.007393,étalage,0.000092,0,0
####indé#####,iégiidé,imprimé,0.005688,indécis,0.000089,0,0
####volu#####,vouvvrl,voiture,0.044756,volupté,0.006129,0,0
####écai#####,éccriai,éclairé,0.004474,écaille,0.000088,0,0
####past#####,paptaat,platane,0.009652,pasteur,0.001104,0,0
####réfo#####,réfrroé,décrire,0.002863,réforme,0.000436,0,0
####estr#####,weerttx,aborder,0.002092,estrade,0.000707,0,0
####foui#####,fourfrn,frusque,0.035172,fouille,0.014982,0,0
####syll#####,syplayl,cyclone,0.028332,syllabe,0.021830,0,0
####démo#####,dédodro,déduire,0.025133,démolir,0.002044,0,0
####pous#####,pouporn,peupler,0.039542,poussée,0.001757,0,0
####déce#####,décrcce,décence,0.612202,déceler,0.019386,0,0
####divo#####,diddvro,déduire,0.217726,divorce,0.002289,0,0
####coup#####,couppru,coupure,0.563267,coupure,0.563267,0,1
####adou#####,adouaau,ajouter,0.024293,adoucir,0.006655,0,0
####brou#####,broubro,brocart,0.083665,brousse,0.047478,0,0
####char#####,charhon,cracher,0.127176,charnel,0.020531,0,0
####comp#####,comppro,compère,0.166887,compris,0.041183,0,0
####préf#####,prêpfré,préféré,0.085759,préféré,0.085759,0,0
####till#####,titlbll,tilleul,0.111341,tilleul,0.111341,0,0
####aust#####,austaut,attrait,0.003846,austère,0.000100,0,0
####sord#####,sossard,lorsque,0.011710,sordide,0.000135,0,0
####surp#####,suppprt,support,0.069207,surplus,0.002464,0,0
####verd#####,vemperd,vendeur,0.179575,verdure,0.072507,0,0
####ferv#####,fefvevà,ferveur,0.105823,ferveur,0.105823,0,0
####haut#####,hauhaut,souhait,0.050048,hautain,0.005790,0,0
####sill#####,sinlbll,tilleul,0.014610,sillage,0.000251,0,0
####ente#####,eetentt,parenté,0.004882,entente,0.003018,0,0
####exha#####,exhahax,exhaler,0.815845,exhaler,0.815845,0,1
####arti#####,aatiiat,artisan,0.003759,artisan,0.003759,0,0
####mati#####,matrwai,matelas,0.006949,matinal,0.001840,0,0
####pelo#####,penpplo,peupler,0.163051,peloton,0.000806,0,0
####clôt#####,clôceal,clôture,0.357178,clôture,0.357178,0,0
####déte#####,dédrtre,déduire,0.015791,détente,0.002087,0,0
####habi#####,hhbhhan,haillon,0.028271,habitué,0.007188,0,0
####naïv#####,navvevl,nouveau,0.203189,naïveté,0.167250,0,0
####refr#####,frfreer,coureur,0.003359,refrain,0.000034,0,0
####sens#####,sensenn,présent,0.010992,sensuel,0.000158,0,0
####vers#####,ververs,velours,0.251925,versant,0.001300,0,0
####arbo#####,aabobri,armoire,0.021625,arborer,0.002335,0,0
####barb#####,babbbré,barbare,0.169841,barbare,0.169841,0,0
####déte#####,dédrtre,déduire,0.015791,détenir,0.001993,0,0
####indi#####,iidnidu,candide,0.008653,indigne,0.000043,0,0
####meub#####,moumeuu,meubler,0.162119,meubler,0.162119,0,0
####préj#####,prpppré,prostré,0.009784,préjugé,0.003332,0,0
####rale#####,rarrrae,ouragan,0.000670,ralenti,0.000065,0,0
####arge#####,zagaage,engager,0.073982,argenté,0.000959,0,0
####cave#####,cavevve,cuvette,0.003916,caverne,0.001588,0,0
####cham#####,chamhan,chambre,0.044730,chameau,0.024662,0,0
####cout#####,coucert,couteau,0.037446,couture,0.021592,0,0
####musi#####,musseis,musette,0.055820,musical,0.008055,0,0
####roul#####,trureal,crucial,0.003707,roulant,0.000049,0,0
####anxi#####,aaxiaux,anxieux,0.206446,anxieux,0.206446,0,0
####comp#####,comppro,compère,0.166887,compact,0.019137,0,0
####ferm#####,fffmerr,feindre,0.016371,fermeté,0.009857,0,0
####impa#####,iipapau,apparat,0.003804,impasse,0.000241,0,0
####inci#####,iicriau,inconnu,0.004167,inciter,0.000674,0,0
####maud#####,maumaud,mauvais,0.024350,maudire,0.004660,0,0
####ajus#####,jaussus,gaulois,0.013163,ajuster,0.004096,0,0
####lait#####,lailaat,parlant,0.009060,laiteux,0.001779,0,0
####lugu#####,lugleuu,lugubre,0.143309,lugubre,0.143309,0,0
####noir#####,noinoor,noircir,0.063783,noircir,0.063783,0,0
####vala#####,vavvaal,veuvage,0.021563,valable,0.000977,0,0
####bala#####,balaaal,baisser,0.005698,balance,0.000867,0,0
####bapt#####,baptané,battant,0.019096,baptême,0.005268,0,0
####croî#####,croccro,crochet,0.020743,croître,0.014965,0,0
####anxi#####,aaxiaux,anxieux,0.206446,anxiété,0.007639,0,0
####blaf#####,blafaad,blafard,0.065903,blafard,0.065903,0,0
####comm#####,commman,comique,0.071889,commune,0.003020,0,0
####épic#####,épprpcé,édifice,0.006464,épicier,0.000603,0,0
####tiéd#####,tittidé,saccadé,0.007535,tiédeur,0.000029,0,0
####trot#####,toottro,trotter,0.044961,trotter,0.044961,0,0
####tuni#####,tutttun,lutteur,0.017478,tunique,0.000344,0,0
####vaut#####,vauvart,veuvage,0.372314,vautrer,0.052367,0,0
####cuil#####,cuilual,cailler,0.013300,cuiller,0.012241,0,0
####épon#####,époppoo,épineux,0.012498,éponger,0.009045,0,0
####parf#####,panpard,pimpant,0.014764,parfumé,0.002200,0,0
####réfu#####,réfufué,réputer,0.048609,réfugié,0.023735,0,0
####véra#####,vévaara,véranda,0.040905,véranda,0.040905,0,0
####bros#####,broybrn,bruyère,0.010799,brosser,0.000259,0,0
####tein#####,teitein,western,0.011120,teinter,0.000843,0,0
####torc#####,tootaao,docteur,0.005803,torchon,0.000059,0,0
####visi#####,viskvis,visiter,0.109282,visière,0.031340,0,0
####évas#####,ééassvs,évasion,0.017678,évasion,0.017678,0,0
####pomp#####,pompppo,pompier,0.063413,pompier,0.063413,0,0
####robu#####,bobobau,bourbon,0.002068,robuste,0.000125,0,0
####rouq#####,oruqqau,pruneau,0.011186,rouquin,0.000108,0,0
####tuto#####,tutttou,trotter,0.088995,tutoyer,0.015399,0,0
####grav#####,gravaao,gravure,0.125139,gravure,0.125139,0,0
####lâch#####,lââlhhl,loucher,0.053857,lâcheté,0.017389,0,0
####luca#####,lucllau,bouleau,0.019391,lucarne,0.000157,0,0
####roch#####,rouhhhé,bonheur,0.014644,rocheux,0.013114,0,0
####bran#####,brabzan,artisan,0.020902,branler,0.000679,0,0
####méfi#####,méfroai,méfiant,0.003784,méfiant,0.003784,0,0
####abei#####,abbrace,effrayé,0.000484,abeille,0.000029,0,0
####faïe#####,ffïfaae,fanfare,0.006950,faïence,0.002984,0,0
####main#####,maimaan,malsain,0.005287,maintes,0.000524,0,0
####park#####,papppau,peupler,0.024223,parking,0.000268,0,0
####ardo#####,aadoaro,armoire,0.016203,ardoise,0.002583,0,0
####évac#####,évvvavé,éprouvé,0.003130,évacuer,0.000213,0,0
####excé#####,exceevé,excepté,0.165075,excéder,0.001954,0,0
####prop#####,proppro,pourpre,0.198784,propice,0.002161,0,0
####clam#####,clamwal,claquer,0.057772,clameur,0.030103,0,0
####éval#####,évaéaal,journal,0.002815,évaluer,0.000098,0,0
####port#####,popprrt,portant,0.049458,portant,0.049458,0,0
####sien#####,siesinn,combien,0.002685,siennes,0.000368,0,0
####tric#####,tritaro,toiture,0.010311,tricher,0.000368,0,0
####vari#####,vavvvra,veuvage,0.013887,variété,0.001688,0,0
####cont#####,conchnt,content,0.040033,continu,0.001102,0,0
####égor#####,égorgro,éperdre,0.008734,égorger,0.004518,0,0
####bâti#####,bâtetit,bâtisse,0.180036,bâtisse,0.180036,0,0
####circ#####,ciccccl,cerceau,0.026983,circuit,0.003734,0,0
####mien#####,miemiin,premier,0.035709,miennes,0.000210,0,0
####pein#####,peippin,peupler,0.056602,peinard,0.001419,0,0
####digé#####,digdgié,digérer,0.020136,digérer,0.020136,0,0
####égoï#####,égoïûgé,égorger,0.020705,égoïsme,0.007109,0,0
####fugi#####,fugrgif,fugitif,0.171808,fugitif,0.171808,0,0
####grif#####,grigfrf,geindre,0.093981,griffer,0.040646,0,0
####info#####,féfrioi,février,0.027257,informe,0.000021,0,0
####sout#####,soutart,soutane,0.003703,soutien,0.001516,0,0
####effr#####,fffrfek,affreux,0.048466,effrayé,0.012860,0,0
####équi#####,équqqui,frusque,0.029613,équiper,0.001946,0,0
####froi#####,frofirn,feindre,0.018410,froissé,0.001001,0,0
####post#####,pospsot,pompeux,0.020913,posture,0.003241,0,0
####adve#####,ddvevde,cuvette,0.013322,advenir,0.002990,0,0
####attr#####,attrtry,outrage,0.008686,attrait,0.001836,0,0
####cing#####,cinciig,cerceau,0.077892,cingler,0.000651,0,0
####colo#####,conocoo,complot,0.006303,colorer,0.000413,0,0
####daig#####,daggagd,dommage,0.020470,daigner,0.012567,0,0
####jonc#####,jocciau,joindre,0.053632,joncher,0.025998,0,0
####pivo#####,pivppio,pivoter,0.568531,pivoter,0.568531,0,1
####spor#####,soosoro,léopard,0.050759,sportif,0.000120,0,0
####fine#####,finfinn,fanfare,0.026499,finesse,0.003872,0,0
####fléc#####,flécfré,forcené,0.089042,fléchir,0.050736,0,0
####glau#####,glauwal,glauque,0.337749,glauque,0.337749,0,0
####laur#####,laaleuu,douleur,0.006737,laurier,0.001144,0,0
####zéze#####,zézèpre,zézette,0.434523,zézette,0.434523,0,0
####rava#####,ravvraa,cerveau,0.032430,ravager,0.001099,0,0
####crap#####,crappro,frapper,0.145832,crapaud,0.022065,0,0
####rani#####,rrarran,ouragan,0.004193,ranimer,0.000018,0,0
####moqu#####,momquus,mosquée,0.021397,moqueur,0.000376,0,0
####nett#####,neneett,nénette,0.145817,netteté,0.006563,0,0
####obsé#####,oosobsé,troublé,0.009128,obséder,0.000049,0,0
####pouf#####,poupfrd,pouffer,0.148174,pouffer,0.148174,0,0
####tomb#####,tombboo,tombeau,0.270168,tombant,0.251875,0,0
####mals#####,massaas,matelas,0.035699,malsain,0.000175,0,0
####bass#####,bassaas,bassine,0.012488,bassine,0.012488,0,0
####cava#####,cavvaal,cerveau,0.236352,cavaler,0.012658,0,0
####impr#####,imprpro,pourpre,0.101391,imprévu,0.001473,0,0
####laid#####,lailldi,laideur,0.061660,laideur,0.061660,0,0
####maig#####,mammagi,hommage,0.020500,maigrir,0.000042,0,0
####rava#####,ravvraa,cerveau,0.032430,ravaler,0.000717,0,0
####réco#####,récoépé,découpé,0.020346,récolte,0.007146,0,0
####trib#####,tritaro,toiture,0.160850,tribune,0.008334,0,0
####coup#####,couppru,coupure,0.563267,coupole,0.010052,0,0
####évei#####,ééeeevi,soulevé,0.006098,éveillé,0.000605,0,0
####goda#####,gogaaao,gigoter,0.107911,godasse,0.003148,0,0
####trou#####,trotuoo,trotter,0.502181,trousse,0.008269,0,0
####auto#####,autotat,abattre,0.004837,autocar,0.000661,0,0
####corb#####,coucbro,coucher,0.016697,corbeau,0.005881,0,0
####fâch#####,fâchchk,fâcheux,0.309804,fâcheux,0.309804,0,0
####gaul#####,gaugaal,gaulois,0.088627,gaulois,0.088627,0,0
####part#####,paptart,portant,0.024250,partage,0.004104,0,0
####proc#####,poophro,proprio,0.030323,procédé,0.000720,0,0
####roui#####,roureri,bouilli,0.011739,rouille,0.000058,0,0
####rumi#####,rumurmi,meurtri,0.002917,ruminer,0.000115,0,0
####tres#####,testtrs,trotter,0.035591,tresser,0.002438,0,0
####végé#####,végégvé,végéter,0.040344,végétal,0.031007,0,0
####cong#####,conchèg,concile,0.057549,congrès,0.016363,0,0
####fina#####,finaaan,finance,0.158799,finance,0.158799,0,0
####init#####,inititt,idiotie,0.023723,initier,0.006625,0,0
####less#####,lessevs,dessous,0.035666,lessive,0.003850,0,0
####miné#####,mémminé,mouillé,0.002337,minéral,0.000151,0,0
####pomm#####,pommçon,pommeau,0.059160,pommier,0.050143,0,0
####prod#####,poophro,proprio,0.050397,prodige,0.000032,0,0
####rugu#####,rugueuu,rugueux,0.256942,rugueux,0.256942,0,0
####dépe#####,dépppré,déraper,0.015347,dépense,0.000473,0,0
####fact#####,factact,feutrer,0.009495,facture,0.001133,0,0
####aspe#####,atppppe,supposé,0.015830,asperge,0.001622,0,0
####souh#####,sousoou,souhait,0.030222,souhait,0.030222,0,0
####atte#####,attette,attente,0.052977,atteler,0.001510,0,0
####eniv#####,enivevà,enivrer,0.211966,enivrer,0.211966,0,0
####arch#####,archhhé,envahir,0.005993,archive,0.000239,0,0
####arra#####,arraaai,affaire,0.002655,arraché,0.000087,0,0
####tave#####,tatetae,théâtre,0.003264,taverne,0.001132,0,0
####ante#####,aatennt,atteint,0.002654,antenne,0.001572,0,0
####eunu#####,enuueuu,éboueur,0.006653,eunuque,0.000611,0,0
####faus#####,fausaus,frusque,0.131227,fausser,0.110007,0,0
####guic#####,gugguig,gigoter,0.021006,guichet,0.001159,0,0
####barb#####,babbbré,barbare,0.169841,barbelé,0.032671,0,0
####évan#####,évarava,évasion,0.045282,évanoui,0.016673,0,0
####moin#####,mommion,moignon,0.011593,moineau,0.000139,0,0
####saou#####,saosçuu,kiosque,0.009837,saouler,0.000395,0,0
####sard#####,sarsard,sursaut,0.045327,sardine,0.000128,0,0
####caro#####,cacocro,cassure,0.005999,carotte,0.000153,0,0
####cour#####,courorr,courant,0.201860,coureur,0.073438,0,0
####déra#####,déraaro,défaire,0.191027,déraper,0.009445,0,0
####hôte#####,hôbrêat,hôtesse,0.216691,hôtesse,0.216691,0,0
####néga#####,négnaaé,négligé,0.364359,négatif,0.026349,0,0
####veil#####,veileil,veiller,0.048061,veillée,0.018021,0,0
####amas#####,amasaas,artisan,0.006072,amasser,0.000332,0,0
####comb#####,combbro,combler,0.354727,combine,0.045854,0,0
####crou#####,crochro,crochet,0.071461,crouler,0.021417,0,0
####mode#####,mommode,pommade,0.003988,modeler,0.000060,0,0
####rése#####,réssrre,mésange,0.003976,réservé,0.000019,0,0
####vare#####,vevvare,voiture,0.009165,vareuse,0.000323,0,0
####corr#####,cocrérr,coureur,0.063080,correct,0.001100,0,0
####égal#####,égéggal,journal,0.002911,égalité,0.001264,0,0
####four#####,fouroux,fourrer,0.095235,fourche,0.048880,0,0
####kios#####,kiosias,écolier,0.005040,kiosque,0.001031,0,0
####tent#####,tentenu,contenu,0.007969,tenture,0.000198,0,0
####ébro#####,ébrjbré,délabré,0.025712,ébrouer,0.000454,0,0
####étou#####,émottué,écouter,0.035791,étouffé,0.000807,0,0
####fiss#####,fisffrs,confins,0.094741,fissure,0.001942,0,0
####foug#####,fougarn,rougeur,0.096000,fougère,0.016283,0,0
####radi#####,rraraai,zingaro,0.000460,radical,0.000152,0,0
####refl#####,frereyl,réflexe,0.003013,refluer,0.000043,0,0
####rete#####,reterre,serrure,0.000916,retenue,0.000060,0,0
####avid#####,advaadd,effrayé,0.000911,avidité,0.000095,0,0
####entr#####,eeernet,charnel,0.001276,entrain,0.000017,0,0
####péni#####,péppppn,pécheur,0.062931,péniche,0.009003,0,0
####somm#####,somhsoé,sombrer,0.016307,sommier,0.011341,0,0
####trou#####,trotuoo,trotter,0.502181,troublé,0.000942,0,0
####anor#####,alorror,aigreur,0.006650,anormal,0.002008,0,0
####égoï#####,égoïûgé,égorger,0.020705,égoïste,0.007082,0,0
####héré#####,héêhéré,hérissé,0.023570,hérésie,0.000740,0,0
####hora#####,honhaao,hommage,0.011834,horaire,0.003381,0,0
####mois#####,moosoos,dessous,0.004096,moisson,0.000503,0,0
####reno#####,reneron,biberon,0.014457,renouer,0.000004,0,0
####tang#####,tattagu,tentant,0.038942,tanguer,0.003618,0,0
####arro#####,aroooro,armoire,0.008061,arrondi,0.000320,0,0
####lice#####,licliil,laurier,0.006876,licence,0.003720,0,0
####meno#####,mommçon,mamelon,0.031933,menotte,0.000289,0,0
####monc#####,momchal,rocheux,0.001225,monceau,0.000420,0,0
####puna#####,punpaau,pinceau,0.010309,punaise,0.002665,0,0
####mélo#####,mémoooo,mémoire,0.021689,mélodie,0.002969,0,0
####moye#####,moymyye,appuyer,0.003937,moyenne,0.001010,0,0
####vest#####,vesvers,velours,0.068444,vestige,0.000273,0,0
####vitr#####,vitrtrl,vitreux,0.132783,vitrail,0.045268,0,0
####égre#####,éérégré,ébattre,0.005489,égrener,0.000618,0,0
####fard#####,fanfard,forfait,0.303166,fardeau,0.002367,0,0
####four#####,fouroux,fourrer,0.095235,fourgon,0.044964,0,0
####macu#####,mauucau,bestiau,0.017983,maculer,0.000027,0,0
####mett#####,memtett,maillot,0.005716,metteur,0.001003,0,0
####posi#####,pospsif,pompier,0.084483,positif,0.026249,0,0
####croq#####,croccro,concert,0.027053,croquis,0.001781,0,0
####goud#####,gougard,rougeur,0.131168,goudron,0.039361,0,0
####mésa#####,mésaaas,mésange,0.174977,mésange,0.174977,0,0
####parr#####,prprarr,pourrir,0.021688,parrain,0.001782,0,0
####tram#####,tratway,tramway,0.893457,tramway,0.893457,0,1
####ampl#####,aaplpaé,replier,0.006032,ampleur,0.005151,0,0
####endu#####,enqueuu,entendu,0.003202,endurer,0.000593,0,0
####enra#####,enereau,poireau,0.001220,enrager,0.000007,0,0
####mijo#####,jémotoo,mijoter,0.174609,mijoter,0.174609,0,0
####port#####,popprrt,portant,0.049458,portion,0.002843,0,0
####toit#####,toitioo,toiture,0.625016,toiture,0.625016,0,1
####affl#####,fffffal,forfait,0.052416,affluer,0.001521,0,0
####alté#####,attlûté,argenté,0.004520,altérer,0.000039,0,0
####béga#####,bégaaaé,bégayer,0.324848,bégayer,0.324848,0,0
####conv#####,conchvu,convive,0.066865,convier,0.003203,0,0
####dist#####,dindirs,dilater,0.024010,distant,0.011317,0,0
####endu#####,enqueuu,entendu,0.003202,enduire,0.000893,0,0
####hurl#####,huulhur,haillon,0.073641,hurlant,0.036081,0,0
####bibe#####,bibbbbe,bourbon,0.182872,bibelot,0.008434,0,0
####côto#####,côtrcao,côtoyer,0.058744,côtoyer,0.058744,0,0
####déte#####,dédrtre,déduire,0.015791,détendu,0.006533,0,0
####luxu#####,luxleux,luxueux,0.335656,luxueux,0.335656,0,0
####prêc#####,pêêcêro,prêcher,0.157670,prêcher,0.157670,0,0
####sola#####,sossaas,contrat,0.002072,solaire,0.000187,0,0
####susp#####,suspars,support,0.037417,suspens,0.008601,0,0
####dipl#####,dippiié,dompter,0.044390,diplôme,0.004418,0,0
####imbi#####,iiirbai,meurtri,0.017776,imbiber,0.000146,0,0
####pana#####,panpaan,pimpant,0.003578,panache,0.001034,0,0
####arbu#####,arbubau,arbuste,0.007378,arbuste,0.007378,0,0
####céle#####,célccre,ceindre,0.003251,céleste,0.000386,0,0
####conf#####,conffrn,confier,0.074920,confins,0.017176,0,0
####inte#####,intinte,infirme,0.002255,interne,0.000033,0,0
####plan#####,plalaau,plateau,0.031776,planque,0.001283,0,0
####scan#####,scacann,chacune,0.018895,scander,0.000803,0,0
####scel#####,scesell,conseil,0.019079,sceller,0.000290,0,0
####atta#####,attaaau,attaque,0.027410,attaché,0.004028,0,0
####atte#####,attette,attente,0.052977,attendu,0.000616,0,0
####cloî#####,clocero,clocher,0.306228,cloître,0.010751,0,0
####déli#####,dédrdii,déduire,0.015677,délirer,0.001604,0,0
####init#####,inititt,idiotie,0.023723,initial,0.016884,0,0
####lava#####,lavvaau,cerveau,0.009964,lavande,0.003143,0,0
####libé#####,liblblé,liberté,0.091446,libéral,0.010947,0,0
####scul#####,scuserl,sculpté,0.006644,sculpté,0.006644,0,0
####sixi#####,sixisif,décisif,0.002604,sixième,0.000133,0,0
####vole#####,vovvelà,voilier,0.053878,voleter,0.033172,0,0
####atta#####,attaaau,attaque,0.027410,attache,0.003952,0,0
####débu#####,désrbué,détaché,0.005409,débuter,0.001802,0,0
####fébr#####,béfrbré,bourbon,0.081846,fébrile,0.000162,0,0
####mame#####,mammame,murmure,0.040864,mamelon,0.009600,0,0
####rési#####,résirri,résumer,0.040962,résigné,0.010840,0,0
####brio#####,briroro,bruyère,0.020439,brioche,0.000340,0,0
####conc#####,conchcu,concile,0.099631,concret,0.043283,0,0
####lita#####,lillial,libéral,0.017059,litanie,0.011241,0,0
####lorg#####,logglgl,logique,0.186681,lorgner,0.019299,0,0
####util#####,uuuutal,naturel,0.003433,utilité,0.000187,0,0
####esco#####,esceopc,receler,0.009919,escorte,0.000825,0,0
####faib#####,faifard,feindre,0.026436,faiblir,0.002183,0,0
####péda#####,pépaaao,pédaler,0.027228,pédaler,0.027228,0,0
####raid#####,rardadd,myriade,0.017589,raideur,0.000054,0,0
####vici#####,vicrcis,vicieux,0.066960,vicieux,0.066960,0,0
####bour#####,bourour,bourrer,0.055395,bourbon,0.006899,0,0
####char#####,charhon,cracher,0.127176,charmer,0.033005,0,0
####croy#####,crocyro,croyant,0.151557,croyant,0.151557,0,0
####hosp#####,homphrd,hospice,0.057525,hospice,0.057525,0,0
####mate#####,mateaae,brimade,0.000893,matelot,0.000291,0,0
####mesq#####,mesqqes,marquis,0.012051,mesquin,0.005680,0,0
####obst#####,oobotrt,oeillet,0.010425,obstiné,0.000343,0,0
####spec#####,spcpecu,serpent,0.046991,spectre,0.000199,0,0
####allé#####,aallélé,nullité,0.003064,alléger,0.000051,0,0
####brum#####,brmburn,barbier,0.031154,brumeux,0.006331,0,0
####cult#####,culceat,cuisson,0.016098,cultivé,0.002147,0,0
####dans#####,daasand,dansant,0.047542,dansant,0.047542,0,0
####entê#####,enteett,dessert,0.001605,entêter,0.000020,0,0
####flas#####,ffaffas,flasque,0.023992,flasque,0.023992,0,0
####fray#####,frayaao,frayeur,0.051198,frayeur,0.051198,0,0
####larg#####,lagglgé,langage,0.183473,larguer,0.054740,0,0
####muti#####,mutrtti,meurtri,0.165449,mutisme,0.000528,0,0
####pupi#####,pupppio,pupille,0.043278,pupitre,0.011780,0,0
####sonn#####,sossçnn,mission,0.004765,sonnant,0.000036,0,0
####sout#####,soutart,soutane,0.003703,soutane,0.003703,0,0
####suéd#####,sussudé,saccadé,0.005396,suédois,0.000120,0,0
####vibr#####,vivrbra,livreur,0.181419,vibrant,0.023827,0,0
####colo#####,conocoo,complot,0.006303,colosse,0.000265,0,0
####cost#####,coscoat,costume,0.007241,costard,0.004351,0,0
####épat#####,épaéaat,épatant,0.023986,épatant,0.023986,0,0
####meet#####,meemeti,serment,0.013448,meeting,0.000173,0,0
####odor#####,ooorroo,odorant,0.031456,odorant,0.031456,0,0
####piqu#####,pippquo,pirogue,0.028943,piquant,0.003175,0,0
####pour#####,poupuro,pourpre,0.043179,pourpre,0.043179,0,0
####préd#####,péêpéré,peupler,0.016793,prédire,0.000058,0,0
####réch#####,récrhhé,écorché,0.051090,réchaud,0.001265,0,0
####rési#####,résirri,résumer,0.040962,résider,0.022019,0,0
####saco#####,sacscou,sacoche,0.054997,sacoche,0.054997,0,0
####troq#####,toottro,trotter,0.033466,troquet,0.012799,0,0
####atte#####,attette,attente,0.052977,atteint,0.001485,0,0
####donn#####,donrçnn,désigné,0.007033,donneur,0.000167,0,0
####fice#####,fiffcce,fourche,0.013080,ficeler,0.000121,0,0
####fres#####,fffffrs,fanfare,0.071801,fresque,0.007442,0,0
####louf#####,loulfau,loucher,0.087578,loufiat,0.034463,0,0
####ryth#####,zytyhht,frayeur,0.008238,rythmer,0.004020,0,0
####amar#####,amarwar,amarrer,0.007001,amarrer,0.007001,0,0
####caba#####,cacraac,cassant,0.002263,cabaret,0.000040,0,0
####cale#####,callcal,cailler,0.010570,caleçon,0.001297,0,0
####casq#####,casqcas,casquer,0.014465,casquer,0.014465,0,0
####coup#####,couppru,coupure,0.563267,coupant,0.032255,0,0
####crib#####,cricbro,concert,0.074118,cribler,0.031514,0,0
####débâ#####,débâbré,délabré,0.034166,débâcle,0.000452,0,0
####lani#####,lailean,maillon,0.004918,lanière,0.001274,0,0
####para#####,papaaao,chapeau,0.005093,parasol,0.000691,0,0
####acti#####,aacrict,factice,0.022948,activer,0.000050,0,0
####alim#####,almmmai,adéquat,0.001440,aliment,0.000794,0,0
####cane#####,caccane,cascade,0.003157,canette,0.000249,0,0
####croi#####,croccro,cerceau,0.018415,croisée,0.000494,0,0
####galo#####,gagogao,galoche,0.016623,galoche,0.016623,0,0
####iner#####,inerier,terrier,0.001597,inertie,0.000053,0,0
####boui#####,boubbai,bouilli,0.185166,bouille,0.000236,0,0
####mouc#####,moumuru,mouette,0.008046,moucher,0.001910,0,0
####narg#####,naggngl,narguer,0.055004,narguer,0.055004,0,0
####nota#####,nonaaat,nénette,0.041640,notable,0.000525,0,0
####plon#####,ponphon,pension,0.014692,plongée,0.000239,0,0
####band#####,banband,barbare,0.106873,bandeau,0.000583,0,0
####comp#####,comppro,compère,0.166887,complot,0.017179,0,0
####conv#####,conchvu,convive,0.066865,convive,0.066865,0,0
####cyni#####,cyyypin,cynique,0.065279,cynisme,0.019578,0,0
####effl#####,fffefyl,femelle,0.028132,effluve,0.000766,0,0
####mend#####,memmedm,commode,0.068489,mendier,0.000505,0,0
####rond#####,rordrdd,sordide,0.010994,rondeur,0.000140,0,0
####sang#####,saggann,élégant,0.029267,sangler,0.000115,0,0
####bras#####,brasean,briller,0.014689,brasier,0.002873,0,0
####coff#####,cofffaf,coiffer,0.378810,coffret,0.009120,0,0
####cost#####,coscoat,costume,0.007241,costaud,0.001318,0,0
####cyni#####,cyyypin,cynique,0.065279,cynique,0.065279,0,0
####gale#####,glggaae,geindre,0.030788,galette,0.012620,0,0
####hain#####,hainain,harnais,0.107434,haineux,0.003570,0,0
####norm#####,nonmoor,complot,0.003930,normand,0.000382,0,0
####omet#####,omoooet,oeillet,0.005411,omettre,0.002804,0,0
####orni#####,ooioioi,bouilli,0.010336,ornière,0.000106,0,0
####pare#####,papparo,peupler,0.031491,parenté,0.000346,0,0
####supp#####,suppppé,frapper,0.061840,support,0.044014,0,0
####auré#####,aaaauré,torturé,0.002915,auréole,0.000012,0,0
####best#####,bessert,berceau,0.011588,bestiau,0.000193,0,0
####cino#####,cinccon,concile,0.006592,cinoche,0.001420,0,0
####hect#####,hechhct,souhait,0.020423,hectare,0.000181,0,0
####hygi#####,hygrgin,hygiène,0.272167,hygiène,0.272167,0,0
####indi#####,iidnidu,candide,0.008653,indigné,0.000132,0,0
####loua#####,loulaau,loufiat,0.015418,louange,0.000268,0,0
####louc#####,locllau,bouleau,0.008826,loucher,0.001535,0,0
####mart#####,martaat,marrant,0.018054,martyre,0.001575,0,0
####alar#####,afalwar,artisan,0.008044,alarmer,0.000191,0,0
####ball#####,bauloll,bouleau,0.038467,ballant,0.011104,0,0
####conn#####,concnnn,calciné,0.014191,connard,0.000020,0,0
####immo#####,mmmoioi,complot,0.001713,immonde,0.000136,0,0
####prot#####,pooprrt,proprio,0.031118,protégé,0.000009,0,0
####relâ#####,reûâral,journal,0.003795,relâche,0.000160,0,0
####vico#####,vicoorc,vicomte,0.002821,vicomte,0.002821,0,0
####drag#####,drggagd,dommage,0.020016,draguer,0.013070,0,0
####édre#####,éérédré,météore,0.047468,édredon,0.000442,0,0
####mimi#####,mimedii,mimique,0.508966,mimique,0.508966,0,1
####simu#####,simuemm,aimable,0.004704,simuler,0.004626,0,0
####cali#####,callial,carreau,0.009675,calibre,0.000559,0,0
####coco#####,cococao,cocotte,0.468895,cocotte,0.468895,0,0
####guig#####,guggugg,guignol,0.055601,guignol,0.055601,0,0
####infi#####,féiriai,falaise,0.012029,infirme,0.000064,0,0
####liti#####,liiltai,lisible,0.018646,litière,0.003889,0,0
####miau#####,miameam,miauler,0.062719,miauler,0.062719,0,0
####perv#####,peuphvu,peupler,0.157643,pervers,0.020717,0,0
####raff#####,fffffad,effrayé,0.026855,raffiné,0.014095,0,0
####récl#####,réérccl,pluriel,0.002473,réclame,0.000037,0,0
####sacc#####,scccacl,science,0.140142,saccade,0.013369,0,0
####éche#####,échéhhe,échéant,0.060770,échelon,0.023169,0,0
####esca#####,eeceeau,macadam,0.002234,escadre,0.000066,0,0
####flét#####,fluffté,flotter,0.018359,flétrir,0.001450,0,0
####oeil#####,ooileii,opulent,0.017715,oeillet,0.007734,0,0
####part#####,paptart,portant,0.024250,partagé,0.001435,0,0
####pens#####,pensenn,poussin,0.041311,pensant,0.000412,0,0
####rebe#####,reberre,fébrile,0.004093,rebelle,0.003559,0,0
####song#####,soggann,sergent,0.015511,songeur,0.000835,0,0
####spir#####,srisprf,exister,0.035501,spirale,0.000789,0,0
####unan#####,uuaunnn,soutenu,0.003832,unanime,0.000049,0,0
####abru#####,aburbru,délabré,0.016603,abrutir,0.000059,0,0
####brou#####,broubro,brocart,0.083665,brouter,0.057411,0,0
####bruy#####,bruybru,bruyère,0.451980,bruyère,0.451980,0,0
####dédu#####,dédudud,déduire,0.368648,déduire,0.368648,0,0
####ment#####,memment,serment,0.014789,mention,0.000078,0,0
####mire#####,mimrire,mémoire,0.016607,mirette,0.000041,0,0
####basc#####,bascaac,berceau,0.124579,bascule,0.002013,0,0
####déro#####,dédréro,déduire,0.046783,déroute,0.000648,0,0
####dévê#####,dévêéré,dévêtir,0.497294,dévêtir,0.497294,0,0
####dorm#####,doomord,droguer,0.085569,dormeur,0.001201,0,0
####dura#####,duraaru,disparu,0.019165,durable,0.008348,0,0
####écos#####,écorspé,élément,0.005606,écosser,0.000469,0,0
####espa#####,esppeau,chapeau,0.001304,espacer,0.000107,0,0
####mors#####,moosoos,confins,0.001655,morsure,0.000088,0,0
####plac#####,placaau,pinceau,0.077749,placide,0.000519,0,0
####plum#####,plumeau,plumeau,0.291103,plumard,0.075690,0,0
####ravi#####,ravvvaa,cerveau,0.032520,raviser,0.000243,0,0
####reli#####,reeleai,remblai,0.005273,relique,0.000155,0,0
####suin#####,suision,puisque,0.003629,suinter,0.000956,0,0
####banq#####,blnbban,bourbon,0.192704,banquet,0.000216,0,0
####enli#####,nneleai,anxieux,0.004597,enliser,0.000251,0,0
####fril#####,frifiil,faillir,0.406278,frileux,0.139304,0,0
####terr#####,tetrter,trotter,0.230584,terreux,0.000017,0,0
####viol#####,vivviol,vitrail,0.034140,violacé,0.001817,0,0
####auba#####,aubabau,apparat,0.010782,aubaine,0.003675,0,0
####bosq#####,bosqbrs,bourbon,0.197526,bosquet,0.060658,0,0
####dégo#####,dégoûgo,dégoûté,0.108878,dégoûté,0.108878,0,0
####dévo#####,dévdoré,déduire,0.013136,dévouer,0.003718,0,0
####friv#####,frivvvà,frivole,0.043620,frivole,0.043620,0,0
####noto#####,nonoooo,nénette,0.010222,notoire,0.001144,0,0
####rela#####,rrraral,apparat,0.004761,relayer,0.000417,0,0
####adon#####,adonaan,adosser,0.008849,adonner,0.005925,0,0
####arse#####,assaare,affaire,0.006546,arsenal,0.000070,0,0
####beug#####,beugeux,brumeux,0.029163,beugler,0.009775,0,0
####bign#####,bigjbin,bourbon,0.038825,bignole,0.000375,0,0
####bron#####,brobzon,blouson,0.008349,bronzer,0.003552,0,0
####dens#####,dessenn,dessein,0.033416,densité,0.000259,0,0
####dépo#####,déppéro,proprio,0.015114,déporté,0.000451,0,0
####mour#####,mourorr,mourant,0.311099,mourant,0.311099,0,0
####perç#####,peppper,pourpre,0.069092,perçant,0.000532,0,0
####siro#####,siossos,secours,0.002501,siroter,0.000133,0,0
####bibe#####,bibbbbe,bourbon,0.182872,biberon,0.009790,0,0
####bric#####,bricaro,brocart,0.266584,bricole,0.024575,0,0
####cent#####,cencent,cerceau,0.087705,centime,0.001312,0,0
####défo#####,dédrdré,déduire,0.017834,défoncé,0.001349,0,0
####gein#####,geingin,geindre,0.056183,geindre,0.056183,0,0
####laté#####,latllté,lâcheté,0.009628,latéral,0.000357,0,0
####mosq#####,mosqbas,mosquée,0.023825,mosquée,0.023825,0,0
####mouf#####,mouffrd,mouette,0.006977,mouflet,0.001089,0,0
####pale#####,pappalu,peupler,0.065250,palette,0.004215,0,0
####rest#####,wessert,dessert,0.076807,restant,0.000219,0,0
####bras#####,brasean,briller,0.014689,brasser,0.002967,0,0
####clai#####,claiian,clavier,0.087343,clairon,0.006311,0,0
####dénu#####,dénuuuu,dénouer,0.022891,dénuder,0.012675,0,0
####hirs#####,hhspirs,horaire,0.013429,hirsute,0.003254,0,0
####insp#####,iippiss,inspiré,0.046460,inspiré,0.046460,0,0
####mort#####,mortrot,montant,0.024041,mortier,0.003915,0,0
####poin#####,poipion,pompier,0.040559,poindre,0.008716,0,0
####préc#####,prêcécé,précoce,0.023332,précoce,0.023332,0,0
####rela#####,rrraral,apparat,0.004761,relater,0.000196,0,0
####rout#####,roureat,bouquet,0.015193,routier,0.000243,0,0
####sinu#####,sisueun,sinueux,0.009837,sinueux,0.009837,0,0
####bour#####,bourour,bourrer,0.055395,bourdon,0.009427,0,0
####chim#####,chihhhm,chiotte,0.071445,chimère,0.014963,0,0
####comp#####,comppro,compère,0.166887,composé,0.029195,0,0
####dila#####,didaaad,dilater,0.318987,dilater,0.318987,0,0
####épan#####,épanaau,épineux,0.024387,épanoui,0.015749,0,0
####incl#####,inclial,initial,0.006067,incliné,0.000306,0,0
####nomb#####,nonbbon,complot,0.011727,nombril,0.007638,0,0
####pelu#####,peupeau,peupler,0.073598,peluche,0.004314,0,0
####pupi#####,pupppio,pupille,0.043278,pupille,0.043278,0,0
####sail#####,sailail,sailler,0.209328,saillie,0.004136,0,0
####torc#####,tootaao,docteur,0.005803,torcher,0.000046,0,0
####acca#####,accacau,macadam,0.034786,accablé,0.018613,0,0
####annu#####,aanuanu,moduler,0.003958,annuler,0.001251,0,0
####asse#####,assssse,analyse,0.002967,assener,0.000011,0,0
####bari#####,barbban,bandeau,0.007853,bariolé,0.000623,0,0
####ébau#####,ébajbai,éboueur,0.020850,ébauche,0.003424,0,0
####fron#####,froffon,fanfare,0.054300,fronton,0.009424,0,0
####palu#####,papppau,chapeau,0.025326,paluche,0.000258,0,0
####parl#####,pappaal,publier,0.031121,parlant,0.015797,0,0
####sour#####,sousous,mourant,0.010687,sourdre,0.001721,0,0
####verd#####,vemperd,vendeur,0.179575,verdict,0.010884,0,0
####acha#####,aahahau,envahir,0.036117,acharné,0.000319,0,0
####amol#####,ammlaal,adéquat,0.001502,amollir,0.000208,0,0
####chôm#####,chôchan,coucher,0.076908,chômage,0.038837,0,0
####cont#####,conchnt,content,0.040033,contrée,0.000498,0,0
####dépl#####,déppplé,dépassé,0.018569,déployé,0.010956,0,0
####désa#####,désaars,défaire,0.124955,désarmé,0.007180,0,0
####lorg#####,logglgl,logique,0.186681,lorgnon,0.017698,0,0
####stag#####,srggaag,élégant,0.020008,stagner,0.002739,0,0
####taul#####,ttutwau,tilleul,0.027173,taulier,0.017155,0,0
####arbi#####,arbrbai,meurtri,0.003482,arbitre,0.000136,0,0
####asso#####,aassoss,dessous,0.003690,assoupi,0.000100,0,0
####cerc#####,ceccecr,cerceau,0.031288,cercler,0.001738,0,0
####colo#####,conocoo,complot,0.006303,colombe,0.000369,0,0
####coup#####,couppru,coupure,0.563267,couplet,0.012718,0,0
####crén#####,crécané,calciné,0.083191,créneau,0.000372,0,0
####feut#####,feutert,feutrer,0.149881,feutrer,0.149881,0,0
####ment#####,memment,serment,0.014789,menteur,0.001415,0,0
####orat#####,orooaat,oeillet,0.018051,orateur,0.000385,0,0
####rebu#####,rebreau,rebours,0.008016,rebuter,0.002419,0,0
####remb#####,rebbrré,cambrer,0.025350,remblai,0.001276,0,0
####emph#####,emmhehé,bonheur,0.035258,emphase,0.002523,0,0
####encu#####,encuevu,soutenu,0.002969,enculer,0.000518,0,0
####fanf#####,ffnfaad,fanfare,0.527574,fanfare,0.527574,0,1
####féti#####,féfiéft,délicat,0.001612,fétiche,0.000760,0,0
####oran#####,oraoran,ouragan,0.007048,oranger,0.003867,0,0
####pati#####,papppat,pupille,0.008091,patiner,0.000061,0,0
####pudi#####,puppeuf,pompeux,0.025192,pudique,0.009818,0,0
####seme#####,semeeme,demeure,0.010830,semence,0.005075,0,0
####démê#####,démêêdé,démêler,0.527956,démêler,0.527956,0,1
####dépê#####,dépppré,dépassé,0.025180,dépêche,0.008092,0,0
####emmê#####,emmeemi,emmener,0.174651,emmêler,0.010036,0,0
####encl#####,encencl,charnel,0.006697,enclume,0.000010,0,0
####engl#####,gngeeel,orgueil,0.009326,engluer,0.000570,0,0
####lyri#####,lyrllyo,amollir,0.023929,lyrique,0.021931,0,0
####sacc#####,scccacl,science,0.140142,saccadé,0.005828,0,0
####adjo#####,aajooao,artisan,0.004340,adjoint,0.000316,0,0
####arna#####,aaaaaan,notaire,0.002709,arnaque,0.000064,0,0
####bift#####,bibttôt,bientôt,0.022756,bifteck,0.006352,0,0
####fict#####,ficffct,forfait,0.051517,fiction,0.001818,0,0
####mala#####,mammaal,matelas,0.001908,maladif,0.000091,0,0
####outr#####,ootrtot,odorant,0.020257,outrage,0.004258,0,0
####shoo#####,shosoon,console,0.005429,shooter,0.000046,0,0
####adhé#####,hahahdé,saccadé,0.001919,adhérer,0.000058,0,0
####conv#####,conchvu,convive,0.066865,convenu,0.006092,0,0
####coût#####,coûûeot,coûteux,0.133040,coûteux,0.133040,0,0
####exté#####,exxeeté,excepté,0.189032,exténué,0.001910,0,0
####guér#####,gugrégr,gigoter,0.005491,guérite,0.001925,0,0
####hant#####,hanhant,hurlant,0.040397,hantise,0.000392,0,0
####jésu#####,jéjjupé,jésuite,0.101698,jésuite,0.101698,0,0
####jubi#####,jabjuui,jubiler,0.141178,jubiler,0.141178,0,0
####ligo#####,ligoûii,rigoler,0.052272,ligoter,0.037077,0,0
####revi#####,revrevà,livreur,0.022450,revient,0.012776,0,0
####viei#####,viereif,violent,0.011002,vieilli,0.005039,0,0
####bale#####,bablele,barbelé,0.006539,baleine,0.000469,0,0
####déta#####,dédaaao,défaire,0.005317,détaler,0.001582,0,0
####émin#####,ééirnii,fébrile,0.005209,éminent,0.000278,0,0
####éven#####,éveeevé,éveillé,0.039588,éventré,0.007643,0,0
####gara#####,gagaaao,godasse,0.007920,garanti,0.005304,0,0
####geôl#####,geôleal,geôlier,0.663030,geôlier,0.663030,0,1
####meur#####,meureur,mourant,0.073504,meurtri,0.004385,0,0
####accu#####,accceau,occulte,0.016336,acculer,0.006559,0,0
####allè#####,allloai,affluer,0.022548,allègre,0.005056,0,0
####amor#####,amorror,complot,0.000800,amortir,0.000175,0,0
####coll#####,cocloll,coulant,0.020979,collant,0.002328,0,0
####crou#####,crochro,crochet,0.071461,croupir,0.011432,0,0
####gond#####,gongûdd,gonfler,0.061365,gondole,0.017196,0,0
####moit#####,mommoot,tournoi,0.003306,moiteur,0.000140,0,0
####pros#####,poopsrs,peupler,0.019673,prostré,0.003347,0,0
####resc#####,rescers,viscère,0.009620,rescapé,0.002293,0,0
####trop#####,tooppro,trotter,0.059514,trophée,0.009285,0,0
####velo#####,vevvolà,voiture,0.015481,velouté,0.001377,0,0
####verm#####,vemmvrg,vermine,0.088286,vermine,0.088286,0,0
####abré#####,abbrbré,délabré,0.061585,abréger,0.000025,0,0
####appa#####,appapau,chapeau,0.033678,apparat,0.029301,0,0
####baro#####,banboro,baigner,0.016297,baroque,0.000914,0,0
####bott#####,boûtttt,boiteux,0.071478,bottine,0.009041,0,0
####énon#####,énonnon,émotion,0.021056,énoncer,0.005481,0,0
####fune#####,ffnfene,fondant,0.016533,funeste,0.004265,0,0
####héri#####,héêrhii,hériter,0.042814,hérissé,0.019989,0,0
####lote#####,lotllot,douleur,0.004980,loterie,0.000995,0,0
####perf#####,penpfrr,peupler,0.021323,perfide,0.004376,0,0
####voil#####,voivoil,voilier,0.185210,voilier,0.185210,0,0
####adéq#####,adoaadé,pommade,0.004156,adéquat,0.000768,0,0
####cord#####,conchrd,coucher,0.033559,cordial,0.005978,0,0
####défe#####,défedre,déduire,0.017395,défendu,0.001058,0,0
####fian#####,fiafaan,fanfare,0.025320,fiancer,0.001059,0,0
####gruy#####,grnyuru,gruyère,0.126604,gruyère,0.126604,0,0
####noir#####,noinoor,noircir,0.063783,noiraud,0.049816,0,0
####tani#####,tattaan,tentant,0.010234,tanière,0.000162,0,0
####calo#####,canccao,caisson,0.016226,calotte,0.000631,0,0
####cand#####,cancadd,cascade,0.097368,candide,0.000108,0,0
####dest#####,dospers,dessert,0.030589,destiné,0.000116,0,0
####empr#####,emmrpyr,pourpre,0.022944,emprunt,0.001044,0,0
####fact#####,factact,feutrer,0.009495,faction,0.001235,0,0
####jacq#####,jlcqias,jacques,0.035612,jacques,0.035612,0,0
####malf#####,marfaal,malfrat,0.033766,malfrat,0.033766,0,0
####mira#####,mimaaan,minéral,0.007534,mirador,0.004514,0,0
####morb#####,morbroi,morbide,0.215604,morbide,0.215604,0,0
####piro#####,pinppoo,proprio,0.210120,pirogue,0.000421,0,0
####troq#####,toottro,trotter,0.033466,troquer,0.014572,0,0
####virg#####,vigvirg,victime,0.018331,virgule,0.008385,0,0
####chev#####,chevhvà,convive,0.312812,chevelu,0.000872,0,0
####crat#####,cracaat,cerceau,0.046279,cratère,0.000226,0,0
####dact#####,dactact,docteur,0.035173,dactylo,0.004709,0,0
####forc#####,foofhcé,forfait,0.093608,forcené,0.026244,0,0
####luna#####,lullaau,lambeau,0.021976,lunaire,0.001006,0,0
####pico#####,picpppo,proprio,0.083240,picoler,0.067889,0,0
####véné#####,vévééné,effréné,0.012530,vénérer,0.001670,0,0
####abon#####,aboraon,abandon,0.021759,abonder,0.000138,0,0
####cand#####,cancadd,cascade,0.097368,candeur,0.000711,0,0
####chro#####,conchoo,coucher,0.264834,chromer,0.000020,0,0
####déla#####,déaaaad,délicat,0.008882,délabré,0.002547,0,0
####expi#####,exxrpux,exemple,0.030212,expirer,0.002272,0,0
####forf#####,fouffrf,coiffer,0.146072,forfait,0.012154,0,0
####gril#####,grigril,guignol,0.071726,grillon,0.004448,0,0
####lain#####,lailaan,maillon,0.021597,lainage,0.000790,0,0
####prés#####,prpppré,prostré,0.044630,présage,0.000725,0,0
####caho#####,cacchon,crachat,0.024393,cahoter,0.000099,0,0
####carr#####,cacrérr,coureur,0.019444,carrure,0.001648,0,0
####chât#####,châchat,crachat,0.108428,châtier,0.004006,0,0
####coho#####,cocchoo,coucher,0.035215,cohorte,0.000515,0,0
####corr#####,cocrérr,coureur,0.063080,corrida,0.001689,0,0
####enfo#####,effonon,baroque,0.000677,enfoiré,0.000301,0,0
####exag#####,exageax,exagéré,0.298981,exagéré,0.298981,0,0
####ferv#####,fefvevà,ferveur,0.105823,fervent,0.089067,0,0
####fran#####,frafaan,forfait,0.024023,franque,0.000524,0,0
####maca#####,macraal,macadam,0.001191,macadam,0.001191,0,0
####péch#####,péphhhé,péniche,0.235388,pécheur,0.078708,0,0
####smok#####,smomsrs,saouler,0.043574,smoking,0.016892,0,0
####unis#####,unssuas,univers,0.047767,unisson,0.014205,0,0
####vare#####,vevvare,voiture,0.009165,varenne,0.000124,0,0
####vitr#####,vitrtrl,vitreux,0.132783,vitreux,0.132783,0,0
####châs#####,châshas,châssis,0.334927,châssis,0.334927,0,0
####civi#####,civrcis,civière,0.118517,civière,0.118517,0,0
####cont#####,conchnt,content,0.040033,conteur,0.000791,0,0
####cuis#####,cuicuvs,crisper,0.021210,cuistot,0.003541,0,0
####erra#####,reereai,dessert,0.001249,errance,0.000008,0,0
####gobe#####,bogobbe,boisson,0.014757,gobelet,0.000061,0,0
####ravi#####,ravvvaa,cerveau,0.032520,raviver,0.000810,0,0
####sout#####,soutart,soutane,0.003703,soutenu,0.000346,0,0
####avan#####,avaraac,agaçant,0.009337,avancée,0.000698,0,0
####boit#####,boitart,boiteux,0.153591,boiteux,0.153591,0,0
####chôm#####,chôchan,coucher,0.076908,chômeur,0.071786,0,0
####déjo#####,déjoûro,déduire,0.023473,déjouer,0.002082,0,0
####épin#####,épprppn,épineux,0.023587,épineux,0.023587,0,0
####fric#####,fricirk,fanfare,0.028060,frichti,0.002159,0,0
####muti#####,mutrtti,meurtri,0.165449,mutiler,0.000656,0,0
####néfa#####,néfaaaé,référer,0.012993,néfaste,0.012595,0,0
####opul#####,ooupeal,coupant,0.030560,opulent,0.000158,0,0
####ordo#####,oomoooo,notoire,0.002414,ordonné,0.000216,0,0
####oxyg#####,oxggygo,oxygène,0.128822,oxygène,0.128822,0,0
####parl#####,pappaal,publier,0.031121,parloir,0.004908,0,0
####peig#####,peipegg,pompeux,0.017982,peigner,0.000196,0,0
####recr#####,rrcrecr,recréer,0.008122,recréer,0.008122,0,0
####vaut#####,vauvart,veuvage,0.372314,vautour,0.029084,0,0
####adve#####,ddvevde,cuvette,0.013322,adverse,0.006164,0,0
####aigr#####,zggagir,magasin,0.026138,aigreur,0.006846,0,0
####athl#####,hôhltal,hôpital,0.051996,athlète,0.000239,0,0
####avor#####,avovvro,affaire,0.002474,avorter,0.000100,0,0
####cein#####,cecciin,cerceau,0.153907,ceindre,0.017962,0,0
####char#####,charhon,cracher,0.127176,charrue,0.021525,0,0
####dixi#####,dixrdif,dixième,0.014696,dixième,0.014696,0,0
####embl#####,embelol,gobelet,0.014822,emblème,0.000698,0,0
####humi#####,humhhui,hurlant,0.012084,humilié,0.004931,0,0
####nupt#####,nunuêtt,néfaste,0.022338,nuptial,0.001805,0,0
####osei#####,ostoisi,offense,0.038737,oseille,0.000399,0,0
####pote#####,potptzo,pompeux,0.007497,poterie,0.002265,0,0
####poud#####,pouphud,peupler,0.075189,poudrer,0.013855,0,0
####satu#####,sausaat,samovar,0.001824,saturer,0.000235,0,0
####tein#####,teitein,western,0.011120,teindre,0.001058,0,0
####torr#####,toortrr,trotter,0.286763,torride,0.001344,0,0
####boui#####,boubbai,bouilli,0.185166,bouilli,0.185166,0,0
####camp#####,camppru,compère,0.177685,campeur,0.070692,0,0
####chât#####,châchat,crachat,0.108428,châtain,0.000987,0,0
####dorm#####,doomord,droguer,0.085569,dormant,0.001767,0,0
####encr#####,encrner,charnel,0.003797,encrier,0.000065,0,0
####enfe#####,effenne,emmener,0.012538,enfermé,0.000951,0,0
####éven#####,éveeevé,éveillé,0.039588,éventer,0.022589,0,0
####exau#####,exaueax,exaucer,0.071084,exaucer,0.071084,0,0
####exul#####,exuleux,exulter,0.124176,exulter,0.124176,0,0
####genc#####,genceng,sergent,0.019008,gencive,0.006722,0,0
####glyc#####,glycyao,glycine,0.567915,glycine,0.567915,0,1
####huil#####,huulhli,huileux,0.041228,huileux,0.041228,0,0
####insé#####,insiiné,incliné,0.025761,insérer,0.000210,0,0
####liqu#####,liqlqou,liqueur,0.260462,liqueur,0.260462,0,0
####mart#####,martaat,marrant,0.018054,martial,0.004057,0,0
####merc#####,mermeer,murmure,0.002718,mercier,0.000201,0,0
####micr#####,mimrcer,madrier,0.001999,microbe,0.000637,0,0
####mili#####,mimmeii,minutie,0.015453,militer,0.000909,0,0
####mure#####,mammure,murmure,0.082910,murette,0.000035,0,0
####noui#####,nonniui,tonneau,0.013419,nouille,0.007299,0,0
####oeuv#####,oouvevu,oeuvrer,0.167169,oeuvrer,0.167169,0,0
####pomm#####,pommçon,pommeau,0.059160,pommeau,0.059160,0,0
####pomp#####,pompppo,pompier,0.063413,pompeux,0.058169,0,0
####tort#####,totttro,toiture,0.065089,torturé,0.019052,0,0
####agaç#####,agaçagn,étalage,0.008835,agaçant,0.004041,0,0
####cléb#####,clobbré,clébard,0.112706,clébard,0.112706,0,0
####disp#####,dippprs,disparu,0.031026,disposé,0.000920,0,0
####effi#####,fffreak,affreux,0.015799,effigie,0.001634,0,0
####épro#####,époporo,ébattre,0.005410,éprouvé,0.000170,0,0
####extr#####,exhrtex,exercer,0.042840,extrait,0.014639,0,0
####métè#####,métèttt,mériter,0.009715,métèque,0.003025,0,0
####modu#####,moomdau,moisson,0.011683,moduler,0.006729,0,0
####oura#####,oooarai,commère,0.000681,ouragan,0.000257,0,0
####reco#####,recoccà,recours,0.019570,reconnu,0.003311,0,0
####remi#####,remmemi,remblai,0.000547,remiser,0.000101,0,0
####asso#####,aassoss,dessous,0.003690,associé,0.000023,0,0
####gala#####,gagaaal,général,0.008818,galaxie,0.004800,0,0
####grav#####,gravaao,gravure,0.125139,gravats,0.012555,0,0
####mouf#####,mouffrd,mouette,0.006977,moufter,0.001148,0,0
####neig#####,nngnngi,adonner,0.019553,neigeux,0.001042,0,0
####orag#####,orggaao,orageux,0.037669,orageux,0.037669,0,0
####pilo#####,pipppoo,proprio,0.097541,piloter,0.002020,0,0
####prop#####,proppro,pourpre,0.198784,proprio,0.149544,0,0
####reli#####,reeleai,remblai,0.005273,reliure,0.000093,0,0
####torn#####,tootton,toiture,0.019722,tornade,0.000106,0,0
####alte#####,attettt,altesse,0.010360,altesse,0.010360,0,0
####ambi#####,ambrbai,meurtri,0.009185,ambiant,0.000059,0,0
####asso#####,aassoss,dessous,0.003690,assorti,0.000050,0,0
####boud#####,boudaud,boudeur,0.017402,boudeur,0.017402,0,0
####boul#####,boulell,bouleau,0.157623,bouleau,0.157623,0,0
####cond#####,conchdd,concile,0.064985,conduit,0.000552,0,0
####exce#####,exceexx,excepté,0.032508,excepté,0.032508,0,0
####foir#####,foiroir,foireux,0.025371,foireux,0.025371,0,0
####galo#####,gagogao,galoche,0.016623,galopin,0.003124,0,0
####lacé#####,lacléaé,parlant,0.002199,lacérer,0.000451,0,0
####moig#####,momgagi,dominer,0.006829,moignon,0.000687,0,0
####mono#####,momooon,mamelon,0.029696,monocle,0.001849,0,0
####orif#####,orifrrf,enterré,0.025160,orifice,0.000113,0,0
####pimp#####,pippppo,pimpant,0.179138,pimpant,0.179138,0,0
####relu#####,reuueau,recueil,0.019499,reluire,0.002082,0,0
####répa#####,répappé,réparer,0.040204,répandu,0.006802,0,0
####reta#####,retarat,contrat,0.007417,retaper,0.000048,0,0
####stat#####,stataat,stature,0.044938,stature,0.044938,0,0
####batt#####,baûtaat,battant,0.063856,batteur,0.000220,0,0
####broc#####,broczro,brocart,0.583890,brocart,0.583890,0,1
####broc#####,broczro,brocart,0.583890,brochet,0.010843,0,0
####cani#####,caacaan,cerceau,0.018231,caniche,0.000200,0,0
####cloq#####,clocqao,clocher,0.070459,cloquer,0.009520,0,0
####ébou#####,ébojbui,éboueur,0.464146,éboulis,0.018081,0,0
####lamp#####,lamplau,lampion,0.216997,lampion,0.216997,0,0
####livr#####,livliir,livreur,0.024165,livreur,0.024165,0,0
####prép#####,prpppré,pourpre,0.111928,préposé,0.000907,0,0
####roma#####,romorao,contrat,0.013697,romance,0.000034,0,0
####spea#####,spspaau,chapeau,0.046863,speaker,0.000108,0,0
####trét#####,tttttté,trotter,0.006620,tréteau,0.000275,0,0
####tron#####,trotaon,trotter,0.116768,tronçon,0.013229,0,0
####boud#####,boudaud,boudeur,0.017402,boudoir,0.003006,0,0
####dépl#####,déppplé,dépassé,0.018569,déplacé,0.014980,0,0
####éper#####,éperppr,écarter,0.009605,éperdre,0.005862,0,0
####four#####,fouroux,fourrer,0.095235,fournil,0.022987,0,0
####gaze#####,zazepre,zézette,0.339461,gazelle,0.264648,0,0
####harn#####,hanhann,hectare,0.042729,harnais,0.010287,0,0
####inti#####,iitiiai,irriter,0.012897,intimer,0.002669,0,0
####losa#####,lolaaas,loufiat,0.007151,losange,0.000883,0,0
####pens#####,pensenn,poussin,0.041311,penseur,0.014186,0,0
####reje#####,rejerre,demeure,0.001922,rejeton,0.000028,0,0
####affr#####,fffffad,affreux,0.059179,affront,0.033329,0,0
####bico#####,bicobao,bourbon,0.275405,bicoque,0.001080,0,0
####bivo#####,bivobrc,buvette,0.043099,bivouac,0.039301,0,0
####comp#####,comppro,compère,0.166887,compère,0.166887,0,0
####cord#####,conchrd,coucher,0.033559,cordage,0.017532,0,0
####coui#####,coucoin,coucher,0.056970,couiner,0.001494,0,0
####déci#####,décrdco,décence,0.335560,décimer,0.038954,0,0
####drog#####,doggago,dresser,0.011414,droguer,0.004546,0,0
####éché#####,échééhé,échéant,0.068126,échéant,0.068126,0,0
####épau#####,épapeau,épanoui,0.062508,épauler,0.020592,0,0
####exhu#####,exhheux,exhaler,0.098560,exhumer,0.070279,0,0
####jong#####,joggiau,jongler,0.205805,jongler,0.205805,0,0
####truf#####,tuutfru,toucher,0.041095,truffer,0.018430,0,0
####vant#####,vonvant,mouvant,0.032991,vantail,0.003104,0,0
####veng#####,veïveng,vengeur,0.170800,vengeur,0.170800,0,0
####affa#####,ffffaaf,effrayé,0.063186,affable,0.012857,0,0
####bafo#####,bafroac,bariolé,0.014081,bafouer,0.000982,0,0
####bido#####,biboboo,bourbon,0.139505,bidoche,0.004985,0,0
####cass#####,cassaas,cassant,0.286218,cassure,0.036641,0,0
####comm#####,commman,comique,0.071889,commère,0.005975,0,0
####croû#####,croûcro,croître,0.014107,croûton,0.001630,0,0
####donn#####,donrçnn,désigné,0.007033,donnant,0.004101,0,0
####écus#####,écuéevé,écusson,0.077923,écusson,0.077923,0,0
####éduq#####,ééqqquu,étriqué,0.005153,éduquer,0.001961,0,0
####empo#####,emmeeoo,gamelle,0.006173,emporté,0.000072,0,0
####étoi#####,ééortti,étourdi,0.007708,étoiler,0.000305,0,0
####étri#####,ééirtêi,élément,0.000817,étriqué,0.000283,0,0
####frit#####,frifirt,forfait,0.035826,friture,0.004162,0,0
####hail#####,hhilaii,hurlant,0.033338,haillon,0.016040,0,0
####lutt#####,luttltt,lutteur,0.399654,lutteur,0.399654,0,0
####poul#####,poupelu,coupole,0.057453,poulain,0.002734,0,0
####recu#####,recuecu,recueil,0.022837,recueil,0.022837,0,0
####réfé#####,rééréré,effréné,0.005641,référer,0.000058,0,0
####rizi#####,zizrpro,zingaro,0.014714,rizière,0.002013,0,0
####samo#####,samsços,sanglot,0.014102,samovar,0.002945,0,0
####sang#####,saggann,élégant,0.029267,sanguin,0.000169,0,0
####sult#####,sussttt,sursaut,0.041824,sultane,0.000225,0,0
####terr#####,tetrter,trotter,0.230584,terreau,0.000049,0,0
####trap#####,traparo,rempart,0.005588,trapèze,0.001908,0,0
####west#####,weâters,content,0.010701,western,0.001025,0,0
####abso#####,absrbos,autobus,0.008161,absorbé,0.000243,0,0
####affa#####,ffffaaf,effrayé,0.063186,affamer,0.006916,0,0
####brig#####,brggaro,brigade,0.062747,brigand,0.036571,0,0
####calè#####,calchal,carreau,0.008717,calèche,0.003642,0,0
####cale#####,callcal,cailler,0.010570,calepin,0.001239,0,0
####cita#####,cicacao,civière,0.007130,citadin,0.004654,0,0
####cons#####,concoon,censure,0.018811,console,0.017169,0,0
####crac#####,crccaal,crucial,0.042054,crachat,0.021159,0,0
####déme#####,dédrdde,déduire,0.009808,démener,0.000333,0,0
####dépa#####,dépparé,dépassé,0.017897,dépassé,0.017897,0,0
####écoe#####,éccrepé,élément,0.006781,écoeuré,0.000622,0,0
####embr#####,emberbé,immense,0.029005,embryon,0.004880,0,0
####glac#####,glôcaao,glacial,0.161574,glacier,0.003123,0,0
####infa#####,féiaiai,falaise,0.023775,infamie,0.000199,0,0
####lang#####,laggnau,langage,0.092134,languir,0.007271,0,0
####mame#####,mammame,murmure,0.040864,mamelle,0.034582,0,0
####matr#####,maartay,mourant,0.028877,matrone,0.001645,0,0
####méan#####,méamaan,médical,0.005997,méandre,0.003469,0,0
####néne#####,nnnnnne,antenne,0.008732,nénette,0.000086,0,0
####rece#####,recrece,décence,0.013149,receler,0.000155,0,0
####révi#####,révrévé,réviser,0.060640,réviser,0.060640,0,0
####tato#####,tatttao,trotter,0.013661,tatouer,0.004991,0,0
####tran#####,trataan,tentant,0.033656,tranché,0.000184,0,0
####affû#####,afffaad,effrayé,0.085726,affûter,0.007998,0,0
####atti#####,atttaai,attaque,0.009081,attiser,0.006573,0,0
####cell#####,clnlell,couleur,0.018884,cellier,0.001868,0,0
####comb#####,combbro,combler,0.354727,combiné,0.054242,0,0
####coro#####,conocoo,cocotte,0.008837,corolle,0.005443,0,0
####défo#####,dédrdré,déduire,0.017834,déformé,0.000838,0,0
####dégu#####,déguguu,dégager,0.103362,déguisé,0.031350,0,0
####ébré#####,ébbébré,ébréché,0.024829,ébréché,0.024829,0,0
####empr#####,emmrpyr,pourpre,0.022944,emprise,0.000508,0,0
####équi#####,équqqui,frusque,0.029613,équipée,0.002618,0,0
####fact#####,factact,feutrer,0.009495,factice,0.003436,0,0
####flip#####,fiilfro,faillir,0.096579,flipper,0.012843,0,0
####fran#####,frafaan,forfait,0.024023,franger,0.000182,0,0
####nave#####,nnvneae,nervure,0.004696,navette,0.003731,0,0
####orai#####,oraoiai,remblai,0.015755,oraison,0.001773,0,0
####poir#####,poiroio,poireau,0.052328,poirier,0.029397,0,0
####prun#####,pruppnu,peupler,0.137790,pruneau,0.001764,0,0
####répu#####,répuppé,réputer,0.061105,réputer,0.061105,0,0
####rude#####,ruvrude,commune,0.001828,rudesse,0.000135,0,0
####serv#####,sevvevs,serveur,0.081511,servile,0.005442,0,0
####blin#####,blûbzon,barbelé,0.019383,blinder,0.000843,0,0
####clav#####,claviau,clavier,0.654664,clavier,0.654664,0,1
####dési#####,désidrs,déduire,0.029711,désigné,0.018001,0,0
####dévi#####,dévrdro,dévider,0.193855,dévider,0.193855,0,0
####devi#####,diveedf,déduire,0.048676,deviser,0.004253,0,0
####écor#####,écoréré,éperdre,0.021445,écorché,0.001108,0,0
####enfo#####,effonon,baroque,0.000677,enfoncé,0.000490,0,0
####ente#####,eetentt,parenté,0.004882,enterré,0.000102,0,0
####étou#####,émottué,écouter,0.035791,étourdi,0.000633,0,0
####figu#####,figugif,engager,0.020211,figuier,0.009110,0,0
####lisi#####,lisleis,taillis,0.016123,lisible,0.003789,0,0
####minu#####,minueun,miauler,0.022393,minutie,0.009187,0,0
####para#####,papaaao,chapeau,0.005093,parader,0.000484,0,0
####pico#####,picpppo,proprio,0.083240,picorer,0.014523,0,0
####pous#####,pouporn,peupler,0.039542,poussif,0.001976,0,0
####vene#####,veïeene,varenne,0.028104,venelle,0.001378,0,0
####ameu#####,amaueam,accueil,0.007627,ameuter,0.001725,0,0
####camb#####,cambbrd,cambrer,0.181536,cambrer,0.181536,0,0
####cens#####,censenn,cerceau,0.147904,censure,0.011808,0,0
####cézi#####,céccpro,célèbre,0.004981,cézigue,0.002743,0,0
####cula#####,culcbau,culture,0.041267,culasse,0.032441,0,0
####cycl#####,cyclcal,cyclone,0.189069,cyclone,0.189069,0,0
####danc#####,daccand,douceur,0.028608,dancing,0.010041,0,0
####débo#####,dédrbré,délabré,0.045017,déboire,0.001611,0,0
####doui#####,doudori,douille,0.065642,douille,0.065642,0,0
####emme#####,emmeeme,comment,0.012121,emmerde,0.006210,0,0
####incl#####,inclial,initial,0.006067,inclure,0.000713,0,0
####maca#####,macraal,macadam,0.001191,macabre,0.000019,0,0
####mélo#####,mémoooo,mémoire,0.021689,mélopée,0.005036,0,0
####modé#####,momééro,torpédo,0.001976,modérer,0.001528,0,0
####mous#####,moumoos,mouette,0.003970,mousser,0.000362,0,0
####pala#####,pappaau,chapeau,0.010591,palabre,0.002166,0,0
####pate#####,pateaat,palette,0.002680,patelin,0.000679,0,0
####peli#####,pepppaf,peupler,0.283501,pelisse,0.006020,0,0
####peur#####,peupeux,peureux,0.298953,peureux,0.298953,0,0
####poiv#####,poivovo,convive,0.199803,poivrot,0.067122,0,0
####rain#####,rairain,parrain,0.012521,rainure,0.000015,0,0
####sail#####,sailail,sailler,0.209328,saillir,0.020194,0,0
####triv#####,trivvro,toiture,0.234416,trivial,0.084311,0,0
####aném#####,amémané,attaché,0.001721,anémone,0.000931,0,0
####anne#####,aaïenne,colonne,0.029638,annexer,0.000023,0,0
####bigo#####,bigobro,bégayer,0.094193,bigoudi,0.017715,0,0
####cajo#####,cajocau,carreau,0.013053,cajoler,0.004143,0,0
####cons#####,concoon,censure,0.018811,constat,0.001891,0,0
####crap#####,crappro,frapper,0.145832,crapule,0.022343,0,0
####délo#####,déddooo,déduire,0.013763,déloger,0.000997,0,0
####fort#####,fouffrt,confort,0.012635,fortuné,0.000089,0,0
####huss#####,hussurs,hussard,0.280931,hussard,0.280931,0,0
####quat#####,qoaquat,adéquat,0.032762,quatuor,0.013707,0,0
####raci#####,rrcrcci,décence,0.011241,raciste,0.000103,0,0
####risi#####,risreis,biscuit,0.022633,risible,0.000562,0,0
####truq#####,tuutqru,tréteau,0.021117,truquer,0.019976,0,0
####adop#####,adoparo,léopard,0.017329,adoptif,0.001597,0,0
####affi#####,ffffaaf,effrayé,0.079662,affiner,0.001383,0,0
####agil#####,aaglagl,anglais,0.008879,agilité,0.000205,0,0
####cara#####,caraaal,cadavre,0.009769,caramel,0.000600,0,0
####carn#####,caccann,cerceau,0.032555,carnage,0.000223,0,0
####char#####,charhon,cracher,0.127176,chardon,0.023982,0,0
####cuis#####,cuicuvs,crisper,0.021210,cuisson,0.003143,0,0
####déco#####,décocro,décorer,0.199695,découpé,0.017911,0,0
####élev#####,ééeelvà,réservé,0.004174,élevage,0.001324,0,0
####émil#####,éémrial,éternel,0.003657,émilien,0.000165,0,0
####fort#####,fouffrt,confort,0.012635,fortuit,0.007015,0,0
####orga#####,oogaaao,orgasme,0.024532,orgasme,0.024532,0,0
####pelo#####,penpplo,peupler,0.163051,peloter,0.001409,0,0
####pill#####,pippill,pimpant,0.067846,pillage,0.031095,0,0
####sura#####,sursaau,sursaut,0.012948,suraigu,0.000794,0,0
####tour#####,toutouo,toucher,0.014457,tournoi,0.004249,0,0
####trog#####,trotaro,trotter,0.085691,trognon,0.019890,0,0
####valo#####,vavvoal,voiture,0.016231,valoche,0.014469,0,0
####vani#####,vievani,versant,0.007826,vanille,0.000184,0,0
####comp#####,comppro,compère,0.166887,compote,0.010417,0,0
####écho#####,échhhoi,échelon,0.014801,échoppe,0.004025,0,0
####émig#####,émgrggi,émerger,0.044535,émigrer,0.006354,0,0
####engr#####,gngrner,argenté,0.033842,engrais,0.005624,0,0
####flam#####,flamôaé,flamber,0.174302,flambée,0.101132,0,0
####fleu#####,fleuelx,fleurer,0.174067,fleurer,0.174067,0,0
####gigo#####,gigogio,gigoter,0.617048,gigoter,0.617048,0,1
####insi#####,insiiss,confins,0.007068,insigne,0.000836,0,0
####mout#####,moumert,mouette,0.018084,moutard,0.001517,0,0
####myri#####,myriwmi,myriade,0.046516,myriade,0.046516,0,0
####osse#####,oososse,colosse,0.164902,osselet,0.000005,0,0
####plat#####,plptaat,plateau,0.042854,platine,0.004275,0,0
####rail#####,rririal,anormal,0.007180,railler,0.000052,0,0
####repa#####,rêpppau,flipper,0.014464,repaire,0.000166,0,0
####sail#####,sailail,sailler,0.209328,sailler,0.209328,0,0
####sauv#####,sauvevu,sauveur,0.040546,sauveur,0.040546,0,0
####terr#####,tetrter,trotter,0.230584,terrine,0.000003,0,0
####avar#####,avarvaa,amarrer,0.012230,avarice,0.010360,0,0
####blag#####,blggeau,blanche,0.052726,blaguer,0.024792,0,0
####camp#####,camppru,compère,0.177685,camping,0.022530,0,0
####cass#####,cassaas,cassant,0.286218,casseur,0.057020,0,0
####conc#####,conchcu,concile,0.099631,concept,0.009649,0,0
####crém#####,crécrré,ceindre,0.007932,crémeux,0.000164,0,0
####domp#####,dompord,dompter,0.671658,dompter,0.671658,0,1
####fais#####,faisaas,faiseur,0.184414,faiseur,0.184414,0,0
####frus#####,fruffrs,frusque,0.088808,frusque,0.088808,0,0
####gris#####,grigrès,glisser,0.024942,grisant,0.009728,0,0
####hame#####,hamhege,hommage,0.008683,hameçon,0.001343,0,0
####madr#####,mmarard,mourant,0.027622,madrier,0.003027,0,0
####nerv#####,nnvvner,nouveau,0.062976,nervure,0.044281,0,0
####occu#####,ooccecu,cocotte,0.007119,occulte,0.003598,0,0
####offe#####,fffffye,chiffre,0.006149,offense,0.001684,0,0
####opti#####,ootpiti,omettre,0.002931,optique,0.000716,0,0
####orfè#####,orfèorf,météore,0.006488,orfèvre,0.002673,0,0
####péro#####,pépppro,proprio,0.037735,pérorer,0.009343,0,0
####pota#####,popaaat,contrat,0.014064,potager,0.000790,0,0
####remu#####,remuemu,contenu,0.003587,remuant,0.000042,0,0
####sadi#####,sadsais,effrayé,0.002040,sadique,0.000091,0,0
####soul#####,souleol,soulier,0.033758,soulevé,0.005958,0,0
####vamp#####,vamparu,rempart,0.166973,vampire,0.056519,0,0
####voli#####,voovvii,voiture,0.050416,volière,0.012213,0,0
####alvé#####,alveéaé,réservé,0.008755,alvéole,0.000552,0,0
####bras#####,brasean,briller,0.014689,brassée,0.001621,0,0
####calc#####,cacccal,cerceau,0.131385,calciné,0.002620,0,0
####caps#####,cappaps,capsule,0.051239,capsule,0.051239,0,0
####clém#####,clômimé,cligner,0.021673,clément,0.012226,0,0
####débi#####,dédrdré,déduire,0.007965,débiner,0.000883,0,0
####déga#####,dégaaad,dégager,0.191217,dégaine,0.117127,0,0
####ébat#####,égbtaat,élégant,0.004770,ébattre,0.000300,0,0
####éjec#####,ééceecé,justice,0.030763,éjecter,0.000451,0,0
####embû#####,embeemn,emmener,0.022893,embûche,0.009804,0,0
####envo#####,envveos,inverse,0.028659,envolée,0.002591,0,0
####exéc#####,exéeecé,excepté,0.045692,exécrer,0.004215,0,0
####face#####,facrace,fondant,0.006068,facette,0.000977,0,0
####fert#####,fenfert,forfait,0.048420,fertile,0.000144,0,0
####fili#####,filfeif,fiction,0.030991,filière,0.016136,0,0
####grio#####,grgoroo,gigoter,0.122413,griotte,0.005860,0,0
####mail#####,maimaal,brimade,0.007930,maillon,0.000229,0,0
####mass#####,massaas,matelas,0.023044,massage,0.017274,0,0
####ouvr#####,oovrrur,ouvrage,0.049158,ouvrant,0.019067,0,0
####pren#####,preppnn,pourpre,0.023879,prenant,0.000403,0,0
####supp#####,suppppé,frapper,0.061840,supposé,0.045452,0,0
####tent#####,tentenu,contenu,0.007969,tentant,0.000251,0,0
####trin#####,tritaon,trotter,0.065716,tringle,0.000840,0,0
####vétu#####,vétutté,vétuste,0.144446,vétuste,0.144446,0,0
####voui#####,vouvori,couvert,0.115440,vouivre,0.112609,0,0
####vril#####,viilail,vouloir,0.042614,vriller,0.006917,0,0
####albâ#####,albâbaé,libéral,0.020202,albâtre,0.005838,0,0
####atta#####,attaaau,attaque,0.027410,attardé,0.005305,0,0
####bran#####,brabzan,artisan,0.020902,branque,0.003274,0,0
####chal#####,chachal,crachat,0.070496,chaland,0.003886,0,0
####conc#####,conchcu,concile,0.099631,concile,0.099631,0,0
####éclu#####,écuceaé,écusson,0.002434,écluser,0.000080,0,0
####effr#####,fffrfek,affreux,0.048466,effréné,0.009993,0,0
####frég#####,fréffré,partagé,0.002845,frégate,0.000040,0,0
####inan#####,inanian,inonder,0.004157,inanimé,0.003912,0,0
####inde#####,indeide,candide,0.011056,indemne,0.000042,0,0
####loya#####,loyayao,loyauté,0.011825,loyauté,0.011825,0,0
####lyri#####,lyrllyo,amollir,0.023929,lyrisme,0.012357,0,0
####plur#####,plupuru,peupler,0.166879,pluriel,0.000816,0,0
####rent#####,reetent,revient,0.010387,rentier,0.000002,0,0
####sabl#####,sablaas,torsade,0.005084,sablier,0.001452,0,0
####tors#####,toottrs,trotter,0.067404,torsion,0.002735,0,0
####verm#####,vemmvrg,vermine,0.088286,vermeil,0.048781,0,0
####appo#####,apppppo,frapper,0.075500,apposer,0.000488,0,0
####best#####,bessert,berceau,0.011588,bestial,0.001437,0,0
####bibi#####,bibbban,bourbon,0.149325,bibiche,0.060970,0,0
####bleu#####,bleublu,bleuter,0.051740,bleuter,0.051740,0,0
####bouf#####,boujerx,boudeur,0.016167,bouffir,0.001214,0,0
####buve#####,buveule,buvette,0.129685,buvette,0.129685,0,0
####cais#####,caisaas,caisson,0.057206,caisson,0.057206,0,0
####dall#####,dlalall,douleur,0.193636,dallage,0.046949,0,0
####décé#####,décéécé,décéder,0.230135,décéder,0.230135,0,0
####déch#####,décrhhd,détaché,0.081624,déchoir,0.002212,0,0
####dése#####,désedre,désoler,0.047244,déserté,0.012218,0,0
####épar#####,éparpao,éperdre,0.094771,épargne,0.017079,0,0
####flir#####,fiilfir,faillir,0.110031,flirter,0.012725,0,0
####ince#####,incince,inciter,0.008818,inceste,0.004151,0,0
####loub#####,loubeou,caillou,0.003762,loubard,0.002238,0,0
####luze#####,luzeuge,luzerne,0.360097,luzerne,0.360097,0,0
####mang#####,mammagg,chômage,0.020974,mangeur,0.000019,0,0
####nace#####,nncnnce,adonner,0.018641,nacelle,0.000048,0,0
####pomm#####,pommçon,pommeau,0.059160,pommade,0.010894,0,0
####pous#####,pouporn,peupler,0.039542,poussin,0.001126,0,0
####récu#####,récuépé,récurer,0.013339,récuser,0.009502,0,0
####revo#####,revvrvà,dévorer,0.276090,revoilà,0.013947,0,0
####roug#####,rougagu,louange,0.051021,rougeur,0.002599,0,0
####adju#####,aauuaau,bestiau,0.018714,adjurer,0.000457,0,0
####band#####,banband,barbare,0.106873,bandage,0.004257,0,0
####bara#####,banaaau,barbare,0.009102,baratin,0.000136,0,0
####beur#####,beureur,boudeur,0.051330,beurrer,0.008271,0,0
####écai#####,éccriai,éclairé,0.004474,écaillé,0.000039,0,0
####écue#####,écuéeuu,écuelle,0.018595,écuelle,0.018595,0,0
####ento#####,eeteeot,excepté,0.002091,entouré,0.000009,0,0
####idio#####,iiioddo,torpédo,0.009329,idiotie,0.000193,0,0
####méla#####,mélmaal,médical,0.046128,mélangé,0.002191,0,0
####mété#####,mémétté,répéter,0.030654,météore,0.006641,0,0
####miss#####,misssos,mission,0.078610,missive,0.022819,0,0
####pieu#####,piepeux,pimpant,0.013487,pieuvre,0.012461,0,0
####préf#####,prêpfré,préféré,0.085759,préface,0.000201,0,0
####raci#####,rrcrcci,décence,0.011241,racisme,0.000084,0,0
####révo#####,révoévé,dévorer,0.182010,révolté,0.004379,0,0
####ripo#####,répppoo,proprio,0.133611,riposte,0.000191,0,0
####visc#####,viscirs,viscère,0.121289,viscère,0.121289,0,0
####agen#####,ageçagn,effrayé,0.001953,agencer,0.000088,0,0
####arri#####,aariiri,affaire,0.006410,arrimer,0.000015,0,0
####brim#####,bribwrn,barbier,0.039621,brimade,0.001298,0,0
####cail#####,cailaal,cailler,0.091533,cailler,0.091533,0,0
####chan#####,chachon,chanson,0.097534,chanvre,0.001691,0,0
####coul#####,couceol,coulant,0.178979,coulant,0.178979,0,0
####cruc#####,cruchru,crucial,0.159401,crucial,0.159401,0,0
####écha#####,échahau,écharpe,0.022274,écharde,0.001673,0,0
####empi#####,eêmepyi,démenti,0.018107,empirer,0.000025,0,0
####fich#####,fichchd,bibiche,0.032506,fichier,0.002581,0,0
####fria#####,frifari,fanfare,0.149094,friable,0.000915,0,0
####gâte#####,gâtetae,gâterie,0.719496,gâterie,0.719496,0,1
####goél#####,goglûgé,geindre,0.007507,goéland,0.005447,0,0
####insu#####,insniau,bestiau,0.015976,insurgé,0.000217,0,0
####klee#####,kleeiee,fleurer,0.018902,kleenex,0.018613,0,0
####mont#####,mommtot,complot,0.015715,montage,0.000124,0,0
####morf#####,morfror,morfler,0.191929,morfler,0.191929,0,0
####pioc#####,piopico,pompier,0.042562,piocher,0.010824,0,0
####plan#####,plalaau,plateau,0.031776,planton,0.002381,0,0
####prél#####,prpprré,peupler,0.011378,prélude,0.000277,0,0
####rabo#####,raboroo,caporal,0.001999,raboter,0.000424,0,0
####rebo#####,rebrron,rebours,0.005942,rebours,0.005942,0,0
####récr#####,récrécé,recréer,0.169820,récrier,0.001184,0,0
####rong#####,roggrgn,chagrin,0.010977,rongeur,0.000480,0,0
####terr#####,tetrter,trotter,0.230584,terrier,0.002381,0,0
####théi#####,htttihé,attaché,0.008636,théière,0.000041,0,0
####torp#####,totppro,toiture,0.083967,torpédo,0.032724,0,0
####tors#####,toottrs,trotter,0.067404,torsade,0.004636,0,0
####végé#####,végégvé,végéter,0.040344,végéter,0.040344,0,0
####affe#####,ffffaae,affreux,0.011924,affecté,0.000507,0,0
####aven#####,aveeane,avenant,0.123890,avenant,0.123890,0,0
####cail#####,cailaal,cailler,0.091533,caillot,0.009090,0,0
####casa#####,casaaas,casaque,0.039148,casaque,0.039148,0,0
####clap#####,clappau,clapier,0.449928,clapier,0.449928,0,0
####coca#####,cocccau,coincer,0.078442,cocasse,0.034447,0,0
####déce#####,décrcce,décence,0.612202,décence,0.612202,0,1
####déla#####,déaaaad,délicat,0.008882,délayer,0.007855,0,0
####déva#####,dévaaaa,dévaler,0.090094,dévasté,0.012484,0,0
####ento#####,eeteeot,excepté,0.002091,entorse,0.000009,0,0
####gour#####,gouguur,rougeur,0.031651,gourdin,0.003562,0,0
####immi#####,mimiidi,meurtri,0.008373,immigré,0.000362,0,0
####impr#####,imprpro,pourpre,0.101391,imprimé,0.001396,0,0
####mari#####,marmwai,murmure,0.072316,mariner,0.000804,0,0
####mézi#####,mémriri,mémoire,0.040873,mézigue,0.014543,0,0
####ondo#####,oodoood,horloge,0.004304,ondoyer,0.000185,0,0
####pénu#####,pénupuu,pénurie,0.440715,pénurie,0.440715,0,0
####poir#####,poiroio,poireau,0.052328,poireau,0.052328,0,0
####prof#####,propfro,proprio,0.024585,profane,0.009019,0,0
####ramp#####,ramppay,compère,0.025469,rampant,0.001311,0,0
####récu#####,récuépé,récurer,0.013339,récurer,0.013339,0,0
####saig#####,saggags,brigade,0.010864,saignée,0.001954,0,0
####sent#####,sensenn,présent,0.029392,sentant,0.000033,0,0
####typi#####,dôtppao,retaper,0.136003,typique,0.004836,0,0
####veuv#####,veuvevu,veuvage,0.270253,veuvage,0.270253,0,0
####amoc#####,amoaaac,artisan,0.001630,amocher,0.000115,0,0
####ampu#####,amppppu,pourpre,0.013363,amputer,0.001187,0,0
####assi#####,aassiss,bassine,0.004067,assiégé,0.000028,0,0
####beig#####,beibegi,bégayer,0.026486,beignet,0.008767,0,0
####cass#####,cassaas,cassant,0.286218,cassant,0.286218,0,0
####cerc#####,ceccecr,cerceau,0.031288,cerceau,0.031288,0,0
####dent#####,dontenn,donnant,0.009303,dentier,0.001923,0,0
####enrô#####,eneneôx,anxieux,0.003639,enrôler,0.000843,0,0
####gori#####,gogggio,gigoter,0.012287,gorille,0.010347,0,0
####impu#####,iiprpmu,pourpre,0.026170,imputer,0.000035,0,0
####null#####,nlnneal,pluriel,0.008442,nullité,0.000374,0,0
####pass#####,passaas,pensant,0.021676,passeur,0.001121,0,0
####péto#####,pépptot,pécheur,0.023669,pétoche,0.005351,0,0
####sabo#####,sassaon,caisson,0.003704,saboter,0.000111,0,0
####scoo#####,soosooo,prostré,0.014205,scooter,0.000108,0,0
####souf#####,sousars,amusant,0.005064,soufflé,0.000069,0,0
####zyeu#####,zyzyyau,zyeuter,0.441625,zyeuter,0.441625,0,0
####acco#####,accccac,macadam,0.005634,accoler,0.000885,0,0
####audi#####,auadaui,autobus,0.003258,audible,0.000308,0,0
####bary#####,banyyar,bruyère,0.100718,baryton,0.036224,0,0
####bast#####,baûtaat,battant,0.010771,bastion,0.000253,0,0
####bouf#####,boujerx,boudeur,0.016167,bouffon,0.002087,0,0
####chiq#####,chiqchs,ceindre,0.006751,chiquer,0.000910,0,0
####chop#####,chophpo,clocher,0.560937,chopine,0.016677,0,0
####conq#####,conccon,concile,0.012674,conquis,0.000596,0,0
####déme#####,dédrdde,déduire,0.009808,démenti,0.000719,0,0
####dent#####,dontenn,donnant,0.009303,dentelé,0.001663,0,0
####éber#####,ébbrber,courber,0.071504,éberlué,0.002947,0,0
####ébou#####,ébojbui,éboueur,0.464146,éboueur,0.464146,0,0
####fond#####,fonfand,ronfler,0.032336,fondant,0.001501,0,0
####léop#####,léoppro,lampion,0.039205,léopard,0.037957,0,0
####linc#####,licliau,licence,0.018082,linceul,0.000191,0,0
####méni#####,mémmiai,mériter,0.030360,méninge,0.001602,0,0
####mord#####,mommrdd,moisson,0.014505,mordant,0.002669,0,0
####moul#####,moumoll,mouette,0.005915,moulure,0.000991,0,0
####navr#####,nnvnerr,navrant,0.020776,navrant,0.020776,0,0
####négl#####,néglngé,légende,0.008176,négligé,0.007220,0,0
####pita#####,pipatat,pitance,0.040694,pitance,0.040694,0,0
####plom#####,poomhoo,plomber,0.229206,plomber,0.229206,0,0
####plum#####,plumeau,plumeau,0.291103,plumeau,0.291103,0,0
####romb#####,rombroo,sombrer,0.127425,rombier,0.001415,0,0
####ambi#####,ambrbai,meurtri,0.009185,ambigüe,0.000182,0,0
