0.09243532,0.00704760,0.10625731,0.09531356,0.99208027,0.84632790,0.00024680,0.90019238,0.93015701,0.00327500,0.00519813,0.21439406,0.97738469,0.46305573,0.10437440,0.00628428,0.33330554,0.04499473,0.94778472,0.01100156,0.00111676,0.82905728,0.93707401,0.29966822,0.00014554,0.00013609,0.00612442,0.00123607,0.00108792,0.62211233,0.00435458,0.00131873,0.12586318,0.58105266,0.04578038,0.62756264,0.16658959,0.00015791,0.37490454,0.09465203,0.82617325,0.53712165,0.08136811,0.72962475,0.00053138,0.10883551,0.17962456,0.21047464,0.07082298,0.01621849,0.15586591,0.85517216,0.94168150,0.76000196,0.00322647,0.98799324,0.75179875,0.00008569,0.01931071,0.03571676,0.78959775,0.52263880,0.02560917,0.99999917,0.06084992,0.00176238,0.38141364,0.10712482,0.13707106,0.97969532,0.04851180,0.00587708,0.61737734,0.00166128,0.00197495,0.27422935,0.18621738,0.87703645,0.33600032,0.60201681,0.81961918,0.33054945,0.04469406,0.11020777,0.39246139,0.02119149,0.14541517,0.02801121,0.12008659,0.89441729,0.00043793,0.37023139,0.05038365,0.00265441,0.17900538,0.07360887,0.00340500,0.00360735,0.33041850,0.00066594,0.09825567,0.47056201,0.93883514,0.31265929,0.33727714,0.00191190,0.01235593,0.00382905,0.39594373,0.88438457,0.26066738,0.01968980,0.00157764,0.78506881,0.00012307,0.27967656,0.74430370,0.34110942,0.27905595
0.06098538,0.07579631,0.21675624,0.00466261,0.98637432,0.58171290,0.00007951,0.83328080,0.09122943,0.00187954,0.57366818,0.91264313,0.06853229,0.86276120,0.31381577,0.00066308,0.39478886,0.04175881,0.97147900,0.00116117,0.00605166,0.66814029,0.51726729,0.22862963,0.00034073,0.00316337,0.00086239,0.00038866,0.00761432,0.88479066,0.05276333,0.26314643,0.34883043,0.90921074,0.00049585,0.61962020,0.66504335,0.16134034,0.10116450,0.13067216,0.90076214,0.32742515,0.06026755,0.48554429,0.00122947,0.01062138,0.35093114,0.11771394,0.15029591,0.01410784,0.23541979,0.38843372,0.01320181,0.45705065,0.00188643,0.07131995,0.67982292,0.00000616,0.02416682,0.05202238,0.98961568,0.00344284,0.12413874,0.99989969,0.22876216,0.27996415,0.57335818,0.16685595,0.47774258,0.99512380,0.25913492,0.03613631,0.00003191,0.33018717,0.00026742,0.96259785,0.75068229,0.96677065,0.17811418,0.25860730,0.93589169,0.41280475,0.22531012,0.35735703,0.71941918,0.08979799,0.03633709,0.05129981,0.29677400,0.00621653,0.00000002,0.08826704,0.55575264,0.00190997,0.04761881,0.14502835,0.02186826,0.00823621,0.19794916,0.00009604,0.02457868,0.65307975,0.08042901,0.28596199,0.78829318,0.15526758,0.00000065,0.14721465,0.02090846,0.90641433,0.49108884,0.02635382,0.28853029,0.97859621,0.00000648,0.34573019,0.90851712,0.43791041,0.25693399
0.07649882,0.02374024,0.32622427,0.00004900,0.89090002,0.43074897,0.00033158,0.85369331,0.83193558,0.06067561,0.01498778,0.00009342,0.21959171,0.75854862,0.18765903,0.00005417,0.48677835,0.05206454,0.97501040,0.51622218,0.00647710,0.70545185,0.00324006,0.37511808,0.00118559,0.00497351,0.00021771,0.00532212,0.25186226,0.02039009,0.41364425,0.84777832,0.42538464,0.77314228,0.06214846,0.49578047,0.82503265,0.00015171,0.07585212,0.15616365,0.87492853,0.41775358,0.15971388,0.22157878,0.01529972,0.01651744,0.21605118,0.08116540,0.32032797,0.01434113,0.25871697,0.00956056,0.89284730,0.71242201,0.04598119,0.01204329,0.59903687,0.00053851,0.00220413,0.11959691,0.89280629,0.87252939,0.47036216,0.99794573,0.10377014,0.00072731,0.43861872,0.25446701,0.56593347,0.79704267,0.45431951,0.01827138,0.73251224,0.00889460,0.00130742,0.11616883,0.00234743,0.91306019,0.03209678,0.28455976,0.98073292,0.25313210,0.59999532,0.53694803,0.64471602,0.23880130,0.02967028,0.11557079,0.21050045,0.91415066,0.00000310,0.06858625,0.42196310,0.07832465,0.05469360,0.25634342,0.22199482,0.01728553,0.21041162,0.00134146,0.09697906,0.39159116,0.91915673,0.13271509,0.77256364,0.82286209,0.00000061,0.40323886,0.00033430,0.87989056,0.41284654,0.07263464,0.03324149,0.92665642,0.00012787,0.13828175,0.77869421,0.48026529,0.39829051
0.02621980,0.04297739,0.35570145,0.03476305,0.83553135,0.66503757,0.00222684,0.79616141,0.12855566,0.00215840,0.06860568,0.96613038,0.97315472,0.76886332,0.17559300,0.00354066,0.54955882,0.04966727,0.87075579,0.76927912,0.12476975,0.78584218,0.00444907,0.24043094,0.00711591,0.05850370,0.00068504,0.17161246,0.39606097,0.58446264,0.39088976,0.01422320,0.01529259,0.79969126,0.08221462,0.45020729,0.21917993,0.18389769,0.08720449,0.34168339,0.59608978,0.35055783,0.10507210,0.24303046,0.01429586,0.56769907,0.12954305,0.07570759,0.16194703,0.21605140,0.02329804,0.13491800,0.03056463,0.63496637,0.00837013,0.98078936,0.64206535,0.00072584,0.00037644,0.13597013,0.24998261,0.00102146,0.38001448,0.92850113,0.06613020,0.24474348,0.34366632,0.41982204,0.06498300,0.24614978,0.35856536,0.05415116,0.00129122,0.12861700,0.02794433,0.01045995,0.00027284,0.69643050,0.04096007,0.24875352,0.59795296,0.47207052,0.71217984,0.41043237,0.61644435,0.27680174,0.11404307,0.18375959,0.38950503,0.03724163,0.00399652,0.19872099,0.55081731,0.01807328,0.19088139,0.29169929,0.27901822,0.04384085,0.16247527,0.00292097,0.05388041,0.15515287,0.06123356,0.10046937,0.88589370,0.00828168,0.00001657,0.47911704,0.07891046,0.37693831,0.62717944,0.11694861,0.01365004,0.67259264,0.00151971,0.17105150,0.38504362,0.44218403,0.49658644
0.05599580,0.13787393,0.48249134,0.27043551,0.82564187,0.01754683,0.00446854,0.61207294,0.49950147,0.00143064,0.05359813,0.00070405,0.25647268,0.56984818,0.27839842,0.05262841,0.42799518,0.03239178,0.87207127,0.00934552,0.03740719,0.67555606,0.31423351,0.65092278,0.08740029,0.00236669,0.00303075,0.02015564,0.01879378,0.51419824,0.01099354,0.00062884,0.00140944,0.62174010,0.08018307,0.63541204,0.21435419,0.00115189,0.05827658,0.19872566,0.44132152,0.36808491,0.15315849,0.24396405,0.14364749,0.52872336,0.27967727,0.37438828,0.01774548,0.34950161,0.06548543,0.45560926,0.80708963,0.42153624,0.03068538,0.18512076,0.61545247,0.00240349,0.00490850,0.34997499,0.01695852,0.89665747,0.12902074,0.69777942,0.15296800,0.00048924,0.65462577,0.12918665,0.32370570,0.19662294,0.38448331,0.07990130,0.03048769,0.00324642,0.06128189,0.01866168,0.42410409,0.54793382,0.05140579,0.36700562,0.02902939,0.30577645,0.29907161,0.65415061,0.42847398,0.50649512,0.00914716,0.09643258,0.36568290,0.83183497,0.04975193,0.04027896,0.10924724,0.01035236,0.34011811,0.29847699,0.39837068,0.19353117,0.51537567,0.01212090,0.17864019,0.39889136,0.71265447,0.11296378,0.76430523,0.00014595,0.00000211,0.04960056,0.21232980,0.24280065,0.49137700,0.16300251,0.29495209,0.04761593,0.00924206,0.09687030,0.65210551,0.24206701,0.55061662
0.02954824,0.23020133,0.59212309,0.06675588,0.69583702,0.00625952,0.00718903,0.61043620,0.06002576,0.00471875,0.01282982,0.57177091,0.01154170,0.34854683,0.17495535,0.01721033,0.38234568,0.01828008,0.78418690,0.00057040,0.02539492,0.55504000,0.49209240,0.52689666,0.00716346,0.00027648,0.00325549,0.00809141,0.00789361,0.09929114,0.00101605,0.04617306,0.00058078,0.58587778,0.18756500,0.71691561,0.16529079,0.06720629,0.04955345,0.07719873,0.60718948,0.40150264,0.27066228,0.29804221,0.45687231,0.49696404,0.26965830,0.43845117,0.00218600,0.26538447,0.38917208,0.56451792,0.02834744,0.30103236,0.03264038,0.02443943,0.53022110,0.00148798,0.01570193,0.09664185,0.39412907,0.00077422,0.29287967,0.04782977,0.33938548,0.09237683,0.55260116,0.04338667,0.34646669,0.52604091,0.19542758,0.06514286,0.47218624,0.14569078,0.05622330,0.67463499,0.82673180,0.35378954,0.11852502,0.32687914,0.17621818,0.18694268,0.03003439,0.52377194,0.59131652,0.09819070,0.23634066,0.03541400,0.06750117,0.02405959,0.12639754,0.11273457,0.29970241,0.03885827,0.22619817,0.61854428,0.47622842,0.48810282,0.39075127,0.02585088,0.17594975,0.37227073,0.02797765,0.16071121,0.73309833,0.03519191,0.00001860,0.00767036,0.32302815,0.32021171,0.31644121,0.24169619,0.00218448,0.28663814,0.04451969,0.15527184,0.56647766,0.24306656,0.42627272
0.00506380,0.28317875,0.36582452,0.00421256,0.57914156,0.08367863,0.01290705,0.55692619,0.17383419,0.03661619,0.03308998,0.04794611,0.27983782,0.37169898,0.13969913,0.00035249,0.21618824,0.00965905,0.65937692,0.04657899,0.00957939,0.59473842,0.24757676,0.45652857,0.00118400,0.00007497,0.03220885,0.02913430,0.04700783,0.58768320,0.05736734,0.09066081,0.00297077,0.69584918,0.24120831,0.67382151,0.06605116,0.00468931,0.13587554,0.01996894,0.52422094,0.53053099,0.20045257,0.17243978,0.30622181,0.40478334,0.19359292,0.09036525,0.00007266,0.17892352,0.34090918,0.58690608,0.45647889,0.20480043,0.02670549,0.44319952,0.12800099,0.00311434,0.04498079,0.03851863,0.72993207,0.83029920,0.30558294,0.06616679,0.07283404,0.00132021,0.59140080,0.01225368,0.54270107,0.82208890,0.24270903,0.13929357,0.01299274,0.00881170,0.04590626,0.59315240,0.05690096,0.21299018,0.16108085,0.20798063,0.30393013,0.21728700,0.09446362,0.48579878,0.43880460,0.01550756,0.10566244,0.06068549,0.01704554,0.46658525,0.27917734,0.06017407,0.20367923,0.02411368,0.03262779,0.65486240,0.03872774,0.27373165,0.32378399,0.00408065,0.03177691,0.34809116,0.42320368,0.13491526,0.71432465,0.18226649,0.00123598,0.06465974,0.01547339,0.36639675,0.19078271,0.24439049,0.03071135,0.47166327,0.00866935,0.18495058,0.32230610,0.29907072,0.32206282
0.00025499,0.28861734,0.55829185,0.00336882,0.53035289,0.02082319,0.07657133,0.69083774,0.02213768,0.07694440,0.13476655,0.59910822,0.06247431,0.30168265,0.08653770,0.00023210,0.40608883,0.00347245,0.56576324,0.38631874,0.14641304,0.69379216,0.02388410,0.30847773,0.00307022,0.00989127,0.03071558,0.14834966,0.19017807,0.13776541,0.67066056,0.10242379,0.00461796,0.43097329,0.32941988,0.60353345,0.01985770,0.05840984,0.12917820,0.01528983,0.41755530,0.68893409,0.15379347,0.26251906,0.35078561,0.59770691,0.25913021,0.04633784,0.00005004,0.36891678,0.23156257,0.13767149,0.01400291,0.45196256,0.08943991,0.05482996,0.46176213,0.02045311,0.07114939,0.01732392,0.68200874,0.00226730,0.51187462,0.01525609,0.03884523,0.59498370,0.44076160,0.00851829,0.46000171,0.27720127,0.44867185,0.36551780,0.01659589,0.09687212,0.19076094,0.15935861,0.00793300,0.29288441,0.20701247,0.12502177,0.73827147,0.37127018,0.28915989,0.51723105,0.68282688,0.00206810,0.00010345,0.14985149,0.06512149,0.02834449,0.22044733,0.12437472,0.46697882,0.18577452,0.03623381,0.67995483,0.05112340,0.32334551,0.69488806,0.01139031,0.03167250,0.37595326,0.03380450,0.02701247,0.81947279,0.54075998,0.00534450,0.15575674,0.00098500,0.24649929,0.09766736,0.41157603,0.23909919,0.31813043,0.02696969,0.04291023,0.30013669,0.34925890,0.14746466
0.00015352,0.31211120,0.50954354,0.03642194,0.38280281,0.01833486,0.28199148,0.36118117,0.21422695,0.05295782,0.05415460,0.08200312,0.68853295,0.52554762,0.04324257,0.00680995,0.31419766,0.00081651,0.44745305,0.33783633,0.20008805,0.67015833,0.01714472,0.06751815,0.01090814,0.03458289,0.15195872,0.32611492,0.27848059,0.05469606,0.08454596,0.00648500,0.00516941,0.74268365,0.10086858,0.78146565,0.00141050,0.00095794,0.13018152,0.01243960,0.18692289,0.69831455,0.19147472,0.23170488,0.14482665,0.19268985,0.11318916,0.04221815,0.00026951,0.47617644,0.02174917,0.04711199,0.50985610,0.03786926,0.23471582,0.02063111,0.31588453,0.01606149,0.09047696,0.01906738,0.04992167,0.96193063,0.42846990,0.04266724,0.18477881,0.00030679,0.80157250,0.00074761,0.16757348,0.02203065,0.72321123,0.24253528,0.00540428,0.00665616,0.32826915,0.00182750,0.00303293,0.18717505,0.29601237,0.47348797,0.63901514,0.12660450,0.06782625,0.42414257,0.37322080,0.00069271,0.03040302,0.27603963,0.03053167,0.42192671,0.48998740,0.03036128,0.38751897,0.74891835,0.02508881,0.66893941,0.18580222,0.19816101,0.92778552,0.23832116,0.01997217,0.19751750,0.64673501,0.00718350,0.62523544,0.00727043,0.04809771,0.02106323,0.01031281,0.07705937,0.21052080,0.41186911,0.00376196,0.13507318,0.04902227,0.01474053,0.52061343,0.58369732,0.14088751
0.00002330,0.15800436,0.69636327,0.23833823,0.62598372,0.00236585,0.51368827,0.46206117,0.11639010,0.05528639,0.00036594,0.33607149,0.23031752,0.48357838,0.01232832,0.22823855,0.49573475,0.00048538,0.83610094,0.00471499,0.05620700,0.67932397,0.65532142,0.02207356,0.00343087,0.00135530,0.42208976,0.16286258,0.03777898,0.86535972,0.00145736,0.01695301,0.00075825,0.73745453,0.11437128,0.86298096,0.00285606,0.02553680,0.63383722,0.05195147,0.50246775,0.38695922,0.40731174,0.39916304,0.13561279,0.45000187,0.16683643,0.60301673,0.00038718,0.41686901,0.15802394,0.46211791,0.03641427,0.03665199,0.15950271,0.76517510,0.21686020,0.00006488,0.23169698,0.00684599,0.25034657,0.00103055,0.18728834,0.05353360,0.15218991,0.12140083,0.84742230,0.00017887,0.13902757,0.30793971,0.55546451,0.08101311,0.03210696,0.00907294,0.19414555,0.04992088,0.19087820,0.16635530,0.43562037,0.44871390,0.04249091,0.08010644,0.04944757,0.23768401,0.10145953,0.00111197,0.04237250,0.29276830,0.03256337,0.16859700,0.37762836,0.13724920,0.48361498,0.21043451,0.08518265,0.60663253,0.01117978,0.08230824,0.99941826,0.04624018,0.00558862,0.38872671,0.05660520,0.00143871,0.82613283,0.00108505,0.39605781,0.09667824,0.36451739,0.09258251,0.15038285,0.37645340,0.06886363,0.44324744,0.00409896,0.00288136,0.69063669,0.16068156,0.21378104
0.00055214,0.04425940,0.22437598,0.00677926,0.48737660,0.00657243,0.49269527,0.48221719,0.64016128,0.47474837,0.70790756,0.04275408,0.05242669,0.38709712,0.00397013,0.00268680,0.34508330,0.00047569,0.87648875,0.04579801,0.00187919,0.61462402,0.70362222,0.03467928,0.00288801,0.00011379,0.66648310,0.12972964,0.00767244,0.95375937,0.00342278,0.17505971,0.00173651,0.66622549,0.12373899,0.88724577,0.00497025,0.00282245,0.23449799,0.07619949,0.35001358,0.16079876,0.56443709,0.14335647,0.42782784,0.15545699,0.23741406,0.01719808,0.00023138,0.25918233,0.50066382,0.74946594,0.57569563,0.03236213,0.20175295,0.04724343,0.04612362,0.00006322,0.25976694,0.00154473,0.84847009,0.96466076,0.38213891,0.14624156,0.62607950,0.01746247,0.70203048,0.00069238,0.34561542,0.85683972,0.72248745,0.67320788,0.03112056,0.00178138,0.00866068,0.89815044,0.70256728,0.11661923,0.11702618,0.38115713,0.35941377,0.03107850,0.14756343,0.35485899,0.45804456,0.00489967,0.00022861,0.26373163,0.00190250,0.73565435,0.35996449,0.07311420,0.63292146,0.03259423,0.01698842,0.56578398,0.00273424,0.50754356,0.99999976,0.00796072,0.00212963,0.35263470,0.68589586,0.00438201,0.77090490,0.11365487,0.30032536,0.00997376,0.25374392,0.56881034,0.06987292,0.11380976,0.03364055,0.81906766,0.00416097,0.00077273,0.84516871,0.08588046,0.04098480
0.00184405,0.01434576,0.14330363,0.00198002,0.33961177,0.15677825,0.10159800,0.66307235,0.35693151,0.29883826,0.05941068,0.86366004,0.31866950,0.44418266,0.03764044,0.00810613,0.51467830,0.00208491,0.70407516,0.05173968,0.00473983,0.69931346,0.24101922,0.03661929,0.00061803,0.00064190,0.20124978,0.02345112,0.13577388,0.96301234,0.12873857,0.38539991,0.16352634,0.68023425,0.19008845,0.95966566,0.02428610,0.00233823,0.02938447,0.28860688,0.66188163,0.09063911,0.52302855,0.02310592,0.09569914,0.04914563,0.38132644,0.03324886,0.00332085,0.13031271,0.34036842,0.30016872,0.07816460,0.53813171,0.00149738,0.09791279,0.12785080,0.00017025,0.24166708,0.01908964,0.96227247,0.01660001,0.68711120,0.02845071,0.72590321,0.00566235,0.67051417,0.00426453,0.06356860,0.97336251,0.43250412,0.61633021,0.03462573,0.01659695,0.01387892,0.94651026,0.00629675,0.41849571,0.02983869,0.14035696,0.95772302,0.03998792,0.07162420,0.20203026,0.68477666,0.00284270,0.03890963,0.16393566,0.01371105,0.14008427,0.40428969,0.03964366,0.09142872,0.01524392,0.00413585,0.97872996,0.00331985,0.39052477,0.99990737,0.00193403,0.00222212,0.28250957,0.11761815,0.11661632,0.31140187,0.51461214,0.39337033,0.01649348,0.00499815,0.63125938,0.09418769,0.08281127,0.00212778,0.96111763,0.00030105,0.01444417,0.28984040,0.68726557,0.23657677
0.00669789,0.07893930,0.53042346,0.01392591,0.30991215,0.10905517,0.04998773,0.65129590,0.10519994,0.02569349,0.06061599,0.13522002,0.58058399,0.19100711,0.12834099,0.00303674,0.36119857,0.02084640,0.50460976,0.09750143,0.01445492,0.45975870,0.32824197,0.14917943,0.00403500,0.00209795,0.02940598,0.01426798,0.04018247,0.84085131,0.04558706,0.06500226,0.27454525,0.81148273,0.44449943,0.59396064,0.05676667,0.00227816,0.18411066,0.12559152,0.26169819,0.27819446,0.15413408,0.06152233,0.27215624,0.16644780,0.03628000,0.31956103,0.01533478,0.20392406,0.33850282,0.52579266,0.28758010,0.21182115,0.10539028,0.35512611,0.24816208,0.00177402,0.10544945,0.01829807,0.46595183,0.22104512,0.48163819,0.00766810,0.18932933,0.01296814,0.24178255,0.01841753,0.53075862,0.64471215,0.51066887,0.09499017,0.02006106,0.01827419,0.01618914,0.52341622,0.06372746,0.18155476,0.21619804,0.43304831,0.89761496,0.10578777,0.06526468,0.19062783,0.25468662,0.02021725,0.03405666,0.20000419,0.05229483,0.37048519,0.62949204,0.05481362,0.18837322,0.01867612,0.02394229,0.35370752,0.01455222,0.35313323,0.25894752,0.00118463,0.04171900,0.51499504,0.87587684,0.26161140,0.52858746,0.14823173,0.11163577,0.08197857,0.02138682,0.39789069,0.08022776,0.30202386,0.04887743,0.55394775,0.00149269,0.19396883,0.81417859,0.29493842,0.23386778
0.04299689,0.00263070,0.04411615,0.03372026,0.72798097,0.01023802,0.00071967,0.24714933,0.92559183,0.19385210,0.00844979,0.19967146,0.96119756,0.83147377,0.09972585,0.00507602,0.04797267,0.04284933,0.23346166,0.04871610,0.00194174,0.97655559,0.47842777,0.00984931,0.00021194,0.00020171,0.01161120,0.01347374,0.01241754,0.56751132,0.00119727,0.00500133,0.70501775,0.85141999,0.92808169,0.88396710,0.35766637,0.00015005,0.23497541,0.13809173,0.90151548,0.31681031,0.09913474,0.01246974,0.86700630,0.57414854,0.01364365,0.69638121,0.02288757,0.03672632,0.76527458,0.55858058,0.95675164,0.14127959,0.06382926,0.98098642,0.04043162,0.00032312,0.48610938,0.28949335,0.91444612,0.75081998,0.18682604,0.00005781,0.09771165,0.00558006,0.46226925,0.19739103,0.81663495,0.86159360,0.70320666,0.01961677,0.46980020,0.00034834,0.00405195,0.76971442,0.35049152,0.06624560,0.03800982,0.70225084,0.96517396,0.02780450,0.25740772,0.97822714,0.40980694,0.00942717,0.42612183,0.00923827,0.04952976,0.95751637,0.80176222,0.01284897,0.04678498,0.00863002,0.11353754,0.19780101,0.00538806,0.06863904,0.15963870,0.00208617,0.12140064,0.83548057,0.93822372,0.21150194,0.59421140,0.01186117,0.05493083,0.00546821,0.18255875,0.24879442,0.58330053,0.25715616,0.00155301,0.80834442,0.00196448,0.32825699,0.61048841,0.03792791,0.09474929
0.01985976,0.05026186,0.01564587,0.00369453,0.54890233,0.06540360,0.00148777,0.16950421,0.00189700,0.76890713,0.64826733,0.86025751,0.69614148,0.86058062,0.15991414,0.00156033,0.02475581,0.02317624,0.25001734,0.00278056,0.00212331,0.97435021,0.18489766,0.00862570,0.00014494,0.00311281,0.00364689,0.00242739,0.36828354,0.92762828,0.06192489,0.35123301,0.45534566,0.87861973,0.83312321,0.86616749,0.38457114,0.28589112,0.12789293,0.23167267,0.92907929,0.12233783,0.11916554,0.00929101,0.85294980,0.32221499,0.02505325,0.78454679,0.01079967,0.12873390,0.86492807,0.50693852,0.00473510,0.33506876,0.13169539,0.01984280,0.25642526,0.00006699,0.33244443,0.10484681,0.96176744,0.08720084,0.21394518,0.00014604,0.07345040,0.53468120,0.44392455,0.30543905,0.83469111,0.88119107,0.85153890,0.74396795,0.00480603,0.14608873,0.01061048,0.97673893,0.71552128,0.16091084,0.16956171,0.32264996,0.97345263,0.05358789,0.48666212,0.99190402,0.53393519,0.01906865,0.00079448,0.02866715,0.02563566,0.01505562,0.62106305,0.03564028,0.69383442,0.00810315,0.05505940,0.13692109,0.01409590,0.20412177,0.19284968,0.00019353,0.14605497,0.90292948,0.00968271,0.44907713,0.63553423,0.26877496,0.03543905,0.03074380,0.00112773,0.09721273,0.32439747,0.69280475,0.40060136,0.95272797,0.00298612,0.50291890,0.71338135,0.01203005,0.08331371
0.04875135,0.00662981,0.07116592,0.00049507,0.74701047,0.16136524,0.00356259,0.28035688,0.88406020,0.97728932,0.00281587,0.03848683,0.03195225,0.92822307,0.06025657,0.00010845,0.02496704,0.02476804,0.55083185,0.76199442,0.02741921,0.99016064,0.15579404,0.00718088,0.00207944,0.01079615,0.00142803,0.01842873,0.50756896,0.00270353,0.19593558,0.80828649,0.94381857,0.85820198,0.77696776,0.89778966,0.16631103,0.00020706,0.08677600,0.07741357,0.88395691,0.03321946,0.13789359,0.02900639,0.83078861,0.07513497,0.05115616,0.55894667,0.04646923,0.02127647,0.88527137,0.44762623,0.96411330,0.46446431,0.17405313,0.06535234,0.26034462,0.00044460,0.42670265,0.23792778,0.54024374,0.85675949,0.51705313,0.00030485,0.16980860,0.00245257,0.36507577,0.10543911,0.92049021,0.79337543,0.82026619,0.01954488,0.65171254,0.00281189,0.00063614,0.89382708,0.00288814,0.83734095,0.12289156,0.31645659,0.94527906,0.07941508,0.35600209,0.97168332,0.71816641,0.19987658,0.07817353,0.02248219,0.13355558,0.92717969,0.83403498,0.02281283,0.03779569,0.06968520,0.07694749,0.10716563,0.14131813,0.00008517,0.22164920,0.00186109,0.25151080,0.91338420,0.96053010,0.07402290,0.70773512,0.78338581,0.07623274,0.20992474,0.00379631,0.08074110,0.53827775,0.26411703,0.00250468,0.29105896,0.04602351,0.19887680,0.00207314,0.11013632,0.01601593
0.00389022,0.01581694,0.16226844,0.06107778,0.75521213,0.49127629,0.00448495,0.07439868,0.00459375,0.01667275,0.03784134,0.90334219,0.97824556,0.82264858,0.15143259,0.00223353,0.05528069,0.01844868,0.25209978,0.31440032,0.03005090,0.99022007,0.02104574,0.00152687,0.00141269,0.15116884,0.00158344,0.00487009,0.65522194,0.49652737,0.63485926,0.01121956,0.49900410,0.90022159,0.93516278,0.76260489,0.17369771,0.12004699,0.33983102,0.18094702,0.92301846,0.11956491,0.23277049,0.03779012,0.62850237,0.35476679,0.14776194,0.86806399,0.06833081,0.11709853,0.13571869,0.36666438,0.00101419,0.72619838,0.15494291,0.98993725,0.60328531,0.00568594,0.99324596,0.18160522,0.02748148,0.01415076,0.41286626,0.00045869,0.09638149,0.22691385,0.46512029,0.00620944,0.80417442,0.62834424,0.59535784,0.34159362,0.03460680,0.07310147,0.02502055,0.52068311,0.00127419,0.12107541,0.07888111,0.63850516,0.00736159,0.03575317,0.54986763,0.83233678,0.67884111,0.26370475,0.04315958,0.04659081,0.07992721,0.00991453,0.81127352,0.02924797,0.63398844,0.07349511,0.11055651,0.09132982,0.02386598,0.01220593,0.16586150,0.00404440,0.08173475,0.86409253,0.02691759,0.12678669,0.76110911,0.03597163,0.05791922,0.13845135,0.32684684,0.10465712,0.94052339,0.61333394,0.01766090,0.15144983,0.00239653,0.31570932,0.09871291,0.06347933,0.25868976
0.12847072,0.03546179,0.16463476,0.19820005,0.76062161,0.07807954,0.00100270,0.31646037,0.66623604,0.35583895,0.49875259,0.02107233,0.17440502,0.74545753,0.22540325,0.01249671,0.01624672,0.04564134,0.42503333,0.00138876,0.10566646,0.99760801,0.05646790,0.01500157,0.01567581,0.00327451,0.01749866,0.00375094,0.01257630,0.52348852,0.00932871,0.00029197,0.22754855,0.85252029,0.82321614,0.71553028,0.22142752,0.00011696,0.18767412,0.05583053,0.84321183,0.12197144,0.20377205,0.00646993,0.71077520,0.36406788,0.23912878,0.74137121,0.04417837,0.08853402,0.17703620,0.29006252,0.81325853,0.53138900,0.15373805,0.00861743,0.86196303,0.01814751,0.88071108,0.23626870,0.02511807,0.64569920,0.20454797,0.00325568,0.42692181,0.00731075,0.81805539,0.00081692,0.87595570,0.03123996,0.58479488,0.12525123,0.00460632,0.00526642,0.06879196,0.02260779,0.45813954,0.09013361,0.12297596,0.42151430,0.12282486,0.05132971,0.49109390,0.74768424,0.47213629,0.12750037,0.00102830,0.02824560,0.02676219,0.84630406,0.73679298,0.03391194,0.00501487,0.09491834,0.12458069,0.21336697,0.01669499,0.06678738,0.16585533,0.01376389,0.27774394,0.91841102,0.85798842,0.11441068,0.58661717,0.00211411,0.10549944,0.00138399,0.09805077,0.15796563,0.79823577,0.42219245,0.33912694,0.05960263,0.00386443,0.13195981,0.49608785,0.05494921,0.18260582
0.04007971,0.02163771,0.29525927,0.01928412,0.67858213,0.01714223,0.00130589,0.41313341,0.01680618,0.24732685,0.00031605,0.33298931,0.00732128,0.74110276,0.12211181,0.00848460,0.07618335,0.02114778,0.56231737,0.00396576,0.06352074,0.98908526,0.32691401,0.01576718,0.01080266,0.00205128,0.02500218,0.01130012,0.08356626,0.03663635,0.00443690,0.03023622,0.19028708,0.69504130,0.85051376,0.69302160,0.01300517,0.09169082,0.08029887,0.12137584,0.81508613,0.17076778,0.44039503,0.00970064,0.77968776,0.04484881,0.12455289,0.90117037,0.03532552,0.16326399,0.29755798,0.43651968,0.00233902,0.33397210,0.09875233,0.10576238,0.76086837,0.00145138,0.50909346,0.02127337,0.59622526,0.02652148,0.28881848,0.00206622,0.55942726,0.02681239,0.75964230,0.00338746,0.57522839,0.40846530,0.58928657,0.28629586,0.47700751,0.21610978,0.05427235,0.18050767,0.80090314,0.09974869,0.14634554,0.65067536,0.88394183,0.04215331,0.02854181,0.62353057,0.25901112,0.08280410,0.52349502,0.07442106,0.04031497,0.01180386,0.70133293,0.03944333,0.42887378,0.11767706,0.19729544,0.22928925,0.15669732,0.05900415,0.21689802,0.01979633,0.28571144,0.85514480,0.03203347,0.11969982,0.58335638,0.04455836,0.18833064,0.00041286,0.22805558,0.20952477,0.67479593,0.58620030,0.00054478,0.59277958,0.00143714,0.18959120,0.68575400,0.15614140,0.07402032
0.00211972,0.01353524,0.29389003,0.00209607,0.62545389,0.11303986,0.00258700,0.22829488,0.38037434,0.10937950,0.14995028,0.26150247,0.41823334,0.62616676,0.16607529,0.00300826,0.09204181,0.01229886,0.63464212,0.12326422,0.01070546,0.96919280,0.41516396,0.03311715,0.00212678,0.00111234,0.02966588,0.02219558,0.20589152,0.56074798,0.07688054,0.12512866,0.05130546,0.61385483,0.82994860,0.57339418,0.00430353,0.00138433,0.11487845,0.11834665,0.76743299,0.08679947,0.42113587,0.01128815,0.34349641,0.04054046,0.08517827,0.68953258,0.03084970,0.06829549,0.42184243,0.83422506,0.75493413,0.13137645,0.03106845,0.78181368,0.55471367,0.00099048,0.24090061,0.00752688,0.81428003,0.35594392,0.38833851,0.01544714,0.26521909,0.01575940,0.69623607,0.01439259,0.74328256,0.51771253,0.57443100,0.31164086,0.01965578,0.02514137,0.01196187,0.15370306,0.05151218,0.11003219,0.14576995,0.31771603,0.94275278,0.06669381,0.05931129,0.48713312,0.13757932,0.06792549,0.00551966,0.08428062,0.01145102,0.71189964,0.67513514,0.04757738,0.04569380,0.05761822,0.04960745,0.26667756,0.01455068,0.03615831,0.17067096,0.00479793,0.10210040,0.75319028,0.55459654,0.12866095,0.41968784,0.10315138,0.08306959,0.14571814,0.03110291,0.19656132,0.29702547,0.36223558,0.08592906,0.53859186,0.00071149,0.39008811,0.35357189,0.22203176,0.07360432
0.00174052,0.20441525,0.66074020,0.00177888,0.53202116,0.12150702,0.03764557,0.31979039,0.00383622,0.09218498,0.56082857,0.74990517,0.06495124,0.72370106,0.06843378,0.00796989,0.03221203,0.01469274,0.73362404,0.03755324,0.04984008,0.97476971,0.18978752,0.02225311,0.00645389,0.00107672,0.14583090,0.01444286,0.19905111,0.15935667,0.14664583,0.18822847,0.13214993,0.41532749,0.79516387,0.35286734,0.39940733,0.14692308,0.10027636,0.00873494,0.79813087,0.04748366,0.27249911,0.00590463,0.51317072,0.07907642,0.04947012,0.93599755,0.00761007,0.37607369,0.64114052,0.71443057,0.00226364,0.06053548,0.09770754,0.01375812,0.96509892,0.00401802,0.01128227,0.01147177,0.59129840,0.04137433,0.80636454,0.08669918,0.50748891,0.09407120,0.79077458,0.04597327,0.84445751,0.80373704,0.61000222,0.61442268,0.00329644,0.04574867,0.21705940,0.52943218,0.02669197,0.20487347,0.13083042,0.26010931,0.48721144,0.17903468,0.07213911,0.36547077,0.05181266,0.02787739,0.00612562,0.42882073,0.03314938,0.00981049,0.69810951,0.08577249,0.69906551,0.07232537,0.02036822,0.14655665,0.01283142,0.01209238,0.25700185,0.00230414,0.04982777,0.74238670,0.08288451,0.09831401,0.11586172,0.60868537,0.03241381,0.87373602,0.00465320,0.35882828,0.30533355,0.42694467,0.03653571,0.21009184,0.00890331,0.27241337,0.18083020,0.21343654,0.06238543
0.00195708,0.40248603,0.91382974,0.01992781,0.70259929,0.02816347,0.18210012,0.38192111,0.39986330,0.16658801,0.00106380,0.04554196,0.51202673,0.63722247,0.12536761,0.02651194,0.01163189,0.01679462,0.73698586,0.22673962,0.04633435,0.99250531,0.03854090,0.03268795,0.03720656,0.00162880,0.27907595,0.20094970,0.02393010,0.20874359,0.07414906,0.06533308,0.16297844,0.06808358,0.78597474,0.60445356,0.02918973,0.00024852,0.10890478,0.10973046,0.90767956,0.11178979,0.32023665,0.01329445,0.47484162,0.03118849,0.01190855,0.74313056,0.00526345,0.25710610,0.42105436,0.50006098,0.85263938,0.09188291,0.05875525,0.83599681,0.98034668,0.02065239,0.00817175,0.00449511,0.01696854,0.50805372,0.90743941,0.02427832,0.86231053,0.01286733,0.86622536,0.04831354,0.95118463,0.33959517,0.70473361,0.15279965,0.12661089,0.01301400,0.29589757,0.44110608,0.01146475,0.28402081,0.21213832,0.33437023,0.03311078,0.26572251,0.05968666,0.45203072,0.15369993,0.02073126,0.05385975,0.39413360,0.01470529,0.76020938,0.64717352,0.21483046,0.00294429,0.07946140,0.02109264,0.12418135,0.01101374,0.13061050,0.20389348,0.01288169,0.03819478,0.52550584,0.34875634,0.05424040,0.07496814,0.04290084,0.03442661,0.00442901,0.00815610,0.34832051,0.75784642,0.53261203,0.12280051,0.05417401,0.06145141,0.10908967,0.21524374,0.57260102,0.24586447
0.00664610,0.79927641,0.60103786,0.01896065,0.72032970,0.05692535,0.18248805,0.13675739,0.03421957,0.00200820,0.50700760,0.49577314,0.67681593,0.29292029,0.09693300,0.02314337,0.00987395,0.01855695,0.82145512,0.04776377,0.03163806,0.99851108,0.23661362,0.02895174,0.00282909,0.00147435,0.11346090,0.03577699,0.69127536,0.21492270,0.01851941,0.06327392,0.03730524,0.19408031,0.95184892,0.35967860,0.01147856,0.08684152,0.07578184,0.13550976,0.98438030,0.11364303,0.16538468,0.00452832,0.04523577,0.03639870,0.05988298,0.30992335,0.00824955,0.60032952,0.15651748,0.59319878,0.00452338,0.18571013,0.01079692,0.89175451,0.76072371,0.00108314,0.07972072,0.00669408,0.25603959,0.22886111,0.65137351,0.05134760,0.66311294,0.00950911,0.59307432,0.01217359,0.87217009,0.63705069,0.33797464,0.61743909,0.04740189,0.00501187,0.16156574,0.69725662,0.28010064,0.43094227,0.07534956,0.41987339,0.80323738,0.05916912,0.01424147,0.13477343,0.22265136,0.01108866,0.00377780,0.82720226,0.05327578,0.00675332,0.66141927,0.06498398,0.43053743,0.06312395,0.01933918,0.09647046,0.00995749,0.02156167,0.16277190,0.00114806,0.03495476,0.95289850,0.24545534,0.02312022,0.16450325,0.01415450,0.17574422,0.00377556,0.08103615,0.75132471,0.23726954,0.39879793,0.02765137,0.26521665,0.01134324,0.17720012,0.63144153,0.10291346,0.21676736
0.00711482,0.77330405,0.77395326,0.00563374,0.53957850,0.05237882,0.09546881,0.41490975,0.20013268,0.00499303,0.02555493,0.36347666,0.11920621,0.46545002,0.14789240,0.01043908,0.07464023,0.03927063,0.81304330,0.04688753,0.01891385,0.99927479,0.72012758,0.05854577,0.00164837,0.00175157,0.11446001,0.04629138,0.49614137,0.18165931,0.07539888,0.03065383,0.08678881,0.48475015,0.85269767,0.27431825,0.03869303,0.00162408,0.59825814,0.10357378,0.92287701,0.23343334,0.20482236,0.00734345,0.23115540,0.05002214,0.05370654,0.46381882,0.03094272,0.44315365,0.07458079,0.34240693,0.76690114,0.14632136,0.02325395,0.10649721,0.91430396,0.00290330,0.03429598,0.01345846,0.34362164,0.22488984,0.81723136,0.06934783,0.68221152,0.00599365,0.90895188,0.03412538,0.89422989,0.70146143,0.05934003,0.54716742,0.11996483,0.00737637,0.05582364,0.23159258,0.28562084,0.18948163,0.03805000,0.59518147,0.70334601,0.06469844,0.04070133,0.04254270,0.39805108,0.01793889,0.05353062,0.74562973,0.05450681,0.64843827,0.71244800,0.14315763,0.24972178,0.01022032,0.09486704,0.07113319,0.02370066,0.07439991,0.03991044,0.00138960,0.02684200,0.89684337,0.29683697,0.12012085,0.18538535,0.05330959,0.18510489,0.04357887,0.03770729,0.42688873,0.11254013,0.61916882,0.04068570,0.44660816,0.00201634,0.08560914,0.88517106,0.21922596,0.24683052
0.01098806,0.37329227,0.26940635,0.00777965,0.71497011,0.12517889,0.02754564,0.31561846,0.24418426,0.06718639,0.04349839,0.24252613,0.31780091,0.38000935,0.36763281,0.00446098,0.13668403,0.01721242,0.80367875,0.03079396,0.00509842,0.81387204,0.12166259,0.06258695,0.00158205,0.00149485,0.04849858,0.07928532,0.04280043,0.37746617,0.02377497,0.02619349,0.23438945,0.72828633,0.57737452,0.18975657,0.08696423,0.00591999,0.21072358,0.06451870,0.75409997,0.28485274,0.34829763,0.02801375,0.43888012,0.15130481,0.03048598,0.45188844,0.01862371,0.03816622,0.40972969,0.42564642,0.20593420,0.22931951,0.05916171,0.51123911,0.29471970,0.00081047,0.04227499,0.02560916,0.75106621,0.23123278,0.42601395,0.03824718,0.26437464,0.02344286,0.51166236,0.02576252,0.41081896,0.48389986,0.14931433,0.08803847,0.03939153,0.01670897,0.02789853,0.22611955,0.05014482,0.12674034,0.08950460,0.63440663,0.39499420,0.03324601,0.05270448,0.07103696,0.21430203,0.01874400,0.02448750,0.08698114,0.05163785,0.17339392,0.59318703,0.16182569,0.23460454,0.03000238,0.08111693,0.14488052,0.01078613,0.10250276,0.20655210,0.00187927,0.04652998,0.88672185,0.40396178,0.17742774,0.37566844,0.16221687,0.14033714,0.08421955,0.03602102,0.18292719,0.12490781,0.49109447,0.03820121,0.47861445,0.00141597,0.27435613,0.55125117,0.31297415,0.34504706
0.00851534,0.13608755,0.31733853,0.00706850,0.61094773,0.14371617,0.00738660,0.52131492,0.16648778,0.07235132,0.03309884,0.32817844,0.42580470,0.29436910,0.24713610,0.00389594,0.30758306,0.02815998,0.67294419,0.03857464,0.02127900,0.67957366,0.28599215,0.15591806,0.00145860,0.00144291,0.03263358,0.05529243,0.04607601,0.33519471,0.03926217,0.05800607,0.28806958,0.73041242,0.77012378,0.42218789,0.07045772,0.00381684,0.17014870,0.05361285,0.45826733,0.59244889,0.27778748,0.09756922,0.30741560,0.20402029,0.03759016,0.25737065,0.01529743,0.08378723,0.27113324,0.70240593,0.19608840,0.26452318,0.03376206,0.44119504,0.22297582,0.00138653,0.08980057,0.01978550,0.58649504,0.25520685,0.29579079,0.00946552,0.22437091,0.02193191,0.60561281,0.03210596,0.50205803,0.56840694,0.28002307,0.12287111,0.03183688,0.01400372,0.01996582,0.44191325,0.12168986,0.15755796,0.17229272,0.26988575,0.71787310,0.08187772,0.15948528,0.24132909,0.13291581,0.02733799,0.02202737,0.07608315,0.03261042,0.40465897,0.69072694,0.02794111,0.18880858,0.03909199,0.02827806,0.26559019,0.00784356,0.28815499,0.23275346,0.00290597,0.10247497,0.70981914,0.27009410,0.31398308,0.37463427,0.05387105,0.22127853,0.05952318,0.02650946,0.28411281,0.13859801,0.34335878,0.03373363,0.44958982,0.00280623,0.37369880,0.57327342,0.29402992,0.43404096
0.04876130,0.01288285,0.01431357,0.00500884,0.25154927,0.76222926,0.00049446,0.18091504,0.93783009,0.00495665,0.00361048,0.06828335,0.91940063,0.03300628,0.15347910,0.02873055,0.41775596,0.03572081,0.36437136,0.02324608,0.00050343,0.59998870,0.88200253,0.20125036,0.00019396,0.00004208,0.08963974,0.00273544,0.02516672,0.27633128,0.00108568,0.00082088,0.27591082,0.48016262,0.98808050,0.96313483,0.01902987,0.00019331,0.41274163,0.07714494,0.75086433,0.68573272,0.05431468,0.03019470,0.70750511,0.80986726,0.00295012,0.34642294,0.02591325,0.00959130,0.26455754,0.90777427,0.95932859,0.20558339,0.00259847,0.93993288,0.12360983,0.00015859,0.02467186,0.05486475,0.85984778,0.86197460,0.72062248,0.00048263,0.39627239,0.00108607,0.09281406,0.05634806,0.45952392,0.83178210,0.94516087,0.00054587,0.52810472,0.00015197,0.00643607,0.13034642,0.23275886,0.24924852,0.02427180,0.98708385,0.85103732,0.00473902,0.02441045,0.07003853,0.25462794,0.29860169,0.25639492,0.04115012,0.07448497,0.96578056,0.67695034,0.01543558,0.03137531,0.00184253,0.18603618,0.11225128,0.00976605,0.62815827,0.34832063,0.00020880,0.05240676,0.69536197,0.96949738,0.40084887,0.24186368,0.00130458,0.47912198,0.00144802,0.45210236,0.20245814,0.73940009,0.97522080,0.00157683,0.76523471,0.00050856,0.46380872,0.90131414,0.12450756,0.07909619
0.01706868,0.03815353,0.01635032,0.00051599,0.42413861,0.82713288,0.00204894,0.07177077,0.00364395,0.01723733,0.51530242,0.92151099,0.00217827,0.00394750,0.09039246,0.00055462,0.41024014,0.05010754,0.66547781,0.00034874,0.00025430,0.67943889,0.03393720,0.11636578,0.00114163,0.00054174,0.00719662,0.00160228,0.10338902,0.93134981,0.11378407,0.08628200,0.51059407,0.45601317,0.96644926,0.95831853,0.13896713,0.32617837,0.36581293,0.08253303,0.81922293,0.68491524,0.09284979,0.05748175,0.88273150,0.91634333,0.02889097,0.18134853,0.00702159,0.01084522,0.67089367,0.98239005,0.00029497,0.61064571,0.00210633,0.00291334,0.36698475,0.00002560,0.03492962,0.05738823,0.97322440,0.00505514,0.67709589,0.00012257,0.38779247,0.52653790,0.04058784,0.06034078,0.67130923,0.64372677,0.84510005,0.00146555,0.00081210,0.27353391,0.00738305,0.94468403,0.67981714,0.05291265,0.43430424,0.95575190,0.98642910,0.03230692,0.47095022,0.01562728,0.53144217,0.09190746,0.00028946,0.12479916,0.02454196,0.00634304,0.67006975,0.02076006,0.74059206,0.00051392,0.06892205,0.13454266,0.01147186,0.81861502,0.42273235,0.00006741,0.23336022,0.73589855,0.00682067,0.49659920,0.53138334,0.55393755,0.42539260,0.11998569,0.00259054,0.28935692,0.61445254,0.97118169,0.37623361,0.92819113,0.00089587,0.40575677,0.93392503,0.08199895,0.08372519
0.05731092,0.11797561,0.04777153,0.00083260,0.79974347,0.86894184,0.00672378,0.11575908,0.88290286,0.47846904,0.00053673,0.01798820,0.00476659,0.00000745,0.04940420,0.00015568,0.18612067,0.02369161,0.83065206,0.31691751,0.00251365,0.54660690,0.00006674,0.14250243,0.03497446,0.00794441,0.00415742,0.00448902,0.44866329,0.02286826,0.31479844,0.65091968,0.88075948,0.49142560,0.97944093,0.85414404,0.12642671,0.00005316,0.35332668,0.05507097,0.89413929,0.74668705,0.04066627,0.06977405,0.85888422,0.67013961,0.21891029,0.33792615,0.03506625,0.03876618,0.92265886,0.74589670,0.93615329,0.60792589,0.00203906,0.18451935,0.67704964,0.00703991,0.08629497,0.04271604,0.36944330,0.93343693,0.92089999,0.00053351,0.26656601,0.00013323,0.12415393,0.33057523,0.71276087,0.02101815,0.67214215,0.00108827,0.69700068,0.00173784,0.00767318,0.88926500,0.00247904,0.04042429,0.15757349,0.75046039,0.96725875,0.09149445,0.38152048,0.14400627,0.36501887,0.16614898,0.34584665,0.12066985,0.05397881,0.96011561,0.49101096,0.00722183,0.28394580,0.09197949,0.08386615,0.08698598,0.35599685,0.85001701,0.69556922,0.00020702,0.37773931,0.42997634,0.94122738,0.28087366,0.51662832,0.94893914,0.51073205,0.23264287,0.00047226,0.09270948,0.37488014,0.89022297,0.00618349,0.17442892,0.02536103,0.41094202,0.12063767,0.27710962,0.15332085
0.03482561,0.28659722,0.10411318,0.02989788,0.76060951,0.82014906,0.00948424,0.01157915,0.00066994,0.00032601,0.04601397,0.86585188,0.98171645,0.00046492,0.07554895,0.00369900,0.29644239,0.06146337,0.75318044,0.26848796,0.04223093,0.57155788,0.00137727,0.04388222,0.01234558,0.02800390,0.25196290,0.00145243,0.60032034,0.44301128,0.60449499,0.00144889,0.85040063,0.87460709,0.95377809,0.57184494,0.13226196,0.24014598,0.31760493,0.42449474,0.56012428,0.55340600,0.11083491,0.13067342,0.59078759,0.47247428,0.17826459,0.22595413,0.01281349,0.05419331,0.02984745,0.01361001,0.00033888,0.73550171,0.00320676,0.97391838,0.56290305,0.02644136,0.64066511,0.15821697,0.30760354,0.00637409,0.89555204,0.00076844,0.46593565,0.47171712,0.10578794,0.70383102,0.46010441,0.12186733,0.62048256,0.02961167,0.03477062,0.14869890,0.36667931,0.54559690,0.00338956,0.03544092,0.19361171,0.66992456,0.71732032,0.07415635,0.00068915,0.23660229,0.17143865,0.41397774,0.00351099,0.22664890,0.37789774,0.01065030,0.45841932,0.00891332,0.79115808,0.17324629,0.03783581,0.07207418,0.08860288,0.77879143,0.77266741,0.00132128,0.26951224,0.73339105,0.01733553,0.24509051,0.28584316,0.00070458,0.65493393,0.10764040,0.50487483,0.07439226,0.69820601,0.76993650,0.00031568,0.19465983,0.00570844,0.29747149,0.06810346,0.29473439,0.45946169
0.09164462,0.49617144,0.14056583,0.05670275,0.66408169,0.50017422,0.01163798,0.02387980,0.82900602,0.14534318,0.35749617,0.03027568,0.05614565,0.01225452,0.27632093,0.06946340,0.37486815,0.04660524,0.65470833,0.00567234,0.08771782,0.54298925,0.44614261,0.18858671,0.01675750,0.01204951,0.27093592,0.00222157,0.01326614,0.26606175,0.00269017,0.00052320,0.64218760,0.87803745,0.90044224,0.62431526,0.04589948,0.00005138,0.34512791,0.32505670,0.63640130,0.75514203,0.10577556,0.05602964,0.56194109,0.23143587,0.21240337,0.56905657,0.00141645,0.09195449,0.04846425,0.19640766,0.91647440,0.32450083,0.00607030,0.00092956,0.47272325,0.06984184,0.42964536,0.30666044,0.13230145,0.83234233,0.59212816,0.00485556,0.69436514,0.00223343,0.39575019,0.59468383,0.56933826,0.50929135,0.54153806,0.01117739,0.00583301,0.00309998,0.08024094,0.00272521,0.58625889,0.12064151,0.31740430,0.60075808,0.06904425,0.04494914,0.00031122,0.25468355,0.38102728,0.37855217,0.01118195,0.05983359,0.03996526,0.86218995,0.42682153,0.01445931,0.01397266,0.05920522,0.05751651,0.08883647,0.04086507,0.56036204,0.77388811,0.03702718,0.54446477,0.90392125,0.86929047,0.17706753,0.29817113,0.00040322,0.71757126,0.00528433,0.17947151,0.12860528,0.67022365,0.73770547,0.27885786,0.07863817,0.01978967,0.32533512,0.75190681,0.30439863,0.41407967
0.01005285,0.28034991,0.45443028,0.00986415,0.45632514,0.03252153,0.00494275,0.01239602,0.00233750,0.10276592,0.00081830,0.16952367,0.00531591,0.05451280,0.24196412,0.00704887,0.42327327,0.03152917,0.67288756,0.00365181,0.09525394,0.39951053,0.75075799,0.22434576,0.00026911,0.00322858,0.18555801,0.00282684,0.00807269,0.58860165,0.00277901,0.06019000,0.64344543,0.84878355,0.80415702,0.81197840,0.14650869,0.10896453,0.15609699,0.10788708,0.68916988,0.66924292,0.20626174,0.02525078,0.66186452,0.02161393,0.20097685,0.63532025,0.00100198,0.13967173,0.43853492,0.70099592,0.00210235,0.05114348,0.00701714,0.16940218,0.58919960,0.00035965,0.12611464,0.19154181,0.56258434,0.02020115,0.60824984,0.00094781,0.64860660,0.08665992,0.48814568,0.24481635,0.70873129,0.69855791,0.48520964,0.04067805,0.62211025,0.09379809,0.08055426,0.06923528,0.56397343,0.14672974,0.51768386,0.48278686,0.31289473,0.08713626,0.00112051,0.24655689,0.68275714,0.13407378,0.53743052,0.05684385,0.02779988,0.01411327,0.47315830,0.03568386,0.43243101,0.05671288,0.10746135,0.18451129,0.08194406,0.63651395,0.54535991,0.08928713,0.30901724,0.76283085,0.01744550,0.25282505,0.33835652,0.10111072,0.34477922,0.00827047,0.13144743,0.11007202,0.19895326,0.71059728,0.00026341,0.62036479,0.00110768,0.23275161,0.77832949,0.31432950,0.44741893
0.01967281,0.42035931,0.58849198,0.00461339,0.46682742,0.02260015,0.00353562,0.01421151,0.52704632,0.03753799,0.12394762,0.35944271,0.62474209,0.06787051,0.21230020,0.00381767,0.39502031,0.01544584,0.69468880,0.09637171,0.00759477,0.41543978,0.18593128,0.16741842,0.00013715,0.00030207,0.10152166,0.00802585,0.09324184,0.79218107,0.18152523,0.12606294,0.41705373,0.81292921,0.74935204,0.51961291,0.09750468,0.00065911,0.25879690,0.08114874,0.61130017,0.71978027,0.09112642,0.02234566,0.17076918,0.01215161,0.17292449,0.23391099,0.00027274,0.13303359,0.58098936,0.91539550,0.65245777,0.13335378,0.04832579,0.66627574,0.54124928,0.00001728,0.12632537,0.18209612,0.62594271,0.40596938,0.47421408,0.00638370,0.35727203,0.00558736,0.37043557,0.11884387,0.52128941,0.69127727,0.41968405,0.04581652,0.02681649,0.00704872,0.01895965,0.25720295,0.03451862,0.12351473,0.57417345,0.45361200,0.70137364,0.17680332,0.22353867,0.31578976,0.24911730,0.01136104,0.01553708,0.09169910,0.00156723,0.56615245,0.67265713,0.02825865,0.19023499,0.03862213,0.02785803,0.18208629,0.00478307,0.27563903,0.40069562,0.00847981,0.22510263,0.65700167,0.47410014,0.35549277,0.36094990,0.18270566,0.17733480,0.05722801,0.01101067,0.14791773,0.27538070,0.58849466,0.06162176,0.44970334,0.00016364,0.41045079,0.61933655,0.23712677,0.44141492
0.01103051,0.26030219,0.82129264,0.00896296,0.41079536,0.00423774,0.02598692,0.00491251,0.00025676,0.69764477,0.16038756,0.47322071,0.03167791,0.03082219,0.13329065,0.00853993,0.57334590,0.00393478,0.77167392,0.05122901,0.27976358,0.25087711,0.00255690,0.13182966,0.00918035,0.00211087,0.03012618,0.06980935,0.06333973,0.59404528,0.72178936,0.08224322,0.67809957,0.77957845,0.66256267,0.25063378,0.05766171,0.19513398,0.05489658,0.12849137,0.56073207,0.52177364,0.12633039,0.00962007,0.20902635,0.04757326,0.83720762,0.10350674,0.00001252,0.26721495,0.73771727,0.40367240,0.00112556,0.34506136,0.18980829,0.00307685,0.38686201,0.00007282,0.02856052,0.14187928,0.40425253,0.02011690,0.57364857,0.04796019,0.40524283,0.32413647,0.58616614,0.23127419,0.39772248,0.07664905,0.49035367,0.20367156,0.00130284,0.05515362,0.06105325,0.90304309,0.03580027,0.43395764,0.53735632,0.41404200,0.73511267,0.58860421,0.65915060,0.43875471,0.42327106,0.01981887,0.00389280,0.15917777,0.02614082,0.01356350,0.69414449,0.04963205,0.56106800,0.31219015,0.03257547,0.48352849,0.08333257,0.46901560,0.37585157,0.00112280,0.29201502,0.48085874,0.02196880,0.32304138,0.16103043,0.35538933,0.26944733,0.09353074,0.00263170,0.03472194,0.11871471,0.84619284,0.15052381,0.31195647,0.00070465,0.08930352,0.17808829,0.73960251,0.38099745
0.00937364,0.01855672,0.67555982,0.00814627,0.41499385,0.02848228,0.05865394,0.00439779,0.95735031,0.56688923,0.00493858,0.03883838,0.09586846,0.10453442,0.20921676,0.01037712,0.75773573,0.00191179,0.82649952,0.33324862,0.46262568,0.41672438,0.00247831,0.34191981,0.05523419,0.00192217,0.01048629,0.43714064,0.01672332,0.01015976,0.01171569,0.01552898,0.73478174,0.67528754,0.75822914,0.23816097,0.00812429,0.00004001,0.16609828,0.21861584,0.55139351,0.57276601,0.12910630,0.01932854,0.27465951,0.03431453,0.89308280,0.07011901,0.00034934,0.13130450,0.32987422,0.16431835,0.96010685,0.11671871,0.43618065,0.89866304,0.39576489,0.05329831,0.01306041,0.19282065,0.08429027,0.33419079,0.72119731,0.02232180,0.30815873,0.00326098,0.21722732,0.04688001,0.12170649,0.00892589,0.69590479,0.10142193,0.51295847,0.02573463,0.19834991,0.37549424,0.02312457,0.56874108,0.31743541,0.70257813,0.47139794,0.49749270,0.06063670,0.50725758,0.26539472,0.00136830,0.00606555,0.03795865,0.01559103,0.75574297,0.31636816,0.25425708,0.08044660,0.30257273,0.00773806,0.49441892,0.00372171,0.45239511,0.33197629,0.00158312,0.27564999,0.78037006,0.73827028,0.69309419,0.06261540,0.00949299,0.68735212,0.06384337,0.07539942,0.33102268,0.34267905,0.50259721,0.00075189,0.04453776,0.03748104,0.37672484,0.08786172,0.37442541,0.28760028
0.00799459,0.02438659,0.56772077,0.00712608,0.37632340,0.14602123,0.02866533,0.00165768,0.00319281,0.02539099,0.05931975,0.60103488,0.84352970,0.41661531,0.19800964,0.01301004,0.68326211,0.00134280,0.90945095,0.00654420,0.41040239,0.40501907,0.20514502,0.15684748,0.03322936,0.00068940,0.01689738,0.20054723,0.04525059,0.20748831,0.00954505,0.00171636,0.59868109,0.76684713,0.62965035,0.25497538,0.00738980,0.22308761,0.18039159,0.04914552,0.49631664,0.12598318,0.13801000,0.00444515,0.07751776,0.00434632,0.96993345,0.09826224,0.00030296,0.20109010,0.40507343,0.61925977,0.00040786,0.02368618,0.27061075,0.93701619,0.39985043,0.14932647,0.11472753,0.00547642,0.90897703,0.03021764,0.62317461,0.04475642,0.47126985,0.37413073,0.27094415,0.02065116,0.46243739,0.85207486,0.82899213,0.59512264,0.00241590,0.03568603,0.23420848,0.05078259,0.05294715,0.73442531,0.05355448,0.44596514,0.20740433,0.21947652,0.00833205,0.35307503,0.29133189,0.00141032,0.05433093,0.01175247,0.00450556,0.02977076,0.53187448,0.19598110,0.03981178,0.00787005,0.02145938,0.62265670,0.00068864,0.75944489,0.32074228,0.00039987,0.13924968,0.93063319,0.15799922,0.95586842,0.13487121,0.00550213,0.58891642,0.07899468,0.40452018,0.37881821,0.09535425,0.69161361,0.11281294,0.57945955,0.02269066,0.34471509,0.74477291,0.37274078,0.14889880
0.00462276,0.01579141,0.44712204,0.00335460,0.06429584,0.01362248,0.02892939,0.00934226,0.84230232,0.07366259,0.03789505,0.09346050,0.14677167,0.59698021,0.26517770,0.00142706,0.80566114,0.00080785,0.92603457,0.00905500,0.68568373,0.47755131,0.90229172,0.43304890,0.00149509,0.00125136,0.00278671,0.29659647,0.00098748,0.15008020,0.03558422,0.12953413,0.91539705,0.71930581,0.58733863,0.70666420,0.05036499,0.00005576,0.05678100,0.01818231,0.35335141,0.04617678,0.15300792,0.00927736,0.04849199,0.01062740,0.96893066,0.43234974,0.00057347,0.04394476,0.68822426,0.92417502,0.98260385,0.19236009,0.05173669,0.01104657,0.67298180,0.00092779,0.05940443,0.02074728,0.46010181,0.43362552,0.38920793,0.03757294,0.47718278,0.00049429,0.33216810,0.02779764,0.43255493,0.94940388,0.61684531,0.19086921,0.07824218,0.04572109,0.12859507,0.12906043,0.26649690,0.81802815,0.16071211,0.88042748,0.90287918,0.03714066,0.06451733,0.58035892,0.10034785,0.00820163,0.01142929,0.08479054,0.00882026,0.91881025,0.17875679,0.10068265,0.13143045,0.06453656,0.01452065,0.96914142,0.00252443,0.86209321,0.86428952,0.00367380,0.24777159,0.95718318,0.63950241,0.96929407,0.14850545,0.14796792,0.42493185,0.02552760,0.01434081,0.02476145,0.40179217,0.80099285,0.00349876,0.58681041,0.00135505,0.36331096,0.93839711,0.56166166,0.03765574
0.01046986,0.02934720,0.26903018,0.00824003,0.03243764,0.07900915,0.00694338,0.05757805,0.07268080,0.01570018,0.03215820,0.40396068,0.31029117,0.83078510,0.12570977,0.00232398,0.52662170,0.00082663,0.84035826,0.03895816,0.30816510,0.58268940,0.89755273,0.48272875,0.00146988,0.00088071,0.01107260,0.22587289,0.00266170,0.87959081,0.02121896,0.24683380,0.77766097,0.91028398,0.55320507,0.69975835,0.05639615,0.01225645,0.21042633,0.04625043,0.16768242,0.10357668,0.04369630,0.01246981,0.12821497,0.02674028,0.78159159,0.13428006,0.00335474,0.02403907,0.15080351,0.97619659,0.00338653,0.17489652,0.05314725,0.97741932,0.29641917,0.00023953,0.02402708,0.01426056,0.93837988,0.16386314,0.44861102,0.02337873,0.20221715,0.00648362,0.33356673,0.03597975,0.44215932,0.91480654,0.91303617,0.07700989,0.04359670,0.13295138,0.09040483,0.59029782,0.05815268,0.48318958,0.08194681,0.92320174,0.98894590,0.05765551,0.32590374,0.81227881,0.19304447,0.00795313,0.01558432,0.29264432,0.04272966,0.14877346,0.24544983,0.01379008,0.38332373,0.01283883,0.00778481,0.93207306,0.02076264,0.46039212,0.56386054,0.00169340,0.25201979,0.86994857,0.09193863,0.92536533,0.17763169,0.27691424,0.59066397,0.03279962,0.04425206,0.01696392,0.10214041,0.18040195,0.07018324,0.93767518,0.00704604,0.19438645,0.56544596,0.89506763,0.13065140
0.00790893,0.12628603,0.25343940,0.00594097,0.60095865,0.09987400,0.01030174,0.26443300,0.17475098,0.05454632,0.05101622,0.36721987,0.35077593,0.20694762,0.26662135,0.00389238,0.26402488,0.01293198,0.80493903,0.03491671,0.02757624,0.68223059,0.43740788,0.28985187,0.00213030,0.00081691,0.03599697,0.02855564,0.04106409,0.52443564,0.04994250,0.02979930,0.23800845,0.90668291,0.52931869,0.30003405,0.09597567,0.00802091,0.10045815,0.10619873,0.33785713,0.19918409,0.07498173,0.11673556,0.32777828,0.13976961,0.03299956,0.25242889,0.00708674,0.10744292,0.45931795,0.58596867,0.36077118,0.13362236,0.02404359,0.25729257,0.21095116,0.00088760,0.03898434,0.01788801,0.78424537,0.12417365,0.18258475,0.03252691,0.07702566,0.01134040,0.39982870,0.02376046,0.23211576,0.65308976,0.28402883,0.20275092,0.05360702,0.02429123,0.01442810,0.67212826,0.04313613,0.12561494,0.09914924,0.34218845,0.64265466,0.08778413,0.09409591,0.51018775,0.26030168,0.02451928,0.03529189,0.09592680,0.05808879,0.41697383,0.72932386,0.03173375,0.17900573,0.07845037,0.02206057,0.49553341,0.01751344,0.30521780,0.44368109,0.00524560,0.05961734,0.54135972,0.32607618,0.20364033,0.31271437,0.03728736,0.22930214,0.08299822,0.05714611,0.24059682,0.22921480,0.47004628,0.04395251,0.69091880,0.00159766,0.26712683,0.48476857,0.22866946,0.47491693
0.08615544,0.00624350,0.51712239,0.01486346,0.51821512,0.23719202,0.00663369,0.96506000,0.85584402,0.01877130,0.00465866,0.06305179,0.93847227,0.27847397,0.14035735,0.01263990,0.00956485,0.05906559,0.19300023,0.11923306,0.00504075,0.21361344,0.60441285,0.43126711,0.00008824,0.00020373,0.01540308,0.00465939,0.03271620,0.14752722,0.00544760,0.00383635,0.33003828,0.89540005,0.86999559,0.74342632,0.11876478,0.00039299,0.37959671,0.03842306,0.89102113,0.45299527,0.02345699,0.28245112,0.62490737,0.01620556,0.20260780,0.18866947,0.00584681,0.07277871,0.02093729,0.77018648,0.95712781,0.60704291,0.00437072,0.91221464,0.24553262,0.00074688,0.02729565,0.07050333,0.88951039,0.55999666,0.17385691,0.00015885,0.04307358,0.00243260,0.63961363,0.00340571,0.22501168,0.86725563,0.59804535,0.11178607,0.60772157,0.01129143,0.00266246,0.56522804,0.42642793,0.00271036,0.60067880,0.99943537,0.91797608,0.00007094,0.01745132,0.05369241,0.33713803,0.15000227,0.17147885,0.00455993,0.01466711,0.94688576,0.99032402,0.01868145,0.05236209,0.00463886,0.04743743,0.26177663,0.01007629,0.14159507,0.23930249,0.00081924,0.17456743,0.57417172,0.92411315,0.14339040,0.95484364,0.00629838,0.06314318,0.00576192,0.28270584,0.56801474,0.63657826,0.53698814,0.00834689,0.78764021,0.00081955,0.41622338,0.50945222,0.27336434,0.13804673
0.01483734,0.05927484,0.79225177,0.00157203,0.43920252,0.70189881,0.00349175,0.95037860,0.00224514,0.04906741,0.57239562,0.94820219,0.13028865,0.43319041,0.17370163,0.00041845,0.02987882,0.02347430,0.35314029,0.00085113,0.00204478,0.21563828,0.40808803,0.49692479,0.00007230,0.00196570,0.00771351,0.00520537,0.15506107,0.71992588,0.05192623,0.07348744,0.43922532,0.78642499,0.88871115,0.51030558,0.48007905,0.32347611,0.19497080,0.01119962,0.74281496,0.25329870,0.04654291,0.32436112,0.79127216,0.05155250,0.82668412,0.20795737,0.01373407,0.14014916,0.53704894,0.94893366,0.00393162,0.84298593,0.00820759,0.02691037,0.19502836,0.00017720,0.01009918,0.01553306,0.99399108,0.02182307,0.15750116,0.00027552,0.01255670,0.20977244,0.64240736,0.00762178,0.33763775,0.96201944,0.81762189,0.83152479,0.00828051,0.18480428,0.00393946,0.96902132,0.87188333,0.01452134,0.63411403,0.99961340,0.95365435,0.00135295,0.12743188,0.02448010,0.23382157,0.05395089,0.01109172,0.00689676,0.00581111,0.00046226,0.97042340,0.00350339,0.52537906,0.00452512,0.06966460,0.22127295,0.04642587,0.17132314,0.23597372,0.00024527,0.09930956,0.46478218,0.12631406,0.37457177,0.93435609,0.29249594,0.05161186,0.05065387,0.00413344,0.63215446,0.47062024,0.65849894,0.46912479,0.94850016,0.00062244,0.17627192,0.84962761,0.56119049,0.07209210
0.01303673,0.01060283,0.72049940,0.00014212,0.50426358,0.85507530,0.01081239,0.86294001,0.80314153,0.86485648,0.00431840,0.07804125,0.00139483,0.58345097,0.45206743,0.00018876,0.02558881,0.06917766,0.35766289,0.34466943,0.00500079,0.04207989,0.19921641,0.26079628,0.00025575,0.00956510,0.01022966,0.03081106,0.36964506,0.08168174,0.14139670,0.83298099,0.67015219,0.78901792,0.91493762,0.43353641,0.38672069,0.00003606,0.01962699,0.03272926,0.02345845,0.35277531,0.04499381,0.14866257,0.80163580,0.01257614,0.66075933,0.12740026,0.04220520,0.16518441,0.05141532,0.82942605,0.86875010,0.81926584,0.00228145,0.24325809,0.58722621,0.00129372,0.01735030,0.08528157,0.00596011,0.76380575,0.28784436,0.00115539,0.01443914,0.00211058,0.53986239,0.01881595,0.17062539,0.74521101,0.89176768,0.12111586,0.44880760,0.00286482,0.03768845,0.00681996,0.06140193,0.05021985,0.24597044,0.99158734,0.82355291,0.00399560,0.38822582,0.03821380,0.32116354,0.06520632,0.15366793,0.01515997,0.51682693,0.96646154,0.92062652,0.00455197,0.73571080,0.13133802,0.05999747,0.18329339,0.05725893,0.23750386,0.36173031,0.00040623,0.26022619,0.76744282,0.86097008,0.11505923,0.78739190,0.14706749,0.02318619,0.25565031,0.00011403,0.77884269,0.63368779,0.61547714,0.00965153,0.39329162,0.01393740,0.21751063,0.81107259,0.60725266,0.28258240
0.01415488,0.16039325,0.80470949,0.00987381,0.62647605,0.95268726,0.04894191,0.92338282,0.00343940,0.00520814,0.00528467,0.87427580,0.99350244,0.12176287,0.18628220,0.02421620,0.01219934,0.02962309,0.31755218,0.33029413,0.07852906,0.03766839,0.02307219,0.13649538,0.00071650,0.00940579,0.10665610,0.00958328,0.28112626,0.40785018,0.45970720,0.00291632,0.73322296,0.86599207,0.83611941,0.50494576,0.28188142,0.12586422,0.18215390,0.21870501,0.11115960,0.29762957,0.14618814,0.34999365,0.60332793,0.15570162,0.40066034,0.28721437,0.10002959,0.31850210,0.00044243,0.06760549,0.02266307,0.40928373,0.00012641,0.93354821,0.59786975,0.01233848,0.00658929,0.16156356,0.02344231,0.07823460,0.28781226,0.00046577,0.03184079,0.22853535,0.26539516,0.19569257,0.17998816,0.63990337,0.71151847,0.73886710,0.05185946,0.16157384,0.11385220,0.00656301,0.00261572,0.00497397,0.33341071,0.94563669,0.10986185,0.00292609,0.00010518,0.09715243,0.17924792,0.03897336,0.04764832,0.20352378,0.26908147,0.00062319,0.89519578,0.01565604,0.33094427,0.16833492,0.09300466,0.22825262,0.02567158,0.15373597,0.57799798,0.00181957,0.25770807,0.68427914,0.05668202,0.09574293,0.77801633,0.04732817,0.12324742,0.47893897,0.30510473,0.14797853,0.68858045,0.85372156,0.03338487,0.01602498,0.00843950,0.27952546,0.74953187,0.32526320,0.31933251
0.13052161,0.26700580,0.75118458,0.10796092,0.37055057,0.35804880,0.00741225,0.79403079,0.82561123,0.08704046,0.41733027,0.02733663,0.24271391,0.58076310,0.15728131,0.05978827,0.02427848,0.02527287,0.62169498,0.00158656,0.14317755,0.03868529,0.16158956,0.14756052,0.00819084,0.00018775,0.07227935,0.00408933,0.01134496,0.35140592,0.08205493,0.00190923,0.82349348,0.96562076,0.96642858,0.31671274,0.46524614,0.00006924,0.11007036,0.48416635,0.49748579,0.27204031,0.07415015,0.36693364,0.79765111,0.56864905,0.43813553,0.81071675,0.08246159,0.14001271,0.00446218,0.20654629,0.64665282,0.04664711,0.00041203,0.00212233,0.36370459,0.02033905,0.01279281,0.02443429,0.05394340,0.73469442,0.49919471,0.00305873,0.09699782,0.00598929,0.47479290,0.02895410,0.59803349,0.11426077,0.74926853,0.26948386,0.00301615,0.00529490,0.03457594,0.05030359,0.34299949,0.01183291,0.31574500,0.96332318,0.36797187,0.01781734,0.00027233,0.18143402,0.16475827,0.15800846,0.00413418,0.09734552,0.07521436,0.91740936,0.75823861,0.09604416,0.07018733,0.11558291,0.10179341,0.49580780,0.04549048,0.57182217,0.75570041,0.00597078,0.16111358,0.77748168,0.75626701,0.05604602,0.71733648,0.02345105,0.13716497,0.00357080,0.14329144,0.28211695,0.59571534,0.66413867,0.24099812,0.01247869,0.00302202,0.19433650,0.61522549,0.12651858,0.28118974
0.00741626,0.11224429,0.70622575,0.07218884,0.39375675,0.01990465,0.00930493,0.88282621,0.00243667,0.15888402,0.00257210,0.31838441,0.00570490,0.31582880,0.09491031,0.06922831,0.06131711,0.01341815,0.64543998,0.00262038,0.10030299,0.07853422,0.21234336,0.08594952,0.04179496,0.00035222,0.02019165,0.02798149,0.02064763,0.29338357,0.00186241,0.08938150,0.79578692,0.91772503,0.82771540,0.32660541,0.17029613,0.10362326,0.17973594,0.36443231,0.56056583,0.35463187,0.12620303,0.34712657,0.70541835,0.11667889,0.25682113,0.87738520,0.01996220,0.27667800,0.33984151,0.54916805,0.01768376,0.31197208,0.00168683,0.28488436,0.16128282,0.00592917,0.02987742,0.00214458,0.73625505,0.03629972,0.53244245,0.00136671,0.15241323,0.04193499,0.51546043,0.04764841,0.34699771,0.31554371,0.75103891,0.38972533,0.45351139,0.15962529,0.02968007,0.61588669,0.59154791,0.01987564,0.30320308,0.87654376,0.75017035,0.05272849,0.00014073,0.12716083,0.43988436,0.04805473,0.33112925,0.08838046,0.09344494,0.00123804,0.80341345,0.03559663,0.15195853,0.05937209,0.14261010,0.53443295,0.07068907,0.59877151,0.68571526,0.01680943,0.08058906,0.63481069,0.04185221,0.15611848,0.81937373,0.03240867,0.09335601,0.00183730,0.14611089,0.22068809,0.18773545,0.76948869,0.00127921,0.55390608,0.00095677,0.35592738,0.31489757,0.21309659,0.32101318
0.00820781,0.09844851,0.27267799,0.00600997,0.52076584,0.06254075,0.00962072,0.71140665,0.74046868,0.03722093,0.04203480,0.21938431,0.69453275,0.48210716,0.02365957,0.04230906,0.02610946,0.01060055,0.66331565,0.11178795,0.01474620,0.04747688,0.58841318,0.10605269,0.00469799,0.00609762,0.00801138,0.03693802,0.14586648,0.48173761,0.03738795,0.10995474,0.63500398,0.90861440,0.96136135,0.18964608,0.08088458,0.00048262,0.08599043,0.34246668,0.43569770,0.24915865,0.19490547,0.60137403,0.17596114,0.16822390,0.24197221,0.60755354,0.01674693,0.17430513,0.51149541,0.85738552,0.21688320,0.13887502,0.00355186,0.74669874,0.07807025,0.00110444,0.05736215,0.00295209,0.85863793,0.37777337,0.46601433,0.00794229,0.09145796,0.00627421,0.23759001,0.00867850,0.34402272,0.74786019,0.30165172,0.24230962,0.03274692,0.01299725,0.01116762,0.76016700,0.10730129,0.03298667,0.14374989,0.76873273,0.79391307,0.09330788,0.09121326,0.13538721,0.17869213,0.01445360,0.03798543,0.09342063,0.01697093,0.81938070,0.85952133,0.09249228,0.13970175,0.00512064,0.07665709,0.54910666,0.01029536,0.19554994,0.66410738,0.00809020,0.03559471,0.71369767,0.41762057,0.10621507,0.63783985,0.02659847,0.10896003,0.05485590,0.00979396,0.33159563,0.04594758,0.67856866,0.04417929,0.75115061,0.00072577,0.49436009,0.50714165,0.22742669,0.28389239
0.00034983,0.17848930,0.49564308,0.00459788,0.78413963,0.07111297,0.02593767,0.72616225,0.00081570,0.23110019,0.55144298,0.56337500,0.09895748,0.52870071,0.02924221,0.00672955,0.03071951,0.00127085,0.67788595,0.14151838,0.08937385,0.01516903,0.19351989,0.11879219,0.01581286,0.04328568,0.00046759,0.01786546,0.36689955,0.74580967,0.36212867,0.18206769,0.43538755,0.84410501,0.72556812,0.38678816,0.09321606,0.13396443,0.03156613,0.47955152,0.29548609,0.13284273,0.13246226,0.09258756,0.15230927,0.15258762,0.10286648,0.85749477,0.00214473,0.54723656,0.27963144,0.73544002,0.00931260,0.21728224,0.02527616,0.00401494,0.11543254,0.00103869,0.12970501,0.00471887,0.39709514,0.09713417,0.74380851,0.05720359,0.19180156,0.04603020,0.19535072,0.01336509,0.64452237,0.50124532,0.05396751,0.60700959,0.00107216,0.04236155,0.13008367,0.29213586,0.10192797,0.01586378,0.07336883,0.51939332,0.40957016,0.35829052,0.39256513,0.13849270,0.22055149,0.09703770,0.00293704,0.31768408,0.00339450,0.00083587,0.80480725,0.04274177,0.21769696,0.05442255,0.07646488,0.35466105,0.00529662,0.54706115,0.86510527,0.00902602,0.05770523,0.28832096,0.16471544,0.06921411,0.89105320,0.69112319,0.09948055,0.40875837,0.00108955,0.08311051,0.02057984,0.85996974,0.18919508,0.25330204,0.00137373,0.54737055,0.72031975,0.46789691,0.44426376
0.00076220,0.16744806,0.76994616,0.00711226,0.78337866,0.03291980,0.00998904,0.60454381,0.89898777,0.24399146,0.00044684,0.02942355,0.08767534,0.61524522,0.02502058,0.00093042,0.01244203,0.00050816,0.38247734,0.56569165,0.07107373,0.05223226,0.05956453,0.25216621,0.01172923,0.04302672,0.00170681,0.27784079,0.24588801,0.21724300,0.43934950,0.06625923,0.63221598,0.90287250,0.85867405,0.27150574,0.00822011,0.00001037,0.07948382,0.80788958,0.58203036,0.41827175,0.38683543,0.11109497,0.12615173,0.20819500,0.03003622,0.91447020,0.00292455,0.30223909,0.02361257,0.23137340,0.35404336,0.09381006,0.43299910,0.90915567,0.18035747,0.01209005,0.28509110,0.02965281,0.01977807,0.45154068,0.81703418,0.02519068,0.30186677,0.00554769,0.14906393,0.00205281,0.67881155,0.12488464,0.04858080,0.10866882,0.68644571,0.01030406,0.07339486,0.00835864,0.00596373,0.02591254,0.32366461,0.31841680,0.07725218,0.20476495,0.12249758,0.15566707,0.10435782,0.16214089,0.17602596,0.45879462,0.03040398,0.94588584,0.77414972,0.03092900,0.02030338,0.10102814,0.16363579,0.33429646,0.06072367,0.29583552,0.93970853,0.04580277,0.07377949,0.42902303,0.34164760,0.32532796,0.73658764,0.44061235,0.10389504,0.19872431,0.11696669,0.12901060,0.17414260,0.67011684,0.00789012,0.01794471,0.01161606,0.58487397,0.96673274,0.08765888,0.77159661
0.00011926,0.55271077,0.88644010,0.07407191,0.79691142,0.07533160,0.02289467,0.80368805,0.00154758,0.22334477,0.08073189,0.62133944,0.94601035,0.81114870,0.04707498,0.08668688,0.06451397,0.00062126,0.87452435,0.08818176,0.05907562,0.04686476,0.54242408,0.41614082,0.00574614,0.00006140,0.04577070,0.15502045,0.12025865,0.99675554,0.12847307,0.00876902,0.13408694,0.61068273,0.81393760,0.52739996,0.00357674,0.29826006,0.04552770,0.93582231,0.70642400,0.07956695,0.20191030,0.03345862,0.04724959,0.07887573,0.01165269,0.97282755,0.00413918,0.38712850,0.00276060,0.28889808,0.10768510,0.00618016,0.54898858,0.96729827,0.25005421,0.00115375,0.23137367,0.16215259,0.10833903,0.05913400,0.56934667,0.05173551,0.18956076,0.04435762,0.10957088,0.00106388,0.55300790,0.73270208,0.05664402,0.27193511,0.00565276,0.05266033,0.07042472,0.01089351,0.01050035,0.00977404,0.23023511,0.42872176,0.53733325,0.28485310,0.02047226,0.55518723,0.11285091,0.51777780,0.00355009,0.57949084,0.00329997,0.00236795,0.72440577,0.02686621,0.02055291,0.03767438,0.29082087,0.23564917,0.02485650,0.54321307,0.90019882,0.01398294,0.01087380,0.29756811,0.14083448,0.45340294,0.85221082,0.00294815,0.34055287,0.00326945,0.80248165,0.06764388,0.26230997,0.39837298,0.07479198,0.11135681,0.00563490,0.44256949,0.97218853,0.01654141,0.60632360
0.00011224,0.09414232,0.53298879,0.00782763,0.89064521,0.02807757,0.00372855,0.82712793,0.97914439,0.79098940,0.23986651,0.02021075,0.30994195,0.51806051,0.00200323,0.06042593,0.22931729,0.00091854,0.43141901,0.00808310,0.05071583,0.01585798,0.69743794,0.45515901,0.00459663,0.00002404,0.15573175,0.06404680,0.00747926,0.86125177,0.00193917,0.00901091,0.43757716,0.72887319,0.96991867,0.02508258,0.01346268,0.00000241,0.19482724,0.94779021,0.32247275,0.44966507,0.09053360,0.11641954,0.17154795,0.06258293,0.00593823,0.99292922,0.00273300,0.14443345,0.41942704,0.80613410,0.26006961,0.06387188,0.85130340,0.00037291,0.28244805,0.00323841,0.12151560,0.20174932,0.47391438,0.46732199,0.46173394,0.06387223,0.44275579,0.03939475,0.13917343,0.00056967,0.51946563,0.81716776,0.02699389,0.09097689,0.05456551,0.00388325,0.19156450,0.92058277,0.68294781,0.00303816,0.22596171,0.61182302,0.80036795,0.38048857,0.01027804,0.29060274,0.05457257,0.02370074,0.04329384,0.34243605,0.00076143,0.98333782,0.64912653,0.03323988,0.00370790,0.03470547,0.67672139,0.13991027,0.00899125,0.75715452,0.92263043,0.00099493,0.02885354,0.27364627,0.59838736,0.35561839,0.84433836,0.00874605,0.23373793,0.01727621,0.06581345,0.80643731,0.02130946,0.29517284,0.13831927,0.40105051,0.02993249,0.04620454,0.99718374,0.06243777,0.31519353
0.00022202,0.03241657,0.57336891,0.00831738,0.91755790,0.07276371,0.00765846,0.92737645,0.00136001,0.82834250,0.00354483,0.92314911,0.08460230,0.72514641,0.01379634,0.00870011,0.41971913,0.00187890,0.58843499,0.23093005,0.00364181,0.03377776,0.13899858,0.22315301,0.00109143,0.00081526,0.14294957,0.02997706,0.09210084,0.74337238,0.00729473,0.38434964,0.23485835,0.83670110,0.97409070,0.18942991,0.02051318,0.61170131,0.37502417,0.50354415,0.29062119,0.48163161,0.35940158,0.11254999,0.29456225,0.05636922,0.00316232,0.62669861,0.01963459,0.02725981,0.86119294,0.69684124,0.60220098,0.21851490,0.88850880,0.97327238,0.61856800,0.00188778,0.10634427,0.01122920,0.96229500,0.22605988,0.57841003,0.00631290,0.11212074,0.15508585,0.08356744,0.00162939,0.17717406,0.86010480,0.15591782,0.33626014,0.32572082,0.02684138,0.00084417,0.98947096,0.22798121,0.01127303,0.05783032,0.40558773,0.96962517,0.30715963,0.02051351,0.10852527,0.09777081,0.02626765,0.24190132,0.59118521,0.01746825,0.00022506,0.73774517,0.01825650,0.23016433,0.01631587,0.14616659,0.18429348,0.00476874,0.89714044,0.75744665,0.00041381,0.01088503,0.74185377,0.25062078,0.32357174,0.84967083,0.22442931,0.12049124,0.35871240,0.00142138,0.74986213,0.00859116,0.17239767,0.04089709,0.96896082,0.00189667,0.24670170,0.99630028,0.07844698,0.24301434
0.00363983,0.07888465,0.91957879,0.00868680,0.88798410,0.10249159,0.01864628,0.87817568,0.77987003,0.58376241,0.12052831,0.34401041,0.74782419,0.40561244,0.15940803,0.01021738,0.47514439,0.02859776,0.87872076,0.19617099,0.00149477,0.04873893,0.11097948,0.59234446,0.00076600,0.00076200,0.03631803,0.03510068,0.29569492,0.56281209,0.25322694,0.10259241,0.10801490,0.52468657,0.98907596,0.17757134,0.04568451,0.00216940,0.46295559,0.32232332,0.47724339,0.53877836,0.19828977,0.03654669,0.49905017,0.16612592,0.00553846,0.93915975,0.00769818,0.11902586,0.75939733,0.40419903,0.67161268,0.08539641,0.48807535,0.96400905,0.33648059,0.01023826,0.15197742,0.00900644,0.81271636,0.81363869,0.15967588,0.02265568,0.05105197,0.06598672,0.34121352,0.00317066,0.60807115,0.78421879,0.12712415,0.12467393,0.00395792,0.00587368,0.00491912,0.60650939,0.02167885,0.06424960,0.13849589,0.61457437,0.57413679,0.30752340,0.20289196,0.18720926,0.16505720,0.04694493,0.01841079,0.08648697,0.03441057,0.97768068,0.71829140,0.00364603,0.03585614,0.09606263,0.07042317,0.04089701,0.00696686,0.41680503,0.47497839,0.00125679,0.02982017,0.64265978,0.95345724,0.13525973,0.22645980,0.11554423,0.10655722,0.22081426,0.00373674,0.03685888,0.10860488,0.46759370,0.01684223,0.54899257,0.00194839,0.29979381,0.92454988,0.43659279,0.22990216
0.04023061,0.10940678,0.05879094,0.00887065,0.83230573,0.68167621,0.00096232,0.17427206,0.82222521,0.00128196,0.02634962,0.22989479,0.84038347,0.57683498,0.21299501,0.00254918,0.07173009,0.01392163,0.94698584,0.01655801,0.00121878,0.10949077,0.95879978,0.60617644,0.00078198,0.00004130,0.02789346,0.01152509,0.00693618,0.23463391,0.00466911,0.00608651,0.20935357,0.33889192,0.81991887,0.95866090,0.05205403,0.00044364,0.73137301,0.13564526,0.22541250,0.58927101,0.09256551,0.10415069,0.02260339,0.03220914,0.00588566,0.14414158,0.12035454,0.00207667,0.48261270,0.87841058,0.77640963,0.37598380,0.00554840,0.96514153,0.18543027,0.00038614,0.00858546,0.04767491,0.90014124,0.49440417,0.32586578,0.99996984,0.02057230,0.00204102,0.08964640,0.03934299,0.08487241,0.96903807,0.04832489,0.46676829,0.18761005,0.00570636,0.00918208,0.72569448,0.32290602,0.88882768,0.00802825,0.38468990,0.66464502,0.00321947,0.19008406,0.99078649,0.04032221,0.05383728,0.12485607,0.05893797,0.16632946,0.94027698,0.99618453,0.02561031,0.02914508,0.06603410,0.12878972,0.59503376,0.00999427,0.14881673,0.75576997,0.00351547,0.12469174,0.62510115,0.94440883,0.20113893,0.90647686,0.04721127,0.05904551,0.00231514,0.42127994,0.88674712,0.24466054,0.07798496,0.01246865,0.60483217,0.00004059,0.16632833,0.30829152,0.58884579,0.21078593
0.01522992,0.12689658,0.05232403,0.00511695,0.95759767,0.60352838,0.00036862,0.18991476,0.03235247,0.00237356,0.35840094,0.91202682,0.10805685,0.70810765,0.36877665,0.00081610,0.02269211,0.00578892,0.93837112,0.00148878,0.00130751,0.25167271,0.75133932,0.70941311,0.00059564,0.00008217,0.00244910,0.00074975,0.01430228,0.89975196,0.05572110,0.05044140,0.34970695,0.07380207,0.28436813,0.81856066,0.15929207,0.15134910,0.72608054,0.04328240,0.20911634,0.32325935,0.04170654,0.51868439,0.08798604,0.00134067,0.04611612,0.15672590,0.12827440,0.00134051,0.75652671,0.96682709,0.01449358,0.69318408,0.01822512,0.05098739,0.12860963,0.00017578,0.00146104,0.05379919,0.99758655,0.00621395,0.04105074,0.99991763,0.04725400,0.13534734,0.29905152,0.09524907,0.40696102,0.96672744,0.03156086,0.40030596,0.00000142,0.23313041,0.00042910,0.93359441,0.68137699,0.98302335,0.04730768,0.07713754,0.89627481,0.00034258,0.20974177,0.98338437,0.36385936,0.04007046,0.03539866,0.20930248,0.56993324,0.00058106,0.99998295,0.02014231,0.05228789,0.08840983,0.39030984,0.32970557,0.00507996,0.12945551,0.59740251,0.00143410,0.07798407,0.58154178,0.14437351,0.58114290,0.96132725,0.42973650,0.04441224,0.00935562,0.01279452,0.77055001,0.85685515,0.31777164,0.56792897,0.98932958,0.00001202,0.48379529,0.02726968,0.73303908,0.44829619
0.02770929,0.04624134,0.02690358,0.00084457,0.84959763,0.69097972,0.00124310,0.19552360,0.74031055,0.00164858,0.03493327,0.00095310,0.32272258,0.74129450,0.34016079,0.00018415,0.15589164,0.02269101,0.72072935,0.16642711,0.00506625,0.57677430,0.01735096,0.51370674,0.00190673,0.04170560,0.00017416,0.00231376,0.09503175,0.01625059,0.67891431,0.82738316,0.44062465,0.03703569,0.26236114,0.81784016,0.49512300,0.00007537,0.77076620,0.18058354,0.26439747,0.14295837,0.13975652,0.37547475,0.05973352,0.00452897,0.01804995,0.22646819,0.04741562,0.01716139,0.89448082,0.68819690,0.43639112,0.73930097,0.03548600,0.00007797,0.03424938,0.00097593,0.00019770,0.17003706,0.67161459,0.90520531,0.42908618,0.99610436,0.12198401,0.00432514,0.21641508,0.25741762,0.32438174,0.75945884,0.06767261,0.08809674,0.78786474,0.00656156,0.00297896,0.11132553,0.03188061,0.76413608,0.08484573,0.09018443,0.91037399,0.00002125,0.66189516,0.96815085,0.30183202,0.15373939,0.07113382,0.68266088,0.27175957,0.95590854,0.99992722,0.02546737,0.42258906,0.30861402,0.18580392,0.30149332,0.15298113,0.19163254,0.65704340,0.13779914,0.06573687,0.24941765,0.92397112,0.56838536,0.92379808,0.61818916,0.21119800,0.42233622,0.00136263,0.80401146,0.84212476,0.36562806,0.02335356,0.66724032,0.00001542,0.40610707,0.00256553,0.84833765,0.42200807
0.00795361,0.07706272,0.32419783,0.01047054,0.75397629,0.78490329,0.00600299,0.34611461,0.05021857,0.00109849,0.00205742,0.97435105,0.93070900,0.66809034,0.32702881,0.01318683,0.28427494,0.07942818,0.71977139,0.86392969,0.01772627,0.43014470,0.01106111,0.39547834,0.01072085,0.04420442,0.00012041,0.00267270,0.50658458,0.36891115,0.31038389,0.12348464,0.51516593,0.06843790,0.37707767,0.56905562,0.42040670,0.12931404,0.64159960,0.29244110,0.07190379,0.30718681,0.18867686,0.35371462,0.07442888,0.20531052,0.07802153,0.30558711,0.27785310,0.00997526,0.53841990,0.23402201,0.09548412,0.84547889,0.05448272,0.96214795,0.00304291,0.04071115,0.00004466,0.17684576,0.00336410,0.00325484,0.43512970,0.91832274,0.18700123,0.05838914,0.29675078,0.36203158,0.44873476,0.08620666,0.35266209,0.19263765,0.00014759,0.23093832,0.00741885,0.00839789,0.00118006,0.49727318,0.05054241,0.21525821,0.10145726,0.00000641,0.74552143,0.85166687,0.04605547,0.15686497,0.11317353,0.10681175,0.55740607,0.01269757,0.98665339,0.08243040,0.20529319,0.14660637,0.05570551,0.57747000,0.46546257,0.05451699,0.33621958,0.02858723,0.12274908,0.63261157,0.05571027,0.52924776,0.81278771,0.00395418,0.18806607,0.87780124,0.01868113,0.45240149,0.70363146,0.20336030,0.00092033,0.07745291,0.00004340,0.46709821,0.04445783,0.60164160,0.69665992
0.06050928,0.12365145,0.29928294,0.16489771,0.57521749,0.05255273,0.00198097,0.31723860,0.59203959,0.00081290,0.21330234,0.00133239,0.30423927,0.27846777,0.34580585,0.00872641,0.22332467,0.03391963,0.62599349,0.07082096,0.06528134,0.69607699,0.37333882,0.70061260,0.02571799,0.00082354,0.00179406,0.00384911,0.01693286,0.45250645,0.04439577,0.00127950,0.53175551,0.00448743,0.16974126,0.72558469,0.54500723,0.00067338,0.23690674,0.29888442,0.17954080,0.58353496,0.16211867,0.39718735,0.32822880,0.63085765,0.22137074,0.53357404,0.05253202,0.10232214,0.04917946,0.56839037,0.40717307,0.46804267,0.21291375,0.30770826,0.00226367,0.00916260,0.00004184,0.41593251,0.00350292,0.88472033,0.12663934,0.61574143,0.55311143,0.00316213,0.58493400,0.14749919,0.56993622,0.02923246,0.37128800,0.27326414,0.01010043,0.00516812,0.02963611,0.00713704,0.07954304,0.51053399,0.02212537,0.15240267,0.05528539,0.00007824,0.18782844,0.77448577,0.06530630,0.19400752,0.00030497,0.09372453,0.17834914,0.90869826,0.97088510,0.07136387,0.11416031,0.02338604,0.07286158,0.74788678,0.12242623,0.11375652,0.28325868,0.02993832,0.22567229,0.54563427,0.79961437,0.53877014,0.66630554,0.00304163,0.24813153,0.01702600,0.31978738,0.41021258,0.40866843,0.15090981,0.25289088,0.00739948,0.00144486,0.34091598,0.42190644,0.33798587,0.42479938
0.05161003,0.10283884,0.59451628,0.13126975,0.76154560,0.01935758,0.00161443,0.48615521,0.01840110,0.00556119,0.00957202,0.30947065,0.01775782,0.31047428,0.35690281,0.01397995,0.39100814,0.04859432,0.64564121,0.00216464,0.01735519,0.45882758,0.55799162,0.48536757,0.00415194,0.00035201,0.00299544,0.01055023,0.00424453,0.06210072,0.00079843,0.00269334,0.39736453,0.02116282,0.22315960,0.71230525,0.48304158,0.06167570,0.16884421,0.20392077,0.28590092,0.48851719,0.23586686,0.35626262,0.57850683,0.64527017,0.15214030,0.53806204,0.03781122,0.11913355,0.17077066,0.65661925,0.06976292,0.58281088,0.07833938,0.02393326,0.04626790,0.00046236,0.00025502,0.11879525,0.55173713,0.00071252,0.33751062,0.03341003,0.58239853,0.02341715,0.42364100,0.17175831,0.53830498,0.45923290,0.29668120,0.15874413,0.78751719,0.32364511,0.02441272,0.55334908,0.63450795,0.39575443,0.09270021,0.24988917,0.50160980,0.00066857,0.01082959,0.65245360,0.05738485,0.15601780,0.36703923,0.07870018,0.02152899,0.01140176,0.89187139,0.11878403,0.10645078,0.00523999,0.09128350,0.61127162,0.23385800,0.35140339,0.17703922,0.00356872,0.20072500,0.58906704,0.02748818,0.43095240,0.76988864,0.06584680,0.29912356,0.00024594,0.33665460,0.41620553,0.05140937,0.37012652,0.00022509,0.48589063,0.00516927,0.35906488,0.62129253,0.42871368,0.39929736
0.00933169,0.11254048,0.25426441,0.00633808,0.74338651,0.16872677,0.00186337,0.46032205,0.33112928,0.04124708,0.02428837,0.09482826,0.55748630,0.43119147,0.38180196,0.00250062,0.28696147,0.17675163,0.53640723,0.00902867,0.00841738,0.38872528,0.51452935,0.41649601,0.00101933,0.00200287,0.01409763,0.02417015,0.03913676,0.49704367,0.01475748,0.03820877,0.36056653,0.07893112,0.28744131,0.59161913,0.25036821,0.00656727,0.31763393,0.11964078,0.35231704,0.43764141,0.30629146,0.48100546,0.25070322,0.23209186,0.17259425,0.15559293,0.03640120,0.13774870,0.59858906,0.66430193,0.32936370,0.49359417,0.02895042,0.53728372,0.03886618,0.00005368,0.00183585,0.03411702,0.91682810,0.73654634,0.17434143,0.03781513,0.18077123,0.00452607,0.34619024,0.02472144,0.53300768,0.88199395,0.35267258,0.22594519,0.01880736,0.00679078,0.03028754,0.76177675,0.18552189,0.25733161,0.08363108,0.22713725,0.77854109,0.01004583,0.08861011,0.54094577,0.02413898,0.05554965,0.05485309,0.14802320,0.04967340,0.75923777,0.88861847,0.08180649,0.29659978,0.00015634,0.04993985,0.58802021,0.03483483,0.20293468,0.13237406,0.00028458,0.10175945,0.68073523,0.57134324,0.56558383,0.46125010,0.10846854,0.24436967,0.04336472,0.02718178,0.44130388,0.00920558,0.23747160,0.07787223,0.80336267,0.00315611,0.51366955,0.62106466,0.45275432,0.18849130
0.00048962,0.36395013,0.48553285,0.00004780,0.71232432,0.23216356,0.00521767,0.65391916,0.00826390,0.04767269,0.79813910,0.69739425,0.02408503,0.33545527,0.63187414,0.00121125,0.34267449,0.58630693,0.35670060,0.04270516,0.13951680,0.33269677,0.01892760,0.38559404,0.01140790,0.03638918,0.04241318,0.07470901,0.37244713,0.62952256,0.37477171,0.76890862,0.49657702,0.01411314,0.18585265,0.45056164,0.14590961,0.15371232,0.33687299,0.10186166,0.19699748,0.41259772,0.12255865,0.41748670,0.32231492,0.25505942,0.28213206,0.12567483,0.04588480,0.49438095,0.76029098,0.11742958,0.07937402,0.43463174,0.06072699,0.05333969,0.15348814,0.00047541,0.01110880,0.01801887,0.68753195,0.00552214,0.51511407,0.03942164,0.17485112,0.34485051,0.38935295,0.03103339,0.46654919,0.40915439,0.56347287,0.39474547,0.00627719,0.28397784,0.24260515,0.50550711,0.04455420,0.16654724,0.38647011,0.04607666,0.57639843,0.04686025,0.27571908,0.42447037,0.04179412,0.05383930,0.00007873,0.25209180,0.06930905,0.00763198,0.75041431,0.22711319,0.48229554,0.00124141,0.07210697,0.54314929,0.13261580,0.26461360,0.04683058,0.00097986,0.24639815,0.67097652,0.01714648,0.42879131,0.50085986,0.67196470,0.33267018,0.61193383,0.00026125,0.37458444,0.00003943,0.48492181,0.48578814,0.30112821,0.01941753,0.51210749,0.12375118,0.61134827,0.16461858
0.00001221,0.17698729,0.36070591,0.00084543,0.63050681,0.18016422,0.04672084,0.59733081,0.59808326,0.60744041,0.00194396,0.01925324,0.36934313,0.39717722,0.56890953,0.02122525,0.25289541,0.96492094,0.20019506,0.78559804,0.53257728,0.41311884,0.01691596,0.32250395,0.04574277,0.04962746,0.10546519,0.48020881,0.26362157,0.02646729,0.24977237,0.15562347,0.50138640,0.05145522,0.19516793,0.46300250,0.04462207,0.00068346,0.46866024,0.06445511,0.04812877,0.67985862,0.09374496,0.37628353,0.12679367,0.18360409,0.21847937,0.09359852,0.07301752,0.54385853,0.08980814,0.08405846,0.55764842,0.08780752,0.19146052,0.01325924,0.14050448,0.04331538,0.64538950,0.02110463,0.00045073,0.86655092,0.46486506,0.06601128,0.21806055,0.00038569,0.43344453,0.01048291,0.32270384,0.00379975,0.60353673,0.29503307,0.57733470,0.00201836,0.75626135,0.00059981,0.00017111,0.06025446,0.16693206,0.22801298,0.12003557,0.05280579,0.13979760,0.66317725,0.02310324,0.02592945,0.49997908,0.18765539,0.04001820,0.90762287,0.78724188,0.16791990,0.25423867,0.06606656,0.25857130,0.56588858,0.41293329,0.10365397,0.03253889,0.09610706,0.26339766,0.55864590,0.90282089,0.69036627,0.27805245,0.07883912,0.54705489,0.29810742,0.03338698,0.53965431,0.00010823,0.39539754,0.00028883,0.00276080,0.11493833,0.45558557,0.01487641,0.63372898,0.15527949
0.00002019,0.67789584,0.47266492,0.28527501,0.66715288,0.08153759,0.12276575,0.55212808,0.00223927,0.01502073,0.00148694,0.84598535,0.95359540,0.41720551,0.55039030,0.29941818,0.14121909,0.99760193,0.66623688,0.14747311,0.20378481,0.44633850,0.17980458,0.31123009,0.04639486,0.00492853,0.33423150,0.23854841,0.04494921,0.81763977,0.01788446,0.00010827,0.42027858,0.05323552,0.08298373,0.65983111,0.02241929,0.16486984,0.96534485,0.08192251,0.08942423,0.86682498,0.23596537,0.17649972,0.24413998,0.54614806,0.10452177,0.15527736,0.00163196,0.56715596,0.00701567,0.55459517,0.10470387,0.01087190,0.23011704,0.94698697,0.07834566,0.02981753,0.89633274,0.00103628,0.00539384,0.00346903,0.09503042,0.03468015,0.09325584,0.49451634,0.31009349,0.00078155,0.15979503,0.01270470,0.34646484,0.36109388,0.00144018,0.58493769,0.90518039,0.00520293,0.06644568,0.02903371,0.46314266,0.31568533,0.01653072,0.06392334,0.01341579,0.52539617,0.09517064,0.03636375,0.00010536,0.40800959,0.07957046,0.02505833,0.50916147,0.73229390,0.26874298,0.05073275,0.90914470,0.42580241,0.00451275,0.12989825,0.02704665,0.14529517,0.49344823,0.73203391,0.01781853,0.83797324,0.40459901,0.00041633,0.76055634,0.00437867,0.69502467,0.27431253,0.00031052,0.55409902,0.13405074,0.01080307,0.02775879,0.30780476,0.02737157,0.34037235,0.11336272
0.00000123,0.64376819,0.21487257,0.09036237,0.52537751,0.00021183,0.10127380,0.36667627,0.89897513,0.85852253,0.67050391,0.00434103,0.01483592,0.69826347,0.57188666,0.05246087,0.08068108,0.99979979,0.39600801,0.00078362,0.03053103,0.66752172,0.95812005,0.34175473,0.02693578,0.00000329,0.23366098,0.18019532,0.00046674,0.10438203,0.00007978,0.00399151,0.29307839,0.08966051,0.11663906,0.71382779,0.00253308,0.00005618,0.98461765,0.03528129,0.01783378,0.86666387,0.06256127,0.12659660,0.42764208,0.32783470,0.04734008,0.07583603,0.00007268,0.08971731,0.11532343,0.98850048,0.84298503,0.00065074,0.19432086,0.00334006,0.08647320,0.00197597,0.90048707,0.00001494,0.48841575,0.95135075,0.04213556,0.13338630,0.18872105,0.00001465,0.34568292,0.00033349,0.64101171,0.62836033,0.24793340,0.17962766,0.04252304,0.00045854,0.59366935,0.10544897,0.77620900,0.04824929,0.61075234,0.61681402,0.22401777,0.09913682,0.00210092,0.50917262,0.02821637,0.04864856,0.00933084,0.31809133,0.00049465,0.96931767,0.68200302,0.45909470,0.08965106,0.17302275,0.99258900,0.29757184,0.00746668,0.19471711,0.01560114,0.23912899,0.23134410,0.64832300,0.98021168,0.74971139,0.27739587,0.01953642,0.48249343,0.00007124,0.18070416,0.41023573,0.00013306,0.52755594,0.00323335,0.73391217,0.02020404,0.40044460,0.22581507,0.19038618,0.14072818
0.00000002,0.31368372,0.36790723,0.00007447,0.93756425,0.00871270,0.08618443,0.31521186,0.00095041,0.62161016,0.00000751,0.94292188,0.11878132,0.48273334,0.77752650,0.00040398,0.02823320,0.99999881,0.58534294,0.20563933,0.00173748,0.44163540,0.63653278,0.44317323,0.00025766,0.00000711,0.08946013,0.22194286,0.02329695,0.10066681,0.00112949,0.73151553,0.53946722,0.17833844,0.14348622,0.65445876,0.00026572,0.52261531,0.99889934,0.02357084,0.11915051,0.78006208,0.16534159,0.39092672,0.37643754,0.02790631,0.00299089,0.03891826,0.00004231,0.03198589,0.90232784,0.98742545,0.02111579,0.05616851,0.13120712,0.02068633,0.07489769,0.00003051,0.62960780,0.00000219,0.98776227,0.00022476,0.23944084,0.01564695,0.07265437,0.12524812,0.12270827,0.00008386,0.50550079,0.99178797,0.29704791,0.36447546,0.77753276,0.76203144,0.04976622,0.98776543,0.27860498,0.02057653,0.61784339,0.53436893,0.98819709,0.08041880,0.00866278,0.43435907,0.12140420,0.00518275,0.86708355,0.46949053,0.00010420,0.00085562,0.60899532,0.19338591,0.73637521,0.09963189,0.99837941,0.11730644,0.00110559,0.09109773,0.01467812,0.00291058,0.11609966,0.62089223,0.00585071,0.69582826,0.43988526,0.92723531,0.32284331,0.02789877,0.01200066,0.46835607,0.00001723,0.63300556,0.00872045,0.99129665,0.00026157,0.39766619,0.44969511,0.48487842,0.00820663
0.00006974,0.15534984,0.05105596,0.00007188,0.98696715,0.47815931,0.48141098,0.14600164,0.94850993,0.26465341,0.98250639,0.32204697,0.99484152,0.31281665,0.95461404,0.00005104,0.02367591,1.00000000,0.38853261,0.60993004,0.00144175,0.38045004,0.53906167,0.07752110,0.00000641,0.00009412,0.05792626,0.07618857,0.65345454,0.60454649,0.64618939,0.45695555,0.66591251,0.41172209,0.11317605,0.63469481,0.00081708,0.00001056,0.99977779,0.00450757,0.12590671,0.69928437,0.30554351,0.36251020,0.00490564,0.01084142,0.00731389,0.00217578,0.00032590,0.03639385,0.62855220,0.91315967,0.96716464,0.21606144,0.08566736,0.80063868,0.02105863,0.00001552,0.18875875,0.00005920,0.89975077,0.97460711,0.19898273,0.18068072,0.02219725,0.00612029,0.24761048,0.00026709,0.20660347,0.98015314,0.73738092,0.18986446,0.00005804,0.00008013,0.03207397,0.88590956,0.00018884,0.04677568,0.38991556,0.29298010,0.94667906,0.12498787,0.72159040,0.45403185,0.03961502,0.00076293,0.00002482,0.52016848,0.00048199,0.97779900,0.51698810,0.23084897,0.01979139,0.08564349,0.07025848,0.15646307,0.00008598,0.03395679,0.00059959,0.00008841,0.00252660,0.87553614,0.98070562,0.92598987,0.46293327,0.32478940,0.36104706,0.91145265,0.00016684,0.32060483,0.00047834,0.49305338,0.78321731,0.94452649,0.00004540,0.20156963,0.24564549,0.62329221,0.00361260
0.02451439,0.02139860,0.98466414,0.01102272,0.71852720,0.01451631,0.00155357,0.67085856,0.89692217,0.02043539,0.00318644,0.17880282,0.91623932,0.10708342,0.46801278,0.00543675,0.03705226,0.04049389,0.04283033,0.07740197,0.00289019,0.28025782,0.71978128,0.88353080,0.00018838,0.00074603,0.01849005,0.00873586,0.00944563,0.27393493,0.00894139,0.00221826,0.23620370,0.53580499,0.97088534,0.33332747,0.03401591,0.00008610,0.85675311,0.04071716,0.68763602,0.22515522,0.02417817,0.23160112,0.80342418,0.10234293,0.03430874,0.29465973,0.02614396,0.05982748,0.08230734,0.51947856,0.96837401,0.31517863,0.00063857,0.96208990,0.20979019,0.00023317,0.04140254,0.04933881,0.82514614,0.34565890,0.03836501,0.00011425,0.67511904,0.00169479,0.87375557,0.01363527,0.90216100,0.88655490,0.41327816,0.00072717,0.70166355,0.00051974,0.00860339,0.51606339,0.18901506,0.00816483,0.19983643,0.87567121,0.76109117,0.09413784,0.04588544,0.98012966,0.25019950,0.02852376,0.24408808,0.00091473,0.13883945,0.95937485,0.61875904,0.00869095,0.10299621,0.00655947,0.12998211,0.42579350,0.00974840,0.06896497,0.05790206,0.00123839,0.01495749,0.85766548,0.91398621,0.11840966,0.11471422,0.00315077,0.41321743,0.00496678,0.47796735,0.42929620,0.54875308,0.56538504,0.00640216,0.64246321,0.00112649,0.49585369,0.73286235,0.04762673,0.28600514
0.07331672,0.08879979,0.98912507,0.00733645,0.54131913,0.14677434,0.00079389,0.44690144,0.00365070,0.05661703,0.44654348,0.77454108,0.18314928,0.11759353,0.26253894,0.01006188,0.05717734,0.03355798,0.37658891,0.00497263,0.00040712,0.56821340,0.59162706,0.86772329,0.00010179,0.01480429,0.00968951,0.00511712,0.04542191,0.94255430,0.18873478,0.11386440,0.36792788,0.28571561,0.95629203,0.18566798,0.19803008,0.24099372,0.96205801,0.05395665,0.89169180,0.16027710,0.01193605,0.15869738,0.83313179,0.57181036,0.06522456,0.14753623,0.01604870,0.12260289,0.63512862,0.94839180,0.00289707,0.43419331,0.00143639,0.01996796,0.27182963,0.00007297,0.03277276,0.02469160,0.93319565,0.01761949,0.00982933,0.00055620,0.62995523,0.11282615,0.90133792,0.03915898,0.83087707,0.96967018,0.21053463,0.01608859,0.00047333,0.21015501,0.02355984,0.98160392,0.68354601,0.02639161,0.36373281,0.84210896,0.88039601,0.25197577,0.50225407,0.96459496,0.52448225,0.01090375,0.00249396,0.01099142,0.04982484,0.03092360,0.62448359,0.00711635,0.76173872,0.00297979,0.06802294,0.51091641,0.00277567,0.19676882,0.18508562,0.00025478,0.01916238,0.66631949,0.00612687,0.20429838,0.14104247,0.34324899,0.26261798,0.26546869,0.01295633,0.19653492,0.46409234,0.83756483,0.31065580,0.68101907,0.00038292,0.31333551,0.82569027,0.04083427,0.14194137
0.06719191,0.01419567,0.99992120,0.00022842,0.68340415,0.39932227,0.06170106,0.75755090,0.92590564,0.88022751,0.00541833,0.00874392,0.11219513,0.31406337,0.44469690,0.00030696,0.10368466,0.03560939,0.45277160,0.59765989,0.00127539,0.66471171,0.57749438,0.74549741,0.00085226,0.01988219,0.00822098,0.07854877,0.29250810,0.01995682,0.29255527,0.44181439,0.62209600,0.62589961,0.97394264,0.27887824,0.07097268,0.00007007,0.92720550,0.16238064,0.91412216,0.03053883,0.02131686,0.28111899,0.59321421,0.40590814,0.02818864,0.12784874,0.02757772,0.14375038,0.74415463,0.74972010,0.93059599,0.52989131,0.00213253,0.04060952,0.68580151,0.00035756,0.01263569,0.08358702,0.12752895,0.86737925,0.04734122,0.00054781,0.30712801,0.00120167,0.76749033,0.04851542,0.89821637,0.36682463,0.42381147,0.00114049,0.41548696,0.00145160,0.03524397,0.70408976,0.00130454,0.06509767,0.18843038,0.52866590,0.72347289,0.15149662,0.70473170,0.99453992,0.50711024,0.00021846,0.30582142,0.00438255,0.20154382,0.92746657,0.45215654,0.01447254,0.42215410,0.18820348,0.04009897,0.48510268,0.03595348,0.22669916,0.20532219,0.00018558,0.05922426,0.55327410,0.93086451,0.05601233,0.54286647,0.57631803,0.20102945,0.21218346,0.00243028,0.33091155,0.11017740,0.58106399,0.00368626,0.37917385,0.00926772,0.19957672,0.02040404,0.07859633,0.17437966
0.02441833,0.05283386,0.95653355,0.04156963,0.70790082,0.66525829,0.04976914,0.61033416,0.01122447,0.00934634,0.02156213,0.84646553,0.97359926,0.16222598,0.46571511,0.00480894,0.09520288,0.03843140,0.34632230,0.33961964,0.02403798,0.63293767,0.00589232,0.50374138,0.00137241,0.04718485,0.16308342,0.05283776,0.62020057,0.55327314,0.14654768,0.00978548,0.66437268,0.91160351,0.98248672,0.26427644,0.02348727,0.15760717,0.73051918,0.31987667,0.93278706,0.04805613,0.04622190,0.08950891,0.44001219,0.35392705,0.06397340,0.09288630,0.10213277,0.44562256,0.09185219,0.50237459,0.00176687,0.56941426,0.00061081,0.97295421,0.28875214,0.00230782,0.07429311,0.36462143,0.09936303,0.01460849,0.02325149,0.00079629,0.11076858,0.47272635,0.72861838,0.05023613,0.45078778,0.14495291,0.35816413,0.06540771,0.05260926,0.14480929,0.19744214,0.06230790,0.00090721,0.01525730,0.05718049,0.44359350,0.46218938,0.13861714,0.47851729,0.98376048,0.70417720,0.00004864,0.02548597,0.02072820,0.57287788,0.00251208,0.63679671,0.02884484,0.71162713,0.16434185,0.12116615,0.13735652,0.06194988,0.30190790,0.41417974,0.00092342,0.05630743,0.89635211,0.03626894,0.12972942,0.33742514,0.01610198,0.31981775,0.26776242,0.24635035,0.17295779,0.66315997,0.85202628,0.00973196,0.25109601,0.01390665,0.18563391,0.04318865,0.15227258,0.29151666
0.06331869,0.06872139,0.85523480,0.12471601,0.63363814,0.65956002,0.01903467,0.66077489,0.84950691,0.16249156,0.35267022,0.02895216,0.20461610,0.28211084,0.64489985,0.03630765,0.12222987,0.03863515,0.74297386,0.00132783,0.10256904,0.67927468,0.17351305,0.69624138,0.00428005,0.00145797,0.09014210,0.01082226,0.03317265,0.32854474,0.00225400,0.00150228,0.66085440,0.90049273,0.95617503,0.47179759,0.02690464,0.00024558,0.57142192,0.39603788,0.51177794,0.12440948,0.08320569,0.02248570,0.64661789,0.59072948,0.05857368,0.25388879,0.07750648,0.32058957,0.06794269,0.15808302,0.86137038,0.03048720,0.00209264,0.02086419,0.46156996,0.00408582,0.05762380,0.60823596,0.02252729,0.63919491,0.00212031,0.00431386,0.14696637,0.00066319,0.79667473,0.02770415,0.67045945,0.18755729,0.14082134,0.02434233,0.00303930,0.00148839,0.10918608,0.00451238,0.51410991,0.04802388,0.09232790,0.67776483,0.20637435,0.06452234,0.31040281,0.97970718,0.26722613,0.00289423,0.00359438,0.06921470,0.07831251,0.91518945,0.28921014,0.02266004,0.08467671,0.10159843,0.11414891,0.19877848,0.04143806,0.47931170,0.65400600,0.00298610,0.13793322,0.93102509,0.84693438,0.08172716,0.32096416,0.00165885,0.35001814,0.00522973,0.13248087,0.30654252,0.35912776,0.52904457,0.20087469,0.05310839,0.01460677,0.23088090,0.49233568,0.04389701,0.37777656
0.02956754,0.08581819,0.82711053,0.00431223,0.48974475,0.21105964,0.00692094,0.86103672,0.00689719,0.11183663,0.00420812,0.10757264,0.00746994,0.11352660,0.46694264,0.02100029,0.31207374,0.02198325,0.83363932,0.00333512,0.06478669,0.82935065,0.32346722,0.55596465,0.00812616,0.00034757,0.03071426,0.01682859,0.02521914,0.44126892,0.00106635,0.04833834,0.64652693,0.82496846,0.90412718,0.63210076,0.01107178,0.08284681,0.40834045,0.16771355,0.68643349,0.03092364,0.13537705,0.05448805,0.64586294,0.17385115,0.06706712,0.29841787,0.01883822,0.24942233,0.33762908,0.22474934,0.00400644,0.01761960,0.00566287,0.06061984,0.11990560,0.00412079,0.08192635,0.44929832,0.67299980,0.03603663,0.03657528,0.00166875,0.44342622,0.10485612,0.85746026,0.01077404,0.70880747,0.66849589,0.07862284,0.03185930,0.51736856,0.23203619,0.04290541,0.21891026,0.63888150,0.04015004,0.18022457,0.61342829,0.66825199,0.05014465,0.02885396,0.80948102,0.60233057,0.00081795,0.52132416,0.05033965,0.09541626,0.00649147,0.45677522,0.02971165,0.38761640,0.04616537,0.17630447,0.32573551,0.05906655,0.63240439,0.51258773,0.02596538,0.25120431,0.84224135,0.02534167,0.21638490,0.47788450,0.04671519,0.41011333,0.00509790,0.17848906,0.33469251,0.13104361,0.65529150,0.00186868,0.56356680,0.04291430,0.30281812,0.58371413,0.16536169,0.18435946
0.01002820,0.04224342,0.85752189,0.00552697,0.45380259,0.03707796,0.00717979,0.66549480,0.51716882,0.11138232,0.06692845,0.32197374,0.58485895,0.17739575,0.50269270,0.01400454,0.50932240,0.00831406,0.71056831,0.10476183,0.01816674,0.49461737,0.41367882,0.74117863,0.00555135,0.00004051,0.02365227,0.01919084,0.07281224,0.71771497,0.33883607,0.03256970,0.37407479,0.75800925,0.86120391,0.29163834,0.02165821,0.00144498,0.36630753,0.15269484,0.71404958,0.15093276,0.12244175,0.05917124,0.12181524,0.30751517,0.07036883,0.28927743,0.03909899,0.16874328,0.45380530,0.44154000,0.57123214,0.53319907,0.02322149,0.69171792,0.05329122,0.00153468,0.13069889,0.09988033,0.69486880,0.22058529,0.06929455,0.01200254,0.06829355,0.00140794,0.74749213,0.01284407,0.33898330,0.86722404,0.09323703,0.04260683,0.03512597,0.00387222,0.01416681,0.56162572,0.02462210,0.14260769,0.10471951,0.64382219,0.77810740,0.18266240,0.17639682,0.75683695,0.07742452,0.00212505,0.02373845,0.14651605,0.04627733,0.78658330,0.47928822,0.03476325,0.34050441,0.00368217,0.07468288,0.20526727,0.03836982,0.52811897,0.37708467,0.00318032,0.02816802,0.76185971,0.49281573,0.16634980,0.33718568,0.04550260,0.31737053,0.12902273,0.03212177,0.40967661,0.20388614,0.55245072,0.05628126,0.52762163,0.00078047,0.42563742,0.45548221,0.18347429,0.19811113
0.00799091,0.20096162,0.84508485,0.00600005,0.43879122,0.01686509,0.02737712,0.65506446,0.00357875,0.11922745,0.47830111,0.17946328,0.03183481,0.49338964,0.14071631,0.02271110,0.96812123,0.00543546,0.73682934,0.01143079,0.20319156,0.59171110,0.13182646,0.23383635,0.01311157,0.00109177,0.00747234,0.02579900,0.21289173,0.56221825,0.36268783,0.08846383,0.77330655,0.83946609,0.71150744,0.43018249,0.08015327,0.10253781,0.59610981,0.05667507,0.96205264,0.02301345,0.23250823,0.03061494,0.26613757,0.92527533,0.03789850,0.28650224,0.26383591,0.28230736,0.36227843,0.63032216,0.00237329,0.17902805,0.22290826,0.01276948,0.14349948,0.00253502,0.17294371,0.01040024,0.80183798,0.11963028,0.02392381,0.06722654,0.04873961,0.07211259,0.64804238,0.00363567,0.11474851,0.41323087,0.06525486,0.26790118,0.00579800,0.21926016,0.02219425,0.70397776,0.02917718,0.23522876,0.12262484,0.79536021,0.82097691,0.35837993,0.06845016,0.83553928,0.17753124,0.01555065,0.00453716,0.63922662,0.04420466,0.00858550,0.55969036,0.06810546,0.04709722,0.00194692,0.04797255,0.07246713,0.02479441,0.45808429,0.43486238,0.00264237,0.02301979,0.76419073,0.06442735,0.08870636,0.41467705,0.80621076,0.43087649,0.68208700,0.00265615,0.23003936,0.09119204,0.83987260,0.27434531,0.30865252,0.01515620,0.31773201,0.06027940,0.21969914,0.05425548
0.00556993,0.11646718,0.89329726,0.13091390,0.35800499,0.05117321,0.01096768,0.90791798,0.24864657,0.10243426,0.00375643,0.10759913,0.17994231,0.18312003,0.21021348,0.01438889,0.90467447,0.02068380,0.38094932,0.15196651,0.08870077,0.21160921,0.18012851,0.56746739,0.04504972,0.00430625,0.01553395,0.13085897,0.29992154,0.12557949,0.09833496,0.15877672,0.88017201,0.76373774,0.26847938,0.39728227,0.00909565,0.00054038,0.80227464,0.35742459,0.98333347,0.02239946,0.20926675,0.06951164,0.35301897,0.42837834,0.01800988,0.38037962,0.54462391,0.17837389,0.49775031,0.61460900,0.84911466,0.34616408,0.07268646,0.22171229,0.30317903,0.00048333,0.27943188,0.00134936,0.05606139,0.52084899,0.10480869,0.02334253,0.02997354,0.00477521,0.61231524,0.00548888,0.44134340,0.05116632,0.01120323,0.09418170,0.34955972,0.00810827,0.12114010,0.04203182,0.01818449,0.11891460,0.09588853,0.77516550,0.33851507,0.30039355,0.66092128,0.66264147,0.18750156,0.01941791,0.03207667,0.58901089,0.03253977,0.85017568,0.50192070,0.03306066,0.26246545,0.00657377,0.33645305,0.02196282,0.01308100,0.78252590,0.22456282,0.00296715,0.04688948,0.78709447,0.54739732,0.13903114,0.35553402,0.19145322,0.58667690,0.20029484,0.04115167,0.35697076,0.71712255,0.44831058,0.01747322,0.05425838,0.00614460,0.30652484,0.06277261,0.24028765,0.08561297
0.00357875,0.12031695,0.74509346,0.50296795,0.45559478,0.09527893,0.00847834,0.60337031,0.00505917,0.13427386,0.12709455,0.79490495,0.68709290,0.53605998,0.15517375,0.01865366,0.97610408,0.01556872,0.75986558,0.03019441,0.02917898,0.19093043,0.20167704,0.31487289,0.00260014,0.00142095,0.03968450,0.01950360,0.13969532,0.83565420,0.01121156,0.04868086,0.91609108,0.98607802,0.24556267,0.36608261,0.04571598,0.12700650,0.76760978,0.38908452,0.96145320,0.00703298,0.65358454,0.05608969,0.32573363,0.63152289,0.03416705,0.47291750,0.00470988,0.12676629,0.72863901,0.82323915,0.04346436,0.41203615,0.10945223,0.82172841,0.21235497,0.00079697,0.47524559,0.00281065,0.54944211,0.05262050,0.30035982,0.01526180,0.02289862,0.02960828,0.83192772,0.00303803,0.32650152,0.40829518,0.10535204,0.08090390,0.06030855,0.05179125,0.06132544,0.02371643,0.01781608,0.01033115,0.33165142,0.90069139,0.43569824,0.16580512,0.15131818,0.62578994,0.04575122,0.12070806,0.00907961,0.54870874,0.09966522,0.04988135,0.36913657,0.01746232,0.30958694,0.01075794,0.04355194,0.00296678,0.00259139,0.99605882,0.07059923,0.03076277,0.03088656,0.89427817,0.11857826,0.19842881,0.64778030,0.00693175,0.64702207,0.02501323,0.29982701,0.38658407,0.67053741,0.67611390,0.08768412,0.64000285,0.00158241,0.60945678,0.16823263,0.65965146,0.08676665
0.00715128,0.14338681,0.78489208,0.01767149,0.51601911,0.03089311,0.00498440,0.53025573,0.12239332,0.01152810,0.14508002,0.20133695,0.20234166,0.35346743,0.27355489,0.03274255,0.73647743,0.01418720,0.77032483,0.05941727,0.00229268,0.16256092,0.21493803,0.52888554,0.00245143,0.00035743,0.01250196,0.04999116,0.05032718,0.24012306,0.04854371,0.00233287,0.88610363,0.94590765,0.59682631,0.22179735,0.01055643,0.08051956,0.78673077,0.18091325,0.94439620,0.04181351,0.44852936,0.18375400,0.21819550,0.73700631,0.02141812,0.43975344,0.01146987,0.36941096,0.70312774,0.86582750,0.82672447,0.07582920,0.06001491,0.12984616,0.17429155,0.00061218,0.18841435,0.00628809,0.61128062,0.57084233,0.71123677,0.00965829,0.04991828,0.00601494,0.78023499,0.00516890,0.29723963,0.69736916,0.10739969,0.02205095,0.01531045,0.01140057,0.20695180,0.12705703,0.20023158,0.08478731,0.23140632,0.77302152,0.67272300,0.11202057,0.03676654,0.40163583,0.07804352,0.01347716,0.01425345,0.38274625,0.02278175,0.79548794,0.58727497,0.09023098,0.06203162,0.01447849,0.03477507,0.01014603,0.00755196,0.86333412,0.02217001,0.00760660,0.05388783,0.90430224,0.87086266,0.06185789,0.61753953,0.00688621,0.73349959,0.02883987,0.02640258,0.48919660,0.65633136,0.75930434,0.02621625,0.57940435,0.00547846,0.75997877,0.74498260,0.22898524,0.24293295
0.00684338,0.05177365,0.88990808,0.02635163,0.39695936,0.07064505,0.00937467,0.36602339,0.02821876,0.01091682,0.03054232,0.19629854,0.10634287,0.13497812,0.22429828,0.00326855,0.38967320,0.03813355,0.55487716,0.10119341,0.01212341,0.35827217,0.26561978,0.34605604,0.00044412,0.00146185,0.07197064,0.07124650,0.21411483,0.75260890,0.04244395,0.06116850,0.40566906,0.77155000,0.47582069,0.20994878,0.03639944,0.28900933,0.15573731,0.13387351,0.83023500,0.08195364,0.57432240,0.09712320,0.32921708,0.21012340,0.03499632,0.60519588,0.00598766,0.07265285,0.68633091,0.50676513,0.29732969,0.13335524,0.02857990,0.08248346,0.17878163,0.00070467,0.09824514,0.01284691,0.84262449,0.07868496,0.66770899,0.01055837,0.03474035,0.00844280,0.83656722,0.00988637,0.19080864,0.95098203,0.14299519,0.04801021,0.21199480,0.04209930,0.17186908,0.40758497,0.18574771,0.11019801,0.08598418,0.34239072,0.81242609,0.04061176,0.31925046,0.11991446,0.07246441,0.01990702,0.17371488,0.14836584,0.03174138,0.37191790,0.61847794,0.10070198,0.22699709,0.01798287,0.02673382,0.01640273,0.00603238,0.44637686,0.07568283,0.00954893,0.03783227,0.63237327,0.12802589,0.09812038,0.56674379,0.11829761,0.57220751,0.03151237,0.04639545,0.48782533,0.11426244,0.73812652,0.01184990,0.88208091,0.00356525,0.53203326,0.90739489,0.33256388,0.49663594
0.00793551,0.04789381,0.75010467,0.01105957,0.41194612,0.10632753,0.00453128,0.35986730,0.11102713,0.03690935,0.02476492,0.35002196,0.64494079,0.16588995,0.07339568,0.00049293,0.58624190,0.02574219,0.36312467,0.08036091,0.01694989,0.43178919,0.06848301,0.16784403,0.00042190,0.00180779,0.08941503,0.17805068,0.18174250,0.73764259,0.04181397,0.12352486,0.83356875,0.82176626,0.62704587,0.32100371,0.03205468,0.20307641,0.12387547,0.04773365,0.89071280,0.24833827,0.52720487,0.07476289,0.13084587,0.12380792,0.06388015,0.19692083,0.01243066,0.27116176,0.05863189,0.52620721,0.78464019,0.35329363,0.04764000,0.22232184,0.24876168,0.00071116,0.04493796,0.01799920,0.62983906,0.37112281,0.80345929,0.03567542,0.05759978,0.00558926,0.87323511,0.01456893,0.28817034,0.74744320,0.26161516,0.04943638,0.05010939,0.01195790,0.31376249,0.24560264,0.13788922,0.11689149,0.07320824,0.25865790,0.75510037,0.06303171,0.43124208,0.32343420,0.15605523,0.01512693,0.02769797,0.11895195,0.04531832,0.73695940,0.70296532,0.06401256,0.06934715,0.00755593,0.02318978,0.03135974,0.00520055,0.62582374,0.06864417,0.00380826,0.07691283,0.56452727,0.68238896,0.03451148,0.66085970,0.04752230,0.49902609,0.09944180,0.03276535,0.20068695,0.15403171,0.51253682,0.03528932,0.48644230,0.00249792,0.64959037,0.80928242,0.26125157,0.66821748
0.05835379,0.85802656,0.02752672,0.00655426,0.64925975,0.21865650,0.00251550,0.89785051,0.85639608,0.07127176,0.00670456,0.05477567,0.93451238,0.02121453,0.03386271,0.00861482,0.16455479,0.14011632,0.70846879,0.00590990,0.00085444,0.84597719,0.74636602,0.03181090,0.00063651,0.00036711,0.01569262,0.05572852,0.02045770,0.04562185,0.01538628,0.01954048,0.21599333,0.99534541,0.74468553,0.65093637,0.65071702,0.00048324,0.56854630,0.04854324,0.33203682,0.17290735,0.28788346,0.01963697,0.50055134,0.83360356,0.02471215,0.63947946,0.03359268,0.02812689,0.31282026,0.80458981,0.79196143,0.12214173,0.00956992,0.96050936,0.03757597,0.00054675,0.09982727,0.10731167,0.51330084,0.07699437,0.51838726,0.00016001,0.02599543,0.00586474,0.97864032,0.01314278,0.17804681,0.83515322,0.86138296,0.13778545,0.74497437,0.00059493,0.00500398,0.07235648,0.16647331,0.00276475,0.21772240,0.62217516,0.90926069,0.03647140,0.02533055,0.97701484,0.01131016,0.03038699,0.07851189,0.04202387,0.14450544,0.94601637,0.86865056,0.01042900,0.08767659,0.01778023,0.06519882,0.24938828,0.00532606,0.23522744,0.65189749,0.00353383,0.02526417,0.66032851,0.92828995,0.57309455,0.04180158,0.00261266,0.06528255,0.00832709,0.22993821,0.02602502,0.67105734,0.09052051,0.00543379,0.81633735,0.01759786,0.60226327,0.93214381,0.16559461,0.12623993
0.05373846,0.83550406,0.05678019,0.00334660,0.83153570,0.05650281,0.00377561,0.92183989,0.03743397,0.03572670,0.56401056,0.93900228,0.23459104,0.02972600,0.06898909,0.00195082,0.27077881,0.08542939,0.73938173,0.00483649,0.00120638,0.87749594,0.78977680,0.03077801,0.00217623,0.00230969,0.00969405,0.04078595,0.13607870,0.79465306,0.13906196,0.14397044,0.37268665,0.98696619,0.74731284,0.45525393,0.72662663,0.26635534,0.20666479,0.08848102,0.25339141,0.07847109,0.10539241,0.01818559,0.66639972,0.79331237,0.05760472,0.41648895,0.04023153,0.05709165,0.53234702,0.54351622,0.00062599,0.26172721,0.01660451,0.06964593,0.01862202,0.00045550,0.03902523,0.06996102,0.95797205,0.02876238,0.64430672,0.00006410,0.16939181,0.31485686,0.99763173,0.03581184,0.21938361,0.69271010,0.77329719,0.54650599,0.00166319,0.19713590,0.01120593,0.73772997,0.51425248,0.01294295,0.39310506,0.70869827,0.96139270,0.31247747,0.06119358,0.99828881,0.05245101,0.03543316,0.00060557,0.02659679,0.06382448,0.00207674,0.87449265,0.01243755,0.75162917,0.03571959,0.03515042,0.27271825,0.00544723,0.26220489,0.61463112,0.00100044,0.08278026,0.48078084,0.01907280,0.32110667,0.02201837,0.42090920,0.05889443,0.06174144,0.01533612,0.03136860,0.18382077,0.05493717,0.11648856,0.97854382,0.00078990,0.25610104,0.91572595,0.35979652,0.16955781
0.34943756,0.88065356,0.11230786,0.00830304,0.81976318,0.21160556,0.00688889,0.80101824,0.87623793,0.79731864,0.00569962,0.01287589,0.07796082,0.01396281,0.09945528,0.00031216,0.13644083,0.02793599,0.70104134,0.57871741,0.00082558,0.44387233,0.54879194,0.03480830,0.00701636,0.00344602,0.00514271,0.11007781,0.24314506,0.00699826,0.58128875,0.29579026,0.58053935,0.99070752,0.61507893,0.04279416,0.62885284,0.00004500,0.47299799,0.02471226,0.00566687,0.20450471,0.18033516,0.15889002,0.71697348,0.51459974,0.03730598,0.58011234,0.05343695,0.10821523,0.43008626,0.36948350,0.89715612,0.72119343,0.01351507,0.09214597,0.20120710,0.00167464,0.14048384,0.01722009,0.80323136,0.82405919,0.51681364,0.00014452,0.13409574,0.00024569,0.99994260,0.07736927,0.36539745,0.01382919,0.73610240,0.06142203,0.55356836,0.00217611,0.02720199,0.89927185,0.00116169,0.04106680,0.21895890,0.40791798,0.88880378,0.28847215,0.31762901,0.99791938,0.02710377,0.05470799,0.05259469,0.03149642,0.02212229,0.93257850,0.83363092,0.00501050,0.21646141,0.12182373,0.09420864,0.23440345,0.16973050,0.50988209,0.82359076,0.00054225,0.24588038,0.18071572,0.89135367,0.12643947,0.07356717,0.92904496,0.04965825,0.09859955,0.00202929,0.00395816,0.32153350,0.10837086,0.01328466,0.26718017,0.01635908,0.42645085,0.88166249,0.65799868,0.17945255
0.04226952,0.59721655,0.08688331,0.02106233,0.53695881,0.25584322,0.00635989,0.95652819,0.00463998,0.01551305,0.00560737,0.88340425,0.87480468,0.04425804,0.47017801,0.04120224,0.12724027,0.04276740,0.49308524,0.14695172,0.01400732,0.67853302,0.09087123,0.02024788,0.01617940,0.00499308,0.01163627,0.46551216,0.22896224,0.48092401,0.11898911,0.00556807,0.75079232,0.98715615,0.73768157,0.21429510,0.31043744,0.22480993,0.32307920,0.05810516,0.02443149,0.15539180,0.07567564,0.17335236,0.69652289,0.57204884,0.01617559,0.25773489,0.06848881,0.12797238,0.07666651,0.03281947,0.00030042,0.35871014,0.00131910,0.96895248,0.27502555,0.00947125,0.02203614,0.02660912,0.56176716,0.02805418,0.60078400,0.00007769,0.08873640,0.20144719,0.99924260,0.40374088,0.30815339,0.20374888,0.69387418,0.18970168,0.07485880,0.08345509,0.02238188,0.90921962,0.00093520,0.02232086,0.21339735,0.24543957,0.20158660,0.13995861,0.33594549,0.92507118,0.06923319,0.10831800,0.03249663,0.01026236,0.16988984,0.00078369,0.76619375,0.00835602,0.62367159,0.02173425,0.05083472,0.20369506,0.04319842,0.39075893,0.62995154,0.00227618,0.07582453,0.54700488,0.02997218,0.30709890,0.15275380,0.00966968,0.48394275,0.71714920,0.19118857,0.02360137,0.39576012,0.11917562,0.00448777,0.02221354,0.01140002,0.41777691,0.90424061,0.25430343,0.71205485
0.06719261,0.54282951,0.08969395,0.20928171,0.45468208,0.12615405,0.00596094,0.94081110,0.87688404,0.11506462,0.24298340,0.05789458,0.18010414,0.08475697,0.26806509,0.03519039,0.15972793,0.04828795,0.51643801,0.00019435,0.04991704,0.73499334,0.06559210,0.01539138,0.03159486,0.01346304,0.00450505,0.14498965,0.00974883,0.06158618,0.00081962,0.00053607,0.69199157,0.97328734,0.79192537,0.33183819,0.35852119,0.00002474,0.37268582,0.03022394,0.05691592,0.24959481,0.16345701,0.33207038,0.68634611,0.72951740,0.01146583,0.36256966,0.00984477,0.24946618,0.23311003,0.31709272,0.90193069,0.03857240,0.00249259,0.00756634,0.52563214,0.02675206,0.03991473,0.06775259,0.06337421,0.80055445,0.31303522,0.00191674,0.05859352,0.00386696,0.99535841,0.11956551,0.59338719,0.13959654,0.39545584,0.12554979,0.00286594,0.00582882,0.04735400,0.07438737,0.55974102,0.09303467,0.21308361,0.35003841,0.11874629,0.19693178,0.27964589,0.72954750,0.17335087,0.04855387,0.00390757,0.04671099,0.05017472,0.90486860,0.68536139,0.02479576,0.10615759,0.07147747,0.05971806,0.20661239,0.04252069,0.48520505,0.68225640,0.01186476,0.31279644,0.91383243,0.80524248,0.28017640,0.22768284,0.00013592,0.17205079,0.01470063,0.08420134,0.12833022,0.52245289,0.03927705,0.24452011,0.01656395,0.05580214,0.25747612,0.59950387,0.11117763,0.81497431
0.01544105,0.20859452,0.29991663,0.01574522,0.58748186,0.05167721,0.00244643,0.81116945,0.00833420,0.31177977,0.00027983,0.43621814,0.01245401,0.11134478,0.12606843,0.00076005,0.56368124,0.01719875,0.88761753,0.00130490,0.10975739,0.50185013,0.11632807,0.01002756,0.09104548,0.01112529,0.01631152,0.09763278,0.04821426,0.26480454,0.00081611,0.06610104,0.67658252,0.97328544,0.63413209,0.41252184,0.07234406,0.14464450,0.12073074,0.02947063,0.13407996,0.34634987,0.15268764,0.17550316,0.53008604,0.36551183,0.00112686,0.28283358,0.00574597,0.11195973,0.54280031,0.65507537,0.00168135,0.03805834,0.00404213,0.07992657,0.60181880,0.00061329,0.09468759,0.04020751,0.36144745,0.04059331,0.42925906,0.00042123,0.16032928,0.05809826,0.98556918,0.11192615,0.53872639,0.49851432,0.19381768,0.20221134,0.34157562,0.09210157,0.07471234,0.04582368,0.73717964,0.03232652,0.20268248,0.28091320,0.68542749,0.10522434,0.08304787,0.63289946,0.41027281,0.07451284,0.45217139,0.13481870,0.07393947,0.00374183,0.64049655,0.07356592,0.34024173,0.12467116,0.22158104,0.20649660,0.11273306,0.58287096,0.39959255,0.00486831,0.23195155,0.71750146,0.03729397,0.16391128,0.45284304,0.03601637,0.14014716,0.00127663,0.08228954,0.12197080,0.57056600,0.17714785,0.00035211,0.61996365,0.02255088,0.20505187,0.55133909,0.13334930,0.86159593
0.00387331,0.17696318,0.27478510,0.00395125,0.57788628,0.31566206,0.01086567,0.77281183,0.43261662,0.18327847,0.09924266,0.40066898,0.32611918,0.20816942,0.03955004,0.00061370,0.36820620,0.00619463,0.85491943,0.08179788,0.01806372,0.42000616,0.50921071,0.01303760,0.00111176,0.00086708,0.08872125,0.02745800,0.10010398,0.42916161,0.11655077,0.10977852,0.43303481,0.94307554,0.41706586,0.28429854,0.00362363,0.00027856,0.31027439,0.03549554,0.13822284,0.32800350,0.14347778,0.21572089,0.19532275,0.20439731,0.00022408,0.06476852,0.00830479,0.10226719,0.11391415,0.88660413,0.66111332,0.04868082,0.00645475,0.72425896,0.19326411,0.00008328,0.12773998,0.11555566,0.52947205,0.34642777,0.42073968,0.00438950,0.11307895,0.00516374,0.97328383,0.07830807,0.48583567,0.81365335,0.13293393,0.14023198,0.01470705,0.00907081,0.03097873,0.06983212,0.01698588,0.10495444,0.19016352,0.38224411,0.69364333,0.08261810,0.08999005,0.59967726,0.23677972,0.04255720,0.00933671,0.14595735,0.05148007,0.71905810,0.76750010,0.06286588,0.09157960,0.04189074,0.05907768,0.19045581,0.01030079,0.49764252,0.25051078,0.00083501,0.17190613,0.54695606,0.42452201,0.32557514,0.29971200,0.29494309,0.06409544,0.03075164,0.01509991,0.18920264,0.52967197,0.14654788,0.07408356,0.86169362,0.00154567,0.46732646,0.84637201,0.17796433,0.89708477
0.00231374,0.06429068,0.42908767,0.00749322,0.50323474,0.12193125,0.08503516,0.71018457,0.00279884,0.24814108,0.34821644,0.50995368,0.06527530,0.24065812,0.07420929,0.00388188,0.38467374,0.00125035,0.89031690,0.12800114,0.07712031,0.38399252,0.43544418,0.00580332,0.01842062,0.00241912,0.13146433,0.04120870,0.19442967,0.47624484,0.47409597,0.12206294,0.33173919,0.87754279,0.40262857,0.15303993,0.01377040,0.29811889,0.14705938,0.06132825,0.06125242,0.27756777,0.04916018,0.23988400,0.25787789,0.12035677,0.00073440,0.01806140,0.00186655,0.28522146,0.02036726,0.68221402,0.00085384,0.39734805,0.02000810,0.02044109,0.81500852,0.00111497,0.28038052,0.07839274,0.55552924,0.06726801,0.71667886,0.01783618,0.13655347,0.09962541,0.99114698,0.14898635,0.77528954,0.21024895,0.28493589,0.51464504,0.00363918,0.03826044,0.10491953,0.86299461,0.00808201,0.45145008,0.25641891,0.33478266,0.35722214,0.22901313,0.19082558,0.49864116,0.32859206,0.03427940,0.00693200,0.34207651,0.09552689,0.00169653,0.79106903,0.12499136,0.47055787,0.16334812,0.10762597,0.18951035,0.02040539,0.49276012,0.29523122,0.00260205,0.07562933,0.55348372,0.03812589,0.26326415,0.19146310,0.50563967,0.19256952,0.26902679,0.00353882,0.06046597,0.23968035,0.17073093,0.22140379,0.50318861,0.00032494,0.47294262,0.78232294,0.10984942,0.98994154
0.00136047,0.01288335,0.21412298,0.04043898,0.65879309,0.11497117,0.12829654,0.66005737,0.80043763,0.22884716,0.00161585,0.06802910,0.33644316,0.25322556,0.14817458,0.05129884,0.82299912,0.00028881,0.91772115,0.22045434,0.19816455,0.19972228,0.42854777,0.02037222,0.00695031,0.00112080,0.12673219,0.39302760,0.07213403,0.05441641,0.01174945,0.02326052,0.26689023,0.80022514,0.23778865,0.28305748,0.01218834,0.00002727,0.10660075,0.02970142,0.03432303,0.31059486,0.16218224,0.59345406,0.41466573,0.15833688,0.00061094,0.01612995,0.00112837,0.30033535,0.49499130,0.20049444,0.95988351,0.50969690,0.07052658,0.96544856,0.69506854,0.02781697,0.30954507,0.11710213,0.33779553,0.46097624,0.64319181,0.03607361,0.00379567,0.00134247,0.99603313,0.04707865,0.65886247,0.05485334,0.45757115,0.50104529,0.57932973,0.00392464,0.05891708,0.80724269,0.00624530,0.51530039,0.18598348,0.58215463,0.60808510,0.46597925,0.08659507,0.48177442,0.20408148,0.00908444,0.05966007,0.16296141,0.11863985,0.89362645,0.55923724,0.21397854,0.07078093,0.07125351,0.08036783,0.19610398,0.00514110,0.40703744,0.20542924,0.00362443,0.03234047,0.84258854,0.74507248,0.51365745,0.13637790,0.00221868,0.63660234,0.54994249,0.14909321,0.41821384,0.01417965,0.15127099,0.00335676,0.02147770,0.00124513,0.53911966,0.66013777,0.09234119,0.99199545
0.00193066,0.02151977,0.27101192,0.08812417,0.73563808,0.15322752,0.02300582,0.85376722,0.02020751,0.00491309,0.12220843,0.88125366,0.47995475,0.33498254,0.07958815,0.06932509,0.80345607,0.00033294,0.95772517,0.00258594,0.44349653,0.17537838,0.59352869,0.01373797,0.00518774,0.00026344,0.19379707,0.03809267,0.67006010,0.44085035,0.04334782,0.02108462,0.08964829,0.76975775,0.14738624,0.28305551,0.01536419,0.49438703,0.18416996,0.26578230,0.02511812,0.37482226,0.15219361,0.47138542,0.17882609,0.52439928,0.00302620,0.00301346,0.00138924,0.53151768,0.76753980,0.08195779,0.00190949,0.08598826,0.24359620,0.94075966,0.35433361,0.00433628,0.13905346,0.02097879,0.81899613,0.07373463,0.53642017,0.01474682,0.02783825,0.05410296,0.99893600,0.25426808,0.46283278,0.35223198,0.43848252,0.43655545,0.00447667,0.01209919,0.01915912,0.67278397,0.41410232,0.47145271,0.51353866,0.61761427,0.37538040,0.24916710,0.09681845,0.08494473,0.21918480,0.00296097,0.01304214,0.17157176,0.03038879,0.00195130,0.68347174,0.67543048,0.62739193,0.03337451,0.56667751,0.77441049,0.00115861,0.00888750,0.29102215,0.00572986,0.02084935,0.85177785,0.11781690,0.39275131,0.16697887,0.00171203,0.65709299,0.04450209,0.27040374,0.58694196,0.12134624,0.46761888,0.17810673,0.15690489,0.00039039,0.89131570,0.51306081,0.01842240,0.98888308
0.00526438,0.02357061,0.12930021,0.01364027,0.45223367,0.55876160,0.03397609,0.83453822,0.75637150,0.02396826,0.00313430,0.28227520,0.05068774,0.26013678,0.06714800,0.02032366,0.93759704,0.00039267,0.95550358,0.02910741,0.19568965,0.06441670,0.47963217,0.06610984,0.00088065,0.00028880,0.07714711,0.03835236,0.08660543,0.12915036,0.01048215,0.22198968,0.05642874,0.28261414,0.03245921,0.54016513,0.01613033,0.00002441,0.08113442,0.07731549,0.09785490,0.22743092,0.08742795,0.01988695,0.28723669,0.19772898,0.00587154,0.02645720,0.00633576,0.12597357,0.46944135,0.33782250,0.97099274,0.03764430,0.70672679,0.02258057,0.93486530,0.00128139,0.03289699,0.02520524,0.66537565,0.58399761,0.63701302,0.00647121,0.03966228,0.00621748,0.99780917,0.02066779,0.78797019,0.58039570,0.64144856,0.12675782,0.11277745,0.00505310,0.00848542,0.16912712,0.37550774,0.65857458,0.63524055,0.49327758,0.59440196,0.67831957,0.24294049,0.27935797,0.40944132,0.02569226,0.02067354,0.01413182,0.03585651,0.97755212,0.66718364,0.20627758,0.50556588,0.01888250,0.81874019,0.90920126,0.00059720,0.02113856,0.48074499,0.00090827,0.23782267,0.95561498,0.70051837,0.09987420,0.19010782,0.15025125,0.77722865,0.00524061,0.01709647,0.17308046,0.03308635,0.51739055,0.00890296,0.19871828,0.00004524,0.25101036,0.70262724,0.00725079,0.99464899
0.01433824,0.05807287,0.14857103,0.00458240,0.85347706,0.09572182,0.09672112,0.92165977,0.05116514,0.01662951,0.03717096,0.75950551,0.59857738,0.32226652,0.06577440,0.00160841,0.85668135,0.00145859,0.97332978,0.14937361,0.09162867,0.00532918,0.09601315,0.06341402,0.00081001,0.00128452,0.06423588,0.54971361,0.16501926,0.11820541,0.01543948,0.02854622,0.05223707,0.20885727,0.15466176,0.66555858,0.01620448,0.00409239,0.09189989,0.02371367,0.09487978,0.30586523,0.05935467,0.04151256,0.28171477,0.46161669,0.01075202,0.10748586,0.00852763,0.20620804,0.52245051,0.22812077,0.00947816,0.06837042,0.55272555,0.49568874,0.92828292,0.00033412,0.10073154,0.01288101,0.75234854,0.59677404,0.37294811,0.00872528,0.03680827,0.00646779,0.99526578,0.08527218,0.89925104,0.88830423,0.96885204,0.03741935,0.24071336,0.02619194,0.02393769,0.70190442,0.09961063,0.07757025,0.62154490,0.60923755,0.87708396,0.37934393,0.21712032,0.13267179,0.48464727,0.01337272,0.01365113,0.01478384,0.04774963,0.02281917,0.70115852,0.68034893,0.81117100,0.00654659,0.37330160,0.64248556,0.00331879,0.01957517,0.54238671,0.00120063,0.08450463,0.71190310,0.15676641,0.04315321,0.27832240,0.30901816,0.86613315,0.05202381,0.03277109,0.07039736,0.05158840,0.52083755,0.05369350,0.87006295,0.00027572,0.08840986,0.83517402,0.07341138,0.80915058
0.00976679,0.13718303,0.62834048,0.00748135,0.56329507,0.37737983,0.00957989,0.67909735,0.51339531,0.04000096,0.05009767,0.19799697,0.73053700,0.10561840,0.15366636,0.00645800,0.66020268,0.00859927,0.49544445,0.11223219,0.10379329,0.20483465,0.29580417,0.15212362,0.00229168,0.00121167,0.03176700,0.15069774,0.08440217,0.11155289,0.02939736,0.04707853,0.16129161,0.80492163,0.18244299,0.32583144,0.03902020,0.00188813,0.11393494,0.05623718,0.31307146,0.64559072,0.01888391,0.02235398,0.14573468,0.15189241,0.01493532,0.19517097,0.01329779,0.15006545,0.28920048,0.44206819,0.38826382,0.15100220,0.12575164,0.65669507,0.51775032,0.00060785,0.02111243,0.01536144,0.76309764,0.38885969,0.49480239,0.00394717,0.09977787,0.01584239,0.79672790,0.02429458,0.70815486,0.67886966,0.49474612,0.07281041,0.02445349,0.01402159,0.00923827,0.67274719,0.12319443,0.13160147,0.34000009,0.50579739,0.75708270,0.12348134,0.18677686,0.14277644,0.23809074,0.02403185,0.01345416,0.03069145,0.03806374,0.26268733,0.72233289,0.14243290,0.22510597,0.00843504,0.02978048,0.24723840,0.00619188,0.35974684,0.37474620,0.00159495,0.05379294,0.70481545,0.47373796,0.19521537,0.34767124,0.29999983,0.20866874,0.17287841,0.05746448,0.32500941,0.15929748,0.66870707,0.01684420,0.65660179,0.00100678,0.34202790,0.39934778,0.13603652,0.47965747
0.01762485,0.70506662,0.62520230,0.01591493,0.52998716,0.14362064,0.00378990,0.81348073,0.61518300,0.03082145,0.02685598,0.10953906,0.94405913,0.62375778,0.23073372,0.01241547,0.91118956,0.07811129,0.99858391,0.19349951,0.00637901,0.94395763,0.49861050,0.59924048,0.00008372,0.00156918,0.01606921,0.03787673,0.02150679,0.64089113,0.01271986,0.01193982,0.25674382,0.55716133,0.96755612,0.83377963,0.12045278,0.00064741,0.19083565,0.02170147,0.08300868,0.15285830,0.21884812,0.04347237,0.98426634,0.05650857,0.01681298,0.44143447,0.03158718,0.01790061,0.38931185,0.33671379,0.91564500,0.76210302,0.02886604,0.96691817,0.03434940,0.00114613,0.04617836,0.02772516,0.87254733,0.31432059,0.11039047,0.00012642,0.31570119,0.01172195,0.63836700,0.03489250,0.68465298,0.86853951,0.12770297,0.53330678,0.14668120,0.00982696,0.02306182,0.39003888,0.18906845,0.07767835,0.11919385,0.84065324,0.35897017,0.07159466,0.44705439,0.07648465,0.36356601,0.06417488,0.38735414,0.00742332,0.00871685,0.91615427,0.60328144,0.03847628,0.02139897,0.01320751,0.04589786,0.06052643,0.00662016,0.65484250,0.11838637,0.00214315,0.00870871,0.16589423,0.84297258,0.12002062,0.87668490,0.01134307,0.18901409,0.02825556,0.27810860,0.01368182,0.30128530,0.89523423,0.00643053,0.50888366,0.00054666,0.44326252,0.13019922,0.09591660,0.22562166
0.00783222,0.80758828,0.37692904,0.00125841,0.70095605,0.26270401,0.00803870,0.55725133,0.09148961,0.02775824,0.45743161,0.63363123,0.30332702,0.53649122,0.16477768,0.00176586,0.91255838,0.10814188,0.99964362,0.00885082,0.00332658,0.96925718,0.61327535,0.22859249,0.00044705,0.00266120,0.02936757,0.04177046,0.37340495,0.73864704,0.02143542,0.36047664,0.33025649,0.37464917,0.92591566,0.78776342,0.02423049,0.10667729,0.09030738,0.01757834,0.01505172,0.10286190,0.34284365,0.05562421,0.88800871,0.14667824,0.01665649,0.17247982,0.02895736,0.03848123,0.77621347,0.49484953,0.00490070,0.50151277,0.06140846,0.09247757,0.08740887,0.00065862,0.02637655,0.06689817,0.97966582,0.06467821,0.03580377,0.00003894,0.12279255,0.30377400,0.41908315,0.02653245,0.30276957,0.85478199,0.09131712,0.94480526,0.04924059,0.43615445,0.01757098,0.92965466,0.52345896,0.32666647,0.13701569,0.89831054,0.82657939,0.02954208,0.69456273,0.05382868,0.25050116,0.07104269,0.00202980,0.02694261,0.06652197,0.01904592,0.51285934,0.02283999,0.52689499,0.01387463,0.00861177,0.05810064,0.01076538,0.70901155,0.13293846,0.00098971,0.02219577,0.61584282,0.00061090,0.03384763,0.77473348,0.11616067,0.76115841,0.12580809,0.01298531,0.29656735,0.71609050,0.96160269,0.07717101,0.89036363,0.00116077,0.38900444,0.41142121,0.13862522,0.07094110
0.03615277,0.20466146,0.61262399,0.00065740,0.91650867,0.50872833,0.00651856,0.82235634,0.65686440,0.50523329,0.00400899,0.11173765,0.07633608,0.07972214,0.46413350,0.00094312,0.85222262,0.01928924,0.99810517,0.61740887,0.01007634,0.85384786,0.09351631,0.58104992,0.00181009,0.00313782,0.00658945,0.21229710,0.15210454,0.07680444,0.21205164,0.76625043,0.09761150,0.24786507,0.92545033,0.68411523,0.20275098,0.00081920,0.04376306,0.02446028,0.06373999,0.10548934,0.42442992,0.04269286,0.96243519,0.12971860,0.04899982,0.27094093,0.13986205,0.00480360,0.59828591,0.07878152,0.87387925,0.48254353,0.04476824,0.10733333,0.14109258,0.00050575,0.01802814,0.08017950,0.83451420,0.39661008,0.19652018,0.00103551,0.03346768,0.00368952,0.83162218,0.07138777,0.71230429,0.44655344,0.44484097,0.82578599,0.05015207,0.00100930,0.00616464,0.05897316,0.00212083,0.51961231,0.25043860,0.82672161,0.61069024,0.08536005,0.72189927,0.18868504,0.25577334,0.26411819,0.26499966,0.00408375,0.13086328,0.87591547,0.55093139,0.00204071,0.00113481,0.01255465,0.04413497,0.03748223,0.07512040,0.54678935,0.24037057,0.00023770,0.00178127,0.84035099,0.96641004,0.05980566,0.73304552,0.77754015,0.44210064,0.19601755,0.00257893,0.05291652,0.41173589,0.95975709,0.07486913,0.67329019,0.00192712,0.53128058,0.51801038,0.04694929,0.06016835
0.11812449,0.70250779,0.22579050,0.03145774,0.66740954,0.78543556,0.00102824,0.66003764,0.11549807,0.00406223,0.01959127,0.45250148,0.92945975,0.49242681,0.11749312,0.00533355,0.26387474,0.05735004,0.99680519,0.28807801,0.04031643,0.90155113,0.01121584,0.25006083,0.00539929,0.03200690,0.01666376,0.08406928,0.68991327,0.60855401,0.77685106,0.07021047,0.48996904,0.60712236,0.89608836,0.53321767,0.11901668,0.05647184,0.20728429,0.06973768,0.03039393,0.04262199,0.40885994,0.24071771,0.84232378,0.23274459,0.02842902,0.35054976,0.02409737,0.02713418,0.34903792,0.37622142,0.03634874,0.14646049,0.01368375,0.97666848,0.33883983,0.00561201,0.04334696,0.05536650,0.01553989,0.11982932,0.15632209,0.00041495,0.15720744,0.52581954,0.66576910,0.36623853,0.30913997,0.43410775,0.31249836,0.89353222,0.05665579,0.11239767,0.05460158,0.49911919,0.00133866,0.09254516,0.14645529,0.35094100,0.19210902,0.18786500,0.72684449,0.10879581,0.32845464,0.13274129,0.01303781,0.01621419,0.21539412,0.01778458,0.62320298,0.06952953,0.26270741,0.02485309,0.04212348,0.04637622,0.01710309,0.71399420,0.15941639,0.00125855,0.00150258,0.74124938,0.00268445,0.04700443,0.84749144,0.07290615,0.40475965,0.24168120,0.04211755,0.05054622,0.22155012,0.85606503,0.02252082,0.24244669,0.00501784,0.60358673,0.14275928,0.19463661,0.05205640
0.05286324,0.20583452,0.57548112,0.08959794,0.79813689,0.37647563,0.00927100,0.63428104,0.27819386,0.03379857,0.20521031,0.07033602,0.14340453,0.21844219,0.22826535,0.03360869,0.45723319,0.02663149,0.99736583,0.00344724,0.02662470,0.72225738,0.22905047,0.47843125,0.01233255,0.00624141,0.08336056,0.07906607,0.02448080,0.25816971,0.01531940,0.00139391,0.37535125,0.49332398,0.90917891,0.23458768,0.42899054,0.00166007,0.20978926,0.04656348,0.08506148,0.02851621,0.17608206,0.16948487,0.85545754,0.17007527,0.00847614,0.67872518,0.03351823,0.07803243,0.03585995,0.43477854,0.71049941,0.55975437,0.03694646,0.04493786,0.54179907,0.01184086,0.20123821,0.13640252,0.00454428,0.30657673,0.12476989,0.00386553,0.05971748,0.00246706,0.81792498,0.19502652,0.80118090,0.55870634,0.32302335,0.71706074,0.01060141,0.00063243,0.05600132,0.09242146,0.37796211,0.10392132,0.05804918,0.66078645,0.04757807,0.04715615,0.52552837,0.12934250,0.60079348,0.23239416,0.02510293,0.01045119,0.04101403,0.73782855,0.40737176,0.03198621,0.02246259,0.15106080,0.17775515,0.06982677,0.01483278,0.75988746,0.51302481,0.00681122,0.00723188,0.88085967,0.86752796,0.06740442,0.53894705,0.00262285,0.21475489,0.01044221,0.23270333,0.13246292,0.43154383,0.88839859,0.03252032,0.10497895,0.00442188,0.56375957,0.11495385,0.09748580,0.07349861
0.01660502,0.27836132,0.41357410,0.00477438,0.62614560,0.03034822,0.00320192,0.48475099,0.05152017,0.08475012,0.00242605,0.15911214,0.00489104,0.53584200,0.13138098,0.00308517,0.39143720,0.02747827,0.99054134,0.00421531,0.10206642,0.75202322,0.36611146,0.37236166,0.00809360,0.00589137,0.04544640,0.01088042,0.05783994,0.18081205,0.00363620,0.02028965,0.55802613,0.41415879,0.90179598,0.51133519,0.37786543,0.02682444,0.13508682,0.07849889,0.28530863,0.07899814,0.24415195,0.04686821,0.79475594,0.18758403,0.01448302,0.69391835,0.01980711,0.22602181,0.16503975,0.21208021,0.02227475,0.82501304,0.03153664,0.10597865,0.77602631,0.00203210,0.14378871,0.04723891,0.32174075,0.05029190,0.09692802,0.00268674,0.04776507,0.03937075,0.74976903,0.10792075,0.43918198,0.61086339,0.08735551,0.53696620,0.26891011,0.20175920,0.04171576,0.27833253,0.70689571,0.09617363,0.10074030,0.43450528,0.29655603,0.09856423,0.02957040,0.12268769,0.48027501,0.05456804,0.46148583,0.01400678,0.01348286,0.02303540,0.44974163,0.12204180,0.14533477,0.21922207,0.18696748,0.17209962,0.02972051,0.63640535,0.34936124,0.02187799,0.01196319,0.75176948,0.01214421,0.19152488,0.49185747,0.01725548,0.22939453,0.00202428,0.17067084,0.17848970,0.44307479,0.93764055,0.01247882,0.35225341,0.00282871,0.41290388,0.31858167,0.13665670,0.11453860
0.17040627,0.16343567,0.12913661,0.00050311,0.80291426,0.07695340,0.00089876,0.35629228,0.13356316,0.03874246,0.05030451,0.25096875,0.34929579,0.41377240,0.13735887,0.02150953,0.47480944,0.03077157,0.99165833,0.03706116,0.01444466,0.60441905,0.40079236,0.42085618,0.00065209,0.00067349,0.04784467,0.03871491,0.10247391,0.35001343,0.15065882,0.05007797,0.32465303,0.47511566,0.81677186,0.42041636,0.20874117,0.01078551,0.13050139,0.09617425,0.36978933,0.12471233,0.29982772,0.04629472,0.51173729,0.13313228,0.01075921,0.43654600,0.03421750,0.20501855,0.32752529,0.15664762,0.17759509,0.94357085,0.08048504,0.65991485,0.62647736,0.00045331,0.13514639,0.02558325,0.84371024,0.09182034,0.12191985,0.01022201,0.03934328,0.02575983,0.71440721,0.05100559,0.15994561,0.65805024,0.08399232,0.34434450,0.05557368,0.00560542,0.04835536,0.40622631,0.05932571,0.10029374,0.10006885,0.45276675,0.83024257,0.12764424,0.25310436,0.17454414,0.17433558,0.01091288,0.01320408,0.03403372,0.00237960,0.40908480,0.66592240,0.08040306,0.02702174,0.02353408,0.03970629,0.26159570,0.02366374,0.58353746,0.16909227,0.00506449,0.00505456,0.66676897,0.63864046,0.14726460,0.37464377,0.08818894,0.28039309,0.05162220,0.01281169,0.25613630,0.24104545,0.83256519,0.01748546,0.43657634,0.00081520,0.49096394,0.57716632,0.14174360,0.11302748
0.00585397,0.45298064,0.13323380,0.00065872,0.66680300,0.01370363,0.00280141,0.36090001,0.10018266,0.05550250,0.18758292,0.48828319,0.05115366,0.50655138,0.05930824,0.01861397,0.14207548,0.00512396,0.99128836,0.02538956,0.09397332,0.57601571,0.07404235,0.53997773,0.00094064,0.00196630,0.07846838,0.04077382,0.33070108,0.13867186,0.51526713,0.38049167,0.48577315,0.55179888,0.82454967,0.37102750,0.38729659,0.00391873,0.06382121,0.40878120,0.06711851,0.02108988,0.10709866,0.02041908,0.11751842,0.17708606,0.00624500,0.50087601,0.10726935,0.67068559,0.75019479,0.38819599,0.03075399,0.20314007,0.03551454,0.04029764,0.69496375,0.00352832,0.07709943,0.05345660,0.20069951,0.19943918,0.40015510,0.00955972,0.17899591,0.03677300,0.53524137,0.22659756,0.16845998,0.21629600,0.05415742,0.43127421,0.00295456,0.40500224,0.24574624,0.13939184,0.00707247,0.39332724,0.11988817,0.26918092,0.62128019,0.14679505,0.15093176,0.11216415,0.35336617,0.00089513,0.01599987,0.03064509,0.00348996,0.03228991,0.70635009,0.47835869,0.06857111,0.32624441,0.04421022,0.63940161,0.00458007,0.73902750,0.17547266,0.00479385,0.01487229,0.72210479,0.01104725,0.05887764,0.34823909,0.37904730,0.17701717,0.43286973,0.00497655,0.32587472,0.28240767,0.95226711,0.27679822,0.33497855,0.00556625,0.71205419,0.85441500,0.26055223,0.09435131
0.00510242,0.07032379,0.13768382,0.00634854,0.62062067,0.04926019,0.01770928,0.22811106,0.02663042,0.24031197,0.00220542,0.01318870,0.26334628,0.52601749,0.05948161,0.00218888,0.08327261,0.00449710,0.99849468,0.67582917,0.18080820,0.41733837,0.06409664,0.82334399,0.00373740,0.00021227,0.21948507,0.15476674,0.35559464,0.03069615,0.25584295,0.01446753,0.67968005,0.33353037,0.75910479,0.81518626,0.41267252,0.00301488,0.07994516,0.07066576,0.25852212,0.01022382,0.07938559,0.05343373,0.16470069,0.17387205,0.00333709,0.82457399,0.00714213,0.52053553,0.29870185,0.28201368,0.13203140,0.19318327,0.02827445,0.29727605,0.82629472,0.00279281,0.14894657,0.12127157,0.00958662,0.50457478,0.52552664,0.05894722,0.05340521,0.02050608,0.61353397,0.19871694,0.31518754,0.06211929,0.11951381,0.27000692,0.01437573,0.00897544,0.06656396,0.47802258,0.00072785,0.38426486,0.11700951,0.16498898,0.10802147,0.10845698,0.00569147,0.40784717,0.23036285,0.00075188,0.03305500,0.01514751,0.01916090,0.36697137,0.62765992,0.19215398,0.40117860,0.17095235,0.16890620,0.63885021,0.00207196,0.15454495,0.25303918,0.00178300,0.01311372,0.96619320,0.92191869,0.10425179,0.24472535,0.11963704,0.17196016,0.21939895,0.06265467,0.42755902,0.28911117,0.97650355,0.03688973,0.04534072,0.01603038,0.25928476,0.95322645,0.15317468,0.08283186
0.01352874,0.06292710,0.07755411,0.19070570,0.67199057,0.05431551,0.01875187,0.12331728,0.11863108,0.02084065,0.07697530,0.71706080,0.09991480,0.70693445,0.03497515,0.03841740,0.64362538,0.01773086,0.99657720,0.00431276,0.12347615,0.66011858,0.16164069,0.79432046,0.00567107,0.00059546,0.14950682,0.17787574,0.09668309,0.35347223,0.04425977,0.00907887,0.50562370,0.39999062,0.90989333,0.44002336,0.05281157,0.00255242,0.08938112,0.15372710,0.06590855,0.02448893,0.10079593,0.07717898,0.22896372,0.04656980,0.00442211,0.88631415,0.00943131,0.68675888,0.37272346,0.22871210,0.14154862,0.34250534,0.04005100,0.92256951,0.58006352,0.00029179,0.51540732,0.05138102,0.03675992,0.23900555,0.49371606,0.02856670,0.04741755,0.00854202,0.62930495,0.06097925,0.12321498,0.66273689,0.32797393,0.54804343,0.01008311,0.16629711,0.04879212,0.65011317,0.03979003,0.36550981,0.44492272,0.13186225,0.12679949,0.02080336,0.03097634,0.28462836,0.16901095,0.00186191,0.00600204,0.03301668,0.03078719,0.17696480,0.78291363,0.31337303,0.23889758,0.05233530,0.09324390,0.68473977,0.00054856,0.33455598,0.08347426,0.00120931,0.00403448,0.98951185,0.06029391,0.08899731,0.40650058,0.00636821,0.06924768,0.01650658,0.90278238,0.36423761,0.11206631,0.95607466,0.01186170,0.49433172,0.00154754,0.53542095,0.99144244,0.18535811,0.14707518
0.00777255,0.27897438,0.11843283,0.01201656,0.76896787,0.04005662,0.01711168,0.17519407,0.07196926,0.19609605,0.04719125,0.14322755,0.27253091,0.51813203,0.07668995,0.00507701,0.41216683,0.02177031,0.99150127,0.03184783,0.17512457,0.44890183,0.13674411,0.74504101,0.00328400,0.00094630,0.14152010,0.05624554,0.02478852,0.04880290,0.05228231,0.00627306,0.80315447,0.54278415,0.87278163,0.90657187,0.07029905,0.02125873,0.09386184,0.13563004,0.31811541,0.05443685,0.07405128,0.05040639,0.18721728,0.09198958,0.02207364,0.51006132,0.01347619,0.65225607,0.37582403,0.15695502,0.10413326,0.13405578,0.01333806,0.42659459,0.76655740,0.00083529,0.10821644,0.01798867,0.17866696,0.15131217,0.85533565,0.03000010,0.13186654,0.01335395,0.63501394,0.04411710,0.34807348,0.60797668,0.18272652,0.57839113,0.01115676,0.04719558,0.04069930,0.36933368,0.57064629,0.27633268,0.22357850,0.05484146,0.08934544,0.04196474,0.02929373,0.33841860,0.11104364,0.00121300,0.00867537,0.05167430,0.03164781,0.78461051,0.62860227,0.10959090,0.09246156,0.01439635,0.02537867,0.80614316,0.00358735,0.44736525,0.02710056,0.00182264,0.05291164,0.87629288,0.84019029,0.22868513,0.40304559,0.03361349,0.20656039,0.01508964,0.14233449,0.45245370,0.14317305,0.98480850,0.49769649,0.47906497,0.00139541,0.38097444,0.98477018,0.28463674,0.11615857
0.00492188,0.12241454,0.25648075,0.01253511,0.62310988,0.09417150,0.01490386,0.23253068,0.13556720,0.09147006,0.01815379,0.31662855,0.23731704,0.53514558,0.07158309,0.00589681,0.32150957,0.03213640,0.96722060,0.04192254,0.27025294,0.29803339,0.13978377,0.33329713,0.00393250,0.00107059,0.01611132,0.03881799,0.02512193,0.24934410,0.13434222,0.04209150,0.68009257,0.73027670,0.77628016,0.91978049,0.09924793,0.00440805,0.05974314,0.13722718,0.27271482,0.10933788,0.17055513,0.04698380,0.27087554,0.14878827,0.03789104,0.40795860,0.00651604,0.50867230,0.60793126,0.10427343,0.20915408,0.14952424,0.04907563,0.31143415,0.81815487,0.00105920,0.17739908,0.03094233,0.73708004,0.23608047,0.64359277,0.00598602,0.09709345,0.01376579,0.35560623,0.09174939,0.28324360,0.89050472,0.06555093,0.26178381,0.07760957,0.05668871,0.02465980,0.54007810,0.16034921,0.31511635,0.12952982,0.05058082,0.72306931,0.08496145,0.03881041,0.39835426,0.29708490,0.00337368,0.03659856,0.00999024,0.05801928,0.30938008,0.81990451,0.08308564,0.09976909,0.06498065,0.01089832,0.81954491,0.00618810,0.39105985,0.05083977,0.00248506,0.05916768,0.83539051,0.22385076,0.76138729,0.27245650,0.07136633,0.06445784,0.07655915,0.06158535,0.33167055,0.10973451,0.94272643,0.01457786,0.57027715,0.00167509,0.30302811,0.94026321,0.21175556,0.26895788
0.00725122,0.20286611,0.32997313,0.00637484,0.46175715,0.18686494,0.01281411,0.60132325,0.14523642,0.05147443,0.07656487,0.22422959,0.46135348,0.19861686,0.27443382,0.00650253,0.29951504,0.01568672,0.74181563,0.04102082,0.02809114,0.67973101,0.27444071,0.18276492,0.00222852,0.00091965,0.01847234,0.02786825,0.08412556,0.39584732,0.02871964,0.02987970,0.22146936,0.76195848,0.62102878,0.57166767,0.09193246,0.00571942,0.21713561,0.06590947,0.63449669,0.53019500,0.34385246,0.05709957,0.37389106,0.14302102,0.02860244,0.22294514,0.01117417,0.06893563,0.25723863,0.53507662,0.18522555,0.15852907,0.06659691,0.50029933,0.22183579,0.00132856,0.07891972,0.02107373,0.61145967,0.33896440,0.28385466,0.01977079,0.11346427,0.01292713,0.49262297,0.01942377,0.56193435,0.76835573,0.24879313,0.18461697,0.03888303,0.01152412,0.02593870,0.47090414,0.08116930,0.08688898,0.14374943,0.39010859,0.60260475,0.05172003,0.10267411,0.38568538,0.17809273,0.01891005,0.02177717,0.08968067,0.04339966,0.40033618,0.50961429,0.05650108,0.32763246,0.02345475,0.02733264,0.29488283,0.01726003,0.26161960,0.20977750,0.00197232,0.05810998,0.52077836,0.39165306,0.22638808,0.51081878,0.07625233,0.21741298,0.05184535,0.04407575,0.19656213,0.16817325,0.50803250,0.02686320,0.54013550,0.00144260,0.35102966,0.52415639,0.25969380,0.31176928
0.07884872,0.01199715,0.80095243,0.01334163,0.29273471,0.95785403,0.00244623,0.07050825,0.77970195,0.00274118,0.01105220,0.44028646,0.87294441,0.84506220,0.05545804,0.01918505,0.20121332,0.11745923,0.97111523,0.13361906,0.00889381,0.61197287,0.96589935,0.10373063,0.00046827,0.00010110,0.01441612,0.00494411,0.00121076,0.24334966,0.00633807,0.00471366,0.13952419,0.74222225,0.63220024,0.92778325,0.00243494,0.00027866,0.10202554,0.04387766,0.79871917,0.46699730,0.26900476,0.60926265,0.00022822,0.07126365,0.02274227,0.26674649,0.22559826,0.00381120,0.04214771,0.93446279,0.50132263,0.01874188,0.02015256,0.85138726,0.56331688,0.00126490,0.02240143,0.07615278,0.57441205,0.69222558,0.13271858,0.12694898,0.15765335,0.00544326,0.18574677,0.02436470,0.01378544,0.91021401,0.00657786,0.97572368,0.55657876,0.02156249,0.00367425,0.37896395,0.29425740,0.24119835,0.05747349,0.17344275,0.60505384,0.86577785,0.24901976,0.09833744,0.51391453,0.00913288,0.23317347,0.01961393,0.01764740,0.55090684,0.92416412,0.01405461,0.08578549,0.01361954,0.18574379,0.19297203,0.03205708,0.01365899,0.26777115,0.00121242,0.03355167,0.46474686,0.96782809,0.74414676,0.53381282,0.01636509,0.16595539,0.00917641,0.52849901,0.17569327,0.22266282,0.02108098,0.03196965,0.83407283,0.00009217,0.35539410,0.91508299,0.15606770,0.27589938
0.01847674,0.38328913,0.97917360,0.00200823,0.88733804,0.66200465,0.00114216,0.09232564,0.00162132,0.00196359,0.82928163,0.96920007,0.27968323,0.88614565,0.05021509,0.00056677,0.10742993,0.08492290,0.88428020,0.00091055,0.00110321,0.93324888,0.86233890,0.04008830,0.00031652,0.00019830,0.00221799,0.00171319,0.06779582,0.85887575,0.20133170,0.14641273,0.24039575,0.12222298,0.52708834,0.63513619,0.04930952,0.04214111,0.12554511,0.03277171,0.28671315,0.64690262,0.48300329,0.69069272,0.00150192,0.01805861,0.28961527,0.18568128,0.05874156,0.02603271,0.61181378,0.98219305,0.07366952,0.12316120,0.02617025,0.37309235,0.27784440,0.00014114,0.02256315,0.06272906,0.99559718,0.12967798,0.11622608,0.99194533,0.31352279,0.13866945,0.23956256,0.17289317,0.03962428,0.97256887,0.00000191,0.88121718,0.00909470,0.16688675,0.00038164,0.67446864,0.22144806,0.13211131,0.04514754,0.30991095,0.96252948,0.61354887,0.38583425,0.20845123,0.67389238,0.00978363,0.00022251,0.05766934,0.07005528,0.10332940,0.98842221,0.01444381,0.29107666,0.00445911,0.08306378,0.15599070,0.18215941,0.01921090,0.31062219,0.00019127,0.04192019,0.58582348,0.18324356,0.33799854,0.45604634,0.74138272,0.06219397,0.03406827,0.00429262,0.39430198,0.00036975,0.17106657,0.52249253,0.99008805,0.00003120,0.64299351,0.89065886,0.56205326,0.68040872
0.12418620,0.01177609,0.93111426,0.00045305,0.78509492,0.64087933,0.00073574,0.17761052,0.84344572,0.00630847,0.00527165,0.68325049,0.12561481,0.45359626,0.06583057,0.00022170,0.09884360,0.06415839,0.00032803,0.42304245,0.01126127,0.96777415,0.00117990,0.08302202,0.00074285,0.00138754,0.00055139,0.00252983,0.03414036,0.05265167,0.25644130,0.17271347,0.45178536,0.34517556,0.15912087,0.90420789,0.00380256,0.00028931,0.31451192,0.02990964,0.53655690,0.57796335,0.19459482,0.18462670,0.01863544,0.09243635,0.14831233,0.23478808,0.51799428,0.00019275,0.12594557,0.70564896,0.75770718,0.28933647,0.04424416,0.35876220,0.31332549,0.08837089,0.00220468,0.27278146,0.87807018,0.95731807,0.22858272,0.50264281,0.29954061,0.00245623,0.13296895,0.09534379,0.09607393,0.86178863,0.00000334,0.62078029,0.48264295,0.02749246,0.00128896,0.03700419,0.00167040,0.00761621,0.04375664,0.16788772,0.92056537,0.13475068,0.67469317,0.34831423,0.63292158,0.03489399,0.75770932,0.14459683,0.00126385,0.02139830,0.97284383,0.00268692,0.17451872,0.02794176,0.13333993,0.43555227,0.19906749,0.00584868,0.52796376,0.00079032,0.17297801,0.63255960,0.98046416,0.15333289,0.34245834,0.94922245,0.31291968,0.74108386,0.01219934,0.01089243,0.35663760,0.42005536,0.00447007,0.33729908,0.00006664,0.49203289,0.94366282,0.42011541,0.76767278
0.00571988,0.08268587,0.69373482,0.05717924,0.61509269,0.92451411,0.00439561,0.11156438,0.00358010,0.00243570,0.13939847,0.78888792,0.88608450,0.29629281,0.01481558,0.00284841,0.17715143,0.06658848,0.02762132,0.00006004,0.04584108,0.74954408,0.02090708,0.26964152,0.00731709,0.01341231,0.00017353,0.00241864,0.35332763,0.08697172,0.41721332,0.27933547,0.45972303,0.45535314,0.37225282,0.79811472,0.01655627,0.04633150,0.16456546,0.02840499,0.18306783,0.39489529,0.53239959,0.31918523,0.01913491,0.32935584,0.23447487,0.22899154,0.39386529,0.00036823,0.36017993,0.01921243,0.05991136,0.87270230,0.07133622,0.87598044,0.15315495,0.00959112,0.00014364,0.28719628,0.32961729,0.05742784,0.73834741,0.42982545,0.40944996,0.02495307,0.21120675,0.05567958,0.04815525,0.75112879,0.00014360,0.66754740,0.04279213,0.13729119,0.00526859,0.24874938,0.00438915,0.00370178,0.00298556,0.37407720,0.82404798,0.89883775,0.87740546,0.28712443,0.09351806,0.16713320,0.00742436,0.02411726,0.34661505,0.19357507,0.91526043,0.01637104,0.33527109,0.02896922,0.16065706,0.48130998,0.00529203,0.07682694,0.40383181,0.00220656,0.13039972,0.49594086,0.04469370,0.17745516,0.23958500,0.00210125,0.33271751,0.69197363,0.04984478,0.03041093,0.62207383,0.32075009,0.08728290,0.03288418,0.00374226,0.30432436,0.35427150,0.47655758,0.87531626
0.09743648,0.07214276,0.69274127,0.09789232,0.71429640,0.22703287,0.00523016,0.17022200,0.88846505,0.00141601,0.38750878,0.04673147,0.54307294,0.38848609,0.10158249,0.00131666,0.23826110,0.07727040,0.11068120,0.01961715,0.07620990,0.88101816,0.42946330,0.35112172,0.02998765,0.01109382,0.00060818,0.00222915,0.03088910,0.79830134,0.02202577,0.01099731,0.37009665,0.63435650,0.77264667,0.52641249,0.18057619,0.00195324,0.03425112,0.14618230,0.15897165,0.33603346,0.11844856,0.28361440,0.09966573,0.59026790,0.21869248,0.48011377,0.10226719,0.00000182,0.39466792,0.47399172,0.56251967,0.56973940,0.04804627,0.22788002,0.39096460,0.00222808,0.00003030,0.23049335,0.03960713,0.73465216,0.46044374,0.23478253,0.29471642,0.01301759,0.31151757,0.05747993,0.07550281,0.35243437,0.01412802,0.47622997,0.01851148,0.00423951,0.13778627,0.19155672,0.43976879,0.00927489,0.06993807,0.37607792,0.08726034,0.82270890,0.37116292,0.47472292,0.28193399,0.17265563,0.00290787,0.02912513,0.15203016,0.26920986,0.87177742,0.01466582,0.07300951,0.01053295,0.27694133,0.49697798,0.00002635,0.30299002,0.65778232,0.00347272,0.21365725,0.54891688,0.81049722,0.08482958,0.19316557,0.00020553,0.17420347,0.00334623,0.04412952,0.21165009,0.22164162,0.10492536,0.02893526,0.04240702,0.07293160,0.53135538,0.20499045,0.33255574,0.82184941
0.05952734,0.12745415,0.52683222,0.01014841,0.67439461,0.07405612,0.01911934,0.15684791,0.00574504,0.00830705,0.00133610,0.33364433,0.01481011,0.33658904,0.03141641,0.00582611,0.28711566,0.02886188,0.17783162,0.14646624,0.06672993,0.71913302,0.61309528,0.48940730,0.00762598,0.00445617,0.00480421,0.00400125,0.03015828,0.09937482,0.00380678,0.00584951,0.35982856,0.34277403,0.69363445,0.54562950,0.14791366,0.01211654,0.11852342,0.11821122,0.53267503,0.47060999,0.45308444,0.25165814,0.40674245,0.67094016,0.22190154,0.54286921,0.01421533,0.00000765,0.12511410,0.66890162,0.04194568,0.15159816,0.04795659,0.17518532,0.31634605,0.00009323,0.00120094,0.06877522,0.42337325,0.04489670,0.59227765,0.00610148,0.20267628,0.00469453,0.52930903,0.07012427,0.28202510,0.25094968,0.03338100,0.61482251,0.52821296,0.07134388,0.06632076,0.44842058,0.75298214,0.04487800,0.07704495,0.23151904,0.18797988,0.46704197,0.06921594,0.41256362,0.72211879,0.15832111,0.62724882,0.03864864,0.01663424,0.09754021,0.81375223,0.08493449,0.37680754,0.01583900,0.15519844,0.51241386,0.00000004,0.58350450,0.49538025,0.00379286,0.34525195,0.18499461,0.01436378,0.07636788,0.44386378,0.18146190,0.35739520,0.00026166,0.15740937,0.14052230,0.39946538,0.19185856,0.00233696,0.58826548,0.02607448,0.32601914,0.57018745,0.20045893,0.52205545
0.00932795,0.08521487,0.44759911,0.02647474,0.60113746,0.22962427,0.02257533,0.48310530,0.54457921,0.04238139,0.20653157,0.13299647,0.14698823,0.43530136,0.02253007,0.00748673,0.31624457,0.02453469,0.14019150,0.02707807,0.01847642,0.80836171,0.12754530,0.40127969,0.00130488,0.00169525,0.02755186,0.03461349,0.15350635,0.33075935,0.02828584,0.07395858,0.33577025,0.64549428,0.79773551,0.56487745,0.11640365,0.01089813,0.08892944,0.06649123,0.36516696,0.44333443,0.35222989,0.24600047,0.23326862,0.14975154,0.06620682,0.20016582,0.00579856,0.00003786,0.17285281,0.62935579,0.31106505,0.27184987,0.01804239,0.08092031,0.15099438,0.00020538,0.02579698,0.02436605,0.72300154,0.33857748,0.17456983,0.02261190,0.14661045,0.03750448,0.32549140,0.03937607,0.39573133,0.44896594,0.18650354,0.34290037,0.03470369,0.01150748,0.04298973,0.23760690,0.01999504,0.06144156,0.14161937,0.23573133,0.24959409,0.17980486,0.26898527,0.35432985,0.24586585,0.03380762,0.00325856,0.05317521,0.08411451,0.16877232,0.75931484,0.10054427,0.16453953,0.01604097,0.03656797,0.40402484,0.00000008,0.40294194,0.28920755,0.00325992,0.11904191,0.32482380,0.51240605,0.08187488,0.46949315,0.19143127,0.31769395,0.07152066,0.03221246,0.24871616,0.28418326,0.20527190,0.06055126,0.75472230,0.00230795,0.57523370,0.90832555,0.17852882,0.43752173
0.00075128,0.18711419,0.76882887,0.01240052,0.61470008,0.03555375,0.01904191,0.53608125,0.00140938,0.08899674,0.21543992,0.80184376,0.05980581,0.45349017,0.01375755,0.01110752,0.57814288,0.00824434,0.08014128,0.00436646,0.17323701,0.66820341,0.00600411,0.40907347,0.01919884,0.00958004,0.18086021,0.14973919,0.22962406,0.89687920,0.19745663,0.65669107,0.82856768,0.43054074,0.74739832,0.66130185,0.14490458,0.01079085,0.01780884,0.03551392,0.25726926,0.39077470,0.45124117,0.15326554,0.31849128,0.02721155,0.14049681,0.12047500,0.00284755,0.00117760,0.66319078,0.13425560,0.03664684,0.66319227,0.01953317,0.13116474,0.13076897,0.00591301,0.01813257,0.00443090,0.64111429,0.05750468,0.51983792,0.02379455,0.13205315,0.01983920,0.47071251,0.12242497,0.21554579,0.39981633,0.33122641,0.53866494,0.00558952,0.04168994,0.21114840,0.15160774,0.00624844,0.05233237,0.49710771,0.07429609,0.50265181,0.22068007,0.26753357,0.40055189,0.21009131,0.03341955,0.04681655,0.16751981,0.03292835,0.07507897,0.54204291,0.10919850,0.63024092,0.14320530,0.02457083,0.44424292,0.00000579,0.34201604,0.32033291,0.01674279,0.04888918,0.42393130,0.01478585,0.05873961,0.34406701,0.13249943,0.35394311,0.80835247,0.00659477,0.09791271,0.16056800,0.31459656,0.07189643,0.23535651,0.00290305,0.47035125,0.56999433,0.21920568,0.43084180
0.00019926,0.10091744,0.65202975,0.00590456,0.37694633,0.01130681,0.02702286,0.48678610,0.80066717,0.13927519,0.00198702,0.01598536,0.59807783,0.22896674,0.00512308,0.00893627,0.52198195,0.01437952,0.02690819,0.90428865,0.22778738,0.75438380,0.02248560,0.41093796,0.02741989,0.00373028,0.43342248,0.76063305,0.03730828,0.13177536,0.35429814,0.04667105,0.82105935,0.50294191,0.89830285,0.52239680,0.05409021,0.00542960,0.00781182,0.02029540,0.01887188,0.46791106,0.63039374,0.46637034,0.07002727,0.03825238,0.08901472,0.16314523,0.00047408,0.01339396,0.22494902,0.08748791,0.15823016,0.06503619,0.07882961,0.37843215,0.07693697,0.12387448,0.13429128,0.00048473,0.08430272,0.68824661,0.84623885,0.05791817,0.23908916,0.01017392,0.42270064,0.25797290,0.01233919,0.33431107,0.54966784,0.17803617,0.20637515,0.01636568,0.44322836,0.08235944,0.00561545,0.03137334,0.43101928,0.11238869,0.80779278,0.28353351,0.05087481,0.72247821,0.41468334,0.03618157,0.00643721,0.09960525,0.00084152,0.05818057,0.47494385,0.13138241,0.02556255,0.40740409,0.03911436,0.58144277,0.00029634,0.13544425,0.37553135,0.11824694,0.07399433,0.53857791,0.78672248,0.01821321,0.37559003,0.02150393,0.51630259,0.07443766,0.00654437,0.07100724,0.15227306,0.39179394,0.04896710,0.00624609,0.01875244,0.54553258,0.14129232,0.14587125,0.25986123
0.00001856,0.57431519,0.39440471,0.03105766,0.63574934,0.01758214,0.03334250,0.31692475,0.00237890,0.06095831,0.31320396,0.66213870,0.40756825,0.36035627,0.00028697,0.01153087,0.70656145,0.02902793,0.01562041,0.38838968,0.16159248,0.46904570,0.35487312,0.52077830,0.00518792,0.00307252,0.58379656,0.25349948,0.02656774,0.95330411,0.01462971,0.00087606,0.66897994,0.40969807,0.84426695,0.60643649,0.08603837,0.00068873,0.00233507,0.03553199,0.01834092,0.37614909,0.78865945,0.45645213,0.14134555,0.01276573,0.01996042,0.06007359,0.00098805,0.14833412,0.02498000,0.53836513,0.17524908,0.07140889,0.28985938,0.03712096,0.01772567,0.00173748,0.20184954,0.00067327,0.17465849,0.03983916,0.30992699,0.08919334,0.01440897,0.00719020,0.36537021,0.04161408,0.03367577,0.64668208,0.68530053,0.19589113,0.00977443,0.00709236,0.28669849,0.29070568,0.26301259,0.05753021,0.41470423,0.19342135,0.16043739,0.24682608,0.13761079,0.80580759,0.45049119,0.13744900,0.00071523,0.25316936,0.00637359,0.31136963,0.38255802,0.28854305,0.51085389,0.51207423,0.00822835,0.22939728,0.00050911,0.41516292,0.66468138,0.01231041,0.14922260,0.29897323,0.03991633,0.00279666,0.48259354,0.02566686,0.39704013,0.00112376,0.22754328,0.06444035,0.30607358,0.35055137,0.00171102,0.16021633,0.04217925,0.59902442,0.51275390,0.07852161,0.37698948
0.00002126,0.14010501,0.80304748,0.02718860,0.79037738,0.02323314,0.00727620,0.23735827,0.97322965,0.73429465,0.00112297,0.14675255,0.03966095,0.46485379,0.00053357,0.00135576,0.92177004,0.08918002,0.01092761,0.00184860,0.00749758,0.59015334,0.91905504,0.63889885,0.00194175,0.00022670,0.33282903,0.48595661,0.01077593,0.37663466,0.00056228,0.06051437,0.26455218,0.49347726,0.88617891,0.81286711,0.04430573,0.01157499,0.00061668,0.00646775,0.01420066,0.53721863,0.86716574,0.42383787,0.10422555,0.00084658,0.01393900,0.37232390,0.00052891,0.55386138,0.04004218,0.87155610,0.37380555,0.05836405,0.53887349,0.29658902,0.09632381,0.00004408,0.28378400,0.00006302,0.30306289,0.76131386,0.12147103,0.06610816,0.07193750,0.00095524,0.28122491,0.01369755,0.01455958,0.79283166,0.84313923,0.13195504,0.10511828,0.00902906,0.07447790,0.34385759,0.59944081,0.13110335,0.65247810,0.32763836,0.44309545,0.04604206,0.07090040,0.71346766,0.09974815,0.01607779,0.29231018,0.28079292,0.00029500,0.06984415,0.22361457,0.25984123,0.00792033,0.23955098,0.01763638,0.21399893,0.00309544,0.16574098,0.04208279,0.00667707,0.01349426,0.39777473,0.90298855,0.00376789,0.48057806,0.07822180,0.21147960,0.00232950,0.04510066,0.14301848,0.29312989,0.33754295,0.11352031,0.66675913,0.05436572,0.74255180,0.93404394,0.01280776,0.01542425
0.00007621,0.42912483,0.69152403,0.01383092,0.92808992,0.26471567,0.00016907,0.22749482,0.00125634,0.04416433,0.04072249,0.77500653,0.40829021,0.24494140,0.00136764,0.00079177,0.69903660,0.01246752,0.04264057,0.17325361,0.00249929,0.56420749,0.82236975,0.62185967,0.00015406,0.00006783,0.06094581,0.11762562,0.46182814,0.43180013,0.03326790,0.47607407,0.32982540,0.52950758,0.89681154,0.70929933,0.09573077,0.00099961,0.06939267,0.00540582,0.15012677,0.35866818,0.95330822,0.54880303,0.16232115,0.00137268,0.07645939,0.02072980,0.00127832,0.77892798,0.91149938,0.86075675,0.09006519,0.02820859,0.46299911,0.86554593,0.06736854,0.00010430,0.15017377,0.00082221,0.96498293,0.01418891,0.16434091,0.05136425,0.05269400,0.01806661,0.61392903,0.03382792,0.01079468,0.93533421,0.48590675,0.22522092,0.08739057,0.36646014,0.08424525,0.62695980,0.00890048,0.04322366,0.61810362,0.02868203,0.98211414,0.03423527,0.30766660,0.72152561,0.15226965,0.00507227,0.01501837,0.30752179,0.00380638,0.65575141,0.41317546,0.08726543,0.21225150,0.41704690,0.00192309,0.08962920,0.05642059,0.10120729,0.05386947,0.00012191,0.03649341,0.53947479,0.01285408,0.14724419,0.34276238,0.63267839,0.14814417,0.40557536,0.00475118,0.04839017,0.14380428,0.39554465,0.03209286,0.93564063,0.00212579,0.92580390,0.99925596,0.00139706,0.00144656
0.00189147,0.04790466,0.82804072,0.00811730,0.93818533,0.21387440,0.00617701,0.96138316,0.31177238,0.08956507,0.10086286,0.02615494,0.86044168,0.08635231,0.07013014,0.00020490,0.12977153,0.07804453,0.17188527,0.08688222,0.00497682,0.86589003,0.73622650,0.86767262,0.00102766,0.00120607,0.04805942,0.04913541,0.03802700,0.88793361,0.12002199,0.01424901,0.52013856,0.63418192,0.94697469,0.35052928,0.07270747,0.00052796,0.20804700,0.00972754,0.10879014,0.07998542,0.98645574,0.55024827,0.02077407,0.02586019,0.06065112,0.00887227,0.07441844,0.35572520,0.86464369,0.11455127,0.12075541,0.18401405,0.14741977,0.41022795,0.06080217,0.00238047,0.05115703,0.00829917,0.98278350,0.44439068,0.53320485,0.07216209,0.05127031,0.00238334,0.21037468,0.11459679,0.31655958,0.95279622,0.30577543,0.26752213,0.00882639,0.00212136,0.00328665,0.14834622,0.00280479,0.16006720,0.02501339,0.03543440,0.76125127,0.06601681,0.23233363,0.60804951,0.32637104,0.03139796,0.01261901,0.17618096,0.01542835,0.25567928,0.58814210,0.12719172,0.08201478,0.12936638,0.02952666,0.51380122,0.00731903,0.06840471,0.59997201,0.00026507,0.04949490,0.70017934,0.88563162,0.17605795,0.01590990,0.04184128,0.12817760,0.08400859,0.00670633,0.11773234,0.15054251,0.33614352,0.02024761,0.80419397,0.00050422,0.52475107,0.99005586,0.02522237,0.00690261
0.04206562,0.27925229,0.15110880,0.01830690,0.90852940,0.23776884,0.00824639,0.33817482,0.46561512,0.02901301,0.05956874,0.18378568,0.74130827,0.01234041,0.29877761,0.00764948,0.46254382,0.04028816,0.58893222,0.03401355,0.02416085,0.46242183,0.26880631,0.04774921,0.00126116,0.00106132,0.01755638,0.03602133,0.05328846,0.33213964,0.08924768,0.02741885,0.41993943,0.97774559,0.90031922,0.17562927,0.04331710,0.00355650,0.07466030,0.13756955,0.17723908,0.78282726,0.42258796,0.05886442,0.66804916,0.02099529,0.03723109,0.69434136,0.02313260,0.14512403,0.34525970,0.18107873,0.39695168,0.10672477,0.01664698,0.85940617,0.08655582,0.00092207,0.04631539,0.13962232,0.84778786,0.21029925,0.26457837,0.00377666,0.42385325,0.00712127,0.44017616,0.00280008,0.88329637,0.95143604,0.61682230,0.11157644,0.03109215,0.00703296,0.02052037,0.61439866,0.16144316,0.07460235,0.21307288,0.40689954,0.82087606,0.11274429,0.33546215,0.31002936,0.18140808,0.10035822,0.11284968,0.08396715,0.01149944,0.84217548,0.31142318,0.11467277,0.28253409,0.02082839,0.02327422,0.47640866,0.00180614,0.39433035,0.27000093,0.00486438,0.38528493,0.53776872,0.58645284,0.49210322,0.17385462,0.04338149,0.09182553,0.02799905,0.03664543,0.08213718,0.64231116,0.21155670,0.02093605,0.64009702,0.00267236,0.23465915,0.53717756,0.32436028,0.42742810
0.03906022,0.31884360,0.14677159,0.00888521,0.90914160,0.15941183,0.00471562,0.68646413,0.14798999,0.03001116,0.16643782,0.34074777,0.45889753,0.01402915,0.31216362,0.00436019,0.76222104,0.04640177,0.34216955,0.01244757,0.02508198,0.50564444,0.16281982,0.05464197,0.00136849,0.00035698,0.01291458,0.07213968,0.04369874,0.69946080,0.07985917,0.06348386,0.57338369,0.96350265,0.81274855,0.20519949,0.05830999,0.08157390,0.07278354,0.09393445,0.13437797,0.72284353,0.31265587,0.01919187,0.80799770,0.02160679,0.01925555,0.86082292,0.03985542,0.10903697,0.16393383,0.24525689,0.07610267,0.13808836,0.01526526,0.26306963,0.08639233,0.00088038,0.05520478,0.07740939,0.86304075,0.15018637,0.26374778,0.00268416,0.62560618,0.02189781,0.34024465,0.00631882,0.91671890,0.98114318,0.74474090,0.38092673,0.01656796,0.04907142,0.01809779,0.80486715,0.30432311,0.15912148,0.14281441,0.44596836,0.71603078,0.08403246,0.38241965,0.20053121,0.25711605,0.05681052,0.03625648,0.12193996,0.03410920,0.14808074,0.29592389,0.05808279,0.65422368,0.04060463,0.01473906,0.49107990,0.00448111,0.43510285,0.44526258,0.00569317,0.58250779,0.45097655,0.03634223,0.74780869,0.22780776,0.05274130,0.05808352,0.26976886,0.06645402,0.23374523,0.21088214,0.29075605,0.02480585,0.77062780,0.00283015,0.38391781,0.66796672,0.58751595,0.41851804
0.09573307,0.14023428,0.14508592,0.00665204,0.77951121,0.32264027,0.00933770,0.46467811,0.51005322,0.06680512,0.06297608,0.12104335,0.30294496,0.01199326,0.29227036,0.00175530,0.66682673,0.02368187,0.04465863,0.13576999,0.02484544,0.27491081,0.03336398,0.05237011,0.00288140,0.00223893,0.00680321,0.16203943,0.19022250,0.11630613,0.08045121,0.28062108,0.48300624,0.98695409,0.83746767,0.28713101,0.03804025,0.00229777,0.10003085,0.00470605,0.04425157,0.72526836,0.42257327,0.04429799,0.81031919,0.03870853,0.07409306,0.94277138,0.03148511,0.06788281,0.20510709,0.93585610,0.77827227,0.48158312,0.03763550,0.66617996,0.11005960,0.00120345,0.04427784,0.05902317,0.17004959,0.57300979,0.31482667,0.00666605,0.62476242,0.01008928,0.31882334,0.01911444,0.87821054,0.55296844,0.66291088,0.09531069,0.18352938,0.00804814,0.02206049,0.55174810,0.34743789,0.12019278,0.29570180,0.73651510,0.82634711,0.14484282,0.36739266,0.07510538,0.50684494,0.16178218,0.13080476,0.10041013,0.04093785,0.57344788,0.35246283,0.05994608,0.31793928,0.07945060,0.01587284,0.51717359,0.02976937,0.53296036,0.25492737,0.00247975,0.61516476,0.46891093,0.71364462,0.86531848,0.35291001,0.24161907,0.05351884,0.30579451,0.01676999,0.53628731,0.63145196,0.21129248,0.03659198,0.53992730,0.00197650,0.38932291,0.27404401,0.53855765,0.53742737
0.03997406,0.20589982,0.04579933,0.02692982,0.77650303,0.37365103,0.01924143,0.43488905,0.06858352,0.01395926,0.08101492,0.68442345,0.95009047,0.06093156,0.23267628,0.01074823,0.60542250,0.00687691,0.16541167,0.22734727,0.08237771,0.44720444,0.13042454,0.04774654,0.00401901,0.00540402,0.01169836,0.42483479,0.11568388,0.54153454,0.18032499,0.00946078,0.42250744,0.93691814,0.96825534,0.16146874,0.05434109,0.06353965,0.17071004,0.02191193,0.17592335,0.86499733,0.48835379,0.11373365,0.59375143,0.19371305,0.04109461,0.83276600,0.07231325,0.26977304,0.11601770,0.78994590,0.00370193,0.60238761,0.03416733,0.92551494,0.04529965,0.00359326,0.05935245,0.08520122,0.15369003,0.13757050,0.10015432,0.00277500,0.44744572,0.13635792,0.37142688,0.00845685,0.92731428,0.35496864,0.77271366,0.58896834,0.00466821,0.03754030,0.03274510,0.53340012,0.08634172,0.11475160,0.23654158,0.80877137,0.09737271,0.16534106,0.53539789,0.12253824,0.43936491,0.10263146,0.02639312,0.08051717,0.06080423,0.11813059,0.39379600,0.03596642,0.60615951,0.04972958,0.05107106,0.52964264,0.04347737,0.56288415,0.35097048,0.00164272,0.29089534,0.23214392,0.01462954,0.90639681,0.28583539,0.13846378,0.11529116,0.11304553,0.06835058,0.49378833,0.69069707,0.18125135,0.02608511,0.56499994,0.00303585,0.45888436,0.11958776,0.56857055,0.45176935
0.04661413,0.13179871,0.09964145,0.06255658,0.85927266,0.11439504,0.00388281,0.42202988,0.71036315,0.04185573,0.21905047,0.14694993,0.18741043,0.02883689,0.33406162,0.01499568,0.84085184,0.02269364,0.23210318,0.00770270,0.04436860,0.58563274,0.20512338,0.03403648,0.00727135,0.00112222,0.00322514,0.12555456,0.02742406,0.13088338,0.00990331,0.00363045,0.54930919,0.97860509,0.81346083,0.40375945,0.04912603,0.00091377,0.12196142,0.03908354,0.25980282,0.88814217,0.22724055,0.07255398,0.73554063,0.40097782,0.07095686,0.85341525,0.05430276,0.13879229,0.28261581,0.30004051,0.66984653,0.65513444,0.02128175,0.32927793,0.04580205,0.00310280,0.15628794,0.01220720,0.38231725,0.74954826,0.06216071,0.00330438,0.51054865,0.01501387,0.41542220,0.00983589,0.80664039,0.71053427,0.72212118,0.23616299,0.09387715,0.00138113,0.09162581,0.38095245,0.10247681,0.18794426,0.14944549,0.86824399,0.04760649,0.03774324,0.12909588,0.18544801,0.36953709,0.25239471,0.01129028,0.08016426,0.03740022,0.51151752,0.42412466,0.02253848,0.44935510,0.02764588,0.04687832,0.39943579,0.01288600,0.41752744,0.22205581,0.00789954,0.43293399,0.68919665,0.87009341,0.55489749,0.29542443,0.03487617,0.08150057,0.03663308,0.05314891,0.36661878,0.39724216,0.05004954,0.05568912,0.29977986,0.00617680,0.40011248,0.20722841,0.53491431,0.09369872
0.01528621,0.17278120,0.14035401,0.00451160,0.69411898,0.20604195,0.00412430,0.42268482,0.08041947,0.07362398,0.03480081,0.64811522,0.03684080,0.05431902,0.40344667,0.01672565,0.79521108,0.03332849,0.32164237,0.00953191,0.17186059,0.50519240,0.23453684,0.05120726,0.00377500,0.00095821,0.00661157,0.04748434,0.00814425,0.25395316,0.02912451,0.09766904,0.51955307,0.95058018,0.76436806,0.51070428,0.08909521,0.07258774,0.07189157,0.01425785,0.22337927,0.77276546,0.40416622,0.21947746,0.61556041,0.18388154,0.07293203,0.84983718,0.01462901,0.21257280,0.38034496,0.26254645,0.00543036,0.77647227,0.04873339,0.28388193,0.03486572,0.00247236,0.06915802,0.00427672,0.67146873,0.08128942,0.24043740,0.00135919,0.41399750,0.04504325,0.34571123,0.01277706,0.89678335,0.93893915,0.67134178,0.35736558,0.10778230,0.05084264,0.17091589,0.52002305,0.48220050,0.20497769,0.19531155,0.76607764,0.69908631,0.02212010,0.29551628,0.14200893,0.21722671,0.17420745,0.17290567,0.06121092,0.06939355,0.09272292,0.31357673,0.03379844,0.66640550,0.06256855,0.01623338,0.43142655,0.01086484,0.48581144,0.08980546,0.00509175,0.35810322,0.25946274,0.03308512,0.72666270,0.20345658,0.03482654,0.24519767,0.01120215,0.20060998,0.30385950,0.47869787,0.14415444,0.00774915,0.30668914,0.00513691,0.32699975,0.41791904,0.43098721,0.27038941
0.01858558,0.12253270,0.07715113,0.00532666,0.60176349,0.11097603,0.00148135,0.67560136,0.59137607,0.02839429,0.04312006,0.34104100,0.52036351,0.08507661,0.22341083,0.00452287,0.67361760,0.04359822,0.36042795,0.01936230,0.14635096,0.42452946,0.15352708,0.06709081,0.00030758,0.00119407,0.00729999,0.04553615,0.11651910,0.49282676,0.06706088,0.05307822,0.58253270,0.96616203,0.69880027,0.75095338,0.04493745,0.00194732,0.12650006,0.01513634,0.25342029,0.75954342,0.34054565,0.08358710,0.25027281,0.27483997,0.02862988,0.56895930,0.01020560,0.12591809,0.76605105,0.40876466,0.59757555,0.40936306,0.02193859,0.59431159,0.04706544,0.00280618,0.04142017,0.00678182,0.80521417,0.40431806,0.23088646,0.01157377,0.28703585,0.01511283,0.25622359,0.01278408,0.70907980,0.88517225,0.37623486,0.21092190,0.06228041,0.01095739,0.05471753,0.27465934,0.16139367,0.19152670,0.13383077,0.82614392,0.91014457,0.03341810,0.10592715,0.09875162,0.53594798,0.02707123,0.02001016,0.04691776,0.10346388,0.38369155,0.29331297,0.08024278,0.63510907,0.08748585,0.01770793,0.38064104,0.01536865,0.21702681,0.22848131,0.00194484,0.35282251,0.64113593,0.51611274,0.78677523,0.28049728,0.02272522,0.18321764,0.07878885,0.07142519,0.48768827,0.25598004,0.12376859,0.05119287,0.29025468,0.00181491,0.31334016,0.22842400,0.51004249,0.12734777
0.00665231,0.17188561,0.03908057,0.01336419,0.38429976,0.10733278,0.00266645,0.78134352,0.08726064,0.18792129,0.03924657,0.41041303,0.48349586,0.09001051,0.24076577,0.00321266,0.63772023,0.01044295,0.43330559,0.05754060,0.08601705,0.18773854,0.05720167,0.10457598,0.00230955,0.00151552,0.00489289,0.12359275,0.04213627,0.63403547,0.03949705,0.07164509,0.35731342,0.96549261,0.66054541,0.45615333,0.05837205,0.02393492,0.03947954,0.01394334,0.25913283,0.60736394,0.28204548,0.10627317,0.19386439,0.21894681,0.05234818,0.90663213,0.01236483,0.27865830,0.21674010,0.91780752,0.00676618,0.17187162,0.03932384,0.41035542,0.06397562,0.00083194,0.05766557,0.02225575,0.49394301,0.16543365,0.16146670,0.01181449,0.15555204,0.01364691,0.50681168,0.02322284,0.85392994,0.33439505,0.27261221,0.55577826,0.02648589,0.02535261,0.03388097,0.25778005,0.05298302,0.25549302,0.04291399,0.56591016,0.72714478,0.06709410,0.12949213,0.10069483,0.43720722,0.01897806,0.01938310,0.25974268,0.03426760,0.08651043,0.24185862,0.04470677,0.82650548,0.12919292,0.03763692,0.19954176,0.07042994,0.19451438,0.13499993,0.00473761,0.37737307,0.41111991,0.03465505,0.67774391,0.38771349,0.44651440,0.17474088,0.12632367,0.01540791,0.62456465,0.16028348,0.17558092,0.07830890,0.62322479,0.00140783,0.48264173,0.39599395,0.51014930,0.18395077
0.00778174,0.06731211,0.07079421,0.00818625,0.39878067,0.18661360,0.00240252,0.60497636,0.16836169,0.03183855,0.13438345,0.40492436,0.33552542,0.02703317,0.24381223,0.00258834,0.51456457,0.01550234,0.54265982,0.12165092,0.03429420,0.46775559,0.10801784,0.14770783,0.00139681,0.00085823,0.01329338,0.06046122,0.03993190,0.46008107,0.12715958,0.01990104,0.31036395,0.95181626,0.62535626,0.43481192,0.03851739,0.00596202,0.07833084,0.03889709,0.14122334,0.56343496,0.36597201,0.11228167,0.32187843,0.09251221,0.02594197,0.86681122,0.01799882,0.20197739,0.51247591,0.84797925,0.48409864,0.21341629,0.02532065,0.82919067,0.12364940,0.00087349,0.01759959,0.02398207,0.37230286,0.44492522,0.35726854,0.01233698,0.23131128,0.02595463,0.60619348,0.01814576,0.81621784,0.25819924,0.35532206,0.47445369,0.06617358,0.01207435,0.07851328,0.31490436,0.12024224,0.20438059,0.05553520,0.90244520,0.23775056,0.15717877,0.21876279,0.03841783,0.15534005,0.01994297,0.03559873,0.11285318,0.07329723,0.25808337,0.32013604,0.07258077,0.85352319,0.02063502,0.02687598,0.16515130,0.01836597,0.12837920,0.29179546,0.00569676,0.16180849,0.42268676,0.52462906,0.50521088,0.35661447,0.21063046,0.10333325,0.09374442,0.03486864,0.54989713,0.29465014,0.13657488,0.04931112,0.39808488,0.00135248,0.26416701,0.23017891,0.11584319,0.38440806
0.01043797,0.08059754,0.31520823,0.01554166,0.38749641,0.08699515,0.00444474,0.49953938,0.15699439,0.15709032,0.05261967,0.40239450,0.55817729,0.12240724,0.30292466,0.00722005,0.34819800,0.01633398,0.51354831,0.02849970,0.01693917,0.48839313,0.22677419,0.08576759,0.00199621,0.00161155,0.02120053,0.08834092,0.05580187,0.40107036,0.06732904,0.08568184,0.34863526,0.87187570,0.70841300,0.49216306,0.07308310,0.00556469,0.16646217,0.11382747,0.29087019,0.66513234,0.32724869,0.06480990,0.20580885,0.21615615,0.02052039,0.38780096,0.00698900,0.19940794,0.38120803,0.61570555,0.17250681,0.24522357,0.02551255,0.63335812,0.17839892,0.00181630,0.15534540,0.01905169,0.71565908,0.27003288,0.24936496,0.01266757,0.17473483,0.03133110,0.63961160,0.01589432,0.76933450,0.59068203,0.39784288,0.20780374,0.06593637,0.01933013,0.01129005,0.33532861,0.09848761,0.14753738,0.14526767,0.34238485,0.41326404,0.09622630,0.12673415,0.26914480,0.10960866,0.01566675,0.02440802,0.06404845,0.04747952,0.11951302,0.60364652,0.00606602,0.36215651,0.03454487,0.03032319,0.35832086,0.01070610,0.44369969,0.32986814,0.00348590,0.07829848,0.63434458,0.16876175,0.24043815,0.14056039,0.07282273,0.20176309,0.03915428,0.04747158,0.31361175,0.16800435,0.19760314,0.01826499,0.57719493,0.00314030,0.29108003,0.55657977,0.09852989,0.30219239
0.00572895,0.13796505,0.37992132,0.00774071,0.47065982,0.11372956,0.00806201,0.53476655,0.13966799,0.05754896,0.07320321,0.26477471,0.32192323,0.28698486,0.22027707,0.00556368,0.31156096,0.02503354,0.72108197,0.03003541,0.01650521,0.56896979,0.33249694,0.27044898,0.00230024,0.00170967,0.02051630,0.04330451,0.08124465,0.27156565,0.07075254,0.03289214,0.25013545,0.67393935,0.60746467,0.60489768,0.08581909,0.00333123,0.13057531,0.07660837,0.45375675,0.45168078,0.32113805,0.08982962,0.25012237,0.10015011,0.03431985,0.22048862,0.00833154,0.12409148,0.37662795,0.71347290,0.26130536,0.28276753,0.02937406,0.34183815,0.22620367,0.00107141,0.06845404,0.01541113,0.70583624,0.26775640,0.30489209,0.01172846,0.22218454,0.01303549,0.41030207,0.03155954,0.53472561,0.68179899,0.27641064,0.15522870,0.03813258,0.01670444,0.02486138,0.29220232,0.07074820,0.16482617,0.13229977,0.41040099,0.68776000,0.05899258,0.15996815,0.41015759,0.14556119,0.03516366,0.04248523,0.05849740,0.02651782,0.37170628,0.52603477,0.05963133,0.26986873,0.05564244,0.04960885,0.24683802,0.01840401,0.27543658,0.21516761,0.00203333,0.06422663,0.67618090,0.35869908,0.22434001,0.40542647,0.09949091,0.22230595,0.04016430,0.04052493,0.25052994,0.17547509,0.50127935,0.02983604,0.41516992,0.00313160,0.39125630,0.50506264,0.30037236,0.29167250
0.01103059,0.12994809,0.53798223,0.00842872,0.48684302,0.11720432,0.00789890,0.44132972,0.22482929,0.04096597,0.04548274,0.31039107,0.40963128,0.29852825,0.23942038,0.00574915,0.28785279,0.01411151,0.72951609,0.05723672,0.03019844,0.65708774,0.34159958,0.13269997,0.00276149,0.00186585,0.02428741,0.05255129,0.05859796,0.40395758,0.03813789,0.03371048,0.20624018,0.78130525,0.70125729,0.53343034,0.05108031,0.00355257,0.20728657,0.06124735,0.60914522,0.48093346,0.32378986,0.10325419,0.40809089,0.17644177,0.03717674,0.23550522,0.01288821,0.07788098,0.21989371,0.54462785,0.27817339,0.16669245,0.02632722,0.48870718,0.34695694,0.00147422,0.05339145,0.01783380,0.63820517,0.33670267,0.29951501,0.01911801,0.13584851,0.01209176,0.50089365,0.02013870,0.60089713,0.61745518,0.25303093,0.12229519,0.07377842,0.01694510,0.01556140,0.48889896,0.05466699,0.17020582,0.08704922,0.38514364,0.59757006,0.09005444,0.18072234,0.30668947,0.16826208,0.02559896,0.02298370,0.11157438,0.02938985,0.30325225,0.68723750,0.05732736,0.21457857,0.03377430,0.03489529,0.35865653,0.00980311,0.23696379,0.21361895,0.00189334,0.06572137,0.56551182,0.34467673,0.31614870,0.29946971,0.07506476,0.26393208,0.05221884,0.03583184,0.22918746,0.19991678,0.52782607,0.04683974,0.48209807,0.00258354,0.47413641,0.58143985,0.23810679,0.36212608
0.01147981,0.18937904,0.50893760,0.01481588,0.41513571,0.17921577,0.00888802,0.47253850,0.24140020,0.07088947,0.06110913,0.22641706,0.40098158,0.31760731,0.24528870,0.00346734,0.35589358,0.02259036,0.75673169,0.04078684,0.02270260,0.53719604,0.23696819,0.16506708,0.00256835,0.00091686,0.02758769,0.02506064,0.04487195,0.45424151,0.02967755,0.03814909,0.19184437,0.69936234,0.80012596,0.60125071,0.05158650,0.00678853,0.14035346,0.06876738,0.40347666,0.44389352,0.17525361,0.05651868,0.30853584,0.20448510,0.03891341,0.29589418,0.01026847,0.10910036,0.31821716,0.56362069,0.15099719,0.16452283,0.03778859,0.45842466,0.19712469,0.00125359,0.08988596,0.01973620,0.68687022,0.21096690,0.28709275,0.00839532,0.12683079,0.01795484,0.42138094,0.03221714,0.42714658,0.63955462,0.20706779,0.19021560,0.06438596,0.01226582,0.02226498,0.45612809,0.11234801,0.12923528,0.12209801,0.38889831,0.67456120,0.11554011,0.12582068,0.36710772,0.17274354,0.01559121,0.02787271,0.07132240,0.04486341,0.26499504,0.60778964,0.05988483,0.19129422,0.03110186,0.04517631,0.24857663,0.00881476,0.32248467,0.22197510,0.00396101,0.05936987,0.70719612,0.42008644,0.20044503,0.39334932,0.05685695,0.27395540,0.06329481,0.03917309,0.28858972,0.16664954,0.38747329,0.02886168,0.50283408,0.00320726,0.45977667,0.55931342,0.28810421,0.26573122
0.06495518,0.38472089,0.51275080,0.02137522,0.66773695,0.07715468,0.01102231,0.81447452,0.09697611,0.09965378,0.03526434,0.44060099,0.30636045,0.18304875,0.11720365,0.00731744,0.45097461,0.20625959,0.27475050,0.03860705,0.01340763,0.85937607,0.18865189,0.21952519,0.00130108,0.00150420,0.01966538,0.02974002,0.01694129,0.54942423,0.03411506,0.05285029,0.30030268,0.81836468,0.67551154,0.48482057,0.02914920,0.00431151,0.22785138,0.27900025,0.53255725,0.42106041,0.11654774,0.02239169,0.23793972,0.29673052,0.02664668,0.32296064,0.02780609,0.06416676,0.47209683,0.52773279,0.25336081,0.17503418,0.05787640,0.48186654,0.23815165,0.00077767,0.09238105,0.02471295,0.34365213,0.44633287,0.20448519,0.00539573,0.08863105,0.00867536,0.44748709,0.06645775,0.41191232,0.56998616,0.14784867,0.03672926,0.22794488,0.01961938,0.02173361,0.38325277,0.11306463,0.03385739,0.09047735,0.34121996,0.40340298,0.04475765,0.03913138,0.20309700,0.10398435,0.04259657,0.01657823,0.03352350,0.02075953,0.24845788,0.67099261,0.08012696,0.65071595,0.02914836,0.06071929,0.48602048,0.03577027,0.18575262,0.12617603,0.00207692,0.02464710,0.71563405,0.33476174,0.23646654,0.32521066,0.04565202,0.37738580,0.05775082,0.06655186,0.18760598,0.13904053,0.24436283,0.02422024,0.69098139,0.00184649,0.24784052,0.53781104,0.11245199,0.40821853
0.02161346,0.33412457,0.30092773,0.00821744,0.49488595,0.06919486,0.00627984,0.75446993,0.06523391,0.07161123,0.13749181,0.44351766,0.32129291,0.14648651,0.19286762,0.00321631,0.42071214,0.05400532,0.51782966,0.03429126,0.01218195,0.76585686,0.12260651,0.25300875,0.00148390,0.00441815,0.01791587,0.04751273,0.01991092,0.52536851,0.04321214,0.04810074,0.15648945,0.71628302,0.81454450,0.39993745,0.04320954,0.00608436,0.36191890,0.15256390,0.58237046,0.56806594,0.13526331,0.04180252,0.23309097,0.41131383,0.01136227,0.51705021,0.04059982,0.12492398,0.38322490,0.64149117,0.11096316,0.25558734,0.05179728,0.25526303,0.30704144,0.00057477,0.05123169,0.02821445,0.60222328,0.33435532,0.24658494,0.00777784,0.13188075,0.01698229,0.37646496,0.03556655,0.48133767,0.70146441,0.33638126,0.05937707,0.08305989,0.00883578,0.03762415,0.36281255,0.22435211,0.04466224,0.17499852,0.42641139,0.45225728,0.05430107,0.10733306,0.27210939,0.14975686,0.01246306,0.01631684,0.02297387,0.03041442,0.20506898,0.60994345,0.03309866,0.44131580,0.03097057,0.04810138,0.48449332,0.02067027,0.15680243,0.10160314,0.00290719,0.02240095,0.63655359,0.23988067,0.31159452,0.26922688,0.05659633,0.14069293,0.09733336,0.04693943,0.18888229,0.16460140,0.36014476,0.08640428,0.84896266,0.00258409,0.43642539,0.44644591,0.17520791,0.33546352
0.02416461,0.16611530,0.25867835,0.03416036,0.65251720,0.03132665,0.00604321,0.76236832,0.16350219,0.07945951,0.02123534,0.30627805,0.31059772,0.16013545,0.21578282,0.00457442,0.41093042,0.05442125,0.59989685,0.03499977,0.00921793,0.76288450,0.22847039,0.15811801,0.00172491,0.00347040,0.04008299,0.07252701,0.02750498,0.35038882,0.09099168,0.07441640,0.21836528,0.65603638,0.81863534,0.43660429,0.05848094,0.00471163,0.42083627,0.29640579,0.48650959,0.49266571,0.12806411,0.01994839,0.17779574,0.27600405,0.01371701,0.68713039,0.03608297,0.13167982,0.35622144,0.49528879,0.37325758,0.26260135,0.02902202,0.40176252,0.28236243,0.00109917,0.04559750,0.02834203,0.51885289,0.35713601,0.26376164,0.00747670,0.05494167,0.00614125,0.59715503,0.02923249,0.39473405,0.77770215,0.12561442,0.05306327,0.19913019,0.01043170,0.01525368,0.34465608,0.09889329,0.06525864,0.11752144,0.57404172,0.65113318,0.05930017,0.07843020,0.23980600,0.10355461,0.03912571,0.01643665,0.01874702,0.02942314,0.36930677,0.70229822,0.04668388,0.51965743,0.02989173,0.08960016,0.44477403,0.01623072,0.30925536,0.17551875,0.00146880,0.03172382,0.54063243,0.27845109,0.23283559,0.34122926,0.03360475,0.36385569,0.29062310,0.05100951,0.17536639,0.17463405,0.38558537,0.02515829,0.56409633,0.00786226,0.26598307,0.42787701,0.11575771,0.19184397
0.00725771,0.23215427,0.34431404,0.02480287,0.64358008,0.19784169,0.00703963,0.49598703,0.07140048,0.04380529,0.02644641,0.43857276,0.77415472,0.21278688,0.09630211,0.00167892,0.46650818,0.01626604,0.46954852,0.04151815,0.01264101,0.76660895,0.27178070,0.14602305,0.00189062,0.00200123,0.04317854,0.10925168,0.01324630,0.21734774,0.02894406,0.01325684,0.50477755,0.82408923,0.68669325,0.46948323,0.05386568,0.01085624,0.12883556,0.29413959,0.81250697,0.51360446,0.12320664,0.00929982,0.02795294,0.07370365,0.01407248,0.77913386,0.04038695,0.16537032,0.03984055,0.86513638,0.00915086,0.27097723,0.06161956,0.72553235,0.40412554,0.00113363,0.04764551,0.02280146,0.32472864,0.45021546,0.31219006,0.02250817,0.13655524,0.01902558,0.53990829,0.06472779,0.42046842,0.40223968,0.13417155,0.03548226,0.28493565,0.01556861,0.01851477,0.71503741,0.22164887,0.14913787,0.22653043,0.14408022,0.43329096,0.01013336,0.27711937,0.41966182,0.22752887,0.10894582,0.01212512,0.01954180,0.15429258,0.01202757,0.69105309,0.06535492,0.61396116,0.02529642,0.01390694,0.48441067,0.01220322,0.30600047,0.25480077,0.00076085,0.01972213,0.72518176,0.30601463,0.06205681,0.43960202,0.06942744,0.28196231,0.08813871,0.10429743,0.47028551,0.20878996,0.26237947,0.04895425,0.66798544,0.00499909,0.40594617,0.28929627,0.13972548,0.41225150
0.00336235,0.10272443,0.60705036,0.01471106,0.35365111,0.14933538,0.00387895,0.64612406,0.17532688,0.08097862,0.14152774,0.54198736,0.13327739,0.34907857,0.08473208,0.00270165,0.51718390,0.00794015,0.32420456,0.08026079,0.01071361,0.57795042,0.18915550,0.10237714,0.00194279,0.00118928,0.04304342,0.13907430,0.01333663,0.62886941,0.01747254,0.01344545,0.52247739,0.82355100,0.46268106,0.38635236,0.09439313,0.00019031,0.19047087,0.52989256,0.77992940,0.38058987,0.09632136,0.01959038,0.14779060,0.24140283,0.03337786,0.66134983,0.02202330,0.15916127,0.18304355,0.73300463,0.28203601,0.18556535,0.01653552,0.13240618,0.23398577,0.00086975,0.07660607,0.03597454,0.08575174,0.38499522,0.24225256,0.00980270,0.08187841,0.00763267,0.45330405,0.03356357,0.59067076,0.70002526,0.21168096,0.01684900,0.01502448,0.00498337,0.02636551,0.19460215,0.33689258,0.21546747,0.19536248,0.12103298,0.47430092,0.03643716,0.20350325,0.16568412,0.13662675,0.03106730,0.01186767,0.01418815,0.03716145,0.62775284,0.81409508,0.20585327,0.41761127,0.02312806,0.02826021,0.22774947,0.04866941,0.57398897,0.42345768,0.00127897,0.02224495,0.64348918,0.80230784,0.18759458,0.34375504,0.10318112,0.36693156,0.09623717,0.14610539,0.30770680,0.11296929,0.28117576,0.13505179,0.78774244,0.00749060,0.25402018,0.42034122,0.40537453,0.32147935
0.00461880,0.11507929,0.70313931,0.00615896,0.45429200,0.18984282,0.00238423,0.80866987,0.07716331,0.03007151,0.01169014,0.17946932,0.23973428,0.22259676,0.11870897,0.00320824,0.45372611,0.00385718,0.31051746,0.06210159,0.03441244,0.79202092,0.15386938,0.14847504,0.00386632,0.00101730,0.03723316,0.18082362,0.00974211,0.14659274,0.03204403,0.02870730,0.28495318,0.82719481,0.53099972,0.42302641,0.07248313,0.01497255,0.15447502,0.53098959,0.89284801,0.35297772,0.09452099,0.02694462,0.06919364,0.16406362,0.03559058,0.56973362,0.06036244,0.09084584,0.28466341,0.71855587,0.06631325,0.35568008,0.04779726,0.83594435,0.28745878,0.00148797,0.02811491,0.02086731,0.34880716,0.64382720,0.23409776,0.02108313,0.07386405,0.01374926,0.44992292,0.04098321,0.52246010,0.56792420,0.20507298,0.03490909,0.43767652,0.00943493,0.01614318,0.15404359,0.15712577,0.10253561,0.10897470,0.08760495,0.65825301,0.05598716,0.17862509,0.23252212,0.17929611,0.03196054,0.02622886,0.02230777,0.07010453,0.01384933,0.77038783,0.12648614,0.63813984,0.04575865,0.01954038,0.35324693,0.01474808,0.37886634,0.28878650,0.00206614,0.01694258,0.72859436,0.46682081,0.16057281,0.40440223,0.09149336,0.20766920,0.09086722,0.04709374,0.64544588,0.08390996,0.58276165,0.03153894,0.66603351,0.00250208,0.22020094,0.52722991,0.54282230,0.42929068
0.00613591,0.27829939,0.84022731,0.00675254,0.12167117,0.13044152,0.00352071,0.68481469,0.21544556,0.01086898,0.01702505,0.51233011,0.28664073,0.49718383,0.18362531,0.00347543,0.50397509,0.00503602,0.40823293,0.04474940,0.03137678,0.53564078,0.22826400,0.17077108,0.00144628,0.00059424,0.02425790,0.11081387,0.01916552,0.57914680,0.01118637,0.01564073,0.35139799,0.83954573,0.32279381,0.47592428,0.02892621,0.00272306,0.06364314,0.18170306,0.88163173,0.19465007,0.13003521,0.02482047,0.07891497,0.16430351,0.10128934,0.35210612,0.00521080,0.14118837,0.17097545,0.90872073,0.30092984,0.11383057,0.14283948,0.61023068,0.28140274,0.00073217,0.06745633,0.02460312,0.70943183,0.20075344,0.16604739,0.02285630,0.06258250,0.00965983,0.35559544,0.04557796,0.25830218,0.68539822,0.21053304,0.04007597,0.07573190,0.04512505,0.03077698,0.40222466,0.07783227,0.22431241,0.22098854,0.20832753,0.76897103,0.06221527,0.54551899,0.32620725,0.17230161,0.01071935,0.01922697,0.02605226,0.05040300,0.59722060,0.76274294,0.20570309,0.57087439,0.01517381,0.00894676,0.31639275,0.00646157,0.39463419,0.20305657,0.00174200,0.01586626,0.44818190,0.23670916,0.19245650,0.45719156,0.03323050,0.22453320,0.13688271,0.04076431,0.21177778,0.14876553,0.39714304,0.07605631,0.40035203,0.00570938,0.29487109,0.42266053,0.61663467,0.33481854
0.00997245,0.18319111,0.84224880,0.00508096,0.32359657,0.19008265,0.00257170,0.39756885,0.17280634,0.05540392,0.06177510,0.66083205,0.11121655,0.54189825,0.27320999,0.00227162,0.28111511,0.00780927,0.38876238,0.06305999,0.01649017,0.60327321,0.41337883,0.28620267,0.00219081,0.00125794,0.04677557,0.15552674,0.04445053,0.25951415,0.02521112,0.03468909,0.29358953,0.80378467,0.34757149,0.59902024,0.04437043,0.01625456,0.12327152,0.27110308,0.90779555,0.60061824,0.20173864,0.03118640,0.06928116,0.10455691,0.27881628,0.29574224,0.00629570,0.10593040,0.29695043,0.89925629,0.01449561,0.21657388,0.08726589,0.23904662,0.42851058,0.00080097,0.07967874,0.02358782,0.54480851,0.64103097,0.16380817,0.01347395,0.18507750,0.02695259,0.48687059,0.03516259,0.34788093,0.44931588,0.24594961,0.17793976,0.08329137,0.03355496,0.06625211,0.54047990,0.03693521,0.11452542,0.10491420,0.07850438,0.66790861,0.09333005,0.46289930,0.51463211,0.10038346,0.05055927,0.00543649,0.06707895,0.04074223,0.01302374,0.89765662,0.09655245,0.14729078,0.02418981,0.01263395,0.31230775,0.00639976,0.29837191,0.28862950,0.00243901,0.04436288,0.61449993,0.57320279,0.11107269,0.46334901,0.25608200,0.14645460,0.08294112,0.05067963,0.21182327,0.13352327,0.35891706,0.01535913,0.26192951,0.00349658,0.39486319,0.42675936,0.31644866,0.17421044
0.00894372,0.09310735,0.83301055,0.00697271,0.14634767,0.07130055,0.00178760,0.36385357,0.21728946,0.02420681,0.02555633,0.42374659,0.40613672,0.60273051,0.17171277,0.00234792,0.28602844,0.00643760,0.44938782,0.04078688,0.07059529,0.71110183,0.55218297,0.30845380,0.00244267,0.00155935,0.05331208,0.07800198,0.06875437,0.09892308,0.03434808,0.09538022,0.16602169,0.93632549,0.38611129,0.43197742,0.06713719,0.00799374,0.18295649,0.21728799,0.95421463,0.36308849,0.21532308,0.08976573,0.11524414,0.14000890,0.09486545,0.17354861,0.00838991,0.06355406,0.11676964,0.88618535,0.08670168,0.14683080,0.07920031,0.42658484,0.17214526,0.00089378,0.03643108,0.01126273,0.59061950,0.33507490,0.16483185,0.01169546,0.09066092,0.02354123,0.53233248,0.03375203,0.33206454,0.64969736,0.09364419,0.09777819,0.16271776,0.04716382,0.10024866,0.30649504,0.06376231,0.39828637,0.17657287,0.13262334,0.76830870,0.10334487,0.55465192,0.27526027,0.04950724,0.02098779,0.03023202,0.14082336,0.03831710,0.60995883,0.64465606,0.06479541,0.15134524,0.03170407,0.04419708,0.30111772,0.00532676,0.34428596,0.23353845,0.00218497,0.02979593,0.44469020,0.62910414,0.17312761,0.67335308,0.41113141,0.16648449,0.02643332,0.02881175,0.22820860,0.17215197,0.54555243,0.02468905,0.27967608,0.01076302,0.28019470,0.41256893,0.58905113,0.29922071
0.01279452,0.19750530,0.89831799,0.01359631,0.28940779,0.26822567,0.00634841,0.64387661,0.23743241,0.00751772,0.04179914,0.65690863,0.37238818,0.34370980,0.22859755,0.00502234,0.53431439,0.00751509,0.81009698,0.05858628,0.12441918,0.31466413,0.35468176,0.04778894,0.00112279,0.00116480,0.05415836,0.03719674,0.05414587,0.41414747,0.02970690,0.05805939,0.14613050,0.81436753,0.22658226,0.31438175,0.05603219,0.00598243,0.21092531,0.15987287,0.71481150,0.35204846,0.14245753,0.17061985,0.27565742,0.20158833,0.02470946,0.22453526,0.00584916,0.08459853,0.09261586,0.75955027,0.25671872,0.23039347,0.05343873,0.60285747,0.20936251,0.00102040,0.08394966,0.01868229,0.41359216,0.52832133,0.15278691,0.01740035,0.12821752,0.01800489,0.43308407,0.08921979,0.37576845,0.46966740,0.41855758,0.09205369,0.13958375,0.02376446,0.01517843,0.09697387,0.06636570,0.16913556,0.16251457,0.21980970,0.78193957,0.04869619,0.49943987,0.43959597,0.09983248,0.03979493,0.00612761,0.05347546,0.02683829,0.36254761,0.73622990,0.07143556,0.13622047,0.01215191,0.03297668,0.28143811,0.01579862,0.39167008,0.18677832,0.00386292,0.08677230,0.50540006,0.27031058,0.18183263,0.62255311,0.09310969,0.47775310,0.04709763,0.01759709,0.34747538,0.20267300,0.21629851,0.01794964,0.67507923,0.00206280,0.54865378,0.58734840,0.32924342,0.43542466
0.00904178,0.14854153,0.63413155,0.01055530,0.22267680,0.20410410,0.00666609,0.45501268,0.20581922,0.02181913,0.03532673,0.35708177,0.41904446,0.47421944,0.20049296,0.00553544,0.21660253,0.00705623,0.67986768,0.03698623,0.02339490,0.59691799,0.22203383,0.07003178,0.00209086,0.00096483,0.04667353,0.02998769,0.06292992,0.35981730,0.00764031,0.04950693,0.13133955,0.68144947,0.41974491,0.62144738,0.04327808,0.01040569,0.05805812,0.09133977,0.78466862,0.41308206,0.12150432,0.09653931,0.28733417,0.13805355,0.04959306,0.30330932,0.00787814,0.22427927,0.19940645,0.73345542,0.06467212,0.23533447,0.07292785,0.31708574,0.34561265,0.00145696,0.08986111,0.01108511,0.58738339,0.30983192,0.19742581,0.00984386,0.09004375,0.02019109,0.50599480,0.03219619,0.52403188,0.67313313,0.36076343,0.12406769,0.04630795,0.01648196,0.02643327,0.13848361,0.10155509,0.33154568,0.12112116,0.28417146,0.84191811,0.03265729,0.52492452,0.39328998,0.15958858,0.01355431,0.03939512,0.04912854,0.02938092,0.39281285,0.73944438,0.03105368,0.21880515,0.02383647,0.02685706,0.22166194,0.01668033,0.40878522,0.26828873,0.00214551,0.08808031,0.22510359,0.41455904,0.08099568,0.48894173,0.01992287,0.30221125,0.03566024,0.01807501,0.12383998,0.21511486,0.38150156,0.03669510,0.71123904,0.00181847,0.41588628,0.47476694,0.45712990,0.29577300
0.01059601,0.09112687,0.70897943,0.00618657,0.32773694,0.20038465,0.00939880,0.61749709,0.19473641,0.05630302,0.05201299,0.40513629,0.43672889,0.26253122,0.29579782,0.01012923,0.32169604,0.01389861,0.59141642,0.06390813,0.02331587,0.45540950,0.26211068,0.13706668,0.00160064,0.00156035,0.03488975,0.03291371,0.05149499,0.45695096,0.03025837,0.03241694,0.27182990,0.78564894,0.61586916,0.56154829,0.05523975,0.00410006,0.10705898,0.06864320,0.58205545,0.55425549,0.08316039,0.08400313,0.19466886,0.11129925,0.08008035,0.39357451,0.00797067,0.06690166,0.18396871,0.73815238,0.16170995,0.33929619,0.06901191,0.67794007,0.35363054,0.00167664,0.04804145,0.02280860,0.56611240,0.33173949,0.22536287,0.00722365,0.12690771,0.00918274,0.47389466,0.02960361,0.39357513,0.75408852,0.33020964,0.09280209,0.04897187,0.02451481,0.02886320,0.43517748,0.08979398,0.15030262,0.08094554,0.46096671,0.66861719,0.04961257,0.17925520,0.37054244,0.16925296,0.02371431,0.03999505,0.14045195,0.03116034,0.41102147,0.55899066,0.01790698,0.15129854,0.04518841,0.02900115,0.32808632,0.01905954,0.46816424,0.19439888,0.00317119,0.10680472,0.35409540,0.31635374,0.20357011,0.51399064,0.10666967,0.34690583,0.05274478,0.01545089,0.17577887,0.25535312,0.36796102,0.02499716,0.53487313,0.00239478,0.46047673,0.27337661,0.25488132,0.41970870
0.01025777,0.08516245,0.58766109,0.01399445,0.30896389,0.09897933,0.01095936,0.59469748,0.21711847,0.07973778,0.02848651,0.30657920,0.29102984,0.22025570,0.17681651,0.00563255,0.30380470,0.02322457,0.76350957,0.04121326,0.02308559,0.61280185,0.35780472,0.22251287,0.00232455,0.00124864,0.01912623,0.04438118,0.05962543,0.37581071,0.05115389,0.02708137,0.20820256,0.73814571,0.60417473,0.65724146,0.04401106,0.00429406,0.12461073,0.07413232,0.58964509,0.50272191,0.17571014,0.06015320,0.29574436,0.09949207,0.05444205,0.40085998,0.00872129,0.16559875,0.20029977,0.63391012,0.12466289,0.20187269,0.06681135,0.34932944,0.29188460,0.00094137,0.08340267,0.01994888,0.63034666,0.27047670,0.20695217,0.01427478,0.22271188,0.02638558,0.58084404,0.04358678,0.39148957,0.75882369,0.34013316,0.24623851,0.04677010,0.03949195,0.02687344,0.37043062,0.14807223,0.21711767,0.08890009,0.38947344,0.70152378,0.07350969,0.17467746,0.42654470,0.19456606,0.01678520,0.01918909,0.12702774,0.04419491,0.50515085,0.58896565,0.01871514,0.29961762,0.02878981,0.03171824,0.30084875,0.01900480,0.20683663,0.31670371,0.00390157,0.09064061,0.47361237,0.34932923,0.29867670,0.44908983,0.05038166,0.28672054,0.05839969,0.01978258,0.30285877,0.16342418,0.48043725,0.02238316,0.46704015,0.00207907,0.34312493,0.50330353,0.26079088,0.32869676
0.04261057,0.33753148,0.04169027,0.05514540,0.73996240,0.00939559,0.01507426,0.63135028,0.64775085,0.08815482,0.05470988,0.11480633,0.84761691,0.05202468,0.05449244,0.00246015,0.93189561,0.05345707,0.18015401,0.03476628,0.00122807,0.32820213,0.65249974,0.71169627,0.00046514,0.00026515,0.01787993,0.01712308,0.06672022,0.38167301,0.00797509,0.01115698,0.37525201,0.68419260,0.94872361,0.40704134,0.09198104,0.00081495,0.40941703,0.07096618,0.72575361,0.72530049,0.31071693,0.01465911,0.87565690,0.34872487,0.08898646,0.58828622,0.00452579,0.05562978,0.18895994,0.90933073,0.91363388,0.06524177,0.05314807,0.93717343,0.88296759,0.00061972,0.04109605,0.00916195,0.61241001,0.72777665,0.17435257,0.00006121,0.16097209,0.00431791,0.96265155,0.01157623,0.35794216,0.87362719,0.05269630,0.67794341,0.38197914,0.00169151,0.00513472,0.34708983,0.15623569,0.01256297,0.04372896,0.47359705,0.95723414,0.00697413,0.10445111,0.20338340,0.78754038,0.20218194,0.40580058,0.05660446,0.08301014,0.92129332,0.71584845,0.02569066,0.03959456,0.00947346,0.07465203,0.66789663,0.00626249,0.03300225,0.40870005,0.00072495,0.02087234,0.68861747,0.98514545,0.31736386,0.16736892,0.01931111,0.06613325,0.00337377,0.19751424,0.10407493,0.10268167,0.18135519,0.00298033,0.95054030,0.00154331,0.90557665,0.34249520,0.31147665,0.18283549
0.06304485,0.86521286,0.07739913,0.00687659,0.85383695,0.02068416,0.00827560,0.53528577,0.00947751,0.19765884,0.52580249,0.68556100,0.00689378,0.03670430,0.13485724,0.00158698,0.76025426,0.04451309,0.09272597,0.00265492,0.00465904,0.39772692,0.01514611,0.85082084,0.00016999,0.00142882,0.02068964,0.00606691,0.09787833,0.90972316,0.02112216,0.20310771,0.82701051,0.78349090,0.96695197,0.25520280,0.06682370,0.38046107,0.75960630,0.30605191,0.62295324,0.60837495,0.03301399,0.00925839,0.88189489,0.87253994,0.02920683,0.22006343,0.00302555,0.02890985,0.67621517,0.99722606,0.01031200,0.55292845,0.01888735,0.14748822,0.97614878,0.00038150,0.01901546,0.01351893,0.89496231,0.07943577,0.25886655,0.00001411,0.24417408,0.02620920,0.97497118,0.02588819,0.64751524,0.96497947,0.03604467,0.86919254,0.01947983,0.61023211,0.00290754,0.94393873,0.67414302,0.01946642,0.05434535,0.11620285,0.99340218,0.00237739,0.21248482,0.19793601,0.83979678,0.33703950,0.00269552,0.18458758,0.64884400,0.00286904,0.17687304,0.00805358,0.46658301,0.01004967,0.10895737,0.48809052,0.00361306,0.01418170,0.86745995,0.00062166,0.05053824,0.70139420,0.00002732,0.15142463,0.05671157,0.17790031,0.19709779,0.05110566,0.00833466,0.00060918,0.31247714,0.10508095,0.09132484,0.93938851,0.00200528,0.90831405,0.25503573,0.13747989,0.17018546
0.02019426,0.18806322,0.09705341,0.00058523,0.83700585,0.02594324,0.00985722,0.61606169,0.72172248,0.93670624,0.01115456,0.14866540,0.51832658,0.16124557,0.20117843,0.00127134,0.80449557,0.04623532,0.06321833,0.42788082,0.02792588,0.45610583,0.00232069,0.61778915,0.00011758,0.01292470,0.00910200,0.01433615,0.11258905,0.02506790,0.13345888,0.28624213,0.73789704,0.76223254,0.87191033,0.34771183,0.00701223,0.00021777,0.53406483,0.36946860,0.68872118,0.34168297,0.18825635,0.06111775,0.54376084,0.51534206,0.14816149,0.23995252,0.06762144,0.04859862,0.81833625,0.86477733,0.92708760,0.76596069,0.00321989,0.01908551,0.85982507,0.00256794,0.00985562,0.03952463,0.93947482,0.86843115,0.17770696,0.00005274,0.38442892,0.02032047,0.92611665,0.09010685,0.41975230,0.00149500,0.10158481,0.05823844,0.09839202,0.00001906,0.00035392,0.14540781,0.25262839,0.00764955,0.00557464,0.50962591,0.88052410,0.01616849,0.15875348,0.24615830,0.64648646,0.30570891,0.27155033,0.11455756,0.08065775,0.90498269,0.64669561,0.00163779,0.08720798,0.07259398,0.11646657,0.61964744,0.01304612,0.00019157,0.37718001,0.00015871,0.07078115,0.82444185,0.99444091,0.33400962,0.06947393,0.23327854,0.04691606,0.36488828,0.00024722,0.00013518,0.17054960,0.29704097,0.02317524,0.43011856,0.00118819,0.66860604,0.49882317,0.79635006,0.38679332
0.02293257,0.41651517,0.08548689,0.02300975,0.88326699,0.44496623,0.04490668,0.20529664,0.03661156,0.23975116,0.00359216,0.47678220,0.94534981,0.18833709,0.11119563,0.07333013,0.74982750,0.03849261,0.36140454,0.22634520,0.00212304,0.34909490,0.01684942,0.19285059,0.00013690,0.29775649,0.00517186,0.01006171,0.63832307,0.27891931,0.71748799,0.02275707,0.43746737,0.92289078,0.94811779,0.57902545,0.17963459,0.14912765,0.24911483,0.35838118,0.68569100,0.31296325,0.72706443,0.09041438,0.66886997,0.31424627,0.19760415,0.06334893,0.31526536,0.49140272,0.10077763,0.09852985,0.00954575,0.68798769,0.01241566,0.98136854,0.63311565,0.01229102,0.03042272,0.02641097,0.49587193,0.02671582,0.19248474,0.00022903,0.25293007,0.17409104,0.84677380,0.13396399,0.61413509,0.00699349,0.15548725,0.20042516,0.07897010,0.34584340,0.00417796,0.13768299,0.00187796,0.01392879,0.00456713,0.59953767,0.00189302,0.00388142,0.05709365,0.30445620,0.65257025,0.28427416,0.02770991,0.05224528,0.07140002,0.00971590,0.45096865,0.00923051,0.80935264,0.07545739,0.15292329,0.29310480,0.08604416,0.00125077,0.65600282,0.00016894,0.06814458,0.64280611,0.00037834,0.41011059,0.26328328,0.25819728,0.49702984,0.53122091,0.56191903,0.00179451,0.13163561,0.15745611,0.00032966,0.13901302,0.01110861,0.83780026,0.38128975,0.65012878,0.55188000
0.04651681,0.26033336,0.40625173,0.25833830,0.73883164,0.32629958,0.01597771,0.34432378,0.25874913,0.09078066,0.25469849,0.05279265,0.01440840,0.13910110,0.26243299,0.25030741,0.60237426,0.03779012,0.36218640,0.00084369,0.00008880,0.43061280,0.65675759,0.12518066,0.00224791,0.00721045,0.04804027,0.07080829,0.01291459,0.00319155,0.05533518,0.02866209,0.24098770,0.90509981,0.83947366,0.48674068,0.49071568,0.00046226,0.13164020,0.28646174,0.46765155,0.45451504,0.48174560,0.06959018,0.68679976,0.44999191,0.18138199,0.03061550,0.04264033,0.18298699,0.05189294,0.30786365,0.71798432,0.52808344,0.43607774,0.04052081,0.36133358,0.12935983,0.08465596,0.05628074,0.01480126,0.78461403,0.52995545,0.00138485,0.34768844,0.01188206,0.69487190,0.17932039,0.88714164,0.11323878,0.21885292,0.26304406,0.00732545,0.00019175,0.05232525,0.03559916,0.01352506,0.07111584,0.00319059,0.39876381,0.01269474,0.00145124,0.16406141,0.30215448,0.63239920,0.16170989,0.00654559,0.00997865,0.02771785,0.79162848,0.41498721,0.00689958,0.07850355,0.02196842,0.18489788,0.39665946,0.07719690,0.00650983,0.70918465,0.00618464,0.11921217,0.74120861,0.97896266,0.20564231,0.21700734,0.02134877,0.54227966,0.01015314,0.41084751,0.01598005,0.27588949,0.61241013,0.31348270,0.12027609,0.05206297,0.92657584,0.34992927,0.32610583,0.47391072
0.01063469,0.29305086,0.52616012,0.11790744,0.41952652,0.15873380,0.01737961,0.61796516,0.03054257,0.53963876,0.00315729,0.16479661,0.03886724,0.18986039,0.19427240,0.03241706,0.72742271,0.03697820,0.60548300,0.00258350,0.00011767,0.48817617,0.55845064,0.13076887,0.02927055,0.00009968,0.22109605,0.02708771,0.00304441,0.54452699,0.01482268,0.03619443,0.11307608,0.83202440,0.80290079,0.57860553,0.14053296,0.10757768,0.40655074,0.10928228,0.62943995,0.27760550,0.26780218,0.02349373,0.59227437,0.10573829,0.01795756,0.04378773,0.02704336,0.11480375,0.19823806,0.72782385,0.01170044,0.76066029,0.18964721,0.19610699,0.66133749,0.00325295,0.15375096,0.01319076,0.19373642,0.02424063,0.51478904,0.00213888,0.57783842,0.04636864,0.70693493,0.06230455,0.65560746,0.83573323,0.23885672,0.18377838,0.26737076,0.46409371,0.11224011,0.30134872,0.42634749,0.07771829,0.01165673,0.47686672,0.78462464,0.00258085,0.04604976,0.33210638,0.66004890,0.04795270,0.50650758,0.03696755,0.01603590,0.01550292,0.58704406,0.22706649,0.32518050,0.05091129,0.15582600,0.21708846,0.06454582,0.05084926,0.46931106,0.09871179,0.09777108,0.75134575,0.00232963,0.30054152,0.25943595,0.01155458,0.24248952,0.00091972,0.13917165,0.12440916,0.36473739,0.43956625,0.00481722,0.61804235,0.02304230,0.90111035,0.47857156,0.21483025,0.56318158
0.01426641,0.08136223,0.36233923,0.00295567,0.53289741,0.32941911,0.01155576,0.60163420,0.10893776,0.08151749,0.02603329,0.24568133,0.64313728,0.17130068,0.16000380,0.00221260,0.64636475,0.01734284,0.61841208,0.07061137,0.00349986,0.47792792,0.19521500,0.07865773,0.00503958,0.00008759,0.28138292,0.07868384,0.01808730,0.06959414,0.03571672,0.01893108,0.11588961,0.81949937,0.81734753,0.46199387,0.16638461,0.00207774,0.28818792,0.11501800,0.65577722,0.34286705,0.34564999,0.02837553,0.16199966,0.01627097,0.00830041,0.00209204,0.02176993,0.11165310,0.41922900,0.80423933,0.47212678,0.33562684,0.10834497,0.53653431,0.11092407,0.00023786,0.04202128,0.02316274,0.56908196,0.33343285,0.44627643,0.00837229,0.24599580,0.01564925,0.56893563,0.02158852,0.59455609,0.89864016,0.31272620,0.27216890,0.10574938,0.00136446,0.02039395,0.50650769,0.36416060,0.05257302,0.00520867,0.58366507,0.94966555,0.02015050,0.19192627,0.49876076,0.22755761,0.00514403,0.02242941,0.03558378,0.00333487,0.50289631,0.67367971,0.13003819,0.07841824,0.05152133,0.06805593,0.36013085,0.00938412,0.05060005,0.48306277,0.00427564,0.05304956,0.56574893,0.88337290,0.34967387,0.37518752,0.01859735,0.13139011,0.04810385,0.01155536,0.05793102,0.11098564,0.53228784,0.00994280,0.54500246,0.00282035,0.93707436,0.71329302,0.43314895,0.25734591
0.02811298,0.21602648,0.54004633,0.00019983,0.32264617,0.31204262,0.01577120,0.46336398,0.02092457,0.12941478,0.54631692,0.87006164,0.00120109,0.17317934,0.16565824,0.00234156,0.50930226,0.00505807,0.54679120,0.06968135,0.10986885,0.56312466,0.00206587,0.03324084,0.01873953,0.00298933,0.14553408,0.11624089,0.41131851,0.22344527,0.21002860,0.21346128,0.11341547,0.82819438,0.81973761,0.22847426,0.08793650,0.09169092,0.19349183,0.15127194,0.53337592,0.22296929,0.43074426,0.02320347,0.30979222,0.02395369,0.01687838,0.00127110,0.15430458,0.31414729,0.83439070,0.50768661,0.00656774,0.37696978,0.19839488,0.03648519,0.16181232,0.00041829,0.01677683,0.02945744,0.83671975,0.03519815,0.63209718,0.03143662,0.39250124,0.38749713,0.74601650,0.00956112,0.72815406,0.30747798,0.47809660,0.27564451,0.00052450,0.37516508,0.06532828,0.22928861,0.10686874,0.13280566,0.00021614,0.46121249,0.85713303,0.07781249,0.39448646,0.27281642,0.52249837,0.00094950,0.00563198,0.05066193,0.00015991,0.01102728,0.40819275,0.13981898,0.72700977,0.17372729,0.05401727,0.51256084,0.11136613,0.07575001,0.24714683,0.00533302,0.08977365,0.33598956,0.00122136,0.32945952,0.42379135,0.87640768,0.30845973,0.50451159,0.00292611,0.03909672,0.21888639,0.72492355,0.71572602,0.24888936,0.00144153,0.98829859,0.45344889,0.72802788,0.15718564
0.58113980,0.14289877,0.56076831,0.02483071,0.56639355,0.16924316,0.10518760,0.46381742,0.30490002,0.48046106,0.00112518,0.01575584,0.26523089,0.12660323,0.09273326,0.02787776,0.54252553,0.00104121,0.27440637,0.11376306,0.28947949,0.45725182,0.01728582,0.02133774,0.03423862,0.07358464,0.03535903,0.34258059,0.61355293,0.01856089,0.10451341,0.43087339,0.02031703,0.95362628,0.79437870,0.65956801,0.15315104,0.00022785,0.11390759,0.15461639,0.62983155,0.18716744,0.50125277,0.16503420,0.31394953,0.01134223,0.03300265,0.00008534,0.03701512,0.39936441,0.30789447,0.16187553,0.66640753,0.20107120,0.18966909,0.27870306,0.18255419,0.03960576,0.04594364,0.10123985,0.11022781,0.82175004,0.72129494,0.05279401,0.69482243,0.00250626,0.57058048,0.02967091,0.67584008,0.00547870,0.31609192,0.17054419,0.38616431,0.00018230,0.36586764,0.04971953,0.00001188,0.07555621,0.00027128,0.79150361,0.00311066,0.23187424,0.11921485,0.44241908,0.10135365,0.00084311,0.02274660,0.09954529,0.00185738,0.70905334,0.44352549,0.15908737,0.10271811,0.05859066,0.08830784,0.52999693,0.19181216,0.04585342,0.20443332,0.02033640,0.13755660,0.31238225,0.98411852,0.32218418,0.51748347,0.37132421,0.47995153,0.17776227,0.12346479,0.02871556,0.26325569,0.67938840,0.00256208,0.07617366,0.01036526,0.99657416,0.48163363,0.64046782,0.18703368
0.20515160,0.60858071,0.48809126,0.44004083,0.19670042,0.12232506,0.37091374,0.24326660,0.06182687,0.00798590,0.20028138,0.73483831,0.95635450,0.31128958,0.03569980,0.34895739,0.68071401,0.00041037,0.67838877,0.00829259,0.51983953,0.26659065,0.42733407,0.00103815,0.00212169,0.01752318,0.11690963,0.02080297,0.00705762,0.09290294,0.03030468,0.00422583,0.02070316,0.96514523,0.81248564,0.66395628,0.51100618,0.09539311,0.65476811,0.30497694,0.78221911,0.22897817,0.61841065,0.15052760,0.30782956,0.04538582,0.02128881,0.00029219,0.00282667,0.25301489,0.24780320,0.27791834,0.01789049,0.01062848,0.06146405,0.96685708,0.05682352,0.03743606,0.08448115,0.58480781,0.08292816,0.00773858,0.93007177,0.03788486,0.86392218,0.06422289,0.44368657,0.01748508,0.54786694,0.15122667,0.12062857,0.36340919,0.01416992,0.34619239,0.45275339,0.65090263,0.00446289,0.08041626,0.00064341,0.64003295,0.00307475,0.29080752,0.00872888,0.51867735,0.05643194,0.00199879,0.01475007,0.15428114,0.10043173,0.04103618,0.54149830,0.46025544,0.72771692,0.04427686,0.03124998,0.70007157,0.00322558,0.20565955,0.04421001,0.00776759,0.06223418,0.29960921,0.00168074,0.36829498,0.47384715,0.00035772,0.21114165,0.04688546,0.51222640,0.17796288,0.69406396,0.61522114,0.01135102,0.48784000,0.00584700,0.99828017,0.23516531,0.34964606,0.36756316
0.38458365,0.28067744,0.39867607,0.03091132,0.27916098,0.01429777,0.15792014,0.31805000,0.83343869,0.37172800,0.89965534,0.00916845,0.00167289,0.46343914,0.26270920,0.00287260,0.83937943,0.00012016,0.35181406,0.00454381,0.83185166,0.71387011,0.97498155,0.00077549,0.00110586,0.00532577,0.00580965,0.02587929,0.00111204,0.42609555,0.01355856,0.00704530,0.00307605,0.95991093,0.92511374,0.82504010,0.06771559,0.00002166,0.66877347,0.21898973,0.75109684,0.16739908,0.59758335,0.13387354,0.10390292,0.08554927,0.02475358,0.00388869,0.00069800,0.07540099,0.20352137,0.83933282,0.83725041,0.07401928,0.02275224,0.05162433,0.07035766,0.00231131,0.04450283,0.86628079,0.37148151,0.97130567,0.53914374,0.03978149,0.65418899,0.00381991,0.45606256,0.00457014,0.93735284,0.84061736,0.19355683,0.17409715,0.00757766,0.00013913,0.04707157,0.37150186,0.93233269,0.42569602,0.02621022,0.67360282,0.91814190,0.13927692,0.08186110,0.44352648,0.01375872,0.00126524,0.01066371,0.15730758,0.00919227,0.86948699,0.67262852,0.22676791,0.01311242,0.00321632,0.00345194,0.57366759,0.00142558,0.20857355,0.04804158,0.05073458,0.02448845,0.20158020,0.97483474,0.85882646,0.48629507,0.00426807,0.17158400,0.00220278,0.04092794,0.47964767,0.31173685,0.58309984,0.65195656,0.83723277,0.01047964,0.99988705,0.84947926,0.03526606,0.24495240
0.18911673,0.93470865,0.12314182,0.00056170,0.13365129,0.20765747,0.02173270,0.12624469,0.01742337,0.04302131,0.00050858,0.35349900,0.24600516,0.32500717,0.19385204,0.00019386,0.75339341,0.00016794,0.57383937,0.06857197,0.03554619,0.95287466,0.74946499,0.00394884,0.00011036,0.00040930,0.00040402,0.03459869,0.31087360,0.24545738,0.00366769,0.36496985,0.00537508,0.78181654,0.93275845,0.84643859,0.04050852,0.57856631,0.38103265,0.31443223,0.82888949,0.07434794,0.34576222,0.00742404,0.17958297,0.06135560,0.10629757,0.02380815,0.00138126,0.17864637,0.95847058,0.96601588,0.00765333,0.05966581,0.00185339,0.98629588,0.30680889,0.00104242,0.44574964,0.02131141,0.99182469,0.01905779,0.78419149,0.01148895,0.78103358,0.00345578,0.60339940,0.00960355,0.58976603,0.94144708,0.22150083,0.40163371,0.66255319,0.47436300,0.00525003,0.81683600,0.40494394,0.25726861,0.57209700,0.22444600,0.99187797,0.14912513,0.16288418,0.13346854,0.01688753,0.00030563,0.43510121,0.10956869,0.00427963,0.01179154,0.52474552,0.40507773,0.27366263,0.00346970,0.00154376,0.92342311,0.00178880,0.05349855,0.01193717,0.01695665,0.00714846,0.15924799,0.00038331,0.37785012,0.82207823,0.69529682,0.35616985,0.01855320,0.00146297,0.43830949,0.17899102,0.33426729,0.00017954,0.96350068,0.00199316,0.99986094,0.72784615,0.02199451,0.85725391
0.00976116,0.79287463,0.02551262,0.00240781,0.07559272,0.15725379,0.08321755,0.05475911,0.49876165,0.06797026,0.38923821,0.17655917,0.97709221,0.44026729,0.01961081,0.00014411,0.97638625,0.00006679,0.95269388,0.35449758,0.05766201,0.79845351,0.13920128,0.00739488,0.00106253,0.00090553,0.00189608,0.11895943,0.17755817,0.23885606,0.56524080,0.29099819,0.02021465,0.64697415,0.86606532,0.74471098,0.03991645,0.00481598,0.04633785,0.93733454,0.43798953,0.55194098,0.34702063,0.01301598,0.06347784,0.08903494,0.04454306,0.00573507,0.00584951,0.17818841,0.23854305,0.90520340,0.95459396,0.30495992,0.00257551,0.97603375,0.21794990,0.00052451,0.35517657,0.01977926,0.94255489,0.81532019,0.44320741,0.10243831,0.38447806,0.00365087,0.35625196,0.00565562,0.50471520,0.87060255,0.82034814,0.44265839,0.10406038,0.00024145,0.02070284,0.58006263,0.02345859,0.03480199,0.50884521,0.58906138,0.91259271,0.16608199,0.24074979,0.20228013,0.01397896,0.00211520,0.00956137,0.14938280,0.02140125,0.93447286,0.64808869,0.16532975,0.28774306,0.00320176,0.00356326,0.96385294,0.00098897,0.06746112,0.80873102,0.00131174,0.00262458,0.14524366,0.86469221,0.11012755,0.50173306,0.25499329,0.58217931,0.84544206,0.00792928,0.04449515,0.38400701,0.15153359,0.27360120,0.71084422,0.00130645,0.99878240,0.74090540,0.10088395,0.86722910
0.04018591,0.02990181,0.95539421,0.01007718,0.07748088,0.02608284,0.00196945,0.60282397,0.72746396,0.00585561,0.00550767,0.16510567,0.96027291,0.00112143,0.36636022,0.00930351,0.05578545,0.09135932,0.06486418,0.06230345,0.00189288,0.33462396,0.70975798,0.01859575,0.00073190,0.00041434,0.01616248,0.01378431,0.01127796,0.15020189,0.00235904,0.00839449,0.31541738,0.72915810,0.85242230,0.52993369,0.36750871,0.00023505,0.64549279,0.50137955,0.59086931,0.15672934,0.57475847,0.05475988,0.77712286,0.12155548,0.02788197,0.52052379,0.08513714,0.03056370,0.43320104,0.77147883,0.91348696,0.52951932,0.15663421,0.95193410,0.14754456,0.00026960,0.11360088,0.07817699,0.91817999,0.64294362,0.21282250,0.00014684,0.16582637,0.00077737,0.25858018,0.18230775,0.82756150,0.95729959,0.16065176,0.99804276,0.47591114,0.00036389,0.00182495,0.51646221,0.29646677,0.06273035,0.27968919,0.19343565,0.89184928,0.00355757,0.05106171,0.57272166,0.29887354,0.10992374,0.28741166,0.01333237,0.11972198,0.96895802,0.88894659,0.05933484,0.91353643,0.00117850,0.16089420,0.27012724,0.00353494,0.58026737,0.62500912,0.00813636,0.03716622,0.39256448,0.93397450,0.04218648,0.10901993,0.00185038,0.00911118,0.00155041,0.29676530,0.29505840,0.38524157,0.68706596,0.00170699,0.90510571,0.00038402,0.49701136,0.52062100,0.17531863,0.63398683
0.01240624,0.23138776,0.87195098,0.00159220,0.11056954,0.09021877,0.00414113,0.31760925,0.00309605,0.05979363,0.58688319,0.85262769,0.39072385,0.00000295,0.46311453,0.00107724,0.03369776,0.07242917,0.12807678,0.00132305,0.00126146,0.73493481,0.46171317,0.00111058,0.00013210,0.00324025,0.00585047,0.13054410,0.07718743,0.88800722,0.02560472,0.14544389,0.33268833,0.89194822,0.62548304,0.70775676,0.29465899,0.31058207,0.68666309,0.18337612,0.60196197,0.30082741,0.64915222,0.02553942,0.80486310,0.07038252,0.04422579,0.78553480,0.05842695,0.04825036,0.62652946,0.99243641,0.00063351,0.63589317,0.26121247,0.00786284,0.37664446,0.00002830,0.06705988,0.08375461,0.98814863,0.03504571,0.03765266,0.00005971,0.23935923,0.28023514,0.26030010,0.04646503,0.82834208,0.98550928,0.48475549,0.99588650,0.00053545,0.29327813,0.00166043,0.83722317,0.50651920,0.05430594,0.53464019,0.24082556,0.93890011,0.01662040,0.44604969,0.56494951,0.72250962,0.09415568,0.00151897,0.01679552,0.20705207,0.01074131,0.84906840,0.08100238,0.85277641,0.00125387,0.03878159,0.12117194,0.01424377,0.85657066,0.45425314,0.00077658,0.02652377,0.81784517,0.00061478,0.01977840,0.36539736,0.69992191,0.03073861,0.11408258,0.00427152,0.27872863,0.36260003,0.87169325,0.41453350,0.97595918,0.00109996,0.48274064,0.84639031,0.03242131,0.65369552
0.03502415,0.00408796,0.90542984,0.00339957,0.35756204,0.32226497,0.00474826,0.24059914,0.74497175,0.78475076,0.00334150,0.02176439,0.17254215,0.00000418,0.55055231,0.00010714,0.08132920,0.03829896,0.33514884,0.17922853,0.00380630,0.49239656,0.27528563,0.05247523,0.00222465,0.00627382,0.00370394,0.49574476,0.21792459,0.00065510,0.20659639,0.44428989,0.37615189,0.80742979,0.82138884,0.65919787,0.46499386,0.00002147,0.64365059,0.11008027,0.62001163,0.39122680,0.73963547,0.10938242,0.65883154,0.07285520,0.04609293,0.68621784,0.26181021,0.06664036,0.70607847,0.81587732,0.89992869,0.61775815,0.29556373,0.07960343,0.58797830,0.00003875,0.00309001,0.11144552,0.02940790,0.90996230,0.28098202,0.00071896,0.15002866,0.00127127,0.66611463,0.02572210,0.89081705,0.71531993,0.62552732,0.96510458,0.43597150,0.00041266,0.00476951,0.61895162,0.00853062,0.03434055,0.51951629,0.51158708,0.97051078,0.07433982,0.56359112,0.28580076,0.68224955,0.05534177,0.20797409,0.00262736,0.01414015,0.90358806,0.80402660,0.03869273,0.42394724,0.01493094,0.14138220,0.20239697,0.18076754,0.82799894,0.44477150,0.00713860,0.00915297,0.20852628,0.95558196,0.00074545,0.47375733,0.95773554,0.01464234,0.21265471,0.00045755,0.22545685,0.68306309,0.89522517,0.01624154,0.13500933,0.04821981,0.34176365,0.48004436,0.37827295,0.56245029
0.00633714,0.07124320,0.86215919,0.01796883,0.49546513,0.48555863,0.02684791,0.38255575,0.02966166,0.00069742,0.00701947,0.86143070,0.96161646,0.00000672,0.67191744,0.01174689,0.08975182,0.05385630,0.11726869,0.18416479,0.05361769,0.69054049,0.00193913,0.03130313,0.00462997,0.02485848,0.00106251,0.36107081,0.55073541,0.48366761,0.50578505,0.09447181,0.71253496,0.73788297,0.80040437,0.53931552,0.23767528,0.19293661,0.45141587,0.49418581,0.31981799,0.28834939,0.58743799,0.23591313,0.57026303,0.21925901,0.03321929,0.45829910,0.36107543,0.32402039,0.28959054,0.29383144,0.00483185,0.75175947,0.52076066,0.95730299,0.72282314,0.00180013,0.01008557,0.21927530,0.01096370,0.00577580,0.02161250,0.00048178,0.32824233,0.16960633,0.59425730,0.00235982,0.73256671,0.01349529,0.55165446,0.87668073,0.18970200,0.19926120,0.02589005,0.12452962,0.00493120,0.01016059,0.45815504,0.54176092,0.17427254,0.04778214,0.72319335,0.30150449,0.59485936,0.15743947,0.02665804,0.01581044,0.22296827,0.02560838,0.76624697,0.07171306,0.77005517,0.01344978,0.07764540,0.31715167,0.04420102,0.69474775,0.28946120,0.04482969,0.02306275,0.37824783,0.00094521,0.01039991,0.15594213,0.00146622,0.02667158,0.23857465,0.43955728,0.27126139,0.49714679,0.65742230,0.00310173,0.06839626,0.01695966,0.45165950,0.29344258,0.38140854,0.50754917
0.05548320,0.04852211,0.47105220,0.04652944,0.51025873,0.24776424,0.01081255,0.53327388,0.61822307,0.20126808,0.23876205,0.05333448,0.03935673,0.00022345,0.69793481,0.03357936,0.12064701,0.05266135,0.43889770,0.00117940,0.10572495,0.77607107,0.01622531,0.10788743,0.08320260,0.00346566,0.02818947,0.30134514,0.01415192,0.33084860,0.01822482,0.01007084,0.67571145,0.85143089,0.71141702,0.58675313,0.25056025,0.00012179,0.14769343,0.67847723,0.27709943,0.39440343,0.43015608,0.26502377,0.65854853,0.20939523,0.03906411,0.45811373,0.02398731,0.37447280,0.10462526,0.02902422,0.91019619,0.30221960,0.13896209,0.01025865,0.77384120,0.04189224,0.16117594,0.26189569,0.08491829,0.84165764,0.02382420,0.00381287,0.56662130,0.02081714,0.51733726,0.00009947,0.79617733,0.01271339,0.46968514,0.78901029,0.00218424,0.00015848,0.10206091,0.00122486,0.37829083,0.04799050,0.20971581,0.65607470,0.14466226,0.08857991,0.31607217,0.44996953,0.66064078,0.44344723,0.00191995,0.00638996,0.10223310,0.80559838,0.64851022,0.15436056,0.02502368,0.00469433,0.10262066,0.43082103,0.05607720,0.69114184,0.37580982,0.01437259,0.04951765,0.53863895,0.91083777,0.00912508,0.56098634,0.00043340,0.10479573,0.00374767,0.18286446,0.27570951,0.42850426,0.61499524,0.34168246,0.06628492,0.02186120,0.36735079,0.25104207,0.29077685,0.20996125
0.00645425,0.20633309,0.50842148,0.01855593,0.49077702,0.03270061,0.00649968,0.59507155,0.03661849,0.15994051,0.00135801,0.08333766,0.01104507,0.00139483,0.76404375,0.09515560,0.24384901,0.02288184,0.56624550,0.00456656,0.07464080,0.50689989,0.15715604,0.19678901,0.00728021,0.00866929,0.04802024,0.11877753,0.01333775,0.06279066,0.00592055,0.01410778,0.53654408,0.84469068,0.85496384,0.65434027,0.15879694,0.09584118,0.11334730,0.51978940,0.69525278,0.36365205,0.57421595,0.32734874,0.83693159,0.11225679,0.05268116,0.64028120,0.00519845,0.12877004,0.06181503,0.19627793,0.00377249,0.16707312,0.05613172,0.06444503,0.70635575,0.01194157,0.06125639,0.04038268,0.77728134,0.01500927,0.04541211,0.00260501,0.53011215,0.00384891,0.60313290,0.00011397,0.64355034,0.78563619,0.28761396,0.59818482,0.63409537,0.24106362,0.10642512,0.39338115,0.38704488,0.05673286,0.35101077,0.61035836,0.52120125,0.05446985,0.03469563,0.26040968,0.55940437,0.10910591,0.51782799,0.03049898,0.00342671,0.03413940,0.60762948,0.32630476,0.49837536,0.01091667,0.14017446,0.27228928,0.09601703,0.60043579,0.25577790,0.00130943,0.01629263,0.69397992,0.00620845,0.00977329,0.55250460,0.30072027,0.25675419,0.00258774,0.07152487,0.23817965,0.47504389,0.56117105,0.00296799,0.82608479,0.01013683,0.31697363,0.68893379,0.40589115,0.28138709
0.00602825,0.06550421,0.45233339,0.00682536,0.56357276,0.17155629,0.00616416,0.60766667,0.20884620,0.03108777,0.08178542,0.30629015,0.40275875,0.00363486,0.52326202,0.00208109,0.18107441,0.02329252,0.44875643,0.06222298,0.01629729,0.49773702,0.33722678,0.11633198,0.00219152,0.00188373,0.04506908,0.15217604,0.06052177,0.43018404,0.01441753,0.04438188,0.17469655,0.77712488,0.65169108,0.82168710,0.09512559,0.00090201,0.17547721,0.51460004,0.64669293,0.43549737,0.47144753,0.11471063,0.38790092,0.12813370,0.02242698,0.24592498,0.00105772,0.11334778,0.10566288,0.90982944,0.63968068,0.45024604,0.09068961,0.65448040,0.19105920,0.00507430,0.12331906,0.00770189,0.84159756,0.35219449,0.22645019,0.00637979,0.10131384,0.03648935,0.56462973,0.00006869,0.67656833,0.88460588,0.19885804,0.51280445,0.10464572,0.00434766,0.02001843,0.54761440,0.01678965,0.09188961,0.25094956,0.58626926,0.58422565,0.08227675,0.10992153,0.35849932,0.29626071,0.06623472,0.01853342,0.03358272,0.03625346,0.38516197,0.69897097,0.22903788,0.04140410,0.01301493,0.01642631,0.43147951,0.01234107,0.30101570,0.18879379,0.00001757,0.01108129,0.50360566,0.71514821,0.02387088,0.57191485,0.22405669,0.19125414,0.10549548,0.03111958,0.17818262,0.16405620,0.67352676,0.05879597,0.69701499,0.00013999,0.39339277,0.74670434,0.45558128,0.46682665
0.00232137,0.15390341,0.28713772,0.00284001,0.15664865,0.89959407,0.07335566,0.40025380,0.02138628,0.29115704,0.31739563,0.67073232,0.05497498,0.00233966,0.75565034,0.00320437,0.08159189,0.00460062,0.63640708,0.11822223,0.18179470,0.49619564,0.37676138,0.17840850,0.00437698,0.00452406,0.09698857,0.08237459,0.17733228,0.07496461,0.04554545,0.31502470,0.28508374,0.60276031,0.84373462,0.83827400,0.04961861,0.12040222,0.08085679,0.87080675,0.20929803,0.28371552,0.27734268,0.11252630,0.53127480,0.13357183,0.02446619,0.08904039,0.00050514,0.39048287,0.34231725,0.45993483,0.00330397,0.64486158,0.20814478,0.02441159,0.31764340,0.00468102,0.04868335,0.00065493,0.12894025,0.09379685,0.23050436,0.07125805,0.08939180,0.01977674,0.57259923,0.00010708,0.37735540,0.72903848,0.14906637,0.60121870,0.00093323,0.26479396,0.02185279,0.91353446,0.11898649,0.22053203,0.26771951,0.44649383,0.49691865,0.16100444,0.35456309,0.23650658,0.08187193,0.05122982,0.00423993,0.04381910,0.20829007,0.08041978,0.54578173,0.51038134,0.65760124,0.15405546,0.00209926,0.77819747,0.06670006,0.38761476,0.24044181,0.00008520,0.01005546,0.57661247,0.00739463,0.02433023,0.45059893,0.16745776,0.37933862,0.58045429,0.01125535,0.21190695,0.26105842,0.57711947,0.55553108,0.17243926,0.00253118,0.24985777,0.68684244,0.78555077,0.47498170
0.18038327,0.24681552,0.67704403,0.01093240,0.30247763,0.30617294,0.04433887,0.82222021,0.28207606,0.30288446,0.00719255,0.19367905,0.60191917,0.00016856,0.69932473,0.00657242,0.15014677,0.00250196,0.23283882,0.55413574,0.10053160,0.73032022,0.63076299,0.09445950,0.00170627,0.00164129,0.28774396,0.21229522,0.09353273,0.09056985,0.23504144,0.15365653,0.53480321,0.83435696,0.38576418,0.94047850,0.01715135,0.00012423,0.00190715,0.87183398,0.29091746,0.21649674,0.21947974,0.13447045,0.16078201,0.02299054,0.02147588,0.11899446,0.00165086,0.52567923,0.67091870,0.32351163,0.95411265,0.29173920,0.28486848,0.66592604,0.31799817,0.00516958,0.05959265,0.00026823,0.00343968,0.56492424,0.59619826,0.03012740,0.11963778,0.01621705,0.28040272,0.00064424,0.70438308,0.04294020,0.11415888,0.49884251,0.59628445,0.00340326,0.13345109,0.01741183,0.05350087,0.04206798,0.25367439,0.61393905,0.25617081,0.12953663,0.34152365,0.50229257,0.12054878,0.00796577,0.05100798,0.06338512,0.11695313,0.45617220,0.67154223,0.09538768,0.07096196,0.52936041,0.08370953,0.46569619,0.00916346,0.11240568,0.53805757,0.01480967,0.03692266,0.09921112,0.95251292,0.00851757,0.44196326,0.01504072,0.33575851,0.00634436,0.19594128,0.10714742,0.14746690,0.71802628,0.00633367,0.03786428,0.00868504,0.26422539,0.66744137,0.91334736,0.57710385
0.01007573,0.27595460,0.48961243,0.37908059,0.06255940,0.05102114,0.01475369,0.76282454,0.03154203,0.07583255,0.22900292,0.77288204,0.92370033,0.00104199,0.92766660,0.07460816,0.19056109,0.00090585,0.27040812,0.09728767,0.41077209,0.78055638,0.74347657,0.04242910,0.00012918,0.00099301,0.48435959,0.01956581,0.10851225,0.81843656,0.13779514,0.00343208,0.42275333,0.56824058,0.62260020,0.95709538,0.00855499,0.43560734,0.00171033,0.95265877,0.11428010,0.05952324,0.13452075,0.12689576,0.17420693,0.10468074,0.01651051,0.04283875,0.00550757,0.50745451,0.28173196,0.27854696,0.00369147,0.12788448,0.15243113,0.90599400,0.16193439,0.00125914,0.08906706,0.00060122,0.13404159,0.06990709,0.72896564,0.11856087,0.10235237,0.00871910,0.41285616,0.00027181,0.58453780,0.11817243,0.08813486,0.84051716,0.00863788,0.11764887,0.34206474,0.01273508,0.01658205,0.07083299,0.10862041,0.38091531,0.29113224,0.08146975,0.17878100,0.46969050,0.13762635,0.00721127,0.02364576,0.16378692,0.02007261,0.12910129,0.75806630,0.19462472,0.50288379,0.15311617,0.04809982,0.59034365,0.02279703,0.14053416,0.18731183,0.09112703,0.06312805,0.64245099,0.03329329,0.02164938,0.20989385,0.05377948,0.33964133,0.00976620,0.07110802,0.15758109,0.12490174,0.50533813,0.08944111,0.44280574,0.00064161,0.26398697,0.72711593,0.91970927,0.21969965
0.00470006,0.33928311,0.86850625,0.09745643,0.17247312,0.35319352,0.01270151,0.69433099,0.20370369,0.06930144,0.02805960,0.21587819,0.02950504,0.00280541,0.66573751,0.12387210,0.78774190,0.00257653,0.87086672,0.05912517,0.07255698,0.48308334,0.64531231,0.04560887,0.00138625,0.00121026,0.11103290,0.00567870,0.00389131,0.65455019,0.00320778,0.00637551,0.91429883,0.56283665,0.54896832,0.95213509,0.03938843,0.00034270,0.00165909,0.77851576,0.38094729,0.02018383,0.07676241,0.05118913,0.81307477,0.11087431,0.03681569,0.10741215,0.00394580,0.20566875,0.17123152,0.78833777,0.98690015,0.16720983,0.50622559,0.57998967,0.45204175,0.00067946,0.13231078,0.00687676,0.85298413,0.87692314,0.90453202,0.05537369,0.12323963,0.02299847,0.15329060,0.00243979,0.92215800,0.80640280,0.06360869,0.18818033,0.10898921,0.00818057,0.05287450,0.31875467,0.08746827,0.34761509,0.01977945,0.71317965,0.53744859,0.26335299,0.66567123,0.73633373,0.11403745,0.01970700,0.02475796,0.34921387,0.01387157,0.86423218,0.66545743,0.02365347,0.05525709,0.16728412,0.11463947,0.28568012,0.00230737,0.52115226,0.11083476,0.02981684,0.72319341,0.58338970,0.96246290,0.03626464,0.13697806,0.24689670,0.06035984,0.18440355,0.01184490,0.04708902,0.28309453,0.74886584,0.22589704,0.64929861,0.00171290,0.20339034,0.31982559,0.85983175,0.48049420
0.00343773,0.08215801,0.90052420,0.02186627,0.01486067,0.12888090,0.00374900,0.54931134,0.04516342,0.18388088,0.01302418,0.83691096,0.50431454,0.00366951,0.75332791,0.07501876,0.55870712,0.00424353,0.32758695,0.67405438,0.11002797,0.16302505,0.53237885,0.08221717,0.00142390,0.00163208,0.04204267,0.01133752,0.03030959,0.82699621,0.00254228,0.05135143,0.38564625,0.68626219,0.64096695,0.97412521,0.02469682,0.03209514,0.00238324,0.17498228,0.45114982,0.13847713,0.10235501,0.04548517,0.37713602,0.18645760,0.06284319,0.13245606,0.00653505,0.33442894,0.06038627,0.57516181,0.03212719,0.26274484,0.10015457,0.41477022,0.14461313,0.00045999,0.09620007,0.00431511,0.97796619,0.24303092,0.80808401,0.01211715,0.06859453,0.03578309,0.20216608,0.00236809,0.66541439,0.98332095,0.03344493,0.21977346,0.02430033,0.05216950,0.03027664,0.97840226,0.10427822,0.11874248,0.02320517,0.57265133,0.86832607,0.13402624,0.30229148,0.94545406,0.24470422,0.02779234,0.05017259,0.30158725,0.01349989,0.44608498,0.55758113,0.01680136,0.36513805,0.47202405,0.02313711,0.07857607,0.01067075,0.18051873,0.13322493,0.00275143,0.07500999,0.78538144,0.12123711,0.00819809,0.50314993,0.29177344,0.12533890,0.18951777,0.03342436,0.00802081,0.29066211,0.83751172,0.06419113,0.55703461,0.00062074,0.09084941,0.39397961,0.93815708,0.60248262
0.00826151,0.21709318,0.61345422,0.01798367,0.40180966,0.10585058,0.00530714,0.63667864,0.19305822,0.05195198,0.04932903,0.15413031,0.34620383,0.23069212,0.18659697,0.00685711,0.22549726,0.01502302,0.59208041,0.06578030,0.09826493,0.37405497,0.24382815,0.15519145,0.00234003,0.00082537,0.04780897,0.02204460,0.05242979,0.36318457,0.03365697,0.03920471,0.15076149,0.70628965,0.68123698,0.63503838,0.08147661,0.00588274,0.17218380,0.12025116,0.41284111,0.20996514,0.19343822,0.04766250,0.49510878,0.22389019,0.02617350,0.28013733,0.02099712,0.14632602,0.41724941,0.60673761,0.34165868,0.42079532,0.07961234,0.57223386,0.35468879,0.00092001,0.03792761,0.02178248,0.85568702,0.34800231,0.47909421,0.00847401,0.13183115,0.01555802,0.22984685,0.02228957,0.35180646,0.63449138,0.18077515,0.22702444,0.05904384,0.02415427,0.02597741,0.46534827,0.09372180,0.08792828,0.20602775,0.48214403,0.66078937,0.09655588,0.16518144,0.26783997,0.27185091,0.01951511,0.04537258,0.04306102,0.06081261,0.43502998,0.66134542,0.06976041,0.38752174,0.02756983,0.03802772,0.25676659,0.01577020,0.22378151,0.29961082,0.00445967,0.10169461,0.62809992,0.73181880,0.17843327,0.34350091,0.10714532,0.14973059,0.03154444,0.05492627,0.18747845,0.23534046,0.69405872,0.02320762,0.49113578,0.00172653,0.39834967,0.73436344,0.48641029,0.34697145
0.06145970,0.11635037,0.75945008,0.00708724,0.21041723,0.00669239,0.00175370,0.17611328,0.76201278,0.04495659,0.01169290,0.02923994,0.93515730,0.61680222,0.74245876,0.00567915,0.99492264,0.10820957,0.16325755,0.09483096,0.00697514,0.59585434,0.54591542,0.15639649,0.00037283,0.00034455,0.01333135,0.03606414,0.33245221,0.12865025,0.01734383,0.00810296,0.26932988,0.34315628,0.95237845,0.56243730,0.15379724,0.00173271,0.38479471,0.03409571,0.88998693,0.07685842,0.05684855,0.40094289,0.31132054,0.28151864,0.00188717,0.17430821,0.02000511,0.05118101,0.77331322,0.79599547,0.73770720,0.19578996,0.05013197,0.73330218,0.73353750,0.00242420,0.04380928,0.18801074,0.83584124,0.09336051,0.08073771,0.00007772,0.50485891,0.00712224,0.90598339,0.00310823,0.47971103,0.46183112,0.70373315,0.93133634,0.25359178,0.00177780,0.02280950,0.77573442,0.15933676,0.15123700,0.16053618,0.22668193,0.75866187,0.07012508,0.16763766,0.05072033,0.01421644,0.00770339,0.05497268,0.05535625,0.02184497,0.92826474,0.58833504,0.00807871,0.62751132,0.03024267,0.10774826,0.63252348,0.00343343,0.52636153,0.20280457,0.00187055,0.81625783,0.22496596,0.81856519,0.33985606,0.52909374,0.01717378,0.01885060,0.00768672,0.08443872,0.08434091,0.32421860,0.97705799,0.00700802,0.87212569,0.00141826,0.09800811,0.74755299,0.04291313,0.85688162
0.01615360,0.04043791,0.27985689,0.00824079,0.10773741,0.15185119,0.00456621,0.56606656,0.30691957,0.11809923,0.34813353,0.31394324,0.07795373,0.43151608,0.76832342,0.00226509,0.99906415,0.09867518,0.00108209,0.02478625,0.00407578,0.20203766,0.18716326,0.22719388,0.00115048,0.00572015,0.00841094,0.01123705,0.12619519,0.55672127,0.01889446,0.17014483,0.40771949,0.31350857,0.94307286,0.25782979,0.19701780,0.17547332,0.14928444,0.40154478,0.64472795,0.36277461,0.01679128,0.15556867,0.54585284,0.22810595,0.00320163,0.19073589,0.00855165,0.03603190,0.78714478,0.89034563,0.13701005,0.45358026,0.01351911,0.52333915,0.32425240,0.00271486,0.05349401,0.10097938,0.93891209,0.15379082,0.06956943,0.00011014,0.67162883,0.01290392,0.71932936,0.01075616,0.76907891,0.93087596,0.79081434,0.99749887,0.01322774,0.14243819,0.04732069,0.90822250,0.73149979,0.19085418,0.13041869,0.37199336,0.94938368,0.03038705,0.21376643,0.08658726,0.21702795,0.00556369,0.01142151,0.04478679,0.18338495,0.11541228,0.53198636,0.00281065,0.86751354,0.00647588,0.01866297,0.70606226,0.00613275,0.64674062,0.41303393,0.00245708,0.72141719,0.04629624,0.00095002,0.15998125,0.82064968,0.06013601,0.03291935,0.04858952,0.00236849,0.00892975,0.25111052,0.98950386,0.08815400,0.94534045,0.00091106,0.17976946,0.70781809,0.04163867,0.65013802
0.03204948,0.00543375,0.87048483,0.00051348,0.38201746,0.53342414,0.00203144,0.72346860,0.00875276,0.36691973,0.01180988,0.04036897,0.10285065,0.35535124,0.68361819,0.00059693,0.98686254,0.19029289,0.00556811,0.30732736,0.01101383,0.21022810,0.00045165,0.29382959,0.00109524,0.00718961,0.00512377,0.03368018,0.06180846,0.00807645,0.02032721,0.07913694,0.18835819,0.25488558,0.91028863,0.54964709,0.19800891,0.00059207,0.06165067,0.20671141,0.63522035,0.27048907,0.10094371,0.47722021,0.44918102,0.50403225,0.00545757,0.31021211,0.04652218,0.36561587,0.12175338,0.72365260,0.65306085,0.56370002,0.00150503,0.19007872,0.74416107,0.00610542,0.01634736,0.25123465,0.29150543,0.40378937,0.38293436,0.00020605,0.27984133,0.02074999,0.90984982,0.00571233,0.91535687,0.85477591,0.21161778,0.98952329,0.03376219,0.00044238,0.20705500,0.33141392,0.31500906,0.02615765,0.04031890,0.75690883,0.70610374,0.05425615,0.69084251,0.07049081,0.55173981,0.00000080,0.21354859,0.00403431,0.06748638,0.87296605,0.85336006,0.00075955,0.07498997,0.07281576,0.04945257,0.85725355,0.09618951,0.94672519,0.25790915,0.04517096,0.81779528,0.05661444,0.97207063,0.52139217,0.60330969,0.38965693,0.01542407,0.14603385,0.00042841,0.00302921,0.03577973,0.94613057,0.06085740,0.29436612,0.00154121,0.06558061,0.14280693,0.04725349,0.32506216
0.04384213,0.15553363,0.66266745,0.00269196,0.40742099,0.56349194,0.00305392,0.86191344,0.10317636,0.04426962,0.02145887,0.39731094,0.95118141,0.24083291,0.20339967,0.00048707,0.87305778,0.04268187,0.05985940,0.18379775,0.01029531,0.31112954,0.01723937,0.30042276,0.00081426,0.02256135,0.00552602,0.07049596,0.95519787,0.05168394,0.52543753,0.03097949,0.05739396,0.22319792,0.86482394,0.32009569,0.16652942,0.05774960,0.10136473,0.36710012,0.23822020,0.47491449,0.32756263,0.53262293,0.42167929,0.25906995,0.00897436,0.77167052,0.11542363,0.17673519,0.00100663,0.03968710,0.05620935,0.90383726,0.00103240,0.51935643,0.48581651,0.01882210,0.00838945,0.12448161,0.22033392,0.02642882,0.17014202,0.00041968,0.15978093,0.00306043,0.78404790,0.04308620,0.80318683,0.34618190,0.21895339,0.96845531,0.13904618,0.46775341,0.00681265,0.01176973,0.00386959,0.04718472,0.13455831,0.75504434,0.06890779,0.15360756,0.31146699,0.17025682,0.52737343,0.00068205,0.01620361,0.03738064,0.03712269,0.00762091,0.47184882,0.00149693,0.46706104,0.18468800,0.32125148,0.38718957,0.07283702,0.89734083,0.36944807,0.01668901,0.26826251,0.35669854,0.00246226,0.94995481,0.47661546,0.07008621,0.01895832,0.20310315,0.16642049,0.00371983,0.18669853,0.85705292,0.00356851,0.16768508,0.00054648,0.14006059,0.05597694,0.05396938,0.21427800
0.23035996,0.04080775,0.59879571,0.02240178,0.23327188,0.13806859,0.00316493,0.87903410,0.12308560,0.40381151,0.14715055,0.07721002,0.06883036,0.30612105,0.22153609,0.01556166,0.84778267,0.01706363,0.20204255,0.00072443,0.12864968,0.42592871,0.65228856,0.12803881,0.00979992,0.00070679,0.03816711,0.23793758,0.01094668,0.46507171,0.10115541,0.01250438,0.12075794,0.53762162,0.78956544,0.54577732,0.00189818,0.00067516,0.08348295,0.48775554,0.25154462,0.30426601,0.18927470,0.33173290,0.65510678,0.34797502,0.04671240,0.71925849,0.12079268,0.18150578,0.00281601,0.34692657,0.51719302,0.43116230,0.00133846,0.19672558,0.71953219,0.02967482,0.00997563,0.35968250,0.08851070,0.42480054,0.39327437,0.00322437,0.23473145,0.04734735,0.65711206,0.02640518,0.85328478,0.06245056,0.18293631,0.88151067,0.00226517,0.00022898,0.00125774,0.00347334,0.01088802,0.02670695,0.15774040,0.33260208,0.07168546,0.05264417,0.28599408,0.27766290,0.16091454,0.04028017,0.00279400,0.01594435,0.03265160,0.87913382,0.66328430,0.00050914,0.14603913,0.01311417,0.36422569,0.71090138,0.04241024,0.57660478,0.19266471,0.01980457,0.20696719,0.63307333,0.95845461,0.79176182,0.40292889,0.00178535,0.08638086,0.05955148,0.25864914,0.04656389,0.17237927,0.68793368,0.01090586,0.05931873,0.00196695,0.05561328,0.17375511,0.04246669,0.21357989
0.00662190,0.26410481,0.43930042,0.04207489,0.30523917,0.06657334,0.00457802,0.76592588,0.09171495,0.08382190,0.00318877,0.21771592,0.02801085,0.21981370,0.12479924,0.17328909,0.50466156,0.02128510,0.29489523,0.00466456,0.03862416,0.36114731,0.54924291,0.14465800,0.00300045,0.00139471,0.00794819,0.30446976,0.00228335,0.06756084,0.00352841,0.01001222,0.12398311,0.51558554,0.75828165,0.44300035,0.00125004,0.06548890,0.08247072,0.43566120,0.64045823,0.49618754,0.19404618,0.31005549,0.73078394,0.16335365,0.02078777,0.73657596,0.02026914,0.11243892,0.65399027,0.69731867,0.03623515,0.20974286,0.00479762,0.17589951,0.47206995,0.00142703,0.03032286,0.12093293,0.33236137,0.05872177,0.40052828,0.00218723,0.19593334,0.00066776,0.85967410,0.06922947,0.70787090,0.36989722,0.24814546,0.57936054,0.48197266,0.43396741,0.00000174,0.70185035,0.61940640,0.04674887,0.34877422,0.35746524,0.81714249,0.04389344,0.13185553,0.28019583,0.64606261,0.03669160,0.30263904,0.06451640,0.09985172,0.01422943,0.49345693,0.00128311,0.22068217,0.03634501,0.18000212,0.39029899,0.07364980,0.44959566,0.33031005,0.02613923,0.03930810,0.60210997,0.00824915,0.77252859,0.49676609,0.02251993,0.19567303,0.00707209,0.20177032,0.14420843,0.19382985,0.77039945,0.00919949,0.47591040,0.03956765,0.12311271,0.69399285,0.08609708,0.28586170
0.00503801,0.19331509,0.22957733,0.01714080,0.51114202,0.22814409,0.00437499,0.57319480,0.05675112,0.03517315,0.04018881,0.31770495,0.59614366,0.26079169,0.08367446,0.00541971,0.67489618,0.00844553,0.31370819,0.06164322,0.01739231,0.23733670,0.17844383,0.11883419,0.00240633,0.00157901,0.04585495,0.12974814,0.00441202,0.10278116,0.02200439,0.04633782,0.16133057,0.40807873,0.85908496,0.58644038,0.00278120,0.00311947,0.03470492,0.21488398,0.82512200,0.45704153,0.18830119,0.19160165,0.31561580,0.04505277,0.03284951,0.33894446,0.04140629,0.05548127,0.60366046,0.78002429,0.23593384,0.16964459,0.00539072,0.15354563,0.22267193,0.00022058,0.02062371,0.02372828,0.63656831,0.22943707,0.16255422,0.00641419,0.03678015,0.05166726,0.78651762,0.07008886,0.78289759,0.74719185,0.34663740,0.47127929,0.08918554,0.00438881,0.00000089,0.71475732,0.23457141,0.09089567,0.47218019,0.40555444,0.75669754,0.10538160,0.21262085,0.37837470,0.21580574,0.03143557,0.03065487,0.19016875,0.02107111,0.70297033,0.71334976,0.00656851,0.24309516,0.07490249,0.01992566,0.67200178,0.02238478,0.25984576,0.23087607,0.00065969,0.01097587,0.64274353,0.75277054,0.55511814,0.52651840,0.13891034,0.11070426,0.02293868,0.02145481,0.15391640,0.10722394,0.62376010,0.00977856,0.72067481,0.00809469,0.11308182,0.66170520,0.13415027,0.22873299
0.00937305,0.46039641,0.38558573,0.00524640,0.26262107,0.36837322,0.11168070,0.61421245,0.04784485,0.27933353,0.48905241,0.64547908,0.00470463,0.23672558,0.11371180,0.00010420,0.63140786,0.00176145,0.20799910,0.06266186,0.14186291,0.30107442,0.00316518,0.07413583,0.01448124,0.03911712,0.06365494,0.13262106,0.38184077,0.70648789,0.26777244,0.39580107,0.03936358,0.56070000,0.90521377,0.31099918,0.00192948,0.11450219,0.01377456,0.22865294,0.59780943,0.47388643,0.25780490,0.32076725,0.43044671,0.01511473,0.06041846,0.58688265,0.17277746,0.14788380,0.06616537,0.29936934,0.01971958,0.25670472,0.01599318,0.26999170,0.24730222,0.00167926,0.04774334,0.05137327,0.40643680,0.10004786,0.63640487,0.05998924,0.02478291,0.01060233,0.87562364,0.16983001,0.64494473,0.52931958,0.29231113,0.75479442,0.00028845,0.48619246,0.00001641,0.44390965,0.11643200,0.33762354,0.51757145,0.43252549,0.24192192,0.25472552,0.19488926,0.46235546,0.18176793,0.12039341,0.00088760,0.14982697,0.01690293,0.00873738,0.51228106,0.09159060,0.29020593,0.17561568,0.00207224,0.58876044,0.11628285,0.21953584,0.33329153,0.00085340,0.00344308,0.83247256,0.00624101,0.61383104,0.48195744,0.62599134,0.29778180,0.09251848,0.00285772,0.08350419,0.10680831,0.73688668,0.33014619,0.57525820,0.01537970,0.04334546,0.08144035,0.18824555,0.28849426
0.04940677,0.28712845,0.71313030,0.00444347,0.23278342,0.70766723,0.20261884,0.82620305,0.04485786,0.07771453,0.00307341,0.01897667,0.48348650,0.17921363,0.02944840,0.00337687,0.73500019,0.00056171,0.19911934,0.40213001,0.19717778,0.24633706,0.15280475,0.04700787,0.03105280,0.00644002,0.27267879,0.21380112,0.62456119,0.01290464,0.44166446,0.15865418,0.08306666,0.75902897,0.76298314,0.36299217,0.00196262,0.00024265,0.00481247,0.11962274,0.64968324,0.62262022,0.37403628,0.12020611,0.28221518,0.00816277,0.05091459,0.64911705,0.10932608,0.23065835,0.00091094,0.09964809,0.29950294,0.14462313,0.22258785,0.60163611,0.13302852,0.02872298,0.21997720,0.08198483,0.04264669,0.53150117,0.87105858,0.05926192,0.11614473,0.01495048,0.94531852,0.10582786,0.29819176,0.11062001,0.21005432,0.31849062,0.59089702,0.00084510,0.00090128,0.00130894,0.00007485,0.11994925,0.57857859,0.42174011,0.01130441,0.25582308,0.01866255,0.42451811,0.09017785,0.47771394,0.19408303,0.19020426,0.03042153,0.87903547,0.58359706,0.20917934,0.08388752,0.20487571,0.00020649,0.87292290,0.17759991,0.10173063,0.13512756,0.04725118,0.00059743,0.66036177,0.93786490,0.93882006,0.57919383,0.03990911,0.54999846,0.16731164,0.05588907,0.06191624,0.15754615,0.50907195,0.01582170,0.08474162,0.02645012,0.01310509,0.04027123,0.18688087,0.24239615
0.00120819,0.74181485,0.46224886,0.12132097,0.15251411,0.01150600,0.39919794,0.72621590,0.33309498,0.00201526,0.09549678,0.60261393,0.90372902,0.38975564,0.01993755,0.29378057,0.45428503,0.00023218,0.22538003,0.08627326,0.04565423,0.28187853,0.80795443,0.08636069,0.00905449,0.00012198,0.51634020,0.06570191,0.01213991,0.40151715,0.02391890,0.00120576,0.03679900,0.81034058,0.85830569,0.21775694,0.00446327,0.10288531,0.00548811,0.11701694,0.29126164,0.76497102,0.32097510,0.09973477,0.23420589,0.11485814,0.09806557,0.66231060,0.17143328,0.23989791,0.16912387,0.81414205,0.03570512,0.03601033,0.48159733,0.70357668,0.09058715,0.00739983,0.61193568,0.02064579,0.41262269,0.07964904,0.45389411,0.08010744,0.07832844,0.01249212,0.96381730,0.31086811,0.76915264,0.10155752,0.22728793,0.37581033,0.00383916,0.38956472,0.05777329,0.02540193,0.01658510,0.19632454,0.58216321,0.77068359,0.16343725,0.06982169,0.03148418,0.37065804,0.01707598,0.05321917,0.00352957,0.46876273,0.12338209,0.01045459,0.42433745,0.19626504,0.38850594,0.03587544,0.00013050,0.88121170,0.00317097,0.04744184,0.10983484,0.03954785,0.00019408,0.52992183,0.01176040,0.91247988,0.37742347,0.00045425,0.64739609,0.44023600,0.64218861,0.30784398,0.12088979,0.49872777,0.00079885,0.25289655,0.00031726,0.00227453,0.58086801,0.02515759,0.14254031
0.00149477,0.48182589,0.66630334,0.02564159,0.18142305,0.00241325,0.03508282,0.40040097,0.15284716,0.07763566,0.53208220,0.01201745,0.00031020,0.14088209,0.00839387,0.31092399,0.42014176,0.00026427,0.46901524,0.00285314,0.02358355,0.33109745,0.95898449,0.01938310,0.00901795,0.00000823,0.19170108,0.02476981,0.00004281,0.03972153,0.00084960,0.03242701,0.00329238,0.60024756,0.98067582,0.12402265,0.00974289,0.00012539,0.00186506,0.25127304,0.91894698,0.84683597,0.31024659,0.02273683,0.23165204,0.12551410,0.15231918,0.32139871,0.02105933,0.12713452,0.86380863,0.94052362,0.48691419,0.01532951,0.51907814,0.09232175,0.00661532,0.00035893,0.31121016,0.00013860,0.85784334,0.79976362,0.19912206,0.09508926,0.00525724,0.01031699,0.99775279,0.03226397,0.87628430,0.59435123,0.18397774,0.12446719,0.01157406,0.00230079,0.11456145,0.53561157,0.86264712,0.55517560,0.75944650,0.76179391,0.57278275,0.13455315,0.02425363,0.25711837,0.02650610,0.00946704,0.00089365,0.33098301,0.00397496,0.97975111,0.61582780,0.16652772,0.06526185,0.00588240,0.00000223,0.94099092,0.00062361,0.14557104,0.01680506,0.12012841,0.00011582,0.54135543,0.95637012,0.96805423,0.76461983,0.10175060,0.28565171,0.00150606,0.21417481,0.18230191,0.02656510,0.31968293,0.89243573,0.41799322,0.00112151,0.00179106,0.79899079,0.03467854,0.06507638
0.00108486,0.76065546,0.13853160,0.00028234,0.18803751,0.20511800,0.01558983,0.77170986,0.11201529,0.08014955,0.00183545,0.78440243,0.63230306,0.09563649,0.07055750,0.00378940,0.12912484,0.00071740,0.69752342,0.20721659,0.00688981,0.46896338,0.44786045,0.00805119,0.00024098,0.00004107,0.02990077,0.01542578,0.24108092,0.14350460,0.04793885,0.22852658,0.07285431,0.29567844,0.97679961,0.02368964,0.00351909,0.59188932,0.00007255,0.02093187,0.95942664,0.74080968,0.12582248,0.22160414,0.15521754,0.00786112,0.02576882,0.26882368,0.00682683,0.03912532,0.83188903,0.98128450,0.09557075,0.03178666,0.32622838,0.91351539,0.00999072,0.00000798,0.14353923,0.00030767,0.98514527,0.01682520,0.35221669,0.02447117,0.03855555,0.07019575,0.99959695,0.08940820,0.67716932,0.98821694,0.08179199,0.05984093,0.45406350,0.71109641,0.68001699,0.88479912,0.36786833,0.66578823,0.63228309,0.42754707,0.92694092,0.28602275,0.02764432,0.55592263,0.10206985,0.00200177,0.87795609,0.24995418,0.42760918,0.00228412,0.71677345,0.15227397,0.30395660,0.01181224,0.00020466,0.97881043,0.00123455,0.06765357,0.00586595,0.01102331,0.00006610,0.40098763,0.01752991,0.92979699,0.91156268,0.61740041,0.19751529,0.00025755,0.17018312,0.50666595,0.01273492,0.57023305,0.00004083,0.99473137,0.00367249,0.03848167,0.50149202,0.11175603,0.51154053
0.00133047,0.42058712,0.02567449,0.00460446,0.01452255,0.86272740,0.00821000,0.50964111,0.57368761,0.02175085,0.90022349,0.52196050,0.97477192,0.49369076,0.28531033,0.01054023,0.05247036,0.00008315,0.83166689,0.43911484,0.01016979,0.65957367,0.28567252,0.02119946,0.00016347,0.00020805,0.01414303,0.04302465,0.24865048,0.32112789,0.62741345,0.33158496,0.11942463,0.20963521,0.99697030,0.20346573,0.01743386,0.00003921,0.00613443,0.00166623,0.93514258,0.51822257,0.62893075,0.23438476,0.08332845,0.02800633,0.02499926,0.11078965,0.02427102,0.03159616,0.21613364,0.97532767,0.88100696,0.35025933,0.07479024,0.75140584,0.02946102,0.00001810,0.37346739,0.00209718,0.94337672,0.48422286,0.36917111,0.05744047,0.01380690,0.00582201,0.99258721,0.11181969,0.22781102,0.98577857,0.12807478,0.14528981,0.00560358,0.00052646,0.31806475,0.73670232,0.02051318,0.47006050,0.21563366,0.25926122,0.71115720,0.08722913,0.19891423,0.86473727,0.06932124,0.00085442,0.00505236,0.15225722,0.17303635,0.99259162,0.56200296,0.01116109,0.02099683,0.00251446,0.00049079,0.98131758,0.00073840,0.05826910,0.00210149,0.01600234,0.00193139,0.67712653,0.96550524,0.68907052,0.87672758,0.22927737,0.28825191,0.75985247,0.00812396,0.07968421,0.01131690,0.57015985,0.48798132,0.72455716,0.00031995,0.05475888,0.09433315,0.53086978,0.76545906
0.01435318,0.00185982,0.07529117,0.01991813,0.60374582,0.83748680,0.00211524,0.75853878,0.65079713,0.00205013,0.01385331,0.94262618,0.77455211,0.64283544,0.29435346,0.00333654,0.37434703,0.02198240,0.98458034,0.00951891,0.00549155,0.25136030,0.77469552,0.07471708,0.00040422,0.00046121,0.00780826,0.00860202,0.29937476,0.25057507,0.02481132,0.00436103,0.26398396,0.91218925,0.01344396,0.20364049,0.00562715,0.00138258,0.50227064,0.17886850,0.80928743,0.75484627,0.97741222,0.08801778,0.98079777,0.00776907,0.06016741,0.08813435,0.00567313,0.02468175,0.08383064,0.96463519,0.96235412,0.04001690,0.00506390,0.90659040,0.07394668,0.00052620,0.03646662,0.04290705,0.44888762,0.65802205,0.61253256,0.02686732,0.11984329,0.00225080,0.11003438,0.04178963,0.02141197,0.84110624,0.44932646,0.00055871,0.52423644,0.00541138,0.01231890,0.30840981,0.13798876,0.06901693,0.01425993,0.29330283,0.86657459,0.02073244,0.03852874,0.80088955,0.35719779,0.00819408,0.19828573,0.06433832,0.01697772,0.93381977,0.96465874,0.04546365,0.01193087,0.02125999,0.34198806,0.07282472,0.00204503,0.02192635,0.09787269,0.00257529,0.07968999,0.83163214,0.89439911,0.77134949,0.52573299,0.00331969,0.40737936,0.00658525,0.05472725,0.43985108,0.10999931,0.02335308,0.00393045,0.81461734,0.00051460,0.06807648,0.87471861,0.46358293,0.87446374
0.12346834,0.05471552,0.24131265,0.00626323,0.92466354,0.34663069,0.00019839,0.49714509,0.13331456,0.00129763,0.54162592,0.88145745,0.14817673,0.32135108,0.83982009,0.00179555,0.13425669,0.01427039,0.98014665,0.02869501,0.00146018,0.66855502,0.40962157,0.36687002,0.00016576,0.00015741,0.00126650,0.00319519,0.24294753,0.94452810,0.28925011,0.03213412,0.74635285,0.87234730,0.02742342,0.03396426,0.30579898,0.15265407,0.14461805,0.39889717,0.67953253,0.59469593,0.98353779,0.00759638,0.99997425,0.06592562,0.02531720,0.42273292,0.01058460,0.01472446,0.57721460,0.65288746,0.03470706,0.52553195,0.00517334,0.19515930,0.12309644,0.00033967,0.01060934,0.04425543,0.94039190,0.00233688,0.31301561,0.99996084,0.24425103,0.07347026,0.30604386,0.30944875,0.00054124,0.99552828,0.88125467,0.05232140,0.00024462,0.13990277,0.00121636,0.86397988,0.74426597,0.32416192,0.02608248,0.57529211,0.98249573,0.10214621,0.41198140,0.45387250,0.45927659,0.08076473,0.09096353,0.47037005,0.01941724,0.00518543,0.94809300,0.10075503,0.09478118,0.00861854,0.03713748,0.33970678,0.02706688,0.11670364,0.14577001,0.00025461,0.15068018,0.01723691,0.11438567,0.54497504,0.16984142,0.17300928,0.35163268,0.02292559,0.00593381,0.14689116,0.00346943,0.01520362,0.15307261,0.94602549,0.00002402,0.08736052,0.93473470,0.20053856,0.38165751
0.03205545,0.05900364,0.49758437,0.00044405,0.91350228,0.31592050,0.00006071,0.47427577,0.48001418,0.00451517,0.02030719,0.00035356,0.07994946,0.63777012,0.65105110,0.00119686,0.16185683,0.00975274,0.94822544,0.07551512,0.01699005,0.74858081,0.11117015,0.57479692,0.00038328,0.00386279,0.00008127,0.00440009,0.49768251,0.02921991,0.08174678,0.64985353,0.93337142,0.91893411,0.02309285,0.00040232,0.11493234,0.00025388,0.04992337,0.22924477,0.72752380,0.65806592,0.93469709,0.01070223,0.99693525,0.05229741,0.06398230,0.10768946,0.03531598,0.02018238,0.82658362,0.28621104,0.77499074,0.53773475,0.02066631,0.07005662,0.29329026,0.00498719,0.00069907,0.07724293,0.37254152,0.83912748,0.40196338,0.99664789,0.28839394,0.01133472,0.30604661,0.25779724,0.04374510,0.98700905,0.81183529,0.00177062,0.69831014,0.00786234,0.00130412,0.38084677,0.04827674,0.51247907,0.00116463,0.58221412,0.89154822,0.53470623,0.60006148,0.54299521,0.43465361,0.13105623,0.00020494,0.28968516,0.07487821,0.95202798,0.96394420,0.03304701,0.25492275,0.01897672,0.24149346,0.43241265,0.81664300,0.19175342,0.16241328,0.00286975,0.14200556,0.04873712,0.69127476,0.35790592,0.07431855,0.34356576,0.09330964,0.25941700,0.04655125,0.09832052,0.34124774,0.11530557,0.07955877,0.75895602,0.00132391,0.09579120,0.92778659,0.36571303,0.41582388
0.01513376,0.02822702,0.39133725,0.00772439,0.88068175,0.69575828,0.00044825,0.43117541,0.19632050,0.00094289,0.00736491,0.97468412,0.91521311,0.47641546,0.68381727,0.02023165,0.24184871,0.05936029,0.82455808,0.36742681,0.02911274,0.80995667,0.04262577,0.33633721,0.00147727,0.00590227,0.00062844,0.02442140,0.60710031,0.65134639,0.02272017,0.16376646,0.77137220,0.85423380,0.02779777,0.00269636,0.35984880,0.10649007,0.01202442,0.27290419,0.32065180,0.32816899,0.51336288,0.03356884,0.98368776,0.25921768,0.09374090,0.40545848,0.15760995,0.02071517,0.75277746,0.07684535,0.09980432,0.70601970,0.01539839,0.96650231,0.48106587,0.01803651,0.00413350,0.06819576,0.48798937,0.00657635,0.39886332,0.92816150,0.41299987,0.04331781,0.40031233,0.18406829,0.00517955,0.12513991,0.53600538,0.00924865,0.00247097,0.13977975,0.00496229,0.26528195,0.00086488,0.08800096,0.00019934,0.51742399,0.03097075,0.46137214,0.54740077,0.42265075,0.31503084,0.06021661,0.09359806,0.08295981,0.14103849,0.01892895,0.79026234,0.02461458,0.06076796,0.01122866,0.18846689,0.62187725,0.30629376,0.10658441,0.17031275,0.02978543,0.06560611,0.43144628,0.11910843,0.58483481,0.12294947,0.00737899,0.19968082,0.59192896,0.02755676,0.25242618,0.89571989,0.09962518,0.00133934,0.65452564,0.03239383,0.34115878,0.16626203,0.12517612,0.59714049
0.06201113,0.10002290,0.34697044,0.09235137,0.67960137,0.21714993,0.00415131,0.54431427,0.09451485,0.00377662,0.13158691,0.00103215,0.26870501,0.44578937,0.71297634,0.02259779,0.21658756,0.02255641,0.88754195,0.06320759,0.12040696,0.72888625,0.12315505,0.57322717,0.01031431,0.00432486,0.00777807,0.00815337,0.00830760,0.46695536,0.03933681,0.00116954,0.65093970,0.76906502,0.07946092,0.01553719,0.57931888,0.00115895,0.06357902,0.14159983,0.34590724,0.25216255,0.42949384,0.01155631,0.96848029,0.69561052,0.07133641,0.39503527,0.17971005,0.07910220,0.10452048,0.44839904,0.66736299,0.24567689,0.03773373,0.24740084,0.62754703,0.01200419,0.02944408,0.23690018,0.21235912,0.89240307,0.20807715,0.68826580,0.72562015,0.00859672,0.50452948,0.12840594,0.02221710,0.00159392,0.59080255,0.03222543,0.03162349,0.00353431,0.29904580,0.06498966,0.04574376,0.10266995,0.00139684,0.41664192,0.01695682,0.38235939,0.12202912,0.38188523,0.60405004,0.16137622,0.00223869,0.15396497,0.12502071,0.86019337,0.90924549,0.04019497,0.23201554,0.00731022,0.38244227,0.61795288,0.02899995,0.48313957,0.34725624,0.02734352,0.24938004,0.15307418,0.61967510,0.36449546,0.24534951,0.00551213,0.11214717,0.03453830,0.03529074,0.28559265,0.79953200,0.13484044,0.31488401,0.02793311,0.02157174,0.15043199,0.37164921,0.02375759,0.27113804
0.06862050,0.06553383,0.41505083,0.13824783,0.67316538,0.09102686,0.00552034,0.41754413,0.08506647,0.00486618,0.01029496,0.45643103,0.01552747,0.39362466,0.64639390,0.01138797,0.25651622,0.01909522,0.84270364,0.00617378,0.03014426,0.55496550,0.10235192,0.64155471,0.00445152,0.01090982,0.00438373,0.02025093,0.00045336,0.04878754,0.00682366,0.00211479,0.23213284,0.74819553,0.24913703,0.06594918,0.80686712,0.06068736,0.05998544,0.05169071,0.37688002,0.36858875,0.57249391,0.00428472,0.91011608,0.50748909,0.06587938,0.49054146,0.06835540,0.12993990,0.04232721,0.65681219,0.05871092,0.21447481,0.03048813,0.03571766,0.61110449,0.00183662,0.19787252,0.06197380,0.33493012,0.00240512,0.33968237,0.03106063,0.74169427,0.00896976,0.52290821,0.14990367,0.12511483,0.17563751,0.38634697,0.04306774,0.59560794,0.19099234,0.12300588,0.50215924,0.63808846,0.24724044,0.00630571,0.45117906,0.52146238,0.14027880,0.04351151,0.42159885,0.47878027,0.04231186,0.36597162,0.14630397,0.38233608,0.01072062,0.83580607,0.18253371,0.06068279,0.04428481,0.21487448,0.76190710,0.23107867,0.44497702,0.30614954,0.01228392,0.26958233,0.25826132,0.03923329,0.18081899,0.60517901,0.05966821,0.29257086,0.00157668,0.31536204,0.42921260,0.53760409,0.16310143,0.00123598,0.16612534,0.01080150,0.14285466,0.78290808,0.02333417,0.19399714
0.00490376,0.13531984,0.32665455,0.02119154,0.56133687,0.14698355,0.01009089,0.35906491,0.04284530,0.05501321,0.02586326,0.06268647,0.27389371,0.30680728,0.58155853,0.00038494,0.35759661,0.00985081,0.77226895,0.00345571,0.00940500,0.62568748,0.16042207,0.45702171,0.00295489,0.00615505,0.01765976,0.04352535,0.02915530,0.40857527,0.05672262,0.07865690,0.29583895,0.79954433,0.38568962,0.12938003,0.19268988,0.00282308,0.02861112,0.04813537,0.46467298,0.36000857,0.53637916,0.00998263,0.35039616,0.13357756,0.05267746,0.31000650,0.02739051,0.12150113,0.45706525,0.56256962,0.17964511,0.28279579,0.00908100,0.20069852,0.23193923,0.00019150,0.14429715,0.00208844,0.68905008,0.70212263,0.32935813,0.05291397,0.23984475,0.01581648,0.33444497,0.04322252,0.33123764,0.93107790,0.49503174,0.08845207,0.00675795,0.00699090,0.03816154,0.21307693,0.16768670,0.17623991,0.00219029,0.41547385,0.92315280,0.11188002,0.10839899,0.40097916,0.24092263,0.00502159,0.06784740,0.18270858,0.32324010,0.62330544,0.86202258,0.16807094,0.50862879,0.02242354,0.04813574,0.61812848,0.05528200,0.30779916,0.21712220,0.00271322,0.08424416,0.38827166,0.26716864,0.14279303,0.58641660,0.05749824,0.27915207,0.01459700,0.03583639,0.32155246,0.33205014,0.37607840,0.03718653,0.46227536,0.00122062,0.22261935,0.68746227,0.02939150,0.29838261
0.00002543,0.40813845,0.21045962,0.00036715,0.72216761,0.00411639,0.05656333,0.43519041,0.09125111,0.06802914,0.24546222,0.40265805,0.06600126,0.15422763,0.79887253,0.00095890,0.28936964,0.00523889,0.51682335,0.12088229,0.05210692,0.83768171,0.04516461,0.73759824,0.02285267,0.02231809,0.03860674,0.17642678,0.45197579,0.20882809,0.04752693,0.81331164,0.17545970,0.76066196,0.34714466,0.03067859,0.03050709,0.07959995,0.00896509,0.02137439,0.28184223,0.40034482,0.50444955,0.00913070,0.03945229,0.07224026,0.14177847,0.52406049,0.23447002,0.23374988,0.78919512,0.10719610,0.03149488,0.65427518,0.01610639,0.08835674,0.25635386,0.00125174,0.15425915,0.00143447,0.23890324,0.01021533,0.63204002,0.03409053,0.32023126,0.18839258,0.34151015,0.13951918,0.25837407,0.80216473,0.55568630,0.35338670,0.01727600,0.11643282,0.05594118,0.15429920,0.04868578,0.17545941,0.00104336,0.39588293,0.67258090,0.30154219,0.40023619,0.49330565,0.19542123,0.00043644,0.00002397,0.11530221,0.40047199,0.01088403,0.64842224,0.17091040,0.13659093,0.06434657,0.03278228,0.78685653,0.06419425,0.49353558,0.09345270,0.00969324,0.12903829,0.38030934,0.03931678,0.08716497,0.45254418,0.36578387,0.44957882,0.36533949,0.00474432,0.42759573,0.43277356,0.67930651,0.19213873,0.36841345,0.00279256,0.11942136,0.56442720,0.05489569,0.28360575
0.00013565,0.62327284,0.07025358,0.00054030,0.52115124,0.01608532,0.20265138,0.76674086,0.01486360,0.14506102,0.02452122,0.13642596,0.49805978,0.11867025,0.61808044,0.08014025,0.63122982,0.00491058,0.35369030,0.92271018,0.15431756,0.83222818,0.22029744,0.72927880,0.04081857,0.00109079,0.30425411,0.38700187,0.12786882,0.74907655,0.10564172,0.04371452,0.14414245,0.72069961,0.49845532,0.00546077,0.00955671,0.00054755,0.00111800,0.06007332,0.24184071,0.29303691,0.37499055,0.00559239,0.14436322,0.13959655,0.11228088,0.36091563,0.51101059,0.26079354,0.11226314,0.10795651,0.05063676,0.06927106,0.04534964,0.13074419,0.18091027,0.07733533,0.16716482,0.00050919,0.12588561,0.83730567,0.89611399,0.03965348,0.22399001,0.00417193,0.39093745,0.18200523,0.10558040,0.10784831,0.14909168,0.28095898,0.16758624,0.00529842,0.46083298,0.02989742,0.00020142,0.07144139,0.00169809,0.12891918,0.01445302,0.51304573,0.07066815,0.58305174,0.46263301,0.00171329,0.32805178,0.09511787,0.07834788,0.72504157,0.73929089,0.26075980,0.39532021,0.15799055,0.04933965,0.71629351,0.06612621,0.51421511,0.13047619,0.08747821,0.34011072,0.46677065,0.38396439,0.45077211,0.65309876,0.16860831,0.56932527,0.46692604,0.01470981,0.44182205,0.55147451,0.52372909,0.00150427,0.21571837,0.01412116,0.08425038,0.21033685,0.00353852,0.18132466
0.00034047,0.49799648,0.10109506,0.30309451,0.72535241,0.03342716,0.24129163,0.79834664,0.77022034,0.03805446,0.01440929,0.56021607,0.18092304,0.32684994,0.75004202,0.15295407,0.12689050,0.00440190,0.41658473,0.01811081,0.07877969,0.85435122,0.85946697,0.79117829,0.00893464,0.00012597,0.43919235,0.15552016,0.00472741,0.94499069,0.09705348,0.00281742,0.04227147,0.82253909,0.86601365,0.09176134,0.04930132,0.03318119,0.00839616,0.00191637,0.21661073,0.23319572,0.91462082,0.01141623,0.61885780,0.30780858,0.04533273,0.52279174,0.01653711,0.22435749,0.10990757,0.60560483,0.19619066,0.10831266,0.17079392,0.86782646,0.13521406,0.00665277,0.25994033,0.00137847,0.35003340,0.03426800,0.90544432,0.05772300,0.82887191,0.05262285,0.11522840,0.17460793,0.03766390,0.02143392,0.00982377,0.24540855,0.00338436,0.00338315,0.13270721,0.30080059,0.02338653,0.06074664,0.03382217,0.22223577,0.02183358,0.20661166,0.02802618,0.70802361,0.08325268,0.00076525,0.04128291,0.08374912,0.07843431,0.07815890,0.32841122,0.38456443,0.16936415,0.25204518,0.25660220,0.41185868,0.00552773,0.67948544,0.08110875,0.02034381,0.08727392,0.20504190,0.10078692,0.24829572,0.67375702,0.01015617,0.64903235,0.18062428,0.44304550,0.70496279,0.16415048,0.29203194,0.17773873,0.05379922,0.02989777,0.03317114,0.49224743,0.00105040,0.31133139
0.00151347,0.61158925,0.02486698,0.19953452,0.76419175,0.01666548,0.16416910,0.46214938,0.01892731,0.50943166,0.61847019,0.09666627,0.02760938,0.56026047,0.42008111,0.01531920,0.13823546,0.00153094,0.27315775,0.00653753,0.03396597,0.63534415,0.84089822,0.88887441,0.00010286,0.00013752,0.22011484,0.10755811,0.00042514,0.99258703,0.00102134,0.13870440,0.06071630,0.88006300,0.98019779,0.08037119,0.06929861,0.00013274,0.16273178,0.00641378,0.20856285,0.39592406,0.98058718,0.00762153,0.75569248,0.03197463,0.01228499,0.06263157,0.00351276,0.28938231,0.49568760,0.76486748,0.07670568,0.44259545,0.29572886,0.02541436,0.21512622,0.00029228,0.18739539,0.00068263,0.38429546,0.75892729,0.90186465,0.04472362,0.47380945,0.00757631,0.03120409,0.02656973,0.52231336,0.20701127,0.01097105,0.66708797,0.16512884,0.00167936,0.01712004,0.90855551,0.71541339,0.11848285,0.26122287,0.39307073,0.49476215,0.05841475,0.03316659,0.47723791,0.32028258,0.00209123,0.00574185,0.17660718,0.37099734,0.76776552,0.37167481,0.09407263,0.65357322,0.03139295,0.04486277,0.68633938,0.00209195,0.83842009,0.08943437,0.00325231,0.16102767,0.67612666,0.37071496,0.48773262,0.46441191,0.06535742,0.27989149,0.00007471,0.01362958,0.74312878,0.02098596,0.45110932,0.00305645,0.33775070,0.00118427,0.11793800,0.93547273,0.00065073,0.16984755
0.00174476,0.68651170,0.04142391,0.01834026,0.62200785,0.23642918,0.05130811,0.71429211,0.62207538,0.04479719,0.00362758,0.90000612,0.36308828,0.05839496,0.18682991,0.00355565,0.31964371,0.02322944,0.32398742,0.58570963,0.00370597,0.62588632,0.26927081,0.18093631,0.00061425,0.00207071,0.04702511,0.05587890,0.05978175,0.98647714,0.01471515,0.47269750,0.27740172,0.92018270,0.99428916,0.03098295,0.07963152,0.00682424,0.22934584,0.01186759,0.78281891,0.28539860,0.92627519,0.01223071,0.18866675,0.04463973,0.00506224,0.04425557,0.00587455,0.05210399,0.74878627,0.73036474,0.10286061,0.33185983,0.48816782,0.54177701,0.15217486,0.00019712,0.00957999,0.00135514,0.93988764,0.22748922,0.90974367,0.00596156,0.08937769,0.02648029,0.43640932,0.02830322,0.77693474,0.92518860,0.00734026,0.18614195,0.04599450,0.10243209,0.01676217,0.77340323,0.21629697,0.16769710,0.14405023,0.56596363,0.93676716,0.08694476,0.07026898,0.20355181,0.09623440,0.00886644,0.13763005,0.07148597,0.03432019,0.01413114,0.32345414,0.45905080,0.29269189,0.02523316,0.02298878,0.92266095,0.00252977,0.42400163,0.11598250,0.00025330,0.23379654,0.53038824,0.20545445,0.63459355,0.84605581,0.15201981,0.32261410,0.01277899,0.00830824,0.83912277,0.07194363,0.48053503,0.01080972,0.94971293,0.00093428,0.16944742,0.84934551,0.02750789,0.38157350
0.00468111,0.49407363,0.29307595,0.01519679,0.55643982,0.17580613,0.08759056,0.37988314,0.19272527,0.11323781,0.06961453,0.33332840,0.57709891,0.07502494,0.08110413,0.01066371,0.17717999,0.01751071,0.33497092,0.09680782,0.06819379,0.78198910,0.11513744,0.17508678,0.00201008,0.00179005,0.01476360,0.05357535,0.05589034,0.79700840,0.04087661,0.04782869,0.20129263,0.87752718,0.76669246,0.25413236,0.10918241,0.00289832,0.19293937,0.04827730,0.63357902,0.54154634,0.21776488,0.22194016,0.37059599,0.11947964,0.02246862,0.10799208,0.00745163,0.06077957,0.08505548,0.24582732,0.21655203,0.25447166,0.04881182,0.56447917,0.57815498,0.00099487,0.02562407,0.00725056,0.81249613,0.24961545,0.53059667,0.01492763,0.36879075,0.02450524,0.59203005,0.02149881,0.38692033,0.94394833,0.36926076,0.21526071,0.01656782,0.01948201,0.00964633,0.42040834,0.08768622,0.04887394,0.09528071,0.43363780,0.43385217,0.10451423,0.11087260,0.21329039,0.10448564,0.01466938,0.02064879,0.10106245,0.02749244,0.24525505,0.58494776,0.00859846,0.35507411,0.03934709,0.02907535,0.16584413,0.01246310,0.52127868,0.19089134,0.00206905,0.04443343,0.22276363,0.52731144,0.12351521,0.75665087,0.03498639,0.17894231,0.08923537,0.02891320,0.64077896,0.16236094,0.54931939,0.03004238,0.37595931,0.00138707,0.30795482,0.72748661,0.11892439,0.58758736
0.03473109,0.00358244,0.04699464,0.01931752,0.65533102,0.02080259,0.00347021,0.62372929,0.93405694,0.01893459,0.00488817,0.19961891,0.96112192,0.33834800,0.06478311,0.01914895,0.02172669,0.14619373,0.12926066,0.02848304,0.00072263,0.73450798,0.77041072,0.63026750,0.00016474,0.00009296,0.01078767,0.14591391,0.00282061,0.15924436,0.00143825,0.00486863,0.39669847,0.96477491,0.97421402,0.99022210,0.48871335,0.00022306,0.21528672,0.23710112,0.86179721,0.68108845,0.14910470,0.06376819,0.18267141,0.07218865,0.01542780,0.27807128,0.03306190,0.01593050,0.23075956,0.82714880,0.94647557,0.13412786,0.01972149,0.96837908,0.09076037,0.00016998,0.06412129,0.08541074,0.88200837,0.80475378,0.31526059,0.00001682,0.17301613,0.00141521,0.68566883,0.04683724,0.77963805,0.93137491,0.48497823,0.00139752,0.55656248,0.00025214,0.00077228,0.32957718,0.21507163,0.00344240,0.01208528,0.17446706,0.87075084,0.20425332,0.00735306,0.02514606,0.28731063,0.03049751,0.60101235,0.00135560,0.17401929,0.96429807,0.97433239,0.02231606,0.16165723,0.00818739,0.11286210,0.19472352,0.00681044,0.86903632,0.64787859,0.00172676,0.02195433,0.33590132,0.96361834,0.25826219,0.08440880,0.00147477,0.03955889,0.00476420,0.52943689,0.03588995,0.23289460,0.38873574,0.00061682,0.92833751,0.00060639,0.44073462,0.31206065,0.07800832,0.67235625
0.02301858,0.02752591,0.04587501,0.00133922,0.86674857,0.15638842,0.00280799,0.69581920,0.00145852,0.32701612,0.73575157,0.90971571,0.06561240,0.47701550,0.14361581,0.00125505,0.00798574,0.12047843,0.11401476,0.00254698,0.00454108,0.92175806,0.19264908,0.45744932,0.00013069,0.00720289,0.00856710,0.04159284,0.04931761,0.74379361,0.05362270,0.12875003,0.54648834,0.92289919,0.97772270,0.98478675,0.71529412,0.23207815,0.34335354,0.25190613,0.94843572,0.72864568,0.26810002,0.08038513,0.46578225,0.19717027,0.10791068,0.21112743,0.01073834,0.09267398,0.55801034,0.77233833,0.00024034,0.49643609,0.05288982,0.00127629,0.14587000,0.00005263,0.05725619,0.09705964,0.97671294,0.01513191,0.35702741,0.00007189,0.05941308,0.27920187,0.89482337,0.03123521,0.66370958,0.97042078,0.61209756,0.04497954,0.00038463,0.49151307,0.00064717,0.95296311,0.65281218,0.01422155,0.06062293,0.02383935,0.97945064,0.11408197,0.17571980,0.00103687,0.45066884,0.00802590,0.00650596,0.00190197,0.15876462,0.00024341,0.94968492,0.00642078,0.83238482,0.00919818,0.04480575,0.09075020,0.00697585,0.92970031,0.69415337,0.00047333,0.04997199,0.60827535,0.00280723,0.10914685,0.24640070,0.57839990,0.24084386,0.13541439,0.00120699,0.01153240,0.06914320,0.85206759,0.55290359,0.97687483,0.00144929,0.22417144,0.25744638,0.11883593,0.64095658
0.03025137,0.00564384,0.05894696,0.00029461,0.77005929,0.41495275,0.00307832,0.74130970,0.90667665,0.87572330,0.00104184,0.00800422,0.03367426,0.62379634,0.23838596,0.00012227,0.05834907,0.05601536,0.38322923,0.23052014,0.00182571,0.71961874,0.17032950,0.26683587,0.00092829,0.00597929,0.00115054,0.29809189,0.37391531,0.00853166,0.50874120,0.53008586,0.76292777,0.92928040,0.97977602,0.96495819,0.75717062,0.00007458,0.13069142,0.09372141,0.87326813,0.70642799,0.30744949,0.16468124,0.75126380,0.01040694,0.03549771,0.35426822,0.09440678,0.11215413,0.11460891,0.63915455,0.85851455,0.69957304,0.18008058,0.01317490,0.57662195,0.00036990,0.15994796,0.09929480,0.82347685,0.76265758,0.39215827,0.00018525,0.00989043,0.00253684,0.84512877,0.02940024,0.19209945,0.00344713,0.38247162,0.00910224,0.58046222,0.00034215,0.00630237,0.57590353,0.00149782,0.08686484,0.03987483,0.11911394,0.86654955,0.45747033,0.48601690,0.00424677,0.12175616,0.04163462,0.14606497,0.00125545,0.07849164,0.94990289,0.91953528,0.01517458,0.42843392,0.08907109,0.10194378,0.07714056,0.09870953,0.95117998,0.77537960,0.00014904,0.11500484,0.79330003,0.94640601,0.19063234,0.29745516,0.85282880,0.58145028,0.27057487,0.00154455,0.09642448,0.00238933,0.65139675,0.00104744,0.16628107,0.02061138,0.30297026,0.00508989,0.15330720,0.82202679
0.00706433,0.03013336,0.28442228,0.04538937,0.74643129,0.49388620,0.00216255,0.61041301,0.00092915,0.00906538,0.07464911,0.90680969,0.96883684,0.56546080,0.24095869,0.03958736,0.13918515,0.04298829,0.47531185,0.11952405,0.01886815,0.83289731,0.02880083,0.20362826,0.00298113,0.03416841,0.00828256,0.19638111,0.28883997,0.41393742,0.39723951,0.00367185,0.53153443,0.94372410,0.97838825,0.85611475,0.62593395,0.18181406,0.19844265,0.16112635,0.86990374,0.43139935,0.20454867,0.14079013,0.33505997,0.13406064,0.04873826,0.11110056,0.54445893,0.25489858,0.00023365,0.38549647,0.00417220,0.66892815,0.73637271,0.98057294,0.41202739,0.00119355,0.83873212,0.23830754,0.13746569,0.03230422,0.55640668,0.00031585,0.02623938,0.15386710,0.87851447,0.00171852,0.00323477,0.09651164,0.56592625,0.05022272,0.04905711,0.25034472,0.05914959,0.13795799,0.00055417,0.07095451,0.05176969,0.16835131,0.02380461,0.08142659,0.29382268,0.01323793,0.14350420,0.08917187,0.01569494,0.01429615,0.19963579,0.00136561,0.88846463,0.00959032,0.75790840,0.07960542,0.09034007,0.07108743,0.09497632,0.88147396,0.38170642,0.00160482,0.14628808,0.74680459,0.01163700,0.18546934,0.27419376,0.01246936,0.60506409,0.46367767,0.20407812,0.04994909,0.12218897,0.61290240,0.00793507,0.13526921,0.01756841,0.27965766,0.12973078,0.37181804,0.83873451
0.01563813,0.11389279,0.06715626,0.14879885,0.62453479,0.33562779,0.00255022,0.57245004,0.86320323,0.27488166,0.26401761,0.03853510,0.04401175,0.53869736,0.21130766,0.04791344,0.06590812,0.04909052,0.53127849,0.00451290,0.07124112,0.86632168,0.05744362,0.41605350,0.02917725,0.00224473,0.01585580,0.13963702,0.00041657,0.02602097,0.00854330,0.00312548,0.67976928,0.93511140,0.97250968,0.69914812,0.59291756,0.00008360,0.25079423,0.12208880,0.75997841,0.48415691,0.18669139,0.11938957,0.52484399,0.10329283,0.03535776,0.48409402,0.10850874,0.18239121,0.01854611,0.38827452,0.84785789,0.56969178,0.21744262,0.01294173,0.54961717,0.01253923,0.35983029,0.09372927,0.01612705,0.73777950,0.18855920,0.00889099,0.05012064,0.01344292,0.90231800,0.00055109,0.23397940,0.09869058,0.57377857,0.02279143,0.00169113,0.00144437,0.05580171,0.00238516,0.32761857,0.12287173,0.08644511,0.43697292,0.06668261,0.14032821,0.29515210,0.01789075,0.13141568,0.14727595,0.00132618,0.00657614,0.01503527,0.92413819,0.73581845,0.02650930,0.27600896,0.08077760,0.13166308,0.24929221,0.03451257,0.96149933,0.69253194,0.01200112,0.27482560,0.89256376,0.92126334,0.09633789,0.19376785,0.00495022,0.30786580,0.00163653,0.21365206,0.09048065,0.08475168,0.56432563,0.16947578,0.09200059,0.01142272,0.33213905,0.34217730,0.29809931,0.75219339
0.00487406,0.06771577,0.28887829,0.01536847,0.34624392,0.10467502,0.00244566,0.56185418,0.00151937,0.14081259,0.00029991,0.37294304,0.00661096,0.41466561,0.12641385,0.00725355,0.13908361,0.02111945,0.63520783,0.00396774,0.17571947,0.88805133,0.20369816,0.45866671,0.01330266,0.00059677,0.01033894,0.13002169,0.00049242,0.16222075,0.00191381,0.06989310,0.60473317,0.82470858,0.90531528,0.85411733,0.15292504,0.11620760,0.12102138,0.02109179,0.82655001,0.61447078,0.24296755,0.08897062,0.54681224,0.15031806,0.00489267,0.46772668,0.02035555,0.26498553,0.54551196,0.27646446,0.00311535,0.38028783,0.11510899,0.21818914,0.36939251,0.00860838,0.21383141,0.00715660,0.61284715,0.03649580,0.30231544,0.00251337,0.18003801,0.00306281,0.89183521,0.00079537,0.28475359,0.55565441,0.37273750,0.07931302,0.49488676,0.35083145,0.02766779,0.18020189,0.52444696,0.08488443,0.11781812,0.39619258,0.75176823,0.07480448,0.05404151,0.01242599,0.36980355,0.20580484,0.49847639,0.02337554,0.01257942,0.00419830,0.78622919,0.02833933,0.59113306,0.02130710,0.08030674,0.39172146,0.12419377,0.92772341,0.46397555,0.05864802,0.15844181,0.89893192,0.01883374,0.32803288,0.29321882,0.05079518,0.20039114,0.00078182,0.06193374,0.12424536,0.07808159,0.61584157,0.00025874,0.67511052,0.00398986,0.24544425,0.39670208,0.32357743,0.63319600
0.00306782,0.07238641,0.43536830,0.00303653,0.51275647,0.13188480,0.00470540,0.75817800,0.59004122,0.04924712,0.10684817,0.36112785,0.58991706,0.54915369,0.12486321,0.00080073,0.13657372,0.01258333,0.60301894,0.04195052,0.01595856,0.88372421,0.40331793,0.57105029,0.00267148,0.00018557,0.01553475,0.09948179,0.08116061,0.31370237,0.07282332,0.05444321,0.43875128,0.86525905,0.89914030,0.65422809,0.08143044,0.00082436,0.16209540,0.01533095,0.76070899,0.59808600,0.28274813,0.10725360,0.13823095,0.07428216,0.00253358,0.19960931,0.07665554,0.12836814,0.35286823,0.79925323,0.66305846,0.11840326,0.09985334,0.76760584,0.17343372,0.00142521,0.11450780,0.00478537,0.84798968,0.31628260,0.31386456,0.01284461,0.09189792,0.02047017,0.72949147,0.00050755,0.29850137,0.88140273,0.36517981,0.06291697,0.05606049,0.01003088,0.01193334,0.39639914,0.03156311,0.12606753,0.09280396,0.36128670,0.88223714,0.08564539,0.02277219,0.00596240,0.12828527,0.24385542,0.01282507,0.03939049,0.00136842,0.74078268,0.75378287,0.07170852,0.16313004,0.00129671,0.02088760,0.24784164,0.00718259,0.86167049,0.46365693,0.00592022,0.23650263,0.85866755,0.63587880,0.32116747,0.41274548,0.05368114,0.14942902,0.10876409,0.03151111,0.16946557,0.02265530,0.39775512,0.12054687,0.65407258,0.00024578,0.50336742,0.23710102,0.46934584,0.51837754
0.00057073,0.54032189,0.56654030,0.00249829,0.39914155,0.29976532,0.02234280,0.40782574,0.00170061,0.16567113,0.19869761,0.59107476,0.01169285,0.66230869,0.17430414,0.00131694,0.15890093,0.00104415,0.58534330,0.03076891,0.04203874,0.73190325,0.19490138,0.64039427,0.00394549,0.01042872,0.01003143,0.20106953,0.26375005,0.30932188,0.15545939,0.29884094,0.57149023,0.87940353,0.86058474,0.59761798,0.36163750,0.17425464,0.08918564,0.00207387,0.76031387,0.36681515,0.34091291,0.08469459,0.39456585,0.09851884,0.00079601,0.06475140,0.00300511,0.24333246,0.01131706,0.66020954,0.00683488,0.13607243,0.18222871,0.00608401,0.69795597,0.00102760,0.14598005,0.00177856,0.71176404,0.18049432,0.25047323,0.05319319,0.17618327,0.01715815,0.84627247,0.00258658,0.01190691,0.23038384,0.50483263,0.28536129,0.00189802,0.10295589,0.04898332,0.92999166,0.02831204,0.44310677,0.23887445,0.13965955,0.36197636,0.24753633,0.11009642,0.01487773,0.11226856,0.83758909,0.00151872,0.24653785,0.00066286,0.00426828,0.40634185,0.04249219,0.84172386,0.01154412,0.01879681,0.12553312,0.03279591,0.69511932,0.61745220,0.00432808,0.13379602,0.97551924,0.01826979,0.27259928,0.47098154,0.33502409,0.39095736,0.80619895,0.00283200,0.08510525,0.16936055,0.53829300,0.03671193,0.11135537,0.01325485,0.51148707,0.54327852,0.73717445,0.52489483
0.00395957,0.31801629,0.57289815,0.08811752,0.73072016,0.64009565,0.06262779,0.43284616,0.78330708,0.08287991,0.00289700,0.11549225,0.16376050,0.50660104,0.27297506,0.00617916,0.04674282,0.00144097,0.65766954,0.79177058,0.04688384,0.64564663,0.48070681,0.80279881,0.00132553,0.00613954,0.03558962,0.67529774,0.00272539,0.04887765,0.04538219,0.14275476,0.44122568,0.93040264,0.95998269,0.72982323,0.45365223,0.00009475,0.06416753,0.02262860,0.96491414,0.81669396,0.21513946,0.13395646,0.46242234,0.44203347,0.00217389,0.31106094,0.00331727,0.12518200,0.02512042,0.55130744,0.86036640,0.06171219,0.15969124,0.75810158,0.35297912,0.00014625,0.04520367,0.00261771,0.01250945,0.15427177,0.55940187,0.05417098,0.11952885,0.01046452,0.93966782,0.03326258,0.02120872,0.03051760,0.80105799,0.02557713,0.38031036,0.03316292,0.02387058,0.09270875,0.00290519,0.14574656,0.36788434,0.27197486,0.02925666,0.25804871,0.25515923,0.00225342,0.28656483,0.97032231,0.30407870,0.19504882,0.00059487,0.96851790,0.42944482,0.03748884,0.40887618,0.04736352,0.01724090,0.07366197,0.01582305,0.27926913,0.86091030,0.00147774,0.01455169,0.97021711,0.71642232,0.38295707,0.24576434,0.35577765,0.41621622,0.03159545,0.15378556,0.20598361,0.25235051,0.50274861,0.08935146,0.07079478,0.01176184,0.55866849,0.42539456,0.84169209,0.79281831
0.00096218,0.73423225,0.72945094,0.12629843,0.65431100,0.01537064,0.15829007,0.12539797,0.03175962,0.00104527,0.19337554,0.78205889,0.91420335,0.46115008,0.14066006,0.04903686,0.07584199,0.01009954,0.63448751,0.09572606,0.01618968,0.79129034,0.84622443,0.93778700,0.00424108,0.00105569,0.05623364,0.61336523,0.00539721,0.16904025,0.10276245,0.02041023,0.78462780,0.84435779,0.97872400,0.29404259,0.07998963,0.06878508,0.22813453,0.01014150,0.83646816,0.28022191,0.05536127,0.37548998,0.02342697,0.36155409,0.00941360,0.45309591,0.00435337,0.47217262,0.45380118,0.64689630,0.00984381,0.26918834,0.09356622,0.92937136,0.20507482,0.00053336,0.06763573,0.00281196,0.05554419,0.17446537,0.62944657,0.03381416,0.08823323,0.04900126,0.74917847,0.04120515,0.01999374,0.41906282,0.96168214,0.38047257,0.03219155,0.13666424,0.08446429,0.01648476,0.03553584,0.05930540,0.08811807,0.02871079,0.36657515,0.10001627,0.85367274,0.00482858,0.06656767,0.24251847,0.00871867,0.12489786,0.00459078,0.00945166,0.51429361,0.01682126,0.75181192,0.03324065,0.01015764,0.17586592,0.00290991,0.07855654,0.79757249,0.01664802,0.00936976,0.89953083,0.24859849,0.75299835,0.35458130,0.00695347,0.35036817,0.00816309,0.06804875,0.63606173,0.06240882,0.56787539,0.02403133,0.61251193,0.00042246,0.74801344,0.78191561,0.88355738,0.60997593
0.00927143,0.64950770,0.62192827,0.00961442,0.79035103,0.06823920,0.14742525,0.59751529,0.18711038,0.01175688,0.10065617,0.09070072,0.08971342,0.10430112,0.26478830,0.00710864,0.02449480,0.01076550,0.54766273,0.01305362,0.00187413,0.45331571,0.04656777,0.33923936,0.00671677,0.00049564,0.16376442,0.29835215,0.00196277,0.15890616,0.02546175,0.00687800,0.17418990,0.86270869,0.90742379,0.78270638,0.13145828,0.00077307,0.04404519,0.01833712,0.71568340,0.42472708,0.11385071,0.19381128,0.10640335,0.29569525,0.00146326,0.41098744,0.00867123,0.09335753,0.93722773,0.92450768,0.76488858,0.33463663,0.03600295,0.07772215,0.11322246,0.00061942,0.02907826,0.01284751,0.63032663,0.25670078,0.79599357,0.03768305,0.31007120,0.03493489,0.88518023,0.00499387,0.07898873,0.81859076,0.99557978,0.18837121,0.03261097,0.04313917,0.16178451,0.01598676,0.28696090,0.07511492,0.11478815,0.03829814,0.84065610,0.44657475,0.11152832,0.02181072,0.19599058,0.03787157,0.09941709,0.33434734,0.01698317,0.85741115,0.66625971,0.00651532,0.92787731,0.07806575,0.02076430,0.58119583,0.01587129,0.10480992,0.80230403,0.00377472,0.02389263,0.97967505,0.80973250,0.74508321,0.07749996,0.00769826,0.32000181,0.03730488,0.01267674,0.61479640,0.12547882,0.06927288,0.04472801,0.61251855,0.00035386,0.15197909,0.49238116,0.94234729,0.68862897
0.00650769,0.62446910,0.46127611,0.00691168,0.82288343,0.10904688,0.01164969,0.60948443,0.09049174,0.05680637,0.04124374,0.18003067,0.30355769,0.12190352,0.24206820,0.01220906,0.32381776,0.00875003,0.92365098,0.07525770,0.01985588,0.50132710,0.17541414,0.26742396,0.00276506,0.00148989,0.05280521,0.03094577,0.01745393,0.20462027,0.02612742,0.02226628,0.22609600,0.37926611,0.69521952,0.54123044,0.11450624,0.00380012,0.04041851,0.02553658,0.82887435,0.76469105,0.48042852,0.07346474,0.14121975,0.41583407,0.00219824,0.41257766,0.01147013,0.16278239,0.59058994,0.78717864,0.11150799,0.19091949,0.01347007,0.63573611,0.22603105,0.00059450,0.01782591,0.01262428,0.84039468,0.07277710,0.80225337,0.01414223,0.32948154,0.02306758,0.70603442,0.00758938,0.09645417,0.78441584,0.79956949,0.03016626,0.04006646,0.01378511,0.01710939,0.22684453,0.06997637,0.22053568,0.09543262,0.23951559,0.70138633,0.19472812,0.07916005,0.09642288,0.22544767,0.02330998,0.03064120,0.13190058,0.02749138,0.21008424,0.65141487,0.02270937,0.20231883,0.05215357,0.02616085,0.07490091,0.01463409,0.13364638,0.77400178,0.00613858,0.05314981,0.89049238,0.48493397,0.33601165,0.23880354,0.04136083,0.22357194,0.19401748,0.02169093,0.49319375,0.24848801,0.25541279,0.06348204,0.77502477,0.00063646,0.21204394,0.39617050,0.42800429,0.35621667
0.00661008,0.20220308,0.48636389,0.01097364,0.60935873,0.11132657,0.00761268,0.58936656,0.18531288,0.05680107,0.04681650,0.33746561,0.39239451,0.25748006,0.22010151,0.00815189,0.34892353,0.01397103,0.70294017,0.06701722,0.02136983,0.66981524,0.26923302,0.21280253,0.00186134,0.00156196,0.01672845,0.05369042,0.05727093,0.43334585,0.06614750,0.06600413,0.20373636,0.81465280,0.77394927,0.42962486,0.06011996,0.00419392,0.14408408,0.05410026,0.46086729,0.50203651,0.27335837,0.10509276,0.40441844,0.13381724,0.05278072,0.23624660,0.01899444,0.13361964,0.23711860,0.57784766,0.30340308,0.20962204,0.02979221,0.40715450,0.25054270,0.00057760,0.08844590,0.01519810,0.68587697,0.34524798,0.40482107,0.00814947,0.18584040,0.02031448,0.62418622,0.01800068,0.59223348,0.75627530,0.23444456,0.12612092,0.04772007,0.02071147,0.02020813,0.40991929,0.11764523,0.13153352,0.17859258,0.33434337,0.65515751,0.08819093,0.16681145,0.34028107,0.24376085,0.02255446,0.02919939,0.05622738,0.05288668,0.28111440,0.71211576,0.04875902,0.23903711,0.05531820,0.03680589,0.25073925,0.01119502,0.20959908,0.31255680,0.00379783,0.11242188,0.70041096,0.27739131,0.24475609,0.40037510,0.07518302,0.19173054,0.04967487,0.03143787,0.16597714,0.15604606,0.54070878,0.03522602,0.46573216,0.00272698,0.46275449,0.55652547,0.29022062,0.35005182
0.00998494,0.26069137,0.48128876,0.00819513,0.73006296,0.17170322,0.00622675,0.70380878,0.20089288,0.03903951,0.03556719,0.45005035,0.74539846,0.14853962,0.38524392,0.00350358,0.42590570,0.02150230,0.71668583,0.03538160,0.02000776,0.62971318,0.26861602,0.13392043,0.00125359,0.00091858,0.04421628,0.02100963,0.02077335,0.46575138,0.05653827,0.04436179,0.11770444,0.89543390,0.92499912,0.35646492,0.19106147,0.00442677,0.08450895,0.03473651,0.29255652,0.65653366,0.27965447,0.04302555,0.79827183,0.16552687,0.06242695,0.53422475,0.01197097,0.12480599,0.54982013,0.14720604,0.24067160,0.40531480,0.02136221,0.62049228,0.48578870,0.00117038,0.04351216,0.00959513,0.75436479,0.63937724,0.17961256,0.00677092,0.14982985,0.01991378,0.24256897,0.00728913,0.56453168,0.59965342,0.29171309,0.08247246,0.19027211,0.01225805,0.03983910,0.19750114,0.36622092,0.21217032,0.09053296,0.36500090,0.55307478,0.16394976,0.10745956,0.54144871,0.11148645,0.00603123,0.04003915,0.05400877,0.02024911,0.34487706,0.50955409,0.04180944,0.46617559,0.06665204,0.05227719,0.16118683,0.01292297,0.30065045,0.15569164,0.00311589,0.03915602,0.47263014,0.34970883,0.09765592,0.17740294,0.04533113,0.42235497,0.01609204,0.05950301,0.15281565,0.19137475,0.38228050,0.01892054,0.62833023,0.00239580,0.71782190,0.43246329,0.78192472,0.38825709
0.00180798,0.38544354,0.49142349,0.00776433,0.69251919,0.13904227,0.00440601,0.38110501,0.11840262,0.03184385,0.04975288,0.88934445,0.34036490,0.20810546,0.38722312,0.00465466,0.48055601,0.01317468,0.61174911,0.02453282,0.02695956,0.73617053,0.16089399,0.13241513,0.00496509,0.00151800,0.03413048,0.01525461,0.00399941,0.46804976,0.07380184,0.08167513,0.22127365,0.88795215,0.97449553,0.43479908,0.17391756,0.02180532,0.06251279,0.02610495,0.12190119,0.80928582,0.48167330,0.04715944,0.67437303,0.61179054,0.02957087,0.56592435,0.01534961,0.05785742,0.60962677,0.51230878,0.13468577,0.17118527,0.02324113,0.32994968,0.44223401,0.00051670,0.06073798,0.01279984,0.89167225,0.19892909,0.15307616,0.00493166,0.28695399,0.03411156,0.35204956,0.00635850,0.78115970,0.71860021,0.18614097,0.09116956,0.02302727,0.02367651,0.01936391,0.29204142,0.41790798,0.05295608,0.10150318,0.27248129,0.64923877,0.13618581,0.06611890,0.51840949,0.07993666,0.02728716,0.01902407,0.01154447,0.01495546,0.20804004,0.69649684,0.05939545,0.29872265,0.10692286,0.06424155,0.12138977,0.01321018,0.17724656,0.16302012,0.00365117,0.07779249,0.45474306,0.18817542,0.11883698,0.21076070,0.11974978,0.40113994,0.06618076,0.09209663,0.16824231,0.15704779,0.47966927,0.08522560,0.80358756,0.00184235,0.41086176,0.23151129,0.76205605,0.23252892
0.00963323,0.52581698,0.24339454,0.00296026,0.78154969,0.05936513,0.01074608,0.42804340,0.24229872,0.04561092,0.02331645,0.21128130,0.17957850,0.13812821,0.55358654,0.00204916,0.47070691,0.02229456,0.29040074,0.04742526,0.01973789,0.35611776,0.15367159,0.08804524,0.00253523,0.00526184,0.11323066,0.01028783,0.00729799,0.39121947,0.02666072,0.23352259,0.28656110,0.88941896,0.97738659,0.30326471,0.15703385,0.00500262,0.03111487,0.06014007,0.39580950,0.88673043,0.14123429,0.04111914,0.78942561,0.26670405,0.00535656,0.69438696,0.01758893,0.07570516,0.20660989,0.52493477,0.50895560,0.18506034,0.01892431,0.42103174,0.39488074,0.00127922,0.08086484,0.01986961,0.41627395,0.67036414,0.22480565,0.00410852,0.17462285,0.03599197,0.23890162,0.01754689,0.73447442,0.77887809,0.35428232,0.09636793,0.62320185,0.02001382,0.05457021,0.12334719,0.07198618,0.22576082,0.04174045,0.20825996,0.35882327,0.09541703,0.13844502,0.64140964,0.17107120,0.04066381,0.01074198,0.01384432,0.00846530,0.43901074,0.36613831,0.02237178,0.48226395,0.07966199,0.02291528,0.08663943,0.02487946,0.10961138,0.52813941,0.01206599,0.03189138,0.60817206,0.62716967,0.05622727,0.28914165,0.40717185,0.25004587,0.21022026,0.02155867,0.18417965,0.07685004,0.38980347,0.06413981,0.69571394,0.00199417,0.49633786,0.24426851,0.81407338,0.27462885
0.00731171,0.42770165,0.71577710,0.00454402,0.90779841,0.18666315,0.02220176,0.32307127,0.05938695,0.04860443,0.04730027,0.82662356,0.89973563,0.34905702,0.12734689,0.00149534,0.17265198,0.02812107,0.24899141,0.07246847,0.02993826,0.76127827,0.07955068,0.06027537,0.00102158,0.00127344,0.14493997,0.06910419,0.03096160,0.41262627,0.01165392,0.01066006,0.40679172,0.96193427,0.97622102,0.49235848,0.50390393,0.02013475,0.01903003,0.05073751,0.10741149,0.94343275,0.52047640,0.00741533,0.86671972,0.36988086,0.00795491,0.80568755,0.02070358,0.03509011,0.24522410,0.38796803,0.09826440,0.17679289,0.01502161,0.84645528,0.65432060,0.00039673,0.08413839,0.02198859,0.83152050,0.03963831,0.03577056,0.00158642,0.05000716,0.01452784,0.25055331,0.02875482,0.88208127,0.77292526,0.52757317,0.11559647,0.24032208,0.08919918,0.04316929,0.06268497,0.21719243,0.04011135,0.07295229,0.62230277,0.52460796,0.14945228,0.23811410,0.54788125,0.09526473,0.14797701,0.11177642,0.01859775,0.03604881,0.02811717,0.69029421,0.09896448,0.68833685,0.06622108,0.06608598,0.58623397,0.00408198,0.09610748,0.61801887,0.00588886,0.00794947,0.61700392,0.07277790,0.13979970,0.19905044,0.00443949,0.29902163,0.07904153,0.16321009,0.33279383,0.40406442,0.49600706,0.03280285,0.83374083,0.00200824,0.16419725,0.44032630,0.75827670,0.44143507
0.01604317,0.24233274,0.72735506,0.02008700,0.74977458,0.29420289,0.00266550,0.38436508,0.67756283,0.26788014,0.30903074,0.22478148,0.06481995,0.28500441,0.06074592,0.00121691,0.58012968,0.02284336,0.32324356,0.00282109,0.01912918,0.64299220,0.47316080,0.03597866,0.00877493,0.00065414,0.16912970,0.00722088,0.03657605,0.41319808,0.04782998,0.00405068,0.33269617,0.93946940,0.97959524,0.45964849,0.30980325,0.00046897,0.10333696,0.10144605,0.08454405,0.86778903,0.64513421,0.00592880,0.78679419,0.31909981,0.00783722,0.75024736,0.06058542,0.07075291,0.12582287,0.17821012,0.12776133,0.05160043,0.01240758,0.10878122,0.88079518,0.00303255,0.07001965,0.06529769,0.19219869,0.46479332,0.03462043,0.00072230,0.10295273,0.22109577,0.25117084,0.06794016,0.64066505,0.09897352,0.83222497,0.25411895,0.02810300,0.00404741,0.03632054,0.07566705,0.30131653,0.03585351,0.03782633,0.41552946,0.14409345,0.44643798,0.16771747,0.74302208,0.22097768,0.04271550,0.00494579,0.00883639,0.02129542,0.77097315,0.63717860,0.45291197,0.49822423,0.05182109,0.60118604,0.32921189,0.01177732,0.19846228,0.45521075,0.00511688,0.00186657,0.73056483,0.80059093,0.16847223,0.29307860,0.00219411,0.30089384,0.22744668,0.39196414,0.40938523,0.19616568,0.56327176,0.32930428,0.08277664,0.00083614,0.21930459,0.51389390,0.71827149,0.40894356
0.00220418,0.40703145,0.63689494,0.05176797,0.70270485,0.12212525,0.00318479,0.22644755,0.04789303,0.19113316,0.00318299,0.44037431,0.00989124,0.28690714,0.02738634,0.00405047,0.32917655,0.01994932,0.20382512,0.00481420,0.04749443,0.58089799,0.09640190,0.04408560,0.00678154,0.00064204,0.02868834,0.04510119,0.02035403,0.39288238,0.00750847,0.06191051,0.80075860,0.87654239,0.91961867,0.40045595,0.54128665,0.04042299,0.08475336,0.11778025,0.20059402,0.94112629,0.63374144,0.01050415,0.92628103,0.15546736,0.01257741,0.75534302,0.03436468,0.18907081,0.35568196,0.08744866,0.08868778,0.15380870,0.02992276,0.37103924,0.77245688,0.00138898,0.02465386,0.04148043,0.28969884,0.06790433,0.06187839,0.00271031,0.18351796,0.00668597,0.34313160,0.11206425,0.82651740,0.26688635,0.49836981,0.14840785,0.53972924,0.07695152,0.09204979,0.31974590,0.39376998,0.12592967,0.08923056,0.15434352,0.72495246,0.05367836,0.07316395,0.57314789,0.12725674,0.01463228,0.66990274,0.00461927,0.06733336,0.00708600,0.70240915,0.15527575,0.47073317,0.12003028,0.56738371,0.33880335,0.03506639,0.09461931,0.30506057,0.00720253,0.00300252,0.49827498,0.03681942,0.15425508,0.32329446,0.03873502,0.14388657,0.00849672,0.01028395,0.24624759,0.14471887,0.44336101,0.00155979,0.51498538,0.00197769,0.18508802,0.57589835,0.84587836,0.42453808
0.03297644,0.39919612,0.38803345,0.01621247,0.68926573,0.47881538,0.00543433,0.37159309,0.44077018,0.03790829,0.11808489,0.34478289,0.36848739,0.44013366,0.03124816,0.00062471,0.56596226,0.01286796,0.13781413,0.05849417,0.02608053,0.59654051,0.12532972,0.04120940,0.00108433,0.00061161,0.02700561,0.02091861,0.03877922,0.18869357,0.06203973,0.04878454,0.51683205,0.89607370,0.86419421,0.33345976,0.17339684,0.00091040,0.10667685,0.05080944,0.19390881,0.84917605,0.39365366,0.00741117,0.50740522,0.27588457,0.00894791,0.63766325,0.01184226,0.24509932,0.55730718,0.61434567,0.21819733,0.15596013,0.04044683,0.19336139,0.73031718,0.00125220,0.03033602,0.06719050,0.68524098,0.56931037,0.33602592,0.00826370,0.10208617,0.14347468,0.14278546,0.14277692,0.74107605,0.48537248,0.51899576,0.07983898,0.02617941,0.02259377,0.03078875,0.35013202,0.04222614,0.04825052,0.14182819,0.27190873,0.65160263,0.19922355,0.15470457,0.56361777,0.07260108,0.00445074,0.01662023,0.00619060,0.01672938,0.46972114,0.57403034,0.10113557,0.49615937,0.01615959,0.13155550,0.31743240,0.04003325,0.04703424,0.18289272,0.00068354,0.00318309,0.57303858,0.71757174,0.28134531,0.09193093,0.06827020,0.20508717,0.08734602,0.00646437,0.19685481,0.10631552,0.67185491,0.13450170,0.85248286,0.00064390,0.20137098,0.60432571,0.89146936,0.37560952
0.00365660,0.51780528,0.79209900,0.05043110,0.93189478,0.30023739,0.00409036,0.30557626,0.03233611,0.05039892,0.04008401,0.43136799,0.09620081,0.50539398,0.02265870,0.00429523,0.54651469,0.00325641,0.25730872,0.02426349,0.03496204,0.63168508,0.18214941,0.03277698,0.00632202,0.00077830,0.00187302,0.01149006,0.01668800,0.53146833,0.74537474,0.02180182,0.14790550,0.78206187,0.80510896,0.39481401,0.08539034,0.04305443,0.03134122,0.02489897,0.08908407,0.93408978,0.30487245,0.01744268,0.52081752,0.29422444,0.06183632,0.86649954,0.01494095,0.15365888,0.30953741,0.51459700,0.13134095,0.24540520,0.02566723,0.25545666,0.84474140,0.00153452,0.05549634,0.04120708,0.30996633,0.22249804,0.08860440,0.01666731,0.08787587,0.09647632,0.13967575,0.07629772,0.71286219,0.76115412,0.43006495,0.35045934,0.06403386,0.05575053,0.01935360,0.25687763,0.12088279,0.08706379,0.15579721,0.21327297,0.27885631,0.30263793,0.08647235,0.79595870,0.10793195,0.00219618,0.00330080,0.02113261,0.02449079,0.02174515,0.50863945,0.07100225,0.81596816,0.05552216,0.31450403,0.41693467,0.00661376,0.16725649,0.16275372,0.00232113,0.00149692,0.79554832,0.00987918,0.53000635,0.18987127,0.02659757,0.19543883,0.05094398,0.00273302,0.17606352,0.14807028,0.67573911,0.12180862,0.47433797,0.00408008,0.19154613,0.70667386,0.91646117,0.78314942
0.01342622,0.19665684,0.81031388,0.01569640,0.90585393,0.11810631,0.00570208,0.24743633,0.83831471,0.01078543,0.02066305,0.22457731,0.14917606,0.36984980,0.04243952,0.00209045,0.31566077,0.00648398,0.43505710,0.03726699,0.34261858,0.82671243,0.09482396,0.06362829,0.02233385,0.00080381,0.01295040,0.01281776,0.09482641,0.20668775,0.04336801,0.01805566,0.14757767,0.93913323,0.87893742,0.23978595,0.11748490,0.00184651,0.02377459,0.07276094,0.09818105,0.80182290,0.37343451,0.03146274,0.21941887,0.74296814,0.01574071,0.88929528,0.01555078,0.70888406,0.26388758,0.34260350,0.58489639,0.06904185,0.16167875,0.90554160,0.88770080,0.00022857,0.30763194,0.01139844,0.51377439,0.71466708,0.06987812,0.03653226,0.07207605,0.05096974,0.13422638,0.01976865,0.55679935,0.78605098,0.73215264,0.06316819,0.12638904,0.02495433,0.14413638,0.03549121,0.01410646,0.16470325,0.05752190,0.26720643,0.48629826,0.54510975,0.05376076,0.68118626,0.11881719,0.00438007,0.32764414,0.01983842,0.03752509,0.46967724,0.77880847,0.11686379,0.66423064,0.02716981,0.29313397,0.45375133,0.00976545,0.13739634,0.02328414,0.01056540,0.00602730,0.74057913,0.84375983,0.48104796,0.17757706,0.05700537,0.46855214,0.16454846,0.03976998,0.35229921,0.11024307,0.40125710,0.03830054,0.06716935,0.00771336,0.21089417,0.43351829,0.97187716,0.52422816
0.00659731,0.75596827,0.47132334,0.00555173,0.89620888,0.09250066,0.00634413,0.70594519,0.10433572,0.00998052,0.06901049,0.31370178,0.80729729,0.55119354,0.01555327,0.00788122,0.34677458,0.01994803,0.33505708,0.06175246,0.55895615,0.68081445,0.45636907,0.07284939,0.00362509,0.00073391,0.00876612,0.01174399,0.01479537,0.43899122,0.07743815,0.01442523,0.27705598,0.67537636,0.85828310,0.15444833,0.15653618,0.03400101,0.05535641,0.03714120,0.06587858,0.90119088,0.44776690,0.00846694,0.24466465,0.46313715,0.01585810,0.74472111,0.01117155,0.72808510,0.09490395,0.28208634,0.63522297,0.12340870,0.11203717,0.35274997,0.90374404,0.00026246,0.20101145,0.01770737,0.06351280,0.23639733,0.26789904,0.07391783,0.02236716,0.01861704,0.09895459,0.01390430,0.83907902,0.71572334,0.46268931,0.03261901,0.03311331,0.01196150,0.22762305,0.46848771,0.04594432,0.25469977,0.05792876,0.10326868,0.13641326,0.19298184,0.15349622,0.62620550,0.25552937,0.00283475,0.00986895,0.02103267,0.03789724,0.23867929,0.63442338,0.10313822,0.46466908,0.00906715,0.20057900,0.36822879,0.02135808,0.12057174,0.05020280,0.00268449,0.00981667,0.60711163,0.05354923,0.44518176,0.24915133,0.01651289,0.23213635,0.09335385,0.29917330,0.29084200,0.16702913,0.47397238,0.11908838,0.19925123,0.00275879,0.10479690,0.61151534,0.95232797,0.30993712
0.00802821,0.44377220,0.56241256,0.01751096,0.97338319,0.09990676,0.00362446,0.96107179,0.48070267,0.00532360,0.01589401,0.58522576,0.18415250,0.41417167,0.05187596,0.00625494,0.31901172,0.02645519,0.76107913,0.02162448,0.03398522,0.77305382,0.29166505,0.14628166,0.00259308,0.00091367,0.01641900,0.00526558,0.00821191,0.22957008,0.05310642,0.01930367,0.09188880,0.87076831,0.58435196,0.54779947,0.09310746,0.01330093,0.23129821,0.06675893,0.14509094,0.93276471,0.27678820,0.04151529,0.28007329,0.09448117,0.00902424,0.92370409,0.00818376,0.09871657,0.37749884,0.12151194,0.49107784,0.21315949,0.00573598,0.58951074,0.60027993,0.00035944,0.42194369,0.01309941,0.86270756,0.59248996,0.19037338,0.01666781,0.02824906,0.01311375,0.05156662,0.01545942,0.41673705,0.71279281,0.27716118,0.03113846,0.05186183,0.00724890,0.02979667,0.74893188,0.05954288,0.12197124,0.04021679,0.07115577,0.67138118,0.03902652,0.08979293,0.74781740,0.33758378,0.00458802,0.04227255,0.02152541,0.04643287,0.56550109,0.71705461,0.17232698,0.17840476,0.00649594,0.08343919,0.78027129,0.01143554,0.26604393,0.01980606,0.00111277,0.04416394,0.47769555,0.45714587,0.06617615,0.17416412,0.05714136,0.22882377,0.02619112,0.04149666,0.14731026,0.18047877,0.28917018,0.11921116,0.16620132,0.00113039,0.23234175,0.71804488,0.92778295,0.55910528
0.00908846,0.11585180,0.34157106,0.00744953,0.53012919,0.20222367,0.01484522,0.47599140,0.18831894,0.06621395,0.05596764,0.25529245,0.28256068,0.20095129,0.19660795,0.00519611,0.24880160,0.02880934,0.66858596,0.06378327,0.02718155,0.58954597,0.32273814,0.15304613,0.00200278,0.00113832,0.02925869,0.05396961,0.08187506,0.40017653,0.03860072,0.03950644,0.31601173,0.67152166,0.69306725,0.62281787,0.05660741,0.00451710,0.14461482,0.09011836,0.45051640,0.38259313,0.20367682,0.06222229,0.42047462,0.16211379,0.04602870,0.25867891,0.00862366,0.08912010,0.25095472,0.70675749,0.17711151,0.26286498,0.02621181,0.32267496,0.26553974,0.00112601,0.04809337,0.01374911,0.48966041,0.34794229,0.26699671,0.01432796,0.14785486,0.02730781,0.64152324,0.02060075,0.52674085,0.66417825,0.30632731,0.14018266,0.04820934,0.01193662,0.02704067,0.43542767,0.08078413,0.14872378,0.18095613,0.41815111,0.66785067,0.11842456,0.18358245,0.36471018,0.14451499,0.02002795,0.04163075,0.09154444,0.03681344,0.29173359,0.62604791,0.03004897,0.22964591,0.04191665,0.02405296,0.42220455,0.01446414,0.17165515,0.34751099,0.00376881,0.09124923,0.54071784,0.34722373,0.19637826,0.50316769,0.09052457,0.27839127,0.04291438,0.02669345,0.23098709,0.18440288,0.40444875,0.04226821,0.41318449,0.00144154,0.52080762,0.60998118,0.25572813,0.44844037
0.01044073,0.20299695,0.55435777,0.00712215,0.56414187,0.18785247,0.00877152,0.50251532,0.23293220,0.04422440,0.07181113,0.34517589,0.43170869,0.20609875,0.17148237,0.00749327,0.30034247,0.01474105,0.68873322,0.03103840,0.03022431,0.62860763,0.18388510,0.25245839,0.00264771,0.00162075,0.03438659,0.02870616,0.03435815,0.29547176,0.03809772,0.02899060,0.35056433,0.80003136,0.76262558,0.46125957,0.04764239,0.00481537,0.15842003,0.12173583,0.49642524,0.57389796,0.20988213,0.05701702,0.44181055,0.11275018,0.03483456,0.31828821,0.01631957,0.13309722,0.31261358,0.62879187,0.14896773,0.16451937,0.06058858,0.56265998,0.37181127,0.00095328,0.04330128,0.01958118,0.51864612,0.21165599,0.36629665,0.00852144,0.17411269,0.01941336,0.52009517,0.03198644,0.44556755,0.59805071,0.38606358,0.25486529,0.07089408,0.01570478,0.02723799,0.34372425,0.07469118,0.09456153,0.12148085,0.31971997,0.63744962,0.05444395,0.14032017,0.35183403,0.24625884,0.02733117,0.04678750,0.09061950,0.04163134,0.32832298,0.52720147,0.03409466,0.18420571,0.05103270,0.03061043,0.37649927,0.01717057,0.27468410,0.37172234,0.00195474,0.04915778,0.49999955,0.31195843,0.28927973,0.50021029,0.10667288,0.27588210,0.03224165,0.05502458,0.20059822,0.12948875,0.33907914,0.03025303,0.63989711,0.00321389,0.54828227,0.62533623,0.27702031,0.36173818
0.08338008,0.03501628,0.26125422,0.02026158,0.00798097,0.54298240,0.00206683,0.60598063,0.84072572,0.00477301,0.01054820,0.09457627,0.93378800,0.14760853,0.23843069,0.00711761,0.05723018,0.10054729,0.68274957,0.00520973,0.00267755,0.68836772,0.66466230,0.71077675,0.00011118,0.00098568,0.00648196,0.00626881,0.00707232,0.06238610,0.00523520,0.00330918,0.17069089,0.57665265,0.94731879,0.19857430,0.03801244,0.00145278,0.61534387,0.22619949,0.40942201,0.69150996,0.74042088,0.20731990,0.25032350,0.32811859,0.02470412,0.34089908,0.00977985,0.00894749,0.19649941,0.87583905,0.92779601,0.38344559,0.00255168,0.95869774,0.03622101,0.00005947,0.03996448,0.08668283,0.94346637,0.76229984,0.11100126,0.00003391,0.14776318,0.00206535,0.49138004,0.05587902,0.65585309,0.96603835,0.95810956,0.08716335,0.23788302,0.00138232,0.00164216,0.55912614,0.14234371,0.02006507,0.03573013,0.33563101,0.60737485,0.00209445,0.01038834,0.00880551,0.34434026,0.01356708,0.21112871,0.99879420,0.02903536,0.96117175,0.45155725,0.01588972,0.04107073,0.00615655,0.07641403,0.05376817,0.01000003,0.57821923,0.58989662,0.00345129,0.18544294,0.79412341,0.94368470,0.33328155,0.87357134,0.00368802,0.03108026,0.00243946,0.37130925,0.38667881,0.59512335,0.78748643,0.00131907,0.69929743,0.00070277,0.60094744,0.92752802,0.35089046,0.59863889
0.01075451,0.01427061,0.27692294,0.00062610,0.00000010,0.68345028,0.00063222,0.59730732,0.00366301,0.07775511,0.64413130,0.71986562,0.00168771,0.17528859,0.19412182,0.00082220,0.01558845,0.05435183,0.70447564,0.00202746,0.02129265,0.71869624,0.56885564,0.70302594,0.00001093,0.00032871,0.00435054,0.00138191,0.03518170,0.52160215,0.03748465,0.02558315,0.47107455,0.59892946,0.93515223,0.42914659,0.13195156,0.35058224,0.47903252,0.20279169,0.50056946,0.55063474,0.54009515,0.05546930,0.62758934,0.26651171,0.04515621,0.37304726,0.01217045,0.00142122,0.59117991,0.67327577,0.00147435,0.74841547,0.00678788,0.39842734,0.13510150,0.00005539,0.00812434,0.04072985,0.99151933,0.02688363,0.06133054,0.00008060,0.35992053,0.17673799,0.66150224,0.05528584,0.89885879,0.98644644,0.94082308,0.95268786,0.02844659,0.36803138,0.00023747,0.92537808,0.78939009,0.01534271,0.04086784,0.00025735,0.95645565,0.03318691,0.16835390,0.02426438,0.93572408,0.03809264,0.00447174,0.98732477,0.02733936,0.00247523,0.80729216,0.00891782,0.79472166,0.00778515,0.06857038,0.04431349,0.01788221,0.77698451,0.46352094,0.00000995,0.27136642,0.86134851,0.00008215,0.47858518,0.87208408,0.20278674,0.06025065,0.01638258,0.10143722,0.57920909,0.62407970,0.90499347,0.24569820,0.95020014,0.00061350,0.23647803,0.95815462,0.23584865,0.57713389
0.04249877,0.00219238,0.36752951,0.00011362,0.00000458,0.57629102,0.00057587,0.71522444,0.85946542,0.70986652,0.00979515,0.30112997,0.56454861,0.26786223,0.13036481,0.00009720,0.09684426,0.04667039,0.52848727,0.17692700,0.35756889,0.58247077,0.07423715,0.48448014,0.00013187,0.00473122,0.00183347,0.00707722,0.04765350,0.02567437,0.69440264,0.56843090,0.50246501,0.55769783,0.70872122,0.56317592,0.18888593,0.00025400,0.15403141,0.27156493,0.23856090,0.51536715,0.55851150,0.11530710,0.70609605,0.07094855,0.02367839,0.56415606,0.02786241,0.01272157,0.48170722,0.00011089,0.78534770,0.31820714,0.00185302,0.07459087,0.61081803,0.00123032,0.00687527,0.09231354,0.08967678,0.86748546,0.19281460,0.00002200,0.26147744,0.00220261,0.36772671,0.09999005,0.41246492,0.30863664,0.72659278,0.21223311,0.02519066,0.00002272,0.00671668,0.22447997,0.07053446,0.00417588,0.04935541,0.37931600,0.95162010,0.66748136,0.29755169,0.06546532,0.76286811,0.13748270,0.29421344,0.97063810,0.05776449,0.97042531,0.70466214,0.00579471,0.00354772,0.06916378,0.19567373,0.17527586,0.11881144,0.70444226,0.60238570,0.12305930,0.48676348,0.89605665,0.98293948,0.58931810,0.85492456,0.38405937,0.05922508,0.13162571,0.00794016,0.67573339,0.77460825,0.84903556,0.03909653,0.86038637,0.01053299,0.22633497,0.54569268,0.42582741,0.38585263
0.04824475,0.15069759,0.24908118,0.02020024,0.00045421,0.45831814,0.00180275,0.60676628,0.01813198,0.01849496,0.00824538,0.06528942,0.88520181,0.19063649,0.21119307,0.05727752,0.31528547,0.12215512,0.48982692,0.35846391,0.15456355,0.66603172,0.02755443,0.13619392,0.00453190,0.07958964,0.00387289,0.00092123,0.22256579,0.27988294,0.43567583,0.20639282,0.42789936,0.66712320,0.67244041,0.45724866,0.05267622,0.06547244,0.04593462,0.38356426,0.21673542,0.13433348,0.44108704,0.10617461,0.40737283,0.12888612,0.04400124,0.52540272,0.18426253,0.17034866,0.09793923,0.00023877,0.02359878,0.45936686,0.00908408,0.92427963,0.45394760,0.00637812,0.01422471,0.06522970,0.02172812,0.01627656,0.04109288,0.00055790,0.18286602,0.28271371,0.45700845,0.24607636,0.10419559,0.08105046,0.66922146,0.41710743,0.06944592,0.31565636,0.00085557,0.02395776,0.00194267,0.00521814,0.11612294,0.69625551,0.69833553,0.77024198,0.00203038,0.12955022,0.75675160,0.47202659,0.00621892,0.75842249,0.80924380,0.01339451,0.42017922,0.03232555,0.07110343,0.02440568,0.19087839,0.11753622,0.10101321,0.74532968,0.59009510,0.00747889,0.28196982,0.88424194,0.00021342,0.29829657,0.76125687,0.05384349,0.69193250,0.61066502,0.00296426,0.60892373,0.70165879,0.93624979,0.00165641,0.02958533,0.03964454,0.42749619,0.01448266,0.55532104,0.61283326
0.14680643,0.08067593,0.35719922,0.12126961,0.00422479,0.06900880,0.00364778,0.68945903,0.75243938,0.11380345,0.34963515,0.10565598,0.01421626,0.13562436,0.14663425,0.05712592,0.17035186,0.05924484,0.61344194,0.03265008,0.13009617,0.80490166,0.18094753,0.34817347,0.05812844,0.03783968,0.00750777,0.00173191,0.00223032,0.03568411,0.00105313,0.00239221,0.18155469,0.78653699,0.80385387,0.39896205,0.25100124,0.00135526,0.14841338,0.24707049,0.33692980,0.21359004,0.31888238,0.09867698,0.66046226,0.55955535,0.06831580,0.52091622,0.09086456,0.27334177,0.05041932,0.26615781,0.64843899,0.00244151,0.08613447,0.15303186,0.67914081,0.00904564,0.09484632,0.12877521,0.11642476,0.83878249,0.09386894,0.00155105,0.34609884,0.00235563,0.65713286,0.14758262,0.37823516,0.17782548,0.70472038,0.58080000,0.01289241,0.00005619,0.00897303,0.00891058,0.02968244,0.03020095,0.04895135,0.27478582,0.01842961,0.27437288,0.00955272,0.22294177,0.58713585,0.48031792,0.00833722,0.49528015,0.36623672,0.86180848,0.45428360,0.01762393,0.01665243,0.02437716,0.14108053,0.15785924,0.05958882,0.69449139,0.57525504,0.00847699,0.25575724,0.74318391,0.95754826,0.28656194,0.59216309,0.04947970,0.56228048,0.05974440,0.07720993,0.25418437,0.41385216,0.70766848,0.28916761,0.00139001,0.01696635,0.42807239,0.21697231,0.39054319,0.24286820
0.00992670,0.29072338,0.57726824,0.04421422,0.06766563,0.01656567,0.00627942,0.68760979,0.01739334,0.12332572,0.00128602,0.19352676,0.04615510,0.19191620,0.14791229,0.06416204,0.36949596,0.05833808,0.59058267,0.01944088,0.00018249,0.68172836,0.24772348,0.26233134,0.01515822,0.00185840,0.00500055,0.00484606,0.00659598,0.21831764,0.00004882,0.00023064,0.14545731,0.71274006,0.74472964,0.52590692,0.09620028,0.03449338,0.16438878,0.14144473,0.55356556,0.25654531,0.51816982,0.11129946,0.71246946,0.25821736,0.08849514,0.75253755,0.03796131,0.15853934,0.20999119,0.86865121,0.02420142,0.00016420,0.07071019,0.16538048,0.78607959,0.00142296,0.07940345,0.04257602,0.73332733,0.02187523,0.22997983,0.00205307,0.40212327,0.11898249,0.54782116,0.05558569,0.58986139,0.64793181,0.69776380,0.26575354,0.23699646,0.49182937,0.01972765,0.40343204,0.47282881,0.01417496,0.21920219,0.25984147,0.20789248,0.14359368,0.01557373,0.29948735,0.71979547,0.10247720,0.22780704,0.25480601,0.28238678,0.01364585,0.50294483,0.10244066,0.33055037,0.06200625,0.06228925,0.16267525,0.13190241,0.69600415,0.43714127,0.00030651,0.29162416,0.59507757,0.00105308,0.21742955,0.62673789,0.04352437,0.33446780,0.00171494,0.51053637,0.17535236,0.60775965,0.54616457,0.00317388,0.38324603,0.01390309,0.38203108,0.71687555,0.29509953,0.50254965
0.04157074,0.12069175,0.40289500,0.00350257,0.17848073,0.12831084,0.01554523,0.65866923,0.39390925,0.11334894,0.04141311,0.21301131,0.54874355,0.39023039,0.13639806,0.00307326,0.52117199,0.01417889,0.62524837,0.01860067,0.00001536,0.52688754,0.29441875,0.19097297,0.00215269,0.00019049,0.00306747,0.00730824,0.06627350,0.25328684,0.05574529,0.09075212,0.17230204,0.73226112,0.69654566,0.46505240,0.09063620,0.00479598,0.18698689,0.14743775,0.56795460,0.27564850,0.52498037,0.17645365,0.31390747,0.03840240,0.03362255,0.35075304,0.02507040,0.08526261,0.22103690,0.76724547,0.33254641,0.00281729,0.07600808,0.54227561,0.40010419,0.00099116,0.13320810,0.01596756,0.78552020,0.42283654,0.25223258,0.00557358,0.30355382,0.00432487,0.39257005,0.01924199,0.56858820,0.81608975,0.35743842,0.21244751,0.08942529,0.00016642,0.01346119,0.72737253,0.24039419,0.06829899,0.31131765,0.53083068,0.74260402,0.09991354,0.43899506,0.29649377,0.20004848,0.04921442,0.04168149,0.24372888,0.19933537,0.60701048,0.70368165,0.08276352,0.10248639,0.05906378,0.00689678,0.18393396,0.02004977,0.23359351,0.25891873,0.00022289,0.09308881,0.57218564,0.77495050,0.45446169,0.33104846,0.02645512,0.19385920,0.01448602,0.06118245,0.40691987,0.11152838,0.54968917,0.00766111,0.90977901,0.00054930,0.58627015,0.75681287,0.37521684,0.55398673
0.37611568,0.35882160,0.52093357,0.00123460,0.14462249,0.17066067,0.28551140,0.69784790,0.00500895,0.22777420,0.46776885,0.85607153,0.00243477,0.27308241,0.19448256,0.00102883,0.72484308,0.00181419,0.45152447,0.01482234,0.00102206,0.72755623,0.02468956,0.24131912,0.01804800,0.00100127,0.00220085,0.02789412,0.73858279,0.69628739,0.86851490,0.87631965,0.30162114,0.58782393,0.55328131,0.34622616,0.01994316,0.07219493,0.08259778,0.12262634,0.50060475,0.28927654,0.39651090,0.04044425,0.49729502,0.04990821,0.05912818,0.64711821,0.05493981,0.31209147,0.32193205,0.01539064,0.01520596,0.02607943,0.10697160,0.10350981,0.70651090,0.00206720,0.10439318,0.00757199,0.18506192,0.02156065,0.20659430,0.02953838,0.28088593,0.62185109,0.42771885,0.01610136,0.41444334,0.14170700,0.26982734,0.45675924,0.00026898,0.39673951,0.03562203,0.34791738,0.04680567,0.12152579,0.77100039,0.41085383,0.80280972,0.37817803,0.51156414,0.26598498,0.28816378,0.03036434,0.00130383,0.21022940,0.25387409,0.00832598,0.44069558,0.18332699,0.26941735,0.22764204,0.00138886,0.16785160,0.09067478,0.26547822,0.15030774,0.00193838,0.10557470,0.51647824,0.00032511,0.50342017,0.38375667,0.66283679,0.29148653,0.38308507,0.00005302,0.39776564,0.07142276,0.74355930,0.58650929,0.76485741,0.00061991,0.59146357,0.26789832,0.53258449,0.76266533
0.95340484,0.05585667,0.46833560,0.04419696,0.29706147,0.10980128,0.56314510,0.54062361,0.73201573,0.69792640,0.00214326,0.00813903,0.52543455,0.13975815,0.26358935,0.03355585,0.51934165,0.00186781,0.30930701,0.82531011,0.02975195,0.69704586,0.08455005,0.21282604,0.07551437,0.00486115,0.02344935,0.19306716,0.23615536,0.01007129,0.54571593,0.05836092,0.14895315,0.82259548,0.55890608,0.33190066,0.03514322,0.00033179,0.06076058,0.10853798,0.41407591,0.35100698,0.33306158,0.17750767,0.18171668,0.41152591,0.06034872,0.73250794,0.06741810,0.26044878,0.03066506,0.00014544,0.54984182,0.03148738,0.32587823,0.25817683,0.44495380,0.07681023,0.06949101,0.00627707,0.00093504,0.82594442,0.37024027,0.07546919,0.52995372,0.00068799,0.59414399,0.03270918,0.35688773,0.00731877,0.26718584,0.19225249,0.47851145,0.00002184,0.23199287,0.00398558,0.00003067,0.14041907,0.54426193,0.78831840,0.21802852,0.36141041,0.09993099,0.24926785,0.09861317,0.00237228,0.46283692,0.28712007,0.01732981,0.83288968,0.61687261,0.08103523,0.01526967,0.82135606,0.00004719,0.06781490,0.13001718,0.06428083,0.22947173,0.04536662,0.04930745,0.33157152,0.97946042,0.67234987,0.30884695,0.43427074,0.61039215,0.24856873,0.00013092,0.39389747,0.62073296,0.66403705,0.00513000,0.01497861,0.01425241,0.63940197,0.04598481,0.68461615,0.83563864
0.92586434,0.18697031,0.12730978,0.53237468,0.35599887,0.10242303,0.49518397,0.44854242,0.00737249,0.00520770,0.22255829,0.90013325,0.95364285,0.12694807,0.09745893,0.53155303,0.58510923,0.00095354,0.66508085,0.07979041,0.07547609,0.59821868,0.65489191,0.38151431,0.03063237,0.00830980,0.51500499,0.25508428,0.03155003,0.63654053,0.00155603,0.00000893,0.04172884,0.76714540,0.51858228,0.39396572,0.00601299,0.09820936,0.20719410,0.36546034,0.89141876,0.30836689,0.52570117,0.15226580,0.29796860,0.76068008,0.04045296,0.70243770,0.16538118,0.57174784,0.02973763,0.00722747,0.02115678,0.03729054,0.26344642,0.98770702,0.26369286,0.01159115,0.03689356,0.00495499,0.26678514,0.00783957,0.04040156,0.04012696,0.45582241,0.59048188,0.22368771,0.00545945,0.22155996,0.42211142,0.17944399,0.53918940,0.00944210,0.62961507,0.32398829,0.05063257,0.02893526,0.12141435,0.48584205,0.82500625,0.01412886,0.23725553,0.00721654,0.27178851,0.07533393,0.00116128,0.00619680,0.33881554,0.01740311,0.01369403,0.52475876,0.19100402,0.59896994,0.31428742,0.00000076,0.03228972,0.00774188,0.10194045,0.04366949,0.03061073,0.04084378,0.58204269,0.00048342,0.82616538,0.42177546,0.00197184,0.69151628,0.37697643,0.40359136,0.40574586,0.57289207,0.70307237,0.00433466,0.00166174,0.00589100,0.81023139,0.58041418,0.44334269,0.93679070
0.99988800,0.13230416,0.27095404,0.04648560,0.18409851,0.00104399,0.06501975,0.34565511,0.97780401,0.92744446,0.94525957,0.01878933,0.00051719,0.28929138,0.11302863,0.11815659,0.41713360,0.00124571,0.75802249,0.00003794,0.04145657,0.72990203,0.98768896,0.46249384,0.02505879,0.00000424,0.40741339,0.32412779,0.00463264,0.36825454,0.00225016,0.04043036,0.00677206,0.57437319,0.68538284,0.16350175,0.00290946,0.00013672,0.11132237,0.39697793,0.91359782,0.30568546,0.40127674,0.27747101,0.38491657,0.29971793,0.02524808,0.74554741,0.00077910,0.26122299,0.47152767,0.88700694,0.84904724,0.00008625,0.23998140,0.02386106,0.10120689,0.00081011,0.09517433,0.00013609,0.97679222,0.96338594,0.04664020,0.14723426,0.86670113,0.00012219,0.28665447,0.00890182,0.51224136,0.88978708,0.08391025,0.24766505,0.00121250,0.00000581,0.07117691,0.17968436,0.88278967,0.63538706,0.69461679,0.72908950,0.17873162,0.10171714,0.01269573,0.21478243,0.10423698,0.00183800,0.00272749,0.06327420,0.00032313,0.95480067,0.74873292,0.06487231,0.00210959,0.16833737,0.00000163,0.01620424,0.00398282,0.05580986,0.02166020,0.01880301,0.01215074,0.25949532,0.99234974,0.93239504,0.52445585,0.00867795,0.21623562,0.00036644,0.25953785,0.48899958,0.59506357,0.62178773,0.69104820,0.04677248,0.00776324,0.82141083,0.90324801,0.62714946,0.95818675
0.01224216,0.20817511,0.12486022,0.00003175,0.30582061,0.00480262,0.01514179,0.41293341,0.00122819,0.17967153,0.00029860,0.87596971,0.15238674,0.28514585,0.02624421,0.00031796,0.40650874,0.00083719,0.81945556,0.20624730,0.00922595,0.60570687,0.55552977,0.58888870,0.00001782,0.00002994,0.21691100,0.42864022,0.05679994,0.22258182,0.48929068,0.87137192,0.01003643,0.45917410,0.87686503,0.13989726,0.00284756,0.85497874,0.13469467,0.55785418,0.93484318,0.17561258,0.44621670,0.24476494,0.30702621,0.05907074,0.01010134,0.64905035,0.00010229,0.12674531,0.87664777,0.95343345,0.00440058,0.00070888,0.20984270,0.93588066,0.02316304,0.00001044,0.12239208,0.00019654,0.97990233,0.00085981,0.57972276,0.01377463,0.20314211,0.02004621,0.09112897,0.00164094,0.75461608,0.99702615,0.02057847,0.67742932,0.81681132,0.73099321,0.03267284,0.99085653,0.37373617,0.71828979,0.42769149,0.75224185,0.99597031,0.05239113,0.01703145,0.51485175,0.11369096,0.00007894,0.86157167,0.21071602,0.00068965,0.00278780,0.61326861,0.02283566,0.72307199,0.21471071,0.00000481,0.02578866,0.00099068,0.08732881,0.00149680,0.00041478,0.00549184,0.23893407,0.00007939,0.90330833,0.58027107,0.91536063,0.08191185,0.00128363,0.05567492,0.86254162,0.06632857,0.54513717,0.00000767,0.99304062,0.00087309,0.88266003,0.82872784,0.62471026,0.99725235
0.01931396,0.36647737,0.00568925,0.00014451,0.07098380,0.66314316,0.00327624,0.19936693,0.97285610,0.08810984,0.96007007,0.23793513,0.99788767,0.31473470,0.00420802,0.00003822,0.33255938,0.00010471,0.88156229,0.72563666,0.02789636,0.38189834,0.13859479,0.70217484,0.00000555,0.00006773,0.32692477,0.21501765,0.54520178,0.74355990,0.91351467,0.23786411,0.01472654,0.31201395,0.81257004,0.16949610,0.00223005,0.00007758,0.04903873,0.52230436,0.76617402,0.09506838,0.36033338,0.02092018,0.01215186,0.04274094,0.04187218,0.09680047,0.00059951,0.11507992,0.14907300,0.97848767,0.98838443,0.05781595,0.04757058,0.99650377,0.00328736,0.00001374,0.26727366,0.00037162,0.57005066,0.99223596,0.24253553,0.15441711,0.05911863,0.00246308,0.11077634,0.00129612,0.65696430,0.96966416,0.01886260,0.30906919,0.00028489,0.00002258,0.04270820,0.55420583,0.00008725,0.64879411,0.07168668,0.76504099,0.90741760,0.20521787,0.92347306,0.58634967,0.00314991,0.00010226,0.00002491,0.07254250,0.00290652,0.99802363,0.73057663,0.02213824,0.03478386,0.06645314,0.00000694,0.09684908,0.00018099,0.02040816,0.00013623,0.00007523,0.00018620,0.70197093,0.98297966,0.93263966,0.48874101,0.23041019,0.12683567,0.93334645,0.00116683,0.88612992,0.06968275,0.34343612,0.85990483,0.92027396,0.00010355,0.90410721,0.35415909,0.78591329,0.99994111
0.09226872,0.99978220,0.86876643,0.11623122,0.49887198,0.28936514,0.00304195,0.22923252,0.85821909,0.01717594,0.00324467,0.49254623,0.95407206,0.16264701,0.36014798,0.03195808,0.10363331,0.09944253,0.84336680,0.12065612,0.00207636,0.14067923,0.87423879,0.01667092,0.00030489,0.00009498,0.04111639,0.06034137,0.00728663,0.05417266,0.00413436,0.07121818,0.39689019,0.55996490,0.54368496,0.31301942,0.05320749,0.00059898,0.17790869,0.21216474,0.90072668,0.73377705,0.89501768,0.43826562,0.47831705,0.43893582,0.14474219,0.32991478,0.01210805,0.01387860,0.53596354,0.68618482,0.93058372,0.08306841,0.00715690,0.98073387,0.32360461,0.00008782,0.06054157,0.05533337,0.76153284,0.58559227,0.01776691,0.00000344,0.04857536,0.00527699,0.46564063,0.07094447,0.47180718,0.91201669,0.56011742,0.00144423,0.44816121,0.00080191,0.00260651,0.66446638,0.07084324,0.00071961,0.05042224,0.42834926,0.66430873,0.00536640,0.29304588,0.06442907,0.04456853,0.09879956,0.33546937,0.00985630,0.51228201,0.98633593,0.57484102,0.02480098,0.04908504,0.01559086,0.07587136,0.07217781,0.00560988,0.85591012,0.25364515,0.00139414,0.04509951,0.95246583,0.92919493,0.22773229,0.13126150,0.00256362,0.10827689,0.00131870,0.55713189,0.39110816,0.56641984,0.00136009,0.00329978,0.85869551,0.00031275,0.63339704,0.75559044,0.66902280,0.06692299
0.02489124,0.99941427,0.58500987,0.00028882,0.77779031,0.20409177,0.00021817,0.40888408,0.00539201,0.03186086,0.84280539,0.91229808,0.09836592,0.75305909,0.41447937,0.00103090,0.17135724,0.03725978,0.92166543,0.00642469,0.00403861,0.37888387,0.72290295,0.04427354,0.00158444,0.00127223,0.01018632,0.01451927,0.00771946,0.81391001,0.14974774,0.02485640,0.31719029,0.12382272,0.29147273,0.15576445,0.13854544,0.32272711,0.10654247,0.20952445,0.77565330,0.73805779,0.84165329,0.22480537,0.80869895,0.71335155,0.13210888,0.35416022,0.00786176,0.06462909,0.30097798,0.92663658,0.00682021,0.46601588,0.01702100,0.03551534,0.34059557,0.00001614,0.02037149,0.10168326,0.97888052,0.04902007,0.00739388,0.00000586,0.34030032,0.11991058,0.55268419,0.07362248,0.37169611,0.96235436,0.26560888,0.00653884,0.00022482,0.36902669,0.00150659,0.99138731,0.65580988,0.00086916,0.02962231,0.56886929,0.97296613,0.06804954,0.61737424,0.04503362,0.08712343,0.18996516,0.00172139,0.05035671,0.22066984,0.02020796,0.70561397,0.09726381,0.43248755,0.00789083,0.03470200,0.08502327,0.05517690,0.76074910,0.18404649,0.00023698,0.20933805,0.97056025,0.00665755,0.26948109,0.22614193,0.34665784,0.11398041,0.44664204,0.00176054,0.40222570,0.68033487,0.00130303,0.16072732,0.92453414,0.00025910,0.53795600,0.87190908,0.72832072,0.02467760
0.10918557,0.98456860,0.75668287,0.00058363,0.47724813,0.47267938,0.00182281,0.71131855,0.88894814,0.69549274,0.00512916,0.02203128,0.13848567,0.72493994,0.48560867,0.00009835,0.08581905,0.02544749,0.91087282,0.57989818,0.01805092,0.45004675,0.13264449,0.15397181,0.11587998,0.01192250,0.00985755,0.87849367,0.11238553,0.04459478,0.40641049,0.27304253,0.69235587,0.08542684,0.81213760,0.31393310,0.03444621,0.00022614,0.07543676,0.14238659,0.88265228,0.99493450,0.62315685,0.08473485,0.53517455,0.22840166,0.06762731,0.17253825,0.01419189,0.02492287,0.26565787,0.26673457,0.87076211,0.62853640,0.02891112,0.12368353,0.33887610,0.01204757,0.00607308,0.04041070,0.83667922,0.95227021,0.04273511,0.00003843,0.53430974,0.00025248,0.43010589,0.61936510,0.83998960,0.91432101,0.32840034,0.00339420,0.52711320,0.00183603,0.00487368,0.02085314,0.11808294,0.00110285,0.09897558,0.36550492,0.82555473,0.25742745,0.77802169,0.07238351,0.18067703,0.23217982,0.54211807,0.00857167,0.06723695,0.95583242,0.85151517,0.04004982,0.02639437,0.03810680,0.08581896,0.05019017,0.11186205,0.64046323,0.46021733,0.00235480,0.12360588,0.87325299,0.93808472,0.24712896,0.72254974,0.58229178,0.28799370,0.36047840,0.00001900,0.56814164,0.30875188,0.00019377,0.09880991,0.00168478,0.00148491,0.18061782,0.15842584,0.81886649,0.04565138
0.03100912,0.59703279,0.40291438,0.01831794,0.66804433,0.41692740,0.00350433,0.55042857,0.00096986,0.00256458,0.00339391,0.89739466,0.94480306,0.09449145,0.14400607,0.00021343,0.30730936,0.04211603,0.76818734,0.24251728,0.17065080,0.58581620,0.00133243,0.21808332,0.01474252,0.02578379,0.47417498,0.39079478,0.78252494,0.55640686,0.02513717,0.02774394,0.48851272,0.27951604,0.49746633,0.31369060,0.11651505,0.17542341,0.20640351,0.21544123,0.91288710,0.99944091,0.36383465,0.08349560,0.38055277,0.12607212,0.08585995,0.20421119,0.22684990,0.03272105,0.00329346,0.09999116,0.00864178,0.82406771,0.10680283,0.97742993,0.47789204,0.00391666,0.07171306,0.14789037,0.46007687,0.01131108,0.08223539,0.00036862,0.06296743,0.59804720,0.29388949,0.32156011,0.50046539,0.56558114,0.40995869,0.06584135,0.03740717,0.46889922,0.00316760,0.00323375,0.00349913,0.00090673,0.07005710,0.55329329,0.05885574,0.26172614,0.67226177,0.19758488,0.07119882,0.16873141,0.03488304,0.02794124,0.70037591,0.00564817,0.72581208,0.01956024,0.31088179,0.15437283,0.09146154,0.22728708,0.08141699,0.55937058,0.25760671,0.00160357,0.30627766,0.95021814,0.01213444,0.17367943,0.71070808,0.03519791,0.52748555,0.27898514,0.74556488,0.19490112,0.71293175,0.00071110,0.00250511,0.02083683,0.00146430,0.40536848,0.29676998,0.46192044,0.09208775
0.08665988,0.35317621,0.57662892,0.04893016,0.27224565,0.00715212,0.00888393,0.39490223,0.85000026,0.09935126,0.55386943,0.02763998,0.01204090,0.34943381,0.28219125,0.00727607,0.36069244,0.03284027,0.77789778,0.00005303,0.38285115,0.65037662,0.27113798,0.19503133,0.06622805,0.00939758,0.19270043,0.18355791,0.03290381,0.25055841,0.00649308,0.03135363,0.46202275,0.41966662,0.73540521,0.27869084,0.48318994,0.00042077,0.33909643,0.32720214,0.74456936,0.99826193,0.35838300,0.11359587,0.60563332,0.45178261,0.05771782,0.43225676,0.07483576,0.14008470,0.01257194,0.49271429,0.89455014,0.38231388,0.09053838,0.03941421,0.58600891,0.01169428,0.04710951,0.13907084,0.00967609,0.88398552,0.52227169,0.00086040,0.06770067,0.00097190,0.64290899,0.24508418,0.69284499,0.09690711,0.34655461,0.04662704,0.00700703,0.00017673,0.01018786,0.16071329,0.22834747,0.03775380,0.12043034,0.69061542,0.03241844,0.32554081,0.32083920,0.24683510,0.04141317,0.25969604,0.00525342,0.00883788,0.30914238,0.91237938,0.51985735,0.10545112,0.02500870,0.24171433,0.10577077,0.20627879,0.02509076,0.53887188,0.44709301,0.01196236,0.13255796,0.90848929,0.88400573,0.25260994,0.38668230,0.00164713,0.58043551,0.00629440,0.35052374,0.18039998,0.63958693,0.00217185,0.42848951,0.13899881,0.00154344,0.28680173,0.34477684,0.36730173,0.11305784
0.02220071,0.23985574,0.55551803,0.03838830,0.41914842,0.00793766,0.01500659,0.38692355,0.00270750,0.17711419,0.00132299,0.34005210,0.01487200,0.38399434,0.34996265,0.11485808,0.79102826,0.02713320,0.69354641,0.00371720,0.03805356,0.56361967,0.44311285,0.13421492,0.00016378,0.00126028,0.05139807,0.16290016,0.00586468,0.18409358,0.00527614,0.02199346,0.34638107,0.40205306,0.59730476,0.48141119,0.26984826,0.12564115,0.10399134,0.09858961,0.66681135,0.98914671,0.23402065,0.05024467,0.82270664,0.14528392,0.01919727,0.58232403,0.03895887,0.11688159,0.26538095,0.35768491,0.00552814,0.32541448,0.13459721,0.07425400,0.63816267,0.00039954,0.06239790,0.03391156,0.21602258,0.01727788,0.46098134,0.00156044,0.12134703,0.22339559,0.57114381,0.23286980,0.31555197,0.32377285,0.31800669,0.04854025,0.42138952,0.34980530,0.00966539,0.77291697,0.45853084,0.02242437,0.25927514,0.63346517,0.55630356,0.09157758,0.01647248,0.38270047,0.15371585,0.15286323,0.44486859,0.04548783,0.16079745,0.00562193,0.55217963,0.10246950,0.23530690,0.15368147,0.10191081,0.23219237,0.09763504,0.58973783,0.12553865,0.01654907,0.10932130,0.90599656,0.01401733,0.16390157,0.40120170,0.02663701,0.33135548,0.00097301,0.00260299,0.30773062,0.54840219,0.00919817,0.00117713,0.87401849,0.01802745,0.25434631,0.71671158,0.31575567,0.16206539
0.00861895,0.26700968,0.40031254,0.01244987,0.27181926,0.11425761,0.02320048,0.42476395,0.64533603,0.08237500,0.04352463,0.29608074,0.70201606,0.54963475,0.15270092,0.03534501,0.63971454,0.01738865,0.72807938,0.30404103,0.01412357,0.62841934,0.60081512,0.12408893,0.00002106,0.00146450,0.02595378,0.06264694,0.05946813,0.32511726,0.14122614,0.00666495,0.32753819,0.44430363,0.69594711,0.38096347,0.18073440,0.00204287,0.23046483,0.12007679,0.57877171,0.98409927,0.39225665,0.11818350,0.38096577,0.03206561,0.00653612,0.12169052,0.03077763,0.10440286,0.49828729,0.84834260,0.62047160,0.33120841,0.05578433,0.66019344,0.15233131,0.00014562,0.10598188,0.01950791,0.82420915,0.44542661,0.17080164,0.00779379,0.06566064,0.00664997,0.42513922,0.02705464,0.67275387,0.55102128,0.17363563,0.06165984,0.07986821,0.00124488,0.00941487,0.54292911,0.12206463,0.05738357,0.25750622,0.62121493,0.88183564,0.08428454,0.06662136,0.30256557,0.17365868,0.01592022,0.03402030,0.06162709,0.15279150,0.72123659,0.68212420,0.08955988,0.25331616,0.07451087,0.02618998,0.09564008,0.03234712,0.21602654,0.34035504,0.00598042,0.03819899,0.77297461,0.61537677,0.18295264,0.39404884,0.09089550,0.22129953,0.08771683,0.00635831,0.41844890,0.21915559,0.02232225,0.03524833,0.72805935,0.00722937,0.28824005,0.75092626,0.35796091,0.14241876
0.00199652,0.05715357,0.50787467,0.00193653,0.26114964,0.72853625,0.07806380,0.44015974,0.00084541,0.07300183,0.66297394,0.73205471,0.00350446,0.26733282,0.33717027,0.01183198,0.85198271,0.00292330,0.85158920,0.03468478,0.03159064,0.84185219,0.08481490,0.22032373,0.00030111,0.00656481,0.00260267,0.26925391,0.45197064,0.72797233,0.59670961,0.12911998,0.22496076,0.30922940,0.49128333,0.16417488,0.18975939,0.09611274,0.19387817,0.09563217,0.68034697,0.99607170,0.30839580,0.07269623,0.42586634,0.11366248,0.01693070,0.32627574,0.08867453,0.47310990,0.19774462,0.35952389,0.00143868,0.57050264,0.22437598,0.05221497,0.02567456,0.00400402,0.11445718,0.00894598,0.85706753,0.01849696,0.80563372,0.04811246,0.03505209,0.31869280,0.70366830,0.00273327,0.73663813,0.40779242,0.12399416,0.46922588,0.00046347,0.38435167,0.06656326,0.08404180,0.06744426,0.06157340,0.34552366,0.51712567,0.84628260,0.20996520,0.11822909,0.18632706,0.35344598,0.01122002,0.00166431,0.09125336,0.13817580,0.00336347,0.58129245,0.07075772,0.39774001,0.20395818,0.02175647,0.12902446,0.02520700,0.23442587,0.26546252,0.00434767,0.02926936,0.82866102,0.01060233,0.17940030,0.38301280,0.65752250,0.41355097,0.64907402,0.00657996,0.34618104,0.25859588,0.07861674,0.56664819,0.05846753,0.03277795,0.24128684,0.25897840,0.43311948,0.18784826
0.00022637,0.01969400,0.52947885,0.00351170,0.18643390,0.77439111,0.22415470,0.43610847,0.79800558,0.32966146,0.00081948,0.02647018,0.47490904,0.18875177,0.27260587,0.01056703,0.79180813,0.00127225,0.66783231,0.05400378,0.06278800,0.83562541,0.00619911,0.27115777,0.01558088,0.01020147,0.00287785,0.36416355,0.29554829,0.14070815,0.02747371,0.59733075,0.10521094,0.65668780,0.54777789,0.25476730,0.20216195,0.00020029,0.12207960,0.09271432,0.68432760,0.99818218,0.27902359,0.19834134,0.29214409,0.01464922,0.01303866,0.27579775,0.05635779,0.64948261,0.22311571,0.38537112,0.85334659,0.19653220,0.10664659,0.64374197,0.02166129,0.09774606,0.05246852,0.00483764,0.08864494,0.72620356,0.83680302,0.01861494,0.00645594,0.00115342,0.46513882,0.00063194,0.78284770,0.07744502,0.13214941,0.23606540,0.40126717,0.00052128,0.14762013,0.00147605,0.00290265,0.03451755,0.27014428,0.79031068,0.06714638,0.32488701,0.36224261,0.41132554,0.04021969,0.00439169,0.18077163,0.03691686,0.18033798,0.86359197,0.71348178,0.11794730,0.31300172,0.20668764,0.03592895,0.21598627,0.02139333,0.03758164,0.33391029,0.02948776,0.02873994,0.71420407,0.84207910,0.29416791,0.22932349,0.04968094,0.34391305,0.13171203,0.46801323,0.28590146,0.32296705,0.07509411,0.00212670,0.00499717,0.10420820,0.18511829,0.25032902,0.48262978,0.20267113
0.00001833,0.06148044,0.51106930,0.22330084,0.08278983,0.04587420,0.09675598,0.36280850,0.00307884,0.00897631,0.19643292,0.59460634,0.99089855,0.26163837,0.67930132,0.03130446,0.89282447,0.00101773,0.80764586,0.08896877,0.09313755,0.96009654,0.04451642,0.37177083,0.09814400,0.00086015,0.04794025,0.10887661,0.03589020,0.99145859,0.05742092,0.00748890,0.08716316,0.67021060,0.34643561,0.45389754,0.16992806,0.05509543,0.17320944,0.07983132,0.64121723,0.99987257,0.32786220,0.06211249,0.10764729,0.00959813,0.04211703,0.64432436,0.00067676,0.82475287,0.15082964,0.41144875,0.00247008,0.01974611,0.02689923,0.94248396,0.00470152,0.05447069,0.27395010,0.00281412,0.03324557,0.01920860,0.83902311,0.04194808,0.03175443,0.11814821,0.33008736,0.00019114,0.60001606,0.66340560,0.04619870,0.40632844,0.00887089,0.34933439,0.30014464,0.24002446,0.00332624,0.02769024,0.59400505,0.45506811,0.00386409,0.11655740,0.12890686,0.39508468,0.06849215,0.00219362,0.01192290,0.03729067,0.28369480,0.00608604,0.75195915,0.26523644,0.41843933,0.00923528,0.09056339,0.03630371,0.00155912,0.09302851,0.08443343,0.06114556,0.04554492,0.73672074,0.02563649,0.23303546,0.33720464,0.00335326,0.30049103,0.00452135,0.29698688,0.12401164,0.54970032,0.32924792,0.09744426,0.53077179,0.00838469,0.38107398,0.47817951,0.46801952,0.15803482
0.00085947,0.04041195,0.28882983,0.07937627,0.04005308,0.01788025,0.06338313,0.13916494,0.92071503,0.48162124,0.86777890,0.02124834,0.00274082,0.79182762,0.47694853,0.00961353,0.82309240,0.00042161,0.89792234,0.00916997,0.04353098,0.95926112,0.90541703,0.50429481,0.18244380,0.00003782,0.29643020,0.04966367,0.00465953,0.49047816,0.02206687,0.00193833,0.04051093,0.92393541,0.47716355,0.30342773,0.05851497,0.00003499,0.07109535,0.04724759,0.50071305,0.99985516,0.39535859,0.32384333,0.53969032,0.01305955,0.02565335,0.50088215,0.00056092,0.47255567,0.22789776,0.91567963,0.78166866,0.04525724,0.04503215,0.00649450,0.00340004,0.00220442,0.21370639,0.00679791,0.19415353,0.88182878,0.65919334,0.06582174,0.01488917,0.02980990,0.29617804,0.00025682,0.95846450,0.86862415,0.03529555,0.38147148,0.01233055,0.00050252,0.06909423,0.57791752,0.71837771,0.15708411,0.73098046,0.64085472,0.43936905,0.04960267,0.01440180,0.45660287,0.02285959,0.00659248,0.00905761,0.11601069,0.03454715,0.87409878,0.70734590,0.22938976,0.21486507,0.00238098,0.31511793,0.00597528,0.00576190,0.15080228,0.08559209,0.02052431,0.01928411,0.62747228,0.92980230,0.30211699,0.36196950,0.06357186,0.14306825,0.00689596,0.01742446,0.16047777,0.48471147,0.30199862,0.30238184,0.86182475,0.00226258,0.31278870,0.87202138,0.14958239,0.02101054
0.00024249,0.19347490,0.87423837,0.00097830,0.05391343,0.06200267,0.00940614,0.36759526,0.03196047,0.05825552,0.00059858,0.46835756,0.17298166,0.89817834,0.21843374,0.00360241,0.45793197,0.00154353,0.75908327,0.03786802,0.08570934,0.97609717,0.86410058,0.20267476,0.00665981,0.00018232,0.40922466,0.07645902,0.08659976,0.06320790,0.01080654,0.14020795,0.03748529,0.91093355,0.41245991,0.49120107,0.13400705,0.09076378,0.18110655,0.25435483,0.62105119,0.99958527,0.51113087,0.61694986,0.47487998,0.01603255,0.05205227,0.69434643,0.00696829,0.34990180,0.60092682,0.89317787,0.00574486,0.39690042,0.01608061,0.53223342,0.01138545,0.00009259,0.28030175,0.00275787,0.92907393,0.02561984,0.70982111,0.00979632,0.04272925,0.13886443,0.02345833,0.00065914,0.82532883,0.95766348,0.00394741,0.16340251,0.80846620,0.40600401,0.00875498,0.94426203,0.09564852,0.01086837,0.37605557,0.21008711,0.95081991,0.01380407,0.03269438,0.54230404,0.05451442,0.00575246,0.53492683,0.18321384,0.04832245,0.00222267,0.90305161,0.03964753,0.37667724,0.00034330,0.04474488,0.00162603,0.02403543,0.35458675,0.30751121,0.08004215,0.11623345,0.50976825,0.01283628,0.52279335,0.36847603,0.84745646,0.05062518,0.01988458,0.00641796,0.39681229,0.80470282,0.80524677,0.00621550,0.96784681,0.00227905,0.37072387,0.71281981,0.01305169,0.03988798
0.00026219,0.01237312,0.73601168,0.00196862,0.26396400,0.23500684,0.00522571,0.20682606,0.88364714,0.09186517,0.83535844,0.72469777,0.93742377,0.50644624,0.25322422,0.00108740,0.84756482,0.00016911,0.59383154,0.24776250,0.09200524,0.93217075,0.79173261,0.13156287,0.18386874,0.00041539,0.19547077,0.02560090,0.05147967,0.06244688,0.33006069,0.12611195,0.09437940,0.76803821,0.25102803,0.13033745,0.14669192,0.00065557,0.01584093,0.16046938,0.39103898,0.99809200,0.13903946,0.18843104,0.29123521,0.03046106,0.07125861,0.22004025,0.00619874,0.32594135,0.44254154,0.84409404,0.93906885,0.09583469,0.00732482,0.55067688,0.04413306,0.00038579,0.06949935,0.00562577,0.79886353,0.72954619,0.27399653,0.03719705,0.02529568,0.07254332,0.03084162,0.00211963,0.79474670,0.79950660,0.01017609,0.45177838,0.01874206,0.00278001,0.00066391,0.22775127,0.00536454,0.08391238,0.43486804,0.31432903,0.74560547,0.06760006,0.07735772,0.39609954,0.02534219,0.00234626,0.00964794,0.07018201,0.13847937,0.83695525,0.57954949,0.03926998,0.15270019,0.00068483,0.01359222,0.00096524,0.00172340,0.29826525,0.94843704,0.00152300,0.02496000,0.29775554,0.94589573,0.29159841,0.04814444,0.24751432,0.10254592,0.50103551,0.01928022,0.10589207,0.26995790,0.66546100,0.69318694,0.38856286,0.00027731,0.54380190,0.51430297,0.18775496,0.00365014
0.02401692,0.02491385,0.23419733,0.00353161,0.86433935,0.12403143,0.01204739,0.55187780,0.81189966,0.06328294,0.01181077,0.24223937,0.96749204,0.04870524,0.09769846,0.00190101,0.17695558,0.18401475,0.76491541,0.02314013,0.00219719,0.93007052,0.51353204,0.16309884,0.11456273,0.00071646,0.01390501,0.01570987,0.01112365,0.32700586,0.02917020,0.00550113,0.03954135,0.89721537,0.63776618,0.86439109,0.06204865,0.00031944,0.06969804,0.18808289,0.64554131,0.53235376,0.48055199,0.07103474,0.97834235,0.16021086,0.01438287,0.07253329,0.03123486,0.02437544,0.07654993,0.89429945,0.94886118,0.24539846,0.00328447,0.96797669,0.47609878,0.00103563,0.04483945,0.05013517,0.92404300,0.91833806,0.03619337,0.00017135,0.01559405,0.00178914,0.24553737,0.00234722,0.71045834,0.87583929,0.10673887,0.00600101,0.40223274,0.00230927,0.00708481,0.63498318,0.32039419,0.00116023,0.07448857,0.24060589,0.66875559,0.00127116,0.02978195,0.18131569,0.06434747,0.21135029,0.35370070,0.01714558,0.01970996,0.95153183,0.34085205,0.00211927,0.00569712,0.01002355,0.10080711,0.92127478,0.01262241,0.93722701,0.21900843,0.00105047,0.07146224,0.29281026,0.93295103,0.85033518,0.11376367,0.00233516,0.45445800,0.01375299,0.23093975,0.99412054,0.67592251,0.38769627,0.00316691,0.90744042,0.00092083,0.47353002,0.71721530,0.03552246,0.23238538
0.01504221,0.12022529,0.42446086,0.00065760,0.63521492,0.16618931,0.00195944,0.12928125,0.02917712,0.03058657,0.67268312,0.88560206,0.09663468,0.39069313,0.22630554,0.00153300,0.37427720,0.06627203,0.88442755,0.00204314,0.00153976,0.92484647,0.00459200,0.22792947,0.37814039,0.00220131,0.02654343,0.00796747,0.08114040,0.53870308,0.09420288,0.22934750,0.07125573,0.86769086,0.92473155,0.72072053,0.06519426,0.22716549,0.04160449,0.41167277,0.85324252,0.48234507,0.43601140,0.10519303,0.61666012,0.76961476,0.00307392,0.07248230,0.00998919,0.03241269,0.19612248,0.95917660,0.00035290,0.64949393,0.00484890,0.04396288,0.67622089,0.00041081,0.03039241,0.02543048,0.97619450,0.04664342,0.19765393,0.00011062,0.06365480,0.40561041,0.49537528,0.01033558,0.88664389,0.98830956,0.55035967,0.10604304,0.02685817,0.19265951,0.00927033,0.89118814,0.79200280,0.00058752,0.27175263,0.00743768,0.87273800,0.00097935,0.03399576,0.07329489,0.05422060,0.15308113,0.00215821,0.06009885,0.01576462,0.02627371,0.24107352,0.00429586,0.46033260,0.01223164,0.05995281,0.96130723,0.01485362,0.91618145,0.22383274,0.00031665,0.07948469,0.38148370,0.00501098,0.37982342,0.15821642,0.28576392,0.68855798,0.07552011,0.02471196,0.99817014,0.29160380,0.84179306,0.23695049,0.92367047,0.00048787,0.80067956,0.87134302,0.03921870,0.20417334
0.12379429,0.08280842,0.44946939,0.00057210,0.46314520,0.27406406,0.00052010,0.31005132,0.83504385,0.94553012,0.01188038,0.03297220,0.00306611,0.15098743,0.38039678,0.00043314,0.67629278,0.13888343,0.83893770,0.34926501,0.00304664,0.73830956,0.00060940,0.12074344,0.40148658,0.00342346,0.00433363,0.03627257,0.19791672,0.05204478,0.85319608,0.57169503,0.06046013,0.93795085,0.79242086,0.70578682,0.08426963,0.00004202,0.00178988,0.19336875,0.77358651,0.50170672,0.09968664,0.26962480,0.81797940,0.43520638,0.05286512,0.18967070,0.01648359,0.03790066,0.04262828,0.93284523,0.89149046,0.66450256,0.00165785,0.37379995,0.89360702,0.00260507,0.02802341,0.00046469,0.29537383,0.73857129,0.37789091,0.00046027,0.07986351,0.00056179,0.86192977,0.03193859,0.49485719,0.94222498,0.49431932,0.00316206,0.41650900,0.00772958,0.01892642,0.30662557,0.00104526,0.00552393,0.25018293,0.00005168,0.89046127,0.00612628,0.19920617,0.07941394,0.00150010,0.16288929,0.56436521,0.08723501,0.01039970,0.94327468,0.52626324,0.00238766,0.01786705,0.02481603,0.11561177,0.97825009,0.03612209,0.90422106,0.14377825,0.00029382,0.07211522,0.52802759,0.94292688,0.28537703,0.26044351,0.84282768,0.24577680,0.23298945,0.00206777,0.99636137,0.43694004,0.23835696,0.00351773,0.02109426,0.01659344,0.85902154,0.72742414,0.08870401,0.21707799
0.02677512,0.35035831,0.57441932,0.07349365,0.68741500,0.51678896,0.00150769,0.16949585,0.08353490,0.00090678,0.01329289,0.93376130,0.99379563,0.26170000,0.24127363,0.00244381,0.40678605,0.12421352,0.77854156,0.45917022,0.03586432,0.86338437,0.00410409,0.14020295,0.10705262,0.01731106,0.00322676,0.03526039,0.90885735,0.43458250,0.72310597,0.00095720,0.62255514,0.93755281,0.84717309,0.60964090,0.11477739,0.18029767,0.08960456,0.16792688,0.64494926,0.34526521,0.27445301,0.21124652,0.51915199,0.27217865,0.05791199,0.23499033,0.01526823,0.15123972,0.06956499,0.48395056,0.00036868,0.95148712,0.00108656,0.96101266,0.90957242,0.00095400,0.01969891,0.00148700,0.27743995,0.04439743,0.00442606,0.00044924,0.02818654,0.43473482,0.60951132,0.29048023,0.59548444,0.26853186,0.56923199,0.04158795,0.08648352,0.15835972,0.04430937,0.12842862,0.01174919,0.00234245,0.25666589,0.11997300,0.79190743,0.01397538,0.19845398,0.12207223,0.00008306,0.18684131,0.04486532,0.05585124,0.11952545,0.01112563,0.40058768,0.00095312,0.45075244,0.27609655,0.18619844,0.64554775,0.10486693,0.77730823,0.43773478,0.00046322,0.05725602,0.00943035,0.02279894,0.25586650,0.36688054,0.02325842,0.47805491,0.15057372,0.13271180,0.89766109,0.58804548,0.80706173,0.00839628,0.01083986,0.00802361,0.36652589,0.09402169,0.22056554,0.52280480
0.06972501,0.11358065,0.54804677,0.08030977,0.85232538,0.12778945,0.97785223,0.53527451,0.31308970,0.49070466,0.33307663,0.08305036,0.11584396,0.23062843,0.31424010,0.02328514,0.59687626,0.04175121,0.74816144,0.00423916,0.14698114,0.77424556,0.37736923,0.12429584,0.12480358,0.00182859,0.00476531,0.02573294,0.09982200,0.20887260,0.00352676,0.00183259,0.49057674,0.87700856,0.78606659,0.65166163,0.00515024,0.00006990,0.07946512,0.08324129,0.65272623,0.47972342,0.44310096,0.15026532,0.75623238,0.37005436,0.11768968,0.79901016,0.02630388,0.27287534,0.01178930,0.33093819,0.93553692,0.53681433,0.00196946,0.00366910,0.59194332,0.02130861,0.05794073,0.01769793,0.11463924,0.78859609,0.00748095,0.00468640,0.10052588,0.00979359,0.70525515,0.15658227,0.71184188,0.01605798,0.42495164,0.06872461,0.00281301,0.00594477,0.09137696,0.01814795,0.54695535,0.01915216,0.07539204,0.14248438,0.13121308,0.00550665,0.12122501,0.08234276,0.00022721,0.12071826,0.00706653,0.03800182,0.03525689,0.83248013,0.37343100,0.00216767,0.04116877,0.15423891,0.12518346,0.47258604,0.06960250,0.73947829,0.56516635,0.00709403,0.28969651,0.08591034,0.89996767,0.13372867,0.38388139,0.00330159,0.50829351,0.00835106,0.31744337,0.22433887,0.51279074,0.65904367,0.22634408,0.06720939,0.01047604,0.66903538,0.42573971,0.17650101,0.49912709
0.01172924,0.15874392,0.63616121,0.00230015,0.65310299,0.03939662,0.40633139,0.44583681,0.03778864,0.24602634,0.00053838,0.16969968,0.00098542,0.15076534,0.31505126,0.05416417,0.35127389,0.03186237,0.69550169,0.00134442,0.10722722,0.65690869,0.70083284,0.16034155,0.00382624,0.00277560,0.00401297,0.03740554,0.02084885,0.10819549,0.00109413,0.08734608,0.55154628,0.87254584,0.77650189,0.49366182,0.00076277,0.16452272,0.20572823,0.06998077,0.46530083,0.37627044,0.41482392,0.17909996,0.80461758,0.27921522,0.12497834,0.73522025,0.02024973,0.23663963,0.27510205,0.50483155,0.00142037,0.13021185,0.01182250,0.26838043,0.65293020,0.01350876,0.12221333,0.00895291,0.60698843,0.01916669,0.30729422,0.00223499,0.07934497,0.02052420,0.71122080,0.14832205,0.68001646,0.40909070,0.26440489,0.10389502,0.47035226,0.15658511,0.08731467,0.35376459,0.45718184,0.02435702,0.14318995,0.10933036,0.26577553,0.02077567,0.04185307,0.20795497,0.00392456,0.06135178,0.46201584,0.04501144,0.07456224,0.03550283,0.42271584,0.00080205,0.39404541,0.06336367,0.07584796,0.58273900,0.09244029,0.50537080,0.62268144,0.01205723,0.25392261,0.04196449,0.01985403,0.26803559,0.34632418,0.03777958,0.48149243,0.00161129,0.46708331,0.55725247,0.61213267,0.57657474,0.00263059,0.85549623,0.00298371,0.68192083,0.65629679,0.15305533,0.44724187
0.00312811,0.13538395,0.73315299,0.00736262,0.65899563,0.10258739,0.18019259,0.51660037,0.15160349,0.05445103,0.08109579,0.35238177,0.80770719,0.38463029,0.44590878,0.01176659,0.49132395,0.02335951,0.55682766,0.06892655,0.01187051,0.45547485,0.41670212,0.09392475,0.00004216,0.00239016,0.01168650,0.01500481,0.01873523,0.47767687,0.09847364,0.08029494,0.19898546,0.84761757,0.40289667,0.57248104,0.00189298,0.00072411,0.12948677,0.02357499,0.63002414,0.28431949,0.42854726,0.10301314,0.13919029,0.09439136,0.04161324,0.35763648,0.02609500,0.15551922,0.49283788,0.87545234,0.71206796,0.20179723,0.06324609,0.72210801,0.36529407,0.00217112,0.08951081,0.02434087,0.64831197,0.36815298,0.32128739,0.01429486,0.06620000,0.00768167,0.44216818,0.04810272,0.71143782,0.95384121,0.30456436,0.08410597,0.05823350,0.01195466,0.03846110,0.54066598,0.01395557,0.06022602,0.11239283,0.07700737,0.48297811,0.03182311,0.10227389,0.36426765,0.00202735,0.01937318,0.04113532,0.06231616,0.10722736,0.55010378,0.57801419,0.00056664,0.10846608,0.02889904,0.00858314,0.39512584,0.01353857,0.50569427,0.51880723,0.00105152,0.08642523,0.04853716,0.72987425,0.40665835,0.27332485,0.03463730,0.17241907,0.09510366,0.02357722,0.38038900,0.07267809,0.58121818,0.03508779,0.84378278,0.00189341,0.79490447,0.66811687,0.33652285,0.37489280
0.00049174,0.48393494,0.73951560,0.00642642,0.41303369,0.06710388,0.32977849,0.44678071,0.02002551,0.07383426,0.55923176,0.56409407,0.06059609,0.49884111,0.54463613,0.00292686,0.58962733,0.00211352,0.48500335,0.06788778,0.19941531,0.31211403,0.00793981,0.14158069,0.00027763,0.03876012,0.08253305,0.02619358,0.02941327,0.69358629,0.84100574,0.13723603,0.67033970,0.92484003,0.55242532,0.41307807,0.00345631,0.17343056,0.09145233,0.00508906,0.53180981,0.26109236,0.40720066,0.19808508,0.24434820,0.09592535,0.05196160,0.68448949,0.16110037,0.56814998,0.53737825,0.67759764,0.00072322,0.24058913,0.37097287,0.00420242,0.14379950,0.00403035,0.04013893,0.13453358,0.34664392,0.04889911,0.28560326,0.04589679,0.13985467,0.13703808,0.54880583,0.02587003,0.79877353,0.83025873,0.28785554,0.18759057,0.00019723,0.16846226,0.05072831,0.65937811,0.04823390,0.13545096,0.11353447,0.02874461,0.63238347,0.35046366,0.38505906,0.49746400,0.00386599,0.00906769,0.00091107,0.07782856,0.14160457,0.01648794,0.56078684,0.00131318,0.45188391,0.42093861,0.00120008,0.40117079,0.11722565,0.27045184,0.71335608,0.00389558,0.06315905,0.06312132,0.02158659,0.25244904,0.33760324,0.70800453,0.22681312,0.76447958,0.00064090,0.53120410,0.00611892,0.82319212,0.47362050,0.16232893,0.00517221,0.87321842,0.45593816,0.29253602,0.21250714
0.00007037,0.05134119,0.82006967,0.02937216,0.56167895,0.03618487,0.40575454,0.49568912,0.30410579,0.18261246,0.00175610,0.02348918,0.01104944,0.22426155,0.47710058,0.00050551,0.60345262,0.00109978,0.49220556,0.50168794,0.38404939,0.34194145,0.00586044,0.13429457,0.01113306,0.01603077,0.46527249,0.05047109,0.18472528,0.03572360,0.31111908,0.06095753,0.74467242,0.85314441,0.34769830,0.66031128,0.00738855,0.00005932,0.05640699,0.00118313,0.78608942,0.37479529,0.65969110,0.17358036,0.17507188,0.18757765,0.03131303,0.79500532,0.17936984,0.51945919,0.00919193,0.23077236,0.90928358,0.07975283,0.54637915,0.81627530,0.25832197,0.00767825,0.07265249,0.32510656,0.03307777,0.69212687,0.28617391,0.06607364,0.10098832,0.00062906,0.72083831,0.00802714,0.68471849,0.04438130,0.39439929,0.17130482,0.68641442,0.00353783,0.17874689,0.03676042,0.01554241,0.17806837,0.30984920,0.09961923,0.75809932,0.14484781,0.09201694,0.42453915,0.00151180,0.00510512,0.26768199,0.14187096,0.06485968,0.77145153,0.52999711,0.13113531,0.09961292,0.67311954,0.00002564,0.39524898,0.09803197,0.11227649,0.84928280,0.03088336,0.05080627,0.00678765,0.84784722,0.23598476,0.13867977,0.38165861,0.59839779,0.22388883,0.04249153,0.58376276,0.00761212,0.72334814,0.00816511,0.00180770,0.02215719,0.93851250,0.13400525,0.28241858,0.16220105
0.00001674,0.08689663,0.19592205,0.16703330,0.42184600,0.17972089,0.08143292,0.51985383,0.13325436,0.00104883,0.13892275,0.89129400,0.92503297,0.24338292,0.54326665,0.07329111,0.66979027,0.00099624,0.76454127,0.06458962,0.11628138,0.56412226,0.13008715,0.11968300,0.03894503,0.00113528,0.49721596,0.06255148,0.37562448,0.97039157,0.00210335,0.01871053,0.59153092,0.94490993,0.68399584,0.42376265,0.00649898,0.20297135,0.09689799,0.00030769,0.87823033,0.35703355,0.67686832,0.20598008,0.04619984,0.26607913,0.01874973,0.91693580,0.00200114,0.26102394,0.00288307,0.32802472,0.00048076,0.01381253,0.47908348,0.93550861,0.12494158,0.00181499,0.22453131,0.35919935,0.58570457,0.01754320,0.04511187,0.04166549,0.05886113,0.25107771,0.76858300,0.00167915,0.36852220,0.04196592,0.43671051,0.38030159,0.00315887,0.20414999,0.13180414,0.03957034,0.03695955,0.13606392,0.29602724,0.24936593,0.12163804,0.24731487,0.08065373,0.53930128,0.00516323,0.01160794,0.00305344,0.07869658,0.10773031,0.02793472,0.48048231,0.42221069,0.36378485,0.29645735,0.00000120,0.50056386,0.00280363,0.05935824,0.91784984,0.02918317,0.05941939,0.00776961,0.05185055,0.81307083,0.36216933,0.00112862,0.58794004,0.00251727,0.89193451,0.80654055,0.00360806,0.79995263,0.03466361,0.13020694,0.01299187,0.97414333,0.17771067,0.38698187,0.16615906
0.00111950,0.00284225,0.38752887,0.02747649,0.23859088,0.00316251,0.03579427,0.79796851,0.59012091,0.20783712,0.86064488,0.00503354,0.17335801,0.21942821,0.85582626,0.12517354,0.74691045,0.00057838,0.84142041,0.00592883,0.16289142,0.40620247,0.84507954,0.18830942,0.02334286,0.00000728,0.56439888,0.05989558,0.00201291,0.87043101,0.00592995,0.02089145,0.32582375,0.62700796,0.76157773,0.25186738,0.07491644,0.00001302,0.07155716,0.00005456,0.92640686,0.34574750,0.52649325,0.05712211,0.25550398,0.22391528,0.01647629,0.61684221,0.00012015,0.09552965,0.46313736,0.74977726,0.91656411,0.07329164,0.60196710,0.00024782,0.12273189,0.00198954,0.31713063,0.98865533,0.81708229,0.88376462,0.24141307,0.07971299,0.14114240,0.00012828,0.78151387,0.00065002,0.92064130,0.23811729,0.19668344,0.09529447,0.00917507,0.00091867,0.02216887,0.08728199,0.23652031,0.46185279,0.16943406,0.06620937,0.08026580,0.20455763,0.06571059,0.45884138,0.00598536,0.01237091,0.00389158,0.01050421,0.00703047,0.94475365,0.52085876,0.46720248,0.32840115,0.22289212,0.00000238,0.20970657,0.00036351,0.03469788,0.91049320,0.01470600,0.22801217,0.00113113,0.95329851,0.94998956,0.26838663,0.00242866,0.32865375,0.00084024,0.07255375,0.68186611,0.00100683,0.72293645,0.75927430,0.88302720,0.00190144,0.99411535,0.72708941,0.59980589,0.02506778
0.00025351,0.01796919,0.24023902,0.00026969,0.26436675,0.00607172,0.00037525,0.75051534,0.03743775,0.02122860,0.00207056,0.85915273,0.00866854,0.63233948,0.75811404,0.06341995,0.38766938,0.00145618,0.68071896,0.04731640,0.01711635,0.28521147,0.47227269,0.57397795,0.00204580,0.00010836,0.10119548,0.06965709,0.00002852,0.16028832,0.06735606,0.21513718,0.20386270,0.51776093,0.32822284,0.26379037,0.00579104,0.42088768,0.04784793,0.00052156,0.93636650,0.22541584,0.36439222,0.03411641,0.56743026,0.00774859,0.00561211,0.81169355,0.00029971,0.01708677,0.97296733,0.98040575,0.00018920,0.18749341,0.59955895,0.90855581,0.68506199,0.00001700,0.45823765,0.01352537,0.99121404,0.00129965,0.06444411,0.01423002,0.51393926,0.08371235,0.44455373,0.00389928,0.75397664,0.99124920,0.22390792,0.46340480,0.90763563,0.38993642,0.03825164,0.93545145,0.15414685,0.27855068,0.44037557,0.39133775,0.99017155,0.22172602,0.04639970,0.44139645,0.14782874,0.00396636,0.78530788,0.02094695,0.02930935,0.01006337,0.50769484,0.13479123,0.96250355,0.13055825,0.00004041,0.50148976,0.00028268,0.04433844,0.99916816,0.00113779,0.02519203,0.00113086,0.01518739,0.86428487,0.25597695,0.79482448,0.19179580,0.03541982,0.00649125,0.85485524,0.00495299,0.60458261,0.00048262,0.99067086,0.00007622,0.99651724,0.70830494,0.77131921,0.01564822
0.00056436,0.01398346,0.03143768,0.00048343,0.08186103,0.58896405,0.00072309,0.70426327,0.80836540,0.04780564,0.62679094,0.70505035,0.98081386,0.76656592,0.55470383,0.01263543,0.59839797,0.00002298,0.75020736,0.27000120,0.01356471,0.05693571,0.48234987,0.43872783,0.00022355,0.00045716,0.03560861,0.17417839,0.22220017,0.25222352,0.73633766,0.19129765,0.23312287,0.58561629,0.18522060,0.05357848,0.00495165,0.00007128,0.01298940,0.00134928,0.92491400,0.29061016,0.70777142,0.04727747,0.38311088,0.02488678,0.00102053,0.40554532,0.00104685,0.05050527,0.71126789,0.97111225,0.95204639,0.21782070,0.27563262,0.89173394,0.58191961,0.00007300,0.27895439,0.01440399,0.85019153,0.91828060,0.07422470,0.05854382,0.04003510,0.04871748,0.33837217,0.00260813,0.58463407,0.91798788,0.21229394,0.11002719,0.00022676,0.00014715,0.01920245,0.90239835,0.00207120,0.50980651,0.21877067,0.59775764,0.96466601,0.24155916,0.69964600,0.40234128,0.00308442,0.00071338,0.00200144,0.02093590,0.00867246,0.99181801,0.43189633,0.04862840,0.96420991,0.01116655,0.00005892,0.61756432,0.00029912,0.00258398,0.99997783,0.00005994,0.00652719,0.24238974,0.91204411,0.88877809,0.26483241,0.34995267,0.38224423,0.84045935,0.00040046,0.57603413,0.01490533,0.60131055,0.65791607,0.73068345,0.00005283,0.91996223,0.43472219,0.78726345,0.00148825
0.00828616,0.03885001,0.34740156,0.00754509,0.32345572,0.17221266,0.01172767,0.78346378,0.31042323,0.03542979,0.05698593,0.21519062,0.29551822,0.81581199,0.15185772,0.00369269,0.48446807,0.01662594,0.57628244,0.03082783,0.01501334,0.24907103,0.35986066,0.07907802,0.00200625,0.00048786,0.01927807,0.01562986,0.02008491,0.14982493,0.03124208,0.03633513,0.20229258,0.53935552,0.88504642,0.31855351,0.06388031,0.00392538,0.05554938,0.13397080,0.32436368,0.70939070,0.12530720,0.28658000,0.15141509,0.16760820,0.27997771,0.10141359,0.08066263,0.09978700,0.33970049,0.95610648,0.18803011,0.42788354,0.02333466,0.39673904,0.12513132,0.00096664,0.04344488,0.00392656,0.62014002,0.63661075,0.15409563,0.01749757,0.14884149,0.01356706,0.68010378,0.01994143,0.79805058,0.77104324,0.25572628,0.30290338,0.10003740,0.00736218,0.02879072,0.45106593,0.02686174,0.07793108,0.17317370,0.15769468,0.58999026,0.12327317,0.03237848,0.92557400,0.17204753,0.01285578,0.01006814,0.25488678,0.01479794,0.35928050,0.19499061,0.02732127,0.06052187,0.04668574,0.06543757,0.51718569,0.00477199,0.53978390,0.02963254,0.00238801,0.24075286,0.75145352,0.13513134,0.14125603,0.28877148,0.04405254,0.58519810,0.03666132,0.09009811,0.09950504,0.18394464,0.10725562,0.01977084,0.32865474,0.00231856,0.43599418,0.78563535,0.22038457,0.20440347
0.00114588,0.01348524,0.38844761,0.00190732,0.63808459,0.15100302,0.00088857,0.92398566,0.17989425,0.00367104,0.87061179,0.76369137,0.49294087,0.99661076,0.38175106,0.00585224,0.94853586,0.08140872,0.97773457,0.00972993,0.00329394,0.05369081,0.35121328,0.03215867,0.00015424,0.00019236,0.02771250,0.00389938,0.00874797,0.85115635,0.02646211,0.00090581,0.07799429,0.94506931,0.98903888,0.05972999,0.02173979,0.01128751,0.70050579,0.02354639,0.37494990,0.45906702,0.05990218,0.04291093,0.67623812,0.15895550,0.85837740,0.09523465,0.90635586,0.12826462,0.36952966,0.99110281,0.14162673,0.91119695,0.00432967,0.04859871,0.55311376,0.00033825,0.01954027,0.28981149,0.72175598,0.17766948,0.02801864,0.00231422,0.07276758,0.02287464,0.04667802,0.00412486,0.66023606,0.96687633,0.26086584,0.20756201,0.01318579,0.00108635,0.00616713,0.87648135,0.59751546,0.03428150,0.04138275,0.01227755,0.57296705,0.23558608,0.01712714,0.65756983,0.16704249,0.07355921,0.00276550,0.59136659,0.14842774,0.27714097,0.23646732,0.02597368,0.13132830,0.02528215,0.07560915,0.36191168,0.01309647,0.90377492,0.11442529,0.00104549,0.85469818,0.70797330,0.35167202,0.00641227,0.20673347,0.01183563,0.05484312,0.69341362,0.02623888,0.01883132,0.34171495,0.02798901,0.00809221,0.12912361,0.00017200,0.24547663,0.91046530,0.68025529,0.58040369
0.06390361,0.04301024,0.56278718,0.00579985,0.64658237,0.45373055,0.00182511,0.46635130,0.15727492,0.00221438,0.00021472,0.11308084,0.00492538,0.92311805,0.55956161,0.00009258,0.39933020,0.06672005,0.97435278,0.01018865,0.00177404,0.00516862,0.00042567,0.16111176,0.00501950,0.01959569,0.00414202,0.00075787,0.01400162,0.03542143,0.51424795,0.78571409,0.18345299,0.99432755,0.96786779,0.55012292,0.26986015,0.00199905,0.17569320,0.07305026,0.92022681,0.34275386,0.07976872,0.23891139,0.52351028,0.10944710,0.08334804,0.35045254,0.74791992,0.01143942,0.69667834,0.74095964,0.76356798,0.97856116,0.00340934,0.35127589,0.53831202,0.00062898,0.00412675,0.13111889,0.06999676,0.50248671,0.02532128,0.00013014,0.37087846,0.01924491,0.17790367,0.15939927,0.74423909,0.91077846,0.20057240,0.77516747,0.00291826,0.00418100,0.00377085,0.43164021,0.04726496,0.04942340,0.08320016,0.30908310,0.84030795,0.22567448,0.10005977,0.89688706,0.43217099,0.05907757,0.41752133,0.78274328,0.04534341,0.26996529,0.12099714,0.00578606,0.10668852,0.20727943,0.31962353,0.26020971,0.01614283,0.82794976,0.05487136,0.00029610,0.13425623,0.08766771,0.27493688,0.01651504,0.00004435,0.91041315,0.30370599,0.00056478,0.00177544,0.09083582,0.54155827,0.01470330,0.10569207,0.27222118,0.00409463,0.62576240,0.65708625,0.86507297,0.56280929
0.09657288,0.03178247,0.12285657,0.05206441,0.69676828,0.77767801,0.00043311,0.64133149,0.11303627,0.00000572,0.21601039,0.02409677,0.49819782,0.60063100,0.34286168,0.00603205,0.21331108,0.09062721,0.89905447,0.39905015,0.00089240,0.06245893,0.08545344,0.18990652,0.00748989,0.00263399,0.04640651,0.00382716,0.59813070,0.38983727,0.15657420,0.18612736,0.62224084,0.95242399,0.81044972,0.14762352,0.28465569,0.02564845,0.12663458,0.15203173,0.88017577,0.58252561,0.05628712,0.10085411,0.66416281,0.16854978,0.19193842,0.67145145,0.24883023,0.56007588,0.60400599,0.10268465,0.03107614,0.95315570,0.00067771,0.72820473,0.25753257,0.00411971,0.00043983,0.14058989,0.27746469,0.03684567,0.02077424,0.00109183,0.49280152,0.05852209,0.31705832,0.13036090,0.70162123,0.61106378,0.18654081,0.15297438,0.09627219,0.03024171,0.00984089,0.02146051,0.00138724,0.07126117,0.43304712,0.01824346,0.10191876,0.33663243,0.09214249,0.63911027,0.72341019,0.06096840,0.00252217,0.26192412,0.12696646,0.15430088,0.31830677,0.02338975,0.55981344,0.20039724,0.23707625,0.53685790,0.10683502,0.09815063,0.10165159,0.00208433,0.16851118,0.07904131,0.06417942,0.08442575,0.00058690,0.04399875,0.76923543,0.02319970,0.00154106,0.05473883,0.45511419,0.02466955,0.06619271,0.75248629,0.00010731,0.60126096,0.10433827,0.51506180,0.54124302
0.08510413,0.04006367,0.28429207,0.00079862,0.48793545,0.16063194,0.04575362,0.72907418,0.44805220,0.04450018,0.20052052,0.15962574,0.56383187,0.56691408,0.47387415,0.06527318,0.45824394,0.06171499,0.82277316,0.06992378,0.04002560,0.09674034,0.84506583,0.20379312,0.01609076,0.00133903,0.06998087,0.13962485,0.06616890,0.81983775,0.01194154,0.00095736,0.34083584,0.93261355,0.94266331,0.32436472,0.54578722,0.00357561,0.18203034,0.37136221,0.48494592,0.75254458,0.07521429,0.18357565,0.46662706,0.21553496,0.12326419,0.67359322,0.03903402,0.48132968,0.32391915,0.31600565,0.63986194,0.69311291,0.00228412,0.09065709,0.61953253,0.01130612,0.00055214,0.32969275,0.31070060,0.34643501,0.07096207,0.01008683,0.17076993,0.00106300,0.43917152,0.18922272,0.38897336,0.06369691,0.43483332,0.38671350,0.00319221,0.00345088,0.07097328,0.03842264,0.17467196,0.17440538,0.34758574,0.11017130,0.04523299,0.42758957,0.08284220,0.30677572,0.37826586,0.13191052,0.02336695,0.47266266,0.06567840,0.31164470,0.17127432,0.08114803,0.03480545,0.06143058,0.04729342,0.43401173,0.21870883,0.23170784,0.28137362,0.32267958,0.19548783,0.40402788,0.62612462,0.02854461,0.00095813,0.00059011,0.53393739,0.03333845,0.18303004,0.08683351,0.29968554,0.13499367,0.02916462,0.11332376,0.00954359,0.38017592,0.03951727,0.38263547,0.38864586
0.03328704,0.08032269,0.21740204,0.00209164,0.64410138,0.08300845,0.01016729,0.91221154,0.05567123,0.00526549,0.00047302,0.02805572,0.00292039,0.37630257,0.15202394,0.02942676,0.12889159,0.03856904,0.65352976,0.07491183,0.01461497,0.25250846,0.17466225,0.45528087,0.00224739,0.00014641,0.01762854,0.50456446,0.02047332,0.05770064,0.00170903,0.00347065,0.31609374,0.87086993,0.83594090,0.45350224,0.23686527,0.00730427,0.20533246,0.13480940,0.72246683,0.66554087,0.13269536,0.14025018,0.84225714,0.13216017,0.04764326,0.69233501,0.00286462,0.11456166,0.23428981,0.55000991,0.03443328,0.23269074,0.02049654,0.17124197,0.42227399,0.00492879,0.00510057,0.07032924,0.76501822,0.06692781,0.07026592,0.00134203,0.07713047,0.07026746,0.36732626,0.09795252,0.72000974,0.20708284,0.31843382,0.14311892,0.22679906,0.07755045,0.07672448,0.55240995,0.82248646,0.15676342,0.35244372,0.13761066,0.37470362,0.30649534,0.11985312,0.25041318,0.68912184,0.08509491,0.02469933,0.19636546,0.03378876,0.06057820,0.16150905,0.09014540,0.22312362,0.06644852,0.03476394,0.72563475,0.22692542,0.29894167,0.26633954,0.02417064,0.37352824,0.43675250,0.02871124,0.11211982,0.00328916,0.05357293,0.42021614,0.01821896,0.43313739,0.16748834,0.39348829,0.10495619,0.00587497,0.18370587,0.01548963,0.38458875,0.81691539,0.34437627,0.27248383
0.00329613,0.10273603,0.42632499,0.01783715,0.59960145,0.27046588,0.01194165,0.87009376,0.18824193,0.01611923,0.22083613,0.38197085,0.15302175,0.36480841,0.18926203,0.00066779,0.17725429,0.01706181,0.68223238,0.00721141,0.00767251,0.20302746,0.08812029,0.21687694,0.00063050,0.00135193,0.01389404,0.18564409,0.04245406,0.14263211,0.12197781,0.13651703,0.08162274,0.81469899,0.76100230,0.46315825,0.20288226,0.01524403,0.15216896,0.09805980,0.75446969,0.55387306,0.09887769,0.04273865,0.49011728,0.02263565,0.01215502,0.24635877,0.00016273,0.22055383,0.19996986,0.86069959,0.35213390,0.13430774,0.01046899,0.10403470,0.33405814,0.00107091,0.01880232,0.03329949,0.49644092,0.13645574,0.10612009,0.00442566,0.05738580,0.00105029,0.36695376,0.05448754,0.63637275,0.69840920,0.19694379,0.30379027,0.05526353,0.01585516,0.03981496,0.68594545,0.11880210,0.14940402,0.41137746,0.22921371,0.80487484,0.30664080,0.40613866,0.27555555,0.57575953,0.02741435,0.02903446,0.39118937,0.02171472,0.12275818,0.30068117,0.09607265,0.08845563,0.04559008,0.00932668,0.55473548,0.01405653,0.25769719,0.26537886,0.00776491,0.06612018,0.45611763,0.50464058,0.19468844,0.00407392,0.20937783,0.32952535,0.14425494,0.02361241,0.12282117,0.09496959,0.25648394,0.04993677,0.25702953,0.00169532,0.60358632,0.77347308,0.46831983,0.35891482
0.00057697,0.49317214,0.56464219,0.04407851,0.51285905,0.08293090,0.01099817,0.83247811,0.01736500,0.09696761,0.05069899,0.46334481,0.18292828,0.25160903,0.21748571,0.00030134,0.25109044,0.00294385,0.77641177,0.01477139,0.14143878,0.10528827,0.00240642,0.18386158,0.00818754,0.06152721,0.03219999,0.35623565,0.21837384,0.82869816,0.57294399,0.69088298,0.45753071,0.80067670,0.84378511,0.40903741,0.21736082,0.00503090,0.04935927,0.05761331,0.78649354,0.55670178,0.03773942,0.05582849,0.27682638,0.01338092,0.00964498,0.48808542,0.00001156,0.58088106,0.58232886,0.37576917,0.00956154,0.44432819,0.04907403,0.06300610,0.42445952,0.00297316,0.02266511,0.01117119,0.05800575,0.14682972,0.18314643,0.02693280,0.01404186,0.43569461,0.38073325,0.08693147,0.59462571,0.65841144,0.22373109,0.52583468,0.00031197,0.05656017,0.16280614,0.39750385,0.02312233,0.23732041,0.67640114,0.08965732,0.72003561,0.42975956,0.23995739,0.35282901,0.63570905,0.00415413,0.00773263,0.66235960,0.00574416,0.08533850,0.34704924,0.11941236,0.36773792,0.43298993,0.01124270,0.59851593,0.06157506,0.15884539,0.21871391,0.00737363,0.07990230,0.46974185,0.01959316,0.04709917,0.00112290,0.44541180,0.57381827,0.03181576,0.00131405,0.18739916,0.09874950,0.33885068,0.32441083,0.22045304,0.01140339,0.74084049,0.29149759,0.64141470,0.53376830
0.00024712,0.21850562,0.75693285,0.05229859,0.21227510,0.00340139,0.28057247,0.94487458,0.44072124,0.37887362,0.00476983,0.01401969,0.17134136,0.20506613,0.31984162,0.02894765,0.18505761,0.00254245,0.69858855,0.89470339,0.43188894,0.12682129,0.08758160,0.19963571,0.06601471,0.08042085,0.08363265,0.48893258,0.49151078,0.02249536,0.01427138,0.02410769,0.28906646,0.90685004,0.78610981,0.32504398,0.07367627,0.00485925,0.08255059,0.04534406,0.72440332,0.80640203,0.05916557,0.07051773,0.07698211,0.03733175,0.01306014,0.67091078,0.00002276,0.77110493,0.22308996,0.13094620,0.51496923,0.42000410,0.45484224,0.44507945,0.13910730,0.02146742,0.06687289,0.01032512,0.00820352,0.12015926,0.73779345,0.01338615,0.00006830,0.00020962,0.38670042,0.05398302,0.49064499,0.27334073,0.51482874,0.35139546,0.23624347,0.00257878,0.27664334,0.00722271,0.00069941,0.73202735,0.22178161,0.16538608,0.01119675,0.33653679,0.34030420,0.48884726,0.39693493,0.00182560,0.00029383,0.39729351,0.01150160,0.05270023,0.34362963,0.07848042,0.01214365,0.48364237,0.00125910,0.60205024,0.38369700,0.17463134,0.31458944,0.03320779,0.13692394,0.40095258,0.73392069,0.05207670,0.00148962,0.02628988,0.72071427,0.00425629,0.00851730,0.08557940,0.01041045,0.23454314,0.04953829,0.11797263,0.00548407,0.49064794,0.19978540,0.58412510,0.38030505
0.00037956,0.36046505,0.58813697,0.02597669,0.48687664,0.00638017,0.63319701,0.90925008,0.02115123,0.02127237,0.43414411,0.77191377,0.22638170,0.35641465,0.03971836,0.51412266,0.62934005,0.00383341,0.55075657,0.02016767,0.23147173,0.19143738,0.95491642,0.17552437,0.03317766,0.00684625,0.11090834,0.09189107,0.35029396,0.91387373,0.01510372,0.00016027,0.09108563,0.88573146,0.81886417,0.26597580,0.00623745,0.00001309,0.05848227,0.03722414,0.94079036,0.93080574,0.02927176,0.03429275,0.27901486,0.12537146,0.01309797,0.93084121,0.00014532,0.42384085,0.07751506,0.41958159,0.00832044,0.47152403,0.25431365,0.05479038,0.02942464,0.00714079,0.10799101,0.03639035,0.32774693,0.03216282,0.16519918,0.01767024,0.00022503,0.07918008,0.09834832,0.05609668,0.69917542,0.26228395,0.35261703,0.74469858,0.00520796,0.03502909,0.14416298,0.11667193,0.04448012,0.45272598,0.21046121,0.43576741,0.01049055,0.24247220,0.00359690,0.33290574,0.52665579,0.00171418,0.18603303,0.37093544,0.01325186,0.25075641,0.33177698,0.50929749,0.00185915,0.02395222,0.00131145,0.81344712,0.00797685,0.21576953,0.22514224,0.00662518,0.01488149,0.27135915,0.02665231,0.04113857,0.00091068,0.00283416,0.59405559,0.03805953,0.23647887,0.24385406,0.01908258,0.20972757,0.00643620,0.51235616,0.00282216,0.70343786,0.70799989,0.75435776,0.57523024
0.00054493,0.17520300,0.98645532,0.00443500,0.47147059,0.01057468,0.35108203,0.95431161,0.64817446,0.94981903,0.00120439,0.01371709,0.12313119,0.37532482,0.07954146,0.05492073,0.68424940,0.00252401,0.81990248,0.00137035,0.02451454,0.18189065,0.99477816,0.10753157,0.00142273,0.00013060,0.16404259,0.00859131,0.00122029,0.21127495,0.00225235,0.01925573,0.02080955,0.73284793,0.69372165,0.90213603,0.05081118,0.01631005,0.10101956,0.00763118,0.93423492,0.94135809,0.09615997,0.03689408,0.37994909,0.00899474,0.01210141,0.93850398,0.00017711,0.10591455,0.70873034,0.95774871,0.82960635,0.02260041,0.17574760,0.88725466,0.10442944,0.00214693,0.51019084,0.02254334,0.99160600,0.30927566,0.03248877,0.03724511,0.00530151,0.00242282,0.05250376,0.00633197,0.80916947,0.56744003,0.41144937,0.37437746,0.01434912,0.00083045,0.01864236,0.45941433,0.80451578,0.91623473,0.29687440,0.18226580,0.60131222,0.23506613,0.06946100,0.14460418,0.66775554,0.00015893,0.01213688,0.22358330,0.01093516,0.04352828,0.63927543,0.25540221,0.01281121,0.00355712,0.00215008,0.85158938,0.00223696,0.18270186,0.14336903,0.00427259,0.01388408,0.39226452,0.90068752,0.01719926,0.00305800,0.06071084,0.18048204,0.05402174,0.22037753,0.71658337,0.00906052,0.24959645,0.44333678,0.34920895,0.00568678,0.90363902,0.94862485,0.44348323,0.22705217
0.00128768,0.30285212,0.99030256,0.00078559,0.72499436,0.04717884,0.23558244,0.96598113,0.01518334,0.23594512,0.19905077,0.77082372,0.02283165,0.76603091,0.02355729,0.00008364,0.20753013,0.00041439,0.64250815,0.20005310,0.00881547,0.17601913,0.93704242,0.01960693,0.00393280,0.00014958,0.12357283,0.00778248,0.04526190,0.23701088,0.15781052,0.63599432,0.05324429,0.62873858,0.69019789,0.74919015,0.02033789,0.00131264,0.03694531,0.01407154,0.95252109,0.84719402,0.06388805,0.04112621,0.21078740,0.00141796,0.00281055,0.57793242,0.00042208,0.27121574,0.89342386,0.92547822,0.02135046,0.15438385,0.07415555,0.97114801,0.03178849,0.00002037,0.17825849,0.00301195,0.98980957,0.04496456,0.55266380,0.00410035,0.11131691,0.03795145,0.05117572,0.02095132,0.74527860,0.90703958,0.47590142,0.76898420,0.44805583,0.03996279,0.00881477,0.95940703,0.06024851,0.89453626,0.08030442,0.03563920,0.98862046,0.05029543,0.04142543,0.05836162,0.67867815,0.00092648,0.31597909,0.30117494,0.00384084,0.40308654,0.70173234,0.24877007,0.16900933,0.00263053,0.00051095,0.97698742,0.00189996,0.11559180,0.02216545,0.00041347,0.00323701,0.32917425,0.04297798,0.05428001,0.04559144,0.75364435,0.18911047,0.01784115,0.00287292,0.71615273,0.02072297,0.37649632,0.00253922,0.64541370,0.00332187,0.82136494,0.93268520,0.69783568,0.47832751
0.00336349,0.24215157,0.98018736,0.00106230,0.83162296,0.28319243,0.29048872,0.94907779,0.23496997,0.03932701,0.36224091,0.72832966,0.95681494,0.69702566,0.06423374,0.00633106,0.28511268,0.00015444,0.39700922,0.04937312,0.00055015,0.04210121,0.21478730,0.01877682,0.00163870,0.00167130,0.09921696,0.00952294,0.29143611,0.63126534,0.43608230,0.37997690,0.03208617,0.58997017,0.51289409,0.96776313,0.11237250,0.00581332,0.01428595,0.04043007,0.96004224,0.55233508,0.02163194,0.10917094,0.02566769,0.03761544,0.00612640,0.19090304,0.00202223,0.15706390,0.82040495,0.97003388,0.68953449,0.34022865,0.04301786,0.83270127,0.03928414,0.00005539,0.12483923,0.00874400,0.80583984,0.47943619,0.53226215,0.03036778,0.20689139,0.01145722,0.08796494,0.01257150,0.79785985,0.59637254,0.46980244,0.80348450,0.00934208,0.02606552,0.00529678,0.93571681,0.00084211,0.77981240,0.16742320,0.33200634,0.94460839,0.02457096,0.34642327,0.12595029,0.67430001,0.00135887,0.01518963,0.52819288,0.02093993,0.33941534,0.45415214,0.11685713,0.03524458,0.00153947,0.00626117,0.91378820,0.00507049,0.62720394,0.91842628,0.00013912,0.00443414,0.43781689,0.85332155,0.10575663,0.02215223,0.40835619,0.20428845,0.53318864,0.00341231,0.89489841,0.03525482,0.10247862,0.69409150,0.81240422,0.00442447,0.07837355,0.68140978,0.47907177,0.79333282
0.04626753,0.02618048,0.68896872,0.08771355,0.66093922,0.05210829,0.00218564,0.14178722,0.77637595,0.01077512,0.00485822,0.22078180,0.97248983,0.01525235,0.07291544,0.00369118,0.48935950,0.31017491,0.37480688,0.06714527,0.00644234,0.76371348,0.67172778,0.51793575,0.00013639,0.00019957,0.01420345,0.14635453,0.00575948,0.68933624,0.00508139,0.00476565,0.34655297,0.92353565,0.35084239,0.22426310,0.37248832,0.00037011,0.09980509,0.05109368,0.54040039,0.11920428,0.01380617,0.24273269,0.76040697,0.10104277,0.03364428,0.22276704,0.01693591,0.03040775,0.20773670,0.66169608,0.87267625,0.69095296,0.01429375,0.95807427,0.75493503,0.00027279,0.03135893,0.00534177,0.64294571,0.40407127,0.43831077,0.00039590,0.23705930,0.00539971,0.31249037,0.10195525,0.99814928,0.93034452,0.28790316,0.00448093,0.16616915,0.00608656,0.01041469,0.18856817,0.19093844,0.03790087,0.70541108,0.54189968,0.73070651,0.01496551,0.06424281,0.00671617,0.03278115,0.10962883,0.60508126,0.73003644,0.13457249,0.94343603,0.97931683,0.07492314,0.03926520,0.01888296,0.03034547,0.73268485,0.00497705,0.04785427,0.55465639,0.00108337,0.02502437,0.38988563,0.90439737,0.21841244,0.62710726,0.00369280,0.01225304,0.01243369,0.58799684,0.04642585,0.35734925,0.11824117,0.00223607,0.88290894,0.00835102,0.85257453,0.52964014,0.02932382,0.26830432
0.02249350,0.07558799,0.76953983,0.01710395,0.61825526,0.07849679,0.00279812,0.15461455,0.03604149,0.01558670,0.63502222,0.59014779,0.36681041,0.02417754,0.10892410,0.00249395,0.31549069,0.20745750,0.16427362,0.00099752,0.00423930,0.84710270,0.33507437,0.68256903,0.00006029,0.00104816,0.01735383,0.22089104,0.02874575,0.92211902,0.12594372,0.24155653,0.17066669,0.95121795,0.50653487,0.18997148,0.55123824,0.48947358,0.10580177,0.00644005,0.20596571,0.05714133,0.02707066,0.26911953,0.63020188,0.05302337,0.04895268,0.15246677,0.02365579,0.13041122,0.25321573,0.18789801,0.00051376,0.71065420,0.01815697,0.09309884,0.84639376,0.00056068,0.02837932,0.02276521,0.93596619,0.04604944,0.87513345,0.00031551,0.32899287,0.25304309,0.25367084,0.14389372,0.99892265,0.96030211,0.14171098,0.01515544,0.00157665,0.43181384,0.00483547,0.94186825,0.68190742,0.26123917,0.77913469,0.13658813,0.89994621,0.04623400,0.39998221,0.00190268,0.21377161,0.26966169,0.00180586,0.62066483,0.09265610,0.00698711,0.99132526,0.01732354,0.60418004,0.00574836,0.07330155,0.99610281,0.05024762,0.40861884,0.62182993,0.00060267,0.10710207,0.34792882,0.00076303,0.26538339,0.46614569,0.30760741,0.04281981,0.04024646,0.00789269,0.04488615,0.17936748,0.30649349,0.41354215,0.97407293,0.00426107,0.51684815,0.56758279,0.06322771,0.24357823
0.02086110,0.02160080,0.61268532,0.00114665,0.77107841,0.38262555,0.00268408,0.39761770,0.05560237,0.25481242,0.00750038,0.06491594,0.05544147,0.15822904,0.58679116,0.00044444,0.55828947,0.04061916,0.43234059,0.34805596,0.05588035,0.62744731,0.05921434,0.76333433,0.00061970,0.00358012,0.01123139,0.87763846,0.03957481,0.00615627,0.13487315,0.59263647,0.28849909,0.92719096,0.47431439,0.19602489,0.34580076,0.00003191,0.03057349,0.00007052,0.55728614,0.29180697,0.00013827,0.08336389,0.72381490,0.27961016,0.04915115,0.14259997,0.06368155,0.09107154,0.54562259,0.48008004,0.91545588,0.53158087,0.00403046,0.03762637,0.34955353,0.00680693,0.01307838,0.01842405,0.10410582,0.79647666,0.67351753,0.00033869,0.02118090,0.00281157,0.39527395,0.26636171,0.98873186,0.94282115,0.35223928,0.00615762,0.57652086,0.00186084,0.00826129,0.66252750,0.00090676,0.28360489,0.75568271,0.34173971,0.56044567,0.23780647,0.36258081,0.00235330,0.39741805,0.18345992,0.52576452,0.73538834,0.06386852,0.95336014,0.90736324,0.00549626,0.01743423,0.01329530,0.08104553,0.99919295,0.11168506,0.51343185,0.66361892,0.00084330,0.13250522,0.74786395,0.95662111,0.38407612,0.69040602,0.91744173,0.07439847,0.39243460,0.00200150,0.00126466,0.08112789,0.41676831,0.00218632,0.31339818,0.00507781,0.47475812,0.05904038,0.05172563,0.16320908
0.01075835,0.04243170,0.78451198,0.08858953,0.51154804,0.02745887,0.04000077,0.29792997,0.11060200,0.02373863,0.00503756,0.81399125,0.92322916,0.09262384,0.36639708,0.00175308,0.35407349,0.03490497,0.70334589,0.34104219,0.17999379,0.76760095,0.10552081,0.51602298,0.00135180,0.02939358,0.04857611,0.50597948,0.20975822,0.41253492,0.35708302,0.00393388,0.27931839,0.97300714,0.91811824,0.16293707,0.44160908,0.32988444,0.17383623,0.00155088,0.33193767,0.19650687,0.00549514,0.15006761,0.56642449,0.51246887,0.08535168,0.15534285,0.08672429,0.12550506,0.05253148,0.24339677,0.00056383,0.55547094,0.03884336,0.97950578,0.04277301,0.01191744,0.02406608,0.11972167,0.07356360,0.00435378,0.59972233,0.00023738,0.07395405,0.33525062,0.10117256,0.32208508,0.97015756,0.57297373,0.22403231,0.03757308,0.12733036,0.24664558,0.12850240,0.26134834,0.00195653,0.11774616,0.44586897,0.33509839,0.24863905,0.25699663,0.39960775,0.00399414,0.30177236,0.15453470,0.07863530,0.37275070,0.43874609,0.01218059,0.89272791,0.03487483,0.24651958,0.07568317,0.19041248,0.95240033,0.02456785,0.17698887,0.58272302,0.00274638,0.12316205,0.72395718,0.01169408,0.39099136,0.59871942,0.01077724,0.01070193,0.06329608,0.11834054,0.00654988,0.67930001,0.63171375,0.02501096,0.26390415,0.00429815,0.48968542,0.02546780,0.01009057,0.40463883
0.04566065,0.05528485,0.85957342,0.13363662,0.67550778,0.02204464,0.03045098,0.39928606,0.38619879,0.20475133,0.29305080,0.07580491,0.22814761,0.12790936,0.51896471,0.02528121,0.73830563,0.02861511,0.61422002,0.00635404,0.07064292,0.50153506,0.43178606,0.24580835,0.00978553,0.02719809,0.00534604,0.14041243,0.03902968,0.04610906,0.03785894,0.00056831,0.30282280,0.93272609,0.47826165,0.14703079,0.15322204,0.00005805,0.08883021,0.00780513,0.45261452,0.23190352,0.01026714,0.33256751,0.82038736,0.40208060,0.06978688,0.09160367,0.05964858,0.31524956,0.04794680,0.59723622,0.89723867,0.03016414,0.36235920,0.01382317,0.00869035,0.00313605,0.19800909,0.18168986,0.09854446,0.65374190,0.12410098,0.00737536,0.69077402,0.01206033,0.25286052,0.10242961,0.93109787,0.01152435,0.34189382,0.01587016,0.00625197,0.00389656,0.02191258,0.00530209,0.44595394,0.08740605,0.44436425,0.47634202,0.28594974,0.12329786,0.27070335,0.00964103,0.47192121,0.26265553,0.00063812,0.21312155,0.23250386,0.91395700,0.90277839,0.05677560,0.15108992,0.43987799,0.03984767,0.79027933,0.03730369,0.30305061,0.62716860,0.00833107,0.18007106,0.86414355,0.89695555,0.18697321,0.60739213,0.00203031,0.08189868,0.01261960,0.15599668,0.01625530,0.73131591,0.75634116,0.24503182,0.03511866,0.03593202,0.43652752,0.48226193,0.04320293,0.18010063
0.00471013,0.02338200,0.57708347,0.00161852,0.65283054,0.02336754,0.00626913,0.40972745,0.04200697,0.22258504,0.00027225,0.18030976,0.00824806,0.06943888,0.60857403,0.01343023,0.65213877,0.03512195,0.75956279,0.00727268,0.06834973,0.71244496,0.11114264,0.48766384,0.01148377,0.00322089,0.04082594,0.05186741,0.03098183,0.36759025,0.00669667,0.02338733,0.30370927,0.92099708,0.63324463,0.33020493,0.32070115,0.13502286,0.24723507,0.01222485,0.67260271,0.27907297,0.02081200,0.28458950,0.77143234,0.41693252,0.03654308,0.18946056,0.01204588,0.40663648,0.20052075,0.37836424,0.00183408,0.04656525,0.18540530,0.05356789,0.01085588,0.00018141,0.12210021,0.11531764,0.43429083,0.04835406,0.28635690,0.00259576,0.27696168,0.01277180,0.39426318,0.08592150,0.77444667,0.37125605,0.18142202,0.04959473,0.47203660,0.31251362,0.03026546,0.33489698,0.76156378,0.07523932,0.79587686,0.60201615,0.57456487,0.06984218,0.05898141,0.01870198,0.24713798,0.03687618,0.46212959,0.18134691,0.18707439,0.00600846,0.83286458,0.10825153,0.09010157,0.22511227,0.06516898,0.84414202,0.02250455,0.35820588,0.57624829,0.02860004,0.37531850,0.81378001,0.03702985,0.33563116,0.39953941,0.08542194,0.10295223,0.00234379,0.12209183,0.15329002,0.19330159,0.28456134,0.00051555,0.42839220,0.03574445,0.26088673,0.69068509,0.13114634,0.31054780
0.00349771,0.04191836,0.74624765,0.00043685,0.46569380,0.28403884,0.00576707,0.19976948,0.08321688,0.12418577,0.04260460,0.19036111,0.29454222,0.19596839,0.32375029,0.00351693,0.59837741,0.01937869,0.77727705,0.13583715,0.02009223,0.48223510,0.33262828,0.46266368,0.00107699,0.00246915,0.05223354,0.04840823,0.08807870,0.37360618,0.03662910,0.11710055,0.12902957,0.93921345,0.61993557,0.31171486,0.21946204,0.00036609,0.39401171,0.02119449,0.47348422,0.35531056,0.09388306,0.36070064,0.32769948,0.49387661,0.03728832,0.02204784,0.00977929,0.13548850,0.13265039,0.65932351,0.74754810,0.06113059,0.07829418,0.83757484,0.00906397,0.00021911,0.16725162,0.10308763,0.71447867,0.40223438,0.34724501,0.01003014,0.08438596,0.00767609,0.12479614,0.01219294,0.82536101,0.69473159,0.23028830,0.08957378,0.14313802,0.00795183,0.01757572,0.42616123,0.02366696,0.15375364,0.23203754,0.39113337,0.68847007,0.05114181,0.14073750,0.01853984,0.14228012,0.01430309,0.01123631,0.17106055,0.35948303,0.66968793,0.78969997,0.19123474,0.16646641,0.09864242,0.01140207,0.89855462,0.00299634,0.30039957,0.34351233,0.00271234,0.18681814,0.78348738,0.64027131,0.44378781,0.47543868,0.15237595,0.10492697,0.06538144,0.03384876,0.08326979,0.36235359,0.36062258,0.04384025,0.55753422,0.00072417,0.41964680,0.36340562,0.20256418,0.20569700
0.00274618,0.11851139,0.50281721,0.00391848,0.32248601,0.81975305,0.00398801,0.18492177,0.03736448,0.24917689,0.58606189,0.48322880,0.05000575,0.38432935,0.27595195,0.01825120,0.29432842,0.00388244,0.88313818,0.05544459,0.04495911,0.76872921,0.21229473,0.65603262,0.01257736,0.00036421,0.05466158,0.01952940,0.12262429,0.37086749,0.09077465,0.17032404,0.41000405,0.96400708,0.79759818,0.07059660,0.25487083,0.12562180,0.11305079,0.07753675,0.82708317,0.15753154,0.03185313,0.16464414,0.56258184,0.68871385,0.00974345,0.00595841,0.00123567,0.43276697,0.58745414,0.32281488,0.00099466,0.19389480,0.30957723,0.08871145,0.00404204,0.00333883,0.18126737,0.04746950,0.35030538,0.05117863,0.50759560,0.07514425,0.54117382,0.01296936,0.06746110,0.00748012,0.57429093,0.76656669,0.32060960,0.60171533,0.00241298,0.13397348,0.02789579,0.82615870,0.00305124,0.41369414,0.80201846,0.13640712,0.09563418,0.16208273,0.24184532,0.03142612,0.23455738,0.00558251,0.00154811,0.10593327,0.14701664,0.00184159,0.61149466,0.56846642,0.28618675,0.12672476,0.00439204,0.96956342,0.00183491,0.24257888,0.38428253,0.02256697,0.21027082,0.95220464,0.02863025,0.36457473,0.53858912,0.42894483,0.55902320,0.29314023,0.00436440,0.02733866,0.26928413,0.64264071,0.15733452,0.41015264,0.00575767,0.38555750,0.28315589,0.24434198,0.32707828
0.00235539,0.04083522,0.85328835,0.20598653,0.16219634,0.13245887,0.00848473,0.36794963,0.13436730,0.74994522,0.00074530,0.05764441,0.54265064,0.34670466,0.12973577,0.02080414,0.76273048,0.00136292,0.92216313,0.06912426,0.06134151,0.30389348,0.72985226,0.69773775,0.03345438,0.00066858,0.07043377,0.02890336,0.06381145,0.01409712,0.04596474,0.00853199,0.44900671,0.94073111,0.23153301,0.36893764,0.36043057,0.00003169,0.06699166,0.04291218,0.89079410,0.17522757,0.07489904,0.18802026,0.56362784,0.49672815,0.00864964,0.01720187,0.00625228,0.52618849,0.53275341,0.28661987,0.97547430,0.31199428,0.22000939,0.63050419,0.00257789,0.00294216,0.08044808,0.00313133,0.03628358,0.54772204,0.41377440,0.02668813,0.42479700,0.00374962,0.11440684,0.02196532,0.17847624,0.16208334,0.30729204,0.22474094,0.21617495,0.00399862,0.00661973,0.08947698,0.00525640,0.32523683,0.67332989,0.21845993,0.64848077,0.09686186,0.07715432,0.08846962,0.01815271,0.00553772,0.44806239,0.04468688,0.03676773,0.88583958,0.20094919,0.38701868,0.47546551,0.80109191,0.00162977,0.95995659,0.00620536,0.44764349,0.35948792,0.01076377,0.08426874,0.99614364,0.83853185,0.47040921,0.37743217,0.00710413,0.73642564,0.05889446,0.00397311,0.00221498,0.19801638,0.56548584,0.01421363,0.08278424,0.00352072,0.25516099,0.13740116,0.38230273,0.20278363
0.00561405,0.14556716,0.86042392,0.02595022,0.11630101,0.03288471,0.00437875,0.10017870,0.40626681,0.06917945,0.18124002,0.38373816,0.08843950,0.12350939,0.13230968,0.07822514,0.33208871,0.00507104,0.92797869,0.03643023,0.04703907,0.81888247,0.90567446,0.76577395,0.00195632,0.00034740,0.02319040,0.18855289,0.12882854,0.25888953,0.12648460,0.00260588,0.13841835,0.86641920,0.28870681,0.07794847,0.02584324,0.39839366,0.02117999,0.16600494,0.96203667,0.17895173,0.23514740,0.09368078,0.15495069,0.36049512,0.01299966,0.00295254,0.00620251,0.41826138,0.14233758,0.82239830,0.00066895,0.13069873,0.05905906,0.55711520,0.00681821,0.00090155,0.30231526,0.00905944,0.31888068,0.03871103,0.39539623,0.02623468,0.78187001,0.08927779,0.06343371,0.14341764,0.23735712,0.20285966,0.09461524,0.49666807,0.04567549,0.09831932,0.00182900,0.01602489,0.08812080,0.67957795,0.57509524,0.06403803,0.72336888,0.02596527,0.15201277,0.05270724,0.03318201,0.01609808,0.00118522,0.04624378,0.05490307,0.02647041,0.40295094,0.30506489,0.40537900,0.28476879,0.00073040,0.85768700,0.04237141,0.17295945,0.86332023,0.06875969,0.03843878,0.97235799,0.12117708,0.34465203,0.08793986,0.00504512,0.76859123,0.06700842,0.12603837,0.01144997,0.43692353,0.89667767,0.05127131,0.43246570,0.00036190,0.13066256,0.66525865,0.62554425,0.41507107
0.00502650,0.28472701,0.52159524,0.00118423,0.09773409,0.10549485,0.00425157,0.43285042,0.45406243,0.15832047,0.01106082,0.23709425,0.10019363,0.06214945,0.05138989,0.02555636,0.48186904,0.02362024,0.74238080,0.03763430,0.00285776,0.57411659,0.86326611,0.90445036,0.00164819,0.00094588,0.00553559,0.02449367,0.12149265,0.52608860,0.03401300,0.07716857,0.31074268,0.57009161,0.18182121,0.17122087,0.13458975,0.00008266,0.04294969,0.08240014,0.97153449,0.10350130,0.33462229,0.01150703,0.27586964,0.66232747,0.02401008,0.01285147,0.00507113,0.65231729,0.04841685,0.96448857,0.94352376,0.24677767,0.01265923,0.08607870,0.02795401,0.00010589,0.38372019,0.01146176,0.54564798,0.32968879,0.21667647,0.03206692,0.61269462,0.00229200,0.06234063,0.08951191,0.20016532,0.39486834,0.05795812,0.22619438,0.02243850,0.00477218,0.00188887,0.10097328,0.07759584,0.63802743,0.62318683,0.03272400,0.60869497,0.08758407,0.13066901,0.07007808,0.37374163,0.00918128,0.00797892,0.04269060,0.09166598,0.83635473,0.37650803,0.17085478,0.06982208,0.08223861,0.00044562,0.97836226,0.01461716,0.51589602,0.98133641,0.04180994,0.19855823,0.99784005,0.52654433,0.02612745,0.27976763,0.06734365,0.80028850,0.00734231,0.01378297,0.28072619,0.25937626,0.37873304,0.04076077,0.58864820,0.00040861,0.21743228,0.28015453,0.90635705,0.59496820
0.00872824,0.17701335,0.76064807,0.00329290,0.15506117,0.25087526,0.00495114,0.64760113,0.33019525,0.16496225,0.03708053,0.42354819,0.22799413,0.00876456,0.09807123,0.00541289,0.60481745,0.00988650,0.79016507,0.03485195,0.00437314,0.35405639,0.34847236,0.85749507,0.00373506,0.00128919,0.00582041,0.02404025,0.22318333,0.43523031,0.05399951,0.09489411,0.23914242,0.75194138,0.29705715,0.08705242,0.09102488,0.00699404,0.09565192,0.03854833,0.84902906,0.47096995,0.36481240,0.00471985,0.22770424,0.47140405,0.00815798,0.22157677,0.01320613,0.56063813,0.14753902,0.97014564,0.01371013,0.20683110,0.01998336,0.84056616,0.06540420,0.00023719,0.13953932,0.01809090,0.85431468,0.64378631,0.13972096,0.00600561,0.15384437,0.01942481,0.05669203,0.04583629,0.23410593,0.45973262,0.06228213,0.10792158,0.04305207,0.00770004,0.01333725,0.31869408,0.03069549,0.30589294,0.57194120,0.02447983,0.72318637,0.11299417,0.08950228,0.54965770,0.10207833,0.01331962,0.03979259,0.17837568,0.05787131,0.05610294,0.42685598,0.14589068,0.10757510,0.00560452,0.02885829,0.89249551,0.00887627,0.21732557,0.80735672,0.03356482,0.15604708,0.99388039,0.13039720,0.19247343,0.20051900,0.21322735,0.75820857,0.11726645,0.01809757,0.10082154,0.10238705,0.11628395,0.01666096,0.54169881,0.00112805,0.14067237,0.39605755,0.93707049,0.29664510
0.00674597,0.20197824,0.54352391,0.01486940,0.41585079,0.08843180,0.01042953,0.49825484,0.21087746,0.04860681,0.03302961,0.22491011,0.31715733,0.15313114,0.14939860,0.00574737,0.26124439,0.02901240,0.75055206,0.05615316,0.02156760,0.60737622,0.26875964,0.18168208,0.00360283,0.00080302,0.02203749,0.05688049,0.03438222,0.31978095,0.05257327,0.05732154,0.23926209,0.76721597,0.66596031,0.49007812,0.09196715,0.00611290,0.12568915,0.06519225,0.49422765,0.43856460,0.27483311,0.08011225,0.40531045,0.14486311,0.04467851,0.33538213,0.02132303,0.07823344,0.26881823,0.67761338,0.23802829,0.32211259,0.05022869,0.52335352,0.32386544,0.00055937,0.05157723,0.02506679,0.56393546,0.17668900,0.34217116,0.01427194,0.16032597,0.01716306,0.50405520,0.03840238,0.51475960,0.70829105,0.33746806,0.26397669,0.04714588,0.01223956,0.02368111,0.31933790,0.08744339,0.11656490,0.09325087,0.39232495,0.57994699,0.06053083,0.11192821,0.42006379,0.22515711,0.02195328,0.02494478,0.07903334,0.06325303,0.25145257,0.68586999,0.05721210,0.19072394,0.02779695,0.03412670,0.25810280,0.00822665,0.27838904,0.36141273,0.00210147,0.07660079,0.51311553,0.39629173,0.33107987,0.41374913,0.05848550,0.20144030,0.03454046,0.04351728,0.31563902,0.13735364,0.53242129,0.01920867,0.47801587,0.00192953,0.39317599,0.53592223,0.29696819,0.43739143
0.00899995,0.08390076,0.38371637,0.00655996,0.34519908,0.08071261,0.01379824,0.42588291,0.21315476,0.04649645,0.08012320,0.30872947,0.38389173,0.29617044,0.20317137,0.00453890,0.18442568,0.01233600,0.88028193,0.02164404,0.02304409,0.64441574,0.18247059,0.26079780,0.00104465,0.00134076,0.03669443,0.04547803,0.10215038,0.34829813,0.06475375,0.06298769,0.44519982,0.67652810,0.52768767,0.75113952,0.10192128,0.00469490,0.06592336,0.03944698,0.54130781,0.81658262,0.22405404,0.12577511,0.55200064,0.15651265,0.03261397,0.43329656,0.02091406,0.11863804,0.22742914,0.75476646,0.15079124,0.23835656,0.03762481,0.72787559,0.46075833,0.00061574,0.09048315,0.01251992,0.87343746,0.26286325,0.29521641,0.00537087,0.17640740,0.00674422,0.30221808,0.02872108,0.61844939,0.72493345,0.18452527,0.11013003,0.02440390,0.02328147,0.01665783,0.21596418,0.18926188,0.15436043,0.13036686,0.32410756,0.77271247,0.06559088,0.09973790,0.39831150,0.23559569,0.01979735,0.02465478,0.14657268,0.05985295,0.61236650,0.69417220,0.02934131,0.13052130,0.01645152,0.01525569,0.38906381,0.01275117,0.13393983,0.17051400,0.00279496,0.08501144,0.39211211,0.28645101,0.17871819,0.40198594,0.06170502,0.21192145,0.03233833,0.00971383,0.11883194,0.16792119,0.34925517,0.01929374,0.42701995,0.00153821,0.38705069,0.66806781,0.34201962,0.32077086
0.00259178,0.08191884,0.68470865,0.00694242,0.30084375,0.09931554,0.02595985,0.41429329,0.25684366,0.06852325,0.17592795,0.17773126,0.28225455,0.35773256,0.49658561,0.00440664,0.12133963,0.01365188,0.86988342,0.03618500,0.01781860,0.57894278,0.31106865,0.45634720,0.00356015,0.00152197,0.03977661,0.02670525,0.16772285,0.39930886,0.04415804,0.06850444,0.27658653,0.70596856,0.54081184,0.84069937,0.08190448,0.00339612,0.08708697,0.04464097,0.58355093,0.62702322,0.32893395,0.07261135,0.55799115,0.19279625,0.03874164,0.41306981,0.00916202,0.08463663,0.38800609,0.96209329,0.06419145,0.26467150,0.06536844,0.52100134,0.36727327,0.00069891,0.04954673,0.01196743,0.92077541,0.19425166,0.32156280,0.00472541,0.13012281,0.01006830,0.42345640,0.02167472,0.45935634,0.69064403,0.22812733,0.22337867,0.02351476,0.04870818,0.03441716,0.34376100,0.08751912,0.13195603,0.10160296,0.26843011,0.67079377,0.10879944,0.13266835,0.38505518,0.22360305,0.00768867,0.05099222,0.16641170,0.04383188,0.31391889,0.49057156,0.03113642,0.24724859,0.00883560,0.03470070,0.34876472,0.01587815,0.29945105,0.13679010,0.00202949,0.09092485,0.37682453,0.37155584,0.13600466,0.39974460,0.03464396,0.16813637,0.03131083,0.00829164,0.06423025,0.38419792,0.40857062,0.01697604,0.26195765,0.00330020,0.39308143,0.54817158,0.37463081,0.39322561
0.00085424,0.07417060,0.63403559,0.01378473,0.53588271,0.19819042,0.01800395,0.30268809,0.12822485,0.09426721,0.03564788,0.31082100,0.34870031,0.29002339,0.32941386,0.00344699,0.15979964,0.01603637,0.86907363,0.04520583,0.06322728,0.52740091,0.23384757,0.20311350,0.00236147,0.00160581,0.02044283,0.04992926,0.19981900,0.48409340,0.08221114,0.13679025,0.34625450,0.71507055,0.69728851,0.76454186,0.06793506,0.00296636,0.06809656,0.02737505,0.63121438,0.64153969,0.27959642,0.09784875,0.53153390,0.11086261,0.03768823,0.51966977,0.01606133,0.14120243,0.34126094,0.72735935,0.18641968,0.09325226,0.05629840,0.70205009,0.48185396,0.00090153,0.05973429,0.01407027,0.50882232,0.15271914,0.32896519,0.00539165,0.14168844,0.00976288,0.37720242,0.03390581,0.50888103,0.71602184,0.24993961,0.17615557,0.03158414,0.02887477,0.02594540,0.43264145,0.06267388,0.09417133,0.05086988,0.38836873,0.55837584,0.06827565,0.15969443,0.46346506,0.13767233,0.01270408,0.04234333,0.11403959,0.05202527,0.49100754,0.48364002,0.03005604,0.16699049,0.02209206,0.04759777,0.27160922,0.00959257,0.25791094,0.37794265,0.00306538,0.07320728,0.40782285,0.29669553,0.18153566,0.37226546,0.09525024,0.23889431,0.04824071,0.02273611,0.12089174,0.39346665,0.48214242,0.00651856,0.22372565,0.00162317,0.50012469,0.44466987,0.46220532,0.42717510
0.00366931,0.04861248,0.48967659,0.01673373,0.32603443,0.19489448,0.03053447,0.34244990,0.20844501,0.06249725,0.07604854,0.25035137,0.60542911,0.17285052,0.20874318,0.02175852,0.06642560,0.01021254,0.87377459,0.03266656,0.05023302,0.73654330,0.13054097,0.39298755,0.00128683,0.00134981,0.02785723,0.06655310,0.14577033,0.33024538,0.10816508,0.07569061,0.28919807,0.66741633,0.62565976,0.80283970,0.11659127,0.00357225,0.09507172,0.03968696,0.60712570,0.62380797,0.42876074,0.12640676,0.58051157,0.21825966,0.05512422,0.49265724,0.00686958,0.07624746,0.19762333,0.67003268,0.11805741,0.14324698,0.02109379,0.49842095,0.34248194,0.00085105,0.04866631,0.01292134,0.68590432,0.17029493,0.41041875,0.00102043,0.17085242,0.01411559,0.33098465,0.01726075,0.41980809,0.62211382,0.25520810,0.15128365,0.02171681,0.05579142,0.01494001,0.40111127,0.11047813,0.09197008,0.08035761,0.27347201,0.56593663,0.05457978,0.16568822,0.43838200,0.22368211,0.00651182,0.02163980,0.12141076,0.10270482,0.34004954,0.46135315,0.03038591,0.17773083,0.02200857,0.04738947,0.25844863,0.01553623,0.32718703,0.27591261,0.00588755,0.04993661,0.45233080,0.31108263,0.21598463,0.25829354,0.07598566,0.20835452,0.02336435,0.04246339,0.07483155,0.32022324,0.26320505,0.01645578,0.38855827,0.00279219,0.48913163,0.48848358,0.65264517,0.38111275
0.00489284,0.06677877,0.56917578,0.04101281,0.34004170,0.11192371,0.03056912,0.43318817,0.14992987,0.10063137,0.16552258,0.35858274,0.44189307,0.22991496,0.38603815,0.02604238,0.12008090,0.02292837,0.89295697,0.05113005,0.02736841,0.86050642,0.25749439,0.26973569,0.00417385,0.00101154,0.04615691,0.04817525,0.11002484,0.28941202,0.05753874,0.02790979,0.25477144,0.74172783,0.77697080,0.89077431,0.16300479,0.00495008,0.14535651,0.07215802,0.52892429,0.39059579,0.45400897,0.09887484,0.53313929,0.27269113,0.04915336,0.36957091,0.00641165,0.08265962,0.12781523,0.81058818,0.12188222,0.21416217,0.04554983,0.44942459,0.37281984,0.00069936,0.05709995,0.02206425,0.47013044,0.18436024,0.46088690,0.00199364,0.11007404,0.01543443,0.19045320,0.02546772,0.62082547,0.38988796,0.25792658,0.15762849,0.02802976,0.01959378,0.01950337,0.16883853,0.25936633,0.11061187,0.10152512,0.41273555,0.76975751,0.06680938,0.08864525,0.34439933,0.27509609,0.01695697,0.01671523,0.16310932,0.05321587,0.62542599,0.50709563,0.01469254,0.10245880,0.02867316,0.02267965,0.42560044,0.00607795,0.41920841,0.42305925,0.00634026,0.05047832,0.37488618,0.39318857,0.12673724,0.26993835,0.02833841,0.14765690,0.03137783,0.01542530,0.17322420,0.34671903,0.26498222,0.01921448,0.71344697,0.00355372,0.57569337,0.57567990,0.48761904,0.41070226
0.00744482,0.09732088,0.41320920,0.02475413,0.45770556,0.07988116,0.01373317,0.55710369,0.11580119,0.11724167,0.06844405,0.45422485,0.43726605,0.17381985,0.23604156,0.00519180,0.11523620,0.01272320,0.85868299,0.04006626,0.01003847,0.83289772,0.40388405,0.17976177,0.00338771,0.00170677,0.03566489,0.08513730,0.05113794,0.38536870,0.08375530,0.02992327,0.28903723,0.69863963,0.81116241,0.85563987,0.14966932,0.00353889,0.09529720,0.12099490,0.38065550,0.24885981,0.56760067,0.12683159,0.66308755,0.21112436,0.07843991,0.45488212,0.00773354,0.09980929,0.26257530,0.72059458,0.10871161,0.34528628,0.05494239,0.24775113,0.33267429,0.00089702,0.05788335,0.05559110,0.74842519,0.14615317,0.24881850,0.00317830,0.13891689,0.01510699,0.53320402,0.03817157,0.47097379,0.50145864,0.15201013,0.22469866,0.05518112,0.02124590,0.01752507,0.32351577,0.19052768,0.09353001,0.17429046,0.37667277,0.73605114,0.04166852,0.19825818,0.38907605,0.12101210,0.03305331,0.02261847,0.07312793,0.04757056,0.48814210,0.49442312,0.00636571,0.13350166,0.04757793,0.02372526,0.49553725,0.00400755,0.34442946,0.44374436,0.00196380,0.06697094,0.39485323,0.21814843,0.12900908,0.34381223,0.03598861,0.15422550,0.03671774,0.00618863,0.15215592,0.24968353,0.17961162,0.01102165,0.66336626,0.00207061,0.61780995,0.68630272,0.34369937,0.30228123
0.00744151,0.12120426,0.57333267,0.00688574,0.32833692,0.13318077,0.01450349,0.51579827,0.14391769,0.12132061,0.03905832,0.30375588,0.26970920,0.23894322,0.39694029,0.01018311,0.19036993,0.02120525,0.73573357,0.03675224,0.00829136,0.54165047,0.25064230,0.30134335,0.00565828,0.00289839,0.03586327,0.01637518,0.09752937,0.15846018,0.04826626,0.02498480,0.18217091,0.79329842,0.85372788,0.81962740,0.10981816,0.00239041,0.05452307,0.12029257,0.36961624,0.20997772,0.39252287,0.11783419,0.52081573,0.11601555,0.05390485,0.33248413,0.00926581,0.08353771,0.27731335,0.78577840,0.14894931,0.17858472,0.08296809,0.38933122,0.21967632,0.00087038,0.04640602,0.02481027,0.83520722,0.18477997,0.25263593,0.00709769,0.13676481,0.01752330,0.72539753,0.03888626,0.65973365,0.55841881,0.25779077,0.09754119,0.07604675,0.02781582,0.02361716,0.34386036,0.10154624,0.08505593,0.14595370,0.27935621,0.72820163,0.07815525,0.09897985,0.29287004,0.28662750,0.02322305,0.02990059,0.09967250,0.03736376,0.36982381,0.68726909,0.01146256,0.09165058,0.02707777,0.02020619,0.49919647,0.00816438,0.19024217,0.14762858,0.00514940,0.03791241,0.43751347,0.23105116,0.20786208,0.35907915,0.07908694,0.15117419,0.04217351,0.00685581,0.19257185,0.27220726,0.19370432,0.02094917,0.26763889,0.00075538,0.33114922,0.64173108,0.26629135,0.21475364
0.00615316,0.19250914,0.60542047,0.01312099,0.38315433,0.13425677,0.00939552,0.66229653,0.16000691,0.06455428,0.06157941,0.41494477,0.43803293,0.17034192,0.49284115,0.00489986,0.30120209,0.01901261,0.46203852,0.04585617,0.01144754,0.63667756,0.25355732,0.33446136,0.00347078,0.00373916,0.02657054,0.02992411,0.05428704,0.38237599,0.04661858,0.05408044,0.32647762,0.74762183,0.80455863,0.75516033,0.05307518,0.00541343,0.16886705,0.15537120,0.32211354,0.31089026,0.28865272,0.08650894,0.55396289,0.11428324,0.02905873,0.30476341,0.00922144,0.14754204,0.25086057,0.61937994,0.17482610,0.30451286,0.04814623,0.43547374,0.20541629,0.00115962,0.08188205,0.02424406,0.54130286,0.20632805,0.48810780,0.01643107,0.04501092,0.01980550,0.51393545,0.01977269,0.61529291,0.65473908,0.24554849,0.12039782,0.04015044,0.01452842,0.01929308,0.32011276,0.08981953,0.09714551,0.25784716,0.42188123,0.81293821,0.09360126,0.16895078,0.34499064,0.13179426,0.02268462,0.03994238,0.08082283,0.03002006,0.23203485,0.53300160,0.02640906,0.16320872,0.06042381,0.01389443,0.33841819,0.00871014,0.15098622,0.20981601,0.00374727,0.06612676,0.52656162,0.27527094,0.21282089,0.40346026,0.09374373,0.14833090,0.03754641,0.13196270,0.13377209,0.17632431,0.45673856,0.01987354,0.61240256,0.00156966,0.43863159,0.69564289,0.32891795,0.31353787
0.01164905,0.13037695,0.57656145,0.00656498,0.45859551,0.12944148,0.00638478,0.53222889,0.19600183,0.09384076,0.03404686,0.35750920,0.38715014,0.10640942,0.24986093,0.00356786,0.18144915,0.02131605,0.58291507,0.02700840,0.01259220,0.56734645,0.17590035,0.21356429,0.00541251,0.00112247,0.04865655,0.04529355,0.06196691,0.23312901,0.03626699,0.03972928,0.23269476,0.79154140,0.85004991,0.72321010,0.04736597,0.00392365,0.16037260,0.15210328,0.29961619,0.58684576,0.33768594,0.05628248,0.43493530,0.17988089,0.03213325,0.21240436,0.01198100,0.13000576,0.28723595,0.54796571,0.16644895,0.17475618,0.02792095,0.53890610,0.23294796,0.00057110,0.27936116,0.01637557,0.73433518,0.68723494,0.22118264,0.01301990,0.06602905,0.02141777,0.55479908,0.02169877,0.56101424,0.71944612,0.22505212,0.15994945,0.06404897,0.01028833,0.02123604,0.21197256,0.01722531,0.13040981,0.17368610,0.30124298,0.74795109,0.11555791,0.17537417,0.37339696,0.19183558,0.01869806,0.02561235,0.05000628,0.04182774,0.20201932,0.47999918,0.04655125,0.25774646,0.04683154,0.04239750,0.36300868,0.00482624,0.21143305,0.21676506,0.00269219,0.04948835,0.54880083,0.23175395,0.31979200,0.25181815,0.07013904,0.16401526,0.06367450,0.06964882,0.27992159,0.25422668,0.35528073,0.04194167,0.59727716,0.00598460,0.36823261,0.59388268,0.39539930,0.26947150
0.01109746,0.14688993,0.46880332,0.01513449,0.61163586,0.13116232,0.00730465,0.51158231,0.12708932,0.08133645,0.05765497,0.44944042,0.44349492,0.25073639,0.19853733,0.00709717,0.33667803,0.01407675,0.61463267,0.03314649,0.03350731,0.59205949,0.21280834,0.25185773,0.00294982,0.00097186,0.01825364,0.04583751,0.08835133,0.25209576,0.04127489,0.02489786,0.39734271,0.84730279,0.79099321,0.64559859,0.08919431,0.00606901,0.16775315,0.06891534,0.42468667,0.59191769,0.35473531,0.09019099,0.40366703,0.12480379,0.02805133,0.27127177,0.01114067,0.14286137,0.19781905,0.71917963,0.16640553,0.21166274,0.03889050,0.29781300,0.21971063,0.00061474,0.08381443,0.02025023,0.55218750,0.22419053,0.36628288,0.01944316,0.19634134,0.00918104,0.55482113,0.01508925,0.42284971,0.61353683,0.24727601,0.13433941,0.08319062,0.02843658,0.03124298,0.36673582,0.04797201,0.17062029,0.15674327,0.36447993,0.68734837,0.10044472,0.08779427,0.25933182,0.12127751,0.02744838,0.02432776,0.13818137,0.03049970,0.20547813,0.66637927,0.05792898,0.28743747,0.04440835,0.04611904,0.34570235,0.01006068,0.22523327,0.24424239,0.00284705,0.06419456,0.57640904,0.27968740,0.20836553,0.42971358,0.03904499,0.12540969,0.03081336,0.05056444,0.39493892,0.23513153,0.52824199,0.02295075,0.49868545,0.00335064,0.38632566,0.58178335,0.37071410,0.32984611
0.00557252,0.15038410,0.51686281,0.00700622,0.60723972,0.14829573,0.00925115,0.42801669,0.24503540,0.07450956,0.03155199,0.24086095,0.34083232,0.21758370,0.20646860,0.00772075,0.20127469,0.01367468,0.58734596,0.05199008,0.02104674,0.72429603,0.36087552,0.16173574,0.00407338,0.00123893,0.03610815,0.05141575,0.04229211,0.38697973,0.05646477,0.02449559,0.33808550,0.81985301,0.73019189,0.69319528,0.08214293,0.00419495,0.13248633,0.09952322,0.57732201,0.39223695,0.32532975,0.08212330,0.44267297,0.21828860,0.02098280,0.24060673,0.00799608,0.09896914,0.34794015,0.68441725,0.32057601,0.18165638,0.03777444,0.53255081,0.27478033,0.00121099,0.09843318,0.01358199,0.51638770,0.16388887,0.39792675,0.01103171,0.19490391,0.02222864,0.51137805,0.01912025,0.47849441,0.59057206,0.33119798,0.15264067,0.03772170,0.01947037,0.02375183,0.43987137,0.08088715,0.09462742,0.14039053,0.42603785,0.58791310,0.06556309,0.09105954,0.21956329,0.16595201,0.01935958,0.02274210,0.07747973,0.03078406,0.20832844,0.60003012,0.03182761,0.29975796,0.03405941,0.05655506,0.39676389,0.01255119,0.29407996,0.25450099,0.00261407,0.05037895,0.66202176,0.33558723,0.25219670,0.50510198,0.08280972,0.12886994,0.06522378,0.02679535,0.35169354,0.23549570,0.35311994,0.01692130,0.51419020,0.00217206,0.46491343,0.61804914,0.22411399,0.29159075
0.01114012,0.11930322,0.45558360,0.00953557,0.44742990,0.13764277,0.01149802,0.42639953,0.14171916,0.06549899,0.05763646,0.22290249,0.42200145,0.26478049,0.22906758,0.00637081,0.37906855,0.02648390,0.60352892,0.06335898,0.03222050,0.52311265,0.18664950,0.22124740,0.00238176,0.00094977,0.01857364,0.03780371,0.03566566,0.29540575,0.05690959,0.02959217,0.21423985,0.83245510,0.72066164,0.53055352,0.07111631,0.00419484,0.17149942,0.12901160,0.46915483,0.41338614,0.28238073,0.06950920,0.42619681,0.18836738,0.02327792,0.31841576,0.01645640,0.13025080,0.41486698,0.71625012,0.30797768,0.18656659,0.05578331,0.52820671,0.35764256,0.00151007,0.05068349,0.01646695,0.68046707,0.29899156,0.30548126,0.01868523,0.16044116,0.01051584,0.57100588,0.01775046,0.39643273,0.73669219,0.25397772,0.20552732,0.06728258,0.01209539,0.01649710,0.31392613,0.06301801,0.15995355,0.08934991,0.28250828,0.58636367,0.08567309,0.11687499,0.29697585,0.14471819,0.03452094,0.02561338,0.12998086,0.02631632,0.30020249,0.62446409,0.04154418,0.31539699,0.02569510,0.02919658,0.31861964,0.01173893,0.23472917,0.36817247,0.00461130,0.05643801,0.67278767,0.41783231,0.18289617,0.30395132,0.08461180,0.14235644,0.03728557,0.04430206,0.22609049,0.28003675,0.41887704,0.03094986,0.45334211,0.00347943,0.36586341,0.47539636,0.37959203,0.38795361
0.00781351,0.18616872,0.44960767,0.00823293,0.59512222,0.11042178,0.00780038,0.47269267,0.13063146,0.05062548,0.03122557,0.30980676,0.26326996,0.22296910,0.18893021,0.00457703,0.33711633,0.02741706,0.64169216,0.03057990,0.01804969,0.47188663,0.27245298,0.25528169,0.00147526,0.00140816,0.03449919,0.02770437,0.06923596,0.31829205,0.05977017,0.06147483,0.26207659,0.74808365,0.78366190,0.57407343,0.09713340,0.00374105,0.18691067,0.05600455,0.48740327,0.45131549,0.29937506,0.05318287,0.31090635,0.13182847,0.03532914,0.27827436,0.01791956,0.14996755,0.34097466,0.63233495,0.25563648,0.30505341,0.02792643,0.32704118,0.22454964,0.00095637,0.06101488,0.02583863,0.65872443,0.20969333,0.36773458,0.00761864,0.10310137,0.01483777,0.45005345,0.03406474,0.48586425,0.72167832,0.29170123,0.22441269,0.04925862,0.02109292,0.02339291,0.46745515,0.07103257,0.12691535,0.14079431,0.43826374,0.73097122,0.08426910,0.09252450,0.35283870,0.13874975,0.02591216,0.03760996,0.09102717,0.05920876,0.20592418,0.51158249,0.03897348,0.25541914,0.04537173,0.05525494,0.28746682,0.00991027,0.29575583,0.20218702,0.00337292,0.08391133,0.70445341,0.31843755,0.25074437,0.36709589,0.08363853,0.25086614,0.07081855,0.02185711,0.32482001,0.15305448,0.55161798,0.02686477,0.46918660,0.00290563,0.35353589,0.59102666,0.36004615,0.30919030
0.00599607,0.15180318,0.48883763,0.01287329,0.53639621,0.18272814,0.00892433,0.63008171,0.12007218,0.05620924,0.05413680,0.37831756,0.32070512,0.17459913,0.15183784,0.00439145,0.28225923,0.02496974,0.60940033,0.03772486,0.01911001,0.67237306,0.24790210,0.25841805,0.00324929,0.00128609,0.01770494,0.02551583,0.05137306,0.38126171,0.05034066,0.03836319,0.21096259,0.78977120,0.78138101,0.60358417,0.04593329,0.00417334,0.17855920,0.08865245,0.52591819,0.55284470,0.20250164,0.06561704,0.26082605,0.13551265,0.02230286,0.33657551,0.00862555,0.06833224,0.37271079,0.62041193,0.18383035,0.21703903,0.05048404,0.48734480,0.20268328,0.00065270,0.06868293,0.01343296,0.68753368,0.28334630,0.35488141,0.01863066,0.11957718,0.02638116,0.60027480,0.03047648,0.40036482,0.63565481,0.27819693,0.14694539,0.06827506,0.02334376,0.02296917,0.47713745,0.08411659,0.12999965,0.08887345,0.29466140,0.57851774,0.07736803,0.13960424,0.31315440,0.25422809,0.02842631,0.02426000,0.12902473,0.05551254,0.33480051,0.66126001,0.05362233,0.21412230,0.02994358,0.04717481,0.24899733,0.01568973,0.19553263,0.21325330,0.00202760,0.05345677,0.56122285,0.30787167,0.33624941,0.34601426,0.07891954,0.19477233,0.03107396,0.03879950,0.18624145,0.23145021,0.34791261,0.02889349,0.64797527,0.00318629,0.50525266,0.55743670,0.22738451,0.32356057
0.02422922,0.16747698,0.40429819,0.00940777,0.48467931,0.02783068,0.00428174,0.21321917,0.07095336,0.06561036,0.07019609,0.25043008,0.44107810,0.04143041,0.11401599,0.00520134,0.05923317,0.03168738,0.86929202,0.02775956,0.01363972,0.39661956,0.03132922,0.92723459,0.00220193,0.00117621,0.03861188,0.03582039,0.08877959,0.45826060,0.05989855,0.03315508,0.03313252,0.91727275,0.94017160,0.90232986,0.32610533,0.00600092,0.44833237,0.02138844,0.36138371,0.71583736,0.01340443,0.03259932,0.79948515,0.23315378,0.01656143,0.81864518,0.01369750,0.07740184,0.76969832,0.25413775,0.15821047,0.43097717,0.00388279,0.71155101,0.43133354,0.00043033,0.07354771,0.03744301,0.97992069,0.09113085,0.48669028,0.04486116,0.08366611,0.01353242,0.69935882,0.03101959,0.42268023,0.43670470,0.30631375,0.01362024,0.08518659,0.02058356,0.03387861,0.27166441,0.13061911,0.64210290,0.10012000,0.58755398,0.99259079,0.06662723,0.03517870,0.25388893,0.10459422,0.14628717,0.04583046,0.09764158,0.03138511,0.17949465,0.78504241,0.01165977,0.31683773,0.02918637,0.02273304,0.41479906,0.00270189,0.26997918,0.28726304,0.00216296,0.10397721,0.20559378,0.08234137,0.57544476,0.26052940,0.02578942,0.81356180,0.05295058,0.08357593,0.21513642,0.16018949,0.62702847,0.02843865,0.90279466,0.00244747,0.95413023,0.79151618,0.11462876,0.14913879
0.02388097,0.47884947,0.91712809,0.00407734,0.02369349,0.03917757,0.00499380,0.76495433,0.06462737,0.04578671,0.44436824,0.13535240,0.05386752,0.02831487,0.50435585,0.00310870,0.26166201,0.07237571,0.70573586,0.03025569,0.01307512,0.30077022,0.01024520,0.73311102,0.00945943,0.00354269,0.03054849,0.01066919,0.10419735,0.32085389,0.06499631,0.12082606,0.10431616,0.98339546,0.90608144,0.97561187,0.58940899,0.00061896,0.09892645,0.02592340,0.56468439,0.86005938,0.00714211,0.04308118,0.89148837,0.16829273,0.01706097,0.58550054,0.01598724,0.10682227,0.60863841,0.62403649,0.42165193,0.47984162,0.01075948,0.25048044,0.89316654,0.00071624,0.04535614,0.01298108,0.74163717,0.57438213,0.43763855,0.12315110,0.30655450,0.02755122,0.41156036,0.01937294,0.30474722,0.66086876,0.34889826,0.10665944,0.05806167,0.00546160,0.02398469,0.43846643,0.05781055,0.53519893,0.06215642,0.34604570,0.85535038,0.12346102,0.05974876,0.45536733,0.07019836,0.13653845,0.05289208,0.03110222,0.00413360,0.50389034,0.57454699,0.00974563,0.73513806,0.09344540,0.01482445,0.43113959,0.00212563,0.20566902,0.09141842,0.00239296,0.17432541,0.74354148,0.54055047,0.21714713,0.21979803,0.07986219,0.32735476,0.16281332,0.02550048,0.14541325,0.04287237,0.45300445,0.02420819,0.36589640,0.00107255,0.82428861,0.68752176,0.08571929,0.54367876
0.04186220,0.59072864,0.77390939,0.00108236,0.18127610,0.05871125,0.00330994,0.69031858,0.10655914,0.05327681,0.02167718,0.24846329,0.82249361,0.02191481,0.49566242,0.00458989,0.07754834,0.02583029,0.90878570,0.12440489,0.00250738,0.27556694,0.03866054,0.78859925,0.01129213,0.00313122,0.01605625,0.00823148,0.43159854,0.62327486,0.05199911,0.01291799,0.06036415,0.97570109,0.66560829,0.98557764,0.17742084,0.03730910,0.44285241,0.01580131,0.57822001,0.94304019,0.00718337,0.05655361,0.63087612,0.22358894,0.11953862,0.49543390,0.03082340,0.36272722,0.07552942,0.76357394,0.13299192,0.64449155,0.00513032,0.51107728,0.85767055,0.00084502,0.06040390,0.09593774,0.75667179,0.15908942,0.69822061,0.06275807,0.10119522,0.02326253,0.52897519,0.01280497,0.09266857,0.36733836,0.55258656,0.13645540,0.06131901,0.01784783,0.01307059,0.45464575,0.04124079,0.54263210,0.05564354,0.43560678,0.92027712,0.09200699,0.03461858,0.18115100,0.13831431,0.18868953,0.12903474,0.14109334,0.04105243,0.01725066,0.38764900,0.00108349,0.66937804,0.17154084,0.01425612,0.51412487,0.01800361,0.30783299,0.12061571,0.00162392,0.16761050,0.51699275,0.05833426,0.11766821,0.30488777,0.00942266,0.42642853,0.26610789,0.02338669,0.15943766,0.03483818,0.28603363,0.00873439,0.65084833,0.00266872,0.80441916,0.83057678,0.06966156,0.47045329
0.01547038,0.56698740,0.73861533,0.03266363,0.17144246,0.11669356,0.00328165,0.44183716,0.12349181,0.03335402,0.08143499,0.04455723,0.28285754,0.02946795,0.56826913,0.00295434,0.22009631,0.04326525,0.81118739,0.01010843,0.00766525,0.50674891,0.03224752,0.42461506,0.02172483,0.01055694,0.03026056,0.04716343,0.05121779,0.32573414,0.28611836,0.00604083,0.08220141,0.99191606,0.45734149,0.98661882,0.37061894,0.00070075,0.65861416,0.00831783,0.78659129,0.80233687,0.02417602,0.11472962,0.75608182,0.58799905,0.03589120,0.64215934,0.12112010,0.23241803,0.15333714,0.43543145,0.50836015,0.68566167,0.00231058,0.42240620,0.73131520,0.00041223,0.09046362,0.04136697,0.28356028,0.45549789,0.57354176,0.01852758,0.02090593,0.03991892,0.37504789,0.05668059,0.34817567,0.50719452,0.19690685,0.08197548,0.01347172,0.00078271,0.02183948,0.28099200,0.02937972,0.44506294,0.04784008,0.43009722,0.11169232,0.09445131,0.10907415,0.47694391,0.27028105,0.06563841,0.00793551,0.02603318,0.00848055,0.61189383,0.27790621,0.00448657,0.82677186,0.43743980,0.03345577,0.17926416,0.01503813,0.09864891,0.10851710,0.00707057,0.14892304,0.45013717,0.88242304,0.13454610,0.38134971,0.01855294,0.18406565,0.03897488,0.15784091,0.29250810,0.35207129,0.37287581,0.02287233,0.11162823,0.02554926,0.70116127,0.85601634,0.05060143,0.56855226
0.06281601,0.60544854,0.82221806,0.09549983,0.08030896,0.31749687,0.00684960,0.73441225,0.09186827,0.42091459,0.02022523,0.17521505,0.05316523,0.06812445,0.43049273,0.01812734,0.25127107,0.09279906,0.59111816,0.03301574,0.02303611,0.34117338,0.04024515,0.50372046,0.01325664,0.00137456,0.04896830,0.05638025,0.12574202,0.17770943,0.01117155,0.01769261,0.06289997,0.98378092,0.46499997,0.88665891,0.36327952,0.03820504,0.66494149,0.03255424,0.42928424,0.58387631,0.05644319,0.03418811,0.85871774,0.11788649,0.05361223,0.53420186,0.00864815,0.02734600,0.52302629,0.40337887,0.10815757,0.29294613,0.00549190,0.12325867,0.58941174,0.00161168,0.05699045,0.01585046,0.23523802,0.08245163,0.70768332,0.00771420,0.01281244,0.01035864,0.33306679,0.01500440,0.48091188,0.47836432,0.28743353,0.07100768,0.11179888,0.21850441,0.00801686,0.15843806,0.28761402,0.40180156,0.04039862,0.57933515,0.51532686,0.10618881,0.03316621,0.32627350,0.26449302,0.04303463,0.03989395,0.10977395,0.03079574,0.01713970,0.43580189,0.01554861,0.68502367,0.64228803,0.11901806,0.17028616,0.00809778,0.19082296,0.23036641,0.02026675,0.04902702,0.64468408,0.03103455,0.18281879,0.35275444,0.06354240,0.35686159,0.00442940,0.10361058,0.60815859,0.28081572,0.43229985,0.01238794,0.40279600,0.00651491,0.65758121,0.92936182,0.08900853,0.32116076
0.00482016,0.23356804,0.93740368,0.01656260,0.33031371,0.25870842,0.01299432,0.78113544,0.28689969,0.12294696,0.07880493,0.41102251,0.70267355,0.19807418,0.31876251,0.00435847,0.25411880,0.03139062,0.64446098,0.06567676,0.00581161,0.59708005,0.22847232,0.19430065,0.00128861,0.00075564,0.01979946,0.10353498,0.13140178,0.26303780,0.04258343,0.14383064,0.14438447,0.89799720,0.26286712,0.93903881,0.05878057,0.00362005,0.48042837,0.04240894,0.58632278,0.46204579,0.11933536,0.03962922,0.27302328,0.05943694,0.03404764,0.71803862,0.01547381,0.03393781,0.66110736,0.55697691,0.49470043,0.34754404,0.01802081,0.47661829,0.61438948,0.00036848,0.02781552,0.01621664,0.84486616,0.40061292,0.38007641,0.01878612,0.03151425,0.01249121,0.77757084,0.01171751,0.18088800,0.80562627,0.08493628,0.06266852,0.03449129,0.00223703,0.03279319,0.23293364,0.05928033,0.27229506,0.03670814,0.31044340,0.76966983,0.11232027,0.10467470,0.27680066,0.16991821,0.00590571,0.17287311,0.17920613,0.13280064,0.49496490,0.58365691,0.00247287,0.55215257,0.25122997,0.01104554,0.21221513,0.01007858,0.04669642,0.04907742,0.01856177,0.03269499,0.62304056,0.68857425,0.46399906,0.29207748,0.02239025,0.19425084,0.01119381,0.02064976,0.19764078,0.22263275,0.74976325,0.01003583,0.81678677,0.00036121,0.80892593,0.82365990,0.18390197,0.69633925
0.00129200,0.71601772,0.90312880,0.00141073,0.11145089,0.15384369,0.00966821,0.66527879,0.01983023,0.12084456,0.52794981,0.47164306,0.01834741,0.10092673,0.39149344,0.00505390,0.52480042,0.02849840,0.86919791,0.14032309,0.02691801,0.81913161,0.02915573,0.25568184,0.00152475,0.01660953,0.03335495,0.11490286,0.21672255,0.85134035,0.19113612,0.50460202,0.26136684,0.93665355,0.27086622,0.97853982,0.05027941,0.05334951,0.29222143,0.04110825,0.22740874,0.61581749,0.03328922,0.10539073,0.41187409,0.16460197,0.03947071,0.80561143,0.00811679,0.05390871,0.60129946,0.27691916,0.03048380,0.53318179,0.06384110,0.13110898,0.46768317,0.00034481,0.01113579,0.05503356,0.65072697,0.06124434,0.36640733,0.15117107,0.02575579,0.08407398,0.59994823,0.01257129,0.46538848,0.57920575,0.13421097,0.10901990,0.00241147,0.11841551,0.04669069,0.17871450,0.04355641,0.32945544,0.07794262,0.29588273,0.62596983,0.32464606,0.13969128,0.64034289,0.30382067,0.00826378,0.00401090,0.23377138,0.11343095,0.00627795,0.50772011,0.00487720,0.89617568,0.09346608,0.01133469,0.12217667,0.04848490,0.06444310,0.05528874,0.00132770,0.14005455,0.62675864,0.00880900,0.31009701,0.50026256,0.26073840,0.35041595,0.36244747,0.00086971,0.20104374,0.17764209,0.78652406,0.31565273,0.48674381,0.00064219,0.92700630,0.95454603,0.43557271,0.80310619
0.00435417,0.20925047,0.90065610,0.00413822,0.13118559,0.04260315,0.02499780,0.84632367,0.49413088,0.12866966,0.00677556,0.17507033,0.29978421,0.15934725,0.35255218,0.01882335,0.88871074,0.04342400,0.67776090,0.80676383,0.12071157,0.63028526,0.04873063,0.77288169,0.00648500,0.00360593,0.03537401,0.12105283,0.09169906,0.02229632,0.13647592,0.05767157,0.12018792,0.79289401,0.20825253,0.93915135,0.05056554,0.00186735,0.04605757,0.01723977,0.38129064,0.65193260,0.04267084,0.15745039,0.18243584,0.09824653,0.02896951,0.80448508,0.00490538,0.01882966,0.09971708,0.25523338,0.73329908,0.42476624,0.03727982,0.75082231,0.65134001,0.00087652,0.01029321,0.05399178,0.16312924,0.53086531,0.48706609,0.02841550,0.07771319,0.00578888,0.69666922,0.00461752,0.60599267,0.44287100,0.14424668,0.05848143,0.54649383,0.00254417,0.16052812,0.02383925,0.00476355,0.26839337,0.13579606,0.32305545,0.43347737,0.07443091,0.25309107,0.43363333,0.10192592,0.00491940,0.19724090,0.37109593,0.13668506,0.44053000,0.34850693,0.03241273,0.38030386,0.26717395,0.01471396,0.34555981,0.02929096,0.02840474,0.03053791,0.03117797,0.02782560,0.28979200,0.92341077,0.26675773,0.17724809,0.07177587,0.62456125,0.43707761,0.01083198,0.09797662,0.20579088,0.92592108,0.00777008,0.03912171,0.01006861,0.86143315,0.94853365,0.68537110,0.93574768
0.00934672,0.26534432,0.69966447,0.02063440,0.28893536,0.09395064,0.02833579,0.84693170,0.10673414,0.03818963,0.06060255,0.91840595,0.92065287,0.30869719,0.23745552,0.03206271,0.88874823,0.08662203,0.75059658,0.13651432,0.04826644,0.82334507,0.15824191,0.72481859,0.00774274,0.01732596,0.18309249,0.06630568,0.04152694,0.55809098,0.04039803,0.01072834,0.16710378,0.59679848,0.45186743,0.92457128,0.09470338,0.01592228,0.10400672,0.06422892,0.50841510,0.79860246,0.07900249,0.14535961,0.50197625,0.10276491,0.01327279,0.85491878,0.03168587,0.06805024,0.04231672,0.56492901,0.04165721,0.59078151,0.06545852,0.83646625,0.26564777,0.00257524,0.36078838,0.04829212,0.34381378,0.28159064,0.21738155,0.05662980,0.06155321,0.15225984,0.73121780,0.00257596,0.42120054,0.41022715,0.12810737,0.09657190,0.00620762,0.14830886,0.23956755,0.17005476,0.11740085,0.11005222,0.07810722,0.23353690,0.28728598,0.07946181,0.01443661,0.31032223,0.09504986,0.01002091,0.01800725,0.47294101,0.14438933,0.13390954,0.43497637,0.23698375,0.51826280,0.03950734,0.00477153,0.33170214,0.00896403,0.01442621,0.04343304,0.00867326,0.02642109,0.30411986,0.07170805,0.31069210,0.35185552,0.02639107,0.55000317,0.02492883,0.38219297,0.10415529,0.23047754,0.92644620,0.02222211,0.15979941,0.00307363,0.90978199,0.97422862,0.77803659,0.94482523
0.00647485,0.46883491,0.89839101,0.08690088,0.14346638,0.06074547,0.00561729,0.91169590,0.39351127,0.20137484,0.50361907,0.11463474,0.53013700,0.48078030,0.28199312,0.01862294,0.82864517,0.03660050,0.64806598,0.01206399,0.01571974,0.67922616,0.35404605,0.64746660,0.00407830,0.00100605,0.12817279,0.07314219,0.00538695,0.11582007,0.00427388,0.00936116,0.37645063,0.37609276,0.25613168,0.96498668,0.06990080,0.00848316,0.11927069,0.04121542,0.56429988,0.62426203,0.13518953,0.07681765,0.27779365,0.03852505,0.02081111,0.84994382,0.00788420,0.01508042,0.25864592,0.94250357,0.72187430,0.14567819,0.03227178,0.48950031,0.35590971,0.00071884,0.47575220,0.02399967,0.20871691,0.40420839,0.16449988,0.02991033,0.05123036,0.01103251,0.76986170,0.00385427,0.79828811,0.69619519,0.13360229,0.02673160,0.00799703,0.00539079,0.27684718,0.25585714,0.73505968,0.61349219,0.21113522,0.25724649,0.52943552,0.05534466,0.05131443,0.29023537,0.12733477,0.02657990,0.00253854,0.32188231,0.13792199,0.58279419,0.47295621,0.05859715,0.13371588,0.02627078,0.00345351,0.49303699,0.00274695,0.01505978,0.03714366,0.00127172,0.07317267,0.24463870,0.90196174,0.32081476,0.23686124,0.02444272,0.34154722,0.00492708,0.11733580,0.07972379,0.49427724,0.91364574,0.07841562,0.38635659,0.00373717,0.95478767,0.95601112,0.56386912,0.94331378
0.00406640,0.13303733,0.94076782,0.01450080,0.19580129,0.07845698,0.00550884,0.87647474,0.18772189,0.05211828,0.02842230,0.63129586,0.32924950,0.58811426,0.36853307,0.01625304,0.73037964,0.01275193,0.79675305,0.07208200,0.01673714,0.84064406,0.12109917,0.86007285,0.00078878,0.00146012,0.07348520,0.08083540,0.07706740,0.25268295,0.01090500,0.12334608,0.50590777,0.28364339,0.53946757,0.92678231,0.09903096,0.02836522,0.26686621,0.04991697,0.39521223,0.72245860,0.16621944,0.04444934,0.51513463,0.03865111,0.00787989,0.90472001,0.01373098,0.02718678,0.76046824,0.83721614,0.01589801,0.20905507,0.04329267,0.37555876,0.30651450,0.00016961,0.14041288,0.02051881,0.82937187,0.15025891,0.27727890,0.01305122,0.05296165,0.05245195,0.56536019,0.00959931,0.85984826,0.74028188,0.07335386,0.07008389,0.42797333,0.13292147,0.01362970,0.97428262,0.15297566,0.08802693,0.24958502,0.25603092,0.97703791,0.09088574,0.04058556,0.23613285,0.09881237,0.00443103,0.32058480,0.58181584,0.13978247,0.18153995,0.70779186,0.09597577,0.52425575,0.05715343,0.00242023,0.28066656,0.00223630,0.03475042,0.04165601,0.00010193,0.08333323,0.30983499,0.08399657,0.30203643,0.35529089,0.81251436,0.17720297,0.01837042,0.01223022,0.06267042,0.26780376,0.79384416,0.00480349,0.91495532,0.00055490,0.95186341,0.93432868,0.70485318,0.98156118
0.00760161,0.06229275,0.95159864,0.01163484,0.13767707,0.15294765,0.00125884,0.91296291,0.50777096,0.03790185,0.12508099,0.87334478,0.97572255,0.63314211,0.07446998,0.01588290,0.80719995,0.00419653,0.77603120,0.44376838,0.00527505,0.78196800,0.10934322,0.70732623,0.00037405,0.00114049,0.04028111,0.10077059,0.21256286,0.49414238,0.47043172,0.16905172,0.40888140,0.61134541,0.40194833,0.94767267,0.08138879,0.00655218,0.07511122,0.03075512,0.43074888,0.80372065,0.14924890,0.02514196,0.28132689,0.06044787,0.01213366,0.87424326,0.01049864,0.08627163,0.08312581,0.85696381,0.67993104,0.22252740,0.04094337,0.77893549,0.19157578,0.00037082,0.09464634,0.05978135,0.76633787,0.38199899,0.37759033,0.03008978,0.02933069,0.02085897,0.34921250,0.00964154,0.84195262,0.48183993,0.05257599,0.03168630,0.01005748,0.01931001,0.02320182,0.50364363,0.04253367,0.35729370,0.07513602,0.19352885,0.85067695,0.07410711,0.05369046,0.30097800,0.03481100,0.00337241,0.01037022,0.63045049,0.06336598,0.68942213,0.74820232,0.04120247,0.44100067,0.02280829,0.00192826,0.69542694,0.00585312,0.05744208,0.01502436,0.00023027,0.02378511,0.64442408,0.78895003,0.11688889,0.20715509,0.17968979,0.42942512,0.54816198,0.01651946,0.02470345,0.45107332,0.86640733,0.07320189,0.76793307,0.00022786,0.97888458,0.95881385,0.84945434,0.88246489
0.00804856,0.14815530,0.51635391,0.00741501,0.41877753,0.10432450,0.01374446,0.50112569,0.11947463,0.04138383,0.07259160,0.36715108,0.28886664,0.25832838,0.29033959,0.00456577,0.31837511,0.02896267,0.75668776,0.05190313,0.01611378,0.55412263,0.32540244,0.17151460,0.00171250,0.00119765,0.03371963,0.05892713,0.03713510,0.41029391,0.04941087,0.04529484,0.36254793,0.83004010,0.76946187,0.42769924,0.09135222,0.00605728,0.11812471,0.10978334,0.44341955,0.41988122,0.34794232,0.11218088,0.42900524,0.17149036,0.04063174,0.25461042,0.01283197,0.07353267,0.39964712,0.73926532,0.24464291,0.30228901,0.05086252,0.53008562,0.25530732,0.00091459,0.04957442,0.02634470,0.70368880,0.22013159,0.35977370,0.01477674,0.20242779,0.01843572,0.43440172,0.01946059,0.41855377,0.61608654,0.37725735,0.13748084,0.04793620,0.02230100,0.03234977,0.47400761,0.10084541,0.13797508,0.10561217,0.42445326,0.57213289,0.07562771,0.15121120,0.31156218,0.21370663,0.02212929,0.02038500,0.10583981,0.06201653,0.33363476,0.51081926,0.05667952,0.25768927,0.02137016,0.02611698,0.23680148,0.01622808,0.19742794,0.22211081,0.00224872,0.08335616,0.60455048,0.37714931,0.31559354,0.49474862,0.04643596,0.19072083,0.05898238,0.04245580,0.17320232,0.16082864,0.36656186,0.01914420,0.62490386,0.00201021,0.34507078,0.57218194,0.21475090,0.39555615
0.01085344,0.24925266,0.18807389,0.00765077,0.65011650,0.60218054,0.01005046,0.68112129,0.10748122,0.02561242,0.03493977,0.20909317,0.14375272,0.05641716,0.19328652,0.00634568,0.54792398,0.40028882,0.80036974,0.07403516,0.01945218,0.07597242,0.25341657,0.31321257,0.00105999,0.00100576,0.01637850,0.02935871,0.04830278,0.48841599,0.04910647,0.02566686,0.04864629,0.47768435,0.64764929,0.10091775,0.02033921,0.00591284,0.21582437,0.06658147,0.59597564,0.70329529,0.35437497,0.03513478,0.45847580,0.18966742,0.00178278,0.50907749,0.00753004,0.06386770,0.23065548,0.57559502,0.15629183,0.39907488,0.06224093,0.51168805,0.45809016,0.00051679,0.09549372,0.00915559,0.35290718,0.31807211,0.40818021,0.01138627,0.61908245,0.02084029,0.13673748,0.02467662,0.67071295,0.80169648,0.17784531,0.10352539,0.00329376,0.03955218,0.02721727,0.79708320,0.16054685,0.07094169,0.04672859,0.08303095,0.37624651,0.03485242,0.11931185,0.54338431,0.01495844,0.03021570,0.01294562,0.04062679,0.02206817,0.51739466,0.94088823,0.01339653,0.06783190,0.02539089,0.12662204,0.02568420,0.00310377,0.64379299,0.22577287,0.00281163,0.04839497,0.97142828,0.27258116,0.08833133,0.81616831,0.07172333,0.04072466,0.02302386,0.09397055,0.48505765,0.26499844,0.64403582,0.03007115,0.67979497,0.00152518,0.23143640,0.06300218,0.96259350,0.43482760
0.00808988,0.24499746,0.18232715,0.01058277,0.60184318,0.26455784,0.00989944,0.49408197,0.22722003,0.02497408,0.06893588,0.03237352,0.27376753,0.03848157,0.09633549,0.00427110,0.24110427,0.21196699,0.69144672,0.02685371,0.03360073,0.04421218,0.08959246,0.31349865,0.00156327,0.00161894,0.01430960,0.01691588,0.04124564,0.51383960,0.03973971,0.04521890,0.03881530,0.93600458,0.22803806,0.14133896,0.02705066,0.00301642,0.10616735,0.02815774,0.72601599,0.89448088,0.03002660,0.04817491,0.78720641,0.23520298,0.00121321,0.29839459,0.00288320,0.02526811,0.24480462,0.67897058,0.31835920,0.18650089,0.08146434,0.36931312,0.41719079,0.00070216,0.04947614,0.00915859,0.75681782,0.19266345,0.85224408,0.00639847,0.47488686,0.02959736,0.76116592,0.17920165,0.71890855,0.84940964,0.50503761,0.14088197,0.02395019,0.03408493,0.01159758,0.33570874,0.29665971,0.16344221,0.02692106,0.06599647,0.67350829,0.02050917,0.07319912,0.38622183,0.03599004,0.05988996,0.02908625,0.04144230,0.02343178,0.46829918,0.97733694,0.02102450,0.37929174,0.02875650,0.10754764,0.04104086,0.01677692,0.39647737,0.18474543,0.00201653,0.03462263,0.91672552,0.46040413,0.02320059,0.71860480,0.15942077,0.02519624,0.01954356,0.01591486,0.35084063,0.05619468,0.57318556,0.03022667,0.83112824,0.00151037,0.08618551,0.11712378,0.95005715,0.65381575
0.03249846,0.10927757,0.22402500,0.00687573,0.41328350,0.14700045,0.00143156,0.57269335,0.05556842,0.01456878,0.01576567,0.28274927,0.34432849,0.04099027,0.11175705,0.00513548,0.36902440,0.12105872,0.61298501,0.10455495,0.05714203,0.09154096,0.05996491,0.12289072,0.00040981,0.00309921,0.00588095,0.01621519,0.07800408,0.20688291,0.10261708,0.01240602,0.09963761,0.87050450,0.53847200,0.23861265,0.02202049,0.00548733,0.32843393,0.06352822,0.76711005,0.88340092,0.13494483,0.27555871,0.84524661,0.12905894,0.00255793,0.44327819,0.01914971,0.03240604,0.31284878,0.22173952,0.24756446,0.15679432,0.04535092,0.81032974,0.47920457,0.00057245,0.04432351,0.01100027,0.36594155,0.16879880,0.84437025,0.00485771,0.57715958,0.03354024,0.83533657,0.12066478,0.65555334,0.49204931,0.50293636,0.20288797,0.00261351,0.02488643,0.01599382,0.09013353,0.05643756,0.11119224,0.02497886,0.05597443,0.74433911,0.03393037,0.08034307,0.63537306,0.02388988,0.02257227,0.01459788,0.05893571,0.01320113,0.24427590,0.92683977,0.01681808,0.17307906,0.06679760,0.07714949,0.05320914,0.02295355,0.17407472,0.21307939,0.00346114,0.03618447,0.96052039,0.10809392,0.03979957,0.79905725,0.15998580,0.04475883,0.19480778,0.03799941,0.51726246,0.18497358,0.33013460,0.04827326,0.39734817,0.00026921,0.20478047,0.21343215,0.81525254,0.46076268
0.02740554,0.07708464,0.26654145,0.02162191,0.59940684,0.20252843,0.00250914,0.42548144,0.23425090,0.05329275,0.22854410,0.04082584,0.15868723,0.59112430,0.07315373,0.00711226,0.18501480,0.08270703,0.75511515,0.06343838,0.02329189,0.22571629,0.06545974,0.07292841,0.00204614,0.00717977,0.00506913,0.01764143,0.01020026,0.53752518,0.01971988,0.02407650,0.27397671,0.97090632,0.78757489,0.22324345,0.05472691,0.00207606,0.27736419,0.01499646,0.51076567,0.88803840,0.15154752,0.18587658,0.64111370,0.22149757,0.01157652,0.58235765,0.01329554,0.04906191,0.13107967,0.32221520,0.72752088,0.11567177,0.11820342,0.06908525,0.16148759,0.00065104,0.09282291,0.02555912,0.55666161,0.54863185,0.77248108,0.00422023,0.78179282,0.05588487,0.61938590,0.09644257,0.58530170,0.70485139,0.61562824,0.17153205,0.02348594,0.00520552,0.01274107,0.42840514,0.12373324,0.03468822,0.04819213,0.02285648,0.10734405,0.01242226,0.19112830,0.58647287,0.02266249,0.10454462,0.00299590,0.15515570,0.09430667,0.59393048,0.95665801,0.00740769,0.17879474,0.24596292,0.02981276,0.17668843,0.07625065,0.23162724,0.09541513,0.03525564,0.11970006,0.84689194,0.85193586,0.00251143,0.61816859,0.00172552,0.09546640,0.02266037,0.05372294,0.55050266,0.11690030,0.59123504,0.00918907,0.43222395,0.00153106,0.11115831,0.17516066,0.52212125,0.46476996
0.01840128,0.21475661,0.38733426,0.01282542,0.53548628,0.11363091,0.00986341,0.66428119,0.05519645,0.02869736,0.01002565,0.25944659,0.12648252,0.56655115,0.07564779,0.01021612,0.32870397,0.04336215,0.60968155,0.01901927,0.02121761,0.20237160,0.27395031,0.12474758,0.00179677,0.00083714,0.00876904,0.01112994,0.03728561,0.61740899,0.01588242,0.02115928,0.10851850,0.92326057,0.85691875,0.36689854,0.22075464,0.00688573,0.23916882,0.08806586,0.69817364,0.83030856,0.15441868,0.34077421,0.90098536,0.46949577,0.00939409,0.55049431,0.00512172,0.03097925,0.32173035,0.33819839,0.04537098,0.37056434,0.16222872,0.13785620,0.20969608,0.00047723,0.34986570,0.01411103,0.60427445,0.11635823,0.53972858,0.00175628,0.74449116,0.00649848,0.85042280,0.12032191,0.27415720,0.45010549,0.64085615,0.57030863,0.03758708,0.07502288,0.03257561,0.75981390,0.30479610,0.05055178,0.05446394,0.07773540,0.29355639,0.02465470,0.00950328,0.29048046,0.06565903,0.04643143,0.02592070,0.10555568,0.03248893,0.06019534,0.89971149,0.04837304,0.48413944,0.29407164,0.07193757,0.20139167,0.07232046,0.13045402,0.22515479,0.02218871,0.05087859,0.85393763,0.01637801,0.00799079,0.83462530,0.10460842,0.06563419,0.02761351,0.35974848,0.67442119,0.17204575,0.56949264,0.01264539,0.37278956,0.00401820,0.08817896,0.34222478,0.64619052,0.58710015
0.00718483,0.12118163,0.16597822,0.01223664,0.58447194,0.25509456,0.01749217,0.77500397,0.28410068,0.04250054,0.03326960,0.30714440,0.10697789,0.26385644,0.08431387,0.00379325,0.18185318,0.00757148,0.61514050,0.02622949,0.10507070,0.32388228,0.29009739,0.20128922,0.00048269,0.00041439,0.01066016,0.04160103,0.05045258,0.48432192,0.08791795,0.00985205,0.16735168,0.89965230,0.49321559,0.33088574,0.09286333,0.01203997,0.16927601,0.12622179,0.63036424,0.76380193,0.20403208,0.17920950,0.74078083,0.24409840,0.01524945,0.47236639,0.00172159,0.02553356,0.35400069,0.38252580,0.41386768,0.09395537,0.16474140,0.36190301,0.10583630,0.00023166,0.22449826,0.00381475,0.43632200,0.43459228,0.66881561,0.00418624,0.56494784,0.03864226,0.68938833,0.10044169,0.58651251,0.49355337,0.64976662,0.21684770,0.03226609,0.00533170,0.02599277,0.57997406,0.13712841,0.19538006,0.03731264,0.11823362,0.29961511,0.00308734,0.00812318,0.37696663,0.04944078,0.02279721,0.06181190,0.10008900,0.01336153,0.33474806,0.75659317,0.02243675,0.05959714,0.04907640,0.04725638,0.31350708,0.01134434,0.25996312,0.16131398,0.00995729,0.05494696,0.73411858,0.48212335,0.01933461,0.81494534,0.15241066,0.06791274,0.04922187,0.12045053,0.40360132,0.04759725,0.60739028,0.01950248,0.48568109,0.00361838,0.30292666,0.26839286,0.90293521,0.52997899
0.00296573,0.21490100,0.18439299,0.02946839,0.33079866,0.62444013,0.02280122,0.67704451,0.04196289,0.30538195,0.47121224,0.37016377,0.06328239,0.17469531,0.06282048,0.00054811,0.16846402,0.00916137,0.90241909,0.07915392,0.07980919,0.37248266,0.03737218,0.09285847,0.00400549,0.00136512,0.01287828,0.02392356,0.18047319,0.74431854,0.08382132,0.18243554,0.23791172,0.84524482,0.36157975,0.34156412,0.05488737,0.00865400,0.07477619,0.09632814,0.71715754,0.86230379,0.10252205,0.07036999,0.34467664,0.43060231,0.00999631,0.24757671,0.00136871,0.07700153,0.59865814,0.40325761,0.03114546,0.11692938,0.13991745,0.02823993,0.09413890,0.00052746,0.24792244,0.00251603,0.40313369,0.16615026,0.86802197,0.02339943,0.76168770,0.07772888,0.60548252,0.04826273,0.80119407,0.43646276,0.61270720,0.78204352,0.00108250,0.04624443,0.06287703,0.07088874,0.04495542,0.26592803,0.02698949,0.02527135,0.67213458,0.00594496,0.04583874,0.33003372,0.08313993,0.00304934,0.02701766,0.08216369,0.04972272,0.04803143,0.74542981,0.01143988,0.59000582,0.11773777,0.00853920,0.20945360,0.06709045,0.28835541,0.14170933,0.01217033,0.12334819,0.89424914,0.02614174,0.00571938,0.81302613,0.48613584,0.14475654,0.14573608,0.00518034,0.68128818,0.03941381,0.73990482,0.05697642,0.83028698,0.00730721,0.16370617,0.16950688,0.88428950,0.58688408
0.00558032,0.02192727,0.33270189,0.01281002,0.67510432,0.06624461,0.08007350,0.84478658,0.31081975,0.08547658,0.00820292,0.10373504,0.52108330,0.18990509,0.15534513,0.00130609,0.13706264,0.00298220,0.71441579,0.39798605,0.30535969,0.22814137,0.04163943,0.07567278,0.03836154,0.00150639,0.00555934,0.02083935,0.00918758,0.15003024,0.04001902,0.01613982,0.39580002,0.98189497,0.42693907,0.36962941,0.12451000,0.00269206,0.10305058,0.01843640,0.46952161,0.94214439,0.01567785,0.18000433,0.15457219,0.34796503,0.01210991,0.63951498,0.00522219,0.12980464,0.30917266,0.42917410,0.25665367,0.14635108,0.18817902,0.71017009,0.10206546,0.00023912,0.17651276,0.01030124,0.19258702,0.30521446,0.91562897,0.02379662,0.69020134,0.01701025,0.84964395,0.04006879,0.34556240,0.44157940,0.41344136,0.46516210,0.07158820,0.00619260,0.09879927,0.06951549,0.01354135,0.14536396,0.03766584,0.06205933,0.72062343,0.01985415,0.11984240,0.79306298,0.03870270,0.00365683,0.01512978,0.13935843,0.02920504,0.49622783,0.72186327,0.00656783,0.10494459,0.14318164,0.03171314,0.47103685,0.12460371,0.18153694,0.09004664,0.06128354,0.30960640,0.60842973,0.69004309,0.00437571,0.68249965,0.03533090,0.08020653,0.10470789,0.04003727,0.71073598,0.06681051,0.73237574,0.02341597,0.57808650,0.01620063,0.08777082,0.40684098,0.84398395,0.73037469
0.00656912,0.03204684,0.11218351,0.00764362,0.70274061,0.14580032,0.09233694,0.94173604,0.16046767,0.01372744,0.22691701,0.70238125,0.23612253,0.79321945,0.19516623,0.00182701,0.04737685,0.00105644,0.63774335,0.07135361,0.26751804,0.27888617,0.04787775,0.02211793,0.00458518,0.00212862,0.01592081,0.02773579,0.05260414,0.34475893,0.03927153,0.00871524,0.15238379,0.96763641,0.16045073,0.34576070,0.06967123,0.00869447,0.18162756,0.18944550,0.57661259,0.79222172,0.03341335,0.14689730,0.18089053,0.19860393,0.01027974,0.51727962,0.01451751,0.09391326,0.13706359,0.44601446,0.24775878,0.18327850,0.08791073,0.78705895,0.06014242,0.00064990,0.20301333,0.01235895,0.83950114,0.09293297,0.78328842,0.05725381,0.77396560,0.01595077,0.36848307,0.02131331,0.14915717,0.82916903,0.50982916,0.49921072,0.05073969,0.04125653,0.04272517,0.77683896,0.05554011,0.06016685,0.03024971,0.10705106,0.43771198,0.00708720,0.03690581,0.75651294,0.05669935,0.00958824,0.01129036,0.33694562,0.03664745,0.22981133,0.55382097,0.02153729,0.36252251,0.02627739,0.03893880,0.32767943,0.18040308,0.18691835,0.09932495,0.01016354,0.12255254,0.72873998,0.07152593,0.00276817,0.90294456,0.01285998,0.23941343,0.03903641,0.14426312,0.61672860,0.11181187,0.92925179,0.01175691,0.58743000,0.01614439,0.37656915,0.39467108,0.77101654,0.66983014
0.00948928,0.03718190,0.28364781,0.01042787,0.88798046,0.16773088,0.05346609,0.85329151,0.12541386,0.15380211,0.04516817,0.11954080,0.12933291,0.61718589,0.34048542,0.00294279,0.07858358,0.00343953,0.56796122,0.01180328,0.15077795,0.35144466,0.13347460,0.12986012,0.01007611,0.00084952,0.02040864,0.04953816,0.02978022,0.81488389,0.10037810,0.00863620,0.21277347,0.98270339,0.48091978,0.27739254,0.03465385,0.00211642,0.12473942,0.10979854,0.58574152,0.80622184,0.07201763,0.23609336,0.53476173,0.28849277,0.01498880,0.16055411,0.01790196,0.03420830,0.64221835,0.55849594,0.63177246,0.17296603,0.06499662,0.22004011,0.09824997,0.00109477,0.36908975,0.00778309,0.74330252,0.47031441,0.73011774,0.06959452,0.73171765,0.02397807,0.60870385,0.01035723,0.21129228,0.74676830,0.15796825,0.55001265,0.03388210,0.00486929,0.17779143,0.85722351,0.03375008,0.16205396,0.00534859,0.21524772,0.49535325,0.00631232,0.04025691,0.49037087,0.07357621,0.01410992,0.00808210,0.12730314,0.06499508,0.33506855,0.29246375,0.00860701,0.21584594,0.02266684,0.01543445,0.31019011,0.00305269,0.13448310,0.05263350,0.00645120,0.04564288,0.83302671,0.64972538,0.00511279,0.93129069,0.17932069,0.10284289,0.05541850,0.04339365,0.88325310,0.12244041,0.86147684,0.18975118,0.62209040,0.00678534,0.42502710,0.47024849,0.89040488,0.43484426
0.00678177,0.06545231,0.32066038,0.00918692,0.65197104,0.08956736,0.00822585,0.68498278,0.14506605,0.05867618,0.05326948,0.50024766,0.23002180,0.33490649,0.24592273,0.00342973,0.32987627,0.01322364,0.71267426,0.06681913,0.01424177,0.59722602,0.37535474,0.31722647,0.00427810,0.00130189,0.04271606,0.02788668,0.05284495,0.35817221,0.07459937,0.01752983,0.25156581,0.87202579,0.72269726,0.65777177,0.09480878,0.00369027,0.18370363,0.04699739,0.55878443,0.24413404,0.23159647,0.10408983,0.33620697,0.15897168,0.01756840,0.34110135,0.00992803,0.08587264,0.42529723,0.67904860,0.14486697,0.27251804,0.03160601,0.22496293,0.29377899,0.00094563,0.12813008,0.01581620,0.58478808,0.18310641,0.39153343,0.02655956,0.13069306,0.00997579,0.50790179,0.04496954,0.45853144,0.50481051,0.18382737,0.11859838,0.08001872,0.01850802,0.04879102,0.47221461,0.04848091,0.12978368,0.13116924,0.33104733,0.67852670,0.02931683,0.11415872,0.29410863,0.12341611,0.00916579,0.02324396,0.09100474,0.03096468,0.30586636,0.77474362,0.04263563,0.50239390,0.04573664,0.05036213,0.44440317,0.00848875,0.25245726,0.23594363,0.00449320,0.04924628,0.61636251,0.27748752,0.07038472,0.43037540,0.10515889,0.16800363,0.07507641,0.02682891,0.50509292,0.26974282,0.58161104,0.01651558,0.72838920,0.00152403,0.39462182,0.56930685,0.50189292,0.46821132
0.00914429,0.08273799,0.42748541,0.01036295,0.39823273,0.19379587,0.00975216,0.61875147,0.24069117,0.10355377,0.04777125,0.28223914,0.31744435,0.24539685,0.29323655,0.00619716,0.22998986,0.02321454,0.76217049,0.04811590,0.01461624,0.60290325,0.32841909,0.18255517,0.00367667,0.00083178,0.03052603,0.03063040,0.02930865,0.23374167,0.03739092,0.04256228,0.22987486,0.72523236,0.67095399,0.63637090,0.05459515,0.00452141,0.11550718,0.08414093,0.56373096,0.56399971,0.17786671,0.06372978,0.34620315,0.20039396,0.02630129,0.24804562,0.02008787,0.10642722,0.30950612,0.60103732,0.18656640,0.17698205,0.02546757,0.33836883,0.36072013,0.00085781,0.12106521,0.02020929,0.63925260,0.31943545,0.27695024,0.01954798,0.13846797,0.01882233,0.63089252,0.02889942,0.49466369,0.70033479,0.24336113,0.15780339,0.03386563,0.01586320,0.03358245,0.29705003,0.09036515,0.17296420,0.10211682,0.27927542,0.66649407,0.08436885,0.14547518,0.33621243,0.18006660,0.03125692,0.03333892,0.06788675,0.02275963,0.28503528,0.45286548,0.05503570,0.27329779,0.04529215,0.03323565,0.36941060,0.00752232,0.27194709,0.29244274,0.00224245,0.05547125,0.56289893,0.29984188,0.16435798,0.38626006,0.06767011,0.20902357,0.05120327,0.02615067,0.31662121,0.14825909,0.53886312,0.04218528,0.64573795,0.00280124,0.46622151,0.64449716,0.23053668,0.40517774
0.00556809,0.18257070,0.48271739,0.01806190,0.48663530,0.04059137,0.00537293,0.90913790,0.10061850,0.08256122,0.03939725,0.08920555,0.67179513,0.02929509,0.20508461,0.00773719,0.23089410,0.28418291,0.47432849,0.07611786,0.01612189,0.49043161,0.13800794,0.05102761,0.00130902,0.00111912,0.02478209,0.03379760,0.03380162,0.33279154,0.05734978,0.03438095,0.24155429,0.69081420,0.76345962,0.28458494,0.06482576,0.00345508,0.51384652,0.04254123,0.43832362,0.66808027,0.17941698,0.02890972,0.39362437,0.28626466,0.00946008,0.65888274,0.00501966,0.04245598,0.41885120,0.65588492,0.18895599,0.19042879,0.05512626,0.91576314,0.43162242,0.00051364,0.09753347,0.01239397,0.54619318,0.34824306,0.35890198,0.00612121,0.19160387,0.01943793,0.55066150,0.01843388,0.47047237,0.65777814,0.12811954,0.09100071,0.07573229,0.02522007,0.01940941,0.28609473,0.07347453,0.04934856,0.13345261,0.59977919,0.47010347,0.02816405,0.08641406,0.16688122,0.17000845,0.05092706,0.07882670,0.06451691,0.01447717,0.49804309,0.35517985,0.02417682,0.41848928,0.01025365,0.00761050,0.24090484,0.02518759,0.33883259,0.59868479,0.00312681,0.09241734,0.55146146,0.24590328,0.07739753,0.74069273,0.03920866,0.08201306,0.05330699,0.07217556,0.24396850,0.05843236,0.34793967,0.01590210,0.67741078,0.00340958,0.71808290,0.43050805,0.33497089,0.72428244
0.01715690,0.10005847,0.40829852,0.01283486,0.38649192,0.06268134,0.00266737,0.81938565,0.00768122,0.07972726,0.36097580,0.34609836,0.43753016,0.04209215,0.21247019,0.00435556,0.15380220,0.15343893,0.71365523,0.06023914,0.01851153,0.54793078,0.09201115,0.05668253,0.00109305,0.00181057,0.02398986,0.02531605,0.02889324,0.45163336,0.04107356,0.04240061,0.21695192,0.71945560,0.81490272,0.27356583,0.08802655,0.00548228,0.27460837,0.07004326,0.45866907,0.54643834,0.08459779,0.05854994,0.31979540,0.52953804,0.00652138,0.60757607,0.00298346,0.03441954,0.31492439,0.67997712,0.10607646,0.18738452,0.04728875,0.36443180,0.62677908,0.00067810,0.09868882,0.02650443,0.60263598,0.24275182,0.49339646,0.00631122,0.17577735,0.01812192,0.67429554,0.01430062,0.59170198,0.61013937,0.26980439,0.07222945,0.01831370,0.02946517,0.01269059,0.39512751,0.45092925,0.03361575,0.18100628,0.59339172,0.34317714,0.03405609,0.12180559,0.15973841,0.14583059,0.04376571,0.01284888,0.03509799,0.02057594,0.25883976,0.66611814,0.01736892,0.41105694,0.02839615,0.01231133,0.07406933,0.01374342,0.37334299,0.70365953,0.00176101,0.08734719,0.61292887,0.57860106,0.05622673,0.81433189,0.05419769,0.11048414,0.05618077,0.02001446,0.47409910,0.04629532,0.34566838,0.02231737,0.77966332,0.00238595,0.60301447,0.44520724,0.29150024,0.58866584
0.00756011,0.09447084,0.85852331,0.01860105,0.33080968,0.08213111,0.00332023,0.86730778,0.21353281,0.27468160,0.09832128,0.10423768,0.07590778,0.08274069,0.11208652,0.00622020,0.22041442,0.45753175,0.56313336,0.04914981,0.01521734,0.44162282,0.04379021,0.01801287,0.00091198,0.00265443,0.01576438,0.12326337,0.23825859,0.05980724,0.02347969,0.12574033,0.25178528,0.69206631,0.59544402,0.37664568,0.04512725,0.00198516,0.53211457,0.06255906,0.34104297,0.47162533,0.07180622,0.00998143,0.28883862,0.80303872,0.01372033,0.53546333,0.00909443,0.06119591,0.49530116,0.69302452,0.31845185,0.27796906,0.05272583,0.52306402,0.70931268,0.00087950,0.11055294,0.02891177,0.71630263,0.61842936,0.41142720,0.00340861,0.22275287,0.02931282,0.64820486,0.01193411,0.56408906,0.76469278,0.31642649,0.27652690,0.07091309,0.01458601,0.04109496,0.17707832,0.06184614,0.02431584,0.28454167,0.95628166,0.56762695,0.04579630,0.17432825,0.16312253,0.15251887,0.25803584,0.09332973,0.08413605,0.02821012,0.41906756,0.52685118,0.01302748,0.86820078,0.04272642,0.00222018,0.06970610,0.03581475,0.30516177,0.55424392,0.00213354,0.06281714,0.87273568,0.62837982,0.03237291,0.83095330,0.03571345,0.07952134,0.16432384,0.01740387,0.14842023,0.05884701,0.19298877,0.01967514,0.14305224,0.00445154,0.82705563,0.40047526,0.11175251,0.76933736
0.00465511,0.15019290,0.92263561,0.01303462,0.32607499,0.14393342,0.00135246,0.88398027,0.00291660,0.32592013,0.00617991,0.70440036,0.68266910,0.05229551,0.09653324,0.00433224,0.17693162,0.31895033,0.76217312,0.19150139,0.05484685,0.65844369,0.04490063,0.04231410,0.00118376,0.00306325,0.02748583,0.08722342,0.03906941,0.18578427,0.04265198,0.04067265,0.27708521,0.68733853,0.89792478,0.34230730,0.07301823,0.03506233,0.67869908,0.04351081,0.45014209,0.50987983,0.07063033,0.03343153,0.49141166,0.70342356,0.01199557,0.48797160,0.01035644,0.04921482,0.61311674,0.68113160,0.10161576,0.24928237,0.02504309,0.98310882,0.71716869,0.00081102,0.11578452,0.02283769,0.51615471,0.46731558,0.38757622,0.00524834,0.16087101,0.02733758,0.71933478,0.02464932,0.48229778,0.73172307,0.52870995,0.28699666,0.02328348,0.09963363,0.02001426,0.14010701,0.00811815,0.04748318,0.42051351,0.84354323,0.36764055,0.02937149,0.18109584,0.14679654,0.34485021,0.16289403,0.02346948,0.02834739,0.07716647,0.33823583,0.73454672,0.01278099,0.87350512,0.01633230,0.00716714,0.20346172,0.02687836,0.17778765,0.59271079,0.00094570,0.09131107,0.81284422,0.30035800,0.09061380,0.83576763,0.04590276,0.05862187,0.10203284,0.04601165,0.41608983,0.09270576,0.17007224,0.00933736,0.12901209,0.00020032,0.75107968,0.38721782,0.09198307,0.69679028
0.01281559,0.19029748,0.86885351,0.01977332,0.64322436,0.07889563,0.00343124,0.87484854,0.19266528,0.41992366,0.47803831,0.11857323,0.13537101,0.04066994,0.11050228,0.01382131,0.18786080,0.17785698,0.78343701,0.03778796,0.03743468,0.89029622,0.11331596,0.04915877,0.00105422,0.00188109,0.01447470,0.03007532,0.01675807,0.18586917,0.01605238,0.01959726,0.27744815,0.80899572,0.49585465,0.23734477,0.08885818,0.00298458,0.28848973,0.01921931,0.35007516,0.38157439,0.03459083,0.01341543,0.20582983,0.86885905,0.02054843,0.43583059,0.01747242,0.01460320,0.79509908,0.56155097,0.44795588,0.14051495,0.15974811,0.16659687,0.55908251,0.00138030,0.12541169,0.00597060,0.24040699,0.57717860,0.15187839,0.03615240,0.10680620,0.01991815,0.65304691,0.06642189,0.33408171,0.70077592,0.33236635,0.58536184,0.02807781,0.03633754,0.03456217,0.12804951,0.27528504,0.09028874,0.41981426,0.90462327,0.51255757,0.02833734,0.09093295,0.39217386,0.53875756,0.12669694,0.01004355,0.17842096,0.02012652,0.29149365,0.71988344,0.01424782,0.82292181,0.03811513,0.00648223,0.09139044,0.00895738,0.19823211,0.63679838,0.00122533,0.03900921,0.85305530,0.87451351,0.08483301,0.89181972,0.09242018,0.07510757,0.01994481,0.17446849,0.15988037,0.24732915,0.53271568,0.02704221,0.46682951,0.00268382,0.34278989,0.43498299,0.10070325,0.47590458
0.00194505,0.22860235,0.75784242,0.00880219,0.67284393,0.07981355,0.00390698,0.90964317,0.00395061,0.07571887,0.14704926,0.46900815,0.01502372,0.08778916,0.10354117,0.05095802,0.12403204,0.08526072,0.79830420,0.04145972,0.07444659,0.89409161,0.21422619,0.08922095,0.00178257,0.00099514,0.03253514,0.03973676,0.01549215,0.40877110,0.02477612,0.05386198,0.32157540,0.56111068,0.49513847,0.27050740,0.04697886,0.01341752,0.45952347,0.02397740,0.29202682,0.39448258,0.05552806,0.04396701,0.19925724,0.73019874,0.02419852,0.30240548,0.01671191,0.07526293,0.66551530,0.48200810,0.07058661,0.25340635,0.19022527,0.61529434,0.88311112,0.00082560,0.06275563,0.01295740,0.35985345,0.30003235,0.30466607,0.00483076,0.12784919,0.02259497,0.66999269,0.02497856,0.29571292,0.72160053,0.43180814,0.45213500,0.12410722,0.06721431,0.01917451,0.14663365,0.56798840,0.10531484,0.24354984,0.63154656,0.47490191,0.01599371,0.10346391,0.15146901,0.28264102,0.04415952,0.08225343,0.35094190,0.01550229,0.11809802,0.64173299,0.00409804,0.64174980,0.03552486,0.01146748,0.13116394,0.02093113,0.41613123,0.40427652,0.00099314,0.02975976,0.79337466,0.24900988,0.22931780,0.79267687,0.03262019,0.15630300,0.00953156,0.02910048,0.40500396,0.07083117,0.33613002,0.00441966,0.79365939,0.00094400,0.40562576,0.32997057,0.07307014,0.56855309
0.00161752,0.30751002,0.85093445,0.00437521,0.72344750,0.09029698,0.00548984,0.90394825,0.16294545,0.09142066,0.02748287,0.22774489,0.46979868,0.10220653,0.06353594,0.01038727,0.10498711,0.09092229,0.74699813,0.11842611,0.01577204,0.87100112,0.11763548,0.10267377,0.00131659,0.00229241,0.03933946,0.04854627,0.03389509,0.22100921,0.05056630,0.06509943,0.16425948,0.73493195,0.66825938,0.19501887,0.04051420,0.00162396,0.35880506,0.03533848,0.54672480,0.39067280,0.09319191,0.03228386,0.15774660,0.64134520,0.01024833,0.48680919,0.00964927,0.06947252,0.65170497,0.83004385,0.30894959,0.20951387,0.14928585,0.62130785,0.63429385,0.00044402,0.10723802,0.01482962,0.60463363,0.62415534,0.27148667,0.01378173,0.17407136,0.03364159,0.45234218,0.01839779,0.35133508,0.67119884,0.29896361,0.47851458,0.03106073,0.03150363,0.02971114,0.28649476,0.04938354,0.08220808,0.20746863,0.43664327,0.57594585,0.13436660,0.18980463,0.29720649,0.30962792,0.07572178,0.01993492,0.21267690,0.02971194,0.32514083,0.75698239,0.00346410,0.82295889,0.03108503,0.00333551,0.15614650,0.00833666,0.07261631,0.15031618,0.00071580,0.03926135,0.74915898,0.62277907,0.50058144,0.84787458,0.02315134,0.19544299,0.06894410,0.02481147,0.46410802,0.11059947,0.43039009,0.02529943,0.61125010,0.00084518,0.48121652,0.40698019,0.10919783,0.40649024
0.00861501,0.19220164,0.72613519,0.01740193,0.59923410,0.12440538,0.01489840,0.89871633,0.12278840,0.16446729,0.04767016,0.36779857,0.14721924,0.10530183,0.17072049,0.01328739,0.14755951,0.04684122,0.65498358,0.11947160,0.01479803,0.65276480,0.05590528,0.11317700,0.00112407,0.00096386,0.02185756,0.00865608,0.08220933,0.50431240,0.05661164,0.05091916,0.19625640,0.38108295,0.45599085,0.20082963,0.09224033,0.00527400,0.18479323,0.05368179,0.31344157,0.32259929,0.11456391,0.03714443,0.29856542,0.26115796,0.01555448,0.31356147,0.01689254,0.03651923,0.54983801,0.76806355,0.23038702,0.21776216,0.15669607,0.20239531,0.29343417,0.00101635,0.06622613,0.02535774,0.46381181,0.62060821,0.25540414,0.00872195,0.09596251,0.04066164,0.76543498,0.01516032,0.31236458,0.76769090,0.22438540,0.68132848,0.03216821,0.12222483,0.03935254,0.42584494,0.07435147,0.06044322,0.29467091,0.64264041,0.56054556,0.09022672,0.13934244,0.12608123,0.57664311,0.10106769,0.00701012,0.37749460,0.02204428,0.16873676,0.43361023,0.01236336,0.78624636,0.01266282,0.00268465,0.22989585,0.01853204,0.09588697,0.28041759,0.00115234,0.03400097,0.78648335,0.34039330,0.14715903,0.65081620,0.35903373,0.22151932,0.06207830,0.02265089,0.15698440,0.09765963,0.59275156,0.01436713,0.26037714,0.00064519,0.43114877,0.57170802,0.12581100,0.55031413
0.00600405,0.21790788,0.72987765,0.00999974,0.62235433,0.20105125,0.01232806,0.83548462,0.11733209,0.08695074,0.02585684,0.22757500,0.15364140,0.10863848,0.09449545,0.00403624,0.15781032,0.08177797,0.56430835,0.10054501,0.02031866,0.70313770,0.04934575,0.10855220,0.00202765,0.00118596,0.01933181,0.00756001,0.02218618,0.16844115,0.03684644,0.05958602,0.22401996,0.42532274,0.53293633,0.27940020,0.09648152,0.00289406,0.45874503,0.04810110,0.52953720,0.20306052,0.05359667,0.03470159,0.25284863,0.21731518,0.03303711,0.34480485,0.02558442,0.10885449,0.82480699,0.61648780,0.27371922,0.17570628,0.07613201,0.78290945,0.17781331,0.00060158,0.16013721,0.02713164,0.37399918,0.68251204,0.16108026,0.01123810,0.04598955,0.03059218,0.58507466,0.02834164,0.23484372,0.67142057,0.22780970,0.68788934,0.05837703,0.02206356,0.04447371,0.09162997,0.05152367,0.06687395,0.28209364,0.79411209,0.22232912,0.38836354,0.28435475,0.26905802,0.12662023,0.08871959,0.01893672,0.23762406,0.04118045,0.26589501,0.43184397,0.00506521,0.52454334,0.00724406,0.00902227,0.22747494,0.01103893,0.09877583,0.17874080,0.00297605,0.06114715,0.82265389,0.78240353,0.22989045,0.85054576,0.04588528,0.11753714,0.01512827,0.04224374,0.22803430,0.14019342,0.37614307,0.01810399,0.12182257,0.00232860,0.61505711,0.42217803,0.14269204,0.76566690
0.01002607,0.20469619,0.57484818,0.00742606,0.40843371,0.14298408,0.00950071,0.74882340,0.12054778,0.05288369,0.05416741,0.29045936,0.42160180,0.24635051,0.17708120,0.00699828,0.33846149,0.02229861,0.60574800,0.03846386,0.01507885,0.74804837,0.34294373,0.23321678,0.00281050,0.00097165,0.01575190,0.02166388,0.04363674,0.44942024,0.02614254,0.05309466,0.15068351,0.67845464,0.78289557,0.60306424,0.06814281,0.00507994,0.15249348,0.05159586,0.51447439,0.63314229,0.39154473,0.07731400,0.49994066,0.10556479,0.02573792,0.35715958,0.01094083,0.07218200,0.47000238,0.59729356,0.16639082,0.17749515,0.02472309,0.34018776,0.26580587,0.00141396,0.06449719,0.01612735,0.50822973,0.25140691,0.26306438,0.01721641,0.18201655,0.01427983,0.51417768,0.03023987,0.43028361,0.65756714,0.40172264,0.23979992,0.03836367,0.02790355,0.03237072,0.31633851,0.05301281,0.13259676,0.18100573,0.32710451,0.66843247,0.06325469,0.16898170,0.28285927,0.19041654,0.01766342,0.01368630,0.06241225,0.03958694,0.24434784,0.59129006,0.03471189,0.19096304,0.01827642,0.02094723,0.34848389,0.00989966,0.18780242,0.19351776,0.00354306,0.03965030,0.80475593,0.35017982,0.31439033,0.46616790,0.07085054,0.13153604,0.06594417,0.06633656,0.31762069,0.14683925,0.55808222,0.03086152,0.42432278,0.00250791,0.35425460,0.65482968,0.23179923,0.53074783
0.01088522,0.25943354,0.35001633,0.01197340,0.27812558,0.18737005,0.00458155,0.61909509,0.15578103,0.05369494,0.04185749,0.45768934,0.44412360,0.23269480,0.11586113,0.00330564,0.17739940,0.01358086,0.61271125,0.04869324,0.02683166,0.80434209,0.26908788,0.20023906,0.00159346,0.00096887,0.01160864,0.01388075,0.02620819,0.44804886,0.02660184,0.03452986,0.24270812,0.53745818,0.81062394,0.40458393,0.08661722,0.00464321,0.08735419,0.07219156,0.33471420,0.35796791,0.24220841,0.07263080,0.44903582,0.16836819,0.03265831,0.31457987,0.01162570,0.11084573,0.38760975,0.48116606,0.25780696,0.22443503,0.01726437,0.30227625,0.28679937,0.00057239,0.08486903,0.02625640,0.48628840,0.37133607,0.26303238,0.00575728,0.16477829,0.01929013,0.51082057,0.02675231,0.25548357,0.89863253,0.43076086,0.15974869,0.04169608,0.01525719,0.01378829,0.34036365,0.12196098,0.11339190,0.18264754,0.42471564,0.60981548,0.05988294,0.19820228,0.21065611,0.14581496,0.02433822,0.04274582,0.05928526,0.02939700,0.40426269,0.61169249,0.03263697,0.22266743,0.01705576,0.01962406,0.20716657,0.01246185,0.27392101,0.22243290,0.00295543,0.05344394,0.65376562,0.45490247,0.26887614,0.45101073,0.03508484,0.13535964,0.04733415,0.09220083,0.25706947,0.18559788,0.62253845,0.02781296,0.57598621,0.00180296,0.38986918,0.61762184,0.17619203,0.43742901
0.01003256,0.16637290,0.48774567,0.00695819,0.44161725,0.11289284,0.01563389,0.55283570,0.17059442,0.10202489,0.06243902,0.31555665,0.43291068,0.25017235,0.11647198,0.00769846,0.31438583,0.02233076,0.79204369,0.05200188,0.01863141,0.74991125,0.34546536,0.16772293,0.00271051,0.00142190,0.01547270,0.02523156,0.03905218,0.20155409,0.05227602,0.03347701,0.19565065,0.62442029,0.78796846,0.40313560,0.05102703,0.00461557,0.12270435,0.09820685,0.59400117,0.56976300,0.26408899,0.08557038,0.33512992,0.17945001,0.02714773,0.38473457,0.01447549,0.07834249,0.18161744,0.72240818,0.21308811,0.30036765,0.02985652,0.51227802,0.24999741,0.00088722,0.09120679,0.02869400,0.62454987,0.35880640,0.32287216,0.01297726,0.21530536,0.01624613,0.58216763,0.01481522,0.39754924,0.59871769,0.24226275,0.16042672,0.03238354,0.01751082,0.03039794,0.42370307,0.08464512,0.15296794,0.20907107,0.28733775,0.61870676,0.05268250,0.09975593,0.28147846,0.18398905,0.01474495,0.02678847,0.10784095,0.04357075,0.14505552,0.42117780,0.05217288,0.18917288,0.02956606,0.03342481,0.32561278,0.01537472,0.18655445,0.32187691,0.00206032,0.09238400,0.68100923,0.28125188,0.32898507,0.42502686,0.07498200,0.13149980,0.04215818,0.03574187,0.41866973,0.25920981,0.60218745,0.01671908,0.48864809,0.00347965,0.52713484,0.56531346,0.33172271,0.32177562
0.01117912,0.11491261,0.43149200,0.00853660,0.51373518,0.14386870,0.01119526,0.53089714,0.18027407,0.05818885,0.03513921,0.28899205,0.31142020,0.19025856,0.21079214,0.00604851,0.24710532,0.02612701,0.58352774,0.07598417,0.01346322,0.66090757,0.28838655,0.21918298,0.00317496,0.00201193,0.04067362,0.05510947,0.06375859,0.38941932,0.04127626,0.05363311,0.29933283,0.76091546,0.75045443,0.49328077,0.08725855,0.00582719,0.14062126,0.05498217,0.61894190,0.36364537,0.20340353,0.10082340,0.31227517,0.18515280,0.02042455,0.36277488,0.01446864,0.09141178,0.28915137,0.52879483,0.18955529,0.29127869,0.06097894,0.33443043,0.34771982,0.00100198,0.08860844,0.01343980,0.67412180,0.28709617,0.21694678,0.01749776,0.10276207,0.01474637,0.59204358,0.02119740,0.48931429,0.71948546,0.26951399,0.14325894,0.05411692,0.01608146,0.02903769,0.29086334,0.10427303,0.13209014,0.11184523,0.46545860,0.72094136,0.05437423,0.17719822,0.31793550,0.19587818,0.01526830,0.01884721,0.10234193,0.03306534,0.40296310,0.51501006,0.05921628,0.20253715,0.03080305,0.02439415,0.42184085,0.01201137,0.17599846,0.28057814,0.00201835,0.09429087,0.65407097,0.40917328,0.31954327,0.29333338,0.10756766,0.13077582,0.03707906,0.05253343,0.18879727,0.25583622,0.52253479,0.04346361,0.63012576,0.00239257,0.41289735,0.60369968,0.27760947,0.44234654
0.00640346,0.18206169,0.37921441,0.01233694,0.42829016,0.17537384,0.00997097,0.44196901,0.17607674,0.06234202,0.07125522,0.26576027,0.44896260,0.22877525,0.14497402,0.00524075,0.35318214,0.01537742,0.61646360,0.07347883,0.02934944,0.56538224,0.18361807,0.21653688,0.00206064,0.00182389,0.02169319,0.02952068,0.03991761,0.31601617,0.02824486,0.03851634,0.37362897,0.75276285,0.74572122,0.56755584,0.10158696,0.00346045,0.13405405,0.09734166,0.43611103,0.56418955,0.28240305,0.08786816,0.32342869,0.14933622,0.02390276,0.26511264,0.01708728,0.09847303,0.39088249,0.55486262,0.17766866,0.29163536,0.05007767,0.54072022,0.25319824,0.00089751,0.09322137,0.02254210,0.69264740,0.18339206,0.36890152,0.01244400,0.15308683,0.02093184,0.61275977,0.02929000,0.48564288,0.72998011,0.24090926,0.14124426,0.04056285,0.01564744,0.01734833,0.35761693,0.07043871,0.17191054,0.18855740,0.48241016,0.68543708,0.05543144,0.08461884,0.31745711,0.19573647,0.02700825,0.03724959,0.10997783,0.02525536,0.40939829,0.70137078,0.03947208,0.18696016,0.03536939,0.03641314,0.33589345,0.01354787,0.20380142,0.35910735,0.00449747,0.11280077,0.51714683,0.36699864,0.27533591,0.38000527,0.04783208,0.16055416,0.05321990,0.02185149,0.19634499,0.16869386,0.42638361,0.04368931,0.46353823,0.00191619,0.48510656,0.47242919,0.22755073,0.45423722
0.00824923,0.10638653,0.53820097,0.01562602,0.57073987,0.09757651,0.01456507,0.61826241,0.20034520,0.05297265,0.03483433,0.26327524,0.36885718,0.25275552,0.18819897,0.00434005,0.33923551,0.02341734,0.70659304,0.03979789,0.02234556,0.53956801,0.20690456,0.16895053,0.00192669,0.00177393,0.02579025,0.05075568,0.03692486,0.29225239,0.03010222,0.05657163,0.28154933,0.78598356,0.63588351,0.46137062,0.09885114,0.00802675,0.15071373,0.13060892,0.52234364,0.36452964,0.32352498,0.08579160,0.30446917,0.22927389,0.02349551,0.32847795,0.00883409,0.09839527,0.28094998,0.65795243,0.19155398,0.30370271,0.04624777,0.49103618,0.27751923,0.00094647,0.10685045,0.01738485,0.57552379,0.27706969,0.22497186,0.00819168,0.15265906,0.01885632,0.58032107,0.03912217,0.42691147,0.58348721,0.36689898,0.12992103,0.03371942,0.01535034,0.02003483,0.36615226,0.11165953,0.10487483,0.10783851,0.35869879,0.55774498,0.10210550,0.09663314,0.34290037,0.24253353,0.01890622,0.02882092,0.05623910,0.05742522,0.22102281,0.64482319,0.05964989,0.17292647,0.03300076,0.04706838,0.31287259,0.01766676,0.23991217,0.20459165,0.00385174,0.05691797,0.59729230,0.25805533,0.30161893,0.41014981,0.09523908,0.25254425,0.03377701,0.05072993,0.18544519,0.26603064,0.36922416,0.02236436,0.45360738,0.00204254,0.43294650,0.68095422,0.23555720,0.42500669
0.01218887,0.09803222,0.51435584,0.00640620,0.47779822,0.08849820,0.00995182,0.60987765,0.22119670,0.07552824,0.03430894,0.35523525,0.29358694,0.29269966,0.26348281,0.00594875,0.27765450,0.02445549,0.72366238,0.03683471,0.02763854,0.47259247,0.22696641,0.21676151,0.00305725,0.00162440,0.02418768,0.05472206,0.05613036,0.26656249,0.05875115,0.06916875,0.23977667,0.77517480,0.72694838,0.54907799,0.04724234,0.00341178,0.10047812,0.10730668,0.53037393,0.56335407,0.23173131,0.10775935,0.38809872,0.10599644,0.04343554,0.31320229,0.00961466,0.11486695,0.41347736,0.74292153,0.29884937,0.31204191,0.05335864,0.35482407,0.28879684,0.00123486,0.08654779,0.01540350,0.57837451,0.31331670,0.30946854,0.01522984,0.20017976,0.01126833,0.56627303,0.01662833,0.39100382,0.61650336,0.22701135,0.26333138,0.02963818,0.02124672,0.01774005,0.35732922,0.08065538,0.14644311,0.13518301,0.46054173,0.67770880,0.04907146,0.16080071,0.23775078,0.11536326,0.01528229,0.01889062,0.07461816,0.03094240,0.26487488,0.50766045,0.05999817,0.27479050,0.04778682,0.03514361,0.30912593,0.01634818,0.25992465,0.21569455,0.00187338,0.05052005,0.63331813,0.30049697,0.30681142,0.43441263,0.05539942,0.27466154,0.07583415,0.04271161,0.20641953,0.13645965,0.53162795,0.02703483,0.58546644,0.00193259,0.49383032,0.55868578,0.26553199,0.41094771
0.00645665,0.11329544,0.33045247,0.01152009,0.43236879,0.13224168,0.01354182,0.65425867,0.24672599,0.04300135,0.03175671,0.34824070,0.45041931,0.22413030,0.18281917,0.00399152,0.40304881,0.02306554,0.74314719,0.05391479,0.01732083,0.52353299,0.32148030,0.24770130,0.00173501,0.00206518,0.02775820,0.04727031,0.03981484,0.28679982,0.03151467,0.05652652,0.30405509,0.82273346,0.79594135,0.48476928,0.08289578,0.00474197,0.09570724,0.09960108,0.51722991,0.54877555,0.19337475,0.06389207,0.25242916,0.22292371,0.03076010,0.34130827,0.02088691,0.12081093,0.36216748,0.62308758,0.20992908,0.16271889,0.05513019,0.37653422,0.36619925,0.00148315,0.04299365,0.01489225,0.60554236,0.16540697,0.31590074,0.01963498,0.16239247,0.01632844,0.53286827,0.02283014,0.47058544,0.76801050,0.39682037,0.16004126,0.03393416,0.02676929,0.03831351,0.28993967,0.08608425,0.15102458,0.20003235,0.40219435,0.52041578,0.07476096,0.16043271,0.23335545,0.20436728,0.01522325,0.02555862,0.06852934,0.03407137,0.38127458,0.54019064,0.06307139,0.20772445,0.03911932,0.02794333,0.45704469,0.01258852,0.32359910,0.27278984,0.00316023,0.05045963,0.68658906,0.29314086,0.27784044,0.40638164,0.08619661,0.19932018,0.05683212,0.04432343,0.17225073,0.12842366,0.43463039,0.03137816,0.50938606,0.00179491,0.52512193,0.61010480,0.37908858,0.29664123
0.01317663,0.12507012,0.47883910,0.00601838,0.59914446,0.10420718,0.01011152,0.42598435,0.13396469,0.06715751,0.03062106,0.33903959,0.28016832,0.22891109,0.18971105,0.00414224,0.30089644,0.03232054,0.60182267,0.04451881,0.01889827,0.62342048,0.31348443,0.16302802,0.00189244,0.00205494,0.03034895,0.03646885,0.06225564,0.44570768,0.06617677,0.02911128,0.19130453,0.74198020,0.69422221,0.63971102,0.05220603,0.00402025,0.13296340,0.05697883,0.47623855,0.53275168,0.22374499,0.09954052,0.27438703,0.20930479,0.03808577,0.25999632,0.01912279,0.11226781,0.28468755,0.56932127,0.15936488,0.24236023,0.04509536,0.55972648,0.25340110,0.00057402,0.04638651,0.01410242,0.66985202,0.29856464,0.24558762,0.01394311,0.14684723,0.02227277,0.43684429,0.02618081,0.57389539,0.71639091,0.35389143,0.16387703,0.07422899,0.02944315,0.01987273,0.31637102,0.07851802,0.17412992,0.08865013,0.37753445,0.65540427,0.05253186,0.12069520,0.25033370,0.12737431,0.01997863,0.03485182,0.09313457,0.05343287,0.23417124,0.63862985,0.05877825,0.23567249,0.04685650,0.05579276,0.34390420,0.01325235,0.33251810,0.27240551,0.00197989,0.07013911,0.58534276,0.28949052,0.28358343,0.31604502,0.05734660,0.14340289,0.04530005,0.03079122,0.33827412,0.19520007,0.51277763,0.03939402,0.52094555,0.00273942,0.46535128,0.48244515,0.27344504,0.44168073
0.01169921,0.19377625,0.45810023,0.00659992,0.49157730,0.16400270,0.00835210,0.48779970,0.13949449,0.06524825,0.07394094,0.34796703,0.30027577,0.23374276,0.23992626,0.00599516,0.25664139,0.02214911,0.72776043,0.05141768,0.02695995,0.50933009,0.30004147,0.16714729,0.00331862,0.00137960,0.03836606,0.03192793,0.05971152,0.25729272,0.03910702,0.05436606,0.27148083,0.66170454,0.79971039,0.49501368,0.05145895,0.00470943,0.19930525,0.11454639,0.52707279,0.50654894,0.27069184,0.06508781,0.26618701,0.17430648,0.04015614,0.23020375,0.00926043,0.11509462,0.25117040,0.71953195,0.23431332,0.17367174,0.05677644,0.34411329,0.32040980,0.00069800,0.06961415,0.01940797,0.49472645,0.27298969,0.33016950,0.00945032,0.10502650,0.01084387,0.43544236,0.02709886,0.43939114,0.72605038,0.22114350,0.20344929,0.04367383,0.02249132,0.02450707,0.35994840,0.09120872,0.17331918,0.15795620,0.39744210,0.57648033,0.07260414,0.08728915,0.23649374,0.14513743,0.03719851,0.03284641,0.08129276,0.05283237,0.34767675,0.72864205,0.04932373,0.20060474,0.02809966,0.02531285,0.32861850,0.01391127,0.18160921,0.31347960,0.00401577,0.05884397,0.71599418,0.36307311,0.24446951,0.52182639,0.07421571,0.21630606,0.03328164,0.03052610,0.26160315,0.27974492,0.41453815,0.02852410,0.55538696,0.00257298,0.43863657,0.67958850,0.27200010,0.27332327
0.00315693,0.11180960,0.19647607,0.00803176,0.33758381,0.22842667,0.01473592,0.59010506,0.15521599,0.09561703,0.03673276,0.23677255,0.49340659,0.32187420,0.22227858,0.00436974,0.35000718,0.01701678,0.53529751,0.03735800,0.02192628,0.68597889,0.37449566,0.29162237,0.00192181,0.00128898,0.03243551,0.04485252,0.04456553,0.52176380,0.03701625,0.02826729,0.17347085,0.74352896,0.51709509,0.61426091,0.13699149,0.00377408,0.23104714,0.05725713,0.36556324,0.33233970,0.31977013,0.10679699,0.26473781,0.17219043,0.04659140,0.29081255,0.00594845,0.07122678,0.18660749,0.73243016,0.16885352,0.22099689,0.06090599,0.27349344,0.17656982,0.00143644,0.06825834,0.01822187,0.57326698,0.18749624,0.23322387,0.00968750,0.30001205,0.00894953,0.44108367,0.04601937,0.36507970,0.58147585,0.49397546,0.21581383,0.05636087,0.01921332,0.02842162,0.24507979,0.14596820,0.17022873,0.17509191,0.31828836,0.57762110,0.08504339,0.12620802,0.29881930,0.25436741,0.01981849,0.01485645,0.10460731,0.05268789,0.23579635,0.63416809,0.03531595,0.28363165,0.02258458,0.06864267,0.41892874,0.01077311,0.26877096,0.18543680,0.00222424,0.13973798,0.61994433,0.30151868,0.25772288,0.50578785,0.05071859,0.15310512,0.03595979,0.03734496,0.17599459,0.19636282,0.39637896,0.01764112,0.54065949,0.00174655,0.46029279,0.43462360,0.12748130,0.31841618
0.00256006,0.13128704,0.25800532,0.01020033,0.63130134,0.25020787,0.01633159,0.38284439,0.27178913,0.06160638,0.04040728,0.21735473,0.35543472,0.38530579,0.33050013,0.00416497,0.18271852,0.04024986,0.63202983,0.01719847,0.01624715,0.61523819,0.53953481,0.26756886,0.00254010,0.00122114,0.03926264,0.04180080,0.07339826,0.36711574,0.06343403,0.06288034,0.48897985,0.73762828,0.41891891,0.59619790,0.03692367,0.00241275,0.14580874,0.04020784,0.54334611,0.33098203,0.11375590,0.06901918,0.24647754,0.17011242,0.03779441,0.26853523,0.01486215,0.12921156,0.30316281,0.80293161,0.29145253,0.26079836,0.03031472,0.25478715,0.33694729,0.00121300,0.08241156,0.00811782,0.59281403,0.17838615,0.26717189,0.01048058,0.20112522,0.01222194,0.49510092,0.04283807,0.14883280,0.71421850,0.34320557,0.51546097,0.01455531,0.03871681,0.02742480,0.75445360,0.08361423,0.11534724,0.17494287,0.27185112,0.34000587,0.05891881,0.26881140,0.27540070,0.20015001,0.06695756,0.02404044,0.18673038,0.04848288,0.27538499,0.67854327,0.04093150,0.40233430,0.03118320,0.02740823,0.38651770,0.00962755,0.16824014,0.20595071,0.00425405,0.18470335,0.65704513,0.36213568,0.38829178,0.60326594,0.12682062,0.20758015,0.03943962,0.02426681,0.17825244,0.12788513,0.34512791,0.02120930,0.57162368,0.00179065,0.67168492,0.34311771,0.12448816,0.40184119
0.00289938,0.16941050,0.27109480,0.01021835,0.49348348,0.24975577,0.02328475,0.39029676,0.21191069,0.04306511,0.03400083,0.11416013,0.34422064,0.26676753,0.24809098,0.00460643,0.18836151,0.03837493,0.76239514,0.03217933,0.04315720,0.57903415,0.26859760,0.25810695,0.00160590,0.00161863,0.02286066,0.04076893,0.05960699,0.38527068,0.02128160,0.03772346,0.30524549,0.67102182,0.60451812,0.47639188,0.03987698,0.00235154,0.21416654,0.05876321,0.53130126,0.46338943,0.15367171,0.05701338,0.30078486,0.21826896,0.02968516,0.39729318,0.00942215,0.13968877,0.30589649,0.66722620,0.43660706,0.24767004,0.03155106,0.43231240,0.26943615,0.00141688,0.05102941,0.01420134,0.60831404,0.27266181,0.31850672,0.01105363,0.21563119,0.01749212,0.70714241,0.03831759,0.17851225,0.74530685,0.38386494,0.24354358,0.06570953,0.02635106,0.03254886,0.28314218,0.07609309,0.09074832,0.08814103,0.48341504,0.42430088,0.07429419,0.14788884,0.27244449,0.18534639,0.02824831,0.03953199,0.15499753,0.04844821,0.25055155,0.65260535,0.02854621,0.24326608,0.01845280,0.06471971,0.21722201,0.01039140,0.15209024,0.05073495,0.00781908,0.12792541,0.73483723,0.56312221,0.36902374,0.50359792,0.22583777,0.21935071,0.10125323,0.04331081,0.24005944,0.16447397,0.46746472,0.01594904,0.49954435,0.00141352,0.61899036,0.21841694,0.18141979,0.21621616
0.00389544,0.23509622,0.24868305,0.00743194,0.61651564,0.32178056,0.00905206,0.40166616,0.14911030,0.06996532,0.04806600,0.21953930,0.27974483,0.23086108,0.22414006,0.00340690,0.25673601,0.03823385,0.66077840,0.03912709,0.04044399,0.74491012,0.31698477,0.21110265,0.00136015,0.00113913,0.01900861,0.05112979,0.07388220,0.57506782,0.06994276,0.01502437,0.56291664,0.80638409,0.61933190,0.48541883,0.02696424,0.00447483,0.19423498,0.11014750,0.57114232,0.48134601,0.20172499,0.03430331,0.26479512,0.20452540,0.07839394,0.38424206,0.01141325,0.16388972,0.30597743,0.60677487,0.16471744,0.20642583,0.06956356,0.24846272,0.25232184,0.00118390,0.05267695,0.00752654,0.54768324,0.19803371,0.31782836,0.01216547,0.19732670,0.02254428,0.67690533,0.03083668,0.28523433,0.61127424,0.46148956,0.31498083,0.03112401,0.02063753,0.02141592,0.49924901,0.06711569,0.10819720,0.12186542,0.55393672,0.57674897,0.06178938,0.09818164,0.22508450,0.40874881,0.02059616,0.02012937,0.11379677,0.05893639,0.28220710,0.71474695,0.03701800,0.21816720,0.09059141,0.03703349,0.24155399,0.00912306,0.18881452,0.05946292,0.00695317,0.16665649,0.81077671,0.38662550,0.23530316,0.57179260,0.13800757,0.25648949,0.09275570,0.02549332,0.23655777,0.05381796,0.39120775,0.02189766,0.53228182,0.00151265,0.60995704,0.26985294,0.17800716,0.23983236
0.01123166,0.10539529,0.31001768,0.00756443,0.57676840,0.13603976,0.00849268,0.59295022,0.21064356,0.06773003,0.02472070,0.33401096,0.33947018,0.42429006,0.25542036,0.00388833,0.12468481,0.02426371,0.63747615,0.02450191,0.04725197,0.63303506,0.30996451,0.35754648,0.00405664,0.00144780,0.03345590,0.02943191,0.07128783,0.27111459,0.04800712,0.06524122,0.33763042,0.73447287,0.56025022,0.45635587,0.04572495,0.00301390,0.12890232,0.06988800,0.51605070,0.34286836,0.20862716,0.03413483,0.28778830,0.14123434,0.06060199,0.21687409,0.00921449,0.17638107,0.30422845,0.60038084,0.66005886,0.16576906,0.04778358,0.33264092,0.33556619,0.00107189,0.06240635,0.01514918,0.63514578,0.31297383,0.39156786,0.00812930,0.13890238,0.02530054,0.64814794,0.02826135,0.43761429,0.79666877,0.47841924,0.27856103,0.02605125,0.01979161,0.01687813,0.49903795,0.09934400,0.09405998,0.18477653,0.65240955,0.64071774,0.05719863,0.15857367,0.24161205,0.32943305,0.02000574,0.03561098,0.17687654,0.06287829,0.23877832,0.60926723,0.04048488,0.21663842,0.07683343,0.02804337,0.42221779,0.01060835,0.11812565,0.11411602,0.00464500,0.26510277,0.74984699,0.57751489,0.26611522,0.60108870,0.10143269,0.23270948,0.07209082,0.04107732,0.35807317,0.05363829,0.47061795,0.03926010,0.48095971,0.00289416,0.54267985,0.42209879,0.20759682,0.22050357
0.00813259,0.20210448,0.34779546,0.00651885,0.64726388,0.09713285,0.01593192,0.40427044,0.20664191,0.06160640,0.04444636,0.34224242,0.41451642,0.38364801,0.20725472,0.00631972,0.16272035,0.02260478,0.57678229,0.03200972,0.01457474,0.69802094,0.27912083,0.21624570,0.00221575,0.00103665,0.01423344,0.03139852,0.08411377,0.36323333,0.06119348,0.04888897,0.34265670,0.82631230,0.48495308,0.48262435,0.06280348,0.00324882,0.15045606,0.06040667,0.57439250,0.39218500,0.15518379,0.03795399,0.31115246,0.17137213,0.04344882,0.30400556,0.01227102,0.06860446,0.31449416,0.71808368,0.20187476,0.18615928,0.03776126,0.32381386,0.25392607,0.00056249,0.07692679,0.02675386,0.77404332,0.14598909,0.32611650,0.00784755,0.23858464,0.01714799,0.66633064,0.03125884,0.37643087,0.74985999,0.37964740,0.21304490,0.05437831,0.03367891,0.01630915,0.50509906,0.15722062,0.09506114,0.13010289,0.36911458,0.55963272,0.04156421,0.08732771,0.28580451,0.15315214,0.01742979,0.03689312,0.17533076,0.05677699,0.26437753,0.61044347,0.05854990,0.33619767,0.03622236,0.05237512,0.34102970,0.01359674,0.19269982,0.17874923,0.00444503,0.17333849,0.75713456,0.23769054,0.22261299,0.59471369,0.07423669,0.21618330,0.07218973,0.01851647,0.37012196,0.09973070,0.38257185,0.02684222,0.37537950,0.00138572,0.65536958,0.31204024,0.26972184,0.33522543
0.00526319,0.10282618,0.24352837,0.00844184,0.61398000,0.13228528,0.01233366,0.46421406,0.28395438,0.05702585,0.04326997,0.32886595,0.33208194,0.34769061,0.27504733,0.00341815,0.19317690,0.03192112,0.68977010,0.05443170,0.02503366,0.79837954,0.38832358,0.16387852,0.00160276,0.00202756,0.02391481,0.02865552,0.06488841,0.54080731,0.05332267,0.03187031,0.29837921,0.74946404,0.49678499,0.43407679,0.06809527,0.00216245,0.19817595,0.09911596,0.48636752,0.32944462,0.16610038,0.05580974,0.40206370,0.11613918,0.03476069,0.28277141,0.01468288,0.09576261,0.35146487,0.77781552,0.69208539,0.23312519,0.04500194,0.13539071,0.24673630,0.00083494,0.03006648,0.02763049,0.59981894,0.21634622,0.49308491,0.00741647,0.19907434,0.01497863,0.60029060,0.02063739,0.38275686,0.84641004,0.40602896,0.37340507,0.07090219,0.02729957,0.01519761,0.63735765,0.07106445,0.10357960,0.08249750,0.38002521,0.44205350,0.06988060,0.10926612,0.26073280,0.12879175,0.03650717,0.02737385,0.22508898,0.02788233,0.22275211,0.75993592,0.04056669,0.25074068,0.05499371,0.02652490,0.24675986,0.01011227,0.16631924,0.21130694,0.00271313,0.14713009,0.67350966,0.38311371,0.40321675,0.46645057,0.08569521,0.26073867,0.03116429,0.03711237,0.43286714,0.21536976,0.47174802,0.03217044,0.49930179,0.00133033,0.64528674,0.35987064,0.31055713,0.37670332
0.00805479,0.17024349,0.39259839,0.01494237,0.48983976,0.14812100,0.01266875,0.50018752,0.19740653,0.06148282,0.06644128,0.21398772,0.24611950,0.28328064,0.27457047,0.00444480,0.35621965,0.02073285,0.71859610,0.05092536,0.02611898,0.53710461,0.32307786,0.21139511,0.00135650,0.00168835,0.02082586,0.02746454,0.07825612,0.29912424,0.02931542,0.04159103,0.20505916,0.77765620,0.79943043,0.65411854,0.09580192,0.00480127,0.12024219,0.05998068,0.43235648,0.45181659,0.29631791,0.06813969,0.38735661,0.11330166,0.02955110,0.29254118,0.01640657,0.11065084,0.31035486,0.57452011,0.20280486,0.19070596,0.03268306,0.33012059,0.31114611,0.00118683,0.05050628,0.01595892,0.51263845,0.24226955,0.28085199,0.00762503,0.13732831,0.01731291,0.55199867,0.02084589,0.57936627,0.74291909,0.19633256,0.14192100,0.06614270,0.02123124,0.01738574,0.41973689,0.08251590,0.12123242,0.14811708,0.31102219,0.61745656,0.05431421,0.08409240,0.24734747,0.22262111,0.02731868,0.02474800,0.12241340,0.03332843,0.37481061,0.71449029,0.05045668,0.32558790,0.02492877,0.02324955,0.30159727,0.01405807,0.17576954,0.22643702,0.00491299,0.09103958,0.71583992,0.33200565,0.25925153,0.34088504,0.08319341,0.27068490,0.06409034,0.05356458,0.21862754,0.20147552,0.34780973,0.02216755,0.46146241,0.00327539,0.37511659,0.62633514,0.24316595,0.40093511
0.00660641,0.06617696,0.37158188,0.01014135,0.71255010,0.15666017,0.00509384,0.55985284,0.29638818,0.03815629,0.05146330,0.45869049,0.09846073,0.13924308,0.18457255,0.00365085,0.40036747,0.03560400,0.80036473,0.02437555,0.02672858,0.70828807,0.11387731,0.27959457,0.00243676,0.00164990,0.01712316,0.03138744,0.13011774,0.48759183,0.03465102,0.04206488,0.42001414,0.66441822,0.59745455,0.86322117,0.08808029,0.00388702,0.33599535,0.05737715,0.30994904,0.55357093,0.18444836,0.07568599,0.18607923,0.10496206,0.01068730,0.24031210,0.00993598,0.07529062,0.23506948,0.85935831,0.20651031,0.22794175,0.05957188,0.41262108,0.38557601,0.00069565,0.05316235,0.01133450,0.35323605,0.25118205,0.13831256,0.01298827,0.16954201,0.01136056,0.64092642,0.02560415,0.57162648,0.77061647,0.25302619,0.24596253,0.01742274,0.01566811,0.02141348,0.80724794,0.04134662,0.12414856,0.08505406,0.19781663,0.69127619,0.10182983,0.04241199,0.61876237,0.06322511,0.04546439,0.04482914,0.04147949,0.02533861,0.35849598,0.63605201,0.03445578,0.24449012,0.04553989,0.01706340,0.28594169,0.00720847,0.25025558,0.07121096,0.00352604,0.16750203,0.64754111,0.36047059,0.24939212,0.38697371,0.03630206,0.05921655,0.06618886,0.03242090,0.22595164,0.34829965,0.59836352,0.03194997,0.63690025,0.00282190,0.67016309,0.62549746,0.15862225,0.23777659
0.00592383,0.04364817,0.47777048,0.00500662,0.64456326,0.28588033,0.01182285,0.47790632,0.17170343,0.05064484,0.04107889,0.21252172,0.06501589,0.23414364,0.09032197,0.00723634,0.55106091,0.01437207,0.82810390,0.08620388,0.01409168,0.80418485,0.15335551,0.19219519,0.00139106,0.00162110,0.02713988,0.02809099,0.15443648,0.43195742,0.04321134,0.03583712,0.41065449,0.62411475,0.39093712,0.94010568,0.09529623,0.00857289,0.10764019,0.03699508,0.37291682,0.54614365,0.31176159,0.12574792,0.26097915,0.06130369,0.01335088,0.32680607,0.00706972,0.07554492,0.38245985,0.95225215,0.21238349,0.21990263,0.03383790,0.52595127,0.14850126,0.00091021,0.04564092,0.01159107,0.33756205,0.22505200,0.24594776,0.01620384,0.16733980,0.02777377,0.57910758,0.05201055,0.37689039,0.56438714,0.15008847,0.29712069,0.02319490,0.01528711,0.02652593,0.62269372,0.02306977,0.13355470,0.11392528,0.22942089,0.66902483,0.06307699,0.07162220,0.58506107,0.03730887,0.05003606,0.09763546,0.10678003,0.02176796,0.40701935,0.59365076,0.01701864,0.14634667,0.02949819,0.02121737,0.24050409,0.01284582,0.18711105,0.27195853,0.00376099,0.06686388,0.51918739,0.43597299,0.20463985,0.31110230,0.04035997,0.07787169,0.02831864,0.00911535,0.30787092,0.33919337,0.51832044,0.04073067,0.57776123,0.00163043,0.63318574,0.37758237,0.20728889,0.25776416
0.00393437,0.05810933,0.33128959,0.00784456,0.73558712,0.06871478,0.01025485,0.50561243,0.14384125,0.13884102,0.09644830,0.28683728,0.35610402,0.24432957,0.11895950,0.00376704,0.75114584,0.02097545,0.92996675,0.06448216,0.02974329,0.90219754,0.26120630,0.34211165,0.00164690,0.00224804,0.03376592,0.01938578,0.14024486,0.24197656,0.03452489,0.03418054,0.62885147,0.38310617,0.31696627,0.97746629,0.08272819,0.02337417,0.26046583,0.04534231,0.39652738,0.27192381,0.63965362,0.06498323,0.13152088,0.17031260,0.02169047,0.44782141,0.01303441,0.04545950,0.20812455,0.86529493,0.10398448,0.23744188,0.04040825,0.48836577,0.33247718,0.00358366,0.05355487,0.03853060,0.47506511,0.14957535,0.11494125,0.01261946,0.15412311,0.02591140,0.47046554,0.02250783,0.16421884,0.39685240,0.37369716,0.19579461,0.03891468,0.05046554,0.04490051,0.24009144,0.02843155,0.09571485,0.07650780,0.29760045,0.53450584,0.04891254,0.03107135,0.56366146,0.06492910,0.02892025,0.02339111,0.05851408,0.03688960,0.14403890,0.58488560,0.01086664,0.25144613,0.05403784,0.03584817,0.40328091,0.00748714,0.28711635,0.19413503,0.00281537,0.09416406,0.74864477,0.19659244,0.12029835,0.25960445,0.04058164,0.09907669,0.05243351,0.01251940,0.24500176,0.61524498,0.75670004,0.01981760,0.23429431,0.00317372,0.85156333,0.42380431,0.13177440,0.23369826
0.01801874,0.05784868,0.31939545,0.00889261,0.60435098,0.08179525,0.00810095,0.41819534,0.17930159,0.09833951,0.22607628,0.31829929,0.13242199,0.11408701,0.20964983,0.00276583,0.78833807,0.03883505,0.92017108,0.01712002,0.11910568,0.96597862,0.16921562,0.33633211,0.00218414,0.00125401,0.01340426,0.01072646,0.10636476,0.35620362,0.02103947,0.03884050,0.60453832,0.42704663,0.36588135,0.98616028,0.03819606,0.00686066,0.21386506,0.01315890,0.44036809,0.30969870,0.52736264,0.06323278,0.14654648,0.19379430,0.01144800,0.65512186,0.01360338,0.03002217,0.18073456,0.82342261,0.46145296,0.14254546,0.03046017,0.16788571,0.60813063,0.00751516,0.04976889,0.03773671,0.40537891,0.15629496,0.15945598,0.03112672,0.21408285,0.03639046,0.46600452,0.02010704,0.06402197,0.78545058,0.24164121,0.29348531,0.02177996,0.00595557,0.01962021,0.35254440,0.04319839,0.05899275,0.16170298,0.19061841,0.14969800,0.03829651,0.05247286,0.62833595,0.03066122,0.01898261,0.06137120,0.08085756,0.06993492,0.51517451,0.62107313,0.01093685,0.13817820,0.03618032,0.09421509,0.43100327,0.00982765,0.22876783,0.27514356,0.01063320,0.08850709,0.72707385,0.48987234,0.29137126,0.31145507,0.01137891,0.24485874,0.07342266,0.08100258,0.31780231,0.42311522,0.49999294,0.02699298,0.26001331,0.00171426,0.90103865,0.28767943,0.34981900,0.19934803
0.00555943,0.06135561,0.19790123,0.00673267,0.69834059,0.06708119,0.01677352,0.49909240,0.14421116,0.21956326,0.02640222,0.20296364,0.17216791,0.19603093,0.11747419,0.00627103,0.64545035,0.01704806,0.93684745,0.02737653,0.02959557,0.94057566,0.14094672,0.42948899,0.00227523,0.00122173,0.01607341,0.01298885,0.10023419,0.59475631,0.01746694,0.04088056,0.61885744,0.58918023,0.36693358,0.95262730,0.01784419,0.01125312,0.43000808,0.04740044,0.69226247,0.45726502,0.68783432,0.20414931,0.29509455,0.31455955,0.02655521,0.25339144,0.01503377,0.08008666,0.22096682,0.93453419,0.21551196,0.12969844,0.08913926,0.62882584,0.41980937,0.00357359,0.01641309,0.05200531,0.57420892,0.12042594,0.12984417,0.04104431,0.15432839,0.00767000,0.72166544,0.01723340,0.08410376,0.76089466,0.34260541,0.20220043,0.06918685,0.02141538,0.02256868,0.24970147,0.05947858,0.06210322,0.03552789,0.19197185,0.38132337,0.04122039,0.03864022,0.75745249,0.09793257,0.05187304,0.02695967,0.07332420,0.06608876,0.17456467,0.61211354,0.03986537,0.13755782,0.02573885,0.04277188,0.48734963,0.00725145,0.24196878,0.27820203,0.00518640,0.06849359,0.62015200,0.14256188,0.35290039,0.41331524,0.07350276,0.12632036,0.01658663,0.07120097,0.41039294,0.43269995,0.81230950,0.04291590,0.43879753,0.00491848,0.67701614,0.57937515,0.34887058,0.47981390
0.00746470,0.03778594,0.27791280,0.00682177,0.83032936,0.09099620,0.01239445,0.52957696,0.17022663,0.08928542,0.04260851,0.39507854,0.41371733,0.10201991,0.06922394,0.00959617,0.70686209,0.01513462,0.91207212,0.08080061,0.02203477,0.92217577,0.28755859,0.23255719,0.00392964,0.00256738,0.02828525,0.01068453,0.06316093,0.45351818,0.06855140,0.03058917,0.67286652,0.48981705,0.49466807,0.92965096,0.01539715,0.00307630,0.37339935,0.03750479,0.63619912,0.43127662,0.32974145,0.07471062,0.34203658,0.20587038,0.03095781,0.20725630,0.00413764,0.04470587,0.14950438,0.88684946,0.22332373,0.24360947,0.06712768,0.48514366,0.55645466,0.00204558,0.02408400,0.04348449,0.40004519,0.21553820,0.17900345,0.01044711,0.13802844,0.01429465,0.57994938,0.00611544,0.16865650,0.61924475,0.32609028,0.29075995,0.01852167,0.00553213,0.01388240,0.69262838,0.04101105,0.06932401,0.12454546,0.38612306,0.81030476,0.02709864,0.10366858,0.49877018,0.11619096,0.01687659,0.04428559,0.08494320,0.03054168,0.38919032,0.68953604,0.01173057,0.15472183,0.01208240,0.02374447,0.52084357,0.00663703,0.41718939,0.38972738,0.00136350,0.05116411,0.56903142,0.34805456,0.34868261,0.30195916,0.04955694,0.38197637,0.02745927,0.02321081,0.26865453,0.55676633,0.56937152,0.03003589,0.62230206,0.00254539,0.89127374,0.78427976,0.41191140,0.24699700
0.00796039,0.08636971,0.27215731,0.00938396,0.84373671,0.11959298,0.01521297,0.47440132,0.10193194,0.49827468,0.21955138,0.53606957,0.26731566,0.19851355,0.41051525,0.00371606,0.61309987,0.01155058,0.91290855,0.09167742,0.03547579,0.90185446,0.04639137,0.26546586,0.00549226,0.00112685,0.11038388,0.03656891,0.09665923,0.57283872,0.05686384,0.16466837,0.24757934,0.40418682,0.69876218,0.96005350,0.01478702,0.00410716,0.40031722,0.03367425,0.53331101,0.37851837,0.61151117,0.13981961,0.27365607,0.21294270,0.05333158,0.24495286,0.01577245,0.14864545,0.25437933,0.93456751,0.12313577,0.14603321,0.07269761,0.31122950,0.19935820,0.00082253,0.05266932,0.02058078,0.46708649,0.14748061,0.23330741,0.01865050,0.16405614,0.01462239,0.58208883,0.02781581,0.41950414,0.55409044,0.23130059,0.26046461,0.01205853,0.01420723,0.04280545,0.39902344,0.06925903,0.07118242,0.18866861,0.20227239,0.71693444,0.01766459,0.10254325,0.56942964,0.11157377,0.02090861,0.02290715,0.15583253,0.02696854,0.08535475,0.39472347,0.01043550,0.17748073,0.02512223,0.01533787,0.44001615,0.01056976,0.17088699,0.45312425,0.00307682,0.06786277,0.63290960,0.06013172,0.21081960,0.38011470,0.09909448,0.40369001,0.05513406,0.00746574,0.47587547,0.45166358,0.63156915,0.05226748,0.55664223,0.00291097,0.65470535,0.61200082,0.37664077,0.26931509
0.01138979,0.03309339,0.10074665,0.00632685,0.79909569,0.13242126,0.00965790,0.58991247,0.16887912,0.35697469,0.05793447,0.12312564,0.38835776,0.09433726,0.11916631,0.00485811,0.75143319,0.00548285,0.84494972,0.06754649,0.00889986,0.66835064,0.17067295,0.14222711,0.00254696,0.00074814,0.17733395,0.02945665,0.09139810,0.38577086,0.05305442,0.05385488,0.52156460,0.22058761,0.84000784,0.93631130,0.01060079,0.00368989,0.11908592,0.05523285,0.58647138,0.35688299,0.31968057,0.06030622,0.27598652,0.22710568,0.06325672,0.34093133,0.01097472,0.11825966,0.17403691,0.71846139,0.17342387,0.31916279,0.11212869,0.57870144,0.27248701,0.00072977,0.04469218,0.02200104,0.51103276,0.23169813,0.28219968,0.00774184,0.13197269,0.01056404,0.70844913,0.01807562,0.56765020,0.77952218,0.37768590,0.08495878,0.07843336,0.00944271,0.14511903,0.33937913,0.08353550,0.05492890,0.14939874,0.32123035,0.22234337,0.05141013,0.11305074,0.39696649,0.07683754,0.02992123,0.02577976,0.27900892,0.03168447,0.47633213,0.32571557,0.02978712,0.10339731,0.04933748,0.01919583,0.44978839,0.01194922,0.34733161,0.53192341,0.00344457,0.04402962,0.66400850,0.34832832,0.18448983,0.36614248,0.08218648,0.47033501,0.03589315,0.02276023,0.30169329,0.18726476,0.36780104,0.04943506,0.23716554,0.00428322,0.64036268,0.42899320,0.42963520,0.21163601
0.01180760,0.13451767,0.22060636,0.01168844,0.66083771,0.08205469,0.00630422,0.63847935,0.07581206,0.45435369,0.05983454,0.60012674,0.37947479,0.27815273,0.13607427,0.00409222,0.27336448,0.01436923,0.89897275,0.01138367,0.01933432,0.71554804,0.25115132,0.14229992,0.00241768,0.00086747,0.10913676,0.02229361,0.05605864,0.42384616,0.05412629,0.03196203,0.30877250,0.40280488,0.76969486,0.69796920,0.03798511,0.00589539,0.23992211,0.04261246,0.47336343,0.39857540,0.48322472,0.07694177,0.16576067,0.29260489,0.03550097,0.32307696,0.01396544,0.10716167,0.32145679,0.56015688,0.17266485,0.24771726,0.04527909,0.60669363,0.14800513,0.00055727,0.04594015,0.01915513,0.62554425,0.26509342,0.23308654,0.01091448,0.11426903,0.01636766,0.66494000,0.01326507,0.62182236,0.47027647,0.39993849,0.24186659,0.08084512,0.02685687,0.05039006,0.23030248,0.12935421,0.10219695,0.26236939,0.38063100,0.33351189,0.02797748,0.10153545,0.21355912,0.16652101,0.02507718,0.02422628,0.09251545,0.06502802,0.06672504,0.37817842,0.02781084,0.23877878,0.01610999,0.02739801,0.45127326,0.01131238,0.33492228,0.30241153,0.00314822,0.04017042,0.66234738,0.13829622,0.32354799,0.33828363,0.04624635,0.43599886,0.02446957,0.04471770,0.64234376,0.20958476,0.26489043,0.05921722,0.33790079,0.00177630,0.79551500,0.42888746,0.39996010,0.22239891
0.00757281,0.14633743,0.37822610,0.01517276,0.47517329,0.11374862,0.01090411,0.50238699,0.16849947,0.03943223,0.06133893,0.31415626,0.40362918,0.25745046,0.24939376,0.00835161,0.22528708,0.03089958,0.64939576,0.04058085,0.03038396,0.50391215,0.27713838,0.13342544,0.00314346,0.00099522,0.02256393,0.05316902,0.05862611,0.39277303,0.06949268,0.04884779,0.27843970,0.78700340,0.62929559,0.43019316,0.10249508,0.00679712,0.19580510,0.06816849,0.57857430,0.37725294,0.18766961,0.10897555,0.45281744,0.15608230,0.02338587,0.42066345,0.02086000,0.08621022,0.31053934,0.67438364,0.24513595,0.20857440,0.03426563,0.34859967,0.21233390,0.00067119,0.06385152,0.01683210,0.61772949,0.23247136,0.25702852,0.01320714,0.18143670,0.01737441,0.63075072,0.03592567,0.39983755,0.73894441,0.20279133,0.15712383,0.05437058,0.01842174,0.02494112,0.42270431,0.06698680,0.09522438,0.16155973,0.39980793,0.52034265,0.10815915,0.17448936,0.42547676,0.13327804,0.01965213,0.04777957,0.07285809,0.02804269,0.39267743,0.56669641,0.02796162,0.22602120,0.03251100,0.02370930,0.35080573,0.01642587,0.24937734,0.25638330,0.00319089,0.09278912,0.55949587,0.28724253,0.22089367,0.32322457,0.09703080,0.15083282,0.03327871,0.05489861,0.32099617,0.14703253,0.38159087,0.04140867,0.43833694,0.00198194,0.43670937,0.67421776,0.25993106,0.31765470
0.00821624,0.12438989,0.51648641,0.01500786,0.40658766,0.14919814,0.01017724,0.43114090,0.12819782,0.07327689,0.03398381,0.31935531,0.43528804,0.15448248,0.14608611,0.00316242,0.33818424,0.01261633,0.62062871,0.05041884,0.03259851,0.46705511,0.34281832,0.26587945,0.00285354,0.00138417,0.02424951,0.05183540,0.03628362,0.34675786,0.03240888,0.04840139,0.22964419,0.71149266,0.61790276,0.61618876,0.04438372,0.00616563,0.21963713,0.08237875,0.48930594,0.36643815,0.19359967,0.05939041,0.38027850,0.13880233,0.02726154,0.26726991,0.01342767,0.10188119,0.25263312,0.62797183,0.15349212,0.32452786,0.03287111,0.52109951,0.31202701,0.00113525,0.08368834,0.01869079,0.58405131,0.28026834,0.34405857,0.01494103,0.16703390,0.02722363,0.49876067,0.03612413,0.46282473,0.56447870,0.25063506,0.19418898,0.07205444,0.01166145,0.02310506,0.44280678,0.07677530,0.12337612,0.08523518,0.43550265,0.67680633,0.08861333,0.12204512,0.31371635,0.13056564,0.03549325,0.03840321,0.08468933,0.04248193,0.28974023,0.72013223,0.06286569,0.32558683,0.04034865,0.05440138,0.31978267,0.00911698,0.18073098,0.25746956,0.00342994,0.05694444,0.71334863,0.32041076,0.33118081,0.52094781,0.05325494,0.18759714,0.05930705,0.03063112,0.21710789,0.27795348,0.38185096,0.03395981,0.54506546,0.00178748,0.56885797,0.59381586,0.20274578,0.26073977
0.01023227,0.11224577,0.52757776,0.00967284,0.53346586,0.08881558,0.01483481,0.53772449,0.11963634,0.07711375,0.04807965,0.34971705,0.26610899,0.30543628,0.17669129,0.00550265,0.33978909,0.01668061,0.75990528,0.04655441,0.01988373,0.60548806,0.23606890,0.22404855,0.00160600,0.00086965,0.02601270,0.04622382,0.06725114,0.44382524,0.02826863,0.06820812,0.28445512,0.83740902,0.62956852,0.60691631,0.04890870,0.00309963,0.11516836,0.11075109,0.45158082,0.41627893,0.20154126,0.10471919,0.27933052,0.11575847,0.04593905,0.23244077,0.01473709,0.09523875,0.37367609,0.60488313,0.23069167,0.21417233,0.06267812,0.38656780,0.24061227,0.00081098,0.06153866,0.02917752,0.55784720,0.19312057,0.35770616,0.01507162,0.18993017,0.01410175,0.61989594,0.01610623,0.52809995,0.76629537,0.27822065,0.15043232,0.06596041,0.01497376,0.03366394,0.26967797,0.10463701,0.09858827,0.16370329,0.32768843,0.52415746,0.09094683,0.14273302,0.41735509,0.24872524,0.02232993,0.02099300,0.09379833,0.03471611,0.23394926,0.53514093,0.03703769,0.15901719,0.02390833,0.02240458,0.39495048,0.00848080,0.21036738,0.31404886,0.00446461,0.07633699,0.54735422,0.41595381,0.23030902,0.51847047,0.09041224,0.15948510,0.06449976,0.02378014,0.16636203,0.24251206,0.34049475,0.04296151,0.41748598,0.00169273,0.36268175,0.57842970,0.35067302,0.44307792
0.00765155,0.18603399,0.34144646,0.00819217,0.42322639,0.18548007,0.00807888,0.60271043,0.24378069,0.04803494,0.07230429,0.34355590,0.33241573,0.29033744,0.22929890,0.00691217,0.22573508,0.02073187,0.61638486,0.06460060,0.02998044,0.60636389,0.22201978,0.13250734,0.00178315,0.00100829,0.02194811,0.05151604,0.08511226,0.45436594,0.03266658,0.02859677,0.33864227,0.72565728,0.73290116,0.63477266,0.04669982,0.00624242,0.18752675,0.07765501,0.51879239,0.58547783,0.17294592,0.09858119,0.33247492,0.13702329,0.03861951,0.33845282,0.01758694,0.10878424,0.29005617,0.72112888,0.31440377,0.27541858,0.03926053,0.36184326,0.19204286,0.00138367,0.09108441,0.03264786,0.62483877,0.20720695,0.32235143,0.00926986,0.19377826,0.02108943,0.41134354,0.02260665,0.56842452,0.62882257,0.22591285,0.21427545,0.05873953,0.02077382,0.03368255,0.37352300,0.11161605,0.16764759,0.14637986,0.44019493,0.66914415,0.05727481,0.11473712,0.37122843,0.14452033,0.03796590,0.03043331,0.07010905,0.02589359,0.23850229,0.62724447,0.03815870,0.15745871,0.03176976,0.05711506,0.44458604,0.00890119,0.33577099,0.29166225,0.00199550,0.10988189,0.64976752,0.33253536,0.34989905,0.49651578,0.06795469,0.17122534,0.06422573,0.03939110,0.27890822,0.27772772,0.48920307,0.02345963,0.53806150,0.00180038,0.56791723,0.68069077,0.27231961,0.33487752
0.01147494,0.14491412,0.47739878,0.01013507,0.44473234,0.10737325,0.01051325,0.44173539,0.16930185,0.07342118,0.06744930,0.31110501,0.39152950,0.30718195,0.15079251,0.00322536,0.25398222,0.02914462,0.65921462,0.07455058,0.01712649,0.48124939,0.18323836,0.21012528,0.00144295,0.00103406,0.01939907,0.05013677,0.03374672,0.44635302,0.03898438,0.05090462,0.25755328,0.82439810,0.62826973,0.53214049,0.05363259,0.00683097,0.09607931,0.10838930,0.58490664,0.37477332,0.23641260,0.11827670,0.32046139,0.11644477,0.02416569,0.24909830,0.00939066,0.06655452,0.35115916,0.65605909,0.15969610,0.26995546,0.04725210,0.45318204,0.29918918,0.00129117,0.08181867,0.01819289,0.68954843,0.18364559,0.21695715,0.01552285,0.19422208,0.01225375,0.54704821,0.03086715,0.42270121,0.62367153,0.34184176,0.20475771,0.03561134,0.02152813,0.03111280,0.34875491,0.09588321,0.08558876,0.09360989,0.43918848,0.53560340,0.07792059,0.11581113,0.26715457,0.11568677,0.01818300,0.04778883,0.08133155,0.02492697,0.39831159,0.68309641,0.03361829,0.20259795,0.04951836,0.03676004,0.37027952,0.00949446,0.23746781,0.35458478,0.00232644,0.07272151,0.71974403,0.42229617,0.18111229,0.50538617,0.06559426,0.27643207,0.03393201,0.02709316,0.20478469,0.19919857,0.38334018,0.02165852,0.49459699,0.00250731,0.52061874,0.65231979,0.19744007,0.30289251
0.00541739,0.15278992,0.42219549,0.01544959,0.42024919,0.11279761,0.01444599,0.66314697,0.14680062,0.06855638,0.04707661,0.26525694,0.24491045,0.20918503,0.16163328,0.00439496,0.24842609,0.01304945,0.68732369,0.03838807,0.02930044,0.65704739,0.17933221,0.20131677,0.00154912,0.00164597,0.02816162,0.03526361,0.03611939,0.25338599,0.03330113,0.05196756,0.29149547,0.79462922,0.80189794,0.55500567,0.08036114,0.00452911,0.13330048,0.05551927,0.40347046,0.37329957,0.22974537,0.07007699,0.44039091,0.21884075,0.04400360,0.27163839,0.01559252,0.15966834,0.38906619,0.68249547,0.20220390,0.31007162,0.03472970,0.40665516,0.23955154,0.00080574,0.09009408,0.02034862,0.62504584,0.28719562,0.42196751,0.01456614,0.20071654,0.02658315,0.53028989,0.03440939,0.50315905,0.66558087,0.26394460,0.27229115,0.03523842,0.02362671,0.03857655,0.27220473,0.10938837,0.10790184,0.08975539,0.35975474,0.67816538,0.11968508,0.11683682,0.43262240,0.14600791,0.02446101,0.02360447,0.05604603,0.05472635,0.32057607,0.65260148,0.05435649,0.29727155,0.04060693,0.03728710,0.31599611,0.01509939,0.17730477,0.26880077,0.00394755,0.07266491,0.60767865,0.28424606,0.31328046,0.36623132,0.04927221,0.18691728,0.06523362,0.04812359,0.17752802,0.27535865,0.50272292,0.03045706,0.47298297,0.00138971,0.49299538,0.59973657,0.35443407,0.28445849
0.00515730,0.21191663,0.27953312,0.00834834,0.51926231,0.14577763,0.00832203,0.52174896,0.16866623,0.05688077,0.06390365,0.25465900,0.54309553,0.23844394,0.29325262,0.00571797,0.18397939,0.01077218,0.89273393,0.05054922,0.01404865,0.55768061,0.21524800,0.12422961,0.00316319,0.00126790,0.01625160,0.02409119,0.06477582,0.17831334,0.04755281,0.03055632,0.29807085,0.69002563,0.66316003,0.45135689,0.05613366,0.00654470,0.13563876,0.04288137,0.54027444,0.40070614,0.13588922,0.13671267,0.35896176,0.24549241,0.01787006,0.19635715,0.01816263,0.09414490,0.34073517,0.31499821,0.16048630,0.36577243,0.06435888,0.42439419,0.18314399,0.00114934,0.05498182,0.05248303,0.54707271,0.41190466,0.32262370,0.00829921,0.12309197,0.01371964,0.82533479,0.01520275,0.42071676,0.55363578,0.20316429,0.15341578,0.07609486,0.01467295,0.01778392,0.26845893,0.08727002,0.13844994,0.15170540,0.46965569,0.63228506,0.10853320,0.12689966,0.49629307,0.12465973,0.01474587,0.02764397,0.05872809,0.03448661,0.11664249,0.76951540,0.06304445,0.22056876,0.03677247,0.01853453,0.35182527,0.01967444,0.16548340,0.57447517,0.00185102,0.05093448,0.64325702,0.13783549,0.32510328,0.53936422,0.08222044,0.18475193,0.03524704,0.05583803,0.15439986,0.10936844,0.23571648,0.03596565,0.60525155,0.00212431,0.27822363,0.60146421,0.20222344,0.20103656
0.00641463,0.39495650,0.23200338,0.01334551,0.60557604,0.07079185,0.01094740,0.37349033,0.21239538,0.03774089,0.09386768,0.13195825,0.19578636,0.16566426,0.30313271,0.00555955,0.13795774,0.01891848,0.82765538,0.14371845,0.01119450,0.85234547,0.27341905,0.11522169,0.00229961,0.00098174,0.01876434,0.03064388,0.03678840,0.24846885,0.06038991,0.05690276,0.49884659,0.65250391,0.89107245,0.56708503,0.14686587,0.00084250,0.20800017,0.06957518,0.73388588,0.37753618,0.14516704,0.20765378,0.36767811,0.14940858,0.01359451,0.23914412,0.03248494,0.09197447,0.29554352,0.64981031,0.31035173,0.41408801,0.07687514,0.37725589,0.11552598,0.00052311,0.06455649,0.00811362,0.43384823,0.19363685,0.36892524,0.00539480,0.23896345,0.03589108,0.81029570,0.01625665,0.53073734,0.44043332,0.17883024,0.17757440,0.00926981,0.01152962,0.03568083,0.17589271,0.09903164,0.11259283,0.18162920,0.28314427,0.28557467,0.06196042,0.09624677,0.27084309,0.05865164,0.01822742,0.09781991,0.06275482,0.04727680,0.14413786,0.46541038,0.05909516,0.28457549,0.01681266,0.01424598,0.79859608,0.05378604,0.25015870,0.24596719,0.00306217,0.03293529,0.65287769,0.69450533,0.30312318,0.45234275,0.06633375,0.15618326,0.03955794,0.06065644,0.35496163,0.26956069,0.24550878,0.03481863,0.54386795,0.00174412,0.44606516,0.72945923,0.19600394,0.24400695
0.00421690,0.34481478,0.18566662,0.01468203,0.34960315,0.07495325,0.00572331,0.39557007,0.24798469,0.05637529,0.06748176,0.35958600,0.28356460,0.31001118,0.50029004,0.00563075,0.06757611,0.01149053,0.84807462,0.04271718,0.01005339,0.63359183,0.31887582,0.11002316,0.00167157,0.00055724,0.02820423,0.02866135,0.02386498,0.15642034,0.03793445,0.02724314,0.45474252,0.57857972,0.90340912,0.45384344,0.07425518,0.00305971,0.09708150,0.11494953,0.62068981,0.38245466,0.14781743,0.15544823,0.22722591,0.10087984,0.01449986,0.17048781,0.03396742,0.06029086,0.21607541,0.67732823,0.11135018,0.50051522,0.11310949,0.32325795,0.19001397,0.00068284,0.06735764,0.01693470,0.49552324,0.16570051,0.39361808,0.00182875,0.25608778,0.02199497,0.84611464,0.01816304,0.64785343,0.49950501,0.34276086,0.09633938,0.27413136,0.03228723,0.03322345,0.34526119,0.05616656,0.06321372,0.25291950,0.23545296,0.65940291,0.03575668,0.09211637,0.29130471,0.12714821,0.02555235,0.03328628,0.07613665,0.13772593,0.10119045,0.44794425,0.02369013,0.43446505,0.03037477,0.02329249,0.71918488,0.01736085,0.20965238,0.14837132,0.00209740,0.04844008,0.62227976,0.11699475,0.16852960,0.62834287,0.15927199,0.22673720,0.04483910,0.05271753,0.14891858,0.09263572,0.24231999,0.01227809,0.38511032,0.00178046,0.31641415,0.87266338,0.43303105,0.23797762
0.00362517,0.37581348,0.23868120,0.01335910,0.41020405,0.06996509,0.00549139,0.42544276,0.26770079,0.11588839,0.05866415,0.32185397,0.40758103,0.45234659,0.38863260,0.00570556,0.07069497,0.02230992,0.92655003,0.20197944,0.01516423,0.58271176,0.38728738,0.18390974,0.00155548,0.00052988,0.02419254,0.01656152,0.02204773,0.31662279,0.06136563,0.03330947,0.24380571,0.64381170,0.93814522,0.44533402,0.14007615,0.00258831,0.13320349,0.13350056,0.66594404,0.29372185,0.16069247,0.20155849,0.22899161,0.15676470,0.00722768,0.17188635,0.01935860,0.04609214,0.27809811,0.64686042,0.19250531,0.39849794,0.03801359,0.36997631,0.16481666,0.00044027,0.07451604,0.00624883,0.41208780,0.16905111,0.28694186,0.01079053,0.18844412,0.01895551,0.79422832,0.01851733,0.61248475,0.67711097,0.35272986,0.13402158,0.01508586,0.02339506,0.01739730,0.45046034,0.10608472,0.05847150,0.17749156,0.29913121,0.56509131,0.03586195,0.21215416,0.45380557,0.06018995,0.01703617,0.02390555,0.06803662,0.06067368,0.14350612,0.50370353,0.04486635,0.36430055,0.03351998,0.03524939,0.42913890,0.00820369,0.12943093,0.35344902,0.00166644,0.05739591,0.53878546,0.49139547,0.36928901,0.62143672,0.12067068,0.13847581,0.06655334,0.02973998,0.19687836,0.16083843,0.26063427,0.01744150,0.37426135,0.00090114,0.34133121,0.90983665,0.19908132,0.16664763
0.00666377,0.31421539,0.38264865,0.04110770,0.59867448,0.09790403,0.00695412,0.44961369,0.14820029,0.04871659,0.06438240,0.33490074,0.15927801,0.39408070,0.24042025,0.00211093,0.07019549,0.01888161,0.96412390,0.12463297,0.04553077,0.57978779,0.38668483,0.16772701,0.00450246,0.00081384,0.01033227,0.02871986,0.10106351,0.15955848,0.04230851,0.06322014,0.33497006,0.61494231,0.96746093,0.41215166,0.13219886,0.00208563,0.11575928,0.15000699,0.67868006,0.41200474,0.21749476,0.13891421,0.26170662,0.12882589,0.01211899,0.14846483,0.01239317,0.10748538,0.20742148,0.44872484,0.21464303,0.36348808,0.08980006,0.32852304,0.13515799,0.00070655,0.06278524,0.00891380,0.49115840,0.10660037,0.33831307,0.01251210,0.27288288,0.04963762,0.80788910,0.02027688,0.59845281,0.55164319,0.36519206,0.12959459,0.04530813,0.06821399,0.02503649,0.30698347,0.06816241,0.09229086,0.12662047,0.26388645,0.68072295,0.09632745,0.15905005,0.36940870,0.11716218,0.02913855,0.03940648,0.13403854,0.09434918,0.14882843,0.26600197,0.02420305,0.44660774,0.03809126,0.03122136,0.72974396,0.00802958,0.17967971,0.22664347,0.00216371,0.05943542,0.64904302,0.08973690,0.43300387,0.62685615,0.06005718,0.14678062,0.04243556,0.01609487,0.16752149,0.17169207,0.15285870,0.05091625,0.46840668,0.00468822,0.44563943,0.87772959,0.22990346,0.23071606
0.00787448,0.32387441,0.27779266,0.01712071,0.53752446,0.12506366,0.00738202,0.43962517,0.24039586,0.07585738,0.03821715,0.38728914,0.32412171,0.38918391,0.16656250,0.00326167,0.07665005,0.02286018,0.90799165,0.05050215,0.02376956,0.69235647,0.28026241,0.11464304,0.00337363,0.00150359,0.01009742,0.02942402,0.05055599,0.16169646,0.03687198,0.02645686,0.24731293,0.52579314,0.92490023,0.56017977,0.09901121,0.00455387,0.10546996,0.17134945,0.76572162,0.49139574,0.40625983,0.09808617,0.20642993,0.12474039,0.04273262,0.13380595,0.01741085,0.03877762,0.18618599,0.62296665,0.26440296,0.37870967,0.07313899,0.39710024,0.20478050,0.00126166,0.04295422,0.01309540,0.59263080,0.38361758,0.45906928,0.01109394,0.21841730,0.04133335,0.64381683,0.01134694,0.74218577,0.37594971,0.13882266,0.16370152,0.02217125,0.02607572,0.02116952,0.23692505,0.07477091,0.19729772,0.07427092,0.25993916,0.62183416,0.05373989,0.17452563,0.39864483,0.04799138,0.03147825,0.01833063,0.08794893,0.03997576,0.21766382,0.33472154,0.06043876,0.25224444,0.01786251,0.01978860,0.44705111,0.01610843,0.06707454,0.18544030,0.00537849,0.05103038,0.59547770,0.63577437,0.55185270,0.57858163,0.15479761,0.19859761,0.03073424,0.00954106,0.15806130,0.09416480,0.30241454,0.00755629,0.35367650,0.00256518,0.35840240,0.83372855,0.22218950,0.27697396
0.01259008,0.26342288,0.31441733,0.00955897,0.76406229,0.09137579,0.00361737,0.62560970,0.19552612,0.01000124,0.01400165,0.35870436,0.46647483,0.29416567,0.20264296,0.00540007,0.14193633,0.02061941,0.85533094,0.07548126,0.01665080,0.76216984,0.63179886,0.14024283,0.00189090,0.00080297,0.01375457,0.01818724,0.01699190,0.20872925,0.03875118,0.05463594,0.24081025,0.48891249,0.82283586,0.53418481,0.09783991,0.00205498,0.16124876,0.07522210,0.63232905,0.43827024,0.50634718,0.16594031,0.16954863,0.15375774,0.02604592,0.25515828,0.01993211,0.05078052,0.19891198,0.86467546,0.33740228,0.20152351,0.02597145,0.48449120,0.11212264,0.00104144,0.04758899,0.01182210,0.38549811,0.14723334,0.19752692,0.02652946,0.14163792,0.01270406,0.64491355,0.01040269,0.35196993,0.46758214,0.27765405,0.09557199,0.02504181,0.03647552,0.01879162,0.18864538,0.07297898,0.10950278,0.07105320,0.35076267,0.54851121,0.03321202,0.09981904,0.45955664,0.07388487,0.01496560,0.02376343,0.08754501,0.04931993,0.15939149,0.30653283,0.13106547,0.42830065,0.01555185,0.04663986,0.51518756,0.04928026,0.21251263,0.24302991,0.00319475,0.07078049,0.49290156,0.20937318,0.23474877,0.41226587,0.04048236,0.25238052,0.03350035,0.03830462,0.21092890,0.13252549,0.21930949,0.04312521,0.74278903,0.00136700,0.40041640,0.88647723,0.15054862,0.24330206
0.00544057,0.27675220,0.39709646,0.00835028,0.67098147,0.14000751,0.00658704,0.51420754,0.16316499,0.05564783,0.02173106,0.16741990,0.34284711,0.29652521,0.34202105,0.00424598,0.32942498,0.01875017,0.71102893,0.07238206,0.02552457,0.77646911,0.58711195,0.28168789,0.00153486,0.00147227,0.00924905,0.03680725,0.03132895,0.18388383,0.04352865,0.01650908,0.41328567,0.80036217,0.83574992,0.32533550,0.07678840,0.00646670,0.15386280,0.11110047,0.80564624,0.40212962,0.34810275,0.05752278,0.40687594,0.12080250,0.04321031,0.35218006,0.01371346,0.08514328,0.46540442,0.88371766,0.47101671,0.19426233,0.05449184,0.47430077,0.19080295,0.00065809,0.05636743,0.01629160,0.41217589,0.16510403,0.21046588,0.01554204,0.18085770,0.01032377,0.65102273,0.01411878,0.39472654,0.61434311,0.20117569,0.17753790,0.02528747,0.04763985,0.01587890,0.48358932,0.05705441,0.10868679,0.09207335,0.44702661,0.66648561,0.03054629,0.16563407,0.25142181,0.11315924,0.03763194,0.03586442,0.15332504,0.06179428,0.18279345,0.29671845,0.10733505,0.33105013,0.01784163,0.02435488,0.42669296,0.02066058,0.18377665,0.31668562,0.00150162,0.08048371,0.55214036,0.61493880,0.42027014,0.34031728,0.05922320,0.14294280,0.03137642,0.03781645,0.36928779,0.15516958,0.47555816,0.01687863,0.42984232,0.00131800,0.25503525,0.59631425,0.15527423,0.28953212
0.00670427,0.14569327,0.34200335,0.01299448,0.46965277,0.16456151,0.01425747,0.52203107,0.24760218,0.04055187,0.05986635,0.25617456,0.35969245,0.30708241,0.28230202,0.00317532,0.24990676,0.01358698,0.56556070,0.06969192,0.01517149,0.46592328,0.22204527,0.23318297,0.00195190,0.00124171,0.03519598,0.02859734,0.07360072,0.25174031,0.05542353,0.03253810,0.25380597,0.82653725,0.65374082,0.44903883,0.05213480,0.00430081,0.10829597,0.07642048,0.48854658,0.54084945,0.25701651,0.13094294,0.26644298,0.13297074,0.03685923,0.33852237,0.01938691,0.10716906,0.38052046,0.72413886,0.28697014,0.33574009,0.02802344,0.46954882,0.34109744,0.00060253,0.08248480,0.02542660,0.52583236,0.17447758,0.25035340,0.01008632,0.13268000,0.01791540,0.47492576,0.01788891,0.40740937,0.74203789,0.28693345,0.18147947,0.04577050,0.02187970,0.02849316,0.45117882,0.11047485,0.15311451,0.12631921,0.31165558,0.69783378,0.07917246,0.17337424,0.37397003,0.12099853,0.02526732,0.04212856,0.11206567,0.03719354,0.28255537,0.62978256,0.05247559,0.18952300,0.02667411,0.04659151,0.30860147,0.01413729,0.30938357,0.19823517,0.00250119,0.08972349,0.58495134,0.30738494,0.23984396,0.42617470,0.08610291,0.23021744,0.07455587,0.03230656,0.30029944,0.18555830,0.46648303,0.01844512,0.56723058,0.00275831,0.41154721,0.66257668,0.33503330,0.27214953
0.00574848,0.09948359,0.36840597,0.01111344,0.40487817,0.09147770,0.00665965,0.53253311,0.24932957,0.05070227,0.03532614,0.24240276,0.44954917,0.24828430,0.22675748,0.00520638,0.30631638,0.01958152,0.66017163,0.05396021,0.02465682,0.66796392,0.26411045,0.16873817,0.00347752,0.00095271,0.03123866,0.02723456,0.03580998,0.40097901,0.03107105,0.03385261,0.34582657,0.66010624,0.60852873,0.42365813,0.06933995,0.00372893,0.10120620,0.07283822,0.47161677,0.57807720,0.31598541,0.05455120,0.24639776,0.11832500,0.03599763,0.24393094,0.01666677,0.07340161,0.34187549,0.64758289,0.22621161,0.19391088,0.05399339,0.47538027,0.24722131,0.00141555,0.04411357,0.02134143,0.60870802,0.19352610,0.28047398,0.00826025,0.10186574,0.01124288,0.46030259,0.03893575,0.44557032,0.58704710,0.38153324,0.14318871,0.04122964,0.02943566,0.01785180,0.31097442,0.10656817,0.16815257,0.10718063,0.27392876,0.61752611,0.09498461,0.13783737,0.42434227,0.18765916,0.03369192,0.03063393,0.07050952,0.03454201,0.27556223,0.62407649,0.04803374,0.19819075,0.04698815,0.02572186,0.37389210,0.01107614,0.27065316,0.31707129,0.00334103,0.07568909,0.51573420,0.36379334,0.23787045,0.29525360,0.06587637,0.18977644,0.03745848,0.05199585,0.17022496,0.15631977,0.39544371,0.03645291,0.41227582,0.00135802,0.36542302,0.45194766,0.28318810,0.45491087
0.00896212,0.10897213,0.51852220,0.01352172,0.51051438,0.12944137,0.01377569,0.57318878,0.15326485,0.05921550,0.07657050,0.39884445,0.27602196,0.15275590,0.23755403,0.00319371,0.25072509,0.02664539,0.76885623,0.06182704,0.02172666,0.45948887,0.23750722,0.25217950,0.00254991,0.00084693,0.03637807,0.04425596,0.03635138,0.29212248,0.05204539,0.06701928,0.33459431,0.79695898,0.79475534,0.59931093,0.06351488,0.00589431,0.16534689,0.08355762,0.40791729,0.51848692,0.23222208,0.09246466,0.37909907,0.21088050,0.03475349,0.33924958,0.02039466,0.10769654,0.31233034,0.62949336,0.31754905,0.29740843,0.02805422,0.37859187,0.32960871,0.00110107,0.05576602,0.02313172,0.63780040,0.22828722,0.35456622,0.01467044,0.16808376,0.02093775,0.42133462,0.01561552,0.60856801,0.76746643,0.22254314,0.20451030,0.03002470,0.01410245,0.02736967,0.36445665,0.09792541,0.15263544,0.10415421,0.44695678,0.64153749,0.06520778,0.08009946,0.30908844,0.17439187,0.02121954,0.02632075,0.07889843,0.03889681,0.29100278,0.58761626,0.06171073,0.24705657,0.03424909,0.05594896,0.34896100,0.00944636,0.17192428,0.33931723,0.00304337,0.05990528,0.66418129,0.34252927,0.26593822,0.42014816,0.06587011,0.23883218,0.05399156,0.04316181,0.17831033,0.17713949,0.34633800,0.04003829,0.48495224,0.00300999,0.46585274,0.68605626,0.21597533,0.38072932
0.00753137,0.12460894,0.51694310,0.00836560,0.46925464,0.09595941,0.00921542,0.68581510,0.15843260,0.07242649,0.05802793,0.35629612,0.38834855,0.18505520,0.26750121,0.00574949,0.23963404,0.02749847,0.60599691,0.01856386,0.01639795,0.70022702,0.23967890,0.21690209,0.00252407,0.00065547,0.03856925,0.05501167,0.07821346,0.34105489,0.05492263,0.04759822,0.21527703,0.71848392,0.73157197,0.43103415,0.11223182,0.00601265,0.14706419,0.18935174,0.49197075,0.44943756,0.38537475,0.08856523,0.28350270,0.23980679,0.03143254,0.17657417,0.01120744,0.12196358,0.19859660,0.72438496,0.23465581,0.22565351,0.04829375,0.50473142,0.20846483,0.00119451,0.05377346,0.02430900,0.60001296,0.21022147,0.26403037,0.01758460,0.14688155,0.02149861,0.62275106,0.03564112,0.41246641,0.74280035,0.34673083,0.27346310,0.07123478,0.02497991,0.03869913,0.42852187,0.13022211,0.09137434,0.07869665,0.50127262,0.60615778,0.06681889,0.13359521,0.36661649,0.19479683,0.03845995,0.03017956,0.11569853,0.03059816,0.29074061,0.67907733,0.04169323,0.34757942,0.03990217,0.03180222,0.18806429,0.01678201,0.16685638,0.21363869,0.00189330,0.09332880,0.73938912,0.30529699,0.16595897,0.31986883,0.05406027,0.19625352,0.06708989,0.02402557,0.16472699,0.07972973,0.48526502,0.04376432,0.42529961,0.00342567,0.48866710,0.68275243,0.24148770,0.27395442
0.00873706,0.09150039,0.36784899,0.00562289,0.33525383,0.17003261,0.00591701,0.63530195,0.17407687,0.03150393,0.02766398,0.38713375,0.37847480,0.29713139,0.22621922,0.00323097,0.32228640,0.02615421,0.66535950,0.04444313,0.01860569,0.47193426,0.28914163,0.25963745,0.00211822,0.00052039,0.03115574,0.04563888,0.08715090,0.39846513,0.03397688,0.03283227,0.33244732,0.79617369,0.83914775,0.45542052,0.06837098,0.00821097,0.12136845,0.15019493,0.50251412,0.39590555,0.24678852,0.07378778,0.21461634,0.18271945,0.02793427,0.16604348,0.02398035,0.13689218,0.24906504,0.64336258,0.17560855,0.24961765,0.07443476,0.40794414,0.33069906,0.00139704,0.07869397,0.00990986,0.65504438,0.16712752,0.31002611,0.01049008,0.16994517,0.01363029,0.59347457,0.05729082,0.61576271,0.61359006,0.21920227,0.28637546,0.03175160,0.02945506,0.03163888,0.38617608,0.05587408,0.17283559,0.13432182,0.44986460,0.56476802,0.06797858,0.15302087,0.34945586,0.21955906,0.04387834,0.04037957,0.06141255,0.04896845,0.33113855,0.69846469,0.04505188,0.23971446,0.05296922,0.05165691,0.28032431,0.01050642,0.11369574,0.27944043,0.00277007,0.10739779,0.75904673,0.34061784,0.29848811,0.37000388,0.16437466,0.17403360,0.04012676,0.02256224,0.33039433,0.08399786,0.35204387,0.02990932,0.52461988,0.00299115,0.49839786,0.61725569,0.19446597,0.36931208
0.00222418,0.09159267,0.53479296,0.01276529,0.48608086,0.05846314,0.01205915,0.95041728,0.27660260,0.01733562,0.02926140,0.35695329,0.36813435,0.09347791,0.58223993,0.00688316,0.16285655,0.14749275,0.87003338,0.04425607,0.01605887,0.21401076,0.31970456,0.31314799,0.00176935,0.00188074,0.02955182,0.02558279,0.25151485,0.27335289,0.06964891,0.06019285,0.31645757,0.90144128,0.79019052,0.17756724,0.05524776,0.00230778,0.44533259,0.10640939,0.83372259,0.27052885,0.26368329,0.10791781,0.16907325,0.12866095,0.01920929,0.18092182,0.02824109,0.23592994,0.13135253,0.63625336,0.13974760,0.27975494,0.05267436,0.58522862,0.53485584,0.00097724,0.09686786,0.01282488,0.77934128,0.18933220,0.43699473,0.01985711,0.37031704,0.01444622,0.32697365,0.08249508,0.62785286,0.46275198,0.36183587,0.14458735,0.03828632,0.01852827,0.02961589,0.26645568,0.18115482,0.05475818,0.05705581,0.57414877,0.79380631,0.05057353,0.11147533,0.73601735,0.22776946,0.00966436,0.05355769,0.03833876,0.03147395,0.20956901,0.31706908,0.01925882,0.18457429,0.03549549,0.06455898,0.13833915,0.01905298,0.12477467,0.10102334,0.00441103,0.06521017,0.89029193,0.33244669,0.25031739,0.12839805,0.19891727,0.09988552,0.04304167,0.01826175,0.11841352,0.15757467,0.62860078,0.02679178,0.48464525,0.00148298,0.29372481,0.68688518,0.05657777,0.28448862
0.01148450,0.01592111,0.32390398,0.02174264,0.31589082,0.05141486,0.02225517,0.97368193,0.44381821,0.01616035,0.04080028,0.29442841,0.44153732,0.65433258,0.63231677,0.00172117,0.07394808,0.56950659,0.90373480,0.01751085,0.01680751,0.33119771,0.11662494,0.38607746,0.00618417,0.00190404,0.02123626,0.03207833,0.46185866,0.24353740,0.02303646,0.02626820,0.37225848,0.72560024,0.46689001,0.47421414,0.13307899,0.00116458,0.07618812,0.04978000,0.45213404,0.80077904,0.58145452,0.20848304,0.68000549,0.13064587,0.04258421,0.47924039,0.04934208,0.65536964,0.36540931,0.48461139,0.62064248,0.12278154,0.03749617,0.12350105,0.86804569,0.00141512,0.03969945,0.03652249,0.25708568,0.20175338,0.54359967,0.23819844,0.85720652,0.02877163,0.64449573,0.36243460,0.37672016,0.25425041,0.32735184,0.04686116,0.05333725,0.48442242,0.01953970,0.20684102,0.08739513,0.12094600,0.25583962,0.48964658,0.35224089,0.02023203,0.21567377,0.73462093,0.65464377,0.13725899,0.01496381,0.02083277,0.01890330,0.57495445,0.61577260,0.01543409,0.04589032,0.08487365,0.04394370,0.03308041,0.01351959,0.12957689,0.19040741,0.00533614,0.03112542,0.70366818,0.75897473,0.40169641,0.48286223,0.02693987,0.26514155,0.01211909,0.07956135,0.13392007,0.41680557,0.82920051,0.01625060,0.50151932,0.00084814,0.83961999,0.65287763,0.07609305,0.35406825
0.00490210,0.06186404,0.64952624,0.00776032,0.58839983,0.03915133,0.07068750,0.94633228,0.01026890,0.01030959,0.01946510,0.59121388,0.04011717,0.15407205,0.62916392,0.00082596,0.08363800,0.12793668,0.95483112,0.02861601,0.02484977,0.40127417,0.24268296,0.26324013,0.00348222,0.00224515,0.01352584,0.02035581,0.20113567,0.14664745,0.00702781,0.03145277,0.14530349,0.91606814,0.42895451,0.07944268,0.11137625,0.01026283,0.01644992,0.06134571,0.35780376,0.81388676,0.39572841,0.31316158,0.62932628,0.17851432,0.26341879,0.57010055,0.02032492,0.61164135,0.69918108,0.69477695,0.06364542,0.36400163,0.10651340,0.24827349,0.46903127,0.00274575,0.18442938,0.02097427,0.78437036,0.08721765,0.58020949,0.05660926,0.76465195,0.04103628,0.57057893,0.07310460,0.27734110,0.65586978,0.10173742,0.05860441,0.16497600,0.73964864,0.02336555,0.60558510,0.15921696,0.02806217,0.22045170,0.45368987,0.49180606,0.00442005,0.09396190,0.54293740,0.71765006,0.02919790,0.01696373,0.02297685,0.02493847,0.12170990,0.56784683,0.00699160,0.09601204,0.00916719,0.03812653,0.03420559,0.01220289,0.12228157,0.41776595,0.00162408,0.06807316,0.75962269,0.08244867,0.25760159,0.46341422,0.12027639,0.21856314,0.01643975,0.07086934,0.09425310,0.65232545,0.73353291,0.00717515,0.76739532,0.00519869,0.77489340,0.86318976,0.16379955,0.25454339
0.00109520,0.03966501,0.68739825,0.02981853,0.29030165,0.10573696,0.12784237,0.87336999,0.34966388,0.09375592,0.06213817,0.10667521,0.08825082,0.12734269,0.45176774,0.00411536,0.04171675,0.19224948,0.84737355,0.05272571,0.13491631,0.19079053,0.22794826,0.36904585,0.00608516,0.00150957,0.01429738,0.02523318,0.12856176,0.17712237,0.01557439,0.02396193,0.05234824,0.79024130,0.57740319,0.17886765,0.02427129,0.01226043,0.11495764,0.03308808,0.55360532,0.67300379,0.26183951,0.22659530,0.45009917,0.13194734,0.04445763,0.59981245,0.02479204,0.32830569,0.62490737,0.59980810,0.23510838,0.35454059,0.04595936,0.16779308,0.66311473,0.00026585,0.23891397,0.01133632,0.19087391,0.11450649,0.76218688,0.02089887,0.46239907,0.00428406,0.56135637,0.04296291,0.57864046,0.60675728,0.15906911,0.06731277,0.05795998,0.08722954,0.03227633,0.25679868,0.03856166,0.21854313,0.28223374,0.09952267,0.17224148,0.00850498,0.28139091,0.83714694,0.42320251,0.00840356,0.01146022,0.03494702,0.02267333,0.49753913,0.57156110,0.00934461,0.08642060,0.08721117,0.02740270,0.01545390,0.00675669,0.06287343,0.39179963,0.00621564,0.03440615,0.64212102,0.63023943,0.19040927,0.37481579,0.06363825,0.30406812,0.04047841,0.00558166,0.13990495,0.22872691,0.67864406,0.06394503,0.14287619,0.00178642,0.86708796,0.82376564,0.09640829,0.38157895
0.00076263,0.01997929,0.48641458,0.00749001,0.53623176,0.03236946,0.02218444,0.97625953,0.03381671,0.03671073,0.01275434,0.68580633,0.08701853,0.15977363,0.63856411,0.00112712,0.06713000,0.09257188,0.95607150,0.03622540,0.17577794,0.31471336,0.09707449,0.67519855,0.01903195,0.00953008,0.05922614,0.03923309,0.32872108,0.54878932,0.16812807,0.02124958,0.16121525,0.75135577,0.47383896,0.34071669,0.05641202,0.01160861,0.06367173,0.02427584,0.39504534,0.83117747,0.37978292,0.33598021,0.37247339,0.11432543,0.03257991,0.73939699,0.00695111,0.63294357,0.25793859,0.86702466,0.00885297,0.36107796,0.10015498,0.05921486,0.79519290,0.00031535,0.75448620,0.01092371,0.58895135,0.08996342,0.86927295,0.07374759,0.72191823,0.09448249,0.74261326,0.04251912,0.57968771,0.29857704,0.18398480,0.16828492,0.01237343,0.58848399,0.04318560,0.33837366,0.01401778,0.31279022,0.40282199,0.10384864,0.31606537,0.00795581,0.24817434,0.62211281,0.38315889,0.01839929,0.00687840,0.15221651,0.01593054,0.02371271,0.59032112,0.02744715,0.15935913,0.11215112,0.00816054,0.04429770,0.00362948,0.16580756,0.23446497,0.00707256,0.06147131,0.45808041,0.17446122,0.27229145,0.39240763,0.03172744,0.21681730,0.04916206,0.03069803,0.07755191,0.29324237,0.76942468,0.04206311,0.27294797,0.00087470,0.84517080,0.89853758,0.02496731,0.33987850
0.00283648,0.02607157,0.79180348,0.09125326,0.25883827,0.07499227,0.07697190,0.92192721,0.57557833,0.18304959,0.06153100,0.08373402,0.20112738,0.70880902,0.56703228,0.00499570,0.04716924,0.48810220,0.95816672,0.04308666,0.09420694,0.13548805,0.04750432,0.34764320,0.01379553,0.00109028,0.02047675,0.02173234,0.51213181,0.33459461,0.03902185,0.06715084,0.12051606,0.78297412,0.62132394,0.26483467,0.05116255,0.00108087,0.00913026,0.01271734,0.30185154,0.90410918,0.25140569,0.24201520,0.47630185,0.21524321,0.07168724,0.63466340,0.00953444,0.64448518,0.38684475,0.45453262,0.47406876,0.13663639,0.11687279,0.22372502,0.84148353,0.00042680,0.57829195,0.01519877,0.56874657,0.28820330,0.95415998,0.04162719,0.87265062,0.00505632,0.59861439,0.05599870,0.48468760,0.54949045,0.36079696,0.04184798,0.02241025,0.15243125,0.07173771,0.40461013,0.00292885,0.17802894,0.28345159,0.16527985,0.09639218,0.01272367,0.27151924,0.72482252,0.32182303,0.06733131,0.00537031,0.08463336,0.04555229,0.65910310,0.62627989,0.07460858,0.09844429,0.38039941,0.02020854,0.08171900,0.00934503,0.11621746,0.36837664,0.01229814,0.06311914,0.49997389,0.84125894,0.23017310,0.20014359,0.06010498,0.22089909,0.01253621,0.01813687,0.04284994,0.13216591,0.55894464,0.12453874,0.57210743,0.00125441,0.87041020,0.76222169,0.08053861,0.24646273
0.00309156,0.04827352,0.76196307,0.02713174,0.41467902,0.05500635,0.07319370,0.97932380,0.05430743,0.12356720,0.02409803,0.75490665,0.32970524,0.47651368,0.72000134,0.01221991,0.09237349,0.32826787,0.95867443,0.01917362,0.04542852,0.22170204,0.18483545,0.30059209,0.00263348,0.00142244,0.03376838,0.02301350,0.09556348,0.29009619,0.01817624,0.02846028,0.06486878,0.59276217,0.40181699,0.49443245,0.12091647,0.00415875,0.00768187,0.02711756,0.65258503,0.93511659,0.24703974,0.21546757,0.52206540,0.12098034,0.02297098,0.50080395,0.01084477,0.49061319,0.71470839,0.65292120,0.12507105,0.17641863,0.17764425,0.73002648,0.84939146,0.00028688,0.32558522,0.01240788,0.43866062,0.10254458,0.73648673,0.04611233,0.87943965,0.02397734,0.42166042,0.00912591,0.41171733,0.37448597,0.18789078,0.18871941,0.02715050,0.44763979,0.03464290,0.27747706,0.01995205,0.10788336,0.47882542,0.08076359,0.51479673,0.00531122,0.09899813,0.67260021,0.28393221,0.01814929,0.04676776,0.04226436,0.04532773,0.07118036,0.35916224,0.03642904,0.16553241,0.20209721,0.02575181,0.09806309,0.00414412,0.21525940,0.15046127,0.00316255,0.03283096,0.47403789,0.18137741,0.15463111,0.33828050,0.03336514,0.24355555,0.12008440,0.04534739,0.17402984,0.20904955,0.67881554,0.00862132,0.81150162,0.00050740,0.90733486,0.91371483,0.08487813,0.43314427
0.00344105,0.21202621,0.55633563,0.01837255,0.15046236,0.14391269,0.17490570,0.95146203,0.41238475,0.48392892,0.16010326,0.60183555,0.66473871,0.27340317,0.88854402,0.00250260,0.06176198,0.47150514,0.97474897,0.02902487,0.01456198,0.50265169,0.25679195,0.28209615,0.00193189,0.00131392,0.15925002,0.08114513,0.18422964,0.20626642,0.00501730,0.00456443,0.11401786,0.39482811,0.21921977,0.29665893,0.09027297,0.00155858,0.01597285,0.01986632,0.31407380,0.96007830,0.20099922,0.24335426,0.67115694,0.15099403,0.05053690,0.34029827,0.01175900,0.05896373,0.93108672,0.92525810,0.42009357,0.08335184,0.13357994,0.36518359,0.57015139,0.00031734,0.45961055,0.00975812,0.73406148,0.21080709,0.77912462,0.04882969,0.72265351,0.00903018,0.74306202,0.00783143,0.24804890,0.52548867,0.05844583,0.07753850,0.03192677,0.20760278,0.02925466,0.64356130,0.06617225,0.03079466,0.74104470,0.18128358,0.27705258,0.01674276,0.51433796,0.55650973,0.33292142,0.03031497,0.02287361,0.08479717,0.03764940,0.90092528,0.52074277,0.01772608,0.07896638,0.27683264,0.05351304,0.01808667,0.00978456,0.18943451,0.32875744,0.00181907,0.03281598,0.51640201,0.83710992,0.17276770,0.29412568,0.01416783,0.20414719,0.00832663,0.02230344,0.03866141,0.17740491,0.68144608,0.05633615,0.77855605,0.00044087,0.95718426,0.93449217,0.09234802,0.27631864
0.00564551,0.08961615,0.32669449,0.00600396,0.35168841,0.19738591,0.01390279,0.56603783,0.18573500,0.05367317,0.04059698,0.45310065,0.44976869,0.13927922,0.29293704,0.00397064,0.47627935,0.01299984,0.68818176,0.04055868,0.02279099,0.59279394,0.17320581,0.08117615,0.00198017,0.00167690,0.03687533,0.02337084,0.04847366,0.26104063,0.06004844,0.05470421,0.26648358,0.69436020,0.57306665,0.43166354,0.10681518,0.00703765,0.10166670,0.08728550,0.43213707,0.56862468,0.19969012,0.06532679,0.33447081,0.11162335,0.02926852,0.28249696,0.01877218,0.13622515,0.31531668,0.69240975,0.13849130,0.20492920,0.02555591,0.53789133,0.32031825,0.00089730,0.15615116,0.02621556,0.67173034,0.26197860,0.53974092,0.00617774,0.19808348,0.01617721,0.71162057,0.02665449,0.64204293,0.77004939,0.34556821,0.10545297,0.03287151,0.03263953,0.01184541,0.40805894,0.09872941,0.07068710,0.13506883,0.41354468,0.48810405,0.11550936,0.14457197,0.36664402,0.21292250,0.02202242,0.04165640,0.05536773,0.02796103,0.25922066,0.67776340,0.03403289,0.26157856,0.03792911,0.03363004,0.24191423,0.00907593,0.26618144,0.38013807,0.00275722,0.04751601,0.47079188,0.46040085,0.33687645,0.26075941,0.05014029,0.14494118,0.02920724,0.02977651,0.18744388,0.25227135,0.42607895,0.03466779,0.39155194,0.00147466,0.36717331,0.62244785,0.20050851,0.28276587
0.00765421,0.12713441,0.37659770,0.00906754,0.40938953,0.17922422,0.01262749,0.63081956,0.21969418,0.07188153,0.05972311,0.30456701,0.46383703,0.15671588,0.16391198,0.00712999,0.32553041,0.02833883,0.64897329,0.04095392,0.01597471,0.53927225,0.30593392,0.15659377,0.00169461,0.00201704,0.01871899,0.03052958,0.06056233,0.31821457,0.07128839,0.03700926,0.34861901,0.74276644,0.74881947,0.46500716,0.04931090,0.00425267,0.19936268,0.09684937,0.61361909,0.41685626,0.33458203,0.05569455,0.23899743,0.12249139,0.04108082,0.42500281,0.01789708,0.12407647,0.31299978,0.72409689,0.28606969,0.16096544,0.02920662,0.52242476,0.25303659,0.00130723,0.06354425,0.01544019,0.56911236,0.17057139,0.23786242,0.00973087,0.17087512,0.02504295,0.55433923,0.03667664,0.39563161,0.69336975,0.32423428,0.23570453,0.06572719,0.01215263,0.03216302,0.35103279,0.06184101,0.16526891,0.16655207,0.27892652,0.53652436,0.09863480,0.17418148,0.28760952,0.12748757,0.01950843,0.02621919,0.13539125,0.03868568,0.33404982,0.59505630,0.03443438,0.17497650,0.04508973,0.04074522,0.34565204,0.01138849,0.19190308,0.27325726,0.00327684,0.11284512,0.53142631,0.25175253,0.18672316,0.37400872,0.09775884,0.22041982,0.04873966,0.02871870,0.31038606,0.15468536,0.40167671,0.03291710,0.44248667,0.00315924,0.53118855,0.60163242,0.21613869,0.32101545
0.05505542,0.00541503,0.65116948,0.10082059,0.99064898,0.48553941,0.00255597,0.20316426,0.69708234,0.00458731,0.00301092,0.02464245,0.94665766,0.61098611,0.59216923,0.00248341,0.13136376,0.06656492,0.85099262,0.05931609,0.00225097,0.12162232,0.76919174,0.02058611,0.00366030,0.00005415,0.02906467,0.01431534,0.00318566,0.35780713,0.01487106,0.00358651,0.12540494,0.76714367,0.40741882,0.57586199,0.04913957,0.00021187,0.05137271,0.36521453,0.28037602,0.40273097,0.99913472,0.00730747,0.00012810,0.22334480,0.02286083,0.30859780,0.00947180,0.05733104,0.53627604,0.91211146,0.87550914,0.22626081,0.00324250,0.98708308,0.46414593,0.00010803,0.04538208,0.03547516,0.71603245,0.81014508,0.04430903,0.00605795,0.01749204,0.00049712,0.09545621,0.01553698,0.07686329,0.87043709,0.03213140,0.00139898,0.41537982,0.00042154,0.01307691,0.26773784,0.11628466,0.99929637,0.03939506,0.28477252,0.70836043,0.98307085,0.01821223,0.17630488,0.03766397,0.09987467,0.50279731,0.00371668,0.07861309,0.90113389,0.75391424,0.00746072,0.33564919,0.00187712,0.15143950,0.22120684,0.00425429,0.08214563,0.13784626,0.00746007,0.03593147,0.94546270,0.96660346,0.78245634,0.79080182,0.00213066,0.07916324,0.00138496,0.40076599,0.23857903,0.26516017,0.00872913,0.00100832,0.63937408,0.00058613,0.65070361,0.77083325,0.15253152,0.31728005
0.05854858,0.04649448,0.44950786,0.00185707,0.96631145,0.51387990,0.00051261,0.63966054,0.07531154,0.00064174,0.84502733,0.88838500,0.00832846,0.89484990,0.48108405,0.00094781,0.12633994,0.04961508,0.94413614,0.00214825,0.00176718,0.16134569,0.63991702,0.06583268,0.00156893,0.00007194,0.01071142,0.00024816,0.01854296,0.93488610,0.08097251,0.23000538,0.18615130,0.85642940,0.35340902,0.47882715,0.01188283,0.08987484,0.33569351,0.49847031,0.53781563,0.54989284,0.99964136,0.00029097,0.00000026,0.54809576,0.01384917,0.34025750,0.01048653,0.02036243,0.49232900,0.85756731,0.02584222,0.42676899,0.00531551,0.04213925,0.35254258,0.00008036,0.04139342,0.12913243,0.95773244,0.00427588,0.11017054,0.02177660,0.18792897,0.48721188,0.05154003,0.02331410,0.44172570,0.99654317,0.04409261,0.02640812,0.00001085,0.31534037,0.02982613,0.68070990,0.66346955,0.99865574,0.04714811,0.44759452,0.97875035,0.88336670,0.06627087,0.15123221,0.07145210,0.08803652,0.00801238,0.00805706,0.03696086,0.03933133,0.93727553,0.00359920,0.27108634,0.00469113,0.09072746,0.27325618,0.00246926,0.06677569,0.12397004,0.00025178,0.08958276,0.90330845,0.01922663,0.48996842,0.96222281,0.14592104,0.22197570,0.07961019,0.00912162,0.07221143,0.26566210,0.00313779,0.59248859,0.97339576,0.00018419,0.62583375,0.25412202,0.12388061,0.27804527
0.07162844,0.00311440,0.41367301,0.00184387,0.77907354,0.62134498,0.00060104,0.66691017,0.73303866,0.08770721,0.00535210,0.00026504,0.08543516,0.82766718,0.80960542,0.00022809,0.09124230,0.03765730,0.68331176,0.36103684,0.00430027,0.05797678,0.14239426,0.15473472,0.00276916,0.00193948,0.00262667,0.00128180,0.11966647,0.01943216,0.08327403,0.88587552,0.44356069,0.67668235,0.15646289,0.76712191,0.36605754,0.00053100,0.16579933,0.39620399,0.20389062,0.58873415,0.99857116,0.00254856,0.00000170,0.57414919,0.03977787,0.25478020,0.05135943,0.10967650,0.83084917,0.03381202,0.93312043,0.40315247,0.13014500,0.18130994,0.79499960,0.00113036,0.00056456,0.17188667,0.37819448,0.87075138,0.46771640,0.00356056,0.20294298,0.00039214,0.07737360,0.01627935,0.54198653,0.78395247,0.27187285,0.02579448,0.68780684,0.00322629,0.01218679,0.59390527,0.00754942,0.98671848,0.08031154,0.31252527,0.68307835,0.72159648,0.60374695,0.18544845,0.10853973,0.10245089,0.34561515,0.01486964,0.00892201,0.84502345,0.82524884,0.00292044,0.24921735,0.02767584,0.08290082,0.58221340,0.02661932,0.16500993,0.03954304,0.01598437,0.10200237,0.90040958,0.94634736,0.56971323,0.79316777,0.79211897,0.17673396,0.55726272,0.00003902,0.05110070,0.34381446,0.00356108,0.01990500,0.70562816,0.00030992,0.51477623,0.35108393,0.22461581,0.20193154
0.02628725,0.03808343,0.64736342,0.03429804,0.65843630,0.58635437,0.00135316,0.69987959,0.08803423,0.00012746,0.10591759,0.94027293,0.97343761,0.62103546,0.41259870,0.00099495,0.27519989,0.06482700,0.78137016,0.60645908,0.03991719,0.25642386,0.00420417,0.13237543,0.00162565,0.02372081,0.00252717,0.00090783,0.69895697,0.46793976,0.58839089,0.03503571,0.46308973,0.49440792,0.09227629,0.72639322,0.19724943,0.17851318,0.07811864,0.41157711,0.03383839,0.21916460,0.98968977,0.00374185,0.00000606,0.51813209,0.05262613,0.47187334,0.25811985,0.19884224,0.17169823,0.20788737,0.05909118,0.46865276,0.03050952,0.98361254,0.52429062,0.00256057,0.00026405,0.30342397,0.12967685,0.00489388,0.20123623,0.02059296,0.34026620,0.15737522,0.08496682,0.01574756,0.24190776,0.08852841,0.30528134,0.03819389,0.00151803,0.13179813,0.00844296,0.05300156,0.00784728,0.96052700,0.02409399,0.44683251,0.31682473,0.63247049,0.44048467,0.25613010,0.14648126,0.26466620,0.07872938,0.01284887,0.18691748,0.06855894,0.80551839,0.00939999,0.57273012,0.03797185,0.11558119,0.50840139,0.24277391,0.05099483,0.22208773,0.01326354,0.07277867,0.84552538,0.01691318,0.45511547,0.79614961,0.01376682,0.44620803,0.69783998,0.07940593,0.14002433,0.36118782,0.01416929,0.00235328,0.00294128,0.01403539,0.51011086,0.09930363,0.20077419,0.40634754
0.04299844,0.12304532,0.62805408,0.38849276,0.74292988,0.03961420,0.00576442,0.74129784,0.47131801,0.00506246,0.42836189,0.00152572,0.04381490,0.36574024,0.35128713,0.02606856,0.24137934,0.01661848,0.71884710,0.00400669,0.03002731,0.32826814,0.05041493,0.34077835,0.05078590,0.00878912,0.01266345,0.00367161,0.07495622,0.43455559,0.04870635,0.01542332,0.43565220,0.77060169,0.04647145,0.65322119,0.44331092,0.00162059,0.10882780,0.26073483,0.02955761,0.31857550,0.92958599,0.00349306,0.00231628,0.53352833,0.04907323,0.62116861,0.16996518,0.26547208,0.17216638,0.57957560,0.85486329,0.43778223,0.04555371,0.10207630,0.52793401,0.00532675,0.01477751,0.47934005,0.02251373,0.86489165,0.08700573,0.02582555,0.42033586,0.00259546,0.31133127,0.03839985,0.23091637,0.12794304,0.34991956,0.14612801,0.02494851,0.00094375,0.09082554,0.01815006,0.21120484,0.92009145,0.06070108,0.31485409,0.12638824,0.48208082,0.12800479,0.32114094,0.12276721,0.23328950,0.00167133,0.01918727,0.10746844,0.68290430,0.91394746,0.00088701,0.13547532,0.02399409,0.13948962,0.39504334,0.14646617,0.11966281,0.38940412,0.02851399,0.49794498,0.67158753,0.82536101,0.40320256,0.68688309,0.00199348,0.27498567,0.00535116,0.31023589,0.06861970,0.17542697,0.01896417,0.49266315,0.00142289,0.03494515,0.41164777,0.18495476,0.11723882,0.32187596
0.02060516,0.16271131,0.28443158,0.08380202,0.71863276,0.02160801,0.00303751,0.62564695,0.02638995,0.00167165,0.00180794,0.33442935,0.02077269,0.31843469,0.30511558,0.02437812,0.28492063,0.02119395,0.68052179,0.07652718,0.05623863,0.10983372,0.39542240,0.51645452,0.00330021,0.00919156,0.02578569,0.01051778,0.01922285,0.08708851,0.00062167,0.01662607,0.48373133,0.72357845,0.08505106,0.78741640,0.46159935,0.05958396,0.11501385,0.20736633,0.17516500,0.43118274,0.90547562,0.00782560,0.05421380,0.32800841,0.04875195,0.73405439,0.08038137,0.19779694,0.19348174,0.43425921,0.03645673,0.06804375,0.05111580,0.10108882,0.72123557,0.00460166,0.02294130,0.06859892,0.55804998,0.00425618,0.12812501,0.00425192,0.39433965,0.08326589,0.42382997,0.03025083,0.37941208,0.54861492,0.37315756,0.10959516,0.78574163,0.13001955,0.06842948,0.06056231,0.71936548,0.50574183,0.14248280,0.33602419,0.57122487,0.25164244,0.00642912,0.37408110,0.54376113,0.14730285,0.49325913,0.02104576,0.06764515,0.04493929,0.76389152,0.00208278,0.44176397,0.03484184,0.13379340,0.49175590,0.28485262,0.21202983,0.51960260,0.03044471,0.56761992,0.88419336,0.01635647,0.47641122,0.70732713,0.06657831,0.43629420,0.00018317,0.34239411,0.24965486,0.17899702,0.05486393,0.00077834,0.65735871,0.03825331,0.39513063,0.46346048,0.07306349,0.21203931
0.00557080,0.05289566,0.52932984,0.00179642,0.65490353,0.19225177,0.00429017,0.47591102,0.32152271,0.01261619,0.10320746,0.07038411,0.71779865,0.30304661,0.16648912,0.00409101,0.19037758,0.00726786,0.61416799,0.08002125,0.00756271,0.15933384,0.38928601,0.55384970,0.00105771,0.00295307,0.07254525,0.03097303,0.09108934,0.53058493,0.02131507,0.03085920,0.26326698,0.74219334,0.33734024,0.73497993,0.22987381,0.00579481,0.09482387,0.29379711,0.22867954,0.47006917,0.50090468,0.01288960,0.03987850,0.25672096,0.05378607,0.13016753,0.08814198,0.18948582,0.61227548,0.72913790,0.54227275,0.23720106,0.02360302,0.40447369,0.24012399,0.00245375,0.08739852,0.00777153,0.76946825,0.75612497,0.13471384,0.04057202,0.15922874,0.01093314,0.58423585,0.05189675,0.68877339,0.84931874,0.31315067,0.17685764,0.00800248,0.00948810,0.02215660,0.47599816,0.13876571,0.34426731,0.14325976,0.37464675,0.71143860,0.22036920,0.03765960,0.24155498,0.08628756,0.02083726,0.03672076,0.04457340,0.01967446,0.53024465,0.81673396,0.00075091,0.26763067,0.01800835,0.03537927,0.35810030,0.03248725,0.15868118,0.22293060,0.00057391,0.28542444,0.75605929,0.64462101,0.45042124,0.43612194,0.05045110,0.16757126,0.03136365,0.01361797,0.30818328,0.06503482,0.07115016,0.07421058,0.85229814,0.00193411,0.44724363,0.55266315,0.31576312,0.08852261
0.00019501,0.17626409,0.64810753,0.00019354,0.30392480,0.16077755,0.00837619,0.61620325,0.00794540,0.16747388,0.49259514,0.60232913,0.00617501,0.12895049,0.17712054,0.01077503,0.18045866,0.00051988,0.66370004,0.04534023,0.13823964,0.04648419,0.02158871,0.67986083,0.01702948,0.01609399,0.20038530,0.30369121,0.31269380,0.77565145,0.41707793,0.40741318,0.49809718,0.82340103,0.24205939,0.89261681,0.15413678,0.10105811,0.10546128,0.22396450,0.06588444,0.64753699,0.53639656,0.00795914,0.14570366,0.17896244,0.10545000,0.18000141,0.21107164,0.35662916,0.82639968,0.13948448,0.03358635,0.18145901,0.03044090,0.04511389,0.35097840,0.00692322,0.02946658,0.00193845,0.41596007,0.00280048,0.37868622,0.01660827,0.14780188,0.24760737,0.77675307,0.21402623,0.71495354,0.21845059,0.26330572,0.46651372,0.01005702,0.15936562,0.08053620,0.47022265,0.15966858,0.14180347,0.23137110,0.10329875,0.45808446,0.21558468,0.58928466,0.08867293,0.07687204,0.01829517,0.00134351,0.08271815,0.01123678,0.03511664,0.55409569,0.00034010,0.68266308,0.04802458,0.04887204,0.28398770,0.22780828,0.24856487,0.10514582,0.00295270,0.48426417,0.71756685,0.01345331,0.49724403,0.54206014,0.71505708,0.27489263,0.81192094,0.00106248,0.35394517,0.01303894,0.17833643,0.44554573,0.27588665,0.00034651,0.35223299,0.33724171,0.36679012,0.04933737
0.00000276,0.10207474,0.64643753,0.00642441,0.35113570,0.15150473,0.03571576,0.56715268,0.63118458,0.60085523,0.00751202,0.04214874,0.30934823,0.11071306,0.06478872,0.02628495,0.14597304,0.00009649,0.51417160,0.70000339,0.35445461,0.04656248,0.02542829,0.52343100,0.01865206,0.01868096,0.11894722,0.89693570,0.22832929,0.02658768,0.30993950,0.14536515,0.51122957,0.90599108,0.04966211,0.93772978,0.01071308,0.00098937,0.06918429,0.35657361,0.01018613,0.79166210,0.17816441,0.00876581,0.16084234,0.14327170,0.02350830,0.14918262,0.14198367,0.44272935,0.39438656,0.14428167,0.85446501,0.16404010,0.03059375,0.20850207,0.03870713,0.04166964,0.07399333,0.00067367,0.01417609,0.84917057,0.31853467,0.13966712,0.33688352,0.00064155,0.85325259,0.50672239,0.55068463,0.00486695,0.26225817,0.09345046,0.63725132,0.00172558,0.08947977,0.02708603,0.00124448,0.05450862,0.19706459,0.38165030,0.08202312,0.19440599,0.16058828,0.14815995,0.07805552,0.04137904,0.11005800,0.05780176,0.02081222,0.80511922,0.52481323,0.00472192,0.12432974,0.26969355,0.11567044,0.30521590,0.32465729,0.09639274,0.05312825,0.02117390,0.80158734,0.44311756,0.92266458,0.75607800,0.46108210,0.22841789,0.16793838,0.23391208,0.01454402,0.79806066,0.01057969,0.11729037,0.00332855,0.00166078,0.01568783,0.26885810,0.17997855,0.55534595,0.05034074
0.00000040,0.58256346,0.65462750,0.20037647,0.42797080,0.10552169,0.04848220,0.13256964,0.00349434,0.01863128,0.24979536,0.75182438,0.98206913,0.23194401,0.17712530,0.32791531,0.13671115,0.00007322,0.77630663,0.21804436,0.16064675,0.11003039,0.06374286,0.73445606,0.01660395,0.00435893,0.18563549,0.37375328,0.08006708,0.95177138,0.04415341,0.00034129,0.20622478,0.94842809,0.15542485,0.92066491,0.01080481,0.11879033,0.04034221,0.72998309,0.01142589,0.49754652,0.16671787,0.00961248,0.27909273,0.39665499,0.01987255,0.06154621,0.00361215,0.80715781,0.04140159,0.29048935,0.06533052,0.07082333,0.17095506,0.83571887,0.01258556,0.00968714,0.06529403,0.00039759,0.11116785,0.00105427,0.06953137,0.08716071,0.07693212,0.21778287,0.79054290,0.25603756,0.52185673,0.06586651,0.27468178,0.40004149,0.00518037,0.24891393,0.05258806,0.24115400,0.02934243,0.07295141,0.12656020,0.72433364,0.02024025,0.27130538,0.00580713,0.06217663,0.15729773,0.13883565,0.00038073,0.11429994,0.09462251,0.05750272,0.59405857,0.48690972,0.13982381,0.08819970,0.47877973,0.20394939,0.00324131,0.06406083,0.03582788,0.02269548,0.95349163,0.63694167,0.01492088,0.89505833,0.58326799,0.00307413,0.37925750,0.00186674,0.75558996,0.86384916,0.01934947,0.14414668,0.05067019,0.00773706,0.01643547,0.20556460,0.25835815,0.42567977,0.00914393
0.00002508,0.42793331,0.65020120,0.05203284,0.56834358,0.01987116,0.07360286,0.54959249,0.90662175,0.80015165,0.59543359,0.00646229,0.01883761,0.15490359,0.23832925,0.06220772,0.06248551,0.00004836,0.58496982,0.00064533,0.03315742,0.21010922,0.96324265,0.87264985,0.00967970,0.00000463,0.14289184,0.40848511,0.00020073,0.72678488,0.00004362,0.00323489,0.06079176,0.95652080,0.41985247,0.98698246,0.01260332,0.00014062,0.18395342,0.57411802,0.01447919,0.30649132,0.24554311,0.11124118,0.55825377,0.37216511,0.00707009,0.02064792,0.00008282,0.18690903,0.86118674,0.94720137,0.95949525,0.00087974,0.22289169,0.02163045,0.03536452,0.00268934,0.14280102,0.00059467,0.56632102,0.89646447,0.05563705,0.07664236,0.02368030,0.00051613,0.88648039,0.36216396,0.94226295,0.92895526,0.11686870,0.11061827,0.02986238,0.00016348,0.10904692,0.05171305,0.68236476,0.10806707,0.08239136,0.29401761,0.26723298,0.17227997,0.00369129,0.11224496,0.18976608,0.08170792,0.01569640,0.02592472,0.00377746,0.93539470,0.64372241,0.48979273,0.00767010,0.03979227,0.79039836,0.06396652,0.00818352,0.08399518,0.00887139,0.02626478,0.99075651,0.69896978,0.97692633,0.79071325,0.73565429,0.01593871,0.57500046,0.00043825,0.21450412,0.77202243,0.00932615,0.15389471,0.15697952,0.66366357,0.02403185,0.21399890,0.57382351,0.18195577,0.00673132
0.00004893,0.20817700,0.76194578,0.00103551,0.92969400,0.01921175,0.14509590,0.14368078,0.00213604,0.56664622,0.00029525,0.68107915,0.06286421,0.19568621,0.18934035,0.00270053,0.01799159,0.00002384,0.56491446,0.05828904,0.00062995,0.08328483,0.67875308,0.65012819,0.00004934,0.00007188,0.05777666,0.13431664,0.02533545,0.06686369,0.00905251,0.65882450,0.03587197,0.94830078,0.36073944,0.95964134,0.00239463,0.33367494,0.14621274,0.55259615,0.07189001,0.60426450,0.46351710,0.06960113,0.10520421,0.05798642,0.00276005,0.01265522,0.00021048,0.05521259,0.98603326,0.97221047,0.00843071,0.67724854,0.06565887,0.09602899,0.01367180,0.00011967,0.67078191,0.00012652,0.94722521,0.00695668,0.08467142,0.05484075,0.02760840,0.11718135,0.75793308,0.48328304,0.66191369,0.98152971,0.13797331,0.14333929,0.73607236,0.51812238,0.02014877,0.93345779,0.33255494,0.04046807,0.11194656,0.32359326,0.97628522,0.12399049,0.00468903,0.03005161,0.29002127,0.00266504,0.80609852,0.18320516,0.03841532,0.00351599,0.63625747,0.28550190,0.66020006,0.27997485,0.57627547,0.01466034,0.00731071,0.11108876,0.00181208,0.00060127,0.99792755,0.59147364,0.00537206,0.46261874,0.72502965,0.84314907,0.15833618,0.21197762,0.00698775,0.48636469,0.05128049,0.67347217,0.00445522,0.98942107,0.00052300,0.12155303,0.72283494,0.56992322,0.00181361
0.00088111,0.02223757,0.90097678,0.00134911,0.91591156,0.60540491,0.07893518,0.23348236,0.84409046,0.06426822,0.91121012,0.55014801,0.99429470,0.10231397,0.22074839,0.00009564,0.03012519,0.00139688,0.78979540,0.54760528,0.00100792,0.07488106,0.66686648,0.59505159,0.00004900,0.00035427,0.13711534,0.01324832,0.65582848,0.95688212,0.87045097,0.30370307,0.04369274,0.97683811,0.54153663,0.93047965,0.00487267,0.00000303,0.13491718,0.44032502,0.25742233,0.41294491,0.39952865,0.01795381,0.00580436,0.22019462,0.01519308,0.00190387,0.00107202,0.09354095,0.89607364,0.82107085,0.97852361,0.20204331,0.14741604,0.90512699,0.01069383,0.00007002,0.12582274,0.00085848,0.31170079,0.89341033,0.63508588,0.16147497,0.00258310,0.00793006,0.81427377,0.20369805,0.50165230,0.94534856,0.09783527,0.12692322,0.00088861,0.00014234,0.03604309,0.25815779,0.00129967,0.10465312,0.03640220,0.08479571,0.90799761,0.11074688,0.48937407,0.04821925,0.00641900,0.01091970,0.00170076,0.10485799,0.04618926,0.92697835,0.70944941,0.22170876,0.33496925,0.02713972,0.02021319,0.02499233,0.00824616,0.04553162,0.00049023,0.00080243,0.99997932,0.83865577,0.96392268,0.60420024,0.50938648,0.26038375,0.10440182,0.81788063,0.00108159,0.39221039,0.00720228,0.22760676,0.53404939,0.88866401,0.00005294,0.09579436,0.55296582,0.16675319,0.00556817
0.00837288,0.18437475,0.47415471,0.01285515,0.53008789,0.12008501,0.00845931,0.57719576,0.21361014,0.06667902,0.03395715,0.29779929,0.44719860,0.19694652,0.28128558,0.00615024,0.34260240,0.01301484,0.75045907,0.03499619,0.03269732,0.52604568,0.32074097,0.16509669,0.00140034,0.00142716,0.02955994,0.04259000,0.05508084,0.25040019,0.05150223,0.02871550,0.20782697,0.73462385,0.66919112,0.48637307,0.06522357,0.00551998,0.12990132,0.05367239,0.49631518,0.57162958,0.31691268,0.07749374,0.40279013,0.20100994,0.02626549,0.32520747,0.01362314,0.07000185,0.24797180,0.62199008,0.14827220,0.25552425,0.06110872,0.40570331,0.26004148,0.00148137,0.04345150,0.01577907,0.50441968,0.20422415,0.30662164,0.01073591,0.14009687,0.02365939,0.51095098,0.02805869,0.60972852,0.75393474,0.33379358,0.12783992,0.06826556,0.02496217,0.01778281,0.31451109,0.07196048,0.15576236,0.08535943,0.26448414,0.64726061,0.07331464,0.16496551,0.27259812,0.23732081,0.02495575,0.03219043,0.05621833,0.02522355,0.31871766,0.63753843,0.02727748,0.26833567,0.04494344,0.03038870,0.29018980,0.01975186,0.17432788,0.33672416,0.00194154,0.05350493,0.55358708,0.26530933,0.25519428,0.45371634,0.06371394,0.28043124,0.04809591,0.05057807,0.22068848,0.19094728,0.35742986,0.03342643,0.62718511,0.00133142,0.47454959,0.53333336,0.23588194,0.24366580
0.00754866,0.08736628,0.45829809,0.01211455,0.45299727,0.08751505,0.00647511,0.53430527,0.14020763,0.05141471,0.05841316,0.45555243,0.21011978,0.10598874,0.21444230,0.00746847,0.21678065,0.01931531,0.81431162,0.04108066,0.02955716,0.56796515,0.27710897,0.25533441,0.00293537,0.00074907,0.03033710,0.03964654,0.05259024,0.44650427,0.04126901,0.03952088,0.52096188,0.75913167,0.80671662,0.42340657,0.14139652,0.00661004,0.16949578,0.04644687,0.56535631,0.52156776,0.24121365,0.13078745,0.34090292,0.15971635,0.03050149,0.38244411,0.02177203,0.07697660,0.28311959,0.60055274,0.21846592,0.12703393,0.04849954,0.34076735,0.34878132,0.00073944,0.07543276,0.01592462,0.64046323,0.29915395,0.30422488,0.01608887,0.13351467,0.01613756,0.29085711,0.03024221,0.68221223,0.51352435,0.37684906,0.25925747,0.04306522,0.02780479,0.03482241,0.51490337,0.06884000,0.21840085,0.12953675,0.30797315,0.60347486,0.07147498,0.07674568,0.25918329,0.20967770,0.02183659,0.03142420,0.07424200,0.05331313,0.30001044,0.51799917,0.03060417,0.23614077,0.03453657,0.02708907,0.36117402,0.01448474,0.14430447,0.19996968,0.00488918,0.09037487,0.79818720,0.28151807,0.27896172,0.29295957,0.07976938,0.20869927,0.03778180,0.02421956,0.30195948,0.09778542,0.59949440,0.03224010,0.40644842,0.00152298,0.48297215,0.60964864,0.12763317,0.58991098
0.00945074,0.17291725,0.32215673,0.00623810,0.59512609,0.12240519,0.01466109,0.70040137,0.13786027,0.05968878,0.04030961,0.21230389,0.37455395,0.21628270,0.25163409,0.00514320,0.29990986,0.02410219,0.69950467,0.03251486,0.02948023,0.76817238,0.19686264,0.32319176,0.00184913,0.00143624,0.01599711,0.02246474,0.03147161,0.33397946,0.03657336,0.03470144,0.39883938,0.83019382,0.75618106,0.61014313,0.13241246,0.00733461,0.24988881,0.04727664,0.36468834,0.55620080,0.23662655,0.06676795,0.28328484,0.08712541,0.03811162,0.37420672,0.01543622,0.08300108,0.25407323,0.63710135,0.18122154,0.28454268,0.06266534,0.54100502,0.18043862,0.00076409,0.04648072,0.00757923,0.55720139,0.36030859,0.33744150,0.01381070,0.10473891,0.01948481,0.31998697,0.02548308,0.53941309,0.47928795,0.29555681,0.30536470,0.03842643,0.02315048,0.02541061,0.33395004,0.03009519,0.17989977,0.10777260,0.33459699,0.72474104,0.10273673,0.21016604,0.30751038,0.17263246,0.02080191,0.08481331,0.06435545,0.04807489,0.34746534,0.65051442,0.02754231,0.32424152,0.02604943,0.03246856,0.32400671,0.01941170,0.22573152,0.26802289,0.00241876,0.08486541,0.81985527,0.36855367,0.27821118,0.42594847,0.04942267,0.20226862,0.05306876,0.02390747,0.27474239,0.14281408,0.48121041,0.02913802,0.20104247,0.00325496,0.45779717,0.57024217,0.25670594,0.56329161
0.01230099,0.06291234,0.06543671,0.01208514,0.61484474,0.03394096,0.00509435,0.79126769,0.05012728,0.03339778,0.02375087,0.49954069,0.34103274,0.11378960,0.34859535,0.00472858,0.21262684,0.03692761,0.78045428,0.04454295,0.01835701,0.50145292,0.41947949,0.28529266,0.00112128,0.00165616,0.01479828,0.01974489,0.02566988,0.19685017,0.07149474,0.02757226,0.84099185,0.84522194,0.87947899,0.47693151,0.06869110,0.01148551,0.28627929,0.01885013,0.77189785,0.35773543,0.46997553,0.44304177,0.37080255,0.10517858,0.04359590,0.24284385,0.02517296,0.08638134,0.15688729,0.76419967,0.27978480,0.17589071,0.02581498,0.59670246,0.37594423,0.00097520,0.08834757,0.02397006,0.31391922,0.34139183,0.17864156,0.05288281,0.31172910,0.02572350,0.10998669,0.01211125,0.86309063,0.43989193,0.14714007,0.59601194,0.02429331,0.03367328,0.01945893,0.47250602,0.09262933,0.25789544,0.29122680,0.66953290,0.29239243,0.05871426,0.16403584,0.36616796,0.15367480,0.01179357,0.04676481,0.04532683,0.01198005,0.09068741,0.65096056,0.02915290,0.16813117,0.05819767,0.02495558,0.19288960,0.01187062,0.14440833,0.52764839,0.00495700,0.26769376,0.84188056,0.22353555,0.51159334,0.84088600,0.02039341,0.25345388,0.05032790,0.01961198,0.21630396,0.49410334,0.72511601,0.01924648,0.57147372,0.00173222,0.69384885,0.59010714,0.05009608,0.63190383
0.01415062,0.02864971,0.11213920,0.00671125,0.76637673,0.02696813,0.00278381,0.74351889,0.34724507,0.01944334,0.05452493,0.46783793,0.33011976,0.18621607,0.21505344,0.00274050,0.30143443,0.12639518,0.92306530,0.02151162,0.03733725,0.63655889,0.41911414,0.43079033,0.00088618,0.00053251,0.04292880,0.02341347,0.00425114,0.08526670,0.09924164,0.03861965,0.92120481,0.87539512,0.85078090,0.64496946,0.12352950,0.02000105,0.04987049,0.03139565,0.46951458,0.40658134,0.31884712,0.34236047,0.26688042,0.08559561,0.04048462,0.63209480,0.03639596,0.13027476,0.11915840,0.82665384,0.31968221,0.16315208,0.05310207,0.42268533,0.33312279,0.00103341,0.05034992,0.00733801,0.17731799,0.25378817,0.12382240,0.05972147,0.12241906,0.02334957,0.13818033,0.01035604,0.34000918,0.35210341,0.29810596,0.85468161,0.02680252,0.01879282,0.01113855,0.27615497,0.08619633,0.08725584,0.12662026,0.62602937,0.59079176,0.09336913,0.33370394,0.57981557,0.11398268,0.05679916,0.02152365,0.16021623,0.01493859,0.23148638,0.13081792,0.03353319,0.24384096,0.08357926,0.09199318,0.26426861,0.01736237,0.11857509,0.54418129,0.00378305,0.26437736,0.90336996,0.57183707,0.27907062,0.51789999,0.02115046,0.55716801,0.02724960,0.03665349,0.13776812,0.38764086,0.67433190,0.07516382,0.07409332,0.00148676,0.77805275,0.30078608,0.08699813,0.64504832
0.02335446,0.08370028,0.24821518,0.00993506,0.79529542,0.03714279,0.00297857,0.48794454,0.06362645,0.02186458,0.02845711,0.53752244,0.11093058,0.11677299,0.37211606,0.00472914,0.22331405,0.03470233,0.91970879,0.02287239,0.03048191,0.54500288,0.17749241,0.39754817,0.00250723,0.00062685,0.01958852,0.01349321,0.00187343,0.30788693,0.02638118,0.00845785,0.89502698,0.85621256,0.73220867,0.51624960,0.08841962,0.00928062,0.05945358,0.01597169,0.32050782,0.49599653,0.18186259,0.14406303,0.51389134,0.04568974,0.06273998,0.68815869,0.01986294,0.16056755,0.51231432,0.57469767,0.12732725,0.41574782,0.04505513,0.50383753,0.48466817,0.00328862,0.02626110,0.01043293,0.22323908,0.14615747,0.11247236,0.02756792,0.37724465,0.00363850,0.26482099,0.00725114,0.80326927,0.77160025,0.23683213,0.69553792,0.06441038,0.05590503,0.00592908,0.42551646,0.05944803,0.14111295,0.10581534,0.73490280,0.62054551,0.10829806,0.18632753,0.38855097,0.13134207,0.04055487,0.02010739,0.04766820,0.02441388,0.10093062,0.59416062,0.04952573,0.23775499,0.03720191,0.16523923,0.20749503,0.00598363,0.16884264,0.43503073,0.00070152,0.24547647,0.85185081,0.05487145,0.43874925,0.57178295,0.05871320,0.72080523,0.00665566,0.15056092,0.27068505,0.30332398,0.60775912,0.01858553,0.18248592,0.00162719,0.76715827,0.43880346,0.16849217,0.75089753
0.00938563,0.02259492,0.28033483,0.01812851,0.79777992,0.01753115,0.00361042,0.69380444,0.33716515,0.04330013,0.07486617,0.40532953,0.48853379,0.07741601,0.21347657,0.00325430,0.24931595,0.02966932,0.87804699,0.06756250,0.02727473,0.43533352,0.19547385,0.19379342,0.00244042,0.00032470,0.02065991,0.00914939,0.03984625,0.16240279,0.10332695,0.00378155,0.77692801,0.83432066,0.69607902,0.71607459,0.02620973,0.01082730,0.02874584,0.02683853,0.59609020,0.72867739,0.25677219,0.14301509,0.35858658,0.04543978,0.01965109,0.60277247,0.00675403,0.07947700,0.29547152,0.57601756,0.28057292,0.37764379,0.22490911,0.28925687,0.52481627,0.00292277,0.03846996,0.00582873,0.37031230,0.30619618,0.13713202,0.02156878,0.17806521,0.02125159,0.29674718,0.00885340,0.84425044,0.73563814,0.12367800,0.59778345,0.03714943,0.02332277,0.00534472,0.26244596,0.04935241,0.08146886,0.13079758,0.67766351,0.74817234,0.02950071,0.09061866,0.36968300,0.10361210,0.02975817,0.04025553,0.07206838,0.01731424,0.29382044,0.29143822,0.03445632,0.21249236,0.07253938,0.07728042,0.29561996,0.00782613,0.19509570,0.57188231,0.00092267,0.09213424,0.77558017,0.37545520,0.49458963,0.54908323,0.07236442,0.63835591,0.07591862,0.02980815,0.31135529,0.19830710,0.74059838,0.05164539,0.25993842,0.00075438,0.33537614,0.55132240,0.12162074,0.66247898
0.00365195,0.06344301,0.25015056,0.00954533,0.63250214,0.05472738,0.01947241,0.68510425,0.06543757,0.05925350,0.04287633,0.66712451,0.06711765,0.06091075,0.27013293,0.00082782,0.12480504,0.02695695,0.93136233,0.03148411,0.04345906,0.63978475,0.40772676,0.32029879,0.00124110,0.00138480,0.03404126,0.01604621,0.07986198,0.27852821,0.03812928,0.02977565,0.70091647,0.92163146,0.87613171,0.78605694,0.04442561,0.03872821,0.04405553,0.02918827,0.52386653,0.66586816,0.28344759,0.27583513,0.42407411,0.03212210,0.03752359,0.58918011,0.00646808,0.18040012,0.16993167,0.76401639,0.18685611,0.38696396,0.21147600,0.09643385,0.36169642,0.00190616,0.12209326,0.00757706,0.49332789,0.16351220,0.26775861,0.02921437,0.15393065,0.02789152,0.16118146,0.02701637,0.81190759,0.48834530,0.19224384,0.68670833,0.00339875,0.02548236,0.00772067,0.16619727,0.08361685,0.09386768,0.06305620,0.38360932,0.46175617,0.03062164,0.19769824,0.44159377,0.06340532,0.01907073,0.00937897,0.14599437,0.00732289,0.11845377,0.34803516,0.03029282,0.22715195,0.16789310,0.08950833,0.26543438,0.01484048,0.23671949,0.51650357,0.00267893,0.28136697,0.73739201,0.39108187,0.60362422,0.74701303,0.24143480,0.56445366,0.05831399,0.02172468,0.37905532,0.15568277,0.86310518,0.19070724,0.27739346,0.00068862,0.71225959,0.55500048,0.17190647,0.37387341
0.00836433,0.01872344,0.15531522,0.00509204,0.67257744,0.14019030,0.04185700,0.79515713,0.38735217,0.02277423,0.04747968,0.14976712,0.20588446,0.15806130,0.40663150,0.00157714,0.29733628,0.04410810,0.86183113,0.05591286,0.14080843,0.71139276,0.29187691,0.06218977,0.00346639,0.00135187,0.03118419,0.02994374,0.03335213,0.49170756,0.03622046,0.07456869,0.61819202,0.71427846,0.86839861,0.61810672,0.04509314,0.00714753,0.01723089,0.04687915,0.35502321,0.58329630,0.47514650,0.15147996,0.46382555,0.00907872,0.02471653,0.63734901,0.01172180,0.55513871,0.04016750,0.50586015,0.22283208,0.19403286,0.14359690,0.12285677,0.37602106,0.00245217,0.07298517,0.01571199,0.13873450,0.25379273,0.13001081,0.03716926,0.14798200,0.01490126,0.11977995,0.00916133,0.89009356,0.16782607,0.13495490,0.71751177,0.01611304,0.00985444,0.01435447,0.33781531,0.02079932,0.07529642,0.03986158,0.33512139,0.44668719,0.02178043,0.08296993,0.44414446,0.07451662,0.02393331,0.07922116,0.03594730,0.01314117,0.35927463,0.33938214,0.04212458,0.30819887,0.35371858,0.10671145,0.39564255,0.01943068,0.25923246,0.51922899,0.00271351,0.14585111,0.75192678,0.52900857,0.24145038,0.64692837,0.00889588,0.46051860,0.04288510,0.04957508,0.53391397,0.23288615,0.75678390,0.08751235,0.31066260,0.00211086,0.58227485,0.71164393,0.21698864,0.51039523
0.02439434,0.03065849,0.36898074,0.00496192,0.81325299,0.06693227,0.05651340,0.60248774,0.03591020,0.12644289,0.06309754,0.38419503,0.35553432,0.05740358,0.38467634,0.01176932,0.31775290,0.13295121,0.82978004,0.17602339,0.09912286,0.62264979,0.24035460,0.06572833,0.00231998,0.00072346,0.03880106,0.01260021,0.01723039,0.13076650,0.07581659,0.03002863,0.79161215,0.68610978,0.70398295,0.75494403,0.03460063,0.00568210,0.01898942,0.05034167,0.48728189,0.64336979,0.28746128,0.49544427,0.52870411,0.02482785,0.02690447,0.52649903,0.00836148,0.58103800,0.06915555,0.90074515,0.57897186,0.23888196,0.24692325,0.16500606,0.49377057,0.00357057,0.04960098,0.00669842,0.33795401,0.15673414,0.12777190,0.11813596,0.26677370,0.02850627,0.19921933,0.00694131,0.81971353,0.26995301,0.20271073,0.82948536,0.02594493,0.01999933,0.01488731,0.50585234,0.03964490,0.06213776,0.03619723,0.60762036,0.23657584,0.02507620,0.11990485,0.45150915,0.14111456,0.04616544,0.04002189,0.04716796,0.04385239,0.36827704,0.41549054,0.01807246,0.24536198,0.25523117,0.03948290,0.43046409,0.00558203,0.17814744,0.25396535,0.00299815,0.01813787,0.42703390,0.18765302,0.35195738,0.84999645,0.01073019,0.64433038,0.05489760,0.01814060,0.35599449,0.14215434,0.85943973,0.22862259,0.18156488,0.00081724,0.59728843,0.45403343,0.08241784,0.51899701
0.01077552,0.03432942,0.20959885,0.00767603,0.64798605,0.07180412,0.01651901,0.47365707,0.06928583,0.05739095,0.08696610,0.52819687,0.13389589,0.22441807,0.66683322,0.00246309,0.30281231,0.06206873,0.90774250,0.03146466,0.02283264,0.66269916,0.47208226,0.08984447,0.00270341,0.00054801,0.01028624,0.03756772,0.02385254,0.34115258,0.01330279,0.02696340,0.65933442,0.69960988,0.56687719,0.79837787,0.07641155,0.01610588,0.04130273,0.05432747,0.37024158,0.52888209,0.22767630,0.21030770,0.29815474,0.11382555,0.03016968,0.20836487,0.00934800,0.13536564,0.10923593,0.78933704,0.21150205,0.27990267,0.18052214,0.44673049,0.31015325,0.00198668,0.08713071,0.01689143,0.66289896,0.08153183,0.14220813,0.02724229,0.09949180,0.02020769,0.30268189,0.01445020,0.38493589,0.62430888,0.19976048,0.59459525,0.03320469,0.03769270,0.01515427,0.37617680,0.04382275,0.06185451,0.03346343,0.24961531,0.50816864,0.02392898,0.07071762,0.46914360,0.11996815,0.02735073,0.03603967,0.09177689,0.03126444,0.37443408,0.33483386,0.01487411,0.32117441,0.11323161,0.07178275,0.31673667,0.01297669,0.25658211,0.29050660,0.00232456,0.06007785,0.67742920,0.38429153,0.37899405,0.31927463,0.05839478,0.40452611,0.05093293,0.04615217,0.50258172,0.20508598,0.47254765,0.11599412,0.32831228,0.00114639,0.49621555,0.46165866,0.21465977,0.35848689
0.01123167,0.09760912,0.41436052,0.00536902,0.43580908,0.19570963,0.02239919,0.56301677,0.20768087,0.03900382,0.02699521,0.25695705,0.40940723,0.23660338,0.19276913,0.00353748,0.32985386,0.01318760,0.78509361,0.03394454,0.02514764,0.50457072,0.29355457,0.18695313,0.00364974,0.00119187,0.01138924,0.03718690,0.06378354,0.42880914,0.03189784,0.04841589,0.25113723,0.80069768,0.65978158,0.60802805,0.06489712,0.00384043,0.19203220,0.07000564,0.42536503,0.46438840,0.19376531,0.08410399,0.16245535,0.09884133,0.03928383,0.22908512,0.01251397,0.07546327,0.35373139,0.81977040,0.32503304,0.25638169,0.04050853,0.47767520,0.22216500,0.00068538,0.04215156,0.02110209,0.50335473,0.21828783,0.20241398,0.02366163,0.22808923,0.01976270,0.53659362,0.02038143,0.33640131,0.70323265,0.24333219,0.33549201,0.05657156,0.01749532,0.01612080,0.57781827,0.08287580,0.09019738,0.09027273,0.17106682,0.57621235,0.07263630,0.11786339,0.20301431,0.17387164,0.02142140,0.03921034,0.07239181,0.02702192,0.37152031,0.64621979,0.02184989,0.32863224,0.04954405,0.03532646,0.38654181,0.01419632,0.15287691,0.20380558,0.00286697,0.07422508,0.59453523,0.24905294,0.24108690,0.30261302,0.06545015,0.16638015,0.06577950,0.02655664,0.27485377,0.22802137,0.46418402,0.02321268,0.60162181,0.00299906,0.51763546,0.48471975,0.18271790,0.29595572
0.01197362,0.10567643,0.47068313,0.01185166,0.54793125,0.10431166,0.01636986,0.61782467,0.21452530,0.09166781,0.04429244,0.26097062,0.43547747,0.23222086,0.20081440,0.00534995,0.34121034,0.03246407,0.60357845,0.03437475,0.01537516,0.54531080,0.28555924,0.16714481,0.00152230,0.00134893,0.02852370,0.04653773,0.03326013,0.29744354,0.02823338,0.03888290,0.22967641,0.81164604,0.77001798,0.59286553,0.05849763,0.00690791,0.14386798,0.05900683,0.52118915,0.47225729,0.25233951,0.10030539,0.36341292,0.17015114,0.03929292,0.40238175,0.01366159,0.10337307,0.22070587,0.56321418,0.22722408,0.18161982,0.06779382,0.35843971,0.33437499,0.00145566,0.06209071,0.01985622,0.60574627,0.30648991,0.23030262,0.01508518,0.19933197,0.01621778,0.47818473,0.01737937,0.45035478,0.64089441,0.22915478,0.15686136,0.06417130,0.02128215,0.03252597,0.27186024,0.05071755,0.10524345,0.12142267,0.37924597,0.71556628,0.11202440,0.16625918,0.27665597,0.14508849,0.02065699,0.02231159,0.11380717,0.06251390,0.37124398,0.58465672,0.02703429,0.28861889,0.02706065,0.04317477,0.37081578,0.01738356,0.17221740,0.19478944,0.00287932,0.07010598,0.60743392,0.23128825,0.22998299,0.51399618,0.09052724,0.15450110,0.03214866,0.05514351,0.26203528,0.24657367,0.32375640,0.04027668,0.56681889,0.00198619,0.37096882,0.55862248,0.24073529,0.39735124
0.00702279,0.18600920,0.31903821,0.00845865,0.39914855,0.09829451,0.01164840,0.45484820,0.16395512,0.07027110,0.03059300,0.27533028,0.27293751,0.16966186,0.24020648,0.00743573,0.25463954,0.01987544,0.77706367,0.06767435,0.01302043,0.62345338,0.17391995,0.18430611,0.00207884,0.00153096,0.02245399,0.02669946,0.03972115,0.26049575,0.07055862,0.06411878,0.22556378,0.74194854,0.78752846,0.64469403,0.09271256,0.00384941,0.17859043,0.09001368,0.44061235,0.46613058,0.26006344,0.09192092,0.40296760,0.21182735,0.04836841,0.35895351,0.01838272,0.09848209,0.33888555,0.52687132,0.14912833,0.22943716,0.03539291,0.39233315,0.30189109,0.00147815,0.04422531,0.03162023,0.60477102,0.28727320,0.35881522,0.01454499,0.12457091,0.01554119,0.44808295,0.03642731,0.45439839,0.58476263,0.24745768,0.13465974,0.03529492,0.01710309,0.01923410,0.35410097,0.09114029,0.08416105,0.13617620,0.43567997,0.57177722,0.06636088,0.18068054,0.25120881,0.13503650,0.03198904,0.04216097,0.08198158,0.05242620,0.30270785,0.58833128,0.06053642,0.17184797,0.04986662,0.04569636,0.37265137,0.01724839,0.22144270,0.27494347,0.00247315,0.09516515,0.66502142,0.36510819,0.26298770,0.29612872,0.10383503,0.15261762,0.03525328,0.03522183,0.32048020,0.17342910,0.39645192,0.03223748,0.44106698,0.00154582,0.55467463,0.60707891,0.25557289,0.36412495
0.00534126,0.19491726,0.54080290,0.01580645,0.61150342,0.09156051,0.00809131,0.43260545,0.24417129,0.08235879,0.05963031,0.36636764,0.30339354,0.16091697,0.19183353,0.00475705,0.41573089,0.02469822,0.64900190,0.04197932,0.01954635,0.50979161,0.35237268,0.20076798,0.00192711,0.00095980,0.01656159,0.02619945,0.08375584,0.45793614,0.05030645,0.04991339,0.33088127,0.74689269,0.68447012,0.60469359,0.08359514,0.00316554,0.13736178,0.12027991,0.61188930,0.42275777,0.20421275,0.08647034,0.45174140,0.18931998,0.03869921,0.23036671,0.02003215,0.08115102,0.28004819,0.69259840,0.17256679,0.16858590,0.04956258,0.40454373,0.27423435,0.00108091,0.08086621,0.03327961,0.66574389,0.27752534,0.25547788,0.01535222,0.20655634,0.02616412,0.43493694,0.02858275,0.59265554,0.69022876,0.26983073,0.12698610,0.04255560,0.01884169,0.03344914,0.39358494,0.06666066,0.08926594,0.11262412,0.32299867,0.51812434,0.10800108,0.12721212,0.25980064,0.14057937,0.02908428,0.03532472,0.07855446,0.05233615,0.39567742,0.72647440,0.04108068,0.16979656,0.03599163,0.04739506,0.29295492,0.00816859,0.27704591,0.30885780,0.00252626,0.04569308,0.64243835,0.33547789,0.20450489,0.43963167,0.10622033,0.21866986,0.04214717,0.05407868,0.23765339,0.15645199,0.40582472,0.01796859,0.50271076,0.00130276,0.48697039,0.52116752,0.34538826,0.39741310
0.00736317,0.19035000,0.52431291,0.01224031,0.43108493,0.14704630,0.01504268,0.47122064,0.25379401,0.05338155,0.05489238,0.37915137,0.24607284,0.19891870,0.21238907,0.00410067,0.36099139,0.03040020,0.77499223,0.05112376,0.01400743,0.65854132,0.24256115,0.24781831,0.00217432,0.00135376,0.02466506,0.06061279,0.05406262,0.35439584,0.04404222,0.05302517,0.21035720,0.76360983,0.69615370,0.57787639,0.05408428,0.00492880,0.11397169,0.07863143,0.61080307,0.37364125,0.21817113,0.07600389,0.41224188,0.11563493,0.02174994,0.24494255,0.02003264,0.11986145,0.40492183,0.72029930,0.21111938,0.29968083,0.04574731,0.55509543,0.20466585,0.00133829,0.05068194,0.01932359,0.67887723,0.30814373,0.36019602,0.01060724,0.20509104,0.01387157,0.54638326,0.01977022,0.42693982,0.70408070,0.35884264,0.27090335,0.03330133,0.02175030,0.01563075,0.48867488,0.11690924,0.11697485,0.18581949,0.31991401,0.69427413,0.11931392,0.14803599,0.32519838,0.13270243,0.03893169,0.03163752,0.06163087,0.05561912,0.22226870,0.72270840,0.04832103,0.28260735,0.04586267,0.02946727,0.39115348,0.01299400,0.30621582,0.22974294,0.00360197,0.08053539,0.67923033,0.28557736,0.32274747,0.31693751,0.05114063,0.18246722,0.03076063,0.03597672,0.24054851,0.13599840,0.36923751,0.02361138,0.55292279,0.00230309,0.56098908,0.47142366,0.36160442,0.38330880
0.01000321,0.09234484,0.24571556,0.01037675,0.44336981,0.09937357,0.00684290,0.50948018,0.08464575,0.12452459,0.03961546,0.55787200,0.26672465,0.05868614,0.22633433,0.00283684,0.46164349,0.09205239,0.45820943,0.03313889,0.01187912,0.60471928,0.13060497,0.17447530,0.00221794,0.00161421,0.01752231,0.03155014,0.02967983,0.23661709,0.03496867,0.02735157,0.38372698,0.78678703,0.87535042,0.54246813,0.02553594,0.00604994,0.16920835,0.28283280,0.62904292,0.68391585,0.17736289,0.15817814,0.31090847,0.33362055,0.04210321,0.20203556,0.03206501,0.10410151,0.37161684,0.75637293,0.09928902,0.09473572,0.05590164,0.52635044,0.56426489,0.00068102,0.04531582,0.01101584,0.51722401,0.30812755,0.24933170,0.02946374,0.14292660,0.02238144,0.42429993,0.01477172,0.68821526,0.43272841,0.42663980,0.10851929,0.08163458,0.01483384,0.03488161,0.32338890,0.03902413,0.08180718,0.17576361,0.29183677,0.77115953,0.08343280,0.04881308,0.23064917,0.11560848,0.03474712,0.01104478,0.04633891,0.07697883,0.12443683,0.43076304,0.02224371,0.26811290,0.03543897,0.09568948,0.40907592,0.02090014,0.17011218,0.29318464,0.00392241,0.13025926,0.53519583,0.34708586,0.55566043,0.56118160,0.06939356,0.21378127,0.03515945,0.01615438,0.26606745,0.18535522,0.49501798,0.02276567,0.79660994,0.00563976,0.29795605,0.68345857,0.13164611,0.26458657
0.01156470,0.14866428,0.25295642,0.00622230,0.59615803,0.06657229,0.01222698,0.57373959,0.14161740,0.13855538,0.11375780,0.47207761,0.22853644,0.05170754,0.33838192,0.00473036,0.55446428,0.05813212,0.48545909,0.03456381,0.01706168,0.54062361,0.15238349,0.13755803,0.00232916,0.00122184,0.01890849,0.03458003,0.02511146,0.19476287,0.06254127,0.03222806,0.36630031,0.77820963,0.95361024,0.65369779,0.05091669,0.00978513,0.22464322,0.11365432,0.69287366,0.71324044,0.21497785,0.10340065,0.25276449,0.33202291,0.02136784,0.51103979,0.05762235,0.12004765,0.27748355,0.39866915,0.29935890,0.08921703,0.06560822,0.27477100,0.44528532,0.00087524,0.05414462,0.01785155,0.49863929,0.37052506,0.40734947,0.01187916,0.25061956,0.00754187,0.40916392,0.00634633,0.61334205,0.55740529,0.45959854,0.07697080,0.04938498,0.01648756,0.02936257,0.27814952,0.01484674,0.12327238,0.15456498,0.25470492,0.79822695,0.08829733,0.06436759,0.31772736,0.10344729,0.02074275,0.02767569,0.02931995,0.02568246,0.36544326,0.45717999,0.02522784,0.18091585,0.03639023,0.13633452,0.38334090,0.02041375,0.30514479,0.26760125,0.00335732,0.08026539,0.50560927,0.21905187,0.48119998,0.59317321,0.01678828,0.19511725,0.01432402,0.03414673,0.42839992,0.19301295,0.28669772,0.02662115,0.56068403,0.00442236,0.44369555,0.53805631,0.13610815,0.30048656
0.00852569,0.07438272,0.25323078,0.00974080,0.52683413,0.07898324,0.01297426,0.48554254,0.05745686,0.08342674,0.07323491,0.42220888,0.32439554,0.08405527,0.44337156,0.00256136,0.49915156,0.12228664,0.67935371,0.00672303,0.01576135,0.47090295,0.20038210,0.29239854,0.00275191,0.00092627,0.03159614,0.04745380,0.05925989,0.25788146,0.06406175,0.02463973,0.22192198,0.92206925,0.96728826,0.43268469,0.07907759,0.01120145,0.24493022,0.15316609,0.45366931,0.68864650,0.22155663,0.06917915,0.44343355,0.33812833,0.03043264,0.33450922,0.03229554,0.14387690,0.23149736,0.48870799,0.10219117,0.07645707,0.03277271,0.46473414,0.54859066,0.00159713,0.12820236,0.01319280,0.55185205,0.41451657,0.44077769,0.02944403,0.18614130,0.01815078,0.56595993,0.01419710,0.67729235,0.61072892,0.45800430,0.08339950,0.10198236,0.01175081,0.01093392,0.24024151,0.06327911,0.09877428,0.12149148,0.27771631,0.71648002,0.09631859,0.05779191,0.22775404,0.17569555,0.03423591,0.01209171,0.05879564,0.05543906,0.26953369,0.43071690,0.04315227,0.27708298,0.05954042,0.07329721,0.34973750,0.00728497,0.18385170,0.31723210,0.00252477,0.11306939,0.75931054,0.54615903,0.43229750,0.65272915,0.03925676,0.23233442,0.00924067,0.03956575,0.53311801,0.30166581,0.41884845,0.02466546,0.46048650,0.00723030,0.31995448,0.74188775,0.13713945,0.25110450
0.00971303,0.20164447,0.19798023,0.00569596,0.55583960,0.16060245,0.00972968,0.41614625,0.16695738,0.16871370,0.09212700,0.52255791,0.68773699,0.06114792,0.35899544,0.00251980,0.50099146,0.06759254,0.51395792,0.12925617,0.00386105,0.65058064,0.18090013,0.20221069,0.00216528,0.00085415,0.02389331,0.03964474,0.03218970,0.20205030,0.13111739,0.04390822,0.21408202,0.85799044,0.92077249,0.40976310,0.12790337,0.00943841,0.12230154,0.12581992,0.54320568,0.57097900,0.18221717,0.03669891,0.59745651,0.30368382,0.01270185,0.38912722,0.02853408,0.18912789,0.22227933,0.62348253,0.30495739,0.14305449,0.06682785,0.62836540,0.61962086,0.00074209,0.08686815,0.01438477,0.69150198,0.26611957,0.33686393,0.01767594,0.19648232,0.01307249,0.47933424,0.00500506,0.49791950,0.57967401,0.40011263,0.05428449,0.04324961,0.01899086,0.02543172,0.38768020,0.07422403,0.13537930,0.12397292,0.39232242,0.60712129,0.11748780,0.09339031,0.22307551,0.13170977,0.01895414,0.01910735,0.12968996,0.07969569,0.32051453,0.45403257,0.02122584,0.24133091,0.02663856,0.05049895,0.33745235,0.00821646,0.14733119,0.34269997,0.00287074,0.08992141,0.80763012,0.22807921,0.50782961,0.64496511,0.03769958,0.21284783,0.02477614,0.11498249,0.50891036,0.37451020,0.48411033,0.01782614,0.49936819,0.00220151,0.33459398,0.50760192,0.27722198,0.43652430
0.01258859,0.08698405,0.15874130,0.00994849,0.57202047,0.14448367,0.00759587,0.39073282,0.15181457,0.13378577,0.09048975,0.37053823,0.29174829,0.04797659,0.28812101,0.00335428,0.53301108,0.08616231,0.65092123,0.05505234,0.01076969,0.73077101,0.30463693,0.26879346,0.00296887,0.00208022,0.01397053,0.04681845,0.06926598,0.21686371,0.04290783,0.06705102,0.41404700,0.83519274,0.92606682,0.52037275,0.06827980,0.00818269,0.19556211,0.10674258,0.58221048,0.45381358,0.29396352,0.04661471,0.42133808,0.31082961,0.01691627,0.34158030,0.00990834,0.14248151,0.36238161,0.86223847,0.17843290,0.24966753,0.05760209,0.49452791,0.62035120,0.00080372,0.09002899,0.01735740,0.59212989,0.44579214,0.30479881,0.03469658,0.22325642,0.01306099,0.55741858,0.02589535,0.65156829,0.50997770,0.47183233,0.14732118,0.08621740,0.01187245,0.02878009,0.29778871,0.04894507,0.09553673,0.26669538,0.37525472,0.61026156,0.05716680,0.13443753,0.31989849,0.16600746,0.01376980,0.01783281,0.05835895,0.03260826,0.23069984,0.30519563,0.02378355,0.20398158,0.04206133,0.02309670,0.36229452,0.01251916,0.15063818,0.39465767,0.00382282,0.17622019,0.57497442,0.38543090,0.51226997,0.63546854,0.05139666,0.13605006,0.07697321,0.02142085,0.48094958,0.28827694,0.22415398,0.02335222,0.45412055,0.00513258,0.37125176,0.69731802,0.34046635,0.27598578
0.00557849,0.23787160,0.24492832,0.00787381,0.61840439,0.10647306,0.02231126,0.46374428,0.09076897,0.10311914,0.03538481,0.30049297,0.31061396,0.07710221,0.20579171,0.00574077,0.64368963,0.02615246,0.42500156,0.04019196,0.01764446,0.63296294,0.29248849,0.21956700,0.00198481,0.00114364,0.02419487,0.03552607,0.04225476,0.19205284,0.04506972,0.07940088,0.27485713,0.88493145,0.94060820,0.46932477,0.04567502,0.01177141,0.09431843,0.11068032,0.70135081,0.60264492,0.25977096,0.05547348,0.25613928,0.19701645,0.02465854,0.24410704,0.01034960,0.31199259,0.28991383,0.61765939,0.30063370,0.18706366,0.11136989,0.45513734,0.54315269,0.00070677,0.13458541,0.02623529,0.34154457,0.27910766,0.29897377,0.01698489,0.12612423,0.01327687,0.35865453,0.02254644,0.49877772,0.52477896,0.30974317,0.04008305,0.03691320,0.02100499,0.05795585,0.40371466,0.03904085,0.11424531,0.24415998,0.37195322,0.82463157,0.04941678,0.08349723,0.21253900,0.23231646,0.04936346,0.02212025,0.08669901,0.05622680,0.22482485,0.44001517,0.01941183,0.28078330,0.06269637,0.04318249,0.44796047,0.01644188,0.19942456,0.18363719,0.00121217,0.10048885,0.72631717,0.25708613,0.40929666,0.73709238,0.12383297,0.27536467,0.07251325,0.01427427,0.73951143,0.21450377,0.38634807,0.03638776,0.53468430,0.00279928,0.21569408,0.79898059,0.14550462,0.28430679
0.00779451,0.29467928,0.24068554,0.00822240,0.29090121,0.16402534,0.01702793,0.44571504,0.10454848,0.15963230,0.05850836,0.56193042,0.59759146,0.03697188,0.15906000,0.00245296,0.51752061,0.03806718,0.49876821,0.02528770,0.02269611,0.71703494,0.33371523,0.10689689,0.00359699,0.00144524,0.03885747,0.03572100,0.03121434,0.18566339,0.08397786,0.05722892,0.30344096,0.78264338,0.86998898,0.61421752,0.06430253,0.00487549,0.19653825,0.12915589,0.66372871,0.49738756,0.14195506,0.11014556,0.28602543,0.18556109,0.03389177,0.21783872,0.01647955,0.24115734,0.26412651,0.63201541,0.30725092,0.20729788,0.07446678,0.39472240,0.47153962,0.00104755,0.26921302,0.01691694,0.61570847,0.26967466,0.33500984,0.01282151,0.20287287,0.01508160,0.35058990,0.02906341,0.79880887,0.51083428,0.61711669,0.05555347,0.04691886,0.01823026,0.02700644,0.18529366,0.05733123,0.14951006,0.18691945,0.46124324,0.69694340,0.08713917,0.05170247,0.19525391,0.13392317,0.01478847,0.01694717,0.08096383,0.03255279,0.11946379,0.36391971,0.01262626,0.17086756,0.03040953,0.05495656,0.35951677,0.01228780,0.16694106,0.31195006,0.00347031,0.09747189,0.55962783,0.36298722,0.51265508,0.70369351,0.04305042,0.26328912,0.04392270,0.02982035,0.62934583,0.24622171,0.36148760,0.06231854,0.65370452,0.00160883,0.33054274,0.72662926,0.14580092,0.37105981
0.01300522,0.19625460,0.55148631,0.00672456,0.52313727,0.12452671,0.00674750,0.45839986,0.22899427,0.04786748,0.05307792,0.36274436,0.29853648,0.18767285,0.14504531,0.00381543,0.33723584,0.01455826,0.65817767,0.03816782,0.01358471,0.51667577,0.18299896,0.28603238,0.00314111,0.00153960,0.02642508,0.03389166,0.07843184,0.41431350,0.06250048,0.06876726,0.32842109,0.74465293,0.77443385,0.44353604,0.09259681,0.00814810,0.09621058,0.12799525,0.53858423,0.55204195,0.23303831,0.06925648,0.31713119,0.10919905,0.03360239,0.36641061,0.01272935,0.09580353,0.31873813,0.61411381,0.28269801,0.30540508,0.04391875,0.50338989,0.29565287,0.00132753,0.05328019,0.01429926,0.47589144,0.31609491,0.40172991,0.01206153,0.19690031,0.02472620,0.62517995,0.03001084,0.38363126,0.66069353,0.33563539,0.20148712,0.06895771,0.01492388,0.01886700,0.46747831,0.06445782,0.16432078,0.08741684,0.48689333,0.65138566,0.06796626,0.08682713,0.36708492,0.13083646,0.02723077,0.02955959,0.12159394,0.05722857,0.38642499,0.70852655,0.04122775,0.28411463,0.03166166,0.02811113,0.40696931,0.01361074,0.25529268,0.25478691,0.00241753,0.04614646,0.53703964,0.39157730,0.23340413,0.51686436,0.05944902,0.26659605,0.03726351,0.04351494,0.24492143,0.16740228,0.51076508,0.02226081,0.54850668,0.00262695,0.49418062,0.52469099,0.30688125,0.29456249
0.01092468,0.19640824,0.33119825,0.00825711,0.42024532,0.11483291,0.00917171,0.57666850,0.20426406,0.07961529,0.06030113,0.33591121,0.30568436,0.17730774,0.17375876,0.00488164,0.33250698,0.01752890,0.74712807,0.04089693,0.01768233,0.55548644,0.18212022,0.19086695,0.00244317,0.00142055,0.02948532,0.03147280,0.07199645,0.39263833,0.04004178,0.05676758,0.29598832,0.65926504,0.61729795,0.62974113,0.10015681,0.00330155,0.12365681,0.06805260,0.61709648,0.53757185,0.31936634,0.06395176,0.44444022,0.11478785,0.05306663,0.31300136,0.01630482,0.08524893,0.22360277,0.68788809,0.15263835,0.19100143,0.05420570,0.47827274,0.26102793,0.00105609,0.08884256,0.01493998,0.54266113,0.25546512,0.31801894,0.01934521,0.15102783,0.01520972,0.53488660,0.03578358,0.45153788,0.74775702,0.36576325,0.25454003,0.03470188,0.01901558,0.03123201,0.39322415,0.05537457,0.13736849,0.11330725,0.26932794,0.70506960,0.04934404,0.15042579,0.41155821,0.14502424,0.03436435,0.02522613,0.12328215,0.04531917,0.26068771,0.69452351,0.05800623,0.32471243,0.02426994,0.04108544,0.24290514,0.01629158,0.24622068,0.31990334,0.00222099,0.09879547,0.69330114,0.31043524,0.27883422,0.52340168,0.06869031,0.26063597,0.03926249,0.03654330,0.31254205,0.15863559,0.53383452,0.01946840,0.45698801,0.00141143,0.48870462,0.60835171,0.21963046,0.24594061
0.01240894,0.16585626,0.37969324,0.00665351,0.43845177,0.13928476,0.00877314,0.53537893,0.21928443,0.09203397,0.06368797,0.35160434,0.27394903,0.28911155,0.18150939,0.00455390,0.35838968,0.02348704,0.60438049,0.05008158,0.01470190,0.47527891,0.24648066,0.22826426,0.00266224,0.00092213,0.02778897,0.05106419,0.03916449,0.47166812,0.04903529,0.02952181,0.34128931,0.75707239,0.60916561,0.61778843,0.05039006,0.00585689,0.21373510,0.09509455,0.45132935,0.37821701,0.32984874,0.06103399,0.45174202,0.22168009,0.02120429,0.32235056,0.00891884,0.07106961,0.36577955,0.65783346,0.17858660,0.20095447,0.04725902,0.41301239,0.29640135,0.00087083,0.06633878,0.02361473,0.62512606,0.29204845,0.38803864,0.00839076,0.17681859,0.01404465,0.40712199,0.02489512,0.53860497,0.65673059,0.31841013,0.15223180,0.05149331,0.02813581,0.02307043,0.46674475,0.09907058,0.16274862,0.19169705,0.38237885,0.64916146,0.05989634,0.07817437,0.27241281,0.22025833,0.02125930,0.02856270,0.11487368,0.03348949,0.31922662,0.62101048,0.02891421,0.22487569,0.03963045,0.03970693,0.42788193,0.00962007,0.20600374,0.31554922,0.00333192,0.07096094,0.67343915,0.42633802,0.28256989,0.48222190,0.04796802,0.18163213,0.07383613,0.04562166,0.22603029,0.19083399,0.34327611,0.03590384,0.53881174,0.00133754,0.54386640,0.66309786,0.26448384,0.25611654
0.00801987,0.16121264,0.37813994,0.00645614,0.46274850,0.13430259,0.00870964,0.65280712,0.20955645,0.04324656,0.06601984,0.22206655,0.29229832,0.16426113,0.24649702,0.00749961,0.37067357,0.02928304,0.58136106,0.04599509,0.02447121,0.48979497,0.18082732,0.28677115,0.00175505,0.00198822,0.02613397,0.04089514,0.04577005,0.32346934,0.06211041,0.04250849,0.30639145,0.75667232,0.75965893,0.61284256,0.04682088,0.00676944,0.18453524,0.11175098,0.51661098,0.43216544,0.25270247,0.06567590,0.35449091,0.19479224,0.02204333,0.30268461,0.02032067,0.13838895,0.25845766,0.64246053,0.19074017,0.17186011,0.04144329,0.32738274,0.35011816,0.00117305,0.08393814,0.01337925,0.66151464,0.28688702,0.32931989,0.00757868,0.13258807,0.01917219,0.63546759,0.02255971,0.48578191,0.58869720,0.28026140,0.19938393,0.02962007,0.01414274,0.03377236,0.30617240,0.06156891,0.14113292,0.19018973,0.27401230,0.66977960,0.07030893,0.10728137,0.23308353,0.12997209,0.02640008,0.02188489,0.08008929,0.05552902,0.34010282,0.70557576,0.05454478,0.25957963,0.02608452,0.03443612,0.28995219,0.02008842,0.17828174,0.33241031,0.00458837,0.05190467,0.68148911,0.31925845,0.24598052,0.50471812,0.04813516,0.16518813,0.04268894,0.04702343,0.21883471,0.27994826,0.52388400,0.02418722,0.43954682,0.00181332,0.34939232,0.48599762,0.18687575,0.33505523
0.00835629,0.11655074,0.50206912,0.00704026,0.49403304,0.13723406,0.00794406,0.50889432,0.24766126,0.05516809,0.03229399,0.29548836,0.33558699,0.29504445,0.30611831,0.00805802,0.36733899,0.02958075,0.70572346,0.03122438,0.01812359,0.59526765,0.18986495,0.20119673,0.00179715,0.00090700,0.01854975,0.03270368,0.06824115,0.46234861,0.03001104,0.03259177,0.35896033,0.73164529,0.69385630,0.44839418,0.06758902,0.00525693,0.18231231,0.08458073,0.41899401,0.53133458,0.27433109,0.10176102,0.35861933,0.10117979,0.05147646,0.23897508,0.01621678,0.15805697,0.28172818,0.64414018,0.24334970,0.21059166,0.03066710,0.34245536,0.18911113,0.00085886,0.07604792,0.01991879,0.64375174,0.23688516,0.31914237,0.01072907,0.16484816,0.02186748,0.63248342,0.03623064,0.52078891,0.72504777,0.27570930,0.12409316,0.03828992,0.01172917,0.01810583,0.48879886,0.05668972,0.11088459,0.15148342,0.43252492,0.72080010,0.06242026,0.12298147,0.29904383,0.18591607,0.03221596,0.03119963,0.12221240,0.05782582,0.32071590,0.53209144,0.03347367,0.31330767,0.04431279,0.02445962,0.31249884,0.01814448,0.28103402,0.24582270,0.00253500,0.05495372,0.71054596,0.27382895,0.32324025,0.48993880,0.06676024,0.23075289,0.04651460,0.03476229,0.34355158,0.22984928,0.46421215,0.03610498,0.60975212,0.00236640,0.53803039,0.44836617,0.29132995,0.40129611
0.01088904,0.21666145,0.59316242,0.00620838,0.58734488,0.08444986,0.01406835,0.45659471,0.24895447,0.07540932,0.04566891,0.28690654,0.57553411,0.11517077,0.28012767,0.00578015,0.33504102,0.01296314,0.74780846,0.04819703,0.01931515,0.48561892,0.32882625,0.17506348,0.00134140,0.00160290,0.01781816,0.05448091,0.04672815,0.15854196,0.03488833,0.04173515,0.19066475,0.73987758,0.72777086,0.75001323,0.07118362,0.00515217,0.10513694,0.12456679,0.48857501,0.54701173,0.20484866,0.17521234,0.33463252,0.08703271,0.01849760,0.19318569,0.01729034,0.11031265,0.25476074,0.58707935,0.15172552,0.20522666,0.03562026,0.61918813,0.25908321,0.00127132,0.08472545,0.02298410,0.53957599,0.17120768,0.39000124,0.00543863,0.13995020,0.01455965,0.64171094,0.02816108,0.46389610,0.62874138,0.29629081,0.11956979,0.05726246,0.01439404,0.03969025,0.37408382,0.08663581,0.11992471,0.21402092,0.37747687,0.79005444,0.07002325,0.08472063,0.26870561,0.21675029,0.01413594,0.04022219,0.10164496,0.02946782,0.22831523,0.37471908,0.05589665,0.22673990,0.02019076,0.02752335,0.48462519,0.01184897,0.23844618,0.28063861,0.00215155,0.07146610,0.62218165,0.31732953,0.32010230,0.26819992,0.05122576,0.21447700,0.03744105,0.04494132,0.24084629,0.18779893,0.51354289,0.04302228,0.45489097,0.00229075,0.27981770,0.69851196,0.21371062,0.30809528
0.00576059,0.11577825,0.51051664,0.01044144,0.36250225,0.11317673,0.00822609,0.63771915,0.15808538,0.04783991,0.13014439,0.33552164,0.40090171,0.09562024,0.36053339,0.00845005,0.26412165,0.01130195,0.63464874,0.08128626,0.02310421,0.65736967,0.32870099,0.20660809,0.00121070,0.00255306,0.01722809,0.03279589,0.03444936,0.30299598,0.06363130,0.02931182,0.26054922,0.78153187,0.65004063,0.48487982,0.12600072,0.00464973,0.08380283,0.02841715,0.30211577,0.54902589,0.19733116,0.19157046,0.29891860,0.51679683,0.01416511,0.14369611,0.01631094,0.16259103,0.29631847,0.44658670,0.01382313,0.30568215,0.02451090,0.38596615,0.20845895,0.00068918,0.05603419,0.02216969,0.28244567,0.30453801,0.28098738,0.00306233,0.21760100,0.01038415,0.77235168,0.02741115,0.59045374,0.59476984,0.21817277,0.05024318,0.03937713,0.03012144,0.03440394,0.25425550,0.15680413,0.14467779,0.15360014,0.41394672,0.82668638,0.11906603,0.15129691,0.52630985,0.10300546,0.01854987,0.02216281,0.10478874,0.02789864,0.16001268,0.36900058,0.03787347,0.28197455,0.01747339,0.04914422,0.28959954,0.00543593,0.10045686,0.30162182,0.00420990,0.15663776,0.62465602,0.29248390,0.50123692,0.18701386,0.03935558,0.15528087,0.03159025,0.06705434,0.08378728,0.20790629,0.31668606,0.01846404,0.61023450,0.00250293,0.32570222,0.56566834,0.15895489,0.32340434
0.00621487,0.07075087,0.52434093,0.00656900,0.35078004,0.05751495,0.00705142,0.46301985,0.17307459,0.11801592,0.05622805,0.33651358,0.46065801,0.11214171,0.30467448,0.00811033,0.40298089,0.00643240,0.75434518,0.09574179,0.01443305,0.68890929,0.24643750,0.27929211,0.00199640,0.00388213,0.02621486,0.05722228,0.04575155,0.37318254,0.03017618,0.03709444,0.18814135,0.71592015,0.70653766,0.67845607,0.13509430,0.00339563,0.08347883,0.03147700,0.47745076,0.75672847,0.22662950,0.15488546,0.37764204,0.22562359,0.01868491,0.23455548,0.01697493,0.07074963,0.29069582,0.55956155,0.20350298,0.17060520,0.02456895,0.70627320,0.11481241,0.00129562,0.05162477,0.04105801,0.17644165,0.25306773,0.45117807,0.00672399,0.14486891,0.01265977,0.77509296,0.02384187,0.55005556,0.88189417,0.26286259,0.07163923,0.02014842,0.02440828,0.04712795,0.27090174,0.14048405,0.15207602,0.17155971,0.40856484,0.89007300,0.10614067,0.06582186,0.51469016,0.10037144,0.02125573,0.01047007,0.07164762,0.03831251,0.40647295,0.25749925,0.07705533,0.28358191,0.03323786,0.08974690,0.21832296,0.00607783,0.15266238,0.25988403,0.00354560,0.06391295,0.56608325,0.25101134,0.34980413,0.16030400,0.05789810,0.12985665,0.10421450,0.02376107,0.07907517,0.21942747,0.35777897,0.01688649,0.64011455,0.00217838,0.33912060,0.67635971,0.19921212,0.29627901
0.00788648,0.10363821,0.65763658,0.01020468,0.57948959,0.09874418,0.01079678,0.48531735,0.15457365,0.03851441,0.10759073,0.34285074,0.34427518,0.13018966,0.40139258,0.00473876,0.50713027,0.01230058,0.75144559,0.09241413,0.00684958,0.60285783,0.31409264,0.15572166,0.00170006,0.00431456,0.02760058,0.03938965,0.01457458,0.18485957,0.00880705,0.03322161,0.17764138,0.70922184,0.66915447,0.71399075,0.13762729,0.00320392,0.05618610,0.06031475,0.35117081,0.71078557,0.18503276,0.13444793,0.47578153,0.31320608,0.02455359,0.30420998,0.00682652,0.07685992,0.25753003,0.68087876,0.01446237,0.25914621,0.00863506,0.67156374,0.11817931,0.00056291,0.05881790,0.02571647,0.65135300,0.27326611,0.51830477,0.00732716,0.17966238,0.00849355,0.88315511,0.03013009,0.59043586,0.71223521,0.30841234,0.08668248,0.05589345,0.02305863,0.13592726,0.42605931,0.08927961,0.14704823,0.21034665,0.31705928,0.60416430,0.20826423,0.11430411,0.60346627,0.12476216,0.01958238,0.02308654,0.06635875,0.02443324,0.21965112,0.40542039,0.05136582,0.27888587,0.04439902,0.05274124,0.36043307,0.00235858,0.11732349,0.26431757,0.00392378,0.17517528,0.57987291,0.23866905,0.32979515,0.21546559,0.07638963,0.14242582,0.10310333,0.03561660,0.09258456,0.15120758,0.49251336,0.01570100,0.45319173,0.00410847,0.27685601,0.86291832,0.43158853,0.21425356
0.01164751,0.18196015,0.72058427,0.00819588,0.44791377,0.06332666,0.00540833,0.54165375,0.25847733,0.08839885,0.12985030,0.27712592,0.31644407,0.18571514,0.36202362,0.00616576,0.48210800,0.00860594,0.72749084,0.07850249,0.00887863,0.57784975,0.35158047,0.21407752,0.00211066,0.00161094,0.04036902,0.03630749,0.02449044,0.30587849,0.03057091,0.04823402,0.15099066,0.61029834,0.64028692,0.55975175,0.03978475,0.00315242,0.10495832,0.08811651,0.45105010,0.62021077,0.20210502,0.09770188,0.25274581,0.23338784,0.02092860,0.21395420,0.01162800,0.14655545,0.22725220,0.70822448,0.20986171,0.26352537,0.01154479,0.39045304,0.10717760,0.00088001,0.07023972,0.01608557,0.50742018,0.28590676,0.29465824,0.00855541,0.21808578,0.01798106,0.82684112,0.03052018,0.71273535,0.54014486,0.22682619,0.07600856,0.06208195,0.03686746,0.02939220,0.37742144,0.04980123,0.18017903,0.24525943,0.42550141,0.72319353,0.12114668,0.09536541,0.55855703,0.07195584,0.02244328,0.01901805,0.07945984,0.03387735,0.24163310,0.49397847,0.05291547,0.33140078,0.01815796,0.03027423,0.38256186,0.00340161,0.19574994,0.32530633,0.00238786,0.08837308,0.67947042,0.43703261,0.35524178,0.32223749,0.07326851,0.09870166,0.04670940,0.05375114,0.07983910,0.11471654,0.31512135,0.02420744,0.58316976,0.00233189,0.34478709,0.75621605,0.20751220,0.27756473
0.01051437,0.15714407,0.73681504,0.01117649,0.56935084,0.12943040,0.00882689,0.65350699,0.28038320,0.10490517,0.03585701,0.38395146,0.35879505,0.26472342,0.35727847,0.00698615,0.43423805,0.01340788,0.85053539,0.06774049,0.01586689,0.57115865,0.43820319,0.12251896,0.00161828,0.00165073,0.03524966,0.06719802,0.06127453,0.25052381,0.04254957,0.04492965,0.16909599,0.64233124,0.74783111,0.59238219,0.04394041,0.00330619,0.07791752,0.06268332,0.56824988,0.57601494,0.46282473,0.17368810,0.41340071,0.19668424,0.02441547,0.32683909,0.00845708,0.15651201,0.14692838,0.66827083,0.08320769,0.17005354,0.03604407,0.53473407,0.17520456,0.00080367,0.08403823,0.03022760,0.51892596,0.32542032,0.49622390,0.01345152,0.14800221,0.01462312,0.70861650,0.02678754,0.61459464,0.52985471,0.33574021,0.07249595,0.02815837,0.03911423,0.04450822,0.36611527,0.05290829,0.34961802,0.14152612,0.36373046,0.85532963,0.16470385,0.16523494,0.53949696,0.16389449,0.01889997,0.01671403,0.05925497,0.03182195,0.16611932,0.59990138,0.03815342,0.33271635,0.05009895,0.03766851,0.31030387,0.00973987,0.32141143,0.33357108,0.00210066,0.06344668,0.61114645,0.17912340,0.45957449,0.25517535,0.08447118,0.21891375,0.04786945,0.04213050,0.09814020,0.20667684,0.34881425,0.03414199,0.54377770,0.00111335,0.42576027,0.77034855,0.36530712,0.18238267
0.00868907,0.10625543,0.66060627,0.00694535,0.58784014,0.11352769,0.00596261,0.49420196,0.20234475,0.07043687,0.12413488,0.13585404,0.62037510,0.28193632,0.37239611,0.01508134,0.35625589,0.01044433,0.67874640,0.14888003,0.02382648,0.60720295,0.29797265,0.26217753,0.00220076,0.00083276,0.02597653,0.05429512,0.02990366,0.36165449,0.04207081,0.05684041,0.31633112,0.68048930,0.76539809,0.62483591,0.10339720,0.00669390,0.07657166,0.05238292,0.51874787,0.50180292,0.28016213,0.22087471,0.35230702,0.26608181,0.02001050,0.33276829,0.01484669,0.16699363,0.23187469,0.72297615,0.09100858,0.16660951,0.02650760,0.47840294,0.30652231,0.00064755,0.11236875,0.01818165,0.28615373,0.28441909,0.40885493,0.00892351,0.18391640,0.01602782,0.70123059,0.02348033,0.63918614,0.61609185,0.25858670,0.09694277,0.05106285,0.01769692,0.05687975,0.23773952,0.08350923,0.30953920,0.13381703,0.36239165,0.63885099,0.08903886,0.06970792,0.37956125,0.11526005,0.01964850,0.02519945,0.03026617,0.04216471,0.30938673,0.46802419,0.03833082,0.25850102,0.03791960,0.02306511,0.65263659,0.00805097,0.33306187,0.36989787,0.00308842,0.08756167,0.77945131,0.26034319,0.25794286,0.45079076,0.09240338,0.16929039,0.06738114,0.03199533,0.12636836,0.15336172,0.34104440,0.02351021,0.48506221,0.00231740,0.42612803,0.62809342,0.27396423,0.29032198
0.01144576,0.15679577,0.34818944,0.00757346,0.68699569,0.10801198,0.00601341,0.56141472,0.12553190,0.09355818,0.05538622,0.32949582,0.38076034,0.14249168,0.22385284,0.00585335,0.31581298,0.00822516,0.77995753,0.06622057,0.03727877,0.39328197,0.11351231,0.09728700,0.00271347,0.00200631,0.02309290,0.03634160,0.01806499,0.39293808,0.04165684,0.07372732,0.23439863,0.75512105,0.61427981,0.62262338,0.07268622,0.00486182,0.06538548,0.07066449,0.44931602,0.23723109,0.48089969,0.06924035,0.28858003,0.14464161,0.04675416,0.24736463,0.01567048,0.04813537,0.31112772,0.69212550,0.13793451,0.13986611,0.03765369,0.44729972,0.41123042,0.00065105,0.11790735,0.02138791,0.56766844,0.28299379,0.35195306,0.01936779,0.17291158,0.02668506,0.39587077,0.03771956,0.35627833,0.85194975,0.39197502,0.06273323,0.03699579,0.01659725,0.04083568,0.23746194,0.10938999,0.23651370,0.10907315,0.29569072,0.44549677,0.17298515,0.12184935,0.29291123,0.16013636,0.02322784,0.02595595,0.03365890,0.03344313,0.14632948,0.53353196,0.03344019,0.11288410,0.07295856,0.02209129,0.31259251,0.01426851,0.30727914,0.37071204,0.00405277,0.05166297,0.67834789,0.11072214,0.47598517,0.26586574,0.09977473,0.24380267,0.08899604,0.04156037,0.24618323,0.24449705,0.44629461,0.04274520,0.64888108,0.00196531,0.30687189,0.50128049,0.38482887,0.44913667
0.00640200,0.08999746,0.36658630,0.01429401,0.59492862,0.09486564,0.00692938,0.64505762,0.16362691,0.07531071,0.04463478,0.22239402,0.38378981,0.28867596,0.25366822,0.00368466,0.35683507,0.01512397,0.71671456,0.05624121,0.02291224,0.64358121,0.20377487,0.18485242,0.00137343,0.00082437,0.03323992,0.04286594,0.03507829,0.29509524,0.05571211,0.03910448,0.26541191,0.82757026,0.60999393,0.47442338,0.08158651,0.00811733,0.15405598,0.09152193,0.44416869,0.48236647,0.30016640,0.06593042,0.30548555,0.19695336,0.03664790,0.26095745,0.01744125,0.15555543,0.25428089,0.60411471,0.18444276,0.26406062,0.03776211,0.33827925,0.23203342,0.00099563,0.08607209,0.01354110,0.63455856,0.27022314,0.41472685,0.01695558,0.12539035,0.02078094,0.50825864,0.02853011,0.39328715,0.74279970,0.31244171,0.20136176,0.04811842,0.01583683,0.01692399,0.32176632,0.08325159,0.12248106,0.11801244,0.32786629,0.53757840,0.05853975,0.15759626,0.33441228,0.13589412,0.02603847,0.02057949,0.10764292,0.04370276,0.21420829,0.57370198,0.05802142,0.32557532,0.04156668,0.04988526,0.25094789,0.01421378,0.30891994,0.22030433,0.00216798,0.08918846,0.70416665,0.37489924,0.21238209,0.38990721,0.08382262,0.16213012,0.03860452,0.04747988,0.21468580,0.17667134,0.39183319,0.02590403,0.44371957,0.00211614,0.38434175,0.47487196,0.35400707,0.27344653
0.01264197,0.15337576,0.41849065,0.01384218,0.62194604,0.08971287,0.00829190,0.44100323,0.25795484,0.05022287,0.03102905,0.30789399,0.43908364,0.26255718,0.25497711,0.00444460,0.42992350,0.01384282,0.69660807,0.04140063,0.03182497,0.63203198,0.21715626,0.25411454,0.00267090,0.00212849,0.02579223,0.05231325,0.07972287,0.29903212,0.06243795,0.04395132,0.24511559,0.77926069,0.70929414,0.43169874,0.06930245,0.00636838,0.20397986,0.09816819,0.62487966,0.41640094,0.23055078,0.08377374,0.38759223,0.18825488,0.04697751,0.40614173,0.00936996,0.11785611,0.34506038,0.59027249,0.20174371,0.28682494,0.02948749,0.51672530,0.22012040,0.00145697,0.04816336,0.02894515,0.54931462,0.31751144,0.21697299,0.00843815,0.15432252,0.01914691,0.61291730,0.03636985,0.39933011,0.66426486,0.36603111,0.24756993,0.03271346,0.02047290,0.01823809,0.40208352,0.05806071,0.14492133,0.08982247,0.45266297,0.68649447,0.05006636,0.14701773,0.32351795,0.11827450,0.01524149,0.02890415,0.07796983,0.02629756,0.30973038,0.51840109,0.02893109,0.17632113,0.02980066,0.04080748,0.30065390,0.01806507,0.29709339,0.34334973,0.00306461,0.04693557,0.52658689,0.33294770,0.20945072,0.46561119,0.09261487,0.15293320,0.06187017,0.04891737,0.17649873,0.14512780,0.32228839,0.03589537,0.48495466,0.00345893,0.47667187,0.66670173,0.18742143,0.30871201
0.00972593,0.13620828,0.33390933,0.00827892,0.48637381,0.12310687,0.00614462,0.55708802,0.13955736,0.05619826,0.05673751,0.37191612,0.38735911,0.31082314,0.15142687,0.00738907,0.29855844,0.01821938,0.64588910,0.03479990,0.01525631,0.63675964,0.23089488,0.25123033,0.00360256,0.00089571,0.02535657,0.03899192,0.07610363,0.38491061,0.03219724,0.06608894,0.29152593,0.77468878,0.76741213,0.60255426,0.07706078,0.00402443,0.16830273,0.11543334,0.60358363,0.37765500,0.32365009,0.07791597,0.43291575,0.13065508,0.02295477,0.36695585,0.01009789,0.12428144,0.36248478,0.67578304,0.22565769,0.20291774,0.05405613,0.36856541,0.25688031,0.00127456,0.05840521,0.01550632,0.67641485,0.29215065,0.29610789,0.01929381,0.11009302,0.01465403,0.52017528,0.01599579,0.42924324,0.56446135,0.29717255,0.22927320,0.07119539,0.02289583,0.01625439,0.46332249,0.06196587,0.11001820,0.09114569,0.34708658,0.54294276,0.10665637,0.07880205,0.26771042,0.12329288,0.02948044,0.04157668,0.07475800,0.02816915,0.26009548,0.51379186,0.06032015,0.28503612,0.03657119,0.02734082,0.36223325,0.02030883,0.21129848,0.37587896,0.00349910,0.05582382,0.55652338,0.33386904,0.36099964,0.32981724,0.04839378,0.16013007,0.03154140,0.04477867,0.31362808,0.12793104,0.33802933,0.03243769,0.55852157,0.00230780,0.49334449,0.54674953,0.23372407,0.28552350
0.00518951,0.19419727,0.40347978,0.00597746,0.51076329,0.10812290,0.00701993,0.65893781,0.21258895,0.06560333,0.06699874,0.39957574,0.28760046,0.24331523,0.28111735,0.00774850,0.38224664,0.02036101,0.75164557,0.05961054,0.03198890,0.45533144,0.29557958,0.18105650,0.00232187,0.00194109,0.01759828,0.03532042,0.06631193,0.46321172,0.02941167,0.04632595,0.24746691,0.68376678,0.65696609,0.53074217,0.09404820,0.00438117,0.17556478,0.05767451,0.56789041,0.46855012,0.30310869,0.12286407,0.35212764,0.16559032,0.03116306,0.23289764,0.01391532,0.10964409,0.26508415,0.63335615,0.16202037,0.20218419,0.02925623,0.42881969,0.37247518,0.00114933,0.05135680,0.02175450,0.47531232,0.29877764,0.28936887,0.01452855,0.11646582,0.01318412,0.46346042,0.03815407,0.61221004,0.61931551,0.31576067,0.18674411,0.06735871,0.01462688,0.01755157,0.38841549,0.07355655,0.14343844,0.15923437,0.39610076,0.53225923,0.10839938,0.17438890,0.28810775,0.19463557,0.03351143,0.02366935,0.10676656,0.03998103,0.32233405,0.65945351,0.05687829,0.19352989,0.04289518,0.03261774,0.25892472,0.01486247,0.24003015,0.25337553,0.00425294,0.10127240,0.57516968,0.39790940,0.21818809,0.32134748,0.06879311,0.26888606,0.03829238,0.04019320,0.24095583,0.15808804,0.50809354,0.01923335,0.57875526,0.00179759,0.46945491,0.56659818,0.23360768,0.31388301
0.01834031,0.12688456,0.28646830,0.00810988,0.50682950,0.19707531,0.01177763,0.58887893,0.12831819,0.02474337,0.04118219,0.30922616,0.11824286,0.32867205,0.43905097,0.00290945,0.35078198,0.05127448,0.88517112,0.03235920,0.02194860,0.73727936,0.14042066,0.15444291,0.00246578,0.00098524,0.01911321,0.02237999,0.05018651,0.54305273,0.07896801,0.04610927,0.19230609,0.85042667,0.72928941,0.79629225,0.03633819,0.00538176,0.10414894,0.08950412,0.42240316,0.45419389,0.18595871,0.08665503,0.34656757,0.09110850,0.03636563,0.25860643,0.00912019,0.11828198,0.26790100,0.56298268,0.28400138,0.26769561,0.03577633,0.18671128,0.29292238,0.00125545,0.05859533,0.02153508,0.82229227,0.16087021,0.39023674,0.01830086,0.14411993,0.01147510,0.38000917,0.01337953,0.21752121,0.82304156,0.20491444,0.24900962,0.04264492,0.01398122,0.01729338,0.57010758,0.05893747,0.07124214,0.12132448,0.14881666,0.39976841,0.06540555,0.10791841,0.35074222,0.18625911,0.02833823,0.02383024,0.05378767,0.02627079,0.26491785,0.71251518,0.02263334,0.29668003,0.03587463,0.04163062,0.26290807,0.01438232,0.32176360,0.15717983,0.00533441,0.07747436,0.52896535,0.13546987,0.24681041,0.47400272,0.06174408,0.26493219,0.04350938,0.02994476,0.25995383,0.27732667,0.33300591,0.02868523,0.37463480,0.00156573,0.52069163,0.52118671,0.26726851,0.49935752
0.02461880,0.10314644,0.20266630,0.01345184,0.33556661,0.19273190,0.00965656,0.49495208,0.10043755,0.06862167,0.04543751,0.24907307,0.16862126,0.22205785,0.66437864,0.00499912,0.58494836,0.02364790,0.80064386,0.02839105,0.02352964,0.47240749,0.17911081,0.04415980,0.00190654,0.00158171,0.01797138,0.03855627,0.06236606,0.34212565,0.10981308,0.06424625,0.37157482,0.85593563,0.60782719,0.91102237,0.04925945,0.00882850,0.36793262,0.08676068,0.53384364,0.26207283,0.10265668,0.07066944,0.35835117,0.18399468,0.00993726,0.23474975,0.00668589,0.13039830,0.24215724,0.71064717,0.21755259,0.31247807,0.04447969,0.34543574,0.17708938,0.00078808,0.07654528,0.01359810,0.71548158,0.19303322,0.42504093,0.01263244,0.12382335,0.01147574,0.68941808,0.01024167,0.41623110,0.53048271,0.33621484,0.30160302,0.01432523,0.00524900,0.05011572,0.61018330,0.15199354,0.17373377,0.03064658,0.13214383,0.86538041,0.04428958,0.11495996,0.37119308,0.07408275,0.02762528,0.01245970,0.01441905,0.02313338,0.27258578,0.76655501,0.03005984,0.40488476,0.03210813,0.06688874,0.36565483,0.01307213,0.07858263,0.16478026,0.00443878,0.04929715,0.49646413,0.32688478,0.21795347,0.39010081,0.15440959,0.29825014,0.03515232,0.03604742,0.14837211,0.28712693,0.32057601,0.04429155,0.57929158,0.00170920,0.52709198,0.53169769,0.21368684,0.79891890
0.02344982,0.26215473,0.26072147,0.00834502,0.54495454,0.27533081,0.02533196,0.65884131,0.13544205,0.01451412,0.13746856,0.15603377,0.22369546,0.14275914,0.41702452,0.00377814,0.54799151,0.01257205,0.84309113,0.03234107,0.02048197,0.45089948,0.29639596,0.03465219,0.00194801,0.00154844,0.02243597,0.01605457,0.06645468,0.23538533,0.14065808,0.03650075,0.24147630,0.89915824,0.63320667,0.91285491,0.06117254,0.00560647,0.22326280,0.05652057,0.61417925,0.44834393,0.10495203,0.03641115,0.51915151,0.32373086,0.00462449,0.31232026,0.00770978,0.23771439,0.13860977,0.56933826,0.26117724,0.26189727,0.03838038,0.63923079,0.10729946,0.00304598,0.07237437,0.00983204,0.55156422,0.13241169,0.34381416,0.01479870,0.15048146,0.02234657,0.42084339,0.00806844,0.34102744,0.55689961,0.52272159,0.26860547,0.05201482,0.01402038,0.06034859,0.34796563,0.07214273,0.30217424,0.03531405,0.11176460,0.72009283,0.01233555,0.14574949,0.37542641,0.15100080,0.03471432,0.03012497,0.00890064,0.04993646,0.35415456,0.88362616,0.04162728,0.25843316,0.02140791,0.14681616,0.29650763,0.01316426,0.13200913,0.27593869,0.00341816,0.08541992,0.47883943,0.11698874,0.21694322,0.38088053,0.06289305,0.53161240,0.03768573,0.03379161,0.35508725,0.12520716,0.48839742,0.01438626,0.24313612,0.00205725,0.72498918,0.29843050,0.19559407,0.82795012
0.00935102,0.35979196,0.26254377,0.03040797,0.23222685,0.33628115,0.01915907,0.64175940,0.14724734,0.10638526,0.02951650,0.15624271,0.10138860,0.48368928,0.65621918,0.00857292,0.64387178,0.03341867,0.82977080,0.03191812,0.01082358,0.58984768,0.27606151,0.08475954,0.00918173,0.00126840,0.03160661,0.01680240,0.04492059,0.63892603,0.07177559,0.03701763,0.62049198,0.91731346,0.71322256,0.95525849,0.02424640,0.00298181,0.10717992,0.08547971,0.62124163,0.58255798,0.16346766,0.10120239,0.38481373,0.47279775,0.00678248,0.25072595,0.00492562,0.15006968,0.16865958,0.48709023,0.22998355,0.09191237,0.03016942,0.23301505,0.22180521,0.00353485,0.03073291,0.01463503,0.46828681,0.26846015,0.32007918,0.01694242,0.17561455,0.01251010,0.45975739,0.00842061,0.31960291,0.53294796,0.45587412,0.29829088,0.04014043,0.00471182,0.02932481,0.16533707,0.04783753,0.35393247,0.03969334,0.26055464,0.22722384,0.04005530,0.12946697,0.49959946,0.10980282,0.01920423,0.01661772,0.02314017,0.03996422,0.49492383,0.70584375,0.01876978,0.38362795,0.03587119,0.05081910,0.24162973,0.04665125,0.20043398,0.20061967,0.01727808,0.20540267,0.59789044,0.40087911,0.14419982,0.42929569,0.06752534,0.15112425,0.01586521,0.04752788,0.26488814,0.28909001,0.56883258,0.10707121,0.46383932,0.00129976,0.47220659,0.34866545,0.25464159,0.76621497
0.00680207,0.41684288,0.19115023,0.01251883,0.31376699,0.17681926,0.01118826,0.61442935,0.12903212,0.01885088,0.01668251,0.46893477,0.34884858,0.28159308,0.47225630,0.00422152,0.57821047,0.01662915,0.78557503,0.12836222,0.03492991,0.60575962,0.29661575,0.04055656,0.00384177,0.00185410,0.00911780,0.01387712,0.02688563,0.43668696,0.01114313,0.04480387,0.29217863,0.87034267,0.72691721,0.94648117,0.11920550,0.00720792,0.17145486,0.03713830,0.43257549,0.54387027,0.12549452,0.03879989,0.60335523,0.31117219,0.01221104,0.30003408,0.00610890,0.15200928,0.26008937,0.33753198,0.11278471,0.10117950,0.05020807,0.20990582,0.18873970,0.00093772,0.09005135,0.07152779,0.69293022,0.17630924,0.70947689,0.03155569,0.28489068,0.01464933,0.43595731,0.00961991,0.15675901,0.39612666,0.52954704,0.30000544,0.04179941,0.05319783,0.03744067,0.55869097,0.18837847,0.34776753,0.09157455,0.24396069,0.41377309,0.03424409,0.25196871,0.54008555,0.14742139,0.01632422,0.01643279,0.01736123,0.03217436,0.25597572,0.88512528,0.03517287,0.57955956,0.02077103,0.10306242,0.25912127,0.00967351,0.29017571,0.48889303,0.00369909,0.09556682,0.67118037,0.02311788,0.22558498,0.67435735,0.06808119,0.19103549,0.02230297,0.12633660,0.26047727,0.22997801,0.37870470,0.01501598,0.30216590,0.00220588,0.62962466,0.34685260,0.15212643,0.58695948
0.00315167,0.47401205,0.30146578,0.00344710,0.41134909,0.18772648,0.03296312,0.34123293,0.13710545,0.09461089,0.03867879,0.18576466,0.76001823,0.28981918,0.11541189,0.00471142,0.62754035,0.01353465,0.89350939,0.09418863,0.01361702,0.36876073,0.24665329,0.07566369,0.00218014,0.00060022,0.00913824,0.00942040,0.01786679,0.43688595,0.02066469,0.07623522,0.13302931,0.89074039,0.71052706,0.92412823,0.06057405,0.01379333,0.12563732,0.07355288,0.32033148,0.65834224,0.06017069,0.06916864,0.42924991,0.23052141,0.00927003,0.27639356,0.00262574,0.14265046,0.13702215,0.32632235,0.17354900,0.33089027,0.04559952,0.45023403,0.11006011,0.00054198,0.04335510,0.01199121,0.71982145,0.30001122,0.46983826,0.00348490,0.15782119,0.01581150,0.49878022,0.01356472,0.34007004,0.68898308,0.23006369,0.36004037,0.03443489,0.01065743,0.03365223,0.56754142,0.12637095,0.15086561,0.05799658,0.36960524,0.52341694,0.02305759,0.18056066,0.41581297,0.10327121,0.01150323,0.03276624,0.03337877,0.03079090,0.46313861,0.85572547,0.01881377,0.34837604,0.01379302,0.05299308,0.33078578,0.01293151,0.15820627,0.36460048,0.00283596,0.15789880,0.39497894,0.46357429,0.22237903,0.60387075,0.04946961,0.47042334,0.08837361,0.06908084,0.18321884,0.20980754,0.71105427,0.01757221,0.34078157,0.00175109,0.45594272,0.38498855,0.24838966,0.49987799
0.00417661,0.65726924,0.31561616,0.01638927,0.41249615,0.15685175,0.09633341,0.46158472,0.10284274,0.21061695,0.04806320,0.13042247,0.20944665,0.33194429,0.43337107,0.00377589,0.58624130,0.01050501,0.84042257,0.09107825,0.05597748,0.62021470,0.23826562,0.06904078,0.00928484,0.00085744,0.01512833,0.00855596,0.03070145,0.53082007,0.09258986,0.16760293,0.15455525,0.94953626,0.65710729,0.91867858,0.03565583,0.00715181,0.10894622,0.04340637,0.31173235,0.69476569,0.07334493,0.10846187,0.65973884,0.11253410,0.02620807,0.23350096,0.00604281,0.17768772,0.10634442,0.12421265,0.17397945,0.42422256,0.07501141,0.06621974,0.17329924,0.00073368,0.11414375,0.00615185,0.69104838,0.12517476,0.59969836,0.03005903,0.15555662,0.01935203,0.56586397,0.04128294,0.34947395,0.68981653,0.11244389,0.39802301,0.02381478,0.01953675,0.13479519,0.45546800,0.12915377,0.27387750,0.06596931,0.24947278,0.34459484,0.02022787,0.20373294,0.50184000,0.16224296,0.01869316,0.02986751,0.07398707,0.03602699,0.21971537,0.87873262,0.01272596,0.45425135,0.01085381,0.04888871,0.24568124,0.01314226,0.23395121,0.30623612,0.00111488,0.20222469,0.74608177,0.04583137,0.16091327,0.48792276,0.15520728,0.68124735,0.21108724,0.02819453,0.24664317,0.11126120,0.58671349,0.05094851,0.54832178,0.00300199,0.34741604,0.56586903,0.34732386,0.42184266
0.00203089,0.44774741,0.51607847,0.01610185,0.42256951,0.16456367,0.02576439,0.32966870,0.27127066,0.10638418,0.02736721,0.11849324,0.38931918,0.25389975,0.40381363,0.00563893,0.43395233,0.04137648,0.62879914,0.06807325,0.03524652,0.32064086,0.35835049,0.06779230,0.00309702,0.00073255,0.00571459,0.02184328,0.03394657,0.46191370,0.06228777,0.07670180,0.27497846,0.88806981,0.82404798,0.89474916,0.02730264,0.00162816,0.10052922,0.02410698,0.40523449,0.71081448,0.10348628,0.07481024,0.29478982,0.09565497,0.02442039,0.24491376,0.00876051,0.18847276,0.14229061,0.14039023,0.13083367,0.19042905,0.08721390,0.63239270,0.16996826,0.00057596,0.02070806,0.01179950,0.40521795,0.24833578,0.25655034,0.00601457,0.09532734,0.02340165,0.55244172,0.04466878,0.54713911,0.58909452,0.09813518,0.20074160,0.03642487,0.01007713,0.02850808,0.04458500,0.04526569,0.35276517,0.10492032,0.52833259,0.56738240,0.01192916,0.25032967,0.29494235,0.14673410,0.00666560,0.12182648,0.02192777,0.01664748,0.29730028,0.73584205,0.01446113,0.36362839,0.01113372,0.01596689,0.24012962,0.00947574,0.10938308,0.29491955,0.01180319,0.22026528,0.75042301,0.39172721,0.47577128,0.39832005,0.17183897,0.74180222,0.04436288,0.03094936,0.15940432,0.15974744,0.74056929,0.08465846,0.34554094,0.00983449,0.22590950,0.54753822,0.34206080,0.47772461
0.00773557,0.17004617,0.71352381,0.06343091,0.38913071,0.08295929,0.01258719,0.56643116,0.28798708,0.14393775,0.03219585,0.40619281,0.35535854,0.20716976,0.12317925,0.00722558,0.35562235,0.02062730,0.49319503,0.05492749,0.02027030,0.41889548,0.23594543,0.07784535,0.00269956,0.00145997,0.06161609,0.02526285,0.01398346,0.52543467,0.03360721,0.06495953,0.25442436,0.67846757,0.84938174,0.76611990,0.09528285,0.00615010,0.14082852,0.06104858,0.36238763,0.63364488,0.18738857,0.16042219,0.62575293,0.15119183,0.01136407,0.20417701,0.00635274,0.09408038,0.19790009,0.24340792,0.20455398,0.19465849,0.04784508,0.44301930,0.17203493,0.00050448,0.08205369,0.01069454,0.60871148,0.47418165,0.30425897,0.02639732,0.12869088,0.02212241,0.63058698,0.04525607,0.52723694,0.69228548,0.03409202,0.22707261,0.05108792,0.03172160,0.01682992,0.31728080,0.09215398,0.33290538,0.18630973,0.41225547,0.64998668,0.03189159,0.22792858,0.34299904,0.14900532,0.01145837,0.01846685,0.03514876,0.04245757,0.40280101,0.40828192,0.02315102,0.29900718,0.03908662,0.03281020,0.49524748,0.00887659,0.30194619,0.26807165,0.00195752,0.07043291,0.45565623,0.03739185,0.38217121,0.45648757,0.03601599,0.31278983,0.06968837,0.03838481,0.08128133,0.24002761,0.52830839,0.00899981,0.57248187,0.01509534,0.30391908,0.56768674,0.23157428,0.27062353
0.01121334,0.10965081,0.67316836,0.01373453,0.35100964,0.10825715,0.01294681,0.58824188,0.13319530,0.11672735,0.02754334,0.45909831,0.32555640,0.15181388,0.30930200,0.00354280,0.28110617,0.02579674,0.54985845,0.04039625,0.01662344,0.46629080,0.26580185,0.11651536,0.00328414,0.00133767,0.02891645,0.03126236,0.01129310,0.41465566,0.03939524,0.07075080,0.44244614,0.81548631,0.74256998,0.80192280,0.05656762,0.00638416,0.08548862,0.10883694,0.48083624,0.44377744,0.23217228,0.08226833,0.45285121,0.19497471,0.03169744,0.33071753,0.01646822,0.07828002,0.24442261,0.43665716,0.21300142,0.30837557,0.03417645,0.40775090,0.17934038,0.00095837,0.11367128,0.00948285,0.78847098,0.42326176,0.33163294,0.01331441,0.11495759,0.01419818,0.63228279,0.02639092,0.43033612,0.62981308,0.09796819,0.16222170,0.08727289,0.02081424,0.03338220,0.49891666,0.08192838,0.15359685,0.16594148,0.46050426,0.64519179,0.01923912,0.17250821,0.42836431,0.19815814,0.02978846,0.03235557,0.04512143,0.03807002,0.37401274,0.50242603,0.01674123,0.40927815,0.02961419,0.04143275,0.45966879,0.00942739,0.27230895,0.29661304,0.00251556,0.11459626,0.57665139,0.27821329,0.18287414,0.46064425,0.03461371,0.20468131,0.04355334,0.03417736,0.13840312,0.11766470,0.54258776,0.04591173,0.46900979,0.00179491,0.35019612,0.57433140,0.15653172,0.30532816
0.01353432,0.09070225,0.53547210,0.01119353,0.54501426,0.19297430,0.01289436,0.53255075,0.24616089,0.04775630,0.02105905,0.34276846,0.36588642,0.22963929,0.21288395,0.00178453,0.34176645,0.02222339,0.66535842,0.05017653,0.01793335,0.51645654,0.20134889,0.14682633,0.00256853,0.00167284,0.05231162,0.03042076,0.03304354,0.39028218,0.07196545,0.05417802,0.32341039,0.79097337,0.84735918,0.46464783,0.09089439,0.00835752,0.13872270,0.06297804,0.44394416,0.37719828,0.27356339,0.10304292,0.41757569,0.13248028,0.04188833,0.32809317,0.01064148,0.07091203,0.37480193,0.39566925,0.33269119,0.15577620,0.10112341,0.34416404,0.21113324,0.00137998,0.06411880,0.02425233,0.71906626,0.28650758,0.22820710,0.03330605,0.16350727,0.01083712,0.55529726,0.02564033,0.41049528,0.60192370,0.15806755,0.29861292,0.03663722,0.01085478,0.01163461,0.28186333,0.07203709,0.10024464,0.11603407,0.33060038,0.52951282,0.03991396,0.13157578,0.24335784,0.12255829,0.02961821,0.03345485,0.07930079,0.02956727,0.25259086,0.68251491,0.06151587,0.18652394,0.02940666,0.03060800,0.45483023,0.00857794,0.31793079,0.29583651,0.00284944,0.06232705,0.56256413,0.20024018,0.36339092,0.48490524,0.09385365,0.18869740,0.06510246,0.03388574,0.19919685,0.18404450,0.38941014,0.03857680,0.49043328,0.00210180,0.41092333,0.51797795,0.22851513,0.34070477
0.01190599,0.15434949,0.31675145,0.00693326,0.45449963,0.18674655,0.01438029,0.57855594,0.17147559,0.05758489,0.03745662,0.37583438,0.41437009,0.16214150,0.28371349,0.00420688,0.23562591,0.02230670,0.68527919,0.05661767,0.01537583,0.67875099,0.20405158,0.16153282,0.00333020,0.00080242,0.02566514,0.04852853,0.03896248,0.30640483,0.07183221,0.03887406,0.29289362,0.78882229,0.80117738,0.51044077,0.05027532,0.00549255,0.09820759,0.08724466,0.47744769,0.56087959,0.20796585,0.11474743,0.32962930,0.10502452,0.03086601,0.24521306,0.01778712,0.12937571,0.41050079,0.68120730,0.26163998,0.30595741,0.05084682,0.47507536,0.37439972,0.00125865,0.04968158,0.02354053,0.68100393,0.17318994,0.22456168,0.00803077,0.16043338,0.02250468,0.45956996,0.02649627,0.50991184,0.75855440,0.21066606,0.14979894,0.07506227,0.02659444,0.01508461,0.31204194,0.05739226,0.08513280,0.17357180,0.26294348,0.59319055,0.06903820,0.15179156,0.44209284,0.17655496,0.02438375,0.04888432,0.05759978,0.05587594,0.32864702,0.68136299,0.04413278,0.26988822,0.04982988,0.04794020,0.41548499,0.01613018,0.27299991,0.24402319,0.00366814,0.05723838,0.63498980,0.27242383,0.27616647,0.43199122,0.09453907,0.17891122,0.03941384,0.03086861,0.20844406,0.24477845,0.49883473,0.03720232,0.54983819,0.00141697,0.45453367,0.56551844,0.38168067,0.35706991
0.00825550,0.16641228,0.50284302,0.00742718,0.40227050,0.14834082,0.01559601,0.63136148,0.17116396,0.07555764,0.07705738,0.28998914,0.25226542,0.28960770,0.25632110,0.00359262,0.24739593,0.01477523,0.74956441,0.03945069,0.01689957,0.64509034,0.29812738,0.24340041,0.00205280,0.00168990,0.03418432,0.03271646,0.06339095,0.40111876,0.03099070,0.04124234,0.36166942,0.66815341,0.76921678,0.61726427,0.06680433,0.00611020,0.09992677,0.05471889,0.42371798,0.47244754,0.18479611,0.12531795,0.37878594,0.22465672,0.04878395,0.22542281,0.00997167,0.09753838,0.31825903,0.65643877,0.19861892,0.27128780,0.02808980,0.32643616,0.22133856,0.00138932,0.09703532,0.03123990,0.70929211,0.33275381,0.24881588,0.01256742,0.19924942,0.01658561,0.59399402,0.03001720,0.59129745,0.57200277,0.23380284,0.24095757,0.02971097,0.01658831,0.02294239,0.31868100,0.05785219,0.10018318,0.12343533,0.47738945,0.55433488,0.05656004,0.15225644,0.30225444,0.18358755,0.02030372,0.04696163,0.07101542,0.05300596,0.39232612,0.70280910,0.02753615,0.20280997,0.04305311,0.03482540,0.36457479,0.00948399,0.24704792,0.33864892,0.00372029,0.09008748,0.68282062,0.38257292,0.22366770,0.31087443,0.09883720,0.13827217,0.06346165,0.04063231,0.27643877,0.18680255,0.37049803,0.03075333,0.64573389,0.00238455,0.56971425,0.59442943,0.22476225,0.25965795
0.00858235,0.16789001,0.31663054,0.01120397,0.41590607,0.09702031,0.01338417,0.54560632,0.18758316,0.04538176,0.06048453,0.26470938,0.29245445,0.26306611,0.17135625,0.00514333,0.29639816,0.01418032,0.74081010,0.04356413,0.02453080,0.48272997,0.33622736,0.14531694,0.00288848,0.00214161,0.01572015,0.05474059,0.06639834,0.27084482,0.05894903,0.03799721,0.27590391,0.73359466,0.73334277,0.42222661,0.04434357,0.00525427,0.19072448,0.08287266,0.49101841,0.48946047,0.28762245,0.08915733,0.34399575,0.13960111,0.02597833,0.22476107,0.01519919,0.14194097,0.39713660,0.58979565,0.30313590,0.21927975,0.04230662,0.37868628,0.31868640,0.00058505,0.05984949,0.02383858,0.63000107,0.25463393,0.28183910,0.01405888,0.22242536,0.02122384,0.41306388,0.03159599,0.56609261,0.64875591,0.24759090,0.24460164,0.03179725,0.02111978,0.03365125,0.27188388,0.05520527,0.09739021,0.08963814,0.39783996,0.71613431,0.04915771,0.11180922,0.39527866,0.16053945,0.03506583,0.03739965,0.10030431,0.04974242,0.35528043,0.68968499,0.03634009,0.26438487,0.04689403,0.04663145,0.43998271,0.01667236,0.32407197,0.29455191,0.00327302,0.08363415,0.65393585,0.31463104,0.22613525,0.46815997,0.04899129,0.14820714,0.03228042,0.04291869,0.18467310,0.19157591,0.49143705,0.03042527,0.47662681,0.00240403,0.39738509,0.65283591,0.22244032,0.34157741
0.00621679,0.15845847,0.54109257,0.01005733,0.30997267,0.16928305,0.01496910,0.47559139,0.14317571,0.07134096,0.04647803,0.26358494,0.41034797,0.33498839,0.36151296,0.00453818,0.50904179,0.01642856,0.80024761,0.02871769,0.02104682,0.75257647,0.18730180,0.09653269,0.00168303,0.00145807,0.02151034,0.02298740,0.07050180,0.20424765,0.04544586,0.05023692,0.25819853,0.88243657,0.70240295,0.65073740,0.10142540,0.00301161,0.25178939,0.02880960,0.73390359,0.39164075,0.10482815,0.03917411,0.37475213,0.13297541,0.02365480,0.38415569,0.00842431,0.05324538,0.21798360,0.52104491,0.17857668,0.31946856,0.02722700,0.62821019,0.35522410,0.00106223,0.05609085,0.02843746,0.64342093,0.21962558,0.26975435,0.00757562,0.06986063,0.02018125,0.56405765,0.01656962,0.61472356,0.33848965,0.43224591,0.13505445,0.03138889,0.01641644,0.02018366,0.38182819,0.07592658,0.14147060,0.10252274,0.36378950,0.44000918,0.05714511,0.08657354,0.26921088,0.08553046,0.01158924,0.01771154,0.24593198,0.02782477,0.21565978,0.51114774,0.04278775,0.31347963,0.02247202,0.04028295,0.26445279,0.02790445,0.13785374,0.31114343,0.00230601,0.09499977,0.68899554,0.27628496,0.20909870,0.45290011,0.06439474,0.34567067,0.03329702,0.01854577,0.11896062,0.12598975,0.62416959,0.02298305,0.46378040,0.00298111,0.72712255,0.77115625,0.21399613,0.29804552
0.00553179,0.10954562,0.42699760,0.00978804,0.47726175,0.13981155,0.00747419,0.64988947,0.10396887,0.05384950,0.06869259,0.52369100,0.37303561,0.19699346,0.69578487,0.00675894,0.47587135,0.01152267,0.72122055,0.02986575,0.02455548,0.88491744,0.17890447,0.05274364,0.00338145,0.00147425,0.02674630,0.02624380,0.02933138,0.23490605,0.04785211,0.04853906,0.27846205,0.86480039,0.88286275,0.72386098,0.02820654,0.00473352,0.42796725,0.03126437,0.87801826,0.26419127,0.18560956,0.03624906,0.33917242,0.15065940,0.01671963,0.35647312,0.02443887,0.03655700,0.39156044,0.66112477,0.08437601,0.18870966,0.02951541,0.33467102,0.61483067,0.00047734,0.11886974,0.02660578,0.56005663,0.47550499,0.36276221,0.02464544,0.04092021,0.01020825,0.73905289,0.03423046,0.50276041,0.61222112,0.30906135,0.19399478,0.11049543,0.01575624,0.02927394,0.19438294,0.05615204,0.16648172,0.07550850,0.27484131,0.73177165,0.05986653,0.06690817,0.49970594,0.11482555,0.00553523,0.02446024,0.24919555,0.04875959,0.14250980,0.57797313,0.05945909,0.17092614,0.02307829,0.08411532,0.31372520,0.01280046,0.08536533,0.20759150,0.00335489,0.03672828,0.69893324,0.07121635,0.38830763,0.22168495,0.05361997,0.25061449,0.04111635,0.05601022,0.20229690,0.26999483,0.52775139,0.03160617,0.47617370,0.00208016,0.34094244,0.68524045,0.25313538,0.09598566
0.00639252,0.06245834,0.51327366,0.00671912,0.46921572,0.10371536,0.00456829,0.57560176,0.12488728,0.05388237,0.05711564,0.40613025,0.38079137,0.12068912,0.51562262,0.00607600,0.58365023,0.01442304,0.91317815,0.02881727,0.02047744,0.75618315,0.29257894,0.05123655,0.00443105,0.00063566,0.02133154,0.02801180,0.01773451,0.16801617,0.03288644,0.06637897,0.21471906,0.83498877,0.94978869,0.78467911,0.03203332,0.00259200,0.19937360,0.03217958,0.82306916,0.34094110,0.30736771,0.05007175,0.30139416,0.18425180,0.02881041,0.29826730,0.03230318,0.02812182,0.31922135,0.55675602,0.28160742,0.19650474,0.06465326,0.28812352,0.52071977,0.00055307,0.09181207,0.01506333,0.37916332,0.34151274,0.23268639,0.02822733,0.05287526,0.00882758,0.71801716,0.06246098,0.55288345,0.65341407,0.39440921,0.25226951,0.05813175,0.01037219,0.01512949,0.22409976,0.13722146,0.30963266,0.01652679,0.28587198,0.16646987,0.06594963,0.10248674,0.40931284,0.05628615,0.01252120,0.01199837,0.36777061,0.01449061,0.26594523,0.69888717,0.04411326,0.14502551,0.06229409,0.03689199,0.25343278,0.01663728,0.10590868,0.19657135,0.00289572,0.05722172,0.68818462,0.54120797,0.21353984,0.43744850,0.04631491,0.22064210,0.02591074,0.04462077,0.14313754,0.31676504,0.68606108,0.01270485,0.32986590,0.00268322,0.41368479,0.71227819,0.31008571,0.18013918
0.00680136,0.05896241,0.45285735,0.00630234,0.60138023,0.16079564,0.00354696,0.66273779,0.26514232,0.04175333,0.03050274,0.36061275,0.26405838,0.24779956,0.61035532,0.00344647,0.38504753,0.00978906,0.90389550,0.05651749,0.01395294,0.86501741,0.31674707,0.07880953,0.00313150,0.00100904,0.02711270,0.03031441,0.02563329,0.38403162,0.02598573,0.04541489,0.44517404,0.88063651,0.91251284,0.75421035,0.06729077,0.00465905,0.23275252,0.04067240,0.79030228,0.19075455,0.16432959,0.03984480,0.44512081,0.16147286,0.02029145,0.42598286,0.01020482,0.00998353,0.26051828,0.61298907,0.25887069,0.17294183,0.06570729,0.40095979,0.61847240,0.00047853,0.15893841,0.01769147,0.43200967,0.34192425,0.24295233,0.05507150,0.07852516,0.01981128,0.65989417,0.03676023,0.54266202,0.68761146,0.41836452,0.27859959,0.09328875,0.07253752,0.04074278,0.33350968,0.08591665,0.22811019,0.08981683,0.22939396,0.55408442,0.06210234,0.06556115,0.43701747,0.10925444,0.00802243,0.02984759,0.35515344,0.01835719,0.22181015,0.63421661,0.02571343,0.23212092,0.03087374,0.02848131,0.33544225,0.00702427,0.13666783,0.13853262,0.00216886,0.06455471,0.69607079,0.03639536,0.30001152,0.46271089,0.07077019,0.17618868,0.04219338,0.03922139,0.18830688,0.30718666,0.65426934,0.01444734,0.51374364,0.00213098,0.44116446,0.77480376,0.22890945,0.13748352
0.00673483,0.04924041,0.46417341,0.00875963,0.43193772,0.12493920,0.00141587,0.65511817,0.32579246,0.04961596,0.04123807,0.33483106,0.22035445,0.20244169,0.75627804,0.00206250,0.32746357,0.01245379,0.84491599,0.04589489,0.01062011,0.86174852,0.25462863,0.04627664,0.00223369,0.00155376,0.01364308,0.02848257,0.03522475,0.29923311,0.02466347,0.02880215,0.45841476,0.85690361,0.92592227,0.49929863,0.08724597,0.00457250,0.26159534,0.02643325,0.88636285,0.30472291,0.09222266,0.06504270,0.32680804,0.23109093,0.01663177,0.39023876,0.01209077,0.02160745,0.30348843,0.70042831,0.14336108,0.19673346,0.02461826,0.37862390,0.72338021,0.00059117,0.09234161,0.00993630,0.57557267,0.23671611,0.32930416,0.03241770,0.02912161,0.01114803,0.61875916,0.03945572,0.55541193,0.63766068,0.34179714,0.19007233,0.06271684,0.02073891,0.01372739,0.27521649,0.06518222,0.20568810,0.05536208,0.20044701,0.52409256,0.03250509,0.05601354,0.52034658,0.05543685,0.00634657,0.02052014,0.48977709,0.02277056,0.29111075,0.65702289,0.02948732,0.15512569,0.01531260,0.02539685,0.36509296,0.00502341,0.13665605,0.19084583,0.00187513,0.02963937,0.79645061,0.47127250,0.37837249,0.29031992,0.10859635,0.26863259,0.06684584,0.03353303,0.15368074,0.30861998,0.72733384,0.02490325,0.58914965,0.00283389,0.45114022,0.78358036,0.29092416,0.16007832
0.00460590,0.07461011,0.40797904,0.00339004,0.46178746,0.15762548,0.00286790,0.65960389,0.10298987,0.05272193,0.03376309,0.25606894,0.33619383,0.16395396,0.58293277,0.00597952,0.45432869,0.01943105,0.84761119,0.04288016,0.00874266,0.86626202,0.20494631,0.03736614,0.00636846,0.00160695,0.01228583,0.02201547,0.07054169,0.49536046,0.02486553,0.06625483,0.39113650,0.87347567,0.81963909,0.69625545,0.05897125,0.00346446,0.20980053,0.04332663,0.75852382,0.33526221,0.15400708,0.06722419,0.50182325,0.25082016,0.03331076,0.38412333,0.00790694,0.02375055,0.34266931,0.51004380,0.17412350,0.27252096,0.04400508,0.52091819,0.53763580,0.00091167,0.11346307,0.01859635,0.54021466,0.20486201,0.18694192,0.06474750,0.03036257,0.02157553,0.77800584,0.03280384,0.50738966,0.54599184,0.31407088,0.33145884,0.02520903,0.03143612,0.03849350,0.56203699,0.16188845,0.24120241,0.05817911,0.21075280,0.34402081,0.03219148,0.14144292,0.46905383,0.11596121,0.02033390,0.00667743,0.35993588,0.04122712,0.17741475,0.57894409,0.00820656,0.42139632,0.03377065,0.02694665,0.22482643,0.01515191,0.10950684,0.11756848,0.00169661,0.09420107,0.58287400,0.04160473,0.40838712,0.53038335,0.09577303,0.27698731,0.03485092,0.00738939,0.15570384,0.21683016,0.64207959,0.03097530,0.48534364,0.00209035,0.32614034,0.74033582,0.33222702,0.15673161
0.00512746,0.05126294,0.36731026,0.00816671,0.39207914,0.11442391,0.00271006,0.55924571,0.25517914,0.06674153,0.04404281,0.31727996,0.70837867,0.29081735,0.58266860,0.00501535,0.48660210,0.01910710,0.85643423,0.04315225,0.02499819,0.84242189,0.15146706,0.09515281,0.00394209,0.00142353,0.02584752,0.03964175,0.02856610,0.16004008,0.05294164,0.05137032,0.39337432,0.81057888,0.74721444,0.51228392,0.09310337,0.00316278,0.19837797,0.07418472,0.72253263,0.38652012,0.11866240,0.09408897,0.52042860,0.12328549,0.01788864,0.39516982,0.01363589,0.04699256,0.35713586,0.60813737,0.19863905,0.26706958,0.06109218,0.45844501,0.65914267,0.00068215,0.11886110,0.02938542,0.61958319,0.14153786,0.19461779,0.06870858,0.03950090,0.01299699,0.55832964,0.03321630,0.63414550,0.18736425,0.54264933,0.09311207,0.03709601,0.04424108,0.02664062,0.45725527,0.03313633,0.33733815,0.03790621,0.19249405,0.49679291,0.01542463,0.12670994,0.49386200,0.14621884,0.01437606,0.02444540,0.27975631,0.02580082,0.33106714,0.71331590,0.01777390,0.18166475,0.03356868,0.05761123,0.31533399,0.00911159,0.12877767,0.17385827,0.00130080,0.04217249,0.76063472,0.56309694,0.32780197,0.45960537,0.21634461,0.30863920,0.03454859,0.04350674,0.09802067,0.21336254,0.75474876,0.04849469,0.53742391,0.00126666,0.40504253,0.81643254,0.26527613,0.14716612
0.01046452,0.10442629,0.28237379,0.01323436,0.64334637,0.09553166,0.00495837,0.66442961,0.16538276,0.02590558,0.03325586,0.29350203,0.29995543,0.06816259,0.39255294,0.00421829,0.24820483,0.01681576,0.87507176,0.03937224,0.01401937,0.82614821,0.27638686,0.07013895,0.00180131,0.00202891,0.02506553,0.02250165,0.04312086,0.30259439,0.07151237,0.05523040,0.41644776,0.69347185,0.79330510,0.67765141,0.08668806,0.00915640,0.20964508,0.03376715,0.66673642,0.28192165,0.09964848,0.09591596,0.22734155,0.18545441,0.01508176,0.51357955,0.01105765,0.05623610,0.33174735,0.65251625,0.21899280,0.29985625,0.02637918,0.36909649,0.52467299,0.00114748,0.06661946,0.02700155,0.42730647,0.29300010,0.31202427,0.06354835,0.10282149,0.01280905,0.60669768,0.03391693,0.39253843,0.56978732,0.26025689,0.20313393,0.03786893,0.03133227,0.07289621,0.37342724,0.05046104,0.23819128,0.09914286,0.19217730,0.42709199,0.07066536,0.07848401,0.48096725,0.10346313,0.02787570,0.01354234,0.11251689,0.05834828,0.21501648,0.80667633,0.03244755,0.21035767,0.03478299,0.02381706,0.29859897,0.01250289,0.17322735,0.29556701,0.00193383,0.03452824,0.66230482,0.12004923,0.27919811,0.31390584,0.10628150,0.26546738,0.06195984,0.05146322,0.51977772,0.17921159,0.69575959,0.01717143,0.52376795,0.00123193,0.30230153,0.75170422,0.15352957,0.13052024
0.00631772,0.19458583,0.31667045,0.01425275,0.54737806,0.08804929,0.00929247,0.59757787,0.13969700,0.04676453,0.02912057,0.22387068,0.28904879,0.21589269,0.27738675,0.00286775,0.42698637,0.02306076,0.78116739,0.05183558,0.01789416,0.59540725,0.24869548,0.15907612,0.00279682,0.00139638,0.02993798,0.02407501,0.04148554,0.28045431,0.02658119,0.02734420,0.24458691,0.82247341,0.74252909,0.61026025,0.06847250,0.00330466,0.14989550,0.05296534,0.57954371,0.37196866,0.22747763,0.10034987,0.37060893,0.25438741,0.02274166,0.24871159,0.01301547,0.08749064,0.41267985,0.54381210,0.21039057,0.30622923,0.04124991,0.37803829,0.21442693,0.00072442,0.11635858,0.01493792,0.47795740,0.19107948,0.34133467,0.01072068,0.19503294,0.01287340,0.58073586,0.03697914,0.54090989,0.60063124,0.29061630,0.18396589,0.04962337,0.02611286,0.03467518,0.36676940,0.05584642,0.08588061,0.10410324,0.51117516,0.55640781,0.09149679,0.12175154,0.27133346,0.20299987,0.01526933,0.02126051,0.10732049,0.04824586,0.27268001,0.57658821,0.03006338,0.26945609,0.04936575,0.03365016,0.45628288,0.00980084,0.25234810,0.21988353,0.00444740,0.07232101,0.51386482,0.42129335,0.16845560,0.52544653,0.08019355,0.19587755,0.04810520,0.03812754,0.29386389,0.20278057,0.46325201,0.02701362,0.41856474,0.00165546,0.56427449,0.72134548,0.30416620,0.24175344
0.00562876,0.11280927,0.44248772,0.01032994,0.47980875,0.15603088,0.01045902,0.65624195,0.24040322,0.05951167,0.05137829,0.22917816,0.38784310,0.20589712,0.28883478,0.00802346,0.24003267,0.01543266,0.65935248,0.06864996,0.01849294,0.55269116,0.21517321,0.20445956,0.00137485,0.00090043,0.03133728,0.05981255,0.04048525,0.46939322,0.04266996,0.04907301,0.20234777,0.70837641,0.75303268,0.48675576,0.06523612,0.00565679,0.11700539,0.05380496,0.52684999,0.52549154,0.21131289,0.11161726,0.39989766,0.10307708,0.03628755,0.38907066,0.01271764,0.15919408,0.30881426,0.68847364,0.17229053,0.29011309,0.02747625,0.47460142,0.21010540,0.00056485,0.10258238,0.03032302,0.69006699,0.26447558,0.38259566,0.01035084,0.18220371,0.01226495,0.60627681,0.01669551,0.56641555,0.66241843,0.23111200,0.15842636,0.03384050,0.02357811,0.02355810,0.48682994,0.06974547,0.08102234,0.17132519,0.33826742,0.71001941,0.07574889,0.14859784,0.29378068,0.23544198,0.02539660,0.02608944,0.05581133,0.05269567,0.31952032,0.54319286,0.04495027,0.26647025,0.03993217,0.03158194,0.24559581,0.02012287,0.25070131,0.23085079,0.00199866,0.08956332,0.52923328,0.36539185,0.17736974,0.32101238,0.07857189,0.20576499,0.03338575,0.04259227,0.29668707,0.12937610,0.49899450,0.03444698,0.52684510,0.00235265,0.50787115,0.59815925,0.34245351,0.27092129
0.01361429,0.09715322,0.39355081,0.00833860,0.47558579,0.11158638,0.01622271,0.48225930,0.15865794,0.08581676,0.06767866,0.23233813,0.26590613,0.25271505,0.14087221,0.00582301,0.42887819,0.01376073,0.59897113,0.03558005,0.01400366,0.50839055,0.22439544,0.27648178,0.00169185,0.00106297,0.01651764,0.04071534,0.08266950,0.39948130,0.05231857,0.04505995,0.23983356,0.83309019,0.68439877,0.59882307,0.07854485,0.00330362,0.12048416,0.11153515,0.47073135,0.51554674,0.28587502,0.10206497,0.32237291,0.20745480,0.05158956,0.27411976,0.01414089,0.08633623,0.24960400,0.61420280,0.25083169,0.17323886,0.03733757,0.52365768,0.27843717,0.00123674,0.06680908,0.02480788,0.58966392,0.17553103,0.42303231,0.01985942,0.15890226,0.01431273,0.51019847,0.03155181,0.45344767,0.61059445,0.23853639,0.22907077,0.06017388,0.01219043,0.02520839,0.32815334,0.08575887,0.08474262,0.14773864,0.44347882,0.73902571,0.08381657,0.09924558,0.23906381,0.23742561,0.03718900,0.04342637,0.05626606,0.04627412,0.34931308,0.53792036,0.04385865,0.30185217,0.03470377,0.02235389,0.35013446,0.00906219,0.18580836,0.29306003,0.00331982,0.06933907,0.57082653,0.31522369,0.19731116,0.34299785,0.05538183,0.16628481,0.05052375,0.03250454,0.30374429,0.27890670,0.54503626,0.02634443,0.46456018,0.00202019,0.33381337,0.61550748,0.28108624,0.24522704
0.00777254,0.11742569,0.41492048,0.00839152,0.52894586,0.10249911,0.00652409,0.53116810,0.15239260,0.07081831,0.04074194,0.30986300,0.32892314,0.22223522,0.28536376,0.00314511,0.38261765,0.02793141,0.74247992,0.05124033,0.02414517,0.56525779,0.26087371,0.14587109,0.00280613,0.00143744,0.02242971,0.02926938,0.07509813,0.39089063,0.05626070,0.04681025,0.22036219,0.72862309,0.64522415,0.50051486,0.05003249,0.00595285,0.15270579,0.11019481,0.56401414,0.43864998,0.29331779,0.07728084,0.31694475,0.19225457,0.02596238,0.30833191,0.01190419,0.13401341,0.31545001,0.72340393,0.15094002,0.22028099,0.03616350,0.48536977,0.23246884,0.00063258,0.08880954,0.02759746,0.54561484,0.27867442,0.31318042,0.01245392,0.15600805,0.01111835,0.56319958,0.02593293,0.56456131,0.62361497,0.23962294,0.22854832,0.04866633,0.01505825,0.01916662,0.27801064,0.06780855,0.08157343,0.08820032,0.34418067,0.61430120,0.08153544,0.15275232,0.36713967,0.11798364,0.02038937,0.03759481,0.13125440,0.04267715,0.31040353,0.63796943,0.03828959,0.20106430,0.03305249,0.02848709,0.25723636,0.01881384,0.23982717,0.27462220,0.00347783,0.10946866,0.65536803,0.36270255,0.17460081,0.30965433,0.05537667,0.15218876,0.05023553,0.04582302,0.19982214,0.27403045,0.51406574,0.03829273,0.59368700,0.00129864,0.48816198,0.62151325,0.20889497,0.36852446
0.00644169,0.14123861,0.52735347,0.01499471,0.44496557,0.15386565,0.00648447,0.52574819,0.20468827,0.05857838,0.04378242,0.41298977,0.38906574,0.29997006,0.19510159,0.00661861,0.35193613,0.01292420,0.68838805,0.03436370,0.03038143,0.63202631,0.26573399,0.26604617,0.00176649,0.00130955,0.02549189,0.04519458,0.04833773,0.31375948,0.03175622,0.02960177,0.21930799,0.81898159,0.64722621,0.53282440,0.08777130,0.00419959,0.12439389,0.09725974,0.55652362,0.52201015,0.27289873,0.12741159,0.41547090,0.23087884,0.02518041,0.39258787,0.01821708,0.07603282,0.28533271,0.67230415,0.26065010,0.30816293,0.04782836,0.32731056,0.25139964,0.00124641,0.05543824,0.01848782,0.68497074,0.21517040,0.37347686,0.01297421,0.11850957,0.01879032,0.63704544,0.02214063,0.53417909,0.75201595,0.26654276,0.20848210,0.04509764,0.01998709,0.01829150,0.35219547,0.12205718,0.12628449,0.18894124,0.26388010,0.62026805,0.08686784,0.12095286,0.41340253,0.20935512,0.02891016,0.04357865,0.09300920,0.02764662,0.24042185,0.61260980,0.04900749,0.25737083,0.03534165,0.02889875,0.24885124,0.02017275,0.26071122,0.31991825,0.00453834,0.05011434,0.69878465,0.27664044,0.33375353,0.32776356,0.07774177,0.22311322,0.03127201,0.05034972,0.18623020,0.16628858,0.52000493,0.02317631,0.43145266,0.00321913,0.42707673,0.53244257,0.34726739,0.40473181
0.00696462,0.12207241,0.51053929,0.00627805,0.63649434,0.10820750,0.01267640,0.58971220,0.20535880,0.09000940,0.06970565,0.33716995,0.34472606,0.22877532,0.26753134,0.00819208,0.36651957,0.01524059,0.74813151,0.05096307,0.01732929,0.50447565,0.21330035,0.28054678,0.00219080,0.00193214,0.01567773,0.03205116,0.03912418,0.32462141,0.03437350,0.03052016,0.25200707,0.77885264,0.62379903,0.51877475,0.07503398,0.00522117,0.17366649,0.05451783,0.52281189,0.47778088,0.21518373,0.07420021,0.30343413,0.12343595,0.03225943,0.32153329,0.00860931,0.08498210,0.26868904,0.67009979,0.15008205,0.25039732,0.03047155,0.47784752,0.26274210,0.00132666,0.05456756,0.01360852,0.62198704,0.18162309,0.22063813,0.00968110,0.13997656,0.02486032,0.52301317,0.01579994,0.46073532,0.70810652,0.36822671,0.17613387,0.04560392,0.02757243,0.03503793,0.46770236,0.07794139,0.09668368,0.13696863,0.27902904,0.53754145,0.08971490,0.10584799,0.24030061,0.12297660,0.01533191,0.02722041,0.11167902,0.04637363,0.26450682,0.63921231,0.05411991,0.31907547,0.05301220,0.04800050,0.31792825,0.00780897,0.28280339,0.21376745,0.00258985,0.10188411,0.57901514,0.37420842,0.29102373,0.34133416,0.06195642,0.16029967,0.05711601,0.05098931,0.25026798,0.14288235,0.32026064,0.02926421,0.41485164,0.00210923,0.47072408,0.62501907,0.25703186,0.23651597
0.00834524,0.11116634,0.39577308,0.01171546,0.52037561,0.10007586,0.01628055,0.49180922,0.16600169,0.06617903,0.03261073,0.22363079,0.33910564,0.20600149,0.17197694,0.00665518,0.30694363,0.02610953,0.69844675,0.06946567,0.02314264,0.45182437,0.26494926,0.27051109,0.00274064,0.00172126,0.03006203,0.04119135,0.07856695,0.33553132,0.07004774,0.04134004,0.19166003,0.69456327,0.72059274,0.58215356,0.05363192,0.00353989,0.21213527,0.08530690,0.61295575,0.55427283,0.25202703,0.09074589,0.27171862,0.16173688,0.02716050,0.27340126,0.01134671,0.09616143,0.30813941,0.71520787,0.19407721,0.19661666,0.04725703,0.40177700,0.26355338,0.00079043,0.10628340,0.02962201,0.52998644,0.20045276,0.34121022,0.01539558,0.22705592,0.01211742,0.61748612,0.02570880,0.47047952,0.60301387,0.24455540,0.13148710,0.03097109,0.01832640,0.03563337,0.34217992,0.08295017,0.16089742,0.16893151,0.29042619,0.57668054,0.06041344,0.09980756,0.26770419,0.14753073,0.01733567,0.02219941,0.08255988,0.02713155,0.21825095,0.50996745,0.02607887,0.29993948,0.04997324,0.03832928,0.32586169,0.01052526,0.25821573,0.32297951,0.00392287,0.11321915,0.57658893,0.39796764,0.27110502,0.41390133,0.06408849,0.23678416,0.04869811,0.02555778,0.18519540,0.17247325,0.39148757,0.03385732,0.46689603,0.00244756,0.45615193,0.51179177,0.28897449,0.36290652
0.01139477,0.09822057,0.41429704,0.00994132,0.57212633,0.13347320,0.01445900,0.56082815,0.19102006,0.05941219,0.04619029,0.41786814,0.44356093,0.16247307,0.19335808,0.00495457,0.23469234,0.02573274,0.71231806,0.04221675,0.01500372,0.50545663,0.17891029,0.18586496,0.00194595,0.00150769,0.02006568,0.05272022,0.05687495,0.44413280,0.03166979,0.03771054,0.35596192,0.68951744,0.77948850,0.58085501,0.07676842,0.00511663,0.17986429,0.07588492,0.59611517,0.48716691,0.31113726,0.09629591,0.39006692,0.12563004,0.04652087,0.35979420,0.01272181,0.09449888,0.36474809,0.68103677,0.20364593,0.25832033,0.06011086,0.42463997,0.24178840,0.00132167,0.06613410,0.01779758,0.60648406,0.19861498,0.22560076,0.01698931,0.12858327,0.01109671,0.52702290,0.02068893,0.59591419,0.57966936,0.26615959,0.17673309,0.02966684,0.01249408,0.03233863,0.31202239,0.06208657,0.17852509,0.08721112,0.43977818,0.55818498,0.07118627,0.11357506,0.31602865,0.18176922,0.02965360,0.02679131,0.05784092,0.03147770,0.30313823,0.58051109,0.02620018,0.20477244,0.04140145,0.03080009,0.31698221,0.00963783,0.31382576,0.34816456,0.00274225,0.06119385,0.61140239,0.32819530,0.28318748,0.31303442,0.08764441,0.14443633,0.03259454,0.05294035,0.24282336,0.26624450,0.49580932,0.03629722,0.64196098,0.00192734,0.48958671,0.67086786,0.27539659,0.26739269
0.01080703,0.07782684,0.30621672,0.01091212,0.70853525,0.15870997,0.00802894,0.58751458,0.20867853,0.06170823,0.04239269,0.41388917,0.33961898,0.10582439,0.15749013,0.00540610,0.32127544,0.01783721,0.81319404,0.08133038,0.02823207,0.72937632,0.15118924,0.23469885,0.00148710,0.00120596,0.03776141,0.02543574,0.04673948,0.21708412,0.03616142,0.04284330,0.30952841,0.79253930,0.73243248,0.72824162,0.03309876,0.00670040,0.16639629,0.06902006,0.40402403,0.36512974,0.30997932,0.05791273,0.39311329,0.09961610,0.01754703,0.29656488,0.03095454,0.08836655,0.40362138,0.68351185,0.27060100,0.23127763,0.07295543,0.39256513,0.36703214,0.00117030,0.08094504,0.01576748,0.59885621,0.31968638,0.34656823,0.01803445,0.12894759,0.01522066,0.56005013,0.01124759,0.42482516,0.67743760,0.33418161,0.16612923,0.03717072,0.02424021,0.02936025,0.30121118,0.17103051,0.15451834,0.20630455,0.23019876,0.48937732,0.07264727,0.15534015,0.20641327,0.19905441,0.03652628,0.02238762,0.05910955,0.04258253,0.37548617,0.62345493,0.07488808,0.18037097,0.03999652,0.04834308,0.28057602,0.01142808,0.14774850,0.26548395,0.00360595,0.04276422,0.60886788,0.15235449,0.22703014,0.30168325,0.11031166,0.17562230,0.04120009,0.05156890,0.43683615,0.26131946,0.42166695,0.03895038,0.66791838,0.00132686,0.42248222,0.47455335,0.27379698,0.51430446
0.01075681,0.11969953,0.37233913,0.00773648,0.62013763,0.13386001,0.00803599,0.62220079,0.19856313,0.04818496,0.02351704,0.33943084,0.32759887,0.24073434,0.18221535,0.00562652,0.35211444,0.01138819,0.86141235,0.04930769,0.02058863,0.64236969,0.31473646,0.23819633,0.00206704,0.00128719,0.01698604,0.04523215,0.03516884,0.22240536,0.02953253,0.02037879,0.32294500,0.76064140,0.73522872,0.59751004,0.03233965,0.00521978,0.14696142,0.05963421,0.61191076,0.39180261,0.20968249,0.05686531,0.27906683,0.07900031,0.02188669,0.34697130,0.01203922,0.11230490,0.21238706,0.63924944,0.30621523,0.19965634,0.06493556,0.41175774,0.44976828,0.00079444,0.07624027,0.01282676,0.55302471,0.33350325,0.36724624,0.03899459,0.16889355,0.02495811,0.46086064,0.02699600,0.46618989,0.77934986,0.23654789,0.28611538,0.07517856,0.02073465,0.04298323,0.44476512,0.15318693,0.20521750,0.15270171,0.32094067,0.46486217,0.08911271,0.11544209,0.39096722,0.18920708,0.02555131,0.02068655,0.06804948,0.07318949,0.35818210,0.74006081,0.05578984,0.08041772,0.02217283,0.06973551,0.22431205,0.01059538,0.18177459,0.24921082,0.00367116,0.04984913,0.79186684,0.23292896,0.20067696,0.29294029,0.12782368,0.16036472,0.05535731,0.03987934,0.28467363,0.27066576,0.31738681,0.01911134,0.50104403,0.00171783,0.44127852,0.47389588,0.19549817,0.40674159
0.00853074,0.10627908,0.54141092,0.00741019,0.42989329,0.13382655,0.00624131,0.52840185,0.16163129,0.05744916,0.03226007,0.34272462,0.28598934,0.37880170,0.22174031,0.00641889,0.41441211,0.00848850,0.76771617,0.11313336,0.01799823,0.54704618,0.29917514,0.24902469,0.00350069,0.00124960,0.03631249,0.04564110,0.04092256,0.44032407,0.07096940,0.04025933,0.20902285,0.63419062,0.61684722,0.75305408,0.02375517,0.00802380,0.11825634,0.13885371,0.65929770,0.31514350,0.31892189,0.06011817,0.24875093,0.15214042,0.04406745,0.35167274,0.01477095,0.13046655,0.34345558,0.63372135,0.19740522,0.24717687,0.12368631,0.36447215,0.27965942,0.00057491,0.07487167,0.01769612,0.66615802,0.51345527,0.49906078,0.03384974,0.12407600,0.01090271,0.42920399,0.02195070,0.39048606,0.61566347,0.20871584,0.20450215,0.04150673,0.01364808,0.02810012,0.47696286,0.11834586,0.28655830,0.12290524,0.27467155,0.50703025,0.11316577,0.15798903,0.32126477,0.08400252,0.01478864,0.01801119,0.10365956,0.06409114,0.18995078,0.65168571,0.04106024,0.22616735,0.03496277,0.04875508,0.31514341,0.00914599,0.20123352,0.18910514,0.00432967,0.04888376,0.71284628,0.14296974,0.30734724,0.30588728,0.21519092,0.27525160,0.03747758,0.03419735,0.33160299,0.22087155,0.39624760,0.01921688,0.56187069,0.00174418,0.32400566,0.33319175,0.20247586,0.22170515
0.01223008,0.13776943,0.39045745,0.01373729,0.43962330,0.22399981,0.00615629,0.48247913,0.26059726,0.03315732,0.03745468,0.38395008,0.37358764,0.19045633,0.30071139,0.01528856,0.30124903,0.02160338,0.73013598,0.12647040,0.01434688,0.64433199,0.27827442,0.16987571,0.00515260,0.00083289,0.01665714,0.06339610,0.04242250,0.21327695,0.06377586,0.06239264,0.27153346,0.71121228,0.80494255,0.82520807,0.03754767,0.00274641,0.15918148,0.08423089,0.48872897,0.41271508,0.48215839,0.07121437,0.27771181,0.07165598,0.02352769,0.44181886,0.02269838,0.06460696,0.28924808,0.60869652,0.24342529,0.12390995,0.05452441,0.36594054,0.35803920,0.00075044,0.02207228,0.03572422,0.64410716,0.19352470,0.26636335,0.04052850,0.12001285,0.01474163,0.34244427,0.03756327,0.27655947,0.66473854,0.33044219,0.13214339,0.04679171,0.01758064,0.05230076,0.33652106,0.07108365,0.14070736,0.12641700,0.25052187,0.52442658,0.15548593,0.09651543,0.26590416,0.17855754,0.01622277,0.01857396,0.11823059,0.05711370,0.36014324,0.59468412,0.06815011,0.25121596,0.02970439,0.02986166,0.20971958,0.02065660,0.18034260,0.24707049,0.00566004,0.02055699,0.77013415,0.35738000,0.34982997,0.24886496,0.04780973,0.13965155,0.03144202,0.05850711,0.50734764,0.12818618,0.35821235,0.05320935,0.52421111,0.00131174,0.33360499,0.42351618,0.22132815,0.31734529
0.01051568,0.08751471,0.37523398,0.00734235,0.49324629,0.18878989,0.00693364,0.52862340,0.10032566,0.03160738,0.04326029,0.35429272,0.24786922,0.22197735,0.22929794,0.00308861,0.29648623,0.00798177,0.73628581,0.04607897,0.03781908,0.56752723,0.19263713,0.25618622,0.00270674,0.00194915,0.02302503,0.06014301,0.05726584,0.27545828,0.03957123,0.06232859,0.36483714,0.75386035,0.66485178,0.74108833,0.07119347,0.00582251,0.13054311,0.09189091,0.45318082,0.34243184,0.29456112,0.07705775,0.18295062,0.12815310,0.01916357,0.29250333,0.01832849,0.07755958,0.25225413,0.62392849,0.18260670,0.19702895,0.04507493,0.37653255,0.21057960,0.00040166,0.06108892,0.01838905,0.68735945,0.26676449,0.25019562,0.02288942,0.11105191,0.01375835,0.48949701,0.01643533,0.45278421,0.77778029,0.31063625,0.20533343,0.04349811,0.01321404,0.02649870,0.36720890,0.09705757,0.18263757,0.10930949,0.20978698,0.50021380,0.06067022,0.10569011,0.47504652,0.19759998,0.02011531,0.03423613,0.08147486,0.03455751,0.24060883,0.67020762,0.03959000,0.19411856,0.03466679,0.03419720,0.36425304,0.00952575,0.26070628,0.19918853,0.00275869,0.04734794,0.63968289,0.25090495,0.17872038,0.36999094,0.04470140,0.27461135,0.03962350,0.08517761,0.27565449,0.27883747,0.35797963,0.04871883,0.47411540,0.00277435,0.53857338,0.46914288,0.21950701,0.51094276
0.01046597,0.10152499,0.35331830,0.01296308,0.62597626,0.12584917,0.01045257,0.61439985,0.16489536,0.08015494,0.07505900,0.41523466,0.41797945,0.18077685,0.14386488,0.00355992,0.29268494,0.01770415,0.74417174,0.06666645,0.02247105,0.72118014,0.32759136,0.24727640,0.00154424,0.00142473,0.02085606,0.02429760,0.04595916,0.39185134,0.05402319,0.04347777,0.21824320,0.73073703,0.67664796,0.55098426,0.06257312,0.00512480,0.15041760,0.07434486,0.48273194,0.45789200,0.21397986,0.08242703,0.34544373,0.14899285,0.02364835,0.25357887,0.00997049,0.12863718,0.37235123,0.69904089,0.21967047,0.17059697,0.03749900,0.39678809,0.28838065,0.00074792,0.06642063,0.02875546,0.49231696,0.26800075,0.25105059,0.02140383,0.20166510,0.01643041,0.53357893,0.02085411,0.56920999,0.74107903,0.30672917,0.25760090,0.05933383,0.01671964,0.03388823,0.50338751,0.11277785,0.09125549,0.18126090,0.28070039,0.66720462,0.10793497,0.17869638,0.52728665,0.14595746,0.02232395,0.02373725,0.05364179,0.04764686,0.35218897,0.51786280,0.03024228,0.12925175,0.02196651,0.04595933,0.27770343,0.01405182,0.28443721,0.18714367,0.00394001,0.05164000,0.77710342,0.42682806,0.19088107,0.31921315,0.06851485,0.16771582,0.04607891,0.03988030,0.36254725,0.23669598,0.35221455,0.04842358,0.64001322,0.00289097,0.38654962,0.60748953,0.19207375,0.44967175
0.00743070,0.10436216,0.43393892,0.00879214,0.40016589,0.16177174,0.00741196,0.45018193,0.12280733,0.03830114,0.04793151,0.30061746,0.25999320,0.20227912,0.20498909,0.00334781,0.24868113,0.03128143,0.75467771,0.06746116,0.01827780,0.67571318,0.25260761,0.21039562,0.00199839,0.00185362,0.03741834,0.03522263,0.06564834,0.42274594,0.03652767,0.03193452,0.21796206,0.81287926,0.60052389,0.63183874,0.07726420,0.00589859,0.14761095,0.11768292,0.62085629,0.40189934,0.26264271,0.05886121,0.24059072,0.13736343,0.02581614,0.36940327,0.01898159,0.12763976,0.30998239,0.56395555,0.16010675,0.27047157,0.03422086,0.51726878,0.33961293,0.00077445,0.04413406,0.01841105,0.74130827,0.19966543,0.31072563,0.01307756,0.16689429,0.02792130,0.65293884,0.03375166,0.52735311,0.73718858,0.22680943,0.13993184,0.05186907,0.01157702,0.01731406,0.30947709,0.09082162,0.17184304,0.14332046,0.27826542,0.58128303,0.05928763,0.10555521,0.39915070,0.26422703,0.02024131,0.02759724,0.06103437,0.04820109,0.30125719,0.65444630,0.06400397,0.29498526,0.02102118,0.02615188,0.35373262,0.02078085,0.29965442,0.18404840,0.00290941,0.07414763,0.76152837,0.30388361,0.20036985,0.26680279,0.05506862,0.22411865,0.09076150,0.04260328,0.25393054,0.18632136,0.52794546,0.01770606,0.61651301,0.00196964,0.46773106,0.48272166,0.24569467,0.32326746
0.00788128,0.17146102,0.52941364,0.00695688,0.52918369,0.10427602,0.00929902,0.53225279,0.26324379,0.06155994,0.05599797,0.27396590,0.39233360,0.27246422,0.21849790,0.00626283,0.24518609,0.01336099,0.66507733,0.04669145,0.02939029,0.53143603,0.21503054,0.15384434,0.00181168,0.00106981,0.01579675,0.04256278,0.03885731,0.34929231,0.06196117,0.03799141,0.26945174,0.81027585,0.71916664,0.47715566,0.07927611,0.00628876,0.18158154,0.06228913,0.63838309,0.50016975,0.26862413,0.11942475,0.23772365,0.17956747,0.02221107,0.28486615,0.01719174,0.07785713,0.27759269,0.54527962,0.16514142,0.30352801,0.03058275,0.47542816,0.25433925,0.00137575,0.05841606,0.01953506,0.47903228,0.17918624,0.36754486,0.01576311,0.12991524,0.01483748,0.45668265,0.02219619,0.39260375,0.58421302,0.29034102,0.24643932,0.04778456,0.01892229,0.02743090,0.31340325,0.10442654,0.10407350,0.11204717,0.37540394,0.72661644,0.11357941,0.09510789,0.44162729,0.11341857,0.03376574,0.01936436,0.05577750,0.04652110,0.22010314,0.66857433,0.05752166,0.28946903,0.02470522,0.05018139,0.36096221,0.00845686,0.33992916,0.20849241,0.00446920,0.07923830,0.61670125,0.36002362,0.31682268,0.43818372,0.04551078,0.15889534,0.03713859,0.04117149,0.24521542,0.21764077,0.51606798,0.04390703,0.60389894,0.00197801,0.51589149,0.54108548,0.35131457,0.41541412
